R
Px,Ix,Dx,Py,Iy,Dy,Pz,Iz,FFrx,FFry,FFdrx,FFdry,satI,satPID,KFQAng,KFQbias,KFRmeas,CPx,CIx,CPy,CIy,CsatI,CsatPID,CFFdrx,CFFdry,CFalpha,IRelaxR,IRelaxE,DmaxR,DmaxE,DMx,DMy
58,70,47,58,1,47,250,0,0,0,0,0,2147483648,10000000,0.000100,0.003000,50,0,0,0,0,0,0,0,0,0.995,0,0,0,0,0,0
sysTickMs,PIDRefXi,PIDRefYi,PIDSensXi,PIDSensYi,PIDPoutXi,PIDIoutXi,PIDDoutXi,PIDUXi,PIDRefDotPT1Xi
11275,0,0,0,0,0,0,0,0,0
11280,0,0,0,0,0,0,0,0,0
11285,0,0,0,0,0,0,0,0,0
11290,0,0,0,0,0,0,0,0,0
11295,0,0,0,0,0,0,0,0,0
11300,0,0,0,0,0,0,0,0,0
11305,0,0,0,0,0,0,0,0,0
11310,0,0,0,0,0,0,0,0,0
11315,0,0,0,0,0,0,0,0,0
11320,0,0,0,0,0,0,0,0,0
11325,0,0,0,0,0,0,0,0,0
11330,0,0,0,0,0,0,0,0,0
11335,0,0,0,0,0,0,0,0,0
11340,0,0,0,0,0,0,0,0,0
11345,0,0,0,0,0,0,0,0,0
11350,0,0,0,0,0,0,0,0,0
11355,0,0,0,0,0,0,0,0,0
11360,0,0,0,0,0,0,0,0,0
11365,0,0,0,0,0,0,0,0,0
11370,0,0,0,0,0,0,0,0,0
11375,0,0,0,0,0,0,0,0,0
11380,0,0,0,0,0,0,0,0,0
11385,0,0,0,0,0,0,0,0,0
11390,0,0,0,0,0,0,0,0,0
11395,0,0,0,0,0,0,0,0,0
11400,0,0,0,0,0,0,0,0,0
11405,0,0,0,0,0,0,0,0,0
11410,0,0,0,0,0,0,0,0,0
11415,0,0,0,0,0,0,0,0,0
11420,0,0,0,0,0,0,0,0,0
11425,0,0,0,0,0,0,0,0,0
11430,0,0,0,0,0,0,0,0,0
11435,0,0,0,0,0,0,0,0,0
11440,0,0,0,0,0,0,0,0,0
11445,0,0,0,0,0,0,0,0,0
11450,0,0,0,0,0,0,0,0,0
11455,0,0,0,0,0,0,0,0,0
11460,0,0,0,0,0,0,0,0,0
11465,0,0,0,0,0,0,0,0,0
11470,0,0,0,0,0,0,0,0,0
11475,0,0,0,0,0,0,0,0,0
11480,0,0,0,0,0,0,0,0,0
11485,0,0,0,0,0,0,0,0,0
11490,0,0,0,0,0,0,0,0,0
11495,0,0,0,0,0,0,0,0,0
11500,0,0,0,0,0,0,0,0,0
11505,0,0,0,0,0,0,0,0,0
11510,0,0,0,0,0,0,0,0,0
11515,0,0,0,0,0,0,0,0,0
11520,0,0,0,0,0,0,0,0,0
11525,0,0,0,0,0,0,0,0,0
11530,0,0,0,0,0,0,0,0,0
11535,0,0,0,0,0,0,0,0,0
11540,0,0,0,0,0,0,0,0,0
11545,0,0,0,0,0,0,0,0,0
11550,0,0,0,0,0,0,0,0,0
11555,0,0,0,0,0,0,0,0,0
11560,0,0,0,0,0,0,0,0,0
11565,0,0,0,0,0,0,0,0,0
11570,0,0,0,0,0,0,0,0,0
11575,0,0,0,0,0,0,0,0,0
11580,0,0,0,0,0,0,0,0,0
11585,0,0,0,0,0,0,0,0,0
11590,0,0,0,0,0,0,0,0,0
11595,0,0,0,0,0,0,0,0,0
11600,0,0,0,0,0,0,0,0,0
11605,0,0,0,0,0,0,0,0,0
11610,0,0,0,0,0,0,0,0,0
11615,0,0,0,0,0,0,0,0,0
11620,0,0,0,0,0,0,0,0,0
11625,0,0,0,0,0,0,0,0,0
11630,0,0,0,0,0,0,0,0,0
11635,0,0,0,0,0,0,0,0,0
11640,0,0,0,0,0,0,0,0,0
11645,0,0,0,0,0,0,0,0,0
11650,0,0,0,0,0,0,0,0,0
11655,0,0,0,0,0,0,0,0,0
11660,0,0,0,0,0,0,0,0,0
11665,0,0,0,0,0,0,0,0,0
11670,0,0,0,0,0,0,0,0,0
11675,0,0,0,0,0,0,0,0,0
11680,0,0,0,0,0,0,0,0,0
11685,0,0,0,0,0,0,0,0,0
11690,0,0,0,0,0,0,0,0,0
11695,0,0,0,0,0,0,0,0,0
11700,0,0,0,0,0,0,0,0,0
11705,0,0,0,0,0,0,0,0,0
11710,0,0,0,0,0,0,0,0,0
11715,0,0,0,0,0,0,0,0,0
11720,0,0,0,0,0,0,0,0,0
11725,0,0,0,0,0,0,0,0,0
11730,0,0,0,0,0,0,0,0,0
11735,0,0,0,0,0,0,0,0,0
11740,0,0,0,0,0,0,0,0,0
11745,0,0,0,0,0,0,0,0,0
11750,0,0,0,0,0,0,0,0,0
11755,0,0,0,0,0,0,0,0,0
11760,0,0,0,0,0,0,0,0,0
11765,0,0,0,0,0,0,0,0,0
11770,0,0,0,0,0,0,0,0,0
11775,0,0,0,0,0,0,0,0,0
11780,0,0,0,0,0,0,0,0,0
11785,0,0,0,0,0,0,0,0,0
11790,0,0,0,0,0,0,0,0,0
11795,0,0,0,0,0,0,0,0,0
11800,0,0,0,0,0,0,0,0,0
11805,0,0,0,0,0,0,0,0,0
11810,0,0,0,0,0,0,0,0,0
11815,0,0,0,0,0,0,0,0,0
11820,0,0,0,0,0,0,0,0,0
11825,0,0,0,0,0,0,0,0,0
11830,0,0,0,0,0,0,0,0,0
11835,0,0,0,0,0,0,0,0,0
11840,0,0,0,0,0,0,0,0,0
11845,0,0,0,0,0,0,0,0,0
11850,0,0,0,0,0,0,0,0,0
11855,0,0,0,0,0,0,0,0,0
11860,0,0,0,0,0,0,0,0,0
11865,0,0,0,0,0,0,0,0,0
11870,0,0,0,0,0,0,0,0,0
11875,0,0,0,0,0,0,0,0,0
11880,0,0,0,0,0,0,0,0,0
11885,0,-9216,4096,-4096,-928,-2,2937,-3867,0
11890,0,-9216,10240,-6144,-1856,-28,3350,-5234,0
11895,0,-9216,9216,-8192,-2088,-57,2409,-4554,0
11900,0,-9216,7168,-10240,-1624,-85,114,-1823,0
11905,0,-9216,6144,-13312,-1392,-114,-941,-565,0
11910,0,-9216,5120,-9216,-1160,-138,-1676,378,0
11915,0,-9216,4096,-8192,-928,-160,-2077,989,0
11920,0,-9216,8192,-14336,-1160,-180,-792,-548,0
11925,0,-9216,6144,-3072,-1392,-198,263,-1853,0
11930,0,-9216,4096,-10240,-928,-217,-1194,49,0
11936,0,-9216,5120,-8192,-232,-236,-3328,2860,0
11941,0,-9216,3072,-10240,-696,-252,-1527,579,0
11946,0,-9216,7168,-8192,-1624,-271,1411,-3306,0
11951,0,-9216,7168,-8192,-1624,-296,768,-2688,0
11956,0,-9216,6144,-6144,-1392,-321,-414,-1299,0
11961,0,-9216,11264,-13312,-2552,-350,2776,-5678,0
11966,0,-9216,8192,-8192,-1856,-385,-241,-2000,0
11971,0,-9216,8192,-14336,-1856,-415,-425,-1846,0
11976,0,-9216,7168,-11264,-1624,-440,-689,-1375,0
11981,0,-9216,5120,-12288,-1624,-465,-241,-1848,0
11986,0,-9216,10240,-8192,-2320,-487,2340,-5147,0
11991,0,-9216,6144,-8192,-1392,-512,-976,-928,0
11996,0,-9216,9216,-13312,-2088,-537,1698,-4323,0
12001,0,-9216,0,-11264,0,-554,-4521,3967,0
12006,0,-9216,3072,-7168,-696,-570,-1745,479,0
12011,0,-9216,9216,-2048,-2088,-597,2076,-4761,0
12016,0,-9216,6144,-9216,-1392,-612,309,-2313,0
12021,0,-9216,13312,-13312,-3016,-633,5461,-9110,0
12026,0,-9216,20480,-11264,-4640,-686,7642,-12968,0
12031,0,-9216,17408,-2048,-3944,-731,4291,-8966,0
12036,0,-9216,4096,-5120,-928,-734,-1882,220,0
12041,0,-9216,16384,-10240,-3712,-775,5519,-10006,0
12046,0,-9216,19456,-11264,-4408,-847,3591,-8846,0
12051,0,-9216,0,-1024,0,-879,-8870,7991,0
12056,0,-9216,-7168,9216,1624,-865,-8251,9010,0
12061,0,-9216,1024,3072,-232,-858,-92,-998,0
12066,0,-9216,10240,-13312,-2320,-870,5794,-15388,0
12071,0,-9216,5120,-9216,-1160,-908,-884,-1184,0
12076,0,-9216,6144,0,-1392,-929,45,-2366,0
12081,0,-9216,11264,-1024,-2552,-953,-2754,1105,0
12086,0,-9216,17408,-12288,-3944,-977,7997,-12918,0
12091,0,-9216,13312,-15360,-3016,-1027,2008,-6051,0
12096,0,-9216,19456,-14336,-4408,-1082,4176,-9434,0
12101,0,-9216,9216,-20480,-2088,-1104,-792,-2400,0
12106,0,-9216,-5120,-29696,1160,-1124,-9960,9996,0
12111,0,-9216,18432,-34816,-4176,-1199,5783,-11854,0
12116,0,-9216,18432,-32768,-4176,-1279,183,-5638,0
12121,0,-9216,5120,-6144,-1160,-1327,-8251,5764,0
12126,0,-9216,4096,-4096,-928,-1346,-5405,3131,0
12131,0,-9216,4096,15360,-928,-1357,-2135,-150,0
12136,0,-9216,16384,-1024,-3712,-1355,9856,-14923,0
12141,0,-9216,18432,-16384,-4176,-1363,6712,-10863,0
12146,0,-9216,28672,2048,-6496,-1404,16030,-23930,0
12151,0,-9216,41984,-14336,-9512,-1550,13264,-24326,0
12156,0,-9216,44032,-9216,-8120,-1662,5565,-15347,0
12161,0,-9216,26624,-29696,-6032,-1784,-4246,-3570,0
12166,0,-9216,3072,4096,-696,-1852,-17476,14928,0
12171,0,-9216,-46080,-2048,10440,-1809,-40024,48655,0
12176,0,-9216,-30720,-9216,6960,-1817,-28194,33337,0
12181,0,-9216,34816,-58368,-7888,-1842,20814,-30544,0
12186,0,-9216,27648,-73728,-8816,-1938,16064,-26818,0
12191,0,-9216,37888,-34816,-8584,-2063,7940,-18587,0
12196,0,-9216,48128,-68608,-10904,-2184,13677,-26765,0
12201,0,-9216,-12288,2048,2784,-2298,-30913,31399,0
12206,0,-9216,14336,11264,-3248,-2383,-8515,2884,0
12211,0,-9216,10240,9216,-2320,-2436,-8515,3759,0
12216,0,-9216,18432,36864,-4176,-2557,-6713,-20,0
12221,0,-9216,-14336,38912,3248,-2547,-20999,21700,0
12226,0,-9216,4096,40960,-928,-2491,3430,-6849,0
12231,0,-9216,-48128,26624,10904,-2407,-28228,36725,0
12236,0,-9216,-29696,47104,6728,-2368,-14596,18956,0
12241,0,-9216,1024,31744,-232,-2315,9500,-12047,0
12246,0,-9216,-6144,-13312,1392,-2295,2352,-3255,0
12251,0,-9216,1024,1024,-232,-2304,4429,-6965,0
12256,0,-9216,30720,8192,-6960,-2312,24291,-33563,0
12261,0,-9216,-37888,14336,8584,-2291,-25899,32192,0
12266,0,-9216,1024,8192,-232,-2235,8227,-10694,0
12271,0,-9216,-10240,-17408,2320,-2198,355,-233,0
12276,0,-9216,-23552,1024,5336,-2171,-10121,13286,0
12281,0,-9216,16384,-12288,-3712,-2168,16718,-22598,0
12286,0,-9216,-13312,-5120,3016,-2189,-10190,11017,0
12291,0,-9216,-10240,-5120,2320,-2197,-8561,8684,0
12296,0,-9216,25600,-12288,-5800,-2203,18370,-26373,0
12301,0,-9216,5120,-10240,-1160,-2215,1904,-5279,0
12306,0,-9216,16384,11264,-3712,-2215,10304,-16231,0
12311,0,-9216,8192,24576,-1856,-2269,-873,-3252,0
12316,0,-9216,2048,16384,-464,-2287,-3661,910,0
12321,0,-9216,35840,-28672,-8120,-2307,22318,-32745,0
12326,0,-9216,11264,-23552,-2552,-2334,3614,-8500,0
12331,0,-9216,-6144,4096,1392,-2324,-6793,5861,0
12336,0,-9216,23552,3072,-5336,-2323,16833,-24492,0
12341,0,-9216,5120,-25600,-1160,-2305,5393,-8858,0
12346,0,-9216,12288,11264,-2784,-2310,9225,-14319,0
12351,0,-9216,9216,1024,-2088,-2328,5014,-9430,0
12356,0,-9216,19456,-27648,-4408,-2340,12449,-19197,0
12361,0,-9216,24576,-13312,-5568,-2371,7160,-13249,0
12366,0,-9216,-11264,19456,2552,-2376,-11108,11284,0
12371,0,-9216,5120,15360,-1160,-2381,1996,-5537,0
12376,0,-9216,0,-5120,0,-2395,-1171,-1689,0
12381,0,-9216,-5120,-9216,1160,-2404,-6151,4907,0
12386,0,-9216,14336,-17408,-3248,-2420,7676,-13344,0
12391,0,-9216,-5120,-2048,3016,-2436,-13472,14052,0
12396,0,-9216,-1024,-9216,232,-2451,-4189,1970,0
12401,0,-9216,-2048,-2048,464,-2467,-4820,2817,0
12406,0,-9216,7168,-5120,-1624,-2482,2386,-6492,0
12411,0,-9216,13312,-15360,-3016,-2552,1296,-6864,0
12416,0,-9216,6144,6144,-1392,-2566,-838,-3120,0
12421,0,-9216,11264,-30720,-2552,-2620,803,-5975,0
12426,0,-9216,5120,-17408,-1160,-2614,929,-4703,0
12431,0,-9216,6144,-7168,-1392,-2662,-2032,-2022,0
12436,0,-9216,8192,5120,-1856,-2688,298,-4842,0
12441,0,-9216,12288,4096,-2784,-2748,-23,-5509,0
12446,0,-9216,10240,32768,-2320,-2788,-1561,-742,0
12451,0,-9216,26624,21504,-6032,-2866,7814,-16712,0
12456,0,-9216,10240,41984,-2320,-2931,-5371,120,0
12461,0,-9216,36864,15360,-8352,-3027,12002,-23381,0
12466,0,-9216,24576,46080,-5568,-3102,2880,-11550,0
12471,0,-9216,26624,45056,-6032,-3206,1273,-10511,0
12476,0,-9216,46080,36864,-10440,-3307,15031,-28778,0
12481,0,-9216,30720,66560,-6960,-3404,2776,-13140,0
12486,0,-9216,26624,28672,-6032,-3506,-1527,-11012,0
12491,0,-9216,27648,68608,-6264,-3598,458,-10320,0
12496,0,-9216,25600,60416,-5800,-3666,1572,-11038,0
12501,0,-9216,-6144,27648,1392,-3705,-17740,6595,0
12506,0,-9216,5120,79872,-1160,-3726,-5049,163,0
12511,0,-9216,9216,73728,-2088,-3681,6506,-12275,0
12516,0,-9216,-34816,35840,7888,-3612,-13747,16631,0
12521,0,-9216,-36864,59392,8352,-3583,-20402,25171,0
12526,0,-9216,0,115712,0,-3484,12243,-15727,0
12531,0,-9216,-33792,100352,7656,-3341,14297,-15546,0
12536,0,-9216,-55296,62464,12528,-3250,-19909,29187,0
12541,0,-9216,-29696,95232,6728,-3203,-6908,10433,0
12546,0,-9216,19456,134144,-3248,-3080,28560,-34888,0
12551,0,-9216,-6144,173056,1392,-2951,18382,-19941,0
12556,6144,-9216,-60416,90112,15080,-2864,-23374,35590,360
12561,6144,-9216,-45056,39936,12528,-2769,-18463,28222,171
12566,6144,-9216,-17408,101376,5336,-2680,2294,362,86
12571,9216,-9216,2048,183296,1624,-2570,18187,-19133,222
12576,9216,-9216,-23552,173056,7424,-2430,5875,-2031,105
12581,12288,-9216,-33792,97280,10440,-2280,-4131,12291,182
12586,15360,-9216,-31744,48128,10672,-2115,114,8443,271
12591,15360,-9216,-41984,89088,12992,-1945,-1527,11199,130
12596,18432,-9216,-39936,158720,13224,-1782,-7367,18809,185
12601,30720,-9216,-25600,188416,12760,-1690,-5566,16636,813
12606,30720,-9216,20480,149504,7192,-1578,3901,1713,395
12611,39936,-9216,54272,90112,-3248,-1470,40023,-44741,570
12616,39936,-9216,41984,83968,-464,-1360,29971,-31795,295
12621,39936,-9216,20480,142336,4408,-1274,9443,-6309,140
12626,39936,-9216,-14336,256000,12296,-1165,-15835,26966,70
12631,49152,-9216,-28672,366592,17632,-1021,-23868,40479,540
12636,49152,-9216,-27648,392192,17400,-757,-13632,30275,263
12641,49152,-9216,-65536,374784,25984,-464,-32256,57776,135
12646,49152,-9216,-63488,285696,25520,-124,-20804,46200,68
12651,49152,-9216,-64512,290816,25752,253,-16122,42127,30
12656,46080,-9216,-33792,277504,18096,561,6242,12415,-110
12661,46080,-9216,-13312,303104,13456,851,19357,-5050,-61
12666,46080,-9216,-16384,371712,14152,1171,16385,-1062,-34
12671,55296,-9216,-5120,346112,13688,1493,25244,-10063,323
12676,67584,-9216,-21504,308224,20184,1854,16213,5825,841
12681,67584,-9216,-25600,277504,21112,2262,13218,10156,408
12686,67584,-9216,-49152,245760,26448,2632,-4143,33223,210
12691,116736,-12288,-59392,248832,39904,3054,-11934,54892,2806
12696,116736,-12288,-52224,211968,38280,3657,-5967,47904,1376
12701,116736,-12288,-26624,236544,32480,4172,9523,27129,718
12706,116736,-12288,-13312,263168,29464,4622,10935,23151,373
12711,116736,-12288,7168,248832,24824,5034,13241,16617,180
12716,234496,-18432,21504,280576,48256,5690,9386,44560,4483
12721,256000,-18432,62464,278528,43848,6334,23729,26453,3454
12726,256000,-18432,124928,249856,29696,6926,44131,-7509,1695
12731,256000,-18432,179200,278528,17400,7291,55158,-30467,885
12736,318464,-43008,222208,256000,21808,7548,52071,-22715,3677
12741,318464,-43008,265216,226304,12064,7849,52565,-32652,1804
12746,318464,-43008,281600,215040,8352,8037,43213,-26824,943
12751,318464,-43008,276480,184320,9512,8147,18956,-1297,492
12756,318464,-43008,292864,168960,5800,8218,15123,-1105,239
12761,358400,-58368,279552,141312,17864,8449,275,26038,1518
12766,384000,-61440,278528,87040,23896,8709,-3718,36323,2110
12771,384000,-61440,289792,79872,21344,9050,2249,28145,1035
12776,384000,-61440,296960,67584,19720,9305,424,28601,540
12781,439296,-67584,337920,86016,22968,9587,15812,16743,2766
12786,439296,-67584,355328,69632,19024,9798,8215,20607,1447
12791,471040,-67584,379904,65536,20648,10015,4394,26269,1865
12796,471040,-67584,378880,35840,20880,10240,-10374,41494,914
12801,471040,-67584,369664,-8192,22968,10448,-23317,56733,476
12806,615424,-76800,358400,-18432,58232,11182,-32175,101589,5295
12811,631808,-73728,326656,-75776,69136,12117,-46840,128093,3342
12816,631808,-73728,368640,-87040,59624,12958,-15124,87706,1749
12821,631808,-73728,377856,-97280,57536,13754,-12932,84222,914
12826,759808,-73728,423936,-177152,80736,14838,-3604,99178,6240
12831,759808,-73728,431104,-188416,74472,15905,1881,88496,3269
12836,759808,-73728,478208,-190464,63800,16872,18164,62508,1711
12841,863232,-73728,513024,-193536,83288,18027,8445,92870,5519
12846,863232,-73728,546816,-218112,71688,19104,22582,68210,2891
12851,863232,-73728,587776,-206848,62408,20059,27768,54699,1514
12856,947200,-76800,604160,-221184,77720,21222,16557,82385,4304
12861,984064,-79872,632832,-200704,79576,22302,17636,84242,4557
12866,984064,-79872,653312,-191488,74936,23448,17487,80897,2386
12871,984064,-79872,679936,-199680,68904,24615,19001,74518,1170
12876,984064,-79872,737280,-199680,55912,25516,36902,44526,609
12881,984064,-79872,793600,-184320,43152,26237,47390,21999,315
12886,1138688,-98304,836608,-179200,68440,27215,42869,52786,6710
12891,1138688,-98304,873472,-177152,60088,28135,37487,50736,3515
12896,1138688,-98304,899072,-162816,54288,28981,32060,51209,1841
12901,1138688,-98304,915456,-177152,50576,29815,20528,59863,900
12906,1220608,-104448,934912,-167936,64728,30564,18715,76577,5268
12911,1220608,-104448,949248,-173056,61480,31492,15375,77597,2758
12917,1208320,-104448,966656,-219136,54752,32425,14767,72410,830
12922,1208320,-104448,980992,-220160,51504,33206,13941,70769,433
12927,1208320,-104448,984064,-208896,50808,33930,20941,58530,210
12932,1197056,-104448,1025024,-229376,38976,34617,20424,53169,-342
12937,1197056,-104448,1045504,-203776,34336,35129,18347,51118,-183
12942,1197056,-104448,1071104,-211968,25288,35571,26644,34215,-94
12947,1197056,-116736,1101824,-176128,21576,35880,20114,37342,-54
12952,1208320,-113664,1118208,-132096,20416,36079,9914,46581,629
12957,1208320,-113664,1139712,-83968,15544,36251,16569,31746,305
12962,1208320,-116736,1159168,-94208,11136,36322,1629,45829,157
12967,1197056,-113664,1172480,-52224,5568,36309,-5772,47649,-540
12972,1197056,-113664,1186816,-59392,1392,36206,-7631,45229,-270
12977,1184768,-113664,1198080,-32768,-3016,36005,-17040,50029,-633
12982,1173504,-113664,1202176,-7168,-6496,35752,-25658,54914,-955
12987,1173504,-113664,1207296,7168,-7656,35481,-30420,59637,-473
12992,1173504,-113664,1192960,-7168,-4408,35226,-38498,69316,-252
12997,1173504,-113664,1203200,0,-6728,34974,-32026,60272,-136
13002,1173504,-113664,1208320,-23552,-7888,34710,-27689,54511,-71
13007,1138688,-101376,1227776,-10240,-20184,34326,-16742,30884,-1338
13012,1127424,-98304,1242112,6144,-25984,33880,-12611,20507,-1324
13017,1127424,-98304,1246208,-41984,-26912,33335,-15537,21960,-655
13022,1084416,-98304,1250304,-49152,-37584,32695,-16478,11589,-1951
13027,1094656,-95232,1267712,-72704,-39208,32047,-6105,-1056,-465
13032,1094656,-95232,1240064,-113664,-32944,31415,-22927,21398,-232
13037,1094656,-95232,1245184,-153600,-34104,30859,-15136,11891,-125
13042,1116160,-95232,1241088,-188416,-28304,30395,-9857,11948,1038
13047,1116160,-95232,1228800,-196608,-25520,29963,-11475,15918,507
13052,1127424,-95232,1232896,-229376,-23896,29634,-1733,7471,682
13057,1127424,-95232,1233920,-239616,-24128,29350,6643,9600,332
13062,1127424,-95232,1221632,-236544,-21344,29058,4188,3526,171
13067,1127424,-101376,1221632,-218112,-21344,28835,11348,-3857,86
13072,1127424,-113664,1220608,-196608,-19024,28601,8950,627,39
13077,1127424,-113664,1218560,-181248,-20648,28407,18760,-11001,16
13082,1127424,-113664,1219584,-159744,-20880,28206,21549,-14223,6
13087,1127424,-113664,1231872,-147456,-24128,27951,29960,-26137,0
13092,1127424,-113664,1235968,-118784,-24592,27698,28193,-25087,0
13097,1094656,-129024,1252352,-100352,-35728,27298,35800,-44230,-1149
13102,1094656,-129024,1254400,-79872,-36192,26813,31497,-40876,-569
13107,1094656,-129024,1243136,-68608,-33640,26398,22145,-29387,-302
13112,974848,-132096,1224704,-76800,-56608,25599,11027,-42036,-4351
13117,974848,-132096,1209344,-51200,-53128,24771,6368,-34725,-2142
13122,974848,-132096,1165312,-72704,-43152,24105,-14562,-4485,-1126
13127,974848,-132096,1136640,-113664,-36656,23502,-22950,9796,-594
13132,974848,-132096,1115136,-89088,-31784,22920,-23351,14487,-296
13137,974848,-132096,1097728,-144384,-27840,22453,-22996,17609,-159
13142,974848,-132096,1069056,-183296,-21344,22054,-30557,31267,-88
13147,636928,-138240,1056768,-183296,-95120,20984,-25612,-48524,-15343
13152,636928,-138240,1039360,-227328,-91176,19543,-26312,-45321,-8051
13157,636928,-138240,1033216,-252928,-89784,18139,-20815,-50830,-4227
13162,636928,-138240,1000448,-260096,-82360,16689,-29857,-35814,-2082
13167,518144,-138240,980992,-259072,-104864,15427,-27402,-62035,-8519
13172,518144,-138240,943104,-221184,-96280,13914,-34998,-47368,-4471
13177,518144,-138240,903168,-223232,-87232,12387,-40689,-34156,-2203
13182,435200,-135168,855040,-193536,-95120,11115,-49376,-34629,-6343
13187,435200,-135168,816128,-181248,-86304,9730,-49513,-27061,-3330
13192,428032,-132096,766976,-198656,-76792,8364,-52474,-15954,-1946
13197,428032,-132096,739328,-217088,-70528,7266,-41963,-21299,-1024
13202,428032,-132096,704512,-245760,-62640,6331,-34723,-21586,-540
13207,428032,-132096,655360,-242688,-51504,5473,-35457,-10574,-270
13212,321536,-132096,617472,-258048,-67048,4826,-29559,-32663,-6802
13217,321536,-132096,584704,-240640,-59624,3987,-21722,-33915,-3571
13222,321536,-132096,530432,-194560,-47792,3221,-26610,-17961,-1759
13227,321536,-132096,483328,-167936,-36656,2674,-32382,-1600,-927
13232,321536,-132096,449536,-134144,-29000,2255,-27792,1047,-490
13237,162816,-159744,408576,-114688,-56608,1537,-26140,-28931,-6979
13242,162816,-159744,385024,-95232,-50344,801,-21619,-27924,-3663
13247,162816,-159744,357376,-130048,-44080,157,-19783,-24140,-1926
13252,162816,-159744,335872,-114688,-39440,-461,-13231,-26670,-951
13257,172032,-269312,324608,-180224,-34568,-909,-1320,-34157,38
13262,172032,-269312,301056,-238592,-29232,-1246,1308,-31786,16
13267,172032,-305152,271360,-267264,-25984,-1532,10820,-38336,5
13272,172032,-334848,257024,-260096,-19256,-1691,8215,-29162,0
13277,172032,-334848,223232,-261120,-11600,-1768,2191,-15559,0
13282,172032,-376832,197632,-248832,-9976,-1797,13218,-24991,0
13287,172032,-376832,192512,-233472,-4640,-1748,10728,-17116,0
13292,172032,-376832,177152,-247808,-1160,-1682,9523,-12365,0
13297,162816,-527360,160768,-286720,-1856,-1606,13230,-16692,-370
13302,162816,-527360,155648,-282624,1624,-1513,8651,-8540,-198
13307,162816,-527360,137216,-349184,5800,-1382,2558,1860,-107
13312,162816,-527360,131072,-365568,3480,-1209,17326,-15055,-57
13317,162816,-527360,137216,-436224,5800,-995,18485,-13680,-33
13322,162816,-527360,119808,-512000,9744,-742,14435,-5433,-22
13327,107520,-589824,103424,-514048,-3712,-588,25358,-29658,-2214
13332,107520,-589824,109568,-552960,-464,-457,23190,-24111,-1164
13337,107520,-589824,90112,-566272,3944,-278,17705,-14039,-614
13342,58368,-584704,72704,-567296,-8816,-231,28434,-37481,-2139
13347,43008,-579584,70656,-540672,-6264,-194,14974,-21432,-1969
13352,43008,-579584,58368,-547840,-3480,-190,9856,-13526,-1035
13357,43008,-579584,35840,-520192,-1392,-158,7963,-9513,-512
13362,27648,-584704,43008,-545792,-3480,-100,9959,-13539,-1115
13367,27648,-584704,24576,-590848,696,-36,3866,-3206,-589
13372,18432,-579584,20480,-586752,-3016,45,17751,-20722,-637
13377,18432,-579584,18432,-645120,0,176,18600,-18424,-338
13382,18432,-579584,-4096,-685056,5104,366,12966,-7496,-181
13387,6144,-579584,-17408,-707584,5336,575,23259,-20364,-551
13392,3072,-584704,-23552,-677888,6032,819,20092,-13241,-450
13397,3072,-584704,-38912,-668672,9512,1098,19242,-8632,-240
13402,3072,-584704,-65536,-629760,11832,1413,18405,-5160,-121
13407,0,-569344,-62464,-609280,14152,1735,15421,466,-225
13412,0,-569344,-67584,-601088,15312,2054,15766,1600,-121
13417,0,-564224,-72704,-609280,16472,2382,22111,-5556,-63
13422,0,-555008,-71680,-594944,16240,2743,17705,1278,-37
13427,0,-555008,-60416,-646144,13688,3086,28101,-11327,-24
13432,0,-540672,-68608,-695296,15544,3456,22811,-3323,-15
13437,0,-518144,-66560,-683008,15080,3865,29661,-10716,-15
13442,0,-518144,-69632,-721920,15776,4274,32060,-12010,-15
13447,0,-518144,-77824,-732160,17632,4723,34274,-13775,-15
13452,0,-518144,-75776,-716800,17168,5158,33551,-11225,-15
13457,0,-518144,-77824,-714752,17632,5597,34951,-11722,-15
13462,0,-518144,-87040,-695296,19720,6020,28181,-10312,-15
13467,0,-337920,-76800,-668672,17400,6443,31669,-7826,-15
13472,0,-337920,-87040,-645120,19720,6830,22134,4416,-15
13477,0,-337920,-82944,-625664,18792,7190,20780,4998,-15
13482,0,-337920,-75776,-615424,17168,7554,20906,3816,-15
13487,0,-337920,-56320,-604160,12760,7846,28399,-7793,-15
13492,0,-337920,-54272,-599040,12296,8106,22593,15684,-15
13497,0,-337920,-65536,-572416,14848,8363,6632,16579,-15
13502,0,-337920,-55296,-575488,12528,8573,8376,12725,-15
13507,0,-337920,-34816,-582656,7888,8757,17820,-1175,-15
13512,0,-269312,-53248,-584704,12064,8963,1135,19892,-15
13517,0,-269312,-44032,-589824,9976,9145,6356,12765,-15
13522,0,-269312,-45056,-584704,10208,9336,6012,15859,-15
13527,0,-263168,-54272,-577536,12296,9559,1181,20674,-15
13532,0,-263168,-64512,-563200,14616,9804,-953,25373,-15
13537,0,-259072,-77824,-555008,17632,10075,-5015,32438,-15
13542,0,-252928,-74752,-526336,16936,10402,4107,23231,-15
13547,0,-252928,-97280,-513024,22040,10729,-6438,39207,-15
13552,0,-208896,-102400,-507904,23200,11074,-4464,38738,-15
13557,0,-196608,-89088,-458752,20184,11478,11554,20108,-15
13562,0,-196608,-91136,-448512,20648,11867,14962,17553,-15
13567,0,-196608,-90112,-456704,20416,12258,18806,13868,-15
13572,0,-196608,-66560,-397312,15080,12691,38061,-10290,-15
13577,0,-138240,-75776,-409600,17168,13112,34343,-4063,-15
13582,0,-138240,-84992,-414720,19256,13559,48296,-21260,-15
13587,0,-138240,-71680,-375808,16240,14038,42375,-12097,-15
13592,0,-113664,-75776,-393216,17168,14526,44280,-12586,-15
13597,0,-113664,-83968,-404480,19024,15025,41756,11373,-15
13602,0,-95232,-111616,-367616,25288,15587,23729,17146,-15
13607,0,-95232,-113664,-379904,25752,16125,26024,15853,-15
13612,0,-95232,-112640,-380928,29928,16704,12771,33861,-15
13617,0,-95232,-134144,-334848,30392,17238,12472,35158,-15
13622,0,-70656,-133120,-333824,30160,17765,13379,34546,-15
13627,0,-70656,-124928,-248832,32480,18330,4176,46634,-15
13632,0,-70656,-133120,-245760,30160,18832,10499,38493,-15
13637,0,-58368,-128000,-236544,29000,19342,14584,33758,-15
13642,0,-58368,-123904,-126976,28072,19898,17257,30713,-15
13647,0,-58368,-113664,-112640,25752,20406,24716,21442,-15
13652,0,-58368,-109568,-104448,24824,20896,25806,19914,-15
13657,0,-58368,-103424,-41984,23432,21423,27607,17248,-15
13662,0,-49152,-99328,-37888,22504,21913,30040,14377,-15
13667,0,-49152,-99328,-35840,22504,22406,29822,15088,-15
13672,0,-49152,-128000,-22528,29000,22951,8089,43862,-15
13677,0,-49152,-130048,-26624,29464,23446,6024,46886,-15
13682,0,-49152,-129024,-23552,29232,23940,6253,46919,-15
13687,0,-49152,-157696,-50176,35728,24482,-15239,75449,-15
13692,0,-49152,-149504,-50176,33872,24953,-11039,69864,-15
13697,0,-49152,-132096,-57344,29928,25404,-873,94873,-15
13702,0,-49152,-161792,-107520,36656,25890,-25486,88032,-15
13707,0,-52224,-154624,-107520,35032,26313,-22594,83939,-15
13712,0,-52224,-149504,-150528,37816,26783,-32129,96728,-15
13717,0,-52224,-158720,-150528,35960,27194,-27184,90338,-15
13722,0,-21504,-150528,-145408,34104,27607,-21550,83261,-15
13727,0,-21504,-149504,-174080,33872,28090,-18945,80907,-15
13732,0,-21504,-155648,-158720,35264,28542,-20242,84048,-15
13737,0,-15360,-152576,-151552,34568,29017,-13919,77504,-15
13742,0,-12288,-149504,-145408,33872,29558,-7505,70935,-15
13747,0,-12288,-147456,-122880,33408,30060,-3236,66704,-15
13752,0,-12288,-140288,-101376,31784,30564,3419,58929,-15
13757,0,-12288,-135168,-62464,30624,31115,7183,54556,-15
13762,0,-12288,-133120,-38912,30160,31593,5920,55833,-15
13767,0,-9216,-131072,-16384,29696,32062,4991,56767,-15
13772,0,-9216,-120832,-8192,27376,32519,-10718,76928,-15
13777,0,-9216,-146432,26624,33176,33027,-10810,77013,-15
13782,0,-9216,-135168,39936,30624,33464,-5244,69332,-15
13787,0,-9216,-130048,47104,29464,33947,-19794,88309,-15
13792,0,-9216,-140288,61440,31784,34369,-12737,78890,-15
13797,0,-9216,-143360,67584,32480,34788,-16627,83895,-15
13802,0,-12288,-139264,57344,35032,35260,-24522,94814,-15
13807,0,-12288,-155648,50176,35264,35689,-24740,95693,-15
13812,0,-12288,-154624,61440,35032,36117,-24200,95349,-15
13817,0,-9216,-147456,52224,37120,36602,-29284,103006,-15
13822,0,-9216,-168960,26624,38280,37040,-32439,107759,-15
13827,0,-9216,-165888,11264,37584,37487,-28767,103838,-15
13832,0,-9216,-171008,-26624,38744,37992,-30592,107328,-15
13837,0,-9216,-176128,-40960,39904,38450,-33093,111447,-15
13842,0,-9216,-175104,-41984,39672,38926,-30030,108628,-15
13847,0,-9216,-175104,-86016,39672,39483,-25268,104423,-15
13852,0,-9216,-180224,-96256,40832,40001,-25394,106227,-15
13857,0,-9216,-172032,-96256,38976,40517,-17671,97164,-15
13862,0,-9216,-175104,-136192,39672,41111,-16375,97158,-15
13867,0,-9216,-185344,-118784,41992,41662,-21056,104710,-15
13872,0,-9216,-190464,-68608,43152,42220,-22605,100831,-15
13878,0,-9216,-181248,-91136,41064,42837,-13862,97763,-15
13883,0,-9216,-184320,-31744,41760,43377,-17625,102762,-15
13888,0,-9216,-175104,18432,39440,43948,-12955,96343,-15
13893,0,-9216,-167936,7168,38048,44418,-14975,97441,-15
13898,0,-9216,-155648,27648,35264,44840,-14562,94666,-15
13903,0,-9216,-148480,5120,33640,45279,-17499,96418,-15
13908,0,-9216,-129024,17408,29232,45628,-11555,86415,-15
13913,0,-9216,-116736,36864,26448,45960,-9123,81531,-15
13918,0,-9216,-115712,17408,26216,46325,-12542,85083,-15
13923,0,-9216,-96256,13312,21808,46649,-620,69077,-15
13928,0,-9216,-83968,26624,19024,46994,9053,56965,-15
13933,0,-9216,-101376,12288,22968,47399,-941,71308,-15
13938,0,-9216,-95232,16384,21576,47803,8869,60510,-15
13943,0,-6144,-94208,-6144,21344,48231,15387,54188,-15
13948,0,-6144,-99328,5120,22504,48691,14538,56657,-15
13953,3072,-9216,-131072,-34816,30392,49151,-4808,84351,118
13958,3072,-9216,-130048,-87040,30160,49622,-264,80046,59
13963,3072,-9216,-129024,-110592,29928,50119,206,79841,26
13968,0,-6144,-115712,-130048,26216,50554,9064,67706,-120
13973,0,-3072,-110592,-71680,25056,50953,8766,67243,-67
13978,0,-3072,-104448,-28672,23664,51359,7814,67209,-37
13983,0,-3072,-86016,16384,19488,51689,15398,55779,-24
13988,0,-6144,-94208,-18432,21344,51976,1170,72150,-15
13993,0,-6144,-86016,-60416,19488,52257,-333,72078,-15
13998,0,-6144,-70656,-141312,16008,52486,4406,64088,-15
14003,0,-6144,-64512,-120832,14616,52695,2937,64374,-15
14008,0,-6144,-49152,-77824,11136,52921,10671,53386,-15
14013,0,-6144,-49152,6144,11136,53127,9007,55256,-15
14018,0,-6144,-53248,38912,12064,53360,9592,55385,-15
14023,0,-6144,-80896,9216,18328,53640,-7585,79553,-15
14028,0,-6144,-106496,-87040,24128,53913,-23110,101151,-15
14033,0,-6144,-95232,-142336,21576,54241,-21860,101157,-15
14038,0,-6144,-98304,-120832,22272,54579,-7769,84620,-15
14043,0,-6144,-97280,-79872,22040,54998,4979,72059,-15
14048,0,-6144,-139264,-15360,31552,55460,-14539,79424,-15
14053,0,-6144,-175104,29696,39672,55982,-32841,128495,-15
14058,0,-6144,-179200,74752,40600,56432,-35354,132386,-15
14063,0,-3072,-121856,67584,27608,56889,6735,106263,-15
14068,0,-3072,-104448,80896,23664,57417,20918,60163,-15
14073,0,-3072,-58368,5120,13224,57895,57258,13861,-15
14078,0,-6144,-112640,-66560,18096,58368,38520,37944,-15
14083,0,-6144,-141312,-81920,32016,58749,-11877,102642,-15
14088,0,-3072,-132096,-86016,29928,59037,-18635,107600,-15
14093,0,-3072,-76800,10240,17400,59312,-4992,85880,-15
14098,0,-3072,-37888,54272,8584,59533,27906,40211,-15
14103,0,-3072,-16384,83968,3712,59747,38726,24733,-15
14108,0,-6144,-44032,47104,7656,59942,19736,47862,-15
14113,0,-6144,-62464,1024,14152,60108,-5267,79527,-15
14118,0,-6144,-54272,-100352,12296,60251,-3822,76369,-15
14123,0,-6144,-40960,-110592,12064,60422,-5049,77535,-15
14128,0,-6144,-27648,-102400,6264,60603,15857,51010,-15
14133,0,-6144,-48128,-44032,10904,60820,5920,65804,-15
14138,0,-6144,-77824,10240,17632,61076,-4384,81236,-15
14143,0,-6144,-100352,26624,22736,61342,-21229,105307,-15
14148,0,-6144,-124928,-6144,28304,61619,-35824,125747,-15
14153,0,-6144,-131072,-29696,29696,61980,-32887,124563,-15
14158,0,-6144,-141312,-58368,32016,62349,-33587,127952,-15
14163,0,-6144,-130048,-60416,29464,62751,-18360,110575,-15
14168,0,-6144,-138240,-34816,31320,63236,-16891,111447,-15
14173,0,-6144,-129024,7168,29232,63713,-2525,95470,-15
14178,0,-6144,-123904,26624,28072,64237,10556,81753,-15
14183,0,-6144,-142336,19456,32248,64835,4245,92838,-15
14188,0,-6144,-171008,24576,38744,65409,-10408,114561,-15
14193,0,-6144,-166912,10240,37816,66016,-9788,116698,-15
14198,0,-6144,-176128,15360,39904,66722,149,106477,-15
14203,0,-6144,-177152,84992,40136,67405,6873,100668,-15
14208,0,-6144,-177152,146432,40832,68183,11486,97529,-15
14213,0,-6144,-177152,151552,40136,68918,20321,88733,-15
14218,-4096,-9216,-184320,163840,40832,69689,23350,87171,-271
14223,-4096,-9216,-236544,136192,52664,70527,13046,103185,-137
14228,-4096,-9216,-252928,108544,56376,71313,-16811,144500,-75
14233,0,-9216,-266240,62464,60320,72053,-29020,161393,213
14238,0,-9216,-252928,56320,57304,72889,-21412,151837,101
14243,0,-9216,-230400,54272,52200,73609,-9169,134978,49
14248,0,-9216,-207872,75776,47096,74301,1491,119906,22
14253,0,-9216,-181248,90112,41064,75038,15708,100394,8
14258,-4096,-9216,-185344,76800,41064,75662,6643,110083,-174
14263,-4096,-9216,-189440,29696,41992,76235,-3477,121704,-94
14268,-4096,-9216,-222208,40960,45704,76830,-22996,145530,-51
14273,0,-9216,-217088,21504,49184,77324,-41217,167725,144
14278,0,-9216,-176128,-27648,39904,77805,-18957,136666,73
14283,0,-9216,-158720,-30720,35960,78354,-9708,124022,32
14288,0,-9216,-131072,-14336,29696,78851,8938,99609,14
14293,0,-9216,-118784,-26624,26912,79359,18738,87533,4
14298,0,-9216,-121856,-34816,27608,79940,19197,88351,0
14303,0,-9216,-129024,-36864,29232,80476,16580,93128,0
14308,0,-9216,-156672,-39936,35496,81028,-632,117156,0
14313,0,-9216,-176128,-50176,39904,81645,-12382,133931,0
14318,0,-9216,-184320,-73728,41760,82236,-14436,138432,0
14323,0,-12288,-168960,-81920,38280,82871,3293,140357,0
14328,0,-12288,-176128,-94208,39904,83620,5840,117684,0
14333,0,-12288,-172032,-51200,38976,84351,18221,105106,0
14338,0,-12288,-189440,4096,41296,85162,17143,109315,0
14343,0,-12288,-199680,15360,45240,85919,9684,121475,0
14348,0,-12288,-206848,35840,46864,86679,7940,125603,0
14353,0,-12288,-203776,16384,46168,87510,11945,121733,0
14358,0,-12288,-232448,28672,52664,88273,-8228,149165,0
14363,0,-12288,-216064,8192,48952,89002,1181,136773,0
14368,0,-12288,-210944,-7168,47792,89802,2444,135150,0
14373,0,-12288,-197632,45056,44776,90515,9374,125917,0
14378,0,-12288,-173056,100352,39208,91215,24854,113957,0
14383,0,-12288,-163840,123904,37120,91959,27493,101586,0
14388,0,-12288,-146432,118784,33176,92615,37017,88774,0
14393,0,-12288,-158720,126976,35960,93317,24521,104756,0
14398,0,-12288,-176128,87040,39904,93930,7504,126330,0
14403,0,-12288,-174080,50176,39440,94490,1147,132783,0
14408,0,-12288,-154624,63488,35032,95070,6792,123310,0
14413,0,-12288,-124928,75776,28304,95562,20229,103637,0
14418,0,-12288,-77824,83968,17632,96035,49065,64602,0
14423,0,-9216,-67584,113664,15312,96507,48331,63488,0
14428,0,-9216,-54272,70656,12296,96903,52129,57070,0
14433,0,-9216,-65536,25600,14848,97262,37579,53704,0
14438,0,-12288,-70656,40960,16008,97581,22995,90594,0
14443,0,-12288,-73728,8192,16704,97826,10418,104112,0
14448,0,-12288,-46080,-20480,10440,98052,23821,84671,0
14453,0,-12288,-19456,-11264,4408,98267,34894,67781,0
14458,0,-12288,-14336,12288,3248,98468,35112,66604,0
14463,0,-12288,-8192,29696,1856,98679,40172,62879,0
14468,0,-12288,-19456,54272,4408,98906,32083,71231,0
14473,0,-9216,-49152,97280,11136,99128,11864,98400,0
14478,0,-9216,-64512,112640,14616,99345,1193,93536,0
14483,0,-9216,-52224,106496,11832,99588,11268,100152,0
14488,0,-9216,-69632,104448,15776,99831,872,114735,0
14493,0,-9216,-96256,95232,21808,100081,-17040,111805,0
14498,0,-9216,-83968,73728,19024,100354,-6541,125919,0
14503,0,-9216,-90112,78848,20416,100599,-11498,132513,0
14508,0,-9216,-81920,64512,18560,100831,-7390,126781,0
14513,0,-9216,-58368,65536,13224,101074,7607,106691,0
14518,0,-9216,-51200,79872,11600,101284,10648,102236,0
14523,0,-9216,-51200,53248,11600,101483,9041,104042,0
14528,0,-9216,-49152,43008,11136,101698,9799,103035,0
14533,0,-9216,-97280,62464,22040,101901,-25566,149507,0
14538,0,-9216,-123904,47104,28072,102116,-28939,155219,0
14543,0,-9216,-124928,44032,28304,102405,-40988,171697,0
14548,0,-9216,-123904,-16384,28072,102674,-37132,167878,0
14553,0,-9216,-105472,-65536,23896,102974,-19094,159308,0
14558,0,-9216,-99328,-79872,22504,103315,-11200,137019,0
14563,0,-9216,-80896,-114688,18328,103591,757,121162,0
14568,0,-12288,-63488,-120832,14384,103830,8973,109825,0
14573,0,-12288,-58368,-108544,13224,104044,5496,111772,0
14578,0,-12288,-50176,-149504,11368,104198,4417,111149,0
14583,0,-12288,-55296,-208896,12528,104327,-5635,107663,0
14588,0,-12288,-57344,-218112,12992,104452,-11969,129413,0
14593,0,-12288,-64512,-272384,14616,104556,-20574,139746,0
14598,0,-12288,-60416,-260096,14152,104700,-18211,137063,0
14603,0,-12288,-60416,-253952,13688,104843,-15468,133999,0
14608,0,-12288,-52224,-181248,11832,105005,-6851,123688,0
14613,0,-12288,-53248,-154624,9280,105197,4348,110129,0
14618,0,-12288,-57344,-91136,12992,105386,-4487,122865,0
14623,0,-12288,-72704,-63488,16472,105585,-12554,134611,0
14628,0,-9216,-113664,-57344,25752,105775,-42755,154258,0
14633,0,-9216,-107520,-62464,24360,105971,-38957,169288,0
14638,0,-9216,-88064,-43008,19952,106113,-29467,155532,0
14643,0,-9216,-58368,-13312,17400,106260,-25428,149088,0
14648,0,-9216,-51200,14336,11600,106371,-10878,128849,0
14653,0,-9216,-29696,41984,6728,106464,1032,112160,0
14658,0,-9216,-19456,17408,5336,106552,2008,109880,0
14663,0,-9216,-21504,-3072,4872,106617,940,110549,0
14668,0,-9216,-38912,-59392,8816,106661,-15549,131026,0
14673,0,-9216,-68608,-63488,15544,106690,-41527,163761,0
14678,0,-9216,-39936,-110592,9048,106680,-27746,143474,0
14683,0,-9216,0,-140288,0,106667,-1825,108492,0
14688,0,-9216,29696,-114688,-6728,106658,9891,92591,0
14693,0,-9216,25600,-113664,-5800,106668,16741,84127,0
14698,0,-9216,14336,-102400,-3248,106693,11451,91994,0
14703,0,-9216,3072,-132096,-3712,106731,16374,86645,0
14708,0,-9216,-8192,-129024,1856,106778,1285,107349,0
14713,0,-9216,-41984,-112640,9512,106851,-19324,135687,0
14718,0,-9216,-53248,-148480,12760,106949,-25795,145504,0
14723,0,-9216,-52224,-139264,11832,107034,-22078,140944,0
14728,0,-9216,-27648,-106496,6264,107135,-2272,115671,0
14733,0,-9216,-20480,-129024,4640,107265,5347,106558,0
14738,0,-9216,-13312,-71680,3016,107394,13023,97387,0
14743,0,-9216,-3072,-40960,696,107511,21549,86658,0
14748,0,-9216,-19456,-56320,4408,107614,7550,104472,0
14753,0,-9216,-34816,-32768,7888,107695,-5956,121539,0
14758,0,-9216,-43008,-47104,9744,107745,-16662,134151,0
14763,0,-9216,-41984,-56320,9512,107784,-20815,138111,0
14768,0,-9216,-1024,-23552,232,107800,5129,102903,0
14773,0,-9216,34816,32768,-7888,107813,28858,71067,0
14778,0,-9216,24576,58368,-5568,107809,17533,84708,0
14783,0,-9216,44032,66560,-9976,107794,30029,67789,0
14788,0,-9216,30720,63488,-6960,107777,23763,75662,0
14793,-4096,-9216,11264,65536,-3480,107763,5645,98638,-198
14798,-4096,-9216,-17408,33792,3016,107750,-14378,125144,-107
14803,-4096,-9216,-15360,-2048,5104,107773,-17063,129940,-57
14808,-4096,-9216,-27648,16384,5336,107835,-12209,125380,-33
14813,-4096,-9216,-24576,31744,4640,107974,458,112156,-22
14818,-4096,-9216,-23552,55296,4408,108189,6792,108135,-15
14823,-4096,-9216,-48128,102400,9976,108480,10614,107842,-15
14828,-4096,-9216,-60416,91136,12760,108792,13104,108448,-15
14833,-4096,-9216,-71680,114688,15312,109135,11922,112525,-15
14838,-4096,-9216,-116736,80896,25520,109462,-16960,151942,-15
14843,-4096,-9216,-116736,24576,25520,109787,-14459,149766,-15
14848,-10240,-9216,-107520,43008,22040,110127,-6644,138811,-211
14853,-10240,-9216,-95232,55296,19256,110440,3212,126484,-114
14858,-10240,-9216,-93184,82944,18792,110785,8158,121419,-63
14863,-105472,-6144,-83968,126976,-4872,110801,16936,88993,-3156
14868,-105472,-6144,-94208,87040,-2552,110833,12931,95350,-1659
14873,-105472,-6144,-149504,52224,9976,110877,-24981,145834,-872
14879,-105472,-6144,-176128,58368,16008,110939,-40804,167751,-433
14884,-206848,-9216,-184320,-15360,-5104,110780,-46645,152321,-4819
14889,-206848,-9216,-175104,-35840,-7192,110526,-36455,139789,-2532
14894,-206848,-9216,-177152,-11264,-6728,110324,-28710,132306,-1249
14899,-295936,-6144,-186368,32768,-24824,110021,-24522,109719,-4691
14904,-295936,-6144,-192512,35840,-23432,109645,-17488,103701,-2464
14909,-295936,-6144,-233472,46080,-14152,109328,-31120,126296,-1215
14914,-295936,-6144,-291840,44032,-928,109087,-62262,170421,-642
14919,-359424,-9216,-302080,22528,-12992,108874,-58613,154495,-4307
14924,-359424,-9216,-317440,44032,-9512,108538,-53254,152280,-2122
14929,-363520,-9216,-311296,116736,-11832,108283,-35067,131518,-1290
14934,-363520,-9216,-299008,163840,-14616,108098,-10959,104441,-681
14939,-363520,-9216,-320512,174080,-9744,107974,-10270,108500,-338
14944,-363520,-9216,-344064,186368,-4408,107935,-11510,115037,-181
14949,-359424,-9216,-396288,181248,8352,107954,-35985,152291,157
14954,-359424,-9216,-416768,145408,12992,108050,-36880,157922,74
14959,-359424,-9216,-410624,130048,11600,108185,-21183,140968,36
14964,-424960,-9216,-406528,165888,-4176,108323,-7849,113441,-3586
14969,-424960,-9216,-399360,134144,-5800,108317,7607,94910,-1884
14974,-424960,-9216,-404480,146432,-4640,108379,15754,87985,-990
14979,-570368,-9216,-429056,135168,-32016,108393,10086,66291,-8478
14984,-570368,-9216,-449536,94208,-27376,108027,8353,72298,-4451
14989,-637952,-9216,-504832,61440,-30160,107598,-19771,97209,-5205
14994,-637952,-9216,-550912,15360,-19720,107118,-32129,117207,-2562
14999,-637952,-9216,-557056,-30720,-18328,106771,-29284,117727,-1347
15004,-637952,-9216,-581632,-63488,-12760,106515,-31028,124783,-709
15009,-948224,-9216,-587776,-59392,-80040,106040,-19473,45473,-17396
15014,-948224,-9216,-603136,-44032,-78184,104941,-5015,31772,-9127
15019,-948224,-9216,-636928,-41984,-70528,103949,-7884,41305,-4790
15024,-1085440,-9216,-693248,-46080,-91872,102825,-15962,26915,-9898
15029,-1085440,-9216,-743424,-38912,-77488,101610,-36845,60967,-5194
15034,-1128448,-9216,-816128,-51200,-70760,100399,-64625,94264,-4439
15039,-1128448,-9216,-865280,-75776,-59624,99225,-82549,126790,-2187
15044,-1128448,-9216,-926720,-68608,-45704,98338,-79669,132303,-1151
15049,-1185792,-9216,-960512,-86016,-51040,97502,-66393,112855,-2888
15054,-1185792,-9216,-1007616,-73728,-40368,96830,-60575,134469,-1425
15059,-1185792,-9216,-1072128,-38912,-25752,96308,-63903,134459,-751
15064,-1185792,-9216,-1095680,-33792,-20416,96000,-43822,119406,-396
15069,-1246208,-9216,-1124352,-8192,-27608,95774,-30374,117873,-3310
15074,-1246208,-9216,-1170432,35840,-17168,95473,-34115,112420,-1740
15079,-1246208,-9216,-1215488,55296,-6960,95293,-43994,132327,-915
15084,-1338368,-9216,-1247232,60416,-20648,95092,-47815,122259,-5546
15089,-1338368,-9216,-1273856,88064,-14616,94699,-49927,130010,-2730
15094,-1393664,-9216,-1257472,80896,-30856,94233,-23237,86614,-3497
15099,-1393664,-9216,-1256448,97280,-31088,93833,-30179,100545,-1724
15104,-1393664,-9216,-1296384,129024,-22040,93498,-16398,87856,-908
15109,-1482752,-9216,-1298432,137216,-41760,93017,1939,49318,-3802
15114,-1546240,-9216,-1340416,165888,-46400,92442,-8997,55039,-4939
15119,-1546240,-9216,-1371136,154624,-39672,91892,-11532,63752,-2595
15124,-1546240,-9216,-1403904,134144,-32248,91419,-16994,76165,-1365
15129,-1529856,-9216,-1459200,112640,-16008,91059,-24063,95140,117
15134,-1529856,-9216,-1488896,109568,-9280,90795,-40357,121872,58
15139,-1529856,-9216,-1514496,70656,-3480,90658,-40012,127190,27
15144,-1529856,-9216,-1529856,49152,0,90632,-37660,131313,10
15149,-1529856,-9216,-1563648,76800,7656,90748,-28767,127171,0
15154,-1529856,-9216,-1592320,99328,14152,90983,-24487,129622,0
15159,-1529856,-9216,-1618944,128000,21112,91365,-19932,132409,0
15164,-1529856,-9216,-1652736,143360,27840,91825,-17430,137095,0
15169,-1529856,-9216,-1684480,162816,35032,92356,-20081,147469,0
15174,-1529856,-9216,-1712128,174080,41296,93004,-21883,156183,0
15179,-1529856,-9216,-1748992,186368,49648,93658,-34275,177581,0
15184,-1529856,-9216,-1783808,173056,57536,94330,-50776,202642,0
15189,-1467392,-9216,-1770496,141312,68672,95224,-32933,196829,2826
15194,-1467392,-9216,-1748992,126976,63800,96149,-12152,172101,1478
15199,-1453056,-9216,-1732608,121856,63336,97123,2226,158233,1273
15204,-1453056,-9216,-1738752,103424,60552,98177,11474,147255,622
15209,-1453056,-9216,-1704960,114688,57072,99121,21285,134908,323
15214,-1482752,-9216,-1703936,111616,50112,99945,19828,130229,-871
15219,-1467392,-9216,-1717248,109568,48952,100835,29260,120527,263
15224,-1467392,-9216,-1685504,92160,49416,101613,19346,131683,135
15229,-1467392,-9216,-1682432,78848,48720,102313,8927,142106,68
15234,-1498112,-9216,-1650688,106496,34568,102931,16270,121229,-1361
15239,-1498112,-9216,-1641472,75776,32480,103396,10040,125836,-718
15244,-1498112,-9216,-1620992,44032,27840,103833,15238,116435,-380
15249,-1498112,-9216,-1605632,104448,24360,104276,16672,111964,-191
15254,-1529856,-9216,-1603584,97280,16704,104652,11945,109411,-2089
15259,-1529856,-9216,-1599488,109568,15776,104914,10441,110249,-1099
15264,-1529856,-9216,-1602560,171008,16472,105205,6609,115068,-545
15269,-1529856,-9216,-1627136,177152,22040,105514,-7608,135162,-289
15274,-1529856,-9216,-1671168,194560,32016,105862,-33954,171832,-155
15279,-1529856,-9216,-1697792,210944,38048,106338,-29089,169763,-80
15284,-1529856,-9216,-1722368,244736,43616,106830,-47368,197814,-45
15289,-1529856,-9216,-1751040,237568,50112,107389,-55629,213130,-28
15294,-1482752,-9216,-1758208,212992,62408,108201,-45073,215682,1980
15299,-1453056,-9216,-1751040,180224,67512,109052,-28951,205515,2776
15304,-1453056,-9216,-1743872,157696,65888,110030,-13655,189573,1453
15309,-1453056,-9216,-1717248,118784,59856,111133,14721,156268,711
15314,-1366016,-9216,-1708032,91136,77488,112191,25267,164412,5469
15319,-1366016,-9216,-1717248,84992,79576,113478,19529,173525,2865
15324,-1338368,-9216,-1687552,91136,79112,114907,36776,157243,2578
15329,-1338368,-9216,-1675264,110592,76328,116213,40172,152369,1349
15334,-1338368,-9216,-1657856,146432,72384,117428,40769,149043,704
15339,-1209344,-9216,-1629184,190464,95120,118996,42639,171477,5475
15344,-1209344,-9216,-1602560,205824,89088,120424,40929,168583,2868
15349,-1209344,-9216,-1582080,217088,84448,121749,34022,172175,1501
15354,-1209344,-9216,-1563648,156672,82360,123099,18152,187307,735
15359,-1106944,-9216,-1545216,134144,99296,124272,15077,208491,6381
15364,-1106944,-9216,-1520640,94208,93728,125616,9363,209981,3345
15369,-1106944,-9216,-1489920,64512,86768,126982,7343,206407,1641
15374,-1053696,-9216,-1447936,80896,89320,128162,15536,201946,3781
15379,-1053696,-9216,-1410048,97280,80736,129380,22386,187730,1980
15384,-1013760,-9216,-1352704,199680,76792,130697,39931,167558,2559
15389,-1013760,-9216,-1307648,237568,66584,131796,48021,150359,1339
15394,-1013760,-9216,-1250304,254976,53592,132764,63397,122959,655
15399,-905216,-9216,-1215488,265216,70296,133968,57545,146719,4658
15404,-817152,-9216,-1180672,243712,82360,135160,59117,158403,7277
15409,-817152,-9216,-1160192,207872,77720,136469,44991,170477,3573
15414,-817152,-9216,-1149952,150528,75400,137801,36385,176816,1870
15419,-817152,-9216,-1124352,135168,69600,138921,35479,173042,976
15424,-817152,-9216,-1095680,121856,65192,140027,26230,178989,476
15429,-606208,-9216,-1060864,198656,103008,141557,35754,208811,8114
15434,-606208,-9216,-1026048,224256,95120,143043,37739,200424,4251
15439,-606208,-9216,-977920,229376,84216,144398,47929,170285,2085
15444,-501760,-9216,-917504,234496,94192,146067,63856,176403,4984
15449,-467968,-9216,-858112,199680,88392,147533,77683,158242,4350
15454,-467968,-9216,-805888,147456,76560,149032,79369,146223,2137
15459,-467968,-9216,-754688,81920,64960,150217,81687,133490,1117
15464,-429056,-9216,-729088,64512,67976,151299,65772,153503,2586
15469,-429056,-9216,-690176,90112,59160,152371,56994,154537,1268
15474,-424960,-9216,-653312,120832,51736,153192,48135,156793,814
15479,-424960,-9216,-603136,162816,40368,153839,49214,144993,423
15484,-424960,-9216,-507904,196608,18792,154323,77832,95283,205
15489,-388096,-9216,-461824,199680,16704,154697,73093,98308,1393
15494,-388096,-9216,-410624,176128,5104,154897,72553,87448,727
15499,-388096,-9216,-347136,132096,-9280,154925,78245,67400,355
15504,-388096,-9216,-326656,113664,-13920,154824,60172,80732,183
15509,-388096,-9216,-307200,112640,-18328,154591,43500,92763,92
15514,-388096,-9216,-277504,108544,-25056,154202,34676,94470,42
15519,-388096,-9216,-269312,120832,-26912,153754,16913,109929,18
15524,-388096,-9216,-257024,139264,-29696,153223,5186,118341,7
15529,-388096,-9216,-244736,179200,-32480,152583,-2571,122674,0
15534,-388096,-9216,-221184,178176,-37816,151923,-322,114429,0
15539,-388096,-9216,-188416,177152,-45240,151208,10797,95171,0
15544,-388096,-9216,-142336,167936,-55680,150380,33356,61344,0
15549,-270336,-9216,-136192,147456,-30392,150019,31394,88233,4114
15554,-270336,-9216,-132096,122880,-31320,149644,29455,88869,2019
15559,-270336,-9216,-108544,98304,-36656,149205,41067,71482,1054
15564,-270336,-9216,-111616,102400,-35960,148825,36925,75940,550
15569,-282624,-9216,-103424,84992,-40600,148414,41079,81812,-291
15574,-282624,-9216,-112640,120832,-38512,147885,27080,82293,-155
15579,-282624,-9216,-105472,128000,-40136,147373,25714,81523,-85
15584,-282624,-9216,-104448,131072,-40368,146819,3729,107076,-45
15589,-273408,-6144,-111616,225280,-36656,146167,4807,104704,548
15594,-273408,-6144,-101376,230400,-38976,145539,2512,104051,283
15599,-267264,0,-84992,277504,-44312,144796,12840,87644,395
15604,-267264,0,-50176,266240,-49184,144071,17808,77079,204
15609,-267264,0,-37888,266240,-51968,143299,16248,75083,104
15614,-267264,0,-9216,256000,-58464,142396,26070,57862,47
15619,-257024,53248,11264,246784,-60784,141538,31624,49130,662
15624,-257024,53248,28672,243712,-64728,140673,35077,40868,345
15629,-257024,53248,39936,240640,-64496,139668,23913,51259,166
15634,-260096,80896,35840,225280,-67048,138756,23936,47772,-96
15639,-260096,80896,40960,221184,-68208,137817,22341,47268,-54
15644,-260096,90112,47104,217088,-60088,136794,-7138,83844,-30
15649,-260096,90112,8192,219136,-60784,135864,-5807,80887,-20
15654,-260096,90112,4096,229376,-59856,134943,-8618,83705,-15
15659,-273408,90112,-35840,235520,-53824,133907,-37327,117410,-578
15664,-302080,111616,-26624,238592,-62408,132912,-30856,101360,-1987
15669,-302080,111616,-6144,248832,-67048,131807,-18830,83589,-1044
15674,-302080,111616,1024,258048,-65888,130581,-25095,89788,-517
15679,-302080,111616,-6144,260096,-67048,129431,-25233,87616,-274
15684,-302080,111616,2048,269312,-68904,128287,-20483,79866,-146
15689,-302080,111616,-6144,283648,-72616,127040,-7161,61585,-75
15694,-302080,111616,8192,257024,-70296,125914,-13231,68849,-43
15699,-302080,111616,9216,269312,-70528,124791,-11028,65291,-27
15704,-302080,111616,6144,233472,-75168,123563,5863,42532,-16
15709,-302080,111616,35840,231424,-76560,122446,11061,34825,-15
15714,-302080,111616,24576,253952,-74008,121337,3694,43635,-15
15719,-302080,111616,23552,258048,-79344,120096,19908,20844,-15
15724,-649216,349184,51200,228352,-158688,118612,21228,-61304,-19083
15729,-649216,349184,41984,235520,-156600,116290,13000,-53310,-10013
15734,-677888,377856,23552,214016,-162400,113680,12117,-60837,-6068
15739,-677888,377856,16384,225280,-157296,111339,1881,-47838,-3186
15744,-677888,377856,-16384,250880,-149872,109085,-10098,-30689,-1674
15749,-677888,377856,-52224,281600,-141752,106722,-19473,-15325,-827
15754,-677888,377856,-87040,288768,-133864,104709,-22055,-7100,-436
15759,-677888,377856,-130048,333824,-124120,102845,-27149,5874,-232
15764,-879616,392192,-180224,382976,-158456,100348,-46484,-7216,-7640
15769,-957440,406528,-236544,408576,-163328,98033,-42388,-22907,-8285
15774,-957440,406528,-282624,454656,-152888,95693,-43707,-13488,-4349
15779,-957440,406528,-324608,490496,-138504,93295,-54838,9629,-2142
15784,-1128448,409600,-388096,510976,-167736,91071,-49938,-26727,-9933
15789,-1128448,409600,-442368,550912,-155440,88683,-52371,-14386,-5214
15794,-1198080,409600,-492544,579584,-154280,86072,-63558,-4650,-5165
15799,-1198080,409600,-566272,586752,-143144,83871,-57706,-1567,-2714
15804,-1198080,409600,-617472,618496,-131544,81873,-52772,3101,-1426
15809,-1325056,417792,-697344,596992,-142216,79521,-64476,1781,-5441
15814,-1366016,413696,-749568,628736,-139664,77454,-60196,-2014,-4966
15819,-1366016,413696,-793600,653312,-129688,75501,-49720,-4467,-2610
15824,-1366016,413696,-871424,605184,-112056,73579,-60678,22201,-1287
15829,-1351680,325632,-920576,628736,-97672,72050,-55079,29457,60
15834,-1351680,325632,-960512,649216,-88624,70738,-42824,24938,28
15839,-1338368,306176,-1033216,589824,-69136,69533,-53897,54294,476
15844,-1338368,306176,-1073152,604160,-60088,68616,-45612,54140,246
15849,-1338368,306176,-1110016,617472,-51736,67829,-39278,55371,126
15854,-1325056,197632,-1138688,547840,-42224,67123,-29846,54745,524
15859,-1298432,96256,-1168384,560128,-29464,66615,-28836,65987,1557
15864,-1298432,96256,-1174528,558080,-28072,66201,-16008,54137,813
15869,-1298432,96256,-1179648,491520,-26912,65769,-7677,46534,395
15875,-1185792,0,-1171456,471040,-3248,65565,3798,58519,5641
15880,-1185792,0,-1172480,460800,-3016,65543,4842,57685,2954
15885,-1185792,0,-1148928,398336,-8352,65470,18703,38415,1448
15890,-1185792,0,-1135616,363520,-11368,65368,23121,30879,756
15895,-1185792,0,-1127424,332800,-13224,65200,19621,32355,393
15900,-1117184,0,-1087488,269312,-6728,65167,33494,24945,2439
15905,-1095680,0,-1059840,228352,-8120,65083,37395,19568,2314
15910,-1095680,0,-1038336,191488,-12992,64949,35800,16157,1210
15915,-1095680,0,-1000448,145408,-21576,64705,44269,-1140,591
15920,-1095680,0,-985088,109568,-25056,64394,37476,1862,307
15925,-1095680,0,-976896,83968,-35960,63935,51589,-23614,148
15930,-1095680,0,-923648,63488,-38976,63433,42501,-18044,74
15935,-1095680,0,-921600,54272,-39440,62841,25186,-1785,36
15940,-840704,-9216,-888832,48128,10904,62204,31750,41358,15950
15945,-840704,-9216,-891904,43008,11600,62365,15743,58222,8362
15950,-734208,-9216,-891904,27648,35728,62701,3901,94528,9202
15955,-616448,-9216,-846848,31744,52200,63230,22845,92585,11420
15960,-616448,-9216,-835584,24576,49648,63960,16064,97544,5985
15965,-565248,-9216,-816128,27648,56840,64694,11704,109830,5453
15970,-510976,-9216,-756736,47104,55680,65470,30694,90456,5857
15975,-510976,-9216,-716800,26624,46632,66162,31486,81308,3068
15980,-510976,-9216,-667648,20480,35496,66678,34618,67556,1605
15985,-373760,-12288,-594944,16384,50112,67130,48721,68521,8826
15990,-373760,-12288,-539648,5120,37584,67714,49535,55763,4626
15995,-349184,-12288,-480256,-2048,29696,68162,52163,45695,3248
16000,-267264,-9216,-421888,-1024,35032,68541,52186,51387,6500
16005,-267264,-9216,-360448,-17408,21112,68918,58004,32026,3405
16010,-250880,-9216,-321536,-13312,16008,69167,56363,25351,2322
16015,-250880,-9216,-257024,-17408,1392,69252,54114,16530,1215
16020,-250880,-9216,-220160,-11264,-6960,69154,43947,18247,633
16025,-173056,-12288,-176128,-8192,-3248,69089,51578,14263,3403
16030,-160768,-12288,-121856,-24576,-8816,68964,45783,14365,2456
16035,-160768,-12288,-96256,-2048,-14616,68757,35949,18192,1284
16040,-160768,-12288,-60416,-11264,-22736,68413,34561,11116,629
16045,-154624,-9216,-39936,23552,-25984,68013,27332,14697,663
16050,-154624,-9216,-14336,58368,-31784,67536,24922,10830,345
16055,-154624,-9216,9216,51200,-37120,66926,21595,8211,166
16060,-154624,-9216,25600,113664,-40832,66295,16156,9307,84
16065,-154624,-9216,56320,164864,-47792,65583,21365,-3574,41
16070,-148480,-9216,76800,164864,-51040,64740,18565,-4865,246
16075,-148480,-9216,105472,189440,-57536,63900,23913,-17549,126
16080,-148480,-9216,123904,199680,-61712,62985,21423,-20150,63
16085,-148480,-9216,146432,190464,-66816,61914,22822,-27724,28
16090,-148480,-9216,161792,154624,-70296,60878,20700,-30118,12
16095,-148480,-9216,155648,109568,-68904,59804,5071,-14171,1
16100,-148480,-9216,164864,75776,-70992,58593,3098,-15497,0
16105,-4096,-9216,167936,34816,-38976,57660,-1745,20429,7435
16110,-4096,-9216,162816,52224,-37816,57020,-10156,29360,3652
16115,0,-9216,161792,71680,-36656,56331,-13265,32940,2065
16120,0,-9216,174080,145408,-39440,55695,-6816,23071,1080
16125,0,-9216,201728,190464,-45704,54967,-1618,14129,527
16130,0,-9216,217088,199680,-49184,54275,15180,-10089,273
16135,0,-9216,237568,156672,-53824,53546,23958,-24236,140
16140,0,-9216,249856,64512,-56608,52783,28629,-33701,65
16145,0,-9216,249856,30720,-56608,51908,19782,-24482,30
16150,0,-9216,259072,-48128,-58696,51057,18187,-25826,13
16155,0,-9216,261120,-34816,-59160,50154,10040,-18504,2
16160,0,-9216,263168,-3072,-59624,49131,2868,-13361,0
16165,0,-9216,268288,124928,-60784,48157,-2181,-10446,0
16170,0,-9216,281600,188416,-63800,47050,-1412,-15338,0
16175,0,-9216,319488,218112,-72384,46017,19988,-46355,0
16180,0,-9216,329728,166912,-74704,44981,23878,-53601,0
16185,0,-9216,335872,118784,-76096,43809,23752,-56039,0
16190,0,-9216,308224,25600,-69832,42718,-1595,-25519,0
16195,0,-9216,301056,13312,-68208,41583,-13644,-12981,0
16200,0,-9216,314368,23552,-70296,40307,-13827,-16162,0
16205,0,-9216,326656,119808,-74008,39107,-9869,-25032,0
16210,0,-9216,368640,157696,-83520,37892,14687,-60315,0
16215,0,-9216,392192,139264,-88856,36547,27458,-79767,0
16220,0,-9216,401408,59392,-90944,35327,33207,-88824,0
16225,0,-9216,380928,-54272,-86304,34094,17338,-69548,0
16230,0,-9216,372736,-87040,-84448,32717,9443,-61174,0
16235,0,-9216,359424,-57344,-81432,31427,-5485,-44520,0
16240,0,-9216,365568,33792,-82824,30113,-6874,-45837,0
16245,0,-9216,371712,76800,-84216,28662,-6931,-48623,0
16250,0,-9216,397312,92160,-90016,27345,10177,-72848,0
16255,0,-9216,417792,44032,-94656,26034,25519,-94141,0
16260,0,-9216,414720,5120,-93960,24586,23500,-92874,0
16265,0,-9216,364544,0,-82592,23266,-13873,-45453,0
16270,0,-9216,336896,24576,-76328,21816,-27517,-28851,0
16275,0,-9216,336896,56320,-76328,20507,-33552,-22269,0
16280,0,-9216,353280,66560,-80040,19229,-19324,-41487,0
16285,0,-9216,359424,55296,-81432,17869,-10672,-52891,0
16290,0,-9216,380928,-1024,-86304,16687,14756,-84373,0
16295,0,-9216,354304,8192,-80272,15546,4670,-69396,0
16300,0,-9216,325632,45056,-73776,14302,-9146,-50328,0
16305,0,-9216,301056,71680,-68208,13169,-24487,-30552,0
16310,0,-9216,316416,29696,-71688,12036,-12416,-47236,0
16315,0,-9216,340992,-22528,-77256,10810,7469,-73915,0
16320,0,-9216,358400,-100352,-81200,9713,23798,-95285,0
16325,0,-9216,340992,-83968,-77256,8609,12748,-81395,0
16330,0,-9216,331776,-38912,-75168,7354,3534,-71348,0
16335,0,-9216,330752,57344,-74936,6159,-4395,-64382,0
16340,0,-9216,348160,93184,-78880,4919,-666,-73295,0
16345,0,-9216,388096,53248,-87928,3508,18864,-103284,0
16350,0,-9216,408576,-35840,-92568,2200,26873,-117241,0
16355,0,-9216,387072,-84992,-87696,865,5266,-92097,0
16360,0,-9216,378880,-82944,-85840,-637,-6346,-80131,0
16365,0,-9216,345088,26624,-78184,-2003,-34837,-45350,0
16370,0,-9216,358400,66560,-78184,-3479,-34596,-47067,0
16375,0,-9216,357376,142336,-80968,-4802,-24178,-61592,0
16380,0,-9216,373760,128000,-84680,-6068,-5807,-84941,0
16385,0,-9216,369664,68608,-84912,-7409,3947,-96268,0
16390,0,-9216,354304,1024,-80272,-8591,-2812,-86051,0
16395,0,-9216,320512,4096,-72616,-9757,-21481,-60892,0
16400,0,-9216,307200,89088,-69136,-11017,-27023,-53130,0
16405,0,-9216,303104,107520,-68672,-12156,-25887,-54941,0
16410,0,-9216,325632,159744,-73776,-13276,-6564,-80488,0
16415,0,-9216,336896,131072,-76328,-14486,5484,-96298,0
16420,0,-9216,346112,89088,-78416,-15595,13712,-107723,0
16425,0,-9216,327680,67584,-74240,-16714,114,-91068,0
16430,0,-9216,313344,62464,-70992,-17979,-13082,-75889,0
16435,0,-9216,311296,106496,-70528,-19170,-20035,-69663,0
16440,0,-9216,321536,125952,-72848,-20373,-17580,-75641,0
16445,0,-9216,328704,81920,-74472,-21667,-12680,-83459,0
16450,0,-9216,344064,44032,-77952,-22839,-1159,-99632,0
16455,0,-9216,340992,-4096,-75632,-24095,-5210,-94517,0
16460,0,-9216,322560,-24576,-73080,-25209,-8411,-89878,0
16465,0,-9216,295936,48128,-67048,-26285,-21607,-71726,0
16470,0,-9216,287744,143360,-61944,-27427,-30489,-58882,0
16475,0,-9216,273408,146432,-61944,-28421,-22640,-67725,0
16480,0,-9216,278528,166912,-63104,-29383,-11429,-81058,0
16485,0,-9216,295936,121856,-67048,-30409,9397,-106854,0
16490,0,-9216,294912,61440,-66816,-31340,12874,-111030,0
16495,0,-9216,276480,-35840,-62640,-32265,2329,-97234,0
16500,0,-9216,282624,-67584,-64032,-33307,7056,-104395,0
16505,0,-9216,274432,-118784,-62176,-34262,309,-96747,0
16510,0,-9216,264192,-131072,-59856,-35219,19254,-122784,0
16515,0,-9216,295936,-125952,-67048,-36293,13907,-117248,0
16520,0,-9216,286720,-92160,-64960,-37260,6701,-108921,0
16525,0,-9216,278528,-44032,-67512,-38319,15157,-120988,0
16530,0,-9216,278528,14336,-63104,-39263,1996,-104363,0
16535,0,-9216,273408,74752,-61944,-40213,-1974,-100183,0
16540,0,-9216,273408,118784,-61944,-41263,-3007,-100200,0
16545,0,-9216,276480,125952,-62640,-42201,68,-104909,0
16550,0,-9216,282624,113664,-64032,-43122,6609,-113763,0
16555,0,-9216,261120,97280,-59160,-44109,-6277,-96992,0
16560,0,-9216,264192,55296,-59856,-44978,504,-105338,0
16565,0,-9216,266240,25600,-60320,-45807,8835,-114962,0
16570,0,-9216,251904,-40960,-57072,-46697,4475,-108244,0
16575,0,-9216,244736,-49152,-55448,-47483,4819,-107750,0
16580,0,-9216,232448,-66560,-52664,-48258,585,-101507,0
16585,0,-9216,245760,-103424,-55680,-49105,14469,-119254,0
16590,0,-9216,237568,-102400,-53824,-49858,11933,-115615,0
16595,0,-9216,228352,-93184,-51736,-50610,7447,-143235,0
16600,0,-9216,241664,-72704,-54752,-51456,16993,-123201,0
16605,0,-9216,239616,-82944,-54288,-52215,15880,-122383,0
16610,0,-9216,219136,-102400,-49648,-52956,2329,-104933,0
16615,0,-9216,236544,-49152,-53592,-53775,15502,-122869,0
16620,0,-9216,204800,-76800,-46400,-54465,-3110,-97755,0
16625,0,-9216,204800,-101376,-44080,-55199,-5772,-93507,0
16630,0,-9216,192512,-51200,-43616,-55843,-2927,-96532,0
16635,0,-9216,204800,-41984,-46400,-56491,7745,-110636,0
16640,0,-9216,207872,-2048,-44080,-57189,2203,-103472,0
16645,0,-9216,183296,-5120,-41528,-57827,-5795,-93560,0
16650,0,-9216,189440,41984,-42920,-58459,-299,-101080,0
16655,0,-9216,178176,98304,-40368,-59079,-25968,-67499,0
16660,0,-9216,165888,49152,-37584,-59730,-12416,-84898,0
16665,0,-9216,151552,78848,-34336,-60319,-20930,-73725,0
16670,0,-9216,161792,61440,-36656,-60887,-19025,-75320,0
16675,0,-9216,156672,13312,-35496,-61517,-11532,-85481,0
16680,0,-9216,171008,-33792,-38744,-62100,-586,-100258,0
16685,0,-9216,169984,-26624,-40832,-62739,6804,-110375,0
16690,0,-9216,178176,-74752,-40368,-63313,6414,-110095,0
16695,0,-9216,172032,-99328,-38976,-63864,5301,-108141,0
16700,0,-9216,172032,-62464,-39440,-64474,8468,-112382,0
16705,0,-9216,164864,-64512,-37352,-65006,4612,-106970,0
16710,0,-9216,146432,-48128,-33176,-65525,-6185,-92516,0
16715,0,-9216,138240,10240,-32248,-66095,-7321,-91022,0
16720,0,-9216,128000,32768,-29000,-66613,-17281,-78332,0
16725,0,-9216,117760,60416,-26680,-67138,-25600,-68218,0
16730,0,-9216,100352,45056,-22736,-67694,-36891,-53539,0
16735,0,-9216,96256,50176,-21808,-68200,-39450,-50558,0
16740,0,-9216,93184,39936,-21112,-68686,-39760,-50038,0
16745,0,-9216,88064,-23552,-19952,-69187,-38922,-50217,0
16750,0,-9216,95232,-53248,-21576,-69659,-32990,-58245,0
16755,0,-9216,113664,-78848,-25752,-70147,-20953,-74946,0
16760,0,-9216,131072,-142336,-29696,-70711,-11051,-89356,0
16765,0,-9216,140288,-128000,-31784,-71247,-7643,-95388,0
16770,0,-9216,147456,-99328,-33408,-71803,-5853,-99358,0
16775,0,-9216,184320,-75776,-41760,-72430,18313,-132503,0
16780,0,-9216,173056,-18432,-39208,-72997,8307,-120512,0
16785,0,-9216,195584,8192,-44312,-73579,23075,-140966,0
16791,0,-9216,189440,65536,-42920,-74197,19311,-136428,0
16796,0,-9216,188416,68608,-42688,-74744,20252,-137684,0
16801,0,-9216,166912,44032,-37816,-75238,10740,-123794,0
16806,0,-9216,156672,65536,-35496,-75750,9753,-120999,0
16811,0,-9216,140288,27648,-31784,-76171,4899,-112854,0
16816,0,-9216,131072,-13312,-29696,-76585,2960,-109241,0
16821,0,-9216,129024,-61440,-29232,-77023,5978,-112233,0
16826,0,-9216,103424,-59392,-23432,-77431,-11739,-89124,0
16831,0,-9216,89088,-38912,-20184,-77825,-20035,-77974,0
16836,0,-9216,102400,-65536,-23200,-78281,-10523,-90958,0
16841,0,-9216,105472,-58368,-23896,-78707,-9708,-92895,0
16846,0,-9216,109568,-31744,-24824,-79172,-11647,-117277,0
16851,0,-9216,158720,-16384,-35960,-79730,17303,-132993,0
16856,0,-9216,168960,-9216,-38280,-80299,14228,-132807,0
16861,0,-9216,185344,57344,-41992,-80963,16064,-139019,0
16866,0,-9216,197632,46080,-44776,-81591,17475,-143842,0
16871,0,-9216,220160,24576,-49880,-82242,27458,-159580,0
16876,0,-9216,220160,44032,-45240,-82960,7653,-135853,0
16881,0,-9216,191488,-14336,-43384,-83590,1881,-128855,0
16886,0,-9216,183296,7168,-41528,-84186,-150,-125564,0
16891,0,-9216,165888,19456,-32712,-84796,-21986,-95522,0
16896,0,-9216,138240,-31744,-31320,-85288,-16294,-100314,0
16901,0,-9216,132096,-14336,-29928,-85725,-9364,-106289,0
16906,0,-9216,126976,-26624,-26912,-86146,-7172,-105886,0
16911,0,-9216,126976,18432,-28768,-86466,10522,-125756,0
16916,0,-9216,112640,-5120,-25520,-86723,12587,-124830,0
16921,0,-9216,103424,-21504,-23432,-86932,17797,-122250,0
16926,0,-9216,101376,32768,-22968,-87141,25014,-135123,0
16931,0,-9216,75776,31744,-17168,-87293,13012,-117473,0
16936,0,-9216,76800,48128,-17400,-87436,18726,-107917,0
16941,0,-9216,48128,31744,-10904,-87613,-1882,-96635,0
16946,0,-9216,40960,30720,-9280,-87784,-7252,-89812,0
16951,0,-9216,31744,35840,-7192,-87968,-7172,-89844,0
16956,0,-9216,39936,-5120,-9048,-88164,-9123,-88089,0
16961,0,-9216,49152,-20480,-11136,-88374,-4372,-95138,0
16966,0,-9216,52224,-56320,-11832,-88611,4302,-108016,0
16971,0,-9216,81920,9216,-18560,-88910,9328,-116798,0
16976,0,-9216,72704,-8192,-16472,-89197,-2272,-103397,0
16981,0,-9216,68608,-18432,-15544,-89476,-7551,-97260,0
16986,0,-9216,53248,14336,-12064,-89736,-15411,-86389,0
16991,0,-9216,35840,-28672,-8120,-89969,-26610,-71479,0
16996,0,-9216,21504,-59392,-4872,-90191,-21068,-77720,0
17001,0,-9216,23552,-129024,-5336,-90453,-34436,-61353,0
17006,0,-9216,6144,-111616,-1392,-90706,-47287,-44811,0
17011,0,-9216,14336,-82944,-3248,-90966,-42021,-52193,0
17016,0,-9216,31744,-67584,-7192,-91253,-30810,-67635,0
17021,0,-9216,31744,-50176,-7192,-91523,-31969,-66746,0
17026,0,-9216,62464,-69632,-14152,-91806,-10615,-95343,0
17031,0,-9216,69632,48128,-15776,-92115,-6771,-101120,0
17036,0,-9216,56320,25600,-12760,-92389,-17258,-87891,0
17041,0,-9216,74752,3072,-16936,-92653,-3443,-106146,0
17046,0,-9216,57344,-62464,-12992,-92934,-15457,-90469,0
17051,0,-9216,60416,-74752,-13688,-93172,-11016,-95844,0
17056,0,-9216,53248,-61440,-12064,-93402,-14401,-91065,0
17061,0,-9216,48128,-114688,-10904,-93657,-15985,-88576,0
17066,0,-9216,58368,-75776,-13224,-93884,-6449,-100659,0
17071,0,-9216,68608,-26624,-15544,-94106,17097,-131417,0
17076,0,-9216,92160,12288,-20880,-94356,20172,-135408,0
17081,0,-9216,91136,49152,-20648,-94562,20298,-135508,0
17086,0,-9216,117760,37888,-26680,-94803,40734,-162217,0
17091,0,-9216,104448,38912,-23664,-94985,33035,-151684,0
17096,0,-9216,125952,15360,-28536,-95203,47791,-171530,0
17101,0,-9216,98304,32768,-22272,-95457,24303,-142032,0
17106,0,-9216,92160,-5120,-20880,-95678,19197,-135755,0
17111,0,-9216,95232,-32768,-21576,-95895,22237,-139708,0
17116,0,-9216,78848,-76800,-17864,-96136,10177,-124177,0
17121,0,-9216,89088,-62464,-20184,-96331,20700,-137215,0
17126,0,-9216,74752,-36864,-16936,-96506,13230,-126672,0
17131,0,-9216,77824,20480,-17632,-96700,17246,-131578,0
17136,0,-9216,66560,43008,-15080,-96839,12954,-124873,0
17141,0,-9216,54272,59392,-12296,-96939,9799,-115533,0
17146,0,-9216,55296,120832,-12528,-97045,14033,-123606,0
17151,0,-9216,40960,93184,-9280,-97146,4784,-111210,0
17156,0,-9216,48128,47104,-10904,-97299,7584,-115787,0
17161,0,-9216,31744,13312,-7192,-97456,-7975,-96673,0
17166,0,-9216,47104,-19456,-10672,-97660,-2123,-106209,0
17171,0,-9216,39936,-113664,-9048,-97908,-12359,-94597,0
17176,0,-9216,44032,-101376,-9976,-98143,-12473,-95646,0
17181,0,-9216,44032,-61440,-9976,-98377,-14550,-93803,0
17186,0,-9216,60416,15360,-13688,-98649,-4395,-107942,0
17191,0,-9216,46080,58368,-10440,-98912,-17798,-91554,0
17196,0,-9216,62464,88064,-14152,-99214,-10569,-102797,0
17201,0,-9216,58368,109568,-13224,-99566,-18670,-94120,0
17206,0,-9216,65536,66560,-14848,-99902,-17866,-96884,0
17211,0,-9216,53248,26624,-12064,-100250,-30752,-81562,0
17216,0,-9216,57344,-88064,-12992,-100617,-28917,-84692,0
17221,0,-9216,64512,-141312,-14616,-100979,-26358,-89237,0
17226,0,-9216,70656,-166912,-16008,-101349,-24223,-93134,0
17231,0,-9216,78848,-147456,-17864,-101752,-20138,-99478,0
17236,0,-9216,97280,-111616,-22040,-102135,-7436,-116739,0
17241,0,-9216,100352,-64512,-22736,-102536,-7688,-175125,0
17246,0,-9216,134144,-19456,-30392,-102990,15077,-148459,0
17251,0,-9216,148480,32768,-33640,-103380,26976,-163996,0
17256,0,-9216,134144,69632,-30392,-103721,16902,-150364,0
17261,0,-9216,125952,106496,-28536,-104065,19300,-151901,0
17266,0,-9216,106496,78848,-24128,-104309,12863,-141300,0
17271,0,-9216,74752,36864,-16936,-104503,-10236,-108441,0
17276,0,-9216,59392,-18432,-13456,-104698,-5497,-112657,0
17281,0,-9216,41984,-65536,-9512,-104841,-10477,-103876,0
17286,0,-9216,37888,-129024,-8584,-104961,-7723,-106317,0
17291,0,-9216,38912,-119808,-8816,-105101,-2938,-110979,0
17296,0,-9216,41984,-109568,-9512,-105253,-792,-113973,0
17301,0,-9216,53248,-79872,-12064,-105435,5186,-122703,0
17306,0,-9216,58368,-19456,-13224,-105694,2363,-121281,0
17311,0,-9216,70656,20480,-16008,-106003,1434,-123445,0
17316,0,-9216,83968,117760,-19024,-106391,286,-125701,0
17321,0,-9216,72704,125952,-16472,-106794,-18761,-104505,0
17326,0,-9216,102400,97280,-23200,-107238,-7574,-122864,0
17331,0,-9216,84992,12288,-19256,-107731,-27092,-99895,0
17336,0,-9216,100352,-51200,-22736,-108234,-23696,-107274,0
17341,0,-9216,106496,-109568,-24128,-108742,-24430,-108440,0
17346,0,-9216,129024,-182272,-29232,-109290,-9065,-129457,0
17351,0,-9216,143360,-199680,-32480,-109761,3201,-145442,0
17356,0,-9216,138240,-159744,-31320,-110211,2696,-144227,0
17361,0,-9216,146432,-88064,-33176,-110660,14297,-158133,0
17366,0,-9216,129024,3072,-29232,-110980,11348,-151560,0
17371,0,-9216,124928,61440,-28304,-111265,16672,-156241,0
17376,0,-9216,107520,89088,-24360,-111555,11990,-147905,0
17381,0,-9216,97280,77824,-22040,-111747,13999,-147786,0
17386,0,-9216,70656,32768,-16008,-111908,2776,-130692,0
17391,0,-9216,47104,-19456,-10672,-112047,-5554,-117165,0
17396,0,-9216,40960,-86016,-9280,-112163,-4223,-117220,0
17401,0,-9216,46080,-94208,-13224,-112311,10832,-136367,0
17406,0,-9216,73728,-111616,-16704,-112483,20436,-149623,0
17411,0,-9216,90112,-98304,-20416,-112706,27194,-160316,0
17416,0,-9216,92160,-58368,-20880,-112952,25404,-160429,0
17421,0,-9216,96256,33792,-21808,-113264,19300,-154372,0
17426,0,-9216,79872,77824,-18096,-113552,3316,-134964,0
17431,0,-9216,64512,87040,-14616,-113859,-22686,-101845,0
17436,0,-9216,34816,58368,-7888,-114123,-31131,-90880,0
17441,0,-9216,13312,8192,-3016,-114367,-45142,-72241,0
17446,0,-9216,-2048,-46080,464,-114579,-52623,-61491,0
17451,0,-9216,-3072,-95232,696,-114757,-48836,-65225,0
17456,0,-9216,-8192,-126976,1856,-114900,-46438,-66606,0
17461,0,-9216,-21504,-97280,4872,-114999,-49364,-60763,0
17466,0,-9216,21504,-110592,-4872,-115081,-8595,-111358,0
17471,0,-9216,30720,-40960,-6960,-115153,3075,-125188,0
17476,0,-9216,19456,35840,-4408,-115207,-1297,-122272,0
17481,0,-9216,31744,83968,-7192,-115277,8835,-131304,0
17486,55296,-9216,21504,98304,7656,-115139,2547,-110030,1931
17491,55296,-9216,49152,78848,1392,-115018,22008,-119754,945
17496,55296,-9216,27648,41984,6264,-114908,2730,-111374,492
17501,55296,-9216,45056,-20480,2320,-114822,13264,-125766,255
17506,259072,-9216,53248,-90112,46632,-114465,17556,-85389,9960
17511,259072,-9216,83968,-124928,39672,-113648,36190,-110166,5220
17516,337920,-9216,86016,-160768,57072,-112640,35456,-91024,5490
17521,337920,-9216,97280,-147456,54520,-111689,37189,-118047,2696
17526,337920,-9216,144384,-74752,43848,-110770,55433,-122355,1410
17531,337920,-9216,180224,-31744,35728,-110024,64705,-139001,736
17536,579584,-9216,198656,35840,86304,-108995,63833,-90111,11295
17541,579584,-9216,246784,104448,75400,-107572,64211,-96383,5920
17546,579584,-9216,268288,130048,70528,-106414,50901,-86787,3102
17551,766976,-9216,296960,112640,106488,-105077,42249,-32226,10004
17556,878592,-9216,311296,79872,128528,-103342,23316,1870,12219
17561,878592,-9216,333824,29696,123424,-101558,12277,9589,6405
17566,878592,-9216,384000,-19456,114840,-99746,9937,5157,3146
17571,1116160,-9216,416768,-56320,158456,-98182,12874,47400,16495
17576,1116160,-9216,499712,-87040,139664,-96055,40906,2703,8648
17581,1197056,-9216,561152,-53248,144072,-93712,50052,308,7680
17586,1197056,-9216,630784,-64512,128296,-91701,61205,-24610,4025
17591,1197056,-9216,696320,-49152,113448,-89924,64303,-40779,2108
17596,1297408,-9216,770048,22528,119480,-87980,67826,-36326,5291
17601,1297408,-9216,842752,29696,103008,-86344,71854,-55190,2771
17606,1297408,-9216,914432,46080,86768,-84957,72989,-71178,1449
17611,1297408,-9216,984064,35840,70992,-83734,65152,-77894,709
17616,1297408,-9216,1045504,37888,57072,-82905,54401,-80234,368
17621,1297408,-9216,1119232,52224,40368,-82348,53035,-95015,190
17626,1528832,-9216,1167360,-9216,81896,-81429,30304,-29837,9910
17631,1528832,-9216,1223680,-10240,69136,-80557,20092,-31513,5193
17636,1528832,-9216,1288192,-11264,54520,-79876,20551,-45907,2719
17641,1561600,-9216,1351680,-57344,47560,-79250,21354,-53044,2724
17646,1577984,-9216,1409024,-70656,38280,-78827,22478,-63025,2384
17651,1577984,-9216,1472512,-95232,23896,-78532,29868,-84504,1247
17656,1577984,-9216,1540096,-59392,8584,-78398,38095,-107909,608
17661,1561600,-9216,1598464,-58368,-8352,-78464,45680,-132496,-645
17666,1561600,-9216,1669120,-39936,-24360,-78761,58394,-161515,-342
17671,1561600,-9216,1711104,4096,-33872,-79249,50522,-163643,-172
17676,1545216,-9216,1751040,33792,-46632,-79866,45691,-172189,-1054
17681,1545216,-9216,1785856,78848,-54520,-80625,43764,-172382,-522
17686,1545216,-9216,1789952,46080,-55448,-81579,19047,-156074,-278
17691,1545216,-9216,1784832,87040,-54288,-82480,-574,-136194,-150
17696,1545216,-9216,1783808,102400,-54056,-83393,4888,-147065,-78
17701,1545216,-9216,1815552,71680,-61248,-84389,9684,-155321,-45
17706,1577984,-9216,1853440,50176,-62408,-85296,32438,-180142,1772
17711,1577984,-9216,1851392,35840,-61944,-86093,34825,-184815,868
17716,1577984,-9216,1859584,105472,-63800,-86978,36156,-186934,451
17721,1734656,-9216,1850368,72704,-26216,-87587,31968,-145771,8839
17726,1734656,-9216,1839104,56320,-23664,-87814,20321,-130673,4343
17731,1790976,-9216,1821696,9216,-6960,-87897,12828,-107685,4375
17736,1790976,-9216,1818624,-24576,-6264,-87923,12736,-106923,2291
17741,1790976,-9216,1793024,-36864,-464,-87958,-6128,-81706,1123
17747,1992704,-9216,1805312,-50176,42456,-87376,3453,-48373,8109
17752,2014208,-9216,1809408,-10240,46400,-86731,3694,-44025,5430
17757,2014208,-9216,1821696,6144,43616,-86078,6678,-59283,2666
17762,2014208,-9216,1855488,95232,35960,-85466,17028,-66534,1395
17767,2014208,-9216,1880064,90112,30392,-84975,21170,-75753,728
17772,2014208,-9216,1901568,88064,25520,-84603,8720,-65441,355
17777,2014208,-9216,1930240,54272,19024,-84316,14630,-79922,183
17782,2014208,-9216,1991680,-7168,5104,-84275,26942,-106113,92
17787,2014208,-9216,2051072,-63488,-6264,-84428,25404,-116096,42
17792,2057216,-9216,2091008,-145408,-7656,-84645,23362,-115663,1621
17797,2057216,-9216,2145280,-136192,-19952,-85018,25749,-130719,846
17802,2057216,-9216,2201600,-99328,-32712,-85589,30706,-149007,412
17807,2057216,-9216,2238464,-30720,-41064,-86240,27424,-154728,211
17812,2057216,-9216,2253824,58368,-44544,-86965,14676,-146185,106
17817,2057216,-9216,2251776,114688,-44080,-87796,-4235,-127641,48
17822,2014208,-9216,2277376,98304,-59624,-88770,-643,-147751,-1482
17827,2014208,-9216,2280448,59392,-60320,-89756,-8503,-126725,-732
17832,2014208,-9216,2272256,-59392,-58464,-90872,-22697,-126639,-388
17837,1992704,-9216,2295808,-109568,-68672,-91985,-10064,-150593,-959
17842,1992704,-9216,2307072,-96256,-71224,-93110,14744,-185459,-476
17847,1992704,-9216,2335744,-34816,-77720,-94364,13046,-185130,-254
17852,1992704,-9216,2344960,78848,-79808,-95507,17533,-192848,-137
17857,1992704,-9216,2353152,162816,-81664,-96643,23821,-202128,-75
17862,1992704,-9216,2338816,195584,-78416,-97890,11715,-188021,-41
17867,1992704,-9216,2343936,144384,-79576,-98986,18749,-197311,-26
17872,1992704,-9216,2327552,48128,-75864,-100068,9523,-182073,-15
17877,2014208,-9216,2341888,-32768,-74240,-101245,23259,-198744,1329
17882,2014208,-9216,2337792,-77824,-73312,-102231,23718,-199261,693
17887,2014208,-9216,2321408,-23552,-69600,-103315,19633,-194404,337
17892,2014208,-9216,2325504,133120,-70528,-104283,19197,-194008,171
17897,2014208,-9216,2305024,192512,-65888,-105232,6230,-177350,86
17902,2014208,-9216,2264064,154624,-56608,-106263,-21642,-141229,39
17907,1992704,-9216,2222080,107520,-51968,-107174,-47941,-111201,-1328
17912,1992704,-9216,2223104,57344,-52200,-108140,-42927,-117413,-700
17917,1992704,-9216,2238464,75776,-55680,-109203,-28251,-136632,-348
17922,1992704,-9216,2248704,102400,-58000,-110175,-19978,-148197,-186
17927,1992704,-9216,2251776,112640,-58696,-111168,-19966,-149898,-101
17932,1809408,-9216,2270208,53248,-104400,-112714,-10098,-207016,-7832
17937,1828864,-9216,2276352,-34816,-101384,-114370,-9352,-206402,-2895
17942,1828864,-9216,2288640,-64512,-104168,-115984,-4097,-216055,-1521
17947,1828864,-9216,2336768,-81920,-115072,-117798,26517,-259387,-752
17952,1828864,-9216,2338816,35840,-115536,-119437,26322,-261295,-396
17957,1828864,-9216,2312192,157696,-109504,-121034,9064,-239602,-211
17962,1888256,-9216,2254848,201728,-83056,-122545,-22996,-182605,2412
17967,1888256,-9216,2227200,152576,-76792,-123744,-29043,-171493,1261
17972,1888256,-9216,2207744,68608,-72384,-124863,-26863,-170384,659
17977,2124800,-9216,2176000,53248,-11600,-125416,-29203,-107813,10357
17982,2171904,-9216,2170880,53248,232,-125535,-16948,-108355,8189
17987,2171904,-9216,2173952,80896,-464,-125507,-4154,-121817,4291
17992,2171904,-9216,2214912,90112,-9744,-125557,24452,-159753,2106
17997,2171904,-9216,2225152,55296,-12064,-125707,20321,-158092,1100
18002,2171904,-9216,2257920,23552,-19488,-125984,26483,-200289,538
18007,2171904,-9216,2340864,-7168,-38280,-126452,63729,-228461,279
18012,2171904,-9216,2370560,63488,-45008,-127012,58945,-230965,142
18017,2171904,-9216,2399232,155648,-51504,-127697,52875,-232076,66
18022,2057216,-9216,2412544,244736,-80504,-128852,37407,-246763,-4532
18027,2057216,-9216,2392064,187392,-75864,-130070,3614,-209548,-2380
18032,2057216,-9216,2395136,62464,-76560,-131412,-11085,-195031,-1174
18037,1697792,-9216,2396160,4096,-158224,-133679,-15113,-276790,-14918
18042,1406976,-9216,2420736,22528,-229680,-136490,-2915,-363255,-23802
18047,1406976,-9216,2399232,106496,-225736,-140320,-15606,-350450,-11707
18052,1406976,-9216,2379776,115712,-220400,-143740,-26576,-337564,-6144
18057,1105920,-9216,2324480,102400,-276080,-147332,-50087,-373325,-19763
18062,1105920,-9216,2268160,81920,-268192,-151888,-46071,-374009,-9720
18067,1105920,-9216,2255872,72704,-260536,-155842,-38303,-378075,-5101
18072,642048,-9216,2210816,87040,-355424,-160058,-33162,-482320,-28160
18077,642048,-9216,2123776,81920,-335704,-165640,-69146,-426398,-13849
18082,443392,-9216,1974272,-2048,-346840,-170989,-103731,-414098,-14676
18087,369664,-9216,1846272,-91136,-334544,-176139,-132234,-378449,-11751
18092,369664,-9216,1724416,1024,-309024,-181555,-132314,-358265,-5781
18097,369664,-9216,1607680,165888,-280488,-186041,-143169,-323360,-3036
18102,125952,-9216,1498112,146432,-310880,-190359,-130386,-370853,-14147
18107,125952,-9216,1354752,-20480,-278400,-195101,-127759,-345742,-6960
18112,125952,-9216,1210368,-67584,-245688,-198888,-134701,-309875,-3653
18117,125952,-9216,1020928,75776,-202768,-202232,-172843,-232157,-1919
18122,125952,-9216,866304,231424,-167736,-205427,-181609,-191554,-948
18127,3072,-9216,760832,125952,-171680,-208284,-168046,-211918,-5084
18132,3072,-9216,678912,-8192,-153120,-210796,-140897,-223019,-2671
18137,3072,-9216,645120,-92160,-145464,-213182,-76444,-282202,-1318
18142,3072,-9216,539648,96256,-121568,-215012,-79772,-256808,-695
18147,9216,-9216,441344,285696,-97904,-216575,-87391,-227088,-53
18152,9216,-9216,308224,289792,-67744,-217957,-121608,-164093,-30
18157,12288,-9216,250880,154624,-54056,-218901,-100071,-172886,88
18162,12288,-9216,172032,28672,-36192,-219531,-91912,-164768,39
18167,12288,-9216,61440,92160,-11136,-219901,-103031,-128006,16
18172,12288,-9216,-40960,131072,12064,-219956,-117558,-90334,6
18177,12288,-9216,-100352,150528,25984,-219745,-101034,-92727,0
18182,12288,-9216,-173056,88064,41992,-219368,-106301,-71075,0
18187,9216,-9216,-163840,81920,39208,-218882,-62009,-117665,-111
18192,9216,-9216,-157696,60416,37816,-218232,-14539,-169589,-59
18197,9216,-9216,-175104,190464,41760,-217542,-15399,-160383,-35
18202,9216,-9216,-181248,225280,43152,-216769,1767,-175384,-23
18207,0,-9216,-232448,239616,55448,-215804,-20678,-139678,-432
18212,0,-9216,-273408,149504,61944,-214867,-23168,-129755,-230
18217,0,-9216,-261120,117760,59160,-213879,2111,-156830,-125
18222,0,-9216,-264192,157696,59856,-212771,11222,-164137,-66
18227,0,-9216,-305152,249856,69136,-211669,-4613,-137920,-39
18232,0,-9216,-337920,270336,76560,-210475,-11647,-122268,-25
18237,0,-9216,-380928,227328,86304,-209045,-34723,-84306,-15
18242,0,-9216,-420864,141312,95352,-207662,-33759,-78551,-15
18247,0,-9216,-453632,13312,102776,-206221,-42135,-61310,-15
18252,0,-9216,-453632,-70656,101616,-204581,-23019,-79946,-15
18257,0,-9216,-453632,-13312,102776,-203056,-16317,-83963,-15
18262,0,-9216,-461824,25600,104632,-201489,-12760,-84097,-15
18267,0,-9216,-459776,100352,104168,-199760,-5302,-90290,-15
18272,0,-9216,-472064,92160,106952,-198200,-13495,-77753,-15
18277,0,-9216,-468992,84992,106256,-196705,-16730,-73719,-15
18282,0,-9216,-455680,8192,103240,-195121,-15308,-76573,-15
18287,0,-9216,-427008,13312,96744,-193764,-5497,-91523,-15
18292,0,-9216,-413696,33792,93728,-192463,-7711,-91024,-15
18297,0,-9216,-375808,132096,85144,-191092,7447,-113395,-15
18302,0,-9216,-374784,139264,84912,-189860,0,-104948,-15
18307,0,-9216,-386048,103424,87464,-188498,-2594,-101456,-15
18312,0,-9216,-396288,6144,89784,-187232,-19232,-78216,-15
18317,0,-9216,-407552,-88064,92336,-185919,-22456,-71127,-15
18322,0,-9216,-421888,-149504,95584,-184562,-24614,-102493,-15
18327,0,-9216,-396288,-122880,89784,-183024,4566,-97806,-15
18332,0,-9216,-409600,-59392,92800,-181558,5725,-94483,-15
18337,0,-9216,-434176,41984,98368,-180060,19977,-108956,-15
18342,0,-9216,-429056,95232,97208,-178386,7527,-88705,-15
18347,0,-9216,-444416,113664,100688,-176846,768,-76926,-15
18352,0,-9216,-464896,92160,105328,-175159,6861,-82492,-15
18357,0,-9216,-433152,25600,98136,-173628,12484,-87976,-15
18362,0,-9216,-429056,18432,97208,-172117,14125,-89034,-15
18367,0,-9216,-421888,105472,88160,-170501,38072,-120413,-15
18372,0,-9216,-387072,144384,87696,-169037,35651,-116992,-15
18377,0,-9216,-392192,160768,88856,-167561,30786,-109491,-15
18382,0,-9216,-398336,193536,90248,-165935,25106,-100793,-15
18387,0,-9216,-399360,117760,90480,-164437,25439,-99396,-15
18392,0,-9216,-418816,28672,94888,-162925,12828,-80865,-15
18397,0,-9216,-408576,-49152,92568,-161255,22926,-91613,-15
18402,0,-9216,-393216,-68608,89088,-159724,38198,-108834,-15
18407,0,-9216,-387072,-46080,87696,-158185,44831,-115320,-15
18412,0,-9216,-378880,53248,85840,-156527,47940,-118627,-15
18417,0,-9216,-371712,92160,84216,-155012,51979,-122775,-15
18422,0,-9216,-380928,110592,86304,-153513,42742,-109951,-15
18427,0,-9216,-414720,33792,93960,-151894,12782,-70716,-15
18432,0,-9216,-410624,19456,93032,-150431,12736,-70135,-15
18437,0,-9216,-412672,1024,93496,-148995,6873,-62372,-15
18442,0,-9216,-415744,-37888,94192,-147452,-1217,-52043,-15
18447,0,-9216,-398336,5120,90248,-146082,6322,-62156,-15
18452,0,-9216,-387072,44032,87696,-144762,6299,-63365,-15
18457,0,-9216,-408576,118784,92568,-143299,-14378,-36353,-15
18462,0,-9216,-407552,130048,92336,-141988,-17729,-31923,-15
18467,0,-9216,-411648,114688,93264,-140664,-49410,11212,-15
18472,0,-9216,-457728,37888,103704,-139182,-54195,18717,-15
18477,15360,-9216,-439296,-23552,103008,-137823,-42101,7286,525
18482,30720,-9216,-427008,-64512,103704,-136444,-36237,5048,997
18487,30720,-9216,-412672,-18432,100456,-134881,-23363,-11062,520
18492,30720,-9216,-390144,7168,95352,-133504,-9479,-28673,270
18497,79872,-9216,-380928,41984,104400,-132081,-6323,-21358,2670
18502,79872,-9216,-363520,124928,100456,-130412,3442,-33398,1308
18507,95232,-9216,-367616,98304,104864,-128850,-2032,-21954,1220
18512,181248,-9216,-367616,48128,124352,-127138,-3076,294,4489
18517,181248,-9216,-356352,-35840,121800,-125107,3740,-7047,2350
18522,221184,-9216,-343040,-83968,127832,-123139,11669,-6976,2625
18527,221184,-9216,-317440,-110592,122032,-121203,27607,-26778,1286
18532,221184,-9216,-280576,-55296,113680,-119132,45909,-51361,671
18537,221184,-9216,-260096,-30720,109040,-117299,51050,-59309,348
18542,435200,-9216,-272384,24576,160312,-114912,28170,17230,9855
18547,451584,-9216,-254976,-2048,160080,-112451,29707,17922,6189
18552,451584,-9216,-235520,-37888,155672,-110014,30625,15033,3242
18557,451584,-9216,-229376,-118784,154280,-107446,16489,30345,1590
18562,483328,-9216,-198656,-156672,154512,-105228,18634,30650,2813
18567,483328,-9216,-166912,-189440,147320,-103048,17854,26418,1472
18572,483328,-9216,-126976,-185344,130384,-100804,45382,-15802,720
18577,483328,-9216,-46080,-186368,119944,-98891,53804,-32751,375
18582,483328,-9216,-13312,-171008,112520,-97098,52530,-37108,195
18587,479232,-9216,53248,-65536,96512,-95272,73426,-72186,-82
18592,479232,-9216,88064,-55296,88624,-93688,78050,-83114,-46
18597,479232,-9216,114688,-47104,82592,-92206,75938,-85552,-28
18602,416768,-9216,128000,-31744,65424,-90829,64361,-89766,-2669
18607,401408,-9216,140288,-63488,59160,-89723,54194,-84757,-2364
18612,401408,-9216,148480,-102400,57304,-88719,44739,-76154,-1244
18617,401408,-9216,145408,-180224,58000,-87681,27114,-56795,-616
18622,355328,-9216,145408,-205824,47560,-86790,18359,-57589,-3027
18627,355328,-9216,152576,-216064,45936,-86039,18072,-58175,-1590
18632,331776,-9216,159744,-197632,38976,-85274,19874,-66172,-1785
18637,331776,-9216,158720,-173056,39208,-84596,18646,-64034,-940
18642,331776,-9216,136192,-132096,44312,-83885,4830,-44403,-465
18647,314368,-9216,111616,-54272,45936,-83095,-6851,-30308,-986
18652,314368,-9216,89088,-54272,51040,-82323,-12955,-18328,-521
18657,314368,-9216,69632,-57344,55448,-81498,-17832,-7205,-261
18662,288768,-9216,44032,-97280,55448,-80599,-22089,-3062,-1159
18667,269312,-9216,17408,-122880,57072,-79762,-29880,7190,-1752
18672,269312,-9216,-5120,-166912,58696,-78827,-20253,122,-866
18677,269312,-9216,3072,-177152,60320,-77926,-13277,-4329,-459
18682,269312,-9216,-10240,-183296,63336,-76973,-11257,-2380,-245
18688,269312,-9216,8192,-154624,59160,-75899,11658,-28397,-125
18693,184320,-9216,11264,-134144,39208,-75120,21147,-57059,-3450
18698,172032,-9216,6144,-110592,37584,-74406,21354,-58176,-2489
18703,172032,-9216,-20480,-64512,43616,-73637,4670,-34691,-1228
18708,172032,-9216,-26624,-56320,45008,-72926,2375,-30293,-647
18713,79872,-9216,-40960,-52224,27376,-72278,-3902,-25732,-5069
18718,79872,-9216,-74752,-121856,35032,-71786,-24464,-12290,-2662
18723,64512,-12288,-88064,-130048,34568,-71351,-28962,-7821,-2010
18728,64512,-12288,-115712,-141312,40832,-70888,-42594,12538,-991
18733,64512,-12288,-147456,-233472,48024,-70290,-52348,30082,-523
18738,0,-9216,-180224,-239616,40832,-69874,-62434,33392,-2685
18743,0,-9216,-201728,-235520,45704,-69393,-45245,17675,-1323
18748,0,-9216,-212992,-259072,48256,-68734,-46266,25788,-697
18753,0,-9216,-241664,-238592,54752,-68024,-45073,31801,-370
18758,0,-9216,-269312,-206848,61016,-67133,-12921,-2012,-186
18763,0,-9216,-242688,-157696,54984,-66215,-1274,-9957,-101
18768,0,-9216,-263168,-118784,59624,-65227,2157,-7760,-57
18773,0,-9216,-274432,-82944,62176,-64093,25255,-32276,-31
18778,0,-9216,-274432,-43008,62176,-62984,22409,-23217,-21
18783,0,-9216,-282624,-31744,64032,-61842,26793,-24603,-15
18788,-4096,-9216,-296960,-56320,66352,-60582,22432,-16662,-211
18793,-4096,-9216,-310272,-58368,69368,-59401,19185,-9218,-114
18798,-4096,-9216,-322560,-70656,72152,-58196,16316,-2360,-63
18803,-4096,-9216,-351232,-147456,78648,-56865,-1366,23149,-35
18808,-4096,-9216,-358400,-155648,80272,-55637,-2835,27470,-23
18813,-4096,-9216,-359424,-174080,80504,-54402,-723,26825,-15
18818,-4096,-9216,-369664,-216064,82824,-53038,-6025,35811,-15
18823,-4096,-9216,-362496,-226304,81200,-51799,504,28897,-15
18828,-4096,-9216,-358400,-229376,80272,-50559,4429,32460,-15
18833,0,-9216,-366592,-180224,83056,-49189,-1389,35256,183
18838,0,-9216,-364544,-179200,82592,-47938,206,34448,92
18843,0,-9216,-361472,-171008,81664,-46565,3121,31978,42
18848,0,-9216,-357376,-64512,80968,-45325,4601,31042,18
18853,0,-9216,-354304,-59392,80272,-44081,6792,29399,7
18858,0,-9216,-345088,-58368,78648,-42725,10648,25275,0
18863,0,-9216,-340992,19456,77256,-41485,15020,20751,0
18868,0,-9216,-337920,13312,76560,-40245,16970,19345,0
18873,0,-9216,-328704,2048,74472,-38884,5209,35715,0
18878,0,-9216,-351232,33792,79576,-37629,7045,34902,0
18883,0,-9216,-351232,13312,79576,-36379,6804,36393,0
18888,0,-9216,-390144,3072,88392,-35003,-22835,76224,0
18893,0,-9216,-379904,-16384,86072,-33787,-18486,70771,0
18898,0,-9216,-389120,-31744,88160,-32602,-30534,86092,0
18903,0,-9216,-396288,-84992,89784,-31313,-39496,97967,0
18908,0,-9216,-388096,-92160,87928,-30194,-39726,97460,0
18913,0,-9216,-388096,-107520,87928,-29088,-44361,103201,0
18918,0,-9216,-375808,-116736,85144,-27878,-37431,94697,0
18923,0,-9216,-370688,-119808,83984,-26826,-38796,95954,0
18928,0,-9216,-356352,-118784,80736,-25788,-32336,87284,0
18933,0,-9216,-312320,-109568,70760,-24655,-2158,48263,0
18938,0,-9216,-305152,-105472,69136,-23648,-505,45993,0
18943,0,-9216,-301056,-93184,68208,-22655,-999,46552,0
18948,0,-9216,-276480,-86016,62640,-21570,14423,26647,0
18953,0,-9216,-276480,-75776,62640,-20580,12943,29117,0
18958,0,-9216,-277504,-67584,62872,-19579,12323,30970,0
18963,0,-9216,-295936,-63488,67048,-18455,378,48215,0
18968,0,-9216,-302080,-66560,68440,-17412,-1435,52463,0
18973,0,-9216,-321536,-63488,72848,-16353,-13001,66869,0
18978,0,-9216,-324608,-96256,73544,-15182,-12852,71214,0
18983,0,-9216,-330752,-91136,74936,-14117,-16031,76850,0
18988,0,-9216,-346112,-92160,78416,-13033,-24855,90238,0
18993,0,-9216,-352256,-116736,79808,-11829,-26277,94256,0
18998,0,-9216,-354304,-112640,80272,-10740,-26404,95936,0
19003,0,-9216,-356352,-93184,80736,-9648,-26713,97801,0
19008,0,-9216,-320512,-114688,72616,-8449,768,63399,0
19013,0,-9216,-316416,-102400,71688,-7391,814,63483,0
19018,0,-9216,-293888,-124928,66584,-6255,12931,47398,0
19023,0,-9216,-288768,-114688,65424,-5249,11245,48930,0
19028,0,-9216,-284672,-109568,64496,-4270,8410,51816,0
19033,0,-12288,-282624,-165888,64032,-3221,4027,56784,0
19038,0,-12288,-291840,-163840,66120,-2280,-7505,71345,0
19043,0,-12288,-300032,-154624,67976,-1354,-17580,84202,0
19048,0,-12288,-289792,-227328,65656,-352,-13334,78638,0
19053,0,-12288,-300032,-211968,67976,534,-25061,93571,0
19058,0,-12288,-295936,-203776,67048,1386,-27643,96077,0
19063,0,-12288,-286720,-225280,64960,2333,-21928,89221,0
19068,0,-12288,-284672,-217088,64496,3166,-23409,91071,0
19073,0,-12288,-278528,-214016,54752,4074,6586,52240,0
19078,0,-15360,-235520,-196608,53360,4899,9948,48311,0
19083,0,-15360,-237568,-190464,53824,5721,7320,52225,0
19088,0,-15360,-235520,-193536,47096,6609,26942,26763,0
19093,0,-15360,-207872,-152576,47096,7422,25749,28769,0
19098,0,-15360,-197632,-153600,44776,8228,31830,21174,0
19103,0,-15360,-204800,-95232,46400,9102,23545,31957,0
19108,3072,-15360,-205824,-111616,47328,9907,21308,35927,147
19113,3072,-15360,-203776,-126976,46864,10693,19311,38246,74
19118,3072,-15360,-211968,-77824,48720,11518,6965,53273,33
19123,3072,-15360,-201728,-95232,46400,12205,5186,53419,14
19128,3072,-15360,-186368,-117760,42920,12830,5496,50254,4
19133,9216,-67584,-181248,-61440,43152,13491,-1710,58353,211
19138,9216,-67584,-166912,-73728,39904,14022,-3064,56990,106
19143,9216,-67584,-147456,-88064,35496,14506,401,49601,52
19148,12288,-129024,-122880,-31744,30624,15011,8640,36995,122
19153,12288,-141312,-104448,-41984,26448,15415,12082,29781,60
19158,12288,-141312,-89088,-50176,22968,15785,14561,27078,26
19163,12288,-141312,-81920,-46080,21344,16157,11279,26222,11
19168,18432,-159744,-69632,-62464,19952,16492,14400,22044,299
19173,18432,-159744,-57344,-84992,17168,16820,-5692,49000,719
19178,27648,-172032,-108544,-120832,30856,17219,-23271,71346,374
19183,27648,-172032,-109568,-153600,31088,17582,-25222,73892,194
19188,27648,-196608,-145408,-210944,41992,18018,-49158,109168,859
19193,39936,-196608,-144384,-234496,41760,18445,-47069,107274,447
19198,39936,-196608,-145408,-251904,41992,18874,-47115,107981,231
19203,39936,-196608,-159744,-274432,45240,19393,-54149,118782,110
19208,39936,-196608,-156672,-285696,44544,19835,-50489,114868,55
19213,70656,-228352,-147456,-293888,49416,20336,-43306,113058,1416
19218,89088,-256000,-114688,-287744,46168,20970,-15594,82732,1773
19223,89088,-256000,-111616,-283648,45472,21584,-13506,80562,926
19228,89088,-256000,-88064,-293888,40136,22179,1950,60365,482
19233,89088,-256000,-68608,-246784,35728,22815,12954,45589,233
19238,89088,-256000,-58368,-264192,33408,23381,17395,39394,119
19243,132096,-311296,-56320,-260096,42688,24042,17188,49542,2005
19248,159744,-331776,-68608,-246784,51736,24840,5197,71379,2602
19253,159744,-331776,-58368,-257024,49416,25622,9064,65974,1362
19258,165888,-355328,-70656,-246784,53592,26483,-4085,84160,911
19263,172032,-369664,-71680,-253952,55216,27254,-8606,91076,835
19268,172032,-369664,-68608,-276480,54520,28022,-10270,92812,435
19273,168960,-372736,-59392,-267264,51736,28833,-7723,88292,88
19278,168960,-379904,-30720,-281600,45240,29520,7584,67176,42
19283,168960,-379904,-14336,-295936,41528,30178,13264,58442,18
19288,168960,-379904,6144,-321536,36888,30858,20516,47230,6
19293,168960,-379904,19456,-333824,33872,31443,23075,42240,0
19298,168960,-379904,32768,-338944,30856,32011,27137,35730,0
19303,172032,-379904,28672,-384000,32480,32610,17039,48051,120
19308,172032,-379904,32768,-382976,31552,33153,16156,48549,60
19313,172032,-379904,33792,-382976,31320,33703,15490,49533,28
19318,172032,-379904,0,-427008,38976,34313,-10224,83513,11
19323,165888,-384000,-1024,-418816,37816,34861,-11016,83693,-336
19328,165888,-384000,-7168,-420864,39208,35398,-15250,89856,-180
19333,165888,-384000,-22528,-451584,42688,35996,-25543,104227,-93
19338,165888,-384000,-19456,-443392,41992,36515,-24866,103373,-53
19343,165888,-384000,-14336,-443392,40832,37019,-23512,101363,-31
19348,159744,-384000,-25600,-432128,41992,37569,-31487,111048,-249
19353,153600,-384000,-14336,-423936,38048,38025,-25761,101834,-450
19358,153600,-384000,-5120,-441344,35960,38464,-20896,95320,-240
19363,153600,-384000,4096,-401408,33872,38969,-13357,86198,-121
19368,141312,-324608,9216,-407552,29928,39418,-7918,77264,-700
19373,141312,-324608,34816,-436224,24128,39836,11451,52513,-371
19378,116736,-318464,46080,-406528,16008,40211,18416,37803,-1102
19383,89088,-297984,60416,-416768,6496,40486,26896,20086,-2006
19388,89088,-297984,76800,-422912,2784,40695,19896,28234,-990
19393,79872,-288768,65536,-419840,3248,40893,26644,17497,-844
19398,18432,-218112,71680,-427008,-12064,40989,30625,-1700,-3611
19403,18432,-218112,49152,-423936,-6960,40992,17613,38778,-1780
19408,18432,-218112,13312,-437248,1160,41058,-1389,43607,-937
19413,0,-141312,-3072,-448512,696,41158,-2938,44792,-1445
19418,0,-141312,-22528,-442368,6496,41281,-10385,58162,-715
19423,-4096,-125952,-44032,-448512,9048,41434,-10810,61292,-522
19428,-4096,-125952,-62464,-431104,13224,41624,-14516,69364,-278
19433,-4096,-125952,-81920,-425984,17632,41875,-18922,78429,-141
19438,0,-79872,-93184,-405504,21112,42141,-19932,83185,65
19443,0,-79872,-104448,-381952,23664,42418,-23087,89169,30
19448,0,-79872,-95232,-363520,21576,42739,-11659,75974,12
19453,0,-55296,-96256,-323584,21808,43026,-9869,74703,2
19458,0,-55296,-100352,-288768,22736,43310,-12141,78187,0
19463,0,-49152,-76800,-250880,17400,43617,5737,55280,0
19468,0,-49152,-71680,-226304,16240,43901,9764,50377,0
19473,0,-46080,-72704,-201728,15312,44217,12966,46563,0
19478,0,-46080,-71680,-178176,16240,44535,12759,48016,0
19483,0,-46080,-71680,-166912,16240,44876,16764,44352,0
19488,0,-43008,-77824,-152576,17632,45290,17934,44988,0
19493,0,-43008,-83968,-146432,19024,45700,19070,45654,0
19498,0,-43008,-86016,-161792,19488,46130,22731,42887,0
19503,0,-43008,-124928,-167936,28304,46623,-1825,76752,0
19508,0,-43008,-130048,-187392,29464,47093,-1469,78026,0
19513,0,-43008,-137216,-208896,31088,47570,-10867,91895,0
19518,0,-43008,-153600,-221184,34800,48092,-14562,97454,0
19523,0,-43008,-151552,-253952,34336,48538,-15044,97918,0
19528,0,-43008,-142336,-253952,34104,49009,-16948,100061,0
19533,0,-43008,-137216,-280576,31088,49398,-11991,92477,0
19538,0,-21504,-134144,-294912,30392,49778,-13116,93286,0
19543,0,-21504,-126976,-312320,28768,50167,-6094,83173,0
19548,0,-21504,-115712,-277504,26216,50515,-6220,82951,0
19553,0,-21504,-105472,-294912,23896,50853,-746,75495,0
19558,0,-21504,-101376,-295936,22968,51211,13448,56555,0
19563,0,-21504,-79872,-274432,18096,51523,12645,56974,0
19568,0,-21504,-72704,-269312,16472,51829,15972,52329,0
19573,0,-21504,-63488,-262144,14384,52144,24349,40555,0
19578,0,-21504,-51200,-243712,11600,52442,27470,36572,0
19583,0,-21504,-56320,-224256,12760,52746,23649,41857,0
19589,0,-21504,-62464,-224256,14152,53079,18485,48746,0
19594,0,-21504,-68608,-202752,15544,53396,14997,53943,0
19599,0,-18432,-75776,-178176,17168,53716,10728,60156,0
19604,0,-18432,-91136,-212992,20648,54061,-953,75662,0
19609,0,-18432,-93184,-188416,21112,54390,-907,76409,0
19614,0,-15360,-97280,-160768,22040,54712,-3913,80665,0
19619,0,-15360,-105472,-192512,23896,55087,-7608,86591,0
19624,0,-15360,-118784,-169984,26912,55426,-16398,98736,0
19629,0,-15360,-128000,-147456,29000,55790,-20792,105582,0
19634,0,-15360,-132096,-174080,29928,56195,-21091,107214,0
19639,0,-9216,-137216,-167936,31088,56552,-24315,111955,0
19644,0,-9216,-145408,-169984,29000,56969,-14252,100221,0
19649,0,-9216,-135168,-153600,30624,57353,-17293,105270,0
19654,0,-12288,-135168,-138240,30624,57734,-16432,104790,0
19659,0,-12288,-137216,-141312,24592,58154,4107,78639,0
19664,0,-12288,-104448,-123904,23664,58523,5955,76232,0
19669,0,-12288,-106496,-133120,24128,58891,3499,79520,0
19674,0,-9216,-99328,-125952,19720,59290,17200,61810,0
19679,0,-9216,-82944,-132096,18792,59651,18692,59751,0
19684,0,-9216,-73728,-129024,16704,60004,23970,52738,0
19689,0,-9216,-68608,-132096,13920,60364,29317,44967,0
19694,0,-9216,-57344,-152576,12992,60704,31497,42199,0
19699,0,-9216,-48128,-153600,10904,61019,35582,36341,0
19704,0,-9216,-54272,-179200,12296,61327,25094,48529,0
19709,0,-9216,-62464,-167936,14152,61591,14526,61217,0
19714,0,-9216,-67584,-159744,15312,61843,7366,69789,0
19719,0,-9216,-81920,-186368,18560,62100,-7333,87993,0
19724,0,-9216,-74752,-172032,16936,62290,-7907,87133,0
19729,0,-9216,-78848,-145408,17864,62452,-16994,97310,0
19734,0,-9216,-88064,-174080,19952,62623,-27459,110034,0
19739,0,-9216,-79872,-157696,18096,62759,-24476,105331,0
19744,0,-12288,-88064,-136192,19952,62873,-34964,117789,0
19749,0,-12288,-81920,-126976,18560,63018,-30202,111780,0
19754,0,-12288,-88064,-106496,19952,63139,-35755,118846,0
19759,0,-12288,-88064,-99328,19952,63269,-35859,119080,0
19764,0,-12288,-73728,-72704,16704,63450,-22066,102220,0
19769,0,-12288,-79872,-66560,18096,63619,-24510,106225,0
19774,0,-12288,-68608,-72704,15544,63807,-13127,92478,0
19779,0,-12288,-58368,-51200,13224,64021,-3317,80562,0
19784,0,-12288,-51200,-51200,11600,64223,3568,72255,0
19789,0,-9216,-41984,-58368,9512,64418,10499,63431,0
19794,0,-9216,-33792,-46080,7656,64634,16213,56077,0
19799,0,-9216,-33792,-62464,7656,64850,17625,54881,0
19804,0,-9216,-32768,-69632,7424,65087,21411,51100,0
19809,0,-9216,-47104,-64512,10672,65343,11795,64220,0
19814,0,-9216,-40960,-80896,9280,65575,16466,58389,0
19819,0,-9216,-28672,-105472,6496,65797,24704,47589,0
19824,0,-9216,-47104,-100352,10672,66010,6988,69694,0
19829,0,-9216,-33792,-122880,7656,66174,12289,61541,0
19834,0,-9216,-25600,-161792,5800,66301,12381,59720,0
19839,0,-9216,-41984,-145408,9512,66417,-5749,81678,0
19844,0,-9216,-23552,-193536,5336,66506,4119,67723,0
19849,0,-9216,-20480,-220160,4640,66593,4130,67103,0
19854,0,-9216,-27648,-200704,6264,66673,-3902,76839,0
19859,0,-9216,-22528,-228352,5104,66736,-1917,73757,0
19864,0,-9216,-15360,-261120,3480,66795,2226,66270,0
19869,0,-9216,-11264,-219136,2552,66844,3316,66080,0
19874,0,-9216,-10240,-235520,2320,66886,3132,66074,0
19879,0,-9216,-2048,-246784,464,66923,8686,53452,0
19884,0,-9216,-7168,-202752,1624,66981,6322,62283,0
19889,0,-9216,-3072,-215040,696,67047,11887,55856,0
19894,0,-9216,-17408,-192512,3944,67133,4624,46456,0
19899,0,-9216,-8192,-164864,1856,67253,16236,52873,0
19904,0,-9216,-32768,-156672,7424,67399,3660,71163,0
19909,0,-9216,-45056,-138240,10208,67583,2226,75565,0
19914,0,-9216,-35840,-128000,8120,67810,15077,60853,0
19919,0,-9216,-56320,-113664,12760,68070,7676,73154,0
19924,0,-9216,-76800,-101376,17400,68396,16729,64195,0
19929,0,-9216,-86016,-92160,19488,68760,3821,84427,0
19934,0,-9216,-97280,-81920,22040,69155,4027,87168,0
19939,0,-9216,-124928,-97280,28304,69634,-7700,105638,0
19944,0,-9216,-141312,-91136,32016,70105,-12462,114583,0
19949,0,-9216,-151552,-88064,34336,70635,-10270,115241,0
19954,0,-9216,-177152,-123904,40136,71273,-19140,130549,0
19959,0,-12288,-190464,-133120,43152,71916,-17396,132464,0
19964,0,-12288,-191488,-144384,43384,72584,-9536,125504,0
19969,0,-12288,-204800,-155648,46400,73348,-11773,131521,0
19974,0,-12288,-197632,-163840,44776,74038,-3064,121878,0
19979,0,-12288,-196608,-177152,44544,74724,-735,120003,0
19984,0,-12288,-186368,-177152,42224,75467,6884,110807,0
19989,0,-12288,-184320,-193536,41760,76123,6815,111068,0
19994,0,-9216,-172032,-205824,38976,76761,13769,101968,0
19999,0,-9216,-168960,-172032,38280,77452,14721,101011,0
20004,0,-9216,-161792,-188416,36656,78079,19082,95653,0
20009,0,-9216,-163840,-196608,37120,78666,13115,102671,0
20014,0,-9216,-139264,-173056,31552,79285,26162,84675,0
20019,0,-12288,-131072,-183296,29696,79823,27275,82244,0
20024,0,-12288,-121856,-198656,27608,80352,36202,68278,0
20029,0,-12288,-101376,-193536,22968,80807,32553,71222,0
20034,0,-12288,-96256,-193536,21808,81231,29409,73630,0
20039,0,-12288,-75776,-175104,17168,81668,37212,61624,0
20044,0,-12288,-68608,-162816,15544,82055,37590,60009,0
20049,0,-12288,-60416,-159744,13688,82410,37694,58404,0
20054,0,-12288,-64512,-132096,14616,82751,25817,71550,0
20059,0,-12288,-58368,-137216,13224,83031,23132,73123,0
20064,0,-12288,-49152,-141312,11136,83276,22582,71830,0
20069,0,-12288,-66560,-133120,15080,83520,2386,96214,0
20074,0,-12288,-51200,-140288,11600,83759,12576,82783,0
20079,0,-9216,-51200,-162816,11600,84004,12725,82879,0
20084,0,-9216,-65536,-172032,14848,84285,3591,95542,0
20089,0,-9216,-72704,-187392,16472,84577,2868,98181,0
20094,0,-12288,-87040,-206848,19720,84911,-930,118100,0
20099,0,-12288,-98304,-215040,22272,85310,-1894,109476,0
20104,0,-12288,-105472,-228352,23896,85703,-815,110414,0
20109,0,-12288,-122880,-217088,27840,86118,-7861,120412,0
20114,0,-12288,-133120,-215040,30160,86588,-10569,127317,0
20119,0,-12288,-143360,-203776,32480,87018,-15445,134943,0
20124,0,-12288,-146432,-189440,33176,87503,-6266,124393,0
20129,-4096,-12288,-135168,-175104,29696,87920,-6357,123973,-186
20134,-4096,-12288,-136192,-179200,29928,88320,-8193,126441,-101
20139,-4096,-12288,-146432,-178176,26216,88759,3603,111372,-54
20144,-4096,-12288,-135168,-140288,29696,89177,-6530,125403,-31
20149,-4096,-12288,-137216,-156672,30160,89607,-5898,125665,-21
20154,-4096,-12288,-134144,-133120,29464,90105,-391,119960,-15
20159,-4096,-12288,-130048,-153600,28536,90573,5656,113453,-15
20164,-4096,-12288,-118784,-180224,25984,91053,16982,100055,-15
20169,-4096,-12288,-104448,-149504,22736,91582,29099,85219,-15
20174,-4096,-12288,-106496,-140288,23200,92078,29868,85410,-15
20179,-4096,-12288,-109568,-124928,23896,92571,28697,87770,-15
20184,-4096,-12288,-88064,-95232,19024,93080,42180,69924,-15
20189,-59392,-12288,-96256,-75776,8352,93402,33632,68122,-2360
20194,-59392,-12288,-84992,-79872,5800,93616,35766,63650,-1241
20199,-59392,-12288,-69632,-61440,2320,93816,39862,56274,-614
20204,-59392,-12288,-74752,-59392,3480,93980,30304,67156,-326
20209,-179200,-12288,-75776,-69632,-23432,94033,23511,47090,-7195
20214,-179200,-12288,-77824,-80896,-22968,93708,16661,54079,-3542
20219,-179200,-12288,-64512,-109568,-25984,93422,24027,43411,-1860
20224,-322560,-9216,-48128,-150528,-62176,93057,36936,-6055,-9378
20229,-322560,-9216,-65536,-148480,-58232,92244,25944,8068,-4614
20234,-322560,-9216,-71680,-153600,-56840,91555,27906,6809,-2424
20239,-433152,-12288,-97280,-154624,-76096,90732,17647,-3011,-7271
20244,-433152,-12288,-117760,-132096,-71456,89788,14618,3714,-3816
20249,-472064,-12288,-151552,-87040,-72616,88789,1640,14533,-3554
20254,-519168,-12288,-181248,-60416,-76560,87806,-5669,22256,-4339
20259,-519168,-12288,-225280,-62464,-66584,86705,-17958,38079,-2279
20264,-649216,-12288,-267264,-28672,-86536,85495,-24671,23630,-6372
20269,-864256,-12288,-310272,-15360,-125048,83995,-29548,-11505,-14949
20274,-864256,-12288,-361472,-30720,-113912,82250,-37304,5642,-7845
20279,-864256,-12288,-403456,-23552,-104400,80650,-38486,14736,-4117
20284,-1698816,-12288,-450560,-18432,-282808,77942,-45624,-156690,-45007
20289,-1698816,-12288,-508928,-37888,-269584,73843,-45589,-150152,-23609
20294,-2243584,-9216,-572416,-27648,-378624,68476,-51051,-259097,-34057
20299,-2243584,-9216,-667648,-34816,-351248,62511,-82273,-206464,-16749
20304,-2243584,-9216,-815104,-27648,-323640,57516,-101826,-164298,-8789
20309,-3579904,-9216,-962560,-48128,-592992,49350,-123444,-420198,-57773
20314,-3989504,-9216,-1161216,-63488,-640784,39458,-154793,-446533,-49503
20319,-3989504,-9216,-1376256,-134144,-592064,30331,-183147,-378586,-25966
20324,-3989504,-9216,-1656832,-209920,-528496,22060,-233428,-273008,-13621
20329,-5106688,-15360,-1995776,-203776,-705048,12551,-281542,-410955,-64233
20334,-5106688,-15360,-2332672,-160768,-628488,2581,-326683,-299224,-33691
20339,-5106688,-15360,-2657280,-76800,-554944,-6277,-345753,-215468,-17673
20344,-5106688,-15360,-3030016,-21504,-470496,-14649,-360028,-125117,-8692
20349,-5106688,-15360,-3347456,-84992,-398576,-20947,-340418,-79105,-4562
20354,-5216256,-55296,-3729408,-132096,-336864,-26381,-365249,2004,-6482
20359,-5216256,-55296,-4093952,-69632,-248936,-31126,-391239,111177,-3191
20364,-5216256,-55296,-4430848,-33792,-177944,-34326,-379420,167150,-1676
20369,-5216256,-52224,-4686848,-8192,-119944,-36560,-342713,186209,-883
20374,-5216256,-49152,-4922368,-32768,-66584,-38032,-291456,186840,-437
20379,-5216256,-49152,-5100544,-100352,-26216,-38606,-241162,176340,-233
20384,-5216256,-49152,-5268480,-120832,11832,-38597,-209492,182727,-119
20389,-4638720,-39936,-5419008,-109568,176784,-37071,-179819,319532,27817
20394,-4638720,-39936,-5515264,-51200,198592,-34229,-148379,312742,14586
20399,-4638720,-39936,-5563392,5120,209496,-30825,-110948,293331,7168
20404,-4638720,-39936,-5584896,3072,214368,-27607,-63294,250055,3756
20409,-4638720,-39936,-5567488,22528,210424,-24333,-17534,203625,1965
20414,-3862528,-39936,-5535744,34816,379088,-17851,13379,349946,26406
20419,-3211264,-43008,-5505024,33792,519680,-10962,37843,470875,45287
20424,-3211264,-43008,-5450752,88064,507384,-3183,52530,451671,23747
20429,-2394112,-36864,-5355520,49152,670944,8074,70936,608082,38457
20434,-1950720,-39936,-5201920,-3072,736600,18700,107987,647313,40234
20439,-1950720,-39936,-4994048,-59392,689504,29304,156157,562651,21097
20444,-1950720,-39936,-4738048,-98304,631504,40093,197294,474303,10368
20449,-1298432,-36864,-4424704,-72704,708296,50290,264650,493936,34959
20454,-1298432,-36864,-4114432,-63488,638000,60440,311627,386813,18330
20459,-1174528,-36864,-3803136,-55296,595544,70878,320038,346384,13070
20464,-1174528,-36864,-3510272,-47104,529192,79242,320130,288304,6852
20469,-1174528,-36864,-3162112,16384,450312,86542,354370,182484,3590
20474,-1174528,-36864,-2813952,49152,371432,93434,371490,93376,1760
20479,-1174528,-36864,-2578432,8192,318072,98709,334679,82102,920
20484,-1174528,-36864,-2354176,-53248,267264,103082,296928,73418,479
20489,-1174528,-36864,-2123776,-83968,215064,107006,262401,59669,232
20494,-985088,-18432,-1923072,-97280,212512,110307,250272,72547,8692
20499,-985088,-18432,-1789952,-158720,182352,113340,211178,84514,4270
20504,-985088,-18432,-1695744,-235520,161008,116139,149996,127151,2235
20509,-985088,-18432,-1592320,-252928,137576,118294,126323,129547,1169
20514,-879616,-12288,-1474560,-230400,138504,120373,107356,151521,6750
20519,-879616,-12288,-1391616,-177152,116000,122298,111372,126926,3537
20524,-879616,-12288,-1326080,-191488,101152,123996,100815,124333,1852
20529,-660480,-12288,-1319936,-152576,149408,125820,52794,222434,13747
20534,-660480,-12288,-1306624,-221184,146392,127936,22811,251517,7205
20539,-580608,-12288,-1264640,-224256,154976,130150,22800,262326,7165
20544,-550912,-12288,-1239040,-150528,155904,132639,16684,271859,5151
20549,-550912,-12288,-1195008,-108544,145928,134889,29397,251420,2699
20554,-409600,-15360,-1174528,-107520,173304,137386,25519,285171,7409
20559,-377856,-15360,-1161216,-77824,177480,140156,8422,309214,5382
20564,-377856,-15360,-1111040,-142336,166112,142545,12059,296598,2819
20569,-335872,-15360,-1036288,-139264,158688,144841,28916,274613,3255
20575,-273408,-18432,-925696,-115712,147784,147231,64303,230712,5027
20580,-273408,-18432,-829440,-102400,125976,149291,87849,187418,2632
20585,-267264,-18432,-778240,-103424,115768,151084,72324,160555,1518
20590,-267264,-18432,-688128,-147456,95352,152726,76088,171990,792
20595,-267264,-18432,-605184,-187392,76560,153924,77545,152939,411
20600,-267264,-18432,-509952,-144384,54984,154962,97947,108055,196
20605,-267264,-15360,-406528,-140288,31552,155667,108320,78899,99
20610,-267264,-15360,-335872,-135168,15544,156165,111957,59752,48
20615,-270336,-15360,-283648,-149504,3016,156458,99312,60162,-94
20620,-270336,-15360,-270336,-155648,0,156554,67688,88866,-54
20625,-270336,-15360,-231424,-180224,-8816,156505,59438,88251,-31
20630,-270336,-15360,-187392,-174080,-18792,156343,59461,78090,-20
20635,-270336,-15360,-149504,-126976,-27376,156144,66678,62090,-15
20640,-270336,-15360,-138240,-79872,-29928,155928,62915,63085,-15
20645,-270336,-15360,-143360,-95232,-28768,155631,46885,79978,-15
20650,-270336,-15360,-161792,-122880,-24592,155363,27917,102854,-15
20655,-270336,-15360,-178176,-154624,-20880,155069,10212,123977,-15
20660,-270336,-15360,-158720,-199680,-19952,154722,826,133944,-15
20665,-270336,-15360,-148480,-215040,-27608,154379,19587,107184,-15
20670,-270336,-15360,-119808,-186368,-34104,154049,38635,81310,-15
20675,-270336,-15360,-125952,-156672,-32712,153655,29283,91660,-15
20680,-270336,-15360,-114688,-136192,-35264,153281,34618,83399,-15
20685,-270336,-15360,-108544,-147456,-36656,152874,34894,81324,-15
20690,-270336,-15360,-126976,-143360,-32480,152371,13218,106673,-15
20695,-279552,-21504,-139264,-168960,-31784,151860,-3500,123576,-459
20700,-279552,-21504,-125952,-195584,-34800,151297,-1825,118322,-245
20705,-279552,-21504,-135168,-187392,-32712,150665,-15331,133284,-125
20710,-406528,-70656,-89088,-200704,-71920,149844,13161,64763,-6200
20715,-406528,-70656,-83968,-166912,-73080,148814,14549,61185,-3255
20720,-406528,-70656,-88064,-149504,-72152,147674,9627,65895,-1605
20725,-406528,-70656,-91136,-145408,-71456,146652,8410,66786,-844
20730,-406528,-70656,-104448,-143360,-68440,145633,-12,77205,-447
20735,-616448,-110592,-139264,-126976,-108112,143746,-22491,58125,-7105
20740,-616448,-110592,-149504,-141312,-105792,142046,-26863,63117,-3730
20745,-616448,-110592,-156672,-160768,-104168,140396,-26071,62299,-1960
20750,-616448,-110592,-180224,-156672,-98832,138676,-31051,70895,-968
20755,-802816,-138240,-187392,-166912,-139432,136867,-22823,20258,-9509
20760,-802816,-138240,-190464,-164864,-138736,134632,-28584,32600,-4232
20765,-795648,-141312,-246784,-165888,-124352,132726,-30121,38495,-2222
20770,-768000,-165888,-273408,-164864,-112056,130988,-28102,47034,83
20775,-768000,-165888,-303104,-183296,-105328,129262,-42766,74124,485
20780,-760832,-190464,-359424,-189440,-90944,127849,-39576,76481,251
20785,-760832,-190464,-373760,-195584,-87696,126565,-23019,61888,128
20790,-747520,-202752,-435200,-200704,-70760,125305,-39140,93685,892
20795,-747520,-202752,-453632,-188416,-66584,124318,-26863,84597,465
20800,-734208,-224256,-481280,-196608,-57304,123481,-21056,106140,790
20805,-734208,-224256,-516096,-196608,-49416,122683,-22032,95299,410
20810,-734208,-224256,-530432,-204800,-46168,122053,-11510,87395,210
20815,-734208,-224256,-537600,-218112,-40368,121436,-11269,92337,99
20820,-660480,-259072,-547840,-234496,-25520,120974,8846,86608,4368
20825,-660480,-259072,-534528,-254976,-28536,120742,29455,62751,2289
20830,-611328,-311296,-548864,-265216,-14152,120599,23901,82546,3207
20835,-570368,-318464,-527360,-281600,-9744,120560,43018,67798,4079
20840,-570368,-318464,-525312,-279552,-10208,120601,43018,67375,2137
20845,-570368,-318464,-499712,-291840,-16008,120546,51429,53109,1047
20850,-436224,-435200,-476160,-301056,9048,120517,56558,73007,8405
20855,-436224,-435200,-466944,-302080,6960,120779,49375,78364,4404
20860,-436224,-435200,-427008,-313344,-2088,120947,58910,59949,2161
20865,-436224,-435200,-408576,-318464,-6264,121013,54206,60543,1129
20870,-436224,-435200,-368640,-342016,-15312,120964,62697,42955,589
20875,-253952,-549888,-333824,-354304,18096,121254,60551,78799,7537
20880,-253952,-549888,-290816,-382976,8352,121575,67998,61929,3950
20885,-253952,-549888,-260096,-432128,1392,121779,65921,57250,2069
20890,-160768,-600064,-204800,-445440,9976,122087,75870,56193,4720
20895,-123904,-625664,-154624,-502784,6960,122353,84831,44482,4498
20900,-123904,-625664,-117760,-547840,-1392,122558,82364,38802,2355
20905,-111616,-642048,-54272,-561152,-12992,122600,91062,18546,1643
20910,-111616,-642048,-21504,-591872,-20416,122502,82468,19618,857
20915,-111616,-642048,16384,-614400,-29000,122227,75686,17541,446
20920,-53248,-733184,68608,-616448,-27608,121912,75468,18836,2392
20925,-13312,-766976,99328,-637952,-25520,121569,66449,29600,3444
20930,-13312,-766976,134144,-661504,-33408,121178,61171,26599,1802
20935,-13312,-766976,172032,-665600,-41992,120607,57338,21277,883
20940,-4096,-808960,192512,-706560,-44544,119997,47413,28040,966
20945,-4096,-808960,197632,-741376,-51504,119232,44291,23437,472
20950,-4096,-824320,234496,-754688,-54056,118462,32668,31738,244
20955,-4096,-824320,256000,-819200,-58928,117606,29271,29407,124
20960,-4096,-824320,288768,-825344,-66352,116583,34595,15636,57
20965,-4096,-824320,314368,-896000,-72152,115585,37854,5579,26
20970,-4096,-824320,320512,-925696,-73544,114544,29788,11212,11
20975,-4096,-824320,337920,-934912,-77488,113344,30292,5564,0
20980,-4096,-824320,340992,-935936,-78184,112220,23580,10456,0
20985,0,-965632,335872,-932864,-76096,111047,9673,25278,210
20990,0,-965632,357376,-949248,-80968,109722,16007,12747,99
20995,0,-993280,347136,-940032,-78648,108480,-127,29959,48
21000,0,-993280,332800,-918528,-75400,107217,-17488,49305,22
21005,0,-993280,351232,-953344,-79576,105796,-10569,36789,8
21010,0,-993280,338944,-925696,-76792,104484,-25371,53063,0
21015,0,-1012736,345088,-902144,-78184,103155,-26151,48408,0
21020,0,-1012736,343040,-943104,-77720,101714,-28882,52876,0
21025,0,-1022976,351232,-918528,-79576,100387,-25313,46124,0
21030,0,-1022976,365568,-902144,-82824,98955,-31211,52678,0
21035,0,-1022976,360448,-925696,-81664,97654,-16983,32973,0
21040,0,-1032192,372736,-918528,-84448,96368,-6426,18346,0
21045,0,-1042432,389120,-941056,-88160,95099,-7046,18498,0
21050,0,-1042432,382976,-958464,-86768,93715,6161,786,0
21055,0,-1042432,393216,-989184,-89088,92467,16225,-12846,0
21060,0,-1042432,392192,-1019904,-88624,91090,15708,-13242,0
21065,0,-1042432,397312,-1024000,-90016,89853,22386,-22549,0
21070,0,-1042432,403456,-1069056,-91408,88607,27688,-30489,0
21075,0,-1042432,406528,-1064960,-92104,87213,28158,-33049,0
21080,0,-1042432,404480,-1105920,-91640,85956,27011,-32695,0
21085,0,-1042432,400384,-1161216,-90712,84692,24131,-30151,0
21090,0,-1042432,408576,-1149952,-92568,83286,29111,-38393,0
21095,0,-1042432,402432,-1196032,-91176,82007,23775,-32944,0
21100,0,-1042432,380928,-1223680,-86304,80733,8410,-13981,0
21105,0,-1042432,400384,-1205248,-90712,79323,22685,-34074,0
21110,0,-1042432,363520,-1210368,-82360,78063,-2915,-1382,0
21115,0,-1042432,361472,-1211392,-81896,76800,-3317,-1779,0
21120,0,-1042432,367616,-1212416,-83288,75408,1985,-9865,0
21125,0,-993280,357376,-1209344,-80968,74143,-5566,-1259,0
21130,0,-993280,334848,-1195008,-75864,72874,-22468,19478,0
21135,0,-965632,365568,-1202176,-82824,71462,-1114,-10248,0
21140,0,-939008,352256,-1193984,-79808,70164,-13472,3828,0
21145,0,-939008,343040,-1175552,-77720,68846,-23799,14925,0
21150,0,-939008,385024,-1181696,-87232,67362,2696,-22566,0
21155,0,-846848,378880,-1158144,-85840,65981,-7585,-12274,0
21160,0,-846848,380928,-1137664,-86304,64551,-14321,-7432,0
21165,0,-824320,413696,-1117184,-93728,62954,3224,-33998,0
21170,0,-824320,410624,-1090560,-93032,61471,-5439,-26122,0
21175,0,-824320,407552,-1053696,-92336,59972,-12921,-19443,0
21180,0,-670720,434176,-1022976,-98368,58311,3017,-43074,0
21185,0,-670720,420864,-986112,-95352,56800,-8974,-29578,0
21190,0,-670720,416768,-955392,-94424,55293,-12829,-47538,0
21195,0,-605184,428032,-882688,-96976,53660,-2318,-40998,0
21200,0,-594944,417792,-850944,-94656,52197,-6966,-35493,0
21205,0,-594944,430080,-774144,-97440,50618,6781,-53603,0
21210,0,-594944,427008,-742400,-96744,49197,7837,-55384,0
21215,0,-569344,413696,-715776,-93728,47811,3029,-48946,0
21220,0,-569344,407552,-703488,-95816,46286,12828,-62358,0
21225,0,-569344,422912,-625664,-95816,44934,17498,-68380,0
21230,0,-509952,407552,-617472,-92336,43619,11956,-60673,0
21235,0,-509952,415744,-564224,-94192,42181,22306,-74317,0
21240,0,-483328,407552,-573440,-92336,40911,21228,-72653,0
21245,0,-483328,407552,-566272,-92336,39652,25267,-77951,0
21250,0,-483328,408576,-548864,-92568,38256,26735,-81047,0
21255,0,-483328,415744,-551936,-94192,36995,33127,-90324,0
21260,0,-352256,418816,-553984,-94888,35699,32622,-91811,0
21265,0,-352256,424960,-582656,-96280,34238,32094,-94136,0
21270,0,-352256,445440,-589824,-100920,32887,42639,-110672,0
21275,0,-318464,444416,-579584,-100688,31513,37407,-106582,0
21280,0,-318464,465920,-606208,-105560,29959,46736,-122337,0
21285,0,-308224,467968,-587776,-106024,28542,44452,-121934,0
21290,0,-285696,475136,-578560,-107648,27116,47401,-127933,0
21295,0,-285696,476160,-539648,-107880,25533,45026,-127373,0
21300,0,-259072,470016,-498688,-106488,24117,40746,-123117,0
21305,0,-234496,460800,-446464,-104400,22740,38176,-119836,0
21310,0,-234496,419840,-364544,-95120,21242,10969,-84847,0
21315,0,-162816,414720,-331776,-93960,19935,13987,-88012,0
21320,0,-141312,399360,-289792,-90480,18662,9650,-81468,0
21325,0,-141312,347136,-302080,-78648,17309,-20827,-40512,0
21330,0,-141312,328704,-291840,-74472,16120,-25910,-32442,0
21335,0,-141312,308224,-280576,-69832,14965,-32933,-21934,0
21340,0,-141312,292864,-392192,-66352,13716,-36857,-15779,0
21345,0,-141312,295936,-393216,-67048,12590,-29249,-25209,0
21350,0,-141312,303104,-402432,-68672,11469,-20230,-36973,0
21355,0,-141312,328704,-395264,-74472,10269,4417,-68620,0
21360,6144,-58368,320512,-334848,-71224,9219,2306,-64311,210
21365,6144,-58368,322560,-266240,-71688,8176,6517,-70029,106
21370,6144,-58368,317440,-123904,-70528,7052,5897,-69373,48
21375,6144,-58368,295936,-86016,-65656,6036,-8492,-51128,22
21380,33792,-21504,301056,-89088,-60552,5059,-4441,-51419,1260
21385,46080,-18432,310272,-129024,-59856,4019,1021,-56858,1427
21390,46080,-18432,323584,-160768,-62872,3071,6506,-66307,745
21395,70656,-12288,350208,-167936,-71224,2004,43041,-112261,1476
21400,70656,-12288,415744,-149504,-78184,1026,56214,-133372,771
21405,70656,-12288,433152,-95232,-82128,-1,58692,-140821,400
21410,73728,-9216,449536,60416,-81664,-1191,45232,-128087,332
21415,73728,-9216,432128,82944,-81200,-2304,32702,-116206,171
21420,73728,-9216,433152,71680,-81432,-3452,23718,-108602,86
21425,73728,-9216,388096,16384,-71224,-4748,-18750,-57222,39
21430,116736,-6144,382976,-17408,-60320,-5947,-29215,-37052,2704
21435,116736,-6144,390144,-9216,-61944,-7019,-27230,-41733,1414
21440,116736,-6144,392192,99328,-62408,-8187,-25738,-44857,691
21445,147456,0,393216,150528,-55680,-9248,-25371,-39557,2278
21450,147456,0,411648,174080,-59856,-10215,-11854,-58217,1191
21455,150528,4096,431104,129024,-63568,-11277,1996,-76841,712
21460,150528,4096,420864,83968,-61248,-12226,-4900,-68574,369
21465,150528,4096,437248,39936,-64960,-13194,6345,-84499,190
21470,150528,19456,473088,63488,-73080,-14282,30097,-117459,90
21475,150528,25600,460800,141312,-70296,-15257,19919,-105472,44
21480,150528,25600,470016,214016,-72384,-16236,25634,-99222,18
21486,150528,25600,444416,243712,-66584,-17309,5312,-89205,7
21491,150528,25600,432128,203776,-63800,-18255,-1538,-80517,0
21496,150528,25600,409600,159744,-58696,-19195,-34562,-37377,0
21501,135168,102400,398336,15360,-59624,-20249,-20643,-59230,-614
21506,135168,102400,406528,20480,-61480,-21238,-13139,-69579,-326
21511,135168,102400,411648,65536,-62640,-22222,-8102,-76760,-175
21516,95232,173056,433152,78848,-76560,-23419,7986,-107965,-1679
21521,95232,173056,419840,98304,-73544,-24531,-1079,-96996,-885
21526,95232,173056,410624,70656,-71456,-25655,-8836,-79267,-439
21531,95232,173056,398336,-46080,-68672,-26880,-17178,-78374,-234
21536,70656,292864,398336,-47104,-74240,-28028,-17063,-85205,-1477
21541,70656,292864,422912,62464,-79808,-29362,757,-109927,-731
21546,70656,292864,417792,146432,-78648,-30575,-3087,-106136,-387
21551,52224,315392,431104,197632,-85840,-31796,7883,-139656,-1143
21556,52224,315392,424960,180224,-84448,-33193,3304,-120945,-604
21561,52224,315392,419840,156672,-83288,-34448,1078,-118814,-320
21566,9216,420864,423936,141312,-104168,-35908,36913,-176989,-2377
21571,9216,420864,474112,148480,-105328,-37316,40872,-183516,-1251
21576,3072,459776,478208,249856,-107648,-38721,45898,-192267,-888
21581,3072,459776,453632,424960,-98832,-40241,19219,-158292,-440
21586,3072,459776,395264,465920,-88856,-41570,-7952,-122474,-235
21591,-4096,510976,357376,456704,-81896,-42877,-28194,-96579,-394
21596,-4096,561152,306176,339968,-70296,-44229,-52130,-62395,-198
21601,-4096,561152,297984,333824,-68440,-45409,-45279,-68570,-107
21606,-4096,561152,295936,376832,-67976,-46522,-32738,-81760,-60
21611,-4096,595968,297984,463872,-68440,-47665,-14917,-101188,-33
21616,-4096,595968,279552,487424,-64264,-48638,-14895,-98007,-22
21621,-4096,606208,266240,468992,-61248,-49580,-14252,-96576,-15
21626,-4096,606208,278528,394240,-64032,-50620,952,-115604,-15
21631,-4096,606208,280576,404480,-64496,-51590,2753,-118839,-15
21636,-4096,616448,275456,455680,-63336,-52558,-528,-115366,-15
21641,-4096,606208,282624,645120,-64960,-53613,5714,-124287,-15
21646,-4096,606208,268288,713728,-61712,-54555,-3190,-113077,-15
21651,-4096,606208,268288,736256,-61712,-55495,-2089,-115118,-15
21656,-4096,606208,249856,665600,-57536,-56503,-12118,-101921,-15
21661,-4096,606208,241664,654336,-55680,-57415,-15537,-97558,-15
21666,-4096,606208,278528,646144,-64032,-58343,12518,-134893,-15
21671,0,484352,293888,718848,-66584,-59398,47975,-182541,183
21676,0,484352,324608,844800,-73544,-60353,39323,-173220,92
21681,0,480256,337920,881664,-76560,-61331,44980,-182871,45
21686,0,480256,322560,862208,-73080,-62332,27389,-163144,18
21691,0,480256,318464,726016,-72152,-63464,19288,-154904,7
21696,0,480256,334848,707584,-75864,-64498,28284,-168646,0
21701,3072,472064,352256,763904,-79112,-65651,36913,-181676,137
21706,3072,472064,324608,845824,-72848,-66658,16925,-156431,69
21711,3072,472064,300032,845824,-67280,-67605,5278,-140163,33
21716,6144,467968,243712,710656,-53824,-68586,-27677,-94733,151
21721,9216,459776,216064,653312,-46864,-69407,-36777,-79494,267
21726,9216,459776,221184,653312,-48024,-70158,-19829,-98353,137
21731,9216,459776,208896,718848,-45240,-70931,-16317,-99854,64
21736,101376,420864,187392,811008,-19488,-71540,-19989,-71039,5790
21741,101376,420864,180224,804864,-15776,-71847,-20517,-67106,2843
21746,125952,409600,153600,792576,-6264,-72052,-26013,-52303,2599
21751,125952,409600,148480,766976,-5104,-72195,-22927,-54372,1359
21756,125952,409600,153600,669696,-6264,-72334,-12634,-65964,665
21761,379904,328704,159744,702464,49880,-71830,-2525,-19425,11123
21766,419840,312320,171008,726016,56376,-71041,9937,-24602,8327
21771,419840,312320,165888,803840,57536,-70003,11141,-23608,4091
21776,419840,312320,172032,797696,56144,-69037,20011,-32904,2142
21781,759808,260096,174080,773120,132704,-67952,24004,40748,22368
21786,759808,260096,174080,719872,134096,-65640,17097,51359,10995
21791,759808,260096,188416,629760,129456,-63629,22168,43659,5762
21796,1258496,200704,250880,576512,228288,-61440,46850,119998,32238
21801,1258496,200704,358400,541696,203928,-57811,86346,59771,15847
21806,1528832,200704,445440,537600,245456,-54141,103948,87367,19779
21811,1753088,194560,547840,526336,273064,-49958,130799,87203,22039
21816,1753088,194560,692224,604160,240352,-45992,150156,44204,11555
21821,1753088,194560,829440,590848,209264,-42482,167678,-896,6058
21826,2817024,185344,991232,569344,413656,-38736,192498,182422,61420
21831,2817024,185344,1153024,609280,377000,-32031,195665,149304,32209
21836,2817024,185344,1319936,593920,339184,-26531,204500,108153,16889
21841,4164608,169984,1512448,568320,600880,-20732,204282,378168,82325
21846,4164608,169984,1717248,566272,554480,-11083,224282,319115,43171
21851,4347904,169984,1949696,550912,543344,-2614,245533,295197,29928
21856,4347904,169984,2222080,557056,481632,5820,261735,225021,14712
21861,4347904,169984,2509824,534528,416440,12448,280772,148116,7711
21866,4347904,169984,2816000,530432,347072,18037,300175,64934,4040
21871,4738048,148480,3119104,512000,366792,22998,303365,83029,22076
21876,4738048,148480,3432448,447488,295800,28300,303101,20999,11574
21881,4738048,148480,3750912,381952,223648,32053,339843,-84142,6067
21886,4738048,148480,4006912,322560,153584,35068,357778,-169126,2979
21891,4738048,148480,4280320,321536,103704,36932,336206,-195570,1559
21896,3210240,68608,4460544,327680,-283272,33934,299452,-548790,-59965
21901,3210240,68608,4576256,322560,-309488,29322,250375,-540303,-29488
21906,3210240,68608,4645888,289792,-325264,23952,164958,-466270,-15469
21911,2102272,40960,4599808,335872,-565848,15721,74194,-624321,-49440
21916,2102272,40960,4471808,333824,-536848,7422,-26254,-503983,-24313
21921,2102272,40960,4282368,284672,-493928,-1043,-119313,-375658,-12755
21926,1350656,56320,4039680,215040,-609232,-10240,-204145,-415327,-34725
21931,746496,96256,3758080,174080,-682312,-19463,-281886,-419889,-51404
21936,746496,96256,3464192,192512,-615728,-30162,-321691,-324199,-25278
21941,555008,148480,3164160,352256,-591136,-39466,-365237,-265365,-20403
21946,555008,148480,2876416,334848,-525944,-47831,-385306,-188469,-10705
21951,555008,148480,2533376,204800,-448224,-55868,-410367,-93725,-5266
21956,376832,238592,2227200,148480,-419224,-62745,-432456,-49513,-9410
21961,376832,238592,1985536,224256,-364472,-68802,-412146,-45495,-4630
21966,376832,238592,1778688,352256,-317608,-74528,-353797,-38339,-2432
21971,240640,295936,1625088,434176,-313664,-79442,-297032,-96074,-6357
21976,221184,295936,1474560,430080,-283968,-83792,-251524,-112084,-4068
21981,221184,295936,1302528,397312,-244992,-88058,-227198,-105852,-2137
21986,221184,295936,1172480,433152,-215528,-91481,-205763,-101246,-1125
21991,221184,295936,1075200,509952,-193488,-94858,-178339,-110007,-557
21996,221184,295936,1018880,528384,-180728,-97611,-133806,-144533,-296
22001,221184,295936,949248,539648,-164952,-100119,-112819,-152252,-159
22006,150528,295936,892928,524288,-164952,-102759,-101998,-165713,-3495
22011,150528,295936,812032,755712,-149872,-105090,-97569,-157393,-1836
22016,122880,295936,750592,719872,-142216,-107349,-96399,-153166,-1934
22021,110592,295936,693248,659456,-125976,-109657,-109927,-125706,-1511
22026,110592,295936,608256,544768,-112752,-111610,-113634,-110728,-795
22031,39936,302080,586752,504832,-123888,-113627,-89950,-147565,-2892
22036,6144,309248,549888,528384,-123192,-115729,-75148,-163773,-2955
22041,6144,309248,504832,598016,-112984,-117511,-71430,-159065,-1554
22046,6144,309248,463872,666624,-103704,-119123,-64557,-158270,-817
22051,-4096,385024,410624,671744,-93960,-120721,-61699,-152982,-870
22056,-4096,392192,336896,666624,-77256,-122009,-78647,-120618,-460
22061,-4096,392192,264192,630784,-60784,-123124,-94632,-89276,-245
22066,-4096,424960,198656,588800,-45936,-124140,-105842,-64234,-125
22071,-4096,424960,150528,552960,-35032,-124914,-105429,-54517,-70
22076,-4096,424960,129024,527360,-30160,-125567,-88848,-66879,-41
22081,-4096,424960,130048,645120,-30392,-126155,-56857,-99690,-25
22086,-4096,424960,108544,694272,-25520,-126583,-46358,-105745,-15
22091,-4096,424960,93184,724992,-22040,-126924,-34757,-114207,-15
22096,-4096,424960,70656,739328,-16936,-127226,-31051,-113111,-15
22101,-4096,463872,59392,702464,-14384,-127425,-22743,-119066,-15
22106,-4096,463872,62464,680960,-15080,-127580,-6518,-136142,-15
22111,-4096,476160,66560,617472,-16008,-127744,6437,-150189,-15
22116,-4096,476160,73728,624640,-17632,-127884,18164,-163680,-15
22121,-4096,476160,82944,654336,-19720,-128015,29466,-177695,-15
22126,-4096,606208,82944,751616,-19720,-128164,31509,-179393,-15
22131,0,708608,77824,807936,-17632,-128270,31096,-176998,225
22136,0,708608,54272,851968,-12296,-128374,16936,-157606,106
22141,0,708608,33792,876544,-7656,-128453,3281,-139390,52
22146,0,708608,5120,880640,-1160,-128507,-14631,-115036,24
22151,0,708608,-3072,782336,11600,-128533,-51074,-65859,9
22156,0,1514496,-56320,786432,12760,-128534,-49927,-65847,0
22161,3072,1849344,-54272,799744,12992,-128522,-46484,-69046,180
22166,3072,1849344,-47104,840704,11368,-128465,-35824,-80809,85
22171,3072,1930240,-44032,945152,10672,-128389,-26897,-90820,42
22176,6144,2912256,-31744,1031168,8584,-128285,-12221,-107480,198
22181,6144,2912256,-31744,1161216,8584,-128124,-13426,-103794,93
22186,6144,3041280,-31744,1349632,8584,-127982,-2020,-117378,45
22191,6144,3041280,-50176,1577984,12760,-127823,-12462,-102601,20
22196,6144,3041280,-19456,1779712,5800,-127681,654,-119506,7
22201,6144,4841472,-12288,1979392,4176,-127518,15307,-138649,0
22206,6144,5160960,9216,2132992,-696,-127362,31119,-159177,0
22211,6144,5160960,23552,2313216,-3944,-127190,43798,-174938,0
22216,6144,5160960,-2048,2628608,1856,-127034,25542,-150720,0
22221,6144,7369728,-17408,3004416,5336,-126903,11371,-132938,0
22226,6144,7369728,-6144,3325952,2784,-126810,-32611,-76773,0
22231,6144,7369728,-13312,3661824,4408,-126704,6322,-128618,0
22236,6144,7369728,8192,3981312,-464,-126629,19828,-146921,0
22241,6144,7369728,28672,4403200,-5104,-126676,18129,-148053,0
22246,6144,8588288,29696,4908032,-5336,-126809,10212,-142357,0
22251,3072,8247296,47104,5323776,-9976,-126954,12208,-149138,-169
22256,3072,8247296,39936,5775360,-8352,-127103,1985,-137440,-88
22261,3072,8247296,29696,6161408,-6032,-127279,-10064,-123247,-50
22266,0,5678080,27648,6531072,-6264,-127499,-17270,-116493,-198
22271,0,5678080,56320,6838272,-12760,-127743,-196,-140307,-101
22276,0,3820544,61440,6968320,-13920,-127891,7573,-149384,-57
22281,0,3738624,6144,6943744,-1392,-128003,-27436,-101959,-33
22286,0,3738624,-17408,6790144,3944,-128085,-39072,-85069,-21
22291,0,3738624,23552,6532096,-5336,-128128,-735,-132729,-15
22296,0,1909760,25600,6239232,-5800,-128157,5783,-139740,-15
22301,0,1909760,-22528,5790720,5104,-128205,-29972,-93129,-15
22306,0,1909760,47104,5245952,-10672,-128281,19793,-158746,-15
22311,0,1546240,71680,4817920,-16240,-128388,35594,-180222,-15
22316,0,1546240,47104,4484096,-10672,-128622,5668,-144962,-15
22321,0,1233920,34816,4009984,-7888,-128844,-12875,-123857,-15
22326,0,966656,43008,3542016,-9744,-129040,-8629,-130155,-15
22331,0,966656,34816,3161088,-7888,-129232,-12290,-124830,-15
22336,0,966656,28672,2929664,-6496,-129368,-12783,-123081,-15
22341,0,966656,5120,2746368,-1160,-129398,-18222,-112336,-15
22346,0,966656,-37888,2377728,8584,-129322,-31510,-89228,-15
22351,0,966656,-91136,2081792,20648,-129184,-54700,-53836,-15
22356,3072,276480,-96256,1817600,22504,-128983,-44568,-61911,126
22361,3072,276480,-73728,1660928,17400,-128792,-23891,-87501,63
22366,6144,111616,-23552,1560576,6728,-128575,17808,-139655,137
22372,9216,0,-26624,1513472,8120,-128337,16879,-137096,203
22377,9216,0,-30720,1336320,9048,-128108,15605,-134665,103
22382,9216,0,-50176,1129472,13456,-127901,80,-114525,51
22387,46080,-12288,-50176,870400,21808,-127591,367,-106150,1690
22392,43008,-12288,-40960,698368,19024,-127260,7366,-115602,692
22397,43008,-12288,-41984,643072,19256,-126929,8112,-115785,359
22402,43008,-12288,-9216,601088,11832,-126606,29432,-144206,171
22407,43008,-21504,-9216,648192,11832,-126313,28227,-142708,86
22412,43008,-21504,-1024,662528,9976,-126062,28101,-144187,42
22417,43008,-21504,15360,602112,6264,-125839,31394,-150969,16
22422,39936,-21504,25600,509952,3248,-125685,29788,-152225,-186
22427,39936,-21504,9216,400384,6960,-125589,7768,-126397,-95
22432,39936,-21504,16384,248832,5336,-125530,3671,-123865,-54
22437,55296,-21504,30720,124928,5568,-125496,7997,-127925,929
22442,55296,-21504,44032,72704,-1856,-125452,24211,-151519,453
22447,58368,-24576,86016,79872,-6264,-125436,34779,-166479,365
22452,58368,-24576,108544,141312,-11368,-125470,41882,-178720,188
22457,58368,-24576,123904,219136,-14848,-125571,40643,-181062,90
22462,58368,-24576,131072,290816,-16472,-125690,36672,-178834,44
22467,73728,-107520,135168,317440,-13920,-125844,30120,-169884,920
22472,73728,-107520,137216,268288,-14384,-125994,23522,-163900,449
22477,86016,-259072,146432,193536,-13688,-126126,24165,-163979,752
22482,107520,-324608,142336,94208,-7888,-126263,14607,-148758,1651
22487,107520,-324608,155648,-3072,-10904,-126412,16156,-153472,809
22492,107520,-324608,160768,-72704,-12064,-126564,13953,-152581,421
22497,107520,-324608,164864,-79872,-12992,-126723,13287,-153002,217
22502,107520,-324608,175104,-15360,-15312,-126884,19701,-161897,103
22507,237568,-801792,172032,64512,14848,-126642,19690,-131484,5224
22512,237568,-801792,166912,132096,16008,-126301,17693,-127986,2736
22517,237568,-801792,159744,114688,17632,-125927,12840,-121135,1343
22522,416768,-1528832,164864,41984,57072,-125110,16362,-84400,7830
22527,416768,-1528832,171008,-108544,55680,-124196,17739,-86255,4102
22532,416768,-1528832,165888,-304128,56840,-123255,5875,-72290,2013
22537,416768,-1528832,201728,-501760,48720,-122505,18611,-92396,1053
22542,605184,-2393088,234496,-653312,83984,-121680,23224,-60920,10217
22547,605184,-2393088,297984,-702464,69600,-120396,47057,-97853,5354
22552,615424,-2472960,340992,-778240,62176,-119307,56627,-113758,3212
22557,615424,-2787328,394240,-889856,50112,-118312,74504,-142704,1575
22562,615424,-2787328,410624,-1060864,46400,-117368,60815,-131783,823
22567,615424,-2911232,408576,-1330176,46864,-116617,34699,-104452,427
22572,615424,-2911232,430080,-1622016,41992,-115969,27619,-101596,222
22577,615424,-2911232,464896,-1924096,34104,-115377,28881,-110154,105
22582,605184,-3107840,501760,-2083840,23432,-114978,34251,-125797,-330
22587,605184,-3074048,543744,-2201600,13920,-114667,45427,-146174,-175
22592,605184,-3074048,577536,-2239488,6264,-114402,50775,-158913,-90
22597,600064,-3040256,575488,-2344960,5568,-114215,37487,-146134,-240
22602,605184,-2879488,574464,-2479104,6960,-114070,24349,-131459,152
22607,605184,-2879488,549888,-2662400,12528,-113926,-4063,-97335,71
22612,605184,-2879488,534528,-2785280,16008,-113803,-20620,-77175,33
22617,615424,-2787328,529408,-2876416,19488,-113663,-26851,-67324,506
22622,615424,-2787328,529408,-2959360,19488,-113452,-24269,-69695,263
22627,615424,-2787328,542720,-2998272,16472,-113266,-13919,-82875,135
22632,615424,-2787328,568320,-3028992,10672,-113070,6024,-108422,68
22637,615424,-2787328,565248,-2971648,11368,-112830,6047,-107509,30
22642,631808,-2638848,557056,-2933760,16936,-112530,4176,-99770,624
22647,631808,-2638848,550912,-2848768,18328,-112171,3935,-97778,302
22652,631808,-2638848,549888,-2733056,18560,-111853,4130,-97423,155
22657,625664,-2582528,569344,-2649088,12760,-111567,17716,-116523,-137
22662,625664,-2582528,559104,-2619392,15080,-111275,6552,-102747,-71
22667,625664,-2582528,589824,-2614272,8120,-111054,23740,-126674,-41
22672,625664,-2582528,598016,-2648064,6264,-110873,24050,-128659,-26
22677,625664,-2582528,613376,-2680832,6264,-110727,14538,-119001,-15
22682,625664,-2582528,610304,-2694144,3480,-110650,14698,-121868,-15
22687,579584,-2499584,609280,-2642944,-6728,-110778,5014,-122520,-1622
22692,579584,-2499584,627712,-2578432,-10904,-110957,10384,-132245,-802
22697,579584,-2499584,628736,-2500608,-11136,-111138,5473,-127747,-422
22702,579584,-2499584,631808,-2483200,-11832,-111336,2811,-125979,-225
22707,579584,-2499584,636928,-2397184,-12992,-111559,3694,-128245,-114
22712,579584,-2499584,634880,-2438144,-12528,-111756,493,-124777,-63
22717,579584,-2499584,617472,-2470912,-8584,-111905,-8870,-111619,-37
22722,579584,-2499584,582656,-2491392,-696,-112020,-28159,-84557,-23
22727,579584,-2499584,550912,-2511872,6496,-112074,-43547,-62031,-15
22732,579584,-2499584,540672,-2485248,8816,-112101,-44074,-59211,-15
22737,579584,-2499584,510976,-2538496,15544,-112056,-54620,-41892,-15
22742,82944,-701440,507904,-2527232,-96280,-112155,-50076,-158359,-31055
22747,82944,-701440,524288,-2566144,-99992,-113755,-29594,-184153,-16291
22752,82944,-701440,501760,-2508800,-94888,-115437,-33942,-176383,-8014
22757,82944,-701440,480256,-2463744,-90016,-116851,-32313,-174554,-4206
22762,82944,-701440,415744,-2299904,-75400,-118105,-54620,-138885,-2209
22767,79872,-615424,331776,-2036736,-57072,-119296,-82629,-93739,-1220
22772,79872,-615424,287744,-1802240,-47096,-120227,-84121,-83202,-644
22777,79872,-615424,280576,-1660928,-45472,-120965,-53702,-112735,-341
22782,92160,-594944,235520,-1505280,-30160,-121536,-54941,-96755,350
22787,101376,-574464,151552,-1260544,-11368,-121853,-69846,-63375,721
22792,101376,-574464,110592,-1025024,-2088,-122034,-68056,-56066,375
22797,101376,-574464,95232,-886784,1392,-122092,-48561,-72139,182
22802,122880,-536576,94208,-815104,6496,-122034,-25371,-90167,1351
22807,122880,-536576,69632,-712704,12064,-121835,-21710,-88061,704
22812,132096,-462848,10240,-645120,27608,-121552,-49032,-44912,734
22817,141312,-394240,-5120,-497664,33176,-121221,-48894,-39151,921
22822,141312,-394240,-2048,-459776,32480,-120803,-32887,-55436,480
22827,144384,-331776,6144,-531456,31320,-120249,-9869,-79060,355
22832,144384,-331776,0,-578560,32712,-119674,837,-87799,183
22837,144384,-331776,-11264,-564224,35264,-119074,5783,-90237,86
22842,144384,-331776,-16384,-478208,36424,-118371,10671,-92618,42
22847,153600,-288768,-37888,-350208,43384,-117695,1996,-76307,558
22852,153600,-288768,-25600,-272384,40600,-117005,13769,-90219,270
22857,159744,-288768,-19456,-214016,40600,-116260,16511,-92171,382
22862,159744,-288768,0,-232448,36192,-115574,29765,-109147,196
22867,159744,-288768,-3072,-279552,36888,-114909,24658,-91408,92
22872,202752,-288768,-14336,-322560,49184,-114090,11853,-76759,1756
22877,202752,-288768,-13312,-343040,48952,-113345,6930,-71323,917
22882,202752,-288768,-18432,-321536,47792,-112576,3270,-68054,447
22887,202752,-288768,-7168,-344064,47560,-111901,-1676,-62665,231
22892,379904,-291840,-5120,-281600,87232,-111062,-5061,-18769,9849
22897,379904,-291840,8192,-292864,84216,-109787,23981,-55931,4838
22902,379904,-291840,41984,-256000,76560,-108437,23041,-54918,2533
22907,379904,-291840,54272,-294912,73776,-107239,25967,-59430,1323
22912,379904,-291840,63488,-324608,71688,-106077,40631,-80023,646
22917,886784,-294912,100352,-252928,178176,-103312,42123,32741,19239
22922,1220608,-294912,114688,-266240,250560,-100187,42054,108319,28424
22927,1220608,-294912,144384,-216064,241976,-95995,51084,94897,13972
22932,1753088,-294912,211968,-196608,349160,-90716,70500,187944,27182
22937,2057216,-294912,300032,-165888,398112,-85092,95204,217816,29913
22942,2057216,-294912,412672,-182272,368648,-78651,125073,164924,14703
22947,2057216,-294912,569344,-163840,337096,-73285,147896,115915,7708
22952,2527232,-294912,736256,-157696,405768,-67820,173656,164292,28245
22957,2527232,-294912,941056,-177152,359368,-61464,197776,100128,13883
22962,2554880,-301056,1146880,-178176,319000,-56311,219027,43662,8308
22967,2554880,-301056,1346560,-162816,273760,-51844,226015,-4099,4354
22972,2554880,-301056,1549312,-163840,228056,-47723,223479,-43146,2137
22977,2638848,-308224,1738752,-191488,203928,-44393,215825,-56290,4052
22982,2611200,-308224,1910784,-196608,158688,-41715,201562,-84589,698
22987,2611200,-308224,2073600,-239616,125976,-39448,166335,-79807,340
22992,2611200,-308224,2192384,-259072,94888,-37890,151659,-94661,174
22997,2554880,-311296,2313216,-289792,54752,-36809,139175,-121232,-2813
23002,2554880,-311296,2392064,-355328,36888,-36105,104304,-103521,-1387
23007,2527232,-311296,2454528,-385024,16472,-35818,85772,-105118,-1697
23012,2527232,-311296,2502656,-402432,5568,-35703,66472,-96607,-893
23017,2527232,-311296,2538496,-451584,-2552,-35712,49203,-87467,-442
23022,2014208,-305152,2545664,-420864,-120408,-37561,26093,-184062,-18172
23027,1809408,-291840,2531328,-366592,-163560,-39772,-379,-202953,-19422
23032,1809408,-291840,2521088,-309248,-161240,-42555,-13070,-190725,-9554
23037,1220608,-249856,2492416,-243712,-288144,-47002,-27058,-308088,-25601
23042,863232,-218112,2432000,-221184,-355424,-51871,-49169,-358126,-30684
23047,863232,-218112,2338816,-176128,-334312,-57575,-73312,-318575,-15090
23052,863232,-218112,2226176,-212992,-308792,-62344,-93714,-277422,-7918
23057,863232,-218112,2061312,-224256,-271440,-66610,-130754,-207296,-4155
23062,318464,-129024,1840128,-259072,-344752,-70865,-183043,-232574,-36094
23067,318464,-129024,1647616,-234496,-301136,-75834,-213199,-163771,-18935
23072,318464,-129024,1473536,-254976,-261696,-80210,-222241,-119665,-9933
23077,215040,-122880,1309696,-311296,-248008,-84354,-211822,-120540,-11353
23082,215040,-122880,1158144,-384000,-213672,-87808,-191718,-109762,-5958
23087,228352,-129024,980992,-392192,-170520,-90648,-192843,-68325,-2526
23092,228352,-129024,813056,-281600,-132472,-93122,-180496,-45098,-1245
23097,228352,-129024,652288,-166912,-96048,-94839,-183422,-7465,-657
23102,318464,-141312,528384,-45056,-47560,-95922,-169297,39332,3496
23107,318464,-141312,401408,-48128,-18792,-96492,-156262,40978,1830
23112,318464,-141312,324608,-88064,-1392,-96645,-131695,33658,956
23117,324608,-153600,253952,-156672,16008,-96484,-104706,29314,727
23122,305152,-156672,185344,-239616,27144,-96083,-87380,18441,-761
23127,305152,-156672,143360,-237568,36656,-95611,-70282,11327,-404
23132,294912,-159744,110592,-190464,41760,-95048,-46048,-9732,-637
23137,294912,-159744,95232,-192512,45240,-94354,-39163,-9951,-338
23142,294912,-159744,86016,-146432,47328,-93663,-26209,-20126,-181
23147,231424,-156672,91136,-120832,31784,-93031,-9088,-52159,-2786
23152,184320,-153600,92160,-87040,20880,-92538,390,-72048,-4224
23157,184320,-153600,98304,-60416,19488,-92170,10063,-82745,-2218
23162,184320,-153600,77824,-21504,24128,-91762,-2536,-65098,-1095
23167,92160,-138240,86016,-26624,1392,-91440,5955,-96003,-5978
23172,92160,-138240,79872,-32768,2784,-91345,4739,-93300,-3139
23177,73728,-138240,32768,-68608,9280,-91261,-26002,-55979,-2281
23182,73728,-138240,8192,-102400,14848,-91136,-35147,-41141,-1200
23187,73728,-138240,-16384,-152576,20416,-90939,-41275,-29248,-633
23192,55296,-132096,-34816,-248832,25984,-90673,-55664,-9025,-1049
23197,61440,-135168,-76800,-293888,31320,-90366,-52061,-6985,-217
23202,61440,-135168,-88064,-336896,33872,-89979,-44774,-11333,-118
23207,61440,-135168,-101376,-319488,36888,-89469,-36800,-15781,-62
23212,70656,-135168,-108544,-311296,40600,-88944,-28515,-19829,469
23217,70656,-135168,-122880,-293888,43848,-88338,-26071,-18419,241
23222,70656,-135168,-128000,-226304,45008,-87614,-16776,-25830,114
23227,70656,-135168,-145408,-229376,48952,-86906,-19416,-18538,56
23232,70656,-135168,-145408,-228352,48952,-86173,-10374,-26847,26
23237,70656,-138240,-150528,-272384,50112,-85352,-7333,-27907,10
23242,70656,-138240,-166912,-299008,53824,-84608,-16306,-14478,0
23247,70656,-138240,-164864,-324608,53360,-83874,-13598,-16916,0
23252,70656,-138240,-137216,-355328,47096,-83061,8663,-44628,0
23257,70656,-138240,-137216,-358400,47096,-82301,11727,-46932,0
23262,70656,-138240,-133120,-359424,46168,-81525,18221,-53578,0
23267,70656,-138240,-104448,-277504,39672,-80673,42203,-83204,0
23272,70656,-138240,-101376,-249856,38976,-79873,46070,-86967,0
23277,70656,-138240,-106496,-216064,40136,-79037,46345,-85246,0
23282,76800,-138240,-124928,-167936,45704,-78101,33333,-65730,225
23287,101376,-138240,-133120,-174080,53128,-77172,30832,-54876,1380
23292,101376,-138240,-148480,-197632,56608,-76178,22788,-42358,720
23297,101376,-138240,-195584,-282624,67280,-75070,-9490,1700,351
23302,101376,-138240,-209920,-308224,70528,-74055,-17717,14190,182
23307,101376,-138240,-221184,-325632,73080,-73030,-23340,23390,91
23312,345088,-249856,-238592,-368640,132240,-71033,-30420,91627,8563
23317,345088,-249856,-240640,-362496,132704,-69134,-27700,91270,4486
23322,345088,-249856,-234496,-352256,131312,-67234,-20873,84951,2349
23327,594944,-324608,-212992,-302080,183048,-64320,-6116,124844,9886
23332,707584,-334848,-188416,-285696,203000,-61501,5450,136049,10981
23337,707584,-334848,-126976,-237568,189080,-58262,35605,95213,5396
23342,707584,-334848,-77824,-249856,177944,-55457,51647,70840,2826
23347,787456,-376832,-15360,-275456,181888,-52705,66323,62860,5335
23352,787456,-376832,60416,-297984,164720,-49781,78704,36235,2619
23357,794624,-376832,119808,-329728,152888,-47336,77706,27846,1620
23362,794624,-376832,190464,-363520,136880,-45123,82387,9370,845
23367,794624,-376832,240640,-443392,125512,-42964,64602,17946,411
23372,794624,-376832,293888,-481280,113448,-41250,53471,18727,210
23377,659456,-337920,351232,-527360,69832,-39985,47172,-17325,-6420
23382,584704,-308224,395264,-564224,42920,-39068,34928,-31076,-7833
23387,584704,-308224,425984,-583680,35960,-38622,20413,-23075,-4111
23392,579584,-294912,452608,-601088,28768,-38272,11945,-21449,-2408
23397,579584,-294912,465920,-527360,25752,-37923,3786,-15957,-1187
23402,579584,-294912,461824,-523264,26680,-37604,-6943,-3981,-626
23407,579584,-294912,452608,-500736,28768,-37226,-11773,3315,-331
23412,929792,-249856,455680,-409600,107416,-36595,1204,69617,21723
23417,929792,-249856,435200,-387072,112056,-34832,585,76639,11390
23422,1084416,-249856,410624,-379904,152656,-32675,-2594,122575,12969
23427,1406976,-256000,397312,-362496,228752,-29906,803,198043,26533
23432,1406976,-256000,392192,-370688,229912,-26389,2042,201481,13912
23437,1545216,-252928,413696,-368640,256360,-22646,14572,219142,13549
23442,1545216,-252928,440320,-423936,250328,-18483,15559,216286,6658
23447,1545216,-252928,515072,-433152,233392,-14950,37143,181299,3487
23452,1528832,-208896,582656,-431104,214368,-11731,40241,162396,1083
23457,1436672,-218112,694272,-435200,168200,-8621,64544,95035,-4871
23462,1436672,-218112,784384,-418816,147784,-6406,67757,73621,-2559
23467,1436672,-218112,878592,-397312,119016,-4317,91785,22914,-1262
23472,1173504,-196608,991232,-374784,41296,-2885,89111,-50700,-16084
23477,1173504,-196608,1065984,-369664,24360,-2415,86828,-64883,-8438
23482,965632,-147456,1103872,-338944,-31320,-2581,62869,-96770,-12974
23488,965632,-147456,1125376,-350208,-36192,-3109,42570,-81871,-6808
23493,965632,-147456,1128448,-322560,-32712,-3726,6953,-43391,-3350
23498,965632,-147456,1087488,-325632,-27608,-4272,-18888,-12992,-1760
23503,965632,-147456,1069056,-330752,-23432,-4733,-28653,488,-927
23508,965632,-147456,1034240,-332800,-15544,-5067,-49433,32749,-460
23513,184320,-89088,978944,-242688,-180032,-7399,-54126,-133305,-31326
23518,116736,-79872,931840,-238592,-184672,-10116,-58395,-136393,-20393
23523,116736,-79872,858112,-229376,-167968,-13048,-73059,-106797,-10031
23528,116736,-79872,760832,-183296,-145928,-15381,-87460,-73849,-5265
23533,-13312,-21504,654336,-202752,-151264,-17505,-102606,-66163,-9908
23538,-13312,-21504,541696,-220160,-125744,-19743,-111063,-32800,-4875
23543,-71680,-21504,417792,-265216,-110896,-21531,-119015,-13412,-4882
23548,-102400,-21504,293888,-280576,-89784,-22986,-127713,14943,-4250
23553,-102400,-21504,180224,-282624,-64032,-24119,-119417,31169,-2094
23558,-126976,-21504,65536,-303104,-43616,-24982,-119153,50555,-2080
23563,-148480,-21504,-37888,-283648,-25056,-25425,-113806,63325,-2276
23568,-148480,-21504,-129024,-244736,-6496,-25606,-95240,63138,-1123
23573,-148480,-21504,-204800,-222208,12760,-25470,-88355,75645,-593
23578,-253952,-21504,-267264,-190464,3016,-25211,-73954,51759,-6108
23583,-253952,-21504,-312320,-151552,13224,-25004,-52979,41199,-3007
23588,-253952,-21504,-353280,-128000,22504,-24658,-42158,40004,-1581
23593,-253952,-21504,-397312,-114688,32480,-24185,-40150,48445,-833
23598,-253952,-21504,-395264,-103424,32016,-23583,-10569,19002,-413
23603,-253952,-21504,-412672,-98304,35960,-22960,-3282,16282,-221
23608,-708608,-21504,-421888,-97280,-64960,-22925,4165,-92050,-23534
23613,-708608,-21504,-434176,-100352,-64728,-23885,13746,-102359,-11575
23618,-985088,-18432,-436224,-139264,-124352,-25553,13895,-163800,-16386
23623,-985088,-18432,-470016,-159744,-116696,-27248,1032,-144976,-8596
23628,-985088,-18432,-528384,-218112,-103240,-28970,-21825,-110385,-4230
23633,-1629184,-9216,-584704,-248832,-236640,-32337,-34505,-234472,-26244
23638,-1849344,-9216,-664576,-266240,-268424,-35982,-53426,-250980,-25105
23643,-1849344,-9216,-770048,-243712,-244528,-40147,-76054,-208621,-12347
23648,-1849344,-9216,-901120,-223232,-214832,-43476,-99921,-158387,-6479
23653,-2583552,-9216,-1053696,-186368,-346608,-47327,-125016,-268919,-41213
23658,-2583552,-9216,-1286144,-82944,-293944,-52579,-183686,-162837,-20267
23663,-2848768,-9216,-1482752,-73728,-309488,-57610,-210491,-156607,-19906
23668,-2848768,-9216,-1710080,-86016,-257984,-61958,-246165,-73777,-10442
23673,-2848768,-9216,-1957888,-192512,-201840,-65908,-269700,1952,-5139
23678,-4396032,-9216,-2168832,-237568,-504600,-74064,-286005,-292659,-56797
23683,-5738496,-9216,-2404352,-244736,-755392,-83761,-299189,-539964,-94605
23688,-5738496,-9216,-2654208,-194560,-698784,-95964,-292855,-501893,-46519
23693,-5738496,-9216,-2984960,-87040,-623848,-105934,-336207,-393575,-24401
23698,-7837696,-9216,-3372032,-24576,-1011752,-118238,-388657,-741333,-114150
23703,-7837696,-9216,-3915776,-108544,-888560,-134075,-494969,-527666,-56130
23708,-9216000,-9216,-4415488,-160768,-1087616,-151479,-570392,-668703,-77633
23713,-9216000,-9216,-4977664,-149504,-960248,-166964,-616933,-510279,-40719
23718,-14018560,-9216,-5651456,-141312,-1895672,-183177,-659159,-1419690,-320185
23723,-14018560,-9216,-6344704,-192512,-1738608,-210473,-720170,-1228911,-167928
23728,-14018560,-9216,-7169024,-58368,-1551848,-235260,-835249,-951859,-88076
23733,-14018560,-9216,-8142848,82944,-1331216,-259186,-940391,-650011,-43309
23738,-14018560,-9216,-9030656,-260096,-1130072,-277619,-975618,-432073,-22717
23743,-16590848,-9216,-10062848,-35840,-1479000,-297098,-1071155,-704943,-136108
23748,-16285696,-9216,-11147264,-12288,-1164176,-319366,-1104753,-378789,-47854
23753,-16285696,-9216,-12030976,-151552,-963960,-335216,-1053312,-245864,-25102
23758,-16285696,-9216,-12986368,192512,-747504,-347847,-1060117,-35234,-13169
23763,-11795456,-9216,-13977600,8192,494392,-356751,-1053083,1190724,274161
23768,-11795456,-9216,-14622720,-37888,640552,-348154,-911773,1204171,143783
23773,-9309184,-9216,-15095808,117760,1311032,-332363,-724243,1702912,187939
23778,-9309184,-9216,-15301632,185344,1357664,-309951,-470368,1518081,92403
23783,-9309184,-9216,-15147008,274432,1322632,-289624,-151970,1184978,48458
23788,-3862528,-12288,-14704640,360448,2456416,-259283,162652,2034481,271938
23793,-2473984,-12288,-13845504,248832,2576360,-219252,538996,1818112,215064
23798,-2473984,-12288,-12845056,311296,2349696,-182172,830853,1336671,112788
23803,-1095680,-15360,-11621376,329728,2384728,-146083,1109273,1129372,121534
23808,-649216,-15360,-10165248,312320,2155976,-109083,1361255,685638,85913
23813,-649216,-15360,-8833024,258048,1854144,-78997,1442840,332307,45055
23818,-649216,-15360,-7503872,195584,1553008,-53503,1480580,18925,23625
23823,-209920,-15360,-6261760,182272,1371120,-29941,1386155,-44976,37352
23828,-209920,-15360,-5149696,106496,1119168,-11354,1331880,-224066,19587
23833,-80896,-15360,-4358144,98304,969064,4420,1133760,-160276,15745
23838,-80896,-15360,-3638272,83968,805968,18912,926081,-101201,7738
23843,-80896,-15360,-3053568,11264,673496,29889,828283,-124898,4054
23848,0,-18432,-2614272,-56320,592296,39410,672526,-40820,5555
23853,0,-15360,-2266112,-75776,513416,48592,519386,42622,2728
23858,0,-15360,-2026496,-88064,459128,55960,408484,106604,1427
23863,0,-15360,-1831936,-89088,415048,62521,319017,158552,745
23868,0,-15360,-1624064,-73728,367952,68909,259050,177811,363
23873,0,-15360,-1434624,-92160,325032,74017,230777,168272,186
23878,0,-15360,-1249280,-106496,283040,78516,217042,144514,94
23883,0,-15360,-1026048,-156672,232464,82794,237639,77619,42
23888,0,-15360,-868352,-186368,196736,86070,217386,65420,18
23893,15360,-18432,-726016,-210944,167968,88847,195240,61575,659
23898,89088,-52224,-565248,-283648,148248,91391,181872,57767,4370
23903,89088,-52224,-432128,-287744,118088,93395,169594,41889,2290
23908,89088,-52224,-315392,-267264,91640,94938,157557,24047,1123
23913,391168,-138240,-168960,-199680,126904,96466,152738,70632,17179
23918,391168,-138240,-55296,-176128,101152,98199,146312,53039,9006
23923,391168,-138240,43008,-160768,73080,99703,151866,20917,4425
23928,589824,-178176,158720,-111616,97672,100951,140667,57956,13230
23933,589824,-178176,232448,-119808,80968,102379,123570,59777,6934
23938,589824,-178176,304128,-140288,64264,103630,105256,62638,3405
23943,870400,-193536,389120,-182272,109040,104865,104063,109842,16231
23948,870400,-193536,467968,-212992,91176,106390,100460,97106,8509
23953,870400,-193536,588800,-228352,63800,107709,119485,52024,4180
23958,1422336,-234496,695296,-245760,164720,109334,132382,141672,30612
23963,1422336,-234496,806912,-243712,139432,111765,146611,104586,16051
23968,3175424,-288768,911360,-189440,508776,119431,157179,471028,73269
23973,5327872,-318464,1062912,-194560,966280,130023,175125,921178,149270
23978,5327872,-318464,1245184,-181248,924984,144429,204902,864511,78283
23983,5327872,-318464,1554432,-182272,847496,159127,283778,722845,38487
23988,11233280,-337920,2040832,-230400,2082664,179083,389012,1872735,324301
23993,11233280,-337920,2681856,-306176,1937432,209342,555416,1591358,170080
23998,11233280,-337920,3484672,-254976,1742320,239820,752344,1229796,83623
24003,17054720,-362496,4591616,-217088,2823672,272202,973459,2122415,343648
24008,17054720,-362496,5790720,-277504,2552000,312761,1183112,1681649,180225
24013,17054720,-362496,7045120,-228352,2228592,352355,1349907,1231040,88608
24018,17054720,-362496,8791040,-252928,1872240,383082,1570059,685263,46469
24023,17054720,-362496,10227712,-246784,1546744,408709,1610805,344648,24368
24028,17054720,-362496,11917312,-236544,1163944,430828,1677932,-83160,11979
24033,16898048,-362496,13184000,-243712,841464,445738,1625493,-338291,-1285
24038,16898048,-362496,14437376,-287744,557496,456006,1529668,-516166,-676
24043,16898048,-362496,15394816,-278528,340576,463219,1250239,-446444,-337
24048,16135168,-362496,16080896,-221184,12296,465589,1011050,-533165,-37012
24053,16135168,-362496,16584704,-217088,-101848,464719,794215,-431344,-19414
24058,13367296,-358400,16919552,-271360,-804808,451842,561934,-914900,-100276
24063,13367296,-358400,16945152,-270336,-810608,439580,303641,-674669,-52594
24068,13367296,-358400,16780288,-291840,-773256,427465,51302,-397093,-27587
24073,6643712,-369664,16512000,-388096,-2235784,389639,-136204,-1709941,-233958
24078,5499904,-369664,16051200,-378880,-2390528,354696,-328507,-1707325,-177929
24083,5499904,-369664,15253504,-149504,-2209800,320058,-610542,-1279200,-93319
24088,5499904,-369664,14145536,-375808,-1958776,285665,-883385,-789726,-45886
24093,2219008,-369664,12948480,-278528,-2430896,251641,-1111431,-1067824,-172570
24098,2219008,-369664,11799552,-171008,-2170592,217153,-1201174,-752265,-90510
24103,1220608,-348160,10352640,-382976,-2068976,180263,-1362725,-525988,-77232
24108,523264,-318464,9233408,-158720,-1973392,149707,-1321176,-502509,-72072
24113,523264,-318464,8033280,-526336,-1701488,122234,-1339845,-239409,-37801
24118,391168,-301056,6771712,-153600,-1445592,96114,-1322495,-26983,-22920
24123,159744,-252928,5808128,-496640,-1279712,75677,-1212052,8017,-22499
24128,159744,-252928,4880384,-379904,-1069520,58164,-1135459,124103,-11804
24133,159744,-252928,4012032,-214016,-872784,42127,-1063421,232764,-5807
24138,0,-135168,3396608,-363520,-769544,29704,-900620,160780,-10280
24143,-4096,-122880,2974720,-417792,-674888,18938,-694008,38058,-5651
24148,-4096,-122880,2532352,-303104,-574664,8808,-558240,-7616,-2783
24153,-4096,-122880,2170880,-267264,-492768,917,-479261,-12590,-1463
24158,0,-113664,1906688,-230400,-431984,-6031,-395897,-42118,-483
24163,0,-113664,1653760,-235520,-374680,-12720,-331938,-55462,-256
24168,0,-113664,1440768,-240640,-326424,-18083,-300314,-44193,-137
24173,0,-113664,1247232,-258048,-282576,-22845,-281978,-23443,-75
24178,0,-113664,1116160,-332800,-252880,-27429,-220669,-59640,-41
24183,0,-113664,993280,-314368,-225040,-31064,-184558,-71546,-26
24188,0,-116736,856064,-249856,-193952,-34214,-170387,-57779,-16
24193,0,-116736,739328,-135168,-167504,-37148,-138820,-65832,-15
24198,0,-116736,602112,-99328,-136416,-39327,-137902,-37841,-15
24203,0,-116736,468992,-97280,-106256,-41078,-139061,-8273,-15
24208,0,-116736,337920,-151552,-76560,-42575,-143227,24092,-15
24213,0,-116736,236544,-181248,-53592,-43567,-133381,36222,-15
24218,-7168,-122880,148480,-204800,-35264,-44273,-123594,39181,-408
24223,-7168,-122880,89088,-208896,-21808,-44775,-95194,28611,-218
24228,-7168,-122880,37888,-182272,-10208,-45017,-77730,22505,-118
24233,-151552,-86016,0,-146432,-34336,-45168,-57156,-34669,-7994
24238,-151552,-86016,-32768,-113664,-26912,-45604,-38027,-34489,-4196
24243,-235520,-67584,-67584,-92160,-38048,-46070,-28205,-55913,-5544
24248,-235520,-67584,-113664,-88064,-24592,-46516,-41034,-30074,-2730
24253,-235520,-67584,-163840,-169984,-16240,-46793,-40116,-22917,-1435
24258,-590848,-21504,-211968,-191488,-85840,-47923,-48630,-85133,-14892
24263,-740352,-18432,-259072,-302080,-104864,-49429,-65716,-88577,-15538
24268,-740352,-18432,-317440,-315392,-95816,-51020,-64580,-82256,-8152
24273,-740352,-18432,-378880,-295936,-81896,-52428,-75010,-59314,-4279
24278,-1611776,-12288,-437248,-226304,-266104,-54920,-72692,-248332,-46985
24283,-1611776,-12288,-497664,-187392,-252416,-58832,-70673,-240575,-24645
24288,-1611776,-12288,-582656,-130048,-233160,-62458,-79588,-216030,-12930
24293,-1611776,-12288,-695296,-124928,-207640,-66036,-91419,-182257,-6361
24298,-1611776,-12288,-833536,-166912,-176320,-68828,-114391,-130757,-3339
24303,-1611776,-12288,-968704,-215040,-145696,-71156,-125097,-91755,-1755
24308,-6926336,-9216,-1117184,-254976,-1316136,-80435,-128837,-1267734,-274559
24313,-6926336,-9216,-1293312,-229376,-1276232,-99877,-153565,-1222544,-144000
24318,-6926336,-9216,-1644544,-80896,-1196656,-118393,-262976,-1052073,-75526
24323,-9688064,-9216,-2158592,-48128,-1688728,-140843,-442438,-1387133,-179364
24328,-9688064,-9216,-2887680,-228352,-1540712,-165085,-584047,-1121750,-94073
24333,-10283008,-9216,-3778560,40960,-1473664,-188489,-790395,-871758,-71529
24338,-10283008,-9216,-4786176,-36864,-1220784,-210771,-989571,-441984,-35174
24343,-10283008,-9216,-5886976,-241664,-995976,-227434,-1069296,-154114,-18450
24348,-10283008,-12288,-6895616,105472,-767456,-240491,-1102756,94809,-9678
24353,-9123840,-12288,-7938048,-267264,-268656,-248974,-1080542,562912,51202
24358,-9123840,-12288,-8709120,124928,-93960,-251479,-976283,630844,26850
24363,-9123840,-12288,-9309184,194560,41992,-251736,-836913,627169,14077
24368,-6784000,-12288,-9672704,7168,655864,-246217,-601844,1011491,119884
24373,-6784000,-12288,-9784320,10240,679760,-236029,-364010,807741,62872
24378,-5328896,-12288,-9723904,-10240,995744,-221298,-148230,922676,87238
24383,-5328896,-12288,-9467904,-49152,937744,-205307,85221,638168,42889
24388,-5328896,-12288,-9000960,-34816,831952,-192075,278626,361251,22490
24393,-1829888,-12288,-8492032,43008,1509392,-168487,424342,916563,134130
24398,-1829888,-12288,-7794688,22528,1351400,-144765,586054,620581,65945
24403,-1829888,-12288,-7140352,65536,1203152,-125492,672503,405157,34582
24408,-1829888,-12288,-6451200,123904,1047016,-108555,734604,203857,18133
24413,-649216,-18432,-5656576,51200,1134480,-90718,789728,254034,65914
24418,-649216,-18432,-5055488,26624,998296,-74697,743841,179758,34565
24423,-519168,-18432,-4489216,63488,899464,-60380,683771,155313,22671
24428,-519168,-18432,-3805184,22528,744488,-46955,688625,8908,11144
24433,-519168,-18432,-3278848,-14336,625240,-36682,649738,-61180,5841
24438,-253952,-12288,-2876416,8192,594152,-27053,561957,5142,12332
24443,-229376,-12288,-2488320,55296,511792,-17971,476976,16845,7171
24448,-229376,-12288,-2146304,15360,434304,-10922,434658,-11276,3756
24453,-139264,-12288,-1859584,-31744,389760,-4562,389471,-4273,5116
24458,-111616,-9216,-1643520,-78848,344056,1522,315666,29912,3765
24463,-102400,-9216,-1475584,-68608,311112,6361,242022,75451,2547
24468,-102400,-9216,-1333248,-50176,278864,10630,187598,101896,1332
24473,-87040,-9216,-1152000,-56320,241280,14763,173966,82077,1346
24478,-90112,-9216,-1006592,-97280,207640,18034,163295,62379,511
24483,-90112,-9216,-870400,-132096,176784,20891,160449,37226,265
24488,-90112,-9216,-728064,-123904,144536,23609,163960,4185,126
24493,-90112,-9216,-649216,-116736,126672,25771,142491,9952,63
24498,-90112,-9216,-587776,-94208,112752,27653,117018,23387,30
24503,-96256,-9216,-528384,-20480,97904,29438,93655,33687,-250
24508,-96256,-9216,-464896,-26624,83520,30833,87597,26756,-135
24513,-96256,-9216,-410624,-49152,67976,32151,87023,13104,-71
24518,-96256,-9216,-340992,-39936,55448,33191,87482,1157,-41
24523,-93184,-9216,-313344,-38912,49880,34106,73081,10905,154
24528,-93184,-9216,-326656,-3072,52896,34996,29719,58173,73
24533,-93184,-9216,-315392,12288,50344,35718,13953,72109,35
24538,-93184,-9216,-314368,10240,50112,36380,-3971,90463,15
24543,-93184,-9216,-319488,-98304,51272,37039,-24063,112374,4
24548,-93184,-9216,-288768,-149504,44312,37546,-16421,98279,0
24553,-93184,-9216,-250880,-200704,35728,37978,-3454,77160,0
24559,-93184,-9216,-176128,-257024,18792,38385,37430,19747,0
24564,-93184,-9216,-148480,-239616,12528,38685,43396,7817,0
24569,-59392,-9216,-124928,-198656,14848,38959,47929,5878,1980
24574,-59392,-9216,-106496,-32768,10672,39304,47252,2724,971
24579,-59392,-9216,-112640,5120,12064,39594,32932,18726,506
24584,-62464,-9216,-107520,29696,10208,39860,29007,21061,83
24589,-62464,-9216,-137216,16384,16936,40115,-758,57809,37
24594,-62464,-9216,-141312,-7168,17864,40339,-7918,66121,15
24599,-62464,-9216,-143360,-37888,18328,40530,-14413,73271,5
24604,-62464,-9216,-136192,-105472,16704,40733,-11923,69360,0
24609,-62464,-9216,-128000,-111616,14848,40899,-8411,64158,0
24614,-99328,-9216,-110592,-100352,2552,41018,2214,41356,-2025
24619,-99328,-9216,-88064,-82944,-2552,41028,15398,23078,-1000
24624,-142336,-9216,-81920,-64512,-13688,40913,17108,10117,-2238
24629,-142336,-9216,-71680,-61440,-16008,40756,21503,22942,-1103
24634,-142336,-9216,-100352,-52224,-9512,40576,-2927,33991,-582
24639,-279552,-9216,-110592,-55296,-38280,39999,-10867,12586,-5426
24644,-550912,-9216,-108544,-46080,-100224,39100,-13541,-46108,-16646
24649,-550912,-9216,-102400,15360,-101616,37389,-4384,-59843,-8733
24654,-550912,-9216,-111616,40960,-99528,35856,-8457,-55215,-4585
24659,-550912,-9216,-126976,62464,-96048,34387,-9593,-52678,-2259
24664,-550912,-9216,-159744,61440,-88624,32884,-20150,-35590,-1187
24669,-550912,-9216,-192512,28672,-81200,31640,-24946,-24614,-626
24674,-550912,-9216,-248832,-62464,-68440,30434,-39668,1662,-311
24679,-550912,-9216,-288768,-110592,-59392,29488,-41493,11589,-165
24684,-2394112,-9216,-325632,-140288,-468640,23001,-40173,-405466,-68833
24689,-2669568,-9216,-427008,-149504,-508080,14934,-75721,-417425,-47146
24694,-2669568,-9216,-563200,-103424,-477224,7455,-120507,-349262,-24730
24699,-4688896,-9216,-754688,-50176,-891344,-5688,-175516,-721516,-88285
24704,-4688896,-9216,-1059840,-118784,-822208,-19979,-258179,-584008,-43411
24709,-4688896,-9216,-1440768,-214016,-735904,-31779,-352569,-415114,-22770
24714,-4688896,-9216,-1865728,-229376,-639624,-42142,-421061,-260705,-11945
24719,-4688896,-9216,-2425856,-18432,-512720,-51666,-509703,-54683,-5878
24724,-4688896,-9216,-2915328,102400,-401824,-58574,-543886,83488,-3087
24729,-15546368,-9216,-3362816,91136,-2760336,-101043,-537735,-2323644,-381244
24734,-17213440,-9216,-4033536,-62464,-2986072,-148504,-630576,-2504000,-267941
24739,-17213440,-9216,-4993024,130048,-2768688,-191919,-866207,-2094400,-140528
24744,-17213440,-9216,-6190080,-76800,-2497480,-231597,-1117019,-1612058,-73704
24749,-17213440,-9216,-7921664,124928,-2105168,-269757,-1490438,-884487,-36242
24754,-17213440,-9216,-9383936,-101376,-1773872,-298787,-1575350,-497309,-19012
24759,-15546368,-9216,-11160576,181248,-993656,-316489,-1793184,483039,48314
24764,-11456512,-9216,-12716032,4096,285360,-321497,-1776282,1740145,208868
24769,-11456512,-9216,-13928448,246784,560048,-314780,-1580834,1826102,109540
24774,-8942592,-9216,-14751744,16384,1316136,-296116,-1273131,2287112,136259
24779,-7600128,-9216,-15171584,80896,1715408,-270480,-834767,2279695,132222
24784,-4491264,-12288,-15078400,100352,2398648,-243594,-378227,2533281,263646
24789,-4491264,-12288,-14546944,139264,2278240,-208253,152336,1903434,129627
24794,-2669568,-12288,-13516800,22528,2457576,-168523,622623,1666430,150435
24799,-2669568,-12288,-12387328,142336,2201680,-133436,950200,1118044,78893
24804,-2669568,-12288,-10962944,91136,1878968,-100085,1340544,393099,38787
24809,-2669568,-12288,-9368576,80896,1517744,-75006,1462771,-20033,20339
24814,-524288,-18432,-7976960,60416,1688496,-54005,1522829,111662,144744
24819,-524288,-18432,-6736896,56320,1407544,-30888,1432157,-70569,71164
24824,-524288,-18432,-5639168,26624,1158840,-9791,1299832,-150783,37320
24829,-524288,-18432,-4739072,27648,954912,5997,1171637,-210728,19570
24834,-524288,-18432,-4069376,-10240,803184,19160,979598,-140248,9618
24839,0,-21504,-3497984,72704,792512,32529,777496,47545,27287
24844,0,-21504,-3078144,50176,697392,43653,630242,110803,14308
24849,0,-21504,-2720768,35840,616424,53485,522186,147464,7031
24854,36864,-21504,-2366464,-10240,544504,63103,446740,160867,5248
24859,89088,-21504,-2104320,37888,496944,70916,382712,185148,5808
24864,89088,-21504,-1847296,82944,430592,78622,349057,160157,2852
24869,89088,-21504,-1584128,107520,379088,84735,310984,152839,1492
24874,324608,-67584,-1368064,118784,383496,90180,277215,196461,14579
24879,324608,-67584,-1142784,97280,332456,95959,264845,156842,7165
24884,423936,-104448,-891904,2048,298120,100625,252338,146407,7971
24889,423936,-104448,-672768,3072,248472,104626,243491,109607,4177
24894,423936,-104448,-431104,29696,193720,108188,241838,60070,2051
24899,423936,-104448,-235520,50176,149408,110686,228252,31842,1072
24904,1992704,-231424,-56320,43008,464232,113613,211591,366254,92479
24909,1992704,-231424,134144,-32768,421080,120889,208573,333396,45467
24914,1992704,-231424,295936,-83968,384424,126874,190891,320407,23842
24919,5797888,-301056,490496,-126976,1202456,134824,197156,1140124,235461
24924,5797888,-301056,772096,-83968,1138656,154205,245682,1047179,115768
24929,5797888,-301056,1098752,-17408,1064648,170785,307072,928361,60711
24934,5797888,-301056,1602560,-26624,950504,185928,437825,698607,31837
24939,5797888,-301056,2267136,-99328,799936,200416,573007,427345,15651
24944,13114368,-321536,2909184,-65536,2312112,231388,656416,1887084,299264
24949,13114368,-321536,3702784,-103424,2132312,264959,791679,1605592,156949
24954,13114368,-321536,4783104,-80896,1887552,298267,972060,1213759,77164
24959,13114368,-321536,5917696,-90112,1630496,324606,1125383,829719,40466
24964,16589824,-324608,7193600,-136192,2128832,350284,1274289,1204827,212132
24969,16589824,-324608,8635392,-140288,1802176,382707,1392179,792704,104297
24974,16589824,-324608,9882624,-167936,1519600,407555,1407716,519439,54696
24979,16589824,-324608,11145216,-132096,1233544,428073,1420740,240877,28683
24984,16589824,-324608,12475392,-185344,932176,445842,1404285,-26267,14100
24989,16743424,-324608,13503488,-161792,734048,458408,1291857,-99401,13120
24994,16743424,-324608,14480384,-155648,512720,467557,1200083,-219806,6878
24999,16743424,-324608,15328256,-215040,320624,474314,1036111,-241173,3378
25004,16743424,-324608,15928320,-237568,184672,478044,872540,-209824,1769
25009,16743424,-352256,16384000,-196608,81432,479958,704850,-143460,925
25014,16743424,-352256,16740352,-167936,-8816,480480,581166,-109502,450
25019,16743424,-369664,17035264,-158720,-66120,479822,436987,-23285,232
25024,16743424,-369664,17234944,-159744,-111360,478378,329688,37330,118
25029,16743424,-369664,17399808,-279552,-148712,476065,235872,91481,55
25034,16436224,-451584,17560576,-306176,-254736,472444,198395,19313,-11431
25039,15690752,-447488,17714176,-328704,-458432,467168,176341,-167605,-44389
25044,15690752,-447488,17897472,-404480,-499960,459105,179141,-219996,-21828
25049,15690752,-447488,18013184,-397312,-526176,451354,161252,-236074,-11450
25054,7916544,-455680,18114560,-398336,-2310488,432632,148137,-2025993,-406368
25059,7916544,-455680,18132992,-337920,-2314664,394237,86759,-2007186,-199807
25064,7916544,-455680,17844224,-295936,-2249240,359843,-111247,-1778150,-104796
25069,7916544,-455680,17252352,-458752,-2115144,326965,-383987,-1404192,-51530
25074,7916544,-455680,16245760,-334848,-1887088,293714,-740055,-853319,-27029
25079,2102272,-419840,15284224,-464896,-2986536,247045,-918658,-1820833,-217469
25084,1184768,-372736,14020608,-454656,-2908120,202653,-1180577,-1431954,-148457
25089,1184768,-372736,12594176,-604160,-2584944,157339,-1326844,-1100761,-77864
25094,1184768,-372736,10992640,-365568,-2222096,121272,-1574845,-525979,-40840
25099,348160,-275456,9651200,-607232,-2107720,88754,-1560674,-406267,-57951
25104,348160,-275456,8096768,-370688,-1755544,57033,-1581580,-116931,-30396
25109,178176,-202752,6900736,-551936,-1523080,32172,-1483002,-7906,-21888
25114,101376,-141312,5867520,-141312,-1306392,11057,-1333660,38325,-15191
25119,101376,-141312,4840448,-474112,-1073696,-8497,-1196148,113955,-7473
25124,101376,-141312,4184064,-54272,-924984,-23442,-980047,31621,-3924
25129,-4096,-18432,3554304,24576,-806200,-36357,-853838,11281,-7155
25134,-4096,-18432,3041280,-172032,-689968,-48696,-692975,-45689,-3522
25139,-4096,-18432,2744320,29696,-622688,-58454,-512629,-168513,-1850
25144,-4096,-18432,2374656,79872,-528032,-67765,-456438,-139359,-915
25149,-4096,-18432,1936384,-91136,-439640,-74969,-449690,-64919,-483
25154,-4096,-18432,1629184,-66560,-370040,-81068,-406890,-44218,-256
25159,0,-18432,1315840,103424,-298120,-86065,-383895,-32467,45
25164,0,-18432,1025024,162816,-232232,-90397,-338433,15804,20
25169,0,-18432,723968,47104,-164024,-93296,-336356,79036,8
25174,0,-18432,488448,-36864,-110664,-95324,-302253,96265,0
25179,0,-18432,308224,37888,-69832,-96678,-230399,63889,0
25184,0,-18432,124928,129024,-28304,-97226,-203881,78351,0
25189,0,-18432,-8192,152576,1856,-97257,-164822,87166,0
25194,0,-18432,-146432,44032,33176,-96858,-147690,84008,0
25199,0,-18432,-224256,-40960,50808,-96211,-121253,75850,0
25204,0,-18432,-265216,-111616,62640,-95307,-93037,60370,0
25209,-4096,-18432,-297984,-48128,66584,-94427,-71396,43553,-240
25214,-4096,-18432,-303104,9216,67744,-93523,-51464,25685,-129
25219,-4096,-18432,-276480,28672,61712,-92540,-18991,-11837,-67
25224,-10240,-18432,-276480,16384,60320,-91673,-15239,-16114,-399
25229,-10240,-18432,-277504,-21504,60552,-90838,-15835,-14451,-211
25234,-40960,-18432,-286720,-118784,51736,-90001,-8997,-29268,-1330
25239,-65536,-18432,-271360,-72704,46632,-89261,-7666,-34963,-2141
25244,-65536,-18432,-296960,23552,52432,-88544,-20792,-15320,-1125
25249,-65536,-18432,-330752,106496,55216,-87649,-15801,-16632,-557
25254,-235520,-24576,-354304,89088,26912,-86845,-31774,-28159,-10256
25259,-235520,-24576,-396288,51200,36424,-86403,-42938,-7041,-5382
25264,-406528,-24576,-410624,-41984,-8584,-86297,-1022,-93859,-9453
25269,-406528,-24576,-378880,-1024,-6264,-86272,9317,-101853,-4962
25274,-406528,-24576,-415744,92160,2088,-86137,1755,-85804,-2607
25279,-1117184,-18432,-488448,157696,-137808,-87756,-39473,-186091,-29557
25284,-1117184,-18432,-582656,53248,-121104,-89686,-60300,-150490,-15505
25289,-1117184,-18432,-654336,-60416,-104864,-91396,-72050,-124210,-8135
25294,-1117184,-18432,-700416,-72704,-94424,-92994,-52910,-134508,-4005
25299,-5922816,-9216,-782336,25600,-1164640,-99043,-55205,-1208478,-266085
25304,-5922816,-9216,-918528,116736,-1133784,-116213,-86094,-1163903,-139555
25309,-7757824,-9216,-1261568,3072,-1471808,-139909,-216217,-1395500,-137057
25314,-7757824,-9216,-1750016,-47104,-1361144,-161213,-379225,-1143132,-71885
25319,-7757824,-9216,-2473984,252928,-1197120,-180467,-600272,-777315,-37705
25324,-12143616,-9216,-3332096,-137216,-1996360,-212146,-752505,-1456001,-182110
25329,-13115392,-9216,-4374528,167936,-1980352,-241405,-971177,-1250580,-148895
25334,-13115392,-9216,-5443584,7168,-1738144,-269310,-1092028,-915426,-78093
25339,-13115392,-9216,-6891520,163840,-1410096,-295292,-1313671,-391717,-38402
25344,-14151680,-12288,-7944192,30720,-1406384,-315936,-1250997,-471323,-73511
25349,-14151680,-12288,-9352192,323584,-1087384,-334433,-1418010,-3807,-38557
25354,-14151680,-12288,-10414080,16384,-846800,-350300,-1254933,57833,-18960
25359,-14151680,-12288,-11511808,393216,-598096,-360899,-1245948,286953,-9947
25364,-14151680,-12288,-12326912,263168,-413424,-368466,-1104959,323069,-5220
25369,-12261376,-9216,-13015040,261120,170752,-368090,-944510,747172,67927
25374,-11456512,-9216,-13417472,431104,444280,-363571,-706079,786788,77070
25379,-11456512,-9216,-13686784,316416,505296,-356282,-511745,660759,40417
25384,-11456512,-9216,-13709312,335872,510400,-347842,-264008,426566,19867
25389,-5442560,-9216,-13575168,354304,1842544,-332213,-71292,1581623,320124
25394,-5442560,-9216,-13319168,428032,1784544,-304899,99175,1380470,167890
25399,-3354624,-12288,-12722176,302080,2122336,-269249,374886,1478201,155546
25404,-3354624,-12288,-12015616,312320,1962256,-238452,588154,1135650,81574
25409,-3354624,-12288,-11037696,323584,1740696,-210584,848822,681290,42779
25414,-1664000,-12288,-9877504,270336,1860872,-178195,1037683,644994,80142
25419,-1221632,-18432,-8733696,269312,1701952,-151346,1181712,368894,63385
25424,-1221632,-18432,-7681024,206848,1463456,-127516,1204111,101996,31162
25429,-1221632,-18432,-6518784,144384,1200136,-105571,1211110,-116545,16340
25434,-1221632,-18432,-5610496,71680,994352,-89192,1127254,-222094,8565
25439,-1221632,-18432,-4859904,55296,824296,-75718,1027769,-279191,4207
25444,-1221632,-18432,-4098048,-5120,651688,-63695,899368,-311375,2203
25449,-1221632,-18432,-3593216,-26624,537312,-54705,757301,-274694,1152
25454,-1221632,-18432,-3277824,28672,582088,-46140,548486,-12538,32627
25459,-708608,-12288,-3085312,165888,538472,-37699,392592,108181,17107
25464,-708608,-12288,-2906112,175104,497872,-29910,302734,165228,8969
25469,-708608,-12288,-2759680,143360,464000,-21939,228069,213992,4407
25474,-708608,-12288,-2621440,123904,433376,-15170,193897,224309,2308
25479,-708608,-12288,-2513920,180224,409016,-8822,159852,240342,1207
25484,-708608,-12288,-2390016,279552,380944,-2912,147655,207321,590
25489,-708608,-12288,-2178048,408576,332920,3027,190971,144976,306
25494,-708608,-12288,-2026496,431104,298584,7903,196468,110019,157
25499,-708608,-12288,-1899520,384000,269816,12693,158188,128265,74
25504,-708608,-12288,-1794048,226304,245920,16524,142078,120366,36
25509,-565248,-9216,-1622016,167936,239424,20133,161918,97639,6504
25514,-565248,-9216,-1443840,167936,199056,23452,194701,27807,9018
25519,-472064,-9216,-1302528,339968,188152,26887,177695,37344,4725
25524,-472064,-9216,-1220608,391168,169592,29597,138682,60507,2475
25529,-232448,-9216,-1144832,323584,207176,32326,95858,143644,15254
25534,-232448,-9216,-1038336,227328,182584,35102,95135,122551,7996
25539,-232448,-9216,-888832,188416,148712,37524,127712,58524,4190
25544,-80896,-12288,-785408,280576,159616,39907,120058,79465,10935
25549,-80896,-12288,-714752,327680,143608,42170,99197,86581,5732
25554,-80896,-12288,-640000,292864,126672,44126,84430,86368,3002
25559,-80896,-12288,-557056,111616,107880,45970,76317,77533,1473
25564,-80896,-12288,-438272,28672,80968,47323,100689,27602,769
25569,-80896,-12288,-344064,40960,59624,48406,108572,-542,400
25574,-22528,-12288,-291840,227328,61016,49354,82445,27925,3615
25579,-22528,-12288,-247808,258048,51040,50161,62479,38722,1892
25584,-22528,-12288,-188416,202752,37584,50764,58531,29817,988
25589,-25600,-12288,-107520,120832,18560,51198,69432,326,302
25594,-25600,-12288,-33792,139264,1856,51356,78199,-24987,155
25599,-22528,-12288,15360,253952,-8584,51337,70614,-27861,209
25605,-22528,-12288,29696,403456,-11832,51130,36638,2660,98
25610,-22528,-12288,65536,324608,-19952,50775,26368,4455,48
25615,-22528,-12288,114688,220160,-31088,50271,43569,-29544,20
25620,0,-12288,211968,230400,-48024,49544,63672,-62152,1245
25625,0,-12288,257024,358400,-58232,48766,60884,-70350,649
25630,0,-12288,295936,409600,-67048,47761,26403,-37570,315
25635,0,-12288,246784,241664,-55912,46778,-7103,-2031,160
25640,0,-12288,264192,157696,-59856,45746,-10075,-4035,80
25645,0,-12288,295936,215040,-73544,44580,24165,-53129,36
25650,0,-12288,338944,366592,-76792,43507,27642,-60927,15
25655,0,-12288,316416,311296,-71688,42429,5725,-34984,5
25660,0,-12288,282624,125952,-66352,41272,-11670,-13410,0
25665,0,-12288,312320,172032,-70760,40213,2650,-33197,0
25670,0,-12288,293888,327680,-66584,39159,-11441,-15984,0
25675,0,-12288,289792,384000,-62408,37996,-26059,1647,0
25680,0,-12288,267264,250880,-60552,36936,-31361,7745,0
25685,0,-12288,312320,229376,-70760,35846,768,-35682,0
25690,0,-9216,326656,504832,-77256,34607,16454,-59103,0
25695,0,-9216,335872,547840,-76096,33494,10591,-53193,0
25700,0,-9216,278528,430080,-63104,32451,-26840,-3813,0
25705,0,-9216,253952,335872,-57536,31385,-32646,6495,0
25710,0,-9216,251904,442368,-57072,30458,-23305,-3309,0
25715,0,-9216,223232,526336,-50576,29623,-29984,9031,0
25720,0,-9216,185344,354304,-41992,28820,-38004,24832,0
25725,0,-9216,187392,254976,-42456,28184,-16409,2137,0
25730,0,-9216,217088,328704,-49184,27615,23006,-54805,0
25735,30720,-9216,188416,546816,-35728,27144,14148,-22732,1071
25740,30720,-9216,144384,498688,-25752,26814,-5520,6582,558
25745,30720,-9216,138240,391168,-21344,26451,-12255,17362,270
25750,119808,-9216,139264,480256,-4408,26382,-2158,24132,3254
25755,119808,-9216,166912,621568,-10672,26233,10028,5533,1703
25760,119808,-9216,184320,532480,-14616,25962,7424,3922,833
25765,119808,-9216,219136,357376,-22504,25600,15226,-12130,434
25770,119808,-9216,288768,296960,-38280,25105,44670,-57845,224
25775,119808,-9216,308224,474112,-42688,24444,33517,-51761,106
25780,119808,-9216,319488,498688,-45240,23770,21985,-43455,52
25785,119808,-9216,305152,385024,-41992,23045,-4361,-14586,22
25790,70656,-9216,356352,150528,-64728,22168,20723,-63283,-3063
25795,70656,-9216,390144,146432,-72384,21167,34963,-86180,-1609
25800,55296,-9216,412672,196608,-80968,19986,32381,-91275,-1491
25805,9216,-9216,379904,218112,-83984,18865,7114,-72233,-3666
25810,9216,-9216,373760,159744,-82592,17573,-3936,-61083,-1926
25815,3072,-9216,365568,171008,-82592,16137,-11314,-55141,-1229
25820,0,-9216,367616,206848,-83288,14866,-7230,-61192,-839
25825,0,-9216,363520,216064,-82360,13666,504,-69198,-443
25830,-4096,-9216,329728,86016,-75632,12450,-8492,-54690,-396
25835,-4096,-9216,282624,29696,-64960,11475,-23191,-30294,-211
25840,-4096,-9216,242688,30720,-55912,10601,-32164,-13147,-114
25845,-4096,-9216,183296,207872,-42456,9736,-54792,22072,-60
25850,-4096,-9216,223232,266240,-51504,8907,-17798,-24799,-35
25855,-4096,-9216,275456,253952,-63336,7978,14894,-70252,-23
25860,-4096,-9216,348160,148480,-79808,6784,47986,-121010,-15
25865,-4096,-9216,406528,124928,-93032,5518,62697,-150211,-15
25870,-4096,-9216,458752,199680,-104864,4083,68583,-169364,-15
25875,-4096,-9216,489472,450560,-111824,2327,54492,-163989,-15
25880,-4096,-9216,538624,515072,-122960,588,59748,-182120,-15
25885,-4096,-9216,559104,464896,-127600,-1265,46690,-175555,-15
25890,0,-9216,568320,232448,-128760,-3345,32702,-164807,160
25895,0,-9216,585728,229376,-132704,-5230,36202,-174136,80
25900,0,-9216,530432,386048,-120176,-7036,-2777,-124435,39
25905,0,-9216,428032,585728,-96976,-8848,-60850,-44974,15
25910,0,-9216,361472,447488,-81896,-10357,-86771,-5482,5
25915,0,-9216,337920,302080,-76560,-11725,-75308,-12977,0
25920,0,-9216,381952,330752,-86536,-13108,-13001,-86643,0
25925,6144,-9216,345088,474112,-76792,-14235,-15870,-75157,360
25930,6144,-9216,272384,512000,-60320,-15213,-61883,-7468,171
25935,6144,-9216,202752,457728,-44544,-16147,-67334,6643,86
25940,122880,-12288,186368,479232,-14384,-16784,-55308,24140,6454
25945,122880,-12288,192512,539648,-15776,-17094,-4097,-37161,3169
25950,337920,-61440,230400,438272,24360,-16839,6574,947,10213
25955,337920,-61440,238592,282624,22504,-16393,18221,-12110,5353
25960,337920,-61440,277504,193536,13688,-15997,44659,-42214,2629
25965,733184,-135168,275456,391168,103704,-14585,29524,59595,17100
25970,956416,-141312,303104,452608,148016,-12790,34676,100550,21227
25975,956416,-141312,348160,376832,137808,-10608,44991,82209,10434
25980,956416,-141312,374784,92160,131776,-8393,32989,90394,5468
25985,2267136,-184320,449536,-5120,411800,-5260,51589,354951,74865
25990,2267136,-184320,536576,98304,392080,1381,69639,323822,36806
25995,2267136,-184320,652288,150528,365864,7096,101492,271468,19300
26000,2267136,-184320,822272,156672,327352,12367,153553,186166,10119
26005,2267136,-184320,1022976,112640,281880,17518,193806,105592,4971
26010,2267136,-184320,1168384,112640,248936,21575,186359,84152,2605
26015,2267136,-184320,1324032,109568,213672,25005,176674,62003,1363
26020,2267136,-184320,1497088,-22528,174464,28066,164408,38122,666
26025,5051392,-199680,1682432,-93184,763280,38762,170788,631254,104185
26030,5051392,-199680,1887232,-94208,716880,49800,190788,575892,54638
26035,5051392,-199680,2196480,5120,646816,61023,253864,453975,26861
26040,5215232,-196608,2542592,17408,605520,70632,322723,353429,20194
26045,5271552,-199680,2967552,-15360,522000,79100,408266,192834,13487
26050,5271552,-199680,3375104,-45056,422240,86953,443092,66101,6627
26055,4998144,-205824,3752960,54272,282112,91752,420223,-46359,-6088
26060,4209664,-205824,4118528,88064,20648,94154,411077,-296275,-43802
26065,4209664,-205824,4466688,75776,-75632,93621,430125,-412136,-21542
26070,4209664,-205824,4785152,59392,-130384,92178,374875,-413081,-11300
26075,2638848,-187392,4918272,58368,-516432,87978,287519,-715973,-86824
26080,2638848,-187392,4947968,104448,-523160,79470,170306,-613996,-42693
26085,1868800,-153600,4865024,72704,-678832,69217,56787,-666402,-49318
26090,1868800,-153600,4662272,-38912,-632896,59446,-70719,-502731,-25869
26095,1868800,-153600,4338688,-7168,-559584,49650,-201426,-308508,-12723
26100,1003520,-138240,3985408,117760,-675584,38942,-294886,-341756,-36930
26105,451584,-141312,3610624,112640,-715720,28511,-357262,-329947,-46020
26110,451584,-141312,3196928,-111616,-621992,17474,-393178,-211340,-22631
26115,451584,-141312,2850816,-191488,-543576,8811,-384962,-149803,-11872
26120,205824,-132096,2450432,-59392,-508544,1030,-410252,-97262,-18095
26125,205824,-132096,2037760,134144,-415048,-6584,-422599,967,-8900
26130,205824,-132096,1697792,5120,-338024,-12361,-422702,72317,-4671
26135,-4096,-82944,1462272,-99328,-332224,-17535,-364755,14996,-12589
26140,0,-89088,1264640,-45056,-286520,-22671,-284777,-24414,-5938
26145,0,-89088,1099776,93184,-249168,-26599,-230009,-45758,-3119
26150,0,-89088,923648,175104,-209264,-29933,-208506,-30691,-1640
26155,0,-95232,710656,135168,-160312,-33012,-222849,29525,-618
26160,3072,-95232,606208,75776,-136648,-35380,-190204,18176,-328
26165,6144,-101376,524288,72704,-117392,-37411,-158396,3593,-37
26170,6144,-101376,435200,182272,-97208,-39290,-136617,119,-23
26175,6144,-101376,389120,224256,-86768,-40773,-106783,-20758,-15
26180,15360,-110592,333824,199680,-72152,-42022,-96559,-14704,379
26185,15360,-110592,262144,54272,-55912,-43158,-92555,-6515,196
26190,15360,-110592,219136,-44032,-46168,-44033,-83226,-6975,99
26195,12288,-110592,191488,-95232,-40600,-44850,-55308,-32926,-85
26200,12288,-110592,171008,-22528,-35960,-45466,-48779,-32647,-48
26205,12288,-110592,143360,-11264,-29696,-45986,-43501,-32181,-29
26210,12288,-110592,92160,-26624,-18096,-46424,-50374,-15074,-18
26215,12288,-110592,55296,-155648,-9744,-46705,-55584,-865,-15
26220,12288,-110592,15360,-236544,-696,-46879,-60426,12851,-15
26225,12288,-110592,64512,-316416,-11832,-46997,-1400,-57429,-15
26230,12288,-95232,61440,-296960,-11136,-47054,11233,-69423,-15
26235,12288,-95232,73728,-243712,-13920,-47078,30855,-91853,-15
26240,12288,-95232,61440,-69632,-11136,-47112,25221,-83469,-15
26245,101376,-67584,36864,-38912,14616,-47045,11107,-43536,5205
26250,101376,-67584,24576,-48128,17400,-46739,3327,-32666,2557
26255,184320,-73728,-40960,-99328,51040,-46155,-42824,47709,4637
26260,184320,-73728,-28672,-116736,48256,-45584,-34734,37406,2430
26265,184320,-73728,-16384,-111616,45472,-45063,-14745,10808,1191
26270,184320,-73728,44032,-38912,31784,-44569,4888,-17673,620
26275,545792,-144384,89088,1024,103472,-43852,23855,35765,20179
26280,545792,-144384,132096,13312,93728,-42361,38485,-1001,9916
26285,615424,-153600,179200,-78848,98832,-40645,51280,6907,7968
26290,615424,-153600,207872,-145408,92336,-39131,50212,2993,4176
26295,615424,-153600,245760,-268288,83752,-37614,50465,-4327,2051
26300,1734656,-231424,302080,-282624,324568,-32949,62903,228716,42812
26305,1734656,-231424,366592,-268288,309952,-28086,76191,205675,22451
26310,1734656,-231424,439296,-151552,293480,-23035,79874,190571,11035
26315,2974720,-256000,548864,-115712,549608,-14981,101527,433100,52032
26320,3988480,-263168,719872,-106496,740544,-5929,149020,585595,82974
26325,3988480,-263168,931840,-87040,692520,5983,188860,509643,40795
26330,3988480,-263168,1215488,-126976,628256,15907,252292,391871,21392
26335,5984256,-266240,1540096,-155648,1006880,27498,305614,728764,113995
26340,5984256,-266240,1950720,-256000,913848,43336,361932,595252,56045
26345,5984256,-266240,2441216,-295936,802720,56174,453614,405280,29390
26350,6372352,-266240,2951168,-288768,775112,67895,518675,324332,35397
26355,6372352,-266240,3473408,-239616,656792,79689,528830,207651,17401
26360,6372352,-266240,3981312,-219136,541720,88546,543058,87208,9122
26365,6372352,-266240,4494336,-242688,425488,95656,554579,-33435,4781
26370,6372352,-266240,5055488,-310272,298352,101550,568888,-168986,2347
26375,5327872,-259072,5450752,-284672,-27840,101789,518181,-444232,-35292
26380,4301824,-259072,5734400,-257024,-324568,99398,421806,-646976,-71354
26385,4301824,-259072,5916672,-252928,-365864,93476,287370,-559758,-35087
26390,4301824,-259072,5949440,-292864,-373288,87714,150466,-436040,-18405
26395,2499584,-259072,5863424,-386048,-762120,79603,15157,-697674,-102468
26400,2499584,-259072,5706752,-396288,-726624,67135,-86565,-572924,-50385
26405,2499584,-259072,5434368,-317440,-664912,56651,-195413,-412848,-26429
26410,2499584,-259072,5070848,-281600,-582552,47279,-302138,-233135,-13865
26415,2499584,-259072,4585472,-457728,-472584,38497,-416942,-17145,-6821
26420,527360,-275456,4211712,-462848,-834736,25159,-437447,-372130,-72537
26425,409600,-269312,3837952,-293888,-776736,12920,-445651,-318165,-43731
26430,409600,-269312,3445760,-252928,-687880,753,-432857,-254270,-21505
26435,156672,-224256,3039232,-347136,-653080,-9784,-454728,-208136,-20125
26440,49152,-208896,2679808,-425984,-596008,-19190,-439512,-175686,-15750
26445,-4096,-141312,2268160,-267264,-514808,-28303,-439753,-103358,-11076
26450,-4096,-141312,1955840,-291840,-444048,-35511,-403631,-75928,-5812
26455,-4096,-141312,1648640,-393216,-374448,-41614,-372811,-37775,-2862
26460,-133120,-129024,1367040,-490496,-339880,-47224,-326843,-60261,-9569
26465,-133120,-129024,1130496,-348160,-286288,-51792,-288484,-49596,-5022
26470,-133120,-129024,903168,-165888,-234784,-55586,-283446,3409,-2474
26475,-133120,-129024,652288,-131072,-177944,-58969,-265959,29046,-1301
26480,-133120,-129024,491520,-169984,-141520,-61447,-237961,34994,-686
26485,-105472,-147456,360448,-220160,-105560,-63407,-205717,39378,832
26490,-96256,-162816,285696,-283648,-86536,-65093,-150995,-634,1010
26495,-96256,-162816,225280,-191488,-72848,-66310,-113725,-25433,526
26500,-96256,-162816,175104,-111616,-61480,-67315,-86381,-50799,255
26505,-96256,-162816,115712,-51200,-48024,-68216,-74310,-41930,131
26510,-96256,-162816,71680,-64512,-38048,-68885,-66220,-40713,65
26515,-96256,-162816,22528,-107520,-26912,-69431,-68412,-24506,28
26520,-13312,-215040,1024,-163840,-3248,-69832,-49927,-23153,4872
26525,-13312,-215040,-19456,-124928,1392,-69871,-39313,-29166,2551
26530,-13312,-215040,-46080,-65536,7424,-69805,-28469,-35295,1250
26535,-13312,-215040,-52224,-9216,8816,-69660,-18945,-41899,651
26540,-13312,-215040,-81920,-24576,15544,-69444,-23260,-30640,337
26545,0,-237568,-118784,-181248,26912,-69094,-33059,-9123,726
26550,0,-237568,-142336,-239616,32248,-68686,-34837,-1601,378
26555,0,-237568,-150528,-276480,34104,-68240,-28113,-6023,195
26560,0,-231424,-136192,-284672,30856,-67694,-4223,-32615,91
26565,0,-234496,-131072,-237568,29696,-67169,8204,-45677,45
26570,0,-234496,-144384,-195584,32712,-66626,4222,-38136,20
26575,0,-234496,-161792,-249856,36656,-66020,-5761,-23603,7
26580,0,-231424,-171008,-310272,38744,-65469,-10592,-16133,0
26585,0,-231424,-157696,-354304,35728,-64908,1617,-30797,0
26590,0,-231424,-151552,-371712,34336,-64303,7217,-37184,0
26595,0,-231424,-138240,-354304,31320,-63757,17579,-50016,0
26600,0,-231424,-135168,-314368,30624,-63217,19001,-51594,0
26605,-10240,-205824,-151552,-195584,32016,-62649,5232,-35865,-409
26610,-10240,-205824,-164864,-227328,35032,-62138,-5038,-22068,-218
26615,-10240,-205824,-183296,-289792,39208,-61591,-16226,-6157,-118
26620,-56320,-156672,-204800,-371712,33640,-61081,-26943,-498,-1895
26626,-56320,-156672,-201728,-408576,32944,-60669,-22135,-5590,-998
26631,-56320,-156672,-211968,-444416,35264,-60229,-27585,2620,-527
26636,-56320,-156672,-184320,-248832,29000,-59722,-1274,-29448,-263
26641,-206848,-144384,-190464,-185344,-3712,-59373,527,-63612,-8410
26646,-206848,-144384,-192512,-131072,-3248,-59334,7814,-63140,-4139
26651,-332800,-147456,-221184,-72704,-25288,-59603,-2204,-82687,-6872
26656,-332800,-147456,-261120,-100352,-16240,-59830,-17591,-58479,-3608
26661,-332800,-147456,-311296,-124928,-4872,-59955,-37236,-27591,-1778
26666,-795648,-138240,-361472,-163840,-98368,-61388,-54528,-105228,-18197
26671,-1095680,-138240,-411648,-187392,-154976,-63254,-68263,-149967,-24998
26676,-1095680,-138240,-449536,-188416,-146392,-65823,-79485,-128554,-12295
26681,-1095680,-138240,-519168,-82944,-130616,-67981,-86335,-112262,-6452
26686,-7369728,-18432,-589824,-51200,-1536072,-78500,-103949,-1510623,-326490
26691,-7369728,-18432,-704512,-79872,-1510088,-101608,-161712,-1442507,-160533
26696,-9688064,-12288,-1108992,-182272,-1943696,-133139,-316998,-1759837,-170659
26701,-17213440,-12288,-1722368,-158720,-3509696,-171820,-557414,-3124102,-477053
26706,-17213440,-12288,-2666496,-43008,-3295792,-228167,-918589,-2578922,-234563
26711,-17213440,-12288,-4034560,-238592,-2985840,-275293,-1268105,-1993028,-123022
26716,-17213440,-12288,-5684224,-20480,-2612088,-317439,-1700170,-1229357,-64524
26721,-17213440,-12288,-7445504,-130048,-2213048,-353764,-2031764,-535048,-31728
26726,-17213440,-12288,-9317376,-204800,-1788952,-386725,-2169184,-6493,-16643
26731,-17213440,-46080,-11067392,57344,-1392464,-410464,-2275266,472338,-8731
26736,-17213440,-46080,-12470272,-180224,-1074624,-428963,-2157135,651925,-4298
26741,-17213440,-46080,-13659136,203776,-805272,-444140,-1949651,700239,-2258
26746,-17213440,-64512,-14626816,-67584,-586032,-454191,-1711140,670917,-1187
26751,-17213440,-64512,-15204352,54272,-455184,-461826,-1421487,504477,-587
26756,-17213440,-67584,-15636480,200704,-357280,-468393,-1033220,207547,-311
26761,-17213440,-67584,-15792128,194560,-322016,-473418,-701420,-94014,-165
26766,-17213440,-67584,-15898624,147456,-289536,-478478,-474636,-293378,-85
26771,-17213440,-55296,-15985664,88064,-278168,-482858,-321565,-439461,-48
26776,-17213440,-49152,-16047104,73728,-264248,-487013,-234163,-517098,-29
26781,-17213440,-49152,-16164864,178176,181656,-490473,-220393,-88424,113198
26786,-15401984,-18432,-16404480,226304,227128,-487364,-246406,-13830,59364
26791,-15401984,-18432,-16662528,181248,285592,-483470,-296550,98672,31131
26796,-15401984,-18432,-16911360,93184,349160,-478205,-326109,197064,15303
26801,-15401984,-18432,-17131520,6144,391848,-472614,-303366,222600,8023
26806,-4540416,-18432,-17300480,43008,2890952,-447735,-270767,2713984,528597
26811,-4540416,-18432,-17373184,108544,3357040,-398692,-187599,3145947,383930
26816,-2555904,-21504,-17164288,205824,3309712,-348335,16270,2945107,201353
26821,-2555904,-21504,-16523264,224256,3164480,-299689,377124,2487667,105599
26826,-2555904,-58368,-15307776,274432,3238488,-249061,903854,2085573,148301
26831,-1013760,-58368,-13928448,283648,2925984,-202549,1359683,1363752,77775
26836,-616448,-67584,-12324864,276480,2652688,-160351,1766458,725879,58769
26841,-616448,-67584,-10551296,273408,2250864,-119681,2004063,127120,28891
26846,-616448,-67584,-8999936,193536,1899384,-88509,2097570,-286695,15150
26851,-157696,-125952,-7599104,205824,1685944,-61408,2150686,-526150,28706
26856,-34816,-141312,-6301696,100352,1419840,-35986,1923511,-539657,21311
26861,-34816,-141312,-5357568,62464,1205936,-16293,1685884,-496241,11174
26866,-34816,-141312,-4697088,55296,1056296,705,1383665,-326664,5857
26871,0,-172032,-4159488,32768,942384,17137,1067218,-107697,4916
26876,0,-172032,-3838976,-17408,869768,30775,817749,82794,2574
26881,0,-168960,-3587072,-77824,812696,43499,634844,221351,1346
26886,0,-168960,-3400704,-97280,770472,56752,497275,329949,659
26891,0,-168960,-3249152,-136192,736136,68250,398375,406011,342
26896,0,-168960,-3112960,-147456,705280,79231,327645,456866,176
26901,0,-168960,-2929664,-73728,663752,90612,290307,464057,84
26906,0,-168960,-2689024,-69632,609232,100188,313956,395464,41
26911,291840,-278528,-2398208,-100352,609464,109590,361932,357122,12403
26916,291840,-278528,-2034688,-160768,527104,119107,419833,226378,6093
26921,291840,-278528,-1741824,-164864,460752,126691,433969,153474,3192
26926,291840,-278528,-1462272,-154624,397416,133204,426029,104591,1671
26931,6305792,-549888,-1156096,-118784,1690584,145330,406109,1429805,331174
26936,6305792,-549888,-809984,-125952,1612168,170205,438135,1344238,173685
26941,6305792,-549888,-311296,-230400,1499184,193721,553592,1117216,85394
26946,17054720,-594944,326656,-180224,3789952,228509,671689,3346772,635239
26951,17054720,-594944,1052672,-154624,3625464,284460,814685,3095239,333154
26956,17054720,-589824,2194432,-302080,3366784,337135,1131832,2577173,163801
26961,17054720,-589824,3523584,-335872,3065648,390251,1432570,2023329,85904
26966,17054720,-589824,5246976,-348160,2675192,432851,1833367,1274676,45049
26971,17054720,-579584,6986752,-416768,2281024,469548,2084041,436749,22148
26976,17054720,-600064,9111552,-435200,1799624,502778,2350367,-47965,11612
26981,17054720,-600064,10788864,-436224,1419608,526840,2385089,-438641,6088
26986,17054720,-600064,12243968,-492544,1089936,547136,2222413,-614573,2990
26991,17054720,-600064,13542400,-435200,795760,560970,2000999,-644269,1564
26996,17054720,-600064,14457856,-487424,588352,571290,1803361,-643719,816
27001,17054720,-733184,15076352,-543744,448224,578926,1365306,-346773,398
27006,17054720,-733184,15509504,-547840,350088,585404,1030569,-95077,206
27011,17054720,-733184,15711232,-527360,304384,590254,723715,170923,105
27016,16898048,-855040,15850496,-507904,237336,594053,429529,398037,-5795
27021,16135168,-863232,15992832,-488448,32248,596557,284421,344384,-42330
27026,16135168,-863232,16139264,-509952,-928,596689,222309,373452,-22203
27031,16135168,-863232,16304128,-563200,-38280,596280,217788,332556,-10920
27036,9980928,-801792,16525312,-640000,-1482712,586891,225372,-1121193,-322665
27041,9980928,-801792,16679936,-674816,-1517744,564238,205670,-1159176,-169229
27046,9980928,-801792,16672768,-649216,-1516120,539017,94229,-1071332,-83210
27051,9980928,-801792,16513024,-607232,-1479928,516424,-37981,-925523,-43644
27056,9980928,-801792,16150528,-529408,-1397800,494791,-213681,-689328,-22893
27061,9980928,-801792,15600640,-581632,-1273216,472694,-404285,-396237,-11260
27066,2847744,-471040,15022080,-803840,-2758248,444781,-527982,-1785485,-373257
27071,2847744,-471040,14431232,-761856,-2624384,404197,-602096,-1618091,-195764
27076,2847744,-471040,13508608,-593920,-2415352,362493,-785483,-1267376,-96258
27081,2847744,-471040,12560384,-730112,-2200520,327902,-917671,-954947,-50487
27086,2847744,-471040,11403264,-425984,-1938360,296863,-1110731,-530766,-26481
27091,2847744,-471040,10198016,-677888,-1665296,267118,-1186223,-211955,-13025
27096,1022976,-321536,9124864,-477184,-1835584,240844,-1249769,-344971,-94935
27101,1022976,-321536,8148992,-305152,-1614488,214992,-1183893,-215603,-49793
27106,855040,-321536,7134208,-685056,-1422624,189719,-1116319,-116586,-30358
27111,855040,-321536,6383616,-195584,-1252568,169706,-987356,-95506,-15926
27116,855040,-321536,5619712,-252928,-1079496,152279,-929754,2537,-8356
27121,594944,-348160,4930560,-623616,-982288,134743,-826069,-21476,-12638
27126,488448,-362496,4507648,-541696,-910600,120578,-655671,-134351,-11774
27131,488448,-362496,4039680,-310272,-804576,107868,-605401,-91307,-6180
27136,488448,-362496,3522560,-387072,-687416,95576,-572779,-19061,-3042
27141,331776,-376832,3194880,-425984,-648672,85409,-492628,-70635,-9164
27146,331776,-376832,2933760,-462848,-589512,76045,-405513,-107954,-4810
27151,252928,-324608,2708480,-334848,-556336,66507,-308323,-181506,-4953
27156,252928,-324608,2465792,-296960,-501352,58718,-278329,-164305,-2600
27161,252928,-324608,2233344,-317440,-448688,51682,-263584,-133422,-1367
27166,101376,-285696,1984512,-445440,-426648,44158,-272890,-109600,-5643
27171,67584,-224256,1824768,-509952,-398112,37900,-234048,-126164,-4493
27176,67584,-224256,1666048,-535552,-362152,32170,-209573,-120409,-2361
27181,67584,-224256,1531904,-394240,-331760,26504,-164535,-140721,-1164
27186,0,-141312,1391616,-377856,-315288,21780,-145395,-148113,-3672
27191,0,-129024,1217536,-378880,-275848,17492,-156136,-102220,-1929
27196,0,-129024,1060864,-433152,-240352,13314,-151959,-75079,-952
27201,-4096,-92160,928768,-446464,-211352,9975,-151741,-49636,-688
27206,-4096,-92160,821248,-404480,-186992,7030,-132957,-47005,-364
27211,-4096,-92160,738304,-289792,-168200,4183,-99267,-64750,-183
27216,-4096,-92160,651264,-238592,-148480,1953,-83914,-62613,-100
27221,0,-82944,572416,-217088,-129688,23,-69801,-59864,199
27226,0,-82944,467968,-284672,-106024,-1788,-77477,-30335,94
27231,0,-82944,385024,-315392,-87232,-3155,-78716,-11671,45
27236,0,-82944,329728,-327680,-74704,-4310,-65911,-13103,20
27241,0,-82944,271360,-252928,-61480,-5385,-61734,-5131,7
27246,0,-86016,215040,-168960,-48720,-6201,-63581,8660,0
27251,0,-86016,183296,-103424,-41528,-6900,-53908,5480,0
27256,0,-86016,136192,-49152,-30856,-7553,-58326,19917,0
27261,0,-86016,108544,-84992,-24592,-8077,-56995,24326,0
27266,0,-86016,90112,-130048,-20416,-8528,-51258,22314,0
27271,0,-86016,112640,-181248,-25520,-8966,-16673,-17813,0
27276,0,-86016,117760,-182272,-26680,-9345,-2468,-33557,0
27281,0,-76800,128000,-155648,-29000,-9701,12977,-51678,0
27286,0,-76800,140288,-4096,-31784,-10071,28835,-70690,0
27291,-4096,-73728,142336,44032,-33176,-10394,33643,-77213,-175
27296,-4096,-73728,124928,50176,-29232,-10693,24613,-64538,-95
27301,-4096,-73728,62464,-1024,-15080,-10975,-16008,-10047,-51
27306,-4096,-64512,33792,-53248,-8584,-11194,-30752,10974,-30
27311,-4096,-64512,15360,-97280,-4408,-11394,-38532,22730,-20
27316,-4096,-64512,4096,-96256,-1856,-11574,-38360,24930,-15
27321,-4096,-64512,10240,-56320,-3248,-11753,-30718,15717,-15
27326,-4096,-55296,30720,-4096,-7888,-11946,-16260,-3574,-15
27331,-4096,-55296,54272,9216,-13224,-12177,355,-25756,-15
27336,-4096,-55296,53248,-10240,-12992,-12404,-2617,-22779,-15
27341,-7168,-52224,55296,-34816,-14152,-12640,-3099,-23693,-183
27346,-7168,-52224,51200,-154624,-13224,-12895,-5680,-20439,-94
27351,-7168,-55296,53248,-186368,-13688,-13116,-2399,-24405,-54
27356,-7168,-55296,58368,-182272,-14848,-13312,5094,-33254,-31
27361,-7168,-55296,80896,-128000,-19952,-13511,25117,-58580,-20
27366,-93184,-21504,62464,-68608,-35264,-13872,18336,-67472,-3435
27371,-93184,-21504,41984,-38912,-30624,-14249,9741,-54614,-1806
27376,-93184,-21504,-5120,-57344,-19952,-14599,-15342,-19209,-892
27381,-117760,-21504,-34816,-90112,-18792,-14928,-25990,-7730,-1387
27386,-235520,-18432,-61440,-125952,-39440,-15317,-32015,-22742,-7200
27391,-235520,-18432,-67584,-67584,-38048,-15977,-20460,-33565,-3544
27396,-235520,-18432,-95232,-23552,-31784,-16498,-25428,-22854,-1862
27401,-235520,-18432,-102400,41984,-30160,-16934,-13827,-33267,-918
27406,-235520,-18432,-143360,167936,-20880,-17306,-25176,-13010,-485
27411,-476160,-15360,-175104,168960,-68208,-18269,-27895,-58582,-9233
27416,-476160,-15360,-222208,141312,-57536,-19198,-65865,-2127,-4543
27421,-476160,-15360,-322560,50176,-34800,-20031,-83203,28372,-2387
27426,-871424,-15360,-371712,10240,-113216,-21858,-88493,-46581,-15996
27431,-1498112,-15360,-402432,7168,-248240,-24508,-76582,-202293,-38126
27436,-1498112,-15360,-453632,78848,-236640,-28599,-70581,-194658,-19999
27441,-1498112,-15360,-534528,145408,-218312,-32045,-85039,-165318,-10493
27446,-5678080,-12288,-630784,134144,-1140976,-42615,-99153,-1084438,-206971
27451,-5678080,-12288,-817152,69632,-1101304,-59556,-151396,-1009464,-108552
27456,-7757824,-9216,-1131520,7168,-1501272,-82785,-258122,-1325935,-129651
27461,-7757824,-9216,-1642496,4096,-1385504,-106696,-447258,-1030094,-63751
27466,-7757824,-9216,-2408448,82944,-1211968,-126221,-630565,-707624,-33438
27471,-7757824,-9216,-3178496,-302080,-1037504,-143104,-752482,-428126,-17540
27476,-7757824,-9216,-4132864,140288,-821280,-158305,-893746,-85839,-8628
27481,-7757824,-9216,-5045248,62464,-614568,-168969,-964843,181306,-4529
27486,-7757824,-9216,-5833728,-142336,-435928,-176843,-944303,331532,-2378
27491,-17213440,-43008,-6414336,166912,-2446672,-202196,-758816,-1890052,-429156
27496,-17213440,-43008,-7101440,28672,-2291000,-237795,-768329,-1760466,-225080
27501,-17213440,-43008,-7894016,-47104,-2111432,-270992,-843855,-1538569,-118049
27506,-17213440,-64512,-8969216,186368,-1867832,-304024,-999657,-1172199,-58047
27511,-17213440,-64512,-10062848,-29696,-1620056,-330132,-1149492,-800696,-30447
27516,-17213440,-52224,-11460608,215040,-1303376,-351960,-1367051,-288285,-15971
27521,-17213440,-52224,-12695552,-92160,-1023584,-371029,-1319420,-75193,-7857
27526,-17213440,-21504,-13963264,270336,-736368,-383977,-1372054,251709,-4125
27531,-17213440,-21504,-14956544,74752,-511328,-393276,-1265879,356790,-2032
27536,-17213440,-12288,-15812608,55296,-317376,-399919,-1066095,348800,-1069
27541,-17213440,-12288,-16444416,342016,-174232,-403386,-926678,349060,-565
27546,-17213440,-12288,-16954368,279552,-48952,-405062,-742144,288130,-281
27551,-11910144,-9216,-17277952,252928,1216144,-394447,-548326,1370023,239888
27556,-11910144,-9216,-17390592,242688,1241664,-375847,-346763,1212580,125809
27561,-11910144,-9216,-17254400,233472,1210808,-355420,-59818,905926,61855
27566,-11910144,-9216,-16908288,174080,1132392,-337750,144304,650338,32437
27571,-2342912,-9216,-16424960,121856,3190464,-318222,344353,2527889,614960
27576,-2342912,-9216,-15876096,198656,3066112,-271038,493786,2267182,302361
27581,-1310720,-12288,-14937088,139264,3087224,-219468,748649,2119107,202373
27586,-1310720,-12288,-13824000,217088,2835040,-174837,1007872,1652331,106133
27591,-1310720,-12288,-12471296,230400,2528568,-134449,1328323,1028257,52181
27596,-1310720,-12288,-10817536,230400,2153888,-95838,1503988,554062,27363
27601,-1310720,-12288,-9276416,149504,1804728,-66183,1632079,106466,14347
27606,-1310720,-12288,-7731200,197632,1454640,-39473,1610633,-195466,7050
27611,-10240,-24576,-6407168,107520,1449304,-16888,1622750,-190334,58877
27616,0,-30720,-5325824,31744,1206632,2960,1439225,-229633,31475
27621,0,-30720,-4409344,99328,998992,21040,1182860,-162828,15472
27626,0,-30720,-3664896,56320,830328,34664,1021079,-156087,8112
27631,0,-39936,-3076096,0,696928,46148,862925,-119849,4250
27636,0,-39936,-2621440,-46080,593920,56842,669210,-18448,2085
27641,0,-43008,-2298880,-52224,520840,65169,521773,64236,1089
27646,0,-43008,-2006016,-60416,454488,72383,421898,104973,567
27651,0,-43008,-1712128,-5120,387904,79247,354416,112735,274
27656,61440,-104448,-1459200,32768,344520,84776,321816,107480,2583
27662,61440,-104448,-1223680,43008,291160,89600,303457,77303,1351
27667,61440,-104448,-1013760,31744,243600,94079,266268,71411,660
27672,466944,-243712,-822272,2048,292088,98571,248964,141695,16474
27677,1270784,-301056,-647168,-10240,434536,103533,230088,307981,52792
27682,1270784,-301056,-449536,-93184,389760,110376,219497,280639,25954
27687,1929216,-314368,-248832,-115712,493464,117706,233623,377547,39800
27692,1929216,-314368,-8192,-128000,438944,124751,258454,305241,19564
27697,1929216,-314368,250880,-132096,380248,131584,271156,240676,10257
27702,6305792,-492544,487424,-130048,1318224,148906,274277,1192853,179481
27707,6575104,-518144,794624,-118784,1309640,170464,330973,1136139,102113
27712,6575104,-518144,1374208,-200704,1178328,189098,462897,904529,53550
27717,7368704,-518144,2056192,-297984,1203616,208218,633031,778803,57679
27722,8415232,-560128,2736128,-315392,1286672,226320,722028,783614,82251
27727,8415232,-560128,3536896,-300032,1105248,245986,780411,570823,43134
27732,8941568,-584704,4439040,-374784,1020104,262455,888352,394207,42248
27737,8941568,-584704,5295104,-379904,820816,277498,890578,207736,20769
27742,8941568,-584704,6125568,-337920,638000,288333,900928,25405,10889
27747,10802176,-713728,6914048,-386048,880904,302298,912242,270960,75098
27752,10695680,-752640,7627776,-398336,695072,315375,835718,174729,31779
27757,10695680,-752640,8192000,-374784,567240,324777,770313,121704,16664
27762,10695680,-752640,8783872,-437248,433144,332099,713823,51420,8735
27767,10695680,-801792,9422848,-521216,288376,337977,690519,-64166,4291
27772,10695680,-801792,9889792,-566272,182584,341553,626789,-102652,2247
27777,10695680,-801792,10279936,-562176,94192,343652,548199,-110355,1174
27782,10695680,-801792,10639360,-512000,12760,344500,460877,-103617,574
27787,10695680,-801792,10924032,-512000,-51736,344152,396355,-103939,298
27792,10180608,-683008,11177984,-537600,-225968,341144,348759,-233583,-16741
27797,9495552,-642048,11408384,-552960,-433376,335815,302206,-399767,-41859
27802,9495552,-642048,11541504,-562176,-463536,329145,244787,-379178,-21957
27807,9495552,-642048,11578368,-544768,-471888,322198,150902,-301072,-10800
27812,8415232,-589824,11563008,-577536,-713168,312659,83018,-483527,-57825
27817,8415232,-589824,11489280,-613376,-696464,302102,10958,-405320,-30331
27822,8080384,-584704,11376640,-629760,-746808,289583,-52325,-403044,-25893
27827,8080384,-584704,11216896,-660480,-710616,278711,-101505,-330400,-13583
27832,8080384,-584704,11033600,-574464,-669088,268461,-138327,-262300,-7128
27837,7836672,-584704,10802176,-435200,-668392,257070,-185430,-225892,-11497
27842,7836672,-584704,10541056,-384000,-612712,247527,-222700,-142485,-6033
27847,7836672,-584704,10287104,-422912,-555176,238758,-254622,-61796,-3166
27852,7836672,-584704,10067968,-530432,-505528,229979,-240267,-35282,-1560
27857,7836672,-584704,9896960,-473088,-466784,222714,-212189,-31881,-822
27862,2697216,-574464,9741312,-406528,-1595928,214312,-182298,-1199318,-321651
27867,2697216,-574464,9577472,-321536,-1558808,188266,-161988,-1208554,-158155
27872,2697216,-574464,9257984,-335872,-1486424,165398,-251490,-1069536,-82951
27877,912384,-496640,8788992,-451584,-1784544,143106,-398743,-1242695,-155060
27882,912384,-496640,8222720,-381952,-1656248,114455,-510196,-1031597,-76245
27887,912384,-496640,7560192,-267264,-1506144,90668,-630106,-785370,-39990
27892,912384,-496640,6772736,-485376,-1327736,69494,-779241,-457307,-19665
27897,912384,-496640,5807104,-254976,-1108960,49460,-876959,-182541,-10317
27902,202752,-291840,5040128,-424960,-1095968,32405,-880941,-182622,-35527
27907,58368,-215040,4278272,-505856,-956072,17215,-899449,-17385,-25932
27912,58368,-215040,3538944,-80896,-788568,2859,-824899,39190,-13605
27917,58368,-215040,2972672,-320512,-660272,-7943,-737106,68891,-7140
27922,-10240,-61440,2460672,-462848,-559816,-17792,-619182,41574,-7283
27927,-10240,-61440,2001920,-338944,-455880,-25330,-591230,110020,-3824
27932,-13312,-55296,1661952,-279552,-379552,-31621,-499444,88271,-2139
27937,-10240,-24576,1405952,-326656,-320856,-37421,-382748,24471,-886
27942,-10240,-24576,1216512,-362496,-277936,-41898,-302070,-17764,-469
27947,-10240,-21504,1042432,-360448,-238496,-45760,-252316,-31940,-235
27952,-10240,-21504,897024,-335872,-205552,-49453,-204260,-50745,-127
27957,-10240,-21504,772096,-274432,-177248,-52394,-183135,-46507,-71
27962,-10240,-21504,671744,-150528,-154512,-55232,-152957,-56787,-39
27967,-7168,-21504,604160,-108544,-138504,-57512,-129629,-66387,144
27972,-7168,-21504,529408,-97280,-121568,-59500,-112039,-69029,73
27977,-7168,-21504,451584,-113664,-103936,-61368,-97041,-68263,32
27982,-4096,-52224,366592,-116736,-83984,-62770,-97363,-49391,182
27987,-4096,-52224,277504,-120832,-63800,-63899,-103513,-24186,91
27992,0,-52224,178176,-66560,-40368,-64837,-114230,9025,195
27997,0,-58368,106496,-22528,-24128,-65471,-115825,26226,98
28002,0,-58368,38912,36864,-8816,-65892,-116709,42001,45
28007,0,-58368,5120,159744,-1160,-66101,-90696,23435,20
28012,0,-58368,-31744,185344,7192,-66121,-73656,14727,8
28017,0,-58368,-76800,202752,17400,-65964,-66060,2769,0
28022,0,-55296,-109568,164864,24824,-65611,-49353,8566,0
28027,0,-55296,-161792,120832,36656,-65142,-54562,26076,0
28032,0,-55296,-203776,64512,46168,-64551,-55515,24069,0
28037,0,-55296,-220160,-4096,49880,-63787,-38486,24579,0
28042,0,-46080,-227328,-12288,51504,-63012,-22078,10570,0
28047,0,-46080,-250880,-8192,56840,-62166,-21137,7811,0
28052,0,-46080,-259072,97280,58696,-61182,-12301,9815,0
28057,0,-39936,-274432,145408,62176,-60235,-10844,12785,0
28062,0,-39936,-278528,176128,63104,-59246,-2869,6727,0
28067,0,-43008,-285696,205824,64728,-58118,1721,4889,0
28072,0,-43008,-294912,168960,66816,-57052,3327,6437,0
28077,0,-43008,-302080,136192,68440,-55864,1755,11517,0
28082,0,-39936,-302080,13312,68440,-54788,6345,7307,0
28087,0,-36864,-290816,-32768,65888,-53712,15903,-3727,0
28092,0,-36864,-277504,-104448,63568,-52580,18634,-7646,0
28097,0,-33792,-271360,-90112,61480,-51576,20964,-11060,0
28102,0,-27648,-270336,-54272,61248,-50595,16064,-5411,0
28107,0,-27648,-272384,-28672,61712,-49636,9305,31485,0
28112,0,-27648,-290816,128000,65888,-48599,-9387,26676,0
28117,0,-21504,-295936,169984,67048,-47687,-18050,37411,0
28122,0,-21504,-295936,198656,67048,-46797,-22502,30820,0
28127,0,-21504,-278528,167936,63104,-45847,-14160,31417,0
28132,-4096,-21504,-282624,161792,63104,-45001,-20012,38115,-198
28137,-4096,-21504,-271360,117760,56608,-44090,-643,13161,-101
28142,-4096,-21504,-234496,5120,52200,-43251,14010,-5061,-57
28147,-4096,-21504,-216064,-9216,48024,-42439,25198,-19613,-33
28152,-4096,-21504,-203776,-25600,45240,-41568,46632,-48064,-21
28157,-4096,-21504,-178176,44032,39440,-40768,46586,-47914,-15
28162,-4096,-21504,-190464,98304,42224,-39968,35640,-33384,-15
28167,-4096,-21504,-198656,156672,44080,-39087,9030,1067,-207
28172,-7168,-21504,-233472,292864,51272,-38269,4119,8884,-113
28177,-10240,-21504,-243712,310272,52896,-37430,114,15352,-201
28182,-10240,-21504,-252928,314368,54984,-36501,-27413,52856,-103
28187,-10240,-21504,-284672,206848,62176,-35651,-25382,51907,-57
28192,-65536,-12288,-287744,154624,50344,-34941,-28767,44170,-2535
28197,-65536,-12288,-301056,9216,53360,-34245,-38693,57808,-1251
28202,-65536,-12288,-292864,-19456,51504,-33644,-34688,52548,-660
28207,-65536,-12288,-284672,-30720,49648,-33055,-30626,47219,-349
28212,-160768,-9216,-252928,31744,20880,-32473,-7333,-4260,-5755
28217,-160768,-9216,-246784,78848,19488,-32230,-4602,-8140,-3022
28222,-160768,-9216,-231424,115712,16008,-31989,5473,-21454,-1589
28227,-173056,-9216,-181248,209920,1856,-31733,41905,-71782,-1505
28232,-173056,-9216,-191488,206848,4176,-31505,35754,-63083,-792
28237,-169984,-9216,-199680,190464,6728,-31235,33643,-58150,-289
28242,-169984,-9216,-236544,99328,15080,-30891,11577,-27388,-146
28247,-169984,-9216,-267264,49152,22040,-30507,-2089,-6378,-80
28252,-163840,-9216,-295936,7168,29928,-30044,-12014,28599,201
28257,-176128,-9216,-336896,-69632,36424,-29493,-31877,38808,-572
28262,-176128,-9216,-343040,-64512,37816,-28967,-24751,33600,-304
28267,-176128,-9216,-348160,-33792,38976,-28359,-36983,53168,-154
28272,-241664,-9216,-380928,99328,31552,-27866,-37213,40899,-3684
28277,-241664,-9216,-379904,151552,31320,-27515,-31384,35189,-1936
28282,-322560,-9216,-384000,192512,9048,-27318,-11923,-6347,-4173
28287,-322560,-9216,-370688,226304,10904,-27198,-13334,-2960,-2191
28292,-322560,-9216,-391168,211968,15544,-27037,-21997,10504,-1154
28297,-575488,-9216,-392192,105472,-41528,-27591,-14332,-54787,-10004
28302,-1004544,-9216,-410624,60416,-134560,-28644,-18303,-144901,-28818
28307,-1004544,-9216,-423936,19456,-131544,-30650,-15032,-147162,-15118
28312,-1004544,-9216,-429056,-32768,-130384,-32713,2983,-166080,-7438
28317,-1004544,-9216,-478208,-25600,-119248,-34387,-3902,-149733,-3905
28322,-1004544,-9216,-553984,14336,-102080,-35830,-21263,-116647,-2053
28327,-2788352,-6144,-673792,89088,-479080,-42615,-59818,-461877,-67541
28332,-2788352,-6144,-811008,89088,-447992,-49535,-104087,-393440,-35425
28337,-2788352,-6144,-1002496,56320,-404608,-55935,-160989,-299554,-18582
28342,-2788352,-6144,-1276928,-86016,-342432,-62187,-236205,-168414,-9140
28347,-2788352,-6144,-1498112,-158720,-292320,-67047,-255632,-103735,-4797
28352,-2788352,-6144,-1728512,-160768,-240120,-71075,-263997,-47198,-2519
28357,-2788352,-6144,-1972224,-73728,-184904,-74519,-253934,-5489,-1242
28362,-16285696,0,-2206720,-46080,-3189768,-95246,-251134,-3033880,-695746
28367,-16285696,0,-2496512,-69632,-3124112,-142843,-287279,-2979676,-364894
28372,-16285696,0,-3170304,-130048,-2971456,-193408,-504069,-2660795,-179415
28377,-16899072,-12288,-4091904,-5120,-2901624,-237522,-779540,-2359606,-125688
28382,-16899072,-12288,-5332992,-5120,-2620440,-279031,-1085487,-1813984,-65922
28387,-16744448,-9216,-7213056,78848,-2159456,-318432,-1557495,-920393,-27011
28392,-16744448,-9216,-8713216,-72704,-1819576,-348271,-1636716,-531131,-14170
28397,-16744448,-9216,-10598400,130048,-1392464,-372166,-1884946,120316,-7436
28402,-16744448,-9216,-12299264,67584,-1007112,-391979,-1908630,509539,-3660
28407,-11456512,-12288,-13677568,93184,503208,-395497,-1747480,1855191,253377
28412,-11456512,-12288,-14883840,196608,776504,-384585,-1491746,1883665,124576
28417,-11456512,-12288,-15516672,197632,919880,-371539,-1114896,1663237,65332
28422,-6306816,-18432,-15799296,210944,2150640,-348136,-723107,2525611,282886
28427,-6306816,-18432,-15646720,284672,2116072,-312593,-263653,2067132,139086
28432,-4790272,-18432,-15079424,357376,2331136,-276482,173771,1880883,125967
28437,-2342912,-43008,-14104576,266240,2664752,-238925,623013,1802814,184218
28442,-1482752,-55296,-12811264,324608,2566616,-197009,990396,1379211,144333
28447,-1482752,-55296,-11345920,274432,2234624,-160992,1320142,753490,75694
28452,-1482752,-55296,-9906176,261120,1908432,-129974,1474498,303960,39695
28457,-448512,-58368,-8292352,188416,1777120,-101219,1580902,94999,84154
28462,-448512,-58368,-7015424,156672,1487816,-76843,1518079,-107106,44133
28467,-111616,-58368,-5917696,143360,1315440,-55975,1381738,-122273,39407
28472,-111616,-58368,-4861952,31744,1053512,-36542,1288965,-271995,19372
28477,-111616,-58368,-4063232,62464,895288,-21857,1064281,-190850,10155
28482,-111616,-58368,-3525632,48128,773488,-9448,839769,-75729,5324
28487,-111616,-58368,-3033088,49152,648672,2140,692963,-42151,2615
28492,-111616,-58368,-2591744,35840,561904,11193,571160,1937,1367
28497,-111616,-58368,-2266112,57344,488128,19114,482840,24402,714
28502,-111616,-58368,-2007040,55296,452168,26772,386579,92361,7322
28507,0,-12288,-1800192,76800,407856,33280,326705,114431,3837
28512,0,-12288,-1601536,73728,362848,39077,280829,121096,2010
28517,3072,-12288,-1435648,88064,325960,44716,241735,122677,1165
28522,3072,-12288,-1239040,207872,281416,49224,219520,111120,607
28527,12288,-12288,-1078272,240640,247080,53172,201631,98621,731
28532,43008,-12288,-879616,339968,209032,56916,207965,57983,2156
28537,43008,-12288,-727040,333824,174464,59874,201115,33223,1127
28542,172032,-12288,-589824,320512,172608,62618,190340,44886,6428
28547,228352,-12288,-473088,295936,158920,65337,165567,58690,6457
28552,228352,-12288,-363520,260096,134096,67543,146725,54914,3383
28557,228352,-12288,-248832,235520,108112,69340,137649,39803,1770
28562,275456,-12288,-136192,139264,93264,70931,126656,37539,3627
28567,275456,-12288,-29696,118784,69136,72175,128515,12796,1898
28572,275456,-12288,53248,103424,50344,73113,118073,5384,991
28577,269312,-12288,135168,109568,30392,73834,107333,-3107,124
28582,269312,-12288,203776,134144,14848,74218,99186,-10120,61
28587,228352,-12288,247808,171008,-4408,74294,79174,-9288,-1710
28592,187392,-12288,299008,278528,-25288,74060,64808,-16036,-3094
28597,187392,-12288,350208,303104,-36888,73567,60838,-24159,-1625
28602,187392,-12288,378880,314368,-43384,72923,44544,-15005,-856
28607,187392,-12288,406528,221184,-49648,72090,31738,-9296,-423
28612,187392,-12288,427008,184320,-54288,71244,22857,-5901,-225
28617,9216,-12288,438272,141312,-97208,69916,13115,-40407,-7202
28622,9216,-12288,475136,69632,-105560,68238,30212,-67534,-3781
28627,9216,-12288,470016,93184,-104400,66719,20918,-58599,-1987
28632,9216,-12288,470016,143360,-104400,65065,24188,-65147,-979
28637,9216,-12288,451584,188416,-100224,63625,9730,-46329,-517
28642,9216,-12288,432128,188416,-95816,62230,2237,-35823,-274
28648,0,-9216,399360,158720,-90480,60863,-25382,-189,-480
28653,0,-9216,357376,87040,-80968,59422,-31877,10331,-255
28658,0,-9216,352256,58368,-79808,58147,-25543,3882,-137
28663,0,-9216,365568,133120,-82824,56775,-6105,-19944,-71
28668,6144,-9216,363520,190464,-80968,55570,22,-25420,276
28673,6144,-9216,364544,265216,-81200,54391,6632,-33441,140
28678,12288,-9216,371712,371712,-81432,53149,18233,-46516,294
28683,86016,-12288,357376,360448,-61480,52186,15800,-25094,3946
28688,86016,-12288,320512,321536,-53128,51454,447,-2121,2066
28693,86016,-12288,268288,190464,-41296,50726,-24120,33550,1012
28698,401408,-52224,267264,157696,30392,50552,-11911,92855,16770
28703,401408,-52224,250880,145408,34104,51100,-14401,99605,8241
28708,514048,-67584,262144,171008,57072,51983,-2009,111064,8256
28713,1697792,-141312,279552,188416,321320,54443,8525,367238,65287
28718,1697792,-141312,291840,176128,318536,59726,5783,372479,32097
28723,3210240,-196608,371712,158720,643104,69485,37269,675320,69711
28728,3210240,-196608,537600,161792,605520,78805,100345,583980,36557
28733,3210240,-196608,831488,186368,538936,88212,199750,427398,17970
28738,9980928,-294912,1177600,158720,1994504,118858,292258,1821104,246151
28743,14150656,-291840,1731584,106496,2813696,155151,462736,2506111,309755
28748,14150656,-291840,2584576,172032,2620440,200260,705309,2115391,162450
28753,15690752,-285696,3715072,134144,2713240,242930,981182,1974988,139044
28758,16898048,-256000,5157888,108544,2659880,283205,1305489,1612802,123006
28763,16898048,-256000,6969344,71680,2249472,323772,1605733,967511,64508
28768,16898048,-205824,8605696,196608,1878736,354665,1732849,500552,33828
28773,17054720,-211968,10507264,111616,1483408,382223,1853092,12539,23719
28778,17054720,-199680,12027904,161792,1138888,401804,1868284,-327592,12435
28783,17054720,-199680,13448192,49152,817104,416274,1749705,-516327,6518
28788,16898048,-196608,14632960,99328,513184,426998,1477355,-537173,-3890
28793,16898048,-199680,15571968,77824,300440,432921,1281622,-548261,-2044
28798,16898048,-199680,16219136,-27648,153816,436273,1029387,-439298,-1077
28803,16898048,-199680,16693248,-128000,46400,437847,756096,-271849,-533
28808,12498944,-205824,16951296,-193536,-1008736,436554,535577,-1107759,-275227
28813,12498944,-205824,17126400,-223232,-1048408,420967,372890,-1000331,-135328
28818,10080256,-221184,17079296,-313344,-1585720,397743,145773,-1333750,-173611
28823,6998016,-246784,16852992,-398336,-2232768,372948,-69169,-1790651,-283695
28828,6998016,-246784,16440320,-364544,-2126280,336583,-304973,-1484724,-139492
28833,3697664,-256000,15692800,-232448,-2717648,297776,-543931,-1875941,-213206
28838,3697664,-256000,14755840,-388096,-2505368,258486,-795971,-1450911,-111823
28843,3697664,-256000,13350912,-39936,-2187064,219666,-1144386,-823012,-54986
28848,3697664,-256000,12114944,-451584,-1907040,188898,-1277962,-440180,-28843
28853,387072,-205824,10700800,-88064,-2336704,160500,-1441246,-734958,-209111
28858,387072,-205824,9497600,-465920,-2033944,124388,-1418985,-490571,-102820
28863,297984,-215040,8109056,-71680,-1769696,95879,-1423093,-250724,-57708
28868,297984,-215040,6990848,-244736,-1516352,71236,-1356907,-88209,-30270
28873,297984,-215040,5837824,-322560,-1255120,48449,-1274153,67482,-14887
28878,-74752,-86016,4981760,-52224,-1145616,30284,-1127278,11946,-23627
28883,-74752,-86016,4121600,-290816,-950736,14649,-1057202,121115,-12396
28888,-74752,-86016,3471360,-293888,-803416,223,-858921,55728,-6098
28893,-203776,-21504,2934784,-196608,-711080,-11174,-734054,11800,-8333
28898,-203776,-21504,2452480,-123904,-601808,-20910,-639710,16992,-4374
28903,-203776,-21504,1970176,-154624,-492536,-29965,-576496,53995,-2153
28908,-203776,-21504,1638400,-84992,-417368,-36939,-499192,44885,-1133
28913,-185344,-21504,1377280,-30720,-354032,-42874,-417424,20518,482
28918,-185344,-21504,1178624,49152,-303224,-48341,-341577,-9988,233
28923,-182272,-21504,957440,176128,-258216,-52503,-282196,-28523,241
28928,-182272,-21504,768000,311296,-215296,-55990,-247118,-24168,122
28933,-182272,-21504,624640,346112,-169592,-59150,-230560,1818,56
28938,-182272,-21504,424960,347136,-137576,-61476,-202986,3934,26
28943,-194560,-21504,297984,321536,-111592,-63363,-181058,6103,-664
28948,-194560,-21504,141312,177152,-76096,-64957,-179280,38227,-330
28953,-194560,-21504,63488,149504,-58464,-66037,-143858,19357,-175
28958,-238592,-43008,-7168,140288,-52432,-66843,-114138,-5137,-2514
28963,-238592,-43008,-59392,149504,-40600,-67528,-75067,-33061,-1240
28968,-253952,-39936,-131072,168960,-27840,-67919,-64970,-30789,-1227
28973,-276480,-21504,-195584,165888,-18328,-68097,-55021,-31404,-1885
28978,-276480,-21504,-293888,96256,3944,-68098,-71051,6897,-930
28983,-289792,-21504,-365568,66560,17168,-67932,-77053,26289,-988
28988,-289792,-21504,-418816,33792,29232,-67588,-72922,34566,-522
28993,-289792,-21504,-499712,45056,47560,-67027,-92853,73386,-261
28998,-289792,-21504,-537600,58368,56144,-66381,-84821,74584,-141
29003,-335872,-12288,-576512,101376,54520,-65693,-83467,72294,-2451
29008,-335872,-12288,-591872,220160,58000,-64888,-61332,54444,-1209
29013,-335872,-12288,-608256,254976,61712,-64054,-46851,44509,-638
29018,-338944,-12288,-627712,288768,65424,-63115,-36375,38684,-496
29023,-338944,-12288,-632832,273408,66584,-62006,-18062,22640,-247
29028,-338944,-12288,-643072,256000,68904,-60913,-7218,15209,-133
29033,-338944,-12288,-662528,231424,73312,-59770,-7149,20691,-74
29038,-338944,-12288,-666624,134144,74240,-58470,1950,13820,-41
29043,-392192,-15360,-671744,124928,63336,-57430,7791,-1885,-1886
29048,-392192,-15360,-664576,126976,61712,-56368,20642,-15298,-992
29053,-392192,-15360,-675840,188416,64264,-55174,17934,-8844,-491
29058,-392192,-15360,-697344,259072,69136,-54045,8307,6784,-261
29063,-1004544,-18432,-710656,328704,-66584,-53728,4314,-124626,-31676
29068,-1004544,-18432,-752640,468992,-57072,-54743,-22376,-89439,-15578
29073,-1004544,-18432,-786432,496640,-49416,-55584,-36203,-68797,-8174
29078,-1004544,-18432,-830464,485376,-39440,-56300,-49972,-45768,-4290
29083,-1004544,-18432,-937984,351232,-15080,-56868,-96915,24967,-2112
29088,-4540416,-6144,-1009664,297984,-799936,-69270,-111660,-757546,-124740
29093,-5922816,-9216,-1174528,207872,-1075784,-83664,-174529,-984919,-132166
29098,-5922816,-9216,-1451008,165888,-1013144,-101206,-254347,-860003,-64986
29103,-5922816,-9216,-1879040,290816,-916168,-115793,-375220,-656741,-34088
29108,-11568128,-6144,-2464768,269312,-2062480,-138233,-520936,-1679777,-272283
29113,-11568128,-6144,-3244032,221184,-1885928,-171017,-681317,-1375628,-142805
29118,-11568128,-6144,-4191232,531456,-1671328,-197854,-888445,-980737,-74899
29123,-11568128,-6144,-5199872,225280,-1442808,-221339,-1029927,-627290,-36830
29128,-16590848,-9216,-6425600,358400,-2303064,-244565,-1162321,-1385308,-333240
29133,-16590848,-9216,-7544832,406528,-2049488,-277151,-1210273,-1116366,-174776
29138,-16590848,-9216,-8765440,116736,-1772944,-305891,-1308508,-741679,-85938
29143,-16590848,-9216,-10016768,443392,-1489440,-332821,-1310562,-511699,-45075
29148,-16590848,-9216,-11210752,8192,-1218928,-353022,-1334016,-237934,-23642
29153,-14018560,-9216,-12418048,553984,-362616,-364545,-1286350,559189,97523
29158,-12026880,-9216,-13451264,175104,322712,-367341,-1233487,1188858,175623
29163,-12026880,-9216,-14217216,220160,496248,-360964,-1058223,1158097,86346
29168,-6926336,-12288,-14767104,317440,1776424,-339310,-841227,2278341,261715
29173,-3390464,-12288,-14901248,301056,2607912,-310932,-507236,2804216,358247
29178,-3390464,-12288,-14650368,260096,2551072,-271955,-124179,2336556,176140
29183,-2243584,-15360,-13891584,59392,2639000,-228275,351765,2058960,141042
29188,-2243584,-15360,-12906496,53248,2415816,-190268,720100,1505448,73967
29193,-2243584,-15360,-11606016,-13312,2121176,-156276,1081286,809395,36365
29198,-250880,-122880,-10037248,-63488,2217224,-119520,1358742,738962,103626
29203,-250880,-122880,-8632320,-53248,1898920,-88719,1473649,336552,54344
29208,-250880,-122880,-7244800,-43008,1584560,-62722,1521969,-41821,26716
29213,-250880,-122880,-5871616,-59392,1273448,-39299,1467889,-233740,14008
29218,3072,-73728,-4830208,33792,1095040,-21960,1326143,-253063,22222
29223,3072,-73728,-3829760,10240,868376,-5935,1171523,-309082,10923
29228,3072,-73728,-3151872,33792,714792,5960,988893,-268141,5725
29233,3072,-73728,-2709504,64512,614568,15905,757255,-126782,3000
29238,3072,-73728,-2319360,179200,526176,25238,597677,-46263,1471
29243,0,-12288,-2051072,204800,464696,32626,456058,41264,646
29248,0,-12288,-1845248,261120,418064,39279,353854,103489,334
29253,0,-12288,-1673216,297984,379088,45945,271822,153211,160
29258,9216,-9216,-1530880,327680,348928,51543,231328,169143,448
29263,9216,-9216,-1394688,330752,318072,56677,207415,167334,232
29268,9216,-9216,-1258496,314368,287216,61779,183031,165964,110
29273,9216,-9216,-1126400,342016,257288,65894,169916,153266,55
29278,92160,-9216,-977920,367616,242440,69567,167976,144031,4582
29283,92160,-9216,-801792,403456,202536,73224,175045,100715,2249
29288,104448,-9216,-647168,425984,170288,76028,176169,70147,1665
29293,116736,-9216,-492544,416768,138040,78329,176984,39385,1545
29298,116736,-9216,-373760,326656,111128,80335,144453,47010,756
29303,116736,-9216,-246784,265216,82360,81654,132267,31747,393
29308,116736,-9216,-111616,205824,51736,82528,131338,2926,203
29313,116736,-9216,29696,172032,19720,83026,133013,-30267,96
29318,205824,-12288,140288,180224,14848,83384,130122,-31890,3370
29323,205824,-12288,227328,214016,-4872,83484,120208,-41596,1764
29328,205824,-12288,291840,352256,-19488,83343,100311,-36456,864
29333,409600,-61440,334848,361472,16936,83685,84407,16214,8050
29338,409600,-61440,375808,349184,7656,83964,75743,15877,4218
29343,409600,-61440,364544,271360,10208,84161,33792,60577,2070
29348,409600,-61440,377856,225280,7192,84256,20046,71402,1082
29353,409600,-61440,407552,190464,464,84267,21675,63056,564
29358,409600,-61440,431104,194560,-4872,84190,19816,59502,274
29363,4944896,-196608,479232,234496,1011752,97983,35892,1073843,169285
29368,4944896,-196608,655360,220160,971848,113072,130041,954879,88779
29373,4944896,-196608,966656,223232,901320,128824,252647,777497,43648
29378,8501248,-272384,1336320,257024,1623304,154084,349183,1428205,147234
29383,8501248,-272384,1915904,284672,1491992,177551,536851,1114034,72390
29388,8501248,-272384,2872320,153600,1275304,200455,763474,712285,37963
29393,8501248,-272384,3771392,83968,1071608,218127,900137,389598,19906
29398,8501248,-272384,4657152,144384,870928,232621,950304,108592,9784
29403,8501248,-272384,5775360,99328,617584,244766,1057970,-195620,5128
29408,8501248,-272384,6568960,72704,437784,252692,995594,-305118,2686
29413,8501248,-272384,7301120,66560,271904,258443,875145,-344798,1318
29418,8501248,-272384,7853056,7168,146856,261441,753870,-345573,688
29423,16898048,-331776,8261632,-89088,1956688,291630,618401,1629917,293943
29428,16898048,-345088,8721408,-87040,1852520,323251,550873,1624898,144522
29433,16898048,-345088,9311232,-17408,1718888,350078,604539,1464427,75792
29438,16898048,-345088,10192896,-90112,1519136,374358,796487,1097007,39747
29443,10802176,-416768,11281408,-185344,-108576,384862,970132,-693846,-256374
29448,9031680,-447488,12222464,-187392,-722912,380674,1002731,-1344969,-245117
29453,9031680,-447488,13195264,-230400,-943312,367822,1046610,-1622100,-128558
29458,9031680,-447488,13771776,-335872,-1073928,350890,811254,-1534292,-63213
29463,9031680,-447488,13952000,-409600,-1114760,334203,511170,-1291727,-33157
29468,9031680,-447488,13830144,-491520,-1087152,317490,193002,-962664,-17394
29473,1284096,-492544,13414400,-382976,-2748272,284288,-131878,-2332106,-359229
29478,1042432,-447488,12720128,-494592,-2645728,243876,-460408,-1941444,-203510
29483,1042432,-447488,11808768,-581632,-2439248,205501,-751599,-1482148,-100065
29488,1042432,-447488,10483712,-578560,-2139040,167653,-1075022,-896365,-52483
29493,122880,-281600,9145344,-821248,-2044152,137494,-1299064,-607594,-85000
29498,122880,-281600,7736320,-419840,-1724920,109258,-1500099,-115563,-41796
29503,18432,-215040,6242304,-678912,-1410096,83289,-1542727,215920,-26355
29508,18432,-215040,5166080,-312320,-1166264,64057,-1390115,287908,-13825
29513,18432,-215040,4068352,-557056,-917560,48589,-1320969,466658,-6801
29518,18432,-215040,3226624,-244736,-726856,35187,-1082205,390536,-3571
29523,-209920,-52224,2592768,-96256,-634984,25323,-904521,294860,-15256
29528,-209920,-52224,2053120,-93184,-512720,15883,-732907,236070,-7505
29533,-209920,-52224,1747968,-48128,-443584,8626,-561120,126162,-3940
29538,-276480,-18432,1533952,-56320,-410176,2211,-419535,11570,-5970
29543,-276480,-18432,1373184,-10240,-373752,-4301,-326797,-41512,-2940
29548,-295936,-21504,1205248,131072,-340112,-9746,-254117,-95741,-2371
29553,-295936,-21504,1095680,214016,-315288,-14755,-202298,-127745,-1247
29558,-295936,-21504,973824,248832,-287680,-19737,-191431,-107866,-617
29563,-429056,-21504,785408,206848,-275152,-24148,-196239,-103061,-5624
29568,-570368,-21504,634880,148480,-273064,-28271,-201942,-99393,-11234
29573,-570368,-21504,493568,112640,-241048,-32647,-186474,-87221,-5527
29579,-570368,-21504,352256,137216,-209032,-36099,-182171,-62960,-2902
29584,-1298432,-18432,190464,214016,-337328,-39495,-188046,-188777,-44185
29589,-1298432,-18432,38912,301056,-299512,-44766,-181758,-162520,-21727
29594,-2015232,-12288,-162816,285696,-419688,-50904,-197857,-272735,-39913
29599,-2015232,-12288,-360448,230400,-374912,-56901,-215792,-216021,-20937
29604,-2015232,-12288,-618496,128000,-316448,-62681,-260417,-118712,-10298
29609,-2015232,-12288,-828416,174080,-268888,-67177,-262895,-73170,-5404
29614,-9309184,4096,-1043456,251904,-1872704,-78394,-263217,-1687881,-403507
29619,-9309184,4096,-1338368,302080,-1805888,-109014,-298122,-1616780,-198400
29624,-9309184,4096,-1840128,226304,-1692208,-135482,-445066,-1382624,-104056
29629,-17213440,19456,-2511872,27648,-3330824,-167981,-608740,-2890065,-488771
29634,-17213440,19456,-3555328,345088,-3094416,-221196,-853769,-2461843,-240323
29639,-17213440,22528,-4811776,-9216,-2809752,-265591,-1133990,-1941353,-126044
29644,-17213440,22528,-6424576,260096,-2444352,-305201,-1496783,-1252770,-66108
29649,-17213440,22528,-7922688,28672,-2052968,-342492,-1671541,-723919,-32508
29654,-17213440,25600,-9950208,290816,-1645576,-370068,-1854378,-161266,-17054
29659,-17213440,22528,-11594752,258048,-1272984,-391949,-1882169,217236,-8948
29664,-17213440,22528,-13063168,186368,-919880,-409678,-1728559,399001,-4403
29669,-17213440,16384,-14539776,445440,-605752,-420885,-1656969,630332,-2312
29674,-17213440,16384,-15489024,384000,-390688,-428225,-1383563,564650,-1215
29679,-17213440,16384,-16268288,144384,-195344,-432846,-1127851,499661,-602
29684,-17213440,16384,-16870400,320512,-77720,-434746,-867561,355095,-318
29689,-17213440,16384,-17219584,331776,1392,-435175,-637312,203529,-171
29694,-17213440,16384,-17455104,315392,54752,-434590,-430987,51149,-88
29699,-17213440,16384,-17570816,285696,80968,-433495,-284628,-67899,-50
29704,-14018560,10240,-17666048,242688,826384,-427676,-197501,596209,164502
29709,-14018560,10240,-17733632,197632,841696,-413760,-128780,556716,80880
29714,-14018560,10240,-17704960,202752,835200,-401053,-46610,480757,42415
29719,-6112256,-9216,-17603584,209920,2603504,-377788,32966,2192750,429404
29724,-6112256,-9216,-17341440,128000,2544112,-334932,169479,2039701,211126
29729,-6112256,-9216,-16844800,134144,2431592,-297305,373257,1761030,110725
29734,-6112256,-9216,-16116736,218112,2266640,-261941,633260,1350234,54436
29739,-6112256,-9216,-14851072,102400,1979888,-226773,975054,778061,28546
29744,-1698816,-9216,-13726720,91136,2725072,-183826,1129147,1412099,169278
29749,-1698816,-9216,-12442624,99328,2434144,-145057,1294978,994109,88777
29754,-1698816,-9216,-10940416,65536,2093800,-107752,1427510,558538,43647
29759,-1698816,-9216,-9576448,62464,1784776,-78699,1491676,214401,22888
29764,-532480,-12288,-8298496,90112,1759488,-52203,1461337,223512,64040
29769,-452608,-12288,-7032832,65536,1490832,-25599,1389116,76117,38575
29774,-452608,-12288,-5966848,74752,1249320,-5106,1309092,-64878,20228
29779,-452608,-12288,-5107712,112640,1054672,12164,1156158,-89322,9941
29784,-136192,-12288,-4329472,87040,950040,28099,970717,7422,24987
29789,-136192,-12288,-3688448,89088,804808,41157,850819,-4854,13101
29794,-136192,-12288,-3151872,111616,683240,52339,720020,9156,6438
29799,-136192,-12288,-2707456,169984,582552,62834,604643,40743,3374
29804,-136192,-12288,-2358272,199680,503440,70978,506466,67952,1766
29809,-74752,-12288,-2041856,197632,438016,78738,448335,68419,3472
29814,-74752,-12288,-1709056,189440,370272,84721,392156,62837,1817
29819,-74752,-12288,-1433600,197632,307864,89763,353785,43842,949
29824,-74752,-12288,-1172480,158720,248704,94321,310055,32970,463
29829,-80896,-9216,-966656,191488,200680,97682,273531,24831,-145
29834,-80896,-9216,-785408,208896,159616,100326,236399,23543,-79
29839,-80896,-9216,-622592,215040,122728,102549,192211,33066,-43
29844,-80896,-9216,-483328,230400,91176,104007,163283,31900,-27
29849,-80896,-9216,-363520,250880,64032,105020,137603,31449,-17
29854,-80896,-9216,-238592,270336,28304,105676,144821,-10841,-15
29859,-74752,-9216,-100352,373760,5800,105913,135239,-23526,345
29864,-74752,-9216,-11264,412672,-14384,105860,122916,-31440,178
29869,-74752,-9216,76800,432128,-35264,105459,111934,-41739,84
29874,-74752,-9216,128000,429056,-45936,104838,83374,-24472,41
29879,-74752,-9216,158720,389120,-52896,104037,53896,-2755,18
29884,-44032,-9216,186368,225280,-52200,103058,27183,23675,1227
29889,-44032,-9216,232448,178176,-62640,102040,25358,14042,640
29894,-44032,-9216,311296,171008,-80504,100890,52060,-31674,332
29899,-13312,-9216,387072,249856,-90712,99545,73540,-64707,1382
29904,-10240,-9216,420864,307200,-97672,98251,71131,-70552,901
29909,-10240,-9216,441344,325632,-102312,96878,62054,-67488,468
29914,-10240,-9216,421888,200704,-97904,95279,24131,-26756,225
29919,0,-9216,437248,141312,-99064,93766,18164,-23462,676
29924,0,-9216,475136,116736,-107648,92199,30040,-45489,351
29929,0,-12288,499712,204800,-113216,90388,31509,-54337,170
29934,6144,-12288,520192,292864,-116464,88694,32691,-60461,422
29939,6144,-12288,539648,323584,-120872,86969,34905,-68808,218
29944,12288,-12288,535552,242688,-118552,85049,20791,-54294,347
29949,12288,-12288,570368,168960,-126440,83281,39220,-82379,180
29954,12288,-12288,606208,132096,-134560,81471,58245,-111334,91
29959,514048,-138240,618496,287744,-23664,80955,54607,2684,18755
29964,839680,-159744,621568,349184,49416,81088,45680,84824,27720
29969,839680,-159744,633856,317440,46632,81935,41698,86869,13625
29974,839680,-159744,635904,174080,46168,82746,23534,105380,7143
29979,839680,-159744,714752,104448,28304,83270,52565,59009,3743
29984,839680,-159744,799744,89088,9048,83550,74103,17103,1837
29989,6575104,-362496,912384,273408,1282960,101160,100563,1283557,214862
29994,6575104,-362496,1135616,310272,1232384,120241,187483,1165142,112682
29999,6575104,-362496,1526784,224256,1136336,140002,331845,944493,55399
30004,7144448,-321536,2116608,172032,1139120,157972,486534,810558,50285
30009,7070720,-308224,2848768,142336,956536,173795,663220,467111,22572
30014,7070720,-308224,3689472,123904,766064,188001,774822,179243,11095
30019,7070720,-308224,4485120,92160,585800,198008,833538,-49730,5815
30024,7070720,-308224,5278720,24576,406000,205280,861743,-250463,3045
30029,7070720,-308224,6063104,15360,228288,210423,840044,-401333,1493
30034,4944896,-249856,6603776,28672,-375840,205626,739630,-909844,-73547
30039,4944896,-249856,6951936,11264,-454720,199257,573110,-828573,-38576
30044,4944896,-249856,7118848,-107520,-488128,191264,363951,-660815,-18971
30049,2847744,-150528,7069696,-260096,-956536,176597,156272,-936211,-83279
30054,2057216,-141312,6900736,-391168,-1097360,161248,-22892,-913220,-84391
30059,2057216,-141312,6526976,-270336,-1012680,143685,-217869,-651126,-41498
30064,2057216,-141312,6051840,-589824,-905032,129280,-373522,-402230,-21767
30069,773120,-122880,5498880,-603136,-1070680,114475,-495761,-460444,-73415
30074,773120,-122880,4850688,-209920,-923824,97968,-593077,-232779,-36101
30079,600064,-119808,4268032,-448512,-831024,84400,-642062,-104562,-24988
30084,600064,-119808,3786752,-463872,-721984,72705,-603817,-45462,-13109
30089,600064,-119808,3318784,-129024,-615960,61809,-530506,-23645,-6449
30094,129024,-21504,2825216,-177152,-610856,51927,-539330,-19599,-19856
30099,129024,-21504,2463744,-148480,-528960,43341,-485376,-243,-10418
30104,129024,-21504,2160640,76800,-460288,35153,-402025,-23110,-5126
30109,129024,-21504,1957888,97280,-414352,28672,-312420,-73260,-2691
30114,3072,-9216,1731584,4096,-391616,22774,-272477,-96365,-7496
30119,3072,-9216,1559552,-126976,-351944,16777,-209538,-125629,-3497
30124,6144,-9216,1416192,-29696,-319464,11924,-168528,-139012,-1838
30129,6144,-9216,1295360,151552,-292088,7514,-135780,-148794,-968
30134,6144,-9216,1127424,235520,-254040,3119,-146841,-104080,-480
30139,6144,-9216,1005568,209920,-226432,-494,-146233,-80693,-255
30144,125952,-12288,900096,152576,-175392,-3552,-143972,-34972,5286
30149,125952,-12288,826368,120832,-158688,-6398,-118568,-46518,2595
30154,125952,-12288,775168,231424,-147088,-8762,-96582,-59268,1357
30159,141312,-12288,737280,287744,-135024,-10919,-81688,-60973,1316
30164,135168,-9216,667648,148480,-120640,-13107,-83295,-50452,302
30169,135168,-9216,651264,58368,-116928,-15007,-63512,-68423,155
30174,86016,-9216,648192,3072,-127368,-16942,-31120,-115939,-2013
30179,86016,-9216,645120,94208,-126672,-19059,-22066,-123665,-1059
30184,86016,-9216,618496,159744,-120640,-20906,-24338,-117208,-557
30189,86016,-9216,595968,174080,-115536,-22679,-24682,-113533,-278
30194,3072,-9216,538624,59392,-121336,-24575,-47310,-98601,-5010
30199,3072,-9216,506880,14336,-114144,-26453,-53094,-87503,-2631
30204,0,-6144,497664,14336,-112752,-28276,-43834,-104930,-1426
30209,0,-6144,476160,168960,-107880,-30202,-41963,-96119,-752
30214,0,-6144,461824,233472,-104632,-31878,-36891,-99619,-396
30219,0,-6144,447488,248832,-101384,-33468,-30569,-104283,-198
30224,0,-6144,416768,140288,-94424,-35129,-34987,-94566,-107
30229,0,-6144,400384,98304,-90712,-36550,-28653,-98609,-60
30234,0,4096,397312,115712,-90016,-37891,-12680,-115227,-35
30239,0,13312,393216,268288,-89088,-39272,3545,-131905,-22
30244,0,13312,379904,334848,-86072,-40449,9340,-135861,-15
30249,0,13312,359424,326656,-81432,-41560,8617,-131609,-15
30254,0,25600,309248,206848,-70064,-42714,-14401,-98377,-15
30259,0,25600,295936,164864,-67048,-43719,-13208,-97559,-15
30264,21504,83968,301056,168960,-63336,-44765,-24545,-77060,843
30269,21504,83968,284672,295936,-59624,-45716,-14504,-90836,438
30274,21504,83968,278528,311296,-58232,-46663,-18647,-86248,225
30279,21504,83968,267264,268288,-55680,-47595,-25313,-77962,106
30284,21504,83968,210944,111616,-42920,-48564,-60127,-31357,52
30289,21504,83968,217088,62464,-44312,-49442,-50282,-43472,24
30294,376832,312320,263168,61440,25752,-49365,-10454,-14049,13260
30299,394240,388096,293888,175104,22736,-49026,6115,-32405,7906
30304,394240,388096,333824,233472,13688,-48767,25117,-60196,4142
30309,394240,388096,384000,202752,2320,-48620,41985,-88285,2033
30314,394240,388096,409600,180224,-3480,-48605,38921,-91006,1063
30319,394240,388096,446464,176128,-11832,-48731,40447,-101010,554
30324,713728,601088,505856,231424,47096,-48048,53781,-54733,12184
30329,824320,632832,546816,329728,62872,-47212,55525,-39865,12081
30334,824320,632832,584704,432128,54288,-46289,54033,-46034,6331
30339,824320,632832,625664,483328,45008,-45436,50763,-51191,3110
30344,1337344,643072,669696,488448,151264,-44131,50075,57058,28048
30349,1337344,643072,718848,461824,140128,-41753,30040,73207,13787
30354,1364992,637952,774144,356352,133864,-39755,44383,49726,8258
30359,1481728,570368,875520,379904,137344,-37869,68595,30880,10338
30364,1481728,570368,980992,420864,113448,-36055,88251,-30302,5079
30369,1497088,489472,1123328,556032,84680,-34406,120701,-70427,3196
30374,1497088,489472,1236992,645120,58928,-33277,132818,-107167,1673
30379,1497088,489472,1355776,691200,32016,-32531,143329,-141601,819
30384,1497088,489472,1447936,662528,11136,-32098,128045,-149007,426
30389,1310720,319488,1524736,624640,-48488,-32276,113747,-194511,-9377
30394,1310720,319488,1581056,581632,-61248,-33103,91051,-185402,-4921
30399,1310720,319488,1655808,553984,-78184,-34275,84166,-196625,-2424
30404,1258496,302080,1695744,610304,-99064,-35609,66862,-201535,-3796
30409,1258496,302080,1730560,671744,-106952,-37156,55353,-198090,-1871
30414,1258496,302080,1735680,609280,-108112,-38948,28961,-176021,-986
30419,1577984,219136,1728512,531456,-34104,-40064,6058,-80226,14904
30424,1577984,219136,1724416,441344,-33176,-40624,-4900,-77950,7324
30429,2102272,163840,1736704,362496,82824,-39437,2053,41334,22169
30434,2472960,117760,1755136,446464,162632,-37562,14136,110934,29520
30439,2472960,117760,1789952,492544,154744,-35106,33287,86351,15479
30444,2472960,117760,1810432,371712,150104,-32524,31635,85945,7606
30449,2472960,117760,1860608,283648,138736,-30383,39943,68410,3985
30454,2472960,117760,1935360,199680,121800,-28493,54710,38597,2085
30459,5271552,0,2068480,197632,725696,-16235,94929,614532,92756
30464,6240256,-9216,2285568,262144,895984,-3945,176984,715055,95412
30469,6240256,-9216,2589696,281600,827080,9196,276733,559543,50035
30474,6175744,-9216,2990080,354304,721752,22039,362517,381274,22483
30479,6175744,-9216,3447808,345088,618048,32127,442518,207657,11788
30484,6175744,-9216,3973120,305152,138736,40685,523265,-343844,-90336
30489,4637696,-9216,4596736,203776,9280,41731,589462,-538451,-47381
30494,4637696,-9216,5050368,152576,-93496,41087,563311,-615720,-24853
30499,4637696,-9216,5377024,91136,-167504,38867,448427,-577064,-12223
30504,4637696,-9216,5553152,19456,-207408,35932,322195,-493671,-6414
30509,2554880,-12288,5646336,-45056,-700408,28312,215378,-887474,-97641
30514,1929216,-12288,5555200,115712,-821512,16390,51440,-856562,-84672
30519,1929216,-12288,5365760,176128,-778592,4294,-82664,-691634,-44410
30524,1929216,-12288,5038080,-41984,-704352,-6885,-245224,-456854,-21840
30529,1208320,-12288,4646912,-101376,-779056,-18280,-318513,-478823,-53699
30534,1208320,-12288,4265984,163840,-692752,-29218,-362610,-359360,-28168
30539,707584,-12288,3809280,78848,-702728,-39778,-446696,-258085,-35100
30544,707584,-12288,3312640,105472,-590208,-50442,-484998,-155652,-18413
30549,707584,-12288,2969600,267264,-512488,-58726,-442324,-128890,-9661
30554,523264,-12288,2611200,34816,-473048,-66897,-402312,-135545,-12088
30559,527360,-12288,2317312,-92160,-405536,-73329,-350974,-127891,-6103
30564,527360,-12288,2008064,120832,-335472,-78765,-342047,-72190,-3205
30569,527360,-12288,1750016,135168,-277008,-83801,-304433,-56376,-1579
30574,579584,-15360,1551360,-28672,-220168,-87647,-274335,-33480,2229
30579,579584,-15360,1460224,-39936,-199520,-90851,-195654,-94717,1166
30584,610304,-15360,1372160,87040,-176320,-93873,-125533,-144660,1792
30590,610304,-15360,1274880,234496,-150568,-96231,-118671,-128128,937
30595,610304,-15360,1173504,161792,-127600,-98354,-122354,-103600,487
30600,780288,-12288,1113088,88064,-79808,-100018,-90179,-89647,6998
30605,787456,-12288,1092608,144384,-69136,-101228,-76444,-93920,4061
30610,787456,-12288,1072128,240640,-64496,-102297,-55939,-110854,2126
30615,787456,-12288,1046528,234496,-62408,-103372,-32875,-132905,1040
30620,780288,-6144,1046528,35840,-60320,-104298,-25199,-139419,149
30625,780288,-6144,1073152,-7168,-66352,-105229,6724,-178305,74
30630,780288,-6144,1087488,150528,-69600,-106257,22501,-198358,33
30635,648192,0,1074176,237568,-96512,-107315,14997,-218824,-7243
30640,648192,0,1040384,215040,-88856,-108664,-6438,-191082,-3802
30645,620544,4096,1019904,25600,-90480,-110214,-17098,-183596,-2905
30650,620544,4096,1024000,13312,-91408,-111610,-7666,-195352,-1528
30655,620544,4096,1029120,102400,-92568,-112963,4291,-209822,-805
30660,479232,19456,1033216,153600,-125512,-114831,16867,-257210,-5670
30665,432128,28672,994304,94208,-127368,-116577,1801,-245746,-5403
30670,432128,28672,950272,17408,-117392,-118332,-14665,-221059,-2837
30675,432128,28672,911360,62464,-108576,-120132,-21401,-207307,-1398
30680,391168,148480,848896,196608,-103704,-121665,-41837,-183532,-2847
30685,391168,148480,808960,248832,-94656,-123136,-42399,-175393,-1497
30690,391168,148480,724992,45056,-75632,-124579,-70512,-129699,-740
30695,391168,148480,709632,-3072,-72152,-125734,-48859,-149027,-392
30700,391168,148480,681984,43008,-65888,-126746,-37327,-155307,-210
30705,398336,309248,643072,200704,-55448,-127653,-31143,-151958,144
30710,398336,312320,572416,251904,-39440,-128296,-50626,-117110,73
30715,398336,312320,484352,224256,-19488,-128787,-93473,-49952,32
30720,398336,312320,443392,106496,-10208,-129170,-77443,-61935,14
30725,398336,433152,436224,183296,-8584,-129434,-56169,-81849,4
30730,398336,433152,421888,304128,-5336,-129612,-30936,-107273,0
30735,394240,429056,424960,294912,-6960,-129748,-21504,-115204,-146
30740,394240,429056,391168,267264,696,-129811,-31441,-97674,-80
30745,394240,429056,380928,237568,-1856,-129833,-9467,-122222,-43
30750,365568,489472,377856,330752,-2784,-129905,-17109,-115580,-1029
30755,358400,528384,372736,472064,-3248,-129963,-12496,-120715,-889
30760,358400,528384,370688,492544,-6264,-130049,1376,-137689,-441
30765,358400,528384,366592,421888,-1856,-130111,-9949,-122018,-236
30770,327680,1024000,371712,369664,-9976,-130238,-5267,-134947,-1610
30775,327680,1024000,399360,361472,-21576,-130458,31451,-183485,-795
30780,327680,1024000,431104,490496,-23432,-130652,36626,-190710,-421
30785,327680,1024000,411648,620544,-19024,-130798,25404,-175226,-225
30790,345088,2639872,327680,625664,3944,-130883,-29536,-97403,974
30795,345088,2639872,264192,622592,18328,-130826,-64568,-47930,507
30800,355328,2912256,236544,657408,26912,-130689,-70937,-32840,757
30805,355328,2912256,274432,763904,18328,-130444,-25302,-86814,368
30810,355328,2912256,295936,1002496,13456,-130202,1044,-117790,190
30815,391168,4033536,306176,1303552,19256,-129879,14148,-124771,1717
30820,398336,4076544,299008,1683456,22504,-129479,8938,-115913,1288
30825,398336,4076544,289792,1952768,24592,-129080,2639,-107127,672
30830,398336,4076544,294912,2170880,23432,-128720,2868,-108156,349
30835,398336,4076544,323584,2387968,16936,-128362,18852,-130278,168
30840,398336,4076544,327680,2616320,16008,-128083,14297,-126372,85
30845,398336,4076544,313344,2872320,19256,-127806,-299,-108251,42
30850,398336,4076544,305152,3122176,21112,-127514,-8928,-97474,16
30855,398336,4076544,318464,3310592,18096,-127262,-310,-108856,6
30860,398336,4076544,338944,3479552,13456,-127002,15479,-129025,0
30865,398336,4076544,367616,3725312,6960,-126715,36122,-155877,0
30870,398336,4076544,328704,3891200,15776,-126407,9753,-120384,0
30875,342016,2420736,297984,3995648,9976,-126184,-9249,-106959,-2550
30880,331776,1735680,228352,3893248,23432,-125980,-53748,-48800,-1857
30885,331776,1735680,241664,3787776,20416,-125820,-38888,-66516,-977
30890,331776,1735680,251904,3677184,18096,-125639,-26128,-81415,-515
30895,318464,1246208,249856,3638272,15544,-125395,-19220,-90631,-1036
30900,318464,1246208,205824,3386368,25520,-125135,-41137,-58478,-546
30905,324608,1024000,172032,3011584,34568,-124776,-51728,-38480,-28
30910,324608,1024000,181248,2771968,32480,-124310,-28997,-62833,-17
30915,324608,1024000,182272,2659328,32248,-123843,-16914,-74681,-15
30920,327680,740352,158720,2371584,38280,-123318,-23891,-61147,118
30925,331776,760832,141312,1840128,43152,-122670,-24189,-55329,280
30930,331776,760832,163840,1638400,38048,-122072,-505,-83519,143
30935,331776,760832,185344,1543168,33176,-121468,19197,-107489,67
30940,345088,575488,180224,1291264,37352,-120789,16741,-100178,763
30945,345088,575488,164864,1054720,40832,-120118,7642,-86928,396
30950,345088,575488,192512,858112,34568,-119423,28950,-114733,192
30955,384000,338944,212992,807936,38744,-118757,38749,-118762,2235
30960,384000,338944,227328,829440,35496,-118027,44739,-127270,1169
30965,387072,282624,217088,836608,38512,-117291,33609,-62848,685
30970,387072,282624,145408,785408,54752,-116481,-22892,-38837,356
30975,387072,282624,134144,656384,57304,-115773,-34573,-23896,183
30980,458752,-6144,161792,578560,68440,-114807,-21435,-24932,2759
30985,458752,-6144,161792,626688,67280,-113954,-25922,-20752,1444
30990,458752,-6144,192512,633856,60320,-113145,-11452,-41373,752
30995,458752,-6144,204800,601088,57536,-112373,-10477,-71028,366
31000,527360,-135168,231424,415744,67048,-111457,2122,-46531,3721
31005,527360,-135168,230400,266240,67280,-110506,-4969,-38257,1949
31010,540672,-196608,263168,143360,62872,-109552,38267,-92984,1451
31015,540672,-196608,314368,138240,51272,-108554,41526,-98808,759
31020,540672,-196608,333824,136192,46864,-107680,46781,-107597,394
31025,625664,-305152,335872,73728,65656,-106531,34527,-75402,3360
31030,670720,-318464,330752,-59392,77024,-105408,20000,-48384,4080
31035,670720,-318464,340992,-199680,74704,-104268,14469,-44033,2137
31040,929792,-348160,369664,-331776,126904,-102204,21549,3151,10105
31045,1270784,-451584,399360,-345088,197432,-99874,27653,69905,22857
31050,1270784,-451584,430080,-336896,192096,-96638,26058,69400,11235
31055,1270784,-451584,467968,-290816,181888,-93836,36477,51575,5888
31060,1848320,-536576,517120,-340992,301600,-90399,44383,166818,32826
31065,1848320,-536576,573440,-418816,288840,-85550,46208,157082,16136
31070,1929216,-540672,657408,-473088,288144,-81145,62043,144956,11287
31075,1908736,-531456,770048,-506880,257984,-77099,88343,92542,4928
31080,1908736,-531456,931840,-498688,221328,-73134,131602,16592,2420
31085,1908736,-531456,1061888,-499712,191864,-69957,148665,-26758,1265
31090,1888256,-536576,1187840,-502784,158688,-67230,157167,-65709,-330
31095,1888256,-536576,1304576,-504832,132240,-64751,146588,-79099,-165
31100,1888256,-536576,1405952,-528384,109272,-62902,135251,-88881,-90
31105,1888256,-536576,1482752,-569344,91872,-61395,111269,-80792,-51
31110,1888256,-574464,1541120,-695296,97440,-60054,74837,-37451,5155
31115,1971200,-574464,1612800,-754688,81200,-58873,62318,-39991,2700
31120,1971200,-574464,1674240,-796672,67280,-57911,51417,-42048,1411
31125,2341888,-642048,1782784,-833536,126672,-56948,79117,-9393,23858
31130,2341888,-642048,1831936,-811008,115536,-55092,73517,-13073,12510
31135,2341888,-642048,1879040,-774144,104864,-53357,73781,-22274,6557
31140,2341888,-642048,1947648,-642048,89320,-51609,87700,-49989,3220
31145,2341888,-642048,1986560,-643072,80504,-50147,85405,-55048,1686
31150,2341888,-642048,2018304,-666624,73312,-48839,76019,-51546,881
31155,2341888,-642048,2019328,-699392,73080,-47578,39495,-13993,429
31160,2341888,-642048,2053120,-769024,65424,-46608,29891,-11075,222
31165,2341888,-642048,2083840,-809984,58464,-45792,18910,-6238,113
31170,2974720,-929792,2125824,-775168,192328,-44855,14320,133153,39604
31175,2974720,-929792,2177024,-758784,180728,-42203,19942,118583,20767
31180,2974720,-929792,2232320,-724992,168200,-39721,26621,101858,10889
31185,2942976,-1022976,2345984,-692224,135256,-37242,69272,28742,3491
31190,2942976,-1022976,2439168,-758784,114144,-35311,102032,-23199,1828
31195,2942976,-1032192,2500608,-824320,100224,-33615,104545,-37936,955
31200,2942976,-1032192,2561024,-972800,86536,-32017,101079,-46560,465
31205,2942976,-1032192,2622464,-1033216,72616,-30790,98865,-57039,240
31210,2879488,-1127424,2683904,-1077248,44312,-29928,95296,-80912,-2752
31215,2879488,-1138688,2751488,-1118208,29000,-29321,91498,-91819,-1358
31220,2879488,-1138688,2807808,-1119232,16240,-28963,88721,-101444,-717
31225,2847744,-1138688,2833408,-1112064,3248,-28836,67562,-93150,-1727
31230,2847744,-1138688,2860032,-1119232,-2784,-28859,50189,-81832,-854
31235,2847744,-1138688,2867200,-1141760,-4408,-28964,29535,-62907,-450
31240,2419712,-1052672,2861056,-1172480,-99992,-30122,7263,-137377,-18403
31245,2419712,-1052672,2855936,-1204224,-98832,-31892,-8997,-121727,-9052
31250,2419712,-1052672,2838528,-1231872,-94888,-33460,-24614,-103734,-4751
31255,1452032,-801792,2809856,-1239040,-307632,-37275,-40965,-303942,-43558
31260,1258496,-648192,2780160,-1232896,-344752,-42610,-49158,-338204,-32052
31265,1258496,-648192,2717696,-1159168,-330600,-47699,-64534,-313765,-16814
31270,1197056,-620544,2612224,-1102848,-320624,-52587,-94356,-278855,-11430
31275,965632,-569344,2480128,-1039360,-343128,-57773,-117638,-283263,-18337
31280,965632,-569344,2323456,-1049600,-307632,-62480,-144535,-225577,-9619
31285,726016,-540672,2140160,-1068032,-320392,-67153,-174369,-213176,-15216
31290,726016,-540672,1912832,-1099776,-268888,-71881,-213520,-127249,-7486
31295,726016,-540672,1712128,-1016832,-223416,-75534,-239085,-59865,-3930
31300,726016,-540672,1552384,-903168,-180728,-78884,-239418,-20194,-1937
31305,432128,-483328,1377280,-811008,-214136,-81661,-227117,-68680,-17163
31310,432128,-483328,1263616,-777216,-188384,-84665,-197949,-75100,-9005
31315,432128,-483328,1165312,-803840,-166112,-87482,-165005,-88589,-4432
31320,432128,-483328,1053696,-809984,-140824,-89633,-151167,-79290,-2327
31325,432128,-483328,942080,-770048,-115536,-91433,-145441,-61528,-1225
31330,311296,-458752,863232,-712704,-125048,-93458,-116697,-101809,-5113
31335,305152,-443392,762880,-648192,-103704,-95100,-122067,-76737,-3001
31340,305152,-443392,684032,-589824,-85840,-96500,-117076,-65264,-1577
31345,275456,-391168,595968,-588800,-72616,-97828,-114391,-56053,-1886
31350,259072,-345088,537600,-636928,-63104,-98821,-100793,-61132,-1836
31355,259072,-345088,479232,-698368,-49880,-99625,-94666,-54839,-967
31360,259072,-345088,405504,-743424,-33176,-100251,-89170,-44257,-480
31365,231424,-308224,322560,-733184,-20648,-100644,-100323,-20969,-1679
31370,231424,-308224,239616,-661504,-1856,-100920,-117053,14277,-885
31375,218112,-311296,202752,-619520,3480,-101070,-97167,-423,-904
31380,218112,-311296,157696,-590848,13688,-101075,-95504,8117,-478
31385,218112,-311296,132096,-627712,19488,-100930,-80552,-890,-254
31390,175104,-291840,90112,-694272,19256,-100734,-78338,-3140,-1633
31395,159744,-294912,58368,-677888,22968,-100488,-72543,-4977,-1602
31400,159744,-294912,20480,-557056,31552,-100166,-74333,5719,-844
31405,159744,-294912,-41984,-595968,45704,-99689,-92578,38593,-420
31410,92160,-297984,-47104,-517120,31552,-99303,-76548,8797,-3487
31415,92160,-297984,-38912,-514048,29696,-98932,-49858,-19378,-1832
31420,92160,-297984,-63488,-571392,35264,-98408,-44281,-18863,-904
31425,92160,-297984,-80896,-562176,39208,-97855,-38395,-20252,-478
31430,92160,-297984,-98304,-436224,43152,-97274,-38980,-15142,-254
31435,-7168,-294912,-122880,-443392,26216,-96943,-42043,-28684,-3386
31440,-7168,-294912,-117760,-467968,25056,-96583,-25371,-46156,-1780
31445,-7168,-294912,-140288,-472064,30160,-96131,-26013,-39958,-937
31450,-7168,-294912,-200704,-470016,43848,-95582,-55836,4102,-465
31455,-16384,-297984,-193536,-461824,40136,-95050,-39576,-15338,-691
31460,-16384,-297984,-183296,-470016,37816,-94443,-17075,-39552,-366
31465,-16384,-294912,-231424,-418816,48720,-93732,-40311,-4701,-185
31470,-16384,-294912,-211968,-445440,44312,-93064,-16627,-32125,-100
31475,-16384,-294912,-220160,-425984,46168,-92311,-10156,10393,-438
31480,-22528,-297984,-288768,-493568,60320,-91453,-48194,17061,-234
31485,-22528,-297984,-290816,-490496,60784,-90653,-40609,10740,-127
31490,-22528,-297984,-302080,-492544,62640,-89703,-36685,9622,-259
31495,-25600,-297984,-307200,-463872,63800,-88811,-30362,5351,-139
31501,-25600,-297984,-308224,-430080,64032,-87878,-22066,-1780,-76
31506,-44032,-311296,-309248,-429056,63336,-86801,-22124,-1341,-1121
31511,-44032,-311296,-332800,-428032,65424,-85821,-18635,-1762,-592
31516,-59392,-308224,-351232,-399360,66120,-84838,-22801,4083,-1010
31521,-59392,-308224,-352256,-417792,66352,-83726,-13632,-3742,-500
31526,-59392,-308224,-368640,-441344,70064,-82613,-10626,-1923,-266
31531,-99328,-311296,-408576,-433152,70064,-81550,-27494,16008,-1951
31536,-99328,-311296,-396288,-520192,67280,-80363,-5210,-7873,-963
31541,-99328,-311296,-443392,-534528,77952,-79188,-24671,23435,-509
31546,-99328,-311296,-452608,-565248,80040,-78014,-22296,24322,-270
31551,-200704,-308224,-459776,-563200,58696,-76713,-14298,-3719,-6077
31556,-200704,-308224,-491520,-566272,65888,-75767,-26656,16777,-3191
31561,-264192,-301056,-493568,-588800,51968,-74953,-19863,-3122,-4370
31566,-264192,-301056,-491520,-605184,51504,-74077,-8331,-14242,-2152
31571,-264192,-301056,-519168,-573440,57768,-73245,-20483,5006,-1132
31576,-264192,-301056,-542720,-552960,63104,-72380,-21137,9633,-560
31581,-452608,-224256,-555008,-556032,23200,-71558,-28503,-19855,-10648
31586,-452608,-224256,-575488,-527360,27840,-71229,-33656,-9733,-5588
31591,-476160,-211968,-610304,-520192,30392,-70865,-46805,6332,-3688
31596,-476160,-211968,-617472,-484352,32016,-70472,-38934,478,-1937
31601,-476160,-211968,-654336,-431104,40368,-69995,-50913,21286,-1020
31606,-476160,-211968,-652288,-401408,39904,-69385,-34700,5219,-506
31611,-476160,-211968,-695296,-406528,49648,-68696,-42353,23305,-269
31616,-476160,-211968,-717824,-362496,54752,-67943,-40758,27567,-145
31621,-476160,-211968,-729088,-388096,57304,-66988,-25428,15744,-75
31626,-476160,-211968,-749568,-367616,61944,-66003,-17040,12981,-43
31631,-476160,-211968,-778240,-366592,68440,-64954,-19358,22844,-27
31636,-476160,-211968,-785408,-384000,70064,-63655,596,5813,-16
31641,-734208,-141312,-846848,-377856,25520,-62641,-23019,-14102,-14190
31646,-734208,-141312,-851968,-434176,26680,-62171,-7103,-28388,-7446
31651,-727040,-141312,-898048,-413696,38744,-61491,-15744,-7003,-3397
31656,-727040,-141312,-941056,-425984,48488,-60769,-25990,13709,-1785
31661,-727040,-141312,-968704,-459776,54752,-59942,-23673,18483,-882
31666,-643072,-138240,-1002496,-434176,81432,-58670,-25084,47846,2666
31671,-621568,-138240,-1054720,-429056,98136,-57332,-42961,83765,2503
31676,-621568,-138240,-1084416,-412672,104864,-55840,-42766,78652,1226
31681,-595968,-138240,-1106944,-396288,115768,-54014,-36088,97842,1594
31686,-546816,-141312,-1134592,-379904,133168,-52209,-39898,120857,3363
31691,-546816,-141312,-1150976,-347136,136880,-50248,-38532,125835,1649
31696,-519168,-141312,-1147904,-359424,142448,-47961,-25050,119537,1828
31701,-505856,-141312,-1163264,-336896,148944,-45848,-30764,133860,1640
31706,-505856,-141312,-1133568,-335872,142216,-43717,-6667,117535,802
31711,-505856,-141312,-1134592,-330752,142448,-41353,-4728,105823,418
31716,-472064,-141312,-1124352,-292864,147784,-39184,1778,106822,1955
31721,-472064,-141312,-1112064,-240640,145000,-36973,7550,88610,957
31726,-448512,-138240,-1096704,-251904,146856,-34506,13528,98822,1321
31731,-448512,-138240,-1103872,-207872,148480,-32294,1147,115039,690
31736,-448512,-138240,-1100800,-184320,147784,-30134,-5761,123411,357
31741,-392192,-138240,-1089536,-216064,157992,-27608,-7700,138084,2141
31746,-377856,-138240,-1058816,-204800,154280,-25281,9041,119958,1812
31751,-377856,-138240,-1044480,-162816,151032,-22945,14997,113090,946
31756,-366592,-138240,-1022976,-174080,148712,-20390,22157,106165,856
31761,-366592,-125952,-980992,-210944,139200,-18053,50912,70235,446
31766,-366592,-125952,-1007616,-156672,145232,-15733,29730,99769,230
31771,-366592,-125952,-1012736,-104448,146392,-13281,15616,117495,110
31776,-370688,-76800,-989184,-164864,140128,-11096,23454,105578,-143
31781,-370688,-76800,-973824,-278528,136648,-8917,30029,97702,-79
31786,-370688,-76800,-968704,-292864,135488,-6588,25278,103622,-43
31791,-370688,-55296,-989184,-234496,140128,-4538,-1377,136967,-27
31796,-370688,-55296,-930816,-143360,126904,-2549,29386,104741,-16
31801,-370688,-21504,-887808,-130048,117160,-415,49478,67267,-15
31806,-370688,-21504,-908288,-156672,121800,1500,26517,96783,-15
31811,-370688,-21504,-962560,-229376,127368,3528,-2318,133214,-15
31816,-370688,-18432,-965632,-233472,134792,5341,-35801,175934,-15
31821,-370688,-18432,-949248,-202752,131080,7149,-30271,168500,-15
31826,-370688,-18432,-921600,-126976,128296,9193,-20070,157559,-15
31831,-370688,-18432,-930816,-75776,126904,11062,-13368,151334,-15
31836,-373760,-12288,-950272,-51200,130616,12964,-21928,165508,-152
31841,-373760,-12288,-994304,-50176,140592,14893,-49341,200030,-79
31846,-373760,-12288,-987136,-112640,138968,17052,-36490,192510,-45
31851,-377856,-12288,-961536,-101376,132240,19006,-14527,165773,-211
31856,-380928,-9216,-927744,-137216,123888,21178,14584,130482,-287
31861,-380928,-9216,-923648,-106496,122960,23191,24475,121676,-155
31866,-385024,-9216,-943104,-102400,126440,25197,14882,136755,-270
31871,-385024,-9216,-966656,-88064,131776,27375,-1882,161033,-137
31876,-385024,-9216,-980992,-97280,135024,29354,-12531,176909,-75
31881,-385024,-9216,-974848,-93184,133632,31332,-8859,173823,-43
31886,-385024,-9216,-939008,-147456,126904,33509,12690,147723,-26
31891,-385024,-9216,-919552,-142336,121104,35490,31371,125223,-16
31896,-385024,-9216,-907264,-141312,118320,37487,42272,113535,-15
31901,-385024,-9216,-920576,-149504,121336,39665,31360,129641,-15
31906,-385024,-9216,-947200,-120832,127368,41651,11750,157269,-15
31911,-380928,-9216,-965632,-89088,132472,43633,-2754,178859,160
31916,-380928,-9216,-983040,-80896,136416,45832,-14711,196959,75
31921,-380928,-9216,-989184,-86016,137808,47839,-17763,203410,36
31926,-380928,-9216,-972800,-91136,134096,50057,-8606,194151,14
31931,-380928,-9216,-967680,-50176,132936,52058,-1641,186635,4
31936,-380928,-9216,-949248,-3072,128760,54056,11004,171812,0
31941,-353280,-6144,-960512,131072,137344,56324,2317,191351,1097
31946,-353280,-3072,-948224,149504,134792,58415,11463,181744,571
31951,-353280,-3072,-929792,144384,130616,60466,21824,169258,295
31956,-353280,0,-897024,112640,119712,62632,48044,134300,140
31961,-353280,0,-875520,102400,118320,64528,38325,144523,70
31966,-353280,0,-878592,113664,119016,66370,22134,163252,33
31971,-356352,16384,-879616,138240,118552,68315,6506,180361,-102
31976,-356352,19456,-860160,116736,114144,70012,7596,176560,-57
31981,-356352,19456,-828416,78848,106952,71646,17670,160928,-33
31986,-356352,19456,-841728,19456,109968,73398,-5325,188691,-21
31991,-366592,68608,-854016,32768,110432,74971,-21481,206884,-541
31996,-366592,68608,-873472,55296,114840,76539,-38142,229521,-287
32001,-370688,68608,-872448,24576,113680,78286,-35193,227159,-298
32006,-370688,68608,-852992,-27648,109272,79861,-18004,207137,-160
32011,-370688,68608,-847872,-63488,108112,81460,-10637,200209,-88
32016,-420864,71680,-858112,-30720,99064,83092,-13655,195811,-1918
32021,-420864,71680,-878592,6144,103704,84600,-20609,208913,-1010
32026,-420864,71680,-874496,10240,102776,86130,-9765,198671,-533
32031,-515072,102400,-844800,-20480,74704,87501,18497,143708,-3559
32036,-541696,99328,-868352,-12288,74008,88728,7745,154991,-3241
32041,-541696,99328,-896000,30720,80272,89954,-5290,181116,-1597
32046,-585728,117760,-914432,119808,74472,91221,-7631,173324,-2381
32051,-690176,154624,-942080,122880,57072,92283,-16042,165397,-6632
32056,-690176,154624,-947200,95232,60088,93257,-15136,168481,-3264
32061,-734208,157696,-941056,66560,46864,94034,3614,137284,-3255
32066,-734208,157696,-947200,78848,48256,94880,9569,133567,-1711
32071,-734208,157696,-976896,129024,62408,95896,-22755,181059,-844
32076,-734208,157696,-1020928,190464,64960,96873,-18555,180388,-447
32081,-966656,216064,-1028096,187392,13920,97513,-10087,121520,-11460
32086,-966656,216064,-1044480,181248,21112,97827,-20965,139904,-5639
32091,-975872,219136,-1070080,120832,21344,98135,-16673,136152,-3283
32096,-975872,219136,-1113088,86016,31088,98497,-37075,166660,-1725
32101,-975872,219136,-1159168,88064,-19720,98881,-57706,136867,-17749
32106,-1246208,216064,-1176576,101376,-15776,98462,-57213,139899,-9311
32111,-1246208,216064,-1186816,115712,-13456,98145,-49192,133881,-4888
32116,-1246208,216064,-1225728,155648,696,97986,-65555,164237,-2407
32121,-1246208,216064,-1289216,183296,9744,97993,-65257,172994,-1265
32126,-2420736,219136,-1326080,176128,-248008,96152,-59955,-91901,-57373
32131,-2420736,219136,-1404928,130048,-230144,92129,-78177,-59838,-28214
32136,-2420736,219136,-1484800,136192,-212048,88718,-93105,-30225,-14800
32141,-3354624,219136,-1590272,140288,-399736,83696,-116628,-199412,-50035
32146,-4076544,216064,-1754112,136192,-526176,77002,-158855,-290319,-69726
32151,-4076544,216064,-1905664,150528,-491840,69192,-187255,-235393,-36572
32156,-4638720,212992,-2106368,176128,-573736,60913,-216756,-296067,-44630
32161,-5272576,191488,-2393088,209920,-652384,51683,-267565,-333136,-61564
32166,-5272576,191488,-2677760,239616,-587888,42318,-301875,-243695,-32292
32171,-5272576,191488,-2999296,269312,-515040,34064,-332856,-148120,-16939
32176,-5272576,191488,-3392512,292864,-425952,26353,-369127,-30472,-8333
32181,-5272576,191488,-3747840,275456,-345448,20617,-397079,72248,-4374
32186,-5798912,148480,-4109312,240640,-382800,15030,-401933,34163,-26119
32191,-5798912,148480,-4477952,229376,-299280,9453,-389323,99496,-12845
32196,-5798912,148480,-4796416,198656,-227128,5567,-373189,151628,-6740
32201,-5798912,148480,-5102592,189440,-157760,2729,-360062,205031,-3538
32206,-5798912,148480,-5388288,178176,-93032,737,-322896,230601,-1743
32211,-5798912,148480,-5642240,160768,-35496,-160,-303928,268272,-917
32216,-5798912,148480,-5856256,149504,12992,-295,-275678,288375,-484
32221,-4491264,142336,-6039552,104448,350784,1189,-241943,593916,76380
32226,-4491264,142336,-6172672,95232,380944,6764,-197341,585049,40055
32231,-4302848,139264,-6243328,93184,439640,13156,-137547,590343,28999
32236,-4302848,139264,-6248448,141312,440800,20543,-64993,526336,14254
32241,-4302848,139264,-6187008,172032,426880,27168,6448,447600,7472
32246,-2342912,96256,-6117376,199680,855152,38188,51784,838898,81640
32251,-2172928,90112,-5980160,179200,862576,52190,84097,830669,52150
32256,-2172928,90112,-5740544,119808,808288,64603,161723,711168,27347
32261,-2172928,90112,-5392384,158720,729408,77200,282539,515021,13441
32266,-1754112,22528,-5006336,178176,736832,88008,351123,473717,30051
32271,-1754112,22528,-4705280,218112,668624,98700,360612,406712,15757
32276,-1754112,22528,-4384768,230400,589976,109026,354140,344862,7743
32281,-1754112,22528,-4002816,190464,509472,117192,371628,255036,4058
32286,-1754112,22528,-3678208,180224,435928,124298,374164,186062,2125
32291,-1930240,28672,-3448832,135168,344056,129990,330583,139568,-5527
32296,-1930240,31744,-3234816,261120,295568,135177,270800,159945,-2902
32301,-1930240,31744,-3012608,315392,245224,139163,257937,126450,-1525
32306,-1930240,31744,-2838528,292864,205784,142967,227013,121970,-754
32311,-1930240,31744,-2759680,212992,187920,146031,172543,161408,-398
32316,-1930240,31744,-2677760,130048,169360,148731,137064,181027,-211
32321,-1930240,31744,-2640896,134144,165880,151475,69375,247980,-107
32326,-957440,-9216,-2564096,173056,364008,155050,83225,435833,50038
32331,-957440,-9216,-2507776,185344,351248,160436,72508,439176,26240
32336,-740352,-12288,-2430976,149504,375840,166736,95893,446683,20995
32341,-740352,-12288,-2312192,92160,356120,172161,89995,438286,11007
32346,-740352,-12288,-2129920,39936,314824,177065,134906,356983,5770
32351,-740352,-12288,-1927168,73728,268888,181809,166909,283788,2834
32356,-22528,-15360,-1701888,173056,380480,186495,216812,350163,38449
32361,-22528,-15360,-1533952,268288,342432,192115,223858,310689,18900
32366,-4096,-15360,-1368064,354304,309024,197647,217856,288815,10554
32371,0,-12288,-1245184,347136,282112,202056,177913,306255,5743
32376,0,-12288,-1064960,321536,241280,205854,179049,268085,3009
32381,0,-12288,-846848,302080,191864,209336,194620,206580,1476
32386,0,-12288,-628736,375808,142448,211805,217902,136351,771
32391,0,-12288,-433152,440320,98136,213639,225602,86173,400
32396,0,-9216,-243712,491520,55216,214930,217443,52703,195
32401,0,-12288,-110592,495616,25056,215502,187437,53121,98
32406,0,-12288,44032,454656,-9976,215500,186439,12821,45
32411,0,-12288,219136,417792,-49648,215019,182882,-17511,20
32416,0,-9216,344064,423936,-77952,214100,170397,-34249,8
32421,0,-9216,451584,452608,-102312,212662,146634,-36052,0
32426,3072,-9216,530432,517120,-119480,211049,126335,-34766,105
32431,3072,-9216,591872,543744,-133400,209205,107126,-31321,52
32436,3072,-9216,636928,560128,-143608,206939,80666,-17335,22
32441,3072,-9216,665600,510976,-150104,204775,64085,-9414,9
32446,3072,-9216,669696,431104,-151032,202594,45829,5733,0
32451,3072,-9216,655360,362496,-147784,200241,21308,33005,0
32456,3072,-9216,644096,283648,-145232,198190,24349,28609,0
32461,301056,-15360,638976,248832,-76560,196682,26586,93536,14385
32466,301056,-15360,637952,232448,-76328,195629,22719,112126,10652
32471,358400,-15360,629760,283648,-61480,194841,26150,107211,5582
32476,358400,-15360,648192,287744,-65656,194013,36684,91673,2925
32481,358400,-15360,655360,317440,-67280,193047,28468,109363,4378
32486,405504,-15360,665600,354304,-58928,192253,31601,101724,2293
32491,405504,-15360,694272,365568,-65424,191380,39231,86725,1199
32496,405504,-15360,721920,371712,-71688,190421,44831,72632,586
32501,405504,-15360,768000,389120,-82128,189225,54745,52352,302
32506,423936,-15360,812032,439296,-87928,188025,60792,39305,989
32511,423936,-15360,864256,522240,-98136,186529,58405,29988,483
32516,423936,-15360,902144,647168,-108344,184971,55605,21022,250
32521,419840,-15360,961536,706560,-122728,183192,59140,1324,-57
32526,419840,-15360,1013760,714752,-138272,180986,65852,-23138,-31
32532,419840,-15360,1056768,581632,-144304,178861,51498,-16941,-21
32537,419840,-15360,1081344,499712,-149872,176676,45783,-18979,-15
32542,419840,-15360,1102848,517120,-154744,174235,44360,-24869,-15
32547,419840,-15360,1091584,566272,-152192,172036,29294,-9450,-15
32552,405504,-12288,1079296,610304,-152656,169835,20378,-3199,-620
32557,394240,-9216,1088512,584704,-157296,167427,30774,-20643,-968
32562,394240,-9216,1064960,474112,-151960,165275,20929,-7614,-511
32567,394240,-9216,1025024,356352,-142912,163207,3339,16956,-271
32572,394240,-9216,919552,237568,-119016,161083,-53644,95711,-137
32577,394240,-9216,874496,219136,-108808,159274,-64178,114644,-75
32582,394240,-9216,840704,233472,-101152,157567,-66048,122463,-43
32587,394240,-9216,836608,270336,-100224,155790,-44637,100203,-26
32592,394240,-9216,835584,266240,-99992,154205,-30615,84828,-16
32597,334848,-9216,839680,238592,-114376,152496,-18039,56159,-2533
32602,334848,-9216,850944,192512,-116928,150556,-3638,37266,-1250
32607,334848,-9216,850944,190464,-116928,148789,-1722,33583,-660
32612,334848,-9216,861184,192512,-119248,147004,5530,22226,-349
32617,275456,-9216,898048,211968,-141056,144949,29788,-25895,-3437
32622,275456,-9216,907264,227328,-143144,142938,35169,-35375,-1806
32627,256000,-9216,907264,252928,-147552,140884,34768,-41436,-1725
32632,256000,-9216,855040,322560,-135720,138633,-3489,6402,-853
32637,256000,-9216,816128,331776,-126904,136648,-26346,36090,-450
32642,228352,-9216,759808,316416,-120408,134660,-57259,71511,-1338
32647,221184,-9216,705536,243712,-109736,132569,-79554,102387,-1055
32652,221184,-9216,691200,225280,-106488,130728,-69709,93949,-557
32657,221184,-9216,700416,233472,-108576,128979,-41768,62171,-296
32662,221184,-9216,752640,284672,-120408,127102,13482,-6788,-150
32667,221184,-9216,750592,318464,-119944,125428,20987,-15503,-83
32672,184320,-9216,730112,324608,-123656,123663,10591,-10584,-1514
32677,181248,-9216,703488,243712,-118320,121690,-7069,10439,-906
32682,181248,-9216,715776,214016,-121104,119851,-448,-805,-479
32687,181248,-9216,748544,210944,-128528,117930,15192,-25790,-255
32692,172032,-9216,800768,312320,-142448,115709,39805,-66544,-604
32697,172032,-9216,833536,340992,-149872,113601,50350,-86621,-320
32702,172032,-9216,842752,327680,-151960,111459,45668,-70974,-162
32707,172032,-9216,804864,215040,-143376,109098,9489,-43767,-89
32712,172032,-9216,775168,143360,-136648,107017,-9754,-19877,-51
32717,172032,-9216,740352,135168,-128760,105027,-24636,29140,-29
32722,278528,-9216,668672,315392,-88392,103120,-59232,73960,5465
32727,278528,-9216,620544,380928,-77488,101751,-70810,95073,2862
32732,278528,-9216,577536,282624,-67744,100406,-71935,104597,1403
32737,278528,-9216,548864,195584,-61248,99280,-68366,106398,732
32742,278528,-9216,559104,131072,-63568,98227,-39106,73765,381
32747,615424,-15360,610304,130048,1160,98267,15525,83902,11963
32752,615424,-15360,601088,192512,3248,98460,19644,82064,6271
32757,615424,-15360,583680,225280,7192,98660,12128,93724,3286
32762,615424,-15360,586752,147456,6496,98783,7825,97454,1611
32767,3316736,-92160,620544,100352,610856,103411,19357,694910,131260
32772,3316736,-92160,716800,118784,589048,112462,64154,637356,68837
32777,4119552,-107520,955392,174080,716880,124919,173714,668085,60157
32782,6372352,-116736,1239040,150528,1163016,139232,262837,1039411,140312
32787,6372352,-116736,1629184,161792,1074624,156199,363802,867021,73585
32792,6372352,-116736,2238464,258048,936584,172888,510310,599162,36175
32797,6372352,-116736,2894848,222208,787872,185823,628200,345495,18970
32802,6372352,-116736,3634176,185344,620368,196379,737484,79263,9946
32807,17054720,-113664,4438016,196608,2858472,245366,799872,2303966,355041
32812,17054720,-113664,5308416,215040,2661272,286996,902959,2045309,186201
32817,17054720,-113664,6529024,249856,2384728,325034,1154334,1555428,97651
32822,17054720,-82944,8010752,313344,2049024,361766,1366178,1044612,48009
32827,16898048,-76800,9588736,372736,1656016,389517,1587810,457723,18084
32832,16898048,-76800,11074560,353280,1319384,411717,1641213,94669,18679
32837,17054720,-73728,12781568,395264,968136,430802,1776281,-377343,9794
32842,17054720,-73728,13941760,351232,705280,443181,1557047,-408586,5132
32847,17054720,-92160,15077376,271360,425256,452131,1399948,-522561,2520
32852,17054720,-92160,15997952,183296,239424,456963,1175803,-479416,1319
32857,16898048,-92160,16541696,120832,80736,459157,904417,-364524,-6404
32862,16898048,-92160,16922624,0,-5568,459507,668763,-227584,-3152
32867,16898048,-92160,17229824,-66560,-75168,458769,490665,-107064,-1657
32872,16898048,-92160,17369088,-87040,-106720,457447,342299,8428,-871
32877,7444480,-141312,17430528,-117760,-2262464,452553,204270,-2016902,-554353
32882,7444480,-141312,17435648,-275456,-2263624,414944,109571,-1958251,-290739
32887,7444480,-141312,17203200,-367616,-2210960,381059,-81952,-1747949,-152485
32892,7444480,-141312,16717824,-309248,-2100992,348408,-323148,-1400602,-74978
32897,7444480,-141312,15813632,-303104,-1896136,315231,-649785,-931120,-39327
32902,1497088,-175104,14748672,-394240,-3002312,274278,-929295,-1798739,-272997
32907,1497088,-175104,13546496,-247808,-2729944,231073,-1134323,-1352175,-134231
32912,1497088,-175104,11991040,-327680,-2377536,188657,-1418113,-770766,-70402
32917,297984,-141312,10596352,-296960,-2333224,152483,-1505997,-674744,-87808
32922,297984,-141312,8868864,-79872,-1941840,117223,-1661237,-163380,-43176
32927,297984,-141312,7538688,-360448,-1640472,90376,-1597450,47354,-22649
32932,297984,-141312,6172672,14336,-1330984,68254,-1575120,312390,-11881
32937,-25600,-18432,5051392,-229376,-1126360,48331,-1476657,398628,-23622
32942,-25600,-18432,4018176,-81920,-916168,33161,-1269907,386900,-12392
32947,-62464,-15360,3339264,96256,-770704,20602,-1026439,276337,-8067
32952,-62464,-15360,2694144,-132096,-610392,9287,-878680,277575,-3969
32957,-62464,-15360,2262016,-4096,-526640,628,-675568,149556,-2085
32962,-87040,-12288,1984512,123904,-469336,-6996,-517528,41196,-2075
32967,-93184,-12288,1743872,113664,-416208,-14420,-392535,-38093,-1362
32972,-93184,-12288,1552384,50176,-372824,-20468,-335541,-57751,-718
32977,-93184,-12288,1377280,-43008,-333152,-25921,-286212,-72861,-380
32982,-241664,-12288,1272832,-143360,-343128,-31438,-197754,-176812,-8347
32987,-241664,-12288,1121280,-64512,-308792,-36277,-178970,-166099,-4381
32992,-241664,-12288,978944,30720,-276544,-40569,-159876,-157237,-2302
32997,-241664,-12288,779264,65536,-231304,-44671,-176687,-99288,-1137
33002,-241664,-12288,600064,5120,-190704,-47791,-187496,-50999,-600
33007,-241664,-12288,417792,-73728,-149408,-50348,-200416,660,-317
33012,-1889280,-12288,276480,-101376,-490680,-54792,-178740,-366732,-85009
33017,-1889280,-12288,137216,-46080,-459128,-61862,-160806,-360184,-44588
33022,-1889280,-12288,-30720,24576,-421080,-68368,-163904,-325544,-23388
33027,-6306816,-9216,-267264,-4096,-1368336,-80824,-196320,-1252840,-239000
33032,-6306816,-9216,-525312,-110592,-1309872,-100928,-236928,-1173872,-125351
33037,-8675328,-9216,-930816,-103424,-1754616,-127148,-336448,-1545316,-154079
33042,-8675328,-9216,-1671168,89088,-1586880,-154855,-578722,-1163013,-75762
33047,-8675328,-9216,-2476032,-50176,-1404528,-177342,-744691,-837179,-39737
33052,-14835712,-9216,-3463168,-45056,-2576592,-215687,-929352,-1862927,-250595
33057,-17213440,-9216,-4776960,129024,-2817640,-259188,-1165821,-1911007,-245666
33062,-17213440,-9216,-6096896,-96256,-2518592,-299387,-1344171,-1473808,-128846
33067,-17213440,-9216,-7696384,184320,-2156208,-334401,-1576245,-926226,-63356
33072,-17213440,-9216,-9491456,133120,-1749512,-366658,-1738553,-377617,-33232
33077,-17213440,-9216,-11029504,7168,-1401048,-390050,-1734996,-56102,-17431
33082,-17213440,-9216,-12631040,271360,-1038200,-409651,-1755719,335940,-8575
33087,-17213440,-9216,-14006272,-54272,-726624,-422469,-1593675,444582,-4500
33092,-17213440,-9216,-15119360,311296,-474440,-431281,-1436840,531119,-2363
33097,-17213440,-9216,-15951872,81920,-264712,-437265,-1198478,496501,-1166
33102,-17213440,-9216,-16578560,37888,-143840,-440171,-909593,325582,-615
33107,-17213440,-9216,-16999424,15360,-48488,-441407,-692115,202220,-326
33112,-17213440,-9216,-17320960,2048,29928,-441462,-544597,133063,-165
33117,-12026880,-9216,-17528832,79872,1246536,-431852,-391962,1206646,250316
33122,-12026880,-9216,-17596416,40960,1261848,-412881,-240026,1088993,131278
33127,-10385408,-9216,-17459200,-89088,1602656,-385859,-28056,1244853,118349
33132,-10385408,-9216,-17167360,-116736,1536536,-362074,156697,1017765,62067
33137,-10385408,-9216,-16710656,-95232,1433064,-339722,329906,763436,32548
33142,-10385408,-9216,-16007168,-148480,1273680,-317412,540259,416009,16000
33147,-3542016,-12288,-15266816,-100352,2656400,-285552,683358,1687490,318135
33152,-3542016,-12288,-14522368,-125952,2487736,-246636,783486,1457614,166845
33157,-3542016,-12288,-13560832,-52224,2269888,-207129,909603,1153156,82030
33162,-1408000,-12288,-12524544,-122880,2518592,-170353,1049272,1298967,139609
33167,-897024,-15360,-11446272,-27648,2390064,-134154,1139612,1116298,105152
33172,-897024,-15360,-10156032,-52224,2097744,-97070,1246991,753683,51697
33177,-897024,-15360,-9053184,48128,1847880,-67429,1300004,480447,27109
33182,-299008,-15360,-7930880,34816,1729096,-41449,1291822,395825,51590
33187,-299008,-15360,-6832128,138240,1480160,-15100,1204478,260582,25363
33192,-299008,-15360,-5889024,158720,1266488,5447,1142630,129305,13298
33197,-299008,-15360,-5061632,139264,1079032,23015,1050970,51077,6971
33202,-299008,-15360,-4403200,229376,929856,39473,852460,116869,3424
33207,0,-18432,-3764224,234496,852832,52960,789636,116156,14480
33212,0,-18432,-3268608,216064,740544,65045,698792,106797,7591
33217,0,-18432,-2950144,313344,668392,76774,517803,227363,3730
33222,0,-12288,-2619392,308224,593456,86150,443287,236319,1953
33227,0,-12288,-2238464,249856,507152,94390,441680,159862,956
33232,0,-12288,-1966080,352256,445440,102250,359178,188512,497
33237,0,-12288,-1721344,423936,389992,108436,311833,186595,256
33242,0,-12288,-1377280,415744,312040,114180,333693,92527,122
33247,0,-12288,-1121280,438272,254040,118504,324547,47997,60
33252,0,-12288,-936960,515072,212280,122066,276503,57843,28
33257,0,-12288,-757760,534528,171680,125182,225166,71696,11
33262,0,-12288,-573440,493568,129920,127324,208424,48820,1
33267,0,-12288,-410624,446464,93032,128914,192050,29896,0
33272,0,-12288,-275456,410624,62408,130141,162411,30138,0
33277,0,-12288,-200704,417792,45472,130901,121906,54467,0
33282,3072,-9216,-119808,393216,27840,131371,101492,57719,120
33287,3072,-9216,-25600,418816,6496,131616,98761,39351,56
33292,3072,-9216,29696,448512,-6032,131649,86495,39122,26
33297,3072,-9216,60416,443392,-12992,131504,74183,41313,10
33302,12288,-9216,82944,290816,-16008,131270,45645,69617,507
33307,12288,-9216,121856,174080,-24824,130958,46185,59949,263
33312,12288,-9216,160768,111616,-33640,130493,56489,37348,126
33317,12288,-9216,187392,250880,-39672,129990,44475,45843,63
33322,12288,-9216,206848,353280,-44080,129426,41205,44141,30
33327,12288,-9216,246784,387072,-53128,128683,48526,27029,12
33332,12288,-9216,260096,240640,-56144,127935,39713,32078,2
33337,12288,-9216,258048,171008,-55680,127109,19747,51682,0
33342,6144,-12288,263168,158720,-54056,126096,-8216,80256,-232
33347,6144,-12288,277504,326656,-61480,125070,-1297,64887,-125
33352,6144,-12288,328704,413696,-73080,123948,18715,32153,-70
33357,6144,-12288,392192,297984,-87464,122604,44475,-9335,-39
33362,3072,-12288,386048,178176,-86768,121332,24108,10456,-183
33367,3072,-12288,396288,84992,-89088,120027,20918,10021,-100
33372,3072,-12288,384000,214016,-86304,118592,5530,26758,-54
33377,3072,-12288,367616,375808,-82592,117320,-6151,40879,-31
33382,3072,-12288,358400,443392,-80504,116104,-6805,42405,-21
33387,3072,-9216,323584,266240,-72616,114851,-21320,63555,-15
33392,3072,-9216,284672,138240,-63800,113782,-38234,88216,-15
33397,3072,-9216,261120,123904,-58464,112762,-43638,97936,-15
33402,3072,-9216,272384,267264,-61016,111681,-23145,73810,-15
33407,3072,-9216,294912,339968,-66120,110703,263,44320,-15
33412,3072,-9216,329728,306176,-74008,109711,27952,695,-15
33417,3072,-9216,325632,140288,-73080,108594,21468,14046,-15
33422,3072,-9216,297984,112640,-66816,107607,1032,39759,-15
33427,3072,-9216,252928,192512,-56608,106630,-31705,81727,-15
33432,3072,-9216,261120,369664,-58464,105540,-24579,71655,-15
33437,3072,-9216,310272,346112,-69600,104482,7274,27608,-15
33442,3072,-9216,343040,244736,-77024,103375,23637,2714,-15
33447,0,-9216,380928,67584,-86304,102082,40264,-24486,-113
33452,0,-9216,382976,91136,-86768,100877,32128,-18019,-63
33457,0,-9216,365568,214016,-82824,99654,11715,5115,-37
33462,0,-9216,351232,404480,-79576,98288,-4671,23383,-23
33467,0,-9216,348160,353280,-78880,97048,-8893,27061,-15
33472,0,-9216,347136,212992,-78648,95819,-9215,26386,-15
33477,0,-9216,355328,87040,-80504,94486,-597,14579,-15
33482,0,-9216,351232,145408,-79576,93271,-2915,16610,-15
33487,0,-9216,343040,249856,-77720,92078,-6690,21048,-15
33492,0,-9216,347136,313344,-78648,90778,-1079,13209,-15
33497,0,-9216,362496,207872,-82128,89574,9363,-1917,-15
33502,-4096,-9216,369664,115712,-84680,88341,11348,-7687,-271
33507,-4096,-9216,369664,151552,-84680,86960,7860,-5580,-137
33512,-4096,-9216,351232,264192,-80504,85729,-5772,10997,-75
33517,-4096,-9216,331776,338944,-76096,84512,-18429,26845,-43
33523,-4096,-9216,322560,204800,-74008,83188,-21894,31074,-26
33528,-25600,-9216,345088,69632,-83984,81922,-4281,2219,-990
33533,-87040,-9216,399360,-2048,-110200,80571,33528,-63157,-4363
33538,-87040,-9216,405504,173056,-111592,78841,31119,-63870,-2150
33543,-87040,-9216,380928,312320,-106024,77284,9868,-38608,-1131
33548,-87040,-9216,355328,356352,-100224,75733,-10178,-14313,-596
33553,-87040,-9216,300032,174080,-87696,74054,-49112,35470,-298
33558,-353280,-6144,321536,53248,-152888,71901,-28102,-52885,-11458
33563,-353280,-6144,353280,65536,-168432,69233,26689,-125888,-5638
33568,-353280,-6144,374784,191488,-164952,66871,21790,-119871,-2960
33573,-353280,-6144,317440,274432,-151960,64613,-7975,-79372,-1556
33578,-660480,-9216,219136,225280,-199288,61989,-56800,-80499,-17642
33583,-660480,-9216,157696,177152,-185368,59002,-73656,-52710,-9256
33588,-660480,-9216,105472,187392,-173536,56189,-78487,-38860,-4858
33593,-660480,-9216,75776,226304,-166808,53317,-57833,-55658,-2392
33598,-660480,-9216,17408,200704,-153584,50937,-58521,-44126,-1258
33603,-660480,-9216,-60416,134144,-135952,48792,-70191,-16969,-663
33608,-660480,-9216,-132096,151552,-119712,46702,-70374,-2636,-330
33613,-660480,-9216,-209920,278528,-102080,45033,-80621,23574,-175
33618,-864256,-9216,-256000,385024,-137808,43004,-68733,-26071,-7690
33623,-864256,-9216,-296960,285696,-128528,40803,-54723,-33002,-4036
33628,-864256,-9216,-362496,130048,-113680,38972,-66106,-8602,-2121
33633,-864256,-9216,-374784,-1024,-110896,37113,-37821,-35962,-1046
33638,-740352,-9216,-418816,120832,-72848,35697,-39186,2035,6254
33643,-740352,-9216,-474112,280576,-60320,34730,-48722,23132,3277
33648,-740352,-9216,-533504,328704,-46864,33817,-59668,46621,1607
33653,-632832,-9216,-572416,205824,-13688,33236,-62078,81626,6376
33658,-632832,-9216,-561152,91136,-16240,32928,-33426,50114,3340
33663,-601088,-9216,-535552,90112,-14848,32714,-391,18257,2822
33668,-601088,-9216,-524288,154624,-17400,32564,15812,-648,1476
33673,-601088,-9216,-530432,183296,-16008,32404,13540,2856,771
33678,-601088,-9216,-555008,150528,-10440,32192,-7367,29119,375
33683,-524288,-9216,-523264,143360,-232,32032,8583,23217,4149
33688,-524288,-9216,-485376,166912,-8816,31937,23695,-574,2173
33693,-524288,-9216,-432128,244736,-20880,31709,43339,-32510,1065
33698,-524288,-9216,-399360,243712,-28304,31393,46552,-43463,555
33703,-524288,-9216,-399360,207872,-28304,30978,24475,-13539,270
33708,-524288,-9216,-380928,109568,-32480,30415,16695,-18760,139
33713,-524288,-9216,-337920,139264,-42224,29791,27768,-40201,69
33718,-524288,-9216,-293888,242688,-52200,29070,48055,-74749,30
33723,-524288,-9216,-256000,384000,-60784,28175,45014,-77623,13
33728,-524288,-9216,-249856,331776,-62176,27317,33540,-68399,3
33733,-524288,-9216,-280576,147456,-53592,26358,-5405,-21829,0
33738,-524288,-9216,-272384,133120,-57072,25456,-792,-30824,0
33743,-524288,-9216,-265216,226304,-58696,24527,-1538,-32631,0
33748,-524288,-9216,-252928,323584,-61480,23599,4383,-46915,0
33753,-359424,-9216,-258048,244736,-22968,23149,-655,836,5761
33758,-359424,-9216,-261120,115712,-22272,22809,-1756,2293,3018
33763,-359424,-9216,-231424,117760,-26216,22415,9776,-13577,1481
33768,-359424,-9216,-237568,241664,-27608,22043,11623,-17188,773
33773,-359424,-9216,-231424,316416,-29000,21629,10246,-17617,402
33778,-359424,-9216,-241664,185344,-24128,21148,-11762,8782,195
33783,-359424,-9216,-220160,53248,-31552,20640,4222,-15134,98
33788,348160,-21504,-167936,14336,116928,21269,31463,106734,34211
33793,348160,-21504,-123904,84992,106952,23194,51784,76738,16817
33798,348160,-21504,-89088,243712,99064,24828,51107,72785,8817
33803,348160,-21504,-50176,217088,90248,26286,50350,66184,4621
33808,348160,-21504,-14336,172032,82128,27540,31646,267280,53852
33813,1173504,-73728,61440,132096,251952,31760,49811,233901,28239
33818,1173504,-73728,166912,157696,228056,35258,73357,189957,14806
33823,1173504,-73728,303104,171008,188848,38669,127322,100195,7276
33828,1173504,-73728,484352,145408,156136,41329,154723,42742,3811
33833,4738048,-144384,627712,108544,931248,50841,170489,811600,163334
33838,4738048,-144384,804864,76800,891344,66049,185647,771746,80304
33843,4738048,-144384,1087488,80896,827080,79006,254139,651947,42113
33848,4738048,-144384,1509376,27648,731496,90719,365179,457036,22082
33853,4738048,-144384,2033664,-4096,599720,101739,494716,206743,10854
33858,4738048,-144384,2605056,44032,483256,109902,546730,46428,5689
33863,4738048,-144384,3118080,31744,367024,116269,570001,-86708,2980
33868,4738048,-144384,3624960,4096,252184,120897,594006,-236344,1462
33873,4738048,-144384,4128768,55296,138040,124115,559926,-297771,764
33878,11233280,-138240,4470784,118784,1532128,141226,491767,1181587,276013
33883,11233280,-141312,4800512,147456,1457424,163902,449988,1165640,135707
33888,11233280,-141312,5303296,101376,1343512,187224,503540,1027196,71170
33893,11233280,-141312,5917696,92160,1204312,206486,612411,798387,37321
33898,9308160,-138240,6654976,124928,601112,222718,754788,69042,-94454
33903,9308160,-138240,7510016,115712,407392,230973,825965,-187600,-49541
33908,7998464,-135168,8311808,65536,-70992,232491,873125,-711626,-81562
33913,6240256,-138240,8929280,53248,-609232,229048,779286,-1171311,-136688
33918,6240256,-138240,9382912,78848,-712008,217884,619376,-1113500,-71691
33923,4395008,-138240,9572352,66560,-1172992,202290,421393,-1392095,-115903
33928,4395008,-138240,9396224,-101376,-1133088,183032,99129,-1049185,-56992
33933,4395008,-138240,9035776,-201728,-1051424,166476,-157042,-727906,-29894
33938,4395008,-138240,8453120,62464,-919416,151584,-412409,-355423,-15681
33943,1364992,-138240,7748608,-177152,-1446288,134538,-587053,-724697,-174157
33948,1364992,-138240,7124992,-314368,-1305000,113881,-645975,-545144,-91343
33953,1364992,-138240,6431744,78848,-1147936,95595,-704599,-347742,-47910
33958,1364992,-138240,5618688,-250880,-963728,78190,-778277,-107261,-23560
33963,1364992,-138240,4971520,-132096,-817104,64778,-767549,15223,-12360
33968,231424,-64512,4469760,134144,-960248,50301,-671954,-237993,-51580
33973,231424,-64512,3830784,-113664,-815480,35693,-667777,-112010,-25365
33978,231424,-64512,3352576,-174080,-707136,24205,-618666,-64265,-13305
33983,52224,-12288,2962432,-8192,-659344,13687,-544299,-101358,-14111
33988,33792,-12288,2584576,28672,-577912,3464,-468727,-105721,-7891
33993,33792,-12288,2250752,13312,-502280,-4624,-427349,-79555,-4141
33998,33792,-9216,1970176,75776,-438712,-11680,-377504,-72888,-2176
34003,43008,-9216,1678336,277504,-370504,-18388,-357595,-31297,-599
34008,43008,-9216,1461248,352256,-321320,-23625,-311490,-33455,-317
34013,43008,-9216,1265664,317440,-277008,-28141,-273968,-31181,-170
34018,43008,-12288,1084416,115712,-235944,-32398,-233601,-34741,-88
34023,43008,-12288,982016,142336,-212744,-35741,-174621,-73864,-50
34028,33792,-12288,884736,261120,-192792,-38675,-131545,-99922,-373
34033,33792,-12288,751616,335872,-162632,-41463,-122676,-81419,-186
34038,33792,-12288,654336,304128,-140592,-43630,-108527,-75695,-101
34043,12288,-15360,559104,249856,-123888,-45584,-105062,-64410,-858
34048,12288,-15360,465920,160768,-102776,-47471,-104546,-45701,-425
34053,12288,-15360,416768,230400,-91640,-48987,-87586,-53041,-225
34058,12288,-15360,377856,320512,-82824,-50331,-70776,-62379,-121
34063,0,-12288,326656,274432,-74008,-51655,-65245,-60418,-657
34068,0,-12288,278528,222208,-63104,-52730,-65945,-49889,-348
34073,0,-12288,246784,163840,-55912,-53786,-40816,-73522,-175
34078,0,-12288,254976,72704,-57768,-54648,-24223,-88193,-95
34083,0,-12288,243712,151552,-55216,-55416,-9903,-100729,-54
34088,0,-12288,227328,239616,-51504,-56113,-3477,-85090,-30
34093,0,-12288,169984,269312,-38512,-56798,-28538,-66772,-20
34098,0,-12288,143360,195584,-32480,-57358,-33919,-55919,-15
34103,0,-12288,129024,125952,-28304,-57920,-33242,-52982,-15
34108,0,-12288,105472,178176,-23896,-58401,-37649,-44648,-15
34113,0,-12288,90112,264192,-20416,-58820,-37477,-41759,-15
34118,0,-12288,76800,347136,-19024,-59244,-31211,-47057,-15
34123,0,-12288,67584,371712,-15312,-59592,-34447,-40457,-15
34128,0,-12288,33792,296960,-7656,-59882,-48871,-18667,-15
34133,0,-12288,22528,221184,-5104,-60130,-18612,-54530,-15
34138,345088,-9216,63488,242688,63800,-59658,-5176,9318,15607
34143,345088,-9216,57344,307200,65192,-58652,-1205,7745,8181
34148,345088,-9216,95232,369664,56608,-57553,30579,-31524,4019
34153,447488,-9216,99328,320512,78880,-56340,34389,-11849,6739
34158,447488,-9216,110592,240640,76328,-55050,36431,-15153,3531
34163,642048,-9216,125952,100352,116000,-52995,37154,25851,8110
34168,642048,-9216,174080,84992,106024,-51247,51302,3475,4250
34173,1888256,-15360,231424,117760,375376,-49215,69295,256866,80113
34178,1888256,-15360,286720,159744,362848,-42976,65106,257318,39387
34183,1888256,-15360,334848,204800,351944,-37529,68377,246038,20654
34188,3540992,-21504,437248,183296,703192,-31840,89352,582000,114124
34193,3540992,-21504,547840,180224,678136,-20461,93403,564040,56109
34198,4164608,-21504,771072,175104,768848,-9493,156341,603014,57650
34203,4164608,-21504,1061888,181248,702960,1501,233473,470988,30231
34208,4164608,-21504,1430528,150528,619440,11411,322470,290807,14860
34213,4164608,-21504,1874944,36864,518752,20842,399477,140117,7790
34218,6998016,-27648,2248704,-5120,1076016,28981,416562,688435,181170
34223,6998016,-27648,2619392,17408,980200,45969,426419,599750,89074
34228,6998016,-27648,3105792,59392,881832,59904,455828,485908,46711
34233,7368704,-61440,3590144,79872,856080,72406,501406,427080,47663
34238,7368704,-61440,4161536,14336,726624,85476,552490,259610,23430
34243,7218176,-76800,4627456,-4096,586960,95230,545066,137124,5896
34248,7218176,-76800,5102592,22528,479312,103148,539180,43280,3089
34253,7218176,-76800,5634048,69632,358904,109975,543253,-74374,1515
34258,4738048,-138240,6039552,56320,-294872,108656,503368,-689584,-104449
34263,3389440,-144384,6340608,38912,-668624,102571,414118,-980171,-133802
34268,3389440,-144384,6532096,-92160,-712008,90860,284478,-905626,-65791
34273,2942976,-147456,6543360,-100352,-815712,78903,144637,-881446,-53453
34278,2942976,-147456,6348800,-5120,-771632,66910,-34390,-670332,-28038
34283,2942976,-147456,5918720,20480,-674192,54894,-254370,-364928,-13790
34288,920576,-141312,5450752,-131072,-1026368,39934,-401761,-584673,-87690
34293,920576,-141312,4957184,-120832,-914544,25242,-491928,-397374,-45993
34298,920576,-141312,4415488,31744,-791816,11178,-526892,-253746,-22620
34303,920576,-141312,3841024,-235520,-661664,427,-578470,-82767,-11866
34308,89088,-70656,3288064,-285696,-724768,-9016,-597667,-136117,-54946
34313,89088,-70656,2767872,-12288,-606912,-19919,-561522,-65309,-27019
34318,18432,-61440,2306048,-69632,-518288,-28416,-546295,-409,-16984
34323,18432,-61440,1937408,-131072,-434768,-35593,-490127,19766,-8911
34328,18432,-61440,1620992,-10240,-363080,-42160,-405926,686,-4385
34333,-166912,-18432,1320960,155648,-337096,-47571,-374968,-9699,-9677
34338,-166912,-18432,1075200,198656,-281416,-52250,-336597,2931,-5078
34343,-166912,-18432,828416,83968,-225504,-56542,-309241,27195,-2501
34348,-575488,-21504,664576,19456,-280952,-60961,-271490,-70423,-17568
34353,-930816,-21504,549888,38912,-335472,-65515,-220175,-180812,-28735
34358,-930816,-21504,446464,230400,-312040,-70958,-169561,-213437,-14133
34363,-930816,-21504,327680,241664,-285128,-75457,-153462,-207123,-7416
34368,-2528256,-9216,187392,126976,-615264,-81149,-157042,-539371,-91643
34373,-2528256,-9216,57344,20480,-585800,-91087,-142446,-534441,-45063
34378,-3946496,-9216,-129024,36864,-864896,-103882,-167840,-800938,-76531
34383,-3946496,-9216,-425984,158720,-797616,-116375,-248185,-665806,-40140
34388,-3946496,-9216,-870400,96256,-696928,-128801,-366534,-459195,-19740
34393,-7219200,0,-1332224,-95232,-1333768,-148685,-458652,-1023801,-132412
34398,-7678976,4096,-1867776,98304,-1316600,-168658,-552342,-932916,-93127
34403,-7678976,4096,-2546688,26624,-1162784,-189301,-646147,-705938,-45793
34408,-7678976,4096,-3264512,-22528,-1000152,-205566,-736051,-469667,-24020
34413,-9032704,0,-4077568,306176,-1122648,-220977,-828903,-514722,-82316
34418,-9032704,0,-4941824,-174080,-926840,-237896,-897453,-267283,-40477
34423,-9216000,0,-5702656,6144,-795992,-251068,-888468,-158592,-28069
34428,-9216000,0,-6394880,321536,-639160,-261791,-844073,-56878,-14725
34433,-9216000,0,-7176192,-54272,-462144,-270786,-830074,97144,-7244
34438,-9216000,0,-7685120,128000,-346840,-276751,-705884,82293,-3802
34443,-9216000,0,-8140800,219136,-243600,-280966,-600524,75958,-1998
34448,-9216000,0,-8624128,78848,-134096,-283902,-540971,122973,-987
34453,-9309184,-9216,-8919040,108544,-88392,-285673,-443150,69085,-3780
34458,-10283008,-9216,-9152512,192512,-256128,-287835,-352845,-191118,-52137
34463,-10283008,-9216,-9361408,275456,-208336,-291545,-273521,-226360,-25638
34468,-10696704,-9216,-9567232,262144,-255896,-295640,-245236,-306300,-27915
34473,-10696704,-9216,-9796608,190464,-203928,-299084,-254129,-248883,-14645
34478,-10696704,-9216,-10007552,47104,-156136,-302053,-236045,-222144,-7204
34483,-17213440,-9216,-10230784,115712,-1582008,-326264,-240038,-1668234,-231633
34488,-17213440,-9216,-10621952,192512,-1493384,-349434,-337756,-1505062,-121485
34493,-17213440,-9216,-11381760,196608,-1321240,-372794,-579388,-1114646,-59736
34498,-17213440,-9216,-12185600,19456,-1139120,-391349,-753538,-776931,-31333
34503,-17213440,-9216,-13148160,276480,-921040,-406685,-913896,-413829,-16438
34508,-17213440,-9216,-14241792,-27648,-673264,-419628,-1015939,-76953,-8085
34513,-17213440,-9216,-15330304,286720,-426648,-427777,-1130640,276215,-4244
34518,-17213440,-9216,-16141312,225280,-242904,-432748,-1040105,364453,-2229
34523,-17213440,-9216,-16876544,105472,-76328,-435254,-934768,423186,-1100
34528,-17213440,-9216,-17475584,296960,59392,-435145,-803682,427929,-581
34533,-17213440,-9216,-17897472,270336,154976,-433413,-647777,369340,-308
34538,-17213440,-9216,-18145280,200704,211120,-430329,-449553,230344,-155
34544,-17213440,-9216,-18285568,148480,242904,-426918,-316436,132422,-85
34549,-12742656,-9216,-18361344,106496,1272984,-414023,-216790,1075751,202310
34554,-12742656,-9216,-18302976,141312,1259760,-393067,-81264,947957,99468
34559,-12742656,-9216,-18135040,222208,1221712,-374396,46449,800867,52164
34564,-4120576,-9216,-17801216,251904,3099520,-338936,201264,2559320,417609
34569,-4120576,-9216,-17163264,118784,2954984,-288613,451938,2214433,205327
34574,-4120576,-9216,-16410624,268288,2784464,-245235,662142,1877087,107683
34579,-626688,-12288,-15249408,198656,3312960,-198064,995055,2119841,214613
34584,-346112,-12288,-13778944,269312,3043376,-145787,1274140,1623449,121958
34589,-346112,-12288,-12113920,186368,2666144,-102872,1586789,976483,63960
34594,-346112,-12288,-10512384,196608,2303296,-65599,1706194,531503,33541
34599,-346112,-12288,-8638464,190464,1878736,-31240,1826413,21083,16486
34604,-346112,-12288,-7126016,165888,1536072,-5689,1784554,-254171,8643
34609,0,-9216,-5741568,153600,1300824,15588,1688821,-372409,20194
34614,0,-9216,-4559872,187392,1033096,34734,1451320,-383490,9926
34619,0,-9216,-3568640,123904,808520,48475,1303722,-446727,5202
34624,0,-9216,-2913280,87040,660040,59593,1012863,-299668,2554
34629,0,-9216,-2448384,156672,554712,69533,756704,-132459,1335
34634,0,-9216,-2105344,179200,476992,77095,566398,-12311,696
34639,0,-9216,-1826816,191488,413888,83665,437813,61631,338
34644,0,-9216,-1588224,225280,359832,90070,343962,105940,172
34649,0,-9216,-1439744,259072,326192,95300,269228,152264,86
34654,0,-9216,-1292288,273408,292784,100053,232326,179347,39
34659,0,-9216,-1173504,231424,265872,104744,182583,188033,16
34664,0,-9216,-1056768,221184,239424,108534,157075,190883,6
34669,0,-9216,-929792,198656,212976,112180,132543,192613,0
34674,0,-9216,-796672,159744,180496,114958,129961,165493,0
34679,0,-9216,-635904,157696,144072,117218,139164,122126,0
34684,3072,-6144,-473088,165888,101848,119126,159210,61764,120
34689,6144,-6144,-286720,199680,66352,120330,167735,18947,228
34694,6144,-6144,-139264,190464,32944,121075,171235,-17216,116
34699,18432,-9216,-13312,184320,7192,121416,164614,-39718,511
34704,18432,-9216,109568,194560,-20648,121325,149778,-49101,265
34709,18432,-9216,196608,175104,-40368,120902,130982,-50448,135
34714,18432,-9216,277504,105472,-58696,120114,116168,-54750,63
34719,39936,-9216,342016,76800,-68440,119158,99278,-48560,1211
34724,39936,-9216,396288,24576,-80736,118053,85416,-48099,632
34729,39936,-9216,464896,-60416,-96280,116640,86438,-66078,308
34734,39936,-9216,519168,-72704,-108576,115203,88159,-81532,159
34739,39936,-9216,538624,-71680,-112984,113672,72416,-71728,79
34744,39936,-9216,547840,48128,-115072,111893,51807,-54986,36
34749,39936,-9216,553984,91136,-116464,110226,38290,-44528,15
34754,39936,-9216,562176,133120,-118320,108498,28583,-28093,4
34759,379904,-12288,543744,129024,-37120,107595,1124,69351,12676
34764,1042432,-61440,548864,72704,111824,107868,-3305,222997,40764
34769,1042432,-61440,564224,30720,108344,109460,91,189853,20039
34774,1610752,-107520,643072,55296,219240,113052,44659,287633,30376
34779,1949696,-129024,707584,87040,281416,116802,69685,328533,33383
34784,1949696,-129024,796672,133120,261232,120986,108205,268831,16410
34789,1949696,-129024,942080,177152,228288,125139,136042,217385,8603
34794,2472960,-138240,1095680,169984,312040,129105,164236,276909,31455
34799,2472960,-138240,1282048,79872,269816,133960,184442,219334,15463
34804,2668544,-141312,1480704,38912,269120,138327,204925,202522,14946
34809,2668544,-141312,1702912,21504,218776,141985,230100,130661,7834
34814,2668544,-141312,1951744,-15360,162400,145104,244340,63164,3848
34819,5160960,-156672,2141184,-17408,684168,155701,227507,612362,89160
34824,7292928,-193536,2380800,-3072,1112904,169130,238407,1043627,149687
34829,7292928,-193536,2782208,-34816,1021960,186759,327405,881314,73594
34834,7292928,-193536,3280896,-93184,908976,201326,452788,657514,38595
34839,17054720,-281600,3838976,-94208,2994192,230861,557987,2667066,491535
34844,17212416,-288768,4510720,37888,2877728,279393,639170,2517951,251532
34849,17212416,-288768,5535744,13312,2645496,320986,901181,2065301,131915
34854,17212416,-288768,6764544,9216,2367096,358704,1150031,1575769,69180
34859,17054720,-301056,8376320,33792,1966200,394791,1431790,929201,24155
34864,17054720,-301056,9915392,78848,1617504,421543,1584827,454220,12665
34869,17212416,-305152,11515904,57344,1290616,443216,1702900,30932,14250
34874,17212416,-318464,13046784,88064,908048,461302,1631964,-262614,-2852
34879,17054720,-318464,14407680,-10240,599720,472358,1589864,-517786,-1500
34884,17054720,-318464,15455232,-43008,362384,479394,1399122,-557344,-791
34889,17054720,-324608,16347136,-26624,160312,483527,1153852,-510013,-394
34894,17054720,-324608,16962560,-124928,20880,484751,938141,-432510,-211
34899,17054720,-324608,17375232,-221184,-72616,484298,719102,-307420,-114
34904,17054720,-324608,17636352,-322560,-131776,482542,490757,-139991,-60
34909,17054720,-324608,17785856,-369664,-165648,480271,338087,-23464,-35
34914,17054720,-324608,17882112,-404480,-187456,477622,232154,58012,-23
34919,6854656,-355328,17948672,-490496,-2513488,467402,149422,-2195508,-597675
34924,6854656,-355328,17997824,-487424,-2524624,429296,100138,-2195466,-313460
34929,6854656,-355328,17879040,-491520,-2497712,391363,-12875,-2094184,-154126
34934,6854656,-355328,17380352,-295936,-2384728,350840,-273934,-1759954,-80836
34939,6854656,-355328,16570368,-352256,-2201216,316254,-594511,-1290451,-42399
34944,6854656,-355328,15552512,-541696,-1970608,284824,-876466,-809318,-22240
34949,683008,-269312,14329856,-290816,-3091864,250338,-1081609,-1759917,-372560
34954,683008,-269312,13145088,-605184,-2823440,205868,-1214003,-1403569,-195395
34959,683008,-269312,11884544,-244736,-2537848,165531,-1293200,-1068313,-96075
34964,683008,-269312,10542080,-579584,-2233696,126007,-1376747,-730942,-50391
34969,683008,-269312,9341952,-327680,-1961792,94548,-1373500,-493744,-26432
34974,46080,-138240,8206336,-549888,-1810064,62852,-1373431,-373781,-38338
34979,46080,-138240,7059456,-322560,-1588968,37358,-1250010,-301600,-20110
34984,46080,-138240,6109184,-478208,-1373672,15187,-1170457,-188028,-10550
34989,-4096,-92160,5198848,-153600,-1178792,-5749,-1042056,-142485,-7186
34994,0,-101376,4517888,-489472,-1023584,-22208,-911452,-134340,-3546
34999,0,-101376,3869696,-123904,-876728,-36411,-828915,-84224,-1864
35004,0,-101376,3399680,-142336,-770240,-50041,-658884,-161397,-919
35009,0,-107520,3022848,-405504,-684864,-60932,-547202,-198594,-486
35014,0,-107520,2630656,-162816,-596008,-70567,-504137,-162438,-258
35019,0,-107520,2289664,-150528,-518752,-79891,-441004,-157639,-130
35024,0,-107520,2023424,-317440,-458432,-87359,-390114,-155677,-71
35029,0,-107520,1829888,-400384,-414584,-93877,-305317,-203144,-39
35034,0,-107520,1503232,-83968,-340576,-99978,-313131,-127423,-25
35039,0,-107520,1211392,-27648,-274456,-104556,-323183,-55829,-15
35044,0,-107520,950272,-45056,-215296,-108255,-316654,-6897,-15
35049,0,-107520,758784,-50176,-171912,-111427,-254335,-29004,-15
35054,0,-89088,600064,159744,-135952,-113607,-206968,-42591,-15
35059,0,-89088,437248,271360,-99064,-115193,-180978,-33279,-15
35064,0,-79872,287744,302080,-65192,-116414,-157306,-24300,-15
35069,0,-79872,172032,205824,-38976,-117187,-147139,-9024,-15
35074,0,-79872,128000,123904,-29000,-117769,-108803,-37966,-15
35079,0,-67584,111616,199680,-25288,-118262,-65337,-78213,-15
35084,0,-67584,68608,258048,-15544,-118578,-58269,-75853,-15
35089,0,-67584,36864,280576,-8352,-118774,-49077,-78049,-15
35094,0,-64512,8192,189440,-1856,-118844,-37029,-83671,-15
35099,0,-64512,-44032,110592,9976,-118745,-43960,-64809,-15
35104,0,-64512,-97280,131072,17632,-118447,-31498,-69317,-15
35109,0,-64512,-163840,194560,37120,-117917,-52336,-28461,-15
35114,-4096,-61440,-232448,268288,51736,-117118,-52302,-13080,-225
35119,-4096,-61440,-328704,297984,73544,-115918,-67230,26248,-114
35124,-4096,-64512,-422912,268288,94888,-114514,-73254,53628,-63
35129,-4096,-64512,-501760,185344,112752,-112887,-77626,77491,-37
35134,-4096,-64512,-535552,116736,120408,-111104,-55010,64729,-23
35139,-7168,-61440,-546816,99328,122264,-109094,-34998,48168,-123
35144,-7168,-61440,-539648,109568,120640,-107263,-14872,28249,-68
35149,-7168,-61440,-510976,134144,114144,-105305,9673,-1066,-37
35154,-13312,-52224,-496640,102400,109504,-103634,11164,-5294,-238
35159,-19456,-39936,-482304,61440,104864,-102053,9087,-6276,-424
35164,-19456,-39936,-460800,8192,99992,-100589,7183,-3888,-1171
35169,-34816,-21504,-441344,-118784,92104,-99162,0,-7058,-618
35174,-34816,-21504,-394240,-141312,81432,-97999,12404,-28971,-328
35179,-34816,-21504,-330752,-39936,60088,-96866,33735,-70513,-2085
35184,-65536,-21504,-304128,55296,54056,-96010,33391,-75345,-1097
35189,-65536,-21504,-284672,154624,49648,-95192,33253,-78797,-579
35194,-65536,-21504,-268288,202752,45936,-94305,35227,-83596,-289
35199,-65536,-21504,-288768,151552,50576,-93475,16534,-59433,-155
35204,-114688,-21504,-313344,95232,45008,-92697,1399,-49088,-2309
35209,-114688,-21504,-346112,66560,52432,-91861,-15606,-23823,-1139
35214,-114688,-21504,-371712,118784,58232,-91039,-24912,-7895,-601
35219,-114688,-21504,-394240,159744,63336,-90155,-30087,3268,-317
35224,-114688,-21504,-436224,119808,72848,-89093,-45624,29379,-160
35229,-114688,-21504,-478208,58368,82360,-88064,-62755,57051,-88
35234,-114688,-21504,-491520,-16384,85376,-86970,-57855,56261,-47
35239,-349184,-9216,-445440,-37888,21808,-85905,-11406,-52691,-13769
35244,-349184,-9216,-429056,30720,18096,-85587,6735,-74226,-7226
35249,-359424,-9216,-433152,134144,16704,-85259,9282,-93662,-3991
35254,-359424,-9216,-422912,235520,14384,-84906,20160,-90682,-2097
35259,-359424,-9216,-456704,175104,22040,-84533,550,-63043,-1102
35264,-380928,-9216,-492544,90112,25288,-84145,-17144,-27275,-1459
35269,-385024,-9216,-534528,-36864,33872,-83656,-32806,-16978,-1007
35274,-385024,-9216,-555008,0,38512,-83139,-31865,-12762,-533
35279,-385024,-9216,-576512,63488,43384,-82545,-28561,-10767,-266
35284,-409600,-9216,-599040,89088,42920,-81789,-26587,-12282,-1583
35289,-409600,-9216,-635904,44032,51272,-81057,-32979,3194,-834
35294,-424960,-9216,-676864,-27648,58000,-80171,-42250,20079,-1025
35299,-424960,-9216,-688128,-63488,59624,-79307,-28205,8522,-541
35304,-424960,-9216,-718848,-18432,66584,-78354,-31992,20222,-287
35309,-472064,-9216,-751616,142336,63336,-77312,-33334,19358,-2019
35314,-472064,-9216,-779264,163840,69600,-76322,-34069,27347,-1063
35319,-472064,-9216,-794624,129024,73080,-75254,-26863,24689,-561
35324,-472064,-9216,-797696,-10240,73776,-73996,-10167,9947,-280
35329,-467968,-9216,-783360,-26624,71456,-72787,15157,-16488,75
35334,-467968,-9216,-796672,22528,74472,-71531,15628,-12687,36
35339,-456704,-9216,-852992,169984,89784,-70085,-18371,38070,462
35344,-456704,-9216,-861184,208896,91640,-68764,-21274,44150,239
35349,-456704,-9216,-870400,180224,93728,-67468,-28928,55188,122
35354,-436224,-9216,-885760,125952,98136,-65993,-28262,60405,820
35359,-436224,-9216,-821248,92160,87232,-64724,355,22153,427
35364,-436224,-9216,-792576,136192,80736,-63517,11222,5997,222
35369,-436224,-9216,-773120,204800,73544,-62242,23063,-11761,105
35374,-363520,-9216,-756736,159744,89088,-61068,13689,14331,4046
35379,-363520,-9216,-764928,69632,90944,-59760,-3317,34501,2118
35384,-346112,-9216,-710656,-120832,82592,-58352,23913,327,1687
35389,-346112,-9216,-663552,-123904,71920,-57151,44303,-29534,882
35394,-346112,-9216,-635904,-52224,65656,-55987,52886,-43217,459
35399,-322560,-9216,-618496,67584,69136,-54702,43833,-29399,1099
35404,-322560,-9216,-646144,193536,73312,-53506,23247,-3441,573
35409,-322560,-9216,-669696,142336,78648,-52332,-494,26810,297
35414,-322560,-9216,-676864,60416,80272,-51063,-14355,44724,141
35419,-325632,-9216,-654336,23552,74472,-49988,-2284,26768,-88
35424,-325632,-9216,-617472,61440,66120,-48962,16947,211,-50
35429,-328704,-9216,-591872,114688,59624,-47992,26322,-11981,-136
35434,-328704,-9216,-594944,82944,60320,-46957,14320,-957,-75
35439,-328704,-9216,-619520,2048,65888,-46013,-9100,28975,-43
35444,-328704,-9216,-654336,-87040,73776,-45060,-36272,54139,-26
35449,-328704,-9216,-636928,-130048,69832,-44004,-21401,47229,-16
35454,-328704,-9216,-630784,-48128,68440,-43040,-14872,40272,-15
35459,-328704,-9216,-617472,60416,65424,-42068,13322,5021,-15
35464,-325632,-9216,-586752,114688,59160,-41006,18898,-744,135
35469,-325632,-9216,-602112,62464,62640,-40034,5829,16777,68
35475,-322560,-9216,-619520,-3072,67280,-39070,-9915,42440,137
35480,-322560,-9216,-596992,-73728,62176,-38035,3947,20194,69
35485,-322560,-9216,-574464,-35840,57072,-37127,16902,3043,33
35490,-282624,-9216,-557056,26624,62176,-36108,26735,-667,1410
35495,-270336,-9216,-538624,45056,60784,-34977,35043,-9236,1330
35500,-270336,-9216,-553984,16384,64264,-33886,24039,6339,693
35505,-270336,-9216,-571392,-57344,68208,-32787,-5887,46755,337
35510,-276480,-9216,-602112,-179200,73776,-31564,-8216,50428,-125
35515,-276480,-9216,-599040,-204800,73080,-30459,-3294,45915,-70
35520,-279552,-9216,-591872,-97280,72152,-29258,-1263,44157,-138
35525,-279552,-9216,-579584,-50176,67976,-28182,11761,28033,-75
35530,-279552,-9216,-568320,-28672,65424,-27096,20654,17674,-43
35535,-289792,-9216,-565248,24576,62408,-25961,20287,16160,-360
35540,-289792,-9216,-559104,-10240,61016,-24928,23362,12726,-193
35545,-289792,-9216,-559104,-40960,61016,-23917,19851,17248,-105
35550,-289792,-9216,-585728,-98304,67048,-22835,-5657,49870,-56
35555,-289792,-9216,-574464,-138240,64496,-21898,-4051,46649,-33
35560,-289792,-9216,-552960,-178176,59624,-21002,4543,34079,-22
35565,-309248,-9216,-555008,-101376,55680,-20127,-2651,38204,-652
35570,-315392,-9216,-542720,-102400,51504,-19398,-494,32600,-624
35575,-315392,-9216,-522240,-108544,46864,-18667,11600,16597,-330
35580,-315392,-9216,-514048,1024,45008,-17875,14561,12572,-165
35585,-315392,-9216,-508928,-1024,43848,-17121,19713,7014,-90
35590,-315392,-9216,-506880,-9216,43384,-16342,24922,2120,-51
35595,-315392,-9216,-500736,54272,41992,-15473,31428,-4909,-29
35600,-349184,-9216,-523264,46080,39440,-14695,20298,4447,-1548
35605,-363520,-9216,-532480,31744,38280,-13912,21664,2704,-1712
35610,-363520,-9216,-555008,60416,43384,-13053,13344,16987,-844
35615,-363520,-9216,-569344,49152,46632,-12220,11887,22525,-447
35620,-363520,-9216,-571392,46080,47096,-11361,17843,17892,-239
35625,-363520,-9216,-577536,32768,48488,-10406,20241,17841,-121
35630,-649216,-12288,-583680,26624,-14848,-10204,19965,-45017,-12191
35635,-649216,-12288,-596992,21504,-11832,-10261,15467,-37560,-6398
35640,-649216,-12288,-661504,21504,2784,-10280,-25600,18104,-3150
35645,-649216,-12288,-685056,26624,8120,-10234,-33747,31633,-1656
35650,-1595392,-9216,-705536,33792,-201608,-10757,-36226,-176139,-56311
35655,-1595392,-9216,-768000,22528,-187456,-14038,-61550,-139944,-27690
35660,-1595392,-9216,-823296,37888,-174928,-16878,-78820,-112986,-14526
35665,-1595392,-9216,-896000,20480,-158456,-19485,-98556,-79385,-7621
35670,-1595392,-9216,-994304,-16384,-128992,-21989,-139704,-11277,-3750
35675,-2342912,-12288,-1131520,-41984,-274456,-25674,-156021,-144109,-33690
35680,-2368512,-12288,-1259520,-68608,-251256,-29733,-178132,-102857,-19172
35685,-2368512,-12288,-1396736,-107520,-215296,-33711,-197742,-51265,-9431
35690,-2342912,-21504,-1566720,-143360,-175856,-36717,-210089,-2484,-3931
35695,-2342912,-43008,-1719296,-145408,-141288,-39152,-216423,35983,-2066
35700,-2342912,-43008,-1872896,-148480,-106488,-41180,-216779,69111,-1020
35705,-2342912,-43008,-2016256,-132096,-74008,-42449,-207496,91039,-539
35710,-2342912,-43008,-2158592,-118784,-41760,-43200,-199154,114194,-286
35715,-2342912,-43008,-2277376,-116736,-12296,-43530,-177283,121457,-145
35720,-2342912,-58368,-2381824,-72704,8816,-43418,-149584,114982,-79
35725,-2318336,-64512,-2466816,-79872,33640,-42968,-127185,117857,1305
35730,-2318336,-64512,-2534400,-54272,52896,-42119,-109388,120165,638
35735,-2318336,-64512,-2597888,-73728,63336,-41121,-82411,104626,332
35740,-1849344,-79872,-2637824,-83968,178640,-39489,-65475,204626,25934
35745,-1849344,-79872,-2679808,-66560,188152,-36329,-52302,204125,12748
35750,-1735680,-101376,-2678784,-93184,213672,-33089,-23696,204279,11205
35755,-1735680,-101376,-2646016,-116736,206248,-29801,13895,162552,5873
35760,-1735680,-101376,-2624512,-86016,201376,-26322,26127,148927,2883
35765,-856064,-240640,-2574336,-102400,389296,-20606,48170,320520,34314
35770,-616448,-308224,-2503680,-114688,427576,-14563,71808,341205,31156
35775,-616448,-308224,-2412544,-111616,406928,-7631,95835,303462,15315
35780,-616448,-308224,-2294784,-92160,380248,-1746,122468,256034,8028
35785,-616448,-308224,-2161664,-88064,350088,3678,145245,208521,4206
35790,-616448,-308224,-1987584,-138240,310648,9057,173484,146221,2065
35795,-616448,-308224,-1820672,-185344,272832,13377,196296,89913,1080
35800,-616448,-308224,-1677312,-204800,240352,17193,198407,59138,563
35805,-616448,-308224,-1506304,-274432,201608,20807,205625,16790,273
35810,-10240,-787456,-1387520,-288768,312040,25498,199990,137548,22749
35815,0,-855040,-1276928,-305152,289304,29986,180725,138565,12455
35820,0,-855040,-1139712,-303104,258216,34485,175515,117186,6119
35825,0,-855040,-1015808,-307200,230144,38159,175882,92421,3206
35830,0,-831488,-917504,-321536,207872,41452,160782,88542,1679
35835,0,-831488,-798720,-329728,180960,44665,155882,69743,822
35840,0,-824320,-699392,-358400,158456,47240,151327,54369,427
35845,0,-824320,-590848,-431104,133864,49491,157144,26211,222
35850,0,-824320,-512000,-498688,116000,51620,145693,21927,105
35855,0,-824320,-446464,-561152,101152,53281,129364,25069,52
35860,0,-824320,-400384,-629760,90712,54719,104682,-4766,22
35865,0,-824320,-304128,-667648,68904,56074,118509,6469,9
35870,0,-816128,-267264,-714752,60552,57184,104889,12847,0
35875,0,-808960,-251904,-764928,57072,58199,85451,27583,0
35880,0,-808960,-215040,-750592,48720,59210,79415,28515,0
35885,0,-808960,-205824,-770048,46632,60078,65611,41099,0
35890,3072,-801792,-195584,-793600,42688,60957,59817,43828,137
35895,3072,-801792,-177152,-732160,40832,61714,51520,51026,69
35900,3072,-808960,-162816,-746496,37584,62421,48801,51204,33
35905,3072,-808960,-156672,-757760,35032,63120,41251,56901,13
35910,76800,-816128,-133120,-701440,47560,63727,42238,69049,4611
35915,76800,-816128,-110592,-722944,42456,64500,46345,60611,2414
35920,125952,-816128,-91136,-735232,49184,65349,46116,68417,3407
35925,125952,-816128,-67584,-744448,43848,66116,47332,62632,1783
35930,125952,-816128,-46080,-754688,38976,66789,45864,59901,932
35935,202752,-808960,17408,-800768,41992,67532,70993,38531,3930
35940,237568,-816128,51200,-827392,42224,68242,73873,36593,4233
35945,237568,-816128,83968,-856064,34800,68934,74217,29517,2217
35950,246784,-808960,121856,-918528,28304,69576,73345,24535,1477
35955,272384,-816128,148480,-941056,28072,70070,68537,29605,2371
35960,272384,-816128,172032,-947200,22736,70515,60540,32711,1239
35965,272384,-816128,220160,-998400,11832,70858,66736,15954,605
35970,272384,-816128,235520,-1008640,8352,71064,53815,25601,313
35975,272384,-816128,273408,-1026048,-232,71166,57854,13080,160
35980,314368,-773120,282624,-962560,7192,71284,37590,40886,1856
35985,321536,-746496,287744,-944128,7656,71387,22891,56152,1391
35990,321536,-746496,295936,-918528,5800,71473,15662,61611,726
35995,321536,-746496,326656,-803840,-1160,71512,25886,44466,354
36000,321536,-746496,343040,-777216,-4872,71522,29707,36943,182
36005,321536,-746496,361472,-755712,-9048,71500,35835,11452,85
36010,405504,-676864,389120,-740352,3712,71627,46495,28844,3604
36015,432128,-676864,403456,-748544,6496,71829,49639,28686,3447
36020,432128,-676864,407552,-760832,7888,72071,32186,47773,1691
36025,432128,-676864,391168,-848896,9280,72258,17888,63650,884
36030,620544,-683008,395264,-864256,51040,72515,9914,113641,11501
36035,620544,-683008,401408,-960512,49648,73296,1801,121143,5652
36040,670720,-683008,429056,-963584,54752,74073,10143,118682,4956
36045,670720,-683008,457728,-962560,48256,74817,18405,104668,2595
36050,670720,-683008,507904,-887808,36888,75524,37281,75131,1272
36055,689152,-683008,559104,-862208,29464,76115,57545,48034,1396
36060,683008,-683008,589824,-834560,21112,76601,57820,39893,390
36065,683008,-683008,635904,-713728,10672,76964,62731,24905,188
36070,683008,-683008,660480,-689152,5104,77171,54286,27989,96
36075,683008,-683008,688128,-678912,-1160,77258,48342,27756,47
36080,683008,-683008,685056,-661504,-464,77237,19346,57427,20
36085,569344,-665600,713728,-681984,-32712,76785,16684,27389,-4515
36090,479232,-625664,736256,-702464,-58232,76081,12690,5159,-7321
36095,479232,-625664,758784,-806912,-63336,74988,10407,1245,-3602
36100,479232,-625664,768000,-812032,-65424,73953,4084,4445,-1892
36105,479232,-625664,768000,-834560,-65424,72919,-2812,10307,-996
36110,479232,-625664,744448,-900096,-60088,71815,-20643,32370,-493
36115,342016,-545792,729088,-898048,-87696,70431,-27482,10217,-5379
36120,301056,-475136,707584,-883712,-92104,69030,-33587,10513,-5074
36125,301056,-475136,692224,-834560,-88624,67472,-29674,8522,-2498
36130,301056,-475136,671744,-790528,-83984,66143,-28721,10880,-1313
36135,305152,-419840,651264,-752640,-78416,64920,-25956,12460,-481
36140,305152,-419840,651264,-708608,-78416,63677,-5221,-9518,-240
36145,324608,-409600,625664,-706560,-68208,62713,-4579,-916,597
36150,324608,-409600,605184,-711680,-63568,61851,240,-1957,310
36155,324608,-409600,565248,-743424,-54520,61013,-7734,14227,149
36160,324608,-369664,522240,-737280,-44776,60365,-18589,34178,74
36165,321536,-348160,498688,-750592,-40136,59779,-26105,48708,-115
36170,321536,-348160,477184,-751616,-35264,59202,-16490,40428,-63
36175,321536,-348160,463872,-745472,-32248,58721,-13082,39555,-37
36180,311296,-308224,448512,-740352,-31088,58260,-2318,26191,-517
36185,311296,-308224,462848,-659456,-34336,57750,5737,17677,-274
36190,311296,-308224,457728,-659456,-33176,57308,8146,15986,-146
36195,311296,-308224,453632,-658432,-32248,56859,18175,4580,-75
36200,311296,-308224,448512,-549888,-31088,56499,16282,9129,-43
36205,281600,-294912,460800,-564224,-40600,56058,32048,-16590,-1065
36210,272384,-294912,446464,-570368,-39440,55624,28720,-30128,-945
36215,272384,-294912,452608,-499712,-40832,55143,36833,-22522,-500
36220,272384,-294912,441344,-512000,-38280,54763,35399,-18916,-266
36225,221184,-228352,422912,-505856,-45704,54329,26414,-17626,-2452
36230,221184,-228352,413696,-484352,-43616,53759,26299,-16156,-1290
36235,211968,-208896,397312,-465920,-41992,53255,20298,-9035,-1003
36240,211968,-208896,388096,-444416,-39904,52762,20780,-9144,-497
36245,184320,-150528,378880,-430080,-44080,52209,13918,-5789,-1992
36250,184320,-150528,355328,-387072,-38744,51651,986,11921,-1049
36255,184320,-141312,348160,-349184,-37120,51124,-8721,25690,-521
36260,184320,-141312,317440,-324608,-30160,50591,-14745,35176,-278
36265,184320,-141312,311296,-306176,-28768,50159,-10660,32051,-150
36270,181248,-141312,297984,-286720,-23200,49743,-20058,46601,-217
36275,184320,-138240,274432,-286720,-20416,49414,-16444,45442,74
36280,184320,-138240,265216,-323584,-18328,49166,-10615,41453,36
36285,187392,-138240,238592,-320512,-11600,48970,-16363,53733,144
36290,205824,-132096,234496,-368640,-6496,48832,-10121,52457,1225
36295,205824,-132096,237568,-399360,-7192,48798,2662,38944,639
36300,246784,-125952,229376,-395264,3944,48862,2903,49903,2050
36305,259072,-119808,234496,-374784,5568,48966,8823,45711,1839
36310,259072,-119808,233472,-326656,5800,49079,4532,50821,900
36315,337920,-70656,220160,-327680,26680,49390,-4579,80649,3813
36320,358400,-64512,227328,-270336,29696,49764,-1607,81067,3196
36325,358400,-64512,221184,-211968,31088,50216,-1182,79934,1568
36330,358400,-64512,229376,-217088,29232,50583,-9869,89684,819
36335,458752,-49152,241664,-175104,49184,50976,-8480,108640,6306
36340,458752,-49152,242688,-174080,48952,51665,-17109,117726,3096
36345,545792,-46080,272384,-165888,61944,52420,-7367,121731,5313
36350,545792,-46080,310272,-138240,53360,53193,6242,100311,2782
36355,545792,-46080,332800,-153600,48256,53956,5829,96383,1365
36360,545792,-46080,374784,-138240,38744,54529,16615,76658,713
36365,707584,-39936,416768,-143360,65888,55113,26621,94380,9849
36370,707584,-39936,442368,-146432,60088,56136,22868,93356,4838
36375,707584,-39936,504832,-166912,45936,56925,44406,58455,2533
36380,707584,-39936,559104,-182272,33640,57614,61331,29923,1323
36385,707584,-39936,589824,-192512,26680,58220,55628,29272,646
36390,1003520,-39936,626688,-210944,85376,59465,58371,86470,12107
36396,1003520,-39936,664576,-231424,76792,60791,61595,75988,6346
36401,1003520,-39936,697344,-246784,69368,62082,55101,76349,3116
36406,1734656,-39936,750592,-252928,222952,65109,67401,220660,30716
36411,1734656,-39936,787456,-210944,214600,68477,62031,221046,16106
36416,1734656,-39936,860160,-216064,198128,71926,71750,198304,7916
36421,1734656,-39936,953344,-173056,177016,74757,89513,162260,4148
36426,2472960,-36864,1059840,-134144,320160,78001,105910,292251,42729
36431,2472960,-36864,1175552,-157696,293944,83066,111234,265776,21006
36436,2527232,-36864,1301504,-160768,277704,87392,121952,243144,13037
36441,2668544,-36864,1451008,-152576,275848,91390,138659,228579,14596
36446,2668544,-36864,1609728,-188416,239888,95582,148951,186519,7171
36451,2668544,-36864,1790976,-192512,198824,98824,171924,125724,3756
36456,2611200,-43008,1941504,-123904,151728,101486,170948,87389,-1111
36461,2611200,-43008,2099200,-146432,116000,103627,160587,59040,-585
36466,2472960,-46080,2266112,-121856,46864,104599,170696,-19233,-5466
36471,2148352,-46080,2386944,-101376,-55448,104529,147437,-98356,-18363
36476,2148352,-46080,2491392,-124928,-77720,103404,120437,-94753,-9634
36481,2148352,-46080,2562048,-131072,-93728,101985,94126,-85869,-5055
36486,1561600,-43008,2611200,-147456,-237800,99189,48319,-183914,-30818
36491,1561600,-43008,2634752,-162816,-243136,95433,30281,-177984,-16166
36496,1324032,-21504,2649088,-182272,-300208,90965,18600,-227843,-17341
36501,1324032,-21504,2621440,-214016,-289072,86120,-14183,-188769,-8530
36506,1324032,-21504,2526208,-238592,-272368,81984,-39117,-151267,-4477
36511,839680,-18432,2414592,-212992,-356816,76521,-71418,-208877,-19287
36516,746496,-18432,2272256,-187392,-346608,70772,-104431,-171405,-13985
36521,746496,-18432,2111488,-99328,-309256,65843,-144707,-98706,-7337
36526,746496,-18432,1965056,-76800,-276080,61387,-161391,-53302,-3852
36531,574464,-18432,1806336,-115712,-279096,56726,-167759,-54611,-9685
36536,574464,-18432,1654784,-200704,-244760,52765,-173462,-18533,-5083
36541,574464,-18432,1490944,-236544,-207640,49333,-184283,25976,-2670
36546,574464,-18432,1328128,-260096,-170752,46096,-187817,63161,-1317
36551,574464,-18432,1189888,-165888,-139432,43599,-191477,95644,-694
36556,574464,-18432,1082368,-96256,-115072,41483,-181540,107951,-368
36561,527360,-18432,1003520,-188416,-107880,39472,-148275,79867,-2317
36566,527360,-18432,945152,-267264,-94656,37870,-118832,62046,-1218
36571,527360,-18432,873472,-244736,-78416,36518,-107816,65918,-644
36576,527360,-18432,790528,-222208,-59624,35272,-108814,84462,-320
36581,409600,-18432,746496,-106496,-76328,34265,-97030,54967,-7532
36586,409600,-18432,719872,-92160,-70296,33069,-76192,38965,-3954
36591,409600,-18432,685056,-183296,-62408,31944,-63306,32842,-1948
36596,285696,-18432,645120,-250880,-81432,31017,-57569,7154,-8769
36601,285696,-18432,589824,-184320,-68904,29796,-70386,31278,-4602
36606,285696,-18432,537600,-147456,-57072,28561,-82032,53521,-2266
36611,122880,-12288,515072,-88064,-88856,27477,-77431,16052,-11369
36616,122880,-12288,534528,-202752,-93264,26010,-39599,-27655,-5966
36621,70656,-9216,503808,-254976,-98136,24418,-33208,-40510,-5154
36626,70656,-9216,429056,-196608,-81200,23017,-62583,4400,-2706
36631,70656,-9216,373760,-116736,-68672,21721,-79405,32454,-1423
36636,70656,-9216,372736,-72704,-68440,20507,-46105,-1828,-704
36641,70656,-9216,338944,-118784,-60784,19636,-32049,-9099,-372
36646,70656,-9216,240640,-74752,-38512,18983,-60850,41321,-198
36651,24576,-9216,185344,54272,-36424,18324,-59359,41259,-2056
36656,24576,-9216,139264,108544,-25984,17867,-55710,47593,-1082
36661,24576,-9216,131072,55296,-24128,17608,-21779,15259,-570
36666,58368,-9216,95232,32768,-8352,17600,-6116,15364,1149
36671,58368,-9216,13312,100352,10208,17774,-33024,61006,599
36676,58368,-9216,-31744,200704,20416,18025,-40873,79314,311
36681,58368,-9216,-56320,191488,25984,18411,-35285,79680,150
36686,55296,-9216,-30720,101376,19488,18859,4486,33861,-105
36691,55296,-9216,-54272,55296,24824,19376,6678,37522,-59
36696,21504,-9216,-98304,8192,27144,19826,-16776,63746,-1378
36701,21504,-9216,-112640,108544,30392,20150,-28859,79401,-726
36706,21504,-9216,-82944,121856,23664,20433,-12898,56995,-384
36711,3072,-6144,-74752,16384,17632,20685,-12714,51031,-926
36716,0,-9216,-29696,-105472,6728,20839,14779,12788,-659
36721,0,-9216,-35840,-164864,8120,20925,1124,27921,-349
36726,0,-9216,-32768,-198656,7424,20940,-9008,37372,-175
36731,0,-6144,-19456,-136192,4408,20883,-11957,37248,-95
36736,0,-6144,-3072,-104448,696,20763,-12898,34357,-54
36741,0,-6144,12288,-123904,-2784,20610,-10775,28601,-30
36746,0,-6144,35840,-206848,-8120,20445,68,12257,-20
36751,0,-6144,35840,-217088,-8120,20301,-815,12996,-15
36756,0,-6144,49152,-92160,-11136,20127,8376,615,-15
36761,0,4096,38912,-19456,-8816,19991,1904,9271,-15
36766,0,4096,35840,-16384,-8120,19862,149,11593,-15
36771,0,4096,49152,10240,-11136,19781,15720,-7075,-15
36776,0,13312,37888,-11264,-8584,19781,17647,-6450,-15
36781,0,13312,4096,62464,-928,19845,4647,14270,-15
36786,0,13312,-26624,154624,6032,19957,-7046,33035,-15
36791,0,25600,-40960,188416,9280,20153,-4246,33679,-15
36796,0,25600,-46080,145408,10440,20428,6850,24018,-15
36801,0,83968,-107520,90112,24360,20843,-20345,65548,-15
36806,0,96256,-136192,62464,30856,21312,-23558,75726,-15
36811,0,96256,-162816,89088,36888,21846,-26220,84954,-15
36816,0,117760,-212992,56320,48256,22498,-47219,117973,-15
36821,0,166912,-233472,121856,52896,23119,-51556,127571,-15
36826,0,166912,-240640,156672,51272,23829,-36306,111407,-15
36831,0,219136,-226304,122880,51272,24457,-32783,108512,-15
36836,0,219136,-211968,158720,48024,25067,-22261,95352,-15
36841,0,219136,-196608,184320,39208,25738,7010,57936,-15
36846,0,219136,-164864,270336,37352,26369,15318,48403,-15
36851,0,312320,-181248,311296,41064,27025,6414,61675,-15
36856,0,312320,-169984,360448,38512,27696,18129,38638,-15
36861,0,312320,-157696,430080,35728,28412,25909,38231,-15
36866,0,312320,-160768,451584,36424,29088,24590,40922,-15
36871,0,312320,-168960,460800,38280,29750,-6197,81255,-15
36876,0,429056,-197632,453632,44776,30462,-7448,82686,-15
36881,0,429056,-187392,474112,42456,31059,-6025,79540,-15
36886,0,429056,-194560,436224,44080,31665,-19416,95161,-15
36891,0,429056,-165888,468992,37584,32132,-9501,79217,-15
36896,0,429056,-139264,499712,31552,32527,-2720,66799,-15
36901,0,429056,-112640,543744,25520,32904,21939,41821,3057
36906,49152,501760,-58368,545792,24360,33302,26965,30697,1599
36911,49152,501760,-20480,584704,15776,33619,38520,10875,835
36916,49152,501760,11264,607232,29928,33898,58302,5524,7703
36921,165888,510976,60416,622592,23896,34483,64705,-6326,4035
36926,165888,510976,80896,627712,19256,35025,68331,-14050,2112
36931,165888,510976,95232,651264,34336,35561,62915,6982,6092
36936,246784,452608,119808,672768,28768,36227,67826,-2831,3192
36941,259072,448512,144384,690176,25984,36832,67746,-4930,2227
36946,259072,448512,169984,713728,22504,37390,55387,4507,1091
36951,259072,448512,189440,782336,15776,37780,54573,-1017,568
36956,278528,402432,229376,771072,11136,38101,61297,-12060,1173
36961,278528,402432,271360,717824,6032,38360,49880,-5488,381
36966,275456,388096,271360,700416,928,38492,44785,-5365,196
36971,275456,388096,277504,714752,-464,38563,31612,6487,99
36976,275456,388096,284672,729088,2784,38573,5209,36148,45
36981,275456,388096,283648,732160,-1856,38556,11164,25536,20
36986,275456,373760,311296,703488,-8120,38512,24452,5940,8
36991,275456,373760,333824,672768,-10208,38442,24750,3484,0
36996,275456,373760,317440,587776,-9512,38408,21583,7313,0
37001,275456,373760,292864,600064,-3944,38415,6460,28011,0
37006,355328,332800,235520,614400,27144,38528,-29731,95403,4680
37011,355328,332800,212992,640000,32248,38884,-39944,111076,2451
37016,355328,332800,201728,659456,34800,39265,-41699,115764,1281
37021,355328,332800,206848,641024,35496,39699,-39462,114657,627
37026,355328,332800,214016,534528,32016,40052,-28090,100158,324
37031,455680,306176,249856,505856,46632,40592,-6966,94190,4425
37036,466944,302080,274432,543744,43616,41247,1675,83188,2833
37041,466944,302080,330752,578560,30856,41730,24578,48008,1482
37046,466944,302080,411648,564224,12528,42060,59472,-4884,774
37051,545792,276480,462848,541696,18792,42285,59954,1123,4709
37056,545792,276480,457728,592896,19952,42586,27252,35286,2466
37061,545792,276480,479232,601088,15080,42789,19311,38558,1290
37066,545792,276480,561152,496640,-3480,42882,56087,-16685,630
37071,545792,276480,600064,451584,-12296,42858,62834,-32272,327
37076,540672,276480,590848,464896,-11368,42761,23465,11396,-46
37081,536576,276480,539648,570368,-696,42640,-13518,55462,-253
37086,536576,276480,527360,575488,2088,42479,-31751,76318,-136
37091,536576,276480,541696,576512,-1160,42285,-25417,66078,-71
37096,536576,276480,545792,518144,-2088,42087,-28882,68881,-41
37101,536576,276480,559104,556032,-5104,41888,-22399,59183,-26
37106,536576,276480,558080,579584,-4872,41696,-23099,59923,-15
37111,536576,276480,572416,635904,-8120,41526,-11946,45352,-15
37116,536576,276480,593920,658432,-12992,41381,6655,21734,-15
37121,536576,276480,584704,611328,-10904,41229,1101,29224,-15
37126,536576,276480,595968,630784,-13456,41103,10820,16827,-15
37131,536576,276480,600064,645120,-14384,40976,14320,12272,-15
37136,536576,276480,593920,668672,-9048,40811,-5210,36973,-15
37141,536576,276480,594944,686080,-13224,40627,5025,22378,-15
37146,536576,276480,595968,676864,-13456,40422,2386,24580,-15
37151,536576,276480,586752,638976,-14384,40170,1629,24157,-15
37156,536576,276480,590848,570368,-12296,39914,-9272,36890,-15
37161,536576,276480,581632,541696,-10208,39663,-18062,47517,-15
37166,416768,273408,583680,494592,-37816,38982,-17281,18447,-4201
37171,409600,273408,574464,501760,-37352,38339,-22387,23374,-2576
37176,409600,273408,567296,532480,-35728,37729,-22319,24320,-1355
37181,384000,273408,549888,568320,-37584,37029,-27517,26962,-1566
37186,348160,273408,546816,615424,-45008,36387,-20345,11724,-2671
37191,348160,273408,540672,657408,-43616,35725,-14218,6327,-1405
37196,331776,267264,537600,697344,-45008,35016,-8079,-1913,-1266
37201,311296,216064,522240,700416,-47792,34405,11,-13398,-1656
37206,311296,216064,501760,697344,-43152,33831,68,-9389,-871
37211,311296,216064,491520,666624,-40832,33256,7515,-15091,-433
37216,321536,212992,465920,644096,-32712,32832,3924,-3804,264
37221,321536,212992,440320,611328,-26912,32486,-482,6056,135
37226,324608,219136,398336,568320,-22040,32155,-2020,12135,170
37231,324608,219136,399360,519168,-16936,31910,-7826,22800,85
37236,324608,219136,381952,492544,-12992,31680,-13391,32079,42
37241,324608,232448,371712,487424,-13688,31455,-4395,22162,16
37246,324608,232448,369664,477184,-10208,31282,-9949,31023,6
37251,324608,232448,357376,493568,-7424,31149,-12416,36141,0
37256,324608,232448,333824,526336,-2088,31048,-22101,51061,0
37261,324608,232448,323584,558080,232,31002,-22445,53679,0
37266,324608,232448,322560,583680,464,30991,-15319,46774,0
37271,324608,232448,304128,621568,4640,31021,-20586,56247,0
37276,308224,238592,314368,647168,-1392,31028,-7493,37129,-743
37281,308224,238592,342016,653312,-7656,31021,16775,6590,-394
37286,301056,238592,339968,662528,-8816,30955,14239,7900,-433
37291,305152,235520,350208,671744,-10208,30912,22662,-1958,-45
37296,305152,235520,351232,677888,-10440,30865,23396,-2971,-28
37301,305152,235520,351232,643072,-10440,30812,23557,-3185,-17
37306,311296,241664,340992,638976,-6728,30784,17670,6386,265
37311,327680,238592,323584,630784,928,30797,7710,24015,1159
37316,327680,238592,304128,595968,5336,30911,-723,36970,566
37321,342016,235520,285696,588800,12760,31095,-6334,50189,942
37326,342016,235520,276480,574464,14848,31346,-4085,50279,491
37331,342016,235520,252928,543744,20184,31663,-12382,64229,238
37336,391168,194560,240640,524288,34104,32094,-13093,79291,2346
37341,391168,194560,223232,515072,38048,32619,-18681,89348,1226
37346,391168,194560,215040,503808,39904,33236,-17121,90261,599
37351,391168,194560,215040,496640,39904,33803,-12818,86525,311
37356,405504,157696,216064,504832,45008,34442,-16249,95699,990
37361,405504,157696,208896,522240,44544,35041,-15537,95122,517
37366,405504,157696,215040,531456,43152,35608,-14849,93609,267
37371,405504,157696,222208,536576,41528,36193,-15227,92948,128
37376,405504,157696,232448,533504,39208,36673,-14986,90867,64
37381,405504,160768,225280,529408,40832,37129,-26541,104502,30
37386,405504,160768,267264,493568,31320,37609,91,68838,12
37391,405504,160768,277504,482304,29000,37993,539,66454,2
37396,405504,160768,292864,461824,25520,38340,4601,59259,0
37401,409600,157696,357376,460800,11832,38647,40402,10077,225
37406,409600,157696,362496,475136,10672,38890,33150,16412,114
37411,409600,157696,382976,471040,6032,39075,36638,8469,56
37416,409600,157696,415744,536576,-1392,39224,48296,-10464,24
37421,409600,157696,418816,536576,-2088,39356,43362,-6094,10
37426,409600,157696,411648,539648,-464,39479,32794,6221,0
37431,405504,120832,396288,466944,2088,39575,15284,26379,-225
37436,405504,120832,377856,418816,6264,39662,-1217,47143,-121
37441,405504,105472,384000,378880,4872,39729,229,45369,-63
37446,405504,105472,395264,329728,2320,39784,5576,36528,-37
37451,405504,105472,393216,358400,2784,39821,1468,41137,-24
37456,355328,71680,404480,384000,-11136,39732,9971,26973,-1886
37461,334848,74752,394240,497664,-13456,39579,3063,23060,-2047
37467,334848,74752,378880,500736,-9976,39418,-6048,35490,-1078
37472,334848,74752,367616,497664,-7424,39271,-12668,59180,-534
37477,234496,62464,339968,475136,-23896,39008,-27643,42755,-5452
37482,234496,62464,328704,423936,-21344,38569,-30925,48150,-2864
37487,208896,62464,312320,390144,-23432,38092,-36845,28874,-2366
37492,175104,59392,322560,422912,-33408,37539,-21160,25291,-2985
37497,175104,59392,316416,445440,-32016,37006,-17534,22524,-1570
37502,175104,59392,311296,488448,-30856,36534,-10821,-647,-776
37507,119808,34816,312320,578560,-43616,36022,3706,-11300,-3257
37512,119808,34816,292864,563200,-39208,35547,6127,-9788,-1712
37517,101376,25600,250880,527360,-33872,35139,-31418,41463,-1490
37522,101376,25600,176128,390144,-16936,34821,-34287,52172,-785
37527,101376,25600,142336,343040,-9280,34630,-37063,62413,-415
37532,61440,28672,114688,307200,-12064,34377,-25658,45187,-1605
37537,49152,31744,109568,262144,-13688,34195,-19588,40095,-1438
37542,49152,31744,98304,287744,-11136,34065,-10408,33337,-757
37547,49152,31744,75776,330752,-6032,34000,-3994,29862,-375
37552,3072,77824,60416,375808,-12992,33910,-7918,28836,-2424
37557,3072,77824,37888,391168,-7888,33810,-11314,37236,-1275
37562,0,87040,5120,379904,-1160,33746,-22433,55019,-738
37567,0,87040,-22528,386048,5104,33724,-32921,71749,-390
37572,0,87040,-48128,392192,10904,33741,-42043,86688,-210
37577,0,105472,-40960,416768,9280,33815,-24407,67502,-106
37582,0,108544,-47104,451584,10672,33911,-19932,64515,-60
37587,0,108544,-58368,491520,13224,34044,-19702,66970,-35
37592,0,108544,-27648,533504,6264,34224,11704,28784,-22
37597,0,108544,-34816,546816,7888,34431,14435,27884,-15
37602,0,108544,-45056,550912,10208,34654,12002,32860,-15
37607,0,108544,-35840,545792,8120,34910,21905,21125,-15
37612,-4096,139264,-40960,546816,8352,35142,19334,24160,-198
37617,-4096,139264,-44032,551936,9048,35360,16580,27828,-107
37622,-4096,139264,-69632,538624,14848,35574,-5830,56252,-57
37627,-59392,154624,-66560,545792,1624,35625,-7711,44960,-2535
37632,-59392,154624,-53248,550912,-1392,35547,-5233,39388,-1334
37637,-59392,154624,-43008,513024,-3712,35417,-5715,37420,-660
37642,-173056,216064,-26624,506880,-33176,35015,-2100,3939,-5494
37647,-247808,302080,-17408,489472,-52200,34409,-2089,-15702,-7557
37652,-247808,302080,-10240,479232,-53824,33497,195,-20522,-3720
37657,-306176,315392,-12288,478208,-66584,32574,218,-34228,-4597
37662,-306176,315392,-20480,483328,-64728,31636,1468,-34560,-2414
37667,-306176,315392,-52224,528384,-57536,30704,-8549,-18283,-1191
37672,-399360,349184,-79872,551936,-72384,29789,-10270,-32325,-4846
37677,-433152,366592,-122880,584704,-70296,28858,-19622,-21816,-4658
37682,-433152,366592,-163840,681984,-61016,27860,-23087,-10069,-2295
37687,-433152,366592,-200704,705536,-52664,27097,-23030,-2537,-1207
37692,-484352,420864,-242688,719872,-54752,26459,-24786,-3507,-3836
37697,-484352,420864,-276480,740352,-47096,25710,-20081,-1305,-1890
37702,-510976,424960,-319488,736256,-43384,25108,-23615,5339,-2124
37707,-524288,436224,-365568,740352,-35960,24590,-19255,4810,-1829
37712,-524288,436224,-405504,700416,-26912,24110,-31269,28467,-963
37717,-532480,459776,-442368,700416,-20416,23784,-32198,35566,-857
37722,-561152,480256,-470016,677888,-20648,23523,-24074,26949,-1999
37727,-561152,480256,-506880,695296,-12296,23319,-27941,38964,-1052
37732,-570368,497664,-544768,717824,-5800,23181,-23110,37462,-888
37737,-570368,497664,-586752,750592,3712,23119,-44017,70848,-469
37742,-570368,497664,-616448,766976,10440,23133,-48825,82398,-250
37747,-570368,497664,-644096,798720,16704,23185,-56616,83329,-127
37752,-616448,595968,-653312,805888,8352,23262,-49112,80726,-2602
37757,-616448,595968,-661504,807936,10208,23226,-47471,80905,-1368
37762,-616448,595968,-675840,815104,13456,23226,-50753,58187,-675
37767,-616448,595968,-662528,754688,10440,23259,-32761,66460,-358
37772,-616448,595968,-669696,748544,12064,23308,-32646,68018,-191
37777,-616448,654336,-672768,762880,12760,23390,-29215,65365,-99
37782,-616448,649216,-660480,705536,9976,23511,-13460,46947,-56
37787,-616448,649216,-657408,726016,9280,23639,-6793,39712,-33
37792,-616448,637952,-672768,768000,12760,23820,-10775,47355,-21
37797,-616448,637952,-683008,803840,15080,24065,-9616,48761,-15
37802,-616448,637952,-692224,852992,17168,24339,-6977,48484,-15
37807,-616448,637952,-698368,919552,18560,24672,-3110,46342,-15
37812,-616448,637952,-700416,941056,19024,25021,4050,39995,-15
37817,-616448,637952,-702464,963584,19488,25384,8881,35991,-15
37822,-616448,561152,-694272,971776,17632,25799,20447,22984,-15
37827,-616448,561152,-698368,954368,18560,26207,23167,21600,-15
37832,-616448,561152,-721920,952320,23896,26643,11933,38606,-15
37837,-616448,561152,-706560,923648,20416,27112,26276,21252,-15
37842,-616448,561152,-717824,893952,22968,27548,19931,30585,-15
37847,-616448,561152,-723968,835584,24360,27959,14320,37999,-15
37852,-616448,541696,-710656,789504,21344,28374,19885,29833,-15
37857,-616448,546816,-721920,739328,23896,28732,7263,45365,-15
37862,-616448,546816,-730112,695296,25752,29053,-5026,59831,-15
37867,-616448,546816,-709632,686080,21112,29381,3625,46868,-15
37872,-621568,550912,-692224,675840,16008,29628,9122,36514,-261
37877,-621568,550912,-694272,742400,16472,29873,3729,42616,-141
37882,-626688,556032,-684032,750592,12992,30108,7779,35321,-252
37887,-626688,556032,-700416,775168,16704,30321,-5853,52878,-136
37892,-626688,556032,-707584,750592,18328,30534,-12095,60957,-75
37897,-626688,556032,-703488,712704,17400,30775,-9088,57263,-41
37902,-637952,565248,-696320,746496,13224,30976,-4235,48435,-569
37907,-637952,565248,-685056,840704,10672,31175,5702,44262,-284
37912,-637952,565248,-683008,868352,10208,31410,10109,31509,-153
37917,-654336,570368,-699392,906240,10208,31587,-1481,43276,-874
37922,-654336,570368,-705536,860160,11600,31722,-7034,50356,-462
37927,-654336,570368,-706560,845824,11832,31862,-9628,53322,-231
37932,-666624,565248,-688128,798720,4872,31968,3304,33536,-718
37937,-666624,565248,-699392,795648,7424,32071,-3695,43190,-380
37942,-677888,585728,-709632,803840,7192,32132,-11108,50432,-559
37947,-677888,585728,-702464,752640,5568,32176,-7631,45375,-298
37952,-677888,585728,-659456,747520,-4176,32246,26058,17393,-1686
37957,-702464,632832,-675840,779264,-6032,32272,19024,7216,-888
37962,-714752,643072,-723968,832512,2088,32310,-9146,43544,-1026
37967,-714752,643072,-782336,860160,13920,32362,-35262,81544,-124
37972,-708608,702464,-784384,835584,17168,32424,-43937,93529,-69
37977,-708608,702464,-751616,850944,9744,32520,-16857,59121,-40
37982,-708608,702464,-709632,869376,2320,32708,16810,18218,-24
37987,-708608,702464,-728064,861184,4408,32940,22352,14996,-15
37992,-684032,720896,-802816,780288,26912,33209,-26886,87007,1098
37997,-666624,720896,-829440,738304,36888,33541,-44637,115066,1556
38002,-666624,720896,-798720,741376,29928,33895,-22250,86073,813
38007,-666624,720896,-755712,849920,20184,34319,15628,38875,422
38012,-601088,714752,-728064,920576,28768,34860,44223,19405,4044
38017,-601088,714752,-812032,1014784,47792,35556,-11590,94938,2117
38022,-570368,696320,-834560,959488,59856,36264,-30523,126643,2410
38027,-570368,696320,-843776,932864,61944,37083,-39967,138994,1181
38032,-570368,696320,-775168,909312,46400,37824,7355,76869,617
38037,-541696,684032,-722944,929792,41064,38672,49811,29925,1537
38042,-532480,649216,-776192,951296,49648,39616,29007,60257,1291
38047,-532480,649216,-788480,927744,58000,40438,-3592,102030,674
38052,-532480,649216,-778240,870400,55680,41173,-8595,105448,350
38057,-532480,611328,-713728,882688,46632,41915,5679,82868,169
38062,-532480,611328,-665600,910336,30160,42548,48445,24263,85
38067,-528384,606208,-634880,1002496,24128,43124,59759,7493,215
38072,-528384,595968,-674816,1068032,33176,43579,30843,40386,103
38077,-528384,595968,-650240,1010688,27608,43955,8697,62866,51
38082,-528384,595968,-629760,926720,22968,44214,3511,63671,24
38087,-528384,595968,-588800,884736,13688,44431,17762,56958,9
38092,-528384,595968,-565248,907264,8352,44649,24027,28974,0
38097,-528384,524288,-553984,922624,5800,44848,28078,22570,0
38102,-524288,497664,-556032,922624,7192,45030,20769,31453,225
38107,-524288,497664,-584704,808960,13688,45190,-4900,63778,114
38112,-524288,497664,-584704,712704,13688,45337,-8939,67964,56
38117,-436224,420864,-562176,719872,30856,45596,-1584,78036,4861
38122,-436224,420864,-563200,766976,28768,46067,6379,68456,2546
38127,-436224,420864,-562176,855040,28536,46516,5347,69705,1332
38132,-338944,349184,-546816,864256,46632,47136,16752,77016,5660
38137,-338944,349184,-560128,832512,50112,47910,4704,93318,2966
38142,-289792,332800,-569344,771072,63336,48787,-5118,117241,3508
38147,-289792,332800,-573440,754688,64264,49781,-10098,123911,1721
38152,-289792,332800,-567296,780288,62872,50646,-12221,125739,900
38157,-289792,332800,-529408,803840,54288,51486,9523,96251,468
38162,-200704,279552,-502784,781312,68440,52484,20562,100362,4814
38167,-200704,279552,-466944,689152,60320,53524,37671,76173,2520
38172,-200704,279552,-463872,601088,59624,54457,24521,89560,1319
38177,-206848,216064,-449536,589824,54984,55347,13643,96688,329
38182,-206848,216064,-415744,568320,47328,56014,14962,88380,170
38187,-206848,216064,-351232,574464,32712,56605,41813,47504,85
38192,-250880,203776,-311296,549888,13688,57102,51153,19637,-2229
38197,-250880,203776,-276480,476160,5800,57401,62135,1066,-1173
38202,-257024,188416,-320512,474112,14384,57599,13964,58019,-847
38207,-257024,188416,-316416,446464,13456,57737,1124,70069,-421
38212,-257024,188416,-310272,473088,12064,57825,-6369,76258,-225
38217,-257024,188416,-275456,508928,4176,57910,12082,50004,-121
38222,-260096,99328,-260096,505856,0,57984,17797,40187,-211
38227,-260096,99328,-250880,494592,-2088,58041,22237,33716,-114
38232,-260096,99328,-286720,504832,6032,58087,-6231,70350,-63
38237,-260096,4096,-300032,512000,9048,58097,-21091,88236,-35
38242,-260096,4096,-288768,480256,6496,58100,-16260,80856,-23
38247,-260096,0,-283648,493568,5336,58128,-12703,74416,-15
38252,-260096,0,-280576,482304,4640,58163,-10167,72970,-15
38257,-260096,0,-259072,436224,-232,58190,5542,52416,-15
38262,-238592,-9216,-257024,405504,4176,58284,6471,59308,693
38267,-235520,-9216,-269312,420864,7656,58388,-3156,69200,508
38272,-235520,-9216,-272384,409600,8352,58463,-8136,74951,263
38277,-235520,-9216,-272384,391168,8352,58525,-11395,78272,135
38282,-222208,-12288,-267264,404480,10208,58617,-9972,78797,666
38287,-222208,-12288,-244736,387072,5104,58714,4716,59102,345
38292,-225280,-12288,-236544,382976,4640,58783,355,63068,65
38297,-225280,-12288,-228352,326656,696,58840,11428,48108,30
38302,-219136,-15360,-249856,271360,6960,58909,-4418,70287,397
38307,-219136,-15360,-258048,273408,9976,59010,-13345,82331,192
38312,-219136,-15360,-274432,230400,12528,59116,-19657,91301,98
38317,-219136,-15360,-276480,238592,12992,59235,-18911,91138,48
38322,-219136,-15360,-283648,265216,14616,59382,-21584,95582,20
38327,-191488,-15360,-273408,296960,18560,59561,-14126,92247,1260
38332,-191488,-15360,-261120,335872,15776,59773,-5692,81241,659
38337,-191488,-15360,-267264,355328,17168,60031,-8434,85633,320
38342,-139264,-21504,-257024,379904,26680,60400,1365,85715,2381
38347,-139264,-21504,-260096,380928,27376,60830,986,87220,1246
38352,-139264,-21504,-257024,355328,26680,61296,3671,84305,608
38357,-139264,-21504,-248832,327680,24824,61688,6873,79639,315
38362,-139264,-21504,-230400,280576,20648,62029,14194,62643,150
38367,-139264,-21504,-199680,242688,13688,62330,26024,49994,75
38372,-139264,-21504,-185344,193536,10440,62545,25668,47317,36
38377,-77824,-24576,-183296,151552,23896,62740,15375,45192,3389
38382,-77824,-24576,-158720,107520,18328,63074,20757,60645,1773
38387,-77824,-24576,-161792,80896,19024,63326,6861,75489,926
38392,-77824,-24576,-141312,91136,14384,63506,8456,59361,451
38397,-77824,-24576,-117760,46080,9048,63637,11956,60729,233
38402,-74752,-18432,-104448,74752,6728,63686,7056,63358,250
38407,-74752,-18432,-87040,110592,2784,63682,11291,53320,120
38412,-74752,-18432,-71680,95232,-696,63620,3350,59574,60
38417,-74752,-18432,-56320,144384,-4176,63526,4096,55254,28
38422,-74752,-18432,-33792,190464,-9280,63397,11486,51074,11
38427,-74752,-18432,-32768,167936,-9512,63230,4165,49553,1
38432,-74752,-18432,-14336,194560,-13688,63071,13471,35912,0
38437,-13312,-12288,-7168,204800,-1392,62952,16638,53699,3375
38442,-13312,-12288,-6144,195584,-1624,63021,17452,43945,1767
38447,-13312,-12288,3072,187392,-3712,63092,25209,34171,924
38452,-13312,-12288,5120,157696,-4176,63154,26724,32254,450
38457,-13312,-12288,6144,159744,-4408,63209,26414,32387,232
38462,0,-15360,3072,115712,-696,63287,23029,39562,647
38467,0,-15360,3072,129024,-696,63359,19965,42698,314
38472,0,-15360,12288,87040,-2784,63409,24050,36575,160
38477,0,-15360,10240,38912,-2320,63422,17361,43741,80
38482,0,-21504,10240,7168,-3712,63391,14939,44740,36
38487,0,-21504,17408,21504,-3944,63320,7297,52079,15
38492,0,-21504,27648,3072,-6264,63218,7412,49542,5
38497,0,-21504,41984,-12288,-6264,63078,-92,56906,0
38502,0,-21504,41984,-15360,-9512,62918,3809,49597,0
38507,0,-21504,50176,-8192,-11368,62746,4876,46502,0
38512,0,-21504,44032,-17408,-9976,62543,-4315,56882,0
38517,0,-21504,55296,-8192,-12528,62355,1480,48347,0
38522,0,-116736,68608,28672,-15544,62166,9707,36915,0
38527,0,-129024,73728,8192,-16704,61950,11887,33359,0
38532,0,-129024,71680,30720,-16240,61767,10854,34673,0
38537,0,-129024,73728,66560,-16704,61591,13826,31061,0
38543,0,-129024,73728,86016,-16704,61405,15490,29211,0
38548,0,-129024,72704,54272,-16472,61243,16362,28409,0
38553,0,-138240,73728,54272,-16704,61078,18015,26359,0
38558,0,-138240,72704,37888,-16472,60870,25301,16081,0
38563,0,-138240,78848,11264,-17864,60673,18393,24416,0
38568,0,-138240,63488,-2048,-14384,60464,5289,40791,0
38573,0,-159744,60416,-25600,-13688,60204,4704,40188,0
38578,0,-159744,60416,-28672,-13688,59938,-5508,51758,0
38583,0,-159744,65536,-36864,-14848,59638,-8113,52903,0
38588,0,-205824,74752,-38912,-16936,59277,-10672,53709,0
38593,0,-205824,87040,-50176,-19720,58902,-7711,46893,0
38598,0,-237568,94208,-61440,-21344,58526,-7528,44710,0
38603,0,-237568,123904,-80896,-28072,58102,-2559,36533,0
38608,0,-237568,137216,-110592,-31088,57701,17143,9470,0
38613,0,-237568,132096,-152576,-29928,57311,12966,14417,0
38618,0,-237568,120832,-164864,-27376,56932,9386,18967,0
38623,0,-237568,104448,-177152,-23664,56541,-1802,34679,0
38628,0,-237568,81920,-182272,-18560,56202,-15342,52984,0
38633,0,-224256,88064,-163840,-19952,55832,-15411,53379,0
38638,0,-224256,72704,-166912,-16472,55514,-17327,56369,0
38643,0,-224256,73728,-161792,-16704,55192,-15950,54438,0
38648,0,-215040,86016,-155648,-19488,54840,-19553,58849,0
38653,0,-211968,96256,-160768,-21808,54509,-551,33252,0
38658,0,-211968,138240,-197632,-31320,54183,30281,-7418,0
38663,0,-211968,144384,-205824,-33640,53817,37131,-16954,0
38668,0,-211968,146432,-222208,-33176,53484,36431,-16123,0
38673,0,-211968,93184,-212992,-21112,53106,-6587,38581,0
38678,0,-211968,74752,-166912,-16936,52669,-17775,50694,0
38683,0,-211968,90112,-144384,-20416,52179,-23386,55149,0
38688,0,-211968,120832,-128000,-27376,51709,-7161,31494,0
38693,0,-211968,163840,-130048,-37120,51266,11302,6273,0
38698,0,-211968,175104,-158720,-39672,50773,31440,-20339,0
38703,0,-211968,176128,-197632,-39904,50333,34148,-23719,0
38708,0,-215040,111616,-186368,-25288,49867,15135,112,0
38713,0,-215040,94208,-186368,-21344,49325,-31097,59078,0
38718,0,-215040,100352,-154624,-22736,48829,-29169,55262,0
38723,0,-215040,123904,-144384,-28072,48356,-12026,41189,0
38728,0,-205824,128000,-149504,-29000,47865,-6713,25578,0
38733,0,-205824,161792,-181248,-36656,47430,21434,-10660,0
38738,0,-190464,135168,-205824,-30624,46972,12461,1799,0
38743,0,-190464,130048,-222208,-29464,46557,4394,12699,0
38748,0,-190464,111616,-224256,-25288,46150,-6966,27828,0
38753,0,-144384,101376,-190464,-22504,45709,-14091,37296,0
38758,0,-144384,99328,-174080,-22504,45325,-11406,34227,0
38763,0,-144384,80896,-165888,-18328,44950,-23478,50100,0
38768,0,-138240,90112,-164864,-20416,44559,-13827,37970,0
38773,0,-138240,108544,-188416,-24592,44193,-333,19934,0
38778,0,-138240,135168,-199680,-30624,43843,21044,-7825,0
38783,0,-138240,152576,-214016,-34568,43435,33138,-24271,0
38788,0,-138240,121856,-181248,-27608,43079,12151,3320,0
38793,0,-138240,84992,-140288,-19256,42686,-17396,40826,0
38798,0,-138240,69632,-136192,-15776,42253,-30764,57241,0
38803,0,-138240,87040,-147456,-19720,41841,-21469,43590,0
38808,0,-138240,139264,-182272,-31552,41446,16339,-6445,0
38813,0,-141312,145408,-173056,-32944,41027,21537,-13454,0
38818,0,-141312,147456,-169984,-33408,40661,26380,-19127,0
38823,0,-141312,111616,-134144,-25288,40296,2616,12392,0
38828,0,-141312,86016,-103424,-19488,39871,-16673,37056,0
38833,0,-141312,77824,-107520,-17632,39459,-26541,48368,0
38838,0,-141312,90112,-125952,-20416,39005,-20758,39347,0
38843,0,-141312,142336,-184320,-32248,38594,16546,-10200,0
38848,0,-141312,149504,-199680,-33872,38198,22627,-18301,0
38853,0,-141312,135168,-187392,-31552,37755,15639,-9436,0
38858,0,-141312,120832,-172032,-27376,37350,2788,7186,0
38863,0,-141312,92160,-100352,-20880,36936,-19117,35173,0
38868,0,-141312,79872,-101376,-18096,36490,-28538,46932,0
38873,0,-141312,105472,-148480,-23896,36083,-9949,22136,0
38878,0,-141312,123904,-204800,-28072,35702,5645,1985,0
38883,0,-141312,110592,-218112,-25056,35304,-1010,11258,0
38888,0,-141312,122880,-243712,-27840,34958,11864,-4746,0
38893,0,-141312,107520,-200704,-24360,34631,4727,5544,0
38898,0,-141312,96256,-179200,-21808,34281,-127,12600,0
38903,0,-141312,86016,-138240,-19488,33976,-4544,19032,0
38908,0,-141312,81920,-147456,-18560,33674,-5543,20657,0
38913,0,-141312,76800,-155648,-17400,33340,-8492,24432,0
38918,0,-141312,60416,-161792,-13688,33037,-20437,39786,0
38923,0,-141312,64512,-162816,-12760,32694,-24568,44502,0
38928,0,-141312,65536,-194560,-14848,32379,-18853,36384,0
38933,0,-141312,91136,-231424,-20648,32077,309,11120,0
38938,0,-141312,116736,-236544,-21344,31764,4004,6416,0
38943,0,-141312,107520,-227328,-24360,31503,17200,-10057,0
38948,0,-141312,100352,-197632,-22736,31259,15926,-7403,0
38953,0,-141312,89088,-155648,-22504,30994,18531,-10041,0
38958,0,-141312,90112,-159744,-20416,30778,16179,-5817,0
38963,0,-141312,66560,-159744,-15080,30582,3580,11922,0
38968,0,-141312,36864,-163840,-13456,30366,1526,15384,0
38973,0,-141312,27648,-163840,-6264,30193,-18681,42610,0
38978,0,-141312,1024,-189440,-232,30029,-35916,65713,0
38983,0,-141312,2048,-224256,-464,29878,-34103,64445,0
38988,0,-141312,-7168,-232448,1624,29735,-37018,68377,0
38993,0,-141312,4096,-266240,-928,29618,-26312,55002,0
38998,0,-141312,3072,-268288,-696,29515,-23856,52675,0
39003,0,-141312,24576,-272384,-5568,29442,-4097,27971,0
39008,0,-141312,43008,-264192,-9744,29378,12208,7426,0
39013,0,-141312,40960,-272384,-9280,29320,13562,6478,0
39018,0,-141312,43008,-244736,-9744,29283,18221,1318,0
39023,0,-141312,34816,-226304,-7888,29270,16936,4446,0
39028,0,-141312,35840,-239616,-8120,29241,19277,1844,0
39033,0,-144384,39936,-211968,-9048,29221,23913,-3740,0
39038,0,-144384,32768,-188416,-7424,29175,17154,4597,0
39043,0,-144384,41984,-186368,-9512,29092,20401,-821,0
39048,0,-144384,36864,-177152,-8352,28995,12358,8285,0
39053,0,-144384,26624,-176128,-6032,28874,493,22349,0
39058,0,-141312,37888,-165888,-8584,28718,3878,16256,0
39063,0,-144384,36864,-166912,-8352,28554,-1469,21671,0
39068,0,-144384,38912,-146432,-8816,28373,-2789,22346,0
39073,0,-141312,35840,-148480,-8120,28199,-7241,27320,0
39078,0,-150528,35840,-152576,-8120,28015,-9846,29741,0
39083,0,-150528,34816,-136192,-10208,27805,-5130,22727,0
39088,0,-184320,43008,-164864,-9744,27600,-9421,27277,0
39093,0,-184320,48128,-194560,-10904,27364,-10419,26879,0
39098,0,-184320,50176,-179200,-11368,27100,-12060,27792,0
39103,0,-184320,57344,-201728,-12992,26842,-9903,23753,0
39108,0,-237568,69632,-220160,-15776,26585,-2605,13414,0
39113,0,-237568,68608,-203776,-15544,26298,-5003,15757,0
39118,0,-263168,93184,-233472,-21112,26005,9397,-4504,0
39123,0,-263168,88064,-230400,-19952,25707,2616,3139,0
39128,0,-263168,100352,-236544,-22736,25347,7171,-4560,0
39133,0,-263168,105472,-244736,-23896,25003,6976,-5869,0
39138,0,-263168,114688,-271360,-25984,24640,10040,-11384,0
39143,0,-263168,115712,-284672,-26216,24231,7297,-9282,0
39148,0,-263168,123904,-304128,-28072,23858,11772,-15986,0
39153,0,-291840,138240,-331776,-31320,23484,21503,-29339,0
39158,0,-291840,137216,-344064,-31088,23055,18267,-26300,0
39163,0,-291840,152576,-376832,-34568,22665,28537,-40440,0
39168,0,-324608,157696,-385024,-35728,22280,32461,-45909,0
39173,0,-324608,164864,-409600,-37352,21822,34171,-49701,0
39178,0,-324608,166912,-420864,-37816,21417,35123,-51522,0
39183,0,-324608,168960,-432128,-38280,21010,36213,-53483,0
39188,0,-324608,163840,-437248,-37120,20543,29719,-46296,0
39193,0,-466944,166912,-442368,-37816,20128,31681,-49369,0
39198,0,-466944,166912,-442368,-37816,19721,32450,-50545,0
39203,0,-466944,146432,-457728,-33176,19261,15846,-29761,0
39208,0,-475136,141312,-452608,-32016,18865,13562,-26713,0
39213,0,-471040,131072,-463872,-29696,18485,8560,-19771,0
39218,0,-471040,87040,-523264,-19720,18096,-20047,18423,0
39223,0,-471040,77824,-549888,-17632,17758,-22950,23076,0
39228,0,-471040,61440,-561152,-13920,17442,-30936,34458,0
39233,0,-471040,24576,-664576,-5568,17146,-50213,61791,0
39238,0,-471040,22528,-677888,-5104,16875,-47322,59093,0
39243,0,-471040,7168,-701440,-1624,16638,-52761,67775,0
39248,0,-471040,16384,-756736,-3712,16420,-37041,49749,0
39253,0,-471040,16384,-761856,-3712,16242,-30420,42950,0
39258,0,-479232,18432,-764928,-4176,16105,-20907,32836,0
39263,0,-479232,44032,-699392,-9976,15993,6747,-730,0
39268,0,-479232,31744,-683008,-7192,15942,6448,2302,0
39273,0,-500736,23552,-648192,-10208,15929,25083,-19362,0
39278,0,-500736,34816,-523264,-7888,15982,27183,-19089,0
39283,0,-500736,28672,-507904,-6496,16075,31624,-22045,0
39288,0,-500736,25600,-496640,-3480,16171,25060,-12369,0
39293,0,-500736,-2048,-438272,464,16290,15834,920,0
39298,0,-500736,0,-457728,0,16401,18439,-2038,0
39303,0,-540672,-6144,-476160,1392,16493,12381,46889,0
39308,0,-545792,-51200,-526336,11600,16599,-21802,50001,0
39313,0,-545792,-54272,-555008,12296,16676,-25635,54607,0
39318,0,-545792,-59392,-590848,17864,16763,-43753,78380,0
39323,0,-545792,-57344,-626688,12992,16783,-32577,62352,0
39328,0,-545792,-39936,-635904,9048,16766,-25589,51403,0
39333,0,-545792,-17408,-632832,-2320,16710,5496,8894,0
39338,0,-540672,24576,-602112,-5568,16613,8571,2474,0
39343,0,-540672,43008,-589824,-9744,16491,15421,-8674,0
39348,0,-540672,73728,-573440,-16704,16316,29914,-30302,0
39353,0,-545792,82944,-574464,-18792,16133,29925,-32584,0
39358,0,-545792,84992,-579584,-19256,15922,24555,-27889,0
39363,0,-545792,63488,-664576,-14384,15683,3270,-1971,0
39368,0,-540672,50176,-683008,-11368,15466,-9020,13118,0
39373,0,-540672,36864,-700416,-7424,15237,-21940,29753,0
39378,0,-540672,20480,-802816,-4640,15048,-28572,38980,0
39383,0,-540672,9216,-805888,-2088,14883,-32715,45510,0
39388,0,-540672,23552,-829440,-5336,14750,-13919,23333,0
39393,0,-545792,15360,-814080,-3480,14652,-13954,25126,0
39398,0,-545792,10240,-789504,-2320,14586,-11211,23477,0
39403,0,-545792,16384,-706560,-3712,14564,2157,8695,0
39408,0,-523264,11264,-688128,-2552,14582,6081,5949,0
39413,0,-523264,-1024,-667648,232,14645,5438,9439,0
39418,0,-523264,5120,-592896,-1160,14743,17361,-3778,0
39423,0,-504832,5120,-593920,-1160,14853,22341,-8648,0
39428,0,-479232,8192,-605184,-1856,14970,28204,-15090,0
39433,0,-479232,17408,-615424,-3944,15066,33150,-22028,0
39438,0,-479232,26624,-630784,-6032,15137,37315,-28210,0
39443,0,-321536,34816,-646144,-7888,15171,38416,-31133,0
39448,0,-321536,51200,-675840,-11600,15141,40964,-37423,0
39453,0,-318464,61440,-681984,-13920,15086,41044,-39878,0
39458,0,-318464,62464,-689152,-14152,14996,34584,-33740,0
39463,0,-318464,73728,-713728,-16704,14869,36007,-37842,0
39468,0,-301056,77824,-711680,-17632,14740,34240,-37132,0
39473,0,-305152,72704,-707584,-16472,14606,27768,-29634,0
39479,0,-305152,75776,-714752,-17168,14437,26311,-29042,0
39484,0,-305152,70656,-704512,-16008,14291,21537,-23254,0
39489,0,-308224,61440,-680960,-13920,14139,13700,-13481,0
39494,0,-308224,68608,-679936,-15544,13970,18497,-20071,0
39499,0,-308224,57344,-667648,-12992,13840,12369,-11521,0
39504,0,-308224,48128,-646144,-10904,13721,7848,-5031,0
39509,0,-308224,41984,-625664,-9512,13607,6356,-2261,0
39514,0,-308224,27648,-594944,-6264,13516,-1527,8779,0
39519,0,-311296,10240,-565248,-2320,13452,-10121,21253,0
39524,0,-311296,-2048,-536576,-2784,13394,-4349,14959,0
39529,0,-311296,9216,-525312,-2088,13353,-3604,14869,0
39534,0,-318464,1024,-502784,-232,13322,-7103,20193,0
39539,0,-318464,-6144,-480256,-2552,13287,2088,8647,0
39544,0,-314368,9216,-462848,-2088,13260,1709,9463,0
39549,0,-305152,-1024,-442368,232,13232,-5508,18972,0
39554,0,-305152,20480,-432128,-4640,13186,9351,-805,0
39559,0,-305152,13312,-412672,-3016,13144,3178,6950,0
39564,0,-305152,12288,-404480,-2784,13095,1457,8854,0
39569,0,-305152,29696,-384000,-6728,13041,14354,-8041,0
39574,0,-301056,35840,-395264,-8120,12966,15559,-10713,0
39579,0,-308224,34816,-408576,-7888,12871,10843,-5860,0
39584,0,-308224,52224,-407552,-11832,12737,18795,-17890,0
39589,0,-308224,47104,-410624,-10672,12617,12645,-10700,0
39594,0,-308224,38912,-432128,-8816,12492,4807,-1131,0
39599,0,-308224,43008,-424960,-9744,12376,9179,-6547,0
39604,0,-305152,33792,-444416,-7656,12314,7125,-2467,0
39609,0,-305152,30720,-480256,-6960,12255,7837,-2542,0
39614,0,-305152,43008,-464896,-9744,12189,18588,-16143,0
39619,0,-308224,33792,-485376,-7656,12165,16270,-11761,0
39624,0,-301056,23552,-508928,-5336,12154,12576,-5758,0
39629,0,-301056,37888,-481280,-8584,12145,25955,-22394,0
39634,0,-301056,28672,-484352,-6496,12147,21273,-15622,0
39639,0,-291840,13312,-471040,-3016,12148,11153,-2021,0
39644,0,-275456,18432,-448512,-4176,12141,14882,-6917,0
39649,0,-275456,15360,-440320,-3480,12147,13620,-4953,0
39654,0,-275456,13312,-424960,-3016,12143,18152,-11113,0
39659,0,-259072,21504,-403456,-4872,12145,17361,-10088,0
39664,0,-259072,25600,-399360,-5800,12131,18760,-12429,0
39669,0,-249856,26624,-402432,-6032,12100,17166,-17762,0
39674,0,-259072,33792,-373760,-7656,12054,19678,-15280,0
39679,0,-259072,28672,-395264,-6496,12010,14090,-8576,0
39684,0,-252928,29696,-436224,-6728,11971,21778,-19101,0
39689,0,-252928,34816,-409600,-7888,11924,17843,-13807,0
39694,0,-252928,32768,-462848,-7424,11915,19415,-14924,0
39699,0,-256000,30720,-517120,-6960,11901,26242,-23389,0
39704,0,-259072,33792,-501760,-7656,11915,25094,-20835,0
39709,0,-259072,34816,-559104,-7888,11930,28319,-24277,0
39714,0,-259072,22528,-591872,-5104,11934,19621,-38640,0
39719,0,-252928,46080,-570368,-10440,11909,34997,-33528,0
39724,0,-252928,33792,-569344,-7656,11884,24337,-20109,0
39729,0,-259072,11264,-545792,-2552,11835,4383,-25763,0
39734,0,-259072,39936,-530432,-9048,11745,20814,-18117,0
39739,0,-259072,36864,-502784,-8352,11636,13092,-9808,0
39744,0,-259072,44032,-501760,-9976,11450,27148,-31242,0
39749,0,-256000,76800,-497664,-17400,11243,24658,-30815,0
39754,0,-256000,71680,-505856,-16240,10983,10774,-16031,0
39759,0,-256000,106496,-493568,-24128,10613,22822,-36337,0
39764,0,-252928,102400,-526336,-23200,10230,8399,-21369,0
39769,0,-252928,102400,-560128,-23200,9799,-2686,-10715,0
39774,0,-252928,124928,-562176,-28304,9294,5152,-24162,0
39779,0,-252928,109568,-552960,-24824,8814,-12657,-3353,0
39784,0,-252928,88064,-509952,-19952,8323,-33403,-2567,0
39789,0,-256000,76800,-479232,-17400,7812,-41309,31721,0
39794,0,-256000,64512,-416768,-14616,7350,-50236,42970,0
39799,0,-256000,59392,-378880,-13456,6911,-51935,46782,0
39804,0,-256000,48128,-390144,-10904,6525,-51625,47246,0
39809,0,-272384,67584,-436224,-15312,6162,-33334,24184,0
39814,0,-272384,76800,-480256,-12760,5801,-36364,29405,0
39819,0,-272384,65536,-501760,-14848,5467,-27471,18090,0
39824,0,-285696,82944,-455680,-18792,5130,-13908,246,0
39829,0,-285696,72704,-440320,-12760,4798,-29869,21907,0
39834,0,-285696,64512,-338944,-14616,4491,-22399,12274,0
39839,0,-281600,87040,-303104,-19720,4207,-3317,-12196,0
39844,0,-281600,111616,-334848,-16936,3944,-6713,-6279,0
39849,0,-281600,94208,-418816,-21344,3756,16293,-33881,0
39854,0,-281600,84992,-491520,-19256,3597,17774,-33433,0
39859,0,-281600,77824,-504832,-17632,3416,17200,-31416,0
39864,0,-294912,61440,-468992,-13920,3247,6643,-17316,0
39869,0,-294912,66560,-429056,-15080,3054,9145,-21171,0
39874,0,-294912,87040,-445440,-19720,2842,22995,-39873,0
39879,0,-314368,99328,-551936,-22504,2683,35123,-54944,0
39884,3072,-318464,113664,-609280,-25056,2505,47481,-70032,147
39889,3072,-318464,66560,-670720,-14384,2362,15215,-27237,74
39894,3072,-318464,35840,-662528,-7424,2152,-12416,7144,36
39899,3072,-327680,47104,-624640,-9976,1865,-12657,4546,14
39904,3072,-327680,74752,-671744,-16240,1559,-1504,-13177,4
39909,3072,-327680,101376,-781312,-22272,1227,10097,-31142,0
39914,3072,-327680,103424,-819200,-22736,866,7986,-29856,0
39919,3072,-327680,70656,-758784,-15312,523,-19358,4569,0
39924,3072,-327680,60416,-686080,-12992,178,-29169,16355,0
39929,3072,-327680,66560,-728064,-14384,-168,-22973,8421,0
39934,3072,-327680,70656,-780288,-15312,-465,-17614,1837,0
39939,9216,-549888,65536,-713728,-12760,-731,-19312,5821,210
39944,9216,-549888,41984,-641024,-7424,-1013,-35159,26722,99
39949,9216,-549888,78848,-588800,-15776,-1257,-6553,-10480,48
39954,9216,-549888,91136,-633856,-18560,-1436,12599,-32595,22
39959,9216,-540672,93184,-678912,-19024,-1597,19747,-40368,8
39964,9216,-540672,67584,-614400,-13224,-1736,4325,-19285,0
39969,9216,-540672,54272,-570368,-10208,-1908,-4946,-7170,0
39974,9216,-540672,76800,-578560,-15312,-2109,10155,-27576,0
39979,9216,-518144,130048,-686080,-27376,-2292,48376,-78044,0
39984,9216,-518144,122880,-708608,-25752,-2494,41813,-70059,0
39989,9216,-514048,118784,-658432,-24824,-2785,32886,-60495,0
39994,9216,-496640,117760,-643072,-24592,-3077,26747,-54416,0
39999,9216,-496640,109568,-729088,-22736,-3400,14859,-40995,0
40004,9216,-496640,91136,-762880,-18560,-3786,-5061,-17285,0
40009,9216,-496640,88064,-696320,-17864,-4200,-16593,-5471,0
40014,9216,-496640,103424,-596992,-21344,-4661,-14998,-11007,0
40019,9216,-504832,110592,-644096,-22968,-5134,-13300,-14802,0
40024,6144,-504832,123904,-672768,-26680,-5546,-3753,-28473,-192
40029,6144,-504832,111616,-664576,-23896,-5945,-11028,-18813,-105
40034,6144,-504832,81920,-601088,-17168,-6384,-31739,8187,-56
40039,6144,-504832,87040,-497664,-18328,-6784,-27574,2462,-33
40044,6144,-504832,146432,-559104,-31784,-7147,19506,-58437,-21
40049,0,-504832,155648,-630784,-35264,-7534,30533,-73331,-274
40054,0,-504832,116736,-683008,-26448,-7866,7550,-41864,-146
40059,0,-504832,78848,-654336,-19720,-8278,-14068,-13930,-75
40064,0,-504832,65536,-622592,-14848,-8658,-31062,7556,-43
40069,0,-483328,93184,-690176,-21112,-9004,-9685,-20431,-27
40074,0,-483328,108544,-761856,-24592,-9311,8973,-42876,-16
40079,0,-483328,77824,-738304,-17632,-9510,-2720,-24422,-15
40084,0,-451584,29696,-630784,-6728,-9667,-27826,11431,-15
40089,0,-451584,2048,-615424,-464,-9764,-34596,24368,-15
40094,0,-428032,-5120,-631808,1160,-9769,-27115,18506,-15
40099,0,-419840,-12288,-717824,2784,-9681,-15204,8307,-15
40104,0,-419840,-45056,-731136,10208,-9516,-22238,22930,-15
40109,0,-412672,-99328,-674816,22504,-9294,-47230,60440,-15
40114,0,-412672,-122880,-609280,27840,-9023,-51292,70109,-15
40119,0,-412672,-133120,-593920,31320,-8629,-45681,68372,-15
40124,0,-398336,-138240,-663552,31320,-8222,-33380,56478,-15
40129,0,-391168,-133120,-712704,30160,-7793,-19886,42253,-15
40134,0,-391168,-135168,-689152,33176,-7300,-21871,47747,-15
40139,0,-358400,-123904,-557056,28072,-6854,-2054,23272,-15
40144,0,-314368,-83968,-483328,19024,-6423,27539,-14938,-15
40149,0,-314368,-62464,-519168,14152,-6000,42501,-34349,-15
40154,0,-314368,-93184,-603136,21112,-5621,16902,-1411,-15
40159,0,-314368,-107520,-660480,24360,-5313,-1114,20161,-15
40164,0,-314368,-89088,-619520,20184,-5062,952,14170,-15
40169,0,-301056,-82944,-562176,18792,-4909,-7344,21227,-15
40174,0,-291840,-57344,-480256,12992,-4805,-1251,11322,-15
40179,0,-291840,-31744,-460800,7192,-4740,4647,-2195,-15
40184,0,-288768,4096,-491520,-928,-4723,20918,-26569,-15
40189,0,-281600,12288,-567296,-2784,-4719,19839,-27342,-15
40194,0,-281600,12288,-588800,-2784,-4734,13344,-20862,-15
40199,0,-281600,6144,-570368,-1392,-4763,4716,-10871,-15
40204,0,-281600,-10240,-553984,2320,-4767,-7379,4932,-15
40209,0,-281600,-14336,-454656,3248,-4744,-8549,7053,-15
40214,0,-281600,-10240,-390144,2320,-4701,-3317,936,-15
40219,0,-281600,1024,-381952,-232,-4644,7573,-12449,-15
40224,0,-281600,-11264,-419840,2552,-4570,2375,-4393,-15
40229,0,-281600,-21504,-485376,4872,-4468,-482,886,-15
40234,-7168,-256000,-13312,-443392,1392,-4370,8146,-11124,-360
40239,-7168,-256000,-29696,-493568,5104,-4272,-941,1773,-193
40244,-7168,-256000,-36864,-536576,6728,-4164,-3018,5582,-105
40249,-13312,-211968,-31744,-520192,4176,-4035,5163,-5022,-352
40254,-13312,-211968,-46080,-532480,7424,-3914,-1768,5278,-186
40259,-13312,-211968,-59392,-518144,10440,-3782,-9215,15873,-101
40264,-13312,-211968,-58368,-489472,10208,-3643,-7057,13622,-54
40269,-13312,-211968,-68608,-471040,12528,-3532,-14837,23833,-31
40274,-13312,-205824,-64512,-483328,11600,-3431,-13380,21549,-21
40279,-13312,-184320,-71680,-468992,13224,-3318,-19198,29104,-15
40284,-13312,-184320,-58368,-493568,10208,-3242,-12164,19130,-15
40289,-25600,-144384,-51200,-504832,5800,-3230,-10523,13093,-442
40294,-34816,-138240,-51200,-505856,3712,-3228,-12864,13348,-639
40299,-34816,-138240,-39936,-466944,1160,-3283,-9042,6919,-338
40304,-34816,-138240,-34816,-390144,0,-3352,-9513,6161,-181
40309,-53248,-138240,-45056,-450560,-1856,-3479,-21217,15882,-928
40314,-50176,-129024,-52224,-371712,464,-3644,-30821,27641,-298
40319,-50176,-129024,-51200,-305152,232,-3805,-32910,29337,-160
40324,-44032,-119808,-60416,-316416,3712,-3942,-38727,38497,196
40329,-44032,-119808,-59392,-273408,3480,-4055,-37649,37074,99
40334,-44032,-119808,-46080,-241664,464,-4143,-25715,22036,48
40339,-37888,-52224,-58368,-262144,4640,-4203,-32095,32532,281
40344,-37888,-52224,-38912,-264192,232,-4256,-16685,12661,144
40349,-37888,-52224,-19456,-262144,-4176,-4304,-1309,-7171,73
40354,-37888,-52224,-36864,-295936,-232,-4344,-12967,8391,32
40359,-25600,-12288,-20480,-308224,-1160,-4368,929,-6457,782
40364,-25600,-12288,-21504,-281600,-928,-4336,3465,-8729,381
40369,-22528,-9216,-47104,-311296,5568,-4272,-11532,12828,327
40374,-22528,-9216,-46080,-260096,5336,-4207,-8216,9345,168
40379,-22528,-9216,-64512,-292864,9512,-4112,-17924,23324,79
40384,-22528,-9216,-75776,-220160,12064,-4025,-24384,32423,39
40389,-22528,-9216,-81920,-152576,13456,-3931,-28274,37799,16
40394,-22528,-9216,-90112,-185344,15312,-3801,-30190,41701,5
40399,-25600,-9216,-96256,-143360,16008,-3684,-32106,44430,-133
40404,-25600,-9216,-90112,-140288,14616,-3578,-27482,38520,-70
40409,-25600,-9216,-101376,-188416,17168,-3426,-32061,45803,-41
40414,-25600,-9216,-93184,-202752,15312,-3300,-25302,37314,-26
40419,-25600,-9216,-90112,-257024,18560,-3144,-33805,49221,-15
40424,-25600,-9216,-102400,-280576,17400,-3015,-29995,44380,-15
40429,-25600,-12288,-105472,-295936,18096,-2874,-31005,46227,-15
40434,-25600,-9216,-104448,-283648,17864,-2690,-35687,53645,-15
40439,-25600,-9216,-119808,-312320,21344,-2518,-35514,54340,-15
40445,-25600,-9216,-124928,-262144,22504,-2347,-38567,58724,-15
40450,-13312,-9216,-128000,-279552,29000,-2103,-46037,72934,618
40455,-13312,-9216,-137216,-243712,28072,-1856,-40644,66860,321
40460,-13312,-9216,-145408,-215040,29928,-1588,-44040,72380,165
40465,0,-9216,-139264,-206848,31784,-1244,-35285,65825,764
40470,0,-9216,-139264,-239616,31552,-915,-34746,65383,397
40475,0,-9216,-136192,-252928,30856,-576,-30374,60654,205
40480,0,-9216,-126976,-264192,29464,-190,-23007,52281,98
40485,0,-9216,-138240,-268288,31320,163,-27344,58827,48
40490,0,-9216,-141312,-267264,32016,523,-27826,60365,22
40495,0,-9216,-152576,-253952,34568,949,-31762,67279,8
40500,0,-9216,-163840,-221184,37120,1352,-36421,74893,0
40505,0,-9216,-181248,-155648,41064,1753,-47953,90770,0
40510,0,-9216,-173056,-151552,39208,2220,-38211,79639,0
40515,0,-9216,-167936,-118784,38048,2632,-35652,76332,0
40520,0,-9216,-153600,-108544,34800,3014,-27987,65801,0
40525,0,-9216,-143360,-129024,32480,3402,-25704,61586,0
40530,0,-9216,-114688,-156672,25984,3692,-13208,42884,0
40535,0,-9216,-91136,-167936,20648,3934,-5818,30400,0
40540,0,-9216,-89088,-177152,20184,4169,-13472,37825,0
40545,0,-9216,-69632,-156672,15776,4334,-7746,27856,0
40550,0,-9216,-46080,-84992,10440,4474,2306,29207,0
40555,0,-9216,-55296,-82944,12528,4613,-10592,27733,0
40560,0,-9216,-44032,-2048,9976,4711,-8170,22857,0
40565,0,-9216,-25600,39936,5800,4810,2776,25427,0
40570,0,-9216,-39936,41984,9048,4932,-8721,22701,0
40575,0,-9216,-29696,29696,6728,5049,-586,12363,0
40580,0,-9216,-7168,-7168,1624,5181,18003,17976,0
40585,0,-9216,-13312,-1024,3016,5332,14848,-6500,0
40590,0,-9216,1024,-16384,-232,5489,28514,-23257,0
40595,0,-9216,14336,13312,-3248,5641,28239,-22830,0
40600,0,-9216,20480,47104,-4640,5768,41939,-40811,0
40605,0,-9216,14336,105472,-3248,5863,34332,-31717,0
40610,0,-9216,18432,101376,-4176,5917,32163,-30422,0
40615,0,-9216,32768,110592,-7424,5904,32794,-34314,0
40620,0,-9216,44032,37888,-9976,5865,33597,-37708,0
40625,0,-9216,43008,10240,-12528,5766,32427,-39189,0
40630,0,-9216,54272,-96256,-12296,5660,25875,-32511,0
40635,0,-9216,38912,-157696,-8816,5519,7848,-11145,0
40640,0,-9216,37888,-157696,-14384,5320,18279,-27343,0
40645,0,-9216,54272,-144384,-12296,5115,4957,-12138,0
40650,0,-9216,41984,-87040,-9512,4887,-10144,5519,0
40655,0,-9216,51200,-74752,-11832,4610,-8606,1384,0
40660,0,-9216,56320,-82944,-12760,4318,-13426,4984,0
40665,0,-9216,81920,-160768,-18560,3984,-2927,-11649,0
40670,0,-9216,109568,-200704,-24824,3594,10407,-31637,0
40675,0,-9216,112640,-191488,-25520,3221,7550,-29849,0
40680,0,-9216,110592,-102400,-25056,2829,1629,-23856,0
40685,0,-9216,102400,-45056,-23200,2397,-6908,-13895,0
40690,0,-9216,103424,80896,-23432,1992,-8629,-12811,0
40695,0,-9216,98304,95232,-22272,1630,-9674,-10968,0
40700,0,-9216,110592,68608,-25056,1281,6265,-30040,0
40705,0,-9216,104448,-19456,-23664,1039,12782,-35407,0
40710,0,-9216,48128,-12288,-10904,808,-21011,10915,0
40715,0,-9216,282624,107520,-64032,259,126151,-189924,0
40720,0,-9216,122880,770048,-27840,-585,-38888,10463,0
40725,0,-9216,206848,795648,-46864,-1192,20964,-41669,0
40730,0,-9216,517120,-161792,-117160,-2303,204110,-323573,0
40735,0,-9216,484352,-105472,-109736,-3888,102686,-216310,0
40740,0,-9216,679936,-194560,-154048,-6170,134252,-266970,0
40745,0,-9216,609280,-376832,-138040,-8464,39197,-185701,0
40750,0,-9216,475136,-271360,-107648,-10239,-44545,-73342,0
40755,0,-9216,352256,-234496,-79808,-11677,-76387,-18936,0
40760,0,-9216,222208,-194560,-50344,-12894,-130272,67034,0
40765,0,-9216,136192,-113664,-30856,-13368,-102710,58486,0
40770,0,-9216,58368,-27648,-13224,-13710,-97592,72264,0
40775,0,-9216,-57344,2048,12992,-13637,-104270,103625,0
40780,0,-9216,-90112,48128,20416,-13373,-72348,79391,0
40785,0,-9216,-146432,112640,39440,-12887,-83008,109561,0
40790,0,-9216,-185344,124928,41992,-12271,-49881,79602,0
40795,0,-9216,-192512,116736,43616,-12141,-51912,83387,0
40800,0,-9216,-192512,116736,43616,-12141,-51912,83387,0
40805,0,-9216,-192512,116736,43616,-12141,-51912,83387,0
40810,0,-9216,-192512,116736,43616,-12141,-51912,83387,0
40815,0,-9216,-192512,116736,43616,-12141,-51912,83387,0
40820,0,-9216,-192512,116736,43616,-12141,-51912,83387,0
40825,0,-9216,-192512,116736,43616,-12141,-51912,83387,0
40830,0,-9216,-192512,116736,43616,-12141,-51912,83387,0
40835,0,-9216,-192512,116736,43616,-12141,-51912,83387,0
40840,0,-9216,-192512,116736,43616,-12141,-51912,83387,0
40845,0,-9216,-192512,116736,43616,-12141,-51912,83387,0
40850,0,-9216,-192512,116736,43616,-12141,-51912,83387,0
40855,0,-9216,-192512,116736,43616,-12141,-51912,83387,0
40860,0,-9216,-192512,116736,43616,-12141,-51912,83387,0
40865,0,-9216,-192512,116736,43616,-12141,-51912,83387,0
40870,0,-9216,-192512,116736,43616,-12141,-51912,83387,0
40875,0,-9216,-192512,116736,43616,-12141,-51912,83387,0
40880,0,-9216,-192512,116736,43616,-12141,-51912,83387,0
40885,0,-9216,-192512,116736,43616,-12141,-51912,83387,0
40890,0,-9216,-192512,116736,43616,-12141,-51912,83387,0
40895,0,-9216,-192512,116736,43616,-12141,-51912,83387,0
40900,0,-9216,-192512,116736,43616,-12141,-51912,83387,0
40905,0,-9216,-192512,116736,43616,-12141,-51912,83387,0
40910,0,-9216,-192512,116736,43616,-12141,-51912,83387,0
40915,0,-9216,-192512,116736,43616,-12141,-51912,83387,0
40920,0,-9216,-192512,116736,43616,-12141,-51912,83387,0
40925,0,-9216,-192512,116736,43616,-12141,-51912,83387,0
40930,0,-9216,-192512,116736,43616,-12141,-51912,83387,0
40935,0,-9216,-192512,116736,43616,-12141,-51912,83387,0
40940,0,-9216,-192512,116736,43616,-12141,-51912,83387,0
40945,0,-9216,-192512,116736,43616,-12141,-51912,83387,0
40950,0,-9216,-192512,116736,43616,-12141,-51912,83387,0
40955,0,-9216,-192512,116736,43616,-12141,-51912,83387,0
40960,0,-9216,-192512,116736,43616,-12141,-51912,83387,0
40965,0,-9216,-192512,116736,43616,-12141,-51912,83387,0
40970,0,-9216,-192512,116736,43616,-12141,-51912,83387,0
40975,0,-9216,-192512,116736,43616,-12141,-51912,83387,0
40980,0,-9216,-192512,116736,43616,-12141,-51912,83387,0
40985,0,-9216,-192512,116736,43616,-12141,-51912,83387,0
40990,0,-9216,-192512,116736,43616,-12141,-51912,83387,0
40995,0,-9216,-192512,116736,43616,-12141,-51912,83387,0
41000,0,-9216,-192512,116736,43616,-12141,-51912,83387,0
41005,0,-9216,-192512,116736,43616,-12141,-51912,83387,0
41010,0,-9216,-192512,116736,43616,-12141,-51912,83387,0
41015,0,-9216,-192512,116736,43616,-12141,-51912,83387,0
41020,0,-9216,-192512,116736,43616,-12141,-51912,83387,0
41025,0,-9216,-192512,116736,43616,-12141,-51912,83387,0
41030,0,-9216,-192512,116736,43616,-12141,-51912,83387,0
41035,0,-9216,-192512,116736,43616,-12141,-51912,83387,0
41040,0,-9216,-192512,116736,43616,-12141,-51912,83387,0
41045,0,-9216,-192512,116736,43616,-12141,-51912,83387,0
41050,0,-9216,-192512,116736,43616,-12141,-51912,83387,0
41055,0,-9216,-192512,116736,43616,-12141,-51912,83387,0
41060,0,-9216,-192512,116736,43616,-12141,-51912,83387,0
41065,0,-9216,-192512,116736,43616,-12141,-51912,83387,0
41070,0,-9216,-192512,116736,43616,-12141,-51912,83387,0
41075,0,-9216,-192512,116736,43616,-12141,-51912,83387,0
41080,0,-9216,-192512,116736,43616,-12141,-51912,83387,0
41085,0,-9216,-192512,116736,43616,-12141,-51912,83387,0
41090,0,-9216,-192512,116736,43616,-12141,-51912,83387,0
41095,0,-9216,-192512,116736,43616,-12141,-51912,83387,0
41100,0,-9216,-192512,116736,43616,-12141,-51912,83387,0
41105,0,-9216,-192512,116736,43616,-12141,-51912,83387,0
41110,0,-9216,-192512,116736,43616,-12141,-51912,83387,0
41115,0,-9216,-192512,116736,43616,-12141,-51912,83387,0
41120,0,-9216,-192512,116736,43616,-12141,-51912,83387,0
41125,0,-9216,-192512,116736,43616,-12141,-51912,83387,0
41130,0,-9216,-192512,116736,43616,-12141,-51912,83387,0
41135,0,-9216,-192512,116736,43616,-12141,-51912,83387,0
41140,0,-9216,-192512,116736,43616,-12141,-51912,83387,0
41145,0,-9216,-192512,116736,43616,-12141,-51912,83387,0
41150,0,-9216,-192512,116736,43616,-12141,-51912,83387,0
41155,0,-9216,-192512,116736,43616,-12141,-51912,83387,0
41160,0,-9216,-192512,116736,43616,-12141,-51912,83387,0
41165,0,-9216,-192512,116736,43616,-12141,-51912,83387,0
41170,0,-9216,-192512,116736,43616,-12141,-51912,83387,0
41175,0,-9216,-192512,116736,43616,-12141,-51912,83387,0
41180,0,-9216,-192512,116736,43616,-12141,-51912,83387,0
41185,0,-9216,-192512,116736,43616,-12141,-51912,83387,0
41190,0,-9216,-192512,116736,43616,-12141,-51912,83387,0
41195,0,-9216,-192512,116736,43616,-121