R
Px,Ix,Dx,Py,Iy,Dy,Pz,Iz,FFrx,FFry,FFdrx,FFdry,satI,satPID,DTermC,GparamC,AparamC,KFQAng,KFQbias,KFRmeas,CPx,CIx,CPy,CIy,CsatI,CsatPID,CFFdrx,CFFdry,CFalpha,FFDTermC,IRelaxR,IRelaxE,DmaxR,DmaxE,DMx,DMy
30,5,13,40,5,25,350,10,0,0,0,0,7,75,10,10.0,64.0,0.000100,0.003000,50,30,0,30,0,75,300,0,0,0.995,10.000,300,100,300,100,25,25
sysTime,PIDRefX,PIDRefY,PIDRefZ,PIDSensX,PIDSensY,PIDSensZ,PIDPoutX,PIDIoutX,PIDDoutX
214.007,95.932,-96.378,3.000,-0.677,-0.912,-1.175,2.898,0.308,0.048
214.013,95.932,-96.378,3.000,-0.677,-0.912,-1.175,2.898,0.308,0.048
214.019,95.932,-96.378,3.000,-0.677,-0.912,-1.175,2.898,0.308,0.048
214.025,95.932,-96.378,3.000,-0.677,-0.912,-1.175,2.898,0.308,0.048
214.031,95.932,-96.378,3.000,-0.677,-0.912,-1.175,2.898,0.308,0.048
214.037,95.932,-96.378,3.000,-0.677,-0.912,-1.175,2.898,0.308,0.048
214.043,95.932,-96.378,3.000,-0.677,-0.912,-1.175,2.898,0.308,0.048
214.049,95.932,-96.378,3.000,-0.677,-0.912,-1.175,2.898,0.308,0.048
214.055,95.932,-96.378,3.000,-0.677,-0.912,-1.175,2.898,0.308,0.048
214.060,95.932,-96.378,3.000,-0.677,-0.912,-1.175,2.898,0.308,0.048
214.066,95.932,-96.378,3.000,-0.677,-0.912,-1.175,2.898,0.308,0.048
214.072,95.932,-96.378,3.000,-0.677,-0.912,-1.175,2.898,0.308,0.048
214.079,95.932,-96.378,3.000,-0.677,-0.912,-1.175,2.898,0.308,0.048
214.085,95.932,-96.378,3.000,-0.677,-0.912,-1.175,2.898,0.308,0.048
214.091,95.932,-96.378,3.000,-0.677,-0.912,-1.175,2.898,0.308,0.048
214.097,95.932,-96.378,3.000,-0.677,-0.912,-1.175,2.898,0.308,0.048
214.103,95.932,-96.378,3.000,-0.677,-0.912,-1.175,2.898,0.308,0.048
214.108,95.932,-96.378,3.000,-0.677,-0.912,-1.175,2.898,0.308,0.048
214.114,95.932,-96.378,3.000,-0.677,-0.912,-1.175,2.898,0.308,0.048
214.120,95.932,-96.378,3.000,-0.677,-0.912,-1.175,2.898,0.308,0.048
214.126,95.932,-96.378,3.000,-0.677,-0.912,-1.175,2.898,0.308,0.048
214.132,95.932,-96.378,3.000,-0.677,-0.912,-1.175,2.898,0.308,0.048
214.138,95.932,-96.378,3.000,-0.677,-0.912,-1.175,2.898,0.308,0.048
214.145,95.932,-96.378,3.000,-0.677,-0.912,-1.175,2.898,0.308,0.048
214.151,95.932,-96.378,3.000,-0.677,-0.912,-1.175,2.898,0.308,0.048
214.156,95.932,-96.378,3.000,-0.677,-0.912,-1.175,2.898,0.308,0.048
214.162,95.932,-96.378,3.000,-0.677,-0.912,-1.175,2.898,0.308,0.048
214.168,95.932,-96.378,3.000,-0.677,-0.912,-1.175,2.898,0.308,0.048
214.174,95.932,-96.378,3.000,-0.677,-0.912,-1.175,2.898,0.308,0.048
214.180,95.932,-96.378,3.000,-0.677,-0.912,-1.175,2.898,0.308,0.048
214.186,95.932,-96.378,3.000,-0.677,-0.912,-1.175,2.898,0.308,0.048
214.192,95.932,-96.378,3.000,-0.677,-0.912,-1.175,2.898,0.308,0.048
214.197,95.932,-96.378,3.000,-0.677,-0.912,-1.175,2.898,0.308,0.048
214.203,95.932,-96.378,3.000,-0.677,-0.912,-1.175,2.898,0.308,0.048
214.210,95.932,-96.378,3.000,-0.677,-0.912,-1.175,2.898,0.308,0.048
214.216,95.932,-96.378,3.000,-0.677,-0.912,-1.175,2.898,0.308,0.048
214.222,95.932,-96.378,3.000,-0.677,-0.912,-1.175,2.898,0.308,0.048
214.228,95.932,-96.378,3.000,-0.677,-0.912,-1.175,2.898,0.308,0.048
214.234,95.932,-96.378,3.000,-0.677,-0.912,-1.175,2.898,0.308,0.048
214.240,95.932,-96.378,3.000,-0.677,-0.912,-1.175,2.898,0.308,0.048
214.245,95.932,-96.378,3.000,-0.677,-0.912,-1.175,2.898,0.308,0.048
214.251,95.932,-96.378,3.000,-0.677,-0.912,-1.175,2.898,0.308,0.048
214.257,95.932,-96.378,3.000,-0.677,-0.912,-1.175,2.898,0.308,0.048
214.263,95.932,-96.378,3.000,-0.677,-0.912,-1.175,2.898,0.308,0.048
214.269,95.932,-96.378,3.000,-0.677,-0.912,-1.175,2.898,0.308,0.048
214.276,95.932,-96.378,3.000,-0.677,-0.912,-1.175,2.898,0.308,0.048
214.282,95.932,-96.378,3.000,-0.677,-0.912,-1.175,2.898,0.308,0.048
214.287,95.932,-96.378,3.000,-0.677,-0.912,-1.175,2.898,0.308,0.048
214.293,95.932,-96.378,3.000,-0.677,-0.912,-1.175,2.898,0.308,0.048
214.299,95.932,-96.378,3.000,-0.677,-0.912,-1.175,2.898,0.308,0.048
214.305,95.932,-96.378,3.000,-0.677,-0.912,-1.175,2.898,0.308,0.048
214.311,95.932,-96.378,3.000,-0.677,-0.912,-1.175,2.898,0.308,0.048
214.317,95.932,-96.378,3.000,-0.677,-0.912,-1.175,2.898,0.308,0.048
214.323,95.932,-96.378,3.000,-0.677,-0.912,-1.175,2.898,0.308,0.048
214.329,95.932,-96.378,3.000,-0.677,-0.912,-1.175,2.898,0.308,0.048
214.334,95.932,-96.378,3.000,-0.677,-0.912,-1.175,2.898,0.308,0.048
214.341,95.932,-96.378,3.000,-0.677,-0.912,-1.175,2.898,0.308,0.048
214.347,95.932,-96.378,3.000,-0.677,-0.912,-1.175,2.898,0.308,0.048
214.353,95.932,-96.378,3.000,-0.677,-0.912,-1.175,2.898,0.308,0.048
214.359,95.932,-96.378,3.000,-0.677,-0.912,-1.175,2.898,0.308,0.048
214.365,95.932,-96.378,3.000,-0.677,-0.912,-1.175,2.898,0.308,0.048
214.371,95.932,-96.378,3.000,-0.677,-0.912,-1.175,2.898,0.308,0.048
214.376,95.932,-96.378,3.000,-0.677,-0.912,-1.175,2.898,0.308,0.048
214.382,95.932,-96.378,3.000,-0.677,-0.912,-1.175,2.898,0.308,0.048
214.388,95.932,-96.378,3.000,-0.677,-0.912,-1.175,2.898,0.308,0.048
214.394,95.932,-96.378,3.000,-0.677,-0.912,-1.175,2.898,0.308,0.048
214.401,95.932,-96.378,3.000,-0.677,-0.912,-1.175,2.898,0.308,0.048
214.407,95.932,-96.378,3.000,-0.677,-0.912,-1.175,2.898,0.308,0.048
214.413,95.932,-96.378,3.000,-0.677,-0.912,-1.175,2.898,0.308,0.048
214.419,95.932,-96.378,3.000,-0.677,-0.912,-1.175,2.898,0.308,0.048
214.424,95.932,-96.378,3.000,-0.677,-0.912,-1.175,2.898,0.308,0.048
214.430,95.932,-96.378,3.000,-0.677,-0.912,-1.175,2.898,0.308,0.048
214.436,95.932,-96.378,3.000,-0.677,-0.912,-1.175,2.898,0.308,0.048
214.442,95.932,-96.378,3.000,-0.677,-0.912,-1.175,2.898,0.308,0.048
214.448,95.932,-96.378,3.000,-0.677,-0.912,-1.175,2.898,0.308,0.048
214.454,95.932,-96.378,3.000,-0.677,-0.912,-1.175,2.898,0.308,0.048
214.460,95.932,-96.378,3.000,-0.677,-0.912,-1.175,2.898,0.308,0.048
214.466,95.932,-96.378,3.000,-0.677,-0.912,-1.175,2.898,0.308,0.048
214.472,95.932,-96.378,3.000,-0.677,-0.912,-1.175,2.898,0.308,0.048
214.478,95.932,-96.378,3.000,-0.677,-0.912,-1.175,2.898,0.308,0.048
214.484,95.932,-96.378,3.000,-0.677,-0.912,-1.175,2.898,0.308,0.048
214.490,95.932,-96.378,3.000,-0.677,-0.912,-1.175,2.898,0.308,0.048
214.496,95.932,-96.378,3.000,-0.677,-0.912,-1.175,2.898,0.308,0.048
214.502,95.932,-96.378,3.000,-0.677,-0.912,-1.175,2.898,0.308,0.048
214.508,95.932,-96.378,3.000,-0.677,-0.912,-1.175,2.898,0.308,0.048
214.513,95.932,-96.378,3.000,-0.677,-0.912,-1.175,2.898,0.308,0.048
214.519,95.932,-96.378,3.000,-0.677,-0.912,-1.175,2.898,0.308,0.048
214.526,95.932,-96.378,3.000,-0.677,-0.912,-1.175,2.898,0.308,0.048
214.532,95.932,-96.378,3.000,-0.677,-0.912,-1.175,2.898,0.308,0.048
214.538,95.932,-96.378,3.000,-0.677,-0.912,-1.175,2.898,0.308,0.048
214.544,95.932,-96.378,3.000,-0.677,-0.912,-1.175,2.898,0.308,0.048
214.550,95.932,-96.378,3.000,-0.677,-0.912,-1.175,2.898,0.308,0.048
214.555,95.932,-96.378,3.000,-0.677,-0.912,-1.175,2.898,0.308,0.048
214.561,95.932,-96.378,3.000,-0.677,-0.912,-1.175,2.898,0.308,0.048
214.567,95.932,-96.378,3.000,-0.677,-0.912,-1.175,2.898,0.308,0.048
214.573,0.000,-0.297,0.000,-1.194,0.908,0.205,0.036,0.000,-0.077
214.579,0.000,-0.297,0.000,-1.015,1.339,0.674,0.030,0.001,-0.048
214.586,0.000,-0.297,0.000,0.542,-0.167,1.359,-0.016,0.001,0.068
214.592,0.000,-0.297,0.000,0.729,-0.334,0.924,-0.022,0.000,0.050
214.599,0.000,-0.297,0.000,0.271,-0.159,0.618,-0.008,0.000,0.005
214.605,0.000,-0.297,0.000,0.226,0.611,1.265,-0.007,0.000,0.002
214.611,0.000,-0.297,0.000,0.213,0.603,2.170,-0.006,0.000,0.007
214.618,0.000,-0.297,0.000,-0.865,-0.148,2.082,0.026,0.000,-0.067
214.624,0.000,-0.297,0.000,-1.332,-0.167,0.605,0.040,0.001,-0.076
214.630,0.000,-0.297,0.000,-0.854,0.420,0.447,0.026,0.001,-0.022
214.637,0.000,-0.297,1.000,-0.563,1.290,0.235,0.017,0.001,-0.002
214.643,0.000,-0.297,1.000,-0.764,1.142,0.080,0.023,0.001,-0.007
214.650,0.000,-0.297,0.000,-0.051,0.736,0.539,0.002,0.002,0.036
214.656,0.000,-0.297,0.000,-0.565,0.538,-0.010,0.017,0.002,-0.008
214.662,0.000,-0.297,1.000,-0.606,-0.076,0.005,0.018,0.002,-0.007
214.669,0.000,-0.297,1.000,-1.378,0.581,0.207,0.041,0.002,-0.050
214.675,0.000,-0.297,1.000,-1.969,-0.059,-0.291,0.059,0.003,-0.052
214.682,0.000,-0.297,1.000,-0.931,0.031,0.545,0.028,0.004,0.038
214.688,0.000,-0.297,1.000,-0.680,-0.128,-0.146,0.020,0.004,0.043
214.694,0.000,-0.297,1.000,-0.720,0.890,-0.618,0.022,0.004,0.038
214.701,0.000,-0.297,1.000,-1.164,0.691,-1.150,0.035,0.004,0.003
214.707,0.000,-0.297,1.000,-0.949,0.012,0.124,0.028,0.005,0.017
214.714,0.000,-0.297,1.000,-0.615,0.199,-0.531,0.018,0.005,0.027
214.720,0.000,-0.297,1.000,0.617,-0.181,-0.454,-0.018,0.005,0.097
214.726,0.000,-0.297,1.000,0.693,-0.887,-2.407,-0.021,0.005,0.072
214.733,0.000,-0.297,1.000,0.781,-0.309,-1.037,-0.023,0.005,0.060
214.739,0.000,-0.297,1.000,-0.188,-0.571,4.924,0.006,0.005,-0.017
214.745,0.000,-0.297,1.000,-0.732,-0.401,0.850,0.022,0.005,-0.048
214.752,0.000,-0.297,1.000,0.269,-0.275,-1.838,-0.008,0.005,0.026
214.758,0.000,-0.297,1.000,1.860,0.446,-1.017,-0.056,0.004,0.102
214.765,0.000,-0.297,1.000,0.274,-0.318,3.169,-0.008,0.004,-0.029
214.771,0.000,-0.297,1.000,-0.214,-1.120,2.902,0.006,0.004,-0.057
214.777,0.000,-0.297,1.000,-0.307,-0.040,-5.390,0.009,0.004,-0.048
214.784,0.000,-0.297,1.000,1.535,1.635,-0.916,-0.046,0.004,0.078
214.790,0.000,-0.297,1.000,1.272,1.511,3.015,-0.038,0.003,0.039
214.797,0.000,-0.297,1.000,0.206,0.876,0.604,-0.006,0.003,-0.037
214.803,0.000,-0.297,1.000,-0.138,1.156,-3.744,0.004,0.003,-0.045
214.809,0.000,-0.297,1.000,0.036,0.764,0.749,-0.001,0.003,-0.018
214.816,0.000,-0.297,1.000,1.356,-1.708,3.351,-0.041,0.003,0.080
214.822,0.000,-0.297,1.000,1.297,-1.760,1.130,-0.039,0.002,0.060
214.829,0.000,-0.297,1.000,1.702,-1.366,-1.379,-0.051,0.002,0.076
214.835,0.000,-0.297,1.000,0.542,-1.022,0.388,-0.016,0.002,-0.021
214.841,0.000,-0.297,1.000,-0.327,-0.153,1.078,0.010,0.002,-0.073
214.848,0.000,-0.297,1.000,-0.296,-0.659,-1.048,0.009,0.002,-0.045
214.853,0.000,-0.297,1.000,-0.437,-0.937,-1.351,0.013,0.002,-0.047
214.859,0.000,-0.297,1.000,1.385,-0.333,0.342,-0.042,0.002,0.080
214.865,0.000,-0.297,1.000,0.889,-0.358,0.021,-0.027,0.001,0.028
214.872,0.000,-0.297,1.000,-0.285,-1.520,-0.724,0.009,0.001,-0.062
214.878,0.000,-0.297,1.000,1.417,-1.689,-1.015,-0.043,0.001,0.063
214.885,0.000,-0.297,1.000,1.639,-1.101,-1.300,-0.049,0.001,0.071
214.891,0.000,-0.297,1.000,2.155,-0.582,0.597,-0.065,0.000,0.103
214.897,0.000,-0.297,1.000,0.365,-1.174,1.118,-0.011,0.000,-0.026
214.904,0.000,-0.297,1.000,0.371,-0.754,-0.127,-0.011,-0.000,-0.026
214.910,0.000,-0.297,1.000,-0.214,-0.916,-0.508,0.006,-0.000,-0.075
214.917,0.000,-0.297,1.000,-0.733,-0.514,0.678,0.022,-0.000,-0.082
214.923,0.000,-0.297,1.000,-0.878,-1.430,1.244,0.026,0.000,-0.053
214.929,0.000,-0.297,1.000,-0.025,-0.543,0.499,0.001,0.000,0.022
214.936,0.000,-0.297,1.000,0.088,-0.197,0.154,-0.003,0.001,0.030
214.942,0.000,-0.297,1.000,-1.373,-0.535,1.159,0.041,0.001,-0.073
214.948,0.000,-0.297,1.000,-1.672,-0.449,0.425,0.050,0.001,-0.077
214.955,0.000,-0.297,1.000,-1.078,-2.096,2.436,0.032,0.002,-0.015
214.961,0.000,-0.297,1.000,-0.614,-1.532,1.417,0.018,0.002,0.038
214.968,0.000,-0.297,1.000,-0.284,-2.008,1.321,0.009,0.002,0.049
214.974,0.000,-0.297,1.000,0.674,-0.767,0.017,-0.020,0.002,0.087
214.981,0.000,-0.297,1.000,-0.201,-1.002,-0.107,0.006,0.002,-0.003
214.987,0.000,-0.297,1.000,-0.978,-1.525,-0.300,0.029,0.002,-0.055
214.993,0.000,-0.297,1.000,0.086,1.349,-1.109,-0.003,0.002,0.040
215.000,0.000,-0.297,1.000,1.152,1.811,0.590,-0.035,0.002,0.093
215.006,0.000,-0.297,1.000,0.740,0.527,-0.786,-0.022,0.002,0.034
215.013,0.000,-0.297,1.000,-0.071,0.033,-2.101,0.002,0.002,-0.024
215.019,0.000,-0.297,1.000,-0.374,-0.168,-1.303,0.011,0.002,-0.035
215.025,0.000,-0.297,1.000,0.110,0.485,-1.623,-0.003,0.002,0.010
215.032,0.000,-0.297,1.000,-0.034,0.596,-2.158,0.001,0.002,-0.002
215.038,0.000,-0.297,1.000,-0.531,0.146,-0.992,0.016,0.002,-0.033
215.044,0.000,-0.297,1.000,0.377,-1.262,0.436,-0.011,0.002,0.037
215.051,0.000,-0.297,1.000,0.900,-2.278,1.212,-0.027,0.002,0.078
215.057,0.000,-0.297,1.000,0.566,-1.671,-0.746,-0.017,0.002,0.038
215.064,0.000,-0.297,1.000,-0.109,0.198,0.491,0.003,0.002,-0.023
215.070,0.000,-0.297,1.000,-0.277,-1.347,0.504,0.008,0.002,-0.034
215.077,0.000,-0.297,1.000,-1.731,-0.985,-0.430,0.052,0.002,-0.107
215.083,0.000,-0.297,1.000,-1.194,-0.281,-0.087,0.036,0.003,-0.037
215.089,0.000,-0.297,1.000,-0.800,0.279,-0.949,0.024,0.003,0.000
215.096,0.000,-0.297,1.000,0.643,-0.270,-1.739,-0.019,0.003,0.091
215.101,0.000,-0.446,1.000,1.140,-0.184,-1.465,-0.034,0.003,0.105
215.106,0.000,-0.446,1.000,1.778,-0.279,-0.935,-0.053,0.002,0.105
215.111,0.000,-0.446,1.000,0.239,-0.539,-0.243,-0.007,0.002,-0.003
215.116,0.000,-0.446,1.000,1.139,-0.565,1.997,-0.034,0.002,0.048
215.121,0.000,-0.446,1.000,0.619,0.144,1.642,-0.019,0.002,0.000
215.127,0.000,-0.446,1.000,1.443,-0.158,0.516,-0.043,0.001,0.055
215.132,0.000,-0.446,1.000,0.272,-0.593,0.129,-0.008,0.001,-0.039
215.137,0.000,-0.446,1.000,1.450,-1.480,1.299,-0.044,0.001,0.044
215.142,0.000,-0.595,1.000,-1.248,-1.021,0.762,0.037,0.001,-0.137
215.148,0.000,-0.595,1.000,0.221,-2.330,2.098,-0.007,0.001,-0.001
215.155,0.000,-0.595,1.000,0.660,-3.546,0.694,-0.020,0.001,0.037
215.161,0.000,-0.595,1.000,-0.050,-2.565,-0.820,0.001,0.001,-0.036
215.168,0.000,-0.595,1.000,0.046,-3.924,0.500,-0.001,0.000,-0.026
215.174,0.000,-0.595,1.000,0.372,-4.310,2.145,-0.011,0.001,0.012
215.181,0.000,-0.595,1.000,-0.414,-3.169,1.747,0.012,0.001,-0.040
215.187,0.000,-0.595,1.000,0.639,-1.059,-0.732,-0.019,0.000,0.033
215.192,0.000,-0.595,1.000,0.087,-2.170,0.483,-0.003,0.000,-0.024
215.199,0.000,-0.595,1.000,1.208,-2.643,1.720,-0.036,-0.000,0.049
215.204,0.000,-0.893,1.000,0.543,-1.451,0.006,-0.016,-0.000,0.005
215.209,0.000,-0.893,1.000,0.583,-2.607,1.357,-0.017,-0.000,-0.007
215.214,0.000,-0.893,1.000,0.718,-1.080,1.860,-0.022,-0.001,0.004
215.219,0.000,-1.043,1.000,-1.644,0.221,-0.020,0.049,-0.000,-0.140
215.225,0.000,-1.043,1.000,-0.828,-1.585,1.960,0.025,-0.000,-0.075
215.231,0.000,-1.043,1.000,1.116,-2.042,3.915,-0.033,-0.000,0.069
215.236,0.000,-1.043,1.000,0.705,0.691,-0.661,-0.021,-0.000,0.052
215.241,0.000,-1.043,1.000,-1.600,-0.566,-0.254,0.048,-0.000,-0.123
215.247,0.000,-1.043,1.000,0.408,-2.366,2.868,-0.012,-0.000,0.019
215.252,0.000,-1.043,1.000,1.546,-0.493,2.046,-0.046,-0.000,0.110
215.258,0.000,-1.043,1.000,-0.412,0.700,-0.204,0.012,-0.000,-0.022
215.263,0.000,-1.043,1.000,-0.811,-3.011,1.335,0.024,-0.001,-0.076
215.269,0.000,-1.342,1.000,-0.523,-2.918,2.224,0.016,-0.000,-0.044
215.274,0.000,-1.342,1.000,-0.369,-0.846,0.380,0.011,0.000,0.019
215.280,0.000,-1.793,1.000,-1.798,0.379,-1.350,0.054,0.001,-0.037
215.285,0.000,-1.793,1.000,-3.626,-1.022,0.285,0.109,0.001,-0.158
215.290,0.000,-1.793,1.000,-0.186,-2.555,1.974,0.006,0.002,0.072
215.295,0.000,-2.248,1.000,2.130,-3.296,2.326,-0.064,0.001,0.207
215.301,0.000,-2.553,1.000,0.572,-1.784,1.129,-0.017,0.002,0.112
215.306,0.000,-2.553,1.000,-2.634,-1.663,-1.729,0.079,0.002,-0.107
215.312,0.000,-2.860,1.000,-4.179,-2.593,-1.153,0.125,0.003,-0.217
215.317,0.000,-3.325,1.000,-2.530,-5.735,-0.611,0.076,0.003,-0.093
215.323,0.000,-3.325,1.000,-1.217,-5.489,1.053,0.037,0.004,0.006
215.328,0.000,-3.325,1.000,-0.903,-5.641,3.077,0.027,0.004,0.065
215.333,0.000,-3.639,1.000,-3.717,-3.354,1.963,0.112,0.005,-0.101
215.339,0.000,-4.114,1.000,-4.799,-2.855,0.358,0.144,0.006,-0.153
215.344,0.000,-4.114,1.000,-7.614,-4.407,-0.262,0.228,0.008,-0.329
215.350,0.000,-4.114,1.000,-5.940,-8.645,2.812,0.178,0.009,-0.157
215.355,0.000,-4.598,1.000,-6.622,-7.647,3.595,0.199,0.011,-0.159
215.361,0.000,-4.760,1.000,-9.310,-6.890,3.625,0.279,0.014,-0.212
215.366,0.000,-4.760,1.000,-9.970,-4.775,3.290,0.299,0.017,-0.175
215.372,0.000,-5.255,1.000,-13.368,-0.543,2.766,0.401,0.020,-0.313
215.377,0.000,-5.589,1.000,-15.299,0.885,2.493,0.459,0.024,-0.364
215.383,0.000,-5.589,1.000,-15.944,0.133,2.394,0.478,0.028,-0.333
215.388,0.000,-5.589,1.000,-16.022,-2.737,1.844,0.481,0.032,-0.301
215.394,0.000,-6.272,1.000,-17.088,-4.032,1.096,0.513,0.036,-0.296
215.399,0.000,-6.621,1.000,-16.255,-4.320,1.666,0.488,0.041,-0.162
215.405,0.000,-6.621,1.000,-16.985,-3.129,1.971,0.510,0.046,-0.146
215.410,0.000,-6.621,1.000,-17.761,-2.005,3.520,0.533,0.051,-0.136
215.416,0.000,-6.974,1.000,-20.694,-2.084,3.338,0.621,0.057,-0.261
215.421,0.000,-6.974,1.000,-19.957,-1.376,4.056,0.599,0.063,-0.115
215.427,0.000,-6.974,1.000,-22.232,1.461,2.640,0.667,0.068,-0.223
215.432,0.000,-6.974,1.000,-25.915,3.217,3.743,0.777,0.075,-0.374
215.438,0.000,-6.974,1.000,-22.708,4.315,4.152,0.681,0.082,-0.075
215.443,0.000,-6.974,1.000,-23.755,6.147,3.964,0.713,0.088,-0.146
215.449,0.000,-6.974,1.000,-29.306,7.774,3.093,0.879,0.096,-0.412
215.454,0.000,-6.974,1.000,-25.131,5.499,3.394,0.754,0.103,-0.044
215.459,0.000,-6.974,1.000,-28.371,5.175,3.012,0.851,0.111,-0.225
215.465,0.000,-6.974,1.000,-26.953,6.136,2.948,0.809,0.118,-0.086
215.470,0.000,-7.153,1.000,-25.438,3.481,2.474,0.763,0.125,-0.012
215.476,0.000,-7.153,1.000,-27.063,-0.809,0.511,0.812,0.132,-0.127
215.481,0.000,-7.153,1.000,-28.629,-4.631,1.110,0.859,0.139,-0.193
215.487,0.000,-7.153,1.000,-26.310,-9.037,2.797,0.789,0.147,-0.042
215.492,0.000,-7.333,1.000,-27.057,-11.026,2.299,0.812,0.154,-0.100
215.498,0.000,-7.333,1.000,-30.849,-10.642,2.874,0.925,0.162,-0.298
215.503,0.000,-7.333,1.000,-30.320,-10.697,4.351,0.910,0.170,-0.195
215.509,0.000,-7.333,1.000,-29.722,-9.430,4.118,0.892,0.178,-0.141
215.514,0.000,-7.333,1.000,-35.024,-4.574,4.485,1.051,0.187,-0.427
215.520,0.000,-7.515,1.000,-35.782,-1.723,5.166,1.073,0.197,-0.357
215.525,0.000,-7.515,1.000,-33.611,-0.925,7.018,1.008,0.206,-0.194
215.531,0.000,-7.515,1.000,-34.380,2.818,7.121,1.031,0.214,-0.246
215.536,0.000,-7.515,1.000,-38.899,8.319,5.992,1.167,0.224,-0.488
215.542,0.000,-7.698,1.000,-37.955,9.569,6.472,1.139,0.234,-0.388
215.547,0.000,-7.698,1.000,-37.231,8.150,5.289,1.117,0.242,-0.323
215.552,0.000,-7.698,1.000,-35.990,12.182,4.836,1.080,0.252,-0.197
215.557,0.000,-7.698,1.000,-34.704,11.274,3.290,1.041,0.260,-0.119
215.563,0.000,-7.698,1.000,-35.327,15.991,2.305,1.060,0.269,-0.151
215.568,0.000,-7.698,1.000,-35.641,19.048,2.742,1.069,0.279,-0.157
215.573,0.000,-7.698,1.000,-34.133,21.933,5.002,1.024,0.287,-0.071
215.578,0.000,-7.698,1.000,-36.215,26.037,5.270,1.086,0.296,-0.230
215.583,0.000,-7.698,1.000,-34.644,28.286,6.062,1.039,0.304,-0.125
215.589,0.000,-7.698,1.000,-31.049,33.245,6.403,0.931,0.312,0.047
215.594,0.000,-7.698,1.000,-26.161,33.011,5.710,0.785,0.318,0.261
215.599,0.000,-7.883,1.000,-27.517,35.290,4.851,0.826,0.325,0.056
215.605,0.000,-7.883,1.000,-27.569,36.381,3.796,0.827,0.332,-0.010
215.610,0.000,-7.883,1.000,-25.519,36.815,4.631,0.766,0.339,0.114
215.616,0.000,-7.883,1.000,-22.412,36.386,4.525,0.672,0.346,0.288
215.621,0.000,-7.883,1.000,-18.535,30.772,6.741,0.556,0.350,0.480
215.627,0.000,-7.698,1.000,-15.828,27.080,6.319,0.475,0.350,0.582
215.632,0.000,-7.698,1.000,-10.768,20.478,7.879,0.323,0.350,0.807
215.637,0.000,-7.698,1.000,-8.330,20.707,7.723,0.250,0.350,0.797
215.642,0.000,-7.883,1.000,-3.285,15.310,7.262,0.099,0.350,0.924
215.648,0.000,-7.883,1.000,-1.814,15.041,6.779,0.054,0.350,0.759
215.653,0.000,-7.883,1.000,0.767,11.712,5.458,-0.023,0.350,0.683
215.659,0.000,-7.883,1.000,6.666,8.617,5.678,-0.200,0.348,0.834
215.664,0.000,-7.883,1.000,9.480,7.289,6.022,-0.284,0.346,0.773
215.670,0.000,-7.883,1.000,6.527,11.935,6.437,-0.196,0.343,0.406
215.675,0.000,-7.883,1.000,4.154,16.308,8.290,-0.125,0.342,0.183
215.681,0.000,-7.883,1.000,2.439,19.139,7.862,-0.073,0.342,0.053
215.686,0.149,-7.883,1.000,0.041,22.219,5.714,0.003,0.342,-0.075
215.692,0.149,-7.883,1.000,-2.181,22.128,5.028,0.070,0.342,-0.162
215.697,0.149,-7.883,1.000,-2.243,21.437,3.789,0.072,0.343,-0.098
215.703,0.149,-7.883,1.000,-4.030,20.744,3.476,0.125,0.344,-0.177
215.708,0.149,-7.883,1.000,-6.741,21.627,4.507,0.207,0.345,-0.318
215.714,0.149,-7.883,1.000,-9.959,22.249,4.413,0.303,0.347,-0.469
215.720,0.446,-8.636,1.000,-10.107,24.096,6.192,0.317,0.350,-0.373
215.726,0.595,-8.636,1.000,-7.063,20.473,9.105,0.230,0.350,-0.117
215.732,0.595,-8.636,1.000,-9.536,19.199,7.392,0.304,0.350,-0.188
215.738,0.595,-8.636,1.000,-13.143,17.862,7.634,0.412,0.350,-0.325
215.744,0.595,-8.636,1.000,-14.519,19.109,7.872,0.453,0.350,-0.371
215.750,0.893,-9.816,1.000,-10.272,12.781,7.944,0.335,0.350,-0.076
215.756,1.342,-10.430,1.000,-10.100,5.812,4.109,0.343,0.350,-0.044
215.763,2.400,-10.849,1.000,-12.102,8.414,3.159,0.435,0.350,-0.119
215.768,2.400,-10.849,1.000,-14.017,6.067,4.619,0.493,0.350,-0.233
215.774,3.014,-11.932,1.000,-8.629,1.078,6.471,0.349,0.350,0.117
215.781,3.325,-12.380,1.000,-6.245,-3.604,6.803,0.287,0.350,0.217
215.788,3.325,-12.380,1.000,-8.490,-2.180,7.983,0.354,0.350,0.033
215.794,4.436,-13.068,1.000,-6.055,-5.649,8.541,0.315,0.350,0.098
215.801,4.436,-13.068,1.000,-2.571,-10.250,8.567,0.210,0.350,0.264
215.807,4.436,-13.068,1.000,-4.345,-12.132,7.231,0.263,0.350,0.139
215.814,4.436,-13.068,1.000,-1.684,-11.834,6.633,0.184,0.350,0.212
215.820,6.100,-15.261,1.000,-1.981,-12.838,8.884,0.242,0.350,0.139
215.827,6.100,-15.261,1.000,-3.685,-9.026,9.167,0.294,0.350,0.021
215.833,6.100,-15.261,1.000,-4.724,-4.761,9.195,0.325,0.350,-0.063
215.840,7.883,-17.387,1.000,-0.538,-10.387,8.733,0.253,0.350,0.163
215.847,8.636,-18.518,1.000,1.531,-13.246,5.996,0.213,0.350,0.225
215.853,8.636,-18.518,1.000,1.153,-7.572,6.438,0.224,0.350,0.150
215.860,8.636,-18.518,1.000,3.695,-7.633,5.860,0.148,0.350,0.233
215.866,9.615,-19.697,1.000,3.182,-6.482,5.252,0.193,0.350,0.150
215.873,9.615,-20.927,1.000,2.518,-1.989,6.418,0.213,0.350,0.059
215.879,9.615,-20.927,1.000,3.454,-1.870,7.913,0.185,0.350,0.081
215.886,9.615,-21.561,1.000,1.662,-2.400,5.597,0.239,0.350,-0.005
215.892,9.615,-22.209,1.000,-1.309,5.740,5.348,0.328,0.350,-0.135
215.899,9.615,-22.209,1.000,-0.814,10.005,7.383,0.313,0.350,-0.095
215.905,9.615,-22.209,1.000,1.655,6.067,8.730,0.239,0.350,0.041
215.912,9.416,-22.538,1.000,-1.415,2.368,8.517,0.325,0.350,-0.102
215.918,9.416,-22.871,1.000,-3.106,4.459,7.520,0.376,0.350,-0.179
215.925,9.615,-23.546,1.000,1.078,-3.189,6.286,0.256,0.350,0.079
215.931,9.615,-23.546,1.000,-0.550,-3.892,3.548,0.305,0.350,0.005
215.938,9.816,-23.207,1.000,-1.755,-1.943,5.139,0.347,0.350,-0.076
215.945,9.816,-23.207,1.000,-3.156,-4.132,4.403,0.389,0.350,-0.130
215.951,10.224,-23.546,1.000,-4.260,-3.919,3.346,0.435,0.350,-0.147
215.958,10.224,-23.546,1.000,-4.018,-3.418,4.150,0.427,0.350,-0.119
215.964,10.224,-24.941,1.000,-0.939,-9.020,4.908,0.335,0.350,0.074
215.971,10.224,-26.026,1.000,-4.953,-4.871,4.508,0.455,0.350,-0.120
215.977,10.224,-26.026,1.000,-6.064,-1.121,3.775,0.489,0.350,-0.157
215.984,10.224,-26.026,1.000,-1.302,-2.577,5.671,0.346,0.350,0.090
215.990,10.224,-26.768,1.000,1.530,-6.739,6.653,0.261,0.350,0.206
215.997,10.224,-27.145,1.000,-0.628,-7.048,5.545,0.326,0.350,0.061
216.003,10.224,-26.768,1.000,0.712,-4.892,4.809,0.285,0.350,0.092
216.010,10.019,-27.526,1.000,2.750,-5.791,5.815,0.218,0.350,0.179
216.016,10.019,-28.300,1.000,1.039,-1.527,4.898,0.269,0.350,0.051
216.023,10.019,-27.526,1.000,3.869,-1.476,4.422,0.184,0.350,0.148
216.030,10.019,-27.526,1.000,6.552,-3.908,2.192,0.104,0.350,0.258
216.036,10.019,-27.526,1.000,3.849,-1.840,1.040,0.185,0.350,0.083
216.043,10.224,-27.911,1.000,6.724,4.805,0.780,0.105,0.350,0.184
216.049,10.224,-27.911,1.000,9.327,0.843,3.133,0.027,0.350,0.271
216.056,10.639,-27.911,1.000,7.355,-2.139,1.012,0.099,0.350,0.106
216.062,11.932,-27.911,1.000,4.900,-3.940,0.635,0.211,0.350,-0.036
216.069,12.380,-27.911,1.000,8.277,-7.869,1.351,0.123,0.350,0.127
216.075,12.380,-27.911,1.000,11.205,-11.661,1.339,0.035,0.350,0.244
216.082,12.380,-27.911,1.000,8.717,-8.495,1.411,0.110,0.350,0.085
216.088,12.380,-27.911,1.000,5.154,-4.374,0.801,0.217,0.350,-0.123
216.095,13.777,-28.300,1.000,7.059,-8.242,1.254,0.202,0.350,-0.026
216.101,13.777,-28.300,1.000,10.327,-12.174,0.888,0.104,0.350,0.159
216.108,14.508,-24.941,1.000,9.569,-19.729,1.613,0.148,0.350,0.100
216.114,14.508,-24.941,1.000,8.040,-18.268,0.858,0.194,0.350,0.003
216.121,14.508,-23.207,1.000,8.240,-16.366,-0.590,0.188,0.350,0.002
216.128,14.508,-23.207,1.000,9.023,-13.165,-2.106,0.165,0.350,0.045
216.134,15.518,-21.884,1.000,8.868,-11.183,-1.339,0.199,0.350,0.034
216.141,16.038,-21.243,1.000,9.064,-13.973,0.678,0.209,0.350,0.040
216.147,16.038,-21.243,1.000,10.926,-17.882,1.922,0.153,0.350,0.110
216.154,16.038,-21.243,1.000,10.694,-17.414,0.638,0.160,0.350,0.078
216.161,16.038,-21.243,1.000,10.029,-13.631,-1.563,0.180,0.350,0.037
216.167,17.947,-20.615,1.000,10.683,-10.695,-4.839,0.218,0.350,0.054
216.174,19.398,-20.615,1.000,11.719,-9.111,-1.452,0.230,0.350,0.082
216.180,19.398,-20.615,1.000,13.245,-8.080,-0.454,0.185,0.350,0.121
216.187,19.398,-20.615,1.000,10.143,-6.280,-0.873,0.278,0.350,-0.060
216.194,20.615,-20.000,1.000,10.088,-5.807,-0.556,0.316,0.350,-0.042
216.200,20.927,-19.697,1.000,10.580,-6.894,-1.170,0.310,0.350,0.001
216.207,20.927,-19.697,1.000,11.121,-7.036,-3.114,0.294,0.350,0.046
216.213,20.927,-19.697,1.000,11.772,-8.407,-4.433,0.275,0.350,0.075
216.220,21.561,-19.697,1.000,12.903,-8.345,-6.828,0.260,0.350,0.114
216.226,22.209,-19.697,1.000,14.811,-6.407,-6.926,0.222,0.350,0.180
216.233,22.209,-19.697,1.000,15.239,-7.410,-4.733,0.209,0.350,0.145
216.240,23.207,-19.697,1.000,17.546,-7.745,-0.056,0.170,0.350,0.199
216.246,23.207,-19.697,1.000,20.532,-10.302,3.875,0.080,0.350,0.284
216.253,23.207,-19.697,1.000,20.855,-12.072,2.338,0.071,0.350,0.240
216.259,23.207,-19.697,1.000,24.250,-15.543,0.561,-0.031,0.350,0.361
216.266,25.660,-20.000,1.000,25.618,-19.437,-1.496,0.001,0.350,0.355
216.273,27.145,-20.306,1.000,24.173,-21.938,-3.189,0.089,0.350,0.210
216.279,28.300,-20.306,1.000,23.878,-21.649,-2.974,0.133,0.350,0.156
216.286,28.300,-20.306,1.000,24.179,-22.756,-3.975,0.124,0.350,0.145
216.292,29.491,-20.615,1.000,23.949,-26.224,-5.341,0.166,0.350,0.092
216.299,29.491,-20.615,1.000,23.778,-27.901,-4.755,0.171,0.350,0.038
216.305,29.491,-20.615,1.000,22.957,-25.987,-3.045,0.196,0.350,-0.027
216.312,29.491,-20.615,1.000,22.528,-26.188,-1.290,0.209,0.350,-0.065
216.318,30.306,-20.306,1.000,22.993,-27.110,-0.480,0.219,0.350,-0.035
216.325,30.306,-20.306,1.000,21.413,-25.492,-1.164,0.267,0.350,-0.117
216.332,30.720,-19.697,1.000,21.308,-25.281,-2.125,0.282,0.350,-0.107
216.338,30.720,-19.697,1.000,22.704,-23.774,-2.740,0.240,0.350,-0.029
216.345,30.720,-19.697,1.000,23.789,-22.319,-1.123,0.208,0.350,0.020
216.351,30.720,-19.697,1.000,21.782,-19.609,-0.329,0.268,0.350,-0.096
216.358,30.720,-19.697,1.000,23.028,-17.406,-0.289,0.231,0.350,-0.026
216.364,30.720,-19.697,1.000,25.616,-16.433,1.358,0.153,0.350,0.097
216.371,30.306,-19.102,1.000,25.394,-16.908,1.745,0.147,0.350,0.069
216.377,30.306,-19.102,1.000,24.630,-17.090,1.353,0.170,0.350,0.029
216.384,30.306,-19.102,1.000,24.771,-17.040,-1.959,0.166,0.350,0.050
216.391,30.306,-19.102,1.000,25.078,-17.956,-4.387,0.157,0.350,0.052
216.397,30.306,-19.102,1.000,24.923,-14.711,-6.341,0.161,0.350,0.024
216.404,29.897,-19.102,1.000,25.522,-11.414,-4.350,0.131,0.350,0.039
216.410,29.897,-19.102,1.000,27.399,-12.927,-5.626,0.075,0.350,0.103
216.416,29.897,-19.102,1.000,29.705,-12.035,-2.975,0.006,0.350,0.172
216.422,29.897,-19.102,1.000,29.365,-11.754,-1.622,0.016,0.350,0.088
216.428,29.491,-19.398,1.000,29.139,-10.858,2.214,0.011,0.349,0.037
216.435,29.491,-19.398,1.000,30.864,-14.385,3.648,-0.041,0.349,0.104
216.441,29.491,-19.398,1.000,30.139,-16.194,5.499,-0.019,0.348,0.027
216.448,28.693,-18.808,1.000,30.352,-19.972,3.320,-0.050,0.348,0.030
216.454,28.300,-18.518,1.000,30.396,-21.116,-1.448,-0.063,0.348,0.030
216.461,28.300,-18.518,1.000,29.107,-17.746,-3.814,-0.024,0.347,-0.036
216.467,28.300,-18.518,1.000,28.288,-15.827,-5.236,0.000,0.347,-0.057
216.474,28.300,-18.518,1.000,28.429,-11.801,-4.015,-0.004,0.347,-0.031
216.480,125.102,-113.852,1.000,25.175,-10.834,-1.407,2.998,0.350,-0.181
216.487,126.905,-115.022,1.000,25.367,-12.558,1.030,3.046,0.350,-0.123
216.494,129.815,-117.932,1.000,26.290,-14.487,5.005,3.106,0.350,-0.058
216.500,132.726,-120.843,1.000,31.311,-16.730,5.034,3.042,0.350,0.202
216.507,134.354,-122.471,1.000,32.068,-17.397,2.445,3.069,0.350,0.182
216.514,135.451,-123.568,1.000,36.804,-18.826,0.395,2.959,0.350,0.356
216.520,136.547,-124.664,1.000,39.362,-25.511,-0.239,2.916,0.350,0.404
216.527,133.854,-124.125,1.000,43.153,-32.652,-0.220,2.721,0.350,0.472
216.534,133.069,-123.340,1.000,47.621,-35.013,-0.437,2.563,0.350,0.538
216.541,132.283,-122.555,1.000,56.662,-48.193,0.932,2.269,0.350,0.830
216.547,129.312,-121.994,1.000,62.473,-60.295,1.584,2.005,0.350,0.899
216.554,127.963,-120.645,1.000,68.546,-66.071,0.559,1.782,0.350,0.945
216.561,125.345,-118.027,1.000,79.709,-73.326,4.383,1.369,0.350,1.215
216.567,117.786,-115.636,1.000,89.055,-84.447,5.442,0.862,0.350,1.364
216.574,114.673,-112.566,1.000,93.987,-84.432,2.147,0.621,0.350,1.250
216.581,107.963,-107.117,1.000,98.991,-86.312,-0.718,0.269,0.350,1.155
216.587,103.525,-102.679,1.000,107.618,-89.593,-1.363,-0.123,0.350,1.260
216.594,96.257,-95.327,1.000,113.132,-97.813,0.790,-0.506,0.346,1.204
216.601,90.710,-90.529,1.000,115.626,-105.255,2.053,-0.747,0.338,1.027
216.607,85.994,-85.814,1.000,119.748,-104.996,2.557,-1.013,0.328,0.968
216.614,79.859,-79.679,1.000,120.339,-98.645,2.165,-1.214,0.315,0.756
216.621,71.315,-73.366,1.000,121.815,-95.328,3.201,-1.515,0.300,0.631
216.627,64.365,-66.872,1.000,121.304,-89.699,3.312,-1.708,0.282,0.443
216.634,58.222,-60.728,1.000,119.506,-82.902,2.448,-1.839,0.262,0.240
216.640,50.364,-54.410,1.000,117.241,-85.151,2.458,-2.006,0.240,0.069
216.647,42.452,-46.931,1.000,113.027,-81.427,1.658,-2.117,0.219,-0.168
216.653,35.127,-39.606,1.000,109.047,-81.937,1.852,-2.218,0.195,-0.324
216.660,27.803,-32.282,1.000,104.004,-81.873,0.926,-2.286,0.171,-0.477
216.665,19.280,-23.609,1.000,99.489,-76.833,2.904,-2.406,0.148,-0.575
216.671,11.807,-15.958,1.000,92.438,-71.065,4.944,-2.419,0.124,-0.798
216.678,4.482,-8.634,1.000,85.382,-67.108,4.097,-2.427,0.098,-0.932
216.684,-2.862,-1.289,1.000,77.379,-63.103,3.663,-2.407,0.072,-1.074
216.691,-10.232,6.080,1.000,69.817,-58.452,3.308,-2.401,0.046,-1.169
216.697,-17.898,14.722,1.000,64.258,-54.435,3.485,-2.465,0.022,-1.171
216.702,-25.267,22.091,1.000,58.676,-52.759,4.611,-2.518,-0.001,-1.188
216.708,-32.785,31.293,1.000,51.074,-48.899,3.982,-2.516,-0.024,-1.319
216.714,-40.154,38.662,1.000,45.092,-44.099,5.381,-2.557,-0.049,-1.306
216.719,-46.959,45.767,1.000,37.936,-39.820,6.177,-2.547,-0.071,-1.399
216.724,-53.280,52.088,1.000,31.547,-31.125,4.923,-2.545,-0.093,-1.452
216.729,-59.602,58.410,1.000,24.340,-23.717,1.783,-2.518,-0.114,-1.549
216.735,-65.923,64.881,1.000,19.811,-19.665,1.044,-2.572,-0.138,-1.430
216.740,-72.245,71.202,1.000,12.021,-15.308,-0.482,-2.528,-0.162,-1.524
216.746,-77.980,76.937,1.000,4.157,-11.305,0.612,-2.464,-0.185,-1.605
216.752,-82.671,81.777,1.000,-3.161,-7.354,1.411,-2.385,-0.208,-1.647
216.757,-87.361,86.468,1.000,-8.827,-3.933,3.957,-2.356,-0.230,-1.579
216.762,-92.052,91.158,1.000,-13.748,2.311,4.129,-2.349,-0.251,-1.473
216.768,-96.742,95.849,1.000,-19.808,8.040,7.293,-2.308,-0.272,-1.452
216.773,-99.799,98.906,1.000,-26.007,14.653,8.984,-2.214,-0.292,-1.428
216.779,-102.714,101.820,1.000,-33.292,22.501,10.370,-2.083,-0.312,-1.486
216.784,-105.628,104.735,1.000,-40.858,32.162,6.996,-1.943,-0.330,-1.568
216.790,-108.142,107.248,1.000,-46.991,39.653,6.465,-1.835,-0.347,-1.551
216.795,-109.242,108.349,1.000,-54.372,46.173,2.731,-1.646,-0.350,-1.589
216.801,-110.343,109.450,1.000,-58.704,52.103,1.749,-1.549,-0.350,-1.467
216.806,-111.445,110.551,1.000,-65.417,57.448,2.569,-1.381,-0.350,-1.520
216.811,-111.569,110.676,1.000,-71.790,62.113,3.169,-1.193,-0.350,-1.536
216.817,-110.789,109.895,1.000,-78.305,67.704,3.802,-0.974,-0.350,-1.548
216.822,-110.008,109.115,1.000,-85.822,74.831,5.438,-0.726,-0.350,-1.617
216.828,-109.227,108.334,1.000,-88.903,78.937,6.568,-0.610,-0.350,-1.406
216.833,-106.944,106.200,1.000,-90.441,81.409,6.554,-0.495,-0.350,-1.163
216.839,-104.330,103.586,1.000,-94.759,86.183,6.013,-0.287,-0.350,-1.127
216.845,-101.716,100.972,1.000,-102.974,91.064,5.287,0.038,-0.350,-1.320
216.850,-98.884,98.140,1.000,-110.860,93.363,4.719,0.359,-0.348,-1.453
216.856,-94.450,93.706,1.000,-113.393,93.646,3.546,0.568,-0.343,-1.259
216.862,-90.017,89.273,1.000,-114.454,96.735,4.598,0.733,-0.337,-1.027
216.867,-85.583,84.839,1.000,-116.938,97.999,5.180,0.941,-0.329,-0.933
216.873,-81.447,80.703,1.000,-121.000,100.509,5.172,1.187,-0.319,-0.926
216.879,-75.851,75.108,1.000,-124.534,100.922,5.125,1.460,-0.305,-0.875
216.885,-69.711,68.967,1.000,-125.633,99.909,5.684,1.678,-0.289,-0.698
216.891,-63.570,62.826,1.000,-127.841,98.914,5.959,1.928,-0.270,-0.620
216.897,-57.429,56.686,1.000,-130.275,97.401,6.260,2.185,-0.249,-0.572
216.903,-51.289,50.545,1.000,-130.502,97.021,4.992,2.376,-0.226,-0.429
216.909,-44.555,43.811,1.000,-131.259,98.209,5.275,2.601,-0.201,-0.372
216.915,-37.231,36.487,1.000,-129.583,99.893,3.648,2.771,-0.174,-0.212
216.921,-29.906,29.162,1.000,-125.272,99.575,3.976,2.861,-0.146,0.051
216.927,-22.731,21.838,1.000,-119.114,95.962,6.065,2.891,-0.116,0.362
216.933,-15.406,14.514,1.000,-113.614,93.227,6.284,2.946,-0.085,0.575
216.940,-8.082,7.189,1.000,-112.413,93.760,4.486,3.130,-0.053,0.509
216.946,-0.758,-0.135,1.000,-110.603,97.101,2.051,3.295,-0.019,0.473
216.952,6.747,-7.342,1.000,-105.213,96.127,0.974,3.359,0.013,0.583
216.957,14.105,-14.700,1.000,-98.582,94.836,1.621,3.381,0.044,0.780
216.963,21.467,-22.062,1.000,-89.576,89.445,4.216,3.331,0.075,1.108
216.968,28.835,-29.430,1.000,-80.093,83.434,6.456,3.268,0.106,1.398
216.974,36.203,-36.798,1.000,-75.919,80.049,5.872,3.364,0.137,1.321
216.979,43.535,-44.130,1.000,-71.878,76.462,4.944,3.462,0.169,1.255
216.985,49.854,-50.449,1.000,-68.307,76.004,4.296,3.545,0.202,1.179
216.990,56.173,-56.768,1.000,-61.074,71.548,5.154,3.517,0.235,1.338
216.996,62.492,-63.087,1.000,-53.225,66.246,5.389,3.472,0.267,1.464
217.002,68.811,-69.406,1.000,-47.892,60.330,5.022,3.501,0.300,1.375
217.007,75.130,-75.725,1.000,-42.662,56.237,4.404,3.534,0.331,1.282
217.013,80.054,-80.649,1.000,-37.911,50.269,2.813,3.539,0.350,1.185
217.018,84.741,-85.336,1.000,-30.726,43.551,1.161,3.464,0.350,1.260
217.024,89.576,-90.023,1.000,-20.131,34.737,1.863,3.291,0.350,1.535
217.030,95.826,-96.272,1.000,-11.000,24.482,3.798,3.205,0.350,1.592
217.035,99.182,-99.628,1.000,-3.404,15.114,3.559,3.078,0.350,1.707
217.041,102.241,-102.539,1.000,5.557,8.772,3.412,2.901,0.350,1.900
217.046,105.152,-105.449,1.000,12.069,7.087,3.750,2.792,0.350,1.892
217.051,107.973,-108.270,1.000,18.102,5.974,5.928,2.696,0.350,1.861
217.057,109.435,-109.732,1.000,21.474,0.427,2.741,2.639,0.350,1.466
217.062,110.532,-110.829,1.000,27.889,-4.391,2.373,2.479,0.350,1.474
217.067,111.628,-111.926,1.000,31.025,-9.123,2.501,2.418,0.350,1.277
217.074,111.178,-111.475,1.000,38.402,-12.192,0.562,2.183,0.350,1.285
217.079,110.393,-110.690,1.000,40.923,-18.539,1.902,2.084,0.350,1.088
217.084,109.607,-109.905,1.000,45.047,-26.103,0.598,1.937,0.350,1.040
217.089,108.241,-108.539,1.000,51.796,-29.773,-0.547,1.693,0.350,1.154
217.094,105.623,-105.921,1.000,54.883,-32.733,-0.559,1.522,0.350,1.029
217.099,103.005,-103.302,1.000,61.185,-35.117,1.920,1.255,0.350,1.118
217.106,99.514,-99.811,1.000,67.988,-38.337,3.486,0.946,0.350,1.153
217.111,95.167,-95.464,1.000,69.613,-39.064,1.293,0.767,0.350,0.968
217.116,90.729,-91.175,1.000,70.005,-38.197,-0.162,0.622,0.350,0.738
217.122,86.292,-86.738,1.000,70.520,-38.378,-1.739,0.473,0.350,0.565
217.127,81.854,-82.301,1.000,71.103,-38.351,-1.379,0.323,0.350,0.423
217.132,76.545,-76.991,1.000,71.142,-40.862,0.310,0.162,0.350,0.287
217.138,70.402,-70.848,1.000,70.775,-44.880,2.583,-0.011,0.350,0.170
217.143,64.259,-64.705,1.000,74.918,-48.963,2.535,-0.320,0.348,0.338
217.149,58.115,-58.562,1.000,76.189,-49.987,4.023,-0.542,0.343,0.315
217.154,51.972,-52.418,1.000,76.393,-50.593,4.629,-0.733,0.337,0.239
217.159,45.437,-45.883,1.000,74.557,-54.540,4.876,-0.874,0.330,0.058
217.165,38.113,-38.559,1.000,73.674,-53.890,4.200,-1.067,0.320,-0.022
217.170,30.788,-31.234,1.000,72.437,-53.806,2.318,-1.249,0.310,-0.113
217.176,23.464,-23.910,1.000,70.646,-52.200,1.968,-1.415,0.297,-0.207
217.181,16.139,-16.585,1.000,68.881,-46.724,1.020,-1.582,0.283,-0.286
217.186,8.815,-9.261,1.000,66.795,-41.543,0.259,-1.739,0.268,-0.361
217.192,1.490,-1.936,1.000,65.988,-37.787,1.690,-1.935,0.251,-0.320
217.197,-5.870,5.424,1.000,65.123,-35.470,3.171,-2.130,0.233,-0.281
217.203,-13.239,12.793,1.000,63.228,-32.737,2.656,-2.294,0.212,-0.316
217.208,-20.608,20.162,1.000,57.866,-25.927,3.816,-2.354,0.191,-0.543
217.213,-27.978,27.531,1.000,50.037,-19.533,4.084,-2.340,0.170,-0.852
217.219,-35.347,34.900,1.000,45.587,-14.044,2.783,-2.428,0.148,-0.881
217.224,-42.716,42.269,1.000,42.525,-8.832,0.952,-2.557,0.126,-0.835
217.230,-49.156,48.710,1.000,33.682,-0.030,0.756,-2.485,0.103,-1.147
217.235,-55.478,55.031,1.000,23.851,4.993,-0.015,-2.380,0.081,-1.422
217.241,-61.799,61.353,1.000,17.291,9.291,0.928,-2.373,0.059,-1.450
217.246,-68.121,67.674,1.000,11.730,13.863,2.468,-2.396,0.038,-1.426
217.252,-74.442,73.996,1.000,5.150,17.236,3.983,-2.388,0.016,-1.464
217.257,-79.611,79.164,1.000,-2.222,17.997,4.010,-2.322,-0.006,-1.535
217.262,-84.301,83.855,1.000,-8.497,19.054,4.399,-2.274,-0.026,-1.531
217.268,-88.992,88.545,1.000,-15.782,24.448,4.525,-2.196,-0.046,-1.567
217.273,-93.682,93.236,1.000,-21.494,25.955,3.961,-2.166,-0.065,-1.503
217.278,-97.898,97.451,1.000,-27.427,32.529,3.887,-2.114,-0.084,-1.470
217.284,-100.812,100.366,1.000,-34.776,37.742,2.530,-1.981,-0.103,-1.521
217.289,-103.727,103.280,1.000,-41.276,46.388,2.605,-1.874,-0.120,-1.520
217.295,-106.641,106.195,1.000,-47.448,52.311,1.764,-1.776,-0.136,-1.492
217.300,-108.526,108.080,1.000,-53.742,60.460,2.150,-1.643,-0.152,-1.498
217.306,-109.627,109.181,1.000,-60.863,66.700,3.161,-1.463,-0.165,-1.544
217.311,-110.728,110.282,1.000,-65.655,66.692,4.465,-1.352,-0.178,-1.445
217.316,-111.829,111.383,1.000,-71.456,67.172,4.497,-1.211,-0.190,-1.434
217.322,-111.296,110.850,1.000,-77.555,69.899,4.599,-1.012,-0.200,-1.437
217.327,-110.516,110.069,1.000,-83.153,73.405,3.612,-0.821,-0.208,-1.424
217.333,-109.735,109.289,1.000,-87.956,78.316,2.135,-0.653,-0.214,-1.366
217.338,-108.645,108.199,1.000,-89.857,81.616,2.214,-0.564,-0.220,-1.154
217.343,-106.031,105.585,1.000,-95.434,86.259,2.564,-0.318,-0.224,-1.220
217.349,-103.417,102.970,1.000,-100.052,92.421,3.384,-0.101,-0.226,-1.210
217.354,-100.803,100.356,1.000,-103.842,97.275,2.981,0.091,-0.226,-1.148
217.360,-97.335,96.888,1.000,-106.735,100.197,2.922,0.282,-0.224,-1.053
217.365,-92.901,92.455,1.000,-108.265,103.234,3.735,0.461,-0.221,-0.912
217.371,-88.467,88.021,1.000,-109.557,106.299,4.721,0.633,-0.216,-0.799
217.376,-84.033,83.587,1.000,-113.382,113.434,3.840,0.880,-0.210,-0.847
217.382,-79.549,79.103,1.000,-118.843,115.237,1.701,1.179,-0.200,-0.981
217.387,-73.408,72.962,1.000,-120.303,115.670,1.348,1.407,-0.188,-0.844
217.392,-67.267,66.821,1.000,-121.633,114.952,1.135,1.631,-0.175,-0.728
217.398,-61.127,60.680,1.000,-120.498,115.858,1.697,1.781,-0.159,-0.514
217.403,-54.986,54.540,1.000,-119.028,116.653,1.462,1.921,-0.142,-0.328
217.409,-48.845,48.399,1.000,-117.385,116.672,2.094,2.056,-0.124,-0.160
217.414,-41.698,41.252,1.000,-114.311,113.362,4.126,2.178,-0.105,0.070
217.420,-34.373,33.927,1.000,-112.101,109.841,7.722,2.332,-0.084,0.209
217.425,-27.049,26.603,1.000,-108.443,107.073,9.263,2.442,-0.062,0.381
217.430,-19.725,19.278,1.000,-105.247,105.077,6.772,2.566,-0.039,0.503
217.436,-12.400,11.954,1.000,-101.142,101.490,5.791,2.662,-0.014,0.654
217.441,-5.076,4.630,1.000,-96.160,97.103,4.966,2.732,0.011,0.831
217.447,2.262,-2.708,1.000,-93.111,94.474,3.656,2.861,0.037,0.844
217.452,9.630,-10.076,1.000,-90.933,92.782,2.009,3.017,0.064,0.790
217.457,16.998,-17.444,1.000,-87.752,89.912,1.622,3.143,0.091,0.787
217.463,24.366,-24.813,1.000,-83.202,89.536,1.993,3.227,0.119,0.810
217.468,31.735,-32.181,1.000,-78.190,85.094,2.303,3.298,0.147,0.827
217.474,39.103,-39.549,1.000,-74.034,80.175,1.196,3.394,0.177,0.791
217.479,46.064,-46.660,1.000,-69.179,78.174,1.777,3.457,0.207,0.843
217.484,52.383,-52.979,1.000,-63.693,70.732,1.452,3.482,0.236,0.966
217.491,60.809,-61.404,1.000,-54.974,63.037,0.870,3.473,0.275,1.196
217.496,67.128,-67.723,1.000,-50.947,57.423,0.120,3.542,0.304,1.175
217.502,75.553,-76.148,1.000,-45.046,57.775,1.748,3.618,0.343,1.139
217.507,80.444,-81.039,1.000,-38.957,55.305,1.321,3.582,0.350,1.169
217.512,85.131,-85.726,1.000,-31.614,51.626,1.875,3.502,0.350,1.271
217.517,89.818,-90.413,1.000,-23.307,41.499,0.566,3.394,0.350,1.397
217.523,94.505,-95.100,1.000,-14.780,31.228,1.001,3.279,0.350,1.539
217.528,98.419,-99.014,1.000,-7.012,21.656,0.944,3.163,0.350,1.636
217.533,101.329,-101.924,1.000,2.243,13.676,0.901,2.973,0.350,1.814
217.539,105.209,-105.805,1.000,12.497,5.825,0.240,2.781,0.350,1.883
217.546,108.360,-108.955,1.000,15.651,10.224,0.897,2.781,0.350,1.480
217.551,109.457,-110.052,1.000,22.120,4.922,0.734,2.620,0.350,1.473
217.556,110.553,-111.148,1.000,31.469,-6.197,1.134,2.373,0.350,1.633
217.561,111.650,-112.245,1.000,39.949,-14.783,-0.184,2.151,0.350,1.683
217.566,111.424,-112.019,1.000,47.769,-19.338,0.277,1.910,0.350,1.720
217.571,110.639,-111.234,1.000,53.778,-23.807,1.016,1.706,0.350,1.641
217.578,109.592,-110.187,1.000,64.232,-30.210,2.981,1.361,0.350,1.758
217.583,108.189,-108.785,1.000,68.223,-34.849,2.286,1.199,0.350,1.617
217.588,105.571,-106.166,1.000,74.410,-40.489,2.460,0.935,0.350,1.669
217.594,102.080,-102.675,1.000,78.066,-46.568,0.878,0.720,0.350,1.377
217.600,99.462,-100.057,1.000,79.349,-48.033,0.744,0.603,0.350,1.132
217.605,95.078,-95.674,1.000,81.226,-48.028,0.599,0.416,0.350,0.995
217.610,90.641,-91.236,1.000,83.906,-48.908,2.050,0.202,0.350,0.943
217.615,86.204,-86.799,1.000,85.055,-53.504,2.723,0.034,0.350,0.838
217.620,81.766,-82.361,1.000,88.329,-55.312,1.871,-0.197,0.349,0.884
217.625,76.423,-77.018,1.000,88.962,-56.082,1.815,-0.376,0.347,0.742
217.630,70.280,-70.875,1.000,91.365,-56.307,3.324,-0.633,0.343,0.752
217.635,64.137,-64.732,1.000,89.857,-54.908,3.709,-0.772,0.337,0.518
217.640,57.994,-58.738,1.000,88.958,-51.648,4.243,-0.929,0.330,0.371
217.646,51.850,-52.594,1.000,87.845,-50.052,3.705,-1.080,0.321,0.243
217.651,45.292,-46.036,1.000,86.586,-47.143,3.717,-1.239,0.310,0.132
217.657,37.967,-38.711,1.000,85.704,-44.703,1.586,-1.432,0.297,0.063
217.662,30.791,-31.387,1.000,83.617,-41.834,1.672,-1.585,0.283,-0.067
217.668,23.467,-24.062,1.000,81.379,-39.110,0.765,-1.737,0.267,-0.188
217.674,16.142,-16.738,1.000,79.320,-39.042,1.041,-1.895,0.249,-0.284
217.679,9.264,-9.563,1.000,76.337,-36.962,0.527,-2.012,0.230,-0.411
217.685,1.940,-2.238,1.000,72.926,-32.071,1.186,-2.130,0.209,-0.525
217.691,-5.421,5.123,1.000,67.583,-28.720,3.087,-2.190,0.187,-0.705
217.697,-12.791,12.492,1.000,65.073,-27.523,4.151,-2.336,0.165,-0.671
217.703,-18.962,19.712,1.000,63.052,-27.994,5.579,-2.460,0.140,-0.625
217.710,-26.331,27.081,1.000,57.828,-27.175,4.535,-2.525,0.113,-0.709
217.716,-33.700,34.450,1.000,52.543,-28.992,4.663,-2.587,0.085,-0.786
217.723,-40.756,41.809,1.000,45.451,-18.791,4.110,-2.586,0.056,-0.927
217.729,-46.873,48.230,1.000,40.030,-11.078,3.064,-2.607,0.028,-0.999
217.735,-53.195,54.552,1.000,35.304,-5.044,3.291,-2.655,0.001,-1.005
217.742,-59.056,60.273,1.000,29.383,-1.722,3.915,-2.653,-0.026,-1.037
217.748,-65.377,66.595,1.000,20.542,3.409,4.716,-2.578,-0.055,-1.182
217.755,-70.920,72.463,1.000,12.629,8.087,2.907,-2.506,-0.084,-1.269
217.761,-76.058,77.601,1.000,7.234,15.449,4.264,-2.499,-0.111,-1.230
217.768,-79.952,81.528,1.000,0.315,21.641,3.546,-2.408,-0.138,-1.242
217.775,-84.642,86.218,1.000,-9.489,31.534,4.224,-2.255,-0.163,-1.381
217.781,-87.840,89.814,1.000,-18.517,36.943,3.906,-2.080,-0.187,-1.463
217.788,-92.023,93.996,1.000,-29.458,46.702,3.244,-1.877,-0.208,-1.619
217.795,-93.892,96.268,1.000,-36.764,52.447,3.636,-1.714,-0.229,-1.584
217.801,-96.806,99.183,1.000,-42.286,56.799,6.045,-1.636,-0.247,-1.443
217.808,-99.721,102.098,1.000,-49.973,57.418,6.039,-1.492,-0.264,-1.443
217.815,-100.477,102.788,1.000,-56.662,65.018,5.724,-1.314,-0.279,-1.389
217.822,-101.202,103.375,1.000,-66.608,75.958,5.173,-1.038,-0.292,-1.512
217.828,-102.112,104.128,1.000,-71.675,75.857,5.305,-0.913,-0.303,-1.370
217.835,-103.404,105.053,1.000,-77.319,74.682,6.621,-0.783,-0.312,-1.283
217.842,-102.836,104.485,1.000,-86.453,82.639,2.768,-0.491,-0.319,-1.394
217.849,-102.056,103.704,1.000,-89.889,87.347,1.523,-0.365,-0.324,-1.230
217.855,-101.275,102.924,1.000,-93.163,90.899,3.193,-0.243,-0.326,-1.047
217.862,-100.151,101.800,1.000,-101.222,95.588,3.850,0.032,-0.327,-1.149
217.869,-97.914,99.008,1.000,-101.293,98.245,6.189,0.101,-0.327,-0.914
217.876,-95.300,96.394,1.000,-100.572,98.989,7.852,0.158,-0.325,-0.657
217.882,-92.686,93.780,1.000,-105.509,99.577,4.147,0.385,-0.321,-0.706
217.889,-89.184,90.279,1.000,-109.139,104.335,3.827,0.599,-0.315,-0.682
217.896,-84.750,85.845,1.000,-109.032,104.857,5.012,0.728,-0.308,-0.509
217.903,-80.129,81.411,1.000,-109.170,104.978,7.088,0.871,-0.298,-0.392
217.909,-75.125,76.979,1.000,-111.609,105.916,5.063,1.095,-0.287,-0.405
217.916,-70.618,72.473,1.000,-110.169,103.526,4.488,1.187,-0.274,-0.253
217.923,-64.486,66.340,1.000,-111.412,105.272,3.130,1.408,-0.259,-0.233
217.930,-58.354,60.208,1.000,-114.865,108.217,3.588,1.695,-0.241,-0.337
217.936,-50.403,53.889,1.000,-108.780,103.325,5.908,1.751,-0.221,0.022
217.943,-44.262,47.748,1.000,-105.819,96.585,8.491,1.847,-0.201,0.162
217.950,-37.273,41.433,1.000,-106.335,97.514,7.281,2.072,-0.178,0.098
217.956,-29.899,34.277,1.000,-99.981,91.905,7.137,2.102,-0.155,0.364
217.963,-21.906,26.953,1.000,-101.178,95.959,5.134,2.378,-0.129,0.247
217.970,-14.582,19.628,1.000,-102.802,100.817,6.091,2.647,-0.101,0.089
217.977,-7.257,12.304,1.000,-96.582,90.402,4.132,2.680,-0.071,0.354
217.983,0.755,4.798,1.000,-93.475,84.387,3.040,2.827,-0.040,0.412
217.990,8.789,-2.710,1.000,-86.721,83.277,5.569,2.865,-0.009,0.608
217.996,16.127,-10.048,1.000,-81.283,76.242,4.378,2.922,0.023,0.738
218.003,24.979,-17.787,1.000,-78.274,77.263,4.677,3.098,0.056,0.728
218.010,32.348,-25.155,1.000,-71.540,75.279,6.828,3.117,0.089,0.837
218.016,39.716,-32.523,1.000,-62.758,67.993,6.770,3.074,0.125,1.035
218.023,47.084,-39.892,1.000,-59.564,64.692,6.277,3.199,0.160,0.919
218.030,56.303,-47.637,1.000,-48.678,54.613,5.904,3.149,0.195,1.193
218.036,63.527,-54.776,1.000,-43.044,48.629,4.198,3.197,0.231,1.168
218.043,69.571,-61.288,1.000,-38.013,51.642,7.405,3.228,0.267,1.119
218.050,75.890,-67.607,1.000,-30.399,44.100,4.750,3.189,0.302,1.203
218.056,82.209,-73.926,1.000,-25.532,41.729,4.683,3.232,0.337,1.140
218.063,88.528,-80.245,1.000,-13.592,30.959,6.085,3.064,0.350,1.405
218.070,94.487,-86.204,1.000,-5.391,26.038,4.584,2.996,0.350,1.456
218.077,99.174,-90.891,1.000,2.722,21.378,4.046,2.894,0.350,1.469
218.083,103.861,-95.386,1.000,13.145,10.192,2.677,2.721,0.350,1.613
218.090,109.102,-100.073,0.000,17.028,9.818,6.778,2.762,0.350,1.412
218.096,114.355,-104.952,1.000,29.627,1.511,8.044,2.542,0.350,1.649
218.103,117.370,-108.252,1.000,38.077,-6.516,7.503,2.379,0.350,1.649
218.110,121.732,-111.163,1.000,48.337,-15.122,7.048,2.202,0.350,1.709
218.117,124.642,-114.073,1.000,58.286,-28.553,4.908,1.991,0.350,1.744
218.123,127.405,-116.836,1.000,61.690,-29.556,4.660,1.971,0.350,1.475
218.130,128.502,-117.933,1.000,74.605,-37.761,3.919,1.617,0.350,1.724
218.136,132.083,-119.418,1.000,81.334,-45.162,1.874,1.522,0.350,1.631
218.143,135.184,-121.725,1.000,80.838,-45.226,2.822,1.630,0.350,1.196
218.150,135.569,-122.110,1.000,88.151,-51.126,4.740,1.423,0.350,1.226
218.156,134.785,-121.326,1.000,92.881,-60.583,4.701,1.257,0.350,1.142
218.163,134.001,-120.542,1.000,93.712,-63.103,4.008,1.209,0.350,0.903
218.170,133.217,-119.758,1.000,99.165,-68.298,4.891,1.022,0.350,0.937
218.176,138.028,-121.085,1.000,104.393,-73.163,5.736,1.009,0.350,0.991
218.183,135.827,-120.466,1.000,104.701,-70.632,5.327,0.934,0.350,0.768
218.189,133.209,-117.847,1.000,108.033,-69.642,7.192,0.755,0.350,0.703
218.196,130.591,-115.229,1.000,111.466,-74.762,6.131,0.574,0.350,0.689
218.203,127.917,-110.580,1.000,113.471,-77.983,4.182,0.433,0.350,0.618
218.210,123.920,-106.402,1.000,116.804,-80.542,1.591,0.213,0.350,0.597
218.216,119.483,-101.964,1.000,120.056,-83.010,3.908,-0.017,0.350,0.611
218.223,115.045,-97.527,1.000,119.345,-84.167,2.256,-0.129,0.349,0.441
218.230,111.965,-92.178,1.000,121.099,-83.176,3.919,-0.274,0.346,0.366
218.236,106.762,-86.035,1.000,127.438,-91.666,7.098,-0.620,0.340,0.568
218.243,100.619,-79.891,1.000,129.270,-100.044,4.658,-0.860,0.332,0.535
218.250,108.564,-75.083,1.000,129.425,-92.602,3.881,-0.626,0.322,0.399
218.256,102.421,-68.940,1.000,133.068,-89.017,3.967,-0.919,0.313,0.452
218.263,95.858,-62.377,1.000,132.369,-92.650,4.556,-1.095,0.302,0.325
218.270,88.533,-55.053,1.000,132.004,-93.979,4.162,-1.304,0.288,0.236
218.277,88.322,-50.014,1.000,130.555,-92.009,3.688,-1.267,0.274,0.082
218.283,82.372,-42.394,1.000,134.106,-90.453,5.386,-1.552,0.258,0.223
218.290,76.448,-35.365,1.000,133.802,-88.713,6.312,-1.721,0.240,0.170
218.297,69.123,-27.745,1.000,127.862,-82.267,4.302,-1.762,0.220,-0.157
218.303,61.799,-20.420,1.000,125.910,-77.294,3.733,-1.923,0.199,-0.232
218.310,52.347,-13.059,1.000,127.365,-79.768,3.639,-2.251,0.175,-0.106
218.317,42.945,-5.690,1.000,126.315,-83.695,3.013,-2.501,0.149,-0.104
218.324,35.576,1.680,1.000,120.211,-76.328,2.899,-2.539,0.120,-0.357
218.330,26.230,9.049,1.000,117.859,-66.184,4.420,-2.749,0.090,-0.400
218.337,18.861,16.418,1.000,114.041,-58.978,4.151,-2.855,0.058,-0.485
218.344,0.210,24.370,1.000,107.421,-58.018,3.443,-3.216,0.024,-0.664
218.350,-6.206,30.786,1.000,103.323,-59.197,4.050,-3.286,-0.012,-0.683
218.357,-22.331,37.960,1.000,96.537,-46.162,3.519,-3.566,-0.051,-0.822
218.364,-32.456,44.835,1.000,86.111,-34.436,2.621,-3.557,-0.090,-1.126
218.370,-38.777,51.157,1.000,80.948,-27.927,2.368,-3.592,-0.130,-1.116
218.377,-45.099,57.478,1.000,72.803,-25.974,2.031,-3.537,-0.170,-1.213
218.384,-50.229,62.609,1.000,64.125,-24.344,2.105,-3.431,-0.208,-1.303
218.391,-54.920,67.299,1.000,55.707,-16.145,2.174,-3.319,-0.246,-1.380
218.397,-64.515,71.714,1.000,47.940,-7.371,2.909,-3.374,-0.283,-1.396
218.404,-69.205,76.405,1.000,37.504,0.881,2.484,-3.201,-0.320,-1.542
218.411,-78.864,80.579,0.000,29.474,8.895,0.892,-3.250,-0.350,-1.552
218.417,-81.779,83.493,0.000,20.945,15.489,1.232,-3.082,-0.350,-1.544
218.424,-84.693,86.408,0.000,9.913,19.761,0.827,-2.838,-0.350,-1.682
218.431,-91.698,89.040,1.000,2.989,23.033,2.193,-2.841,-0.350,-1.580
218.438,-94.042,90.885,0.000,-7.875,31.768,-0.344,-2.585,-0.350,-1.695
218.444,-95.389,90.843,1.000,-15.912,39.358,0.486,-2.384,-0.350,-1.662
218.451,-96.490,91.944,1.000,-21.572,43.334,1.427,-2.248,-0.350,-1.542
218.457,-97.592,93.045,1.000,-28.232,44.819,1.611,-2.081,-0.350,-1.461
218.464,-97.017,92.471,1.000,-37.842,50.288,2.115,-1.775,-0.350,-1.538
218.470,-96.236,91.690,1.000,-46.056,51.668,1.810,-1.505,-0.350,-1.539
218.477,-95.699,87.834,1.000,-55.034,57.610,2.400,-1.220,-0.350,-1.593
218.483,-94.569,86.704,1.000,-62.291,61.349,1.101,-0.968,-0.350,-1.557
218.490,-91.955,84.089,1.000,-66.520,60.699,-0.309,-0.763,-0.350,-1.374
218.497,-89.341,81.475,1.000,-71.668,58.981,-0.360,-0.530,-0.350,-1.251
218.504,-86.728,77.539,1.000,-77.478,65.501,-0.513,-0.277,-0.350,-1.195
218.510,-83.466,73.353,1.000,-85.894,71.709,0.257,0.073,-0.350,-1.305
218.517,-79.032,68.920,1.000,-86.632,70.392,2.216,0.228,-0.348,-1.048
218.524,-74.598,64.486,1.000,-87.844,67.822,1.745,0.397,-0.344,-0.815
218.530,-70.403,56.416,1.000,-90.718,66.720,1.181,0.609,-0.338,-0.734
218.537,-65.883,51.896,1.000,-95.511,73.738,0.884,0.889,-0.329,-0.775
218.544,-59.743,45.755,1.000,-97.111,75.959,0.170,1.121,-0.318,-0.677
218.550,-53.602,32.498,1.000,-93.883,72.686,-0.232,1.208,-0.304,-0.348
218.557,-47.461,26.357,1.000,-96.944,70.444,-1.838,1.484,-0.288,-0.386
218.564,-41.320,20.217,1.000,-98.966,73.815,-2.637,1.729,-0.270,-0.375
218.570,-35.180,14.076,1.000,-95.594,73.307,0.744,1.812,-0.250,-0.139
218.577,-28.478,0.046,1.000,-90.737,67.567,2.319,1.868,-0.230,0.114
218.584,-20.920,-9.968,1.000,-90.862,64.575,0.520,2.098,-0.207,0.095
218.591,-13.596,-17.293,1.000,-91.338,70.002,0.072,2.332,-0.182,0.044
218.597,-6.035,-26.866,1.000,-85.595,61.493,1.055,2.387,-0.154,0.311
218.604,1.053,-34.767,1.000,-80.806,53.377,2.156,2.456,-0.127,0.448
218.611,8.377,-42.091,1.000,-79.463,49.721,-0.130,2.635,-0.098,0.396
218.618,15.482,-50.012,1.000,-70.413,42.681,0.226,2.577,-0.069,0.717
218.624,22.850,-57.380,1.000,-67.201,36.561,-0.909,2.702,-0.040,0.714
218.631,30.219,-64.748,1.000,-65.280,32.614,-0.345,2.865,-0.009,0.607
218.638,37.587,-72.116,1.000,-55.066,23.483,-0.133,2.780,0.022,0.938
218.644,44.042,-82.479,1.000,-50.893,15.727,-0.927,2.848,0.054,0.936
218.651,51.187,-89.848,1.000,-47.514,16.766,0.840,2.961,0.087,0.869
218.658,58.127,-96.787,1.000,-39.236,10.550,1.989,2.921,0.119,1.034
218.664,63.790,-104.345,1.000,-33.766,1.498,0.656,2.927,0.152,1.047
218.671,69.895,-111.292,1.000,-29.624,-5.419,-0.822,2.986,0.185,0.979
218.677,76.214,-117.611,1.000,-18.883,-15.567,-0.895,2.853,0.216,1.235
218.684,81.901,-124.565,1.000,-11.310,-26.043,-2.850,2.796,0.248,1.305
218.691,87.640,-129.876,1.000,-6.472,-31.223,-0.998,2.823,0.278,1.202
218.697,91.719,-135.197,1.000,2.171,-39.629,2.353,2.686,0.309,1.286
218.704,96.406,-139.250,1.000,9.485,-54.011,0.121,2.608,0.339,1.334
218.711,101.093,-143.937,1.000,11.936,-57.057,-1.280,2.675,0.350,1.123
218.717,105.383,-150.545,1.000,23.320,-62.720,-0.974,2.462,0.350,1.362
218.724,108.667,-153.829,1.000,31.194,-71.798,-0.389,2.324,0.350,1.398
218.731,111.578,-156.740,1.000,36.042,-76.931,-0.030,2.266,0.350,1.289
218.737,114.488,-159.650,1.000,41.885,-80.627,-0.243,2.178,0.350,1.213
218.744,117.236,-163.050,1.000,49.753,-87.665,0.683,2.024,0.350,1.298
218.751,118.332,-164.147,1.000,53.099,-92.709,-1.296,1.957,0.350,1.151
218.757,119.429,-165.243,1.000,59.063,-97.491,0.116,1.811,0.350,1.123
218.764,120.526,-166.340,1.000,65.916,-104.814,1.740,1.638,0.350,1.184
218.771,120.888,-166.702,1.000,69.106,-111.936,1.097,1.553,0.350,1.048
218.777,120.103,-165.917,1.000,69.590,-114.404,-0.053,1.515,0.350,0.791
218.784,119.318,-165.791,1.000,76.991,-122.434,1.289,1.270,0.350,0.937
218.790,118.532,-165.006,1.000,80.019,-130.863,0.016,1.155,0.350,0.855
218.797,116.481,-162.296,1.000,82.065,-131.207,0.315,1.032,0.350,0.754
218.804,113.863,-159.677,1.000,85.678,-130.124,1.133,0.846,0.350,0.717
218.810,111.245,-157.059,1.000,91.993,-134.640,2.096,0.578,0.350,0.833
218.817,108.627,-154.441,1.000,94.859,-140.675,0.785,0.413,0.350,0.791
218.824,104.205,-150.020,1.000,93.237,-137.103,-1.492,0.329,0.350,0.524
218.830,99.768,-144.930,1.000,98.193,-135.517,-1.347,0.047,0.350,0.601
218.837,95.331,-140.493,1.000,101.099,-137.660,0.102,-0.173,0.349,0.597
218.844,90.893,-136.055,1.000,102.669,-146.315,0.348,-0.353,0.346,0.530
218.851,85.515,-130.030,1.000,102.770,-145.506,-1.087,-0.518,0.341,0.406
218.857,79.375,-123.890,1.000,105.193,-142.733,-0.586,-0.775,0.333,0.405
218.864,73.240,-117.755,1.000,107.095,-143.117,0.977,-1.016,0.322,0.391
218.871,67.105,-111.621,1.000,107.355,-145.289,0.390,-1.207,0.310,0.312
218.877,61.359,-106.124,1.000,104.465,-146.041,-2.648,-1.293,0.296,0.113
218.884,54.981,-98.898,1.000,103.282,-142.989,-2.738,-1.449,0.280,0.015
218.891,47.656,-91.574,1.000,102.439,-139.250,-0.370,-1.643,0.262,-0.034
218.898,40.332,-84.249,1.000,100.981,-138.418,0.368,-1.819,0.243,-0.095
218.904,33.007,-76.925,1.000,97.582,-135.625,-3.231,-1.937,0.222,-0.212
218.911,27.581,-69.604,1.000,89.918,-130.658,-3.774,-1.870,0.201,-0.521
218.918,20.267,-62.290,1.000,85.084,-124.882,-2.579,-1.944,0.179,-0.663
218.924,12.953,-54.975,1.000,84.536,-125.702,0.519,-2.148,0.155,-0.533
218.931,6.034,-48.260,1.000,81.106,-125.039,1.036,-2.252,0.131,-0.545
218.938,-1.110,-40.244,1.000,72.040,-118.662,-0.691,-2.194,0.106,-0.802
218.944,-8.479,-32.875,1.000,63.497,-115.430,-1.118,-2.159,0.082,-1.005
218.951,-15.392,-25.506,1.000,57.552,-110.048,-1.287,-2.188,0.057,-1.045
218.958,-22.761,-18.137,1.000,50.373,-103.115,-4.142,-2.194,0.033,-1.111
218.965,-30.130,-10.768,1.000,44.359,-95.664,-4.678,-2.235,0.008,-1.113
218.971,-35.353,-5.009,1.000,40.273,-92.220,-3.033,-2.269,-0.017,-1.031
218.978,-41.674,1.312,1.000,34.709,-87.829,0.806,-2.291,-0.043,-1.057
218.985,-47.506,7.633,1.000,29.472,-83.602,0.356,-2.309,-0.069,-1.004
218.992,-53.827,13.955,1.000,22.220,-75.414,-1.177,-2.281,-0.095,-1.094
218.998,-60.149,20.276,1.000,14.427,-67.460,-0.862,-2.237,-0.120,-1.205
219.005,-64.762,26.036,1.000,6.994,-60.012,-2.163,-2.153,-0.144,-1.243
219.012,-69.453,30.726,1.000,-2.639,-51.309,-5.280,-2.004,-0.167,-1.376
219.018,-74.143,35.417,1.000,-12.518,-43.404,-6.049,-1.849,-0.188,-1.499
219.025,-79.085,38.150,1.000,-19.747,-39.855,-3.432,-1.780,-0.209,-1.458
219.032,-83.240,42.305,1.000,-27.243,-36.858,-2.810,-1.680,-0.228,-1.421
219.039,-86.151,45.215,1.000,-38.194,-24.992,-4.277,-1.439,-0.245,-1.571
219.045,-89.061,48.126,1.000,-46.419,-15.376,-6.149,-1.279,-0.260,-1.584
219.052,-92.223,45.541,1.000,-53.219,-12.694,-1.924,-1.170,-0.274,-1.511
219.059,-94.052,47.370,1.000,-60.557,-7.650,-0.774,-1.005,-0.285,-1.469
219.066,-95.153,48.471,1.000,-66.612,-1.920,-2.790,-0.856,-0.295,-1.376
219.072,-96.254,49.572,1.000,-71.947,-0.483,-3.054,-0.729,-0.304,-1.284
219.079,-97.845,48.504,1.000,-77.597,5.470,-2.528,-0.607,-0.311,-1.212
219.086,-97.254,47.913,1.000,-83.385,12.920,-2.216,-0.416,-0.317,-1.192
219.092,-96.473,47.132,1.000,-88.741,18.909,-1.948,-0.232,-0.320,-1.154
219.099,-95.693,46.351,1.000,-92.402,17.319,-1.951,-0.099,-0.322,-1.037
219.106,-96.410,48.084,1.000,-95.702,17.108,-3.477,-0.021,-0.322,-0.926
219.112,-93.796,45.470,1.000,-100.104,19.488,-4.732,0.189,-0.321,-0.905
219.119,-91.182,42.856,1.000,-102.838,23.495,-4.096,0.350,-0.318,-0.826
219.126,-91.306,45.689,1.000,-104.176,23.862,-1.968,0.386,-0.313,-0.661
219.133,-87.782,42.165,1.000,-108.521,25.863,-3.614,0.622,-0.307,-0.700
219.139,-83.349,37.732,1.000,-111.661,30.032,-5.579,0.849,-0.298,-0.663
219.146,-78.915,33.298,1.000,-112.604,31.345,-4.321,1.011,-0.288,-0.578
219.153,-75.828,29.517,1.000,-110.118,33.613,-1.699,1.029,-0.277,-0.315
219.159,-71.291,24.980,1.000,-109.375,35.249,-2.059,1.142,-0.264,-0.189
219.166,-65.150,18.839,1.000,-110.936,34.079,-2.992,1.374,-0.249,-0.199
219.173,-60.282,12.698,1.000,-112.878,35.144,-2.635,1.578,-0.233,-0.253
219.180,-55.180,6.557,1.000,-109.247,40.146,-0.274,1.622,-0.214,-0.041
219.186,-49.873,2.338,1.000,-109.075,36.675,-2.054,1.776,-0.194,-0.014
219.193,-43.732,-3.803,1.000,-108.340,35.286,-1.580,1.938,-0.175,0.032
219.199,-37.037,-8.509,1.000,-106.408,31.253,-1.755,2.081,-0.153,0.107
219.206,-29.713,-15.834,1.000,-100.530,32.007,-0.685,2.125,-0.130,0.342
219.213,-23.655,-20.774,1.000,-99.122,28.233,-1.221,2.264,-0.105,0.344
219.219,-16.794,-28.098,1.000,-98.150,25.903,-1.410,2.441,-0.078,0.304
219.226,-9.315,-35.423,1.000,-94.609,24.691,-1.481,2.559,-0.049,0.371
219.233,-1.991,-42.747,1.000,-90.100,19.033,-1.099,2.643,-0.020,0.497
219.240,5.348,-50.086,1.000,-85.463,14.472,-2.624,2.724,0.010,0.599
219.246,12.871,-55.726,1.000,-83.054,10.632,-2.359,2.878,0.041,0.535
219.253,20.239,-63.094,1.000,-75.525,5.275,-0.591,2.873,0.072,0.749
219.259,27.607,-70.462,1.000,-71.038,-0.404,0.302,2.959,0.105,0.791
219.266,34.976,-77.830,1.000,-70.010,-1.220,0.374,3.150,0.139,0.657
219.273,42.344,-85.199,1.000,-62.185,-6.279,1.044,3.136,0.173,0.803
219.279,49.273,-87.237,1.000,-53.182,-14.769,1.411,3.074,0.208,1.042
219.286,55.592,-93.556,1.000,-50.001,-16.620,1.215,3.168,0.243,0.955
219.293,61.911,-98.338,1.000,-45.072,-16.248,-0.491,3.209,0.278,0.932
219.299,68.230,-104.657,1.000,-33.231,-26.486,-0.350,3.044,0.312,1.242
219.306,74.704,-107.566,1.000,-25.325,-34.859,-2.591,3.001,0.346,1.338
219.313,80.633,-113.495,1.000,-18.841,-36.118,-3.383,2.984,0.350,1.306
219.319,85.320,-118.182,1.000,-7.731,-42.483,-2.037,2.792,0.350,1.507
219.326,90.163,-110.727,1.000,2.695,-50.855,0.774,2.624,0.350,1.607
219.333,94.850,-115.071,1.000,8.162,-56.722,-0.647,2.601,0.350,1.454
219.339,99.537,-119.758,1.000,21.511,-61.447,0.262,2.341,0.350,1.719
219.346,102.803,-123.025,1.000,28.917,-66.982,1.431,2.217,0.350,1.655
219.353,105.714,-125.935,1.000,32.274,-69.994,0.424,2.203,0.350,1.384
219.359,108.624,-128.845,1.000,44.826,-74.267,-0.244,1.914,0.350,1.602
219.366,111.353,-131.575,1.000,52.644,-79.729,-0.213,1.761,0.350,1.608
219.373,112.921,-126.790,1.000,56.045,-79.031,-1.625,1.706,0.350,1.392
219.379,114.334,-126.258,1.000,62.278,-80.465,0.684,1.562,0.350,1.292
219.386,115.431,-127.355,1.000,74.844,-89.412,1.227,1.218,0.350,1.554
219.393,115.777,-127.701,1.000,81.881,-97.222,0.277,1.017,0.350,1.512
219.399,115.966,-126.395,1.000,85.953,-96.267,-0.208,0.900,0.350,1.331
219.406,115.514,-124.849,1.000,92.405,-95.636,1.745,0.693,0.350,1.281
219.413,114.728,-124.064,1.000,99.316,-102.173,1.646,0.462,0.350,1.289
219.419,112.661,-121.997,1.000,99.431,-103.386,-2.063,0.397,0.350,0.984
219.426,110.043,-119.378,1.000,100.390,-100.569,-2.217,0.290,0.350,0.794
219.433,107.425,-116.760,1.000,102.363,-95.766,-2.432,0.152,0.350,0.662
219.439,104.807,-114.142,1.000,106.892,-103.680,1.403,-0.063,0.350,0.698
219.446,100.370,-109.705,1.000,109.608,-110.500,3.002,-0.277,0.348,0.674
219.453,98.394,-101.787,1.000,108.300,-107.839,2.081,-0.297,0.345,0.457
219.459,93.956,-97.350,1.000,110.693,-104.743,2.717,-0.502,0.340,0.434
219.466,89.519,-92.912,1.000,111.179,-104.787,3.739,-0.650,0.333,0.349
219.473,86.467,-87.736,1.000,111.337,-108.480,2.570,-0.746,0.325,0.276
219.480,80.739,-81.593,1.000,108.207,-107.472,-2.041,-0.824,0.316,0.063
219.486,74.596,-75.449,1.000,106.059,-103.054,-1.875,-0.944,0.306,-0.053
219.493,68.452,-69.306,1.000,103.003,-104.468,-0.554,-1.037,0.295,-0.181
219.500,63.825,-63.381,1.000,101.208,-105.077,0.435,-1.121,0.283,-0.221
219.506,58.615,-56.570,1.000,98.293,-102.767,-0.408,-1.190,0.270,-0.306
219.513,51.291,-49.245,1.000,95.826,-97.617,0.469,-1.336,0.256,-0.344
219.520,43.966,-41.921,1.000,91.261,-89.995,1.642,-1.419,0.240,-0.478
219.526,42.801,-35.258,1.000,87.570,-90.988,3.057,-1.343,0.224,-0.545
219.533,36.709,-28.389,1.000,83.323,-92.395,1.555,-1.398,0.209,-0.599
219.540,29.395,-21.075,1.000,78.934,-90.439,-0.205,-1.486,0.193,-0.642
219.546,26.084,-14.212,1.000,72.639,-79.014,-0.312,-1.397,0.177,-0.788
219.553,20.176,-6.617,1.000,66.373,-71.428,0.556,-1.386,0.162,-0.897
219.560,12.807,0.752,1.000,62.757,-70.311,2.818,-1.498,0.146,-0.843
219.567,5.438,8.121,1.000,59.847,-70.654,1.774,-1.632,0.128,-0.731
219.573,3.235,13.065,1.000,50.072,-61.978,1.952,-1.405,0.111,-1.015
219.580,-2.401,19.919,1.000,46.015,-53.066,2.187,-1.452,0.094,-0.982
219.587,-9.770,27.288,1.000,41.658,-46.424,3.816,-1.543,0.078,-0.934
219.593,-16.161,33.679,1.000,36.897,-44.898,2.625,-1.592,0.061,-0.898
219.600,-19.745,40.259,1.000,29.536,-35.167,-1.041,-1.478,0.044,-1.000
219.607,-26.067,46.581,1.000,19.422,-23.164,-4.180,-1.365,0.028,-1.245
219.613,-32.388,52.902,1.000,17.569,-15.335,-0.779,-1.499,0.011,-1.031
219.620,-32.713,58.172,1.000,13.296,-13.090,0.015,-1.380,-0.004,-0.952
219.627,-37.272,63.263,1.000,5.890,-8.659,-0.857,-1.295,-0.019,-1.046
219.634,-41.424,67.684,1.000,-1.530,-1.282,-2.123,-1.197,-0.032,-1.141
219.640,-46.115,72.374,1.000,-6.153,4.476,-0.430,-1.199,-0.046,-1.107
219.647,-50.806,77.065,1.000,-9.423,6.457,2.050,-1.241,-0.060,-0.985
219.654,-55.475,81.466,1.000,-12.415,6.989,2.254,-1.292,-0.074,-0.871
219.660,-58.390,84.381,1.000,-19.369,15.499,-0.360,-1.171,-0.087,-0.942
219.667,-61.837,87.025,1.000,-26.935,21.700,0.012,-1.047,-0.100,-1.086
219.674,-65.801,89.940,1.000,-29.134,26.463,0.272,-1.100,-0.112,-0.938
219.680,-68.117,91.739,1.000,-34.308,29.399,1.188,-1.014,-0.123,-0.946
219.687,-69.218,92.840,1.000,-38.826,34.357,1.225,-0.912,-0.134,-0.913
219.694,-70.320,93.941,1.000,-43.776,36.603,2.066,-0.796,-0.143,-0.920
219.700,-78.142,95.312,1.000,-48.533,41.402,0.964,-0.888,-0.153,-0.923
219.707,-78.841,94.690,1.000,-53.143,49.199,-1.511,-0.771,-0.163,-0.917
219.714,-78.060,93.909,1.000,-57.595,54.457,-1.710,-0.614,-0.170,-0.878
219.720,-81.787,92.859,1.000,-63.642,57.741,0.966,-0.544,-0.176,-0.934
219.727,-82.495,91.952,1.000,-67.759,60.992,-0.206,-0.442,-0.181,-0.889
219.734,-80.966,89.338,1.000,-72.019,72.056,-1.280,-0.268,-0.185,-0.875
219.740,-78.352,86.723,1.000,-76.564,81.087,-2.449,-0.054,-0.186,-0.882
219.747,-80.679,84.376,1.000,-81.172,85.081,-1.887,0.015,-0.187,-0.878
219.754,-78.607,80.822,1.000,-83.902,82.234,-1.653,0.159,-0.185,-0.764
219.761,-74.173,76.389,1.000,-89.691,92.129,-1.529,0.466,-0.181,-0.841
219.768,-76.981,73.995,1.000,-93.065,99.401,-0.892,0.483,-0.176,-0.803
219.774,-74.407,70.987,1.000,-94.275,94.876,0.634,0.596,-0.170,-0.654
219.781,-70.812,67.765,1.000,-97.257,90.441,0.764,0.793,-0.161,-0.613
219.788,-67.528,64.095,1.000,-101.162,99.018,-0.211,1.009,-0.151,-0.650
219.794,-61.387,57.954,1.000,-103.540,102.022,0.413,1.265,-0.138,-0.608
219.801,-55.247,51.813,1.000,-105.291,97.988,-0.404,1.501,-0.122,-0.540
219.808,-49.106,45.672,1.000,-109.462,93.205,-2.458,1.811,-0.102,-0.584
219.815,-42.965,39.532,1.000,-105.280,94.123,-1.384,1.869,-0.082,-0.259
219.821,-35.762,32.328,1.000,-106.691,91.025,0.524,2.128,-0.059,-0.243
219.828,-32.835,26.874,1.000,-107.359,89.532,-1.263,2.236,-0.035,-0.231
219.834,-25.510,19.549,1.000,-106.505,86.873,0.282,2.430,-0.011,-0.163
219.840,-18.186,12.225,1.000,-103.655,84.573,0.177,2.564,0.014,0.004
219.847,-11.160,4.900,1.000,-98.577,77.159,1.297,2.622,0.042,0.274
219.853,-3.985,-2.424,1.000,-99.506,75.580,-1.157,2.866,0.074,0.180
219.860,3.355,-9.764,1.000,-92.698,72.425,-0.179,2.882,0.106,0.422
219.867,10.723,-17.132,1.000,-85.888,63.757,-0.620,2.898,0.138,0.648
219.873,17.942,-24.321,1.000,-83.830,58.251,-2.456,3.053,0.172,0.600
219.879,25.310,-31.690,1.000,-82.581,61.104,-3.023,3.237,0.204,0.516
219.886,32.679,-39.058,1.000,-76.130,58.206,-2.018,3.264,0.236,0.698
219.892,39.749,-45.551,1.000,-68.821,54.402,-1.126,3.257,0.270,0.917
219.898,46.512,-52.809,1.000,-62.746,51.130,0.924,3.278,0.302,1.029
219.903,52.831,-59.128,1.000,-57.478,47.703,-0.211,3.309,0.333,1.073
219.909,59.150,-65.447,1.000,-52.402,44.154,-0.710,3.347,0.350,1.072
219.914,65.321,-70.245,1.000,-46.641,40.757,-1.019,3.359,0.350,1.067
219.921,73.746,-78.343,1.000,-33.492,32.611,0.199,3.217,0.350,1.451
219.926,79.104,-83.701,1.000,-25.925,25.684,-0.017,3.151,0.350,1.539
219.932,83.791,-88.388,1.000,-22.630,21.156,-0.956,3.193,0.350,1.392
219.937,88.478,-93.075,1.000,-16.647,16.340,-1.289,3.154,0.350,1.455
219.943,93.165,-97.762,1.000,-8.816,8.706,-1.488,3.059,0.350,1.573
219.949,97.586,-102.184,1.000,-5.603,2.631,-2.070,3.096,0.350,1.395
219.954,100.497,-105.094,1.000,-2.934,2.041,-2.567,3.103,0.350,1.190
219.960,103.407,-108.005,1.000,4.785,0.192,-4.501,2.959,0.350,1.318
219.965,106.317,-110.915,1.000,10.687,-5.319,-3.050,2.869,0.350,1.338
219.971,108.412,-113.009,1.000,16.921,-10.467,-1.206,2.745,0.350,1.397
219.976,109.509,-111.604,1.000,23.516,-14.614,-1.308,2.580,0.350,1.479
219.982,110.605,-111.947,1.000,31.977,-20.957,-1.378,2.359,0.350,1.634
219.988,111.702,-112.894,1.000,37.219,-27.904,-3.014,2.234,0.350,1.569
219.993,111.387,-112.579,1.000,44.776,-34.579,-1.665,1.998,0.350,1.699
219.998,110.601,-111.794,1.000,50.258,-40.236,-0.510,1.810,0.350,1.687
220.003,109.816,-110.859,1.000,54.250,-45.719,0.479,1.667,0.350,1.582
220.008,108.938,-109.981,1.000,55.028,-48.372,-1.912,1.617,0.350,1.252
220.014,106.320,-107.363,1.000,55.762,-49.691,-2.854,1.517,0.350,1.001
220.019,103.702,-104.744,1.000,59.337,-50.734,-2.207,1.331,0.350,0.939
220.025,101.084,-102.126,1.000,63.303,-53.808,-4.079,1.133,0.350,0.888
220.031,97.827,-98.869,1.000,65.766,-55.294,-4.498,0.962,0.350,0.776
220.036,93.389,-94.432,1.000,70.375,-56.640,-3.084,0.690,0.350,0.840
220.042,89.101,-89.845,1.000,72.944,-58.224,-1.901,0.485,0.350,0.777
220.047,84.663,-85.408,1.000,76.481,-59.061,-1.859,0.245,0.350,0.813
220.052,80.226,-80.971,1.000,78.161,-59.240,-0.868,0.062,0.350,0.729
220.058,74.233,-74.978,1.000,78.299,-61.549,-0.469,-0.122,0.350,0.587
220.063,68.090,-68.835,1.000,76.251,-61.116,-1.239,-0.245,0.348,0.371
220.069,62.244,-62.692,1.000,77.280,-59.881,-1.402,-0.451,0.345,0.344
220.075,56.101,-56.548,1.000,75.904,-58.989,-0.266,-0.594,0.339,0.205
220.081,50.107,-50.405,1.000,73.923,-58.284,0.288,-0.714,0.332,0.053
220.087,43.099,-43.397,1.000,71.628,-57.857,-0.279,-0.856,0.324,-0.094
220.093,35.774,-36.072,1.000,71.939,-56.297,-0.948,-1.085,0.314,-0.080
220.099,28.450,-28.748,1.000,69.547,-54.721,-1.565,-1.233,0.302,-0.209
220.105,21.125,-21.423,1.000,68.071,-51.628,-2.971,-1.408,0.289,-0.245
220.111,16.220,-14.099,1.000,68.582,-47.905,-1.885,-1.571,0.274,-0.161
220.117,8.895,-6.774,1.000,65.251,-42.566,-2.157,-1.691,0.256,-0.274
220.124,1.562,0.559,1.000,61.856,-39.284,-2.546,-1.809,0.237,-0.365
220.130,-5.025,7.928,1.000,56.704,-37.941,-1.963,-1.852,0.218,-0.520
220.136,-12.394,15.298,1.000,53.175,-34.487,-0.820,-1.967,0.197,-0.574
220.143,-19.605,22.816,1.000,48.936,-28.980,-0.749,-2.056,0.175,-0.633
220.150,-26.815,30.185,1.000,44.482,-21.431,-0.190,-2.139,0.152,-0.690
220.156,-34.184,37.554,1.000,39.526,-16.046,0.937,-2.211,0.127,-0.750
220.163,-41.252,44.623,1.000,32.946,-15.332,-1.135,-2.226,0.102,-0.871
220.169,-47.091,51.093,1.000,27.164,-9.847,-1.226,-2.228,0.079,-0.940
220.175,-53.085,57.414,1.000,21.688,-6.847,-1.370,-2.243,0.057,-0.998
220.181,-59.242,63.736,1.000,15.280,-1.899,-1.530,-2.236,0.036,-1.121
220.187,-65.563,70.057,1.000,9.693,3.111,-1.938,-2.258,0.013,-1.126
220.193,-70.699,76.352,1.000,3.076,11.372,-2.407,-2.213,-0.010,-1.175
220.200,-75.043,80.894,1.000,-4.262,19.624,-1.561,-2.123,-0.033,-1.257
220.206,-79.734,85.585,1.000,-12.339,27.975,-1.669,-2.022,-0.054,-1.366
220.212,-84.424,90.275,1.000,-18.115,35.986,-2.650,-1.989,-0.074,-1.323
220.218,-89.115,94.966,1.000,-24.361,43.147,-2.102,-1.943,-0.094,-1.314
220.224,-90.429,98.619,1.000,-32.546,46.267,0.167,-1.736,-0.113,-1.388
220.231,-92.761,101.533,1.000,-37.137,49.422,0.672,-1.669,-0.131,-1.248
220.237,-95.675,104.448,1.000,-45.996,54.465,-0.973,-1.490,-0.147,-1.359
220.244,-97.585,107.362,1.000,-54.291,65.045,-3.061,-1.299,-0.162,-1.439
220.250,-98.537,108.521,1.000,-61.217,72.970,-3.338,-1.120,-0.175,-1.438
220.257,-99.638,109.622,1.000,-65.493,76.498,-1.512,-1.024,-0.187,-1.291
220.263,-100.739,110.723,1.000,-67.992,71.877,2.200,-0.982,-0.197,-1.069
220.269,-100.915,111.318,1.000,-72.968,75.003,0.967,-0.838,-0.205,-1.008
220.275,-100.134,110.538,1.000,-80.167,83.184,-1.061,-0.599,-0.212,-1.111
220.281,-99.354,109.757,1.000,-87.208,87.984,-2.277,-0.364,-0.216,-1.202
220.287,-98.573,108.976,1.000,-93.343,93.428,-2.708,-0.157,-0.219,-1.233
220.293,-96.748,107.152,1.000,-96.869,96.999,-2.723,0.004,-0.220,-1.161
220.299,-94.345,104.538,1.000,-99.797,102.500,-1.144,0.164,-0.220,-1.053
220.306,-91.731,101.923,1.000,-99.409,101.516,0.686,0.230,-0.217,-0.783
220.312,-89.117,99.309,1.000,-104.626,101.499,0.232,0.465,-0.213,-0.821
220.318,-84.497,95.113,1.000,-109.402,103.628,-0.897,0.747,-0.205,-0.813
220.325,-80.063,90.679,1.000,-113.732,107.509,0.240,1.010,-0.195,-0.817
220.331,-75.415,86.245,1.000,-118.781,113.265,0.256,1.301,-0.183,-0.907
220.338,-70.981,81.811,1.000,-118.448,113.090,1.119,1.424,-0.168,-0.683
220.344,-64.709,76.643,1.000,-119.659,111.959,0.747,1.648,-0.151,-0.534
220.351,-58.112,70.502,1.000,-121.963,112.790,-0.434,1.916,-0.131,-0.495
220.357,-51.971,64.362,1.000,-122.324,116.204,-0.825,2.111,-0.109,-0.410
220.364,-45.831,58.221,1.000,-120.480,118.742,-0.006,2.239,-0.086,-0.228
220.370,-37.265,52.080,1.000,-117.631,115.027,0.378,2.411,-0.060,-0.030
220.377,-31.091,45.653,1.000,-116.950,111.980,0.081,2.576,-0.031,0.035
220.383,-23.777,38.338,1.000,-114.877,115.186,0.475,2.733,-0.003,0.120
220.390,-16.463,31.024,1.000,-108.580,112.471,1.438,2.764,0.027,0.404
220.396,-8.892,23.707,1.000,-107.008,109.844,-0.548,2.943,0.058,0.382
220.403,-1.567,16.382,1.000,-105.196,109.219,-1.345,3.109,0.091,0.350
220.409,5.757,9.058,1.000,-96.929,105.124,0.311,3.081,0.124,0.654
220.416,13.338,1.734,1.000,-89.802,97.386,-1.619,3.094,0.158,0.866
220.422,20.437,-5.621,1.000,-83.942,97.092,-2.529,3.131,0.191,0.951
220.429,27.805,-12.990,1.000,-76.755,94.889,-0.908,3.137,0.225,1.021
220.435,35.173,-20.358,1.000,-68.890,86.759,0.117,3.122,0.259,1.152
220.442,42.798,-27.726,1.000,-63.174,80.479,1.135,3.179,0.293,1.172
220.448,50.166,-35.094,1.000,-58.226,79.168,-0.499,3.252,0.327,1.116
220.454,58.054,-42.463,1.000,-47.172,72.267,0.238,3.157,0.350,1.378
220.461,64.601,-49.009,1.000,-39.821,66.714,-0.421,3.133,0.350,1.422
220.467,71.994,-55.328,1.000,-34.693,64.975,-1.506,3.201,0.350,1.303
220.474,78.588,-61.647,1.000,-21.852,57.287,-0.163,3.013,0.350,1.564
220.480,84.907,-67.966,1.000,-14.702,50.034,-2.426,2.988,0.350,1.554
220.487,91.226,-74.285,1.000,-9.864,44.610,-3.788,3.033,0.350,1.409
220.493,98.268,-79.613,0.000,-2.928,44.913,-3.761,3.036,0.350,1.385
220.499,103.549,-84.297,1.000,7.659,33.490,-1.648,2.877,0.350,1.561
220.506,108.236,-88.984,1.000,13.660,27.503,-2.421,2.837,0.350,1.475
220.512,112.923,-93.671,1.000,17.835,24.263,-3.658,2.853,0.350,1.290
220.519,117.624,-98.070,1.000,26.306,16.923,-2.751,2.740,0.350,1.375
220.525,120.534,-100.980,1.000,32.846,10.236,-2.660,2.631,0.350,1.366
220.532,123.444,-103.891,1.000,36.253,5.491,-2.882,2.616,0.350,1.203
220.538,126.355,-106.801,1.000,42.262,3.017,-2.256,2.523,0.350,1.168
220.544,129.353,-108.872,1.000,52.049,-5.664,-0.719,2.319,0.350,1.351
220.551,130.450,-109.969,1.000,57.030,-11.535,-0.682,2.203,0.350,1.278
220.557,131.546,-111.066,1.000,60.796,-15.215,-0.519,2.123,0.350,1.158
220.564,132.643,-112.162,1.000,63.104,-13.837,-4.160,2.086,0.350,0.979
220.570,133.915,-111.823,0.000,68.281,-16.519,-4.493,1.969,0.350,0.978
220.577,133.130,-111.038,0.000,75.229,-21.692,-2.347,1.737,0.350,1.077
220.583,134.393,-110.252,0.000,80.626,-29.162,-3.303,1.613,0.350,1.081
220.589,133.491,-109.351,0.000,85.254,-31.246,-5.416,1.447,0.350,1.023
220.596,130.873,-106.733,0.000,91.044,-36.605,-5.264,1.195,0.350,1.036
220.602,128.255,-104.114,0.000,95.757,-38.970,-5.279,0.975,0.350,1.027
220.609,127.445,-101.496,0.000,98.517,-44.010,-4.515,0.868,0.350,0.932
220.615,124.165,-98.216,0.000,98.649,-44.529,-4.769,0.765,0.350,0.700
220.622,119.727,-93.778,0.000,99.008,-47.928,-5.709,0.622,0.350,0.521
220.628,116.040,-89.341,0.000,100.991,-51.181,-6.385,0.451,0.350,0.471
220.634,111.984,-84.904,0.000,102.738,-53.452,-4.622,0.277,0.350,0.440
220.641,107.546,-80.466,0.000,102.413,-54.647,-3.645,0.154,0.350,0.321
220.647,101.532,-74.452,0.000,99.670,-53.155,-2.844,0.056,0.350,0.118
220.654,95.389,-68.309,0.000,97.277,-52.784,-3.021,-0.057,0.350,-0.024
220.660,89.245,-62.165,0.000,96.270,-53.670,-2.943,-0.211,0.348,-0.063
220.667,83.102,-56.022,0.000,92.578,-54.487,-2.497,-0.284,0.345,-0.228
220.673,76.959,-49.879,0.000,87.449,-55.591,-3.164,-0.315,0.342,-0.411
220.680,69.935,-42.856,0.000,83.867,-54.729,-3.156,-0.418,0.338,-0.488
220.686,62.611,-35.531,0.000,80.596,-48.551,-3.940,-0.540,0.333,-0.520
220.692,55.286,-28.207,0.000,76.099,-45.829,-5.407,-0.624,0.327,-0.610
220.699,48.736,-20.882,0.000,74.822,-42.494,-5.088,-0.783,0.319,-0.514
220.705,41.804,-13.557,0.000,72.826,-41.989,-4.628,-0.931,0.310,-0.484
220.712,34.877,-6.233,0.000,68.808,-40.450,-3.369,-1.018,0.299,-0.554
220.718,27.543,1.101,0.000,65.845,-40.499,-1.279,-1.149,0.287,-0.549
220.725,20.174,8.470,0.000,62.182,-36.850,0.039,-1.260,0.274,-0.583
220.731,12.804,15.839,0.000,56.479,-27.863,-1.933,-1.310,0.261,-0.691
220.737,5.435,23.209,0.000,52.225,-25.009,-2.383,-1.404,0.247,-0.705
220.744,-1.533,30.578,0.000,50.210,-20.082,-3.151,-1.552,0.230,-0.636
220.750,-8.902,37.947,0.000,46.406,-17.779,-2.964,-1.659,0.212,-0.683
220.757,-15.957,45.002,0.000,41.239,-13.654,-4.018,-1.716,0.194,-0.775
220.763,-22.278,51.323,0.000,35.266,-9.237,-4.023,-1.726,0.175,-0.882
220.770,-28.600,57.645,0.000,30.675,-6.202,-2.677,-1.778,0.156,-0.905
220.776,-34.516,63.966,0.000,25.528,1.797,-1.832,-1.801,0.137,-0.936
220.782,-40.837,70.288,0.000,20.249,7.464,-0.539,-1.833,0.119,-0.998
220.788,-46.962,76.413,0.000,15.007,13.464,-0.808,-1.859,0.101,-1.044
220.794,-50.411,81.103,0.000,10.440,22.310,-0.200,-1.826,0.082,-1.022
220.801,-55.102,85.794,0.000,4.955,31.725,1.158,-1.802,0.062,-1.044
220.807,-59.370,90.484,0.000,-0.630,36.223,1.848,-1.762,0.042,-1.060
220.813,-64.060,95.175,0.000,-8.363,38.631,1.290,-1.671,0.024,-1.172
220.820,-65.808,98.507,0.000,-16.408,44.900,1.559,-1.482,0.008,-1.268
220.826,-68.722,101.422,0.000,-20.396,50.220,0.882,-1.450,-0.007,-1.137
220.832,-70.743,104.336,0.000,-26.644,55.761,2.042,-1.323,-0.020,-1.163
220.838,-73.658,107.251,0.000,-32.527,61.664,0.835,-1.234,-0.033,-1.165
220.844,-73.880,108.386,0.000,-38.294,67.300,-0.337,-1.068,-0.044,-1.157
220.850,-74.982,109.487,0.000,-44.932,70.560,0.164,-0.901,-0.054,-1.208
220.857,-76.083,110.588,0.000,-51.211,74.485,-0.088,-0.746,-0.062,-1.229
220.863,-76.654,111.159,0.000,-56.079,78.552,0.222,-0.617,-0.069,-1.177
220.869,-75.873,110.379,0.000,-60.728,85.201,1.123,-0.454,-0.075,-1.131
220.875,-75.092,109.598,0.000,-64.958,91.508,0.462,-0.304,-0.078,-1.070
220.881,-70.970,108.817,0.000,-70.789,97.760,0.005,-0.005,-0.080,-1.105
220.887,-69.126,106.974,0.000,-77.130,102.233,-0.469,0.240,-0.078,-1.156
220.894,-66.516,104.364,0.000,-79.723,106.797,1.238,0.396,-0.074,-0.982
220.900,-63.905,101.753,0.000,-79.870,111.326,2.217,0.479,-0.070,-0.733
220.906,-60.294,99.140,0.000,-80.871,112.291,3.158,0.617,-0.064,-0.585
220.912,-56.083,94.929,0.000,-82.107,112.640,2.925,0.781,-0.056,-0.499
220.918,-51.649,90.496,0.000,-84.235,113.780,1.192,0.978,-0.047,-0.485
220.924,-47.215,86.062,0.000,-86.904,115.641,0.618,1.191,-0.036,-0.514
220.930,-39.663,81.628,0.000,-87.626,117.769,0.695,1.439,-0.022,-0.443
220.937,-31.737,76.298,0.000,-87.980,118.925,2.313,1.687,-0.005,-0.364
220.944,-25.597,70.157,0.000,-86.601,120.161,3.738,1.830,0.015,-0.209
220.950,-17.162,64.016,0.000,-87.609,118.642,3.489,2.113,0.038,-0.199
220.957,-11.022,57.875,0.000,-85.420,120.673,3.761,2.232,0.062,-0.058
220.964,-3.700,51.735,0.000,-83.362,120.575,3.666,2.390,0.088,0.059
220.970,2.747,45.288,0.000,-79.282,115.982,2.268,2.461,0.116,0.258
220.977,10.071,37.963,0.000,-78.044,114.975,-0.175,2.643,0.145,0.260
220.984,17.994,30.639,0.000,-72.960,118.022,0.628,2.729,0.176,0.410
220.991,25.319,23.315,0.000,-66.690,112.582,2.094,2.760,0.207,0.595
220.997,32.643,15.990,0.000,-60.918,109.166,3.221,2.807,0.238,0.724
221.004,39.967,8.517,0.000,-53.400,105.839,3.054,2.801,0.269,0.868
221.011,47.292,1.192,0.000,-43.652,103.044,4.896,2.728,0.299,1.114
221.017,54.647,-6.163,0.000,-36.564,96.322,3.703,2.736,0.329,1.210
221.024,62.016,-13.532,0.000,-24.702,90.567,3.409,2.602,0.350,1.494
221.030,69.384,-20.900,0.000,-15.653,86.298,2.240,2.551,0.350,1.530
221.037,77.357,-28.268,0.000,-6.523,80.014,-0.642,2.516,0.350,1.591
221.043,84.725,-35.636,0.000,0.923,72.805,-2.141,2.514,0.350,1.579
221.049,92.093,-43.004,0.000,6.980,69.731,-2.357,2.553,0.350,1.475
221.056,99.853,-49.687,0.000,17.393,67.123,-0.786,2.474,0.350,1.588
221.063,106.172,-56.006,0.000,28.512,58.184,2.811,2.330,0.350,1.719
221.069,115.016,-62.325,0.000,34.264,51.270,3.562,2.423,0.350,1.582
221.076,121.982,-68.644,0.000,42.616,46.630,1.687,2.381,0.350,1.566
221.083,128.301,-74.963,0.000,53.372,38.965,2.080,2.248,0.350,1.658
221.089,133.614,-80.425,0.000,60.854,26.710,1.905,2.183,0.350,1.620
221.095,138.301,-85.112,0.000,67.194,21.160,1.354,2.133,0.350,1.564
221.102,144.299,-90.250,0.000,71.047,19.790,0.235,2.198,0.350,1.347
221.108,148.986,-94.937,0.000,83.672,13.996,1.252,1.959,0.350,1.599
221.115,155.372,-100.066,0.000,90.936,4.863,0.643,1.933,0.350,1.577
221.121,161.057,-103.283,0.000,96.630,-3.235,-1.416,1.933,0.350,1.479
221.128,163.968,-106.193,0.000,103.369,-5.031,-2.218,1.818,0.350,1.425
221.135,172.744,-109.723,0.000,111.421,-9.467,-1.257,1.840,0.350,1.420
221.141,174.789,-111.767,0.000,122.713,-16.712,0.999,1.562,0.350,1.623
221.148,179.776,-113.020,0.000,127.552,-22.387,2.616,1.567,0.350,1.476
221.154,180.872,-114.117,0.000,131.936,-27.448,3.038,1.468,0.350,1.303
221.161,181.969,-115.214,0.000,138.837,-31.635,4.094,1.294,0.350,1.302
221.167,190.800,-116.126,0.000,146.248,-36.419,3.059,1.337,0.350,1.333
221.174,190.016,-115.342,0.000,148.373,-44.479,2.195,1.249,0.350,1.126
221.181,197.448,-115.387,0.000,153.425,-53.780,1.903,1.321,0.350,1.091
221.188,196.525,-114.464,0.000,154.479,-55.649,1.590,1.261,0.350,0.851
221.194,193.907,-111.846,0.000,162.306,-57.071,2.082,0.948,0.350,1.003
221.201,191.289,-109.227,0.000,166.510,-58.492,0.637,0.743,0.350,0.955
221.208,194.516,-107.819,0.000,170.383,-64.402,1.112,0.724,0.350,0.910
221.214,191.218,-104.699,0.000,172.595,-64.175,1.419,0.559,0.350,0.770
221.221,186.781,-100.262,0.000,176.311,-61.397,1.412,0.314,0.350,0.741
221.228,190.612,-96.003,0.000,179.490,-68.468,2.352,0.334,0.350,0.711
221.234,186.175,-91.566,0.000,178.567,-73.138,2.221,0.228,0.350,0.504
221.241,181.737,-87.129,0.000,180.765,-72.497,2.632,0.029,0.350,0.470
221.248,183.409,-81.277,0.000,182.651,-67.830,0.866,0.023,0.350,0.429
221.254,183.046,-75.134,0.000,183.633,-66.827,1.109,-0.018,0.350,0.359
221.261,176.903,-68.991,0.000,184.717,-65.659,1.442,-0.234,0.348,0.328
221.268,173.138,-63.029,0.000,184.185,-66.080,0.993,-0.331,0.345,0.229
221.274,171.870,-57.253,0.000,183.078,-62.891,2.892,-0.336,0.340,0.102
221.281,164.835,-50.404,0.000,182.367,-59.122,1.836,-0.526,0.335,0.042
221.288,157.510,-43.080,0.000,184.915,-57.057,2.561,-0.822,0.327,0.152
221.294,152.683,-36.132,0.000,181.823,-53.845,3.229,-0.874,0.318,-0.013
221.301,146.622,-29.778,0.000,179.854,-56.826,2.083,-0.997,0.308,-0.091
221.308,139.298,-22.453,0.000,175.791,-56.482,0.038,-1.095,0.296,-0.270
221.314,131.973,-15.129,0.000,172.372,-52.053,-0.881,-1.212,0.283,-0.368
221.321,124.639,-7.794,0.000,172.022,-48.812,0.233,-1.421,0.268,-0.290
221.328,117.269,-0.425,0.000,168.532,-42.542,2.573,-1.538,0.251,-0.385
221.335,108.637,3.753,0.000,161.732,-36.942,3.986,-1.593,0.234,-0.604
221.341,101.268,11.122,0.000,160.090,-37.081,4.234,-1.765,0.215,-0.546
221.348,93.899,18.491,0.000,154.033,-34.848,4.285,-1.804,0.195,-0.695
221.354,84.032,25.399,0.000,152.307,-29.639,4.967,-2.048,0.173,-0.598
221.361,76.988,32.444,0.000,147.876,-23.800,5.562,-2.127,0.149,-0.676
221.368,70.666,38.765,0.000,141.603,-15.401,2.688,-2.128,0.125,-0.802
221.375,61.888,42.637,0.000,137.278,-11.674,3.835,-2.262,0.101,-0.792
221.381,55.566,48.958,0.000,130.658,-10.180,3.128,-2.253,0.076,-0.908
221.388,49.245,55.280,0.000,121.065,-0.599,1.568,-2.155,0.051,-1.146
221.395,32.559,60.337,0.000,112.714,9.558,1.518,-2.405,0.024,-1.256
221.401,16.999,64.758,0.000,107.370,19.912,2.121,-2.711,-0.007,-1.198
221.408,12.309,69.448,0.000,98.924,20.854,4.052,-2.598,-0.036,-1.302
221.415,7.618,74.139,0.000,89.382,23.548,6.070,-2.453,-0.064,-1.427
221.422,-28.558,78.281,0.000,80.061,27.005,6.304,-3.259,-0.098,-1.496
221.428,-46.038,79.435,0.000,72.701,28.985,6.364,-3.562,-0.135,-1.464
221.435,-50.215,82.648,0.000,60.121,43.211,5.370,-3.310,-0.172,-1.685
221.442,-53.130,85.563,0.000,50.271,52.292,3.513,-3.102,-0.208,-1.736
221.448,-59.686,88.174,0.000,41.294,56.695,2.178,-3.029,-0.242,-1.725
221.455,-60.804,89.292,0.000,32.198,57.461,1.974,-2.790,-0.275,-1.718
221.462,-61.904,90.391,0.000,20.245,60.696,2.492,-2.464,-0.303,-1.844
221.468,-63.003,91.491,0.000,7.378,68.528,3.210,-2.111,-0.328,-1.990
221.475,-73.308,89.213,0.000,-1.916,74.551,4.085,-2.142,-0.350,-1.943
221.482,-73.989,88.432,0.000,-12.369,73.047,6.936,-1.849,-0.350,-1.933
221.489,-73.208,87.651,0.000,-24.407,72.795,8.509,-1.464,-0.350,-2.000
221.495,-72.427,86.871,0.000,-33.401,74.584,6.187,-1.171,-0.350,-1.931
221.502,-77.657,84.007,0.000,-46.258,80.158,3.332,-0.942,-0.350,-2.116
221.508,-76.640,81.393,0.000,-53.679,85.897,2.788,-0.689,-0.350,-1.978
221.515,-74.025,78.779,0.000,-60.441,90.807,4.437,-0.408,-0.350,-1.779
221.522,-76.505,76.165,0.000,-71.668,92.825,2.870,-0.145,-0.350,-1.844
221.528,-74.241,71.937,0.000,-83.755,100.993,1.656,0.285,-0.349,-1.979
221.535,-69.808,67.504,0.000,-84.191,95.573,5.287,0.431,-0.344,-1.521
221.542,-65.374,63.070,0.000,-91.522,90.953,4.815,0.784,-0.336,-1.456
221.548,-67.175,57.946,0.000,-99.321,93.205,5.851,0.964,-0.327,-1.469
221.555,-61.978,52.749,0.000,-98.636,95.200,8.780,1.100,-0.316,-1.084
221.562,-55.837,46.608,0.000,-101.160,92.548,8.303,1.360,-0.301,-0.913
221.569,-52.993,40.117,0.000,-109.906,99.019,5.407,1.707,-0.283,-1.089
221.575,-46.852,33.976,0.000,-107.844,92.275,4.856,1.830,-0.263,-0.729
221.582,-40.711,27.836,0.000,-113.175,91.677,1.860,2.174,-0.240,-0.788
221.589,-34.253,21.378,0.000,-116.686,92.694,3.367,2.473,-0.214,-0.766
221.595,-26.929,14.053,0.000,-116.078,88.204,3.324,2.674,-0.185,-0.529
221.602,-19.605,6.729,0.000,-120.826,89.700,5.065,3.037,-0.152,-0.616
221.609,-19.556,2.430,0.000,-117.824,83.879,8.669,2.948,-0.120,-0.327
221.616,-12.232,-4.894,0.000,-117.622,81.298,4.406,3.162,-0.085,-0.232
221.622,-4.907,-12.218,0.000,-115.456,80.997,4.725,3.316,-0.048,-0.080
221.629,2.417,-19.543,0.000,-113.532,76.629,1.921,3.478,-0.010,0.041
221.636,5.486,-25.952,0.000,-114.412,77.434,3.777,3.597,0.030,-0.009
221.641,12.854,-33.320,0.000,-107.064,67.314,4.829,3.598,0.063,0.407
221.647,20.074,-40.380,0.000,-102.647,58.916,3.091,3.682,0.097,0.566
221.652,27.442,-48.057,0.000,-99.767,55.596,2.574,3.816,0.132,0.611
221.658,34.810,-55.425,0.000,-96.241,52.550,4.608,3.932,0.168,0.683
221.663,42.179,-62.793,0.000,-94.217,49.944,5.765,4.092,0.206,0.585
221.669,48.702,-69.629,0.000,-85.710,40.085,6.875,4.032,0.243,0.906
221.674,55.021,-75.948,0.000,-79.241,29.553,4.765,4.028,0.281,1.046
221.680,61.340,-82.267,0.000,-75.950,28.229,3.060,4.119,0.319,1.009
221.686,67.659,-88.586,0.000,-72.540,24.470,2.513,4.206,0.350,0.969
221.691,73.978,-96.849,0.000,-67.527,20.511,4.219,4.245,0.350,0.995
221.697,79.276,-102.147,0.000,-59.832,14.042,4.719,4.173,0.350,1.179
221.702,83.963,-106.834,0.000,-52.532,4.863,4.438,4.095,0.350,1.319
221.708,88.650,-113.949,0.000,-47.258,-1.331,1.693,4.077,0.350,1.314
221.713,93.337,-122.427,0.000,-45.241,-4.969,3.528,4.157,0.350,1.121
221.719,97.693,-126.783,0.000,-40.307,-10.865,5.087,4.140,0.350,1.125
221.725,100.604,-129.694,0.000,-34.771,-18.119,3.558,4.061,0.350,1.195
221.730,103.514,-143.463,0.000,-29.941,-23.365,3.535,4.004,0.350,1.201
221.736,106.424,-146.373,0.000,-24.009,-29.201,0.666,3.913,0.350,1.267
221.741,108.452,-148.401,0.000,-21.367,-30.194,4.310,3.895,0.350,1.119
221.747,109.549,-156.565,0.000,-16.318,-34.379,7.361,3.776,0.350,1.109
221.752,110.646,-160.023,0.000,-9.895,-44.681,6.199,3.616,0.350,1.236
221.758,111.742,-161.119,0.000,-5.198,-51.885,1.998,3.508,0.350,1.221
221.763,111.358,-162.567,0.000,-0.114,-54.157,0.915,3.344,0.350,1.231
221.769,110.573,-165.606,0.000,3.556,-60.643,3.143,3.210,0.350,1.125
221.775,109.787,-164.821,0.000,10.371,-68.299,4.299,2.982,0.350,1.224
221.780,108.842,-163.875,0.000,14.210,-75.187,4.789,2.839,0.350,1.164
221.786,106.224,-162.581,0.000,17.664,-81.478,4.713,2.657,0.350,1.090
221.791,103.606,-163.382,0.000,21.058,-84.999,3.753,2.476,0.350,1.044
221.797,100.987,-160.764,0.000,21.009,-85.698,3.275,2.399,0.350,0.787
221.802,97.663,-157.440,0.000,22.833,-85.514,5.127,2.245,0.350,0.667
221.808,93.226,-153.003,0.000,25.987,-90.897,6.434,2.017,0.350,0.670
221.814,88.789,-148.566,0.000,28.190,-95.856,4.547,1.818,0.350,0.637
221.819,84.351,-144.128,0.000,25.678,-97.671,4.527,1.760,0.350,0.355
221.825,79.914,-145.504,0.000,24.940,-99.331,3.441,1.649,0.350,0.260
221.830,73.859,-140.206,0.000,23.009,-98.424,2.329,1.525,0.350,0.049
221.836,67.716,-134.062,0.000,21.836,-97.829,4.855,1.376,0.350,-0.081
221.841,61.572,-127.919,0.000,23.883,-102.817,5.635,1.131,0.350,0.035
221.847,55.429,-124.874,0.000,25.931,-107.980,4.962,0.885,0.350,0.158
221.852,49.286,-118.730,0.000,25.725,-109.390,5.519,0.707,0.350,0.134
221.858,42.234,-111.679,0.000,24.680,-109.837,5.537,0.527,0.350,0.089
221.863,34.910,-104.354,0.000,22.736,-109.267,6.098,0.365,0.350,-0.009
221.869,27.585,-105.280,0.000,20.647,-106.354,6.798,0.208,0.350,-0.133
221.875,20.261,-99.695,0.000,19.342,-107.275,7.784,0.028,0.350,-0.188
221.880,12.936,-92.371,0.000,17.881,-108.037,6.970,-0.148,0.349,-0.208
221.886,5.612,-85.046,0.000,16.068,-113.253,5.969,-0.314,0.348,-0.225
221.891,-1.724,-82.196,0.000,12.755,-113.461,3.555,-0.434,0.344,-0.312
221.897,-9.093,-74.827,0.000,6.283,-108.681,4.246,-0.461,0.341,-0.555
221.903,-16.462,-67.458,0.000,0.882,-103.381,5.487,-0.520,0.336,-0.705
221.908,-23.831,-60.089,0.000,-3.694,-97.823,5.101,-0.604,0.330,-0.809
221.914,-31.200,-58.365,0.000,-6.598,-97.836,5.382,-0.738,0.323,-0.795
221.920,-38.569,-50.996,0.000,-9.212,-96.290,4.940,-0.881,0.316,-0.737
221.925,-45.599,-43.966,0.000,-14.139,-95.061,4.703,-0.944,0.308,-0.809
221.931,-51.921,-39.592,0.000,-16.064,-94.925,4.262,-1.076,0.299,-0.664
221.936,-58.242,-33.271,0.000,-20.958,-94.228,4.294,-1.119,0.289,-0.723
221.942,-64.563,-26.949,0.000,-28.169,-91.658,3.386,-1.092,0.280,-0.902
221.948,-70.885,-20.628,0.000,-35.125,-85.293,5.205,-1.073,0.269,-1.078
221.953,-76.967,-15.532,0.000,-44.389,-75.288,6.159,-0.977,0.259,-1.375
221.959,-81.651,-10.848,0.000,-51.075,-70.239,6.014,-0.917,0.250,-1.441
221.964,-86.335,-6.164,0.000,-57.661,-68.103,5.983,-0.860,0.241,-1.471
221.970,-91.025,-0.487,0.000,-63.775,-64.199,6.456,-0.817,0.233,-1.455
221.976,-95.716,4.203,0.000,-70.209,-59.440,7.148,-0.765,0.226,-1.446
221.981,-99.161,9.596,0.000,-77.710,-53.703,7.124,-0.644,0.220,-1.483
221.987,-102.076,12.511,0.000,-85.511,-46.987,5.355,-0.497,0.215,-1.494
221.993,-104.990,17.340,0.000,-91.938,-43.874,4.219,-0.392,0.212,-1.445
221.998,-107.902,23.062,0.000,-100.390,-38.551,3.669,-0.225,0.209,-1.565
222.004,-109.001,24.161,0.000,-106.749,-33.528,3.084,-0.068,0.208,-1.550
222.009,-110.101,25.261,0.000,-113.210,-30.176,3.064,0.093,0.208,-1.525
222.015,-111.202,28.195,0.000,-119.964,-28.451,3.658,0.263,0.210,-1.506
222.021,-111.742,31.426,0.000,-126.483,-24.826,4.144,0.442,0.214,-1.460
222.026,-110.961,30.645,0.000,-133.196,-20.482,3.635,0.667,0.221,-1.429
222.032,-110.180,29.864,0.000,-140.512,-16.382,4.575,0.910,0.228,-1.469
222.038,-109.400,34.258,0.000,-147.238,-13.784,4.959,1.135,0.238,-1.492
222.043,-107.526,37.289,0.000,-152.312,-6.758,4.294,1.344,0.249,-1.445
222.049,-104.912,34.675,0.000,-153.019,-4.902,4.506,1.443,0.262,-1.142
222.054,-102.298,32.061,0.000,-152.878,-6.349,4.117,1.517,0.276,-0.852
222.060,-99.685,36.326,0.000,-154.929,-6.315,2.799,1.657,0.292,-0.718
222.066,-95.445,32.086,0.000,-159.456,-3.672,3.624,1.920,0.310,-0.746
222.071,-91.018,27.658,0.000,-161.155,1.582,3.405,2.104,0.329,-0.641
222.077,-86.590,27.510,0.000,-163.119,4.254,4.096,2.296,0.350,-0.630
222.083,-82.161,24.455,0.000,-164.110,5.982,4.417,2.458,0.350,-0.569
222.088,-76.955,19.249,0.000,-160.790,5.839,4.783,2.515,0.350,-0.246
222.094,-70.814,13.109,0.000,-163.789,7.975,4.148,2.789,0.350,-0.331
222.099,-64.679,10.299,0.000,-167.432,12.315,2.615,3.083,0.350,-0.428
222.105,-58.547,4.167,0.000,-170.131,13.809,1.097,3.348,0.350,-0.468
222.111,-52.415,-1.966,0.000,-170.602,16.338,1.477,3.546,0.350,-0.447
222.117,-45.966,-8.415,0.000,-171.180,20.688,4.256,3.756,0.350,-0.427
222.122,-38.645,-13.186,0.000,-167.013,17.297,4.152,3.851,0.350,-0.112
222.128,-31.321,-20.510,0.000,-164.467,16.804,1.168,3.994,0.350,0.054
222.133,-23.996,-27.835,0.000,-163.516,18.529,1.700,4.186,0.350,0.119
222.139,-16.672,-35.159,0.000,-162.240,20.677,2.634,4.367,0.350,0.149
222.145,-9.348,-38.838,0.000,-157.002,21.975,3.920,4.430,0.350,0.392
222.150,-2.023,-46.162,0.000,-151.985,18.565,2.506,4.499,0.350,0.607
222.156,5.333,-53.518,0.000,-146.539,15.086,-2.268,4.556,0.350,0.797
222.162,12.701,-60.886,0.000,-142.202,14.505,-2.016,4.647,0.350,0.886
222.167,20.069,-65.939,0.000,-140.202,16.512,3.609,4.808,0.350,0.777
222.173,27.437,-73.307,0.000,-132.706,13.457,6.706,4.804,0.350,1.007
222.178,34.806,-80.675,0.000,-127.007,7.436,3.651,4.854,0.350,1.092
222.184,42.174,-87.478,0.000,-125.691,3.935,1.567,5.036,0.350,0.923
222.189,48.698,-94.002,0.000,-122.319,1.830,3.286,5.130,0.350,0.890
222.195,55.017,-100.321,0.000,-118.310,-0.339,3.084,5.200,0.350,0.831
222.201,61.336,-106.640,0.000,-112.701,-7.371,3.440,5.221,0.350,0.922
222.206,67.655,-113.524,0.000,-105.416,-16.862,-1.383,5.192,0.350,1.115
222.212,73.974,-119.843,0.000,-99.865,-23.193,-3.659,5.215,0.350,1.165
222.217,79.273,-125.142,0.000,-94.989,-28.381,1.665,5.228,0.350,1.127
222.223,83.960,-130.400,0.000,-86.434,-35.014,2.733,5.112,0.350,1.332
222.228,88.647,-135.087,0.000,-79.776,-42.289,3.431,5.053,0.350,1.431
222.234,93.334,-139.774,0.000,-71.723,-51.335,3.537,4.952,0.350,1.559
222.240,97.691,-144.131,0.000,-68.641,-52.550,3.284,4.990,0.350,1.375
222.245,100.602,-147.042,0.000,-64.986,-53.859,5.439,4.968,0.350,1.254
222.251,103.512,-149.952,0.000,-53.896,-62.487,3.722,4.722,0.350,1.568
222.256,106.423,-152.862,0.000,-44.591,-69.796,2.565,4.530,0.350,1.743
222.262,108.451,-154.891,0.000,-38.833,-75.127,0.259,4.419,0.350,1.689
222.267,109.548,-155.988,0.000,-33.256,-80.284,-0.204,4.284,0.350,1.601
222.273,110.645,-157.085,0.000,-26.346,-84.458,1.420,4.110,0.350,1.537
222.279,111.742,-140.435,0.000,-14.818,-93.276,3.001,3.797,0.350,1.796
222.284,111.358,-135.595,0.000,-6.985,-96.300,0.470,3.550,0.350,1.818
222.290,110.573,-134.810,0.000,-1.653,-98.590,1.515,3.367,0.350,1.714
222.295,109.788,-134.024,0.000,2.674,-99.228,3.098,3.213,0.350,1.563
222.301,109.290,-133.080,0.000,7.232,-99.958,6.027,3.062,0.350,1.399
222.308,106.672,-130.462,0.000,14.232,-106.062,4.141,2.773,0.350,1.401
222.315,108.043,-131.133,0.000,17.138,-107.207,1.039,2.727,0.350,1.207
222.321,105.425,-128.515,0.000,25.491,-109.752,0.651,2.398,0.350,1.291
222.328,102.102,-125.192,0.000,27.911,-109.860,1.163,2.226,0.350,1.096
222.334,97.665,-120.755,0.000,24.987,-104.218,2.121,2.180,0.350,0.670
222.341,93.227,-116.318,0.000,33.037,-108.934,3.863,1.806,0.350,0.865
222.348,95.416,-112.654,0.000,34.900,-109.957,3.530,1.815,0.350,0.746
222.354,90.979,-108.217,0.000,35.117,-103.566,4.763,1.676,0.350,0.588
222.361,84.925,-102.163,0.000,38.400,-105.705,5.256,1.396,0.350,0.584
222.368,85.110,-96.022,0.000,42.611,-107.428,2.866,1.275,0.350,0.663
222.374,78.975,-89.888,0.000,42.640,-103.212,2.319,1.090,0.350,0.486
222.381,72.840,-83.753,0.000,45.978,-105.148,1.715,0.806,0.350,0.532
222.387,71.519,-77.610,0.000,44.344,-104.956,3.117,0.815,0.350,0.333
222.394,64.472,-70.563,0.000,48.238,-104.164,5.211,0.487,0.350,0.414
222.401,62.464,-63.631,0.000,49.082,-106.456,6.435,0.401,0.350,0.363
222.407,55.914,-56.704,0.000,47.258,-101.549,5.384,0.260,0.350,0.181
222.414,48.589,-49.379,0.000,49.680,-99.587,5.316,-0.033,0.350,0.234
222.421,41.265,-42.055,0.000,51.192,-101.974,6.303,-0.298,0.348,0.256
222.428,33.940,-34.730,0.000,45.370,-95.046,2.381,-0.343,0.345,-0.064
222.434,29.444,-26.998,0.000,44.908,-85.056,2.869,-0.464,0.340,-0.091
222.441,22.074,-19.629,0.000,42.829,-80.787,3.787,-0.623,0.333,-0.167
222.448,18.209,-12.260,0.000,37.382,-76.025,3.528,-0.575,0.328,-0.366
222.454,10.840,-4.891,0.000,31.676,-65.890,2.479,-0.625,0.321,-0.556
222.461,3.930,2.478,0.000,29.028,-60.420,4.047,-0.753,0.313,-0.527
222.468,-1.559,9.450,0.000,20.115,-55.930,3.797,-0.650,0.305,-0.804
222.474,-7.624,16.881,0.000,12.302,-49.461,4.633,-0.598,0.298,-0.996
222.481,-13.945,23.203,0.000,9.895,-42.700,7.341,-0.715,0.290,-0.883
222.488,-19.774,29.524,0.000,5.186,-38.921,4.827,-0.749,0.282,-0.867
222.494,-26.096,35.846,0.000,-4.158,-30.724,1.667,-0.658,0.275,-1.078
222.501,-32.417,42.167,0.000,-10.661,-22.102,1.331,-0.653,0.267,-1.146
222.507,-33.307,47.858,0.000,-11.755,-18.746,3.370,-0.647,0.260,-0.906
222.514,-37.991,52.542,0.000,-15.057,-19.739,3.514,-0.688,0.253,-0.797
222.521,-39.302,57.626,0.000,-20.448,-8.261,5.331,-0.566,0.246,-0.859
222.528,-43.411,62.316,0.000,-22.279,-1.263,6.931,-0.634,0.238,-0.750
222.535,-48.102,67.007,0.000,-28.828,-1.095,6.273,-0.578,0.232,-0.843
222.541,-51.553,70.458,0.000,-37.298,2.585,4.496,-0.428,0.226,-1.040
222.548,-53.287,77.125,0.000,-36.176,8.543,5.924,-0.513,0.221,-0.733
222.555,-55.603,80.039,0.000,-39.255,13.032,8.037,-0.490,0.216,-0.687
222.562,-58.518,82.954,0.000,-48.509,20.318,6.290,-0.300,0.211,-0.946
222.568,-59.018,85.110,0.000,-49.482,28.202,7.071,-0.286,0.208,-0.783
222.575,-60.119,86.211,0.000,-52.444,29.693,7.031,-0.230,0.206,-0.694
222.582,-61.220,87.312,0.000,-62.108,42.415,3.893,0.027,0.205,-0.950
222.588,-61.759,87.852,0.000,-68.650,53.537,3.350,0.207,0.206,-1.035
222.595,-57.227,88.751,0.000,-68.408,52.257,5.588,0.335,0.210,-0.782
222.602,-56.446,88.296,0.000,-70.488,50.768,5.369,0.421,0.215,-0.654
222.608,-54.366,88.157,0.000,-75.625,57.724,6.738,0.638,0.221,-0.747
222.615,-51.164,86.906,0.000,-75.098,65.370,8.103,0.718,0.229,-0.538
222.622,-48.550,84.292,0.000,-77.737,70.738,6.378,0.876,0.238,-0.508
222.629,-45.935,82.595,0.000,-85.292,80.751,4.725,1.181,0.250,-0.739
222.635,-43.321,79.981,0.000,-83.586,82.290,4.970,1.208,0.263,-0.499
222.642,-39.071,76.030,0.000,-81.565,75.793,4.498,1.275,0.278,-0.260
222.649,-34.637,71.596,0.000,-85.679,81.496,4.948,1.531,0.294,-0.389
222.656,-30.203,67.162,0.000,-82.503,84.887,7.978,1.569,0.312,-0.133
222.663,-25.769,62.728,0.000,-84.310,85.027,7.314,1.756,0.331,-0.188
222.669,-20.551,57.509,0.000,-87.913,91.427,4.584,2.021,0.350,-0.330
222.676,-13.739,54.729,0.000,-80.045,85.471,4.198,1.989,0.350,0.109
222.683,-7.598,48.849,0.000,-74.856,79.987,3.820,2.018,0.350,0.345
222.689,-1.457,42.709,0.000,-77.707,82.364,5.056,2.287,0.350,0.110
222.696,6.736,36.568,0.000,-71.033,83.177,4.580,2.333,0.350,0.395
222.703,11.834,30.864,0.000,-69.325,81.104,4.148,2.435,0.350,0.410
222.710,19.158,23.540,0.000,-67.596,86.516,4.772,2.603,0.350,0.379
222.717,27.850,19.075,0.000,-60.764,78.839,5.328,2.658,0.350,0.593
222.723,35.164,11.761,0.000,-57.066,75.150,3.784,2.767,0.350,0.633
222.730,42.478,4.447,0.000,-52.039,78.062,3.445,2.836,0.350,0.701
222.737,51.906,-0.940,-1.000,-42.448,73.505,5.913,2.831,0.350,0.988
222.743,59.230,-8.264,-1.000,-42.349,74.576,2.933,3.047,0.350,0.757
222.750,66.587,-15.621,-1.000,-33.731,71.715,3.488,3.010,0.350,0.972
222.757,76.861,-21.211,-2.000,-25.930,63.469,2.931,3.084,0.350,1.095
222.764,84.229,-28.579,-2.000,-25.247,64.161,2.009,3.284,0.350,0.858
222.770,91.598,-35.947,-2.000,-14.988,57.614,2.039,3.198,0.350,1.120
222.777,108.347,-42.385,-11.000,-9.070,53.840,2.198,3.522,0.350,1.146
222.783,117.380,-49.753,-13.000,-3.987,55.481,3.165,3.641,0.350,1.100
222.790,123.895,-56.268,-13.000,6.650,49.847,3.022,3.517,0.350,1.321
222.797,130.214,-62.587,-13.000,14.223,44.718,-0.037,3.480,0.350,1.359
222.803,138.227,-68.544,-11.000,24.803,37.610,-3.889,3.403,0.350,1.520
222.810,145.405,-74.863,-12.000,33.360,27.886,-6.008,3.361,0.350,1.546
222.817,151.724,-81.182,-12.000,36.368,26.953,-4.917,3.461,0.350,1.310
222.824,158.748,-86.467,-13.000,47.380,18.823,-4.395,3.341,0.350,1.495
222.830,165.206,-91.154,-13.000,55.812,11.286,-4.950,3.282,0.350,1.526
222.837,172.607,-95.841,-15.000,62.854,10.929,-4.671,3.293,0.350,1.474
222.844,184.887,-100.528,-19.000,71.014,1.412,-4.355,3.416,0.350,1.488
222.850,189.229,-104.870,-19.000,75.436,-0.854,-4.408,3.414,0.350,1.325
222.857,194.117,-107.776,-20.000,86.727,-8.452,-5.178,3.222,0.350,1.536
222.864,197.023,-110.683,-20.000,95.054,-17.947,-8.045,3.059,0.350,1.542
222.870,211.447,-113.592,-29.000,95.878,-16.173,-10.838,3.467,0.350,1.194
222.877,220.206,-115.611,-32.000,107.113,-26.075,-11.708,3.393,0.350,1.426
222.884,223.624,-116.707,-32.000,116.563,-33.060,-14.193,3.212,0.350,1.525
222.890,224.721,-117.804,-32.000,121.178,-32.512,-13.951,3.106,0.350,1.339
222.897,225.818,-118.901,-32.000,127.837,-36.186,-16.317,2.939,0.350,1.327
222.904,232.620,-118.507,-39.000,133.893,-35.717,-18.174,2.962,0.350,1.274
222.911,233.068,-117.722,-38.000,144.659,-43.161,-19.702,2.652,0.350,1.433
222.917,232.283,-116.937,-38.000,153.029,-47.574,-20.620,2.378,0.350,1.482
222.924,235.090,-115.983,-40.000,160.843,-49.359,-20.365,2.227,0.350,1.459
222.930,233.745,-113.364,-41.000,168.362,-58.416,-22.669,1.961,0.350,1.449
222.937,231.127,-110.746,-41.000,170.970,-60.670,-25.422,1.805,0.350,1.213
222.944,229.793,-107.949,-40.000,179.750,-63.751,-26.201,1.501,0.350,1.305
222.951,226.460,-104.617,-40.000,188.951,-70.733,-26.737,1.125,0.350,1.414
222.957,222.029,-100.185,-40.000,189.890,-68.559,-27.887,0.964,0.350,1.093
222.964,217.598,-95.754,-40.000,196.990,-71.510,-28.292,0.618,0.350,1.157
222.971,213.167,-91.323,-40.000,202.333,-73.625,-26.139,0.325,0.350,1.125
222.977,208.736,-86.892,-40.000,204.573,-71.151,-25.720,0.125,0.350,0.936
222.984,206.601,-80.844,-41.000,208.034,-74.668,-25.444,-0.043,0.350,0.874
222.991,200.458,-74.879,-41.000,212.442,-78.376,-25.725,-0.360,0.347,0.881
222.998,196.976,-68.736,-44.000,210.571,-74.006,-28.012,-0.408,0.342,0.556
223.004,190.833,-62.593,-44.000,211.790,-68.494,-29.018,-0.629,0.336,0.474
223.011,184.690,-56.450,-43.000,209.020,-67.955,-31.567,-0.730,0.329,0.247
223.018,177.640,-49.400,-43.000,204.352,-63.627,-34.676,-0.801,0.320,-0.046
223.024,171.662,-42.076,-46.000,203.979,-60.546,-31.876,-0.969,0.309,-0.070
223.031,164.338,-34.751,-47.000,201.612,-59.404,-32.079,-1.118,0.298,-0.142
223.038,157.013,-27.427,-47.000,198.893,-55.854,-31.804,-1.256,0.285,-0.219
223.045,149.689,-20.102,-48.000,196.677,-47.591,-32.680,-1.410,0.269,-0.301
223.051,142.364,-12.778,-48.000,196.371,-46.342,-32.568,-1.620,0.252,-0.220
223.058,135.029,-5.442,-49.000,189.438,-40.932,-36.217,-1.632,0.234,-0.466
223.065,127.660,1.927,-49.000,181.341,-32.087,-39.301,-1.610,0.216,-0.749
223.071,118.944,9.296,-48.000,180.899,-29.569,-39.614,-1.859,0.196,-0.596
223.078,111.575,16.665,-48.000,177.443,-31.296,-39.961,-1.976,0.175,-0.590
223.085,104.206,24.034,-48.000,169.331,-27.773,-38.942,-1.954,0.153,-0.828
223.091,94.176,31.403,-49.000,165.666,-22.080,-38.184,-2.145,0.129,-0.834
223.098,80.672,38.435,-49.000,164.450,-19.169,-35.855,-2.513,0.103,-0.678
223.105,74.351,44.756,-49.000,158.631,-19.537,-36.121,-2.528,0.075,-0.762
223.111,68.029,51.078,-49.000,150.660,-13.519,-36.608,-2.479,0.047,-0.958
223.118,61.708,57.399,-49.000,145.709,-4.549,-39.297,-2.520,0.019,-0.966
223.125,55.386,63.721,-49.000,139.856,1.071,-39.427,-2.534,-0.008,-0.982
223.131,-1.821,69.448,-49.000,132.044,5.233,-40.150,-4.016,-0.047,-1.085
223.138,-6.512,74.138,-49.000,120.945,12.918,-40.456,-3.824,-0.092,-1.349
223.145,-30.652,77.898,-47.000,113.384,19.803,-39.542,-4.321,-0.136,-1.372
223.152,-37.941,82.206,-44.000,105.496,27.029,-37.781,-4.303,-0.184,-1.386
223.158,-42.631,86.896,-44.000,95.191,31.809,-37.923,-4.135,-0.231,-1.510
223.165,-46.073,90.338,-44.000,85.143,37.664,-38.675,-3.936,-0.276,-1.608
223.172,-61.104,89.927,-34.000,72.509,43.741,-37.195,-4.008,-0.322,-1.804
223.178,-73.858,92.616,-20.000,60.507,50.063,-34.404,-4.031,-0.350,-1.913
223.185,-76.766,95.525,-20.000,46.420,55.054,-33.756,-3.696,-0.350,-2.074
223.192,-77.867,96.626,-20.000,33.762,58.832,-29.412,-3.349,-0.350,-2.162
223.199,-90.107,94.589,-5.000,18.563,66.209,-27.256,-3.260,-0.350,-2.350
223.205,-91.208,95.690,-5.000,6.431,73.825,-24.605,-2.929,-0.350,-2.342
223.212,-91.737,96.219,-5.000,-6.230,82.142,-22.658,-2.565,-0.350,-2.344
223.219,-90.956,95.439,-5.000,-17.908,85.044,-19.151,-2.191,-0.350,-2.306
223.225,-95.668,95.168,0.000,-31.180,87.709,-14.623,-1.935,-0.350,-2.364
223.232,-94.887,94.387,0.000,-41.971,91.003,-15.159,-1.587,-0.350,-2.265
223.239,-96.657,92.498,0.000,-54.039,92.367,-15.094,-1.279,-0.350,-2.287
223.245,-94.873,90.135,0.000,-64.353,95.193,-13.938,-0.916,-0.350,-2.257
223.252,-92.259,87.521,0.000,-75.549,100.145,-10.726,-0.501,-0.350,-2.216
223.258,-89.645,84.907,0.000,-83.671,96.933,-8.345,-0.179,-0.350,-2.045
223.265,-88.070,80.895,0.000,-91.595,96.003,-7.723,0.106,-0.350,-1.895
223.272,-83.636,76.462,0.000,-99.958,101.396,-7.334,0.490,-0.346,-1.811
223.279,-84.288,72.274,0.000,-108.799,105.798,-5.310,0.735,-0.339,-1.796
223.285,-81.209,68.325,0.000,-110.773,99.723,-3.507,0.887,-0.329,-1.442
223.292,-75.981,63.097,0.000,-117.457,95.343,-4.947,1.244,-0.317,-1.388
223.298,-70.733,59.241,0.000,-119.782,96.863,-3.641,1.471,-0.302,-1.149
223.304,-64.593,53.100,0.000,-123.035,98.890,-2.562,1.753,-0.286,-1.047
223.309,-58.452,46.741,0.000,-123.911,99.199,-1.276,1.964,-0.269,-0.863
223.315,-52.311,39.475,0.000,-124.106,100.839,0.245,2.154,-0.250,-0.687
223.321,-45.832,32.995,0.000,-122.141,99.753,-1.292,2.289,-0.228,-0.420
223.326,-38.508,25.900,0.000,-122.621,100.375,-1.790,2.523,-0.205,-0.336
223.332,-31.183,18.576,0.000,-123.743,100.606,-1.378,2.777,-0.180,-0.292
223.338,-23.859,11.252,0.000,-124.663,99.157,-0.260,3.024,-0.152,-0.229
223.343,-16.534,3.927,0.000,-122.930,97.497,1.208,3.192,-0.122,-0.025
223.349,-9.359,-6.051,0.000,-121.976,93.110,-0.004,3.378,-0.091,0.065
223.354,-2.034,-13.376,0.000,-120.990,92.277,0.075,3.569,-0.058,0.107
223.360,5.322,-20.733,0.000,-122.501,93.580,-0.006,3.835,-0.023,-0.048
223.366,12.691,-28.101,0.000,-119.452,91.545,-1.391,3.964,0.013,0.072
223.371,20.059,-35.469,0.000,-113.962,86.414,0.352,4.021,0.049,0.322
223.377,27.427,-42.837,0.000,-106.886,75.471,0.993,4.029,0.086,0.623
223.382,34.795,-50.205,0.000,-102.277,65.718,1.808,4.112,0.124,0.738
223.388,41.717,-59.700,0.000,-97.513,60.282,2.233,4.177,0.165,0.816
223.394,48.222,-66.204,0.000,-93.267,55.907,1.918,4.245,0.208,0.819
223.400,54.541,-74.833,0.000,-82.875,45.328,1.438,4.122,0.251,1.147
223.407,60.860,-80.853,0.000,-73.258,34.081,-0.711,4.024,0.293,1.392
223.413,67.179,-87.172,0.000,-67.360,28.079,-1.701,4.036,0.334,1.374
223.419,73.498,-93.491,0.000,-57.559,24.894,-1.091,3.932,0.350,1.545
223.425,78.468,-99.361,0.000,-51.723,16.783,-1.496,3.906,0.350,1.479
223.431,83.005,-104.975,0.000,-48.404,16.613,1.011,3.942,0.350,1.281
223.438,87.692,-109.662,0.000,-40.537,11.461,3.454,3.847,0.350,1.332
223.444,91.780,-114.984,0.000,-29.175,0.867,0.740,3.629,0.350,1.540
223.451,96.104,-119.307,0.000,-23.402,2.731,4.718,3.585,0.350,1.430
223.458,99.014,-121.899,0.000,-15.323,-7.330,4.246,3.430,0.350,1.457
223.464,101.924,-124.809,0.000,-9.959,-10.291,3.520,3.356,0.350,1.352
223.471,105.135,-128.361,0.000,0.534,-18.791,2.246,3.138,0.350,1.497
223.478,107.130,-130.681,0.000,5.995,-18.654,-0.612,3.034,0.350,1.381
223.484,108.227,-131.778,0.000,13.737,-20.365,2.307,2.835,0.350,1.394
223.491,109.623,-133.204,0.000,19.109,-27.742,-0.725,2.715,0.350,1.306
223.498,110.719,-134.300,0.000,21.883,-32.199,2.316,2.665,0.350,1.111
223.504,110.301,-133.882,0.000,32.053,-44.024,2.428,2.347,0.350,1.314
223.511,109.516,-133.097,0.000,36.336,-46.785,-0.576,2.195,0.350,1.194
223.517,109.029,-132.644,0.000,44.176,-51.748,0.722,1.946,0.350,1.242
223.524,108.050,-131.665,0.000,46.336,-56.345,-1.371,1.851,0.350,1.039
223.531,105.432,-129.047,0.000,46.789,-57.688,1.399,1.759,0.350,0.795
223.537,102.814,-126.429,0.000,53.475,-64.499,4.625,1.480,0.350,0.917
223.544,100.196,-123.811,0.000,52.821,-66.156,4.892,1.421,0.350,0.671
223.551,96.839,-120.454,0.000,54.835,-65.849,7.179,1.260,0.350,0.585
223.557,92.551,-116.017,0.000,57.406,-72.067,4.657,1.054,0.350,0.567
223.563,88.113,-111.579,0.000,60.057,-75.211,1.014,0.842,0.350,0.578
223.569,83.676,-107.142,0.000,59.083,-74.892,1.159,0.738,0.350,0.375
223.575,79.239,-102.705,0.000,60.708,-74.425,-0.466,0.556,0.350,0.335
223.581,73.152,-96.618,0.000,62.964,-76.379,2.381,0.306,0.350,0.383
223.588,67.009,-90.475,0.000,61.033,-77.306,0.861,0.179,0.350,0.209
223.594,60.866,-84.332,0.000,57.026,-73.127,1.499,0.115,0.350,-0.054
223.600,54.872,-77.856,0.000,56.515,-72.605,3.225,-0.049,0.350,-0.099
223.606,48.728,-71.713,0.000,54.326,-74.170,2.894,-0.168,0.348,-0.174
223.613,41.655,-64.640,0.000,50.793,-77.753,1.693,-0.274,0.346,-0.300
223.619,34.331,-57.315,0.000,46.780,-67.742,1.970,-0.373,0.342,-0.425
223.626,27.006,-49.991,0.000,47.527,-69.237,2.942,-0.616,0.337,-0.277
223.632,20.128,-42.666,0.000,45.315,-68.843,2.658,-0.756,0.330,-0.280
223.638,12.803,-35.342,0.000,40.961,-66.614,1.805,-0.845,0.322,-0.413
223.643,5.479,-28.017,0.000,34.784,-63.002,1.571,-0.879,0.314,-0.654
223.649,-1.857,-20.681,0.000,31.096,-58.288,1.997,-0.989,0.305,-0.745
223.654,-9.226,-13.312,0.000,25.205,-51.953,-0.164,-1.033,0.294,-0.953
223.660,-16.595,-5.943,0.000,20.783,-44.841,-0.290,-1.121,0.283,-1.026
223.665,-23.964,1.426,0.000,19.322,-41.419,1.872,-1.299,0.272,-0.871
223.671,-31.334,9.124,0.000,17.470,-38.655,2.141,-1.464,0.259,-0.751
223.677,-38.703,16.493,0.000,13.631,-35.457,2.097,-1.570,0.245,-0.756
223.682,-45.714,23.504,0.000,12.506,-35.218,2.411,-1.747,0.230,-0.564
223.688,-52.035,30.474,0.000,7.964,-31.384,1.699,-1.800,0.214,-0.638
223.694,-58.357,36.795,0.000,1.599,-25.147,2.537,-1.799,0.197,-0.798
223.699,-64.678,43.117,0.000,-6.628,-18.624,3.179,-1.742,0.181,-1.031
223.705,-70.999,49.438,0.000,-14.090,-13.887,2.780,-1.707,0.165,-1.181
223.710,-77.056,55.495,0.000,-20.928,-12.908,1.993,-1.684,0.149,-1.285
223.716,-81.747,60.185,0.000,-26.763,-8.527,0.443,-1.650,0.133,-1.322
223.722,-86.435,65.192,0.000,-31.246,-4.329,1.299,-1.656,0.116,-1.307
223.727,-91.119,69.876,0.000,-41.617,4.430,1.173,-1.485,0.101,-1.620
223.733,-95.809,74.248,0.000,-46.375,9.620,1.723,-1.483,0.087,-1.497
223.739,-99.220,77.658,0.000,-50.163,13.857,3.784,-1.472,0.073,-1.357
223.744,-102.134,80.573,0.000,-55.550,17.973,3.260,-1.398,0.060,-1.315
223.750,-105.049,83.487,0.000,-61.969,25.458,4.834,-1.292,0.048,-1.332
223.755,-107.924,86.363,0.000,-69.029,29.224,5.568,-1.167,0.037,-1.383
223.761,-109.025,87.464,0.000,-77.925,36.902,5.183,-0.933,0.027,-1.478
223.767,-110.127,88.565,0.000,-85.351,40.963,4.551,-0.743,0.020,-1.494
223.772,-111.228,89.666,0.000,-94.642,46.339,1.044,-0.498,0.015,-1.623
223.778,-111.723,90.162,0.000,-102.583,54.740,1.293,-0.274,0.011,-1.676
223.784,-110.942,89.059,0.000,-111.073,60.686,1.719,0.004,0.010,-1.780
223.789,-110.162,88.278,0.000,-118.856,65.786,1.372,0.261,0.011,-1.831
223.795,-109.381,87.497,0.000,-124.089,70.961,1.786,0.441,0.014,-1.700
223.801,-107.459,85.576,0.000,-128.681,76.072,2.905,0.637,0.019,-1.534
223.806,-104.845,82.961,0.000,-131.603,75.499,4.384,0.803,0.027,-1.302
223.812,-102.231,80.347,0.000,-134.591,76.004,4.813,0.971,0.036,-1.117
223.818,-99.617,77.733,0.000,-139.997,79.507,3.692,1.211,0.047,-1.092
223.823,-95.324,73.440,0.000,-141.273,79.358,3.853,1.378,0.060,-0.852
223.829,-90.890,69.006,0.000,-144.543,79.536,3.066,1.610,0.074,-0.805
223.835,-86.456,64.573,0.000,-146.460,80.754,0.990,1.800,0.091,-0.699
223.840,-82.022,60.139,0.000,-147.455,85.233,2.563,1.963,0.108,-0.604
223.846,-76.764,54.880,0.000,-148.337,88.519,3.362,2.147,0.128,-0.530
223.852,-70.623,48.739,0.000,-147.533,88.728,4.398,2.307,0.149,-0.378
223.857,-64.482,42.598,0.000,-148.186,91.042,3.343,2.511,0.172,-0.313
223.863,-58.341,36.458,0.000,-146.290,87.513,3.938,2.638,0.197,-0.101
223.869,-52.201,30.317,0.000,-146.172,85.942,3.949,2.819,0.224,-0.029
223.874,-45.700,23.816,0.000,-142.386,81.574,3.914,2.901,0.251,0.238
223.880,-38.376,16.492,0.000,-140.517,77.062,3.010,3.064,0.279,0.310
223.886,-31.051,9.168,0.000,-140.319,75.376,2.218,3.278,0.310,0.239
223.891,-23.727,1.843,0.000,-139.545,75.684,-0.079,3.475,0.342,0.182
223.897,-16.403,-5.481,0.000,-135.711,74.231,-0.208,3.579,0.350,0.292
223.903,-9.078,-12.805,0.000,-131.261,70.455,1.149,3.665,0.350,0.414
223.908,-1.754,-20.130,0.000,-126.060,70.732,3.660,3.729,0.350,0.547
223.914,5.604,-27.813,0.000,-118.475,66.839,5.511,3.722,0.350,0.820
223.919,12.972,-35.181,0.000,-112.755,62.715,4.803,3.772,0.350,0.953
223.925,20.340,-42.549,0.000,-109.514,60.352,2.012,3.896,0.350,0.945
223.931,27.708,-49.918,0.000,-105.144,55.215,1.012,3.986,0.350,0.999
223.936,35.077,-57.286,0.000,-100.465,48.464,-0.104,4.066,0.350,1.043
223.942,42.445,-64.328,0.000,-95.855,42.106,0.952,4.149,0.350,1.041
223.947,48.930,-70.814,0.000,-91.646,39.375,1.048,4.217,0.350,0.991
223.953,55.247,-77.130,0.000,-85.967,35.158,0.669,4.236,0.350,1.018
223.958,61.557,-83.440,0.000,-82.256,30.109,0.204,4.314,0.350,0.945
223.964,67.867,-89.751,0.000,-73.238,23.524,1.604,4.233,0.350,1.224
223.970,74.177,-96.061,0.000,-64.760,14.726,2.668,4.168,0.350,1.438
223.975,79.419,-101.303,0.000,-56.125,8.621,2.445,4.066,0.350,1.605
223.981,84.106,-105.990,0.000,-48.242,4.673,3.096,3.970,0.350,1.688
223.986,88.793,-110.677,0.000,-43.095,1.520,1.493,3.957,0.350,1.580
223.992,93.480,-115.042,0.000,-40.766,-1.559,1.511,4.027,0.350,1.331
223.997,97.782,-119.344,0.000,-34.756,-3.413,-0.832,3.976,0.350,1.329
224.003,100.693,-121.935,0.000,-27.748,-7.812,-0.426,3.853,0.350,1.340
224.009,103.603,-124.845,0.000,-21.639,-10.428,0.490,3.757,0.350,1.294
224.014,106.512,-127.439,0.000,-12.318,-19.706,1.430,3.565,0.350,1.483
224.020,108.484,-129.411,0.000,-4.896,-26.611,3.137,3.401,0.350,1.524
224.025,109.579,-130.506,0.000,0.444,-29.887,2.216,3.274,0.350,1.466
224.031,110.675,-131.602,0.000,5.550,-34.303,0.301,3.154,0.350,1.414
224.036,111.772,-132.699,0.000,10.316,-38.554,-0.598,3.044,0.350,1.352
224.042,111.337,-131.643,0.000,13.742,-44.438,-0.359,2.928,0.350,1.200
224.048,110.552,-131.166,0.000,19.486,-50.584,-0.731,2.732,0.350,1.190
224.053,109.766,-130.072,0.000,27.360,-55.411,-0.261,2.472,0.350,1.246
224.059,108.772,-129.077,0.000,32.060,-60.667,1.644,2.301,0.350,1.160
224.065,106.153,-126.459,0.000,34.542,-62.660,2.387,2.148,0.350,1.001
224.070,103.535,-123.841,0.000,40.515,-66.175,1.406,1.891,0.350,1.101
224.076,100.917,-121.223,0.000,45.952,-71.777,0.824,1.649,0.350,1.175
224.081,97.544,-117.850,0.000,50.098,-75.957,2.429,1.423,0.350,1.150
224.087,93.107,-113.413,0.000,54.289,-78.856,0.401,1.165,0.350,1.136
224.092,88.670,-108.975,0.000,58.631,-80.631,-0.458,0.901,0.350,1.123
224.098,84.232,-104.538,0.000,60.278,-84.389,-2.743,0.719,0.350,0.939
224.104,79.795,-100.101,0.000,60.895,-83.738,-1.625,0.567,0.350,0.717
224.109,73.694,-94.000,0.000,63.081,-81.897,0.154,0.318,0.350,0.643
224.115,67.551,-87.857,0.000,64.685,-81.413,1.458,0.086,0.350,0.540
224.120,61.408,-81.713,0.000,65.550,-80.710,2.239,-0.124,0.349,0.421
224.126,55.264,-75.570,0.000,62.649,-76.424,1.514,-0.222,0.347,0.138
224.132,49.121,-68.818,0.000,63.043,-72.844,1.591,-0.418,0.344,0.131
224.137,42.038,-61.735,0.000,61.472,-71.524,2.223,-0.583,0.339,0.027
224.143,34.713,-54.411,0.000,61.369,-66.831,0.826,-0.800,0.333,0.045
224.148,27.389,-47.086,0.000,59.188,-63.096,-0.330,-0.954,0.325,-0.048
224.154,20.064,-38.873,0.000,57.750,-61.918,-0.311,-1.131,0.316,-0.058
224.159,12.740,-31.548,0.000,53.780,-59.374,0.616,-1.231,0.306,-0.228
224.165,5.415,-24.224,0.000,49.712,-56.079,1.652,-1.329,0.295,-0.367
224.170,-1.921,-16.597,0.000,47.688,-53.183,3.542,-1.488,0.283,-0.349
224.176,-9.290,-8.097,0.000,43.295,-49.452,3.735,-1.578,0.268,-0.453
224.181,-16.660,-0.728,0.000,38.793,-45.274,3.985,-1.664,0.253,-0.567
224.187,-24.029,6.917,0.000,33.750,-45.038,1.823,-1.733,0.237,-0.695
224.193,-31.398,14.558,0.000,25.633,-38.785,-0.175,-1.711,0.221,-0.988
224.198,-38.767,21.927,0.000,18.199,-33.496,-0.448,-1.709,0.205,-1.179
224.204,-45.769,28.929,0.000,13.940,-30.252,-0.141,-1.791,0.188,-1.172
224.209,-52.090,35.251,0.000,8.120,-26.227,0.458,-1.806,0.170,-1.258
224.215,-58.412,41.842,0.000,4.279,-20.614,-0.504,-1.881,0.152,-1.206
224.221,-64.733,48.164,0.000,-1.000,-12.430,-1.232,-1.912,0.134,-1.226
224.226,-71.054,54.485,0.000,-7.107,-9.569,0.675,-1.918,0.116,-1.268
224.232,-77.097,60.527,0.000,-13.770,-6.049,2.336,-1.900,0.099,-1.322
224.237,-81.787,65.218,0.000,-20.185,-1.079,3.101,-1.848,0.082,-1.342
224.243,-86.478,69.908,0.000,-25.103,2.780,2.802,-1.841,0.065,-1.257
224.248,-91.168,74.599,0.000,-29.516,5.966,2.257,-1.850,0.049,-1.153
224.254,-95.859,79.020,0.000,-36.166,11.291,1.267,-1.791,0.032,-1.178
224.260,-99.250,82.411,0.000,-43.175,15.105,1.688,-1.682,0.017,-1.213
224.265,-102.165,85.326,0.000,-47.029,17.322,1.475,-1.654,0.002,-1.067
224.271,-105.079,88.240,0.000,-55.509,21.436,0.832,-1.487,-0.012,-1.233
224.277,-107.787,91.097,0.000,-62.907,26.669,-0.147,-1.346,-0.025,-1.302
224.282,-108.888,92.198,0.000,-67.470,32.822,2.408,-1.243,-0.037,-1.220
224.288,-109.989,93.569,0.000,-74.349,34.794,2.856,-1.069,-0.047,-1.297
224.294,-111.091,94.400,0.000,-83.464,42.246,2.719,-0.829,-0.056,-1.492
224.299,-111.566,94.876,0.000,-89.064,48.052,3.868,-0.675,-0.064,-1.476
224.305,-110.785,94.095,0.000,-96.149,54.394,3.448,-0.439,-0.069,-1.559
224.310,-110.005,93.314,0.000,-102.381,60.645,1.832,-0.229,-0.073,-1.570
224.316,-109.224,92.533,0.000,-107.597,69.429,0.770,-0.049,-0.074,-1.511
224.322,-107.134,90.862,0.000,-114.949,73.734,-0.163,0.234,-0.073,-1.563
224.328,-104.520,88.248,0.000,-118.517,78.482,2.058,0.420,-0.070,-1.351
224.334,-101.906,85.364,0.000,-123.967,80.831,3.255,0.662,-0.063,-1.277
224.340,-99.143,83.020,0.000,-126.130,83.119,3.788,0.810,-0.055,-1.046
224.347,-94.831,78.438,0.000,-130.731,86.510,4.771,1.077,-0.045,-1.032
224.353,-90.397,74.004,0.000,-128.490,88.958,6.081,1.143,-0.033,-0.662
224.360,-85.963,69.570,0.000,-131.537,89.792,4.598,1.367,-0.018,-0.607
224.366,-81.529,65.136,0.000,-137.259,93.362,1.526,1.672,-0.001,-0.730
224.373,-76.252,59.859,0.000,-137.141,92.265,1.567,1.827,0.017,-0.593
224.379,-69.969,53.724,0.000,-132.935,87.713,2.626,1.889,0.037,-0.221
224.385,-63.831,47.587,0.000,-130.380,84.183,1.339,1.996,0.058,-0.012
224.392,-57.690,41.716,0.000,-133.631,87.594,0.700,2.278,0.080,-0.176
224.398,-51.549,35.575,0.000,-129.040,87.909,1.892,2.325,0.104,0.096
224.404,-44.740,28.794,0.000,-126.410,83.638,3.191,2.450,0.130,0.207
224.411,-37.266,21.739,0.000,-128.982,85.241,3.338,2.751,0.159,0.036
224.417,-29.191,14.145,0.000,-125.984,84.227,4.758,2.904,0.189,0.137
224.424,-21.107,7.090,0.000,-119.989,74.056,5.307,2.966,0.222,0.395
224.431,-13.783,-0.234,0.000,-119.243,77.375,4.911,3.164,0.257,0.336
224.437,-5.373,-7.558,0.000,-112.137,75.847,4.200,3.203,0.292,0.583
224.444,1.952,-14.883,0.000,-108.112,71.559,2.315,3.302,0.328,0.644
224.450,9.626,-22.511,0.000,-105.420,67.674,1.858,3.451,0.350,0.606
224.457,16.994,-29.879,0.000,-97.647,58.240,1.187,3.439,0.350,0.817
224.463,25.005,-36.977,0.000,-92.955,57.487,2.606,3.539,0.350,0.834
224.470,32.700,-44.345,0.000,-86.386,54.449,3.766,3.573,0.350,0.915
224.476,40.068,-51.714,0.000,-79.049,46.137,2.875,3.574,0.350,1.092
224.482,47.437,-59.082,0.000,-71.192,40.494,2.477,3.559,0.350,1.255
224.489,54.578,-65.558,0.000,-68.590,34.772,2.998,3.695,0.350,1.062
224.495,61.066,-71.610,0.000,-58.393,22.295,2.592,3.584,0.350,1.282
224.502,67.385,-77.929,0.000,-52.038,17.617,1.199,3.583,0.350,1.285
224.508,76.582,-84.515,0.000,-41.984,13.649,2.965,3.557,0.350,1.425
224.515,83.483,-91.104,0.000,-34.870,4.506,2.919,3.551,0.350,1.409
224.522,88.707,-96.328,0.000,-31.303,0.186,3.068,3.600,0.350,1.222
224.528,93.394,-101.015,0.000,-19.893,-11.357,3.298,3.399,0.350,1.451
224.535,101.017,-105.702,0.000,-13.839,-12.537,4.291,3.446,0.350,1.387
224.542,106.386,-110.389,0.000,-10.795,-9.300,5.213,3.515,0.350,1.177
224.548,113.602,-114.664,0.000,2.824,-20.317,4.087,3.323,0.350,1.516
224.555,116.512,-117.575,0.000,8.098,-25.731,3.035,3.252,0.350,1.404
224.562,119.422,-120.485,0.000,19.831,-33.269,0.779,2.988,0.350,1.606
224.568,125.954,-123.395,0.000,28.470,-40.551,-2.523,2.925,0.350,1.617
224.575,127.900,-125.341,0.000,33.041,-41.327,-0.856,2.846,0.350,1.425
224.582,128.997,-126.438,0.000,42.004,-47.852,2.097,2.610,0.350,1.474
224.588,130.093,-127.535,0.000,48.588,-53.394,1.688,2.445,0.350,1.448
224.595,131.190,-128.631,0.000,53.387,-53.800,1.900,2.334,0.350,1.307
224.602,130.720,-128.162,0.000,62.502,-62.239,2.437,2.047,0.350,1.416
224.608,129.935,-127.376,0.000,67.301,-66.276,2.376,1.879,0.350,1.300
224.615,140.058,-126.591,0.000,73.959,-67.819,3.670,1.983,0.350,1.257
224.621,139.030,-125.563,0.000,80.518,-77.188,2.961,1.755,0.350,1.255
224.628,136.825,-123.217,0.000,84.856,-79.522,1.279,1.559,0.350,1.174
224.635,134.207,-120.599,0.000,87.264,-80.172,2.525,1.408,0.350,0.967
224.641,131.589,-117.981,0.000,94.961,-89.484,3.405,1.099,0.350,1.083
224.648,128.183,-114.574,0.000,97.100,-95.374,4.387,0.932,0.350,0.926
224.655,123.745,-110.137,0.000,97.928,-93.453,2.494,0.775,0.350,0.715
224.661,127.528,-105.700,0.000,102.479,-95.376,1.857,0.751,0.350,0.767
224.668,123.090,-101.262,0.000,103.432,-96.001,-0.444,0.590,0.350,0.636
224.675,118.653,-96.825,0.000,106.569,-94.500,-0.677,0.362,0.350,0.574
224.681,121.766,-90.693,0.000,112.505,-97.857,1.388,0.278,0.350,0.706
224.688,116.815,-84.549,0.000,115.674,-100.530,2.766,0.034,0.350,0.696
224.695,110.671,-78.406,0.000,114.840,-96.391,2.117,-0.125,0.349,0.493
224.702,108.885,-71.990,0.000,116.038,-92.499,1.546,-0.215,0.346,0.398
224.708,104.041,-65.847,0.000,116.247,-91.455,2.195,-0.366,0.343,0.310
224.715,96.936,-58.742,0.000,115.219,-94.147,2.289,-0.548,0.338,0.191
224.722,89.611,-51.417,0.000,113.669,-88.098,0.713,-0.722,0.330,0.072
224.728,84.282,-44.093,0.000,114.399,-81.023,1.776,-0.904,0.321,0.078
224.735,78.319,-36.231,0.000,112.970,-73.812,1.131,-1.040,0.310,0.003
224.742,70.994,-28.907,0.000,110.161,-75.960,-0.313,-1.175,0.297,-0.124
224.749,66.470,-21.318,0.000,108.118,-77.190,-1.308,-1.249,0.284,-0.171
224.755,59.133,-13.981,0.000,104.839,-72.334,-0.769,-1.371,0.269,-0.292
224.762,55.413,-6.876,0.000,102.401,-64.446,1.899,-1.410,0.253,-0.339
224.769,51.864,0.493,0.000,99.387,-55.955,2.620,-1.426,0.236,-0.401
224.776,44.495,7.862,0.000,97.746,-55.630,4.065,-1.598,0.219,-0.369
224.782,37.126,15.231,0.000,93.828,-54.031,3.113,-1.701,0.200,-0.447
224.789,35.403,22.600,0.000,89.830,-47.667,3.782,-1.633,0.183,-0.523
224.796,28.421,29.583,0.000,85.114,-42.041,1.771,-1.701,0.164,-0.628
224.802,22.099,35.904,0.000,83.347,-37.778,2.271,-1.837,0.144,-0.552
224.809,15.778,42.226,0.000,78.511,-31.580,2.488,-1.882,0.123,-0.627
224.816,9.456,48.547,0.000,73.163,-29.553,1.398,-1.911,0.102,-0.725
224.823,11.836,55.133,0.000,66.802,-26.734,-0.844,-1.649,0.081,-0.854
224.829,5.823,61.145,0.000,64.709,-19.624,-1.343,-1.767,0.061,-0.755
224.836,3.895,66.097,0.000,61.295,-12.154,0.196,-1.722,0.042,-0.716
224.843,-0.796,70.788,0.000,55.720,-6.878,2.009,-1.695,0.023,-0.791
224.849,-1.690,75.737,0.000,49.982,-2.064,1.860,-1.550,0.006,-0.872
224.856,-6.381,80.428,0.000,47.588,3.033,2.607,-1.619,-0.012,-0.762
224.863,-4.804,83.525,0.000,39.273,9.557,1.545,-1.322,-0.028,-0.955
224.869,-5.684,86.437,0.000,35.665,18.326,0.717,-1.240,-0.042,-0.903
224.876,-8.599,89.351,0.000,29.588,27.410,0.876,-1.146,-0.056,-0.960
224.883,-11.425,92.178,0.000,25.188,35.162,3.014,-1.098,-0.068,-0.920
224.890,-8.357,93.279,0.000,18.865,39.712,2.700,-0.817,-0.078,-0.983
224.896,-7.321,94.639,0.000,16.413,44.787,1.250,-0.712,-0.086,-0.859
224.903,-8.422,95.740,0.000,11.839,48.845,-1.195,-0.608,-0.093,-0.863
224.910,-7.784,96.184,0.000,9.785,55.217,-1.581,-0.527,-0.099,-0.744
224.916,-7.004,95.403,0.000,5.157,60.161,2.111,-0.365,-0.104,-0.768
224.923,-2.922,94.623,0.000,4.052,63.853,2.717,-0.209,-0.107,-0.631
224.930,-1.023,93.842,0.000,1.036,67.271,0.605,-0.062,-0.109,-0.627
224.937,0.949,91.870,0.000,0.067,71.159,-0.547,0.026,-0.109,-0.514
224.943,3.563,89.256,0.000,-3.431,71.720,0.980,0.210,-0.107,-0.538
224.950,11.910,86.642,0.000,-5.200,73.485,3.500,0.513,-0.102,-0.477
224.957,12.203,84.028,0.000,-8.499,80.466,2.237,0.621,-0.095,-0.514
224.963,16.545,79.686,0.000,-7.666,86.866,3.035,0.726,-0.088,-0.361
224.970,20.979,75.252,0.000,-6.596,84.736,1.073,0.827,-0.078,-0.200
224.977,25.413,70.818,0.000,-5.212,78.673,0.052,0.919,-0.068,-0.067
224.984,28.700,67.145,0.000,-7.450,86.155,-0.791,1.085,-0.056,-0.150
224.990,34.005,61.840,0.000,-7.403,90.563,-0.075,1.242,-0.043,-0.123
224.997,40.146,55.699,0.000,-5.195,88.417,3.826,1.360,-0.028,0.010
225.004,44.022,49.807,0.000,-4.527,85.518,7.695,1.456,-0.013,0.037
225.011,51.290,43.666,0.000,-3.135,85.607,4.128,1.633,0.005,0.097
225.017,56.303,37.772,0.000,0.468,87.359,3.503,1.675,0.023,0.216
225.024,62.836,31.483,0.000,3.957,84.770,3.347,1.766,0.043,0.346
225.031,70.160,24.399,0.000,3.980,82.515,1.699,1.985,0.065,0.271
225.038,77.484,17.075,0.000,3.081,85.209,-0.231,2.232,0.088,0.128
225.044,84.809,9.751,0.000,12.701,76.496,-0.042,2.163,0.112,0.544
225.051,92.133,2.426,0.000,14.763,70.274,0.641,2.321,0.138,0.513
225.058,99.458,-5.139,0.000,18.972,68.952,0.331,2.415,0.164,0.578
225.064,106.782,-12.463,0.000,25.956,65.188,3.650,2.425,0.191,0.762
225.071,114.141,-20.066,0.000,31.389,59.403,3.780,2.483,0.219,0.863
225.078,121.509,-27.434,0.000,33.394,61.867,2.563,2.643,0.249,0.750
225.084,128.877,-34.802,0.000,39.098,63.054,3.366,2.693,0.278,0.808
225.091,136.245,-42.171,0.000,45.548,54.297,4.025,2.721,0.308,0.915
225.098,143.614,-49.539,0.000,49.488,48.326,0.569,2.824,0.339,0.899
225.104,149.863,-56.907,0.000,58.421,44.169,-0.039,2.743,0.350,1.072
225.111,156.320,-63.364,0.000,65.822,32.036,2.150,2.715,0.350,1.171
225.118,146.928,-69.677,0.000,73.916,27.327,2.091,2.190,0.350,1.292
225.124,153.238,-75.987,0.000,77.648,28.171,2.665,2.268,0.350,1.133
225.131,145.733,-82.301,0.000,86.015,19.097,2.930,1.792,0.350,1.240
225.138,147.835,-88.866,0.000,92.545,11.197,0.772,1.659,0.350,1.245
225.144,153.035,-94.066,0.000,95.634,6.088,-1.678,1.722,0.350,1.059
225.151,157.722,-98.753,0.000,103.834,-3.618,0.472,1.617,0.350,1.199
225.158,162.409,-103.440,0.000,113.023,-12.203,1.345,1.482,0.350,1.360
225.164,167.096,-108.127,0.000,117.359,-13.094,2.371,1.492,0.350,1.227
225.171,171.346,-112.376,0.000,123.129,-19.621,1.980,1.446,0.350,1.190
225.178,136.810,-115.786,0.000,131.135,-27.099,2.447,0.170,0.350,1.264
225.184,137.427,-118.695,0.000,131.801,-32.287,0.521,0.169,0.350,0.981
225.191,140.333,-121.601,0.000,139.918,-37.225,1.762,0.012,0.350,1.105
225.198,137.209,-123.777,0.000,142.669,-46.339,2.082,-0.164,0.349,0.983
225.204,136.381,-125.130,0.000,143.351,-52.617,2.000,-0.209,0.346,0.766
225.211,137.477,-126.227,0.000,148.013,-56.078,1.812,-0.316,0.343,0.768
225.218,133.690,-127.324,0.000,152.013,-62.450,2.197,-0.550,0.338,0.777
225.224,132.239,-126.574,0.000,154.061,-67.658,1.918,-0.655,0.331,0.688
225.231,130.833,-125.788,0.000,152.733,-67.455,1.115,-0.657,0.324,0.453
225.238,130.048,-125.003,0.000,156.811,-73.157,1.420,-0.803,0.315,0.499
225.244,128.995,-123.951,0.000,159.117,-76.907,1.839,-0.904,0.305,0.497
225.251,126.998,-121.333,0.000,155.172,-81.984,-1.049,-0.845,0.296,0.201
225.258,124.380,-118.971,0.000,153.462,-84.150,-1.176,-0.872,0.286,0.057
225.264,121.762,-116.353,0.000,152.691,-83.027,1.246,-0.928,0.276,0.002
225.271,117.711,-112.923,0.000,151.881,-84.161,3.884,-1.025,0.265,-0.040
225.278,112.968,-108.486,0.000,149.933,-88.377,2.250,-1.109,0.253,-0.114
225.285,108.531,-104.048,0.000,145.971,-88.874,0.462,-1.123,0.240,-0.288
225.291,104.093,-99.611,0.000,144.524,-89.408,0.847,-1.213,0.226,-0.303
225.298,99.645,-95.162,0.000,142.304,-92.506,1.913,-1.280,0.213,-0.309
225.305,93.502,-89.019,0.000,138.380,-97.467,1.295,-1.346,0.198,-0.414
225.311,81.620,-82.876,0.000,136.548,-98.256,1.173,-1.648,0.180,-0.396
225.318,75.477,-76.733,0.000,133.842,-94.688,-0.920,-1.751,0.160,-0.436
225.325,69.334,-70.589,0.000,130.652,-95.023,0.820,-1.840,0.140,-0.481
225.332,58.745,-64.446,0.000,129.514,-94.770,3.386,-2.123,0.118,-0.398
225.338,51.224,-57.326,0.000,122.311,-94.695,3.379,-2.133,0.094,-0.633
225.345,43.900,-50.001,0.000,119.057,-92.993,1.122,-2.255,0.070,-0.639
225.352,35.988,-42.677,0.000,114.442,-89.906,-1.342,-2.354,0.044,-0.695
225.358,28.280,-35.096,0.000,108.644,-84.831,2.108,-2.411,0.017,-0.796
225.365,20.956,-27.772,0.000,103.402,-81.144,4.763,-2.473,-0.011,-0.823
225.372,13.442,-20.447,0.000,96.293,-82.498,2.710,-2.486,-0.039,-0.957
225.379,5.730,-13.365,0.000,92.584,-81.760,0.310,-2.606,-0.068,-0.896
225.385,-1.639,-5.996,0.000,83.660,-76.793,-1.181,-2.559,-0.096,-1.093
225.392,-9.737,1.373,0.000,78.628,-73.396,-0.662,-2.651,-0.126,-1.058
225.399,-17.106,8.742,0.000,69.257,-67.200,0.869,-2.591,-0.155,-1.236
225.406,-24.475,16.111,0.000,63.811,-63.180,3.196,-2.649,-0.184,-1.195
225.412,-31.845,23.480,0.000,55.390,-56.111,4.162,-2.617,-0.214,-1.282
225.419,-40.878,30.449,0.000,45.445,-53.953,2.753,-2.590,-0.244,-1.425
225.426,-47.199,36.771,0.000,35.250,-46.458,0.546,-2.473,-0.272,-1.556
225.433,-54.655,42.833,0.000,28.575,-38.736,2.060,-2.497,-0.300,-1.489
225.439,-61.135,48.893,0.000,18.493,-27.967,1.764,-2.389,-0.327,-1.583
225.446,-67.456,55.214,0.000,10.373,-23.083,3.248,-2.335,-0.350,-1.575
225.453,-73.448,61.206,0.000,0.909,-15.722,2.739,-2.231,-0.350,-1.624
225.459,-78.138,65.896,0.000,-4.918,-11.462,2.095,-2.197,-0.350,-1.482
225.466,-85.433,70.587,0.000,-16.071,-8.103,-0.452,-2.081,-0.350,-1.642
225.472,-90.123,75.277,0.000,-23.747,-1.930,0.238,-1.991,-0.350,-1.648
225.478,-95.709,79.704,0.000,-31.216,2.913,-0.429,-1.935,-0.350,-1.636
225.484,-99.044,83.039,0.000,-37.055,8.110,0.107,-1.860,-0.350,-1.535
225.491,-101.959,85.954,0.000,-48.125,17.201,-0.511,-1.615,-0.350,-1.705
225.496,-105.022,88.868,0.000,-58.190,22.644,0.366,-1.405,-0.350,-1.823
225.502,-107.822,91.401,0.000,-68.961,26.773,0.503,-1.166,-0.350,-1.965
225.508,-108.923,92.502,0.000,-77.776,32.376,1.400,-0.934,-0.350,-1.960
225.513,-110.024,93.603,0.000,-85.281,36.863,-0.618,-0.742,-0.350,-1.901
225.519,-111.274,94.971,0.000,-93.625,44.162,-0.274,-0.529,-0.350,-1.899
225.525,-111.690,95.388,0.000,-100.838,49.191,0.105,-0.326,-0.350,-1.837
225.530,-110.910,94.607,0.000,-107.480,52.741,1.118,-0.103,-0.350,-1.763
225.536,-110.129,93.826,0.000,-111.849,57.945,1.572,0.052,-0.350,-1.576
225.542,-109.349,93.047,0.000,-117.761,61.743,1.670,0.252,-0.348,-1.516
225.547,-107.357,91.054,0.000,-120.816,64.791,1.866,0.404,-0.345,-1.302
225.553,-104.747,88.444,0.000,-122.400,69.524,2.366,0.530,-0.340,-1.057
225.559,-102.136,85.834,0.000,-125.743,71.499,2.760,0.708,-0.334,-0.961
225.564,-99.523,82.954,0.000,-128.393,74.026,3.397,0.866,-0.326,-0.848
225.570,-95.165,78.595,0.000,-130.418,76.776,1.052,1.058,-0.316,-0.720
225.575,-90.731,74.161,0.000,-134.203,79.767,1.840,1.304,-0.304,-0.723
225.581,-86.297,69.458,0.000,-139.560,83.597,2.148,1.598,-0.289,-0.798
225.587,-81.863,65.024,0.000,-142.762,84.495,1.671,1.827,-0.272,-0.727
225.593,-76.546,57.445,0.000,-144.519,87.372,1.971,2.039,-0.253,-0.619
225.598,-70.414,51.312,0.000,-146.194,84.775,1.089,2.273,-0.232,-0.530
225.604,-64.282,45.180,0.000,-149.161,85.636,0.352,2.546,-0.209,-0.547
225.610,-58.150,39.048,0.000,-149.526,84.237,1.430,2.741,-0.184,-0.438
225.615,-52.015,32.317,0.000,-150.332,81.083,-0.051,2.950,-0.157,-0.388
225.621,-45.478,25.781,0.000,-147.961,81.844,1.078,3.074,-0.129,-0.177
225.627,-38.154,18.457,0.000,-144.935,79.507,0.263,3.203,-0.098,0.047
225.632,-30.830,11.132,0.000,-138.659,74.605,0.926,3.235,-0.067,0.422
225.638,-23.505,2.891,0.000,-134.710,69.706,0.851,3.336,-0.036,0.585
225.644,-16.181,-4.434,0.000,-132.758,66.446,1.074,3.497,-0.003,0.611
225.649,-8.857,-11.758,0.000,-128.454,60.497,1.562,3.588,0.032,0.755
225.655,-1.532,-19.395,0.000,-129.139,59.060,0.706,3.828,0.067,0.563
225.660,5.827,-26.754,0.000,-126.662,55.526,1.035,3.975,0.104,0.563
225.666,13.195,-34.122,0.000,-122.019,52.601,0.841,4.056,0.141,0.669
225.672,20.563,-42.447,0.000,-117.765,49.148,-0.729,4.150,0.180,0.700
225.677,27.931,-49.815,0.000,-112.511,45.430,-0.933,4.213,0.218,0.795
225.683,35.300,-57.183,0.000,-105.564,40.868,0.495,4.226,0.257,0.990
225.688,42.668,-64.551,0.000,-99.085,35.621,1.819,4.253,0.297,1.123
225.694,49.122,-71.005,0.000,-96.440,31.213,1.936,4.367,0.337,1.017
225.700,55.438,-77.647,0.000,-92.086,25.880,1.203,4.426,0.350,1.046
225.705,61.748,-83.957,0.000,-85.262,20.213,0.697,4.410,0.350,1.208
225.711,68.058,-90.267,0.000,-77.997,13.575,0.038,4.382,0.350,1.329
225.716,74.371,-97.578,0.000,-71.236,12.033,-0.600,4.368,0.350,1.360
225.722,79.568,-102.775,0.000,-64.616,9.537,-0.464,4.325,0.350,1.362
225.727,84.255,-107.462,0.000,-58.239,5.675,-1.048,4.275,0.350,1.351
225.733,88.942,-112.149,0.000,-51.561,-0.304,-0.571,4.215,0.350,1.380
225.739,93.629,-116.836,0.000,-43.606,-4.974,-2.298,4.117,0.350,1.498
225.744,97.874,-121.081,0.000,-33.641,-11.510,-0.598,3.945,0.350,1.712
225.750,100.785,-123.992,0.000,-23.414,-20.219,1.616,3.726,0.350,1.903
225.755,103.695,-127.585,0.000,-17.773,-26.569,0.761,3.644,0.350,1.743
225.761,106.605,-130.495,0.000,-11.174,-31.133,0.963,3.533,0.350,1.665
225.767,108.520,-132.410,0.000,-5.713,-34.971,2.667,3.427,0.350,1.513
225.772,109.617,-133.507,0.000,-2.077,-37.589,2.416,3.351,0.350,1.296
225.778,110.714,-134.950,0.000,2.782,-41.951,0.904,3.238,0.350,1.217
225.783,111.810,-136.047,0.000,9.355,-51.816,0.485,3.074,0.350,1.287
225.789,111.309,-135.545,0.000,14.459,-60.472,0.678,2.905,0.350,1.267
225.794,110.524,-135.465,0.000,19.741,-69.750,-0.534,2.723,0.350,1.274
225.800,109.739,-134.680,0.000,26.274,-76.441,0.331,2.504,0.350,1.350
225.806,108.679,-133.620,0.000,31.094,-82.243,0.635,2.328,0.350,1.286
225.811,106.061,-131.002,0.000,35.410,-89.231,0.519,2.120,0.350,1.191
225.817,103.443,-128.384,0.000,40.284,-90.765,2.000,1.895,0.350,1.133
225.822,100.824,-125.765,0.000,44.702,-96.399,1.132,1.684,0.350,1.045
225.828,97.387,-122.328,0.000,46.828,-100.595,-0.538,1.517,0.350,0.857
225.834,92.950,-117.891,0.000,50.556,-103.402,-0.310,1.272,0.350,0.828
225.839,88.513,-113.812,0.000,53.782,-106.996,2.268,1.042,0.350,0.793
225.845,84.075,-109.374,0.000,56.577,-110.964,1.062,0.825,0.350,0.756
225.850,79.620,-105.280,0.000,60.855,-113.519,1.346,0.563,0.350,0.817
225.856,73.477,-99.137,0.000,62.984,-111.898,1.861,0.315,0.350,0.743
225.862,67.333,-92.994,0.000,65.100,-109.713,0.708,0.067,0.350,0.693
225.867,61.190,-86.851,0.000,65.017,-110.707,2.032,-0.115,0.350,0.532
225.873,55.047,-80.707,0.000,61.398,-107.334,1.142,-0.191,0.348,0.229
225.879,48.904,-74.930,0.000,59.199,-104.428,-0.712,-0.309,0.346,0.068
225.884,41.779,-67.804,0.000,55.716,-106.000,0.225,-0.418,0.343,-0.132
225.890,34.454,-60.480,0.000,54.588,-105.855,0.705,-0.604,0.338,-0.140
225.895,27.130,-53.155,0.000,53.308,-101.188,0.886,-0.785,0.331,-0.160
225.901,19.805,-46.200,0.000,52.001,-99.286,3.526,-0.966,0.323,-0.177
225.907,12.481,-38.876,0.000,51.154,-98.842,4.245,-1.160,0.313,-0.160
225.912,5.156,-31.551,0.000,49.035,-97.703,3.861,-1.316,0.302,-0.213
225.918,-2.182,-24.213,0.000,48.028,-95.061,3.802,-1.506,0.288,-0.205
225.924,-9.551,-16.844,0.000,43.064,-90.660,2.857,-1.578,0.273,-0.424
225.929,-16.920,-9.475,0.000,37.436,-88.121,-0.729,-1.631,0.258,-0.625
225.935,-24.289,-2.106,0.000,31.921,-81.044,-2.468,-1.686,0.243,-0.790
225.940,-31.658,5.263,0.000,27.928,-76.974,-1.094,-1.788,0.226,-0.827
225.946,-39.027,12.259,0.000,24.117,-73.446,1.115,-1.894,0.209,-0.836
225.952,-45.992,19.224,0.000,18.661,-69.166,2.506,-1.940,0.191,-0.951
225.957,-52.314,25.546,0.000,13.265,-62.731,3.201,-1.967,0.172,-0.993
225.963,-58.635,31.867,0.000,7.309,-57.403,4.485,-1.978,0.154,-1.078
225.969,-64.957,38.188,0.000,-1.082,-51.404,4.214,-1.916,0.135,-1.303
225.974,-71.278,44.510,0.000,-8.378,-47.243,0.560,-1.887,0.118,-1.389
225.980,-77.263,50.495,0.000,-18.639,-38.888,-1.119,-1.759,0.101,-1.629
225.985,-81.953,55.558,0.000,-27.879,-33.371,-2.488,-1.622,0.085,-1.745
225.991,-86.644,60.249,0.000,-35.817,-26.665,-0.765,-1.525,0.071,-1.748
225.997,-91.334,64.939,0.000,-43.030,-25.650,1.429,-1.449,0.057,-1.695
226.002,-96.025,69.630,0.000,-49.434,-18.586,1.473,-1.398,0.044,-1.612
226.008,-99.353,72.958,0.000,-56.687,-12.826,2.587,-1.280,0.032,-1.610
226.013,-102.268,75.873,0.000,-64.385,-4.452,0.694,-1.136,0.021,-1.635
226.019,-105.183,78.787,0.000,-72.350,4.146,-0.599,-0.985,0.011,-1.662
226.025,-107.975,81.580,0.000,-81.085,7.612,-0.444,-0.807,0.003,-1.731
226.030,-109.076,82.681,0.000,-86.769,11.506,0.577,-0.669,-0.003,-1.607
226.036,-110.177,83.409,0.000,-92.558,19.726,1.015,-0.529,-0.008,-1.505
226.042,-111.278,84.510,0.000,-98.070,22.085,2.388,-0.396,-0.012,-1.432
226.047,-111.687,84.919,0.000,-101.907,25.605,3.348,-0.293,-0.015,-1.284
226.053,-110.906,84.138,0.000,-107.321,34.397,1.230,-0.108,-0.017,-1.264
226.058,-110.126,83.358,0.000,-113.528,42.825,1.044,0.102,-0.017,-1.287
226.064,-109.345,82.577,0.000,-117.720,46.591,2.022,0.251,-0.014,-1.182
226.070,-107.339,80.571,0.000,-121.673,50.202,2.555,0.430,-0.011,-1.090
226.075,-104.725,77.957,0.000,-124.214,53.283,0.503,0.585,-0.006,-0.951
226.081,-102.111,75.343,0.000,-123.690,54.338,1.777,0.647,0.000,-0.677
226.087,-99.497,72.729,0.000,-125.973,55.032,1.555,0.794,0.007,-0.637
226.092,-95.120,68.352,0.000,-128.782,57.021,-0.460,1.010,0.016,-0.646
226.098,-90.686,63.918,0.000,-131.639,61.424,-1.651,1.229,0.026,-0.678
226.103,-86.253,59.107,0.000,-137.336,63.830,-1.058,1.532,0.039,-0.870
226.109,-81.819,54.674,0.000,-141.062,65.855,-1.013,1.777,0.054,-0.915
226.115,-76.482,49.336,0.000,-143.618,68.328,-0.537,2.014,0.072,-0.882
226.120,-70.341,43.573,0.000,-143.839,71.371,-0.951,2.205,0.092,-0.718
226.126,-64.200,37.055,0.000,-145.548,74.923,-0.201,2.440,0.113,-0.673
226.132,-58.059,30.914,0.000,-141.387,74.321,1.988,2.500,0.137,-0.280
226.137,-51.919,24.773,0.000,-139.666,73.377,2.128,2.632,0.161,-0.095
226.143,-45.364,18.218,0.000,-139.498,73.932,1.134,2.824,0.188,-0.033
226.149,-38.039,11.271,0.000,-136.866,70.777,2.470,2.965,0.216,0.159
226.154,-30.715,3.947,0.000,-135.236,65.707,-0.033,3.136,0.245,0.243
226.160,-23.391,-3.378,0.000,-132.885,62.826,-1.401,3.285,0.276,0.328
226.166,-16.066,-10.702,0.000,-134.429,62.828,-2.076,3.551,0.309,0.148
226.171,-8.742,-18.026,0.000,-130.423,61.364,-1.252,3.650,0.342,0.297
226.177,-1.418,-25.351,0.000,-125.827,59.191,0.390,3.732,0.350,0.458
226.182,5.942,-32.710,0.000,-119.550,57.237,0.729,3.765,0.350,0.691
226.188,13.310,-40.079,0.000,-110.772,53.214,2.324,3.722,0.350,1.041
226.193,20.679,-47.447,0.000,-104.405,48.741,3.722,3.753,0.350,1.183
226.199,28.047,-54.815,0.000,-100.024,47.641,1.441,3.842,0.350,1.197
226.205,35.415,-62.183,0.000,-95.220,45.776,0.376,3.919,0.350,1.205
226.210,42.783,-69.551,0.000,-91.073,44.777,-0.223,4.016,0.350,1.141
226.216,49.221,-75.989,0.000,-87.492,42.167,-0.293,4.101,0.350,1.028
226.221,55.540,-82.308,0.000,-80.216,39.670,-0.448,4.073,0.350,1.141
226.227,61.859,-87.885,0.000,-72.088,35.597,0.718,4.018,0.350,1.301
226.232,68.178,-93.838,0.000,-62.774,30.685,2.258,3.929,0.350,1.514
226.238,74.497,-100.157,0.000,-55.757,23.826,1.701,3.908,0.350,1.565
226.244,79.661,-105.321,0.000,-49.588,18.745,0.907,3.877,0.350,1.553
226.249,84.348,-108.237,0.000,-44.502,12.584,0.819,3.865,0.350,1.460
226.255,89.035,-112.242,0.000,-41.150,9.062,0.262,3.906,0.350,1.239
226.260,93.722,-116.929,0.000,-37.316,6.100,-0.387,3.931,0.350,1.077
226.266,97.932,-121.139,0.000,-31.562,0.551,-0.954,3.885,0.350,1.096
226.271,100.842,-123.713,0.000,-23.910,-10.555,-0.548,3.743,0.350,1.242
226.277,103.753,-126.291,0.000,-17.872,-20.912,-1.582,3.649,0.350,1.279
226.283,106.663,-129.202,0.000,-10.672,-28.789,0.458,3.520,0.350,1.394
226.288,108.542,-131.080,0.000,-6.429,-34.733,1.958,3.449,0.350,1.289
226.294,109.639,-131.522,0.000,-2.988,-38.472,0.748,3.379,0.350,1.129
226.299,110.736,-132.619,0.000,3.142,-41.515,-0.654,3.228,0.350,1.115
226.305,111.832,-133.716,0.000,11.723,-49.718,0.428,3.003,0.350,1.270
226.311,111.293,-132.855,0.000,19.001,-56.501,0.085,2.769,0.350,1.352
226.316,110.508,-132.070,0.000,27.098,-62.712,1.210,2.502,0.350,1.481
226.322,109.723,-131.284,0.000,35.665,-66.809,2.709,2.222,0.350,1.623
226.328,108.627,-129.870,0.000,42.361,-71.723,1.467,1.988,0.350,1.613
226.333,106.009,-126.936,0.000,47.509,-75.403,0.750,1.755,0.350,1.502
226.339,103.391,-124.318,0.000,53.082,-76.141,-1.538,1.509,0.350,1.415
226.344,100.772,-121.699,0.000,58.514,-77.639,-2.389,1.268,0.350,1.319
226.350,97.299,-117.914,0.000,59.194,-76.522,-2.279,1.143,0.350,0.974
226.355,92.862,-113.477,0.000,60.577,-76.443,-2.786,0.969,0.350,0.760
226.361,88.425,-109.039,0.000,64.156,-78.898,-2.168,0.728,0.350,0.761
226.367,83.987,-104.602,0.000,65.434,-80.147,-1.282,0.557,0.350,0.635
226.372,79.498,-99.804,0.000,65.854,-77.973,-0.561,0.409,0.350,0.511
226.378,73.355,-93.355,0.000,65.480,-75.761,0.434,0.236,0.350,0.373
226.383,67.212,-87.212,0.000,63.549,-78.261,0.593,0.110,0.350,0.182
226.389,61.068,-80.766,0.000,60.248,-77.642,0.644,0.025,0.350,-0.033
226.395,54.925,-74.622,0.000,57.448,-78.450,1.283,-0.076,0.350,-0.170
226.400,48.782,-68.180,0.000,57.251,-78.467,1.846,-0.254,0.348,-0.121
226.406,41.633,-61.031,0.000,55.804,-82.115,1.878,-0.425,0.345,-0.145
226.412,34.309,-54.006,0.000,54.180,-80.992,1.630,-0.596,0.340,-0.191
226.417,26.984,-46.682,0.000,54.646,-80.343,1.357,-0.830,0.333,-0.113
226.423,19.660,-39.357,0.000,53.060,-79.956,-0.238,-1.002,0.324,-0.179
226.428,12.335,-31.144,0.000,52.471,-79.041,-0.377,-1.204,0.313,-0.181
226.434,5.011,-23.529,0.000,49.413,-76.689,-0.762,-1.332,0.301,-0.317
226.439,-2.328,-16.190,0.000,44.682,-73.280,-1.072,-1.410,0.288,-0.516
226.445,-9.697,-8.821,0.000,40.774,-71.771,0.092,-1.514,0.274,-0.628
226.451,-17.066,0.227,0.000,37.185,-70.716,1.235,-1.628,0.258,-0.710
226.456,-24.436,7.596,0.000,31.576,-66.688,0.986,-1.680,0.242,-0.874
226.462,-31.805,14.965,0.000,27.955,-65.126,1.564,-1.793,0.226,-0.889
226.468,-39.174,22.334,0.000,25.099,-61.385,3.879,-1.928,0.208,-0.853
226.473,-46.118,30.341,0.000,20.974,-57.015,2.981,-2.013,0.189,-0.889
226.479,-52.439,36.663,0.000,16.094,-50.890,0.782,-2.056,0.170,-0.954
226.484,-58.761,42.984,0.000,7.507,-42.806,-0.322,-1.988,0.151,-1.203
226.490,-65.073,49.297,0.000,1.166,-37.168,1.340,-1.987,0.131,-1.273
226.496,-71.386,55.609,0.000,-7.420,-31.326,0.289,-1.919,0.113,-1.458
226.502,-77.339,61.821,0.000,-14.318,-27.450,0.616,-1.891,0.094,-1.513
226.507,-82.029,66.511,0.000,-21.047,-21.833,2.269,-1.829,0.076,-1.548
226.513,-86.720,70.943,0.000,-27.140,-17.205,3.159,-1.787,0.059,-1.532
226.518,-91.410,75.633,0.000,-34.155,-10.709,2.991,-1.718,0.042,-1.577
226.524,-96.101,80.583,0.000,-38.965,-7.780,3.942,-1.714,0.025,-1.492
226.530,-99.400,83.883,0.000,-45.120,-2.378,2.169,-1.628,0.009,-1.498
226.536,-102.315,86.797,0.000,-52.123,1.936,2.301,-1.506,-0.006,-1.542
226.541,-105.230,89.712,0.000,-60.538,7.998,2.746,-1.341,-0.020,-1.653
226.547,-107.993,92.985,0.000,-68.438,14.353,2.737,-1.187,-0.031,-1.699
226.552,-109.094,94.086,0.000,-76.168,20.341,1.620,-0.988,-0.041,-1.718
226.558,-110.195,95.438,0.000,-83.442,26.263,1.876,-0.803,-0.050,-1.706
226.564,-111.296,96.788,0.000,-89.191,30.881,0.512,-0.663,-0.056,-1.612
226.569,-111.675,97.167,0.000,-93.922,35.600,0.583,-0.533,-0.062,-1.495
226.575,-110.894,96.386,0.000,-98.794,40.825,1.527,-0.363,-0.067,-1.431
226.581,-110.113,95.356,0.000,-103.659,47.161,0.394,-0.194,-0.070,-1.374
226.586,-109.332,94.576,0.000,-110.438,53.207,0.388,0.033,-0.070,-1.441
226.592,-107.297,92.540,0.000,-114.228,60.218,0.474,0.208,-0.070,-1.339
226.598,-104.683,90.175,0.000,-119.833,66.093,-0.851,0.454,-0.067,-1.362
226.603,-102.069,87.312,0.000,-122.009,70.893,-0.693,0.598,-0.062,-1.194
226.609,-99.455,84.698,0.000,-121.733,74.204,-0.309,0.668,-0.056,-0.920
226.615,-95.049,80.292,0.000,-123.405,81.312,0.690,0.851,-0.049,-0.819
226.620,-90.615,75.858,0.000,-122.488,85.708,1.330,0.956,-0.041,-0.578
226.626,-86.181,71.424,0.000,-125.108,89.486,2.124,1.168,-0.030,-0.581
226.632,-81.747,66.991,0.000,-128.327,95.236,1.701,1.397,-0.018,-0.611
226.637,-76.382,61.626,0.000,-127.778,96.312,2.127,1.542,-0.003,-0.400
226.643,-70.242,55.485,0.000,-129.550,97.762,2.939,1.779,0.013,-0.367
226.649,-63.952,50.324,0.000,-130.903,99.360,3.353,2.009,0.032,-0.308
226.654,-57.812,44.183,0.000,-131.526,98.316,2.395,2.211,0.053,-0.231
226.660,-51.671,38.042,0.000,-129.797,94.844,3.576,2.344,0.075,-0.036
226.666,-44.948,31.707,0.000,-129.554,88.443,1.602,2.538,0.100,-0.002
226.672,-37.624,24.383,0.000,-128.633,86.239,-0.193,2.730,0.127,0.046
226.678,-30.299,17.529,0.000,-119.711,80.587,2.575,2.682,0.155,0.493
226.684,-22.975,10.204,0.000,-111.934,71.965,1.962,2.669,0.182,0.792
226.691,-15.661,3.122,0.000,-109.323,65.070,-0.496,2.810,0.212,0.772
226.697,-8.347,-4.192,0.000,-107.584,64.392,-0.749,2.977,0.243,0.686
226.703,-0.877,-11.057,0.000,-99.652,65.045,0.521,2.963,0.274,0.911
226.710,6.483,-18.417,0.000,-92.527,57.934,1.488,2.970,0.305,1.037
226.716,13.851,-25.560,0.000,-90.276,54.288,2.011,3.124,0.338,0.899
226.722,21.220,-32.928,0.000,-85.448,50.278,1.084,3.200,0.350,0.898
226.729,28.588,-40.297,0.000,-78.461,47.845,-1.215,3.211,0.350,0.973
226.735,35.956,-47.665,0.000,-71.318,42.359,-0.385,3.218,0.350,1.083
226.742,43.324,-55.033,0.000,-66.993,34.682,-1.285,3.310,0.350,1.058
226.748,49.897,-61.457,0.000,-63.733,35.226,-1.182,3.409,0.350,0.963
226.754,56.216,-67.776,0.000,-56.829,33.103,1.289,3.391,0.350,1.056
226.760,62.535,-74.095,0.000,-51.268,31.073,2.247,3.414,0.350,1.063
226.766,68.854,-80.414,0.000,-44.327,26.710,0.966,3.395,0.350,1.162
226.772,75.173,-86.733,0.000,-39.519,23.110,0.569,3.441,0.350,1.131
226.778,80.316,-91.876,0.000,-35.207,19.737,-0.915,3.466,0.350,1.060
226.784,85.003,-96.563,0.000,-28.992,15.779,-0.276,3.420,0.350,1.066
226.791,89.839,-101.250,0.000,-18.649,7.260,1.877,3.255,0.350,1.282
226.798,94.526,-105.937,0.000,-9.777,-0.279,-1.103,3.129,0.350,1.402
226.804,99.312,-109.902,0.000,-1.907,2.693,-2.361,3.037,0.350,1.416
226.811,102.222,-112.812,0.000,11.015,-3.388,-0.962,2.736,0.350,1.685
226.817,105.132,-115.722,0.000,16.108,-9.053,-1.393,2.671,0.350,1.529
226.824,109.253,-118.856,0.000,20.260,-13.785,-1.451,2.670,0.350,1.329
226.831,111.109,-120.711,0.000,29.613,-24.614,0.627,2.445,0.350,1.437
226.837,112.359,-121.808,0.000,39.480,-37.711,-1.758,2.186,0.350,1.558
226.844,113.456,-122.904,0.000,42.659,-36.454,-3.584,2.124,0.350,1.331
226.851,114.861,-124.001,0.000,51.512,-40.753,-0.307,1.900,0.350,1.410
226.857,114.298,-123.438,0.000,56.918,-46.053,1.479,1.721,0.350,1.325
226.864,113.824,-122.653,0.000,58.872,-51.909,0.517,1.649,0.350,1.086
226.870,113.196,-121.869,0.000,65.626,-52.562,0.416,1.427,0.350,1.103
226.877,112.079,-120.752,0.000,74.179,-60.299,-0.525,1.137,0.350,1.225
226.884,109.460,-118.134,0.000,76.296,-63.281,-1.482,0.995,0.350,1.033
226.891,106.842,-115.515,0.000,77.515,-60.057,-1.706,0.880,0.350,0.840
226.897,104.381,-112.897,0.000,83.671,-60.183,1.021,0.621,0.350,0.886
226.903,100.887,-109.403,0.000,89.066,-64.253,3.964,0.355,0.350,0.930
226.910,96.450,-104.966,0.000,90.125,-68.104,3.209,0.190,0.350,0.769
226.916,92.012,-100.529,0.000,91.453,-68.097,-0.218,0.017,0.350,0.658
226.923,87.575,-96.091,0.000,94.475,-68.790,-0.777,-0.207,0.348,0.623
226.929,83.066,-91.582,0.000,98.053,-70.396,-1.549,-0.450,0.344,0.640
226.936,77.720,-85.439,0.000,99.791,-72.307,-0.513,-0.662,0.338,0.592
226.943,71.577,-79.521,0.000,98.190,-70.183,0.401,-0.798,0.330,0.372
226.949,65.433,-73.378,0.000,94.742,-64.826,1.701,-0.879,0.320,0.087
226.956,59.779,-67.009,0.000,96.621,-65.005,2.704,-1.105,0.308,0.137
226.962,53.635,-60.866,0.000,96.520,-66.984,4.307,-1.287,0.296,0.116
226.968,46.473,-53.704,0.000,92.261,-66.961,2.781,-1.374,0.283,-0.107
226.974,39.149,-46.379,0.000,89.426,-66.568,2.126,-1.508,0.268,-0.202
226.981,31.989,-39.055,0.000,88.045,-65.031,1.002,-1.682,0.250,-0.226
226.988,24.665,-31.730,0.000,88.011,-61.307,2.808,-1.900,0.230,-0.174
226.994,17.340,-24.183,0.000,86.281,-58.248,2.626,-2.068,0.207,-0.227
227.001,10.015,-16.638,0.000,85.362,-56.567,3.507,-2.260,0.183,-0.194
227.007,2.676,-9.298,0.000,79.259,-54.779,2.790,-2.297,0.158,-0.436
227.014,-4.527,-1.929,0.000,74.573,-49.091,3.220,-2.373,0.132,-0.552
227.021,-11.730,5.658,0.000,70.289,-42.824,2.809,-2.461,0.105,-0.634
227.027,-18.931,13.027,0.000,67.025,-40.637,2.324,-2.579,0.077,-0.626
227.034,-26.131,20.178,0.000,58.366,-40.489,2.264,-2.535,0.048,-0.861
227.041,-33.500,27.547,0.000,55.050,-37.048,2.598,-2.656,0.019,-0.798
227.048,-39.918,34.698,0.000,45.063,-28.716,1.845,-2.549,-0.010,-1.064
227.054,-45.359,41.019,0.000,38.305,-19.793,0.781,-2.510,-0.039,-1.129
227.061,-51.680,47.340,0.000,32.773,-14.660,4.116,-2.534,-0.067,-1.092
227.068,-58.001,53.662,0.000,25.587,-10.928,7.419,-2.508,-0.095,-1.157
227.074,-62.840,59.983,0.000,16.984,-7.049,5.035,-2.395,-0.122,-1.271
227.081,-68.191,66.134,0.000,9.247,-2.292,3.061,-2.323,-0.149,-1.330
227.088,-72.882,70.824,0.000,1.647,4.468,2.659,-2.236,-0.174,-1.352
227.095,-77.176,75.941,0.000,-5.297,10.806,2.090,-2.156,-0.198,-1.335
227.101,-81.866,80.842,0.000,-13.372,15.319,3.369,-2.055,-0.220,-1.404
227.107,-86.557,85.533,0.000,-19.578,20.840,4.514,-2.009,-0.242,-1.347
227.114,-89.829,88.806,0.000,-27.018,29.894,5.074,-1.884,-0.264,-1.355
227.121,-92.336,92.336,0.000,-34.147,37.350,3.996,-1.746,-0.284,-1.358
227.128,-95.045,95.452,0.000,-41.697,48.503,3.747,-1.600,-0.302,-1.380
227.134,-97.783,98.191,0.000,-47.173,53.661,2.893,-1.518,-0.319,-1.286
227.141,-98.885,99.292,0.000,-53.179,54.529,3.501,-1.371,-0.335,-1.250
227.148,-99.986,101.187,0.000,-60.741,59.472,3.575,-1.177,-0.349,-1.299
227.154,-101.087,102.288,0.000,-61.125,65.331,2.615,-1.199,-0.350,-1.023
227.161,-101.440,102.641,0.000,-64.634,73.216,2.020,-1.104,-0.350,-0.928
227.168,-100.660,101.861,0.000,-65.832,79.252,1.140,-1.045,-0.350,-0.731
227.174,-99.672,102.405,0.000,-73.298,85.475,0.299,-0.791,-0.350,-0.890
227.181,-98.891,101.624,0.000,-77.130,92.143,-0.169,-0.653,-0.350,-0.884
227.187,-96.832,99.564,0.000,-77.740,98.885,1.013,-0.573,-0.350,-0.714
227.194,-94.218,96.950,0.000,-77.744,102.509,2.207,-0.494,-0.350,-0.525
227.200,-91.603,94.336,0.000,-81.480,106.150,3.557,-0.304,-0.350,-0.546
227.207,-88.781,92.086,0.000,-86.405,105.893,-0.583,-0.071,-0.350,-0.642
227.214,-84.350,87.656,0.000,-89.866,109.039,-2.218,0.165,-0.349,-0.662
227.221,-79.917,83.222,0.000,-89.076,114.467,-1.901,0.275,-0.346,-0.464
227.227,-75.272,78.788,0.000,-87.534,114.866,0.418,0.368,-0.342,-0.238
227.233,-70.839,74.355,0.000,-85.741,113.260,2.561,0.447,-0.338,-0.070
227.239,-65.451,68.967,0.000,-88.627,113.945,3.413,0.695,-0.332,-0.219
227.246,-59.310,62.826,0.000,-90.024,116.805,2.030,0.921,-0.324,-0.276
227.252,-52.526,56.686,0.000,-87.645,121.390,1.412,1.054,-0.313,-0.103
227.259,-46.385,50.545,0.000,-86.115,113.808,0.173,1.192,-0.300,0.006
227.266,-40.245,44.404,0.000,-85.548,110.240,-0.761,1.359,-0.285,0.046
227.272,-33.216,37.995,0.000,-83.389,112.448,0.570,1.505,-0.269,0.115
227.279,-25.444,30.670,0.000,-77.083,108.493,1.256,1.549,-0.252,0.384
227.286,-18.119,23.346,0.000,-76.658,107.088,0.327,1.756,-0.232,0.324
227.293,-10.795,16.021,0.000,-77.190,108.947,0.369,1.992,-0.211,0.214
227.299,-2.548,8.697,0.000,-68.525,103.827,1.755,1.979,-0.189,0.537
227.306,5.013,1.373,0.000,-63.031,98.469,3.899,2.041,-0.166,0.675
227.313,12.337,-5.952,0.000,-60.759,94.952,1.866,2.193,-0.142,0.622
227.320,19.698,-13.313,0.000,-57.259,92.595,0.039,2.309,-0.116,0.615
227.326,29.045,-20.681,0.000,-51.948,84.705,-1.014,2.430,-0.089,0.736
227.333,36.413,-28.049,0.000,-48.677,81.219,-1.649,2.553,-0.061,0.706
227.340,46.779,-35.414,0.000,-41.779,77.638,-1.431,2.657,-0.033,0.835
227.346,54.137,-42.772,0.000,-34.086,69.172,0.698,2.647,-0.003,1.006
227.353,61.495,-50.130,0.000,-30.101,68.640,0.093,2.748,0.027,0.941
227.360,71.270,-56.540,0.000,-19.014,63.516,2.715,2.709,0.057,1.195
227.367,77.589,-62.859,0.000,-9.722,53.100,3.251,2.619,0.087,1.342
227.373,83.908,-69.178,0.000,-3.319,48.451,0.823,2.617,0.117,1.326
227.380,94.004,-75.497,0.000,9.426,43.262,1.402,2.537,0.145,1.583
227.387,102.189,-81.816,0.000,17.374,35.229,1.267,2.544,0.173,1.573
227.393,107.310,-86.937,0.000,23.040,31.186,0.426,2.528,0.201,1.466
227.400,111.997,-91.624,0.000,35.562,25.119,0.607,2.293,0.228,1.683
227.406,119.054,-96.311,0.000,44.288,18.908,0.434,2.243,0.251,1.701
227.412,124.151,-100.998,0.000,49.186,14.353,-0.883,2.249,0.275,1.539
227.419,128.315,-105.162,0.000,53.336,11.736,-1.709,2.249,0.300,1.302
227.426,132.906,-107.893,0.000,64.535,1.496,0.547,2.051,0.323,1.498
227.432,136.248,-110.804,0.000,73.890,-8.971,-0.102,1.871,0.345,1.590
227.439,139.158,-113.714,0.000,77.117,-13.995,-1.365,1.861,0.350,1.338
227.446,140.990,-115.545,0.000,85.597,-18.625,-1.010,1.662,0.350,1.407
227.452,143.856,-116.464,0.000,91.874,-25.187,1.169,1.559,0.350,1.370
227.459,145.407,-117.561,0.000,96.484,-27.322,0.346,1.468,0.350,1.241
227.466,146.503,-118.658,0.000,105.677,-32.098,0.695,1.225,0.350,1.337
227.473,149.716,-118.070,0.000,115.030,-40.676,1.153,1.041,0.350,1.455
227.479,149.930,-117.285,0.000,118.973,-45.292,-0.256,0.929,0.350,1.289
227.486,149.146,-116.501,0.000,123.467,-44.205,-0.799,0.770,0.350,1.163
227.493,148.009,-115.364,0.000,130.715,-46.497,-0.457,0.519,0.350,1.210
227.499,147.976,-112.569,0.000,135.422,-51.553,-1.649,0.377,0.350,1.139
227.506,145.891,-109.951,0.000,137.291,-51.582,-1.862,0.258,0.350,0.950
227.513,143.273,-107.333,0.000,145.480,-55.133,0.620,-0.066,0.350,1.076
227.519,140.296,-103.818,0.000,151.463,-62.718,2.483,-0.335,0.347,1.090
227.526,135.321,-99.206,0.000,156.135,-68.406,1.277,-0.624,0.342,1.060
227.533,130.883,-94.943,0.000,158.568,-64.012,-1.384,-0.831,0.333,0.903
227.539,126.446,-90.506,0.000,163.765,-59.311,-1.581,-1.120,0.322,0.915
227.546,121.917,-85.978,0.000,167.063,-60.004,-1.193,-1.354,0.308,0.861
227.553,116.312,-79.834,0.000,167.014,-59.132,-0.174,-1.521,0.292,0.653
227.560,110.169,-73.691,0.000,166.519,-59.075,-0.741,-1.690,0.273,0.445
227.566,104.569,-67.373,0.000,170.530,-57.937,0.135,-1.979,0.251,0.515
227.573,98.426,-61.230,0.000,173.529,-62.507,2.768,-2.253,0.228,0.547
227.580,92.282,-55.086,0.000,170.467,-55.816,2.617,-2.346,0.202,0.288
227.587,85.107,-48.086,0.000,168.583,-52.217,1.787,-2.504,0.174,0.114
227.593,77.782,-40.586,0.000,169.497,-51.958,1.189,-2.751,0.144,0.113
227.600,70.458,-33.262,0.000,167.889,-53.342,1.812,-2.923,0.112,0.009
227.607,63.133,-25.937,0.000,164.542,-51.946,-1.171,-3.042,0.078,-0.140
227.614,55.809,-18.613,0.000,161.637,-50.285,-1.177,-3.175,0.042,-0.244
227.620,48.484,-11.288,0.000,158.810,-43.524,1.040,-3.310,0.006,-0.310
227.627,41.144,-4.123,0.000,155.580,-38.570,1.898,-3.433,-0.032,-0.374
227.634,33.775,3.246,0.000,148.137,-38.562,2.137,-3.431,-0.070,-0.634
227.640,25.863,10.790,0.000,142.438,-35.940,1.072,-3.497,-0.109,-0.756
227.647,18.497,17.981,0.000,140.353,-32.091,1.820,-3.656,-0.150,-0.676
227.654,11.138,25.340,0.000,138.646,-30.641,2.936,-3.825,-0.191,-0.572
227.661,3.779,32.698,0.000,130.503,-25.361,2.338,-3.802,-0.234,-0.772
227.667,-3.135,39.613,0.000,121.502,-18.575,1.018,-3.739,-0.277,-1.000
227.674,-9.454,45.931,0.000,113.622,-12.534,1.761,-3.692,-0.319,-1.154
227.681,-15.775,52.253,0.000,108.531,-11.164,0.454,-3.729,-0.350,-1.120
227.688,-22.096,58.749,0.000,101.966,-7.838,1.799,-3.722,-0.350,-1.126
227.694,-28.418,65.071,0.000,91.163,0.311,0.216,-3.587,-0.350,-1.340
227.701,-34.341,70.994,0.000,81.098,9.947,0.323,-3.463,-0.350,-1.477
227.708,-39.032,75.685,0.000,74.251,21.278,1.360,-3.398,-0.350,-1.450
227.715,-43.722,80.200,0.000,65.556,26.090,1.320,-3.278,-0.350,-1.477
227.721,-48.413,84.891,0.000,56.000,25.742,2.254,-3.132,-0.350,-1.542
227.728,-53.103,89.581,0.000,48.355,29.512,2.470,-3.044,-0.350,-1.522
227.735,-56.365,92.843,0.000,39.154,40.345,0.962,-2.866,-0.350,-1.587
227.741,-59.278,95.756,0.000,32.765,53.166,1.301,-2.761,-0.350,-1.501
227.748,-62.188,98.666,0.000,26.640,58.925,6.226,-2.665,-0.350,-1.406
227.755,-64.914,101.392,0.000,18.013,61.743,2.489,-2.488,-0.350,-1.453
227.762,-66.553,102.493,0.000,10.937,74.770,1.986,-2.325,-0.350,-1.433
227.768,-67.655,103.594,0.000,5.222,83.521,1.569,-2.186,-0.350,-1.352
227.775,-68.756,104.696,0.000,-0.963,85.720,0.552,-2.034,-0.350,-1.293
227.782,-69.100,105.040,0.000,-8.391,88.144,0.565,-1.821,-0.350,-1.316
227.788,-68.852,104.259,0.000,-16.120,92.918,1.699,-1.582,-0.350,-1.369
227.795,-68.071,103.478,0.000,-18.388,93.235,2.480,-1.490,-0.350,-1.133
227.802,-67.290,102.697,0.000,-22.310,93.229,2.701,-1.349,-0.350,-1.019
227.809,-65.221,100.628,0.000,-28.448,101.641,2.796,-1.103,-0.350,-1.041
227.815,-62.607,98.014,0.000,-33.560,108.767,3.913,-0.871,-0.350,-1.044
227.822,-61.043,95.400,0.000,-34.312,102.799,3.335,-0.802,-0.350,-0.813
227.829,-58.423,92.780,0.000,-38.333,99.848,0.960,-0.603,-0.350,-0.780
227.836,-53.989,88.347,0.000,-38.465,106.012,2.037,-0.466,-0.350,-0.614
227.842,-50.585,83.913,0.000,-39.407,105.077,4.718,-0.335,-0.350,-0.491
227.849,-46.151,79.479,0.000,-44.169,109.205,2.333,-0.059,-0.350,-0.580
227.856,-41.717,75.045,0.000,-44.020,112.152,2.674,0.069,-0.350,-0.458
227.863,-36.321,69.649,0.000,-43.164,106.507,2.504,0.205,-0.348,-0.294
227.869,-30.180,63.509,0.000,-44.580,106.476,2.846,0.432,-0.344,-0.285
227.876,-24.040,57.368,0.000,-41.497,108.229,4.919,0.524,-0.338,-0.081
227.883,-26.718,51.236,0.000,-40.637,107.083,3.735,0.418,-0.334,-0.023
227.889,-21.412,45.098,0.000,-43.516,107.242,4.480,0.663,-0.328,-0.157
227.896,-14.819,38.504,0.000,-36.794,102.153,2.224,0.659,-0.321,0.183
227.903,-7.494,31.180,0.000,-34.438,98.463,1.630,0.808,-0.312,0.270
227.910,-2.176,23.856,0.000,-34.425,105.828,1.290,0.967,-0.302,0.202
227.917,5.148,16.531,0.000,-30.189,101.805,1.813,1.060,-0.290,0.356
227.923,12.472,9.207,0.000,-28.481,97.149,1.695,1.229,-0.277,0.350
227.930,19.797,1.883,0.000,-27.150,96.300,4.122,1.408,-0.262,0.293
227.937,26.732,-5.442,0.000,-21.544,88.490,1.816,1.448,-0.246,0.484
227.943,34.093,-12.803,0.000,-20.690,86.187,3.098,1.643,-0.228,0.421
227.950,41.462,-20.171,0.000,-14.942,83.125,5.711,1.692,-0.210,0.575
227.957,48.445,-27.539,0.000,-12.870,74.607,3.314,1.839,-0.190,0.534
227.963,55.813,-34.908,0.000,-13.915,72.071,3.545,2.092,-0.168,0.333
227.970,63.181,-42.276,0.000,-6.063,62.433,3.834,2.077,-0.145,0.623
227.977,70.169,-49.820,0.000,-3.335,58.180,2.869,2.205,-0.121,0.615
227.983,76.195,-56.223,0.000,0.803,56.717,2.985,2.262,-0.096,0.659
227.990,82.514,-62.720,0.000,5.617,44.934,2.597,2.307,-0.070,0.715
227.997,87.006,-69.039,0.000,8.758,39.027,3.335,2.347,-0.045,0.687
228.003,92.971,-75.358,0.000,19.657,27.295,4.281,2.199,-0.019,1.014
228.010,97.574,-81.677,0.000,23.663,22.434,2.648,2.217,0.006,0.967
228.017,102.684,-86.788,0.000,27.912,19.954,2.201,2.243,0.031,0.922
228.023,107.371,-91.475,0.000,37.911,7.509,1.141,2.084,0.054,1.164
228.030,109.493,-96.162,0.000,39.299,5.157,2.264,2.106,0.077,0.953
228.037,113.874,-101.028,0.000,49.527,-5.678,4.107,1.930,0.100,1.196
228.043,118.027,-105.180,0.000,54.271,-14.430,1.447,1.913,0.121,1.146
228.050,120.635,-108.091,0.000,61.512,-16.826,2.088,1.774,0.141,1.184
228.057,122.949,-111.001,0.000,69.343,-26.386,-1.321,1.608,0.160,1.264
228.063,125.860,-113.911,0.000,72.132,-28.497,0.134,1.612,0.178,1.097
228.070,127.680,-115.731,0.000,82.060,-40.256,2.406,1.369,0.194,1.265
228.077,128.776,-117.008,0.000,89.654,-52.677,2.197,1.174,0.208,1.318
228.083,130.169,-118.286,0.000,89.801,-50.472,2.710,1.211,0.222,1.008
228.090,131.266,-119.383,0.000,94.935,-50.058,2.500,1.090,0.234,0.995
228.097,130.076,-118.783,0.000,97.701,-55.907,3.002,0.971,0.245,0.883
228.103,129.291,-117.998,0.000,100.882,-58.454,3.728,0.852,0.255,0.791
228.110,128.506,-117.213,0.000,104.752,-63.099,3.006,0.713,0.263,0.767
228.116,127.350,-116.057,0.000,107.898,-67.174,1.345,0.584,0.270,0.752
228.123,123.311,-114.180,0.000,106.899,-65.466,1.068,0.492,0.276,0.528
228.129,120.417,-111.188,0.000,112.016,-72.038,3.827,0.252,0.279,0.606
228.136,117.799,-108.570,0.000,116.895,-80.254,5.019,0.027,0.280,0.683
228.143,114.267,-105.038,0.000,115.500,-75.440,3.333,-0.037,0.280,0.450
228.150,107.725,-101.546,0.000,119.188,-76.881,3.658,-0.344,0.278,0.518
228.156,103.288,-97.109,0.000,116.293,-78.942,3.398,-0.390,0.273,0.253
228.163,98.850,-92.672,0.000,113.386,-76.695,2.373,-0.436,0.268,0.028
228.170,94.306,-88.127,0.000,118.601,-84.099,1.725,-0.729,0.261,0.272
228.177,88.162,-82.971,0.000,119.274,-85.443,1.599,-0.933,0.252,0.256
228.183,82.019,-76.828,0.000,116.889,-82.533,2.372,-1.046,0.240,0.049
228.190,76.130,-73.248,0.000,121.350,-86.856,4.509,-1.357,0.226,0.233
228.197,70.243,-66.657,0.000,118.072,-86.803,2.122,-1.435,0.211,0.057
228.204,64.099,-60.514,0.000,112.054,-82.618,1.683,-1.439,0.195,-0.237
228.210,56.656,-55.172,0.000,113.737,-78.992,3.968,-1.712,0.176,-0.117
228.217,49.331,-47.847,0.000,109.094,-78.184,4.914,-1.793,0.157,-0.299
228.224,42.007,-40.523,0.000,102.466,-75.752,1.546,-1.814,0.136,-0.541
228.230,34.682,-33.198,0.000,99.463,-70.872,3.792,-1.943,0.115,-0.571
228.237,27.358,-28.666,0.000,97.073,-69.450,4.628,-2.091,0.093,-0.530
228.244,19.780,-22.438,0.000,91.067,-65.757,4.645,-2.139,0.069,-0.662
228.250,12.439,-15.097,0.000,84.001,-56.569,4.407,-2.147,0.044,-0.861
228.257,4.819,-10.063,0.000,79.582,-56.239,4.944,-2.243,0.020,-0.843
228.264,-2.550,-2.693,0.000,70.371,-53.658,3.737,-2.188,-0.005,-1.046
228.271,-9.919,4.676,0.000,62.342,-45.469,3.555,-2.168,-0.030,-1.193
228.277,-17.288,12.045,0.000,59.771,-44.665,5.293,-2.312,-0.055,-1.026
228.284,-25.152,17.852,0.000,55.302,-42.604,7.012,-2.414,-0.082,-0.962
228.291,-32.062,24.115,0.000,44.113,-36.471,7.310,-2.285,-0.108,-1.245
228.298,-38.383,30.436,0.000,38.915,-31.885,8.161,-2.319,-0.135,-1.201
228.304,-44.705,36.757,0.000,29.521,-27.001,4.417,-2.227,-0.159,-1.327
228.311,-51.270,42.417,0.000,19.741,-20.657,0.450,-2.130,-0.183,-1.444
228.318,-57.591,48.739,0.000,11.801,-12.867,1.804,-2.082,-0.207,-1.496
228.324,-63.490,54.638,0.000,5.980,-14.764,4.291,-2.084,-0.231,-1.398
228.331,-69.131,58.992,0.000,-1.304,-12.637,6.147,-2.035,-0.253,-1.380
228.338,-74.510,63.683,0.000,-9.264,-1.210,7.213,-1.957,-0.276,-1.411
228.345,-79.201,68.373,0.000,-19.485,3.237,7.176,-1.791,-0.297,-1.517
228.351,-84.995,72.724,0.000,-26.279,6.735,6.615,-1.761,-0.316,-1.456
228.358,-89.487,76.299,0.000,-35.882,12.593,5.435,-1.608,-0.335,-1.547
228.365,-92.402,79.214,0.000,-37.486,16.358,4.746,-1.647,-0.350,-1.257
228.371,-96.507,82.128,0.000,-44.433,20.529,7.167,-1.562,-0.350,-1.265
228.378,-99.204,84.826,0.000,-50.674,26.011,6.811,-1.456,-0.350,-1.226
228.385,-101.436,85.927,0.000,-58.565,36.207,6.137,-1.286,-0.350,-1.323
228.391,-102.537,87.028,0.000,-60.560,39.698,7.405,-1.259,-0.350,-1.109
228.398,-105.746,88.128,0.000,-66.815,38.683,5.538,-1.168,-0.350,-1.101
228.405,-106.059,88.441,0.000,-78.178,52.093,3.291,-0.836,-0.350,-1.359
228.411,-105.279,87.662,0.000,-81.726,58.065,3.472,-0.707,-0.350,-1.188
228.418,-105.164,86.199,0.000,-89.805,62.808,5.397,-0.461,-0.350,-1.247
228.424,-104.384,85.418,0.000,-95.871,67.241,5.968,-0.255,-0.350,-1.252
228.430,-102.290,83.325,0.000,-102.387,72.810,4.999,0.003,-0.350,-1.332
228.436,-99.676,80.013,0.000,-105.208,77.213,6.243,0.166,-0.349,-1.175
228.443,-97.062,77.399,0.000,-107.356,77.984,7.767,0.309,-0.346,-0.967
228.449,-94.418,74.755,0.000,-113.399,78.295,5.165,0.569,-0.340,-0.997
228.455,-89.984,70.321,0.000,-121.416,84.842,2.641,0.943,-0.332,-1.141
228.461,-86.200,65.176,0.000,-124.634,90.640,0.438,1.153,-0.320,-1.015
228.468,-81.766,60.742,0.000,-127.000,89.360,1.974,1.357,-0.305,-0.861
228.475,-77.332,56.308,0.000,-133.533,92.147,4.746,1.686,-0.288,-0.963
228.481,-72.549,50.528,0.000,-129.672,87.342,6.369,1.714,-0.269,-0.551
228.488,-67.341,44.387,0.000,-128.662,80.480,4.840,1.840,-0.249,-0.330
228.495,-61.201,38.246,0.000,-130.998,86.455,5.577,2.094,-0.226,-0.351
228.502,-56.574,31.740,0.000,-128.917,82.656,4.125,2.170,-0.202,-0.163
228.508,-50.433,25.599,0.000,-127.699,80.239,3.987,2.318,-0.179,-0.053
228.514,-43.822,18.988,0.000,-129.544,78.181,3.719,2.572,-0.154,-0.152
228.520,-37.094,11.664,0.000,-124.437,74.014,3.221,2.620,-0.127,0.126
228.526,-29.770,4.339,0.000,-119.825,67.969,2.929,2.702,-0.100,0.339
228.532,-22.446,-2.985,0.000,-119.538,66.095,3.417,2.913,-0.069,0.296
228.539,-15.121,-10.310,0.000,-114.536,65.746,5.238,2.982,-0.039,0.461
228.545,-7.797,-17.634,0.000,-111.986,61.273,4.650,3.126,-0.007,0.489
228.551,-0.770,-24.958,0.000,-109.408,59.072,3.519,3.259,0.026,0.517
228.557,6.592,-32.320,0.000,-108.337,60.948,3.767,3.448,0.060,0.437
228.563,13.960,-39.688,0.000,-100.966,53.762,3.490,3.448,0.094,0.650
228.569,21.328,-47.057,0.000,-95.208,46.924,2.460,3.496,0.129,0.781
228.575,28.548,-53.698,0.000,-92.397,45.040,3.479,3.628,0.165,0.792
228.581,35.916,-60.708,0.000,-89.126,43.550,5.682,3.751,0.199,0.798
228.586,43.284,-68.076,0.000,-87.654,43.043,6.111,3.928,0.234,0.656
228.592,49.671,-74.464,0.000,-83.546,43.672,5.886,3.997,0.270,0.664
228.597,55.990,-80.783,0.000,-73.403,34.951,5.727,3.882,0.306,1.059
228.603,62.161,-87.102,0.000,-65.265,26.311,3.545,3.823,0.342,1.259
228.608,68.480,-93.421,0.000,-60.967,25.075,2.556,3.883,0.350,1.228
228.614,74.799,-99.740,0.000,-56.592,22.931,4.410,3.942,0.350,1.187
228.619,79.885,-104.826,0.000,-54.121,20.788,6.086,4.020,0.350,0.987
228.625,84.572,-109.871,0.000,-49.170,15.798,7.252,4.012,0.350,0.971
228.631,89.259,-114.558,0.000,-40.792,5.840,6.627,3.902,0.350,1.190
228.636,93.946,-118.887,0.000,-33.784,-2.471,2.755,3.832,0.350,1.288
228.642,98.071,-123.012,0.000,-29.954,-9.356,2.132,3.841,0.350,1.186
228.647,100.982,-125.923,0.000,-27.132,-16.161,3.473,3.843,0.350,1.015
228.653,103.892,-128.833,0.000,-19.988,-26.567,2.412,3.716,0.350,1.112
228.659,106.802,-131.743,0.000,-12.878,-38.524,2.716,3.590,0.350,1.214
228.664,108.595,-133.536,0.000,-7.502,-45.245,2.046,3.483,0.350,1.208
228.670,109.691,-134.632,0.000,-1.946,-49.200,5.244,3.349,0.350,1.228
228.675,110.788,-136.448,0.000,1.245,-51.106,5.728,3.286,0.350,1.078
228.681,111.885,-137.545,0.000,5.696,-55.537,4.799,3.186,0.350,0.987
228.686,111.256,-137.282,0.000,10.843,-61.848,4.059,3.012,0.350,0.987
228.692,110.471,-136.496,0.000,16.817,-64.563,4.367,2.810,0.350,1.077
228.697,109.685,-135.711,0.000,21.466,-68.811,4.007,2.647,0.350,1.083
228.703,108.502,-134.528,0.000,25.117,-67.328,3.976,2.502,0.350,1.051
228.709,105.884,-131.910,0.000,29.019,-65.468,2.692,2.306,0.350,1.002
228.714,103.266,-129.661,0.000,33.428,-65.506,1.991,2.095,0.350,0.947
228.720,100.647,-127.042,0.000,39.476,-67.859,2.815,1.835,0.350,1.004
228.725,97.087,-123.482,0.000,43.551,-68.828,4.588,1.606,0.350,0.977
228.731,92.650,-119.045,0.000,46.456,-70.269,5.199,1.386,0.350,0.918
228.737,88.213,-114.608,0.000,47.890,-73.885,3.986,1.210,0.350,0.800
228.742,83.775,-110.170,0.000,49.095,-72.762,4.022,1.040,0.350,0.676
228.748,79.205,-105.600,0.000,47.201,-71.404,3.452,0.960,0.350,0.382
228.754,73.061,-99.456,0.000,47.161,-70.849,3.241,0.777,0.350,0.232
228.759,67.067,-93.313,0.000,49.419,-76.022,2.932,0.529,0.350,0.290
228.765,60.923,-87.170,0.000,51.915,-81.135,1.964,0.270,0.350,0.378
228.770,54.780,-81.027,0.000,48.213,-80.446,2.404,0.197,0.350,0.112
228.776,48.637,-74.883,0.000,46.649,-82.249,3.520,0.060,0.350,0.034
228.782,41.432,-67.309,0.000,45.013,-84.094,3.536,-0.107,0.349,-0.051
228.787,34.107,-59.985,0.000,43.476,-83.440,4.642,-0.281,0.347,-0.163
228.793,26.783,-52.660,0.000,42.834,-82.165,4.605,-0.482,0.342,-0.218
228.798,19.458,-45.336,0.000,39.030,-79.000,2.924,-0.587,0.336,-0.432
228.804,12.134,-38.011,0.000,34.310,-76.124,2.010,-0.665,0.330,-0.609
228.810,4.809,-30.687,0.000,33.160,-77.840,1.824,-0.851,0.323,-0.517
228.815,-2.532,-23.345,0.000,28.385,-74.724,2.768,-0.927,0.315,-0.634
228.821,-9.901,-15.976,0.000,23.955,-70.998,2.205,-1.016,0.306,-0.702
228.827,-17.270,-8.607,0.000,21.559,-73.247,1.976,-1.165,0.296,-0.634
228.832,-24.639,-1.238,0.000,19.517,-70.109,1.962,-1.325,0.284,-0.581
228.838,-31.859,6.131,0.000,14.292,-67.977,1.003,-1.385,0.270,-0.717
228.844,-39.228,13.131,0.000,9.309,-63.652,-0.791,-1.456,0.255,-0.815
228.850,-46.122,20.025,0.000,4.479,-57.222,-0.636,-1.518,0.240,-0.872
228.857,-52.146,26.715,0.000,-1.349,-52.640,1.246,-1.524,0.224,-0.940
228.863,-58.468,33.037,0.000,-6.410,-47.845,3.509,-1.562,0.209,-0.956
228.869,-64.789,39.358,0.000,-14.237,-43.721,4.649,-1.517,0.193,-1.102
228.875,-69.458,43.406,0.000,-20.822,-39.018,5.148,-1.459,0.177,-1.159
228.882,-74.720,48.089,0.000,-27.408,-32.007,2.398,-1.419,0.160,-1.183
228.889,-79.411,52.779,0.000,-34.936,-22.276,-0.878,-1.334,0.145,-1.248
228.895,-83.322,57.470,0.000,-41.682,-16.823,0.437,-1.249,0.131,-1.247
228.902,-88.170,61.755,0.000,-50.746,-12.066,0.910,-1.123,0.119,-1.373
228.908,-92.861,66.445,0.000,-60.283,-6.104,1.845,-0.977,0.108,-1.529
228.914,-96.069,69.654,0.000,-67.841,1.165,1.960,-0.847,0.098,-1.553
228.920,-98.984,72.568,0.000,-73.891,8.311,2.910,-0.753,0.090,-1.506
228.927,-101.898,74.241,0.000,-80.631,15.865,3.012,-0.638,0.083,-1.464
228.933,-104.568,76.911,0.000,-85.717,20.553,1.196,-0.566,0.077,-1.326
228.940,-105.669,78.012,0.000,-94.939,26.121,1.051,-0.322,0.072,-1.432
228.947,-106.770,79.113,0.000,-100.118,32.816,2.058,-0.200,0.069,-1.338
228.953,-107.871,80.214,0.000,-102.965,37.581,3.316,-0.147,0.068,-1.133
228.960,-108.153,80.496,0.000,-109.247,40.440,2.749,0.033,0.068,-1.119
228.967,-107.372,79.715,0.000,-120.982,47.694,0.611,0.408,0.071,-1.395
228.973,-106.591,78.935,0.000,-123.598,50.458,0.878,0.510,0.076,-1.191
228.980,-105.811,78.154,0.000,-129.774,51.134,-1.208,0.719,0.083,-1.173
228.987,-103.681,75.601,0.000,-136.690,55.799,-0.103,0.990,0.094,-1.192
228.993,-101.067,72.987,0.000,-137.843,57.109,3.611,1.103,0.105,-0.969
229.000,-98.453,70.373,0.000,-137.541,54.457,4.694,1.173,0.118,-0.723
229.007,-95.935,68.122,0.000,-141.415,59.791,2.978,1.364,0.133,-0.699
229.014,-91.503,61.974,0.000,-146.813,66.849,1.651,1.659,0.150,-0.786
229.020,-87.069,57.540,0.000,-147.062,63.896,2.504,1.800,0.170,-0.607
229.027,-82.636,53.106,0.000,-150.322,59.920,1.929,2.031,0.192,-0.603
229.034,-78.046,48.232,0.000,-150.318,64.783,1.869,2.168,0.215,-0.485
229.041,-72.596,42.783,0.000,-149.675,63.135,2.630,2.312,0.241,-0.322
229.047,-66.455,36.642,0.000,-152.017,64.925,1.636,2.567,0.268,-0.341
229.054,-60.315,28.695,0.000,-147.443,63.297,3.156,2.614,0.297,-0.058
229.061,-54.182,22.563,0.000,-146.138,62.883,1.198,2.759,0.329,0.039
229.067,-48.050,16.431,0.000,-149.476,72.188,2.281,3.043,0.350,-0.120
229.074,-41.424,7.924,0.000,-144.640,71.982,3.759,3.096,0.350,0.128
229.081,-34.100,-0.862,0.000,-144.375,68.255,1.865,3.308,0.350,0.130
229.088,-26.776,-8.186,0.000,-143.931,71.699,1.419,3.515,0.350,0.124
229.094,-19.294,-17.528,0.000,-139.916,65.592,1.414,3.619,0.350,0.291
229.101,-11.970,-24.852,0.000,-136.646,62.424,3.345,3.740,0.350,0.387
229.107,-4.813,-32.684,0.000,-128.447,55.377,4.787,3.709,0.350,0.664
229.114,2.501,-39.998,0.000,-120.708,46.303,1.394,3.696,0.350,0.867
229.121,9.853,-47.350,0.000,-118.880,46.510,3.880,3.862,0.350,0.742
229.127,17.851,-56.835,0.000,-111.253,34.513,2.990,3.873,0.350,0.922
229.134,25.219,-64.203,0.000,-105.840,27.348,1.838,3.932,0.350,0.957
229.141,32.588,-71.572,0.000,-97.931,20.178,2.864,3.916,0.350,1.080
229.147,39.956,-78.940,0.000,-93.409,15.008,0.465,4.001,0.350,1.037
229.154,48.299,-85.770,0.000,-91.411,14.903,4.530,4.191,0.350,0.868
229.161,54.675,-92.147,0.000,-84.015,4.285,4.310,4.161,0.350,0.988
229.167,62.177,-99.004,0.000,-77.866,-1.774,4.651,4.201,0.350,1.053
229.174,68.664,-105.317,0.000,-67.285,-8.646,3.685,4.078,0.350,1.287
229.181,74.974,-111.627,0.000,-60.471,-15.464,0.829,4.063,0.350,1.305
229.187,83.478,-120.711,0.000,-60.670,-14.165,3.664,4.324,0.350,0.961
229.194,88.553,-125.786,0.000,-49.798,-26.982,1.066,4.151,0.350,1.232
229.201,93.822,-129.908,0.000,-44.415,-31.276,4.603,4.147,0.350,1.181
229.207,98.509,-134.595,0.000,-35.205,-37.936,2.969,4.011,0.350,1.320
229.214,103.196,-139.282,0.000,-30.267,-41.274,4.163,4.004,0.350,1.234
229.221,107.310,-143.395,0.000,-24.758,-45.076,5.530,3.962,0.350,1.175
229.227,110.220,-146.306,0.000,-15.688,-55.907,3.035,3.777,0.350,1.315
229.234,113.130,-149.216,0.000,-14.078,-56.440,4.086,3.816,0.350,1.075
229.241,116.041,-152.126,0.000,-2.036,-67.353,3.866,3.542,0.350,1.374
229.247,123.610,-153.906,0.000,3.118,-70.678,1.767,3.615,0.350,1.273
229.254,126.001,-155.003,0.000,14.744,-83.857,1.651,3.338,0.350,1.507
229.261,128.742,-156.100,0.000,19.238,-92.082,-0.841,3.285,0.350,1.367
229.267,130.123,-156.083,0.000,24.807,-92.413,2.726,3.159,0.350,1.291
229.274,129.482,-155.441,0.000,28.877,-99.201,2.834,3.018,0.350,1.152
229.281,132.675,-155.770,0.000,33.701,-101.960,4.373,2.969,0.350,1.080
229.287,133.227,-154.984,0.000,42.684,-108.753,3.576,2.716,0.350,1.230
229.294,132.031,-153.788,0.000,50.247,-115.242,2.076,2.454,0.350,1.309
229.301,129.412,-151.170,0.000,48.124,-110.147,1.743,2.439,0.350,0.902
229.308,126.794,-148.552,0.000,54.573,-113.226,2.726,2.167,0.350,0.966
229.314,129.322,-144.820,0.000,57.707,-119.058,2.308,2.148,0.350,0.896
229.321,126.147,-140.699,0.000,58.730,-116.104,0.632,2.023,0.350,0.718
229.328,121.710,-136.262,0.000,63.911,-118.722,0.457,1.734,0.350,0.777
229.334,118.903,-130.743,0.000,68.443,-122.411,2.547,1.514,0.350,0.819
229.341,114.883,-126.305,0.000,69.553,-123.733,3.094,1.360,0.350,0.659
229.347,110.301,-121.723,0.000,76.183,-130.108,5.347,1.024,0.350,0.811
229.354,104.158,-115.580,0.000,72.869,-126.182,2.363,0.939,0.350,0.478
229.361,101.065,-108.376,0.000,72.861,-123.805,1.325,0.846,0.350,0.335
229.368,94.921,-102.233,0.000,76.766,-125.961,2.669,0.545,0.350,0.427
229.374,93.033,-99.334,0.000,74.523,-127.357,0.479,0.555,0.350,0.236
229.381,87.888,-93.191,0.000,71.072,-122.819,1.192,0.504,0.350,0.033
229.388,80.675,-85.978,0.000,71.365,-121.646,4.519,0.279,0.350,0.010
229.394,73.351,-78.653,0.000,70.895,-124.000,2.501,0.074,0.350,-0.015
229.401,66.026,-71.329,0.000,69.018,-121.971,0.821,-0.090,0.350,-0.082
229.408,70.469,-65.129,0.000,70.065,-115.790,0.503,0.012,0.350,-0.016
229.415,63.144,-57.805,0.000,69.584,-114.218,2.553,-0.193,0.349,-0.032
229.421,58.991,-48.253,0.000,66.382,-112.172,2.200,-0.222,0.346,-0.167
229.428,51.650,-40.911,0.000,63.602,-105.588,1.461,-0.359,0.343,-0.268
229.435,46.932,-29.852,0.000,61.997,-101.890,3.104,-0.452,0.338,-0.263
229.442,39.570,-22.490,0.000,57.476,-97.650,3.599,-0.537,0.332,-0.418
229.448,32.200,-15.121,0.000,55.414,-92.334,1.908,-0.696,0.325,-0.417
229.455,26.193,-7.245,0.000,53.269,-84.559,-0.548,-0.812,0.316,-0.425
229.462,18.140,1.123,0.000,48.294,-79.449,1.016,-0.905,0.306,-0.550
229.468,11.935,9.950,0.000,42.390,-74.536,2.160,-0.914,0.296,-0.693
229.475,6.304,17.675,0.000,40.397,-67.980,3.166,-1.023,0.284,-0.640
229.482,0.680,21.146,0.000,37.631,-59.731,2.429,-1.109,0.273,-0.607
229.488,-5.642,27.467,0.000,34.563,-51.614,1.930,-1.206,0.260,-0.588
229.495,-9.110,36.176,0.000,29.129,-47.316,3.468,-1.147,0.247,-0.694
229.502,-14.976,42.042,0.000,24.750,-41.739,3.601,-1.192,0.233,-0.737
229.509,-19.666,46.732,0.000,20.681,-32.563,2.445,-1.210,0.220,-0.738
229.515,-24.357,51.423,0.000,14.265,-24.780,1.442,-1.159,0.206,-0.855
229.522,-23.018,55.173,0.000,9.120,-20.027,-0.572,-0.964,0.195,-0.887
229.529,-27.708,59.863,0.000,3.483,-13.160,-2.764,-0.936,0.185,-0.938
229.536,-30.907,63.062,0.000,0.494,-6.703,-1.461,-0.942,0.174,-0.843
229.542,-29.825,66.449,0.000,-6.465,-0.586,0.498,-0.701,0.165,-0.945
229.549,-32.739,69.364,0.000,-13.595,5.013,2.395,-0.574,0.158,-1.056
229.556,-35.399,72.024,0.000,-15.556,10.172,3.487,-0.595,0.151,-0.899
229.562,-37.314,73.125,0.000,-17.763,16.666,4.541,-0.587,0.145,-0.777
229.569,-38.415,74.226,0.000,-22.565,19.765,3.854,-0.475,0.140,-0.781
229.576,-39.516,75.327,0.000,-30.052,24.861,3.664,-0.284,0.136,-0.938
229.582,-40.594,75.598,0.000,-34.993,31.214,2.565,-0.168,0.133,-0.970
229.589,-39.813,74.818,0.000,-34.895,31.100,0.918,-0.148,0.131,-0.713
229.596,-40.624,74.505,0.000,-39.438,33.840,-1.294,-0.036,0.131,-0.727
229.603,-39.843,73.724,0.000,-45.340,40.760,1.498,0.165,0.132,-0.842
229.609,-37.704,71.584,0.000,-45.821,47.516,4.073,0.244,0.134,-0.675
229.616,-35.089,68.970,0.000,-45.109,47.399,3.545,0.301,0.137,-0.443
229.623,-32.475,66.356,0.000,-54.059,55.790,1.130,0.648,0.144,-0.729
229.629,-29.785,63.666,0.000,-59.328,62.763,0.257,0.886,0.152,-0.812
229.636,-25.352,59.232,0.000,-57.303,57.653,0.103,0.959,0.163,-0.514
229.643,-20.918,54.798,0.000,-57.656,53.745,-0.473,1.102,0.175,-0.383
229.650,-16.484,50.365,0.000,-61.292,65.019,1.514,1.344,0.189,-0.457
229.657,-12.835,45.463,0.000,-62.113,67.622,2.417,1.478,0.206,-0.386
229.663,-7.373,40.001,0.000,-61.671,64.144,1.252,1.629,0.223,-0.255
229.670,-1.233,33.860,0.000,-64.508,63.913,-0.068,1.898,0.244,-0.321
229.677,5.693,28.187,0.000,-60.335,65.572,1.595,1.981,0.266,-0.042
229.683,11.834,22.047,0.000,-58.989,63.473,3.029,2.125,0.289,0.040
229.690,17.975,15.906,0.000,-60.068,64.922,2.123,2.341,0.314,-0.040
229.697,24.616,9.265,0.000,-52.251,59.606,1.892,2.306,0.340,0.332
229.704,31.940,1.940,0.000,-51.405,63.477,0.328,2.500,0.350,0.313
229.710,39.265,-5.384,0.000,-54.503,69.918,-1.240,2.813,0.350,0.078
229.717,46.589,-12.708,0.000,-45.134,58.734,0.647,2.752,0.350,0.470
229.724,54.706,-20.033,0.000,-40.062,50.993,0.085,2.843,0.350,0.607
229.731,63.636,-27.357,0.000,-32.951,53.673,1.412,2.898,0.350,0.784
229.737,70.960,-34.681,0.000,-30.465,46.259,2.872,3.043,0.350,0.713
229.744,79.958,-41.581,0.000,-28.152,44.733,3.803,3.243,0.350,0.631
229.751,89.834,-48.950,0.000,-16.442,36.765,3.678,3.188,0.350,0.999
229.757,99.778,-57.249,0.000,-8.460,29.027,0.613,3.247,0.350,1.158
229.764,107.146,-64.617,0.000,-5.037,29.419,1.570,3.365,0.350,1.027
229.771,114.514,-71.985,0.000,2.336,21.528,0.405,3.365,0.350,1.118
229.777,121.882,-78.422,0.000,7.962,18.350,0.891,3.418,0.350,1.112
229.784,127.377,-81.670,0.000,12.861,18.752,2.318,3.435,0.350,1.067
229.790,133.696,-85.493,0.000,21.362,12.047,2.608,3.370,0.350,1.223
229.797,140.015,-91.812,0.000,24.521,11.102,3.723,3.465,0.350,1.073
229.804,147.200,-99.778,0.000,34.592,5.206,4.841,3.378,0.350,1.264
229.810,152.653,-106.097,0.000,43.952,-4.251,1.485,3.261,0.350,1.417
229.817,157.698,-111.142,0.000,47.282,-8.612,3.144,3.312,0.350,1.220
229.824,162.385,-115.829,0.000,59.069,-17.874,2.643,3.099,0.350,1.470
229.830,167.938,-116.522,0.000,65.048,-20.139,0.599,3.087,0.350,1.396
229.837,171.759,-120.459,0.000,72.297,-24.701,2.495,2.984,0.350,1.365
229.844,175.839,-123.444,0.000,79.817,-37.017,0.303,2.881,0.350,1.383
229.850,178.750,-125.642,0.000,82.856,-40.584,2.982,2.877,0.350,1.174
229.857,181.660,-128.552,0.000,96.437,-49.390,3.363,2.557,0.350,1.509
229.864,184.570,-131.463,0.000,100.419,-52.192,3.238,2.525,0.350,1.340
229.870,186.317,-133.209,0.000,102.592,-52.200,2.275,2.512,0.350,1.101
229.877,187.413,-132.926,-2.000,111.652,-64.995,-0.453,2.273,0.350,1.244
229.884,188.510,-134.023,-2.000,114.927,-68.207,-0.039,2.207,0.350,1.107
229.890,189.607,-135.119,-2.000,119.918,-67.229,1.146,2.091,0.350,1.056
229.897,189.797,-134.107,-9.000,127.352,-76.338,1.306,1.873,0.350,1.148
229.904,189.012,-132.660,-10.000,130.160,-80.494,2.112,1.766,0.350,0.990
229.910,188.228,-131.876,-10.000,140.925,-84.032,3.727,1.419,0.350,1.227
229.917,187.005,-130.654,-10.000,143.503,-89.319,-0.558,1.305,0.350,1.057
229.924,185.260,-127.069,-12.000,145.708,-88.957,-1.391,1.187,0.350,0.905
229.930,182.642,-124.135,-11.000,153.179,-93.481,-2.990,0.884,0.350,1.010
229.937,180.024,-121.517,-11.000,158.155,-99.143,-4.864,0.656,0.350,1.000
229.944,176.424,-117.604,-12.000,158.130,-99.416,-6.070,0.549,0.350,0.738
229.951,172.868,-112.858,-11.000,166.851,-105.851,-5.111,0.180,0.350,0.959
229.957,169.320,-108.421,-11.000,168.290,-106.717,-6.793,0.031,0.350,0.816
229.964,164.882,-103.983,-11.000,168.057,-101.263,-6.458,-0.095,0.349,0.589
229.971,160.274,-99.375,-11.000,171.482,-97.078,-6.022,-0.336,0.346,0.581
229.977,154.131,-93.232,-13.000,173.239,-101.626,-5.027,-0.573,0.341,0.535
229.984,147.987,-87.088,-13.000,173.962,-108.305,-7.187,-0.779,0.333,0.452
229.991,141.844,-80.945,-13.000,173.235,-102.187,-7.811,-0.942,0.323,0.298
229.998,136.598,-74.194,-14.000,175.513,-99.909,-7.357,-1.167,0.311,0.333
230.004,130.455,-67.751,-15.000,172.227,-99.718,-7.843,-1.253,0.297,0.119
230.011,123.224,-60.520,-15.000,169.727,-100.261,-9.736,-1.395,0.282,-0.031
230.018,115.899,-53.195,-15.000,168.065,-97.970,-11.185,-1.565,0.265,-0.113
230.024,108.575,-45.871,-15.000,167.804,-97.097,-10.742,-1.777,0.247,-0.093
230.031,100.353,-38.546,-18.000,165.806,-95.012,-8.452,-1.964,0.226,-0.140
230.038,93.029,-31.222,-18.000,158.965,-89.103,-10.902,-1.978,0.203,-0.421
230.045,85.704,-23.897,-18.000,153.918,-82.940,-13.983,-2.046,0.180,-0.586
230.051,78.362,-16.555,-18.000,150.170,-79.270,-15.039,-2.154,0.156,-0.611
230.058,70.993,-9.186,-18.000,144.495,-80.441,-14.768,-2.205,0.132,-0.712
230.065,63.624,-1.817,-18.000,138.963,-74.642,-15.551,-2.260,0.107,-0.783
230.071,56.255,5.552,-18.000,135.167,-65.105,-15.879,-2.367,0.081,-0.772
230.078,48.896,13.207,-21.000,129.606,-55.572,-17.158,-2.421,0.054,-0.847
230.085,41.537,20.566,-21.000,124.375,-53.540,-16.424,-2.485,0.026,-0.868
230.092,35.563,27.437,-22.000,116.868,-55.566,-17.276,-2.439,-0.002,-1.002
230.099,28.345,33.758,-23.000,109.921,-48.689,-17.897,-2.447,-0.029,-1.077
230.105,22.023,40.080,-23.000,102.757,-40.247,-19.472,-2.422,-0.056,-1.137
230.112,14.813,46.105,-27.000,95.750,-33.235,-19.189,-2.428,-0.084,-1.199
230.119,7.610,52.426,-29.000,90.828,-27.569,-20.295,-2.497,-0.112,-1.144
230.125,1.766,58.270,-29.000,83.639,-26.006,-20.145,-2.456,-0.139,-1.174
230.132,-2.924,62.961,-29.000,75.181,-19.921,-21.294,-2.343,-0.166,-1.271
230.139,-7.615,67.651,-29.000,68.540,-11.876,-24.841,-2.285,-0.192,-1.262
230.146,-14.899,72.337,-30.000,60.916,-4.575,-27.684,-2.274,-0.217,-1.317
230.152,-22.946,77.026,-31.000,55.812,0.659,-26.870,-2.363,-0.244,-1.233
230.159,-26.124,80.203,-31.000,48.627,5.016,-25.472,-2.242,-0.269,-1.255
230.166,-29.038,83.118,-31.000,41.737,11.818,-25.415,-2.123,-0.293,-1.264
230.172,-31.953,86.032,-31.000,31.545,17.694,-28.130,-1.905,-0.315,-1.411
230.179,-34.591,88.671,-31.000,22.641,25.296,-27.620,-1.717,-0.336,-1.486
230.186,-35.692,89.772,-31.000,15.944,30.284,-28.156,-1.549,-0.350,-1.442
230.193,-68.243,91.752,-33.000,10.064,37.300,-29.249,-2.349,-0.350,-1.359
230.199,-69.344,92.854,-33.000,2.673,45.953,-28.979,-2.160,-0.350,-1.363
230.206,-69.593,93.103,-33.000,-3.089,51.958,-29.637,-1.995,-0.350,-1.294
230.213,-68.812,92.322,-33.000,-9.724,57.225,-30.247,-1.773,-0.350,-1.279
230.219,-84.034,93.490,-32.000,-17.673,61.636,-31.141,-1.991,-0.350,-1.335
230.226,-83.253,92.709,-32.000,-24.070,67.249,-31.163,-1.775,-0.350,-1.320
230.233,-81.091,90.547,-32.000,-30.048,74.301,-32.388,-1.531,-0.350,-1.269
230.240,-78.477,87.933,-32.000,-36.280,80.434,-31.898,-1.266,-0.350,-1.235
230.246,-87.627,86.112,-33.000,-44.604,81.036,-31.854,-1.291,-0.350,-1.315
230.253,-87.684,83.915,-33.000,-52.570,83.100,-31.877,-1.053,-0.350,-1.370
230.260,-83.250,79.482,-33.000,-58.039,86.509,-31.356,-0.756,-0.350,-1.301
230.266,-84.037,78.377,-35.000,-64.149,92.188,-33.544,-0.597,-0.350,-1.260
230.273,-80.951,74.599,-35.000,-69.370,93.957,-34.095,-0.347,-0.350,-1.157
230.279,-76.518,70.165,-35.000,-76.473,95.263,-34.132,-0.001,-0.350,-1.222
230.285,-71.035,64.683,-35.000,-81.763,97.305,-34.505,0.322,-0.348,-1.207
230.292,-68.176,60.203,-37.000,-86.326,98.937,-33.907,0.544,-0.344,-1.152
230.298,-62.036,54.063,-37.000,-87.929,97.468,-34.981,0.777,-0.336,-0.941
230.305,-55.895,47.922,-37.000,-90.002,92.807,-34.509,1.023,-0.325,-0.792
230.312,-51.396,43.881,-39.000,-97.554,95.048,-33.711,1.385,-0.310,-0.909
230.318,-44.741,37.226,-39.000,-101.958,90.653,-35.159,1.716,-0.295,-0.924
230.323,-37.417,29.901,-39.000,-106.713,90.121,-35.846,2.079,-0.277,-0.963
230.329,-30.092,22.577,-39.000,-110.796,90.249,-35.817,2.421,-0.255,-0.957
230.335,-22.768,15.253,-39.000,-110.242,86.857,-35.463,2.624,-0.232,-0.724
230.340,-15.444,7.928,-39.000,-112.001,85.209,-36.612,2.897,-0.206,-0.680
230.346,-8.119,-0.326,-43.000,-111.389,85.549,-36.460,3.098,-0.178,-0.504
230.352,-0.795,-7.651,-43.000,-110.259,84.103,-35.832,3.284,-0.146,-0.321
230.357,6.569,-15.014,-43.000,-107.521,80.374,-35.822,3.423,-0.115,-0.066
230.363,13.937,-22.382,-43.000,-104.621,75.183,-36.070,3.557,-0.082,0.151
230.368,21.305,-29.751,-43.000,-102.697,70.684,-36.996,3.720,-0.048,0.245
230.374,28.673,-37.502,-47.000,-100.838,67.501,-37.492,3.885,-0.012,0.314
230.379,36.041,-44.870,-47.000,-96.587,62.429,-37.366,3.979,0.024,0.458
230.385,43.410,-52.239,-47.000,-92.251,56.569,-37.793,4.070,0.061,0.554
230.391,49.758,-58.587,-47.000,-89.447,52.744,-39.792,4.176,0.100,0.532
230.396,56.077,-65.100,-48.000,-82.757,47.011,-40.599,4.165,0.139,0.778
230.402,62.396,-71.419,-48.000,-78.330,40.864,-40.081,4.222,0.178,0.855
230.407,68.715,-77.738,-48.000,-73.130,36.154,-42.054,4.255,0.218,0.977
230.413,75.034,-84.057,-48.000,-67.762,32.694,-41.603,4.284,0.258,1.071
230.419,80.059,-89.082,-48.000,-62.072,28.643,-39.465,4.264,0.298,1.131
230.424,84.746,-93.769,-48.000,-55.075,22.231,-39.810,4.195,0.337,1.220
230.430,89.433,-98.456,-48.000,-45.263,15.231,-40.671,4.041,0.350,1.453
230.435,94.120,-103.143,-48.000,-39.742,8.704,-41.538,4.016,0.350,1.423
230.441,98.180,-107.202,-48.000,-35.733,3.582,-42.099,4.017,0.350,1.335
230.447,101.090,-110.113,-51.000,-31.289,1.861,-42.863,3.971,0.350,1.291
230.452,104.000,-113.023,-51.000,-25.587,-2.663,-43.276,3.888,0.350,1.298
230.458,106.911,-116.129,-62.000,-18.081,-8.309,-41.266,3.750,0.350,1.361
230.463,108.635,-117.854,-62.000,-11.814,-15.954,-40.896,3.613,0.350,1.364
230.469,109.732,-118.951,-62.000,-5.866,-22.912,-43.069,3.468,0.350,1.387
230.474,110.829,-120.047,-64.000,-2.377,-28.274,-46.613,3.396,0.350,1.288
230.480,111.925,-121.144,-64.000,3.122,-31.734,-45.713,3.264,0.350,1.298
230.485,111.227,-120.445,-67.000,9.762,-36.095,-44.351,3.044,0.350,1.313
230.491,110.441,-119.660,-67.000,15.853,-41.175,-45.753,2.838,0.350,1.283
230.497,109.656,-118.875,-71.000,22.987,-47.412,-48.622,2.600,0.350,1.366
230.502,108.405,-117.623,-71.000,30.291,-53.133,-50.948,2.343,0.350,1.455
230.508,105.786,-114.809,-73.000,34.962,-56.844,-51.311,2.125,0.350,1.367
230.513,103.168,-112.191,-73.000,37.261,-58.468,-51.258,1.977,0.350,1.114
230.519,100.550,-109.379,-73.000,41.107,-61.182,-52.421,1.783,0.350,1.018
230.525,96.922,-105.751,-73.000,44.768,-62.468,-52.473,1.565,0.350,0.964
230.530,92.485,-100.930,-74.000,48.173,-67.490,-55.099,1.329,0.350,0.925
230.536,88.047,-96.493,-74.000,50.335,-69.822,-55.605,1.131,0.350,0.835
230.541,83.610,-92.056,-74.000,50.052,-69.821,-55.787,1.007,0.350,0.612
230.547,78.976,-87.421,-74.000,49.556,-71.092,-56.645,0.883,0.350,0.373
230.553,72.832,-80.531,-74.000,49.185,-70.198,-58.968,0.709,0.350,0.213
230.558,66.689,-74.387,-74.000,53.096,-71.303,-58.591,0.408,0.350,0.394
230.563,60.546,-68.244,-74.000,53.072,-67.735,-57.592,0.224,0.350,0.329
230.569,54.403,-62.101,-74.000,51.936,-64.741,-56.961,0.074,0.350,0.232
230.574,48.259,-55.958,-75.000,54.549,-64.942,-57.763,-0.189,0.349,0.366
230.579,41.011,-48.709,-75.000,52.054,-62.259,-58.088,-0.331,0.347,0.178
230.585,33.686,-41.384,-75.000,48.458,-59.279,-58.823,-0.443,0.344,-0.069
230.590,26.362,-34.060,-75.000,47.554,-59.055,-61.281,-0.636,0.338,-0.134
230.596,19.037,-26.552,-77.000,46.092,-57.817,-62.934,-0.812,0.331,-0.221
230.601,11.712,-19.228,-77.000,43.073,-55.857,-63.736,-0.941,0.323,-0.336
230.607,4.388,-11.903,-77.000,42.049,-53.126,-63.393,-1.130,0.313,-0.283
230.613,-2.951,-4.202,-80.000,39.598,-50.811,-63.639,-1.276,0.302,-0.302
230.618,-10.310,3.157,-80.000,34.435,-47.819,-63.058,-1.342,0.290,-0.486
230.624,-17.669,10.516,-80.000,28.846,-41.036,-63.293,-1.395,0.277,-0.648
230.630,-25.035,17.881,-82.000,22.193,-34.858,-64.055,-1.417,0.264,-0.875
230.635,-32.404,25.250,-84.000,16.054,-29.205,-65.605,-1.454,0.250,-1.034
230.641,-39.773,32.620,-84.000,11.138,-23.517,-67.111,-1.527,0.235,-1.112
230.646,-46.623,39.470,-85.000,5.535,-21.611,-68.103,-1.565,0.220,-1.204
230.652,-52.935,45.782,-85.000,0.316,-16.661,-69.323,-1.598,0.205,-1.195
230.658,-59.248,52.095,-85.000,-2.499,-17.238,-68.834,-1.702,0.190,-1.032
230.663,-65.561,58.407,-85.000,-6.306,-16.955,-68.679,-1.778,0.173,-0.909
230.669,-71.873,64.720,-85.000,-11.528,-15.697,-69.554,-1.810,0.157,-0.933
230.675,-77.702,70.728,-85.000,-23.161,-8.530,-72.346,-1.636,0.141,-1.332
230.680,-82.391,75.416,-87.000,-32.108,0.068,-74.087,-1.508,0.126,-1.516
230.686,-87.075,80.100,-87.000,-39.938,4.437,-74.604,-1.414,0.112,-1.620
230.692,-91.759,84.784,-87.000,-47.244,10.895,-74.383,-1.335,0.099,-1.675
230.697,-96.445,89.470,-86.000,-49.862,18.877,-73.181,-1.397,0.086,-1.429
230.703,-99.614,92.640,-86.000,-58.384,27.510,-72.780,-1.237,0.073,-1.538
230.709,-102.529,95.554,-87.000,-63.760,35.390,-71.354,-1.163,0.062,-1.442
230.714,-105.443,98.290,-86.000,-68.316,37.167,-71.721,-1.114,0.052,-1.318
230.720,-108.073,100.920,-86.000,-75.559,41.950,-73.681,-0.975,0.043,-1.358
230.725,-109.175,102.021,-86.000,-81.863,45.354,-74.760,-0.819,0.035,-1.350
230.731,-110.276,103.122,-78.000,-85.724,48.772,-74.552,-0.737,0.028,-1.215
230.737,-111.377,104.224,-78.000,-92.375,55.424,-75.185,-0.570,0.022,-1.296
230.742,-111.617,104.464,-48.000,-99.522,61.380,-76.102,-0.363,0.018,-1.401
230.748,-110.837,103.683,-48.000,-105.838,66.640,-74.574,-0.150,0.015,-1.438
230.754,-110.056,102.903,-38.000,-111.332,72.759,-69.928,0.038,0.014,-1.417
230.759,-109.275,102.301,-30.000,-116.208,76.202,-62.391,0.208,0.016,-1.358
230.765,-107.105,100.131,-30.000,-122.312,77.487,-56.389,0.456,0.019,-1.378
230.770,-104.491,97.694,-17.000,-127.566,84.507,-52.496,0.692,0.024,-1.351
230.776,-101.877,95.256,-2.000,-130.881,89.218,-48.915,0.870,0.032,-1.222
230.782,-99.157,92.536,-2.000,-133.227,87.363,-44.217,1.022,0.040,-1.087
230.787,-94.723,88.103,-2.000,-135.991,90.942,-41.336,1.238,0.051,-1.008
230.793,-90.438,83.844,0.000,-136.498,91.620,-37.840,1.382,0.063,-0.815
230.799,-86.302,80.601,0.000,-137.878,93.086,-35.605,1.547,0.078,-0.696
230.805,-81.868,76.167,0.000,-139.941,93.565,-32.085,1.742,0.096,-0.593
230.812,-81.021,74.139,0.000,-140.539,95.601,-28.262,1.786,0.116,-0.466
230.818,-74.880,67.998,0.000,-141.935,93.922,-24.613,2.012,0.137,-0.416
230.825,-71.349,62.608,0.000,-139.930,92.357,-24.658,2.057,0.159,-0.221
230.832,-65.208,56.467,0.000,-139.895,93.817,-25.696,2.241,0.183,-0.154
230.838,-62.431,50.476,0.000,-140.681,97.642,-24.217,2.348,0.208,-0.151
230.844,-56.201,43.815,0.000,-140.961,97.677,-21.723,2.543,0.234,-0.135
230.851,-49.099,36.494,0.000,-136.183,93.230,-17.243,2.613,0.262,0.120
230.857,-41.784,29.180,0.000,-134.738,88.035,-13.674,2.789,0.292,0.169
230.864,-34.470,21.866,0.000,-131.340,84.912,-14.199,2.906,0.323,0.314
230.870,-27.589,14.541,0.000,-128.599,81.906,-15.155,3.030,0.350,0.380
230.877,-20.717,7.217,0.000,-127.534,83.218,-15.725,3.204,0.350,0.314
230.883,-13.854,-0.107,0.000,-122.939,77.665,-14.496,3.273,0.350,0.428
230.890,-6.491,-7.471,0.000,-117.852,74.995,-10.161,3.341,0.350,0.578
230.896,0.878,-14.839,0.000,-114.802,67.029,-10.244,3.470,0.350,0.598
230.902,8.246,-22.207,0.000,-110.245,63.679,-10.925,3.555,0.350,0.698
230.909,15.614,-29.576,0.000,-105.300,58.761,-11.212,3.627,0.350,0.765
230.915,22.975,-36.937,0.000,-101.977,58.113,-11.168,3.749,0.350,0.719
230.922,30.340,-44.302,0.000,-94.551,52.680,-9.541,3.747,0.350,0.900
230.928,36.689,-50.650,0.000,-87.607,43.511,-6.833,3.729,0.350,1.032
230.935,43.008,-56.969,0.000,-85.555,34.939,-5.947,3.857,0.350,0.896
230.941,49.327,-63.288,0.000,-82.312,33.870,-7.115,3.949,0.350,0.846
230.947,55.646,-69.607,0.000,-77.570,30.018,-4.763,3.996,0.350,0.839
230.954,62.196,-75.926,0.000,-71.583,28.473,-4.548,4.013,0.350,0.895
230.960,67.222,-81.101,0.000,-64.664,22.480,-4.091,3.957,0.350,1.002
230.967,71.909,-85.788,0.000,-60.261,14.996,-7.549,3.965,0.350,0.973
230.974,76.825,-90.475,0.000,-58.173,15.366,-6.756,4.050,0.350,0.828
230.980,81.512,-95.162,0.000,-51.273,15.156,-5.839,3.984,0.350,0.939
230.987,85.799,-99.222,0.000,-44.146,8.274,-3.677,3.898,0.350,1.060
230.993,88.710,-102.132,0.000,-37.529,-0.023,-1.400,3.787,0.350,1.126
231.000,91.620,-105.042,0.000,-32.922,-4.806,-1.475,3.736,0.350,1.056
231.007,94.530,-107.953,0.000,-22.757,-11.885,0.017,3.519,0.350,1.273
231.013,96.703,-109.678,0.000,-17.739,-18.502,0.437,3.433,0.350,1.234
231.020,97.800,-110.775,0.000,-14.273,-23.801,-2.616,3.362,0.350,1.103
231.027,98.897,-111.871,0.000,-8.470,-27.157,-2.302,3.221,0.350,1.092
231.033,100.649,-112.968,0.000,0.162,-33.955,-1.084,3.015,0.350,1.230
231.040,100.796,-112.269,0.000,3.944,-43.490,-1.184,2.906,0.350,1.123
231.046,100.011,-111.484,0.000,7.116,-47.869,-3.571,2.787,0.350,0.993
231.053,101.588,-110.699,0.000,15.339,-50.892,-2.193,2.587,0.350,1.107
231.060,101.252,-109.448,0.000,22.466,-56.924,-0.710,2.364,0.350,1.180
231.066,98.633,-106.829,0.000,23.269,-60.752,-0.353,2.261,0.350,0.929
231.073,99.999,-105.264,0.000,26.084,-61.730,-2.442,2.217,0.350,0.820
231.080,97.381,-102.646,0.000,31.251,-65.254,-2.395,1.984,0.350,0.832
231.086,93.753,-99.018,0.000,36.679,-72.972,-2.040,1.712,0.350,0.902
231.093,91.890,-95.811,0.000,38.415,-78.002,-1.998,1.604,0.350,0.799
231.099,87.453,-91.373,0.000,37.340,-72.803,-0.440,1.503,0.350,0.555
231.105,83.462,-87.885,0.000,39.417,-73.620,-1.493,1.321,0.350,0.518
231.111,78.828,-83.251,0.000,41.787,-78.893,-2.210,1.111,0.350,0.514
231.116,72.834,-77.431,0.000,46.243,-82.088,-1.678,0.798,0.350,0.633
231.122,66.690,-71.288,0.000,47.094,-83.189,-2.345,0.588,0.350,0.525
231.127,60.547,-65.802,0.000,45.946,-79.097,-1.655,0.438,0.350,0.341
231.133,54.404,-59.658,0.000,45.863,-74.754,-1.058,0.256,0.350,0.263
231.138,48.260,-53.515,0.000,45.063,-70.209,-1.527,0.096,0.350,0.158
231.144,41.012,-46.266,0.000,44.119,-66.154,-0.180,-0.093,0.350,0.073
231.150,33.687,-38.942,0.000,44.157,-67.112,0.956,-0.314,0.348,0.075
231.155,26.363,-31.617,0.000,43.482,-63.879,0.895,-0.514,0.344,0.027
231.161,19.038,-24.293,0.000,41.353,-58.570,1.229,-0.669,0.338,-0.090
231.167,11.714,-16.968,0.000,39.310,-56.396,1.761,-0.828,0.331,-0.171
231.172,4.389,-9.644,0.000,36.984,-52.664,-0.008,-0.978,0.322,-0.257
231.178,-2.954,-2.301,0.000,34.928,-52.027,-0.496,-1.136,0.312,-0.301
231.183,-10.323,5.068,0.000,30.570,-50.519,-1.307,-1.227,0.301,-0.462
231.189,-17.692,12.270,0.000,25.066,-50.053,-0.641,-1.283,0.289,-0.641
231.195,-25.061,19.639,0.000,20.136,-43.824,1.005,-1.356,0.277,-0.755
231.200,-32.430,27.008,0.000,16.353,-38.466,2.349,-1.463,0.264,-0.772
231.206,-39.799,34.210,0.000,13.006,-31.198,3.249,-1.584,0.250,-0.757
231.211,-46.654,41.065,0.000,8.141,-27.455,2.991,-1.644,0.234,-0.836
231.217,-52.827,47.217,0.000,2.454,-22.772,3.670,-1.658,0.219,-0.949
231.222,-59.148,53.539,0.000,-3.677,-17.976,1.769,-1.664,0.204,-1.065
231.228,-65.470,59.173,0.000,-9.820,-15.154,1.302,-1.669,0.188,-1.157
231.234,-71.791,65.494,0.000,-16.136,-11.601,1.540,-1.670,0.172,-1.231
231.240,-77.457,71.133,0.000,-23.265,-6.508,0.643,-1.626,0.155,-1.310
231.246,-82.147,75.824,0.000,-30.142,-0.393,0.060,-1.560,0.139,-1.342
231.252,-86.689,80.161,0.000,-38.544,7.172,0.497,-1.444,0.124,-1.437
231.258,-91.379,84.851,0.000,-44.077,13.259,3.863,-1.419,0.109,-1.343
231.265,-96.070,89.542,0.000,-50.964,15.283,5.756,-1.353,0.094,-1.349
231.271,-99.212,92.684,0.000,-60.476,21.040,5.191,-1.162,0.081,-1.471
231.278,-102.127,95.599,0.000,-65.192,30.806,3.604,-1.108,0.069,-1.303
231.284,-105.041,98.513,0.000,-72.302,35.755,0.943,-0.982,0.058,-1.312
231.291,-107.644,101.116,0.000,-82.392,44.720,-3.052,-0.758,0.049,-1.469
231.297,-108.745,102.217,0.000,-89.574,56.892,-2.977,-0.575,0.042,-1.452
231.304,-109.697,103.318,0.000,-96.256,67.281,-1.479,-0.403,0.037,-1.434
231.310,-110.798,104.419,0.000,-103.169,73.649,1.705,-0.229,0.034,-1.453
231.316,-111.010,104.631,0.000,-108.761,77.164,4.109,-0.067,0.032,-1.396
231.323,-109.483,103.491,0.000,-113.534,81.230,4.271,0.122,0.033,-1.287
231.329,-108.251,102.711,0.000,-116.538,84.380,4.747,0.249,0.035,-1.106
231.336,-107.470,101.930,0.000,-119.027,83.849,3.314,0.347,0.038,-0.956
231.342,-105.272,99.732,0.000,-122.113,86.321,2.965,0.505,0.043,-0.864
231.349,-102.658,97.118,0.000,-129.315,90.888,1.496,0.800,0.050,-1.009
231.355,-98.977,94.504,0.000,-131.899,96.248,0.868,0.988,0.061,-0.887
231.362,-95.920,91.574,0.000,-131.329,97.438,2.392,1.062,0.072,-0.635
231.369,-91.486,87.141,0.000,-136.346,97.606,2.199,1.346,0.087,-0.690
231.375,-86.583,82.707,0.000,-136.728,100.551,0.835,1.504,0.103,-0.542
231.382,-82.150,78.090,0.000,-135.840,101.936,0.841,1.611,0.120,-0.384
231.388,-77.716,73.656,0.000,-133.466,101.910,1.965,1.672,0.137,-0.191
231.395,-72.200,68.140,0.000,-133.946,103.845,2.450,1.852,0.156,-0.146
231.401,-65.100,62.000,0.000,-133.866,97.676,1.650,2.063,0.177,-0.095
231.408,-58.797,55.674,0.000,-136.260,98.536,0.997,2.324,0.202,-0.186
231.414,-52.656,49.534,0.000,-133.062,103.342,-1.542,2.412,0.228,-0.019
231.421,-45.176,42.830,0.000,-129.849,105.592,0.795,2.540,0.256,0.116
231.428,-37.976,35.960,0.000,-129.429,101.980,2.484,2.744,0.286,0.121
231.435,-30.652,28.636,0.000,-127.292,98.557,4.414,2.899,0.318,0.189
231.441,-23.327,21.312,0.000,-121.359,98.639,4.060,2.941,0.350,0.415
231.448,-15.109,12.807,0.000,-112.605,92.444,4.806,2.925,0.350,0.744
231.455,-7.417,5.483,0.000,-108.534,88.353,3.164,3.034,0.350,0.781
231.461,-0.092,-1.841,0.000,-105.388,91.139,1.281,3.159,0.350,0.745
231.468,7.232,-9.166,0.000,-96.472,83.160,1.722,3.111,0.350,0.949
231.475,14.596,-16.530,0.000,-89.868,76.717,2.442,3.134,0.350,1.027
231.481,24.721,-26.237,0.000,-88.399,71.436,2.065,3.394,0.350,0.841
231.488,32.089,-33.605,0.000,-82.594,66.840,2.159,3.440,0.350,0.884
231.495,39.880,-42.357,0.000,-74.435,63.274,2.941,3.429,0.350,1.064
231.501,47.248,-49.725,0.000,-69.425,56.219,-1.136,3.500,0.350,1.054
231.508,54.617,-57.093,0.000,-64.510,54.318,1.098,3.574,0.350,1.025
231.514,60.944,-63.421,0.000,-54.405,51.675,1.393,3.460,0.350,1.243
231.521,70.220,-69.979,0.000,-46.711,41.870,1.463,3.508,0.350,1.306
231.528,78.297,-76.782,0.000,-39.510,34.537,0.121,3.534,0.350,1.329
231.534,84.616,-83.101,0.000,-29.729,29.098,0.582,3.430,0.350,1.424
231.541,92.270,-90.676,0.000,-18.313,19.897,3.049,3.318,0.350,1.604
231.548,97.817,-95.928,0.000,-8.922,11.343,2.833,3.202,0.350,1.684
231.554,102.504,-100.615,0.000,-2.849,8.028,1.662,3.161,0.350,1.545
231.561,110.453,-105.302,0.000,8.637,0.669,-0.428,3.054,0.350,1.698
231.568,115.140,-109.989,0.000,16.555,-6.374,-2.067,2.958,0.350,1.652
231.574,120.775,-114.806,0.000,24.680,-11.306,-2.156,2.883,0.350,1.635
231.581,123.686,-117.717,0.000,32.023,-14.572,-0.560,2.750,0.350,1.544
231.588,126.596,-120.627,0.000,40.704,-22.772,0.638,2.577,0.350,1.563
231.594,129.506,-123.537,0.000,49.639,-34.883,0.553,2.396,0.350,1.611
231.601,132.893,-125.496,0.000,53.574,-42.538,-0.201,2.380,0.350,1.396
231.608,133.990,-126.593,0.000,64.184,-48.315,0.691,2.094,0.350,1.528
231.614,135.087,-127.690,0.000,71.873,-56.382,1.098,1.896,0.350,1.495
231.621,137.973,-128.786,0.000,77.753,-62.997,0.488,1.807,0.350,1.418
231.628,137.237,-127.781,0.000,81.918,-63.458,-0.823,1.660,0.350,1.243
231.634,136.452,-126.995,0.000,85.454,-64.521,-0.591,1.530,0.350,1.083
231.641,135.667,-126.210,0.000,96.267,-67.550,3.533,1.182,0.350,1.321
231.648,136.264,-124.922,0.000,97.272,-73.560,1.722,1.170,0.350,1.058
231.654,133.646,-122.304,0.000,102.500,-78.566,0.077,0.934,0.350,1.044
231.661,131.028,-119.686,0.000,104.851,-80.838,-2.835,0.785,0.350,0.879
231.668,130.395,-118.164,0.000,112.605,-81.924,0.096,0.534,0.350,1.023
231.674,126.731,-114.500,0.000,117.183,-84.468,0.585,0.286,0.350,1.022
231.680,122.294,-110.063,0.000,120.055,-87.042,0.791,0.067,0.350,0.938
231.686,119.098,-105.907,0.000,121.129,-88.147,1.656,-0.061,0.350,0.761
231.693,115.084,-101.754,0.000,123.843,-88.721,2.069,-0.263,0.347,0.680
231.700,110.416,-97.086,0.000,127.465,-89.916,-0.157,-0.511,0.342,0.677
231.706,104.272,-90.943,0.000,127.833,-90.595,-0.587,-0.707,0.335,0.512
231.713,98.987,-85.377,0.000,130.341,-92.072,0.829,-0.941,0.325,0.503
231.720,92.844,-79.233,0.000,127.923,-89.523,0.792,-1.052,0.314,0.266
231.726,86.701,-73.090,0.000,127.537,-86.059,0.133,-1.225,0.302,0.192
231.733,82.327,-67.240,0.000,126.445,-82.357,-1.562,-1.324,0.288,0.078
231.739,75.509,-59.968,0.000,126.268,-78.136,-2.756,-1.523,0.272,0.049
231.746,68.184,-52.643,0.000,123.182,-77.733,-1.763,-1.650,0.253,-0.123
231.753,62.256,-45.622,0.000,121.921,-80.631,-0.260,-1.790,0.234,-0.129
231.760,55.888,-38.008,0.000,117.693,-78.607,0.465,-1.854,0.214,-0.299
231.766,48.564,-30.684,0.000,116.515,-76.761,-0.098,-2.039,0.192,-0.266
231.773,41.239,-23.359,0.000,111.986,-72.026,0.839,-2.122,0.169,-0.405
231.779,36.863,-16.312,0.000,105.214,-68.805,0.039,-2.051,0.146,-0.631
231.786,30.523,-8.943,0.000,103.345,-66.512,-0.957,-2.185,0.122,-0.561
231.793,23.154,-1.574,0.000,96.885,-62.238,-1.670,-2.212,0.098,-0.734
231.800,15.784,5.795,0.000,94.259,-59.901,-0.990,-2.354,0.072,-0.691
231.806,11.079,12.865,0.000,90.338,-51.384,-1.602,-2.378,0.045,-0.691
231.813,3.710,20.234,0.000,82.895,-48.676,-0.894,-2.376,0.018,-0.872
231.820,-3.126,27.071,0.000,79.536,-45.302,0.427,-2.480,-0.009,-0.796
231.826,-9.448,33.392,0.000,71.391,-40.591,0.872,-2.425,-0.036,-0.971
231.833,-12.971,39.713,0.000,65.798,-33.484,-1.356,-2.363,-0.063,-0.997
231.840,-19.292,46.035,0.000,60.870,-23.679,-3.590,-2.405,-0.089,-0.975
231.847,-25.614,52.356,0.000,52.173,-17.093,-1.271,-2.334,-0.116,-1.147
231.853,-29.653,58.141,0.000,45.961,-8.638,-0.026,-2.268,-0.142,-1.155
231.860,-33.751,62.529,0.000,39.987,-6.111,-0.008,-2.212,-0.167,-1.136
231.867,-38.441,67.219,0.000,33.514,-0.810,-1.705,-2.159,-0.191,-1.152
231.874,-43.132,71.604,0.000,26.915,8.078,-2.475,-2.101,-0.215,-1.160
231.880,-47.822,76.295,0.000,17.752,17.671,-4.261,-1.967,-0.237,-1.285
231.887,-49.729,79.711,0.000,13.768,23.425,-2.639,-1.905,-0.259,-1.163
231.894,-52.644,82.626,0.000,6.369,28.994,-2.151,-1.770,-0.279,-1.223
231.900,-55.558,85.234,0.000,2.636,34.830,-3.656,-1.746,-0.298,-1.086
231.907,-58.128,88.110,0.000,-5.788,38.896,-4.128,-1.570,-0.317,-1.180
231.914,-59.834,89.211,0.000,-11.648,44.989,-4.452,-1.446,-0.334,-1.170
231.921,-60.935,90.006,0.000,-17.056,49.926,-4.032,-1.316,-0.349,-1.132
231.928,-62.036,91.108,0.000,-23.840,58.076,-4.982,-1.146,-0.350,-1.163
231.934,-62.214,91.286,0.000,-29.404,65.581,-4.768,-0.984,-0.350,-1.125
231.941,-61.434,90.812,0.000,-35.879,66.914,-2.716,-0.767,-0.350,-1.156
231.948,-60.655,90.032,0.000,-38.661,67.804,-4.135,-0.660,-0.350,-1.002
231.955,-60.473,88.946,0.000,-46.013,77.480,-5.571,-0.434,-0.350,-1.086
231.961,-57.650,86.412,0.000,-51.511,84.244,-5.463,-0.184,-0.350,-1.079
231.968,-55.036,83.798,0.000,-54.090,85.552,-3.258,-0.028,-0.350,-0.945
231.975,-53.020,81.184,0.000,-56.237,83.203,-3.391,0.096,-0.349,-0.796
231.981,-50.246,78.409,0.000,-59.253,87.066,-6.354,0.270,-0.346,-0.730
231.988,-45.812,73.976,0.000,-63.159,89.540,-5.439,0.520,-0.342,-0.758
231.995,-41.378,69.542,0.000,-61.890,90.386,-3.564,0.615,-0.336,-0.523
232.001,-36.945,64.796,0.000,-61.167,90.373,-3.769,0.727,-0.327,-0.330
232.008,-32.511,60.362,0.000,-66.184,89.384,-4.323,1.010,-0.317,-0.474
232.015,-26.970,54.821,0.000,-63.398,90.201,-4.825,1.093,-0.305,-0.243
232.022,-20.829,48.680,0.000,-61.769,93.642,-5.981,1.228,-0.292,-0.109
232.028,-14.688,42.540,0.000,-62.650,92.225,-5.585,1.439,-0.276,-0.102
232.035,-8.547,36.399,0.000,-63.650,87.739,-6.185,1.653,-0.259,-0.131
232.042,-2.407,30.258,0.000,-60.421,89.019,-6.314,1.740,-0.240,0.030
232.049,4.290,23.562,0.000,-53.902,93.182,-7.248,1.746,-0.221,0.304
232.055,11.614,16.237,0.000,-54.007,88.520,-5.982,1.969,-0.199,0.239
232.062,19.537,8.913,0.000,-48.300,82.746,-5.705,2.035,-0.176,0.450
232.069,26.862,1.589,0.000,-45.116,89.106,-6.323,2.159,-0.153,0.479
232.076,34.186,-5.736,0.000,-40.340,90.106,-6.930,2.236,-0.128,0.591
232.082,41.510,-13.060,0.000,-34.442,84.627,-5.711,2.279,-0.102,0.717
232.089,48.835,-20.384,0.000,-33.060,82.024,-5.059,2.457,-0.076,0.600
232.096,56.200,-27.749,0.000,-25.414,81.715,-5.728,2.448,-0.049,0.789
232.103,63.568,-35.117,0.000,-17.148,74.023,-5.045,2.421,-0.021,0.980
232.109,70.936,-42.801,0.000,-9.176,64.973,-6.339,2.403,0.006,1.130
232.116,78.304,-50.169,0.000,-6.403,63.746,-6.209,2.541,0.033,0.969
232.122,85.672,-57.538,0.000,2.848,55.546,-7.102,2.485,0.061,1.182
232.129,93.034,-64.899,0.000,10.106,49.109,-8.370,2.488,0.089,1.250
232.136,99.353,-71.218,0.000,13.163,44.579,-9.109,2.586,0.117,1.088
232.142,105.672,-77.537,0.000,23.813,37.769,-6.473,2.456,0.144,1.303
232.149,111.991,-83.856,0.000,32.326,30.580,-5.852,2.390,0.172,1.396
232.156,118.310,-90.175,0.000,32.641,23.785,-4.246,2.570,0.199,1.060
232.162,124.629,-96.494,0.000,42.147,18.417,-4.769,2.474,0.227,1.225
232.169,129.598,-101.463,0.000,51.485,12.602,-4.831,2.343,0.254,1.372
232.176,134.285,-106.150,0.000,56.902,7.987,-5.533,2.321,0.280,1.313
232.182,138.972,-110.837,0.000,63.465,1.355,-5.096,2.265,0.305,1.265
232.189,143.659,-115.524,0.000,73.243,-4.163,-6.353,2.112,0.328,1.391
232.195,147.657,-119.522,0.000,77.972,-12.403,-6.081,2.091,0.350,1.282
232.202,150.567,-122.433,0.000,81.414,-17.369,-6.302,2.075,0.350,1.109
232.209,152.879,-125.027,0.000,90.178,-21.432,-5.538,1.881,0.350,1.202
232.215,155.789,-127.938,0.000,100.585,-30.258,-3.067,1.656,0.350,1.414
232.222,157.452,-129.600,0.000,104.568,-37.236,-2.119,1.587,0.350,1.269
232.229,158.548,-131.012,0.000,108.805,-40.388,-2.533,1.492,0.350,1.134
232.235,159.643,-131.791,0.000,117.007,-48.172,-2.162,1.279,0.350,1.233
232.242,160.738,-132.887,0.000,125.780,-59.978,-2.796,1.049,0.350,1.366
232.249,159.982,-132.130,0.000,127.317,-56.593,-5.144,0.980,0.350,1.115
232.256,159.196,-131.661,0.000,131.350,-53.683,-4.317,0.835,0.350,1.012
232.262,158.411,-130.875,0.000,137.120,-60.708,-2.672,0.639,0.350,1.029
232.269,157.105,-129.569,0.000,139.818,-66.551,-2.009,0.519,0.350,0.908
232.276,154.487,-126.951,0.000,139.923,-67.031,-4.762,0.437,0.350,0.690
232.282,151.868,-124.333,0.000,144.733,-68.977,-3.858,0.214,0.350,0.743
232.289,149.250,-121.714,0.000,145.944,-75.672,-0.980,0.099,0.350,0.610
232.296,145.568,-118.032,0.000,148.433,-77.611,-0.860,-0.086,0.350,0.578
232.302,141.131,-113.595,0.000,149.722,-74.810,-0.481,-0.258,0.347,0.489
232.309,136.100,-109.158,0.000,152.583,-76.386,0.464,-0.494,0.343,0.517
232.316,132.256,-104.720,0.000,151.211,-80.002,0.487,-0.569,0.337,0.326
232.322,127.571,-100.035,0.000,151.009,-81.287,-0.066,-0.703,0.329,0.221
232.329,120.835,-93.892,0.000,150.956,-82.940,1.582,-0.904,0.320,0.152
232.336,114.694,-87.752,0.000,152.644,-85.652,3.223,-1.138,0.309,0.218
232.343,108.560,-81.617,0.000,149.020,-84.929,-0.797,-1.214,0.296,0.028
232.349,102.425,-75.482,0.000,144.467,-80.440,-0.100,-1.261,0.281,-0.220
232.356,96.290,-69.348,0.000,146.307,-85.690,2.497,-1.500,0.265,-0.098
232.363,88.428,-61.757,0.000,146.626,-92.563,3.709,-1.746,0.247,-0.044
232.369,81.103,-54.432,0.000,141.023,-81.845,0.874,-1.798,0.227,-0.292
232.376,72.050,-47.108,0.000,138.685,-74.013,2.628,-1.999,0.206,-0.343
232.383,63.047,-40.099,0.000,135.080,-73.410,3.899,-2.161,0.182,-0.420
232.390,55.174,-32.774,0.000,131.476,-78.359,5.905,-2.289,0.157,-0.478
232.396,47.849,-25.450,0.000,125.848,-72.929,3.584,-2.340,0.131,-0.629
232.403,36.812,-18.106,0.000,123.664,-62.880,1.563,-2.606,0.102,-0.587
232.410,26.958,-10.737,0.000,118.672,-61.043,2.973,-2.751,0.072,-0.652
232.416,19.589,-3.368,0.000,110.669,-54.630,2.663,-2.732,0.042,-0.857
232.423,12.220,4.001,0.000,105.975,-51.504,4.151,-2.813,0.011,-0.880
232.430,0.242,11.370,0.000,100.640,-45.201,5.556,-3.012,-0.021,-0.919
232.436,-7.127,18.739,0.000,93.985,-42.258,7.070,-3.033,-0.055,-0.982
232.443,-13.957,25.569,0.000,85.309,-36.998,7.771,-2.978,-0.088,-1.139
232.450,-20.278,31.890,0.000,78.926,-32.914,7.065,-2.976,-0.122,-1.166
232.456,-28.316,37.245,0.000,71.820,-25.306,7.298,-3.004,-0.155,-1.222
232.463,-34.637,43.566,0.000,64.608,-20.457,7.765,-2.977,-0.188,-1.256
232.470,-40.958,49.888,0.000,56.523,-20.608,8.839,-2.924,-0.220,-1.316
232.476,-46.732,55.661,0.000,45.807,-14.074,8.460,-2.776,-0.252,-1.489
232.483,-55.035,59.354,0.000,36.839,-6.912,6.314,-2.756,-0.283,-1.563
232.490,-60.106,64.045,0.000,29.937,-2.307,9.735,-2.701,-0.313,-1.478
232.496,-64.797,68.735,0.000,17.706,0.910,9.736,-2.475,-0.342,-1.666
232.503,-69.487,73.426,0.000,8.323,10.915,9.396,-2.334,-0.350,-1.717
232.510,-74.067,75.837,0.000,4.051,17.040,10.587,-2.344,-0.350,-1.494
232.517,-77.699,79.433,0.000,-8.117,18.936,9.910,-2.087,-0.350,-1.661
232.523,-80.614,82.348,0.000,-20.348,23.549,9.265,-1.808,-0.350,-1.812
232.530,-84.909,84.909,0.000,-28.310,29.332,10.170,-1.698,-0.350,-1.763
232.537,-86.346,86.010,0.000,-35.139,31.234,10.278,-1.536,-0.350,-1.624
232.544,-87.447,87.111,0.000,-43.829,35.673,8.712,-1.309,-0.350,-1.614
232.550,-88.548,88.212,0.000,-50.354,41.622,9.423,-1.146,-0.350,-1.536
232.557,-89.378,87.698,0.000,-57.877,48.463,9.773,-0.945,-0.350,-1.507
232.564,-88.923,86.570,0.000,-62.768,48.238,11.401,-0.785,-0.350,-1.349
232.570,-88.142,85.790,0.000,-73.586,53.449,8.580,-0.437,-0.350,-1.530
232.577,-88.319,83.947,0.000,-75.921,57.169,9.419,-0.372,-0.350,-1.273
232.584,-86.084,81.713,0.000,-82.904,57.011,8.173,-0.095,-0.350,-1.262
232.590,-85.298,78.739,0.000,-86.663,60.656,8.323,0.041,-0.350,-1.115
232.597,-82.684,76.125,0.000,-89.167,64.848,10.303,0.194,-0.348,-0.954
232.604,-79.900,73.342,0.000,-90.538,65.784,13.446,0.319,-0.345,-0.778
232.611,-75.467,68.908,0.000,-97.876,70.108,11.315,0.672,-0.339,-0.928
232.617,-73.565,64.109,0.000,-96.331,68.614,11.937,0.683,-0.332,-0.642
232.624,-69.131,59.675,0.000,-97.130,64.513,10.275,0.840,-0.323,-0.514
232.631,-64.698,55.241,0.000,-104.671,70.514,9.721,1.199,-0.311,-0.723
232.638,-61.455,49.692,0.000,-103.434,71.335,9.492,1.259,-0.296,-0.479
232.644,-56.277,43.554,0.000,-105.886,72.250,10.513,1.488,-0.280,-0.465
232.651,-50.145,37.422,0.000,-109.112,80.147,9.515,1.769,-0.262,-0.508
232.657,-46.457,31.281,0.000,-107.448,73.744,9.073,1.830,-0.243,-0.319
232.663,-40.317,25.140,0.000,-108.911,69.880,7.545,2.058,-0.223,-0.310
232.669,-33.617,18.440,0.000,-112.045,69.289,9.285,2.353,-0.200,-0.401
232.676,-27.923,10.747,0.000,-111.565,69.300,8.165,2.509,-0.176,-0.323
232.682,-20.599,3.422,0.000,-104.901,60.659,9.246,2.529,-0.147,0.064
232.689,-13.274,-3.902,0.000,-106.749,62.786,10.327,2.804,-0.116,-0.021
232.696,-6.340,-11.226,0.000,-97.440,57.308,10.501,2.733,-0.086,0.404
232.702,0.985,-18.551,0.000,-94.766,54.211,7.809,2.873,-0.055,0.435
232.709,8.309,-25.875,0.000,-90.341,52.203,10.513,2.959,-0.023,0.515
232.716,15.674,-33.240,0.000,-87.109,42.074,8.726,3.083,0.011,0.528
232.722,23.042,-40.608,0.000,-85.225,37.573,9.069,3.248,0.046,0.500
232.729,30.218,-47.977,0.000,-75.282,29.968,8.365,3.165,0.082,0.814
232.736,37.586,-55.345,0.000,-74.061,31.588,5.579,3.349,0.119,0.698
232.742,44.954,-62.713,0.000,-71.675,32.111,10.337,3.499,0.157,0.656
232.749,52.313,-70.071,0.000,-66.884,25.715,8.003,3.576,0.196,0.728
232.756,58.632,-76.390,0.000,-65.395,22.714,8.056,3.721,0.237,0.616
232.762,64.951,-82.709,0.000,-55.637,10.672,8.421,3.618,0.277,0.908
232.769,71.270,-89.028,0.000,-47.276,3.522,4.097,3.556,0.316,1.084
232.776,77.589,-95.347,0.000,-41.437,0.080,6.926,3.571,0.350,1.061
232.782,83.908,-101.666,0.000,-37.282,-5.026,6.410,3.636,0.350,1.000
232.789,88.872,-106.630,0.000,-35.586,-4.485,9.824,3.734,0.350,0.834
232.795,92.437,-110.583,0.000,-25.872,-14.587,11.744,3.549,0.350,1.086
232.802,97.124,-115.270,0.000,-19.229,-20.810,10.257,3.491,0.350,1.150
232.809,101.811,-119.957,0.000,-7.295,-28.800,9.313,3.273,0.350,1.413
232.815,105.804,-123.949,0.000,0.339,-35.635,4.249,3.164,0.350,1.424
232.822,108.714,-126.860,0.000,6.897,-39.767,8.560,3.055,0.350,1.367
232.829,111.443,-130.135,0.000,11.040,-45.759,5.819,3.012,0.350,1.224
232.835,114.353,-133.046,0.000,14.655,-47.666,7.200,2.991,0.350,1.089
232.842,116.010,-135.072,0.000,23.518,-55.651,7.629,2.775,0.350,1.233
232.849,117.107,-136.168,0.000,27.431,-61.868,8.041,2.690,0.350,1.122
232.855,118.023,-138.015,0.000,33.757,-63.379,11.201,2.528,0.350,1.137
232.862,119.300,-139.112,0.000,38.220,-73.441,8.265,2.432,0.350,1.070
232.869,118.531,-138.342,0.000,42.411,-74.135,8.595,2.284,0.350,1.006
232.875,117.745,-139.105,0.000,52.466,-82.598,8.420,1.958,0.350,1.207
232.882,116.960,-138.320,0.000,61.274,-87.835,8.102,1.671,0.350,1.349
232.889,115.640,-137.798,0.000,68.583,-93.867,8.774,1.412,0.350,1.343
232.895,113.021,-135.179,0.000,75.154,-102.442,4.825,1.136,0.350,1.325
232.902,110.403,-132.561,0.000,77.239,-102.312,5.896,0.995,0.350,1.101
232.908,107.787,-130.351,0.000,81.102,-105.410,6.832,0.801,0.350,1.009
232.914,104.099,-126.663,0.000,85.237,-109.924,8.415,0.566,0.350,0.973
232.921,99.668,-122.231,0.000,87.181,-111.841,8.572,0.375,0.350,0.833
232.927,95.237,-117.800,0.000,88.975,-111.073,8.145,0.188,0.350,0.681
232.933,90.806,-113.369,0.000,94.647,-111.599,10.326,-0.115,0.349,0.767
232.939,86.121,-113.430,0.000,98.174,-118.073,9.397,-0.362,0.347,0.746
232.946,79.978,-107.287,0.000,96.605,-116.226,6.805,-0.499,0.342,0.499
232.952,73.835,-101.144,0.000,99.781,-113.950,5.619,-0.778,0.334,0.510
232.959,67.692,-95.001,0.000,101.511,-113.930,6.530,-1.015,0.324,0.470
232.966,61.548,-92.658,0.000,99.425,-111.861,5.987,-1.136,0.312,0.261
232.972,55.405,-86.515,0.000,99.060,-108.920,7.703,-1.310,0.297,0.143
232.979,48.120,-79.230,0.000,99.956,-112.539,9.385,-1.555,0.281,0.155
232.986,40.796,-76.023,0.000,95.151,-111.893,5.574,-1.631,0.263,-0.105
232.992,33.471,-68.165,0.000,91.345,-107.224,5.254,-1.736,0.244,-0.250
232.999,26.147,-60.841,0.000,90.327,-103.899,7.664,-1.925,0.224,-0.250
233.006,18.822,-55.131,0.000,86.504,-104.218,8.605,-2.030,0.202,-0.354
233.012,11.498,-47.806,0.000,81.074,-102.225,9.484,-2.087,0.179,-0.531
233.019,4.164,-39.391,0.000,77.939,-98.674,7.871,-2.213,0.154,-0.564
233.026,-3.195,-32.032,0.000,73.383,-98.641,8.660,-2.297,0.129,-0.629
233.032,-10.561,-24.134,0.000,67.279,-96.733,6.169,-2.335,0.104,-0.737
233.039,-17.930,-16.765,0.000,56.561,-86.957,4.354,-2.235,0.079,-1.037
233.046,-25.299,-9.395,0.000,48.132,-77.093,3.110,-2.203,0.054,-1.191
233.052,-32.668,-2.026,0.000,42.682,-77.484,5.548,-2.260,0.029,-1.151
233.059,-39.494,4.800,0.000,33.519,-76.698,4.072,-2.190,0.005,-1.276
233.066,-45.816,11.122,0.000,24.702,-70.711,4.749,-2.116,-0.020,-1.399
233.073,-52.137,17.443,0.000,20.745,-63.975,6.306,-2.186,-0.044,-1.253
233.079,-58.459,23.764,0.000,15.430,-59.454,5.451,-2.217,-0.068,-1.166
233.086,-64.780,30.086,0.000,6.522,-54.306,6.797,-2.139,-0.092,-1.286
233.093,-70.549,35.855,0.000,-1.481,-47.262,6.630,-2.072,-0.116,-1.355
233.099,-75.240,40.546,0.000,-7.933,-39.033,6.471,-2.019,-0.139,-1.339
233.106,-79.930,45.764,0.000,-16.304,-36.127,6.935,-1.909,-0.160,-1.385
233.113,-84.621,50.454,0.000,-25.328,-31.709,4.082,-1.779,-0.181,-1.442
233.120,-89.311,55.145,0.000,-35.332,-17.700,3.864,-1.619,-0.200,-1.563
233.126,-92.405,58.238,0.000,-43.643,-7.135,4.036,-1.463,-0.217,-1.599
233.133,-95.320,61.153,0.000,-46.954,-3.865,7.024,-1.451,-0.233,-1.357
233.140,-98.234,64.067,0.000,-60.423,-1.230,3.865,-1.134,-0.247,-1.628
233.146,-100.787,66.620,0.000,-70.048,7.722,1.107,-0.922,-0.258,-1.677
233.153,-101.888,67.721,0.000,-74.358,11.093,5.254,-0.826,-0.268,-1.458
233.160,-103.169,68.822,0.000,-82.094,12.716,6.457,-0.632,-0.275,-1.453
233.166,-104.271,69.924,0.000,-91.604,17.487,4.492,-0.380,-0.281,-1.535
233.173,-104.431,70.084,0.000,-93.768,22.176,4.135,-0.320,-0.285,-1.279
233.180,-103.650,69.303,0.000,-95.065,23.386,4.103,-0.258,-0.287,-0.996
233.186,-102.869,68.522,0.000,-105.209,30.287,3.447,0.070,-0.287,-1.198
233.193,-102.089,67.742,0.000,-112.768,38.511,4.205,0.320,-0.285,-1.270
233.200,-99.840,65.493,0.000,-115.001,38.135,5.386,0.455,-0.281,-1.083
233.207,-97.226,62.879,0.000,-118.703,36.301,3.338,0.644,-0.274,-0.959
233.213,-94.969,60.265,0.000,-125.928,43.571,2.121,0.929,-0.265,-1.054
233.220,-92.171,57.468,0.000,-123.022,46.265,4.402,0.926,-0.254,-0.669
233.227,-87.737,53.034,0.000,-124.802,47.178,3.873,1.112,-0.242,-0.574
233.234,-83.303,48.600,0.000,-128.950,47.459,4.345,1.369,-0.228,-0.618
233.240,-78.870,44.166,0.000,-131.681,52.401,4.714,1.584,-0.212,-0.619
233.247,-74.961,41.791,0.000,-128.639,52.024,5.062,1.610,-0.194,-0.314
233.254,-69.398,36.228,0.000,-133.268,55.625,4.785,1.916,-0.173,-0.428
233.261,-64.108,32.065,0.000,-128.328,52.237,7.989,1.927,-0.151,-0.126
233.267,-57.967,25.924,0.000,-126.937,48.145,5.888,2.069,-0.129,-0.029
233.274,-51.826,19.784,0.000,-129.662,54.157,6.719,2.335,-0.103,-0.148
233.281,-45.685,13.643,0.000,-127.947,59.011,4.948,2.468,-0.077,-0.038
233.287,-39.798,4.447,0.000,-125.732,56.508,4.816,2.578,-0.048,0.086
233.294,-32.797,-2.878,0.000,-127.639,58.810,3.578,2.845,-0.018,-0.039
233.301,-25.472,-10.202,0.000,-122.017,54.924,3.288,2.896,0.015,0.243
233.308,-18.626,-14.559,0.000,-121.406,48.346,1.743,3.083,0.049,0.231
233.314,-11.460,-22.366,0.000,-114.976,48.259,3.661,3.105,0.084,0.464
233.321,-4.135,-29.690,0.000,-112.848,42.264,4.096,3.261,0.119,0.456
233.327,3.189,-37.014,0.000,-111.409,42.039,4.617,3.438,0.155,0.419
233.334,10.555,-44.380,0.000,-105.095,38.054,5.361,3.469,0.191,0.587
233.340,17.923,-51.748,0.000,-101.238,31.531,4.429,3.575,0.229,0.641
233.346,25.291,-59.116,0.000,-98.814,27.532,4.598,3.723,0.269,0.614
233.353,31.881,-66.002,0.000,-89.766,24.238,5.129,3.649,0.308,0.906
233.360,38.942,-73.371,0.000,-83.424,18.105,2.583,3.671,0.349,0.984
233.366,46.290,-80.719,0.000,-81.821,20.202,5.284,3.843,0.350,0.806
233.373,52.609,-87.038,0.000,-72.955,9.762,5.079,3.767,0.350,1.011
233.379,58.775,-91.017,0.000,-63.341,4.262,3.962,3.663,0.350,1.279
233.385,65.094,-98.726,0.000,-59.024,0.391,7.456,3.724,0.350,1.170
233.391,71.413,-105.045,0.000,-49.292,-7.850,8.194,3.621,0.350,1.375
233.397,77.732,-111.364,0.000,-43.601,-14.238,4.480,3.640,0.350,1.346
233.403,82.680,-115.381,0.000,-40.588,-17.943,2.196,3.698,0.350,1.188
233.409,87.367,-119.610,0.000,-31.585,-23.655,5.048,3.569,0.350,1.343
233.416,92.054,-124.297,0.000,-24.045,-32.125,3.284,3.483,0.350,1.408
233.422,96.741,-129.442,0.000,-16.995,-35.079,5.263,3.412,0.350,1.444
233.428,100.717,-133.418,0.000,-11.711,-34.730,7.702,3.373,0.350,1.335
233.434,103.627,-136.328,0.000,-2.461,-42.864,8.527,3.183,0.350,1.469
233.440,106.537,-139.238,0.000,2.771,-49.764,7.306,3.113,0.350,1.376
233.446,109.448,-142.149,0.000,5.611,-50.633,6.716,3.115,0.350,1.177
233.452,111.087,-143.788,0.000,14.747,-55.678,6.679,2.890,0.350,1.325
233.458,112.184,-144.885,0.000,22.731,-66.756,4.516,2.684,0.350,1.413
233.465,113.433,-145.523,0.000,25.737,-70.738,2.451,2.631,0.350,1.199
233.471,114.527,-146.617,0.000,32.919,-73.593,5.325,2.448,0.350,1.230
233.478,113.742,-145.832,0.000,37.324,-76.631,5.062,2.293,0.350,1.134
233.485,112.957,-144.593,0.000,37.628,-75.686,7.810,2.260,0.350,0.868
233.491,112.172,-143.808,0.000,45.714,-86.055,6.552,1.994,0.350,1.043
233.498,110.834,-142.470,0.000,47.678,-90.130,6.056,1.895,0.350,0.890
233.505,108.216,-138.958,0.000,53.368,-92.596,6.001,1.645,0.350,0.921
233.511,105.597,-136.784,0.000,57.278,-96.446,4.377,1.450,0.350,0.896
233.518,102.979,-134.166,0.000,58.697,-96.025,6.164,1.328,0.350,0.733
233.524,99.266,-130.901,0.000,64.706,-99.283,6.723,1.037,0.350,0.817
233.531,94.828,-126.464,0.000,71.114,-106.133,5.206,0.711,0.350,0.919
233.538,90.391,-122.027,0.000,70.212,-105.014,4.407,0.605,0.350,0.634
233.545,85.953,-117.589,0.000,76.661,-112.645,5.669,0.279,0.350,0.788
233.551,81.239,-112.875,0.000,74.865,-111.650,5.536,0.191,0.350,0.531
233.558,75.095,-106.731,0.000,77.598,-107.543,7.027,-0.075,0.350,0.501
233.565,68.952,-100.588,0.000,79.297,-108.553,9.090,-0.310,0.347,0.452
233.571,62.809,-94.445,0.000,78.862,-110.021,6.237,-0.482,0.343,0.343
233.578,56.666,-88.302,0.000,77.531,-108.364,4.641,-0.626,0.336,0.175
233.584,50.522,-82.158,0.000,78.314,-112.713,4.732,-0.834,0.327,0.170
233.591,43.218,-74.404,0.000,75.322,-104.426,4.987,-0.963,0.317,0.003
233.598,35.893,-67.080,0.000,68.977,-94.902,7.029,-0.993,0.306,-0.299
233.605,28.722,-59.755,0.000,68.831,-93.732,7.354,-1.203,0.293,-0.242
233.611,21.398,-52.431,0.000,64.737,-94.466,5.344,-1.300,0.280,-0.357
233.618,14.073,-45.106,0.000,58.450,-92.332,2.986,-1.331,0.265,-0.573
233.625,6.903,-34.763,0.000,55.623,-89.800,2.844,-1.462,0.249,-0.574
233.631,-0.442,-29.992,0.000,50.093,-84.967,5.388,-1.516,0.233,-0.682
233.638,-7.811,-22.623,0.000,42.632,-77.781,5.246,-1.513,0.216,-0.851
233.645,-15.181,-15.254,0.000,38.431,-74.763,5.139,-1.608,0.198,-0.862
233.651,-22.550,-7.885,0.000,36.238,-73.434,6.713,-1.764,0.179,-0.745
233.658,-29.609,3.287,0.000,29.257,-73.267,6.062,-1.766,0.159,-0.861
233.665,-36.351,11.058,0.000,21.875,-61.756,7.797,-1.747,0.140,-0.984
233.672,-43.157,17.863,0.000,13.889,-51.176,6.720,-1.711,0.120,-1.130
233.678,-49.478,24.185,0.000,11.204,-49.862,6.786,-1.820,0.101,-0.964
233.685,-54.007,27.609,0.000,2.422,-46.898,5.485,-1.693,0.081,-1.131
233.692,-60.159,33.930,0.000,-1.958,-39.308,6.305,-1.746,0.061,-1.090
233.698,-66.481,40.251,0.000,-5.349,-37.323,7.064,-1.834,0.041,-0.979
233.705,-72.218,45.988,0.000,-10.197,-35.066,5.255,-1.861,0.021,-0.936
233.712,-75.151,51.106,0.000,-19.538,-21.771,4.325,-1.668,0.002,-1.150
233.718,-79.842,55.796,0.000,-24.338,-10.308,6.174,-1.665,-0.017,-1.107
233.725,-82.231,60.060,0.000,-30.226,-6.334,7.287,-1.560,-0.035,-1.088
233.732,-86.922,64.750,0.000,-40.465,-1.481,4.707,-1.394,-0.051,-1.286
233.739,-89.980,67.809,0.000,-44.334,9.002,6.776,-1.369,-0.067,-1.172
233.745,-92.895,70.723,0.000,-48.371,15.604,7.730,-1.336,-0.082,-1.051
233.752,-95.809,73.638,0.000,-57.705,21.493,7.670,-1.143,-0.095,-1.207
233.759,-97.080,82.843,0.000,-63.701,30.934,5.294,-1.001,-0.106,-1.201
233.765,-97.967,83.583,0.000,-64.486,33.676,5.893,-1.004,-0.118,-0.967
233.772,-98.413,85.758,0.000,-68.352,35.608,6.867,-0.902,-0.128,-0.886
233.779,-98.143,87.209,0.000,-76.840,43.047,6.135,-0.639,-0.136,-1.066
233.786,-98.266,87.332,0.000,-82.150,52.523,5.731,-0.483,-0.142,-1.044
233.792,-95.011,85.847,0.000,-88.754,55.395,6.534,-0.188,-0.146,-1.096
233.799,-94.230,85.066,0.000,-93.492,61.268,7.977,-0.022,-0.147,-1.045
233.806,-93.450,84.285,0.000,-98.957,66.836,7.906,0.165,-0.146,-1.070
233.812,-91.165,82.001,0.000,-99.758,66.361,7.054,0.258,-0.143,-0.842
233.819,-84.328,79.387,0.000,-106.033,68.158,5.460,0.651,-0.137,-0.909
233.826,-81.714,76.773,0.000,-109.746,78.860,7.465,0.841,-0.128,-0.869
233.832,-78.880,73.939,0.000,-111.213,81.602,9.710,0.970,-0.118,-0.718
233.839,-71.908,70.210,0.000,-116.902,87.480,9.393,1.350,-0.104,-0.794
233.846,-67.474,65.776,0.000,-119.166,92.788,8.101,1.551,-0.088,-0.737
233.853,-63.040,61.342,0.000,-118.642,87.825,6.150,1.668,-0.069,-0.516
233.859,-58.606,56.908,0.000,-124.389,92.526,4.932,1.973,-0.049,-0.649
233.866,-52.677,51.311,0.000,-120.876,92.229,6.086,2.046,-0.026,-0.331
233.873,-46.536,45.171,0.000,-117.671,92.096,6.707,2.134,-0.002,-0.099
233.880,-40.396,39.377,0.000,-117.864,93.774,8.681,2.324,0.023,-0.090
233.887,-34.255,33.236,0.000,-116.862,92.127,8.935,2.478,0.050,-0.020
233.893,-28.114,27.095,0.000,-117.470,93.138,9.816,2.681,0.080,-0.036
233.900,-21.379,20.360,0.000,-111.265,88.333,9.133,2.697,0.110,0.265
233.907,-14.055,12.689,0.000,-110.895,90.513,10.111,2.905,0.142,0.231
233.913,-6.731,5.365,0.000,-106.435,91.754,11.334,2.991,0.175,0.383
233.920,0.594,-1.959,0.000,-102.917,90.467,8.058,3.105,0.210,0.447
233.927,7.908,-9.273,0.000,-98.805,92.145,10.586,3.201,0.245,0.519
233.934,15.232,-16.598,0.000,-88.283,81.699,5.695,3.105,0.281,0.883
233.940,22.557,-23.922,0.000,-84.571,78.436,8.494,3.214,0.317,0.828
233.947,29.923,-31.639,0.000,-79.638,68.646,2.720,3.287,0.350,0.858
233.954,37.291,-39.007,0.000,-75.924,64.461,5.160,3.396,0.350,0.816
233.960,44.659,-46.375,0.000,-68.365,56.066,5.428,3.391,0.350,0.983
233.967,52.028,-53.744,0.000,-61.904,55.654,10.741,3.418,0.350,1.051
233.974,59.396,-61.824,0.000,-50.265,48.020,14.365,3.290,0.350,1.325
233.980,66.724,-69.152,0.000,-38.680,41.687,10.347,3.162,0.350,1.543
233.987,73.043,-75.114,0.000,-27.000,30.786,7.123,3.001,0.350,1.687
233.994,79.362,-81.433,0.000,-18.660,20.525,-1.232,2.941,0.350,1.664
234.000,85.681,-87.752,0.000,-10.553,17.161,4.108,2.887,0.350,1.615
234.007,92.676,-92.676,0.000,-3.147,12.422,4.455,2.875,0.350,1.560
234.014,98.995,-98.995,0.000,1.057,13.233,9.973,2.938,0.350,1.386
234.020,104.256,-104.256,0.000,12.599,9.683,13.360,2.750,0.350,1.579
234.027,108.943,-108.943,0.000,18.965,6.165,12.255,2.699,0.350,1.497
234.034,113.977,-112.612,0.000,25.321,5.228,9.869,2.660,0.350,1.405
234.040,119.015,-117.299,0.000,34.576,-4.727,4.489,2.533,0.350,1.500
234.047,122.957,-121.241,0.000,36.558,-5.703,6.875,2.592,0.350,1.225
234.054,125.868,-124.152,0.000,45.708,-16.587,7.225,2.405,0.350,1.354
234.060,128.778,-128.081,0.000,55.409,-22.151,6.057,2.201,0.350,1.486
234.067,131.688,-130.991,0.000,62.943,-27.718,4.257,2.062,0.350,1.445
234.074,133.294,-132.597,0.000,69.908,-30.452,3.103,1.902,0.350,1.420
234.080,134.745,-133.351,0.000,73.087,-30.408,6.498,1.850,0.350,1.224
234.087,135.842,-134.447,0.000,81.403,-41.381,6.389,1.633,0.350,1.295
234.094,136.901,-135.507,0.000,83.203,-42.764,6.146,1.611,0.350,1.061
234.100,136.116,-134.722,0.000,91.141,-45.649,7.050,1.349,0.350,1.146
234.107,136.416,-133.597,0.000,97.829,-53.986,5.860,1.158,0.350,1.195
234.114,135.631,-132.812,0.000,100.066,-57.355,3.390,1.067,0.350,1.004
234.120,134.259,-131.440,0.000,107.824,-62.657,1.015,0.793,0.350,1.123
234.127,134.307,-128.821,0.000,114.290,-71.439,1.665,0.601,0.350,1.168
234.134,131.689,-126.203,0.000,113.843,-72.838,3.146,0.535,0.350,0.854
234.140,129.071,-123.585,0.000,121.155,-75.909,6.049,0.237,0.350,0.972
234.147,126.528,-119.502,0.000,127.808,-81.043,8.188,-0.038,0.350,1.082
234.153,122.090,-115.064,0.000,129.260,-85.383,5.824,-0.215,0.349,0.915
234.159,117.653,-110.627,0.000,130.313,-87.683,3.337,-0.380,0.345,0.749
234.165,113.216,-106.190,0.000,130.467,-86.783,1.449,-0.518,0.340,0.561
234.171,108.469,-101.444,0.000,132.372,-86.193,1.966,-0.717,0.334,0.506
234.178,102.326,-95.300,0.000,130.505,-84.031,1.594,-0.845,0.325,0.272
234.184,97.425,-87.848,0.000,130.133,-82.060,2.783,-0.981,0.315,0.193
234.190,91.281,-81.704,0.000,130.554,-83.039,4.515,-1.178,0.303,0.169
234.197,85.987,-75.242,0.000,128.065,-81.151,5.391,-1.262,0.290,0.012
234.204,81.149,-69.097,0.000,127.830,-76.686,4.123,-1.400,0.274,-0.019
234.210,74.718,-61.772,0.000,127.395,-70.539,2.866,-1.580,0.257,-0.040
234.217,67.394,-54.448,0.000,125.820,-64.817,1.645,-1.753,0.239,-0.104
234.224,60.069,-47.123,0.000,123.579,-66.099,3.832,-1.905,0.218,-0.164
234.231,57.500,-39.487,0.000,118.297,-66.843,3.092,-1.824,0.196,-0.368
234.237,52.742,-32.169,0.000,116.852,-63.397,2.402,-1.923,0.175,-0.346
234.244,45.418,-24.845,0.000,111.099,-60.558,-0.192,-1.970,0.153,-0.549
234.251,38.072,-17.499,0.000,109.998,-57.215,-1.365,-2.158,0.129,-0.479
234.257,36.219,-9.818,0.000,106.512,-53.049,-0.222,-2.109,0.106,-0.533
234.264,30.612,-2.449,0.000,101.491,-49.507,2.636,-2.126,0.083,-0.633
234.271,23.243,4.921,0.000,97.624,-47.599,5.175,-2.231,0.058,-0.653
234.278,18.304,12.599,0.000,94.397,-46.909,5.382,-2.283,0.032,-0.636
234.285,10.935,19.968,0.000,89.189,-39.306,3.560,-2.348,0.006,-0.712
234.291,4.148,26.755,0.000,83.101,-29.980,0.486,-2.369,-0.021,-0.818
234.298,-2.174,33.077,0.000,79.270,-25.877,0.981,-2.443,-0.048,-0.798
234.305,-8.495,40.007,0.000,75.003,-19.452,2.896,-2.505,-0.076,-0.804
234.311,-14.817,46.328,0.000,68.874,-13.293,3.061,-2.511,-0.104,-0.895
234.318,-21.138,52.650,0.000,65.068,-10.668,1.764,-2.586,-0.132,-0.842
234.325,-26.847,59.248,0.000,60.688,-4.540,2.371,-2.626,-0.161,-0.813
234.331,-31.538,63.938,0.000,53.605,0.531,2.613,-2.554,-0.189,-0.941
234.338,-36.228,68.919,0.000,51.506,4.128,2.161,-2.632,-0.217,-0.797
234.344,-40.919,73.609,0.000,45.086,14.387,2.495,-2.580,-0.246,-0.909
234.351,-45.609,78.300,0.000,38.014,22.766,0.390,-2.509,-0.275,-1.023
234.358,-48.637,81.899,0.000,32.392,30.252,0.718,-2.431,-0.303,-1.036
234.365,-52.168,86.191,0.000,26.213,37.789,0.094,-2.351,-0.329,-1.070
234.372,-55.083,89.106,0.000,20.060,39.825,1.380,-2.254,-0.350,-1.092
234.378,-57.569,91.592,0.000,12.484,44.364,1.219,-2.102,-0.350,-1.165
234.385,-58.670,94.001,0.000,5.456,51.392,2.037,-1.924,-0.350,-1.197
234.392,-59.771,95.102,0.000,-2.271,60.146,1.395,-1.725,-0.350,-1.239
234.398,-60.872,96.203,0.000,-7.486,64.388,1.823,-1.602,-0.350,-1.185
234.405,-60.963,99.844,0.000,-15.211,72.764,-1.087,-1.373,-0.350,-1.257
234.412,-60.182,99.063,0.000,-20.575,74.670,1.137,-1.188,-0.350,-1.190
234.419,-59.401,98.282,0.000,-25.618,72.740,3.029,-1.013,-0.350,-1.124
234.426,-60.435,99.994,0.000,-30.951,77.946,2.348,-0.884,-0.350,-1.091
234.432,-58.119,97.678,0.000,-38.571,82.946,2.172,-0.586,-0.350,-1.179
234.439,-55.505,95.064,0.000,-42.024,91.606,2.112,-0.404,-0.350,-1.057
234.446,-52.891,92.450,0.000,-43.753,97.630,1.961,-0.274,-0.350,-0.862
234.452,-50.026,89.585,0.000,-48.824,99.956,1.510,-0.036,-0.350,-0.870
234.459,-45.592,87.217,0.000,-53.347,102.270,-1.005,0.233,-0.348,-0.857
234.466,-41.158,82.783,0.000,-56.096,106.412,-0.811,0.448,-0.345,-0.798
234.473,-36.724,78.350,0.000,-57.470,110.539,0.911,0.622,-0.338,-0.664
234.479,-32.291,73.916,0.000,-58.449,107.566,1.378,0.785,-0.329,-0.528
234.486,-26.665,68.290,0.000,-62.602,107.988,-0.060,1.078,-0.319,-0.597
234.493,-20.524,62.328,0.000,-61.051,115.184,2.002,1.216,-0.306,-0.399
234.500,-14.383,56.187,0.000,-61.549,116.810,2.945,1.415,-0.291,-0.319
234.507,-8.243,50.047,0.000,-61.579,115.764,2.159,1.600,-0.273,-0.236
234.513,-2.102,43.906,0.000,-61.116,116.582,0.200,1.770,-0.254,-0.157
234.520,4.653,37.151,0.000,-58.079,115.619,0.338,1.882,-0.233,0.010
234.527,11.384,30.180,0.000,-56.878,112.002,-0.840,2.048,-0.211,0.077
234.534,18.709,22.856,0.000,-57.383,112.669,-0.882,2.283,-0.186,0.040
234.540,26.033,15.531,0.000,-51.420,108.864,-0.028,2.324,-0.160,0.296
234.547,32.770,8.728,0.000,-44.850,104.429,1.521,2.329,-0.133,0.528
234.554,37.801,2.743,0.000,-44.904,101.638,0.610,2.481,-0.106,0.403
234.561,45.125,-4.581,0.000,-38.002,97.671,1.994,2.494,-0.078,0.621
234.567,52.492,-11.948,0.000,-35.978,92.933,-0.214,2.654,-0.048,0.569
234.574,52.507,-17.726,0.000,-33.979,92.425,-1.201,2.595,-0.020,0.523
234.581,57.025,-23.266,0.000,-24.326,86.701,-1.161,2.441,0.007,0.843
234.587,64.394,-30.635,0.000,-18.717,79.687,-2.346,2.493,0.034,0.909
234.594,68.222,-37.554,0.000,-15.701,75.872,-2.161,2.518,0.061,0.823
234.600,75.531,-44.863,0.000,-4.972,69.193,-1.340,2.415,0.087,1.139
234.607,81.850,-51.183,0.000,4.571,58.971,-2.119,2.318,0.113,1.364
234.613,88.169,-57.502,0.000,9.054,57.339,-1.971,2.373,0.138,1.265
234.620,94.488,-63.671,0.000,18.203,52.823,-0.927,2.289,0.165,1.369
234.626,100.807,-69.990,0.000,26.153,44.170,1.774,2.240,0.189,1.397
234.633,107.126,-76.309,0.000,32.003,38.723,0.808,2.254,0.214,1.328
234.639,112.014,-81.048,0.000,38.862,33.016,-2.239,2.195,0.238,1.321
234.645,116.701,-85.735,0.000,46.874,26.633,-3.769,2.095,0.260,1.433
234.652,121.388,-90.422,0.000,52.488,23.417,-4.872,2.067,0.281,1.397
234.658,126.075,-95.109,0.000,53.451,22.471,-4.885,2.179,0.302,1.105
234.664,130.412,-98.870,0.000,61.033,19.369,-3.575,2.081,0.324,1.146
234.670,133.322,-101.781,0.000,69.972,13.160,-0.951,1.901,0.345,1.286
234.677,136.233,-104.691,0.000,75.541,3.058,-1.433,1.821,0.350,1.255
234.683,139.143,-107.602,0.000,77.622,2.424,-0.733,1.846,0.350,1.041
234.690,140.715,-109.174,0.000,85.231,-0.851,-1.689,1.665,0.350,1.140
234.696,145.388,-110.271,0.000,90.957,-6.515,-4.404,1.633,0.350,1.166
234.702,146.485,-111.367,0.000,94.713,-7.550,-4.548,1.553,0.350,1.060
234.709,149.897,-112.392,0.000,100.728,-12.155,-2.823,1.475,0.350,1.066
234.715,149.112,-111.607,0.000,107.558,-18.913,-2.792,1.247,0.350,1.135
234.722,148.326,-110.822,0.000,113.363,-27.671,-3.075,1.049,0.350,1.154
234.728,147.541,-110.036,0.000,115.361,-23.253,-4.657,0.965,0.350,0.969
234.734,147.626,-108.482,0.000,119.842,-25.433,-4.921,0.834,0.350,0.935
234.741,145.515,-105.864,0.000,123.517,-31.522,-3.669,0.660,0.350,0.901
234.747,142.897,-103.245,0.000,128.409,-37.250,-1.415,0.435,0.350,0.929
234.753,140.278,-100.627,0.000,130.349,-38.641,-2.760,0.298,0.350,0.771
234.759,137.010,-96.846,0.000,135.921,-40.385,-1.893,0.033,0.350,0.814
234.765,133.090,-92.409,0.000,139.575,-43.172,-1.883,-0.195,0.349,0.800
234.771,129.702,-87.972,0.000,141.570,-44.057,-2.630,-0.356,0.347,0.745
234.777,126.879,-83.683,0.000,142.604,-47.157,-2.666,-0.472,0.342,0.640
234.784,122.101,-78.905,0.000,142.554,-47.726,-4.809,-0.614,0.336,0.474
234.790,115.958,-72.762,0.000,143.585,-45.254,-5.205,-0.829,0.327,0.363
234.797,109.815,-66.619,0.000,146.868,-47.141,-3.411,-1.112,0.317,0.429
234.803,108.215,-60.327,0.000,148.061,-50.543,-1.044,-1.195,0.304,0.419
234.809,102.665,-54.184,0.000,145.315,-51.404,-0.746,-1.279,0.292,0.189
234.815,96.498,-48.017,0.000,143.028,-47.517,-1.443,-1.396,0.278,0.014
234.821,89.173,-40.692,0.000,140.953,-43.599,-3.768,-1.553,0.262,-0.119
234.828,84.279,-33.368,0.000,139.373,-39.476,-4.588,-1.653,0.245,-0.210
234.834,76.955,-26.043,0.000,139.893,-38.934,-4.008,-1.888,0.227,-0.129
234.840,69.630,-18.719,0.000,138.874,-39.496,-2.380,-2.077,0.206,-0.142
234.846,63.556,-11.394,0.000,136.217,-44.197,0.176,-2.180,0.184,-0.217
234.852,56.232,-4.070,0.000,132.992,-42.265,-1.256,-2.303,0.161,-0.305
234.858,48.885,3.277,0.000,127.606,-36.419,-1.746,-2.362,0.137,-0.481
234.865,42.150,10.646,-1.000,119.080,-28.166,-2.096,-2.308,0.114,-0.799
234.871,34.147,18.015,-1.000,117.406,-22.110,-1.232,-2.498,0.088,-0.725
234.877,26.778,25.384,-1.000,110.456,-13.985,-0.503,-2.510,0.062,-0.918
234.883,19.409,32.753,-1.000,106.461,-6.735,-0.599,-2.612,0.036,-0.902
234.889,12.040,40.122,-1.000,101.293,-3.443,-0.943,-2.678,0.008,-0.920
234.895,5.273,46.889,-1.000,94.752,1.410,-1.448,-2.684,-0.019,-0.991
234.902,-1.049,53.211,-1.000,87.108,5.294,-1.656,-2.645,-0.045,-1.110
234.908,-8.621,59.681,-3.000,81.770,10.073,-0.363,-2.712,-0.073,-1.114
234.913,-14.942,66.002,-3.000,76.400,14.380,1.387,-2.740,-0.098,-1.159
234.919,-24.875,72.324,-8.000,70.882,20.601,2.617,-2.873,-0.126,-1.198
234.924,-30.551,78.000,-8.000,65.350,26.366,0.795,-2.877,-0.153,-1.222
234.930,-41.862,82.691,-10.000,57.480,30.800,-1.680,-2.980,-0.180,-1.377
234.936,-46.552,87.381,-10.000,51.505,36.952,-2.314,-2.942,-0.209,-1.389
234.941,-54.270,92.072,-11.000,45.368,41.612,-5.033,-2.989,-0.237,-1.412
234.947,-58.960,96.763,-11.000,37.492,48.637,-6.681,-2.894,-0.265,-1.528
234.953,-61.953,99.755,-11.000,29.403,54.583,-6.921,-2.741,-0.291,-1.621
234.958,-64.868,102.670,-11.000,20.011,59.381,-7.311,-2.546,-0.315,-1.745
234.964,-75.427,105.882,-13.000,12.979,62.383,-6.614,-2.652,-0.340,-1.710
234.969,-77.877,108.332,-13.000,6.019,68.533,-7.103,-2.517,-0.350,-1.685
234.975,-78.978,109.433,-13.000,1.375,71.406,-6.290,-2.411,-0.350,-1.526
234.981,-80.079,110.534,-13.000,-4.429,76.746,-5.690,-2.269,-0.350,-1.457
234.986,-81.180,111.635,-13.000,-8.826,82.729,-4.711,-2.171,-0.350,-1.333
234.992,-93.593,115.336,-11.000,-13.813,89.739,-5.042,-2.393,-0.350,-1.266
234.999,-92.812,114.555,-11.000,-24.178,88.863,-6.303,-2.059,-0.350,-1.428
235.006,-92.031,113.775,-11.000,-34.869,95.022,-7.243,-1.715,-0.350,-1.597
235.012,-91.251,112.994,-11.000,-39.776,96.544,-5.711,-1.544,-0.350,-1.443
235.019,-96.415,112.267,-13.000,-47.977,99.819,-5.265,-1.453,-0.350,-1.424
235.026,-96.348,110.852,-17.000,-59.563,107.692,-6.347,-1.104,-0.350,-1.596
235.033,-93.734,108.238,-17.000,-67.672,111.869,-6.942,-0.782,-0.350,-1.634
235.039,-90.833,105.337,-17.000,-70.742,108.791,-8.438,-0.603,-0.350,-1.367
235.046,-86.400,100.903,-17.000,-79.826,110.867,-9.689,-0.197,-0.350,-1.420
235.053,-81.966,96.469,-17.000,-87.415,117.079,-8.964,0.163,-0.349,-1.435
235.060,-77.532,92.035,-17.000,-91.089,114.419,-9.921,0.407,-0.346,-1.253
235.066,-80.535,93.361,-21.000,-100.773,120.454,-11.666,0.607,-0.340,-1.371
235.073,-74.875,87.701,-21.000,-107.194,126.161,-11.272,0.970,-0.331,-1.332
235.079,-68.734,81.560,-21.000,-107.605,124.041,-9.508,1.166,-0.319,-1.026
235.086,-63.040,78.557,-21.000,-112.092,123.876,-9.757,1.472,-0.304,-0.995
235.091,-56.899,72.417,-21.000,-118.839,128.532,-11.278,1.858,-0.288,-1.109
235.097,-50.758,68.424,-21.000,-122.418,129.034,-12.671,2.150,-0.269,-1.052
235.103,-43.980,61.645,-21.000,-125.559,132.254,-11.602,2.447,-0.247,-0.997
235.108,-36.655,54.602,-21.000,-123.882,131.704,-12.109,2.617,-0.222,-0.658
235.114,-29.331,47.278,-21.000,-121.780,127.110,-11.898,2.773,-0.197,-0.361
235.120,-22.007,39.954,-21.000,-119.519,125.782,-12.461,2.925,-0.169,-0.121
235.125,-14.682,32.629,-21.000,-117.638,122.798,-13.077,3.089,-0.141,0.011
235.131,-7.358,25.589,-21.000,-116.797,122.572,-12.827,3.283,-0.111,0.011
235.137,-0.034,18.265,-21.000,-110.346,117.534,-10.489,3.309,-0.080,0.354
235.142,7.334,10.613,-21.000,-104.406,112.063,-13.194,3.352,-0.048,0.607
235.148,14.703,3.528,-21.000,-98.282,104.818,-14.217,3.390,-0.017,0.825
235.153,22.071,-4.124,-21.000,-94.709,100.659,-15.889,3.503,0.016,0.838
235.159,29.439,-11.492,-21.000,-93.387,99.332,-13.708,3.685,0.049,0.689
235.165,36.807,-18.860,-21.000,-87.350,92.839,-14.569,3.725,0.083,0.846
235.170,44.096,-27.793,-21.000,-83.684,86.579,-16.293,3.833,0.119,0.856
235.176,50.415,-34.112,-21.000,-80.342,84.173,-16.062,3.923,0.155,0.858
235.181,56.734,-40.957,-21.000,-75.111,80.819,-16.891,3.955,0.193,0.969
235.187,62.904,-47.535,-21.000,-72.994,81.320,-15.118,4.077,0.231,0.841
235.193,69.223,-53.854,-21.000,-64.196,73.304,-14.781,4.003,0.268,1.100
235.198,75.542,-60.173,-21.000,-57.545,65.493,-16.061,3.993,0.305,1.212
235.204,80.398,-65.029,-21.000,-49.590,57.113,-15.896,3.900,0.342,1.380
235.209,85.085,-69.716,-21.000,-44.193,52.273,-18.516,3.878,0.350,1.371
235.215,89.772,-74.403,-21.000,-41.883,48.275,-18.998,3.950,0.350,1.154
235.221,94.459,-79.090,-21.000,-33.092,40.859,-17.673,3.826,0.350,1.314
235.226,98.333,-82.964,-21.000,-26.592,32.446,-16.236,3.748,0.350,1.375
235.232,101.244,-85.875,-21.000,-23.167,27.141,-15.822,3.732,0.350,1.247
235.237,104.154,-88.785,-21.000,-14.523,21.372,-17.458,3.560,0.350,1.463
235.244,105.269,-94.833,-15.000,-11.114,23.948,-13.691,3.491,0.350,1.257
235.250,106.654,-96.595,-15.000,-1.505,17.522,-11.258,3.245,0.350,1.405
235.257,107.750,-97.691,-15.000,4.961,13.431,-13.279,3.084,0.350,1.371
235.264,108.847,-100.719,-11.000,11.524,6.857,-11.335,2.920,0.350,1.308
235.270,109.835,-102.315,-10.000,19.325,-4.627,-15.573,2.715,0.350,1.358
235.277,109.049,-101.530,-10.000,21.792,-4.210,-13.546,2.618,0.350,1.124
235.284,108.264,-100.745,-10.000,30.090,-12.838,-14.521,2.345,0.350,1.235
235.290,107.782,-103.646,-11.000,34.505,-14.940,-14.916,2.198,0.350,1.176
235.297,106.640,-102.711,-9.000,41.203,-18.571,-11.984,1.963,0.350,1.184
235.303,104.022,-100.093,-9.000,47.509,-26.224,-10.182,1.695,0.350,1.191
235.310,101.404,-97.474,-9.000,47.445,-22.599,-7.920,1.619,0.350,0.901
235.317,99.831,-95.680,-1.000,50.535,-22.096,-7.365,1.479,0.350,0.797
235.323,96.015,-92.025,-1.000,55.048,-27.748,-6.894,1.229,0.350,0.821
235.329,91.577,-87.588,-1.000,54.614,-30.671,-8.356,1.109,0.350,0.596
235.335,87.437,-83.790,0.000,54.408,-31.709,-9.115,0.991,0.350,0.382
235.341,83.149,-79.824,-1.000,56.056,-34.592,-6.522,0.813,0.350,0.334
235.347,78.337,-75.012,-1.000,56.416,-35.938,-7.013,0.658,0.350,0.255
235.352,72.194,-68.869,-1.000,57.316,-36.844,-5.356,0.446,0.350,0.253
235.358,66.051,-63.955,-1.000,57.977,-37.311,-2.836,0.242,0.350,0.251
235.363,59.907,-57.812,-1.000,58.084,-38.521,-0.612,0.055,0.350,0.226
235.369,53.764,-51.669,-1.000,59.818,-43.494,0.839,-0.182,0.349,0.300
235.374,47.574,-45.478,-1.000,58.310,-44.276,-2.238,-0.322,0.347,0.155
235.380,40.249,-39.356,-1.000,58.278,-41.889,-2.522,-0.541,0.343,0.111
235.385,32.925,-32.031,-1.000,55.245,-43.093,-3.506,-0.670,0.337,-0.083
235.391,25.600,-24.707,-1.000,50.924,-41.319,-3.678,-0.760,0.330,-0.336
235.396,18.276,-17.978,-1.000,48.529,-40.124,-3.569,-0.908,0.322,-0.436
235.403,8.510,-8.212,-1.000,43.705,-35.440,-0.555,-1.056,0.311,-0.613
235.408,1.185,-0.888,-1.000,39.493,-30.549,-0.059,-1.149,0.301,-0.780
235.413,-6.177,6.474,-1.000,36.806,-28.549,-1.079,-1.289,0.290,-0.810
235.418,-13.546,13.844,-1.000,32.561,-27.378,-3.679,-1.383,0.278,-0.959
235.423,-20.915,21.213,-1.000,29.899,-25.862,-5.036,-1.524,0.265,-0.949
235.428,-28.284,28.582,-1.000,27.741,-26.030,-4.793,-1.681,0.251,-0.880
235.433,-35.653,35.951,-1.000,25.901,-23.975,-1.557,-1.847,0.235,-0.809
235.438,-43.023,43.320,-1.000,21.417,-20.338,-0.067,-1.933,0.219,-0.901
235.444,-51.527,51.675,0.000,13.966,-11.538,-0.562,-1.965,0.199,-1.095
235.450,-59.955,60.104,0.000,6.131,-2.320,-1.419,-1.983,0.179,-1.302
235.456,-68.384,68.532,0.000,1.305,3.121,-0.812,-2.091,0.158,-1.255
235.462,-76.679,76.679,0.000,-4.308,8.039,1.723,-2.171,0.137,-1.265
235.468,-82.933,82.933,0.000,-11.182,12.708,2.677,-2.153,0.115,-1.335
235.474,-89.187,89.187,0.000,-16.533,15.512,3.913,-2.180,0.093,-1.265
235.480,-95.441,95.441,0.000,-24.554,17.905,3.500,-2.127,0.073,-1.356
235.486,-99.962,99.813,0.000,-33.107,22.894,3.401,-2.006,0.052,-1.488
235.492,-103.848,103.699,0.000,-40.317,28.907,3.026,-1.906,0.033,-1.504
235.498,-107.734,107.585,0.000,-48.215,34.353,2.946,-1.786,0.015,-1.566
235.504,-109.306,109.008,0.000,-56.436,42.948,1.469,-1.586,-0.003,-1.618
235.509,-110.407,110.110,0.000,-63.872,45.011,2.013,-1.396,-0.016,-1.718
235.514,-111.508,111.211,0.000,-70.615,48.626,2.688,-1.227,-0.027,-1.771
235.521,-111.264,110.966,0.000,-72.459,57.490,2.057,-1.164,-0.041,-1.354
235.526,-110.483,110.037,0.000,-78.159,62.599,3.700,-0.970,-0.050,-1.384
235.531,-109.702,109.256,0.000,-84.305,66.308,6.325,-0.762,-0.057,-1.384
235.537,-108.536,108.090,0.000,-90.049,71.356,7.440,-0.555,-0.062,-1.376
235.542,-105.922,105.476,0.000,-95.910,75.758,5.850,-0.300,-0.065,-1.363
235.547,-103.308,102.862,0.000,-100.580,80.528,5.066,-0.082,-0.066,-1.271
235.553,-100.694,100.248,0.000,-104.538,85.341,3.208,0.115,-0.065,-1.131
235.558,-97.299,96.704,0.000,-111.161,90.868,2.978,0.416,-0.062,-1.178
235.564,-92.865,92.270,0.000,-114.859,97.124,5.207,0.660,-0.056,-1.055
235.569,-88.431,87.836,0.000,-119.338,101.697,5.735,0.927,-0.048,-1.004
235.574,-83.997,83.403,0.000,-123.118,103.579,7.454,1.174,-0.037,-0.927
235.580,-79.442,78.847,0.000,-128.111,106.086,4.331,1.460,-0.025,-0.945
235.585,-73.301,72.706,0.000,-131.416,108.069,2.067,1.743,-0.009,-0.863
235.591,-67.160,66.565,0.000,-133.862,107.522,1.273,2.001,0.008,-0.773
235.597,-62.513,60.425,0.000,-140.678,110.599,1.986,2.345,0.031,-0.953
235.603,-57.130,54.284,0.000,-138.720,104.280,4.517,2.448,0.056,-0.633
235.609,-50.989,48.143,0.000,-140.429,102.218,3.656,2.683,0.081,-0.554
235.615,-43.793,40.947,0.000,-141.547,96.928,2.794,2.933,0.110,-0.451
235.621,-37.394,33.622,0.000,-143.329,95.618,5.901,3.178,0.142,-0.436
235.628,-30.069,26.298,0.000,-137.741,87.567,7.013,3.230,0.177,-0.051
235.634,-22.745,18.974,0.000,-137.786,88.387,4.970,3.451,0.214,-0.019
235.641,-17.184,11.500,0.000,-138.835,91.370,5.738,3.649,0.252,-0.077
235.647,-10.026,4.176,0.000,-131.732,82.438,4.792,3.651,0.290,0.305
235.653,-2.686,-3.164,0.000,-127.375,74.894,3.334,3.741,0.327,0.453
235.659,4.682,-10.532,0.000,-127.306,72.108,4.722,3.960,0.350,0.344
235.665,9.607,-17.900,0.000,-121.147,66.317,3.319,3.923,0.350,0.552
235.671,16.975,-25.268,0.000,-113.380,57.556,2.806,3.911,0.350,0.832
235.676,24.343,-32.637,0.000,-108.864,55.158,2.837,3.996,0.350,0.908
235.683,30.773,-40.005,0.000,-107.359,53.026,4.816,4.144,0.350,0.749
235.689,37.691,-46.923,0.000,-98.093,47.965,4.080,4.074,0.350,1.038
235.695,43.624,-53.242,0.000,-89.191,40.749,3.352,3.984,0.350,1.254
235.701,50.137,-59.710,0.000,-82.586,38.031,4.537,3.982,0.350,1.289
235.707,56.453,-66.026,0.000,-77.013,37.855,7.096,4.004,0.350,1.212
235.714,62.763,-72.336,0.000,-70.515,30.814,4.085,3.998,0.350,1.214
235.721,68.677,-78.250,0.000,-65.979,27.638,7.371,4.040,0.350,1.124
235.727,73.364,-83.086,0.000,-57.421,18.910,5.338,3.924,0.350,1.261
235.734,78.051,-87.923,0.000,-50.423,17.629,3.329,3.854,0.350,1.300
235.740,82.738,-92.610,0.000,-39.435,11.286,5.537,3.665,0.350,1.474
235.747,87.425,-97.297,0.000,-33.158,1.964,2.445,3.617,0.350,1.407
235.754,90.676,-100.547,0.000,-27.374,-2.359,4.756,3.541,0.350,1.328
235.760,93.586,-103.457,0.000,-19.585,-12.777,4.403,3.395,0.350,1.363
235.766,97.256,-106.517,0.000,-14.392,-15.125,3.800,3.349,0.350,1.321
235.773,99.969,-109.230,0.000,-7.420,-17.250,4.347,3.222,0.350,1.326
235.779,101.066,-110.327,0.000,1.601,-24.546,2.892,2.984,0.350,1.446
235.785,104.302,-111.273,0.000,7.739,-30.303,2.208,2.897,0.350,1.413
235.791,105.398,-112.369,0.000,9.355,-32.174,3.193,2.881,0.350,1.131
235.798,106.234,-112.698,0.000,19.054,-44.198,1.649,2.615,0.350,1.314
235.804,106.273,-112.063,0.000,23.753,-50.625,0.423,2.476,0.350,1.280
235.811,106.604,-111.427,0.000,25.282,-48.453,1.824,2.440,0.350,1.059
235.817,106.131,-110.793,0.000,31.523,-50.763,1.496,2.238,0.350,1.077
235.824,104.053,-108.714,0.000,36.038,-53.595,2.537,2.040,0.350,1.009
235.831,104.011,-107.159,0.000,36.662,-53.716,2.350,2.020,0.350,0.778
235.837,101.393,-104.541,0.000,44.603,-59.816,2.607,1.704,0.350,0.989
235.843,99.211,-102.529,0.000,49.673,-68.852,0.571,1.486,0.350,1.058
235.848,94.774,-98.092,0.000,53.612,-74.678,0.305,1.235,0.350,1.058
235.854,90.485,-95.246,0.000,56.406,-75.456,0.857,1.022,0.350,0.985
235.859,86.048,-90.808,0.000,57.561,-77.895,1.546,0.855,0.350,0.825
235.865,81.610,-86.371,0.000,58.765,-79.684,0.925,0.685,0.350,0.683
235.871,76.207,-80.968,0.000,61.197,-78.524,2.139,0.450,0.350,0.623
235.876,70.064,-74.825,0.000,65.568,-81.231,1.864,0.135,0.350,0.689
235.882,63.921,-68.681,0.000,66.288,-83.121,1.875,-0.071,0.350,0.560
235.887,57.778,-62.538,0.000,67.454,-83.520,0.747,-0.290,0.348,0.511
235.893,51.634,-56.395,0.000,68.318,-82.900,-0.903,-0.501,0.345,0.471
235.898,45.034,-49.795,0.000,69.064,-81.913,-0.926,-0.721,0.339,0.441
235.904,37.710,-42.470,0.000,66.838,-80.133,-0.249,-0.874,0.332,0.253
235.910,30.385,-35.146,0.000,64.468,-79.278,0.575,-1.022,0.324,0.124
235.915,23.061,-27.821,0.000,62.798,-78.244,0.445,-1.192,0.314,0.036
235.921,15.736,-20.497,0.000,59.916,-76.246,-0.011,-1.325,0.302,-0.104
235.926,8.412,-13.172,0.000,56.182,-73.111,-1.342,-1.433,0.290,-0.248
235.932,1.087,-5.848,0.000,52.218,-70.528,-2.404,-1.534,0.276,-0.388
235.937,-6.275,1.515,0.000,46.216,-66.087,-2.531,-1.575,0.262,-0.622
235.943,-13.634,8.874,0.000,38.899,-62.043,-2.823,-1.576,0.247,-0.887
235.949,-20.993,16.233,0.000,33.232,-57.972,-0.393,-1.627,0.232,-1.006
235.954,-28.355,23.431,0.000,27.234,-54.654,0.324,-1.668,0.215,-1.123
235.959,-35.724,30.800,0.000,21.759,-48.005,1.555,-1.724,0.201,-1.210
235.964,-43.093,38.169,0.000,13.445,-42.429,-0.036,-1.696,0.186,-1.436
235.969,-49.480,44.556,0.000,5.930,-39.340,-2.303,-1.662,0.172,-1.555
235.975,-55.802,50.878,0.000,1.814,-36.945,-2.007,-1.728,0.158,-1.419
235.980,-61.974,56.702,0.000,-3.267,-30.165,-2.315,-1.761,0.142,-1.360
235.985,-68.296,62.855,0.000,-8.926,-24.033,-2.109,-1.781,0.126,-1.339
235.991,-74.617,69.177,0.000,-14.071,-21.138,-1.189,-1.816,0.109,-1.304
235.997,-79.702,74.262,0.000,-21.091,-18.143,-1.334,-1.758,0.092,-1.392
236.002,-83.946,77.567,0.000,-28.653,-14.490,0.695,-1.659,0.075,-1.482
236.009,-88.637,82.258,0.000,-38.731,-11.051,1.583,-1.497,0.059,-1.638
236.015,-93.327,86.948,0.000,-45.703,-7.469,1.526,-1.429,0.045,-1.569
236.021,-97.452,91.073,0.000,-51.348,-0.709,1.209,-1.383,0.031,-1.449
236.027,-100.366,93.987,0.000,-61.531,6.238,-0.291,-1.165,0.018,-1.607
236.033,-97.601,96.175,0.000,-71.818,15.383,-1.892,-0.773,0.008,-1.723
236.040,-98.149,98.529,0.000,-76.395,20.906,-0.797,-0.653,-0.000,-1.556
236.046,-99.944,100.324,0.000,-82.784,24.989,-3.605,-0.515,-0.006,-1.449
236.053,-101.045,101.425,0.000,-89.088,30.339,-1.560,-0.359,-0.010,-1.369
236.060,-102.146,102.526,0.000,-96.831,36.620,-2.144,-0.159,-0.013,-1.407
236.066,-103.247,103.627,0.000,-100.031,42.813,-0.065,-0.096,-0.015,-1.235
236.073,-102.621,103.001,0.000,-102.437,48.736,0.650,-0.006,-0.015,-1.032
236.080,-101.841,102.221,0.000,-109.891,53.001,0.983,0.242,-0.013,-1.082
236.087,-97.985,97.764,0.000,-117.286,55.595,1.830,0.579,-0.008,-1.171
236.093,-96.361,95.447,0.000,-117.758,62.223,-1.000,0.642,-0.002,-0.911
236.100,-93.747,92.833,0.000,-118.859,67.527,-2.439,0.753,0.006,-0.739
236.107,-91.133,90.219,0.000,-120.388,70.982,-2.434,0.878,0.016,-0.588
236.113,-87.135,87.135,0.000,-126.152,72.440,0.724,1.170,0.028,-0.728
236.120,-82.359,82.108,0.000,-126.578,76.294,2.117,1.327,0.042,-0.583
236.127,-77.925,77.674,0.000,-128.301,78.068,-1.828,1.511,0.059,-0.495
236.134,-69.730,71.409,0.000,-129.749,79.510,-3.289,1.801,0.078,-0.429
236.140,-63.200,65.867,0.000,-131.011,81.355,-0.697,2.034,0.100,-0.404
236.147,-58.631,61.298,0.000,-126.588,81.671,3.781,2.039,0.122,-0.097
236.154,-52.490,55.158,0.000,-126.015,80.943,3.669,2.206,0.147,-0.009
236.160,-46.349,49.017,0.000,-130.325,83.928,1.940,2.519,0.173,-0.218
236.167,-36.236,41.425,0.000,-124.737,84.160,1.443,2.655,0.203,0.077
236.174,-30.096,35.284,0.000,-125.228,79.742,-0.703,2.854,0.234,0.057
236.181,-22.516,26.980,0.000,-123.781,80.007,-1.119,3.038,0.268,0.089
236.187,-15.310,19.775,0.000,-115.835,75.110,0.163,3.016,0.302,0.434
236.194,-7.986,12.450,0.000,-110.645,68.501,-1.551,3.080,0.336,0.579
236.201,1.224,3.816,0.000,-107.151,69.796,-1.023,3.251,0.350,0.597
236.208,8.548,-3.508,0.000,-101.748,66.108,-0.210,3.309,0.350,0.705
236.214,16.261,-11.168,0.000,-96.843,62.530,2.202,3.393,0.350,0.760
236.221,23.586,-18.493,0.000,-88.338,58.415,5.711,3.358,0.350,0.960
236.228,32.117,-27.213,0.000,-81.137,51.192,4.941,3.398,0.350,1.086
236.234,39.891,-35.654,0.000,-79.006,50.360,1.882,3.567,0.350,0.947
236.240,47.259,-43.023,0.000,-73.851,50.459,2.200,3.633,0.350,0.957
236.246,54.627,-50.391,0.000,-62.932,43.281,1.457,3.527,0.350,1.294
236.252,61.995,-57.759,0.000,-54.222,34.512,0.290,3.487,0.350,1.436
236.259,71.028,-66.993,0.000,-51.967,32.987,1.913,3.690,0.350,1.189
236.265,78.795,-74.677,0.000,-41.929,25.499,2.796,3.622,0.350,1.361
236.272,85.114,-80.996,0.000,-36.396,19.761,0.643,3.645,0.350,1.302
236.279,94.115,-90.153,0.000,-33.818,20.743,2.486,3.838,0.350,1.091
236.285,100.434,-96.472,0.000,-24.249,9.156,4.348,3.741,0.350,1.267
236.292,106.753,-102.791,0.000,-16.328,1.458,2.395,3.692,0.350,1.358
236.298,114.533,-110.846,0.000,-10.287,-2.337,1.276,3.745,0.350,1.304
236.305,120.189,-115.978,0.000,-3.624,-12.831,0.741,3.714,0.350,1.306
236.311,124.876,-120.665,0.000,-2.215,-14.585,2.103,3.813,0.350,1.046
236.318,129.563,-125.352,0.000,6.973,-23.484,3.664,3.678,0.350,1.208
236.325,138.860,-138.327,0.000,12.753,-34.676,0.846,3.783,0.350,1.199
236.331,143.174,-139.993,0.000,16.730,-39.410,-0.032,3.793,0.350,1.084
236.338,146.085,-142.904,0.000,24.321,-50.517,-1.382,3.653,0.350,1.189
236.345,152.369,-146.331,0.000,31.404,-56.458,0.652,3.629,0.350,1.233
236.351,156.234,-149.026,0.000,41.707,-67.213,3.497,3.436,0.350,1.409
236.358,158.523,-150.645,0.000,49.016,-80.138,2.104,3.285,0.350,1.409
236.365,160.834,-151.742,0.000,50.783,-82.725,0.303,3.302,0.350,1.159
236.371,162.547,-153.366,0.000,59.687,-91.686,1.442,3.086,0.350,1.276
236.378,162.856,-153.675,0.000,67.765,-100.946,0.661,2.853,0.350,1.339
236.385,162.070,-152.889,0.000,69.424,-105.822,1.493,2.779,0.350,1.083
236.391,161.908,-151.577,0.000,79.306,-109.207,2.296,2.478,0.350,1.279
236.398,161.751,-150.791,0.000,82.213,-110.758,0.142,2.386,0.350,1.127
236.404,160.281,-149.215,0.000,83.751,-109.993,-1.029,2.296,0.350,0.913
236.411,157.663,-146.069,0.000,92.058,-114.872,-1.361,1.968,0.350,1.053
236.418,155.045,-143.451,0.000,98.458,-121.912,-0.027,1.698,0.350,1.115
236.425,154.330,-140.274,0.000,100.768,-118.764,0.319,1.607,0.350,0.922
236.431,150.551,-135.837,0.000,110.740,-122.958,3.558,1.194,0.350,1.138
236.438,146.114,-131.400,0.000,116.470,-129.134,4.432,0.889,0.350,1.147
236.445,142.348,-126.969,0.000,116.939,-127.467,2.104,0.762,0.350,0.893
236.451,137.910,-122.531,0.000,121.257,-126.794,2.995,0.500,0.350,0.867
236.458,132.485,-117.106,0.000,123.646,-131.275,4.105,0.265,0.350,0.756
236.465,127.691,-110.963,0.000,124.706,-132.406,2.344,0.090,0.350,0.624
236.471,121.548,-104.820,0.000,125.362,-126.821,-0.115,-0.114,0.349,0.483
236.478,115.404,-98.677,0.000,127.892,-125.650,-1.594,-0.375,0.346,0.495
236.485,109.261,-92.533,0.000,125.947,-126.481,-1.058,-0.501,0.342,0.296
236.491,104.717,-86.440,0.000,123.518,-125.724,-0.863,-0.564,0.336,0.101
236.498,99.522,-78.594,0.000,122.144,-123.139,2.466,-0.679,0.329,-0.003
236.505,95.881,-71.791,0.000,122.060,-122.372,2.268,-0.785,0.321,0.013
236.511,89.320,-63.951,0.000,118.063,-119.078,1.845,-0.862,0.312,-0.161
236.518,84.315,-56.634,0.000,113.167,-118.527,3.161,-0.866,0.302,-0.368
236.524,80.174,-49.309,0.000,111.779,-117.311,2.610,-0.948,0.291,-0.355
236.531,72.849,-41.985,0.000,111.221,-112.479,1.953,-1.151,0.280,-0.284
236.538,65.486,-34.621,0.000,107.592,-110.198,0.387,-1.263,0.266,-0.365
236.544,58.117,-27.252,0.000,103.018,-106.985,-1.412,-1.347,0.251,-0.503
236.551,52.383,-18.854,0.000,100.995,-103.317,-1.796,-1.458,0.236,-0.487
236.558,45.014,-11.485,0.000,95.491,-97.312,-2.977,-1.514,0.219,-0.614
236.564,37.645,-4.116,0.000,91.365,-90.605,-1.366,-1.612,0.201,-0.647
236.571,30.275,3.253,0.000,86.413,-84.540,0.523,-1.684,0.183,-0.724
236.578,23.083,10.634,0.000,83.697,-83.388,3.232,-1.818,0.163,-0.667
236.585,16.762,16.955,0.000,78.812,-76.929,2.767,-1.861,0.143,-0.719
236.591,10.440,24.752,0.000,73.790,-67.870,2.433,-1.900,0.121,-0.776
236.598,4.119,31.074,0.000,68.144,-57.804,0.341,-1.921,0.100,-0.854
236.605,-2.203,37.395,0.000,62.734,-51.094,-0.547,-1.948,0.079,-0.895
236.611,-7.264,41.969,0.000,58.541,-52.029,-0.618,-1.974,0.057,-0.846
236.618,-11.954,46.660,0.000,52.732,-40.408,-1.420,-1.941,0.035,-0.901
236.625,-16.645,51.350,0.000,46.430,-32.258,-1.029,-1.892,0.014,-0.981
236.631,-21.335,56.528,0.000,39.466,-25.257,-1.816,-1.824,-0.007,-1.075
236.638,-25.434,60.626,0.000,34.149,-22.417,0.053,-1.787,-0.027,-1.056
236.645,-28.348,63.541,0.000,30.457,-17.869,1.056,-1.764,-0.047,-0.963
236.651,-31.263,66.455,0.000,22.399,-14.036,1.710,-1.610,-0.065,-1.084
236.658,-34.177,69.852,0.000,14.673,-10.356,1.004,-1.465,-0.082,-1.172
236.665,-35.942,70.648,0.000,9.017,-4.204,1.028,-1.349,-0.098,-1.156
236.672,-37.043,71.749,0.000,4.962,2.201,-0.791,-1.260,-0.112,-1.062
236.678,-38.144,73.819,0.000,-0.662,7.496,-2.210,-1.124,-0.125,-1.050
236.685,-39.246,74.920,0.000,-7.438,12.456,-2.975,-0.954,-0.136,-1.113
236.692,-38.588,74.263,0.000,-12.843,14.942,-1.722,-0.772,-0.146,-1.091
236.698,-39.428,73.000,0.000,-17.437,14.337,-0.798,-0.660,-0.154,-1.035
236.705,-38.647,72.220,0.000,-21.609,17.161,-0.832,-0.511,-0.160,-0.972
236.712,-37.436,71.008,0.000,-26.646,25.011,-2.063,-0.324,-0.164,-0.974
236.718,-34.822,68.394,0.000,-30.306,31.783,-0.741,-0.135,-0.167,-0.897
236.725,-32.208,65.780,0.000,-34.299,28.527,0.751,0.063,-0.167,-0.862
236.732,-29.594,63.166,0.000,-34.189,24.489,0.183,0.138,-0.165,-0.631
236.738,-26.006,59.578,0.000,-39.896,30.938,-0.763,0.417,-0.161,-0.730
236.745,-38.874,54.165,0.000,-41.598,39.802,0.197,0.082,-0.162,-0.653
236.752,-35.715,49.732,0.000,-42.909,46.622,-0.771,0.216,-0.160,-0.551
236.759,-31.281,45.298,0.000,-44.826,43.352,-0.281,0.406,-0.156,-0.500
236.765,-29.162,40.701,0.000,-44.932,38.066,-1.255,0.473,-0.150,-0.362
236.772,-23.021,34.560,0.000,-48.497,44.625,-2.334,0.764,-0.143,-0.442
236.779,-17.485,28.419,0.000,-50.193,50.923,-3.575,0.981,-0.133,-0.425
236.785,-11.943,22.278,0.000,-49.539,48.479,-1.894,1.128,-0.121,-0.289
236.792,-5.802,16.138,0.000,-50.226,42.271,0.217,1.333,-0.107,-0.239
236.799,-0.255,9.500,0.000,-50.849,35.545,-0.911,1.518,-0.091,-0.199
236.806,6.383,2.274,0.000,-51.661,36.888,-2.715,1.741,-0.072,-0.194
236.812,13.708,-5.050,0.000,-50.004,37.878,0.177,1.911,-0.051,-0.071
236.819,19.867,-12.367,0.000,-49.236,30.584,0.676,2.073,-0.029,-0.018
236.826,27.181,-19.681,0.000,-46.044,21.905,-0.127,2.197,-0.004,0.151
236.832,33.928,-26.999,0.000,-48.890,22.366,-1.869,2.485,0.022,-0.030
236.839,41.253,-34.825,0.000,-42.826,23.725,-2.553,2.522,0.050,0.254
236.846,48.593,-42.166,0.000,-39.436,23.208,-3.701,2.641,0.079,0.360
236.853,55.962,-49.534,0.000,-36.529,16.272,-2.794,2.775,0.110,0.419
236.859,63.330,-56.902,0.000,-32.895,13.717,-2.195,2.887,0.141,0.475
236.866,70.698,-63.769,0.000,-25.399,11.700,-0.814,2.883,0.172,0.691
236.872,78.066,-71.137,0.000,-22.755,6.172,-0.456,3.025,0.205,0.671
236.879,86.005,-82.126,0.000,-18.838,0.391,-1.663,3.145,0.240,0.717
236.886,92.901,-89.021,0.000,-14.124,-4.247,-2.483,3.211,0.275,0.760
236.892,99.220,-95.340,0.000,-3.022,-10.865,-0.290,3.067,0.309,1.091
236.899,105.539,-101.659,0.000,2.237,-18.619,0.158,3.099,0.344,1.096
236.906,112.425,-109.600,0.000,5.579,-21.094,-1.879,3.205,0.350,1.001
236.912,118.741,-115.916,0.000,9.155,-22.519,-1.129,3.288,0.350,0.910
236.919,124.621,-121.796,0.000,20.855,-32.572,-1.634,3.113,0.350,1.225
236.926,129.308,-126.483,0.000,27.148,-45.234,-2.521,3.065,0.350,1.238
236.932,133.995,-131.724,0.000,31.103,-49.483,-3.829,3.087,0.350,1.105
236.939,138.682,-136.411,0.000,40.846,-53.711,-2.274,2.935,0.350,1.250
236.946,143.369,-141.098,0.000,50.022,-65.516,0.561,2.800,0.350,1.364
236.952,146.582,-144.311,0.000,56.957,-73.745,-1.216,2.689,0.350,1.364
236.959,149.492,-147.221,0.000,62.731,-76.085,-1.078,2.603,0.350,1.285
236.966,152.403,-150.131,0.000,72.924,-82.757,0.741,2.384,0.350,1.447
236.972,155.077,-152.806,0.000,79.890,-88.599,0.395,2.256,0.350,1.434
236.979,157.343,-155.027,0.000,86.604,-93.122,0.405,2.122,0.350,1.378
236.986,158.440,-156.124,0.000,93.531,-96.292,0.668,1.947,0.350,1.353
236.992,159.536,-157.220,0.000,101.648,-105.265,0.327,1.737,0.350,1.417
236.999,159.823,-157.507,0.000,107.407,-110.615,0.333,1.572,0.350,1.356
237.006,159.038,-156.722,0.000,107.807,-110.529,0.446,1.537,0.350,1.005
237.013,158.253,-155.937,0.000,118.272,-116.523,2.514,1.199,0.350,1.239
237.019,159.264,-155.152,0.000,122.741,-125.141,2.626,1.096,0.350,1.149
237.026,157.139,-153.027,0.000,122.237,-126.287,-1.070,1.047,0.350,0.843
237.033,154.521,-150.408,0.000,127.431,-126.234,-1.776,0.813,0.350,0.861
237.039,151.903,-147.790,0.000,127.574,-128.448,-1.373,0.730,0.350,0.673
237.046,149.228,-145.115,0.000,128.834,-133.363,0.233,0.612,0.350,0.563
237.053,144.790,-140.678,0.000,129.071,-134.094,-0.222,0.472,0.350,0.420
237.060,140.353,-136.240,0.000,133.939,-135.284,-0.846,0.192,0.350,0.524
237.066,136.526,-132.373,0.000,135.673,-136.230,1.341,0.026,0.350,0.490
237.073,132.089,-127.936,0.000,137.447,-139.587,1.021,-0.161,0.349,0.462
237.079,128.509,-121.919,0.000,138.131,-140.035,1.550,-0.289,0.346,0.394
237.086,122.365,-115.775,0.000,137.561,-141.418,3.111,-0.456,0.341,0.242
237.093,116.222,-109.632,0.000,139.409,-139.666,2.042,-0.696,0.334,0.256
237.100,110.713,-103.489,0.000,137.336,-144.115,-0.010,-0.799,0.326,0.105
237.106,105.210,-96.781,0.000,135.764,-144.298,-0.048,-0.917,0.317,0.022
237.113,99.226,-90.715,0.000,134.657,-143.067,-0.709,-1.063,0.305,-0.033
237.120,91.902,-83.391,0.000,129.632,-139.840,0.482,-1.132,0.293,-0.276
237.126,83.931,-75.501,0.000,128.922,-135.147,1.711,-1.350,0.278,-0.257
237.133,76.606,-68.177,0.000,123.260,-134.690,0.457,-1.400,0.263,-0.448
237.140,68.642,-60.852,0.000,121.487,-132.296,0.615,-1.585,0.246,-0.431
237.146,61.317,-53.528,0.000,116.822,-129.568,1.559,-1.665,0.228,-0.513
237.153,53.993,-46.203,0.000,111.605,-123.276,0.144,-1.728,0.209,-0.625
237.160,46.629,-38.839,0.000,105.131,-118.503,-1.959,-1.755,0.189,-0.796
237.167,39.259,-31.470,0.000,102.605,-113.957,0.017,-1.900,0.168,-0.719
237.173,31.890,-24.101,0.000,96.377,-107.590,-0.639,-1.935,0.146,-0.846
237.180,24.525,-16.176,0.000,87.962,-100.048,-3.179,-1.903,0.125,-1.028
237.187,16.528,-8.813,0.000,83.539,-96.618,-0.860,-2.010,0.103,-0.984
237.193,9.159,-1.444,0.000,74.421,-92.687,-2.183,-1.958,0.080,-1.160
237.200,2.802,4.913,0.000,71.408,-91.574,-1.340,-2.058,0.058,-0.995
237.207,-4.148,11.234,0.000,61.787,-85.377,0.680,-1.978,0.036,-1.177
237.213,-11.092,18.110,0.000,51.499,-73.590,1.087,-1.878,0.015,-1.347
237.220,-17.413,24.431,0.000,40.530,-63.313,-0.112,-1.738,-0.005,-1.539
237.227,-23.735,30.753,0.000,34.924,-58.123,0.044,-1.760,-0.025,-1.448
237.234,-31.202,35.790,0.000,28.036,-54.196,-0.152,-1.777,-0.045,-1.426
237.240,-35.886,40.474,0.000,18.971,-52.812,-2.634,-1.646,-0.064,-1.483
237.247,-40.570,45.158,0.000,11.146,-47.170,-1.307,-1.551,-0.082,-1.483
237.254,-47.599,50.397,0.000,0.159,-40.182,0.745,-1.433,-0.098,-1.610
237.261,-51.680,54.478,0.000,-8.084,-33.725,1.144,-1.308,-0.113,-1.589
237.267,-54.594,57.392,0.000,-18.099,-27.818,0.652,-1.095,-0.126,-1.658
237.274,-57.509,60.307,0.000,-29.789,-21.157,-2.024,-0.832,-0.136,-1.782
237.281,-73.568,62.118,0.000,-37.593,-12.153,-3.546,-1.079,-0.148,-1.720
237.288,-75.315,63.865,0.000,-48.520,-1.845,-2.535,-0.804,-0.158,-1.794
237.294,-80.220,63.842,0.000,-54.820,2.334,-2.280,-0.762,-0.166,-1.641
237.301,-81.321,64.943,0.000,-65.599,1.470,-1.831,-0.472,-0.173,-1.740
237.308,-83.613,64.897,0.000,-72.577,0.736,-2.279,-0.331,-0.177,-1.622
237.314,-82.937,64.221,0.000,-79.928,7.408,-2.374,-0.090,-0.179,-1.566
237.321,-82.156,63.440,0.000,-89.166,18.046,-2.248,0.210,-0.177,-1.608
237.327,-81.376,62.660,0.000,-95.010,27.111,-0.361,0.409,-0.174,-1.486
237.334,-80.146,61.430,0.000,-101.066,24.301,0.700,0.628,-0.167,-1.396
237.341,-100.577,86.134,0.000,-106.482,22.950,-1.879,0.177,-0.161,-1.300
237.348,-97.963,83.520,0.000,-109.905,25.354,-3.833,0.358,-0.157,-1.127
237.354,-95.349,80.906,0.000,-115.687,32.660,-2.202,0.610,-0.152,-1.123
237.360,-96.997,85.721,0.000,-118.897,33.950,-1.937,0.657,-0.146,-1.071
237.366,-92.564,81.925,0.000,-122.359,37.005,-2.738,0.894,-0.139,-1.019
237.371,-88.130,77.491,0.000,-125.893,37.307,-2.763,1.133,-0.130,-1.001
237.377,-83.696,73.057,0.000,-128.410,38.775,-2.876,1.341,-0.118,-0.932
237.382,-79.082,68.232,0.000,-131.361,38.718,-2.932,1.568,-0.106,-0.935
237.387,-72.941,62.091,0.000,-133.367,41.809,-2.262,1.813,-0.092,-0.858
237.392,-66.800,55.951,0.000,-134.742,45.489,-2.521,2.038,-0.075,-0.737
237.398,-60.659,49.810,0.000,-134.705,45.688,-1.007,2.221,-0.057,-0.548
237.403,-54.519,43.669,0.000,-135.438,47.556,-0.206,2.428,-0.037,-0.434
237.408,-48.378,37.528,0.000,-133.631,49.127,-1.657,2.558,-0.015,-0.174
237.413,-41.141,30.291,0.000,-134.194,51.405,-3.740,2.792,0.008,-0.132
237.418,-33.816,22.967,0.000,-134.599,52.572,-2.295,3.023,0.034,-0.090
237.423,-26.492,15.642,0.000,-135.572,55.578,-0.399,3.272,0.061,-0.128
237.428,-19.168,8.318,0.000,-133.161,55.746,0.846,3.420,0.089,0.046
237.433,-11.843,0.781,0.000,-131.112,53.066,1.029,3.578,0.119,0.142
237.439,-4.519,-6.543,0.000,-129.122,51.662,-0.108,3.738,0.153,0.201
237.444,2.822,-13.884,0.000,-122.816,50.155,-1.476,3.769,0.188,0.506
237.450,10.191,-21.683,0.000,-116.831,47.135,-1.116,3.811,0.223,0.736
237.455,17.559,-29.270,0.000,-113.408,43.632,0.317,3.929,0.261,0.780
237.461,24.927,-36.638,0.000,-110.193,40.023,-0.444,4.054,0.298,0.805
237.466,32.295,-44.007,0.000,-106.338,37.393,-0.906,4.159,0.336,0.864
237.472,39.663,-51.375,0.000,-101.052,33.369,-0.685,4.221,0.350,0.997
237.477,46.545,-58.256,0.000,-94.392,29.112,-1.040,4.228,0.350,1.178
237.483,52.864,-64.575,0.000,-86.968,25.316,-0.181,4.195,0.350,1.348
237.489,59.183,-70.894,0.000,-82.388,21.957,0.204,4.247,0.350,1.296
237.494,65.502,-75.933,0.000,-78.127,20.376,0.627,4.309,0.350,1.216
237.500,71.821,-82.252,0.000,-73.936,16.384,0.452,4.373,0.350,1.147
237.505,77.676,-88.107,0.000,-66.093,9.858,0.258,4.313,0.350,1.282
237.511,82.363,-92.794,0.000,-56.499,0.638,0.218,4.166,0.350,1.500
237.516,87.050,-97.481,0.000,-46.758,-11.164,2.424,4.014,0.350,1.680
237.522,91.737,-100.566,0.000,-40.041,-17.732,2.616,3.953,0.350,1.682
237.527,96.424,-105.253,0.000,-33.949,-22.197,1.057,3.911,0.350,1.639
237.533,99.610,-108.439,0.000,-28.317,-27.986,1.305,3.838,0.350,1.572
237.539,102.521,-111.349,0.000,-25.223,-29.851,2.003,3.832,0.350,1.348
237.544,105.431,-112.946,0.000,-17.133,-36.992,2.934,3.677,0.350,1.433
237.550,108.078,-115.593,0.000,-8.627,-43.088,3.494,3.501,0.350,1.538
237.555,109.174,-116.690,0.000,1.021,-50.663,3.228,3.245,0.350,1.723
237.561,110.271,-117.786,0.000,6.777,-56.292,2.899,3.105,0.350,1.653
237.567,111.368,-118.701,0.000,14.784,-62.573,2.181,2.898,0.350,1.742
237.572,111.626,-118.959,0.000,17.728,-67.632,1.114,2.817,0.350,1.506
237.578,110.841,-118.174,0.000,23.259,-71.409,2.972,2.627,0.350,1.406
237.583,110.055,-117.209,0.000,30.344,-75.317,4.713,2.391,0.350,1.426
237.589,109.270,-116.424,0.000,32.335,-76.609,4.932,2.308,0.350,1.174
237.595,107.117,-114.092,0.000,38.145,-78.307,5.525,2.069,0.350,1.221
237.600,104.499,-111.474,0.000,42.332,-82.927,5.849,1.865,0.350,1.177
237.606,101.881,-108.855,0.000,46.467,-84.726,5.127,1.662,0.350,1.152
237.611,99.178,-105.799,0.000,48.479,-83.583,6.528,1.521,0.350,0.996
237.617,94.741,-101.013,0.000,47.720,-79.489,6.995,1.411,0.350,0.687
237.623,90.304,-96.576,0.000,48.338,-75.536,7.683,1.259,0.350,0.507
237.628,85.866,-92.138,0.000,51.976,-77.198,6.629,1.017,0.350,0.548
237.634,81.429,-87.701,0.000,56.245,-77.486,6.941,0.755,0.350,0.644
237.640,75.956,-82.228,0.000,58.542,-77.769,7.716,0.522,0.350,0.618
237.645,69.664,-74.087,0.000,59.977,-77.602,7.638,0.291,0.350,0.555
237.651,63.521,-67.944,0.000,56.221,-74.144,7.014,0.219,0.350,0.206
237.656,57.377,-60.386,0.000,53.298,-72.579,5.806,0.122,0.350,-0.058
237.662,51.234,-54.243,0.000,49.714,-69.366,5.325,0.046,0.350,-0.334
237.668,44.586,-47.595,0.000,48.977,-68.583,6.563,-0.132,0.348,-0.339
237.673,37.261,-40.270,0.000,47.555,-71.333,7.875,-0.309,0.346,-0.357
237.679,29.937,-32.945,0.000,45.586,-75.028,8.292,-0.469,0.342,-0.385
237.684,22.612,-25.621,0.000,44.981,-75.544,8.429,-0.671,0.337,-0.301
237.690,15.139,-16.330,0.000,40.813,-71.279,9.181,-0.770,0.330,-0.444
237.696,7.821,-9.012,0.000,38.296,-70.555,9.567,-0.914,0.321,-0.485
237.702,0.507,-1.698,0.000,32.858,-68.046,9.398,-0.971,0.311,-0.701
237.708,-6.847,5.656,0.000,31.497,-70.995,9.066,-1.150,0.300,-0.618
237.714,-14.216,13.175,0.000,28.702,-70.622,8.631,-1.288,0.287,-0.620
237.720,-21.585,20.693,0.000,23.788,-65.742,8.622,-1.361,0.274,-0.726
237.725,-28.954,28.062,0.000,16.978,-59.064,7.373,-1.378,0.261,-0.943
237.731,-36.323,35.431,0.000,13.057,-52.886,7.210,-1.481,0.247,-0.973
237.737,-43.693,42.949,0.000,10.708,-45.615,7.773,-1.632,0.231,-0.887
237.743,-50.037,49.293,0.000,8.658,-40.401,9.235,-1.761,0.215,-0.776
237.749,-56.358,55.614,0.000,4.464,-40.136,8.364,-1.825,0.197,-0.777
237.755,-62.679,61.936,0.000,-1.763,-34.102,7.474,-1.827,0.179,-0.891
237.760,-69.001,68.257,0.000,-9.043,-25.034,8.003,-1.799,0.162,-1.019
237.766,-75.322,74.579,0.000,-18.458,-11.881,6.372,-1.706,0.145,-1.269
237.772,-80.340,79.746,0.000,-24.689,-1.484,6.091,-1.670,0.128,-1.324
237.778,-85.031,84.436,0.000,-29.402,4.328,8.585,-1.669,0.112,-1.292
237.783,-89.721,89.127,0.000,-34.001,9.821,8.794,-1.672,0.096,-1.224
237.789,-94.412,93.817,0.000,-39.442,12.782,9.322,-1.649,0.081,-1.189
237.795,-98.464,97.869,0.000,-46.307,18.768,8.091,-1.565,0.067,-1.240
237.800,-101.378,100.783,0.000,-53.625,25.323,6.363,-1.433,0.053,-1.314
237.806,-104.293,103.698,0.000,-61.926,28.121,5.824,-1.271,0.041,-1.467
237.811,-107.207,106.613,0.000,-68.188,34.314,4.966,-1.171,0.029,-1.496
237.817,-108.925,108.330,0.000,-72.888,42.203,7.796,-1.081,0.018,-1.432
237.823,-110.026,109.431,0.000,-76.637,48.195,9.465,-1.002,0.008,-1.299
237.828,-111.127,110.532,0.000,-82.162,53.741,9.573,-0.869,-0.000,-1.255
237.834,-112.228,111.782,0.000,-85.495,56.175,9.374,-0.802,-0.007,-1.093
237.839,-111.522,111.076,0.000,-91.631,59.433,7.854,-0.597,-0.012,-1.140
237.844,-110.741,110.295,0.000,-98.954,63.771,8.586,-0.354,-0.015,-1.236
237.849,-109.960,109.514,0.000,-106.344,71.830,10.063,-0.108,-0.016,-1.323
237.854,-108.701,108.255,0.000,-114.337,77.977,8.117,0.169,-0.015,-1.443
237.859,-106.087,105.790,0.000,-120.939,77.720,8.280,0.446,-0.012,-1.451
237.864,-103.473,103.622,0.000,-123.811,81.256,9.728,0.610,-0.006,-1.221
237.870,-100.859,101.008,0.000,-131.478,86.965,10.959,0.919,0.001,-1.334
237.876,-97.223,97.372,0.000,-132.274,88.615,10.774,1.052,0.011,-1.076
237.882,-92.790,93.834,0.000,-135.055,86.973,10.660,1.268,0.023,-0.945
237.888,-88.356,90.458,0.000,-141.201,93.795,7.010,1.585,0.038,-0.994
237.894,-83.922,86.024,0.000,-147.339,99.542,7.388,1.902,0.055,-1.079
237.899,-79.280,81.382,0.000,-149.008,102.206,8.461,2.092,0.073,-0.947
237.905,-73.139,75.242,0.000,-147.441,102.300,7.941,2.229,0.094,-0.649
237.911,-66.999,69.101,0.000,-150.211,100.547,7.734,2.496,0.117,-0.633
237.916,-60.858,62.960,0.000,-150.521,102.068,8.007,2.690,0.142,-0.459
237.922,-54.717,56.819,0.000,-152.002,103.551,8.366,2.919,0.168,-0.415
237.928,-48.576,54.207,0.000,-150.642,104.885,10.122,3.062,0.197,-0.247
237.934,-41.320,47.122,0.000,-147.657,99.389,8.960,3.190,0.230,-0.027
237.940,-33.996,43.313,0.000,-148.357,101.335,8.984,3.431,0.265,-0.050
237.946,-26.671,35.989,0.000,-146.750,99.841,10.642,3.602,0.300,0.021
237.953,-19.496,29.480,0.000,-139.854,90.258,4.901,3.611,0.339,0.358
237.959,-12.171,22.156,0.000,-140.622,96.405,5.363,3.854,0.350,0.243
237.966,-4.698,15.463,0.000,-137.737,91.276,4.412,3.991,0.350,0.334
237.972,2.644,8.121,0.000,-130.473,92.131,4.837,3.993,0.350,0.623
237.978,10.012,0.752,0.000,-123.148,88.120,9.364,3.995,0.350,0.814
237.984,17.380,-6.616,0.000,-114.828,79.011,8.125,3.966,0.350,1.030
237.990,24.600,-12.666,0.000,-109.269,80.078,5.409,4.016,0.350,1.071
237.996,31.968,-20.034,0.000,-97.979,72.616,6.776,3.898,0.350,1.338
238.003,39.187,-26.244,0.000,-91.414,72.807,2.848,3.918,0.350,1.337
238.009,46.052,-33.108,0.000,-85.786,72.672,6.746,3.955,0.350,1.254
238.015,52.371,-39.189,0.000,-78.074,64.289,3.552,3.913,0.350,1.354
238.021,58.690,-45.508,0.000,-70.787,64.841,3.776,3.884,0.350,1.399
238.027,65.009,-51.096,0.000,-60.504,60.552,8.122,3.765,0.350,1.579
238.033,71.328,-57.166,0.000,-54.523,55.728,5.104,3.776,0.350,1.503
238.039,77.157,-62.995,0.000,-49.250,55.957,4.581,3.792,0.350,1.420
238.046,81.844,-67.682,0.000,-37.554,44.380,5.382,3.582,0.350,1.640
238.052,86.531,-72.369,0.000,-30.702,39.726,1.048,3.517,0.350,1.593
238.058,91.218,-77.056,0.000,-26.298,39.663,6.853,3.525,0.350,1.420
238.064,95.905,-81.743,0.000,-17.425,27.853,7.678,3.400,0.350,1.510
238.070,99.062,-84.900,0.000,-10.359,27.357,4.808,3.283,0.350,1.499
238.076,101.972,-87.811,0.000,-3.669,19.880,6.111,3.169,0.350,1.452
238.082,104.883,-90.721,0.000,3.833,11.711,2.539,3.031,0.350,1.489
238.088,107.500,-93.587,0.000,6.949,8.961,2.616,3.017,0.350,1.292
238.095,108.597,-94.684,0.000,15.934,-2.958,5.085,2.780,0.350,1.437
238.101,109.694,-95.781,0.000,18.952,-6.118,1.940,2.722,0.350,1.235
238.107,110.939,-96.877,0.000,20.422,-6.058,5.086,2.716,0.350,0.981
238.113,111.167,-97.105,0.000,29.055,-13.160,4.074,2.463,0.350,1.156
238.120,110.382,-96.320,0.000,30.642,-14.222,4.513,2.392,0.350,0.953
238.126,109.597,-95.535,0.000,37.458,-23.138,7.961,2.164,0.350,1.044
238.133,108.811,-94.750,0.000,42.687,-26.098,2.309,1.984,0.350,1.042
238.139,106.629,-92.567,0.000,47.842,-29.802,3.205,1.764,0.350,0.989
238.146,104.011,-89.949,0.000,54.042,-38.319,-0.521,1.499,0.350,1.056
238.152,101.690,-87.331,0.000,53.356,-33.629,1.717,1.450,0.350,0.771
238.157,98.958,-84.598,0.000,55.846,-34.579,5.319,1.293,0.350,0.684
238.163,94.521,-80.161,0.000,59.754,-38.617,6.504,1.043,0.350,0.722
238.169,90.083,-75.724,0.000,61.460,-40.816,3.925,0.859,0.350,0.647
238.174,85.646,-71.286,0.000,62.932,-38.552,4.580,0.681,0.350,0.587
238.180,81.209,-66.849,0.000,61.155,-37.168,3.879,0.602,0.350,0.321
238.186,75.708,-61.349,0.000,64.016,-35.949,3.598,0.351,0.350,0.357
238.191,69.714,-58.221,0.000,68.428,-37.540,5.152,0.039,0.350,0.500
238.197,63.570,-52.078,0.000,70.034,-38.739,3.332,-0.194,0.349,0.488
238.202,57.427,-45.934,0.000,71.789,-42.338,0.245,-0.431,0.347,0.509
238.208,51.284,-39.791,0.000,71.112,-40.804,-1.189,-0.595,0.342,0.369
238.213,44.616,-33.124,0.000,69.184,-38.004,1.152,-0.737,0.335,0.160
238.219,37.292,-26.230,0.000,70.133,-35.923,4.267,-0.985,0.327,0.167
238.225,29.967,-18.906,0.000,71.378,-35.627,5.673,-1.242,0.316,0.206
238.230,22.643,-11.581,0.000,70.518,-34.505,6.452,-1.436,0.304,0.132
238.236,15.318,-4.257,0.000,67.692,-32.938,5.606,-1.571,0.290,-0.029
238.242,7.994,2.856,0.000,62.463,-26.671,3.925,-1.634,0.275,-0.329
238.247,0.669,10.180,0.000,60.716,-20.976,3.777,-1.801,0.260,-0.397
238.252,-6.696,17.335,0.000,57.619,-15.359,3.463,-1.929,0.242,-0.511
238.258,-14.065,24.289,0.000,56.098,-12.272,5.074,-2.105,0.222,-0.528
238.263,-21.434,31.658,0.000,52.452,-8.328,6.092,-2.217,0.201,-0.637
238.269,-28.803,39.234,0.000,50.375,-5.026,6.814,-2.375,0.179,-0.595
238.274,-36.172,46.396,0.000,47.130,-1.906,6.443,-2.499,0.157,-0.599
238.280,-43.541,53.561,0.000,43.036,-0.533,3.957,-2.597,0.133,-0.658
238.286,-49.865,59.884,0.000,38.126,5.148,3.852,-2.640,0.109,-0.758
238.291,-56.037,65.801,0.000,32.000,11.893,4.567,-2.641,0.084,-0.930
238.297,-62.359,72.123,0.000,25.450,17.287,5.519,-2.634,0.059,-1.104
238.302,-68.383,76.712,0.000,22.124,19.700,5.131,-2.715,0.033,-1.029
238.309,-74.704,83.033,0.000,15.050,23.092,5.904,-2.693,0.005,-1.113
238.315,-79.690,88.019,0.000,6.142,30.999,5.183,-2.575,-0.023,-1.257
238.322,-84.380,92.709,0.000,-3.148,42.050,5.037,-2.437,-0.051,-1.427
238.328,-87.417,95.441,0.000,-10.341,45.104,5.988,-2.312,-0.076,-1.430
238.335,-92.101,100.125,0.000,-15.972,49.857,4.387,-2.284,-0.102,-1.322
238.342,-94.260,103.304,0.000,-24.414,60.098,2.772,-2.095,-0.126,-1.406
238.348,-96.694,106.218,0.000,-31.185,62.480,4.656,-1.965,-0.149,-1.380
238.355,-99.608,109.133,0.000,-39.236,69.511,5.793,-1.811,-0.170,-1.387
238.362,-102.523,112.047,0.000,-47.006,80.961,2.979,-1.665,-0.189,-1.411
238.369,-101.312,113.081,0.000,-52.886,87.053,4.903,-1.453,-0.205,-1.324
238.375,-102.413,114.183,0.000,-63.938,96.635,5.963,-1.154,-0.220,-1.524
238.382,-103.515,115.284,0.000,-63.401,97.476,4.419,-1.203,-0.233,-1.129
238.389,-104.616,116.385,0.000,-67.860,99.817,1.684,-1.103,-0.245,-1.038
238.395,-99.057,114.381,0.000,-78.757,110.682,4.481,-0.609,-0.254,-1.295
238.402,-95.923,113.291,0.000,-83.391,113.912,6.819,-0.376,-0.260,-1.201
238.409,-95.142,112.510,0.000,-92.173,120.123,8.197,-0.089,-0.262,-1.294
238.416,-93.353,111.220,0.000,-96.995,126.030,8.131,0.109,-0.262,-1.206
238.422,-90.229,108.606,0.000,-101.590,128.415,5.268,0.341,-0.258,-1.112
238.429,-87.615,105.992,0.000,-109.167,135.892,6.048,0.647,-0.252,-1.194
238.436,-83.406,103.224,0.000,-111.650,133.912,6.521,0.847,-0.244,-1.019
238.442,-79.740,99.558,0.000,-114.836,134.447,7.549,1.053,-0.233,-0.909
238.449,-75.307,95.125,0.000,-113.828,127.985,6.398,1.156,-0.220,-0.639
238.456,-67.985,90.691,0.000,-116.545,129.954,3.831,1.457,-0.205,-0.597
238.463,-63.551,86.257,0.000,-116.926,130.030,4.428,1.601,-0.188,-0.501
238.469,-58.881,81.587,0.000,-118.023,126.555,3.276,1.774,-0.169,-0.444
238.476,-52.740,75.446,0.000,-121.048,127.070,4.863,2.049,-0.147,-0.464
238.483,-46.599,69.305,0.000,-118.726,121.004,1.104,2.164,-0.124,-0.248
238.489,-40.458,63.164,0.000,-118.554,124.822,1.971,2.343,-0.098,-0.178
238.496,-34.318,57.024,0.000,-110.807,117.401,5.256,2.295,-0.072,0.213
238.503,-17.457,49.819,0.000,-105.725,113.924,4.781,2.648,-0.044,0.400
238.510,-10.181,42.543,0.000,-101.157,113.210,6.777,2.729,-0.014,0.507
238.517,-2.856,35.219,0.000,-94.207,108.436,5.515,2.741,0.016,0.696
238.523,4.468,27.895,0.000,-90.580,109.971,6.194,2.851,0.047,0.697
238.530,11.792,20.570,0.000,-82.755,107.675,7.301,2.836,0.079,0.898
238.537,19.117,13.246,0.000,-78.766,106.052,4.546,2.936,0.112,0.878
238.543,30.822,4.428,0.000,-77.731,108.772,4.077,3.257,0.146,0.658
238.549,38.164,-2.915,0.000,-67.829,102.862,3.105,3.180,0.176,1.038
238.554,45.532,-10.283,0.000,-60.644,98.249,0.669,3.185,0.205,1.191
238.560,52.901,-17.651,0.000,-55.573,97.821,0.643,3.254,0.235,1.203
238.565,62.150,-25.168,0.000,-51.577,96.097,2.129,3.412,0.266,1.136
238.571,69.518,-32.536,0.000,-47.892,92.759,2.229,3.522,0.298,1.019
238.576,76.886,-39.905,0.000,-41.150,87.824,2.099,3.541,0.329,1.085
238.582,88.780,-46.752,0.000,-33.039,80.719,2.221,3.655,0.350,1.225
238.588,98.940,-53.071,0.000,-22.853,71.796,3.508,3.654,0.350,1.477
238.593,105.259,-59.390,0.000,-16.438,67.169,3.178,3.651,0.350,1.471
238.599,111.578,-65.709,0.000,-11.169,63.720,3.701,3.682,0.350,1.412
238.604,122.620,-72.177,0.000,-6.026,61.426,2.018,3.859,0.350,1.355
238.610,129.661,-77.978,0.000,3.713,52.703,1.968,3.778,0.350,1.514
238.616,134.348,-82.665,0.000,12.700,47.256,0.587,3.649,0.350,1.607
238.621,139.035,-87.352,0.000,21.634,38.551,-0.591,3.522,0.350,1.716
238.627,146.271,-92.188,0.000,31.201,30.930,-0.416,3.452,0.350,1.836
238.633,150.958,-96.875,0.000,39.607,25.015,-0.221,3.341,0.350,1.825
238.639,154.086,-100.003,0.000,47.116,22.519,2.112,3.209,0.350,1.736
238.645,157.649,-102.913,0.000,57.632,18.486,1.599,3.000,0.350,1.817
238.651,161.218,-105.824,0.000,68.542,9.636,1.711,2.780,0.350,1.933
238.657,163.806,-108.411,0.000,79.362,3.723,1.905,2.533,0.350,2.027
238.663,164.902,-109.508,0.000,85.359,-0.628,-0.094,2.386,0.350,1.829
238.670,165.999,-110.605,0.000,95.904,-4.273,-1.079,2.103,0.350,1.890
238.676,167.096,-111.701,0.000,106.083,-12.688,-2.277,1.830,0.350,1.951
238.682,167.292,-111.898,0.000,115.283,-20.429,-2.956,1.560,0.350,1.966
238.688,166.507,-111.261,0.000,120.992,-23.359,-2.690,1.365,0.350,1.784
238.694,165.722,-110.476,0.000,128.640,-23.879,-2.071,1.112,0.350,1.683
238.701,164.936,-109.691,0.000,137.512,-30.089,-0.136,0.823,0.350,1.716
238.707,162.724,-107.478,0.000,142.955,-34.458,-0.443,0.593,0.350,1.568
238.714,160.105,-104.860,0.000,146.944,-34.892,-1.892,0.395,0.350,1.367
238.720,158.152,-102.242,0.000,155.088,-37.292,-1.561,0.092,0.350,1.378
238.727,155.390,-99.479,0.000,159.112,-40.590,-1.704,-0.112,0.350,1.238
238.733,150.952,-95.042,0.000,165.542,-50.682,-2.175,-0.438,0.347,1.267
238.740,146.515,-90.605,0.000,165.731,-47.953,-5.086,-0.576,0.341,0.970
238.746,142.078,-86.316,0.000,168.634,-46.800,-6.641,-0.797,0.333,0.863
238.752,137.640,-81.879,0.000,170.728,-45.207,-5.762,-0.993,0.323,0.734
238.758,132.112,-76.499,0.000,172.857,-44.491,-3.284,-1.222,0.311,0.647
238.765,125.968,-70.356,0.000,173.924,-48.842,-1.858,-1.439,0.295,0.520
238.772,119.825,-64.213,0.000,175.468,-51.341,-1.798,-1.669,0.278,0.467
238.779,113.682,-58.069,0.000,174.736,-47.666,-3.729,-1.832,0.258,0.312
238.785,104.916,-52.224,0.000,173.929,-42.784,-5.258,-2.070,0.235,0.195
238.792,92.680,-45.837,0.000,174.040,-42.737,-2.435,-2.441,0.208,0.138
238.799,83.610,-39.266,0.000,174.006,-41.721,-1.258,-2.712,0.179,0.101
238.806,74.591,-31.941,0.000,170.582,-43.128,-0.090,-2.880,0.148,-0.076
238.812,67.266,-24.617,0.000,166.387,-45.055,-0.368,-2.974,0.114,-0.247
238.819,49.839,-18.522,0.000,163.346,-38.084,-3.428,-3.405,0.079,-0.332
238.826,39.433,-11.198,0.000,159.669,-31.545,-5.115,-3.607,0.039,-0.428
238.832,32.109,-3.873,0.000,155.715,-29.891,-5.215,-3.708,-0.002,-0.510
238.839,23.078,3.022,0.000,150.761,-27.364,-4.725,-3.830,-0.042,-0.633
238.845,15.709,10.232,0.000,145.419,-23.246,-1.656,-3.891,-0.082,-0.750
238.851,8.340,17.282,0.000,139.541,-22.095,0.630,-3.936,-0.121,-0.845
238.857,0.971,24.651,0.000,132.934,-19.746,1.966,-3.959,-0.163,-0.958
238.864,-6.398,32.020,0.000,124.601,-16.258,0.827,-3.930,-0.203,-1.146
238.870,-13.751,38.888,0.000,115.940,-12.025,0.308,-3.891,-0.243,-1.305
238.876,-20.073,45.209,0.000,108.336,-6.834,-1.727,-3.852,-0.282,-1.363
238.882,-26.394,51.531,0.000,100.752,-2.313,-2.968,-3.814,-0.321,-1.399
238.888,-32.716,56.513,0.000,92.920,2.490,-2.018,-3.769,-0.350,-1.431
238.894,-39.037,62.834,0.000,84.884,6.660,-2.006,-3.718,-0.350,-1.469
238.900,-45.358,69.156,0.000,77.318,13.032,-2.529,-3.680,-0.350,-1.489
238.907,-50.317,73.417,0.000,66.439,17.819,-2.915,-3.503,-0.350,-1.671
238.913,-55.008,77.930,0.000,57.878,24.970,-2.325,-3.387,-0.350,-1.695
238.919,-59.289,82.621,0.000,50.464,31.102,-3.249,-3.293,-0.350,-1.654
238.926,-63.979,87.311,0.000,42.792,42.154,-1.789,-3.203,-0.350,-1.598
238.932,-67.966,91.298,0.000,33.497,52.451,1.202,-3.044,-0.350,-1.648
238.939,-70.881,94.213,0.000,29.795,52.912,0.481,-3.020,-0.350,-1.422
238.946,-72.963,96.948,0.000,23.654,53.263,0.064,-2.899,-0.350,-1.349
238.953,-75.878,99.863,0.000,15.413,62.344,-0.414,-2.739,-0.350,-1.384
238.959,-74.928,101.334,0.000,8.981,68.477,-0.189,-2.517,-0.350,-1.350
238.966,-75.580,102.435,0.000,3.254,77.624,0.931,-2.365,-0.350,-1.286
238.973,-76.679,103.534,0.000,-2.269,86.028,-0.253,-2.232,-0.350,-1.224
238.979,-74.986,104.453,0.000,-10.415,86.122,1.272,-1.937,-0.350,-1.303
238.986,-74.216,103.683,0.000,-14.486,86.498,2.355,-1.792,-0.350,-1.176
238.993,-72.954,102.902,0.000,-21.558,92.441,1.003,-1.542,-0.350,-1.209
239.000,-72.173,101.938,0.000,-25.989,95.503,-1.475,-1.385,-0.350,-1.115
239.006,-70.852,100.618,0.000,-31.468,98.707,1.172,-1.182,-0.350,-1.107
239.013,-68.238,98.004,0.000,-36.951,102.071,-0.946,-0.939,-0.350,-1.087
239.019,-65.624,95.389,0.000,-40.617,103.908,-1.167,-0.750,-0.350,-0.974
239.026,-63.010,92.775,0.000,-45.444,107.226,-2.990,-0.527,-0.350,-0.963
239.032,-59.313,89.078,0.000,-51.048,114.460,-1.513,-0.248,-0.350,-1.021
239.039,-55.361,84.645,0.000,-52.369,117.668,1.769,-0.090,-0.350,-0.841
239.045,-50.927,80.211,0.000,-53.522,115.456,2.175,0.078,-0.349,-0.674
239.052,-46.494,75.593,0.000,-54.051,113.497,0.420,0.227,-0.347,-0.504
239.058,-41.794,70.893,0.000,-56.810,117.783,0.675,0.450,-0.343,-0.520
239.065,-35.653,64.566,0.000,-56.081,120.280,0.702,0.613,-0.337,-0.371
239.072,-29.513,58.426,0.000,-55.790,116.205,1.529,0.788,-0.329,-0.256
239.079,-23.372,52.285,0.000,-56.406,116.244,-1.169,0.991,-0.318,-0.210
239.085,-16.749,46.144,0.000,-55.695,118.157,-1.163,1.168,-0.306,-0.148
239.092,-10.608,40.003,0.000,-51.360,112.764,2.195,1.223,-0.293,0.080
239.099,-3.312,32.707,0.000,-49.742,106.276,-1.153,1.393,-0.277,0.150
239.106,4.012,25.383,0.000,-48.577,104.083,-1.956,1.578,-0.261,0.154
239.112,11.337,17.871,0.000,-42.481,101.826,-0.829,1.615,-0.243,0.405
239.119,18.661,10.546,0.000,-38.986,97.055,3.004,1.729,-0.223,0.473
239.126,25.985,3.222,0.000,-35.207,95.203,0.945,1.836,-0.204,0.511
239.132,33.310,-4.102,0.000,-25.344,86.727,2.153,1.760,-0.184,0.818
239.139,40.653,-11.446,0.000,-19.342,77.324,-0.266,1.800,-0.164,0.920
239.146,48.021,-18.814,0.000,-19.146,75.610,-1.373,2.015,-0.142,0.702
239.153,55.390,-26.182,0.000,-12.757,74.773,-1.768,2.044,-0.120,0.815
239.159,62.269,-33.356,0.000,-4.414,68.215,-2.163,2.000,-0.097,1.040
239.166,69.627,-40.714,0.000,-3.309,66.826,-1.763,2.188,-0.074,0.843
239.172,76.985,-48.072,0.000,2.468,60.969,1.251,2.235,-0.050,0.886
239.179,83.809,-54.896,0.000,12.892,53.017,4.379,2.128,-0.026,1.150
239.186,90.119,-61.206,0.000,16.711,43.936,2.302,2.202,-0.001,1.079
239.192,95.961,-67.902,0.000,20.387,46.698,1.411,2.267,0.024,0.973
239.199,102.280,-74.412,0.000,29.550,42.123,2.066,2.182,0.048,1.169
239.206,108.599,-80.731,0.000,33.159,35.915,-0.792,2.263,0.073,1.066
239.212,114.383,-87.098,0.000,37.376,31.882,-1.704,2.310,0.099,0.988
239.219,119.070,-91.785,0.000,47.133,23.334,-0.099,2.158,0.123,1.206
239.226,123.757,-96.472,0.000,53.645,11.502,-2.216,2.103,0.147,1.238
239.232,128.444,-101.159,0.000,58.741,4.235,1.293,2.091,0.170,1.164
239.239,133.131,-106.646,0.000,66.449,-1.585,1.728,2.000,0.192,1.240
239.246,136.240,-109.755,0.000,75.110,-9.394,1.249,1.834,0.214,1.355
239.252,139.151,-112.666,0.000,76.131,-11.148,-0.883,1.891,0.234,1.055
239.259,142.061,-115.576,0.000,84.939,-20.201,-0.302,1.714,0.254,1.199
239.265,144.630,-119.402,0.000,93.188,-28.554,-1.126,1.543,0.272,1.295
239.272,145.726,-122.058,0.000,94.122,-30.293,-2.917,1.548,0.289,1.025
239.279,146.823,-123.155,0.000,103.012,-31.707,-0.658,1.314,0.304,1.182
239.285,147.920,-127.192,0.000,105.729,-35.182,1.634,1.266,0.319,1.028
239.292,148.096,-127.368,0.000,107.279,-37.705,-0.191,1.225,0.333,0.850
239.299,147.311,-130.205,0.000,114.913,-42.838,-0.094,0.972,0.344,0.961
239.306,147.003,-129.719,0.000,122.460,-48.562,-1.783,0.736,0.350,1.095
239.312,146.218,-128.934,0.000,124.294,-52.052,-3.217,0.658,0.350,0.923
239.319,144.468,-128.888,0.000,125.899,-48.357,-1.898,0.557,0.350,0.763
239.326,141.850,-126.270,0.000,132.918,-50.924,-1.009,0.268,0.350,0.901
239.332,139.232,-123.651,0.000,134.870,-56.155,0.445,0.131,0.350,0.793
239.339,136.450,-120.870,0.000,136.154,-61.628,0.618,0.009,0.350,0.654
239.346,132.013,-119.848,0.000,138.571,-64.468,1.406,-0.197,0.348,0.565
239.352,127.575,-116.506,0.000,142.885,-73.181,0.731,-0.459,0.344,0.632
239.359,123.138,-112.069,0.000,143.738,-76.883,-1.679,-0.618,0.338,0.533
239.366,118.218,-109.537,0.000,144.477,-79.445,-1.612,-0.788,0.330,0.422
239.372,112.672,-103.990,0.000,147.811,-85.577,1.090,-1.054,0.319,0.452
239.379,106.528,-97.847,0.000,150.573,-92.782,5.136,-1.321,0.305,0.461
239.386,100.385,-91.704,0.000,148.685,-92.071,-0.859,-1.449,0.289,0.258
239.392,94.242,-85.560,0.000,148.656,-84.776,-1.484,-1.632,0.271,0.184
239.399,88.099,-79.417,0.000,146.605,-84.571,-0.755,-1.755,0.253,0.055
239.406,81.399,-72.718,0.000,144.343,-86.251,0.069,-1.888,0.232,-0.066
239.412,71.735,-82.962,0.000,139.912,-86.894,-0.632,-2.045,0.210,-0.272
239.419,63.508,-75.638,0.000,138.159,-82.513,0.415,-2.240,0.186,-0.302
239.426,56.183,-68.313,0.000,136.422,-82.373,-0.384,-2.407,0.160,-0.302
239.433,48.859,-60.989,0.000,132.691,-80.731,-1.142,-2.515,0.132,-0.372
239.439,41.534,-53.664,0.000,128.084,-74.755,0.316,-2.596,0.103,-0.529
239.446,29.962,-48.068,0.000,126.757,-69.098,1.737,-2.904,0.071,-0.474
239.453,21.404,-40.702,0.000,122.118,-69.544,1.985,-3.021,0.038,-0.546
239.459,11.767,-33.339,0.000,115.356,-65.555,-1.576,-3.108,0.004,-0.716
239.466,4.040,-27.158,0.000,107.823,-59.532,-2.538,-3.113,-0.031,-0.899
239.473,-3.329,-19.789,0.000,104.249,-58.083,0.633,-3.227,-0.067,-0.856
239.480,-10.698,-12.420,0.000,97.374,-55.687,2.415,-3.242,-0.104,-0.950
239.486,-22.142,-5.674,0.000,90.376,-59.693,0.864,-3.376,-0.142,-1.024
239.493,-29.719,0.647,0.000,81.850,-54.023,0.400,-3.347,-0.180,-1.160
239.500,-36.346,6.969,0.000,73.024,-48.324,2.450,-3.281,-0.217,-1.300
239.507,-43.566,13.290,0.000,68.051,-44.662,2.837,-3.348,-0.254,-1.218
239.513,-50.470,19.611,0.000,58.009,-44.140,0.627,-3.254,-0.291,-1.358
239.520,-57.079,25.933,0.000,46.367,-41.086,0.899,-3.103,-0.326,-1.566
239.527,-62.024,30.877,0.000,39.930,-31.763,-0.024,-3.059,-0.350,-1.494
239.534,-68.376,35.568,0.000,32.289,-26.259,-0.192,-3.020,-0.350,-1.449
239.540,-73.066,40.258,0.000,20.047,-23.252,-0.314,-2.793,-0.350,-1.649
239.547,-77.757,44.949,0.000,10.209,-20.594,0.418,-2.639,-0.350,-1.706
239.554,-83.786,48.312,0.000,1.558,-10.887,-0.577,-2.560,-0.350,-1.688
239.560,-86.699,51.830,0.000,-5.700,-0.273,-1.812,-2.430,-0.350,-1.603
239.567,-89.614,54.744,0.000,-15.413,1.196,0.512,-2.226,-0.350,-1.662
239.574,-92.528,57.659,0.000,-24.004,2.420,2.123,-2.056,-0.350,-1.652
239.581,-94.167,59.298,0.000,-35.826,9.378,-0.510,-1.750,-0.350,-1.787
239.587,-95.268,60.399,0.000,-42.328,17.087,1.144,-1.588,-0.350,-1.654
239.594,-96.369,61.500,0.000,-50.402,19.170,1.879,-1.379,-0.350,-1.610
239.601,-101.748,62.594,0.000,-58.576,21.358,1.716,-1.295,-0.350,-1.584
239.608,-101.171,61.813,0.000,-65.487,28.663,0.395,-1.071,-0.350,-1.532
239.614,-100.391,61.033,0.000,-69.877,35.959,1.135,-0.915,-0.350,-1.362
239.621,-100.800,60.252,0.000,-76.528,38.449,0.158,-0.728,-0.350,-1.311
239.628,-99.462,58.913,0.000,-85.968,41.206,-2.212,-0.405,-0.350,-1.410
239.635,-96.848,56.299,0.000,-90.675,46.121,0.466,-0.185,-0.350,-1.294
239.641,-97.134,54.284,0.000,-93.512,45.874,1.514,-0.109,-0.350,-1.089
239.648,-94.520,51.670,0.000,-100.419,51.021,-1.174,0.177,-0.349,-1.126
239.655,-91.151,47.962,0.000,-107.277,56.879,-1.752,0.484,-0.345,-1.182
239.661,-87.709,44.121,0.000,-108.599,56.670,-0.078,0.627,-0.339,-0.966
239.668,-83.918,40.275,0.000,-114.474,51.626,-0.855,0.917,-0.329,-0.978
239.675,-79.484,35.841,0.000,-120.993,58.561,-1.271,1.245,-0.316,-1.019
239.682,-75.556,31.128,0.000,-123.389,63.348,-0.348,1.435,-0.301,-0.905
239.689,-69.415,24.987,0.000,-123.834,53.533,1.178,1.633,-0.283,-0.691
239.695,-63.274,18.846,0.000,-126.616,48.877,0.393,1.900,-0.263,-0.644
239.702,-57.134,12.705,0.000,-125.412,50.521,-0.665,2.048,-0.241,-0.442
239.709,-53.716,8.293,0.000,-126.705,46.287,0.083,2.190,-0.218,-0.395
239.715,-47.575,2.152,0.000,-127.570,45.152,0.713,2.400,-0.193,-0.346
239.721,-40.567,-5.724,0.000,-127.332,46.360,1.395,2.603,-0.166,-0.289
239.727,-33.243,-13.049,0.000,-122.153,42.488,-0.038,2.667,-0.141,0.061
239.733,-25.918,-20.373,0.000,-118.615,39.404,0.268,2.781,-0.115,0.271
239.738,-18.594,-27.697,0.000,-114.765,35.646,0.226,2.885,-0.088,0.483
239.744,-11.418,-36.180,0.000,-114.536,34.436,-2.055,3.094,-0.059,0.418
239.750,-4.094,-43.504,0.000,-115.842,35.500,-1.428,3.352,-0.028,0.265
239.755,3.250,-50.848,0.000,-113.046,33.125,-0.233,3.489,0.005,0.353
239.761,10.618,-58.216,0.000,-109.342,32.681,0.595,3.599,0.038,0.441
239.767,17.986,-65.584,0.000,-102.973,29.843,0.154,3.629,0.072,0.688
239.772,25.354,-72.952,0.000,-96.755,23.398,-0.249,3.663,0.106,0.875
239.778,32.723,-80.321,0.000,-93.187,18.223,-0.474,3.777,0.140,0.880
239.783,40.091,-87.689,0.000,-89.151,15.587,0.190,3.877,0.176,0.903
239.789,46.912,-94.510,0.000,-84.610,12.182,1.012,3.946,0.212,0.940
239.794,53.231,-100.829,0.000,-77.742,6.300,1.821,3.929,0.248,1.052
239.800,59.550,-106.566,0.000,-73.273,2.682,0.995,3.985,0.284,1.000
239.806,65.869,-112.885,0.000,-65.401,-5.814,1.710,3.938,0.322,1.167
239.811,72.188,-121.565,0.000,-60.194,-8.556,-2.081,3.971,0.350,1.202
239.817,77.948,-127.325,0.000,-52.571,-12.862,-0.874,3.916,0.350,1.369
239.822,82.635,-132.617,0.000,-46.981,-18.107,0.455,3.888,0.350,1.347
239.828,87.322,-139.153,0.000,-40.972,-21.919,1.135,3.849,0.350,1.334
239.834,92.009,-143.840,0.000,-31.164,-31.054,1.687,3.695,0.350,1.548
239.839,96.696,-147.905,0.000,-25.179,-37.361,0.251,3.656,0.350,1.523
239.845,99.779,-152.238,0.000,-17.669,-47.026,-2.757,3.523,0.350,1.597
239.850,102.689,-155.149,0.000,-12.779,-53.024,-3.660,3.464,0.350,1.491
239.856,105.600,-158.059,0.000,-5.802,-54.887,0.232,3.342,0.350,1.487
239.862,108.141,-161.235,0.000,2.782,-59.131,2.185,3.161,0.350,1.576
239.867,109.238,-162.332,0.000,8.368,-66.601,1.578,3.026,0.350,1.500
239.873,110.335,-163.429,0.000,14.134,-73.821,2.510,2.886,0.350,1.472
239.878,111.431,-164.525,0.000,18.762,-79.199,1.520,2.780,0.350,1.396
239.884,111.580,-164.674,0.000,22.692,-81.816,-0.181,2.667,0.350,1.274
239.890,110.795,-165.176,0.000,27.357,-85.903,0.709,2.503,0.350,1.132
239.895,110.010,-164.390,0.000,32.731,-90.233,0.455,2.318,0.350,1.096
239.901,109.225,-163.605,0.000,39.562,-94.221,1.891,2.090,0.350,1.176
239.906,106.966,-161.346,0.000,44.427,-97.589,3.488,1.876,0.350,1.150
239.912,104.347,-158.728,0.000,48.323,-103.203,3.477,1.681,0.350,1.075
239.918,101.729,-156.110,0.000,49.641,-103.647,3.915,1.563,0.350,0.897
239.923,98.921,-153.301,0.000,50.538,-105.715,2.551,1.451,0.350,0.732
239.929,94.483,-149.516,0.000,51.523,-106.317,1.070,1.289,0.350,0.573
239.935,90.046,-145.738,0.000,55.034,-109.825,-0.694,1.050,0.350,0.611
239.940,85.609,-141.301,0.000,56.329,-111.778,0.417,0.878,0.350,0.540
239.946,81.171,-136.863,0.000,58.912,-115.119,1.492,0.668,0.350,0.596
239.951,75.600,-131.291,0.000,60.327,-121.614,1.563,0.458,0.350,0.574
239.957,69.456,-125.148,0.000,59.967,-125.096,0.773,0.285,0.350,0.451
239.963,63.313,-119.005,0.000,60.010,-124.845,-0.051,0.099,0.350,0.368
239.968,57.170,-112.862,0.000,58.307,-121.804,-1.471,-0.034,0.350,0.192
239.974,51.027,-106.718,0.000,58.348,-122.140,-1.184,-0.220,0.348,0.128
239.980,44.310,-100.001,0.000,56.488,-121.840,-1.602,-0.365,0.345,-0.012
239.985,36.985,-92.677,0.000,55.921,-120.770,-3.673,-0.568,0.341,-0.025
239.991,29.661,-85.352,0.000,55.663,-120.353,-0.535,-0.780,0.334,-0.002
239.997,22.336,-78.028,0.000,53.412,-119.003,1.811,-0.932,0.327,-0.090
240.002,15.012,-70.703,0.000,52.768,-117.284,4.613,-1.133,0.317,-0.066
240.008,7.687,-63.379,0.000,48.126,-115.513,5.430,-1.213,0.306,-0.286
240.014,0.363,-56.054,0.000,43.684,-112.734,4.816,-1.300,0.294,-0.471
240.019,-7.005,-48.687,0.000,41.182,-109.889,2.800,-1.446,0.280,-0.510
240.025,-14.374,-41.318,0.000,35.780,-106.975,1.579,-1.505,0.266,-0.723
240.030,-21.743,-34.614,0.000,28.178,-102.300,-0.770,-1.498,0.251,-1.024
240.036,-29.112,-27.245,0.000,23.025,-98.014,-0.892,-1.564,0.236,-1.111
240.042,-36.481,-19.876,0.000,19.922,-95.060,-2.324,-1.692,0.220,-1.075
240.047,-43.808,-14.582,0.000,15.614,-90.367,-0.727,-1.783,0.202,-1.095
240.053,-50.129,-9.647,0.000,8.547,-84.164,-0.238,-1.760,0.186,-1.228
240.059,-56.451,-5.456,0.000,-0.675,-77.169,0.877,-1.673,0.170,-1.443
240.064,-62.772,0.866,0.000,-7.922,-72.899,1.388,-1.645,0.155,-1.476
240.070,-69.094,7.187,0.000,-16.091,-67.538,1.780,-1.590,0.140,-1.566
240.075,-75.415,13.509,0.000,-22.178,-62.086,0.579,-1.597,0.125,-1.512
240.081,-80.333,16.973,0.000,-29.193,-57.511,0.537,-1.534,0.111,-1.520
240.087,-85.023,21.664,0.000,-35.715,-54.203,1.024,-1.479,0.097,-1.496
240.092,-89.714,25.618,0.000,-40.746,-50.269,-0.336,-1.469,0.083,-1.377
240.098,-94.404,30.308,0.000,-46.531,-46.907,-1.402,-1.436,0.070,-1.332
240.104,-98.346,34.250,0.000,-52.070,-39.470,-1.853,-1.388,0.057,-1.285
240.109,-101.261,37.165,0.000,-61.217,-34.906,-2.674,-1.201,0.045,-1.451
240.115,-104.175,40.079,0.000,-69.173,-31.567,-2.040,-1.050,0.035,-1.513
240.121,-107.090,42.994,0.000,-77.708,-27.257,-0.936,-0.881,0.027,-1.589
240.126,-108.696,44.599,0.000,-84.621,-22.765,-0.388,-0.722,0.019,-1.562
240.132,-109.797,46.437,0.000,-89.819,-16.490,0.172,-0.599,0.013,-1.458
240.138,-110.898,47.538,0.000,-95.759,-14.587,-0.017,-0.454,0.008,-1.434
240.143,-111.957,52.180,0.000,-102.052,-11.665,0.717,-0.297,0.005,-1.435
240.149,-111.176,51.399,0.000,-107.002,-6.544,-0.054,-0.125,0.003,-1.381
240.155,-110.396,50.619,0.000,-110.950,-3.012,-1.476,0.017,0.002,-1.284
240.160,-109.615,50.535,0.000,-114.871,-0.238,-3.372,0.158,0.003,-1.214
240.166,-108.242,49.162,0.000,-117.299,4.508,-2.656,0.272,0.005,-1.065
240.172,-105.628,46.548,0.000,-124.281,10.238,-2.126,0.560,0.009,-1.172
240.177,-103.014,43.934,0.000,-129.435,13.205,-0.650,0.793,0.016,-1.153
240.183,-100.400,42.694,0.000,-135.878,15.347,-1.828,1.064,0.025,-1.216
240.189,-96.652,38.946,0.000,-138.351,17.845,0.543,1.251,0.037,-1.046
240.194,-92.218,34.513,0.000,-140.092,18.645,0.200,1.436,0.050,-0.872
240.200,-87.785,31.428,0.000,-142.665,22.785,1.358,1.646,0.064,-0.790
240.206,-83.355,27.663,0.000,-144.135,23.068,2.005,1.823,0.081,-0.674
240.211,-78.615,24.234,0.000,-146.859,27.972,1.522,2.047,0.100,-0.675
240.217,-72.474,18.094,0.000,-147.047,29.878,1.033,2.237,0.120,-0.550
240.223,-66.333,11.953,0.000,-147.438,30.694,1.349,2.433,0.142,-0.444
240.228,-60.193,5.812,0.000,-146.746,30.586,1.876,2.597,0.166,-0.292
240.234,-54.052,-0.329,0.000,-148.370,29.054,1.212,2.830,0.192,-0.285
240.240,-47.908,-6.472,0.000,-146.893,28.006,1.945,2.970,0.220,-0.091
240.245,-40.584,-13.797,0.000,-149.163,29.524,0.063,3.257,0.250,-0.192
240.251,-33.259,-21.121,0.000,-152.027,31.557,-0.156,3.563,0.283,-0.347
240.257,-25.935,-28.445,0.000,-151.142,30.297,-0.137,3.756,0.317,-0.268
240.262,-18.611,-31.982,0.000,-146.669,26.796,0.534,3.842,0.350,0.012
240.268,-11.286,-39.306,0.000,-145.410,25.166,2.420,4.024,0.350,0.082
240.274,-3.962,-46.630,0.000,-142.152,19.563,3.519,4.146,0.350,0.272
240.279,3.382,-53.975,0.000,-139.482,18.555,2.804,4.286,0.350,0.390
240.285,10.751,-58.348,0.000,-137.940,17.772,2.057,4.461,0.350,0.385
240.291,18.112,-66.297,0.000,-134.619,14.848,1.259,4.582,0.350,0.443
240.296,25.473,-73.659,0.000,-126.734,9.203,1.244,4.566,0.350,0.750
240.302,32.842,-81.027,0.000,-122.206,2.524,0.965,4.651,0.350,0.825
240.307,40.210,-88.395,0.000,-116.275,-1.760,1.171,4.695,0.350,0.963
240.313,47.014,-94.030,0.000,-109.972,-3.658,3.049,4.710,0.350,1.093
240.318,53.333,-100.349,0.000,-104.109,-7.543,3.079,4.723,0.350,1.118
240.324,59.643,-104.947,0.000,-94.865,-13.684,3.692,4.635,0.350,1.314
240.330,65.959,-113.557,0.000,-86.288,-19.977,4.584,4.567,0.350,1.442
240.335,72.278,-117.023,0.000,-77.157,-26.967,2.691,4.483,0.350,1.575
240.341,78.015,-122.760,0.000,-70.864,-28.827,2.818,4.466,0.350,1.563
240.346,82.702,-127.447,0.000,-64.296,-34.080,3.335,4.410,0.350,1.529
240.352,87.389,-131.031,0.000,-58.206,-39.389,4.884,4.368,0.350,1.449
240.358,92.076,-132.537,0.000,-52.419,-48.195,4.625,4.335,0.350,1.413
240.363,96.763,-137.224,0.000,-44.946,-57.813,3.808,4.251,0.350,1.505
240.369,99.821,-135.384,0.000,-39.168,-65.196,-0.348,4.170,0.350,1.493
240.374,102.731,-138.295,0.000,-37.352,-66.372,1.723,4.202,0.350,1.195
240.380,105.641,-141.205,0.000,-29.549,-71.193,2.795,4.056,0.350,1.295
240.386,108.157,-143.721,0.000,-23.490,-76.528,4.785,3.949,0.350,1.320
240.391,109.254,-137.947,0.000,-15.788,-83.613,5.450,3.751,0.350,1.448
240.397,110.350,-139.043,0.000,-7.511,-90.484,5.223,3.536,0.350,1.591
240.402,111.447,-140.140,0.000,-2.673,-93.272,5.476,3.424,0.350,1.497
240.408,111.569,-136.510,0.000,2.580,-91.507,6.938,3.270,0.350,1.387
240.413,110.784,-135.725,0.000,9.208,-93.640,7.478,3.047,0.350,1.385
240.419,109.999,-134.940,0.000,14.623,-97.265,5.925,2.861,0.350,1.315
240.425,109.214,-134.155,0.000,19.167,-100.354,3.288,2.701,0.350,1.238
240.430,106.928,-130.135,0.000,21.547,-100.017,1.313,2.561,0.350,1.064
240.436,104.310,-127.517,0.000,21.117,-99.292,2.520,2.496,0.350,0.741
240.441,101.692,-124.899,0.000,27.740,-104.994,4.259,2.219,0.350,0.867
240.447,98.857,-122.064,0.000,31.699,-105.547,6.465,2.015,0.350,0.849
240.453,94.420,-116.304,0.000,37.977,-109.393,6.993,1.693,0.350,0.991
240.458,89.983,-111.544,0.000,40.107,-108.517,7.677,1.496,0.350,0.905
240.464,85.545,-107.107,0.000,43.676,-110.020,6.919,1.256,0.350,0.905
240.470,81.257,-102.351,0.000,45.218,-109.385,5.743,1.081,0.350,0.774
240.475,75.809,-96.127,0.000,44.878,-108.185,4.233,0.928,0.350,0.553
240.482,69.815,-90.296,0.000,50.115,-112.467,5.142,0.591,0.350,0.685
240.488,63.672,-84.152,0.000,49.752,-112.945,4.016,0.418,0.350,0.535
240.494,57.528,-78.009,0.000,44.288,-110.355,5.633,0.397,0.350,0.137
240.501,54.735,-71.866,0.000,46.726,-112.060,6.972,0.240,0.350,0.199
240.508,48.002,-65.132,0.000,47.381,-114.085,7.771,0.019,0.350,0.172
240.515,40.677,-57.808,0.000,41.915,-109.618,5.786,-0.037,0.350,-0.119
240.521,36.353,-50.483,0.000,42.035,-106.466,5.704,-0.170,0.348,-0.088
240.528,29.028,-43.159,0.000,40.465,-104.416,5.441,-0.343,0.345,-0.130
240.535,23.543,-35.522,0.000,31.303,-95.936,3.431,-0.233,0.342,-0.515
240.541,16.219,-28.197,0.000,28.713,-90.472,4.038,-0.375,0.338,-0.522
240.548,8.894,-20.873,0.000,26.675,-87.322,4.445,-0.533,0.333,-0.469
240.555,1.527,-13.505,0.000,20.751,-86.394,3.591,-0.577,0.327,-0.611
240.562,-5.843,-6.136,0.000,17.327,-76.601,6.297,-0.695,0.320,-0.627
240.568,-11.624,1.542,0.000,10.882,-67.882,7.318,-0.675,0.312,-0.788
240.575,-18.993,8.911,0.000,7.727,-66.691,7.274,-0.802,0.303,-0.738
240.582,-25.524,16.280,0.000,2.923,-61.614,6.695,-0.853,0.294,-0.777
240.588,-31.966,23.592,0.000,-1.106,-56.104,3.939,-0.926,0.284,-0.791
240.595,-38.288,29.914,0.000,-5.280,-50.798,4.518,-0.990,0.273,-0.775
240.602,-44.609,36.235,0.000,-9.181,-45.276,2.885,-1.063,0.261,-0.746
240.608,-50.026,42.862,0.000,-16.272,-38.351,3.228,-1.013,0.250,-0.909
240.615,-56.347,49.184,0.000,-18.365,-36.560,5.515,-1.139,0.238,-0.787
240.622,-62.669,55.505,0.000,-20.292,-37.661,6.401,-1.271,0.224,-0.675
240.628,-66.137,60.702,0.000,-26.123,-28.507,5.056,-1.200,0.211,-0.761
240.635,-70.828,65.393,0.000,-34.132,-15.824,4.781,-1.101,0.198,-0.943
240.642,-75.519,70.083,0.000,-37.244,-4.350,5.187,-1.148,0.185,-0.869
240.649,-80.209,74.774,0.000,-42.430,-3.816,6.887,-1.133,0.172,-0.889
240.656,-84.126,78.691,0.000,-48.713,0.413,4.460,-1.062,0.160,-0.956
240.662,-87.040,81.605,0.000,-54.168,10.730,1.617,-0.986,0.148,-0.985
240.669,-89.955,84.520,0.000,-57.524,14.368,4.714,-0.973,0.137,-0.889
240.676,-88.613,89.185,0.000,-60.789,18.573,5.562,-0.835,0.128,-0.800
240.682,-90.193,90.764,0.000,-69.240,23.361,5.045,-0.629,0.120,-1.015
240.689,-89.507,94.036,0.000,-70.533,30.870,5.452,-0.569,0.113,-0.842
240.696,-90.608,95.137,0.000,-70.875,33.879,4.685,-0.592,0.106,-0.653
240.702,-91.331,96.684,0.000,-80.239,42.315,3.173,-0.333,0.102,-0.876
240.709,-90.550,95.904,0.000,-89.545,51.411,1.571,-0.030,0.101,-1.097
240.716,-89.142,95.876,0.000,-88.717,54.660,3.173,-0.013,0.100,-0.817
240.723,-88.361,95.096,0.000,-89.487,56.883,4.125,0.034,0.101,-0.625
240.729,-86.963,96.712,0.000,-94.929,58.407,3.085,0.239,0.103,-0.691
240.736,-84.348,94.098,0.000,-102.588,72.919,3.165,0.547,0.108,-0.875
240.743,-81.734,91.484,0.000,-104.975,82.359,3.239,0.697,0.115,-0.791
240.750,-79.120,88.870,0.000,-106.513,82.917,4.789,0.822,0.124,-0.654
240.756,-75.346,85.096,0.000,-109.543,81.742,3.425,1.026,0.135,-0.617
240.763,-69.946,83.132,0.000,-111.109,87.414,2.991,1.235,0.147,-0.563
240.770,-65.512,78.698,0.000,-107.846,88.291,5.469,1.270,0.162,-0.263
240.776,-61.078,74.265,0.000,-113.390,93.359,3.892,1.569,0.178,-0.442
240.783,-55.977,70.818,0.000,-116.648,100.013,3.712,1.820,0.197,-0.500
240.790,-49.837,64.677,0.000,-111.359,97.289,5.441,1.846,0.217,-0.134
240.796,-41.647,59.081,0.000,-110.976,92.773,3.388,2.080,0.240,-0.042
240.803,-35.507,52.940,0.000,-110.923,96.081,3.314,2.262,0.264,-0.041
240.810,-29.366,46.800,0.000,-104.829,94.574,1.691,2.264,0.289,0.251
240.816,-21.764,40.637,0.000,-103.107,93.853,0.242,2.440,0.316,0.274
240.823,-13.697,33.312,0.000,-103.496,96.010,1.383,2.694,0.345,0.164
240.830,-5.615,25.988,0.000,-92.922,85.249,3.335,2.619,0.350,0.614
240.837,1.709,18.664,0.000,-87.200,75.807,2.493,2.667,0.350,0.747
240.843,10.200,11.339,0.000,-81.180,79.296,3.584,2.741,0.350,0.845
240.850,17.922,4.015,0.000,-73.913,73.495,4.039,2.755,0.350,0.975
240.857,25.246,-3.309,0.000,-70.934,72.684,3.075,2.885,0.350,0.867
240.864,32.993,-10.476,0.000,-65.739,70.750,4.746,2.962,0.350,0.855
240.870,40.766,-17.844,0.000,-58.965,63.757,3.887,2.992,0.350,0.989
240.876,48.135,-25.212,0.000,-50.908,55.966,2.612,2.971,0.350,1.188
240.882,56.326,-32.403,0.000,-46.215,52.409,2.310,3.076,0.350,1.128
240.889,64.113,-39.595,0.000,-34.611,49.561,3.389,2.962,0.350,1.386
240.895,71.481,-46.963,0.000,-30.679,45.467,2.532,3.065,0.350,1.255
240.902,78.688,-53.748,0.000,-25.744,46.738,3.095,3.133,0.350,1.177
240.909,86.301,-60.067,0.000,-17.915,42.676,4.146,3.126,0.350,1.231
240.915,93.505,-66.386,0.000,-10.224,33.996,3.541,3.112,0.350,1.304
240.922,100.267,-72.699,-1.000,-4.578,30.894,4.463,3.145,0.350,1.226
240.929,107.956,-78.837,-1.000,5.475,23.691,3.395,3.074,0.350,1.400
240.935,114.131,-84.545,-1.000,14.356,16.018,3.076,2.993,0.350,1.494
240.942,118.818,-89.232,-1.000,19.016,13.241,3.018,2.994,0.350,1.340
240.949,124.455,-93.919,-10.000,29.852,4.535,2.971,2.838,0.350,1.514
240.955,129.142,-98.606,-10.000,32.680,-1.655,2.709,2.894,0.350,1.281
240.962,135.290,-102.776,-12.000,41.733,-7.190,1.375,2.807,0.350,1.387
240.968,138.813,-105.294,-12.000,49.681,-19.801,-1.135,2.674,0.350,1.419
240.975,141.723,-108.205,-12.000,52.455,-21.709,-3.639,2.678,0.350,1.204
240.982,147.193,-110.616,-13.000,62.403,-25.763,-5.084,2.544,0.350,1.361
240.988,149.675,-113.099,-13.000,69.140,-32.617,-5.932,2.416,0.350,1.401
240.994,150.772,-114.032,-13.000,72.816,-36.458,-6.483,2.339,0.350,1.244
241.001,152.929,-114.643,-12.000,82.489,-40.236,-5.274,2.113,0.350,1.365
241.008,154.025,-115.739,-12.000,90.000,-47.167,-5.664,1.921,0.350,1.377
241.014,154.117,-115.831,-12.000,93.749,-49.827,-4.684,1.811,0.350,1.226
241.021,155.516,-115.046,-11.000,101.153,-50.935,-3.978,1.631,0.350,1.259
241.027,154.731,-114.261,-11.000,109.239,-56.818,-3.795,1.365,0.350,1.330
241.034,153.946,-113.475,-11.000,111.321,-58.686,-6.357,1.279,0.350,1.115
241.041,152.755,-110.525,-11.000,117.158,-58.022,-6.635,1.068,0.350,1.081
241.047,150.137,-107.593,-12.000,122.094,-63.888,-7.116,0.841,0.350,1.045
241.054,147.519,-104.975,-12.000,124.103,-66.400,-8.249,0.702,0.350,0.890
241.061,144.655,-102.111,-12.000,123.356,-65.050,-10.894,0.639,0.350,0.611
241.067,141.364,-97.518,-14.000,132.732,-68.855,-8.762,0.259,0.350,0.897
241.074,136.927,-93.081,-14.000,134.810,-72.540,-8.397,0.064,0.350,0.793
241.081,132.490,-88.643,-14.000,136.171,-70.059,-8.631,-0.110,0.349,0.658
241.087,128.052,-84.206,-14.000,137.872,-62.639,-8.866,-0.295,0.346,0.557
241.094,125.395,-78.427,-14.000,140.964,-65.680,-7.555,-0.467,0.342,0.566
241.101,118.647,-72.129,-13.000,139.827,-66.681,-9.805,-0.635,0.336,0.388
241.107,112.503,-65.986,-13.000,137.660,-63.505,-12.803,-0.755,0.328,0.170
241.114,106.360,-59.843,-13.000,140.975,-64.656,-11.873,-1.038,0.317,0.291
241.121,100.217,-52.633,-13.000,138.907,-63.331,-13.283,-1.161,0.305,0.149
241.127,93.464,-45.880,-13.000,136.636,-59.264,-12.939,-1.295,0.292,0.018
241.134,86.140,-38.555,-13.000,132.674,-51.997,-12.554,-1.396,0.276,-0.200
241.140,78.815,-31.231,-13.000,133.887,-50.187,-9.765,-1.652,0.259,-0.126
241.147,71.491,-23.305,-14.000,133.224,-50.812,-10.601,-1.852,0.240,-0.133
241.153,64.166,-15.831,-14.000,132.048,-52.565,-11.325,-2.036,0.220,-0.145
241.160,56.842,-8.507,-14.000,130.360,-52.793,-11.757,-2.206,0.197,-0.169
241.166,49.517,-1.182,-14.000,125.702,-44.962,-10.766,-2.286,0.171,-0.350
241.173,42.148,6.186,-14.000,121.813,-38.961,-10.267,-2.390,0.145,-0.455
241.180,34.779,13.555,-14.000,119.616,-36.698,-10.280,-2.545,0.117,-0.437
241.187,27.410,20.924,-14.000,115.124,-35.038,-10.323,-2.631,0.088,-0.535
241.193,19.442,28.443,-14.000,112.054,-31.906,-11.759,-2.778,0.058,-0.543
241.200,12.073,35.812,-14.000,104.096,-25.556,-14.189,-2.761,0.028,-0.809
241.206,4.778,43.107,-14.000,101.993,-20.249,-13.732,-2.916,-0.004,-0.724
241.212,-1.543,49.428,-14.000,94.792,-14.995,-12.576,-2.890,-0.034,-0.894
241.219,-7.865,55.750,-14.000,90.305,-8.110,-12.189,-2.945,-0.066,-0.874
241.226,-14.779,62.071,-14.000,80.899,-3.436,-12.589,-2.870,-0.098,-1.083
241.232,-21.101,68.393,-14.000,75.640,2.497,-12.013,-2.902,-0.129,-1.076
241.239,-27.422,74.714,-14.000,66.006,12.279,-12.287,-2.803,-0.160,-1.289
241.245,-32.877,79.582,-14.000,60.221,18.557,-12.981,-2.793,-0.191,-1.260
241.252,-37.568,84.272,-14.000,52.059,27.746,-11.629,-2.689,-0.220,-1.337
241.258,-44.552,88.963,-14.000,45.501,34.670,-12.211,-2.702,-0.249,-1.317
241.265,-49.243,93.654,-14.000,40.421,37.192,-11.998,-2.690,-0.278,-1.225
241.271,-54.244,97.691,-14.000,32.639,44.497,-11.313,-2.607,-0.308,-1.280
241.278,-57.159,100.605,-14.000,23.734,55.125,-11.228,-2.427,-0.336,-1.383
241.285,-66.313,103.669,-15.000,15.762,66.847,-11.329,-2.462,-0.350,-1.461
241.291,-71.615,106.583,-9.000,9.864,73.688,-11.201,-2.444,-0.350,-1.416
241.297,-73.165,108.134,-9.000,4.393,79.034,-12.363,-2.327,-0.350,-1.344
241.303,-74.266,109.235,-9.000,-0.337,83.702,-12.188,-2.218,-0.350,-1.231
241.310,-78.077,110.485,-13.000,-7.926,84.645,-9.986,-2.105,-0.350,-1.274
241.316,-79.946,111.488,-12.000,-12.732,87.885,-7.917,-2.016,-0.350,-1.197
241.322,-79.167,110.708,-12.000,-20.538,93.049,-7.857,-1.759,-0.350,-1.306
241.329,-78.387,109.928,-12.000,-24.317,98.125,-8.482,-1.622,-0.350,-1.173
241.335,-78.456,109.148,-1.000,-25.847,99.451,-10.663,-1.578,-0.350,-0.946
241.342,-77.037,107.729,-1.000,-29.668,95.465,-9.902,-1.421,-0.350,-0.883
241.348,-74.000,105.115,0.000,-38.492,100.463,-8.153,-1.065,-0.350,-1.100
241.355,-71.386,102.501,0.000,-43.782,106.307,-6.068,-0.828,-0.350,-1.092
241.361,-69.194,100.035,0.000,-47.321,112.283,-4.908,-0.656,-0.350,-0.993
241.367,-65.400,96.092,0.000,-50.987,112.016,-2.309,-0.432,-0.350,-0.934
241.374,-60.966,91.658,0.000,-53.927,112.756,-1.543,-0.211,-0.350,-0.830
241.380,-56.532,87.224,0.000,-59.919,111.437,-2.305,0.102,-0.350,-0.910
241.387,-52.098,82.790,0.000,-62.200,114.022,-1.979,0.303,-0.347,-0.799
241.393,-47.725,78.148,0.000,-64.254,114.862,-1.023,0.496,-0.343,-0.742
241.399,-41.584,72.007,0.000,-63.631,116.780,-0.872,0.661,-0.337,-0.532
241.405,-35.444,65.866,0.000,-61.909,116.184,0.602,0.794,-0.329,-0.298
241.411,-29.303,59.726,0.000,-63.049,113.988,1.268,1.012,-0.319,-0.252
241.417,-23.986,53.585,0.000,-64.744,116.178,0.138,1.223,-0.307,-0.231
241.423,-18.215,47.408,0.000,-67.521,117.446,-1.629,1.479,-0.294,-0.298
241.429,-11.291,40.084,0.000,-67.136,114.241,-1.314,1.675,-0.278,-0.224
241.435,-3.967,32.760,0.000,-66.261,111.159,-1.414,1.869,-0.260,-0.172
241.442,3.357,25.435,0.000,-61.990,107.223,-0.387,1.960,-0.240,0.055
241.448,8.737,18.111,0.000,-56.038,98.129,1.244,1.943,-0.220,0.374
241.454,16.061,10.787,0.000,-54.200,92.535,0.512,2.108,-0.199,0.405
241.460,22.266,3.462,0.000,-52.484,90.958,0.100,2.242,-0.176,0.390
241.466,29.612,-3.883,0.000,-43.796,86.649,0.808,2.202,-0.154,0.726
241.472,36.980,-11.252,0.000,-38.996,82.298,-0.853,2.279,-0.131,0.812
241.478,44.348,-18.620,0.000,-32.953,76.398,-0.519,2.319,-0.107,0.964
241.484,49.580,-25.988,0.000,-27.711,72.240,-0.754,2.319,-0.083,1.023
241.490,56.948,-33.356,0.000,-22.424,70.571,-0.526,2.381,-0.059,1.022
241.496,64.317,-40.724,0.000,-15.255,70.175,-2.128,2.387,-0.035,1.110
241.502,71.090,-47.497,0.000,-6.316,65.938,-0.357,2.322,-0.012,1.283
241.509,77.409,-53.816,0.000,-0.766,60.985,1.072,2.345,0.012,1.253
241.515,83.728,-60.135,0.000,3.130,57.072,0.880,2.418,0.036,1.140
241.521,85.259,-66.454,0.000,9.793,53.037,0.297,2.264,0.059,1.164
241.527,91.578,-72.773,0.000,18.791,48.979,-0.331,2.184,0.081,1.324
241.533,97.264,-78.459,0.000,27.157,41.698,-1.428,2.103,0.103,1.453
241.539,101.951,-83.146,0.000,34.926,32.702,-0.559,2.011,0.125,1.539
241.545,106.638,-87.833,0.000,37.401,31.517,-0.091,2.077,0.146,1.277
241.551,111.325,-92.669,0.000,44.470,27.442,-2.201,2.006,0.166,1.298
241.557,116.012,-97.356,0.000,54.631,20.956,-1.024,1.841,0.186,1.491
241.564,120.218,-100.358,0.000,57.698,13.229,-1.505,1.876,0.207,1.295
241.570,123.128,-103.268,0.000,62.532,10.219,-0.793,1.818,0.226,1.185
241.577,126.975,-106.179,0.000,72.217,3.327,-0.922,1.643,0.244,1.361
241.583,129.434,-108.638,0.000,74.550,-4.685,-3.772,1.647,0.262,1.155
241.590,133.875,-109.734,0.000,80.519,-10.202,-2.932,1.601,0.279,1.160
241.596,134.972,-110.831,0.000,91.499,-15.943,-3.523,1.304,0.294,1.396
241.602,136.422,-111.928,0.000,98.361,-22.501,-1.283,1.142,0.307,1.409
241.609,136.485,-111.991,0.000,101.509,-27.558,-2.050,1.049,0.319,1.243
241.615,138.670,-111.206,0.000,104.558,-28.756,-2.358,1.023,0.329,1.051
241.622,138.274,-110.420,0.000,111.605,-32.312,-0.264,0.800,0.338,1.102
241.628,137.489,-109.635,0.000,118.506,-41.322,-1.125,0.569,0.345,1.157
241.635,135.146,-107.292,0.000,121.171,-48.615,-3.286,0.419,0.350,1.020
241.641,132.528,-104.674,0.000,123.604,-44.830,-3.005,0.268,0.350,0.896
241.647,129.910,-102.056,0.000,130.152,-46.326,-2.860,-0.007,0.350,0.971
241.654,127.018,-99.165,0.000,135.187,-48.752,-4.086,-0.245,0.349,0.997
241.660,122.192,-94.727,0.000,136.726,-51.027,-4.974,-0.436,0.345,0.839
241.667,117.755,-90.290,0.000,137.305,-52.097,-5.007,-0.586,0.339,0.646
241.673,113.317,-85.853,0.000,142.239,-53.715,-2.284,-0.868,0.330,0.707
241.679,108.880,-81.415,0.000,146.045,-56.905,-1.739,-1.115,0.320,0.715
241.686,102.845,-75.766,0.000,149.675,-55.396,-2.391,-1.405,0.306,0.743
241.692,97.087,-69.622,0.000,150.731,-56.700,-2.499,-1.609,0.290,0.640
241.699,90.944,-63.479,0.000,147.108,-52.950,-3.281,-1.685,0.273,0.302
241.705,84.416,-57.336,0.000,148.519,-53.822,-1.352,-1.923,0.253,0.269
241.711,78.272,-51.193,0.000,149.966,-52.856,-2.150,-2.151,0.230,0.254
241.718,71.502,-44.422,0.000,148.194,-54.873,-1.872,-2.301,0.206,0.123
241.724,64.177,-37.097,0.000,144.143,-53.225,-2.592,-2.399,0.181,-0.082
241.731,56.853,-29.773,0.000,142.893,-52.549,-3.195,-2.581,0.154,-0.126
241.737,49.528,-22.448,0.000,139.287,-46.405,-3.666,-2.693,0.126,-0.292
241.743,42.204,-15.124,0.000,137.942,-42.349,-3.190,-2.872,0.095,-0.305
241.750,34.879,-7.799,0.000,135.065,-40.813,-1.340,-3.006,0.064,-0.379
241.756,27.554,-0.475,0.000,128.216,-37.895,-0.088,-3.020,0.031,-0.613
241.763,20.185,6.895,0.000,123.253,-37.768,-1.290,-3.092,-0.002,-0.696
241.769,12.435,14.264,0.000,117.593,-32.932,-1.823,-3.155,-0.036,-0.789
241.776,5.066,21.633,0.000,112.211,-31.107,-3.004,-3.214,-0.069,-0.845
241.782,-2.303,28.853,0.000,104.647,-23.989,-2.730,-3.209,-0.104,-1.027
241.788,-9.672,36.222,0.000,94.837,-20.694,-1.816,-3.135,-0.137,-1.301
241.794,-16.951,43.501,0.000,88.521,-18.168,-2.305,-3.164,-0.169,-1.345
241.800,-23.273,49.823,0.000,82.655,-11.314,-3.438,-3.178,-0.201,-1.319
241.807,-30.713,56.144,0.000,76.331,-6.322,-2.363,-3.211,-0.234,-1.299
241.813,-38.120,62.465,0.000,68.323,-2.656,-1.815,-3.193,-0.267,-1.366
241.819,-44.441,68.787,0.000,60.949,4.971,-2.093,-3.162,-0.299,-1.394
241.825,-50.762,75.108,0.000,53.526,11.528,-1.539,-3.129,-0.330,-1.427
241.831,-58.985,79.951,0.000,46.561,16.279,-0.924,-3.166,-0.350,-1.419
241.837,-65.839,84.642,0.000,37.881,21.089,-0.908,-3.112,-0.350,-1.510
241.843,-70.530,89.332,0.000,30.233,27.965,-1.425,-3.023,-0.350,-1.509
241.849,-75.220,94.023,0.000,22.644,32.536,-0.243,-2.936,-0.350,-1.512
241.856,-82.962,97.735,0.000,14.745,35.823,-0.397,-2.931,-0.350,-1.514
241.863,-86.886,100.650,0.000,7.918,45.524,-1.493,-2.844,-0.350,-1.465
241.870,-89.800,103.564,0.000,1.618,55.978,-1.864,-2.743,-0.350,-1.396
241.876,-92.715,106.479,0.000,-6.347,62.766,-0.558,-2.591,-0.350,-1.415
241.883,-94.238,108.002,0.000,-15.002,63.918,-0.587,-2.377,-0.350,-1.477
241.890,-100.232,108.804,0.000,-22.702,69.492,0.032,-2.326,-0.350,-1.468
241.896,-101.333,109.905,0.000,-30.940,78.423,1.023,-2.112,-0.350,-1.491
241.903,-103.093,110.429,0.000,-40.125,86.279,-0.473,-1.889,-0.350,-1.554
241.910,-102.312,109.649,0.000,-44.943,88.847,-1.021,-1.721,-0.350,-1.392
241.917,-103.207,108.112,0.000,-52.715,92.759,-0.538,-1.515,-0.350,-1.392
241.923,-102.782,107.179,0.000,-61.164,94.639,1.618,-1.249,-0.350,-1.474
241.929,-101.326,105.723,0.000,-70.086,97.640,0.302,-0.937,-0.350,-1.593
241.935,-98.712,103.109,0.000,-76.735,102.318,-0.697,-0.659,-0.350,-1.553
241.942,-96.795,100.189,0.000,-77.796,101.356,0.045,-0.570,-0.350,-1.208
241.949,-94.181,97.575,0.000,-81.486,102.700,-1.082,-0.381,-0.350,-1.043
241.955,-90.350,93.744,0.000,-89.608,109.315,-0.722,-0.022,-0.350,-1.155
241.962,-85.917,88.691,0.000,-92.889,112.266,-0.215,0.209,-0.349,-1.058
241.969,-81.824,84.257,0.000,-94.316,113.929,0.692,0.375,-0.345,-0.851
241.975,-77.390,79.823,0.000,-101.605,111.037,0.621,0.726,-0.338,-0.957
241.982,-72.902,74.842,0.000,-106.408,115.450,-0.103,1.005,-0.328,-0.931
241.989,-66.761,68.701,0.000,-106.228,115.723,1.309,1.184,-0.316,-0.714
241.996,-61.281,62.560,0.000,-104.242,114.771,3.538,1.289,-0.301,-0.437
242.002,-55.141,56.420,0.000,-109.034,115.099,-0.690,1.617,-0.284,-0.546
242.009,-50.122,50.122,0.000,-109.983,115.054,-0.743,1.796,-0.266,-0.483
242.015,-44.391,43.922,0.000,-107.711,111.601,-0.815,1.900,-0.246,-0.260
242.022,-37.067,36.597,0.000,-105.794,108.400,-1.709,2.062,-0.224,-0.077
242.028,-31.420,29.273,0.000,-104.838,106.091,-2.104,2.203,-0.201,0.002
242.035,-24.095,21.949,0.000,-103.820,106.155,-1.438,2.392,-0.176,0.014
242.041,-17.220,14.624,0.000,-97.291,100.232,0.947,2.402,-0.150,0.316
242.048,-9.896,7.300,0.000,-94.992,95.289,1.904,2.553,-0.122,0.369
242.054,-3.019,-0.024,0.000,-89.909,93.149,2.003,2.607,-0.095,0.523
242.060,4.327,-7.371,0.000,-83.349,89.673,1.777,2.630,-0.070,0.719
242.066,11.696,-14.739,0.000,-78.220,86.829,1.216,2.697,-0.044,0.810
242.072,18.915,-22.107,0.000,-72.731,80.060,0.887,2.749,-0.016,0.906
242.078,26.134,-29.476,0.000,-68.526,70.966,-0.344,2.840,0.013,0.946
242.084,33.503,-36.844,0.000,-65.022,67.130,-0.818,2.956,0.041,0.916
242.090,40.573,-44.212,0.000,-61.349,62.062,-1.256,3.058,0.071,0.865
242.095,47.325,-50.964,0.000,-55.246,58.458,-1.137,3.077,0.097,0.963
242.100,53.644,-57.283,0.000,-52.632,57.484,-1.219,3.188,0.125,0.819
242.105,59.963,-63.602,0.000,-48.383,52.009,-1.292,3.250,0.153,0.819
242.111,66.282,-69.921,0.000,-42.912,45.938,-0.366,3.276,0.181,0.910
242.116,72.601,-76.876,0.000,-40.294,44.348,-1.303,3.387,0.211,0.813
242.122,78.255,-82.530,0.000,-32.432,37.308,-0.524,3.321,0.242,1.064
242.127,82.942,-87.217,0.000,-26.910,32.236,0.025,3.296,0.274,1.139
242.133,87.629,-92.553,0.000,-21.882,25.864,1.431,3.285,0.303,1.247
242.138,92.316,-97.405,0.000,-17.032,17.896,1.928,3.280,0.332,1.248
242.143,97.003,-102.092,0.000,-12.530,11.410,2.271,3.286,0.350,1.229
242.149,99.970,-105.058,0.000,-6.487,5.339,2.193,3.194,0.350,1.307
242.154,102.877,-108.806,0.000,-2.420,1.994,0.232,3.159,0.350,1.246
242.160,105.784,-111.712,0.000,1.078,-2.202,-0.546,3.141,0.350,1.148
242.165,108.209,-114.138,0.000,5.780,-7.804,-1.223,3.073,0.350,1.120
242.171,109.304,-116.101,0.000,10.975,-14.594,-1.456,2.950,0.350,1.099
242.177,110.399,-117.196,0.000,19.591,-21.188,-0.055,2.724,0.350,1.295
242.182,111.495,-118.469,0.000,30.378,-26.423,0.484,2.434,0.350,1.577
242.188,111.535,-118.509,0.000,38.701,-30.697,1.245,2.185,0.350,1.658
242.193,110.750,-117.903,0.000,43.011,-33.825,2.521,2.032,0.350,1.512
242.199,109.964,-117.118,0.000,47.222,-36.254,1.892,1.882,0.350,1.392
242.204,109.179,-116.332,0.000,50.722,-41.207,2.292,1.754,0.350,1.270
242.210,106.817,-114.332,0.000,54.235,-46.917,2.543,1.577,0.350,1.188
242.216,104.203,-111.718,0.000,58.125,-49.399,0.924,1.382,0.350,1.126
242.221,101.588,-109.103,0.000,61.765,-52.135,-0.497,1.195,0.350,1.043
242.227,98.688,-106.203,0.000,66.125,-54.042,-1.989,0.977,0.350,1.012
242.232,94.251,-101.949,0.000,71.477,-57.590,-1.237,0.683,0.350,1.033
242.237,89.813,-97.511,0.000,71.798,-63.665,-2.291,0.540,0.350,0.752
242.243,85.376,-93.074,0.000,72.542,-69.275,-2.384,0.385,0.350,0.593
242.249,80.939,-89.007,0.000,74.953,-71.314,-1.086,0.180,0.350,0.554
242.254,75.277,-83.346,0.000,78.066,-72.253,0.199,-0.084,0.350,0.575
242.260,69.134,-77.390,0.000,80.882,-75.335,-0.818,-0.352,0.347,0.572
242.265,62.991,-71.247,0.000,81.930,-78.888,-2.445,-0.568,0.342,0.486
242.271,56.847,-65.104,0.000,85.326,-76.841,-1.198,-0.854,0.335,0.560
242.277,50.704,-58.961,0.000,84.982,-74.309,-0.797,-1.028,0.326,0.408
242.282,43.925,-52.562,0.000,85.671,-74.404,0.352,-1.252,0.315,0.348
242.288,36.601,-45.237,0.000,85.345,-71.683,0.368,-1.462,0.302,0.257
242.294,29.276,-37.913,0.000,82.976,-69.972,0.223,-1.611,0.288,0.071
242.299,21.952,-31.170,0.000,78.447,-67.743,0.823,-1.695,0.272,-0.197
242.305,14.631,-23.654,0.000,73.598,-68.419,1.177,-1.769,0.256,-0.409
242.311,7.316,-16.339,0.000,68.845,-64.810,-0.679,-1.846,0.239,-0.556
242.316,-0.005,-10.425,0.000,64.124,-60.608,-0.115,-1.924,0.221,-0.673
242.322,-7.371,-3.268,0.000,58.670,-54.597,2.180,-1.981,0.203,-0.798
242.327,-14.730,4.091,0.000,55.066,-52.208,3.398,-2.094,0.184,-0.774
242.333,-22.088,11.449,0.000,51.509,-48.943,3.481,-2.208,0.164,-0.771
242.339,-29.454,18.178,0.000,48.007,-43.187,3.146,-2.324,0.143,-0.757
242.344,-36.823,25.112,0.000,43.229,-36.657,3.175,-2.402,0.121,-0.835
242.350,-44.101,32.390,0.000,37.483,-31.799,2.780,-2.448,0.098,-0.954
242.355,-50.423,38.712,0.000,30.472,-25.335,1.340,-2.427,0.075,-1.116
242.361,-56.744,44.812,0.000,22.612,-21.688,0.872,-2.381,0.053,-1.279
242.367,-63.066,51.134,0.000,15.001,-17.835,-0.872,-2.342,0.031,-1.379
242.372,-69.387,57.455,0.000,8.758,-15.015,-1.775,-2.344,0.009,-1.362
242.378,-75.709,63.777,0.000,4.445,-13.969,0.254,-2.405,-0.014,-1.267
242.384,-80.550,68.618,0.000,-1.166,-10.275,0.355,-2.382,-0.036,-1.266
242.389,-85.241,73.309,0.000,-6.685,-5.256,-0.397,-2.357,-0.058,-1.274
242.395,-89.931,76.629,0.000,-15.439,0.636,-2.713,-2.235,-0.079,-1.470
242.400,-94.622,81.785,0.000,-24.886,5.085,-5.393,-2.092,-0.099,-1.639
242.406,-98.482,85.645,0.000,-31.054,7.728,-5.936,-2.023,-0.119,-1.577
242.412,-101.396,88.560,0.000,-36.404,11.083,-4.307,-1.950,-0.138,-1.465
242.417,-104.311,89.049,0.000,-40.256,12.209,-1.544,-1.922,-0.155,-1.299
242.423,-107.225,91.964,0.000,-44.900,16.760,0.236,-1.870,-0.173,-1.225
242.429,-108.747,93.485,0.000,-50.437,23.339,1.694,-1.749,-0.189,-1.198
242.434,-109.848,94.586,0.000,-56.141,27.286,3.432,-1.611,-0.204,-1.172
242.440,-110.949,94.646,0.000,-62.367,33.081,3.971,-1.457,-0.218,-1.198
242.446,-111.921,94.809,0.000,-69.811,38.449,1.702,-1.263,-0.230,-1.298
242.451,-111.140,93.753,0.000,-76.025,45.491,2.162,-1.053,-0.241,-1.284
242.457,-110.359,92.972,0.000,-83.505,51.507,1.003,-0.806,-0.249,-1.365
242.463,-109.579,92.191,0.000,-89.272,58.143,-0.460,-0.609,-0.255,-1.338
242.468,-108.122,89.604,0.000,-95.590,67.784,-0.796,-0.376,-0.259,-1.347
242.474,-105.512,86.994,0.000,-102.375,76.340,1.765,-0.094,-0.261,-1.393
242.479,-102.901,84.383,0.000,-107.387,82.644,1.964,0.135,-0.261,-1.334
242.485,-100.291,81.773,0.000,-110.847,83.416,2.995,0.317,-0.258,-1.201
242.491,-96.471,77.663,0.000,-114.656,84.521,1.615,0.546,-0.254,-1.130
242.496,-92.037,73.229,0.000,-118.816,88.462,0.266,0.803,-0.248,-1.110
242.502,-87.604,68.206,0.000,-120.622,88.113,-2.206,0.991,-0.239,-0.947
242.507,-83.170,64.068,0.000,-123.250,88.723,-2.614,1.202,-0.229,-0.867
242.513,-78.353,58.955,0.000,-125.132,87.385,-0.597,1.403,-0.216,-0.756
242.519,-72.212,52.814,0.000,-125.205,83.020,-0.722,1.590,-0.202,-0.567
242.524,-66.071,46.673,0.000,-125.253,81.337,-1.158,1.775,-0.186,-0.409
242.530,-59.930,40.233,0.000,-124.395,77.702,-1.656,1.934,-0.168,-0.235
242.536,-53.790,34.092,0.000,-124.709,74.816,-1.361,2.128,-0.147,-0.165
242.541,-47.596,27.596,0.000,-125.555,72.571,-2.007,2.339,-0.126,-0.141
242.547,-40.271,20.271,0.000,-125.108,71.605,-1.731,2.545,-0.102,-0.059
242.553,-32.947,12.332,0.000,-127.254,70.892,-1.107,2.829,-0.076,-0.143
242.558,-25.622,5.008,0.000,-127.774,67.097,-0.033,3.065,-0.048,-0.114
242.564,-18.298,-2.629,0.000,-127.147,64.831,0.847,3.265,-0.017,-0.015
242.569,-10.974,-9.953,0.000,-124.800,62.607,0.926,3.415,0.014,0.141
242.575,-3.649,-17.912,0.000,-120.051,57.319,1.770,3.492,0.048,0.378
242.581,3.697,-25.258,0.000,-117.802,55.634,0.741,3.645,0.082,0.420
242.586,11.065,-32.627,0.000,-114.873,52.547,0.797,3.778,0.116,0.475
242.592,18.433,-40.317,0.000,-113.710,48.459,0.982,3.964,0.152,0.406
242.598,25.798,-47.682,0.000,-110.572,44.427,-0.844,4.091,0.189,0.462
242.603,33.156,-55.040,0.000,-105.100,39.782,-0.398,4.148,0.226,0.621
242.609,40.521,-62.405,0.000,-99.824,34.048,-0.782,4.210,0.264,0.738
242.614,47.281,-69.490,0.000,-94.452,29.538,0.885,4.252,0.305,0.830
242.620,53.600,-75.809,0.000,-86.343,22.811,1.395,4.198,0.344,1.089
242.625,59.919,-82.128,0.000,-79.090,14.958,1.788,4.170,0.350,1.249
242.631,66.238,-88.447,0.000,-70.977,7.662,3.079,4.116,0.350,1.427
242.636,72.557,-94.766,0.000,-65.453,4.186,1.723,4.140,0.350,1.418
242.642,78.222,-100.431,0.000,-60.196,3.680,1.929,4.153,0.350,1.389
242.648,82.909,-105.118,0.000,-53.342,2.223,2.088,4.088,0.350,1.452
242.653,87.596,-109.805,0.000,-46.944,-0.937,1.219,4.036,0.350,1.444
242.659,92.283,-114.492,0.000,-39.377,-4.829,0.043,3.950,0.350,1.467
242.664,96.970,-119.508,0.000,-34.973,-9.640,-0.580,3.958,0.350,1.319
242.670,99.949,-122.820,0.000,-25.910,-16.891,0.282,3.776,0.350,1.469
242.675,102.859,-125.730,0.000,-15.681,-27.454,2.227,3.556,0.350,1.680
242.681,105.770,-128.640,0.000,-6.699,-37.389,1.517,3.374,0.350,1.778
242.687,108.205,-131.076,0.000,-0.482,-42.682,-0.285,3.261,0.350,1.687
242.692,109.302,-132.173,0.000,6.028,-46.734,0.008,3.098,0.350,1.648
242.698,110.399,-133.270,0.000,11.226,-51.581,0.692,2.975,0.350,1.537
242.703,111.495,-134.366,0.000,17.128,-54.389,1.020,2.831,0.350,1.488
242.709,111.534,-134.741,0.000,24.460,-59.687,1.138,2.612,0.350,1.492
242.715,110.749,-133.620,0.000,32.427,-64.075,1.816,2.350,0.350,1.527
242.720,109.964,-132.835,0.000,39.183,-67.664,0.517,2.123,0.350,1.465
242.726,109.179,-132.386,0.000,40.225,-67.458,-2.587,2.069,0.350,1.116
242.731,106.813,-130.020,0.000,42.157,-69.782,-3.048,1.940,0.350,0.925
242.737,104.195,-127.401,0.000,48.413,-74.981,-2.312,1.673,0.350,1.037
242.743,101.576,-124.783,0.000,53.762,-81.859,-1.597,1.434,0.350,1.109
242.748,98.662,-121.869,0.000,58.138,-84.471,1.060,1.216,0.350,1.120
242.754,94.224,-117.431,0.000,62.261,-88.554,1.782,0.959,0.350,1.105
242.759,89.787,-112.994,0.000,66.425,-94.180,2.381,0.701,0.350,1.110
242.765,85.350,-108.557,0.000,70.045,-100.193,2.509,0.459,0.350,1.080
242.770,80.912,-104.119,0.000,71.151,-104.297,1.487,0.293,0.350,0.907
242.776,75.241,-98.448,0.000,69.851,-107.079,0.191,0.162,0.350,0.645
242.782,69.098,-92.305,0.000,69.110,-112.206,-0.034,-0.000,0.350,0.477
242.787,62.955,-86.501,0.000,68.844,-114.598,0.895,-0.177,0.349,0.360
242.793,56.811,-80.358,0.000,69.529,-116.966,1.366,-0.382,0.346,0.317
242.798,50.668,-74.215,0.000,71.442,-117.458,3.196,-0.623,0.341,0.348
242.804,43.882,-67.429,0.000,70.652,-112.788,1.266,-0.803,0.334,0.218
242.809,36.558,-60.104,0.000,68.886,-108.190,-0.241,-0.970,0.326,0.049
242.815,29.233,-53.470,0.000,66.503,-105.580,0.185,-1.118,0.316,-0.116
242.821,21.909,-46.145,0.000,62.415,-104.013,-1.181,-1.215,0.304,-0.341
242.826,14.584,-38.821,0.000,59.664,-96.717,-1.618,-1.352,0.292,-0.422
242.832,7.260,-31.496,0.000,56.037,-92.288,-0.981,-1.463,0.278,-0.535
242.837,-0.066,-24.171,0.000,53.430,-90.484,0.679,-1.605,0.263,-0.564
242.843,-7.435,-16.802,0.000,51.473,-86.269,0.977,-1.767,0.248,-0.542
242.849,-14.655,-9.086,0.000,50.535,-83.533,0.953,-1.956,0.230,-0.468
242.854,-22.024,-2.064,0.000,47.232,-79.160,-1.105,-2.078,0.211,-0.543
242.860,-29.393,5.306,0.000,42.192,-70.465,-0.143,-2.148,0.191,-0.706
242.865,-36.762,12.675,0.000,36.561,-62.912,-0.521,-2.200,0.170,-0.857
242.871,-44.028,19.940,0.000,32.377,-58.278,-1.992,-2.292,0.149,-0.907
242.876,-50.350,26.262,0.000,27.678,-52.653,-0.179,-2.341,0.127,-0.983
242.882,-56.671,32.583,0.000,22.787,-48.895,1.082,-2.384,0.104,-1.057
242.888,-62.992,38.905,0.000,16.821,-44.903,0.617,-2.394,0.082,-1.182
242.893,-69.314,45.226,0.000,9.356,-39.741,-0.907,-2.360,0.059,-1.375
242.899,-72.615,49.016,0.000,3.284,-36.117,-0.814,-2.277,0.036,-1.424
242.906,-76.171,53.461,0.000,-0.401,-29.076,1.904,-2.273,0.010,-1.252
242.912,-80.861,58.152,0.000,-7.814,-25.824,0.817,-2.191,-0.014,-1.259
242.919,-85.227,62.461,0.000,-17.666,-19.397,-1.039,-2.027,-0.037,-1.389
242.925,-89.089,67.152,0.000,-25.137,-13.667,-0.016,-1.919,-0.058,-1.418
242.932,-92.927,70.990,0.000,-30.909,-8.898,0.389,-1.861,-0.079,-1.349
242.939,-94.634,73.905,0.000,-38.920,-4.162,1.554,-1.671,-0.098,-1.381
242.945,-97.371,76.819,0.000,-45.558,0.127,1.880,-1.554,-0.116,-1.347
242.952,-100.286,79.734,0.000,-52.546,3.804,0.610,-1.432,-0.132,-1.330
242.959,-101.785,81.234,0.000,-59.130,8.512,-0.145,-1.280,-0.147,-1.315
242.965,-102.527,82.335,0.000,-63.795,17.862,0.339,-1.162,-0.161,-1.218
242.972,-103.629,83.436,0.000,-70.119,23.458,0.656,-1.005,-0.172,-1.197
242.979,-104.578,84.385,0.000,-78.236,24.113,0.259,-0.790,-0.182,-1.281
242.985,-103.616,83.986,0.000,-83.569,23.781,-0.547,-0.601,-0.189,-1.208
242.992,-102.835,82.824,0.000,-88.124,36.636,-0.079,-0.441,-0.195,-1.135
242.999,-102.054,82.043,0.000,-92.392,44.890,0.703,-0.290,-0.199,-1.042
243.006,-99.833,80.564,0.000,-97.779,42.858,-0.825,-0.062,-0.201,-1.039
243.012,-97.219,77.950,0.000,-103.292,43.758,-0.309,0.182,-0.199,-1.035
243.019,-94.225,75.336,0.000,-107.308,52.648,-0.500,0.392,-0.196,-0.971
243.026,-91.611,72.722,0.000,-110.516,55.990,1.054,0.567,-0.190,-0.861
243.033,-87.757,68.867,0.000,-114.505,55.436,1.152,0.802,-0.182,-0.843
243.039,-82.544,64.049,0.000,-118.282,61.797,-0.563,1.072,-0.171,-0.811
243.046,-77.507,59.615,0.000,-119.143,66.535,-1.169,1.249,-0.158,-0.669
243.053,-73.073,55.181,0.000,-122.895,64.153,-0.483,1.495,-0.142,-0.681
243.059,-67.815,50.334,0.000,-123.736,60.673,-1.084,1.678,-0.124,-0.548
243.066,-61.674,44.193,0.000,-123.015,68.678,-1.910,1.840,-0.104,-0.382
243.073,-55.533,38.053,0.000,-122.987,64.586,-1.148,2.024,-0.082,-0.272
243.079,-49.392,31.912,0.000,-123.427,61.608,0.240,2.221,-0.058,-0.212
243.086,-42.620,25.382,0.000,-125.564,63.784,-0.581,2.488,-0.032,-0.290
243.093,-35.756,19.556,0.000,-119.981,61.518,0.871,2.527,-0.004,0.032
243.100,-28.431,12.232,0.000,-118.612,59.902,-0.042,2.705,0.026,0.104
243.106,-20.664,4.907,0.000,-114.985,60.771,0.669,2.830,0.056,0.242
243.113,-13.339,-2.417,0.000,-108.289,55.030,2.216,2.848,0.088,0.493
243.120,-5.800,-9.731,0.000,-105.412,54.022,-0.678,2.988,0.121,0.534
243.126,1.514,-17.045,0.000,-100.247,51.777,0.857,3.053,0.155,0.648
243.133,9.994,-24.366,0.000,-92.201,42.810,1.095,3.066,0.189,0.860
243.140,17.821,-31.713,0.000,-90.505,47.562,1.468,3.250,0.224,0.731
243.146,25.189,-39.081,0.000,-83.487,48.093,2.924,3.260,0.261,0.857
243.153,32.557,-46.450,0.000,-78.158,39.166,1.117,3.321,0.297,0.895
243.160,42.209,-53.818,0.000,-73.489,37.460,1.633,3.471,0.335,0.902
243.166,49.577,-61.186,0.000,-63.481,33.513,0.356,3.392,0.350,1.153
243.173,56.946,-68.554,0.000,-56.697,30.195,-0.688,3.409,0.350,1.200
243.179,63.688,-75.296,0.000,-49.082,25.511,0.478,3.383,0.350,1.228
243.186,71.651,-81.230,0.000,-38.039,14.822,-0.806,3.291,0.350,1.455
243.193,77.970,-87.550,0.000,-33.613,10.942,-1.519,3.348,0.350,1.320
243.199,86.342,-93.488,0.000,-25.875,6.215,-1.082,3.367,0.350,1.337
243.206,92.661,-99.807,0.000,-16.635,-3.110,-0.318,3.279,0.350,1.440
243.213,98.299,-105.445,0.000,-10.309,-7.855,2.922,3.258,0.350,1.377
243.219,102.986,-110.132,0.000,2.317,-17.491,1.268,3.020,0.350,1.641
243.226,109.883,-113.334,0.000,9.886,-24.061,1.252,3.000,0.350,1.609
243.232,114.570,-118.021,0.000,16.681,-28.770,2.019,2.937,0.350,1.488
243.239,121.634,-121.988,0.000,26.848,-42.958,1.407,2.844,0.350,1.581
243.246,124.584,-124.938,0.000,29.762,-45.565,1.192,2.845,0.350,1.346
243.253,127.494,-127.849,0.000,37.904,-50.863,0.937,2.688,0.350,1.397
243.259,130.405,-130.759,0.000,42.208,-58.640,1.071,2.646,0.350,1.247
243.266,136.133,-133.521,0.000,45.010,-62.479,2.279,2.734,0.350,1.059
243.272,137.619,-134.618,0.000,56.139,-70.662,3.448,2.444,0.350,1.322
243.279,138.715,-135.714,0.000,61.652,-76.142,1.520,2.312,0.350,1.287
243.285,141.409,-136.453,0.000,67.384,-79.186,1.568,2.221,0.350,1.209
243.292,141.829,-136.821,0.000,74.555,-86.087,2.186,2.018,0.350,1.240
243.298,141.458,-135.678,0.000,83.379,-93.510,0.740,1.742,0.350,1.351
243.305,140.672,-134.893,0.000,83.514,-93.465,0.645,1.715,0.350,1.024
243.311,139.887,-134.108,0.000,90.959,-97.425,0.428,1.468,0.350,1.122
243.318,139.628,-131.360,0.000,93.327,-100.847,1.072,1.389,0.350,0.973
243.325,137.894,-128.742,0.000,97.265,-101.245,3.382,1.219,0.350,0.908
243.331,135.276,-126.123,0.000,105.557,-105.316,6.956,0.892,0.350,1.071
243.338,133.239,-123.183,0.000,108.513,-107.086,4.955,0.742,0.350,0.980
243.345,129.264,-119.104,0.000,107.917,-106.286,3.828,0.640,0.350,0.701
243.351,124.827,-114.667,0.000,113.236,-108.462,4.321,0.348,0.350,0.760
243.358,120.389,-110.229,0.000,117.226,-115.663,0.931,0.095,0.350,0.764
243.364,117.355,-105.438,0.000,116.078,-115.264,0.681,0.038,0.350,0.535
243.371,111.661,-99.393,0.000,118.611,-113.183,0.632,-0.208,0.348,0.506
243.378,105.517,-93.249,0.000,120.468,-112.802,1.993,-0.449,0.344,0.477
243.385,100.334,-86.077,0.000,117.957,-114.415,-0.089,-0.529,0.339,0.259
243.391,94.677,-79.597,0.000,116.640,-114.586,1.847,-0.659,0.332,0.122
243.398,88.534,-73.454,0.000,116.456,-113.331,3.573,-0.838,0.323,0.084
243.405,82.224,-66.319,0.000,114.127,-110.291,3.800,-0.957,0.313,-0.036
243.411,76.405,-59.327,0.000,110.175,-107.375,1.605,-1.013,0.303,-0.212
243.418,69.081,-52.003,0.000,105.216,-103.719,0.433,-1.084,0.291,-0.404
243.425,63.308,-45.014,0.000,105.347,-103.330,2.193,-1.261,0.277,-0.303
243.431,55.983,-37.690,0.000,101.724,-101.390,3.484,-1.372,0.262,-0.388
243.438,50.800,-30.029,0.000,97.401,-96.507,1.573,-1.398,0.247,-0.484
243.445,43.474,-22.703,0.000,90.278,-87.624,-0.003,-1.404,0.231,-0.698
243.451,36.105,-15.334,0.000,88.514,-83.439,0.442,-1.572,0.214,-0.636
243.458,28.736,-7.965,0.000,84.912,-83.101,1.623,-1.685,0.195,-0.629
243.465,21.367,-0.932,0.000,81.769,-81.735,0.390,-1.812,0.176,-0.614
243.472,13.998,6.773,0.000,75.937,-72.511,0.399,-1.858,0.155,-0.722
243.478,6.629,14.142,0.000,66.584,-63.527,-1.216,-1.799,0.134,-1.005
243.485,-0.074,21.057,0.000,66.028,-58.401,0.274,-1.983,0.112,-0.807
243.492,-6.395,27.379,0.000,63.117,-58.585,1.671,-2.085,0.089,-0.711
243.499,-12.716,33.700,0.000,55.059,-55.951,2.043,-2.033,0.067,-0.898
243.505,-19.038,40.022,0.000,52.318,-49.515,2.523,-2.141,0.043,-0.820
243.512,-25.359,46.343,0.000,46.292,-44.360,2.222,-2.150,0.019,-0.910
243.519,-31.681,52.664,0.000,42.677,-37.453,0.256,-2.231,-0.006,-0.850
243.525,-36.480,57.464,0.000,36.133,-32.981,-0.771,-2.178,-0.030,-0.935
243.532,-41.171,62.155,0.000,30.798,-28.184,1.930,-2.159,-0.055,-0.950
243.539,-45.862,66.506,0.000,24.147,-21.068,2.134,-2.100,-0.079,-1.022
243.546,-51.101,70.853,0.000,16.737,-13.539,1.379,-2.035,-0.102,-1.130
243.552,-54.915,74.667,0.000,12.473,-6.283,-1.343,-2.022,-0.125,-1.061
243.559,-57.829,77.582,0.000,6.631,2.476,-0.444,-1.934,-0.147,-1.079
243.566,-60.744,80.149,0.000,2.337,8.670,1.242,-1.892,-0.168,-0.989
243.573,-63.658,83.064,0.000,-5.657,13.966,1.152,-1.740,-0.188,-1.119
243.579,-65.133,84.539,0.000,-10.328,20.510,-1.769,-1.644,-0.207,-1.054
243.586,-66.234,85.640,0.000,-15.640,26.006,-3.520,-1.518,-0.224,-1.033
243.593,-67.879,86.741,0.000,-20.943,33.463,-2.301,-1.408,-0.240,-1.019
243.600,-68.802,86.602,0.000,-26.673,38.828,2.162,-1.264,-0.255,-1.041
243.606,-68.021,84.352,0.000,-31.625,43.291,6.036,-1.092,-0.268,-1.017
243.613,-67.241,83.571,0.000,-38.749,47.791,3.372,-0.855,-0.278,-1.080
243.620,-66.460,82.790,0.000,-46.883,51.518,-0.181,-0.587,-0.286,-1.201
243.626,-64.955,80.909,0.000,-49.275,59.975,-0.770,-0.470,-0.292,-1.019
243.633,-62.341,78.295,0.000,-53.731,67.820,-2.184,-0.258,-0.295,-0.965
243.640,-59.727,73.334,0.000,-60.173,65.804,-1.816,0.013,-0.296,-1.028
243.647,-57.113,71.121,0.000,-66.097,63.994,-2.229,0.270,-0.294,-1.044
243.653,-53.234,67.242,0.000,-70.892,66.358,-1.804,0.530,-0.290,-1.024
243.660,-48.800,60.338,0.000,-70.762,70.847,0.986,0.659,-0.283,-0.764
243.667,-44.366,55.904,0.000,-73.949,74.214,0.798,0.887,-0.273,-0.710
243.673,-39.932,47.930,0.000,-78.274,70.547,0.780,1.150,-0.262,-0.746
243.680,-35.062,43.059,0.000,-79.730,68.497,-0.239,1.340,-0.248,-0.640
243.687,-29.459,28.921,0.000,-78.065,68.182,0.778,1.458,-0.231,-0.392
243.694,-23.318,23.318,0.000,-76.772,64.888,2.754,1.604,-0.214,-0.224
243.700,-17.178,17.178,0.000,-75.144,63.486,2.728,1.739,-0.195,-0.075
243.707,-11.037,12.619,0.000,-75.699,63.167,0.130,1.940,-0.175,-0.109
243.714,-4.805,6.388,0.000,-69.683,59.267,0.597,1.946,-0.153,0.191
243.720,2.519,-2.519,0.000,-70.761,53.353,-0.390,2.198,-0.129,0.136
243.727,9.843,-9.843,0.000,-70.902,51.224,-1.845,2.422,-0.102,0.101
243.734,17.168,-18.249,0.000,-65.401,47.154,0.263,2.477,-0.074,0.325
243.741,23.959,-24.492,0.000,-62.265,42.458,2.511,2.587,-0.045,0.391
243.747,31.283,-31.816,0.000,-61.165,35.433,0.447,2.773,-0.015,0.358
243.754,38.608,-39.141,0.000,-57.885,32.033,-1.608,2.895,0.016,0.401
243.761,45.428,-49.232,0.000,-51.436,24.513,0.185,2.906,0.049,0.626
243.767,52.796,-56.600,0.000,-50.085,24.224,-1.402,3.086,0.083,0.556
243.774,60.165,-63.969,0.000,-45.128,24.237,-0.155,3.159,0.118,0.622
243.781,67.533,-71.337,0.000,-36.512,12.127,2.257,3.121,0.153,0.880
243.788,74.901,-79.270,0.000,-30.641,4.820,-0.548,3.166,0.188,0.955
243.794,82.269,-86.638,0.000,-27.685,3.589,-1.563,3.299,0.224,0.861
243.801,88.993,-93.363,0.000,-18.269,-4.810,1.807,3.218,0.260,1.078
243.808,95.840,-99.682,0.000,-10.357,-13.487,2.191,3.186,0.295,1.186
243.814,102.159,-106.001,0.000,-6.126,-20.540,1.872,3.249,0.331,1.086
243.821,108.478,-112.320,0.000,4.870,-25.649,1.381,3.108,0.350,1.329
243.828,114.797,-118.639,0.000,14.067,-31.051,-0.930,3.022,0.350,1.443
243.834,120.407,-124.249,0.000,19.199,-34.915,-4.087,3.036,0.350,1.333
243.841,125.094,-128.936,0.000,32.906,-42.186,-2.660,2.766,0.350,1.626
243.848,129.781,-133.623,0.000,43.032,-51.960,-1.395,2.602,0.350,1.689
243.854,134.466,-137.742,0.000,51.868,-58.849,-0.251,2.478,0.350,1.699
243.861,139.146,-142.423,0.000,57.889,-57.459,-0.657,2.438,0.350,1.542
243.868,142.065,-145.342,0.000,67.838,-58.748,-0.348,2.227,0.350,1.616
243.874,144.976,-148.817,0.000,74.270,-65.272,0.165,2.121,0.350,1.532
243.881,147.886,-151.162,0.000,79.187,-72.617,-1.736,2.061,0.350,1.389
243.888,150.267,-153.543,0.000,86.192,-78.474,-1.607,1.922,0.350,1.371
243.894,151.363,-154.640,0.000,96.113,-83.403,-0.786,1.657,0.350,1.483
243.901,152.460,-155.736,0.000,100.761,-90.187,1.073,1.551,0.350,1.342
243.908,153.557,-156.833,0.000,105.802,-100.234,1.189,1.433,0.350,1.256
243.914,153.538,-156.815,0.000,108.073,-103.280,-0.359,1.364,0.350,1.053
243.921,152.753,-156.030,0.000,115.339,-103.808,-2.814,1.122,0.350,1.135
243.928,151.968,-155.244,0.000,122.618,-107.793,-2.692,0.880,0.350,1.203
243.934,151.183,-154.459,0.000,126.906,-114.547,-1.388,0.728,0.350,1.110
243.941,148.761,-149.294,0.000,129.854,-123.886,-0.797,0.567,0.350,0.987
243.948,146.143,-145.615,0.000,131.392,-126.521,0.381,0.442,0.350,0.805
243.954,143.524,-142.997,0.000,137.266,-126.101,-0.677,0.188,0.350,0.883
243.961,140.555,-144.967,0.000,144.148,-126.443,-2.566,-0.108,0.349,0.968
243.968,136.117,-140.529,0.000,143.804,-127.947,-1.949,-0.231,0.347,0.719
243.975,131.680,-135.521,0.000,146.979,-129.765,-1.784,-0.459,0.343,0.702
243.981,127.243,-131.084,0.000,148.999,-130.236,-2.661,-0.653,0.337,0.625
243.988,122.805,-124.968,0.000,151.314,-133.330,-3.389,-0.855,0.328,0.583
243.995,117.082,-119.245,0.000,150.015,-134.603,-1.497,-0.988,0.318,0.379
244.001,110.939,-112.553,0.000,152.818,-132.918,-1.183,-1.256,0.304,0.401
244.008,104.798,-104.271,0.000,150.296,-130.095,-1.597,-1.365,0.289,0.167
244.015,98.661,-97.611,0.000,152.085,-128.477,-1.878,-1.603,0.272,0.206
244.022,92.517,-91.468,0.000,149.057,-126.746,-1.690,-1.696,0.253,-0.009
244.028,85.697,-84.130,0.000,146.029,-124.824,-2.831,-1.810,0.233,-0.142
244.035,78.373,-76.806,0.000,142.365,-126.726,-1.804,-1.920,0.213,-0.274
244.042,71.048,-64.585,0.000,140.067,-126.523,-1.173,-2.071,0.190,-0.293
244.048,63.724,-57.728,0.000,133.924,-122.574,-2.780,-2.106,0.167,-0.490
244.055,56.399,-52.815,0.000,129.372,-120.488,-4.276,-2.189,0.144,-0.560
244.062,49.075,-45.490,0.000,124.610,-114.142,-3.497,-2.266,0.118,-0.647
244.069,41.748,-34.363,0.000,118.706,-108.850,-3.936,-2.309,0.092,-0.767
244.075,34.379,-26.994,0.000,110.758,-106.237,-2.693,-2.291,0.066,-0.980
244.082,27.010,-19.625,0.000,105.352,-103.318,-3.052,-2.350,0.040,-0.995
244.089,19.641,-12.256,0.000,99.487,-97.337,-2.770,-2.395,0.013,-1.045
244.095,12.272,-1.383,0.000,94.204,-93.185,-3.434,-2.458,-0.014,-1.049
244.102,4.903,5.987,0.000,88.818,-85.533,-2.187,-2.517,-0.042,-1.056
244.109,-2.333,13.222,0.000,79.507,-78.955,-2.920,-2.455,-0.070,-1.237
244.115,-9.704,21.190,0.000,73.038,-74.013,-2.935,-2.482,-0.098,-1.238
244.122,-16.542,30.608,0.000,63.346,-67.172,-0.266,-2.397,-0.125,-1.403
244.129,-22.864,36.930,0.000,55.560,-59.080,-2.172,-2.353,-0.151,-1.410
244.135,-29.185,43.251,0.000,45.627,-54.032,-2.830,-2.244,-0.176,-1.527
244.142,-41.325,50.307,0.000,38.561,-45.928,-3.468,-2.397,-0.203,-1.463
244.149,-46.100,55.082,0.000,31.038,-39.470,-1.953,-2.314,-0.228,-1.432
244.156,-50.791,59.772,0.000,24.498,-30.361,-2.937,-2.259,-0.254,-1.359
244.162,-55.481,64.463,0.000,17.132,-27.590,-3.995,-2.178,-0.278,-1.351
244.169,-66.903,72.605,0.000,6.966,-23.858,-5.254,-2.216,-0.302,-1.474
244.176,-70.690,76.392,0.000,-1.084,-18.862,-4.920,-2.088,-0.325,-1.471
244.182,-73.604,79.306,0.000,-10.855,-6.401,-4.270,-1.882,-0.347,-1.556
244.189,-76.519,82.221,0.000,-18.537,3.742,-4.115,-1.739,-0.350,-1.529
244.196,-86.418,87.647,0.000,-26.862,9.016,-4.063,-1.787,-0.350,-1.554
244.202,-89.690,89.394,0.000,-35.162,14.368,-5.389,-1.636,-0.350,-1.552
244.209,-90.791,90.495,0.000,-44.789,21.478,-4.920,-1.380,-0.350,-1.624
244.216,-102.358,97.926,0.000,-52.837,31.518,-6.375,-1.486,-0.350,-1.601
244.223,-103.252,98.821,0.000,-59.989,36.767,-6.000,-1.298,-0.350,-1.551
244.229,-102.472,98.040,0.000,-65.122,43.471,-4.982,-1.120,-0.350,-1.407
244.236,-101.691,97.259,0.000,-74.258,44.737,-6.264,-0.823,-0.350,-1.488
244.243,-109.249,103.275,0.000,-79.767,48.973,-5.140,-0.884,-0.350,-1.376
244.249,-107.717,101.742,0.000,-88.009,55.600,-3.422,-0.591,-0.350,-1.457
244.255,-105.102,99.128,0.000,-96.179,61.699,-3.965,-0.268,-0.350,-1.500
244.261,-102.488,96.514,0.000,-98.855,68.710,-3.099,-0.109,-0.350,-1.271
244.267,-99.874,93.900,0.000,-103.249,72.843,-1.915,0.101,-0.350,-1.198
244.274,-95.967,89.993,0.000,-109.256,75.801,-3.114,0.399,-0.347,-1.228
244.279,-91.831,90.639,0.000,-111.625,81.054,-1.627,0.594,-0.342,-1.023
244.285,-87.397,86.205,0.000,-116.948,91.973,-2.265,0.887,-0.335,-1.110
244.290,-82.963,81.771,0.000,-120.479,96.412,-5.462,1.125,-0.326,-1.076
244.295,-78.067,77.024,0.000,-120.896,94.392,-5.565,1.285,-0.315,-0.847
244.301,-71.926,71.033,0.000,-121.635,93.010,-6.264,1.491,-0.302,-0.691
244.306,-65.785,64.892,0.000,-122.968,92.103,-6.169,1.715,-0.288,-0.612
244.312,-59.645,58.751,0.000,-122.668,91.695,-5.850,1.891,-0.271,-0.451
244.317,-53.653,52.611,0.000,-122.441,90.395,-5.738,2.064,-0.253,-0.322
244.322,-47.552,46.361,0.000,-121.282,87.402,-5.306,2.212,-0.234,-0.183
244.328,-40.228,39.037,0.000,-121.540,83.416,-2.503,2.439,-0.210,-0.144
244.334,-32.903,31.713,0.000,-119.796,78.025,-2.286,2.607,-0.184,0.023
244.340,-25.579,24.388,0.000,-116.974,72.935,-3.613,2.742,-0.157,0.197
244.346,-18.255,17.064,0.000,-116.868,68.051,-5.713,2.958,-0.128,0.191
244.352,-10.930,9.740,0.000,-115.247,64.562,-5.408,3.129,-0.097,0.274
244.358,-6.790,3.011,0.000,-115.921,61.384,-6.376,3.274,-0.065,0.169
244.364,0.401,-4.337,0.000,-110.814,57.474,-6.145,3.336,-0.032,0.333
244.370,7.770,-11.706,0.000,-104.889,52.801,-4.967,3.380,-0.001,0.520
244.376,15.138,-19.074,0.000,-99.106,48.528,-2.221,3.427,0.033,0.663
244.382,22.663,-26.442,0.000,-92.676,43.843,-1.160,3.460,0.068,0.854
244.388,30.031,-33.810,0.000,-88.829,40.477,-0.758,3.566,0.104,0.867
244.394,37.399,-41.178,0.000,-86.866,35.903,-1.557,3.728,0.141,0.777
244.400,43.951,-47.887,0.000,-86.296,33.695,-2.111,3.907,0.179,0.595
244.406,50.270,-54.206,0.000,-82.097,32.344,-1.917,3.971,0.217,0.620
244.412,56.589,-60.525,0.000,-73.558,28.430,-1.040,3.904,0.255,0.896
244.418,62.908,-66.844,0.000,-66.376,22.695,1.961,3.878,0.293,1.080
244.424,69.384,-73.163,0.000,-62.753,17.777,-1.594,3.964,0.333,1.054
244.430,74.969,-78.748,0.000,-61.509,16.035,-5.323,4.094,0.350,0.870
244.436,79.499,-83.435,0.000,-56.146,12.593,-5.276,4.069,0.350,0.901
244.441,84.186,-88.122,0.000,-48.161,6.334,-2.666,3.970,0.350,1.079
244.447,88.715,-92.660,0.000,-38.840,-2.755,-1.744,3.827,0.350,1.327
244.453,93.384,-97.329,0.000,-32.882,-5.398,-2.339,3.788,0.350,1.373
244.458,96.295,-100.240,0.000,-27.391,-9.801,-1.978,3.711,0.350,1.380
244.464,99.046,-103.150,0.000,-25.893,-11.346,-1.013,3.748,0.350,1.142
244.470,101.957,-106.061,0.000,-21.207,-12.701,-0.638,3.695,0.350,1.122
244.475,104.304,-108.408,0.000,-12.045,-20.392,0.377,3.490,0.350,1.353
244.481,105.401,-109.504,0.000,-3.948,-28.537,-1.491,3.280,0.350,1.477
244.486,106.338,-110.601,0.000,1.475,-34.869,-1.927,3.146,0.350,1.442
244.492,107.274,-111.549,0.000,8.545,-41.582,-3.589,2.962,0.350,1.509
244.497,107.222,-111.496,0.000,12.275,-48.320,-5.540,2.848,0.350,1.373
244.503,106.436,-110.711,0.000,14.273,-51.313,-4.805,2.765,0.350,1.124
244.509,105.651,-109.926,0.000,17.972,-54.617,-2.763,2.630,0.350,1.019
244.514,104.866,-109.141,0.000,23.149,-59.523,-1.121,2.451,0.350,1.012
244.520,102.410,-106.685,0.000,26.930,-62.210,-1.295,2.264,0.350,0.956
244.525,99.792,-104.067,0.000,31.770,-66.827,0.902,2.041,0.350,1.010
244.531,97.174,-101.448,0.000,36.100,-70.481,0.771,1.832,0.350,1.046
244.536,94.170,-98.445,0.000,41.869,-75.909,1.845,1.569,0.350,1.165
244.542,89.733,-94.008,0.000,45.188,-77.399,2.167,1.336,0.350,1.118
244.548,85.296,-89.422,0.000,47.272,-79.581,3.135,1.141,0.350,0.945
244.553,80.858,-84.984,0.000,50.036,-81.144,2.176,0.925,0.350,0.837
244.559,76.421,-80.547,0.000,49.339,-77.974,0.825,0.812,0.350,0.520
244.565,70.505,-74.047,0.000,54.979,-82.677,1.849,0.466,0.350,0.678
244.571,64.037,-67.605,0.000,54.764,-85.699,0.109,0.278,0.350,0.511
244.578,57.894,-61.462,0.000,55.280,-86.976,-1.547,0.078,0.350,0.444
244.584,51.751,-55.319,0.000,54.806,-80.755,-3.473,-0.092,0.350,0.321
244.590,44.609,-48.876,0.000,54.058,-76.167,-3.146,-0.283,0.347,0.199
244.597,37.606,-42.042,0.000,54.897,-76.500,0.586,-0.519,0.342,0.193
244.603,29.768,-33.813,0.000,52.832,-78.284,2.844,-0.692,0.336,0.087
244.610,21.914,-26.336,0.000,49.872,-70.635,1.791,-0.839,0.327,-0.080
244.616,14.411,-18.858,0.000,47.692,-62.227,0.828,-0.998,0.316,-0.199
244.623,7.087,-11.534,0.000,49.002,-64.981,3.223,-1.257,0.303,-0.091
244.630,-0.238,-4.209,0.000,46.293,-65.435,1.798,-1.396,0.289,-0.168
244.637,-7.565,3.118,0.000,41.613,-53.957,0.619,-1.475,0.272,-0.347
244.643,-16.610,11.420,0.000,39.758,-46.240,1.328,-1.691,0.254,-0.378
244.650,-25.169,19.425,0.000,38.069,-48.186,1.890,-1.897,0.234,-0.358
244.656,-32.743,26.794,0.000,33.959,-41.295,-0.550,-2.001,0.213,-0.446
244.663,-40.112,34.163,0.000,29.452,-30.627,-1.284,-2.087,0.190,-0.562
244.670,-47.481,41.532,0.000,26.906,-26.774,2.792,-2.232,0.165,-0.547
244.676,-55.113,49.234,0.000,22.308,-26.532,4.329,-2.323,0.140,-0.624
244.683,-61.435,55.556,0.000,14.854,-18.572,1.912,-2.289,0.115,-0.811
244.690,-67.756,61.877,0.000,5.674,-8.628,0.538,-2.203,0.089,-1.044
244.696,-74.077,68.199,0.000,-1.060,-2.531,2.204,-2.190,0.065,-1.110
244.703,-81.036,75.349,0.000,-8.675,-0.520,2.491,-2.171,0.041,-1.181
244.710,-87.358,81.671,0.000,-18.891,5.247,1.839,-2.054,0.018,-1.367
244.716,-92.759,86.926,0.000,-29.477,15.208,-0.052,-1.898,-0.004,-1.561
244.723,-97.449,92.492,0.000,-34.509,19.827,3.378,-1.888,-0.025,-1.422
244.730,-102.140,97.182,0.000,-44.497,21.851,3.867,-1.729,-0.045,-1.530
244.736,-106.830,101.873,0.000,-58.025,34.480,1.479,-1.464,-0.063,-1.761
244.743,-111.033,109.084,0.000,-69.119,46.937,1.680,-1.257,-0.078,-1.874
244.750,-113.948,111.998,0.000,-72.941,51.800,4.147,-1.230,-0.092,-1.591
244.756,-116.862,114.913,0.000,-83.188,52.401,5.883,-1.010,-0.103,-1.642
244.763,-120.699,118.246,0.000,-95.076,63.326,4.474,-0.769,-0.112,-1.793
244.769,-122.114,119.661,0.000,-103.470,70.672,3.534,-0.559,-0.119,-1.806
244.775,-123.215,120.762,0.000,-111.230,77.169,5.197,-0.360,-0.124,-1.769
244.782,-124.316,121.863,0.000,-117.583,79.254,4.539,-0.202,-0.126,-1.630
244.788,-125.177,122.724,0.000,-124.977,82.522,3.554,-0.006,-0.127,-1.585
244.794,-126.871,124.162,0.000,-133.802,91.947,3.586,0.208,-0.125,-1.616
244.801,-126.883,123.615,0.000,-137.149,97.822,4.289,0.308,-0.122,-1.383
244.807,-126.102,122.835,0.000,-142.049,101.364,2.301,0.478,-0.118,-1.265
244.814,-124.536,121.269,0.000,-147.442,107.254,2.912,0.687,-0.111,-1.209
244.821,-123.019,120.110,0.000,-145.701,110.113,4.618,0.680,-0.103,-0.822
244.828,-120.405,117.495,0.000,-149.260,116.213,3.637,0.866,-0.093,-0.749
244.835,-117.790,114.881,0.000,-150.578,123.710,3.444,0.984,-0.083,-0.642
244.841,-114.993,113.297,0.000,-148.157,125.501,3.689,0.995,-0.072,-0.367
244.848,-110.560,109.698,0.000,-147.185,126.660,4.613,1.099,-0.060,-0.183
244.854,-106.126,105.264,0.000,-150.221,136.629,3.731,1.323,-0.046,-0.276
244.861,-101.692,100.831,0.000,-150.544,139.966,3.552,1.466,-0.032,-0.253
244.867,-97.956,96.187,0.000,-150.505,142.630,3.687,1.576,-0.015,-0.196
244.874,-91.522,90.342,0.000,-147.698,142.288,3.218,1.685,0.004,-0.017
244.881,-85.389,84.210,0.000,-147.617,140.875,0.420,1.867,0.025,-0.002
244.888,-79.554,78.363,0.000,-150.853,146.785,1.887,2.139,0.047,-0.189
244.894,-73.413,72.515,0.000,-147.265,141.067,2.816,2.216,0.071,0.003
244.901,-67.147,66.248,0.000,-142.781,136.611,3.045,2.269,0.096,0.233
244.908,-59.822,58.924,0.000,-142.940,141.284,2.817,2.494,0.124,0.178
244.915,-52.498,51.600,0.000,-142.335,138.911,0.653,2.695,0.153,0.160
244.921,-45.174,44.275,0.000,-141.395,138.311,3.697,2.887,0.185,0.150
244.928,-37.547,36.658,0.000,-135.801,132.156,3.753,2.948,0.218,0.396
244.935,-30.222,29.627,0.000,-134.750,134.749,4.068,3.136,0.253,0.371
244.942,-22.898,22.302,0.000,-129.900,133.630,5.065,3.210,0.288,0.493
244.948,-15.549,14.953,0.000,-124.480,130.266,2.306,3.268,0.324,0.615
244.955,-8.181,7.585,0.000,-117.568,124.008,0.568,3.282,0.350,0.785
244.961,-0.812,0.217,0.000,-109.198,117.329,-5.285,3.252,0.350,0.995
244.968,6.556,-7.151,0.000,-107.525,117.663,-1.093,3.422,0.350,0.816
244.975,14.223,-14.520,0.000,-98.964,106.139,-0.787,3.396,0.350,0.977
244.982,21.592,-21.888,0.000,-92.627,100.808,2.438,3.427,0.350,1.044
244.988,29.164,-27.985,0.000,-80.967,95.799,3.692,3.304,0.350,1.338
244.995,37.432,-34.900,0.000,-75.932,91.141,3.091,3.401,0.350,1.255
245.002,44.803,-41.219,0.000,-71.274,89.016,4.361,3.482,0.350,1.151
245.008,53.101,-47.831,0.000,-62.425,81.657,-1.681,3.466,0.350,1.288
245.015,59.420,-54.150,0.000,-58.937,77.907,-1.185,3.551,0.350,1.148
245.021,64.981,-59.711,0.000,-50.015,66.893,-2.541,3.450,0.350,1.271
245.028,69.668,-64.398,0.000,-41.400,62.421,-3.825,3.332,0.350,1.379
245.034,79.257,-70.782,0.000,-33.107,55.217,-1.855,3.371,0.350,1.412
245.041,85.428,-76.011,0.000,-25.847,48.188,-4.485,3.338,0.350,1.414
245.047,90.070,-80.654,0.000,-21.804,47.480,-1.293,3.356,0.350,1.255
245.054,95.045,-84.873,0.000,-11.684,38.420,4.388,3.202,0.350,1.408
245.061,97.955,-87.783,0.000,-5.502,32.639,1.322,3.104,0.350,1.361
245.068,102.158,-91.447,0.000,2.490,31.494,3.867,2.990,0.350,1.388
245.074,104.479,-93.767,0.000,9.042,23.130,-1.000,2.863,0.350,1.356
245.080,108.777,-97.440,0.000,12.689,20.708,-3.726,2.883,0.350,1.194
245.086,109.873,-98.537,0.000,22.860,12.072,-3.502,2.610,0.350,1.392
245.093,111.565,-104.945,0.000,32.465,0.841,-4.496,2.373,0.350,1.538
245.098,111.485,-104.864,0.000,40.044,-5.499,-5.724,2.143,0.350,1.614
245.104,110.699,-104.079,0.000,45.471,-10.459,-3.351,1.957,0.350,1.530
245.109,109.914,-103.294,0.000,48.561,-13.634,0.601,1.841,0.350,1.312
245.115,109.129,-102.508,0.000,52.988,-16.122,1.523,1.684,0.350,1.191
245.121,106.646,-100.026,0.000,58.472,-19.127,1.359,1.445,0.350,1.191
245.126,104.028,-98.100,0.000,64.943,-24.861,0.922,1.173,0.350,1.279
245.132,101.410,-96.155,0.000,69.704,-29.741,-0.114,0.951,0.350,1.261
245.137,98.380,-93.125,0.000,72.167,-31.504,-1.881,0.786,0.350,1.121
245.143,93.942,-89.182,0.000,75.011,-33.011,-2.758,0.568,0.350,1.009
245.148,89.505,-84.744,0.000,78.770,-35.013,-2.336,0.322,0.350,0.940
245.154,85.067,-80.307,0.000,80.615,-32.814,-2.998,0.134,0.350,0.759
245.160,80.630,-75.870,0.000,84.369,-34.344,-2.887,-0.112,0.349,0.754
245.166,75.148,-71.525,0.000,87.289,-38.671,-1.496,-0.364,0.346,0.720
245.172,69.004,-65.382,0.000,88.527,-42.846,-0.651,-0.586,0.342,0.630
245.178,62.861,-59.239,0.000,88.467,-43.280,-2.248,-0.768,0.335,0.489
245.184,56.718,-53.095,0.000,87.120,-37.847,-3.423,-0.912,0.326,0.286
245.190,53.602,-49.980,0.000,88.282,-36.707,-2.157,-1.040,0.316,0.256
245.196,46.741,-43.119,0.000,88.840,-35.614,-1.529,-1.263,0.304,0.226
245.202,41.513,-36.092,0.000,87.558,-36.298,0.605,-1.381,0.290,0.110
245.208,34.696,-28.767,0.000,87.081,-35.056,0.552,-1.572,0.276,0.080
245.214,27.371,-21.443,0.000,86.938,-33.621,-1.597,-1.787,0.260,0.074
245.219,20.047,-14.118,0.000,84.075,-32.251,-3.088,-1.921,0.243,-0.082
245.225,13.239,-6.942,0.000,81.085,-26.430,-3.780,-2.035,0.225,-0.215
245.230,6.440,0.386,0.000,76.031,-22.896,-3.516,-2.088,0.205,-0.444
245.236,-0.929,7.755,0.000,70.872,-19.508,-2.900,-2.154,0.185,-0.634
245.242,-7.757,14.975,0.000,68.119,-11.701,-2.615,-2.276,0.162,-0.631
245.248,-14.573,22.344,0.000,63.700,-6.457,-2.090,-2.348,0.138,-0.702
245.254,-21.374,29.713,0.000,60.776,-1.753,-1.172,-2.464,0.114,-0.677
245.261,-28.743,37.082,0.000,55.284,2.484,-3.073,-2.521,0.088,-0.766
245.267,-35.360,44.282,0.000,48.991,6.834,-4.740,-2.531,0.063,-0.883
245.273,-41.484,50.603,0.000,41.870,12.794,-3.462,-2.501,0.037,-1.026
245.279,-47.607,56.924,0.000,35.751,19.704,-2.883,-2.501,0.011,-1.115
245.285,-53.524,63.097,0.000,30.701,25.756,-0.979,-2.527,-0.015,-1.104
245.292,-59.845,69.418,0.000,24.475,27.473,0.022,-2.530,-0.042,-1.124
245.298,-66.158,75.731,0.000,15.233,28.759,0.005,-2.442,-0.069,-1.281
245.305,-70.872,80.445,0.000,8.315,32.760,0.027,-2.376,-0.094,-1.296
245.311,-75.561,85.134,0.000,1.596,41.841,-1.485,-2.315,-0.120,-1.330
245.317,-80.247,89.969,0.000,-2.895,48.341,-0.647,-2.321,-0.144,-1.205
245.324,-84.933,94.655,0.000,-6.445,52.409,0.892,-2.355,-0.168,-1.067
245.330,-88.668,98.389,0.000,-13.856,55.198,-0.446,-2.244,-0.191,-1.167
245.336,-91.785,101.155,0.000,-23.327,59.426,-2.974,-2.054,-0.214,-1.337
245.343,-94.901,104.070,0.000,-26.537,70.200,-1.169,-2.051,-0.237,-1.176
245.349,-97.815,106.984,0.000,-31.407,73.924,-1.225,-1.992,-0.258,-1.106
245.356,-99.209,108.378,0.000,-39.697,77.936,-0.171,-1.785,-0.278,-1.225
245.362,-100.109,109.479,0.000,-49.053,84.467,-0.049,-1.532,-0.295,-1.381
245.368,-101.210,110.580,0.000,-56.127,91.880,0.632,-1.352,-0.311,-1.411
245.375,-102.049,111.420,0.000,-60.563,98.352,1.978,-1.245,-0.325,-1.272
245.382,-101.269,110.639,0.000,-69.120,101.822,-0.216,-0.964,-0.336,-1.342
245.388,-100.285,109.858,0.000,-75.870,108.906,-1.095,-0.732,-0.345,-1.346
245.394,-99.300,109.077,0.000,-81.208,113.886,-0.242,-0.543,-0.350,-1.308
245.401,-97.713,107.491,0.000,-84.178,114.123,1.531,-0.406,-0.350,-1.119
245.407,-95.099,104.877,0.000,-87.567,114.071,1.092,-0.226,-0.350,-0.954
245.414,-92.485,102.263,0.000,-97.081,121.541,-1.127,0.138,-0.350,-1.177
245.420,-90.076,99.649,0.000,-101.558,129.464,1.155,0.344,-0.347,-1.121
245.427,-85.910,95.688,0.000,-102.640,125.073,2.447,0.502,-0.342,-0.900
245.433,-81.476,91.254,0.000,-103.371,123.684,2.131,0.657,-0.335,-0.676
245.440,-77.043,86.820,0.000,-105.704,127.639,0.957,0.860,-0.327,-0.633
245.446,-72.609,82.387,0.000,-103.267,123.635,2.419,0.920,-0.317,-0.361
245.453,-67.662,77.440,0.000,-103.314,125.106,1.750,1.070,-0.306,-0.272
245.459,-61.315,71.299,0.000,-104.598,124.652,2.391,1.298,-0.293,-0.293
245.465,-54.755,65.158,0.000,-99.544,120.195,2.229,1.344,-0.280,0.031
245.472,-48.187,59.017,0.000,-101.571,120.272,0.138,1.601,-0.263,-0.051
245.478,-42.047,52.877,0.000,-102.523,124.141,1.871,1.814,-0.245,-0.092
245.485,-35.762,46.593,0.000,-96.348,120.257,3.310,1.818,-0.226,0.209
245.491,-28.438,39.268,0.000,-93.321,115.407,1.292,1.946,-0.205,0.322
245.497,-21.114,31.944,0.000,-94.982,114.509,2.026,2.216,-0.182,0.159
245.504,-9.548,24.322,0.000,-87.549,108.552,1.892,2.340,-0.157,0.453
245.511,-2.224,16.997,0.000,-83.647,102.251,0.897,2.443,-0.130,0.529
245.518,7.249,9.524,0.000,-77.437,102.105,0.523,2.541,-0.102,0.682
245.524,16.302,2.053,0.000,-74.400,94.052,1.750,2.721,-0.073,0.663
245.531,24.247,-5.289,0.000,-71.743,90.999,4.284,2.880,-0.041,0.619
245.537,31.615,-12.658,0.000,-62.800,84.036,5.310,2.832,-0.010,0.887
245.544,38.983,-20.026,0.000,-58.022,88.376,3.989,2.910,0.022,0.899
245.551,48.890,-27.693,0.000,-52.345,86.871,5.121,3.037,0.055,0.945
245.557,56.927,-35.362,0.000,-43.898,76.865,3.225,3.025,0.088,1.091
245.564,64.295,-42.730,0.000,-39.310,74.266,1.670,3.108,0.123,1.042
245.571,73.427,-50.473,0.000,-28.966,66.350,0.056,3.072,0.157,1.275
245.577,79.746,-56.792,0.000,-21.337,66.184,-2.925,3.032,0.191,1.329
245.584,86.065,-63.111,0.000,-11.360,61.379,0.984,2.923,0.223,1.448
245.591,92.384,-69.430,0.000,-3.523,53.297,-1.735,2.877,0.255,1.456
245.597,98.703,-75.749,0.000,0.202,48.080,0.543,2.955,0.287,1.265
245.604,107.271,-83.999,0.000,12.519,37.656,1.188,2.843,0.319,1.541
245.610,111.951,-88.680,0.000,20.771,33.699,2.255,2.735,0.350,1.568
245.617,117.838,-94.738,0.000,30.702,29.631,4.216,2.614,0.350,1.629
245.623,122.934,-99.602,0.000,39.532,19.914,0.213,2.502,0.350,1.676
245.630,127.559,-104.227,0.000,47.489,15.501,0.287,2.402,0.350,1.646
245.637,131.302,-107.317,0.000,59.280,6.712,-0.382,2.161,0.350,1.790
245.643,134.212,-110.227,0.000,68.718,2.729,-2.921,1.965,0.350,1.795
245.650,137.122,-113.137,0.000,73.277,2.347,-3.232,1.915,0.350,1.528
245.657,142.929,-116.169,0.000,83.382,-9.130,-1.407,1.786,0.350,1.610
245.663,145.415,-117.829,0.000,89.876,-17.204,0.638,1.666,0.350,1.526
245.670,146.511,-118.925,0.000,98.707,-14.280,1.436,1.434,0.350,1.558
245.677,147.608,-120.022,0.000,104.535,-19.363,3.220,1.292,0.350,1.448
245.683,147.508,-119.922,0.000,108.958,-23.781,1.775,1.157,0.350,1.288
245.690,146.723,-119.137,0.000,117.776,-27.342,0.262,0.868,0.350,1.354
245.697,145.938,-118.352,0.000,123.824,-36.561,-1.596,0.663,0.350,1.313
245.703,152.763,-123.383,0.000,129.160,-43.543,-2.866,0.708,0.350,1.243
245.710,150.262,-121.628,0.000,134.743,-43.770,-2.349,0.466,0.350,1.185
245.717,147.643,-119.009,0.000,142.023,-46.938,-0.545,0.169,0.350,1.230
245.723,145.025,-116.391,0.000,143.406,-51.044,-0.755,0.049,0.350,0.995
245.730,141.977,-113.343,0.000,144.893,-53.346,-1.263,-0.087,0.349,0.794
245.737,140.337,-111.563,0.000,150.108,-55.613,-1.816,-0.293,0.347,0.831
245.744,135.900,-107.126,0.000,151.927,-63.117,-2.015,-0.481,0.343,0.726
245.750,131.463,-104.421,0.000,153.379,-64.507,-2.367,-0.657,0.336,0.629
245.757,127.025,-99.983,0.000,155.048,-63.918,-1.693,-0.841,0.327,0.538
245.764,121.228,-94.186,0.000,158.373,-61.182,-1.295,-1.114,0.315,0.530
245.771,115.085,-88.043,0.000,159.918,-68.227,-0.961,-1.345,0.301,0.484
245.777,108.942,-81.900,0.000,158.902,-76.018,0.937,-1.499,0.285,0.319
245.784,102.798,-75.757,0.000,160.183,-73.576,-1.563,-1.722,0.267,0.292
245.791,96.664,-71.785,0.000,160.789,-71.281,-2.920,-1.924,0.246,0.253
245.797,89.793,-64.914,0.000,158.779,-68.688,-3.577,-2.070,0.224,0.101
245.804,82.468,-57.590,0.000,158.001,-69.643,-2.848,-2.266,0.199,0.037
245.811,74.573,-51.242,0.000,155.910,-72.852,-3.595,-2.440,0.171,-0.071
245.818,67.248,-44.250,0.000,153.332,-73.885,-2.892,-2.582,0.143,-0.166
245.824,59.924,-37.262,0.000,149.584,-65.964,-1.676,-2.690,0.114,-0.284
245.831,52.599,-29.937,0.000,145.194,-57.349,-1.872,-2.778,0.083,-0.408
245.838,45.271,-22.609,0.000,140.641,-51.344,0.484,-2.861,0.051,-0.535
245.845,37.902,-19.559,0.000,135.408,-44.594,0.939,-2.925,0.018,-0.662
245.851,30.533,-12.963,0.000,131.383,-40.070,-0.288,-3.026,-0.015,-0.692
245.858,23.164,-5.594,0.000,126.472,-40.732,-1.039,-3.099,-0.050,-0.738
245.865,15.229,-10.903,0.000,122.997,-38.031,-0.488,-3.233,-0.085,-0.703
245.871,7.860,-3.534,0.000,115.753,-33.296,-2.824,-3.237,-0.121,-0.850
245.878,-0.443,3.656,0.000,107.993,-28.818,-3.716,-3.253,-0.157,-1.006
245.885,-6.765,9.455,0.000,102.657,-22.049,-3.140,-3.283,-0.194,-1.010
245.892,-13.086,15.777,0.000,95.196,-15.592,-1.755,-3.248,-0.230,-1.114
245.898,-19.408,22.098,0.000,90.365,-13.185,-0.989,-3.293,-0.267,-1.072
245.905,-25.729,28.419,0.000,83.045,-15.561,-0.653,-3.263,-0.305,-1.139
245.912,-32.050,32.050,0.000,75.754,-15.154,-0.570,-3.234,-0.341,-1.201
245.919,-36.755,36.755,0.000,72.012,-14.993,-0.500,-3.263,-0.350,-1.060
245.925,-41.994,39.196,0.000,63.111,-9.412,-3.635,-3.153,-0.350,-1.193
245.932,-46.685,44.457,0.000,53.520,-4.644,-6.819,-3.006,-0.350,-1.347
245.939,-51.375,49.148,0.000,47.210,-1.294,-2.178,-2.958,-0.350,-1.334
245.946,-55.085,52.858,0.000,40.044,5.855,-0.099,-2.854,-0.350,-1.351
245.952,-58.000,55.772,0.000,33.815,3.608,-0.115,-2.754,-0.350,-1.303
245.959,-63.056,56.958,0.000,26.939,3.913,0.875,-2.700,-0.350,-1.297
245.966,-65.970,59.873,0.000,19.879,9.041,-0.859,-2.575,-0.350,-1.307
245.973,-71.858,61.823,0.000,16.960,11.130,-2.019,-2.665,-0.350,-1.096
245.979,-72.959,62.924,0.000,8.711,17.000,-2.533,-2.450,-0.350,-1.183
245.986,-74.060,64.026,0.000,1.397,26.458,-1.344,-2.264,-0.350,-1.242
245.993,-74.873,64.839,0.000,-4.803,37.895,-2.244,-2.102,-0.350,-1.239
245.999,-78.220,64.634,0.000,-9.778,42.905,-2.702,-2.053,-0.350,-1.182
246.006,-77.876,63.855,0.000,-14.592,46.400,-1.454,-1.899,-0.350,-1.109
246.013,-77.096,63.075,0.000,-18.914,47.502,-1.234,-1.745,-0.350,-1.035
246.020,-76.771,61.469,0.000,-22.303,52.426,-0.608,-1.634,-0.350,-0.928
246.026,-74.157,58.855,0.000,-26.404,60.524,-1.507,-1.433,-0.350,-0.875
246.033,-71.543,56.241,0.000,-31.705,65.943,-2.981,-1.195,-0.350,-0.916
246.040,-70.170,53.627,0.000,-32.326,67.270,-1.108,-1.135,-0.350,-0.729
246.046,-66.191,49.647,0.000,-35.357,69.692,-0.757,-0.925,-0.350,-0.714
246.053,-62.162,45.784,0.000,-38.857,69.820,-0.194,-0.699,-0.350,-0.701
246.059,-57.728,41.350,0.000,-38.475,65.386,0.442,-0.578,-0.350,-0.518
246.066,-54.875,37.482,0.000,-39.591,64.602,-0.260,-0.459,-0.350,-0.425
246.073,-50.295,33.076,0.000,-41.729,69.069,-0.913,-0.257,-0.350,-0.417
246.080,-44.154,26.936,0.000,-42.745,72.910,-0.351,-0.042,-0.350,-0.381
246.086,-39.879,21.898,0.000,-40.553,67.716,-0.661,0.020,-0.350,-0.183
246.093,-33.738,15.757,0.000,-41.671,59.371,-0.867,0.238,-0.348,-0.176
246.100,-27.598,9.616,0.000,-42.388,60.791,-2.002,0.444,-0.344,-0.173
246.107,-21.301,3.320,0.000,-42.622,58.097,0.022,0.640,-0.337,-0.160
246.113,-16.091,-4.005,0.000,-39.298,54.025,-0.627,0.696,-0.330,0.048
246.120,-8.766,-11.329,0.000,-40.156,48.872,-0.824,0.942,-0.320,0.008
246.127,-4.374,-19.202,0.000,-39.192,48.388,0.449,1.045,-0.309,0.036
246.133,2.033,-25.978,0.000,-34.930,42.452,1.652,1.109,-0.297,0.219
246.140,9.358,-33.302,0.000,-32.889,36.576,1.777,1.267,-0.283,0.285
246.147,16.383,-41.175,0.000,-33.642,32.373,-1.326,1.501,-0.266,0.193
246.154,23.733,-48.525,0.000,-29.189,32.816,-0.295,1.588,-0.249,0.332
246.160,30.805,-55.894,0.000,-23.396,27.628,1.603,1.626,-0.231,0.537
246.167,38.173,-63.262,0.000,-18.966,21.991,2.409,1.714,-0.212,0.609
246.174,44.386,-70.630,0.000,-18.240,19.423,1.408,1.879,-0.193,0.483
246.180,51.755,-77.998,0.000,-10.885,13.448,2.369,1.879,-0.172,0.699
246.187,59.123,-85.366,0.000,-4.266,3.714,2.083,1.902,-0.151,0.849
246.194,65.789,-92.033,0.000,-1.958,-1.308,-0.447,2.032,-0.129,0.751
246.201,72.108,-98.352,0.000,4.339,-3.158,0.233,2.033,-0.106,0.837
246.207,77.592,-104.671,0.000,9.767,-9.398,-0.626,2.035,-0.083,0.901
246.214,83.911,-110.990,0.000,12.591,-18.355,-1.204,2.140,-0.059,0.816
246.221,89.958,-117.309,0.000,17.268,-24.058,-1.539,2.181,-0.036,0.815
246.227,94.941,-123.383,0.000,25.612,-33.096,-0.502,2.080,-0.012,1.022
246.234,99.628,-128.070,0.000,27.515,-36.505,0.449,2.163,0.013,0.884
246.241,105.124,-135.028,0.000,31.040,-37.917,0.884,2.223,0.037,0.825
246.247,109.539,-140.297,0.000,42.142,-45.402,2.940,2.022,0.061,1.113
246.254,114.137,-144.895,0.000,48.250,-57.259,2.785,1.977,0.084,1.158
246.261,117.047,-147.805,0.000,51.679,-61.666,1.699,1.961,0.105,1.022
246.268,119.957,-150.134,0.000,60.220,-66.996,1.633,1.792,0.126,1.159
246.274,123.140,-153.626,0.000,66.879,-76.446,-0.599,1.688,0.145,1.203
246.281,125.415,-155.901,0.000,70.823,-82.798,-1.989,1.638,0.164,1.087
246.288,125.702,-158.178,0.000,81.117,-89.925,-1.089,1.338,0.179,1.281
246.295,126.799,-159.275,0.000,88.168,-102.058,1.382,1.159,0.194,1.298
246.301,127.895,-160.371,0.000,91.535,-104.079,0.820,1.091,0.206,1.127
246.308,127.767,-160.243,0.000,97.498,-104.435,1.995,0.908,0.217,1.124
246.315,125.436,-158.277,0.000,105.619,-108.471,2.932,0.595,0.224,1.221
246.321,124.402,-158.080,0.000,109.064,-117.787,2.341,0.460,0.230,1.099
246.328,123.617,-157.294,0.000,111.511,-121.600,1.068,0.363,0.235,0.938
246.335,119.417,-154.765,0.000,116.458,-124.043,0.094,0.089,0.236,0.912
246.341,116.117,-152.740,0.000,121.890,-129.548,0.170,-0.173,0.235,0.947
246.348,113.498,-150.122,0.000,123.770,-132.365,-0.191,-0.308,0.233,0.828
246.355,109.544,-147.645,0.000,124.431,-130.192,1.588,-0.447,0.228,0.624
246.361,105.106,-143.207,0.000,129.044,-130.001,4.041,-0.718,0.221,0.671
246.368,100.032,-138.770,0.000,129.296,-131.768,3.151,-0.878,0.212,0.538
246.375,95.594,-134.333,0.000,130.093,-137.203,0.196,-1.035,0.201,0.448
246.381,91.157,-129.895,0.000,128.138,-138.260,-3.218,-1.109,0.189,0.251
246.388,85.334,-124.072,0.000,128.859,-135.082,-1.755,-1.306,0.174,0.188
246.395,79.191,-117.929,0.000,129.686,-131.770,1.793,-1.515,0.158,0.177
246.402,72.428,-112.390,0.000,128.833,-138.087,2.932,-1.692,0.140,0.099
246.408,66.284,-106.247,0.000,125.546,-143.491,1.200,-1.778,0.121,-0.064
246.415,60.141,-100.104,0.000,122.484,-139.458,0.455,-1.870,0.100,-0.196
246.422,53.250,-93.213,0.000,118.717,-129.318,1.108,-1.964,0.079,-0.315
246.428,45.125,-86.499,0.000,115.361,-120.781,-0.198,-2.107,0.056,-0.405
246.435,37.801,-79.175,0.000,114.252,-119.619,0.181,-2.294,0.031,-0.360
246.442,30.476,-71.850,0.000,107.842,-122.165,0.398,-2.321,0.005,-0.557
246.449,22.379,-65.142,0.000,104.115,-116.103,-2.227,-2.452,-0.022,-0.603
246.455,14.677,-57.817,0.000,99.527,-111.805,-2.841,-2.545,-0.050,-0.662
246.462,7.348,-50.488,0.000,95.014,-105.504,-2.801,-2.630,-0.079,-0.715
246.469,-0.021,-43.119,0.000,89.577,-102.636,-1.487,-2.688,-0.109,-0.797
246.475,-7.390,-35.750,0.000,82.811,-99.085,-0.913,-2.706,-0.139,-0.915
246.482,-14.759,-28.381,0.000,76.113,-97.142,-1.008,-2.726,-0.170,-1.000
246.489,-22.128,-21.012,0.000,70.993,-93.011,0.420,-2.794,-0.201,-0.972
246.496,-29.868,-13.643,0.000,63.469,-83.786,0.920,-2.800,-0.232,-1.075
246.502,-37.041,-6.470,0.000,55.892,-75.989,-0.642,-2.788,-0.262,-1.174
246.509,-43.362,-0.149,0.000,50.089,-71.844,-1.156,-2.804,-0.292,-1.172
246.515,-49.683,6.173,0.000,43.142,-69.971,-0.734,-2.785,-0.323,-1.232
246.522,-56.005,12.494,0.000,35.147,-65.739,0.130,-2.735,-0.350,-1.325
246.528,-62.326,18.816,0.000,28.912,-62.660,-0.737,-2.737,-0.350,-1.297
246.535,-71.409,27.554,0.000,21.725,-57.748,0.145,-2.794,-0.350,-1.304
246.541,-77.227,33.425,0.000,11.661,-51.434,0.128,-2.667,-0.350,-1.460
246.547,-82.389,37.528,0.000,3.992,-45.623,-0.397,-2.591,-0.350,-1.463
246.554,-87.079,42.219,0.000,-4.273,-40.378,-0.767,-2.484,-0.350,-1.509
246.561,-92.235,46.910,0.000,-10.815,-35.260,-4.452,-2.443,-0.350,-1.430
246.568,-95.916,50.590,0.000,-22.008,-27.858,-2.843,-2.217,-0.350,-1.597
246.574,-101.095,52.912,0.000,-31.673,-18.312,-1.577,-2.083,-0.350,-1.682
246.580,-104.009,55.826,0.000,-39.261,-11.474,-0.163,-1.942,-0.350,-1.657
246.587,-107.370,59.921,0.000,-46.800,-5.887,1.116,-1.817,-0.350,-1.629
246.592,-108.709,61.260,0.000,-54.954,-0.022,0.042,-1.613,-0.350,-1.667
246.598,-109.959,63.519,0.000,-62.266,7.644,0.301,-1.431,-0.350,-1.652
246.604,-111.060,64.620,0.000,-68.672,12.250,0.198,-1.272,-0.350,-1.587
246.609,-111.842,70.864,0.000,-76.972,17.766,0.156,-1.046,-0.350,-1.645
246.615,-111.061,70.083,0.000,-86.340,21.327,-2.200,-0.742,-0.350,-1.752
246.621,-110.281,68.253,0.000,-91.845,24.102,-1.049,-0.553,-0.350,-1.598
246.626,-109.500,67.472,0.000,-96.185,26.074,0.511,-0.399,-0.350,-1.431
246.632,-107.857,65.830,0.000,-100.092,28.686,2.067,-0.233,-0.350,-1.289
246.637,-105.243,63.216,0.000,-104.446,32.688,3.139,-0.024,-0.350,-1.207
246.643,-102.629,62.169,0.000,-109.762,33.907,2.785,0.214,-0.349,-1.199
246.649,-100.015,59.554,0.000,-114.015,37.069,2.985,0.420,-0.345,-1.117
246.654,-95.999,55.538,0.000,-118.923,41.021,2.405,0.688,-0.339,-1.098
246.660,-91.565,53.615,0.000,-124.914,41.962,1.550,1.000,-0.331,-1.150
246.666,-87.132,49.181,0.000,-129.213,45.346,0.972,1.262,-0.319,-1.086
246.671,-82.698,44.255,0.000,-132.333,45.987,-0.553,1.489,-0.306,-0.964
246.677,-77.699,39.256,0.000,-135.282,48.214,-1.062,1.727,-0.290,-0.882
246.683,-71.558,33.115,0.000,-137.201,46.956,-0.715,1.969,-0.272,-0.765
246.688,-65.418,26.975,0.000,-139.527,47.879,0.396,2.223,-0.252,-0.714
246.694,-59.277,21.813,0.000,-142.291,49.475,0.599,2.490,-0.230,-0.732
246.700,-53.136,15.672,0.000,-143.434,50.861,-0.636,2.709,-0.205,-0.654
246.706,-46.816,11.715,0.000,-141.772,50.227,-1.325,2.849,-0.179,-0.428
246.711,-39.492,4.391,0.000,-140.802,48.742,-0.140,3.039,-0.151,-0.285
246.717,-32.167,-2.933,0.000,-139.099,46.541,2.164,3.208,-0.122,-0.102
246.722,-24.843,-10.258,0.000,-134.939,42.430,3.332,3.303,-0.091,0.180
246.728,-17.519,-12.788,0.000,-131.918,41.473,2.681,3.432,-0.058,0.367
246.734,-10.194,-20.112,0.000,-128.716,40.623,0.209,3.556,-0.025,0.501
246.740,-2.870,-23.898,0.000,-127.029,40.566,-0.060,3.725,0.011,0.503
246.745,4.481,-31.249,0.000,-123.659,40.318,-0.140,3.844,0.046,0.558
246.751,11.849,-36.790,0.000,-115.811,36.361,0.772,3.830,0.081,0.840
246.756,19.218,-44.159,0.000,-105.945,31.913,2.249,3.755,0.116,1.156
246.762,26.586,-51.527,0.000,-97.722,28.301,2.169,3.729,0.150,1.295
246.767,33.805,-57.501,0.000,-93.283,25.402,1.240,3.813,0.185,1.219
246.773,41.174,-64.869,0.000,-87.898,20.759,-0.111,3.872,0.221,1.237
246.778,47.819,-71.514,0.000,-81.703,15.065,1.662,3.886,0.257,1.323
246.784,54.138,-77.833,0.000,-77.996,11.655,2.105,3.964,0.295,1.231
246.790,60.457,-83.144,0.000,-72.940,8.591,3.268,4.002,0.332,1.204
246.795,66.776,-89.463,0.000,-68.750,6.896,2.403,4.066,0.350,1.117
246.801,73.095,-95.782,0.000,-63.362,6.062,2.534,4.094,0.350,1.110
246.806,78.583,-99.974,0.000,-56.228,3.754,1.998,4.044,0.350,1.235
246.812,83.270,-104.661,0.000,-47.425,-3.707,0.926,3.921,0.350,1.442
246.818,87.957,-108.720,0.000,-40.267,-9.031,-0.094,3.847,0.350,1.511
246.823,92.644,-113.407,0.000,-34.413,-12.058,1.017,3.812,0.350,1.487
246.829,97.206,-117.661,0.000,-28.818,-14.612,1.738,3.781,0.350,1.427
246.834,100.117,-120.571,0.000,-22.615,-18.949,2.930,3.682,0.350,1.384
246.840,103.027,-122.873,0.000,-13.166,-25.818,5.461,3.486,0.350,1.541
246.846,105.937,-125.784,0.000,-5.310,-33.831,4.861,3.337,0.350,1.590
246.851,108.174,-127.721,0.000,-2.026,-39.527,3.445,3.306,0.350,1.377
246.857,109.270,-128.816,0.000,3.891,-42.935,3.660,3.161,0.350,1.394
246.862,110.365,-129.911,0.000,6.266,-45.973,3.934,3.123,0.350,1.187
246.868,111.461,-130.712,0.000,11.848,-49.416,4.985,2.988,0.350,1.142
246.874,111.304,-130.554,0.000,18.765,-55.408,4.301,2.776,0.350,1.222
246.879,110.518,-129.185,0.000,25.611,-61.108,2.774,2.547,0.350,1.302
246.885,109.733,-128.400,0.000,31.710,-64.552,3.173,2.341,0.350,1.334
246.890,108.948,-127.044,0.000,36.812,-68.613,1.902,2.164,0.350,1.323
246.896,106.390,-124.486,0.000,38.877,-71.561,2.331,2.025,0.350,1.130
246.902,103.772,-121.308,0.000,42.999,-74.676,3.419,1.823,0.350,1.053
246.907,101.154,-118.690,0.000,46.404,-76.119,3.777,1.642,0.350,0.942
246.913,98.049,-115.585,0.000,51.893,-81.057,4.256,1.385,0.350,1.027
246.918,93.612,-111.148,0.000,56.936,-88.417,3.366,1.100,0.350,1.090
246.924,89.174,-106.710,0.000,59.228,-89.589,2.072,0.898,0.350,1.003
246.930,84.737,-102.273,0.000,61.284,-91.337,1.335,0.704,0.350,0.901
246.935,80.300,-97.836,0.000,61.296,-91.391,1.778,0.570,0.350,0.672
246.941,74.450,-90.901,0.000,63.312,-89.159,3.303,0.334,0.350,0.597
246.947,68.307,-84.758,0.000,65.106,-90.695,4.683,0.096,0.350,0.551
246.952,62.163,-78.615,0.000,66.818,-91.828,5.676,-0.140,0.350,0.543
246.958,56.020,-72.471,0.000,67.105,-93.814,5.207,-0.333,0.348,0.468
246.963,49.877,-66.328,0.000,66.183,-92.957,4.221,-0.489,0.344,0.352
246.969,42.967,-59.419,0.000,62.411,-89.896,3.115,-0.583,0.340,0.095
246.975,35.643,-52.094,0.000,60.071,-89.354,2.003,-0.733,0.333,-0.040
246.980,28.318,-44.770,0.000,56.227,-84.583,3.291,-0.837,0.326,-0.259
246.986,20.994,-37.445,0.000,53.160,-82.532,3.104,-0.965,0.317,-0.391
246.992,13.669,-30.121,0.000,48.409,-77.599,4.028,-1.042,0.307,-0.568
246.997,6.345,-22.796,0.000,44.596,-74.182,3.886,-1.148,0.296,-0.630
247.003,-0.985,-14.940,0.000,39.701,-70.919,3.297,-1.221,0.285,-0.730
247.009,-8.354,-7.571,0.000,36.004,-66.227,2.451,-1.331,0.274,-0.724
247.014,-15.723,-0.202,0.000,32.951,-63.227,3.925,-1.460,0.261,-0.692
247.020,-23.241,7.682,0.000,26.625,-55.402,2.464,-1.496,0.247,-0.852
247.026,-30.610,15.051,0.000,17.072,-47.882,1.356,-1.430,0.231,-1.143
247.032,-37.979,22.420,0.000,14.109,-42.448,3.230,-1.563,0.215,-1.029
247.039,-45.135,29.577,0.000,10.635,-38.051,5.088,-1.673,0.198,-0.942
247.045,-51.755,38.552,0.000,3.242,-36.995,5.300,-1.650,0.182,-1.075
247.051,-58.076,45.549,0.000,-3.002,-28.140,5.447,-1.652,0.165,-1.123
247.057,-64.397,51.870,0.000,-10.138,-19.743,4.977,-1.628,0.148,-1.219
247.063,-72.216,60.102,0.000,-14.930,-14.751,3.829,-1.719,0.131,-1.185
247.070,-78.493,66.378,0.000,-22.041,-13.137,3.695,-1.694,0.112,-1.219
247.077,-83.177,71.062,0.000,-29.311,-11.023,4.112,-1.616,0.093,-1.252
247.083,-87.861,75.746,0.000,-37.616,-1.840,4.581,-1.507,0.076,-1.343
247.090,-93.468,82.939,0.000,-43.370,5.389,4.556,-1.503,0.059,-1.275
247.097,-98.159,87.629,0.000,-49.517,11.171,5.247,-1.459,0.043,-1.222
247.103,-102.288,91.832,0.000,-61.625,22.811,3.802,-1.220,0.028,-1.485
247.110,-105.202,94.746,0.000,-68.347,31.804,3.406,-1.106,0.015,-1.455
247.117,-108.117,97.661,0.000,-75.359,35.156,2.748,-0.983,0.004,-1.414
247.124,-111.031,100.576,0.000,-84.585,47.437,3.380,-0.793,-0.006,-1.482
247.130,-112.984,102.249,0.000,-93.011,62.065,4.757,-0.599,-0.014,-1.526
247.137,-114.406,103.350,0.000,-96.209,62.756,3.946,-0.546,-0.020,-1.304
247.144,-115.507,104.451,0.000,-104.662,68.126,1.915,-0.325,-0.025,-1.358
247.151,-116.923,106.745,0.000,-109.394,79.855,2.488,-0.226,-0.028,-1.252
247.157,-116.142,105.964,0.000,-114.039,84.765,5.474,-0.063,-0.029,-1.158
247.164,-115.862,106.634,0.000,-121.443,92.570,4.182,0.167,-0.028,-1.226
247.170,-115.081,105.853,0.000,-125.847,100.924,4.157,0.323,-0.025,-1.143
247.177,-113.419,104.191,0.000,-128.844,100.327,3.434,0.463,-0.020,-0.980
247.184,-110.805,101.577,0.000,-133.883,107.983,3.153,0.692,-0.014,-0.963
247.190,-108.191,98.963,0.000,-136.450,113.085,2.584,0.848,-0.006,-0.883
247.197,-109.404,99.094,0.000,-137.942,113.020,2.919,0.856,0.004,-0.725
247.203,-105.369,95.208,0.000,-143.147,116.754,1.551,1.133,0.015,-0.782
247.210,-101.134,90.924,0.000,-140.503,116.030,0.724,1.181,0.028,-0.474
247.216,-96.700,86.490,0.000,-142.536,112.509,-0.071,1.375,0.042,-0.452
247.222,-92.467,82.056,0.000,-146.707,116.036,-0.758,1.627,0.058,-0.529
247.228,-87.451,77.039,0.000,-148.702,121.923,1.295,1.838,0.076,-0.510
247.235,-81.310,70.898,0.000,-147.716,123.497,2.659,1.992,0.096,-0.343
247.241,-75.372,64.907,0.000,-147.128,122.913,3.215,2.153,0.118,-0.224
247.247,-69.231,58.766,0.000,-148.832,122.853,4.676,2.388,0.142,-0.258
247.254,-63.091,52.625,0.000,-142.102,116.861,3.600,2.370,0.168,0.125
247.260,-56.758,46.292,0.000,-142.799,117.146,0.840,2.581,0.195,0.068
247.267,-49.231,38.968,0.000,-144.558,123.433,2.011,2.860,0.226,-0.027
247.273,-41.705,31.644,0.000,-142.295,121.859,2.625,3.018,0.258,0.088
247.280,-34.381,24.319,0.000,-139.837,120.864,3.569,3.164,0.292,0.183
247.286,-26.660,17.144,0.000,-136.163,117.976,6.872,3.285,0.326,0.303
247.292,-19.336,9.819,0.000,-133.285,112.225,2.301,3.418,0.350,0.388
247.298,-10.491,2.495,0.000,-131.131,107.789,0.457,3.619,0.350,0.436
247.304,-3.139,-4.856,0.000,-130.330,108.412,1.727,3.816,0.350,0.357
247.310,6.338,-12.225,0.000,-125.692,101.354,1.527,3.961,0.350,0.528
247.316,13.706,-19.593,0.000,-119.260,99.481,-0.016,3.989,0.350,0.732
247.322,21.575,-26.961,0.000,-116.673,99.244,2.515,4.147,0.350,0.670
247.328,28.943,-34.329,0.000,-109.781,90.390,3.888,4.162,0.350,0.845
247.335,38.068,-41.839,0.000,-104.634,88.221,1.171,4.281,0.350,0.910
247.341,45.163,-48.469,0.000,-102.172,85.396,3.401,4.420,0.350,0.788
247.347,51.482,-54.788,0.000,-94.019,77.099,0.869,4.365,0.350,1.003
247.354,57.801,-61.107,0.000,-89.557,73.015,2.329,4.421,0.350,0.973
247.360,65.937,-67.426,0.000,-77.190,62.560,2.310,4.294,0.350,1.318
247.367,72.256,-73.745,0.000,-68.399,59.152,2.369,4.220,0.350,1.433
247.373,78.475,-79.218,0.000,-58.920,51.959,6.054,4.122,0.350,1.560
247.379,83.162,-83.905,0.000,-50.234,44.125,4.466,4.002,0.350,1.665
247.385,87.849,-88.592,0.000,-43.463,38.563,0.808,3.939,0.350,1.646
247.391,92.536,-93.279,0.000,-37.846,33.256,4.542,3.911,0.350,1.530
247.396,97.380,-97.827,0.000,-29.053,23.236,7.609,3.793,0.350,1.657
247.402,100.291,-100.737,0.000,-21.867,16.130,6.007,3.665,0.350,1.671
247.407,103.201,-103.647,0.000,-16.538,11.879,4.242,3.592,0.350,1.603
247.412,106.111,-106.558,0.000,-8.510,8.876,0.114,3.439,0.350,1.702
247.418,108.334,-108.780,0.000,-1.841,5.246,1.491,3.305,0.350,1.630
247.423,109.431,-109.877,0.000,6.966,-1.684,1.507,3.074,0.350,1.719
247.428,110.528,-110.974,0.000,13.799,-5.192,3.648,2.902,0.350,1.710
247.434,111.624,-112.071,0.000,18.525,-11.146,1.499,2.793,0.350,1.595
247.439,111.442,-111.888,0.000,21.387,-13.923,2.312,2.702,0.350,1.405
247.444,110.657,-111.252,0.000,23.757,-21.253,2.341,2.607,0.350,1.302
247.449,109.872,-110.467,0.000,27.166,-26.955,2.027,2.481,0.350,1.237
247.456,108.251,-108.846,0.000,31.952,-25.451,5.216,2.289,0.350,1.127
247.462,104.760,-105.355,0.000,36.149,-30.432,4.725,2.058,0.350,1.031
247.469,101.269,-101.864,0.000,35.560,-26.732,7.935,1.971,0.350,0.658
247.474,98.141,-98.736,0.000,38.137,-27.455,8.070,1.800,0.350,0.580
247.479,93.703,-94.298,0.000,39.644,-26.883,7.733,1.622,0.350,0.476
247.484,89.266,-89.861,0.000,43.419,-31.389,5.223,1.375,0.350,0.530
247.489,84.829,-85.424,0.000,48.716,-37.163,3.332,1.083,0.350,0.712
247.496,78.912,-79.508,0.000,53.041,-39.249,2.840,0.776,0.350,0.744
247.502,73.067,-73.514,0.000,50.882,-36.341,4.977,0.666,0.350,0.434
247.508,66.924,-67.371,0.000,54.594,-37.538,6.592,0.370,0.350,0.480
247.514,60.780,-61.228,0.000,59.880,-44.785,8.654,0.027,0.350,0.627
247.520,57.997,-56.902,0.000,61.217,-49.784,7.248,-0.097,0.349,0.541
247.527,54.171,-52.659,0.000,59.870,-48.766,7.856,-0.171,0.347,0.326
247.534,46.852,-45.341,0.000,61.460,-54.888,6.679,-0.438,0.344,0.319
247.541,43.480,-40.409,0.000,59.820,-54.258,4.764,-0.490,0.338,0.174
247.547,36.155,-33.085,0.000,60.587,-50.453,6.271,-0.733,0.331,0.150
247.554,29.883,-26.305,0.000,58.212,-52.114,7.656,-0.850,0.322,-0.005
247.560,22.559,-18.981,0.000,55.974,-49.371,8.511,-1.002,0.312,-0.098
247.567,19.996,-13.977,0.000,51.957,-46.380,9.102,-0.959,0.301,-0.294
247.574,14.000,-8.544,0.000,53.662,-45.642,10.828,-1.190,0.288,-0.136
247.580,6.631,-1.175,0.000,46.279,-44.103,9.463,-1.189,0.275,-0.420
247.587,2.489,1.823,0.000,38.054,-37.076,8.256,-1.067,0.262,-0.700
247.594,-3.933,8.656,0.000,39.324,-35.776,11.314,-1.298,0.248,-0.475
247.601,-11.302,16.025,0.000,34.578,-33.765,10.644,-1.376,0.234,-0.564
247.607,-18.672,23.394,0.000,25.234,-25.375,9.462,-1.317,0.219,-0.867
247.614,-25.465,30.187,0.000,25.019,-21.694,9.876,-1.515,0.202,-0.681
247.621,-29.452,34.534,0.000,24.828,-19.614,11.134,-1.628,0.185,-0.505
247.627,-35.424,39.661,0.000,15.315,-13.681,8.596,-1.522,0.168,-0.803
247.634,-41.746,45.982,0.000,10.728,-7.007,10.018,-1.574,0.150,-0.844
247.641,-46.643,50.742,0.000,7.771,-5.864,12.955,-1.632,0.132,-0.760
247.647,-52.363,56.462,0.000,-2.677,0.831,10.619,-1.491,0.115,-1.048
247.654,-56.688,60.831,0.000,-12.414,11.398,8.241,-1.328,0.099,-1.250
247.661,-61.379,65.521,0.000,-15.815,14.014,10.086,-1.367,0.084,-1.100
247.667,-63.795,69.224,0.000,-24.014,17.968,9.596,-1.193,0.071,-1.188
247.674,-68.093,72.896,0.000,-32.299,25.410,9.511,-1.074,0.058,-1.292
247.681,-71.133,75.937,0.000,-32.953,24.640,12.267,-1.145,0.045,-1.017
247.687,-72.020,72.844,0.000,-35.582,24.737,13.045,-1.093,0.033,-0.871
247.694,-74.935,75.758,0.000,-44.483,30.054,11.932,-0.914,0.023,-1.106
247.700,-77.433,78.257,0.000,-49.601,35.388,10.847,-0.835,0.014,-1.137
247.706,-77.694,76.400,0.000,-52.140,37.520,11.431,-0.767,0.005,-0.982
247.713,-76.616,68.328,0.000,-55.032,39.055,11.344,-0.648,-0.002,-0.851
247.719,-76.814,69.957,0.000,-60.178,42.018,13.116,-0.499,-0.008,-0.886
247.726,-76.918,69.533,0.000,-57.866,42.532,15.000,-0.572,-0.014,-0.563
247.733,-76.137,68.752,0.000,-60.946,43.313,12.582,-0.456,-0.019,-0.546
247.740,-75.357,67.971,0.000,-64.558,47.117,11.509,-0.324,-0.024,-0.582
247.746,-71.754,63.914,0.000,-61.028,46.009,12.214,-0.322,-0.027,-0.285
247.753,-68.472,59.317,0.000,-58.819,45.127,12.838,-0.290,-0.030,-0.101
247.760,-65.858,57.285,0.000,-62.968,51.502,13.308,-0.087,-0.032,-0.277
247.766,-60.709,52.909,0.000,-63.388,53.077,12.052,0.080,-0.032,-0.228
247.773,-56.807,50.649,0.000,-66.370,53.475,10.415,0.287,-0.029,-0.290
247.780,-52.373,46.216,0.000,-70.189,56.325,10.605,0.534,-0.024,-0.398
247.787,-47.939,41.782,0.000,-69.914,53.244,11.339,0.659,-0.017,-0.292
247.794,-43.506,37.348,0.000,-71.683,50.991,10.678,0.845,-0.009,-0.301
247.800,-29.268,31.118,0.000,-69.718,52.119,11.225,1.213,0.004,-0.153
247.807,-23.654,25.503,0.000,-67.901,44.808,12.337,1.327,0.019,-0.026
247.814,-17.514,19.363,0.000,-69.541,50.199,12.620,1.561,0.036,-0.094
247.821,-6.847,8.823,0.000,-64.287,46.402,12.758,1.723,0.055,0.165
247.827,-0.706,2.683,0.000,-64.011,44.169,11.778,1.899,0.076,0.144
247.834,6.103,-4.108,0.000,-61.064,43.470,11.113,2.015,0.098,0.239
247.841,13.520,-10.195,0.000,-53.810,38.403,11.239,2.020,0.120,0.521
247.848,20.844,-17.519,0.000,-55.123,36.538,8.432,2.279,0.145,0.340
247.855,28.169,-24.843,0.000,-51.520,33.356,7.096,2.391,0.172,0.405
247.861,36.177,-32.168,0.000,-48.329,28.037,4.361,2.535,0.200,0.463
247.868,43.501,-39.492,0.000,-43.612,27.321,6.076,2.613,0.229,0.552
247.875,50.826,-46.816,0.000,-35.974,20.041,9.029,2.604,0.259,0.754
247.882,58.150,-54.141,0.000,-32.605,19.126,8.686,2.723,0.289,0.727
247.888,65.517,-61.508,0.000,-24.624,19.464,8.943,2.704,0.319,0.902
247.895,74.975,-69.528,0.000,-16.455,7.339,7.769,2.743,0.349,1.063
247.902,83.054,-77.555,0.000,-12.496,2.604,6.552,2.866,0.350,0.999
247.908,90.422,-84.924,0.000,-1.138,-3.628,6.564,2.747,0.350,1.280
247.915,97.790,-92.292,0.000,6.253,-10.850,5.563,2.746,0.350,1.313
247.922,103.695,-99.610,0.000,11.733,-12.632,5.474,2.759,0.350,1.251
247.929,111.427,-105.929,0.000,24.062,-21.770,7.100,2.621,0.350,1.515
247.935,117.746,-112.248,0.000,30.322,-24.888,5.111,2.623,0.350,1.437
247.942,124.781,-118.567,0.000,33.804,-23.694,3.082,2.729,0.350,1.233
247.949,132.553,-124.886,0.000,46.629,-35.796,3.875,2.578,0.350,1.521
247.955,138.872,-131.205,0.000,53.347,-41.562,3.139,2.566,0.350,1.483
247.962,143.774,-136.106,0.000,57.118,-43.295,1.818,2.600,0.350,1.299
247.969,149.941,-140.793,0.000,68.277,-51.235,5.130,2.450,0.350,1.499
247.975,155.378,-145.480,0.000,75.974,-59.795,4.519,2.382,0.350,1.489
247.982,160.065,-150.167,0.000,82.283,-61.248,5.489,2.333,0.350,1.398
247.989,166.282,-154.092,0.000,88.096,-63.293,4.350,2.346,0.350,1.298
247.996,169.970,-157.002,0.000,97.999,-72.419,5.019,2.159,0.350,1.457
248.002,172.880,-159.913,0.000,101.464,-78.521,2.039,2.142,0.350,1.268
248.009,175.791,-162.823,0.000,106.264,-80.250,1.747,2.086,0.350,1.175
248.016,177.378,-164.410,0.000,113.297,-84.953,1.125,1.922,0.350,1.225
248.022,178.475,-165.507,0.000,120.565,-93.476,3.710,1.737,0.350,1.280
248.029,179.571,-166.604,0.000,123.749,-98.622,2.768,1.675,0.350,1.107
248.036,180.612,-167.644,0.000,125.710,-103.607,1.038,1.647,0.350,0.918
248.043,179.827,-166.859,0.000,133.474,-106.886,1.909,1.391,0.350,1.043
248.049,189.816,-170.862,0.000,142.786,-114.586,3.677,1.411,0.350,1.226
248.056,189.031,-170.787,0.000,148.163,-123.033,4.950,1.226,0.350,1.173
248.063,187.640,-169.396,0.000,151.115,-123.394,4.244,1.096,0.350,1.001
248.070,185.903,-166.778,0.000,156.204,-126.258,4.218,0.891,0.350,0.953
248.076,185.976,-165.599,0.000,164.111,-128.219,4.649,0.656,0.350,1.079
248.083,183.358,-162.981,0.000,170.738,-133.824,5.489,0.379,0.350,1.127
248.090,179.592,-159.215,0.000,173.673,-138.358,4.034,0.178,0.350,0.986
248.096,179.799,-156.244,0.000,176.104,-142.303,3.503,0.111,0.350,0.861
248.103,174.417,-151.807,0.000,179.189,-141.057,2.547,-0.143,0.349,0.806
248.110,169.979,-147.370,0.000,184.843,-139.624,3.763,-0.446,0.346,0.873
248.117,165.216,-142.606,0.000,189.511,-140.105,6.683,-0.729,0.339,0.876
248.123,159.073,-136.463,0.000,193.410,-140.561,6.928,-1.030,0.328,0.851
248.130,152.929,-130.320,0.000,196.046,-141.987,4.918,-1.293,0.315,0.763
248.137,146.786,-124.920,0.000,196.653,-142.551,2.725,-1.496,0.299,0.606
248.143,140.643,-118.777,0.000,199.871,-142.418,2.637,-1.777,0.281,0.612
248.150,132.620,-112.619,0.000,201.916,-138.908,2.103,-2.079,0.259,0.560
248.157,124.375,-105.295,0.000,204.704,-134.600,1.314,-2.410,0.233,0.559
248.164,117.050,-97.970,0.000,208.879,-134.373,2.723,-2.755,0.203,0.600
248.170,109.726,-90.646,0.000,209.965,-133.383,2.724,-3.007,0.170,0.497
248.177,102.401,-83.321,0.000,205.796,-132.957,3.201,-3.102,0.136,0.178
248.184,95.077,-75.997,0.000,204.096,-131.385,4.801,-3.271,0.100,0.063
248.191,87.752,-68.672,0.000,200.773,-127.848,6.386,-3.391,0.063,-0.093
248.197,52.844,-54.876,0.000,197.659,-122.921,6.217,-4.344,0.018,-0.195
248.204,42.852,-46.823,0.000,192.372,-118.754,6.518,-4.486,-0.030,-0.364
248.211,27.618,-36.129,0.000,186.178,-114.173,5.120,-4.757,-0.083,-0.532
248.218,14.328,-28.760,0.000,180.000,-109.885,2.654,-4.970,-0.137,-0.678
248.224,6.959,-21.391,0.000,170.951,-107.048,1.946,-4.920,-0.192,-0.927
248.231,-5.258,-8.420,0.000,163.266,-99.972,2.809,-5.056,-0.248,-1.042
248.238,-12.034,-1.644,0.000,154.090,-93.578,2.834,-4.984,-0.304,-1.200
248.244,-18.355,4.677,0.000,141.363,-90.995,2.868,-4.792,-0.350,-1.489
248.251,-29.880,12.179,0.000,132.627,-87.122,3.979,-4.875,-0.350,-1.563
248.257,-36.202,18.501,0.000,121.466,-82.044,3.719,-4.730,-0.350,-1.726
248.263,-42.523,24.822,0.000,110.125,-76.042,2.774,-4.579,-0.350,-1.863
248.270,-49.020,33.366,0.000,100.847,-71.295,2.899,-4.496,-0.350,-1.832
248.277,-54.108,40.773,0.000,88.352,-63.937,2.429,-4.274,-0.350,-1.971
248.283,-59.191,47.543,0.000,76.581,-59.036,1.499,-4.073,-0.350,-2.032
248.290,-65.037,57.081,0.000,65.093,-50.029,0.357,-3.904,-0.350,-2.069
248.297,-70.104,61.772,0.000,53.925,-43.719,-1.253,-3.721,-0.350,-2.079
248.304,-73.112,64.779,0.000,44.276,-36.106,0.157,-3.522,-0.350,-2.033
248.310,-76.026,67.694,0.000,34.934,-27.245,0.522,-3.329,-0.350,-1.966
248.317,-78.941,70.608,0.000,25.655,-21.008,0.657,-3.138,-0.350,-1.916
248.324,-82.148,81.029,0.000,16.271,-13.015,2.810,-2.953,-0.350,-1.892
248.330,-83.249,82.130,0.000,8.920,-6.084,3.491,-2.765,-0.350,-1.763
248.337,-87.169,86.830,0.000,-0.841,-2.557,1.151,-2.590,-0.350,-1.780
248.344,-88.270,87.931,0.000,-3.753,0.997,-0.161,-2.535,-0.350,-1.465
248.350,-88.339,88.000,0.000,-13.517,10.690,-2.332,-2.245,-0.350,-1.522
248.357,-90.765,89.523,0.000,-23.176,23.981,-2.823,-2.028,-0.350,-1.589
248.364,-89.985,88.742,0.000,-27.789,31.506,-1.693,-1.866,-0.350,-1.437
248.371,-89.204,87.961,0.000,-33.148,37.584,-0.503,-1.682,-0.350,-1.331
248.377,-90.564,87.765,0.000,-37.537,43.535,-1.293,-1.591,-0.350,-1.195
248.384,-87.950,85.151,0.000,-43.512,50.196,-1.771,-1.333,-0.350,-1.159
248.391,-85.336,82.537,0.000,-49.498,56.951,-1.709,-1.075,-0.350,-1.143
248.398,-86.821,83.235,0.000,-57.098,64.478,-2.301,-0.892,-0.350,-1.235
248.404,-83.470,81.017,0.000,-61.266,70.360,-1.895,-0.666,-0.350,-1.129
248.410,-79.036,76.583,0.000,-65.583,73.620,-1.356,-0.404,-0.350,-1.056
248.416,-74.602,72.149,0.000,-68.241,78.000,-1.519,-0.191,-0.350,-0.899
248.423,-71.602,71.799,0.000,-74.504,80.050,-2.380,0.087,-0.350,-0.964
248.430,-65.956,66.153,0.000,-79.816,83.075,-4.106,0.416,-0.347,-0.997
248.436,-59.815,60.013,0.000,-78.534,85.317,-3.337,0.562,-0.341,-0.710
248.443,-54.262,55.937,0.000,-76.567,84.501,-1.855,0.669,-0.334,-0.437
248.450,-48.313,49.976,0.000,-79.312,84.850,-3.856,0.930,-0.324,-0.424
248.457,-42.173,43.835,0.000,-84.020,85.547,-4.933,1.255,-0.311,-0.543
248.463,-35.404,37.066,0.000,-78.378,84.136,-1.294,1.289,-0.297,-0.162
248.470,-28.080,29.919,0.000,-74.078,77.106,-0.057,1.380,-0.282,0.103
248.477,-20.755,22.771,0.000,-76.242,79.176,-2.716,1.665,-0.264,-0.006
248.484,-13.431,15.447,0.000,-76.893,81.899,-4.734,1.904,-0.244,-0.048
248.490,-6.107,8.985,0.000,-69.805,72.846,-0.125,1.911,-0.222,0.288
248.497,1.218,2.164,0.000,-66.505,65.492,-1.609,2.032,-0.199,0.387
248.504,8.542,-5.160,0.000,-63.667,65.677,-2.668,2.166,-0.175,0.431
248.511,15.910,-12.528,0.000,-59.140,66.304,-2.380,2.251,-0.151,0.515
248.517,23.278,-19.896,0.000,-53.143,55.432,-0.245,2.293,-0.126,0.661
248.524,30.646,-25.024,0.000,-47.603,49.175,-1.847,2.347,-0.100,0.771
248.531,38.014,-32.392,0.000,-39.035,48.950,-2.384,2.311,-0.074,0.967
248.537,45.383,-39.761,0.000,-32.914,42.662,-0.553,2.349,-0.048,1.020
248.544,51.377,-44.937,0.000,-26.819,39.134,0.232,2.346,-0.022,1.045
248.551,57.696,-51.256,0.000,-19.801,35.830,-0.667,2.325,0.003,1.067
248.557,61.770,-57.575,0.000,-8.699,30.137,-1.339,2.114,0.026,1.350
248.563,68.089,-63.894,0.000,-3.248,28.203,-2.807,2.140,0.049,1.301
248.570,74.080,-70.213,0.000,1.505,26.189,-3.418,2.177,0.072,1.230
248.576,80.227,-76.374,0.000,4.957,28.511,-2.954,2.258,0.096,1.052
248.583,85.092,-81.239,0.000,15.562,17.546,-0.550,2.086,0.119,1.271
248.589,89.772,-85.919,0.000,22.103,8.244,-0.870,2.030,0.143,1.292
248.596,93.972,-90.453,0.000,24.875,13.083,-1.113,2.073,0.166,1.097
248.602,98.500,-95.140,0.000,30.512,10.660,-1.024,2.040,0.187,1.095
248.609,102.398,-99.038,0.000,38.015,4.341,0.762,1.931,0.207,1.202
248.615,105.308,-101.949,0.000,42.180,-0.680,0.775,1.894,0.226,1.117
248.621,108.060,-104.710,0.000,43.585,-3.357,-0.132,1.934,0.246,0.902
248.627,110.813,-107.620,0.000,51.278,-10.874,-0.782,1.786,0.265,1.039
248.633,112.216,-109.181,0.000,56.495,-19.597,-2.489,1.672,0.283,1.067
248.640,113.313,-110.278,0.000,57.512,-24.478,-2.498,1.674,0.301,0.863
248.646,114.410,-111.374,0.000,57.436,-26.221,0.832,1.709,0.320,0.648
248.653,115.422,-112.387,0.000,62.657,-31.119,2.517,1.583,0.337,0.747
248.659,114.637,-111.602,0.000,67.252,-38.955,0.985,1.422,0.350,0.795
248.666,113.852,-110.817,0.000,69.614,-45.903,0.141,1.327,0.350,0.718
248.672,113.067,-110.031,0.000,71.686,-49.932,-0.663,1.241,0.350,0.598
248.678,111.649,-108.614,0.000,78.407,-62.092,-0.142,0.997,0.350,0.778
248.685,109.031,-105.995,0.000,79.230,-65.556,-2.659,0.894,0.350,0.650
248.691,104.273,-103.228,0.000,80.294,-69.649,-3.570,0.719,0.350,0.561
248.697,101.206,-100.610,0.000,81.774,-67.870,-1.123,0.583,0.350,0.463
248.703,97.264,-96.818,0.000,83.979,-67.250,-1.632,0.399,0.350,0.429
248.709,92.827,-92.380,0.000,88.159,-74.277,0.137,0.140,0.350,0.523
248.715,88.390,-87.943,0.000,88.329,-76.031,1.323,0.002,0.350,0.426
248.722,83.952,-83.506,0.000,91.191,-78.747,0.831,-0.217,0.349,0.483
248.728,79.164,-78.717,0.000,92.511,-80.426,-0.635,-0.400,0.345,0.423
248.734,73.020,-72.574,0.000,95.304,-77.958,-0.160,-0.669,0.339,0.444
248.740,66.877,-66.430,0.000,97.122,-76.250,-0.189,-0.907,0.331,0.433
248.746,60.585,-60.287,0.000,96.756,-75.532,0.355,-1.085,0.321,0.326
248.751,54.442,-54.144,0.000,95.484,-73.572,-0.702,-1.231,0.310,0.190
248.757,48.118,-47.969,0.000,93.364,-72.574,-1.217,-1.357,0.299,0.042
248.763,40.794,-40.645,0.000,90.205,-71.422,2.132,-1.482,0.285,-0.131
248.769,33.469,-33.320,0.000,89.285,-71.907,1.624,-1.674,0.269,-0.143
248.775,26.145,-25.996,0.000,89.222,-67.592,1.736,-1.892,0.251,-0.129
248.781,18.671,-18.671,0.000,85.813,-63.888,1.681,-2.014,0.230,-0.308
248.786,11.347,-11.347,0.000,80.129,-65.077,1.912,-2.063,0.211,-0.580
248.792,4.022,-4.022,0.000,73.829,-63.065,1.205,-2.094,0.192,-0.819
248.797,-3.325,3.325,0.000,68.668,-59.892,0.652,-2.160,0.172,-0.930
248.803,-10.991,10.842,0.000,62.921,-56.804,-0.073,-2.217,0.151,-1.046
248.809,-20.817,20.668,0.000,56.686,-51.143,-0.723,-2.325,0.128,-1.161
248.815,-30.642,30.493,0.000,49.355,-44.664,-1.209,-2.400,0.104,-1.300
248.821,-40.467,40.319,0.000,43.597,-39.045,-1.330,-2.522,0.080,-1.250
248.827,-49.335,49.186,0.000,36.047,-33.336,-1.807,-2.561,0.054,-1.331
248.833,-57.763,57.615,0.000,27.831,-26.774,-1.266,-2.568,0.029,-1.419
248.839,-66.192,66.043,0.000,19.299,-23.584,0.790,-2.565,0.004,-1.534
248.845,-74.620,74.323,0.000,10.996,-19.034,1.502,-2.568,-0.024,-1.595
248.850,-79.743,79.446,0.000,4.289,-11.985,2.560,-2.521,-0.045,-1.614
248.855,-84.433,84.136,0.000,0.990,-5.859,2.504,-2.563,-0.066,-1.425
248.860,-89.124,88.827,0.000,-3.006,-0.102,0.871,-2.584,-0.089,-1.348
248.865,-93.815,93.517,0.000,-9.357,5.603,-1.357,-2.534,-0.111,-1.454
248.870,-97.980,97.683,0.000,-18.631,9.217,-2.189,-2.380,-0.132,-1.704
248.876,-100.895,100.597,0.000,-26.757,9.391,-2.165,-2.224,-0.151,-1.815
248.881,-103.809,103.512,0.000,-30.750,10.522,0.020,-2.192,-0.170,-1.640
248.886,-106.724,106.426,0.000,-36.320,17.147,0.857,-2.112,-0.189,-1.599
248.891,-108.557,108.260,0.000,-42.491,24.779,0.202,-1.982,-0.206,-1.581
248.896,-109.658,109.361,0.000,-47.153,28.387,-0.021,-1.875,-0.222,-1.438
248.901,-110.759,110.462,0.000,-52.967,35.406,-0.231,-1.734,-0.237,-1.412
248.906,-111.860,111.563,0.000,-57.355,41.945,-1.906,-1.635,-0.251,-1.305
248.911,-111.274,111.126,0.000,-64.206,48.041,-2.406,-1.412,-0.263,-1.384
248.917,-110.233,110.085,0.000,-72.873,55.664,-1.419,-1.121,-0.275,-1.483
248.923,-109.192,109.044,0.000,-79.669,62.718,0.967,-0.886,-0.285,-1.442
248.930,-106.254,105.808,0.000,-87.179,69.767,1.202,-0.572,-0.292,-1.457
248.935,-103.640,103.194,0.000,-92.065,75.995,-0.140,-0.347,-0.295,-1.365
248.940,-101.026,100.580,0.000,-96.186,79.772,-1.576,-0.145,-0.297,-1.272
248.945,-97.507,97.061,0.000,-101.627,80.746,-3.494,0.124,-0.297,-1.282
248.950,-93.371,92.776,0.000,-106.196,83.624,-4.389,0.385,-0.294,-1.248
248.955,-88.937,88.342,0.000,-108.935,88.493,-3.906,0.600,-0.290,-1.117
248.960,-84.503,83.908,0.000,-112.601,92.645,-4.216,0.843,-0.284,-1.085
248.965,-83.017,80.272,0.000,-116.582,93.600,-2.734,1.007,-0.276,-1.096
248.972,-76.885,74.139,0.000,-117.621,96.551,-2.568,1.222,-0.263,-0.887
248.978,-71.541,68.447,0.000,-117.389,98.734,-2.126,1.375,-0.249,-0.661
248.985,-65.400,62.307,0.000,-118.156,98.174,-1.872,1.583,-0.232,-0.508
248.992,-61.096,57.071,0.000,-121.802,96.590,-2.145,1.821,-0.212,-0.547
248.998,-55.836,51.389,0.000,-121.344,96.071,-1.285,1.965,-0.191,-0.405
249.005,-48.658,44.211,0.000,-119.278,94.821,-0.272,2.119,-0.168,-0.204
249.012,-43.796,38.455,0.000,-119.189,91.246,0.359,2.262,-0.143,-0.143
249.019,-36.875,30.970,0.000,-120.132,89.156,-1.389,2.498,-0.115,-0.139
249.026,-29.551,23.646,0.000,-120.995,88.223,-3.020,2.743,-0.086,-0.175
249.032,-22.226,16.322,0.000,-117.610,80.740,-4.140,2.862,-0.054,0.013
249.039,-14.902,8.997,0.000,-115.975,73.471,-3.627,3.032,-0.020,0.110
249.046,-9.255,2.799,0.000,-117.551,72.898,-4.261,3.249,0.015,0.010
249.052,-1.887,-4.570,0.000,-116.337,74.824,-4.161,3.433,0.052,0.051
249.059,5.481,-11.938,0.000,-112.335,72.670,-3.889,3.534,0.090,0.227
249.066,12.849,-19.306,0.000,-108.902,61.899,-2.538,3.653,0.130,0.343
249.072,19.997,-25.483,0.000,-107.069,52.469,-3.323,3.812,0.173,0.363
249.079,27.365,-32.852,0.000,-104.385,52.723,-2.789,3.952,0.216,0.392
249.086,34.299,-39.785,0.000,-98.898,50.063,-0.879,3.996,0.260,0.548
249.092,40.618,-46.104,0.000,-92.028,45.038,1.452,3.979,0.305,0.747
249.099,46.937,-52.248,0.000,-87.548,40.048,-0.761,4.035,0.349,0.783
249.106,53.256,-58.567,0.000,-82.167,38.139,-2.133,4.063,0.350,0.833
249.112,59.575,-64.886,0.000,-73.516,32.740,-4.054,3.993,0.350,1.053
249.119,65.511,-69.745,0.000,-73.301,30.030,-5.110,4.164,0.350,0.827
249.125,70.198,-74.432,0.000,-70.858,29.194,-6.492,4.232,0.350,0.718
249.132,74.662,-78.561,0.000,-63.163,23.976,-4.823,4.135,0.350,0.877
249.139,79.349,-82.868,0.000,-54.164,12.826,-3.625,4.005,0.350,1.099
249.145,84.259,-87.746,0.000,-48.581,6.996,-2.287,3.985,0.350,1.099
249.152,87.311,-91.020,0.000,-41.490,6.711,-0.864,3.864,0.350,1.151
249.159,90.221,-93.930,0.000,-33.210,-3.143,1.073,3.703,0.350,1.242
249.165,93.131,-96.841,0.000,-22.481,-14.639,0.210,3.468,0.350,1.454
249.172,95.868,-99.578,0.000,-17.171,-16.530,-1.828,3.391,0.350,1.321
249.179,96.965,-100.674,0.000,-7.559,-18.612,-4.223,3.136,0.350,1.425
249.185,98.062,-101.960,0.000,-0.722,-24.956,-5.124,2.964,0.350,1.398
249.192,99.158,-103.057,0.000,3.653,-29.976,-2.981,2.865,0.350,1.249
249.199,99.510,-103.408,0.000,11.382,-34.372,-1.310,2.644,0.350,1.282
249.205,98.948,-102.997,0.000,21.284,-42.496,2.626,2.330,0.350,1.430
249.212,98.162,-102.212,0.000,24.720,-44.033,2.143,2.203,0.350,1.260
249.219,97.377,-101.976,0.000,25.648,-45.610,-0.120,2.152,0.350,0.989
249.225,95.316,-99.914,0.000,31.025,-46.886,-0.050,1.929,0.350,0.963
249.232,92.697,-97.296,0.000,38.730,-55.588,-0.813,1.619,0.350,1.083
249.239,90.079,-94.858,0.000,43.645,-63.804,-3.982,1.393,0.350,1.062
249.245,87.461,-92.596,0.000,43.541,-60.366,-6.695,1.318,0.350,0.784
249.252,83.029,-88.689,0.000,48.845,-54.171,-3.848,1.026,0.350,0.819
249.259,78.592,-84.596,0.000,50.459,-50.187,-0.522,0.844,0.350,0.702
249.266,74.155,-80.158,0.000,49.209,-53.192,-0.295,0.748,0.350,0.486
249.272,69.719,-76.230,0.000,48.096,-54.102,-3.315,0.649,0.350,0.316
249.279,64.341,-70.851,0.000,48.995,-46.476,-3.346,0.460,0.350,0.277
249.286,58.206,-64.717,0.000,46.815,-41.943,-2.424,0.342,0.350,0.106
249.292,52.283,-58.906,0.000,43.591,-39.268,-1.571,0.261,0.350,-0.068
249.299,46.359,-52.763,0.000,39.977,-38.631,-3.561,0.191,0.350,-0.231
249.305,40.215,-46.619,0.000,37.673,-36.678,-6.296,0.076,0.350,-0.302
249.312,33.630,-40.034,0.000,37.237,-35.375,-8.544,-0.108,0.350,-0.247
249.319,27.985,-33.687,0.000,30.372,-35.350,-6.985,-0.072,0.349,-0.485
249.326,20.671,-26.373,0.000,24.179,-35.369,-5.410,-0.105,0.348,-0.659
249.332,13.746,-19.366,0.000,20.376,-36.177,-5.885,-0.199,0.345,-0.688
249.339,6.619,-12.357,0.000,17.924,-33.411,-6.502,-0.339,0.342,-0.625
249.346,-0.509,-5.499,0.000,13.433,-30.236,-5.991,-0.418,0.338,-0.663
249.352,-7.834,1.825,0.000,9.728,-32.819,-6.901,-0.527,0.333,-0.683
249.359,-15.196,9.188,0.000,3.547,-31.329,-8.646,-0.562,0.326,-0.812
249.366,-22.761,16.095,0.000,-1.663,-26.193,-10.150,-0.633,0.319,-0.845
249.373,-30.130,23.464,0.000,-6.750,-24.292,-9.652,-0.701,0.312,-0.878
249.379,-37.499,30.833,0.000,-10.491,-27.704,-8.226,-0.810,0.303,-0.834
249.386,-44.868,38.202,0.000,-15.676,-20.866,-10.512,-0.876,0.294,-0.873
249.393,-52.237,45.114,0.000,-23.857,-18.305,-11.896,-0.851,0.284,-1.044
249.399,-58.832,51.360,0.000,-27.371,-13.319,-10.555,-0.944,0.274,-0.950
249.406,-65.154,57.531,0.000,-33.027,-5.315,-8.335,-0.964,0.263,-0.990
249.412,-71.475,63.852,0.000,-38.415,-5.967,-10.161,-0.992,0.252,-1.018
249.419,-77.996,70.173,0.000,-40.788,-1.167,-8.021,-1.116,0.241,-0.879
249.425,-84.317,76.495,0.000,-49.022,7.349,-8.228,-1.059,0.229,-1.055
249.432,-89.620,81.596,0.000,-57.823,9.948,-9.229,-0.954,0.219,-1.216
249.438,-94.310,86.287,0.000,-60.986,14.781,-7.512,-1.000,0.208,-1.072
249.445,-99.615,90.977,0.000,-67.820,23.785,-8.940,-0.954,0.198,-1.111
249.451,-104.937,95.668,0.000,-74.508,32.297,-11.173,-0.913,0.188,-1.151
249.458,-109.079,99.811,0.000,-77.782,40.987,-10.168,-0.939,0.178,-1.036
249.464,-111.994,102.725,0.000,-84.655,49.959,-8.899,-0.820,0.168,-1.121
249.471,-116.001,105.640,0.000,-91.421,59.331,-9.266,-0.737,0.160,-1.177
249.477,-118.916,108.554,0.000,-95.574,65.279,-11.090,-0.700,0.152,-1.105
249.484,-120.726,110.364,0.000,-102.502,71.454,-11.322,-0.547,0.146,-1.156
249.490,-122.741,111.617,0.000,-108.750,77.513,-11.416,-0.420,0.141,-1.152
249.497,-123.842,112.718,0.000,-113.441,80.328,-12.381,-0.312,0.137,-1.077
249.504,-124.943,113.819,0.000,-119.139,90.447,-10.244,-0.174,0.135,-1.052
249.510,-124.333,113.209,0.000,-127.328,99.810,-8.296,0.090,0.135,-1.178
249.517,-123.786,113.036,0.000,-131.548,102.172,-7.403,0.233,0.136,-1.117
249.524,-123.005,112.409,0.000,-136.020,107.944,-6.515,0.390,0.140,-1.044
249.531,-121.840,111.243,0.000,-141.884,109.858,-5.655,0.601,0.146,-1.052
249.537,-119.226,108.629,0.000,-147.318,108.166,-5.771,0.843,0.154,-1.063
249.544,-116.848,106.479,0.000,-153.169,114.575,-7.443,1.090,0.165,-1.077
249.551,-114.234,103.865,0.000,-157.373,116.939,-7.612,1.294,0.179,-1.013
249.557,-110.691,100.322,0.000,-160.732,114.944,-5.985,1.501,0.195,-0.926
249.564,-106.257,95.888,0.000,-164.382,111.796,-6.467,1.744,0.214,-0.826
249.571,-101.823,91.766,0.000,-170.375,117.016,-9.674,2.057,0.236,-0.891
249.578,-97.390,87.333,0.000,-173.959,117.983,-7.754,2.297,0.260,-0.869
249.584,-92.835,82.778,0.000,-171.749,116.272,-4.018,2.367,0.287,-0.540
249.591,-86.458,77.111,0.000,-173.382,116.496,-6.464,2.608,0.315,-0.459
249.598,-80.317,71.129,0.000,-177.206,117.573,-5.763,2.907,0.347,-0.540
249.605,-74.413,64.989,0.000,-175.053,118.764,-4.531,3.019,0.350,-0.327
249.611,-68.272,58.848,0.000,-175.474,117.020,-7.197,3.216,0.350,-0.246
249.618,-62.131,52.707,0.000,-176.810,114.647,-9.499,3.440,0.350,-0.245
249.625,-54.935,45.511,0.000,-175.266,117.581,-8.492,3.610,0.350,-0.150
249.631,-47.375,38.347,0.000,-170.767,112.557,-6.700,3.702,0.350,0.098
249.638,-40.050,31.023,0.000,-166.610,106.086,-6.788,3.797,0.350,0.290
249.645,-32.726,23.698,0.000,-166.075,109.709,-5.237,4.000,0.350,0.244
249.652,-25.402,16.535,0.000,-161.287,110.798,-4.408,4.077,0.350,0.407
249.658,-18.077,9.211,0.000,-154.253,101.756,-6.195,4.085,0.350,0.650
249.665,-10.738,1.871,0.000,-151.512,101.960,-6.223,4.223,0.350,0.625
249.672,-3.369,-5.497,0.000,-144.441,101.424,-7.670,4.232,0.350,0.798
249.678,4.694,-13.027,0.000,-134.340,89.943,-8.146,4.171,0.350,1.075
249.685,12.062,-20.395,0.000,-127.352,87.092,-6.224,4.182,0.350,1.151
249.691,19.431,-27.763,0.000,-119.336,86.824,-6.133,4.163,0.350,1.242
249.698,29.175,-35.285,0.000,-109.185,74.577,-7.854,4.151,0.350,1.421
249.705,36.086,-42.195,0.000,-104.533,69.292,-6.869,4.219,0.350,1.295
249.711,42.396,-48.505,0.000,-95.633,67.613,-5.264,4.141,0.350,1.381
249.718,48.706,-54.815,0.000,-84.525,56.848,-6.469,3.997,0.350,1.569
249.725,55.016,-61.126,0.000,-77.183,50.953,-5.886,3.966,0.350,1.533
249.731,61.326,-67.436,0.000,-68.861,47.261,-5.580,3.906,0.350,1.530
249.738,73.037,-75.073,0.000,-56.288,34.828,-7.962,3.880,0.350,1.770
249.744,77.724,-79.760,0.000,-47.745,24.172,-9.765,3.764,0.350,1.790
249.750,84.600,-85.804,0.000,-40.938,18.316,-8.958,3.766,0.350,1.704
249.757,89.287,-90.491,0.000,-33.413,17.440,-7.201,3.681,0.350,1.617
249.763,94.579,-95.477,0.000,-23.634,5.880,-6.930,3.546,0.350,1.666
249.770,97.842,-98.740,0.000,-17.204,-1.871,-7.589,3.451,0.350,1.571
249.775,102.246,-102.394,0.000,-7.268,-9.273,-8.068,3.285,0.350,1.921
249.781,106.126,-106.275,0.000,2.566,-16.969,-9.646,3.107,0.350,2.014
249.787,108.613,-108.761,0.000,7.330,-16.356,-9.548,3.038,0.350,1.715
249.793,110.224,-110.372,0.000,14.816,-22.148,-9.773,2.862,0.350,1.603
249.799,111.686,-111.835,0.000,22.762,-26.220,-9.541,2.668,0.350,1.605
249.805,111.136,-111.285,0.000,34.149,-33.023,-8.093,2.310,0.350,1.878
249.811,110.089,-110.238,0.000,40.007,-36.544,-7.318,2.102,0.350,1.755
249.817,108.976,-109.125,0.000,48.094,-36.327,-7.587,1.826,0.350,1.862
249.823,105.485,-105.783,0.000,50.603,-35.730,-7.872,1.646,0.350,1.450
249.830,101.994,-102.292,0.000,54.758,-36.915,-8.913,1.417,0.350,1.195
249.835,99.370,-99.817,0.000,57.202,-38.396,-10.661,1.265,0.350,0.983
249.840,94.933,-95.379,0.000,59.972,-40.306,-9.285,1.049,0.350,0.870
249.846,90.496,-90.942,0.000,62.755,-41.719,-8.318,0.832,0.350,0.786
249.851,86.058,-86.505,0.000,66.478,-40.431,-9.163,0.587,0.350,0.788
249.857,81.621,-82.067,0.000,69.801,-37.136,-9.043,0.355,0.350,0.791
249.862,76.222,-76.668,0.000,72.189,-40.627,-5.630,0.121,0.350,0.755
249.867,70.079,-70.525,0.000,75.739,-40.948,-4.280,-0.170,0.349,0.790
249.873,64.233,-64.680,0.000,77.636,-42.149,-3.409,-0.402,0.347,0.747
249.879,58.090,-58.536,0.000,78.990,-41.184,-7.594,-0.627,0.342,0.648
249.885,51.947,-52.393,0.000,79.126,-37.196,-8.508,-0.815,0.334,0.504
249.891,45.349,-45.796,0.000,78.301,-35.832,-8.637,-0.989,0.325,0.353
249.897,42.002,-40.742,0.000,80.098,-36.623,-6.867,-1.143,0.314,0.383
249.904,35.492,-33.728,0.000,79.881,-37.721,-3.432,-1.332,0.300,0.289
249.911,28.167,-26.404,0.000,75.810,-35.872,-3.638,-1.429,0.285,0.036
249.917,22.200,-21.343,0.000,73.540,-31.792,-6.022,-1.540,0.268,-0.080
249.924,15.945,-15.050,0.000,72.645,-30.280,-7.837,-1.701,0.249,-0.102
249.931,10.138,-8.268,0.000,71.707,-29.459,-6.638,-1.847,0.230,-0.112
249.937,4.395,-1.271,0.000,69.757,-28.712,-5.354,-1.961,0.208,-0.172
249.944,-2.974,6.098,0.000,68.629,-27.246,-4.409,-2.148,0.185,-0.184
249.951,-3.870,9.920,0.000,65.757,-26.278,-1.141,-2.089,0.161,-0.264
249.957,-11.239,17.290,0.000,63.094,-23.774,-0.702,-2.230,0.137,-0.318
249.964,-18.609,24.659,0.000,60.667,-21.216,-4.291,-2.378,0.111,-0.349
249.971,-20.880,28.082,0.000,55.550,-18.472,-7.916,-2.293,0.086,-0.490
249.978,-24.890,33.175,1.000,51.373,-16.581,-5.804,-2.288,0.060,-0.560
249.984,-28.647,38.127,2.000,47.504,-15.896,-0.833,-2.285,0.035,-0.605
249.990,-30.752,40.231,2.000,46.849,-15.690,0.785,-2.328,0.026,-0.582
249.995,-30.752,40.231,2.000,46.849,-15.690,0.785,-2.328,0.026,-0.582
250.000,-30.752,40.231,2.000,46.849,-15.690,0.785,-2.328,0.026,-0.582
250.006,-30.752,40.231,2.000,46.849,-15.690,0.785,-2.328,0.026,-0.582
250.011,-30.752,40.231,2.000,46.849,-15.690,0.785,-2.328,0.026,-0.582
250.016,-30.752,40.231,2.000,46.849,-15.690,0.785,-2.328,0.026,-0.582
250.022,-30.752,40.231,2.000,46.849,-15.690,0.785,-2.328,0.026,-0.582
250.027,-30.752,40.231,2.000,46.849,-15.690,0.785,-2.328,0.026,-0.582
250.032,-30.752,40.231,2.000,46.849,-15.690,0.785,-2.328,0.026,-0.582
250.037,-30.752,40.231,2.000,46.849,-15.690,0.785,-2.328,0.026,-0.582
250.042,-30.752,40.231,2.000,46.849,-15.690,0.785,-2.328,0.026,-0.582
250.047,-30.752,40.231,2.000,46.849,-15.690,0.785,-2.328,0.026,-0.582
250.052,-30.752,40.231,2.000,46.849,-15.690,0.785,-2.328,0.026,-0.582
250.057,-30.752,40.231,2.000,46.849,-15.690,0.785,-2.328,0.026,-0.582
250.062,-30.752,40.231,2.000,46.849,-15.690,0.785,-2.328,0.026,-0.582
250.068,-30.752,40.231,2.000,46.849,-15.690,0.785,-2.328,0.026,-0.582
250.074,-30.752,40.231,2.000,46.849,-15.690,0.785,-2.328,0.026,-0.582
250.080,-30.752,40.231,2.000,46.849,-15.690,0.785,-2.328,0.026,-0.582
250.085,-30.752,40.231,2.000,46.849,-15.690,0.785,-2.328,0.026,-0.582
250.090,-30.752,40.231,2.000,46.849,-15.690,0.785,-2.328,0.026,-0.582
250.095,-30.752,40.231,2.000,46.849,-15.690,0.785,-2.328,0.026,-0.582
250.100,-30.752,40.231,2.000,46.849,-15.690,0.785,-2.328,0.026,-0.582
250.105,-30.752,40.231,2.000,46.849,-15.690,0.785,-2.328,0.026,-0.582
250.110,-30.752,40.231,2.000,46.849,-15.690,0.785,-2.328,0.026,-0.582
250.115,-30.752,40.231,2.000,46.849,-15.690,0.785,-2.328,0.026,-0.582
250.120,-30.752,40.231,2.000,46.849,-15.690,0.785,-2.328,0.026,-0.582
250.125,-30.752,40.231,2.000,46.849,-15.690,0.785,-2.328,0.026,-0.582
250.130,-30.752,40.231,2.000,46.849,-15.690,0.785,-2.328,0.026,-0.582
250.135,-30.752,40.231,2.000,46.849,-15.690,0.785,-2.328,0.026,-0.582
250.140,-30.752,40.231,2.000,46.849,-15.690,0.785,-2.328,0.026,-0.582
250.146,-30.752,40.231,2.000,46.849,-15.690,0.785,-2.328,0.026,-0.582
250.151,-30.752,40.231,2.000,46.849,-15.690,0.785,-2.328,0.026,-0.582
250.157,-30.752,40.231,2.000,46.849,-15.690,0.785,-2.328,0.026,-0.582
250.162,-30.752,40.231,2.000,46.849,-15.690,0.785,-2.328,0.026,-0.582
250.168,-30.752,40.231,2.000,46.849,-15.690,0.785,-2.328,0.026,-0.582
250.174,-30.752,40.231,2.000,46.849,-15.690,0.785,-2.328,0.026,-0.582
250.180,-30.752,40.231,2.000,46.849,-15.690,0.785,-2.328,0.026,-0.582
250.187,-30.752,40.231,2.000,46.849,-15.690,0.785,-2.328,0.026,-0.582
250.193,-30.752,40.231,2.000,46.849,-15.690,0.785,-2.328,0.026,-0.582
250.199,-30.752,40.231,2.000,46.849,-15.690,0.785,-2.328,0.026,-0.582
250.204,-30.752,40.231,2.000,46.849,-15.690,0.785,-2.328,0.026,-0.582
250.210,-30.752,40.231,2.000,46.849,-15.690,0.785,-2.328,0.026,-0.582
250.216,-30.752,40.231,2.000,46.849,-15.690,0.785,-2.328,0.026,-0.582
250.221,-30.752,40.231,2.000,46.849,-15.690,0.785,-2.328,0.026,-0.582
250.226,-30.752,40.231,2.000,46.849,-15.690,0.785,-2.328,0.026,-0.582
250.232,-30.752,40.231,2.000,46.849,-15.690,0.785,-2.328,0.026,-0.582
250.239,-30.752,40.231,2.000,46.849,-15.690,0.785,-2.328,0.026,-0.582
250.245,-30.752,40.231,2.000,46.849,-15.690,0.785,-2.328,0.026,-0.582
250.250,-30.752,40.231,2.000,46.849,-15.690,0.785,-2.328,0.026,-0.582
250.256,-30.752,40.231,2.000,46.849,-15.690,0.785,-2.328,0.026,-0.582
250.262,-30.752,40.231,2.000,46.849,-15.690,0.785,-2.328,0.026,-0.582
250.268,-30.752,40.231,2.000,46.849,-15.690,0.785,-2.328,0.026,-0.582
250.274,-30.752,40.231,2.000,46.849,-15.690,0.785,-2.328,0.026,-0.582
250.280,-30.752,40.231,2.000,46.849,-15.690,0.785,-2.328,0.026,-0.582
250.286,-30.752,40.231,2.000,46.849,-15.690,0.785,-2.328,0.026,-0.582
250.291,-30.752,40.231,2.000,46.849,-15.690,0.785,-2.328,0.026,-0.582
250.297,-30.752,40.231,2.000,46.849,-15.690,0.785,-2.328,0.026,-0.582
250.303,-30.752,40.231,2.000,46.849,-15.690,0.785,-2.328,0.026,-0.582
250.309,-30.752,40.231,2.000,46.849,-15.690,0.785,-2.328,0.026,-0.582
250.315,-30.752,40.231,2.000,46.849,-15.690,0.785,-2.328,0.026,-0.582
250.321,-30.752,40.231,2.000,46.849,-15.690,0.785,-2.328,0.026,-0.582
250.327,-30.752,40.231,2.000,46.849,-15.690,0.785,-2.328,0.026,-0.582
250.332,-30.752,40.231,2.000,46.849,-15.690,0.785,-2.328,0.026,-0.582
250.338,-30.752,40.231,2.000,46.849,-15.690,0.785,-2.328,0.026,-0.582
250.344,-30.752,40.231,2.000,46.849,-15.690,0.785,-2.328,0.026,-0.582
250.350,-30.752,40.231,2.000,46.849,-15.690,0.785,-2.328,0.026,-0.582
250.356,-30.752,40.231,2.000,46.849,-15.690,0.785,-2.328,0.026,-0.582
250.362,-30.752,40.231,2.000,46.849,-15.690,0.785,-2.328,0.026,-0.582
250.368,-30.752,40.231,2.000,46.849,-15.690,0.785,-2.328,0.026,-0.582
250.374,-30.752,40.231,2.000,46.849,-15.690,0.785,-2.328,0.026,-0.582
250.380,-30.752,40.231,2.000,46.849,-15.690,0.785,-2.328,0.026,-0.582
250.386,-30.752,40.231,2.000,46.849,-15.690,0.785,-2.328,0.026,-0.582
250.392,-30.752,40.231,2.000,46.849,-15.690,0.785,-2.328,0.026,-0.582
250.398,-30.752,40.231,2.000,46.849,-15.690,0.785,-2.328,0.026,-0.582
250.404,-30.752,40.231,2.000,46.849,-15.690,0.785,-2.328,0.026,-0.582
250.410,-30.752,40.231,2.000,46.849,-15.690,0.785,-2.328,0.026,-0.582
250.416,-30.752,40.231,2.000,46.849,-15.690,0.785,-2.328,0.026,-0.582
250.422,-30.752,40.231,2.000,46.849,-15.690,0.785,-2.328,0.026,-0.582
250.428,-30.752,40.231,2.000,46.849,-15.690,0.785,-2.328,0.026,-0.582
250.434,-30.752,40.231,2.000,46.849,-15.690,0.785,-2.328,0.026,-0.582
250.440,-30.752,40.231,2.000,46.849,-15.690,0.785,-2.328,0.026,-0.582
250.446,-30.752,40.231,2.000,46.849,-15.690,0.785,-2.328,0.026,-0.582
250.453,-30.752,40.231,2.000,46.849,-15.690,0.785,-2.328,0.026,-0.582
250.459,-30.752,40.231,2.000,46.849,-15.690,0.785,-2.328,0.026,-0.582
250.464,-30.752,40.231,2.000,46.849,-15.690,0.785,-2.328,0.026,-0.582
250.470,-30.752,40.231,2.000,46.849,-15.690,0.785,-2.328,0.026,-0.582
250.476,-30.752,40.231,2.000,46.849,-15.690,0.785,-2.328,0.026,-0.582
250.482,-30.752,40.231,2.000,46.849,-15.690,0.785,-2.328,0.026,-0.582
250.488,-30.752,40.231,2.000,46.849,-15.690,0.785,-2.328,0.026,-0.582
250.494,-30.752,40.231,2.000,46.849,-15.690,0.785,-2.328,0.026,-0.582
250.500,-30.752,40.231,2.000,46.849,-15.690,0.785,-2.328,0.026,-0.582
250.506,-30