R
Px,Ix,Dx,Py,Iy,Dy,Pz,Iz,FFrx,FFry,FFdrx,FFdry,satI,satPID,DTermC,GparamC,AparamC,KFQAng,KFQbias,KFRmeas,CPx,CIx,CPy,CIy,CsatI,CsatPID,CFFdrx,CFFdry,CFalpha,FFDTermC,IRelaxR,IRelaxE,DmaxR,DmaxE,DMx,DMy
40,5,40,48,5,36,350,10,0,0,0,0,7,200,10,10.0,64.0,0.000100,0.003000,50,30,0,30,0,75,300,0,0,0.995,10.000,300,100,300,100,25,25
sysTime,PIDRefX,PIDRefY,PIDRefZ,PIDSensX,PIDSensY,PIDSensZ,PIDPoutX,PIDIoutX,PIDDoutX
202.034,-59.137,81.676,0.000,33.682,33.800,5.235,-3.759,-0.053,-8.604
202.040,-59.137,81.676,0.000,33.682,33.800,5.235,-3.759,-0.053,-8.604
202.045,-59.137,81.676,0.000,33.682,33.800,5.235,-3.759,-0.053,-8.604
202.051,-59.137,81.676,0.000,33.682,33.800,5.235,-3.759,-0.053,-8.604
202.057,-59.137,81.676,0.000,33.682,33.800,5.235,-3.759,-0.053,-8.604
202.063,-59.137,81.676,0.000,33.682,33.800,5.235,-3.759,-0.053,-8.604
202.069,-59.137,81.676,0.000,33.682,33.800,5.235,-3.759,-0.053,-8.604
202.075,-59.137,81.676,0.000,33.682,33.800,5.235,-3.759,-0.053,-8.604
202.082,-59.137,81.676,0.000,33.682,33.800,5.235,-3.759,-0.053,-8.604
202.087,-59.137,81.676,0.000,33.682,33.800,5.235,-3.759,-0.053,-8.604
202.093,-59.137,81.676,0.000,33.682,33.800,5.235,-3.759,-0.053,-8.604
202.099,-59.137,81.676,0.000,33.682,33.800,5.235,-3.759,-0.053,-8.604
202.105,-59.137,81.676,0.000,33.682,33.800,5.235,-3.759,-0.053,-8.604
202.111,-59.137,81.676,0.000,33.682,33.800,5.235,-3.759,-0.053,-8.604
202.117,-59.137,81.676,0.000,33.682,33.800,5.235,-3.759,-0.053,-8.604
202.123,-59.137,81.676,0.000,33.682,33.800,5.235,-3.759,-0.053,-8.604
202.129,-59.137,81.676,0.000,33.682,33.800,5.235,-3.759,-0.053,-8.604
202.134,-59.137,81.676,0.000,33.682,33.800,5.235,-3.759,-0.053,-8.604
202.140,-59.137,81.676,0.000,33.682,33.800,5.235,-3.759,-0.053,-8.604
202.146,-59.137,81.676,0.000,33.682,33.800,5.235,-3.759,-0.053,-8.604
202.152,-59.137,81.676,0.000,33.682,33.800,5.235,-3.759,-0.053,-8.604
202.158,-59.137,81.676,0.000,33.682,33.800,5.235,-3.759,-0.053,-8.604
202.164,-59.137,81.676,0.000,33.682,33.800,5.235,-3.759,-0.053,-8.604
202.170,-59.137,81.676,0.000,33.682,33.800,5.235,-3.759,-0.053,-8.604
202.176,-59.137,81.676,0.000,33.682,33.800,5.235,-3.759,-0.053,-8.604
202.182,-59.137,81.676,0.000,33.682,33.800,5.235,-3.759,-0.053,-8.604
202.188,-59.137,81.676,0.000,33.682,33.800,5.235,-3.759,-0.053,-8.604
202.194,-59.137,81.676,0.000,33.682,33.800,5.235,-3.759,-0.053,-8.604
202.200,-59.137,81.676,0.000,33.682,33.800,5.235,-3.759,-0.053,-8.604
202.206,-59.137,81.676,0.000,33.682,33.800,5.235,-3.759,-0.053,-8.604
202.212,-59.137,81.676,0.000,33.682,33.800,5.235,-3.759,-0.053,-8.604
202.217,-59.137,81.676,0.000,33.682,33.800,5.235,-3.759,-0.053,-8.604
202.223,-59.137,81.676,0.000,33.682,33.800,5.235,-3.759,-0.053,-8.604
202.229,-59.137,81.676,0.000,33.682,33.800,5.235,-3.759,-0.053,-8.604
202.235,-59.137,81.676,0.000,33.682,33.800,5.235,-3.759,-0.053,-8.604
202.241,-59.137,81.676,0.000,33.682,33.800,5.235,-3.759,-0.053,-8.604
202.247,-59.137,81.676,0.000,33.682,33.800,5.235,-3.759,-0.053,-8.604
202.253,-59.137,81.676,0.000,33.682,33.800,5.235,-3.759,-0.053,-8.604
202.258,-59.137,81.676,0.000,33.682,33.800,5.235,-3.759,-0.053,-8.604
202.264,-59.137,81.676,0.000,33.682,33.800,5.235,-3.759,-0.053,-8.604
202.270,-59.137,81.676,0.000,33.682,33.800,5.235,-3.759,-0.053,-8.604
202.276,-59.137,81.676,0.000,33.682,33.800,5.235,-3.759,-0.053,-8.604
202.282,-59.137,81.676,0.000,33.682,33.800,5.235,-3.759,-0.053,-8.604
202.288,-59.137,81.676,0.000,33.682,33.800,5.235,-3.759,-0.053,-8.604
202.294,-59.137,81.676,0.000,33.682,33.800,5.235,-3.759,-0.053,-8.604
202.300,-59.137,81.676,0.000,33.682,33.800,5.235,-3.759,-0.053,-8.604
202.305,-59.137,81.676,0.000,33.682,33.800,5.235,-3.759,-0.053,-8.604
202.311,-59.137,81.676,0.000,33.682,33.800,5.235,-3.759,-0.053,-8.604
202.317,-59.137,81.676,0.000,33.682,33.800,5.235,-3.759,-0.053,-8.604
202.323,-59.137,81.676,0.000,33.682,33.800,5.235,-3.759,-0.053,-8.604
202.329,-59.137,81.676,0.000,33.682,33.800,5.235,-3.759,-0.053,-8.604
202.335,-59.137,81.676,0.000,33.682,33.800,5.235,-3.759,-0.053,-8.604
202.341,-59.137,81.676,0.000,33.682,33.800,5.235,-3.759,-0.053,-8.604
202.347,-59.137,81.676,0.000,33.682,33.800,5.235,-3.759,-0.053,-8.604
202.353,-59.137,81.676,0.000,33.682,33.800,5.235,-3.759,-0.053,-8.604
202.359,-59.137,81.676,0.000,33.682,33.800,5.235,-3.759,-0.053,-8.604
202.365,-59.137,81.676,0.000,33.682,33.800,5.235,-3.759,-0.053,-8.604
202.371,-59.137,81.676,0.000,33.682,33.800,5.235,-3.759,-0.053,-8.604
202.377,-59.137,81.676,0.000,33.682,33.800,5.235,-3.759,-0.053,-8.604
202.383,-59.137,81.676,0.000,33.682,33.800,5.235,-3.759,-0.053,-8.604
202.388,-59.137,81.676,0.000,33.682,33.800,5.235,-3.759,-0.053,-8.604
202.394,-59.137,81.676,0.000,33.682,33.800,5.235,-3.759,-0.053,-8.604
202.400,-59.137,81.676,0.000,33.682,33.800,5.235,-3.759,-0.053,-8.604
202.407,-59.137,81.676,0.000,33.682,33.800,5.235,-3.759,-0.053,-8.604
202.413,-59.137,81.676,0.000,33.682,33.800,5.235,-3.759,-0.053,-8.604
202.419,-59.137,81.676,0.000,33.682,33.800,5.235,-3.759,-0.053,-8.604
202.425,-59.137,81.676,0.000,33.682,33.800,5.235,-3.759,-0.053,-8.604
202.431,-59.137,81.676,0.000,33.682,33.800,5.235,-3.759,-0.053,-8.604
202.436,-59.137,81.676,0.000,33.682,33.800,5.235,-3.759,-0.053,-8.604
202.442,-59.137,81.676,0.000,33.682,33.800,5.235,-3.759,-0.053,-8.604
202.448,-59.137,81.676,0.000,33.682,33.800,5.235,-3.759,-0.053,-8.604
202.454,-59.137,81.676,0.000,33.682,33.800,5.235,-3.759,-0.053,-8.604
202.460,-59.137,81.676,0.000,33.682,33.800,5.235,-3.759,-0.053,-8.604
202.466,-59.137,81.676,0.000,33.682,33.800,5.235,-3.759,-0.053,-8.604
202.472,-59.137,81.676,0.000,33.682,33.800,5.235,-3.759,-0.053,-8.604
202.477,-59.137,81.676,0.000,33.682,33.800,5.235,-3.759,-0.053,-8.604
202.483,-59.137,81.676,0.000,33.682,33.800,5.235,-3.759,-0.053,-8.604
202.489,-59.137,81.676,0.000,33.682,33.800,5.235,-3.759,-0.053,-8.604
202.495,-59.137,81.676,0.000,33.682,33.800,5.235,-3.759,-0.053,-8.604
202.501,-59.137,81.676,0.000,33.682,33.800,5.235,-3.759,-0.053,-8.604
202.507,-59.137,81.676,0.000,33.682,33.800,5.235,-3.759,-0.053,-8.604
202.513,-59.137,81.676,0.000,33.682,33.800,5.235,-3.759,-0.053,-8.604
202.518,-59.137,81.676,0.000,33.682,33.800,5.235,-3.759,-0.053,-8.604
202.524,-59.137,81.676,0.000,33.682,33.800,5.235,-3.759,-0.053,-8.604
202.530,-59.137,81.676,0.000,33.682,33.800,5.235,-3.759,-0.053,-8.604
202.536,-59.137,81.676,0.000,33.682,33.800,5.235,-3.759,-0.053,-8.604
202.542,-59.137,81.676,0.000,33.682,33.800,5.235,-3.759,-0.053,-8.604
202.548,-59.137,81.676,0.000,33.682,33.800,5.235,-3.759,-0.053,-8.604
202.554,-59.137,81.676,0.000,33.682,33.800,5.235,-3.759,-0.053,-8.604
202.560,-59.137,81.676,0.000,33.682,33.800,5.235,-3.759,-0.053,-8.604
202.565,-59.137,81.676,0.000,33.682,33.800,5.235,-3.759,-0.053,-8.604
202.571,-59.137,81.676,0.000,33.682,33.800,5.235,-3.759,-0.053,-8.604
202.577,-59.137,81.676,0.000,33.682,33.800,5.235,-3.759,-0.053,-8.604
202.583,-59.137,81.676,0.000,33.682,33.800,5.235,-3.759,-0.053,-8.604
202.589,-59.137,81.676,0.000,33.682,33.800,5.235,-3.759,-0.053,-8.604
202.595,-59.137,81.676,0.000,33.682,33.800,5.235,-3.759,-0.053,-8.604
202.601,-59.137,81.676,0.000,33.682,33.800,5.235,-3.759,-0.053,-8.604
202.606,-59.137,81.676,0.000,33.682,33.800,5.235,-3.759,-0.053,-8.604
202.612,-59.137,81.676,0.000,33.682,33.800,5.235,-3.759,-0.053,-8.604
202.618,-59.137,81.676,0.000,33.682,33.800,5.235,-3.759,-0.053,-8.604
202.624,-59.137,81.676,0.000,33.682,33.800,5.235,-3.759,-0.053,-8.604
202.630,-59.137,81.676,0.000,33.682,33.800,5.235,-3.759,-0.053,-8.604
202.636,-59.137,81.676,0.000,33.682,33.800,5.235,-3.759,-0.053,-8.604
202.642,-59.137,81.676,0.000,33.682,33.800,5.235,-3.759,-0.053,-8.604
202.647,-59.137,81.676,0.000,33.682,33.800,5.235,-3.759,-0.053,-8.604
202.653,-59.137,81.676,0.000,33.682,33.800,5.235,-3.759,-0.053,-8.604
202.659,-59.137,81.676,0.000,33.682,33.800,5.235,-3.759,-0.053,-8.604
202.665,-59.137,81.676,0.000,33.682,33.800,5.235,-3.759,-0.053,-8.604
202.671,-59.137,81.676,0.000,33.682,33.800,5.235,-3.759,-0.053,-8.604
202.677,-59.137,81.676,0.000,33.682,33.800,5.235,-3.759,-0.053,-8.604
202.683,-59.137,81.676,0.000,33.682,33.800,5.235,-3.759,-0.053,-8.604
202.689,-59.137,81.676,0.000,33.682,33.800,5.235,-3.759,-0.053,-8.604
202.694,-59.137,81.676,0.000,33.682,33.800,5.235,-3.759,-0.053,-8.604
202.700,-59.137,81.676,0.000,33.682,33.800,5.235,-3.759,-0.053,-8.604
202.706,-59.137,81.676,0.000,33.682,33.800,5.235,-3.759,-0.053,-8.604
202.712,-59.137,81.676,0.000,33.682,33.800,5.235,-3.759,-0.053,-8.604
202.718,-59.137,81.676,0.000,33.682,33.800,5.235,-3.759,-0.053,-8.604
202.724,-59.137,81.676,0.000,33.682,33.800,5.235,-3.759,-0.053,-8.604
202.730,-59.137,81.676,0.000,33.682,33.800,5.235,-3.759,-0.053,-8.604
202.735,-59.137,81.676,0.000,33.682,33.800,5.235,-3.759,-0.053,-8.604
202.741,-59.137,81.676,0.000,33.682,33.800,5.235,-3.759,-0.053,-8.604
202.747,-59.137,81.676,0.000,33.682,33.800,5.235,-3.759,-0.053,-8.604
202.753,-59.137,81.676,0.000,33.682,33.800,5.235,-3.759,-0.053,-8.604
202.759,-59.137,81.676,0.000,33.682,33.800,5.235,-3.759,-0.053,-8.604
202.765,-59.137,81.676,0.000,33.682,33.800,5.235,-3.759,-0.053,-8.604
202.771,-59.137,81.676,0.000,33.682,33.800,5.235,-3.759,-0.053,-8.604
202.776,-59.137,81.676,0.000,33.682,33.800,5.235,-3.759,-0.053,-8.604
202.782,-59.137,81.676,0.000,33.682,33.800,5.235,-3.759,-0.053,-8.604
202.788,-59.137,81.676,0.000,33.682,33.800,5.235,-3.759,-0.053,-8.604
202.794,-59.137,81.676,0.000,33.682,33.800,5.235,-3.759,-0.053,-8.604
202.800,-59.137,81.676,0.000,33.682,33.800,5.235,-3.759,-0.053,-8.604
202.806,-59.137,81.676,0.000,33.682,33.800,5.235,-3.759,-0.053,-8.604
202.812,-59.137,81.676,0.000,33.682,33.800,5.235,-3.759,-0.053,-8.604
202.818,-59.137,81.676,0.000,33.682,33.800,5.235,-3.759,-0.053,-8.604
202.823,-59.137,81.676,0.000,33.682,33.800,5.235,-3.759,-0.053,-8.604
202.829,-59.137,81.676,0.000,33.682,33.800,5.235,-3.759,-0.053,-8.604
202.835,-59.137,81.676,0.000,33.682,33.800,5.235,-3.759,-0.053,-8.604
202.841,-59.137,81.676,0.000,33.682,33.800,5.235,-3.759,-0.053,-8.604
202.847,-59.137,81.676,0.000,33.682,33.800,5.235,-3.759,-0.053,-8.604
202.853,-59.137,81.676,0.000,33.682,33.800,5.235,-3.759,-0.053,-8.604
202.859,-59.137,81.676,0.000,33.682,33.800,5.235,-3.759,-0.053,-8.604
202.864,-59.137,81.676,0.000,33.682,33.800,5.235,-3.759,-0.053,-8.604
202.870,-59.137,81.676,0.000,33.682,33.800,5.235,-3.759,-0.053,-8.604
202.876,-59.137,81.676,0.000,33.682,33.800,5.235,-3.759,-0.053,-8.604
202.882,-59.137,81.676,0.000,33.682,33.800,5.235,-3.759,-0.053,-8.604
202.888,-59.137,81.676,0.000,33.682,33.800,5.235,-3.759,-0.053,-8.604
202.894,-59.137,81.676,0.000,33.682,33.800,5.235,-3.759,-0.053,-8.604
202.900,-59.137,81.676,0.000,33.682,33.800,5.235,-3.759,-0.053,-8.604
202.905,-59.137,81.676,0.000,33.682,33.800,5.235,-3.759,-0.053,-8.604
202.911,-59.137,81.676,0.000,33.682,33.800,5.235,-3.759,-0.053,-8.604
202.917,-59.137,81.676,0.000,33.682,33.800,5.235,-3.759,-0.053,-8.604
202.923,-59.137,81.676,0.000,33.682,33.800,5.235,-3.759,-0.053,-8.604
202.930,-59.137,81.676,0.000,33.682,33.800,5.235,-3.759,-0.053,-8.604
202.936,-59.137,81.676,0.000,33.682,33.800,5.235,-3.759,-0.053,-8.604
202.942,-59.137,81.676,0.000,33.682,33.800,5.235,-3.759,-0.053,-8.604
202.947,-59.137,81.676,0.000,33.682,33.800,5.235,-3.759,-0.053,-8.604
202.953,-59.137,81.676,0.000,33.682,33.800,5.235,-3.759,-0.053,-8.604
202.959,-59.137,81.676,0.000,33.682,33.800,5.235,-3.759,-0.053,-8.604
202.965,-59.137,81.676,0.000,33.682,33.800,5.235,-3.759,-0.053,-8.604
202.971,-59.137,81.676,0.000,33.682,33.800,5.235,-3.759,-0.053,-8.604
202.977,-59.137,81.676,0.000,33.682,33.800,5.235,-3.759,-0.053,-8.604
202.983,-59.137,81.676,0.000,33.682,33.800,5.235,-3.759,-0.053,-8.604
202.989,-59.137,81.676,0.000,33.682,33.800,5.235,-3.759,-0.053,-8.604
202.994,-59.137,81.676,0.000,33.682,33.800,5.235,-3.759,-0.053,-8.604
203.000,-59.137,81.676,0.000,33.682,33.800,5.235,-3.759,-0.053,-8.604
203.006,-59.137,81.676,0.000,33.682,33.800,5.235,-3.759,-0.053,-8.604
203.012,-59.137,81.676,0.000,33.682,33.800,5.235,-3.759,-0.053,-8.604
203.018,-59.137,81.676,0.000,33.682,33.800,5.235,-3.759,-0.053,-8.604
203.024,-59.137,81.676,0.000,33.682,33.800,5.235,-3.759,-0.053,-8.604
203.030,-59.137,81.676,0.000,33.682,33.800,5.235,-3.759,-0.053,-8.604
203.035,-59.137,81.676,0.000,33.682,33.800,5.235,-3.759,-0.053,-8.604
203.041,-59.137,81.676,0.000,33.682,33.800,5.235,-3.759,-0.053,-8.604
203.047,-59.137,81.676,0.000,33.682,33.800,5.235,-3.759,-0.053,-8.604
203.053,-59.137,81.676,0.000,33.682,33.800,5.235,-3.759,-0.053,-8.604
203.059,-59.137,81.676,0.000,33.682,33.800,5.235,-3.759,-0.053,-8.604
203.065,-59.137,81.676,0.000,33.682,33.800,5.235,-3.759,-0.053,-8.604
203.071,-59.137,81.676,0.000,33.682,33.800,5.235,-3.759,-0.053,-8.604
203.076,-59.137,81.676,0.000,33.682,33.800,5.235,-3.759,-0.053,-8.604
203.082,-59.137,81.676,0.000,33.682,33.800,5.235,-3.759,-0.053,-8.604
203.088,-59.137,81.676,0.000,33.682,33.800,5.235,-3.759,-0.053,-8.604
203.094,-59.137,81.676,0.000,33.682,33.800,5.235,-3.759,-0.053,-8.604
203.100,-59.137,81.676,0.000,33.682,33.800,5.235,-3.759,-0.053,-8.604
203.106,-59.137,81.676,0.000,33.682,33.800,5.235,-3.759,-0.053,-8.604
203.112,-59.137,81.676,0.000,33.682,33.800,5.235,-3.759,-0.053,-8.604
203.118,-59.137,81.676,0.000,33.682,33.800,5.235,-3.759,-0.053,-8.604
203.123,-59.137,81.676,0.000,33.682,33.800,5.235,-3.759,-0.053,-8.604
203.129,-59.137,81.676,0.000,33.682,33.800,5.235,-3.759,-0.053,-8.604
203.135,-59.137,81.676,0.000,33.682,33.800,5.235,-3.759,-0.053,-8.604
203.141,-59.137,81.676,0.000,33.682,33.800,5.235,-3.759,-0.053,-8.604
203.147,-59.137,81.676,0.000,33.682,33.800,5.235,-3.759,-0.053,-8.604
203.153,-59.137,81.676,0.000,33.682,33.800,5.235,-3.759,-0.053,-8.604
203.159,-59.137,81.676,0.000,33.682,33.800,5.235,-3.759,-0.053,-8.604
203.164,-59.137,81.676,0.000,33.682,33.800,5.235,-3.759,-0.053,-8.604
203.170,-59.137,81.676,0.000,33.682,33.800,5.235,-3.759,-0.053,-8.604
203.176,-59.137,81.676,0.000,33.682,33.800,5.235,-3.759,-0.053,-8.604
203.182,-59.137,81.676,0.000,33.682,33.800,5.235,-3.759,-0.053,-8.604
203.188,-59.137,81.676,0.000,33.682,33.800,5.235,-3.759,-0.053,-8.604
203.194,-59.137,81.676,0.000,33.682,33.800,5.235,-3.759,-0.053,-8.604
203.200,-59.137,81.676,0.000,33.682,33.800,5.235,-3.759,-0.053,-8.604
203.205,-59.137,81.676,0.000,33.682,33.800,5.235,-3.759,-0.053,-8.604
203.211,-59.137,81.676,0.000,33.682,33.800,5.235,-3.759,-0.053,-8.604
203.217,-59.137,81.676,0.000,33.682,33.800,5.235,-3.759,-0.053,-8.604
203.223,-59.137,81.676,0.000,33.682,33.800,5.235,-3.759,-0.053,-8.604
203.229,-59.137,81.676,0.000,33.682,33.800,5.235,-3.759,-0.053,-8.604
203.235,-59.137,81.676,0.000,33.682,33.800,5.235,-3.759,-0.053,-8.604
203.241,-59.137,81.676,0.000,33.682,33.800,5.235,-3.759,-0.053,-8.604
203.247,-59.137,81.676,0.000,33.682,33.800,5.235,-3.759,-0.053,-8.604
203.252,-59.137,81.676,0.000,33.682,33.800,5.235,-3.759,-0.053,-8.604
203.258,-59.137,81.676,0.000,33.682,33.800,5.235,-3.759,-0.053,-8.604
203.264,-59.137,81.676,0.000,33.682,33.800,5.235,-3.759,-0.053,-8.604
203.270,-59.137,81.676,0.000,33.682,33.800,5.235,-3.759,-0.053,-8.604
203.276,-59.137,81.676,0.000,33.682,33.800,5.235,-3.759,-0.053,-8.604
203.282,-59.137,81.676,0.000,33.682,33.800,5.235,-3.759,-0.053,-8.604
203.288,-59.137,81.676,0.000,33.682,33.800,5.235,-3.759,-0.053,-8.604
203.293,-59.137,81.676,0.000,33.682,33.800,5.235,-3.759,-0.053,-8.604
203.299,-59.137,81.676,0.000,33.682,33.800,5.235,-3.759,-0.053,-8.604
203.305,-59.137,81.676,0.000,33.682,33.800,5.235,-3.759,-0.053,-8.604
203.312,-59.137,81.676,0.000,33.682,33.800,5.235,-3.759,-0.053,-8.604
203.318,-59.137,81.676,0.000,33.682,33.800,5.235,-3.759,-0.053,-8.604
203.324,-59.137,81.676,0.000,33.682,33.800,5.235,-3.759,-0.053,-8.604
203.330,-59.137,81.676,0.000,33.682,33.800,5.235,-3.759,-0.053,-8.604
203.335,-59.137,81.676,0.000,33.682,33.800,5.235,-3.759,-0.053,-8.604
203.341,-59.137,81.676,0.000,33.682,33.800,5.235,-3.759,-0.053,-8.604
203.347,-59.137,81.676,0.000,33.682,33.800,5.235,-3.759,-0.053,-8.604
203.353,-59.137,81.676,0.000,33.682,33.800,5.235,-3.759,-0.053,-8.604
203.359,-59.137,81.676,0.000,33.682,33.800,5.235,-3.759,-0.053,-8.604
203.365,-59.137,81.676,0.000,33.682,33.800,5.235,-3.759,-0.053,-8.604
203.371,-59.137,81.676,0.000,33.682,33.800,5.235,-3.759,-0.053,-8.604
203.377,-59.137,81.676,0.000,33.682,33.800,5.235,-3.759,-0.053,-8.604
203.382,-59.137,81.676,0.000,33.682,33.800,5.235,-3.759,-0.053,-8.604
203.388,-59.137,81.676,0.000,33.682,33.800,5.235,-3.759,-0.053,-8.604
203.394,-59.137,81.676,0.000,33.682,33.800,5.235,-3.759,-0.053,-8.604
203.400,-59.137,81.676,0.000,33.682,33.800,5.235,-3.759,-0.053,-8.604
203.406,-59.137,81.676,0.000,33.682,33.800,5.235,-3.759,-0.053,-8.604
203.412,-59.137,81.676,0.000,33.682,33.800,5.235,-3.759,-0.053,-8.604
203.418,-59.137,81.676,0.000,33.682,33.800,5.235,-3.759,-0.053,-8.604
203.423,-59.137,81.676,0.000,33.682,33.800,5.235,-3.759,-0.053,-8.604
203.429,-59.137,81.676,0.000,33.682,33.800,5.235,-3.759,-0.053,-8.604
203.435,-59.137,81.676,0.000,33.682,33.800,5.235,-3.759,-0.053,-8.604
203.441,-59.137,81.676,0.000,33.682,33.800,5.235,-3.759,-0.053,-8.604
203.447,-59.137,81.676,0.000,33.682,33.800,5.235,-3.759,-0.053,-8.604
203.453,-59.137,81.676,0.000,33.682,33.800,5.235,-3.759,-0.053,-8.604
203.459,-59.137,81.676,0.000,33.682,33.800,5.235,-3.759,-0.053,-8.604
203.465,-59.137,81.676,0.000,33.682,33.800,5.235,-3.759,-0.053,-8.604
203.471,-59.137,81.676,0.000,33.682,33.800,5.235,-3.759,-0.053,-8.604
203.477,-59.137,81.676,0.000,33.682,33.800,5.235,-3.759,-0.053,-8.604
203.483,-59.137,81.676,0.000,33.682,33.800,5.235,-3.759,-0.053,-8.604
203.489,-59.137,81.676,0.000,33.682,33.800,5.235,-3.759,-0.053,-8.604
203.495,-59.137,81.676,0.000,33.682,33.800,5.235,-3.759,-0.053,-8.604
203.501,-59.137,81.676,0.000,33.682,33.800,5.235,-3.759,-0.053,-8.604
203.507,-59.137,81.676,0.000,33.682,33.800,5.235,-3.759,-0.053,-8.604
203.512,-59.137,81.676,0.000,33.682,33.800,5.235,-3.759,-0.053,-8.604
203.518,-59.137,81.676,0.000,33.682,33.800,5.235,-3.759,-0.053,-8.604
203.524,-59.137,81.676,0.000,33.682,33.800,5.235,-3.759,-0.053,-8.604
203.530,-59.137,81.676,0.000,33.682,33.800,5.235,-3.759,-0.053,-8.604
203.536,-59.137,81.676,0.000,33.682,33.800,5.235,-3.759,-0.053,-8.604
203.542,-59.137,81.676,0.000,33.682,33.800,5.235,-3.759,-0.053,-8.604
203.548,-59.137,81.676,0.000,33.682,33.800,5.235,-3.759,-0.053,-8.604
203.553,-59.137,81.676,0.000,33.682,33.800,5.235,-3.759,-0.053,-8.604
203.559,-59.137,81.676,0.000,33.682,33.800,5.235,-3.759,-0.053,-8.604
203.565,-59.137,81.676,0.000,33.682,33.800,5.235,-3.759,-0.053,-8.604
203.571,-59.137,81.676,0.000,33.682,33.800,5.235,-3.759,-0.053,-8.604
203.577,-59.137,81.676,0.000,33.682,33.800,5.235,-3.759,-0.053,-8.604
203.583,-59.137,81.676,0.000,33.682,33.800,5.235,-3.759,-0.053,-8.604
203.589,-59.137,81.676,0.000,33.682,33.800,5.235,-3.759,-0.053,-8.604
203.594,-59.137,81.676,0.000,33.682,33.800,5.235,-3.759,-0.053,-8.604
203.600,-59.137,81.676,0.000,33.682,33.800,5.235,-3.759,-0.053,-8.604
203.606,-59.137,81.676,0.000,33.682,33.800,5.235,-3.759,-0.053,-8.604
203.612,-59.137,81.676,0.000,33.682,33.800,5.235,-3.759,-0.053,-8.604
203.618,-59.137,81.676,0.000,33.682,33.800,5.235,-3.759,-0.053,-8.604
203.624,-59.137,81.676,0.000,33.682,33.800,5.235,-3.759,-0.053,-8.604
203.630,-59.137,81.676,0.000,33.682,33.800,5.235,-3.759,-0.053,-8.604
203.636,-59.137,81.676,0.000,33.682,33.800,5.235,-3.759,-0.053,-8.604
203.642,-59.137,81.676,0.000,33.682,33.800,5.235,-3.759,-0.053,-8.604
203.647,-59.137,81.676,0.000,33.682,33.800,5.235,-3.759,-0.053,-8.604
203.654,-59.137,81.676,0.000,33.682,33.800,5.235,-3.759,-0.053,-8.604
203.660,-59.137,81.676,0.000,33.682,33.800,5.235,-3.759,-0.053,-8.604
203.666,-59.137,81.676,0.000,33.682,33.800,5.235,-3.759,-0.053,-8.604
203.672,-59.137,81.676,0.000,33.682,33.800,5.235,-3.759,-0.053,-8.604
203.678,-59.137,81.676,0.000,33.682,33.800,5.235,-3.759,-0.053,-8.604
203.683,-59.137,81.676,0.000,33.682,33.800,5.235,-3.759,-0.053,-8.604
203.689,-59.137,81.676,0.000,33.682,33.800,5.235,-3.759,-0.053,-8.604
203.695,-59.137,81.676,0.000,33.682,33.800,5.235,-3.759,-0.053,-8.604
203.701,-59.137,81.676,0.000,33.682,33.800,5.235,-3.759,-0.053,-8.604
203.707,-59.137,81.676,0.000,33.682,33.800,5.235,-3.759,-0.053,-8.604
203.713,-59.137,81.676,0.000,33.682,33.800,5.235,-3.759,-0.053,-8.604
203.719,-59.137,81.676,0.000,33.682,33.800,5.235,-3.759,-0.053,-8.604
203.724,-59.137,81.676,0.000,33.682,33.800,5.235,-3.759,-0.053,-8.604
203.730,-59.137,81.676,0.000,33.682,33.800,5.235,-3.759,-0.053,-8.604
203.736,-59.137,81.676,0.000,33.682,33.800,5.235,-3.759,-0.053,-8.604
203.742,-59.137,81.676,0.000,33.682,33.800,5.235,-3.759,-0.053,-8.604
203.748,-59.137,81.676,0.000,33.682,33.800,5.235,-3.759,-0.053,-8.604
203.754,-59.137,81.676,0.000,33.682,33.800,5.235,-3.759,-0.053,-8.604
203.760,-59.137,81.676,0.000,33.682,33.800,5.235,-3.759,-0.053,-8.604
203.765,-59.137,81.676,0.000,33.682,33.800,5.235,-3.759,-0.053,-8.604
203.771,-59.137,81.676,0.000,33.682,33.800,5.235,-3.759,-0.053,-8.604
203.777,-59.137,81.676,0.000,33.682,33.800,5.235,-3.759,-0.053,-8.604
203.783,-59.137,81.676,0.000,33.682,33.800,5.235,-3.759,-0.053,-8.604
203.789,-59.137,81.676,0.000,33.682,33.800,5.235,-3.759,-0.053,-8.604
203.795,-59.137,81.676,0.000,33.682,33.800,5.235,-3.759,-0.053,-8.604
203.801,-59.137,81.676,0.000,33.682,33.800,5.235,-3.759,-0.053,-8.604
203.807,-59.137,81.676,0.000,33.682,33.800,5.235,-3.759,-0.053,-8.604
203.812,-59.137,81.676,0.000,33.682,33.800,5.235,-3.759,-0.053,-8.604
203.818,-59.137,81.676,0.000,33.682,33.800,5.235,-3.759,-0.053,-8.604
203.824,-59.137,81.676,0.000,33.682,33.800,5.235,-3.759,-0.053,-8.604
203.830,-59.137,81.676,0.000,33.682,33.800,5.235,-3.759,-0.053,-8.604
203.836,-59.137,81.676,0.000,33.682,33.800,5.235,-3.759,-0.053,-8.604
203.842,-59.137,81.676,0.000,33.682,33.800,5.235,-3.759,-0.053,-8.604
203.848,-59.137,81.676,0.000,33.682,33.800,5.235,-3.759,-0.053,-8.604
203.854,-59.137,81.676,0.000,33.682,33.800,5.235,-3.759,-0.053,-8.604
203.860,-59.137,81.676,0.000,33.682,33.800,5.235,-3.759,-0.053,-8.604
203.866,-59.137,81.676,0.000,33.682,33.800,5.235,-3.759,-0.053,-8.604
203.872,-59.137,81.676,0.000,33.682,33.800,5.235,-3.759,-0.053,-8.604
203.878,-59.137,81.676,0.000,33.682,33.800,5.235,-3.759,-0.053,-8.604
203.884,-59.137,81.676,0.000,33.682,33.800,5.235,-3.759,-0.053,-8.604
203.890,-59.137,81.676,0.000,33.682,33.800,5.235,-3.759,-0.053,-8.604
203.895,-59.137,81.676,0.000,33.682,33.800,5.235,-3.759,-0.053,-8.604
203.901,-59.137,81.676,0.000,33.682,33.800,5.235,-3.759,-0.053,-8.604
203.907,-59.137,81.676,0.000,33.682,33.800,5.235,-3.759,-0.053,-8.604
203.913,-59.137,81.676,0.000,33.682,33.800,5.235,-3.759,-0.053,-8.604
203.919,-59.137,81.676,0.000,33.682,33.800,5.235,-3.759,-0.053,-8.604
203.925,-59.137,81.676,0.000,33.682,33.800,5.235,-3.759,-0.053,-8.604
203.931,-59.137,81.676,0.000,33.682,33.800,5.235,-3.759,-0.053,-8.604
203.937,-59.137,81.676,0.000,33.682,33.800,5.235,-3.759,-0.053,-8.604
203.943,-59.137,81.676,0.000,33.682,33.800,5.235,-3.759,-0.053,-8.604
203.949,-59.137,81.676,0.000,33.682,33.800,5.235,-3.759,-0.053,-8.604
203.955,-59.137,81.676,0.000,33.682,33.800,5.235,-3.759,-0.053,-8.604
203.961,-59.137,81.676,0.000,33.682,33.800,5.235,-3.759,-0.053,-8.604
203.967,-59.137,81.676,0.000,33.682,33.800,5.235,-3.759,-0.053,-8.604
203.973,-59.137,81.676,0.000,33.682,33.800,5.235,-3.759,-0.053,-8.604
203.979,-59.137,81.676,0.000,33.682,33.800,5.235,-3.759,-0.053,-8.604
203.984,-59.137,81.676,0.000,33.682,33.800,5.235,-3.759,-0.053,-8.604
203.991,-59.137,81.676,0.000,33.682,33.800,5.235,-3.759,-0.053,-8.604
203.997,-59.137,81.676,0.000,33.682,33.800,5.235,-3.759,-0.053,-8.604
204.003,-59.137,81.676,0.000,33.682,33.800,5.235,-3.759,-0.053,-8.604
204.009,-59.137,81.676,0.000,33.682,33.800,5.235,-3.759,-0.053,-8.604
204.015,-59.137,81.676,0.000,33.682,33.800,5.235,-3.759,-0.053,-8.604
204.021,-59.137,81.676,0.000,33.682,33.800,5.235,-3.759,-0.053,-8.604
204.026,-59.137,81.676,0.000,33.682,33.800,5.235,-3.759,-0.053,-8.604
204.032,-59.137,81.676,0.000,33.682,33.800,5.235,-3.759,-0.053,-8.604
204.038,-59.137,81.676,0.000,33.682,33.800,5.235,-3.759,-0.053,-8.604
204.044,-59.137,81.676,0.000,33.682,33.800,5.235,-3.759,-0.053,-8.604
204.050,-59.137,81.676,0.000,33.682,33.800,5.235,-3.759,-0.053,-8.604
204.056,-59.137,81.676,0.000,33.682,33.800,5.235,-3.759,-0.053,-8.604
204.062,-59.137,81.676,0.000,33.682,33.800,5.235,-3.759,-0.053,-8.604
204.068,-59.137,81.676,0.000,33.682,33.800,5.235,-3.759,-0.053,-8.604
204.073,-59.137,81.676,0.000,33.682,33.800,5.235,-3.759,-0.053,-8.604
204.079,-59.137,81.676,0.000,33.682,33.800,5.235,-3.759,-0.053,-8.604
204.085,-59.137,81.676,0.000,33.682,33.800,5.235,-3.759,-0.053,-8.604
204.091,-59.137,81.676,0.000,33.682,33.800,5.235,-3.759,-0.053,-8.604
204.097,-59.137,81.676,0.000,33.682,33.800,5.235,-3.759,-0.053,-8.604
204.103,-59.137,81.676,0.000,33.682,33.800,5.235,-3.759,-0.053,-8.604
204.109,-59.137,81.676,0.000,33.682,33.800,5.235,-3.759,-0.053,-8.604
204.114,-59.137,81.676,0.000,33.682,33.800,5.235,-3.759,-0.053,-8.604
204.120,-59.137,81.676,0.000,33.682,33.800,5.235,-3.759,-0.053,-8.604
204.126,-59.137,81.676,0.000,33.682,33.800,5.235,-3.759,-0.053,-8.604
204.132,-59.137,81.676,0.000,33.682,33.800,5.235,-3.759,-0.053,-8.604
204.139,-59.137,81.676,0.000,33.682,33.800,5.235,-3.759,-0.053,-8.604
204.145,-59.137,81.676,0.000,33.682,33.800,5.235,-3.759,-0.053,-8.604
204.151,-59.137,81.676,0.000,33.682,33.800,5.235,-3.759,-0.053,-8.604
204.156,-59.137,81.676,0.000,33.682,33.800,5.235,-3.759,-0.053,-8.604
204.162,-59.137,81.676,0.000,33.682,33.800,5.235,-3.759,-0.053,-8.604
204.168,-59.137,81.676,0.000,33.682,33.800,5.235,-3.759,-0.053,-8.604
204.174,-59.137,81.676,0.000,33.682,33.800,5.235,-3.759,-0.053,-8.604
204.180,-59.137,81.676,0.000,33.682,33.800,5.235,-3.759,-0.053,-8.604
204.186,-59.137,81.676,0.000,33.682,33.800,5.235,-3.759,-0.053,-8.604
204.192,-59.137,81.676,0.000,33.682,33.800,5.235,-3.759,-0.053,-8.604
204.199,-59.137,81.676,0.000,33.682,33.800,5.235,-3.759,-0.053,-8.604
204.204,-59.137,81.676,0.000,33.682,33.800,5.235,-3.759,-0.053,-8.604
204.210,-59.137,81.676,0.000,33.682,33.800,5.235,-3.759,-0.053,-8.604
204.216,-59.137,81.676,0.000,33.682,33.800,5.235,-3.759,-0.053,-8.604
204.222,-59.137,81.676,0.000,33.682,33.800,5.235,-3.759,-0.053,-8.604
204.228,-59.137,81.676,0.000,33.682,33.800,5.235,-3.759,-0.053,-8.604
204.234,-59.137,81.676,0.000,33.682,33.800,5.235,-3.759,-0.053,-8.604
204.240,-59.137,81.676,0.000,33.682,33.800,5.235,-3.759,-0.053,-8.604
204.245,-59.137,81.676,0.000,33.682,33.800,5.235,-3.759,-0.053,-8.604
204.251,-59.137,81.676,0.000,33.682,33.800,5.235,-3.759,-0.053,-8.604
204.257,-59.137,81.676,0.000,33.682,33.800,5.235,-3.759,-0.053,-8.604
204.264,-59.137,81.676,0.000,33.682,33.800,5.235,-3.759,-0.053,-8.604
204.270,-59.137,81.676,0.000,33.682,33.800,5.235,-3.759,-0.053,-8.604
204.275,0.000,-0.297,0.000,1.524,-0.738,1.016,-0.062,-0.000,0.418
204.281,0.000,-0.446,0.000,1.038,-0.465,0.013,-0.042,-0.001,0.181
204.287,0.000,-0.446,0.000,-0.317,0.380,-0.920,0.013,-0.001,-0.129
204.292,0.000,-0.446,0.000,-0.245,0.441,-0.321,0.010,-0.001,-0.076
204.297,0.000,-0.446,0.000,-0.009,1.493,-0.345,0.000,-0.001,-0.018
204.302,0.000,-0.446,0.000,0.426,1.465,-0.516,-0.017,-0.001,0.081
204.307,0.000,-0.446,0.000,0.416,1.059,-1.522,-0.017,-0.001,0.078
204.312,0.000,-0.446,0.000,0.526,0.631,-1.256,-0.021,-0.001,0.066
204.318,0.000,-0.446,0.000,-0.066,0.783,-2.093,0.003,-0.001,-0.067
204.323,0.000,-0.446,0.000,-0.419,0.422,-2.256,0.017,-0.001,-0.127
204.328,0.000,-0.446,0.000,0.073,0.539,-1.251,-0.003,-0.001,0.016
204.333,0.000,-0.446,0.000,0.348,0.405,-1.218,-0.014,-0.001,0.053
204.338,0.000,-0.446,0.000,0.148,0.161,-0.583,-0.006,-0.001,0.006
204.344,0.000,-0.446,0.000,-0.309,0.032,-1.095,0.013,-0.001,-0.078
204.349,0.000,-0.446,0.000,-0.128,0.650,-0.512,0.005,-0.001,-0.019
204.354,0.000,-0.446,0.000,0.783,1.230,0.482,-0.032,-0.001,0.164
204.359,0.000,-0.446,0.000,0.833,0.341,0.094,-0.034,-0.001,0.117
204.364,0.000,-0.446,0.000,0.221,0.191,0.534,-0.009,-0.001,-0.015
204.370,0.000,-0.446,0.000,-0.595,0.480,1.099,0.024,-0.001,-0.167
204.375,0.000,-0.446,0.000,0.184,0.294,0.567,-0.007,-0.001,0.005
204.380,0.000,-0.446,0.000,-0.476,0.247,0.911,0.019,-0.001,-0.127
204.385,0.000,-0.446,0.000,0.337,1.220,1.983,-0.014,-0.001,0.053
204.390,0.000,-0.446,0.000,0.594,0.090,1.544,-0.024,-0.001,0.102
204.395,0.000,-0.446,0.000,0.072,-0.345,1.070,-0.003,-0.001,-0.038
204.400,0.000,-0.446,0.000,-0.903,0.022,-0.156,0.037,-0.001,-0.227
204.406,0.000,-0.446,0.000,-1.338,0.832,-0.334,0.054,-0.001,-0.239
204.411,0.000,-0.446,0.000,-0.925,0.978,0.832,0.037,-0.001,-0.080
204.416,0.000,-0.446,0.000,-0.173,-0.222,1.683,0.007,-0.000,0.083
204.421,0.000,-0.446,0.000,0.347,-0.449,-1.460,-0.014,-0.001,0.153
204.426,0.000,-0.446,0.000,0.168,0.713,-0.577,-0.007,-0.001,0.097
204.432,0.000,-0.446,0.000,0.387,1.589,2.307,-0.016,-0.001,0.118
204.437,0.000,-0.446,0.000,0.889,-0.459,2.215,-0.036,-0.001,0.212
204.442,0.000,-0.446,0.000,0.815,-0.112,-2.632,-0.033,-0.001,0.116
204.447,0.000,-0.446,0.000,-1.030,0.357,-2.031,0.042,-0.001,-0.277
204.452,0.000,-0.446,0.000,-0.918,-0.082,2.081,0.037,-0.001,-0.173
204.457,0.000,-0.446,0.000,0.558,-2.317,1.525,-0.023,-0.001,0.179
204.463,0.000,-0.446,0.000,1.671,-2.871,-2.467,-0.068,-0.001,0.354
204.468,0.000,-0.446,0.000,0.491,-1.260,-2.523,-0.020,-0.001,0.003
204.473,0.000,-0.446,0.000,0.773,-0.190,-0.820,-0.031,-0.001,0.047
204.478,0.000,-0.446,0.000,0.603,-1.784,0.099,-0.024,-0.002,-0.001
204.483,0.000,-0.446,0.000,0.680,-3.068,-1.382,-0.028,-0.002,0.002
204.489,0.000,-0.446,0.000,0.440,-1.748,-0.534,-0.018,-0.002,-0.113
204.494,0.000,-0.446,0.000,-0.824,-0.664,-0.240,0.033,-0.002,-0.307
204.499,0.000,-0.446,0.000,-1.655,-0.589,1.032,0.067,-0.002,-0.359
204.504,0.000,-0.446,0.000,-0.672,-0.877,1.091,0.027,-0.001,-0.026
204.509,0.000,-0.446,0.000,2.457,-2.705,0.076,-0.099,-0.001,0.579
204.514,0.000,-0.446,0.000,3.896,-2.753,-0.966,-0.158,-0.002,0.716
204.519,0.000,-0.446,0.000,2.359,-3.187,-0.198,-0.096,-0.003,0.192
204.525,0.000,-0.446,0.000,-0.106,-1.919,1.389,0.004,-0.003,-0.310
204.530,0.000,-0.446,0.000,-0.010,-2.985,1.615,0.000,-0.003,-0.247
204.535,0.000,-0.446,0.000,0.577,-2.617,2.546,-0.023,-0.004,-0.064
204.540,0.000,-0.446,0.000,0.678,-2.459,2.211,-0.027,-0.004,-0.028
204.545,0.000,-0.446,0.000,0.875,-2.982,2.633,-0.035,-0.004,0.036
204.551,0.000,-0.446,0.000,1.481,-1.964,-0.391,-0.060,-0.004,0.145
204.556,0.000,-0.446,0.000,1.549,-1.447,-0.412,-0.063,-0.005,0.109
204.561,0.000,-0.446,0.000,-0.165,-0.343,-0.417,0.007,-0.005,-0.252
204.566,0.000,-0.446,0.000,0.009,-0.397,-0.483,-0.000,-0.005,-0.147
204.571,0.000,-0.446,0.000,-0.964,1.104,1.477,0.039,-0.004,-0.303
204.577,0.000,-0.446,0.000,0.779,-0.320,0.387,-0.032,-0.005,0.112
204.582,0.000,-0.446,0.000,0.270,0.540,0.287,-0.011,-0.005,0.001
204.587,0.000,-0.446,0.000,1.188,-0.119,-1.166,-0.048,-0.005,0.140
204.592,0.000,-0.446,0.000,-0.705,0.495,-0.209,0.029,-0.005,-0.237
204.597,0.000,-0.446,0.000,-0.141,-0.025,-0.725,0.006,-0.005,-0.105
204.603,0.000,-0.446,0.000,-1.441,-0.078,-0.252,0.058,-0.005,-0.311
204.608,0.000,-0.446,0.000,-0.708,-0.051,-0.842,0.029,-0.004,-0.112
204.613,0.000,-0.446,0.000,0.033,-0.784,-1.042,-0.001,-0.004,0.072
204.618,0.000,-0.446,0.000,-0.603,-1.029,0.099,0.024,-0.004,-0.105
204.624,0.000,-0.446,0.000,-1.287,-1.262,-1.642,0.052,-0.004,-0.222
204.629,0.000,-0.446,0.000,-0.611,-0.341,1.965,0.025,-0.004,-0.049
204.634,0.000,-0.446,0.000,-1.015,-0.025,-1.040,0.041,-0.004,-0.123
204.639,0.000,-0.446,0.000,-1.379,-0.674,-0.739,0.056,-0.003,-0.168
204.645,0.000,-0.446,0.000,-1.451,0.144,1.195,0.059,-0.003,-0.152
204.650,0.000,-0.446,0.000,-2.079,-0.569,-1.374,0.084,-0.003,-0.236
204.655,0.000,-0.446,0.000,-2.356,-0.164,0.835,0.095,-0.002,-0.235
204.660,0.000,-0.446,0.000,-1.043,1.153,-1.273,0.042,-0.002,0.073
204.665,0.000,-0.446,0.000,-1.470,0.965,-0.816,0.060,-0.001,-0.052
204.671,0.000,-0.446,0.000,-1.451,1.397,0.944,0.059,-0.001,-0.017
204.676,0.000,-0.446,0.000,-2.512,1.683,-1.907,0.102,-0.000,-0.221
204.681,0.000,-0.446,0.000,-1.381,0.335,1.404,0.056,0.000,0.052
204.686,0.000,-0.446,0.000,-1.574,0.683,0.185,0.064,0.001,0.057
204.692,0.000,-0.446,0.000,-1.853,0.495,-0.395,0.075,0.001,-0.025
204.697,0.000,-0.446,0.000,-0.939,-0.484,1.431,0.038,0.001,0.164
204.702,0.000,-0.446,0.000,-1.748,0.082,-1.261,0.071,0.002,-0.037
204.707,0.000,-0.446,0.000,-1.004,-0.370,0.098,0.041,0.002,0.067
204.712,0.000,-0.446,0.000,-0.314,-0.989,1.727,0.013,0.002,0.231
204.718,0.000,-0.446,0.000,-1.056,-0.076,0.661,0.043,0.002,0.011
204.723,0.000,-0.446,0.000,0.181,-1.108,2.624,-0.007,0.002,0.216
204.728,0.000,-0.446,0.000,0.677,-0.548,0.527,-0.027,0.002,0.285
204.733,0.000,-0.446,0.000,-0.785,0.178,-1.498,0.032,0.002,-0.126
204.739,0.000,-0.446,0.000,0.002,-0.302,-0.032,-0.000,0.002,0.038
204.744,0.000,-0.446,0.000,-0.917,2.896,-1.787,0.037,0.002,-0.101
204.749,0.000,-0.446,0.000,-1.631,1.925,-2.522,0.066,0.003,-0.268
204.754,0.000,-0.446,0.000,-0.352,0.133,0.905,0.014,0.003,0.066
204.759,0.000,-0.446,0.000,-0.502,1.452,-0.004,0.020,0.003,0.099
204.765,0.000,-0.446,0.000,-0.789,-0.640,0.907,0.032,0.003,-0.040
204.770,0.000,-0.446,0.000,1.590,1.240,1.397,-0.064,0.003,0.470
204.775,0.000,-0.446,0.000,0.281,2.976,-1.457,-0.011,0.003,0.127
204.780,0.000,-0.446,0.000,0.243,0.407,-0.390,-0.010,0.003,0.010
204.786,0.000,-0.446,0.000,2.753,0.713,-0.261,-0.112,0.003,0.582
204.791,0.000,-0.446,0.000,0.147,3.096,-1.338,-0.006,0.002,-0.013
204.796,0.000,-0.446,0.000,-0.035,2.263,-1.406,0.001,0.002,-0.179
204.801,0.000,-0.446,0.000,3.247,2.566,0.710,-0.132,0.002,0.574
204.806,0.000,-0.446,0.000,-0.018,6.047,-1.405,0.001,0.002,-0.108
204.812,0.000,-0.446,0.000,-0.870,3.103,-0.584,0.035,0.001,-0.387
204.817,0.000,-0.446,0.000,3.292,1.438,0.521,-0.133,0.001,0.522
204.822,0.000,-0.446,0.000,1.618,4.382,0.217,-0.066,0.001,0.241
204.828,0.000,-0.595,0.000,-1.066,4.558,-1.396,0.043,0.001,-0.446
204.834,0.000,-0.595,0.000,-1.732,3.336,-1.179,0.070,0.000,-0.646
204.841,0.000,-0.595,0.000,-1.943,1.527,-1.405,0.079,0.000,-0.654
204.847,0.000,-0.595,0.000,-2.572,0.850,-2.370,0.104,0.001,-0.672
204.854,0.000,-0.595,0.000,-1.194,0.611,-2.452,0.048,0.001,-0.221
204.859,0.000,-0.595,0.000,0.839,2.307,-2.001,-0.034,0.001,0.345
204.865,0.000,-0.744,0.000,-0.284,3.455,-0.722,0.011,0.002,0.231
204.871,0.000,-0.744,0.000,-2.148,6.717,-0.723,0.087,0.003,-0.098
204.876,0.000,-0.744,0.000,-3.298,7.178,-2.109,0.134,0.004,-0.333
204.882,0.000,-0.893,0.000,-3.766,1.687,-2.038,0.153,0.004,-0.467
204.887,0.000,-0.893,0.000,-3.501,-1.518,-3.340,0.142,0.005,-0.352
204.892,0.000,-0.893,0.000,-0.985,0.940,-0.872,0.040,0.006,0.335
204.898,0.000,-0.893,0.000,-3.335,6.561,-0.450,0.135,0.007,-0.053
204.903,0.000,-0.893,0.000,-5.041,7.056,-1.085,0.204,0.008,-0.387
204.908,0.000,-1.192,0.000,-7.519,3.647,-4.743,0.305,0.009,-0.929
204.913,0.000,-1.793,0.000,-6.278,-1.450,-3.952,0.254,0.011,-0.475
204.918,0.000,-1.793,0.000,-4.141,-1.466,-3.305,0.168,0.012,0.103
204.924,0.000,-1.944,0.000,-3.304,-0.777,-0.477,0.134,0.014,0.355
204.929,0.000,-1.944,0.000,-3.254,4.452,-0.291,0.132,0.015,0.308
204.935,0.000,-1.944,0.000,-5.520,9.268,-0.314,0.224,0.016,-0.204
204.940,0.000,-1.944,0.000,-8.167,7.844,0.605,0.331,0.018,-0.607
204.946,0.000,-2.553,0.000,-5.515,5.877,-0.318,0.223,0.020,-0.006
204.951,0.000,-2.706,0.000,-7.092,7.041,-2.305,0.287,0.021,-0.342
204.957,0.000,-2.706,0.000,-8.750,5.533,-3.671,0.354,0.024,-0.583
204.962,0.000,-2.706,0.000,-11.669,2.777,-5.173,0.473,0.026,-1.020
204.968,0.000,-3.325,0.000,-13.897,0.072,-5.965,0.563,0.030,-1.186
204.973,0.000,-3.325,0.000,-13.437,-1.179,-3.872,0.544,0.034,-0.825
204.979,0.000,-3.325,0.000,-11.106,1.781,-2.597,0.450,0.037,-0.214
204.984,0.000,-3.325,0.000,-10.277,3.510,0.112,0.416,0.040,0.003
204.990,0.000,-4.114,0.000,-7.362,7.299,2.082,0.298,0.042,0.530
204.995,0.000,-4.114,0.000,-7.568,11.569,-0.349,0.307,0.044,0.355
205.001,0.000,-4.114,0.000,-9.114,14.084,-3.546,0.369,0.046,-0.008
205.006,0.000,-5.089,0.000,-9.180,13.967,-5.854,0.372,0.049,0.021
205.012,0.000,-5.089,0.000,-6.694,13.052,-7.814,0.271,0.051,0.469
205.017,0.000,-5.089,0.000,-7.559,11.451,-7.085,0.306,0.053,0.166
205.022,0.000,-5.089,0.000,-8.164,7.964,-6.597,0.331,0.055,0.017
205.028,0.000,-5.089,0.000,-9.199,4.496,-4.440,0.373,0.058,-0.202
205.034,0.000,-5.089,0.000,-7.579,1.365,0.068,0.307,0.060,0.118
205.039,0.000,-6.446,0.000,-6.542,-2.423,-0.538,0.265,0.061,0.263
205.045,0.000,-6.974,0.000,-6.485,-6.058,0.044,0.263,0.063,0.216
205.050,0.000,-7.153,0.000,-6.225,-8.728,0.180,0.252,0.065,0.219
205.056,0.000,-7.153,0.000,-6.673,-10.917,-0.218,0.270,0.067,0.110
205.061,0.000,-7.153,0.000,-7.911,-6.351,-0.260,0.320,0.069,-0.132
205.067,0.000,-7.153,0.000,-8.986,-6.143,-0.460,0.364,0.071,-0.275
205.072,0.000,-7.153,0.000,-11.292,-5.520,0.907,0.457,0.074,-0.596
205.078,0.000,-7.333,0.000,-14.303,-2.491,2.244,0.579,0.078,-0.953
205.083,0.000,-7.333,0.000,-15.719,0.335,3.088,0.637,0.083,-0.938
205.089,0.000,-7.333,0.000,-17.745,6.105,2.786,0.719,0.088,-0.992
205.094,0.000,-7.333,0.000,-17.513,10.997,2.882,0.709,0.093,-0.596
205.099,0.000,-7.333,0.000,-16.950,15.297,1.609,0.686,0.098,-0.268
205.105,0.000,-7.333,0.000,-17.596,16.911,0.268,0.713,0.103,-0.235
205.111,0.000,-7.333,0.000,-19.092,18.493,0.271,0.773,0.108,-0.362
205.116,0.149,-7.698,0.000,-20.971,20.957,-0.545,0.855,0.114,-0.532
205.121,0.297,-7.698,0.000,-21.119,17.164,-0.092,0.867,0.120,-0.365
205.127,0.297,-7.698,0.000,-20.578,15.714,0.332,0.845,0.127,-0.102
205.133,0.297,-7.698,0.000,-22.231,10.719,1.104,0.912,0.133,-0.303
205.139,0.297,-8.069,0.000,-22.007,9.695,1.486,0.903,0.140,-0.137
205.145,0.297,-8.446,0.000,-25.131,7.116,1.203,1.030,0.147,-0.653
205.151,0.297,-8.446,0.000,-27.910,4.176,0.879,1.142,0.155,-0.979
205.157,0.297,-8.446,0.000,-27.815,-0.218,-1.628,1.139,0.164,-0.776
205.163,0.446,-10.849,0.000,-25.406,-3.672,-2.897,1.047,0.171,-0.177
205.168,0.446,-10.849,0.000,-22.708,-2.457,-4.561,0.938,0.179,0.377
205.174,0.446,-10.849,0.000,-22.769,-4.431,-4.987,0.940,0.185,0.301
205.180,0.446,-10.849,0.000,-21.990,-4.109,-3.981,0.909,0.192,0.434
205.186,0.595,-12.155,0.000,-20.049,-5.875,-3.104,0.836,0.199,0.685
205.192,0.595,-12.836,0.000,-16.534,-4.509,-1.108,0.694,0.204,1.131
205.198,0.595,-12.836,0.000,-15.405,-6.313,0.994,0.648,0.210,1.085
205.204,0.595,-12.836,0.000,-12.005,-9.034,2.352,0.510,0.214,1.481
205.210,0.744,-14.262,0.000,-8.244,-9.596,2.506,0.364,0.218,1.767
205.217,0.744,-14.262,0.000,-9.344,-7.929,1.660,0.409,0.221,1.165
205.223,0.744,-14.262,0.000,-9.570,-2.477,-0.356,0.418,0.224,0.852
205.230,1.492,-15.261,0.000,-8.989,-1.175,-0.325,0.424,0.227,0.669
205.236,1.793,-15.518,0.000,-10.578,0.710,-1.527,0.501,0.231,0.233
205.243,1.793,-15.518,0.000,-11.277,-1.349,-0.799,0.529,0.235,0.067
205.249,1.793,-15.518,0.000,-14.186,-1.745,-0.109,0.647,0.240,-0.336
205.256,2.248,-16.839,0.000,-15.743,-2.595,-0.865,0.729,0.246,-0.441
205.262,2.400,-17.112,0.000,-18.504,-3.569,-0.891,0.847,0.253,-0.742
205.268,2.400,-17.112,0.000,-21.940,-2.874,-1.440,0.986,0.260,-1.131
205.274,2.400,-17.112,0.000,-24.751,-1.332,-1.451,1.100,0.267,-1.316
205.280,2.400,-17.112,0.000,-27.504,-1.653,-0.903,1.211,0.276,-1.462
205.286,2.400,-17.112,0.000,-29.908,-2.925,-1.202,1.308,0.285,-1.542
205.292,2.400,-17.112,0.000,-29.617,-3.560,-0.744,1.297,0.295,-1.138
205.298,2.400,-17.112,0.000,-28.509,-5.610,0.497,1.252,0.304,-0.692
205.304,2.400,-17.112,0.000,-26.979,-8.498,1.424,1.190,0.313,-0.285
205.310,4.275,-18.518,0.000,-24.622,-14.524,2.255,1.170,0.323,0.188
205.317,4.275,-18.518,0.000,-24.968,-14.576,1.216,1.184,0.332,0.123
205.323,5.255,-18.518,0.000,-23.674,-7.188,0.393,1.172,0.342,0.255
205.330,5.421,-18.808,0.000,-22.800,-0.683,-1.644,1.143,0.350,0.312
205.336,5.421,-18.808,0.000,-21.494,2.437,-2.020,1.090,0.350,0.443
205.342,5.421,-18.808,0.000,-16.889,-0.418,0.242,0.904,0.350,1.008
205.349,5.421,-18.808,0.000,-11.549,-8.954,2.601,0.687,0.350,1.669
205.355,5.928,-18.518,0.000,-11.507,-8.298,-0.425,0.706,0.350,1.234
205.362,5.928,-18.518,0.000,-7.994,-4.374,-4.655,0.564,0.350,1.472
205.368,5.928,-18.518,0.000,-4.977,0.038,-4.430,0.442,0.350,1.494
205.375,6.272,-18.518,0.000,-2.992,3.167,-0.433,0.375,0.350,1.430
205.381,6.797,-18.518,0.000,-4.638,1.013,2.716,0.463,0.350,0.831
205.388,6.797,-18.518,0.000,-3.621,-1.431,1.823,0.422,0.350,0.851
205.395,6.797,-18.518,0.000,-6.728,-1.285,-0.089,0.548,0.350,0.142
205.401,6.797,-18.518,0.000,-5.613,0.352,-1.569,0.503,0.350,0.284
205.408,8.256,-18.231,0.000,-7.947,1.460,-1.766,0.656,0.350,-0.132
205.415,8.256,-18.231,0.000,-8.023,-4.232,-0.218,0.659,0.350,-0.151
205.421,9.615,-17.947,0.000,-8.317,-9.609,-1.109,0.726,0.350,-0.131
205.428,9.615,-17.947,0.000,-7.715,-13.572,-2.183,0.702,0.350,-0.002
205.434,9.615,-17.947,0.000,-6.226,-14.167,-1.592,0.642,0.350,0.203
205.441,9.615,-17.947,0.000,-5.663,-11.846,0.550,0.619,0.350,0.250
205.448,9.615,-17.947,0.000,-2.553,-11.010,1.773,0.493,0.350,0.739
205.454,10.639,-17.387,0.000,-2.079,-13.795,2.842,0.515,0.350,0.614
205.461,10.639,-17.387,0.000,1.317,-15.182,1.218,0.378,0.350,1.021
205.467,10.639,-17.387,0.000,0.646,-16.329,-0.222,0.405,0.350,0.651
205.474,10.639,-17.387,0.000,4.496,-15.416,-0.918,0.249,0.350,1.074
205.480,10.639,-17.387,0.000,6.261,-11.701,-1.904,0.177,0.350,1.045
205.487,14.757,-16.839,0.000,8.301,-11.118,-0.327,0.261,0.350,1.120
205.494,14.757,-16.839,0.000,8.599,-14.095,2.497,0.249,0.350,0.842
205.500,14.757,-16.839,0.000,8.959,-14.525,1.076,0.235,0.350,0.704
205.507,14.757,-16.839,0.000,7.814,-15.053,-1.017,0.281,0.350,0.339
205.513,17.666,-16.302,0.000,9.122,-12.622,-2.402,0.346,0.350,0.454
205.520,18.231,-16.569,0.000,8.192,-10.272,-2.182,0.407,0.350,0.195
205.526,18.231,-16.569,0.000,8.984,-7.346,-0.816,0.375,0.350,0.278
205.533,18.231,-16.569,0.000,8.488,-7.345,1.894,0.395,0.350,0.112
205.540,18.231,-16.569,0.000,9.620,-10.179,2.754,0.349,0.350,0.241
205.546,18.808,-17.947,-1.000,8.940,-11.975,1.540,0.400,0.350,0.069
205.553,18.808,-17.947,-1.000,9.897,-8.878,1.172,0.361,0.350,0.209
205.559,18.808,-17.947,-1.000,11.562,-8.774,2.465,0.293,0.350,0.449
205.565,18.808,-17.947,-1.000,11.217,-7.652,1.331,0.307,0.350,0.348
205.572,19.697,-17.112,-1.000,10.727,-6.640,1.434,0.363,0.350,0.202
205.578,20.306,-17.387,-1.000,7.394,-2.849,0.098,0.523,0.350,-0.416
205.585,20.306,-17.387,-1.000,11.479,-3.411,-0.563,0.357,0.350,0.266
205.591,22.538,-16.569,-6.000,13.267,-7.799,-0.728,0.375,0.350,0.612
205.598,22.538,-16.569,-6.000,9.941,-2.452,-2.193,0.510,0.350,-0.021
205.605,23.546,-16.569,-9.000,11.675,0.156,-2.461,0.481,0.350,0.229
205.611,23.546,-16.569,-9.000,13.090,-4.307,-1.370,0.423,0.350,0.350
205.618,23.546,-16.569,-9.000,17.694,-12.693,-1.965,0.237,0.350,1.022
205.624,24.587,-14.018,-11.000,14.237,-9.213,-3.884,0.419,0.350,0.292
205.631,24.587,-14.018,-11.000,15.319,-4.274,-6.828,0.375,0.350,0.337
205.637,24.587,-14.018,-11.000,18.586,-8.112,-7.057,0.243,0.350,0.729
205.644,24.587,-14.018,-11.000,21.741,-9.698,-6.760,0.115,0.350,1.064
205.650,25.660,-13.068,-11.000,21.296,-7.466,-7.954,0.177,0.350,0.732
205.657,25.660,-13.068,-11.000,27.148,-6.261,-7.452,-0.060,0.350,1.475
205.663,25.660,-12.155,-11.000,28.987,-7.228,-5.441,-0.135,0.349,1.436
205.670,25.660,-12.155,-11.000,30.661,-7.072,-7.402,-0.203,0.347,1.296
205.676,26.395,-11.493,-11.000,34.213,-5.341,-6.872,-0.317,0.345,1.435
205.683,26.395,-11.493,-11.000,37.464,-5.458,-8.912,-0.448,0.342,1.661
205.690,26.395,-11.493,-11.000,34.558,-3.286,-10.502,-0.331,0.339,0.775
205.696,26.395,-11.493,-11.000,37.419,-2.461,-8.404,-0.446,0.335,0.938
205.703,27.911,-10.639,-10.000,43.009,-5.755,-7.947,-0.611,0.331,1.586
205.709,27.911,-10.639,-12.000,37.995,-2.148,-8.683,-0.408,0.328,0.490
205.716,28.300,-10.224,-10.000,34.990,2.702,-8.673,-0.271,0.325,-0.125
205.722,28.300,-10.224,-10.000,37.734,0.259,-7.778,-0.382,0.322,0.271
205.729,28.300,-10.224,-10.000,41.389,-5.646,-7.667,-0.530,0.318,0.782
205.735,28.300,-10.224,-10.000,37.095,-6.200,-7.136,-0.356,0.315,-0.003
205.742,28.300,-10.224,-10.000,34.813,-0.357,-8.412,-0.264,0.312,-0.398
205.748,28.300,-10.224,-10.000,36.493,1.204,-9.366,-0.332,0.310,-0.044
205.755,28.300,-8.069,-9.000,39.887,-4.437,-8.089,-0.469,0.306,0.499
205.761,28.300,-8.069,-9.000,35.525,-3.673,-5.675,-0.293,0.304,-0.282
205.768,28.300,-8.069,-9.000,37.013,1.508,-6.465,-0.353,0.301,-0.030
205.774,28.300,-8.069,-9.000,38.059,0.686,-7.730,-0.395,0.298,0.181
205.781,28.300,-8.069,-9.000,36.715,0.846,-7.621,-0.341,0.295,-0.078
205.787,28.300,-7.883,-11.000,38.891,2.499,-8.809,-0.429,0.291,0.257
205.794,28.300,-7.698,-13.000,39.879,2.230,-9.498,-0.469,0.288,0.423
205.800,28.300,-7.698,-13.000,37.897,4.312,-10.514,-0.389,0.285,0.061
205.806,28.300,-7.883,-15.000,37.833,5.097,-9.710,-0.386,0.282,0.018
205.813,28.300,-7.698,-18.000,39.767,3.825,-8.434,-0.464,0.278,0.216
205.819,28.300,-7.698,-18.000,42.599,-1.287,-7.496,-0.579,0.275,0.711
205.826,28.300,-8.069,-19.000,41.132,-0.838,-9.435,-0.520,0.270,0.341
205.832,28.300,-8.069,-19.000,42.442,0.290,-10.197,-0.573,0.265,0.376
205.839,28.300,-8.069,-19.000,45.952,-4.588,-9.220,-0.715,0.260,0.825
205.845,28.300,-8.069,-24.000,47.725,-7.174,-9.327,-0.787,0.255,1.014
205.852,28.300,-8.069,-24.000,43.546,-3.434,-11.741,-0.617,0.249,0.060
205.858,28.300,-8.069,-24.000,48.459,-6.248,-11.564,-0.816,0.243,0.795
205.865,28.300,-8.069,-24.000,48.984,-6.094,-13.211,-0.838,0.237,0.768
205.871,28.300,-8.069,-32.000,44.916,-0.480,-16.466,-0.673,0.230,-0.084
205.878,28.300,-8.069,-32.000,46.649,-1.107,-14.097,-0.743,0.224,0.106
205.885,28.300,-8.069,-32.000,48.607,-8.145,-14.415,-0.822,0.218,0.442
205.891,27.911,-9.219,-39.000,40.650,1.952,-18.229,-0.516,0.213,-0.877
205.898,27.911,-9.219,-39.000,42.480,5.660,-21.095,-0.590,0.209,-0.405
205.904,27.911,-9.219,-39.000,41.481,6.578,-20.100,-0.550,0.204,-0.439
205.911,27.911,-9.219,-39.000,35.305,12.909,-20.296,-0.299,0.201,-1.290
205.917,25.660,-9.615,-40.000,37.053,13.694,-21.733,-0.461,0.197,-0.774
205.924,24.236,-9.416,-40.000,37.701,13.044,-24.055,-0.545,0.194,-0.337
205.930,24.236,-9.416,-40.000,32.145,19.696,-25.556,-0.320,0.190,-1.116
205.937,20.306,-9.416,-41.000,34.617,16.036,-26.803,-0.580,0.187,-0.466
205.944,17.387,-9.416,-40.000,31.752,21.015,-26.680,-0.582,0.182,-0.798
205.950,17.387,-9.416,-40.000,31.515,20.346,-25.716,-0.572,0.178,-0.652
205.957,17.387,-9.416,-40.000,30.949,14.662,-30.253,-0.549,0.173,-0.596
205.963,13.068,-9.615,-40.000,27.945,16.135,-30.020,-0.602,0.168,-0.893
205.970,10.019,-9.816,-40.000,26.908,18.142,-31.485,-0.684,0.162,-0.870
205.976,9.219,-9.615,-40.000,28.362,12.599,-29.506,-0.775,0.157,-0.385
205.983,6.797,-9.816,-40.000,25.499,11.832,-31.184,-0.757,0.151,-0.669
205.989,4.760,-9.816,-40.000,24.014,12.820,-32.021,-0.780,0.144,-0.827
205.996,4.760,-9.816,-40.000,25.412,11.088,-31.642,-0.836,0.138,-0.408
206.003,4.760,-9.816,-40.000,24.711,8.793,-32.698,-0.808,0.131,-0.424
206.009,0.744,-9.816,-37.000,21.937,8.544,-33.771,-0.858,0.124,-0.725
206.015,0.149,-9.816,-37.000,21.428,9.924,-32.252,-0.862,0.117,-0.739
206.021,0.000,-9.816,-35.000,21.117,6.915,-30.088,-0.855,0.111,-0.716
206.026,0.000,-9.816,-35.000,21.036,3.107,-29.758,-0.852,0.105,-0.672
206.032,0.000,-9.615,-30.000,18.921,3.729,-30.688,-0.766,0.099,-0.972
206.037,0.000,-11.062,-29.000,18.300,3.987,-30.196,-0.741,0.094,-0.866
206.043,0.000,-11.062,-29.000,19.047,4.478,-28.668,-0.771,0.089,-0.494
206.048,0.000,-11.276,-29.000,18.726,3.634,-27.465,-0.758,0.084,-0.440
206.054,0.000,-11.711,-29.000,14.876,3.541,-27.933,-0.602,0.079,-1.027
206.059,0.000,-13.302,-29.000,13.495,1.115,-28.304,-0.547,0.075,-1.001
206.065,0.000,-13.302,-29.000,13.635,-1.939,-27.283,-0.552,0.072,-0.776
206.070,0.000,-13.302,-29.000,9.729,-0.658,-28.757,-0.394,0.069,-1.313
206.075,0.000,-13.302,-29.000,11.572,0.035,-26.773,-0.469,0.066,-0.620
206.081,0.000,-13.302,-29.000,10.946,3.233,-24.633,-0.443,0.063,-0.569
206.086,0.000,-16.038,-29.000,8.311,7.597,-23.366,-0.337,0.060,-0.877
206.092,0.000,-16.302,-29.000,10.153,7.286,-23.851,-0.411,0.058,-0.321
206.098,0.000,-16.302,-29.000,10.403,4.399,-23.867,-0.421,0.055,-0.206
206.103,0.000,-16.302,-29.000,7.281,3.972,-25.490,-0.295,0.052,-0.779
206.109,0.000,-16.302,-29.000,8.096,1.182,-25.387,-0.328,0.050,-0.458
206.114,0.000,-17.666,-27.000,10.312,6.370,-30.964,-0.418,0.047,0.071
206.119,0.000,-17.666,-27.000,11.967,8.119,-31.763,-0.485,0.044,0.396
206.125,0.000,-17.666,-27.000,11.893,7.003,-31.044,-0.482,0.041,0.323
206.130,0.000,-17.666,-27.000,10.360,4.257,-30.049,-0.420,0.038,-0.053
206.136,0.000,-17.112,-23.000,9.054,2.323,-27.345,-0.367,0.036,-0.327
206.141,0.000,-17.112,-23.000,10.099,0.782,-26.715,-0.409,0.033,-0.135
206.147,0.000,-17.112,-23.000,10.320,2.014,-27.177,-0.418,0.030,-0.089
206.152,0.000,-16.302,-19.000,10.937,0.541,-26.579,-0.443,0.027,0.130
206.158,0.000,-16.302,-19.000,11.606,-2.891,-23.464,-0.470,0.024,0.251
206.163,0.000,-17.387,-19.000,10.601,-6.540,-20.302,-0.429,0.021,0.081
206.169,0.000,-17.387,-19.000,8.441,-6.451,-19.486,-0.342,0.019,-0.244
206.174,0.000,-17.387,-19.000,7.983,-2.004,-19.908,-0.323,0.017,-0.254
206.180,0.000,-17.387,-19.000,5.066,5.599,-20.393,-0.205,0.015,-0.735
206.185,0.000,-17.112,-18.000,3.564,10.282,-20.794,-0.144,0.014,-0.872
206.191,0.000,-17.112,-18.000,2.349,11.908,-21.928,-0.095,0.013,-0.938
206.196,0.000,-17.112,-18.000,2.677,9.371,-24.535,-0.108,0.012,-0.745
206.202,0.000,-17.112,-18.000,1.151,6.409,-26.441,-0.047,0.011,-0.882
206.207,0.000,-17.112,-18.000,2.221,4.057,-26.725,-0.090,0.011,-0.429
206.213,0.000,-17.112,-18.000,4.977,3.650,-25.007,-0.202,0.010,0.172
206.218,0.000,-17.112,-18.000,4.906,4.971,-21.275,-0.199,0.009,0.173
206.224,0.000,-16.839,-19.000,2.899,5.076,-17.587,-0.117,0.008,-0.185
206.229,0.000,-16.839,-17.000,5.269,0.916,-13.270,-0.213,0.007,0.349
206.235,0.000,-16.839,-17.000,6.486,-2.272,-9.903,-0.263,0.005,0.542
206.240,0.000,-16.839,-17.000,6.199,-2.201,-10.773,-0.251,0.004,0.398
206.246,0.000,-16.839,-16.000,5.359,3.665,-15.565,-0.217,0.002,0.131
206.251,0.000,-16.569,-15.000,5.128,6.593,-18.510,-0.208,0.001,0.045
206.257,0.000,-16.569,-15.000,4.693,9.159,-20.407,-0.190,-0.001,-0.097
206.262,0.000,-16.569,-15.000,3.187,10.119,-20.347,-0.129,-0.002,-0.417
206.268,0.000,-16.839,-11.000,1.468,7.889,-19.780,-0.059,-0.003,-0.669
206.273,0.000,-16.839,-11.000,1.133,3.552,-17.774,-0.046,-0.003,-0.574
206.279,0.000,-16.569,-10.000,1.549,0.392,-14.648,-0.063,-0.004,-0.390
206.284,0.000,-16.569,-10.000,1.816,0.199,-12.560,-0.074,-0.004,-0.250
206.290,0.000,-16.569,-10.000,0.900,2.439,-13.110,-0.036,-0.004,-0.357
206.295,0.000,-16.569,-10.000,0.875,6.440,-14.384,-0.035,-0.004,-0.240
206.301,0.000,-16.839,-11.000,-0.067,8.739,-15.685,0.003,-0.004,-0.302
206.306,0.000,-16.839,-11.000,-0.762,10.047,-15.784,0.031,-0.004,-0.340
206.312,0.000,-16.839,-11.000,-1.715,11.399,-14.010,0.069,-0.004,-0.421
206.317,0.000,-16.839,-11.000,-1.806,12.425,-12.099,0.073,-0.003,-0.353
206.323,0.000,-17.112,-11.000,-1.730,10.406,-11.191,0.070,-0.003,-0.262
206.328,0.000,-17.112,-11.000,-0.765,8.055,-12.437,0.031,-0.002,-0.052
206.334,0.000,-17.112,-11.000,0.520,8.753,-12.065,-0.021,-0.002,0.222
206.339,0.000,-17.112,-12.000,2.136,7.000,-11.179,-0.086,-0.003,0.508
206.345,0.000,-17.387,-11.000,2.401,3.488,-10.594,-0.097,-0.003,0.508
206.350,0.000,-17.387,-11.000,2.311,1.036,-9.248,-0.094,-0.003,0.449
206.356,0.000,-17.387,-11.000,2.935,-0.906,-8.403,-0.119,-0.003,0.575
206.361,0.000,-17.387,-11.000,2.206,-1.549,-8.510,-0.089,-0.004,0.428
206.366,0.000,-18.518,-12.000,2.863,-2.671,-9.606,-0.116,-0.004,0.598
206.372,0.000,-18.518,-12.000,2.602,-2.606,-10.244,-0.105,-0.004,0.540
206.378,0.000,-18.518,-12.000,5.103,-6.000,-9.825,-0.207,-0.005,1.013
206.383,0.000,-18.518,-12.000,3.790,-5.167,-9.272,-0.153,-0.005,0.621
206.389,0.000,-18.518,-12.000,3.708,-2.240,-9.427,-0.150,-0.006,0.522
206.394,-0.149,-18.808,-12.000,4.971,-0.700,-5.464,-0.207,-0.007,0.732
206.399,-0.149,-18.808,-12.000,4.824,-1.193,-5.585,-0.201,-0.008,0.569
206.404,-0.149,-18.808,-12.000,4.493,1.263,-6.193,-0.188,-0.009,0.401
206.409,-0.149,-18.808,-12.000,1.359,3.338,-9.708,-0.061,-0.010,-0.292
206.415,-0.595,-18.518,-13.000,-0.874,4.112,-12.201,0.011,-0.010,-0.582
206.421,-0.595,-18.518,-13.000,-2.204,5.842,-13.966,0.065,-0.011,-0.738
206.427,-0.595,-18.518,-13.000,-3.475,6.830,-11.837,0.117,-0.010,-0.858
206.433,-0.595,-18.518,-13.000,-6.836,9.802,-9.338,0.253,-0.009,-1.237
206.439,-1.793,-20.306,-11.000,-8.295,9.898,-8.025,0.263,-0.007,-1.168
206.446,-2.248,-20.306,-11.000,-10.819,7.955,-6.585,0.347,-0.004,-1.234
206.452,-2.248,-20.306,-11.000,-13.627,6.686,-7.194,0.461,-0.000,-1.337
206.459,-2.248,-20.306,-11.000,-12.827,7.041,-7.363,0.428,0.003,-0.935
206.465,-2.248,-20.306,-11.000,-11.339,2.252,-5.396,0.368,0.007,-0.407
206.472,-6.797,-20.927,-8.000,-14.147,3.443,-5.510,0.298,0.009,-0.700
206.478,-6.797,-20.927,-8.000,-13.192,12.304,-6.011,0.259,0.011,-0.385
206.485,-6.797,-20.927,-8.000,-11.797,14.063,-7.726,0.202,0.013,-0.093
206.492,-19.697,-22.209,-9.000,-8.746,10.414,-8.681,-0.444,0.013,0.442
206.498,-25.660,-22.209,-10.000,-8.930,8.595,-8.048,-0.678,0.009,0.343
206.505,-25.660,-22.209,-10.000,-6.644,6.602,-6.126,-0.770,0.002,0.572
206.511,-25.660,-22.209,-10.000,-3.047,1.808,-3.964,-0.916,-0.005,0.994
206.518,-61.190,-21.243,-9.000,-2.340,-4.107,-3.309,-2.383,-0.024,0.906
206.525,-71.843,-20.615,-9.000,-4.964,-4.954,-5.046,-2.709,-0.045,0.291
206.531,-91.513,-20.615,-9.000,-6.252,-3.170,-7.823,-3.453,-0.071,-0.045
206.538,-91.513,-20.615,-9.000,-8.507,-4.207,-9.537,-3.362,-0.099,-0.424
206.544,-130.112,-19.697,-10.000,-12.067,-7.627,-7.909,-4.781,-0.129,-0.837
206.551,-130.112,-19.697,-10.000,-18.708,-13.616,-6.465,-4.512,-0.167,-1.599
206.558,-136.740,-19.697,-10.000,-25.113,-13.644,-6.816,-4.521,-0.205,-2.212
206.564,-136.740,-19.697,-10.000,-33.712,-12.013,-7.095,-4.173,-0.239,-2.998
206.571,-145.044,-19.697,-10.000,-40.956,-9.338,-6.578,-4.216,-0.273,-3.337
206.577,-146.466,-19.697,-10.000,-51.531,-7.228,-8.357,-3.845,-0.305,-4.135
206.584,-146.466,-20.000,-10.000,-62.019,-4.926,-9.268,-3.420,-0.334,-4.751
206.590,-146.466,-20.000,-10.000,-72.280,-1.291,-6.946,-3.005,-0.350,-5.193
206.597,-146.466,-20.000,-10.000,-81.014,-0.125,-4.396,-2.651,-0.350,-5.266
206.604,-146.466,-19.697,-10.000,-89.039,-1.001,-4.382,-2.326,-0.350,-5.195
206.610,-146.466,-20.000,-10.000,-95.545,-1.329,-4.296,-2.062,-0.350,-4.901
206.617,-146.466,-19.697,-10.000,-101.660,-1.280,-5.151,-1.815,-0.350,-4.652
206.623,-146.466,-19.697,-10.000,-105.168,1.311,-7.756,-1.673,-0.350,-4.049
206.630,-146.466,-19.697,-10.000,-106.873,-1.207,-7.296,-1.604,-0.350,-3.257
206.636,-145.044,-19.102,-10.000,-109.194,-4.358,-7.164,-1.452,-0.350,-2.773
206.643,-145.044,-19.102,-10.000,-111.622,-4.777,-9.052,-1.354,-0.350,-2.465
206.650,-145.044,-18.231,-10.000,-112.020,-2.954,-8.192,-1.337,-0.350,-1.971
206.656,-139.465,-18.231,-10.000,-110.777,-1.136,-6.788,-1.162,-0.350,-1.326
206.663,-131.417,-16.038,-10.000,-111.100,-3.067,-3.719,-0.823,-0.350,-0.977
206.669,-126.260,-13.539,-10.000,-110.705,-4.463,-3.684,-0.630,-0.350,-0.584
206.675,-126.260,-13.539,-10.000,-112.940,-3.454,-6.296,-0.539,-0.350,-0.800
206.682,-126.260,-13.539,-10.000,-112.770,1.093,-7.240,-0.546,-0.350,-0.626
206.688,-95.509,-13.302,-10.000,-113.263,1.739,-7.181,0.719,-0.344,-0.571
206.695,-66.347,-11.932,-10.000,-114.185,0.239,-7.632,1.937,-0.329,-0.544
206.701,-66.347,-11.932,-10.000,-117.244,-0.809,-7.303,2.061,-0.313,-0.848
206.707,-34.642,-10.430,-9.000,-120.219,3.081,-8.223,3.466,-0.293,-1.131
206.714,-23.546,-10.019,-8.000,-120.757,6.801,-8.262,3.937,-0.264,-0.985
206.720,-23.546,-10.019,-8.000,-121.033,4.874,-6.596,3.948,-0.233,-0.799
206.727,-23.546,-10.019,-8.000,-119.789,2.657,-4.761,3.898,-0.200,-0.321
206.734,-23.546,-10.019,-8.000,-118.261,0.047,-4.821,3.836,-0.168,0.081
206.740,-11.276,-7.515,-5.000,-116.065,-0.738,-5.730,4.244,-0.135,0.363
206.747,-9.615,-7.333,-4.000,-110.398,0.397,-5.067,4.082,-0.102,1.110
206.753,-9.615,-7.333,-4.000,-104.394,-2.410,-4.209,3.839,-0.070,1.843
206.760,-9.615,-7.333,-4.000,-99.511,-2.607,-5.922,3.641,-0.040,2.209
206.766,-9.615,-7.333,-4.000,-93.796,0.923,-5.581,3.409,-0.012,2.463
206.773,-4.598,-6.974,-1.000,-84.298,0.561,-3.643,3.228,0.015,3.229
206.779,-2.553,-6.797,-1.000,-76.716,-5.167,-3.041,3.004,0.041,3.685
206.786,-2.553,-6.797,-1.000,-73.368,-7.420,-2.610,2.868,0.064,3.330
206.792,-2.553,-6.797,-1.000,-69.841,-2.494,-3.700,2.725,0.087,3.016
206.799,-2.553,-6.797,-1.000,-64.691,-1.803,-1.825,2.517,0.107,3.018
206.806,-2.553,-6.797,-1.000,-61.698,-0.215,-1.746,2.395,0.127,2.716
206.812,-2.553,-6.797,-1.000,-59.164,-0.347,0.446,2.293,0.146,2.431
206.819,-2.553,-6.797,-1.000,-57.993,-1.565,0.908,2.245,0.164,1.990
206.825,0.000,-2.860,-1.000,-56.891,-0.778,2.280,2.304,0.181,1.654
206.830,0.000,-2.860,-1.000,-57.258,0.639,2.912,2.319,0.196,1.140
206.836,0.000,-2.860,-1.000,-57.161,0.835,3.307,2.315,0.212,0.811
206.841,0.000,-2.553,-1.000,-56.785,2.169,2.173,2.300,0.227,0.616
206.846,0.000,-2.553,-1.000,-56.048,1.607,-0.694,2.270,0.242,0.539
206.852,0.000,-2.706,-1.000,-55.675,0.548,-1.616,2.255,0.257,0.401
206.857,0.000,-2.706,-1.000,-54.753,-1.930,-1.471,2.217,0.271,0.367
206.863,0.000,-2.553,-1.000,-55.631,-2.184,-0.611,2.253,0.287,0.005
206.868,0.000,-2.553,-1.000,-56.038,-1.385,0.635,2.270,0.301,-0.160
206.874,0.000,-2.553,-1.000,-55.759,0.472,2.588,2.258,0.316,-0.121
206.879,0.000,-2.553,-1.000,-53.772,1.022,1.933,2.178,0.331,0.209
206.885,0.000,-1.793,-1.000,-51.226,-0.767,3.300,2.075,0.344,0.546
206.890,0.000,-1.793,-1.000,-50.187,-1.955,2.208,2.033,0.350,0.509
206.895,0.000,-1.793,-1.000,-50.853,0.002,1.323,2.060,0.350,0.142
206.900,0.000,-1.793,-1.000,-47.082,1.794,3.098,1.907,0.350,0.731
206.905,0.000,-1.793,-1.000,-45.763,3.218,1.474,1.853,0.350,0.630
206.911,0.000,-1.793,-1.000,-42.176,2.651,0.928,1.708,0.350,1.066
206.916,0.000,-1.492,-1.000,-40.516,0.939,0.158,1.641,0.350,1.067
206.921,0.000,-1.492,-1.000,-39.258,-1.851,-0.452,1.590,0.350,0.963
206.927,0.000,-1.492,-1.000,-38.482,-5.284,1.217,1.559,0.350,0.768
206.932,0.000,-1.492,-1.000,-36.106,-2.486,2.504,1.462,0.350,0.922
206.938,0.000,-1.492,-1.000,-32.395,0.071,3.498,1.312,0.350,1.309
206.943,0.000,-1.492,-1.000,-29.147,3.417,5.321,1.180,0.350,1.501
206.949,-0.297,-1.793,-1.000,-26.589,6.587,4.427,1.065,0.350,1.496
206.955,-0.297,-1.793,-1.000,-25.068,8.408,1.876,1.003,0.350,1.296
206.961,-2.248,-1.192,-1.000,-23.064,10.193,0.721,0.843,0.350,1.271
206.967,-2.248,-1.192,-1.000,-19.758,11.162,0.202,0.709,0.350,1.512
206.973,-3.482,-1.043,-1.000,-16.654,11.882,1.571,0.533,0.350,1.674
206.980,-3.482,-1.043,-1.000,-15.698,9.735,2.200,0.495,0.350,1.466
206.986,-5.928,-1.043,-1.000,-14.662,7.755,5.409,0.354,0.350,1.207
206.993,-5.928,-1.043,-1.000,-15.017,10.713,4.240,0.368,0.350,0.782
206.999,-5.928,-1.043,-1.000,-15.010,13.175,3.627,0.368,0.350,0.566
207.006,-5.928,-1.043,-1.000,-13.300,9.470,4.952,0.299,0.350,0.734
207.012,-5.928,-1.043,-1.000,-15.571,7.265,4.940,0.391,0.350,0.225
207.019,-5.758,-1.342,-1.000,-18.694,8.631,3.441,0.524,0.350,-0.365
207.025,-3.955,-1.642,-1.000,-17.968,9.755,3.857,0.568,0.350,-0.209
207.032,-3.169,-2.248,-1.000,-17.748,10.770,3.885,0.590,0.350,-0.135
207.038,-3.169,-2.248,-1.000,-18.496,11.858,3.406,0.621,0.350,-0.162
207.045,-3.169,-2.248,-1.000,-20.207,13.272,1.368,0.690,0.350,-0.381
207.052,-3.169,-2.248,-1.000,-20.318,17.195,1.776,0.695,0.350,-0.334
207.058,-3.169,-2.248,-1.000,-18.578,20.016,2.637,0.624,0.350,-0.018
207.065,-3.169,-2.248,-1.000,-16.938,18.604,1.939,0.558,0.350,0.328
207.071,0.000,-4.598,0.000,-16.056,19.723,4.390,0.650,0.350,0.573
207.076,0.000,-4.436,0.000,-15.952,17.470,4.732,0.646,0.350,0.528
207.081,0.000,-4.436,0.000,-13.098,16.314,6.114,0.530,0.350,1.039
207.087,0.000,-4.436,0.000,-9.679,13.648,7.561,0.392,0.350,1.488
207.093,0.000,-3.955,-1.000,-6.440,9.479,6.551,0.261,0.350,1.712
207.098,0.000,-3.955,-1.000,-6.170,5.410,4.008,0.250,0.350,1.298
207.103,0.000,-3.955,-1.000,-6.999,2.763,3.210,0.283,0.350,0.797
207.109,0.000,-3.955,-1.000,-5.357,1.964,3.381,0.217,0.350,0.911
207.114,0.149,-3.639,0.000,-2.442,1.006,3.688,0.105,0.350,1.179
207.120,0.149,-3.639,0.000,-1.833,5.465,5.509,0.080,0.350,0.906
207.125,0.149,-3.482,0.000,-3.868,7.744,5.501,0.163,0.350,0.260
207.131,0.149,-3.482,0.000,-4.445,8.833,5.042,0.186,0.350,-0.029
207.136,0.149,-3.482,0.000,-4.602,8.521,6.213,0.192,0.350,-0.167
207.141,0.149,-3.325,0.000,-4.811,9.695,7.098,0.201,0.350,-0.234
207.147,0.297,-3.325,0.000,-5.370,10.188,8.572,0.230,0.350,-0.340
207.153,0.297,-3.325,0.000,-4.140,8.760,9.029,0.180,0.350,-0.028
207.159,0.297,-3.325,0.000,-5.675,9.565,9.286,0.242,0.350,-0.252
207.165,0.595,-3.169,0.000,-9.492,15.104,8.123,0.409,0.350,-0.839
207.171,1.043,-3.325,0.000,-13.905,22.041,6.355,0.605,0.350,-1.392
207.178,1.342,-3.325,0.000,-11.163,18.097,7.694,0.506,0.350,-0.699
207.184,1.944,-3.014,-1.000,-12.775,16.956,6.485,0.596,0.350,-0.658
207.191,2.248,-3.014,-1.000,-15.757,20.143,6.664,0.729,0.350,-0.958
207.197,2.248,-3.014,-1.000,-15.096,17.247,8.236,0.702,0.350,-0.697
207.204,2.248,-3.014,-1.000,-16.551,24.873,8.987,0.761,0.350,-0.726
207.210,2.400,-2.860,0.000,-18.856,26.111,11.786,0.861,0.350,-0.950
207.216,2.400,-3.169,0.000,-15.870,21.144,11.983,0.740,0.350,-0.190
207.222,2.400,-3.014,0.000,-14.230,20.666,8.689,0.674,0.350,0.143
207.228,2.400,-3.014,0.000,-16.179,23.605,9.513,0.752,0.350,-0.256
207.234,2.400,-3.014,0.000,-10.857,19.719,11.280,0.537,0.350,0.632
207.240,2.400,-2.860,0.000,-7.674,14.104,8.461,0.408,0.350,0.994
207.246,2.400,-2.860,0.000,-4.936,14.325,9.409,0.297,0.350,1.265
207.252,2.400,-2.860,0.000,-3.861,11.931,12.635,0.254,0.350,1.127
207.258,2.400,-2.860,0.000,-1.696,7.899,15.669,0.166,0.350,1.231
207.264,2.400,-2.553,0.000,-1.732,9.252,13.271,0.167,0.350,0.998
207.270,2.400,-2.553,0.000,-1.321,8.945,12.837,0.151,0.350,0.874
207.276,2.400,-2.553,0.000,0.214,9.311,11.457,0.089,0.350,0.695
207.282,2.400,-2.553,0.000,2.141,7.357,9.033,0.010,0.350,0.897
207.288,2.400,-2.553,0.000,4.017,5.269,7.682,-0.065,0.350,1.071
207.294,2.706,-2.706,0.000,1.158,6.804,10.849,0.063,0.350,0.358
207.300,2.706,-2.706,0.000,6.249,-0.605,11.517,-0.143,0.349,1.003
207.307,5.589,-3.325,-1.000,6.033,0.109,10.499,-0.018,0.349,0.834
207.313,5.589,-3.325,-1.000,7.600,1.191,11.829,-0.081,0.348,0.799
207.320,6.272,-3.325,-1.000,6.129,-2.383,9.051,0.006,0.348,0.387
207.327,6.272,-3.325,-1.000,3.292,2.101,12.308,0.121,0.348,-0.152
207.333,22.538,-7.333,-1.000,2.688,3.012,13.256,0.804,0.350,-0.249
207.340,31.138,-10.019,-1.000,4.712,1.443,10.966,1.070,0.350,0.162
207.346,39.442,-11.276,-1.000,0.662,7.153,12.367,1.571,0.350,-0.525
207.353,95.509,-17.947,0.000,4.698,5.446,10.126,3.678,0.350,0.222
207.359,95.509,-17.947,0.000,8.766,8.513,8.023,3.513,0.350,0.792
207.366,95.509,-17.947,0.000,7.428,16.798,11.613,3.567,0.350,0.394
207.372,95.509,-17.947,0.000,11.436,14.126,7.749,3.405,0.350,0.898
207.379,95.509,-17.947,0.000,12.550,16.631,9.867,3.360,0.350,0.816
207.385,201.837,-21.243,0.000,21.144,12.401,11.048,7.318,0.350,1.950
207.392,201.837,-21.243,0.000,29.443,12.640,12.162,6.982,0.350,2.847
207.398,228.978,-21.561,0.000,38.647,11.848,14.726,7.708,0.350,3.472
207.405,228.978,-21.561,0.000,46.838,11.243,8.848,7.377,0.350,3.883
207.411,228.978,-21.561,0.000,57.965,3.165,13.105,6.926,0.350,4.639
207.418,243.596,-22.538,0.000,66.665,1.054,5.779,7.166,0.350,4.839
207.425,243.596,-22.538,0.000,79.738,0.705,10.681,6.636,0.350,5.532
207.431,250.085,-22.871,0.000,94.147,-3.575,6.174,6.315,0.350,6.345
207.438,250.085,-22.871,0.000,106.180,1.114,10.201,5.828,0.350,6.621
207.444,250.085,-22.871,0.000,120.032,-4.192,6.819,5.267,0.350,7.085
207.451,250.085,-22.871,0.000,133.052,-0.450,11.158,4.740,0.350,7.332
207.457,250.085,-22.871,0.000,150.101,-4.015,9.688,4.049,0.350,8.083
207.464,243.596,-23.890,0.000,160.930,-3.314,8.893,3.348,0.350,7.788
207.471,243.596,-23.890,0.000,164.470,2.733,10.768,3.205,0.350,6.382
207.477,243.596,-23.890,0.000,174.526,1.228,11.083,2.797,0.350,6.328
207.484,194.573,-21.884,0.000,178.398,2.673,9.518,0.655,0.350,5.376
207.490,194.573,-21.884,0.000,178.992,6.697,9.923,0.631,0.350,4.114
207.497,194.573,-21.884,0.000,180.891,8.027,10.470,0.554,0.350,3.342
207.503,194.573,-21.884,0.000,181.899,6.841,10.565,0.513,0.350,2.688
207.510,110.602,-19.398,0.000,176.867,10.674,8.456,-2.684,0.336,1.290
207.516,110.602,-19.398,0.000,179.090,8.331,8.284,-2.774,0.313,1.321
207.523,110.602,-19.398,0.000,175.996,4.780,6.792,-2.648,0.291,0.515
207.530,32.419,-14.757,0.000,169.278,6.386,8.716,-5.543,0.263,-0.614
207.536,32.419,-14.757,0.000,166.178,7.714,8.077,-5.417,0.219,-0.998
207.543,27.911,-13.539,0.000,161.306,7.430,8.832,-5.402,0.175,-1.424
207.549,27.911,-13.539,0.000,150.717,11.269,9.014,-4.974,0.134,-2.707
207.556,7.333,-7.153,0.000,143.243,13.921,10.975,-5.504,0.090,-3.312
207.562,3.482,-6.621,0.000,135.912,11.731,10.984,-5.363,0.046,-3.624
207.569,3.482,-6.621,0.000,122.708,14.198,9.976,-4.829,0.005,-4.685
207.576,3.482,-6.621,0.000,112.378,18.099,8.787,-4.410,-0.032,-5.179
207.582,3.482,-6.621,0.000,105.153,12.721,10.277,-4.118,-0.066,-5.004
207.588,0.000,-3.955,-1.000,96.523,13.398,8.652,-3.909,-0.095,-5.087
207.593,0.000,-3.955,-1.000,89.496,14.525,9.630,-3.625,-0.120,-5.079
207.599,0.000,-3.955,-1.000,84.205,15.663,9.618,-3.410,-0.144,-4.914
207.604,0.000,-3.955,-1.000,77.930,16.893,9.248,-3.156,-0.166,-4.950
207.610,0.000,-3.955,-1.000,76.249,11.035,8.328,-3.088,-0.188,-4.170
207.615,0.000,-3.955,-1.000,74.904,3.588,7.714,-3.034,-0.209,-3.373
207.621,0.000,-3.955,-1.000,71.737,0.378,7.557,-2.905,-0.228,-3.074
207.627,-0.297,-5.421,-1.000,70.536,-2.724,6.621,-2.869,-0.248,-2.461
207.633,-1.642,-5.758,-1.000,66.645,2.009,7.323,-2.766,-0.270,-2.440
207.639,-1.642,-5.758,-1.000,68.068,-2.544,7.238,-2.823,-0.293,-1.634
207.646,-1.642,-5.758,-1.000,67.205,-3.739,7.378,-2.788,-0.315,-1.378
207.652,-1.642,-5.758,-1.000,62.874,-3.900,7.121,-2.613,-0.337,-1.684
207.659,-1.642,-5.758,-1.000,61.100,-4.345,8.125,-2.541,-0.350,-1.595
207.666,-1.642,-5.758,-1.000,57.073,-7.671,8.368,-2.378,-0.350,-1.765
207.672,-20.000,-4.114,-1.000,51.492,0.495,8.878,-2.895,-0.350,-2.157
207.679,-20.000,-4.114,-1.000,48.859,3.301,7.982,-2.789,-0.350,-2.056
207.685,-22.871,-3.955,-1.000,46.870,-0.335,8.055,-2.825,-0.350,-1.860
207.692,-22.871,-3.955,-1.000,40.810,2.128,6.441,-2.579,-0.350,-2.316
207.698,-30.306,-4.114,-1.000,33.314,6.852,5.700,-2.577,-0.350,-2.899
207.705,-30.306,-4.114,-1.000,29.285,6.740,6.148,-2.413,-0.350,-2.806
207.712,-39.949,-4.275,-1.000,25.328,5.511,5.904,-2.644,-0.350,-2.644
207.718,-39.949,-4.275,-1.000,17.312,10.533,5.668,-2.319,-0.350,-3.221
207.725,-39.949,-4.275,-1.000,14.604,10.185,6.688,-2.209,-0.350,-2.934
207.731,-39.949,-4.275,-1.000,12.228,8.984,7.431,-2.113,-0.350,-2.525
207.738,-39.949,-4.275,-1.000,5.685,11.314,5.287,-1.848,-0.350,-2.877
207.744,-39.949,-4.275,-1.000,2.881,13.903,6.211,-1.735,-0.350,-2.658
207.751,-39.949,-4.275,-1.000,1.108,9.204,6.286,-1.663,-0.350,-2.306
207.757,-194.573,-1.793,-1.000,-0.510,10.777,6.514,-7.860,-0.350,-1.900
207.764,-213.136,-1.492,-1.000,-1.904,11.090,4.201,-8.555,-0.350,-1.699
207.770,-213.136,-1.492,-1.000,-3.303,6.196,5.005,-8.498,-0.350,-1.456
207.777,-213.136,-1.492,-1.000,-9.632,7.957,4.681,-8.242,-0.350,-2.063
207.783,-213.136,-1.492,-1.000,-17.845,10.881,3.815,-7.909,-0.350,-2.864
207.790,-213.136,-1.492,-1.000,-24.692,10.566,5.137,-7.632,-0.350,-3.239
207.796,-213.136,-1.492,-1.000,-32.622,8.099,7.085,-7.311,-0.350,-3.676
207.803,-213.136,-1.492,-1.000,-45.454,9.296,4.535,-6.791,-0.350,-4.662
207.810,-263.474,-3.482,-1.000,-60.829,11.761,3.056,-8.207,-0.350,-5.943
207.816,-263.474,-3.482,-1.000,-71.689,13.052,3.588,-7.767,-0.350,-6.228
207.823,-263.474,-3.482,-1.000,-83.130,11.426,3.852,-7.304,-0.350,-6.347
207.829,-256.710,-3.796,-1.000,-101.140,9.894,1.738,-6.301,-0.350,-7.477
207.836,-256.710,-3.796,-1.000,-113.048,11.661,1.718,-5.818,-0.350,-7.461
207.842,-245.744,-3.796,-1.000,-124.229,11.364,3.786,-4.921,-0.350,-7.311
207.849,-245.744,-3.796,-1.000,-135.246,9.364,4.872,-4.475,-0.350,-7.036
207.856,-189.263,-3.955,-1.000,-146.131,5.989,4.561,-1.747,-0.350,-6.911
207.862,-147.899,-4.114,-1.000,-155.772,11.641,4.600,0.319,-0.349,-6.680
207.869,-147.899,-4.114,-1.000,-155.516,7.360,4.446,0.308,-0.346,-4.981
207.875,-147.899,-4.114,-1.000,-161.381,8.542,3.279,0.546,-0.342,-4.614
207.882,-147.899,-4.114,-1.000,-164.871,13.882,3.862,0.687,-0.337,-4.028
207.888,-147.899,-4.114,-1.000,-158.907,10.543,5.039,0.446,-0.333,-2.152
207.895,-10.019,-7.333,-1.000,-152.943,5.072,3.596,5.788,-0.301,-0.543
207.902,-10.019,-7.333,-1.000,-149.710,8.426,4.046,5.657,-0.255,0.067
207.908,0.000,-7.515,0.000,-140.283,4.833,2.568,5.681,-0.210,1.541
207.914,0.000,-7.515,0.000,-130.099,2.888,1.741,5.269,-0.173,3.083
207.919,0.000,-7.515,0.000,-121.628,4.069,0.457,4.926,-0.139,3.968
207.924,0.000,-7.515,0.000,-113.544,4.076,1.848,4.599,-0.108,4.496
207.930,0.000,-6.446,0.000,-103.754,2.335,3.566,4.202,-0.079,5.059
207.936,0.000,-6.446,0.000,-94.187,2.534,4.393,3.815,-0.052,5.342
207.941,0.000,-5.758,0.000,-84.003,2.176,6.117,3.402,-0.028,5.796
207.947,0.000,-5.758,0.000,-74.109,2.591,4.467,3.001,-0.007,6.143
207.952,0.000,-5.758,0.000,-68.776,1.501,2.632,2.785,0.012,5.619
207.958,0.297,-5.758,0.000,-63.553,0.572,2.144,2.586,0.032,5.171
207.964,0.297,-5.758,0.000,-59.401,0.409,2.070,2.418,0.050,4.653
207.970,0.297,-5.758,0.000,-57.728,0.570,1.827,2.350,0.067,3.730
207.976,0.297,-5.758,0.000,-58.628,1.408,1.833,2.386,0.085,2.617
207.982,0.297,-5.758,0.000,-57.608,-0.576,1.964,2.345,0.103,2.181
207.988,0.297,-5.758,0.000,-60.196,-2.210,2.654,2.450,0.121,1.266
207.994,0.297,-5.758,0.000,-63.482,0.800,2.108,2.583,0.140,0.407
208.000,26.395,-8.256,0.000,-66.863,4.776,1.907,3.777,0.162,-0.274
208.006,26.395,-8.256,0.000,-67.631,7.672,2.946,3.808,0.192,-0.339
208.013,26.395,-8.256,0.000,-67.079,4.299,4.256,3.786,0.223,-0.211
208.019,44.745,-12.155,0.000,-64.197,0.648,3.602,4.412,0.259,0.313
208.026,51.831,-12.836,0.000,-68.442,4.012,2.653,4.871,0.297,-0.400
208.033,51.831,-12.836,0.000,-60.031,5.891,1.779,4.530,0.335,0.927
208.039,109.465,-16.569,0.000,-57.488,6.733,2.378,6.762,0.350,1.168
208.046,109.465,-16.569,0.000,-53.316,9.626,1.864,6.593,0.350,1.476
208.052,109.465,-16.569,0.000,-43.303,7.104,3.853,6.187,0.350,2.606
208.059,178.989,-18.518,0.000,-33.783,6.512,3.621,8.617,0.350,3.518
208.065,237.243,-21.243,0.000,-24.356,10.146,3.225,10.595,0.350,4.114
208.072,256.710,-21.561,0.000,-14.475,3.602,1.913,10.983,0.350,4.602
208.078,256.710,-21.561,0.000,0.820,-0.131,4.174,10.364,0.350,5.786
208.085,395.630,-25.660,0.000,16.094,5.648,7.648,15.371,0.350,6.650
208.091,424.822,-27.526,0.000,30.226,3.719,4.788,15.981,0.350,7.264
208.098,424.822,-27.526,0.000,45.421,3.130,6.688,15.366,0.350,7.799
208.104,424.822,-27.526,0.000,70.102,-5.067,4.635,14.366,0.350,9.713
208.111,448.698,-32.419,0.000,88.266,2.450,4.657,14.598,0.350,10.160
208.118,452.195,-35.101,0.000,111.863,-0.345,3.852,13.783,0.350,11.266
208.124,452.195,-35.101,0.000,131.410,-0.301,-0.182,12.992,0.350,11.467
208.131,452.195,-37.464,0.000,153.259,-0.738,3.518,12.107,0.350,11.926
208.137,448.698,-36.504,0.000,173.821,-2.965,0.761,11.133,0.350,12.179
208.144,448.698,-36.504,0.000,192.813,-1.337,5.240,10.363,0.350,12.095
208.150,441.770,-38.443,0.000,215.257,-8.753,5.702,9.174,0.350,12.489
208.157,441.770,-38.443,0.000,234.840,-10.717,3.874,8.381,0.350,12.454
208.163,377.077,-40.978,0.000,246.513,-5.761,5.468,5.288,0.350,11.125
208.170,333.723,-40.978,0.000,259.071,-5.549,3.444,3.023,0.350,10.322
208.176,333.723,-40.978,0.000,267.055,-8.879,3.260,2.700,0.350,8.994
208.183,333.723,-40.978,0.000,267.399,-7.442,1.908,2.686,0.350,6.780
208.189,235.155,-42.028,0.000,269.369,-7.929,2.673,-1.386,0.339,5.320
208.196,235.155,-42.028,0.000,268.067,-13.292,6.078,-1.333,0.328,3.793
208.203,126.260,-37.951,0.000,260.910,-16.287,5.302,-5.453,0.295,1.787
208.209,48.185,-27.911,0.000,251.119,-16.151,2.809,-8.219,0.237,-0.159
208.216,35.564,-23.207,0.000,242.512,-14.357,2.777,-8.381,0.171,-1.477
208.222,35.564,-23.207,0.000,231.125,-13.862,3.791,-7.920,0.104,-2.859
208.229,35.564,-23.207,0.000,217.167,-15.891,5.028,-7.355,0.043,-4.243
208.235,35.564,-23.207,0.000,200.541,-16.333,4.103,-6.682,-0.013,-5.731
208.242,3.325,-17.112,0.000,186.027,-18.182,4.129,-7.399,-0.074,-6.559
208.248,-0.149,-7.883,-1.000,168.197,-18.227,4.685,-6.818,-0.128,-7.897
208.254,-0.297,-7.698,-1.000,153.533,-16.706,4.414,-6.230,-0.172,-8.619
208.259,-0.297,-7.698,-1.000,138.345,-17.433,3.998,-5.615,-0.213,-9.192
208.265,-0.297,-7.698,-1.000,124.470,-15.347,4.000,-5.053,-0.252,-9.397
208.271,-0.297,-7.698,-1.000,114.139,-12.914,2.143,-4.635,-0.286,-8.949
208.277,-0.446,-9.219,-1.000,106.733,-13.077,2.887,-4.341,-0.318,-8.102
208.283,-0.446,-9.219,-1.000,99.858,-11.370,3.365,-4.062,-0.350,-7.140
208.290,-0.893,-10.224,-1.000,94.100,-12.301,2.350,-3.847,-0.350,-6.234
208.296,-0.893,-10.224,-1.000,91.316,-8.438,1.995,-3.734,-0.350,-5.071
208.302,-0.893,-10.224,-1.000,89.785,-2.240,1.211,-3.672,-0.350,-4.112
208.308,-0.893,-10.224,-1.000,93.323,2.540,3.971,-3.816,-0.350,-2.613
208.315,-16.569,-10.019,-1.000,99.141,1.719,4.876,-4.686,-0.350,-0.934
208.321,-16.569,-10.019,-1.000,98.433,7.410,2.995,-4.658,-0.350,-0.734
208.328,-26.768,-10.019,-1.000,101.410,12.188,2.452,-5.191,-0.350,-0.159
208.334,-26.768,-10.019,-1.000,103.011,14.783,2.746,-5.256,-0.350,0.054
208.341,-49.982,-8.636,-1.000,102.828,11.902,3.555,-6.189,-0.350,0.016
208.347,-49.982,-8.636,-1.000,100.075,11.677,3.244,-6.077,-0.350,-0.366
208.354,-49.982,-8.636,-1.000,96.096,11.945,3.314,-5.916,-0.350,-0.901
208.361,-89.565,-7.333,-1.000,89.824,8.850,3.786,-7.265,-0.350,-1.593
208.367,-89.565,-7.333,-1.000,80.851,2.665,4.627,-6.902,-0.350,-2.553
208.374,-96.529,-7.153,-1.000,70.098,-0.324,3.454,-6.748,-0.350,-3.537
208.380,-96.529,-7.153,-1.000,59.253,-2.242,1.432,-6.309,-0.350,-4.355
208.387,-143.633,-7.333,-1.000,48.109,-3.929,0.992,-7.766,-0.350,-5.006
208.393,-158.247,-7.333,-1.000,37.443,-8.522,2.025,-7.925,-0.350,-5.331
208.400,-158.247,-7.333,-1.000,23.152,-13.575,0.818,-7.347,-0.350,-6.132
208.407,-207.425,-7.515,-1.000,10.034,-15.475,-0.191,-8.807,-0.350,-6.605
208.413,-207.425,-7.515,-1.000,0.636,-15.161,2.539,-8.426,-0.350,-6.465
208.420,-207.425,-7.515,-1.000,-9.270,-16.765,3.955,-8.025,-0.350,-6.373
208.426,-207.425,-7.515,-1.000,-20.878,-17.431,5.079,-7.555,-0.350,-6.567
208.433,-207.425,-7.515,-1.000,-31.160,-17.802,4.532,-7.139,-0.350,-6.470
208.439,-207.425,-7.515,-1.000,-42.575,-13.155,4.035,-6.676,-0.350,-6.615
208.446,-207.425,-7.515,-1.000,-52.294,-7.943,4.246,-6.283,-0.350,-6.494
208.453,-207.425,-7.515,-1.000,-62.142,-6.338,4.863,-5.884,-0.350,-6.398
208.459,-252.278,-13.777,-1.000,-68.446,-5.596,7.334,-7.445,-0.350,-5.698
208.466,-252.278,-13.777,-1.000,-78.092,-3.491,8.859,-7.055,-0.350,-5.744
208.472,-233.081,-16.038,-1.000,-82.985,-0.710,6.657,-6.079,-0.350,-5.112
208.479,-220.944,-16.569,-1.000,-87.446,0.683,7.560,-5.407,-0.350,-4.520
208.486,-220.944,-16.569,-1.000,-95.640,-0.428,7.851,-5.075,-0.350,-4.623
208.492,-109.465,-20.927,-1.000,-103.443,1.174,6.929,-0.244,-0.350,-4.672
208.499,-109.465,-20.927,-1.000,-110.450,5.559,6.086,0.040,-0.350,-4.644
208.505,-109.465,-20.927,-1.000,-113.904,2.376,5.533,0.180,-0.349,-4.011
208.512,-109.465,-20.927,-1.000,-120.637,4.247,6.733,0.452,-0.346,-4.030
208.518,-15.261,-23.546,-1.000,-123.105,8.719,7.497,4.368,-0.322,-3.432
208.525,-10.019,-23.207,-1.000,-121.864,2.488,9.414,4.530,-0.285,-2.365
208.532,-0.446,-23.890,-1.000,-119.513,3.163,9.637,4.822,-0.248,-1.415
208.538,0.000,-23.207,-1.000,-119.438,6.578,9.745,4.837,-0.211,-1.087
208.544,0.000,-23.207,-1.000,-112.201,2.204,10.187,4.544,-0.178,0.415
208.549,0.000,-22.209,-1.000,-107.139,1.017,7.699,4.339,-0.148,1.280
208.554,0.000,-22.209,-1.000,-98.962,3.030,8.055,4.008,-0.120,2.544
208.560,0.000,-22.209,-1.000,-92.666,3.236,8.811,3.753,-0.095,3.040
208.565,0.000,-18.231,-1.000,-87.573,6.347,9.237,3.547,-0.071,3.096
208.571,0.000,-18.231,-1.000,-77.092,5.631,11.649,3.122,-0.049,4.130
208.576,0.000,-18.231,-1.000,-67.214,1.478,9.819,2.722,-0.030,4.961
208.582,0.000,-18.231,-1.000,-60.925,3.014,5.446,2.467,-0.012,4.885
208.587,0.000,-17.947,-1.000,-58.194,3.821,5.411,2.357,0.004,4.197
208.593,0.000,-17.947,-1.000,-55.768,0.273,6.253,2.259,0.019,3.537
208.598,0.000,-17.947,-1.000,-52.977,-2.406,9.331,2.146,0.033,2.954
208.604,0.000,-19.398,-1.000,-50.238,-5.339,10.018,2.035,0.046,2.551
208.609,0.000,-19.398,-1.000,-47.698,-8.154,10.923,1.932,0.059,2.320
208.615,0.000,-19.398,-1.000,-46.466,-7.875,10.416,1.882,0.072,2.021
208.620,0.000,-19.398,-1.000,-48.618,-4.945,9.836,1.969,0.086,1.224
208.626,0.000,-21.243,-1.000,-48.810,-5.185,9.959,1.977,0.100,1.067
208.631,0.000,-21.243,-1.000,-50.258,-4.743,9.325,2.035,0.114,0.635
208.637,0.000,-21.243,-1.000,-54.109,-2.212,7.568,2.191,0.129,-0.262
208.642,0.000,-23.546,-1.000,-53.881,-5.498,5.649,2.182,0.143,-0.268
208.648,0.000,-26.768,-1.000,-54.280,-8.364,4.201,2.198,0.157,-0.333
208.653,0.000,-26.768,-1.000,-54.461,-11.729,6.255,2.206,0.172,-0.251
208.658,0.000,-26.768,-1.000,-55.210,-11.634,7.466,2.236,0.188,-0.228
208.664,0.000,-45.869,-1.000,-55.636,-14.687,6.685,2.253,0.204,-0.077
208.670,0.000,-48.185,-1.000,-57.670,-11.412,4.756,2.336,0.220,-0.296
208.675,0.000,-48.185,-1.000,-59.762,-10.753,4.956,2.420,0.236,-0.611
208.681,0.000,-48.185,-1.000,-62.593,-8.592,7.376,2.535,0.253,-1.083
208.686,0.000,-78.561,-1.000,-62.052,-6.494,8.540,2.513,0.269,-0.854
208.691,0.000,-85.769,-1.000,-58.590,-6.524,8.710,2.373,0.285,-0.073
208.697,0.000,-85.769,-1.000,-56.322,-5.872,7.281,2.281,0.301,0.435
208.702,0.000,-85.769,-1.000,-55.690,-4.927,6.995,2.255,0.317,0.533
208.708,0.000,-114.070,-1.000,-53.805,-3.475,6.686,2.179,0.332,0.873
208.713,0.000,-114.070,-1.000,-55.304,-4.042,6.533,2.240,0.347,0.372
208.719,0.000,-114.070,-1.000,-54.182,-10.149,6.288,2.194,0.350,0.349
208.724,0.000,-114.070,-1.000,-50.307,-20.143,4.625,2.037,0.350,0.914
208.730,0.000,-114.070,-1.000,-47.204,-28.642,4.096,1.912,0.350,1.274
208.735,0.000,-169.163,-1.000,-45.131,-36.351,2.779,1.828,0.350,1.379
208.741,0.000,-180.670,-1.000,-43.843,-43.297,4.345,1.776,0.350,1.345
208.746,0.000,-203.686,0.000,-45.179,-44.836,8.131,1.830,0.350,0.715
208.752,0.000,-203.686,0.000,-42.449,-51.475,8.680,1.719,0.350,0.950
208.757,0.000,-218.971,0.000,-39.258,-59.011,9.008,1.590,0.350,1.212
208.763,0.000,-218.971,0.000,-36.199,-69.394,6.917,1.466,0.350,1.499
208.768,0.000,-218.971,0.000,-33.479,-79.417,3.776,1.356,0.350,1.754
208.773,0.000,-222.931,0.000,-33.914,-85.639,1.238,1.373,0.350,1.348
208.779,0.000,-222.931,0.000,-33.277,-86.515,3.482,1.348,0.350,1.171
208.785,0.000,-222.931,0.000,-33.656,-87.288,5.784,1.363,0.350,0.666
208.790,0.000,-222.931,0.000,-34.931,-91.175,6.409,1.415,0.350,0.189
208.795,0.000,-215.067,0.000,-33.202,-102.718,6.775,1.345,0.350,0.504
208.801,0.000,-215.067,0.000,-34.320,-111.258,5.392,1.390,0.350,0.229
208.806,0.000,-215.067,0.000,-35.812,-118.195,4.465,1.450,0.350,-0.089
208.812,-0.446,-189.263,0.000,-40.155,-119.616,6.072,1.608,0.350,-0.821
208.819,-1.492,-175.665,0.000,-43.193,-123.303,5.536,1.689,0.350,-1.168
208.825,-1.492,-175.665,0.000,-40.636,-133.378,5.816,1.585,0.350,-0.505
208.832,-5.421,-150.799,0.000,-41.739,-140.004,5.482,1.471,0.350,-0.517
208.838,-5.421,-150.799,0.000,-41.908,-142.109,3.196,1.478,0.350,-0.440
208.845,-5.421,-150.799,0.000,-39.164,-149.589,2.257,1.367,0.350,0.083
208.851,-5.421,-150.799,0.000,-39.821,-151.237,1.176,1.393,0.350,0.024
208.858,-8.256,-122.500,0.000,-41.047,-145.825,3.528,1.328,0.350,-0.209
208.864,-8.256,-117.624,0.000,-39.867,-141.858,4.616,1.280,0.350,0.013
208.871,-8.256,-114.070,0.000,-39.497,-140.699,5.525,1.265,0.350,0.069
208.878,-8.256,-114.070,0.000,-38.006,-137.066,4.565,1.205,0.350,0.316
208.884,-7.883,-100.698,-1.000,-34.086,-130.239,4.073,1.061,0.350,0.794
208.891,-7.883,-100.698,-1.000,-32.083,-126.417,3.131,0.980,0.350,0.944
208.897,-7.883,-97.558,-1.000,-30.105,-122.499,2.999,0.900,0.350,1.032
208.904,-7.883,-97.558,-1.000,-30.075,-116.652,1.463,0.899,0.350,0.693
208.910,-7.698,-70.237,-1.000,-28.199,-111.161,0.285,0.830,0.350,0.767
208.917,-7.515,-52.459,-1.000,-23.951,-110.754,2.700,0.666,0.350,1.309
208.924,-7.515,-52.459,-1.000,-27.048,-104.761,2.403,0.791,0.350,0.578
208.930,-7.515,-52.459,-1.000,-27.713,-96.173,2.532,0.818,0.350,0.244
208.937,-7.515,-52.459,-1.000,-25.960,-94.556,4.180,0.747,0.350,0.394
208.943,-7.153,-44.745,-1.000,-25.812,-94.305,3.808,0.756,0.350,0.383
208.950,-7.153,-44.745,-1.000,-30.308,-87.928,1.656,0.938,0.350,-0.375
208.956,-7.153,-44.745,-1.000,-32.778,-77.109,-0.667,1.038,0.350,-0.711
208.963,-7.153,-44.745,-1.000,-33.535,-69.159,-0.513,1.068,0.350,-0.702
208.970,-7.153,-44.745,-1.000,-34.634,-65.133,-0.965,1.113,0.350,-0.696
208.976,-7.153,-44.745,-1.000,-37.636,-61.662,-0.790,1.235,0.350,-0.959
208.983,-7.153,-44.745,-1.000,-34.216,-60.372,1.664,1.096,0.350,-0.249
208.989,-8.829,-34.189,-1.000,-30.701,-63.607,2.856,0.886,0.350,0.420
208.996,-10.224,-29.491,-1.000,-30.600,-60.445,1.014,0.825,0.350,0.349
209.002,-10.224,-29.491,-1.000,-29.642,-52.889,2.070,0.786,0.350,0.381
209.009,-10.224,-29.491,-1.000,-26.924,-49.661,2.070,0.676,0.350,0.717
209.015,-10.224,-29.491,-1.000,-27.276,-51.119,2.136,0.691,0.350,0.557
209.022,-10.224,-29.491,-1.000,-26.675,-51.018,2.728,0.666,0.350,0.563
209.028,-10.224,-29.491,-1.000,-24.805,-47.737,1.720,0.591,0.350,0.619
209.035,-10.224,-29.491,-1.000,-22.602,-47.524,0.903,0.501,0.350,0.866
209.041,-25.299,-21.561,-1.000,-22.681,-47.244,1.169,-0.106,0.349,0.672
209.048,-31.988,-20.306,-1.000,-24.438,-43.891,0.890,-0.306,0.347,0.185
209.055,-31.988,-20.306,-1.000,-23.453,-43.793,2.039,-0.346,0.344,0.229
209.061,-52.459,-18.518,-1.000,-22.022,-48.864,1.308,-1.233,0.339,0.481
209.068,-52.459,-18.518,-1.000,-28.220,-47.217,-0.636,-0.982,0.331,-0.544
209.074,-70.237,-16.839,-1.000,-27.365,-43.191,0.755,-1.736,0.316,-0.377
209.081,-70.237,-16.839,-1.000,-29.499,-38.421,1.414,-1.650,0.302,-0.645
209.088,-95.509,-14.508,-1.000,-31.125,-37.270,3.970,-2.608,0.284,-0.741
209.094,-95.509,-14.508,-1.000,-34.663,-36.181,2.797,-2.464,0.264,-1.034
209.101,-95.509,-14.508,-1.000,-41.211,-29.210,-1.078,-2.199,0.245,-1.818
209.107,-95.509,-14.508,-1.000,-43.177,-23.222,-2.049,-2.119,0.228,-1.733
209.113,-131.417,-12.155,-1.000,-46.489,-19.895,-1.008,-3.440,0.201,-1.809
209.119,-131.417,-12.155,-1.000,-49.116,-18.275,0.179,-3.333,0.176,-1.739
209.126,-177.320,-7.153,-1.000,-54.773,-17.012,1.224,-4.963,0.143,-2.159
209.132,-209.315,-6.797,-1.000,-62.290,-12.414,2.854,-5.955,0.101,-2.785
209.139,-209.315,-6.797,-1.000,-67.672,-8.889,4.439,-5.737,0.054,-3.010
209.145,-209.315,-6.797,-1.000,-70.011,-11.307,4.299,-5.642,0.008,-2.691
209.152,-265.760,-2.706,-1.000,-74.508,-16.798,2.981,-7.746,-0.055,-2.610
209.158,-265.760,-2.706,-1.000,-84.976,-18.064,2.312,-7.322,-0.116,-3.474
209.165,-265.760,-2.706,-1.000,-96.559,-16.928,1.283,-6.853,-0.173,-4.517
209.171,-339.262,-1.043,-1.000,-107.361,-14.139,1.898,-9.392,-0.242,-5.174
209.178,-339.262,-1.043,-1.000,-118.483,-13.922,1.237,-8.942,-0.315,-5.596
209.184,-339.262,-1.043,-1.000,-130.969,-12.941,1.349,-8.436,-0.350,-6.070
209.191,-339.262,-1.043,-1.000,-145.037,-11.130,0.311,-7.866,-0.350,-6.733
209.198,-309.688,-2.248,-1.000,-159.719,-9.165,1.734,-6.074,-0.350,-7.315
209.204,-287.054,-3.169,-1.000,-175.015,-3.848,1.129,-4.538,-0.350,-7.859
209.211,-254.486,-3.639,-1.000,-188.031,-1.617,0.699,-2.691,-0.350,-7.991
209.217,-196.369,-6.974,-1.000,-198.400,-3.220,1.259,0.082,-0.350,-7.594
209.224,-196.369,-6.974,-1.000,-207.810,-5.539,2.679,0.463,-0.346,-7.089
209.230,-196.369,-6.974,-1.000,-215.125,-5.611,1.551,0.760,-0.341,-6.447
209.237,-196.369,-6.974,-1.000,-220.825,-2.078,0.167,0.990,-0.334,-5.742
209.243,-196.369,-6.974,-1.000,-216.561,-1.103,1.569,0.818,-0.326,-3.614
209.250,-196.369,-6.974,-1.000,-215.582,0.008,1.196,0.778,-0.319,-2.476
209.256,-28.300,-11.493,-1.000,-215.347,3.384,0.828,7.575,-0.277,-1.824
209.263,-16.038,-11.711,-1.000,-203.121,1.396,1.595,7.577,-0.218,0.453
209.270,-16.038,-11.711,-1.000,-194.177,-2.365,0.618,7.215,-0.159,1.742
209.276,-16.038,-11.711,-1.000,-188.174,7.183,-0.033,6.971,-0.102,2.243
209.283,-16.038,-11.711,-1.000,-177.193,7.841,0.623,6.527,-0.048,3.352
209.289,-0.297,-11.711,-1.000,-165.480,4.925,-1.750,6.690,0.004,4.393
209.295,-0.297,-11.711,-1.000,-151.999,6.588,-0.299,6.144,0.052,5.638
209.301,0.149,-7.333,-1.000,-144.021,9.479,-0.105,5.839,0.095,5.566
209.306,0.149,-7.333,-1.000,-131.812,8.033,-1.468,5.344,0.131,6.297
209.312,0.000,-7.153,-1.000,-120.931,7.238,-0.618,4.898,0.165,6.611
209.317,0.000,-7.153,-1.000,-108.909,5.754,0.852,4.411,0.196,7.186
209.323,0.000,-7.153,-1.000,-100.290,5.745,1.998,4.062,0.225,7.052
209.328,0.297,-6.446,-1.000,-92.761,4.349,2.760,3.769,0.253,6.691
209.335,0.297,-6.446,-1.000,-88.651,3.479,0.846,3.602,0.281,5.756
209.341,3.014,-6.100,-1.000,-86.790,6.962,-2.098,3.637,0.308,4.644
209.347,5.758,-6.100,-1.000,-86.578,11.166,-1.771,3.740,0.337,3.429
209.354,5.758,-6.100,-1.000,-84.101,6.666,-0.896,3.639,0.350,2.942
209.360,5.758,-6.100,-1.000,-85.687,4.896,-2.052,3.704,0.350,2.047
209.367,5.758,-6.100,-1.000,-90.217,8.664,-2.634,3.887,0.350,0.818
209.373,14.018,-6.100,-1.000,-89.611,14.348,-0.900,4.197,0.350,0.663
209.380,15.008,-6.100,-1.000,-89.342,16.466,1.312,4.226,0.350,0.564
209.387,15.008,-6.100,-1.000,-90.787,17.748,4.279,4.285,0.350,0.246
209.393,20.000,-5.255,-1.000,-92.767,20.731,3.268,4.567,0.350,-0.150
209.400,20.000,-5.255,-1.000,-89.970,24.104,2.852,4.454,0.350,0.256
209.406,20.000,-5.255,-1.000,-84.491,20.437,1.242,4.232,0.350,1.160
209.413,27.145,-3.955,-1.000,-83.057,23.237,-0.700,4.463,0.350,1.147
209.419,29.090,-3.955,-1.000,-75.930,24.450,0.116,4.253,0.350,1.929
209.426,37.951,-4.114,-1.000,-69.010,19.201,0.284,4.332,0.350,2.456
209.433,37.951,-4.114,-1.000,-59.084,16.903,4.158,3.930,0.350,3.391
209.439,105.009,-6.100,-1.000,-47.914,17.119,4.649,6.193,0.350,4.266
209.446,105.009,-6.100,-1.000,-34.997,11.107,5.080,5.670,0.350,5.223
209.452,128.818,-6.621,-1.000,-27.405,14.985,2.983,6.327,0.350,5.145
209.459,128.818,-6.621,-1.000,-16.333,15.761,3.213,5.879,0.350,5.517
209.465,252.278,-7.153,-1.000,-4.882,14.791,2.319,10.415,0.350,5.921
209.472,268.062,-7.153,-1.000,4.809,13.875,3.339,10.662,0.350,6.012
209.478,322.864,-7.153,-1.000,14.366,14.733,3.564,12.494,0.350,5.910
209.485,405.176,-7.153,-1.000,25.471,12.609,3.344,15.378,0.350,6.105
209.492,405.176,-7.153,-1.000,36.475,17.308,3.413,14.932,0.350,6.292
209.498,428.169,-7.153,0.000,49.639,22.357,4.903,15.330,0.350,6.733
209.505,428.169,-7.153,0.000,67.603,17.562,3.731,14.603,0.350,7.809
209.511,445.223,-6.974,-1.000,79.689,22.221,4.604,14.804,0.350,7.808
209.518,445.223,-6.974,-1.000,101.132,23.599,3.870,13.936,0.350,9.149
209.524,445.223,-6.974,-1.000,120.732,26.310,1.056,13.142,0.350,9.972
209.531,434.927,-6.797,-1.000,141.678,27.326,2.865,11.877,0.350,10.603
209.538,434.927,-6.797,-1.000,167.796,19.001,0.092,10.819,0.350,12.009
209.544,398.791,-6.797,-1.000,187.232,25.984,2.989,8.568,0.350,12.039
209.551,398.791,-6.797,-1.000,211.782,23.595,3.135,7.574,0.350,12.829
209.557,294.447,-6.621,-1.000,232.246,23.197,2.342,2.519,0.350,12.745
209.564,250.085,-6.797,-1.000,246.566,21.011,1.273,0.142,0.350,11.739
209.570,250.085,-6.797,-1.000,260.220,15.875,2.516,-0.410,0.348,10.890
209.577,250.085,-6.797,-1.000,265.846,9.908,1.835,-0.638,0.344,9.058
209.584,250.085,-6.797,-1.000,264.981,7.692,2.656,-0.603,0.338,6.633
209.590,108.337,-5.758,-1.000,259.909,5.595,3.194,-6.139,0.288,4.198
209.597,108.337,-5.758,-1.000,246.383,5.246,2.632,-5.591,0.242,1.049
209.603,108.337,-5.758,-1.000,231.969,5.172,0.491,-5.007,0.200,-1.479
209.610,108.337,-5.758,-1.000,215.177,5.186,-0.353,-4.327,0.163,-3.736
209.616,108.337,-5.758,-1.000,197.738,8.187,-1.077,-3.621,0.131,-5.546
209.623,108.337,-5.758,-1.000,178.594,9.613,-1.020,-2.845,0.106,-7.225
209.630,9.816,-1.043,-1.000,160.546,5.768,2.757,-6.105,0.054,-8.166
209.636,9.816,-1.043,-1.000,144.140,4.448,6.345,-5.440,0.008,-8.664
209.643,9.816,-1.043,-1.000,132.036,2.949,7.709,-4.950,-0.033,-8.381
209.649,0.595,-0.595,-1.000,121.734,4.140,6.395,-4.906,-0.070,-7.966
209.654,0.595,-0.595,-1.000,112.711,9.863,3.827,-4.541,-0.101,-7.645
209.660,0.595,-0.595,-1.000,107.238,13.911,1.745,-4.319,-0.131,-6.788
209.665,0.595,-0.595,-1.000,103.310,15.947,2.192,-4.160,-0.159,-5.873
209.671,0.000,-0.595,-1.000,102.253,16.995,2.968,-4.141,-0.188,-4.719
209.677,0.000,-0.595,-1.000,102.429,27.260,2.690,-4.148,-0.221,-3.209
209.683,0.000,-0.595,-1.000,106.753,26.722,5.219,-4.323,-0.255,-1.368
209.690,0.000,-0.595,-1.000,108.721,21.692,5.963,-4.403,-0.290,-0.460
209.696,0.000,-0.595,-1.000,106.078,26.911,-0.357,-4.296,-0.324,-0.833
209.703,0.000,-0.595,-1.000,109.633,25.971,0.655,-4.440,-0.350,0.123
209.709,0.000,-0.595,-1.000,109.537,21.408,1.469,-4.436,-0.350,0.083
209.714,0.000,-0.595,-1.000,108.556,24.500,3.149,-4.397,-0.350,0.035
209.720,0.000,-0.744,-1.000,104.566,26.707,2.779,-4.235,-0.350,-0.700
209.725,0.000,-0.744,-1.000,101.961,28.509,0.973,-4.129,-0.350,-0.974
209.731,0.000,-0.744,-1.000,96.867,27.538,2.045,-3.923,-0.350,-1.630
209.736,0.000,-0.744,-1.000,88.991,25.858,3.354,-3.604,-0.350,-2.591
209.742,0.000,-0.744,0.000,82.532,24.471,1.476,-3.343,-0.350,-3.062
209.747,0.000,-0.744,0.000,76.458,26.010,1.073,-3.097,-0.350,-3.316
209.753,0.000,-0.744,0.000,70.954,25.732,1.174,-2.874,-0.350,-3.342
209.758,0.000,-0.893,0.000,67.744,24.569,1.030,-2.744,-0.350,-2.862
209.763,0.000,-0.744,0.000,62.270,21.307,1.495,-2.522,-0.350,-3.050
209.769,0.000,-0.744,0.000,58.521,17.476,1.302,-2.370,-0.350,-2.862
209.774,0.000,-0.744,0.000,56.199,15.627,2.121,-2.276,-0.350,-2.428
209.780,0.000,-0.744,0.000,54.873,11.464,2.210,-2.222,-0.350,-1.931
209.785,0.000,-0.744,0.000,53.593,8.155,2.281,-2.171,-0.350,-1.533
209.791,0.000,-0.744,0.000,54.094,4.924,2.558,-2.191,-0.350,-0.885
209.796,0.000,-0.893,0.000,54.250,2.545,2.855,-2.197,-0.350,-0.468
209.801,0.000,-0.893,0.000,52.228,5.924,3.670,-2.115,-0.350,-0.633
209.807,0.000,-0.893,0.000,52.528,7.826,2.637,-2.127,-0.350,-0.251
209.812,0.000,-0.893,0.000,52.373,12.510,1.914,-2.121,-0.350,-0.101
209.817,0.000,-0.893,0.000,52.222,15.419,1.780,-2.115,-0.350,-0.002
209.822,0.000,-0.893,0.000,53.118,21.054,1.422,-2.151,-0.350,0.267
209.827,0.000,-0.893,0.000,52.527,24.166,0.143,-2.127,-0.350,0.118
209.833,0.000,-0.893,0.000,54.002,25.460,-1.333,-2.187,-0.350,0.389
209.838,0.000,-0.893,0.000,52.140,28.480,-2.538,-2.112,-0.350,-0.094
209.843,0.000,-0.893,0.000,51.024,30.007,-1.925,-2.066,-0.350,-0.377
209.849,0.000,-0.744,0.000,49.276,28.926,-2.950,-1.996,-0.350,-0.692
209.854,0.000,-0.744,0.000,48.208,31.323,-0.976,-1.952,-0.350,-0.861
209.859,0.000,-0.744,0.000,46.653,32.124,1.681,-1.889,-0.350,-1.102
209.865,0.000,-0.744,0.000,44.175,32.985,2.349,-1.789,-0.350,-1.412
209.870,0.000,-0.744,0.000,41.324,34.320,2.746,-1.674,-0.350,-1.676
209.876,0.000,-0.744,0.000,39.436,33.260,2.353,-1.597,-0.350,-1.584
209.881,0.000,-0.744,0.000,37.401,32.164,1.806,-1.515,-0.350,-1.478
209.887,0.000,-0.744,0.000,35.949,32.049,1.550,-1.456,-0.350,-1.186
209.892,0.000,-0.744,0.000,32.643,32.350,0.614,-1.322,-0.350,-1.283
209.898,0.000,-0.744,0.000,29.860,30.744,0.054,-1.209,-0.350,-1.319
209.903,0.000,-0.744,0.000,28.829,27.027,-0.366,-1.168,-0.350,-0.993
209.909,0.000,-0.744,0.000,27.841,27.576,0.345,-1.128,-0.350,-0.851
209.914,0.000,-0.744,0.000,28.171,29.655,0.968,-1.141,-0.350,-0.633
209.920,0.000,-0.744,0.000,28.320,32.017,2.539,-1.147,-0.350,-0.629
209.925,0.000,-0.744,0.000,30.075,33.018,2.808,-1.218,-0.350,-0.263
209.931,0.000,-0.744,0.000,32.141,32.920,3.002,-1.302,-0.350,0.135
209.936,0.000,-0.744,0.000,33.350,31.939,3.111,-1.351,-0.350,0.369
209.942,0.000,-0.744,0.000,34.253,33.820,2.244,-1.387,-0.350,0.546
209.947,0.000,-0.744,0.000,35.094,37.078,0.799,-1.421,-0.350,0.696
209.952,0.000,-0.744,0.000,36.603,40.639,1.820,-1.482,-0.350,0.870
209.958,0.000,-0.744,0.000,35.727,44.549,3.103,-1.447,-0.350,0.477
209.964,0.000,-0.744,0.000,37.426,47.871,2.499,-1.516,-0.350,0.518
209.969,0.000,-0.744,0.000,38.141,46.358,2.986,-1.545,-0.350,0.413
209.974,0.000,-0.744,0.000,39.028,47.236,3.288,-1.581,-0.350,0.486
209.980,0.000,-0.744,0.000,37.623,48.254,2.618,-1.524,-0.350,0.189
209.985,0.000,-0.744,0.000,35.453,50.609,2.727,-1.436,-0.350,-0.102
209.991,0.000,-0.744,0.000,34.040,52.564,2.548,-1.379,-0.350,-0.174
209.996,0.000,-0.744,0.000,31.567,53.948,2.754,-1.278,-0.350,-0.509
210.002,0.000,-0.744,0.000,27.686,54.574,3.321,-1.121,-0.350,-1.146
210.007,0.000,-0.744,0.000,25.183,52.382,2.434,-1.020,-0.350,-1.491
210.013,0.000,-0.744,0.000,26.505,47.357,3.382,-1.073,-0.350,-1.021
210.018,0.000,-0.744,0.000,26.244,41.195,5.035,-1.063,-0.350,-0.880
210.024,0.000,-0.744,0.000,23.376,37.118,4.957,-0.947,-0.350,-1.233
210.029,0.000,-0.744,0.000,22.344,35.959,2.287,-0.905,-0.350,-1.088
210.035,0.000,-0.744,0.000,20.733,34.624,1.864,-0.840,-0.350,-1.009
210.040,0.000,-0.446,0.000,17.553,34.564,-0.934,-0.711,-0.350,-1.249
210.045,0.000,-0.446,0.000,14.696,34.737,-0.310,-0.595,-0.350,-1.499
210.051,0.000,-0.446,0.000,13.833,32.757,0.567,-0.560,-0.350,-1.335
210.056,0.000,1.793,0.000,13.200,31.369,2.048,-0.535,-0.350,-1.188
210.061,0.000,1.793,0.000,14.294,31.297,2.463,-0.579,-0.350,-0.794
210.066,0.000,1.793,0.000,16.214,30.391,3.104,-0.657,-0.350,-0.236
210.071,0.000,1.793,0.000,17.326,30.295,2.710,-0.702,-0.350,0.015
210.077,0.000,1.793,0.000,19.889,29.246,3.703,-0.806,-0.350,0.601
210.082,0.000,1.793,0.000,21.803,26.146,4.413,-0.883,-0.350,0.916
210.087,0.000,31.138,0.000,21.962,25.324,3.753,-0.889,-0.350,0.829
210.093,0.000,31.138,0.000,19.628,26.555,2.539,-0.795,-0.350,0.307
210.098,0.000,31.138,0.000,16.086,27.186,3.274,-0.651,-0.350,-0.328
210.104,0.000,79.434,0.000,12.728,30.814,2.576,-0.515,-0.350,-0.829
210.109,0.000,79.434,0.000,10.188,31.082,2.584,-0.413,-0.350,-1.085
210.115,0.000,79.434,0.000,8.191,33.028,2.034,-0.332,-0.350,-1.277
210.120,0.000,131.417,0.000,6.796,32.467,2.170,-0.275,-0.350,-1.445
210.125,0.000,169.163,0.000,5.779,35.601,2.381,-0.234,-0.350,-1.486
210.130,0.000,169.163,0.000,6.425,40.181,3.024,-0.260,-0.350,-1.074
210.136,0.000,169.163,0.000,7.059,44.275,2.712,-0.286,-0.350,-0.773
210.141,0.000,211.219,0.000,8.529,49.641,2.202,-0.345,-0.350,-0.303
210.147,0.000,247.907,0.000,9.524,56.510,1.388,-0.386,-0.350,0.050
210.152,0.000,247.907,0.000,10.532,65.802,1.394,-0.427,-0.350,0.327
210.157,0.000,247.907,0.000,9.736,76.000,1.848,-0.394,-0.350,0.210
210.163,0.000,263.474,0.000,11.347,86.442,3.473,-0.460,-0.350,0.594
210.169,0.000,263.474,0.000,12.026,96.181,2.787,-0.487,-0.350,0.658
210.174,0.000,263.474,0.000,12.748,107.871,3.389,-0.516,-0.350,0.744
210.180,0.000,263.474,0.000,14.035,119.068,3.090,-0.568,-0.350,0.959
210.185,0.000,256.710,0.000,15.423,130.734,3.738,-0.625,-0.350,1.164
210.190,0.000,256.710,0.000,13.812,142.883,3.864,-0.559,-0.350,0.681
210.196,0.000,256.710,0.000,13.471,154.549,4.519,-0.546,-0.350,0.480
210.201,0.000,256.710,0.000,13.669,167.802,3.369,-0.554,-0.350,0.406
210.207,0.000,256.710,0.000,12.065,181.268,2.373,-0.489,-0.350,0.063
210.213,-0.446,159.772,0.000,8.426,200.163,-0.050,-0.359,-0.350,-0.610
210.220,-1.492,114.070,0.000,4.051,212.509,-0.906,-0.224,-0.350,-1.183
210.226,-2.248,101.762,0.000,2.072,214.422,0.908,-0.175,-0.350,-1.219
210.233,-2.248,101.762,0.000,-0.905,218.110,4.210,-0.054,-0.350,-1.330
210.239,-2.248,101.762,0.000,-1.170,213.231,1.222,-0.044,-0.350,-1.073
210.246,-2.248,101.762,0.000,-6.687,210.334,-0.731,0.180,-0.349,-1.639
210.252,-5.589,44.191,0.000,-11.813,205.981,5.717,0.252,-0.347,-1.995
210.259,-5.928,42.028,0.000,-14.288,187.357,0.581,0.339,-0.345,-1.876
210.265,-6.621,26.395,0.000,-19.374,182.825,1.605,0.516,-0.341,-2.194
210.272,-7.333,20.000,0.000,-17.027,158.966,-0.391,0.393,-0.338,-1.282
210.278,-8.069,20.306,0.000,-17.641,147.829,0.932,0.388,-0.335,-1.059
210.285,-8.069,20.306,0.000,-16.324,123.703,2.070,0.334,-0.332,-0.673
210.291,-11.276,9.615,0.000,-15.231,109.712,-2.123,0.160,-0.330,-0.282
210.298,-13.539,5.589,0.000,-16.173,96.920,-2.423,0.107,-0.330,-0.427
210.305,-13.539,5.589,0.000,-13.521,81.685,-1.513,-0.001,-0.330,0.124
210.311,-13.539,5.589,0.000,-16.899,76.334,0.861,0.136,-0.329,-0.447
210.318,-26.395,-0.297,0.000,-14.912,65.774,2.484,-0.465,-0.330,-0.082
210.324,-26.395,-0.297,0.000,-12.929,57.823,3.363,-0.545,-0.333,0.364
210.330,-26.395,-0.297,0.000,-12.644,56.443,2.798,-0.557,-0.336,0.509
210.336,-59.080,-0.446,0.000,-19.174,62.118,1.976,-1.616,-0.349,-0.685
210.342,-90.535,-0.595,0.000,-21.069,66.717,-0.340,-2.813,-0.350,-0.990
210.348,-90.535,-0.595,0.000,-22.987,68.014,-1.175,-2.736,-0.350,-1.205
210.354,-90.535,-0.595,0.000,-23.191,70.577,-3.439,-2.727,-0.350,-0.986
210.360,-146.466,-1.043,0.000,-26.064,71.082,-3.029,-4.876,-0.350,-1.151
210.367,-178.989,-2.553,0.000,-34.330,80.722,-2.016,-5.859,-0.350,-2.171
210.373,-178.989,-2.553,0.000,-40.778,87.234,-2.083,-5.598,-0.350,-2.647
210.380,-178.989,-2.553,0.000,-46.280,85.049,-1.912,-5.375,-0.350,-2.871
210.386,-231.022,-6.621,0.000,-55.459,81.277,0.474,-7.110,-0.350,-3.517
210.393,-231.022,-6.621,0.000,-65.981,85.895,-3.279,-6.684,-0.350,-4.257
210.400,-231.022,-6.621,0.000,-75.206,80.656,-0.133,-6.311,-0.350,-4.587
210.406,-231.022,-6.621,0.000,-90.018,82.708,-4.281,-5.711,-0.350,-5.712
210.413,-231.022,-6.621,0.000,-103.347,82.499,-5.129,-5.171,-0.350,-6.372
210.419,-231.022,-6.621,0.000,-112.313,73.705,-1.098,-4.808,-0.350,-6.183
210.426,-247.907,-16.038,0.000,-123.322,68.203,-4.232,-5.046,-0.350,-6.275
210.432,-247.907,-16.038,0.000,-134.134,64.108,-2.415,-4.608,-0.350,-6.416
210.439,-247.907,-16.302,0.000,-139.533,56.698,-5.684,-4.389,-0.350,-5.592
210.446,-247.907,-16.302,0.000,-150.979,55.281,-5.384,-3.926,-0.350,-5.915
210.452,-247.907,-17.666,0.000,-158.088,52.338,-3.732,-3.638,-0.350,-5.563
210.459,-247.907,-17.666,0.000,-160.116,44.954,-4.350,-3.556,-0.350,-4.525
210.465,-252.278,-18.518,0.000,-161.757,34.828,-6.667,-3.666,-0.350,-3.630
210.472,-252.278,-18.518,0.000,-165.510,37.695,-4.543,-3.514,-0.350,-3.323
210.478,-261.203,-18.808,0.000,-165.387,34.136,-4.418,-3.881,-0.350,-2.420
210.485,-261.203,-18.808,0.000,-169.171,29.556,-3.610,-3.727,-0.350,-2.461
210.491,-272.713,-19.398,0.000,-172.800,31.691,-3.880,-4.046,-0.350,-2.420
210.498,-294.447,-19.697,0.000,-171.514,34.844,-5.314,-4.979,-0.350,-1.687
210.504,-294.447,-19.697,0.000,-173.681,32.803,-4.162,-4.891,-0.350,-1.510
210.511,-328.258,-19.398,0.000,-176.920,32.562,-5.390,-6.129,-0.350,-1.586
210.518,-328.258,-19.398,0.000,-183.952,37.667,-5.298,-5.844,-0.350,-2.326
210.524,-328.258,-19.398,0.000,-184.992,37.598,-3.014,-5.802,-0.350,-1.923
210.531,-328.258,-19.398,0.000,-192.282,37.850,-3.966,-5.507,-0.350,-2.497
210.537,-328.258,-19.398,0.000,-203.255,36.473,-3.581,-5.063,-0.350,-3.601
210.544,-325.552,-21.561,0.000,-211.349,36.829,-3.373,-4.625,-0.350,-4.041
210.550,-325.552,-21.561,0.000,-218.059,31.425,-3.941,-4.353,-0.350,-4.073
210.557,-263.474,-23.890,0.000,-227.360,27.702,-3.019,-1.463,-0.350,-4.387
210.563,-263.474,-23.890,0.000,-238.785,30.506,-5.098,-1.000,-0.350,-5.043
210.570,-263.474,-23.890,0.000,-248.831,26.986,-3.681,-0.593,-0.350,-5.350
210.577,-263.474,-23.890,0.000,-250.535,17.442,-3.054,-0.524,-0.350,-4.290
210.583,-263.474,-23.890,0.000,-258.796,17.455,-4.055,-0.189,-0.350,-4.437
210.590,-263.474,-23.890,0.000,-260.998,17.301,-4.089,-0.100,-0.350,-3.713
210.596,-263.474,-23.890,0.000,-261.207,10.518,-4.665,-0.092,-0.350,-2.815
210.603,-14.757,-43.642,0.000,-260.487,8.679,-5.811,9.952,-0.297,-1.939
210.609,-14.757,-43.642,0.000,-259.274,12.277,-5.491,9.903,-0.218,-1.364
210.616,-0.149,-39.442,0.000,-252.825,7.750,-4.282,10.233,-0.134,0.024
210.622,-0.149,-39.442,0.000,-247.848,10.136,-4.196,10.032,-0.066,1.027
210.627,0.000,-40.978,0.000,-235.759,9.512,-3.563,9.548,-0.001,3.058
210.632,0.000,-40.978,0.000,-218.881,9.254,-2.079,8.865,0.060,5.371
210.638,0.000,-40.978,0.000,-206.572,11.201,-1.464,8.366,0.117,6.248
210.643,0.000,-24.941,0.000,-186.262,8.529,-0.186,7.544,0.169,8.461
210.649,0.000,-19.697,0.000,-170.590,6.752,-4.203,6.909,0.217,9.345
210.654,0.000,-19.697,0.000,-156.692,8.394,-5.389,6.346,0.261,9.712
210.660,0.000,-19.697,0.000,-143.986,9.633,-6.433,5.831,0.302,9.651
210.665,0.000,-19.398,0.000,-127.435,5.390,-5.303,5.161,0.338,10.165
210.671,0.000,-18.808,0.000,-114.334,2.754,-4.860,4.631,0.350,9.857
210.676,0.000,-18.808,0.000,-107.106,3.172,-4.330,4.338,0.350,8.668
210.681,0.000,-18.808,0.000,-100.901,2.771,-2.880,4.086,0.350,7.640
210.686,0.595,-18.518,0.000,-97.727,3.964,-3.820,3.982,0.350,6.269
210.692,0.595,-18.518,0.000,-95.495,3.289,-3.428,3.892,0.350,5.076
210.698,2.400,-18.518,0.000,-96.505,3.005,-3.802,4.006,0.350,3.753
210.704,2.400,-18.518,0.000,-99.802,4.013,-3.519,4.139,0.350,2.352
210.710,9.816,-18.231,0.000,-103.830,7.172,-4.584,4.603,0.350,1.150
210.717,14.757,-18.231,0.000,-110.741,12.553,-6.736,5.083,0.350,-0.232
210.723,14.757,-18.231,0.000,-112.879,11.743,-4.424,5.169,0.350,-0.585
210.730,17.947,-18.231,0.000,-110.055,5.998,-0.496,5.184,0.350,0.051
210.736,17.947,-18.231,0.000,-111.418,12.163,-3.723,5.239,0.350,-0.105
210.743,17.947,-18.231,0.000,-111.129,12.166,-2.188,5.228,0.350,-0.075
210.749,17.947,-18.231,0.000,-102.710,7.299,-1.580,4.887,0.350,1.239
210.756,17.947,-18.231,0.000,-99.414,15.017,-2.321,4.753,0.350,1.485
210.762,79.434,-18.231,0.000,-88.155,6.583,-2.959,6.787,0.350,2.850
210.769,79.434,-18.231,0.000,-78.423,5.563,-3.603,6.393,0.350,3.667
210.775,79.434,-18.231,0.000,-70.053,11.769,1.904,6.054,0.350,4.049
210.782,79.434,-18.231,0.000,-55.793,2.942,-0.090,5.477,0.350,5.302
210.788,79.434,-18.231,0.000,-40.532,-2.608,-4.521,4.859,0.350,6.367
210.795,174.021,-20.000,0.000,-31.225,2.034,-0.021,8.312,0.350,6.101
210.802,174.021,-20.000,0.000,-18.920,-3.017,-1.900,7.814,0.350,6.542
210.808,174.021,-20.000,0.000,-9.467,-5.188,0.086,7.431,0.350,6.393
210.815,174.021,-20.000,0.000,-1.005,-0.518,1.668,7.089,0.350,6.072
210.821,174.021,-20.000,0.000,9.818,-2.628,2.361,6.650,0.350,6.306
210.828,336.483,-27.526,0.000,16.559,-2.108,2.633,12.957,0.350,5.810
210.834,336.483,-27.526,0.000,25.994,-1.711,2.878,12.575,0.350,5.728
210.841,392.488,-31.561,0.000,36.704,-3.160,0.591,14.409,0.350,5.950
210.847,392.488,-31.561,0.000,42.954,1.779,0.014,14.156,0.350,5.470
210.854,392.488,-31.561,0.000,56.686,-2.649,1.669,13.600,0.350,6.197
210.860,434.927,-37.951,0.000,73.717,-1.830,-0.178,14.629,0.350,7.344
210.867,434.927,-37.951,0.000,89.228,1.627,6.052,14.001,0.350,7.930
210.874,434.927,-37.951,0.000,106.132,-9.441,-1.587,13.316,0.350,8.572
210.880,434.927,-37.951,0.000,120.860,-1.361,4.516,12.720,0.350,8.711
210.887,434.927,-37.951,0.000,148.317,-12.387,2.703,11.608,0.350,10.792
210.893,398.791,-43.642,0.000,168.536,-10.217,5.564,9.325,0.350,11.169
210.900,398.791,-43.642,0.000,194.380,-16.879,2.780,8.279,0.350,12.389
210.906,398.791,-43.642,0.000,209.109,-11.253,0.614,7.682,0.350,11.607
210.913,398.791,-43.642,0.000,226.731,-17.542,1.552,6.968,0.350,11.399
210.919,279.810,-45.869,0.000,243.772,-24.302,0.549,1.460,0.350,11.186
210.926,250.085,-45.869,0.000,248.802,-18.869,2.965,0.052,0.350,9.161
210.933,250.085,-45.869,0.000,256.653,-20.346,2.748,-0.266,0.348,8.016
210.939,250.085,-45.869,0.000,260.943,-24.101,4.772,-0.440,0.345,6.641
210.946,165.985,-43.099,0.000,255.158,-25.763,2.148,-3.611,0.315,4.166
210.952,149.344,-43.642,0.000,246.752,-23.600,-0.020,-3.945,0.282,1.736
210.959,149.344,-43.642,0.000,241.743,-22.440,0.920,-3.742,0.251,0.468
210.965,73.478,-41.500,0.000,229.202,-22.568,2.689,-6.307,0.208,-1.557
210.972,59.080,-43.099,0.000,216.247,-23.050,4.436,-6.365,0.158,-3.187
210.979,45.869,-41.500,0.000,203.301,-21.571,3.706,-6.376,0.108,-4.393
210.985,45.869,-41.500,0.000,190.453,-19.023,3.037,-5.856,0.058,-5.298
210.992,31.561,-40.978,0.000,178.377,-20.934,5.199,-5.946,0.008,-5.880
210.998,30.306,-44.745,0.000,166.039,-26.152,3.629,-5.497,-0.037,-6.250
211.005,30.306,-44.745,0.000,150.669,-28.560,1.966,-4.875,-0.078,-7.046
211.011,33.295,-47.598,0.000,139.203,-28.968,1.393,-4.289,-0.114,-7.119
211.018,35.101,-51.831,0.000,133.132,-27.801,1.523,-3.970,-0.147,-6.305
211.024,35.101,-51.831,0.000,127.511,-29.463,0.856,-3.743,-0.178,-5.569
211.031,35.101,-51.831,0.000,121.806,-28.263,2.306,-3.512,-0.207,-5.044
211.038,35.101,-55.033,0.000,119.936,-27.857,5.065,-3.436,-0.236,-4.180
211.044,35.101,-55.033,0.000,120.882,-32.894,3.160,-3.474,-0.263,-2.963
211.050,35.101,-55.033,0.000,120.168,-31.657,2.271,-3.445,-0.291,-2.295
211.057,35.101,-55.033,0.000,123.151,-30.373,3.168,-3.566,-0.319,-1.320
211.064,34.189,-61.907,0.000,124.971,-33.729,1.439,-3.677,-0.348,-0.667
211.070,34.189,-61.907,0.000,125.654,-34.546,1.180,-3.704,-0.350,-0.388
211.077,33.295,-63.360,0.000,130.794,-36.851,2.472,-3.949,-0.350,0.402
211.083,33.295,-63.360,0.000,134.187,-42.188,2.844,-4.086,-0.350,0.863
211.090,28.693,-69.445,0.000,131.971,-39.540,-0.160,-4.183,-0.350,0.347
211.096,25.660,-71.036,0.000,130.327,-41.041,3.467,-4.239,-0.350,-0.055
211.103,25.660,-71.036,0.000,132.964,-45.444,4.047,-4.346,-0.350,0.335
211.109,20.000,-71.843,0.000,128.704,-50.412,1.123,-4.402,-0.350,-0.356
211.116,20.000,-71.843,0.000,122.331,-45.543,2.652,-4.144,-0.350,-1.290
211.122,20.000,-71.843,0.000,119.011,-41.759,1.713,-4.010,-0.350,-1.523
211.129,20.000,-71.843,0.000,113.454,-45.616,3.629,-3.785,-0.350,-2.023
211.136,20.000,-71.843,0.000,108.798,-47.843,3.796,-3.596,-0.350,-2.180
211.142,19.398,-99.643,0.000,99.891,-47.192,0.571,-3.260,-0.350,-3.080
211.149,19.398,-99.643,0.000,96.363,-51.849,1.869,-3.117,-0.350,-2.818
211.155,23.890,-121.266,-1.000,87.491,-48.592,-0.583,-2.576,-0.350,-3.440
211.162,23.890,-121.266,-1.000,83.212,-54.718,2.990,-2.403,-0.350,-3.306
211.168,23.890,-121.266,-1.000,84.975,-65.176,3.523,-2.474,-0.350,-2.212
211.175,27.145,-147.899,-1.000,75.566,-64.040,1.082,-1.961,-0.350,-3.001
211.181,27.145,-147.899,-1.000,75.653,-64.825,4.331,-1.965,-0.350,-2.273
211.188,30.306,-169.163,0.000,75.732,-69.726,0.845,-1.840,-0.350,-1.709
211.194,30.306,-169.163,0.000,73.228,-71.806,3.368,-1.738,-0.350,-1.687
211.201,30.306,-169.163,0.000,80.566,-82.671,3.872,-2.036,-0.350,-0.159
211.207,31.138,-184.069,0.000,82.710,-81.205,-0.639,-2.089,-0.350,0.252
211.214,30.720,-198.179,0.000,83.704,-90.583,3.950,-2.146,-0.350,0.359
211.220,30.720,-203.686,0.000,89.381,-95.243,-1.452,-2.376,-0.350,1.171
211.227,30.720,-203.686,0.000,88.616,-98.231,4.395,-2.345,-0.350,0.708
211.233,30.720,-203.686,0.000,87.748,-107.582,-1.647,-2.310,-0.350,0.459
211.240,30.720,-222.931,0.000,84.746,-112.547,1.318,-2.188,-0.350,-0.151
211.246,30.720,-222.931,0.000,89.883,-124.542,3.459,-2.396,-0.350,0.669
211.253,30.720,-220.944,0.000,85.841,-127.914,1.376,-2.232,-0.350,-0.068
211.259,30.720,-220.944,0.000,86.111,-132.231,4.297,-2.243,-0.350,-0.068
211.266,31.138,-245.744,0.000,85.305,-144.699,0.682,-2.194,-0.350,-0.154
211.273,31.138,-258.949,0.000,84.929,-147.610,7.039,-2.178,-0.350,-0.181
211.279,31.138,-258.949,0.000,88.042,-157.157,3.041,-2.305,-0.350,0.318
211.286,31.138,-258.949,0.000,83.631,-158.159,0.493,-2.126,-0.350,-0.410
211.292,31.561,-272.713,0.000,81.212,-165.801,-0.154,-2.011,-0.350,-0.707
211.299,31.561,-275.063,0.000,82.397,-178.075,-0.591,-2.059,-0.350,-0.390
211.305,31.561,-275.063,0.000,77.986,-175.279,1.268,-1.880,-0.350,-0.949
211.312,31.561,-275.063,0.000,83.322,-185.813,1.453,-2.096,-0.350,0.064
211.318,31.561,-275.063,0.000,80.929,-191.149,-1.084,-1.999,-0.350,-0.336
211.325,30.720,-263.474,0.000,77.281,-195.174,-1.541,-1.886,-0.350,-0.903
211.331,30.720,-263.474,0.000,79.645,-205.841,-0.372,-1.981,-0.350,-0.222
211.338,30.720,-263.474,0.000,74.204,-205.728,-2.381,-1.761,-0.350,-0.992
211.344,26.026,-237.243,0.000,75.778,-214.827,1.719,-2.015,-0.350,-0.586
211.351,23.546,-222.931,0.000,76.564,-220.847,-1.151,-2.147,-0.350,-0.206
211.357,23.546,-222.931,0.000,73.518,-217.672,1.597,-2.024,-0.350,-0.711
211.364,23.546,-222.931,0.000,74.366,-223.285,0.565,-2.058,-0.350,-0.365
211.371,11.276,-159.772,0.000,72.846,-222.623,3.472,-2.494,-0.350,-0.472
211.377,11.276,-159.772,0.000,72.846,-216.245,5.117,-2.494,-0.350,-0.391
211.383,11.276,-159.772,0.000,72.501,-219.731,0.454,-2.480,-0.350,-0.290
211.390,6.621,-110.602,0.000,73.926,-215.667,1.288,-2.726,-0.350,0.025
211.396,4.924,-98.596,0.000,69.952,-206.808,1.134,-2.634,-0.350,-0.624
211.402,4.275,-95.509,0.000,73.757,-205.061,-0.584,-2.814,-0.350,0.139
211.409,4.275,-95.509,0.000,71.373,-202.954,-0.891,-2.717,-0.350,-0.263
211.415,4.275,-95.509,0.000,65.558,-189.411,0.336,-2.482,-0.350,-1.056
211.422,0.446,-52.459,0.000,69.060,-178.160,-0.116,-2.779,-0.350,-0.334
211.428,0.149,-43.642,0.000,67.349,-168.000,-0.708,-2.722,-0.350,-0.537
211.433,0.149,-43.642,0.000,66.835,-159.686,0.577,-2.701,-0.350,-0.611
211.439,0.149,-43.642,0.000,67.255,-152.897,0.767,-2.718,-0.350,-0.480
211.444,0.000,-35.564,0.000,67.487,-144.011,-0.111,-2.733,-0.350,-0.281
211.450,0.000,-29.491,0.000,66.817,-137.284,0.451,-2.706,-0.350,-0.136
211.455,0.000,-29.491,0.000,65.004,-129.448,1.107,-2.633,-0.350,-0.228
211.461,0.000,-29.491,0.000,62.291,-121.472,0.168,-2.523,-0.350,-0.578
211.466,0.000,-29.491,0.000,59.393,-114.922,0.574,-2.405,-0.350,-0.908
211.471,0.000,-18.808,0.000,59.700,-108.784,3.138,-2.418,-0.350,-0.520
211.477,0.000,-18.808,0.000,62.834,-105.038,4.564,-2.545,-0.350,0.390
211.482,0.000,-18.808,0.000,60.555,-97.640,1.881,-2.452,-0.350,0.084
211.487,0.000,-14.757,0.000,61.070,-95.162,1.603,-2.473,-0.350,0.343
211.493,0.000,-14.757,0.000,60.868,-92.033,-1.226,-2.465,-0.350,0.331
211.498,0.000,-12.380,0.000,58.401,-86.074,-1.655,-2.365,-0.350,-0.216
211.504,0.000,-12.380,0.000,59.127,-84.187,-1.930,-2.395,-0.350,-0.103
211.509,0.000,-12.380,0.000,59.044,-81.645,-1.244,-2.391,-0.350,-0.200
211.514,0.000,-7.153,0.000,56.765,-76.583,-0.622,-2.299,-0.350,-0.634
211.520,0.000,-6.974,0.000,54.908,-72.234,0.509,-2.224,-0.350,-0.864
211.526,0.000,-6.974,0.000,53.424,-70.222,-0.042,-2.164,-0.350,-1.035
211.531,0.000,-6.974,0.000,51.565,-67.743,-1.070,-2.088,-0.350,-1.218
211.536,0.000,-2.400,0.000,48.875,-61.365,-2.693,-1.979,-0.350,-1.609
211.543,0.000,-1.192,0.000,48.380,-58.193,-3.089,-1.959,-0.350,-1.242
211.549,0.000,-0.893,0.000,51.054,-61.048,0.295,-2.068,-0.350,-0.286
211.554,0.000,-0.893,0.000,49.846,-58.024,3.018,-2.019,-0.350,-0.291
211.559,0.000,-0.446,0.000,47.290,-52.053,1.609,-1.915,-0.350,-0.532
211.565,0.000,-0.446,0.000,47.548,-52.183,2.721,-1.926,-0.350,-0.145
211.570,0.000,-0.446,0.000,46.159,-48.219,1.615,-1.869,-0.350,-0.169
211.575,0.000,-0.446,0.000,44.132,-44.817,2.326,-1.787,-0.350,-0.403
211.582,0.000,-0.149,0.000,43.473,-42.412,0.394,-1.761,-0.350,-0.086
211.587,0.000,-0.149,0.000,42.922,-40.341,0.799,-1.738,-0.350,-0.016
211.593,0.000,-0.149,0.000,41.434,-35.402,0.173,-1.678,-0.350,-0.256
211.599,0.000,-0.149,0.000,42.490,-34.379,-0.487,-1.721,-0.350,0.040
211.605,0.000,-0.149,0.000,40.863,-28.355,-2.441,-1.655,-0.350,-0.467
211.610,0.000,-0.149,0.000,41.412,-22.979,-2.975,-1.677,-0.350,-0.373
211.616,0.000,-0.149,0.000,37.858,-18.554,-4.651,-1.533,-0.350,-1.298
211.621,0.000,2.706,-10.000,36.309,-12.445,-6.738,-1.471,-0.350,-1.241
211.627,0.000,2.706,-10.000,35.322,-9.620,-6.125,-1.431,-0.350,-1.201
211.632,0.000,2.706,-10.000,34.307,-10.928,-4.649,-1.389,-0.350,-1.162
211.637,0.000,2.706,-10.000,33.628,-11.263,-3.462,-1.362,-0.350,-1.042
211.643,0.000,2.706,-10.000,32.531,-11.024,-3.434,-1.317,-0.350,-1.045
211.649,0.000,13.068,-36.000,30.351,-10.654,-4.262,-1.229,-0.350,-1.229
211.654,0.000,13.068,-36.000,28.836,-8.419,-4.500,-1.168,-0.350,-1.207
211.659,0.000,13.068,-36.000,26.485,-6.773,-7.553,-1.073,-0.350,-1.308
211.665,0.000,19.398,-51.000,27.914,-5.692,-11.409,-1.131,-0.350,-0.732
211.670,0.000,19.398,-51.000,28.156,-3.341,-17.462,-1.140,-0.350,-0.499
211.676,0.000,21.243,-73.000,30.649,-2.710,-19.799,-1.241,-0.350,0.120
211.681,0.000,21.243,-73.000,28.562,-1.410,-27.587,-1.157,-0.350,-0.271
211.687,0.000,28.693,-86.000,26.539,1.601,-33.649,-1.075,-0.350,-0.624
211.692,0.000,28.693,-86.000,24.221,5.035,-35.691,-0.981,-0.350,-0.988
211.698,0.000,34.189,-90.000,22.118,9.099,-40.111,-0.896,-0.350,-1.209
211.703,0.000,34.189,-90.000,20.150,12.249,-44.214,-0.816,-0.350,-1.240
211.709,0.000,34.189,-90.000,21.221,14.968,-48.292,-0.859,-0.350,-0.693
211.714,0.000,34.189,-90.000,21.026,17.156,-50.510,-0.852,-0.350,-0.451
211.720,0.000,43.642,-111.000,21.403,22.372,-51.475,-0.867,-0.350,-0.178
211.725,-0.149,44.745,-116.000,19.165,29.092,-54.050,-0.782,-0.350,-0.478
211.731,-0.149,44.745,-116.000,15.658,36.070,-56.672,-0.640,-0.350,-1.047
211.736,-0.149,44.745,-116.000,16.044,36.402,-60.734,-0.656,-0.350,-0.787
211.742,-0.149,45.869,-128.000,17.260,32.873,-64.909,-0.705,-0.350,-0.379
211.747,-0.149,45.869,-128.000,19.042,30.254,-74.163,-0.777,-0.350,0.006
211.753,-0.149,45.869,-134.000,19.022,34.547,-81.081,-0.776,-0.350,0.083
211.758,-0.149,45.869,-134.000,15.837,41.399,-82.984,-0.647,-0.350,-0.535
211.764,0.000,45.304,-138.000,15.307,42.157,-82.093,-0.620,-0.350,-0.624
211.769,0.000,45.304,-138.000,14.987,38.557,-84.132,-0.607,-0.350,-0.479
211.775,0.000,45.304,-138.000,14.995,36.789,-89.712,-0.607,-0.350,-0.379
211.780,0.000,45.304,-138.000,12.585,40.327,-95.361,-0.510,-0.350,-0.653
211.786,0.000,45.304,-138.000,8.474,46.078,-95.272,-0.343,-0.350,-1.220
211.791,0.000,44.745,-138.000,7.065,46.575,-94.060,-0.286,-0.350,-1.264
211.797,-0.149,43.642,-138.000,7.543,39.733,-97.468,-0.311,-0.350,-0.835
211.802,-0.149,43.642,-138.000,7.092,34.603,-101.316,-0.293,-0.350,-0.693
211.808,-0.149,43.642,-138.000,4.213,36.221,-106.475,-0.177,-0.350,-1.022
211.813,-0.149,43.642,-138.000,-1.865,42.509,-108.246,0.070,-0.350,-1.879
211.819,-0.149,40.461,-142.000,-4.298,46.759,-106.447,0.168,-0.349,-1.947
211.824,-0.149,40.461,-142.000,-2.425,44.496,-105.423,0.092,-0.348,-1.092
211.830,-0.297,40.461,-142.000,-3.346,38.341,-109.034,0.123,-0.347,-0.937
211.836,-0.297,40.461,-142.000,-7.540,43.534,-110.911,0.293,-0.345,-1.366
211.842,-3.014,39.949,-147.000,-4.662,43.710,-110.868,0.067,-0.344,-0.585
211.849,-4.598,40.461,-149.000,-7.301,41.105,-115.203,0.109,-0.343,-0.830
211.855,-4.598,40.461,-149.000,-9.426,46.474,-116.389,0.196,-0.342,-0.944
211.862,-4.598,40.461,-149.000,-1.960,41.060,-118.546,-0.107,-0.342,0.452
211.868,-8.829,32.855,-154.000,0.265,46.017,-122.676,-0.368,-0.345,0.671
211.875,-11.062,28.693,-157.000,-0.385,48.872,-124.874,-0.432,-0.348,0.345
211.882,-11.932,26.026,-158.000,-1.039,46.460,-127.809,-0.441,-0.350,0.183
211.888,-11.932,26.026,-158.000,-7.090,50.930,-129.576,-0.196,-0.350,-0.792
211.895,-21.561,19.102,-158.000,-3.164,41.825,-132.427,-0.745,-0.350,-0.018
211.901,-21.561,19.102,-158.000,-5.661,45.730,-131.330,-0.644,-0.350,-0.343
211.908,-21.561,19.102,-158.000,-4.495,44.075,-135.575,-0.691,-0.350,-0.130
211.914,-31.988,16.839,-158.000,-2.271,38.896,-141.072,-1.204,-0.350,0.235
211.921,-31.988,16.839,-158.000,-10.320,45.383,-139.625,-0.878,-0.350,-1.059
211.928,-49.377,11.276,-157.000,-10.248,45.300,-143.643,-1.585,-0.350,-0.816
211.934,-49.377,11.276,-157.000,-11.947,48.062,-143.383,-1.516,-0.350,-0.841
211.941,-49.377,11.276,-157.000,-14.096,51.260,-143.280,-1.429,-0.350,-1.007
211.947,-49.377,11.276,-157.000,-16.924,50.830,-143.056,-1.314,-0.350,-1.194
211.954,-55.692,4.760,-150.000,-21.094,54.731,-143.958,-1.401,-0.350,-1.544
211.960,-55.692,4.760,-150.000,-27.650,57.785,-143.297,-1.136,-0.350,-2.193
211.967,-55.692,4.760,-150.000,-27.322,56.259,-141.923,-1.149,-0.350,-1.615
211.974,-55.692,4.760,-150.000,-31.497,52.659,-142.522,-0.980,-0.350,-1.747
211.980,-55.033,0.000,-119.000,-35.110,60.000,-143.001,-0.807,-0.350,-1.903
211.986,-55.033,0.000,-119.000,-35.956,58.429,-143.507,-0.773,-0.350,-1.696
211.992,-55.692,-0.446,-103.000,-37.299,53.171,-141.346,-0.745,-0.350,-1.452
211.998,-55.692,-0.446,-103.000,-43.939,51.381,-136.635,-0.476,-0.350,-2.056
212.004,-55.692,-0.446,-103.000,-48.154,44.999,-130.740,-0.305,-0.350,-2.297
212.011,-100.698,-0.595,-71.000,-49.482,40.635,-124.944,-2.074,-0.350,-2.009
212.017,-100.698,-0.595,-71.000,-51.980,34.210,-122.093,-1.973,-0.350,-1.993
212.023,-110.602,-0.595,-57.000,-54.164,26.715,-115.354,-2.286,-0.350,-1.848
212.029,-110.602,-0.595,-57.000,-59.031,23.455,-109.704,-2.089,-0.350,-2.136
212.035,-110.602,-0.595,-57.000,-62.588,22.144,-104.544,-1.945,-0.350,-2.157
212.041,-110.602,-0.595,-57.000,-69.068,17.542,-101.655,-1.682,-0.350,-2.756
212.047,-110.602,-0.595,-57.000,-74.078,14.663,-98.835,-1.479,-0.350,-2.999
212.053,-110.602,-0.595,-57.000,-79.429,14.059,-94.425,-1.263,-0.350,-3.186
212.059,-110.602,-0.595,-57.000,-85.170,15.398,-91.293,-1.030,-0.350,-3.439
212.065,-161.307,-1.944,-9.000,-92.064,14.201,-93.479,-2.804,-0.350,-3.881
212.071,-161.307,-1.944,-9.000,-95.035,15.909,-92.005,-2.684,-0.350,-3.423
212.078,-161.307,-1.944,-9.000,-98.874,10.879,-84.023,-2.529,-0.350,-3.203
212.084,-164.414,-3.169,-1.000,-105.267,12.853,-75.168,-2.395,-0.350,-3.423
212.091,-164.414,-3.169,-1.000,-106.866,12.559,-61.162,-2.331,-0.350,-2.870
212.098,-164.414,-3.169,-1.000,-114.168,18.876,-55.925,-2.035,-0.350,-3.342
212.104,-164.414,-3.169,-1.000,-123.783,16.284,-52.700,-1.646,-0.350,-4.060
212.111,-164.414,-3.169,-1.000,-127.194,23.378,-46.507,-1.507,-0.350,-3.670
212.117,-164.414,-3.169,-1.000,-134.476,23.816,-46.640,-1.213,-0.350,-3.980
212.124,-164.414,-3.169,-1.000,-138.533,21.647,-44.502,-1.048,-0.350,-3.664
212.130,-187.519,-7.698,0.000,-141.110,23.958,-42.666,-1.880,-0.350,-3.229
212.137,-213.136,-8.069,0.000,-149.579,14.451,-42.730,-2.574,-0.350,-3.776
212.143,-213.136,-8.069,0.000,-153.086,14.810,-37.830,-2.432,-0.350,-3.408
212.150,-235.155,-8.446,0.000,-161.776,9.644,-40.432,-2.972,-0.350,-3.892
212.156,-239.346,-8.829,0.000,-164.657,5.427,-34.294,-3.025,-0.350,-3.378
212.163,-239.346,-8.829,0.000,-164.287,3.610,-29.861,-3.040,-0.350,-2.437
212.169,-241.464,-11.276,0.000,-168.600,-0.761,-29.535,-2.951,-0.350,-2.485
212.176,-241.464,-11.493,0.000,-171.500,0.711,-25.293,-2.834,-0.350,-2.214
212.183,-241.464,-11.493,0.000,-179.204,-2.596,-27.935,-2.522,-0.350,-2.767
212.189,-241.464,-11.493,0.000,-187.161,2.879,-24.074,-2.199,-0.350,-3.217
212.196,-239.346,-13.539,0.000,-196.521,4.322,-29.715,-1.734,-0.350,-3.836
212.202,-239.346,-13.539,0.000,-203.140,3.490,-32.227,-1.466,-0.350,-3.925
212.209,-239.346,-13.539,0.000,-209.532,7.654,-29.846,-1.207,-0.350,-3.941
212.215,-239.346,-13.539,0.000,-219.792,7.945,-31.308,-0.792,-0.350,-4.529
212.222,-220.944,-14.757,0.000,-220.912,9.463,-22.001,-0.001,-0.350,-3.617
212.229,-205.549,-15.518,0.000,-226.767,7.795,-20.317,0.859,-0.345,-3.600
212.235,-153.744,-15.777,0.000,-230.882,8.380,-16.078,3.124,-0.326,-3.337
212.242,-121.266,-16.038,0.000,-233.418,4.380,-14.285,4.542,-0.297,-2.868
212.248,-92.499,-17.387,0.000,-238.724,8.388,-19.518,5.922,-0.256,-2.974
212.255,-92.499,-17.387,0.000,-236.380,7.716,-18.030,5.827,-0.209,-1.855
212.261,-92.499,-17.387,0.000,-231.236,8.458,-20.417,5.619,-0.163,-0.605
212.268,-55.033,-18.518,0.000,-225.344,5.908,-17.289,6.898,-0.106,0.572
212.274,-35.564,-19.398,0.000,-219.241,2.113,-20.288,7.439,-0.047,1.435
212.281,-35.564,-19.398,0.000,-205.443,1.488,-14.807,6.880,0.011,3.100
212.288,-20.306,-19.697,0.000,-194.032,-2.098,-20.638,7.036,0.066,4.132
212.294,-20.306,-19.697,0.000,-183.251,-2.812,-12.454,6.599,0.120,4.829
212.301,-15.008,-20.000,0.000,-175.101,-4.485,-16.460,6.484,0.174,4.891
212.307,-15.008,-20.000,0.000,-162.037,2.059,-10.923,5.955,0.223,5.608
212.314,-12.380,-19.697,0.000,-151.886,-1.625,-12.918,5.650,0.270,5.785
212.320,-10.849,-20.000,0.000,-139.304,-2.654,-11.424,5.202,0.312,6.462
212.326,-10.849,-20.000,0.000,-128.768,-5.729,-10.134,4.776,0.349,6.639
212.332,-10.849,-20.000,0.000,-120.979,-10.433,-16.381,4.460,0.350,6.276
212.339,-6.797,-21.884,0.000,-114.425,-4.023,-13.559,4.359,0.350,5.713
212.345,-4.275,-23.207,0.000,-108.654,-3.479,-13.376,4.227,0.350,5.151
212.352,-3.169,-24.236,0.000,-101.520,-11.918,-12.096,3.983,0.350,4.947
212.358,-0.297,-31.138,0.000,-101.891,-10.487,-10.787,4.115,0.350,3.739
212.364,0.149,-36.504,0.000,-98.535,-11.624,-9.927,3.997,0.350,3.494
212.370,0.149,-36.504,0.000,-100.161,-16.554,-11.524,4.063,0.350,2.369
212.375,0.149,-36.504,0.000,-100.510,-19.611,-11.044,4.077,0.350,1.696
212.380,0.149,-36.504,0.000,-100.632,-21.892,-8.253,4.082,0.350,1.278
212.386,0.149,-36.504,0.000,-98.326,-20.671,-6.119,3.988,0.350,1.474
212.391,0.000,-35.564,0.000,-96.601,-19.019,-4.622,3.912,0.350,1.527
212.397,0.000,-36.032,0.000,-95.499,-16.565,-3.998,3.868,0.350,1.464
212.402,0.000,-36.032,0.000,-96.436,-16.026,-8.346,3.906,0.350,1.045
212.408,0.000,-36.032,0.000,-94.504,-15.422,-9.101,3.827,0.350,1.231
212.414,3.796,-43.642,0.000,-92.433,-12.228,-8.835,3.897,0.350,1.393
212.420,6.100,-42.560,0.000,-88.979,-5.588,-6.418,3.851,0.350,1.513
212.427,6.100,-42.560,0.000,-87.252,-10.450,-9.371,3.781,0.350,1.394
212.433,27.145,-48.778,0.000,-81.661,-13.469,-10.412,4.407,0.350,1.987
212.440,27.145,-48.778,0.000,-82.650,-8.939,-7.272,4.447,0.350,1.343
212.446,29.491,-51.209,0.000,-79.568,-11.979,-7.998,4.417,0.350,1.475
212.453,29.491,-51.209,0.000,-68.883,-15.103,-6.190,3.984,0.350,2.772
212.459,29.491,-51.209,0.000,-63.830,-14.088,-5.605,3.779,0.350,2.910
212.466,96.529,-56.357,0.000,-62.106,-17.755,-8.007,6.425,0.350,2.397
212.472,96.529,-56.357,0.000,-51.977,-19.905,-6.127,6.014,0.350,3.357
212.479,96.529,-56.357,0.000,-46.486,-25.171,-6.829,5.792,0.350,3.485
212.485,96.529,-56.357,0.000,-41.582,-31.563,-7.834,5.593,0.350,3.328
212.492,143.633,-59.777,0.000,-32.358,-32.294,-7.613,7.128,0.350,3.828
212.498,143.633,-59.777,0.000,-23.712,-37.633,-8.507,6.777,0.350,4.286
212.505,158.247,-59.777,0.000,-17.756,-38.604,-5.623,7.128,0.350,4.156
212.512,158.247,-59.777,0.000,-6.733,-38.314,-4.406,6.682,0.350,4.777
212.518,158.247,-59.777,0.000,0.654,-45.041,-7.596,6.383,0.350,4.733
212.525,158.247,-59.777,0.000,7.304,-45.385,-7.379,6.113,0.350,4.594
212.531,158.247,-59.777,0.000,14.309,-41.505,-4.000,5.829,0.350,4.548
212.538,167.568,-55.692,0.000,22.544,-42.973,-5.460,5.873,0.350,4.639
212.544,167.568,-55.692,0.000,33.598,-42.572,-0.595,5.426,0.350,5.248
212.551,169.163,-54.380,0.000,39.897,-42.795,-4.535,5.235,0.350,4.904
212.557,169.163,-53.734,0.000,46.882,-39.156,-2.244,4.952,0.350,4.657
212.564,169.163,-53.734,0.000,55.987,-38.552,-2.992,4.584,0.350,4.893
212.570,169.163,-53.734,0.000,61.156,-40.531,-7.939,4.374,0.350,4.528
212.577,169.163,-53.734,0.000,62.950,-36.273,-4.472,4.302,0.350,3.690
212.583,169.163,-53.734,0.000,72.213,-36.615,-3.514,3.926,0.350,4.133
212.590,169.163,-53.734,0.000,76.086,-42.530,-6.268,3.770,0.350,3.712
212.596,169.163,-53.734,0.000,79.113,-43.908,-2.241,3.647,0.350,3.318
212.603,169.163,-53.734,0.000,80.498,-39.748,-2.842,3.591,0.350,2.690
212.610,169.163,-53.734,0.000,81.884,-41.583,-3.821,3.535,0.350,2.176
212.616,159.772,-51.209,0.000,87.229,-43.705,-2.936,2.938,0.350,2.488
212.623,143.633,-49.982,0.000,86.245,-42.027,-3.926,2.324,0.350,1.787
212.629,138.097,-50.592,0.000,84.610,-42.163,-4.990,2.166,0.350,1.030
212.636,138.097,-50.592,0.000,87.400,-40.610,-3.460,2.053,0.350,1.124
212.642,138.097,-50.592,0.000,92.386,-41.409,-1.179,1.851,0.350,1.684
212.649,116.430,-45.869,0.000,91.676,-41.351,-2.248,1.003,0.350,1.216
212.655,116.430,-45.869,0.000,95.273,-36.151,-0.511,0.857,0.350,1.420
212.662,111.749,-44.191,0.000,100.785,-37.059,0.566,0.444,0.350,1.948
212.668,100.698,-45.304,0.000,102.150,-41.561,1.986,-0.059,0.350,1.704
212.675,93.494,-40.978,0.000,99.021,-39.734,2.241,-0.224,0.348,0.776
212.682,90.535,-38.443,0.000,104.708,-32.841,0.675,-0.574,0.344,1.392
212.688,90.535,-38.443,0.000,104.724,-35.639,1.743,-0.575,0.340,1.144
212.695,64.839,-29.491,0.000,104.353,-34.540,1.742,-1.600,0.333,0.853
212.701,64.839,-29.491,0.000,103.768,-29.811,2.466,-1.577,0.319,0.479
212.708,64.839,-29.491,0.000,102.419,-33.049,4.414,-1.522,0.307,0.174
212.714,64.839,-29.491,0.000,96.856,-29.955,3.043,-1.297,0.296,-0.686
212.721,64.839,-29.491,0.000,93.559,-28.445,4.238,-1.163,0.287,-1.052
212.727,64.839,-29.491,0.000,94.631,-30.301,6.631,-1.207,0.277,-0.619
212.734,64.839,-29.491,0.000,92.130,-29.369,4.474,-1.105,0.268,-0.809
212.740,64.839,-29.491,0.000,84.554,-23.796,2.045,-0.798,0.261,-1.801
212.747,64.839,-29.491,0.000,84.759,-28.030,4.409,-0.807,0.254,-1.396
212.754,26.395,-16.302,0.000,83.740,-31.135,5.039,-2.322,0.235,-1.144
212.760,26.395,-16.302,0.000,81.277,-26.766,5.815,-2.223,0.217,-1.270
212.767,20.000,-12.155,0.000,81.383,-28.120,6.155,-2.486,0.198,-0.915
212.773,16.839,-8.069,0.000,80.658,-30.304,5.794,-2.585,0.178,-0.798
212.780,15.777,-7.698,0.000,76.796,-28.360,6.607,-2.471,0.158,-1.212
212.786,15.777,-7.698,0.000,79.204,-27.376,6.909,-2.569,0.138,-0.541
212.793,12.607,-7.515,0.000,76.346,-28.540,5.808,-2.581,0.117,-0.786
212.799,10.019,-7.333,0.000,73.511,-28.400,6.713,-2.571,0.096,-1.078
212.806,9.023,-7.333,0.000,71.755,-26.865,6.339,-2.541,0.075,-1.159
212.812,9.023,-7.333,0.000,69.676,-28.822,5.458,-2.456,0.055,-1.141
212.819,5.589,-7.153,0.000,65.303,-26.010,5.765,-2.418,0.036,-1.491
212.825,5.589,-7.153,0.000,61.623,-23.320,7.250,-2.269,0.017,-1.719
212.832,5.589,-7.153,0.000,59.329,-25.671,6.779,-2.176,-0.001,-1.728
212.838,5.589,-7.153,0.000,56.961,-28.566,6.656,-2.081,-0.018,-1.578
212.845,0.595,-4.114,0.000,51.014,-20.142,4.540,-2.042,-0.034,-2.233
212.851,0.595,-4.114,0.000,45.257,-15.828,4.858,-1.809,-0.049,-2.715
212.857,0.595,-4.114,0.000,39.728,-10.935,4.026,-1.585,-0.061,-3.052
212.863,0.595,-4.114,0.000,40.185,-11.855,5.487,-1.603,-0.073,-2.294
212.868,0.000,-2.706,0.000,37.610,-10.292,5.866,-1.523,-0.084,-2.238
212.874,0.000,-2.860,0.000,33.190,-10.287,6.940,-1.344,-0.093,-2.475
212.879,0.000,-2.860,0.000,32.935,-12.941,8.947,-1.334,-0.102,-1.833
212.885,0.000,-2.860,0.000,33.495,-12.778,7.414,-1.357,-0.111,-1.184
212.890,0.000,-2.860,0.000,31.651,-11.265,6.623,-1.282,-0.120,-1.205
212.896,0.000,-3.014,0.000,27.728,-8.988,6.464,-1.123,-0.128,-1.667
212.901,0.000,-3.014,0.000,25.368,-6.247,5.296,-1.027,-0.135,-1.823
212.907,0.000,-3.014,0.000,24.029,-5.356,4.954,-0.973,-0.142,-1.692
212.912,0.000,-3.955,0.000,22.717,-6.258,4.118,-0.920,-0.149,-1.512
212.917,0.000,-3.955,0.000,21.912,-6.238,3.765,-0.887,-0.154,-1.224
212.923,0.297,-6.446,0.000,22.840,-10.472,4.296,-0.913,-0.161,-0.711
212.929,0.297,-6.446,0.000,21.224,-7.670,4.072,-0.847,-0.167,-0.790
212.935,0.297,-6.446,0.000,23.685,-5.248,4.040,-0.947,-0.174,-0.237
212.941,4.114,-8.446,0.000,25.033,-6.686,5.338,-0.847,-0.181,0.025
212.948,4.114,-8.446,0.000,26.165,-11.718,5.614,-0.893,-0.188,0.185
212.955,4.114,-8.446,0.000,28.731,-14.790,6.002,-0.997,-0.196,0.625
212.961,4.114,-8.446,0.000,28.488,-11.031,3.898,-0.987,-0.204,0.344
212.968,11.711,-15.008,0.000,32.323,-12.294,4.306,-0.835,-0.211,0.902
212.974,11.711,-15.008,0.000,32.579,-12.650,4.968,-0.845,-0.218,0.704
212.981,11.711,-15.008,0.000,29.912,-11.100,3.248,-0.737,-0.224,0.151
212.987,26.395,-15.518,0.000,28.806,-4.352,0.908,-0.098,-0.228,-0.088
212.994,26.395,-15.518,0.000,31.105,-0.704,1.804,-0.191,-0.230,0.293
213.001,26.395,-15.518,0.000,29.713,1.955,2.981,-0.134,-0.230,0.082
213.007,29.090,-15.777,0.000,27.688,4.805,4.617,0.057,-0.230,-0.246
213.014,29.491,-16.038,0.000,26.203,7.775,4.874,0.133,-0.230,-0.495
213.020,29.491,-16.302,0.000,27.048,10.756,4.875,0.099,-0.229,-0.315
213.027,29.491,-16.302,0.000,24.781,10.517,2.146,0.191,-0.228,-0.538
213.033,29.491,-16.302,0.000,20.245,15.051,3.315,0.374,-0.225,-1.053
213.040,29.491,-16.569,0.000,18.951,20.699,3.595,0.427,-0.222,-1.021
213.046,29.090,-16.302,0.000,20.901,20.730,5.944,0.332,-0.219,-0.520
213.053,29.090,-16.302,0.000,26.073,19.685,7.926,0.122,-0.218,0.400
213.059,26.395,-16.569,0.000,27.012,11.410,8.838,-0.025,-0.217,0.502
213.066,25.660,-16.569,0.000,24.674,8.844,7.463,0.040,-0.217,0.032
213.073,25.660,-16.569,0.000,26.022,5.358,6.887,-0.015,-0.217,0.145
213.079,25.660,-16.569,0.000,26.794,-0.910,3.776,-0.046,-0.217,0.239
213.086,25.660,-16.569,0.000,24.778,-1.191,0.487,0.036,-0.217,-0.124
213.092,25.660,-22.538,0.000,23.208,1.955,-1.757,0.099,-0.217,-0.382
213.099,25.660,-22.538,0.000,26.169,1.863,-0.008,-0.021,-0.217,0.137
213.105,25.660,-22.538,0.000,28.143,-3.128,2.528,-0.101,-0.217,0.453
213.112,25.299,-47.598,0.000,26.445,-4.005,5.080,-0.046,-0.218,0.092
213.119,25.299,-47.598,0.000,25.784,-5.512,6.693,-0.020,-0.218,-0.075
213.125,25.299,-47.598,0.000,26.545,-7.359,6.401,-0.050,-0.219,0.041
213.132,25.299,-47.598,0.000,26.577,-8.702,6.947,-0.052,-0.219,0.019
213.138,20.306,-79.434,0.000,26.836,-11.011,5.363,-0.264,-0.221,0.097
213.145,20.306,-79.434,0.000,25.365,-16.009,3.234,-0.205,-0.223,-0.135
213.151,20.306,-79.434,0.000,25.455,-15.772,1.463,-0.209,-0.225,-0.140
213.158,13.777,-111.749,0.000,25.460,-15.554,-0.678,-0.473,-0.227,-0.149
213.165,13.539,-115.245,0.000,28.801,-17.386,1.512,-0.618,-0.232,0.331
213.171,13.539,-115.245,0.000,27.448,-20.565,3.866,-0.563,-0.237,0.098
213.178,13.539,-115.245,0.000,26.567,-24.314,3.192,-0.528,-0.241,-0.048
213.184,13.539,-140.843,0.000,27.383,-25.215,0.161,-0.561,-0.246,0.047
213.191,13.539,-143.633,0.000,28.869,-25.617,-0.153,-0.621,-0.251,0.250
213.197,13.539,-143.633,0.000,29.202,-28.636,1.317,-0.634,-0.256,0.244
213.204,13.539,-159.772,0.000,30.605,-37.004,4.490,-0.691,-0.261,0.458
213.210,13.539,-159.772,0.000,29.200,-47.213,4.163,-0.634,-0.266,0.141
213.217,13.539,-159.772,0.000,28.009,-53.465,2.610,-0.586,-0.271,-0.140
213.223,13.068,-180.670,0.000,25.968,-58.261,1.999,-0.522,-0.276,-0.490
213.230,12.155,-189.263,0.000,26.938,-64.876,2.620,-0.599,-0.281,-0.212
213.236,12.155,-189.263,0.000,23.461,-73.528,2.117,-0.458,-0.284,-0.654
213.243,12.155,-189.263,0.000,21.623,-83.865,1.945,-0.383,-0.288,-0.776
213.249,8.256,-200.001,0.000,18.242,-89.977,0.493,-0.404,-0.291,-1.170
213.256,8.256,-200.001,0.000,17.751,-97.305,1.920,-0.385,-0.294,-0.981
213.263,8.256,-200.001,0.000,19.522,-107.669,5.246,-0.456,-0.298,-0.451
213.269,8.256,-200.001,0.000,17.655,-116.964,7.372,-0.381,-0.301,-0.602
213.276,4.275,-165.985,0.000,14.640,-121.122,4.429,-0.420,-0.304,-0.969
213.282,1.342,-156.735,0.000,17.163,-123.641,0.824,-0.641,-0.309,-0.361
213.289,1.342,-156.735,0.000,18.406,-127.431,0.248,-0.691,-0.314,-0.099
213.295,0.000,-101.762,0.000,19.499,-132.302,1.908,-0.790,-0.320,0.141
213.301,0.000,-101.762,0.000,21.200,-134.770,2.455,-0.859,-0.326,0.448
213.306,0.000,-101.762,0.000,21.479,-133.997,2.504,-0.870,-0.332,0.417
213.312,0.000,-101.762,0.000,20.306,-132.675,3.166,-0.822,-0.337,0.072
213.317,0.000,-101.762,0.000,18.874,-130.156,3.460,-0.764,-0.343,-0.248
213.323,0.000,-60.480,0.000,16.251,-125.608,3.925,-0.658,-0.347,-0.704
213.328,0.000,-52.459,0.000,16.207,-118.965,3.118,-0.656,-0.350,-0.576
213.334,0.000,-52.459,0.000,16.353,-112.527,3.881,-0.662,-0.350,-0.415
213.339,0.000,-52.459,0.000,15.835,-105.220,3.368,-0.641,-0.350,-0.367
213.345,0.000,-39.442,0.000,13.490,-93.997,4.708,-0.546,-0.350,-0.680
213.350,0.000,-31.138,0.000,11.159,-83.470,5.363,-0.452,-0.350,-0.839
213.355,0.000,-31.138,0.000,11.219,-71.890,7.792,-0.454,-0.350,-0.515
213.361,0.000,-31.138,0.000,13.807,-68.696,7.816,-0.559,-0.350,0.147
213.366,0.000,-17.947,0.000,12.256,-59.705,6.883,-0.496,-0.350,-0.151
213.372,0.000,-17.947,0.000,10.068,-52.126,5.148,-0.408,-0.350,-0.453
213.377,0.000,-15.777,0.000,7.804,-46.780,4.474,-0.316,-0.350,-0.680
213.383,0.000,-15.777,0.000,6.362,-44.149,4.539,-0.258,-0.350,-0.679
213.388,0.000,-6.621,0.000,4.762,-43.204,5.607,-0.193,-0.350,-0.717
213.394,0.000,-6.621,0.000,2.884,-44.428,5.667,-0.117,-0.350,-0.831
213.399,0.000,-4.436,0.000,4.012,-43.892,4.308,-0.162,-0.350,-0.329
213.405,0.000,-4.436,0.000,4.575,-41.478,4.309,-0.185,-0.350,-0.057
213.410,0.000,-4.436,0.000,3.885,-37.799,4.926,-0.157,-0.350,-0.059
213.416,0.000,-0.893,0.000,2.321,-35.296,4.521,-0.094,-0.350,-0.216
213.421,0.000,-0.595,0.000,0.075,-30.763,3.558,-0.003,-0.350,-0.491
213.426,0.000,-0.595,0.000,-0.356,-30.662,2.703,0.014,-0.350,-0.393
213.431,0.000,-0.446,0.000,-1.567,-32.526,1.628,0.063,-0.349,-0.561
213.436,0.000,-0.297,0.000,-3.103,-31.882,1.604,0.126,-0.349,-0.726
213.442,0.000,-0.297,0.000,-0.669,-31.304,4.052,0.027,-0.349,-0.080
213.449,0.000,-0.297,0.000,-0.259,-29.818,6.229,0.010,-0.348,0.062
213.455,0.000,-0.297,0.000,-1.590,-26.773,5.742,0.064,-0.348,-0.203
213.462,0.000,-0.297,0.000,-2.811,-22.872,4.272,0.114,-0.347,-0.407
213.467,0.000,-0.297,0.000,-3.260,-25.496,4.520,0.132,-0.347,-0.521
213.474,0.149,14.262,0.000,-3.985,-18.157,2.636,0.167,-0.346,-0.572
213.479,0.149,14.262,0.000,-3.736,-17.846,3.182,0.157,-0.345,-0.481
213.484,0.149,14.262,0.000,-5.044,-14.338,3.387,0.210,-0.344,-0.680
213.490,0.149,14.262,0.000,-5.320,-10.900,3.929,0.221,-0.343,-0.629
213.495,0.149,35.101,0.000,-3.426,-9.275,5.752,0.145,-0.342,-0.188
213.501,0.149,35.101,0.000,-2.474,-7.412,4.409,0.106,-0.342,-0.033
213.506,0.000,43.099,0.000,-2.213,-4.280,4.375,0.090,-0.341,-0.056
213.512,0.000,43.099,0.000,-3.016,1.690,3.744,0.122,-0.341,-0.287
213.517,0.000,43.099,0.000,-3.363,8.564,3.947,0.136,-0.340,-0.304
213.523,0.000,85.769,0.000,-1.597,9.502,6.115,0.065,-0.340,0.083
213.528,0.000,85.769,0.000,-0.276,11.662,5.089,0.011,-0.340,0.254
213.534,0.000,85.769,0.000,-1.835,15.618,5.092,0.074,-0.340,-0.147
213.539,0.000,85.769,0.000,-4.008,19.828,4.819,0.162,-0.339,-0.572
213.545,0.000,85.769,0.000,-5.935,22.657,4.679,0.240,-0.338,-0.839
213.550,0.000,172.390,0.000,-4.317,22.552,5.371,0.175,-0.337,-0.380
213.556,0.000,172.390,0.000,-3.747,25.808,4.362,0.152,-0.336,-0.265
213.561,-0.149,194.573,0.000,-4.960,31.893,4.520,0.195,-0.335,-0.487
213.567,-0.149,252.278,0.000,-6.423,40.219,4.712,0.254,-0.333,-0.673
213.572,-0.149,252.278,0.000,-6.547,49.949,4.487,0.259,-0.332,-0.557
213.578,-0.149,252.278,0.000,-8.423,60.683,3.711,0.335,-0.330,-0.815
213.583,-0.149,265.760,0.000,-10.114,75.646,3.143,0.404,-0.327,-0.916
213.589,-0.149,265.760,0.000,-9.250,89.666,2.703,0.369,-0.325,-0.637
213.594,-0.149,265.760,0.000,-8.905,104.650,3.205,0.355,-0.323,-0.514
213.600,-0.149,265.760,0.000,-7.206,117.746,3.347,0.286,-0.321,-0.107
213.605,-0.149,265.760,0.000,-9.140,127.896,2.889,0.364,-0.319,-0.498
213.611,-0.149,265.760,0.000,-10.685,139.121,1.947,0.427,-0.316,-0.656
213.616,-0.149,265.760,0.000,-7.620,149.358,1.072,0.303,-0.314,0.007
213.622,-0.149,265.760,0.000,-9.136,161.681,1.786,0.364,-0.312,-0.320
213.627,-0.297,182.363,0.000,-9.811,172.252,2.130,0.385,-0.310,-0.339
213.633,-0.297,182.363,0.000,-8.232,182.818,3.911,0.321,-0.307,0.041
213.639,-1.192,138.097,0.000,-9.993,195.821,3.764,0.356,-0.304,-0.248
213.645,-1.192,138.097,0.000,-11.304,205.364,4.420,0.410,-0.302,-0.442
213.651,-4.436,74.306,0.000,-13.303,212.324,3.271,0.359,-0.299,-0.693
213.658,-4.598,67.111,0.000,-9.471,210.383,4.695,0.197,-0.297,0.104
213.665,-4.598,67.111,0.000,-9.351,201.131,4.691,0.193,-0.295,0.148
213.671,-4.598,67.111,0.000,-13.115,197.687,3.044,0.345,-0.293,-0.509
213.678,-4.598,47.598,0.000,-14.113,189.287,3.808,0.385,-0.290,-0.573
213.684,-4.598,47.598,0.000,-14.630,173.663,2.882,0.406,-0.286,-0.451
213.691,-4.598,47.598,0.000,-17.744,164.708,1.354,0.532,-0.282,-0.801
213.697,-4.275,24.941,0.000,-15.708,150.334,3.500,0.463,-0.278,-0.329
213.704,-4.275,24.941,0.000,-13.680,129.434,5.516,0.381,-0.275,0.101
213.710,-4.275,24.941,0.000,-16.620,115.234,3.923,0.500,-0.271,-0.391
213.717,-4.275,24.941,0.000,-15.082,105.323,1.355,0.438,-0.268,-0.111
213.723,-4.436,5.758,0.000,-15.142,93.418,4.885,0.434,-0.264,-0.073
213.730,-4.436,5.758,0.000,-18.594,82.759,5.306,0.573,-0.260,-0.483
213.737,-4.436,5.758,0.000,-21.156,77.717,4.080,0.677,-0.254,-0.764
213.743,-6.272,-0.446,0.000,-19.109,73.733,3.515,0.520,-0.250,-0.309
213.749,-9.816,-0.446,0.000,-18.580,68.246,4.352,0.355,-0.246,-0.151
213.756,-9.816,-0.446,0.000,-17.565,67.339,5.946,0.314,-0.244,0.069
213.762,-9.816,-0.446,0.000,-18.168,67.156,4.165,0.338,-0.241,0.061
213.768,-22.209,-0.595,0.000,-16.292,64.661,3.702,-0.240,-0.241,0.402
213.774,-28.693,-0.744,0.000,-16.763,65.003,4.148,-0.483,-0.244,0.227
213.781,-31.561,-0.893,0.000,-17.988,69.787,4.069,-0.550,-0.248,-0.088
213.787,-31.561,-0.893,0.000,-18.152,72.144,2.677,-0.543,-0.253,-0.120
213.794,-38.443,-2.096,0.000,-16.922,76.031,2.117,-0.872,-0.259,0.120
213.800,-38.443,-2.096,0.000,-17.477,75.207,1.644,-0.849,-0.266,0.076
213.807,-38.443,-2.096,0.000,-20.623,77.799,-0.243,-0.722,-0.272,-0.464
213.813,-36.982,-6.100,0.000,-21.105,80.780,1.112,-0.643,-0.278,-0.451
213.820,-35.564,-7.515,0.000,-23.887,81.527,3.192,-0.473,-0.282,-0.810
213.826,-31.561,-14.508,0.000,-24.656,76.208,6.869,-0.280,-0.285,-0.725
213.833,-31.561,-14.508,0.000,-26.835,71.576,5.232,-0.191,-0.287,-0.825
213.839,-31.561,-14.508,0.000,-31.412,69.193,4.373,-0.006,-0.288,-1.352
213.846,-21.884,-24.941,0.000,-34.713,66.024,3.869,0.520,-0.284,-1.571
213.853,-19.398,-36.982,0.000,-36.379,58.939,3.663,0.688,-0.278,-1.351
213.859,-19.398,-36.982,0.000,-38.400,51.925,2.526,0.770,-0.272,-1.261
213.866,-9.219,-55.692,0.000,-40.708,48.893,3.786,1.275,-0.265,-1.355
213.872,-9.219,-55.692,0.000,-38.218,40.502,4.189,1.174,-0.255,-0.666
213.879,-9.219,-55.692,0.000,-38.488,32.261,3.410,1.185,-0.245,-0.461
213.885,-6.100,-73.478,0.000,-37.623,28.841,1.693,1.277,-0.234,-0.232
213.892,-6.100,-73.478,0.000,-35.379,23.860,1.578,1.186,-0.225,0.074
213.899,-6.100,-73.478,0.000,-33.024,18.461,1.440,1.090,-0.216,0.452
213.905,-6.100,-73.478,0.000,-31.855,11.447,0.939,1.043,-0.207,0.573
213.912,-6.100,-73.478,0.000,-29.950,10.658,1.323,0.966,-0.200,0.667
213.918,-6.100,-73.478,0.000,-24.907,7.169,3.428,0.762,-0.193,1.203
213.925,-6.100,-73.478,0.000,-19.955,-0.254,6.011,0.561,-0.188,1.650
213.931,-4.760,-146.466,0.000,-17.618,-8.037,5.315,0.521,-0.183,1.713
213.938,-4.598,-153.744,0.000,-18.929,-9.159,1.882,0.580,-0.178,1.081
213.944,-4.598,-153.744,0.000,-17.855,-8.178,0.023,0.537,-0.174,0.949
213.951,-4.598,-153.744,0.000,-15.333,-12.530,2.408,0.435,-0.170,1.104
213.957,-3.482,-185.788,0.000,-15.631,-16.194,2.182,0.492,-0.166,0.836
213.964,-3.482,-185.788,0.000,-15.735,-18.926,2.321,0.496,-0.162,0.582
213.971,-3.482,-185.788,0.000,-16.562,-18.964,2.724,0.530,-0.158,0.245
213.977,-2.400,-205.549,0.000,-18.627,-23.248,2.968,0.657,-0.154,-0.217
213.983,-2.248,-215.067,0.000,-19.018,-33.941,4.266,0.679,-0.149,-0.221
213.989,-2.248,-215.067,0.000,-22.209,-42.627,3.374,0.808,-0.142,-0.668
213.996,-2.248,-215.067,0.000,-24.636,-48.782,1.544,0.907,-0.136,-0.984
214.002,-2.248,-215.067,0.000,-21.330,-59.449,0.425,0.773,-0.130,-0.312
214.009,-2.248,-215.067,0.000,-18.508,-72.489,0.595,0.659,-0.124,0.285
214.016,-2.248,-215.067,0.000,-20.331,-78.344,0.211,0.732,-0.118,-0.073
214.022,-2.248,-215.067,0.000,-14.934,-86.285,0.983,0.514,-0.114,0.701
214.029,-2.248,-215.067,0.000,-11.676,-95.573,2.260,0.382,-0.110,1.040
214.035,-2.400,-180.670,0.000,-11.904,-103.929,3.098,0.385,-0.107,0.785
214.041,-2.400,-180.670,0.000,-14.875,-109.774,0.644,0.505,-0.104,0.070
214.047,-2.400,-180.670,0.000,-14.838,-114.487,0.252,0.504,-0.101,-0.047
214.053,-2.400,-180.670,0.000,-14.142,-118.516,-0.887,0.476,-0.097,-0.030
214.060,-2.706,-143.633,0.000,-11.708,-121.329,-0.369,0.365,-0.095,0.306
214.066,-2.706,-136.740,0.000,-13.207,-123.498,2.155,0.425,-0.091,0.020
214.073,-2.706,-136.740,0.000,-14.591,-125.085,2.646,0.481,-0.087,-0.142
214.079,-2.706,-136.740,0.000,-18.332,-126.887,1.779,0.633,-0.082,-0.701
214.086,-2.706,-99.643,0.000,-20.858,-122.583,0.805,0.735,-0.077,-0.972
214.092,-2.706,-95.509,0.000,-19.772,-119.215,1.136,0.691,-0.072,-0.608
214.099,-2.706,-95.509,0.000,-20.830,-114.677,1.637,0.734,-0.066,-0.586
214.105,-2.706,-95.509,0.000,-20.202,-111.505,2.675,0.709,-0.060,-0.298
214.112,-0.595,-42.028,0.000,-21.201,-104.802,2.980,0.835,-0.053,-0.353
214.118,-0.595,-42.028,0.000,-21.303,-94.315,1.086,0.839,-0.047,-0.242
214.124,-0.446,-37.464,0.000,-19.557,-85.271,-0.383,0.774,-0.041,0.093
214.130,0.000,-21.243,0.000,-18.735,-75.820,-2.075,0.759,-0.035,0.093
214.136,0.000,-17.387,0.000,-16.011,-68.753,-2.259,0.648,-0.031,0.521
214.141,0.000,-17.387,0.000,-14.545,-62.758,-1.951,0.589,-0.027,0.618
214.147,0.000,-17.387,0.000,-12.181,-56.760,-1.861,0.493,-0.024,0.801
214.152,0.000,-5.758,0.000,-11.162,-50.577,-1.246,0.452,-0.021,0.684
214.158,0.000,-5.758,0.000,-10.959,-48.150,-0.284,0.444,-0.018,0.526
214.163,0.000,-5.758,0.000,-9.470,-44.317,2.021,0.384,-0.016,0.680
214.168,0.000,-5.758,0.000,-8.158,-39.702,1.905,0.330,-0.013,0.747
214.174,0.000,-0.446,0.000,-7.543,-34.913,1.095,0.305,-0.011,0.674
214.179,0.000,-0.446,0.000,-7.903,-28.831,-0.202,0.320,-0.009,0.481
214.184,0.000,-0.297,0.000,-7.852,-23.212,-2.540,0.318,-0.007,0.438
214.189,0.000,0.000,0.000,-9.525,-13.827,-4.300,0.386,-0.004,0.128
214.195,0.000,0.000,0.000,-10.025,-11.130,-1.299,0.406,-0.001,0.074
214.202,0.000,0.893,0.000,-14.084,-16.753,-0.430,0.570,0.003,-0.700
214.207,0.000,0.893,0.000,-14.139,-13.121,0.882,0.573,0.007,-0.445
214.212,0.000,7.333,0.000,-16.508,-10.248,-0.179,0.669,0.011,-0.778
214.217,0.000,7.333,0.000,-17.156,-8.744,1.037,0.695,0.016,-0.669
214.222,0.000,10.849,0.000,-16.778,-7.315,0.484,0.679,0.021,-0.407
214.228,0.000,10.849,0.000,-15.659,-6.512,-1.433,0.634,0.025,-0.017
214.234,0.000,25.299,0.000,-16.797,-8.085,1.725,0.680,0.030,-0.273
214.240,0.000,25.299,0.000,-14.503,-8.905,0.437,0.587,0.034,0.294
214.245,0.000,35.101,0.000,-13.658,-7.625,-3.611,0.553,0.038,0.418
214.250,0.000,35.101,0.000,-13.743,-5.845,-1.171,0.557,0.042,0.362
214.256,0.000,35.101,0.000,-13.014,-2.974,-0.008,0.527,0.046,0.470
214.261,0.000,35.101,0.000,-11.523,0.367,-1.777,0.467,0.050,0.649
214.267,0.000,58.390,0.000,-10.032,4.041,-2.140,0.406,0.053,0.789
214.272,0.000,58.390,0.000,-7.752,8.136,-1.236,0.314,0.055,0.972
214.278,0.000,58.390,0.000,-6.788,10.597,-1.304,0.275,0.057,0.886
214.283,0.000,58.390,0.000,-8.034,15.798,-0.292,0.325,0.059,0.425
214.289,0.000,105.009,0.000,-7.896,17.067,0.123,0.320,0.061,0.300
214.294,0.000,105.009,0.000,-8.960,20.522,1.449,0.363,0.063,-0.017
214.300,0.000,105.009,0.000,-9.936,23.728,1.203,0.402,0.066,-0.221
214.305,0.000,105.009,0.000,-10.614,32.163,0.567,0.430,0.068,-0.318
214.311,0.000,105.009,0.000,-10.984,40.635,0.157,0.445,0.071,-0.329
214.316,0.000,140.843,0.000,-9.682,44.757,-0.644,0.392,0.074,0.001
214.322,0.000,140.843,0.000,-7.753,50.563,-0.456,0.314,0.076,0.312
214.327,0.149,155.234,0.000,-6.890,58.526,-2.077,0.285,0.078,0.396
214.333,0.149,155.234,0.000,-7.343,66.402,-3.031,0.303,0.080,0.209
214.338,0.149,155.234,0.000,-9.196,69.868,-1.249,0.378,0.082,-0.195
214.344,0.149,155.234,0.000,-9.601,74.005,2.441,0.395,0.085,-0.225
214.349,0.149,155.234,0.000,-10.759,82.114,5.319,0.442,0.088,-0.353
214.355,0.297,135.393,0.000,-12.062,88.243,4.955,0.501,0.092,-0.474
214.361,0.297,135.393,0.000,-13.586,96.845,3.275,0.562,0.095,-0.626
214.367,0.297,100.698,0.000,-14.945,103.816,1.886,0.617,0.100,-0.690
214.373,0.297,67.111,0.000,-15.345,109.071,0.181,0.633,0.105,-0.581
214.379,0.297,67.111,0.000,-15.629,111.969,-0.041,0.645,0.109,-0.510
214.385,0.297,59.777,0.000,-16.294,115.554,0.031,0.672,0.114,-0.520
214.391,0.000,27.145,0.000,-17.406,116.330,1.753,0.705,0.119,-0.582
214.396,0.000,20.927,0.000,-16.939,116.753,3.577,0.686,0.124,-0.350
214.402,0.000,20.927,0.000,-15.895,115.043,4.323,0.644,0.128,-0.023
214.407,0.000,20.927,0.000,-17.875,112.709,3.804,0.724,0.133,-0.317
214.413,0.000,0.595,0.000,-16.862,111.099,5.109,0.683,0.138,0.141
214.419,0.000,-0.297,0.000,-15.520,102.815,4.487,0.629,0.144,0.569
214.426,0.000,-0.297,0.000,-20.808,100.224,1.734,0.843,0.150,-0.677
214.432,0.000,-0.297,0.000,-20.642,93.516,1.167,0.836,0.156,-0.594
214.439,0.000,-0.297,0.000,-19.405,83.445,3.030,0.786,0.163,-0.108
214.444,0.000,-2.096,0.000,-18.096,76.238,2.301,0.733,0.168,0.234
214.450,0.000,-2.096,0.000,-18.422,72.328,2.339,0.746,0.174,0.268
214.455,0.000,-2.096,0.000,-19.942,68.718,3.146,0.808,0.180,0.047
214.460,0.000,-10.849,0.000,-17.303,63.229,5.116,0.701,0.185,0.623
214.467,0.000,-15.261,0.000,-20.356,55.912,4.436,0.824,0.191,-0.102
214.472,0.000,-15.261,0.000,-18.461,51.921,5.734,0.748,0.196,0.154
214.478,0.000,-15.261,0.000,-16.971,49.850,6.425,0.687,0.200,0.284
214.483,0.000,-15.261,0.000,-14.398,47.006,5.445,0.583,0.204,0.570
214.489,0.000,-15.261,0.000,-12.905,43.901,4.009,0.523,0.207,0.476
214.495,0.000,-15.261,0.000,-14.851,46.379,1.378,0.601,0.210,-0.166
214.500,0.000,-15.261,0.000,-17.206,47.592,-0.824,0.697,0.215,-0.661
214.506,0.000,-15.261,0.000,-21.057,49.857,-3.095,0.853,0.220,-1.263
214.511,0.000,-15.261,0.000,-18.907,46.884,-0.849,0.766,0.225,-0.562
214.517,0.000,-15.261,0.000,-15.539,45.774,1.467,0.629,0.230,0.171
214.522,0.000,-58.390,0.000,-11.976,43.614,4.389,0.485,0.234,0.829
214.527,0.000,-71.036,0.000,-10.542,41.702,4.948,0.427,0.237,0.925
214.533,0.000,-71.036,0.000,-8.191,38.674,5.000,0.332,0.240,1.231
214.539,0.000,-71.036,0.000,-7.786,35.796,3.458,0.315,0.242,1.048
214.544,0.000,-92.499,0.000,-8.423,34.740,2.225,0.341,0.245,0.780
214.549,0.000,-92.499,0.000,-9.690,34.432,3.010,0.392,0.248,0.471
214.555,0.000,-97.558,0.000,-10.353,33.032,4.616,0.419,0.251,0.392
214.560,0.000,-97.558,0.000,-11.362,27.691,4.779,0.460,0.255,0.249
214.566,0.000,-97.558,0.000,-10.551,18.016,4.391,0.427,0.258,0.446
214.571,0.000,-97.558,0.000,-12.030,8.084,4.298,0.487,0.262,0.148
214.577,0.000,-116.430,0.000,-13.239,-2.308,4.598,0.536,0.265,-0.126
214.582,0.000,-116.430,0.000,-15.091,-11.424,4.174,0.611,0.268,-0.523
214.588,0.000,-116.430,0.000,-13.424,-20.822,3.266,0.544,0.272,-0.178
214.593,0.000,-116.430,0.000,-13.444,-28.909,1.793,0.544,0.275,-0.267
214.599,0.000,-116.430,0.000,-12.521,-34.389,0.750,0.507,0.278,-0.143
214.604,0.000,-116.430,0.000,-12.233,-39.704,1.505,0.495,0.281,-0.084
214.610,0.000,-116.430,0.000,-12.707,-42.291,1.869,0.515,0.285,-0.175
214.615,0.000,-145.044,0.000,-12.573,-49.302,4.388,0.509,0.289,-0.040
214.621,0.000,-146.466,0.000,-10.511,-53.523,5.435,0.426,0.292,0.357
214.626,0.000,-146.466,0.000,-11.130,-55.880,4.863,0.451,0.295,0.187
214.632,0.000,-146.466,0.000,-11.289,-57.734,4.496,0.457,0.298,0.143
214.637,0.000,-146.466,0.000,-12.246,-57.086,3.941,0.496,0.302,-0.005
214.643,0.000,-136.740,0.000,-11.786,-60.422,3.746,0.477,0.305,0.175
214.648,0.000,-136.740,0.000,-10.588,-63.342,3.589,0.429,0.309,0.471
214.654,0.000,-121.266,0.000,-11.798,-66.631,4.006,0.478,0.312,0.256
214.659,0.000,-121.266,0.000,-11.682,-70.088,4.915,0.473,0.316,0.356
214.665,0.000,-121.266,0.000,-12.070,-72.033,5.706,0.489,0.320,0.347
214.670,0.000,-96.529,0.000,-11.976,-73.043,3.738,0.485,0.324,0.385
214.676,0.000,-69.445,0.000,-11.831,-73.785,2.648,0.479,0.327,0.384
214.681,0.000,-56.357,0.000,-14.064,-74.602,3.734,0.570,0.331,-0.100
214.687,0.000,-56.357,0.000,-15.434,-73.298,5.108,0.625,0.335,-0.295
214.692,0.000,-56.357,0.000,-15.607,-70.909,6.364,0.632,0.339,-0.261
214.698,0.000,-29.491,0.000,-16.260,-70.561,6.418,0.659,0.343,-0.358
214.703,0.000,-29.491,0.000,-15.730,-69.717,6.024,0.637,0.347,-0.264
214.708,0.000,-29.491,0.000,-14.401,-64.086,4.764,0.583,0.350,-0.115
214.714,0.000,-8.446,0.000,-13.661,-58.286,2.686,0.553,0.350,-0.117
214.719,0.000,-6.797,0.000,-12.511,-53.237,1.142,0.507,0.350,-0.018
214.725,0.000,-6.797,0.000,-9.308,-51.346,1.397,0.377,0.350,0.432
214.730,0.000,-6.797,0.000,-5.720,-47.614,1.832,0.232,0.350,0.843
214.736,0.000,-6.797,0.000,-3.989,-44.456,2.383,0.162,0.350,0.759
214.741,0.000,-6.797,0.000,-3.671,-39.408,2.194,0.149,0.350,0.530
214.747,0.000,-0.446,0.000,-2.885,-35.885,0.159,0.117,0.350,0.448
214.752,0.000,-0.446,0.000,-0.875,-31.433,1.770,0.035,0.350,0.618
214.757,0.000,-0.446,0.000,-0.347,-26.789,2.107,0.014,0.350,0.414
214.763,0.000,0.000,0.000,-0.225,-17.434,3.078,0.009,0.350,0.256
214.769,0.000,0.149,0.000,1.315,-12.081,4.393,-0.053,0.349,0.406
214.775,0.000,0.149,0.000,-0.175,-6.311,3.914,0.007,0.349,-0.120
214.781,0.000,2.553,0.000,-1.444,-0.244,3.332,0.058,0.349,-0.472
214.786,0.000,2.553,0.000,-3.176,-0.908,5.098,0.129,0.350,-0.621
214.792,0.000,3.639,0.000,-2.356,3.316,4.079,0.095,0.350,-0.329
214.797,0.000,3.639,0.000,0.259,4.959,3.727,-0.010,0.350,0.252
214.802,0.000,3.639,0.000,-2.206,4.103,1.820,0.089,0.350,-0.258
214.808,0.000,6.797,0.000,-3.958,4.688,2.794,0.160,0.350,-0.485
214.813,0.000,9.219,0.000,-4.337,2.813,2.925,0.176,0.350,-0.368
214.818,0.000,9.219,0.000,-5.946,1.772,3.818,0.241,0.350,-0.479
214.824,0.000,9.219,0.000,-5.826,-1.162,5.636,0.236,0.350,-0.218
214.829,0.000,14.018,0.000,-6.008,-3.605,5.827,0.243,0.350,-0.069
214.835,0.000,14.018,0.000,-7.773,-1.749,4.540,0.315,0.350,-0.267
214.840,0.000,14.018,0.000,-7.978,0.266,3.131,0.323,0.350,-0.117
214.846,0.000,14.018,0.000,-6.250,2.722,2.837,0.253,0.350,0.373
214.851,0.000,16.569,0.000,-3.375,3.926,3.735,0.137,0.350,0.948
214.857,0.000,16.569,0.000,-1.481,4.371,4.032,0.060,0.350,1.124
214.862,0.000,16.569,0.000,0.150,5.195,4.077,-0.006,0.350,1.116
214.868,0.000,16.839,0.000,1.153,7.007,4.197,-0.047,0.349,0.958
214.873,0.000,16.839,0.000,-0.855,9.023,2.815,0.035,0.349,0.292
214.879,0.000,16.839,0.000,-1.869,11.804,3.502,0.076,0.349,-0.009
214.884,0.000,15.008,0.000,-4.487,17.335,1.358,0.182,0.350,-0.560
214.890,0.000,12.380,0.000,-6.385,21.498,2.152,0.259,0.350,-0.860
214.895,0.000,12.380,0.000,-9.055,27.208,1.203,0.367,0.350,-1.279
214.901,0.000,10.224,0.000,-10.441,31.514,0.289,0.423,0.350,-1.350
214.906,0.000,10.224,0.000,-9.269,32.451,0.353,0.375,0.350,-0.930
214.912,0.000,6.100,0.000,-7.982,31.391,0.262,0.323,0.350,-0.633
214.917,0.000,6.100,0.000,-7.761,30.062,1.102,0.314,0.350,-0.553
214.923,0.000,5.421,0.000,-6.587,28.945,1.606,0.267,0.350,-0.281
214.928,0.000,5.421,0.000,-5.122,30.758,1.989,0.207,0.350,0.001
214.934,0.000,5.421,0.000,-6.859,31.701,0.113,0.278,0.350,-0.403
214.939,0.000,4.598,0.000,-8.095,32.640,0.475,0.328,0.350,-0.547
214.944,0.000,4.114,0.000,-6.435,31.375,0.951,0.261,0.350,-0.109
214.950,0.000,4.114,0.000,-4.044,29.174,2.373,0.164,0.350,0.394
214.956,0.000,4.114,0.000,-1.471,24.565,4.655,0.060,0.350,0.855
214.961,0.000,4.114,0.000,-1.923,23.021,4.457,0.078,0.350,0.686
214.967,0.000,2.860,1.000,-2.239,21.571,4.307,0.091,0.350,0.570
214.972,0.000,2.860,1.000,-0.520,25.180,5.452,0.021,0.350,0.937
214.978,0.000,2.860,1.000,0.301,28.017,5.229,-0.012,0.350,1.029
214.983,0.000,2.860,1.000,0.698,29.267,3.495,-0.028,0.350,0.984
214.988,0.000,2.860,1.000,0.221,30.344,2.181,-0.009,0.350,0.759
214.994,0.000,1.793,5.000,-1.212,32.993,1.821,0.049,0.350,0.439
214.999,0.000,1.793,5.000,-1.212,35.361,0.851,0.049,0.350,0.413
215.004,0.000,1.793,5.000,-1.394,34.181,0.121,0.056,0.350,0.342
215.010,0.000,1.793,5.000,-2.946,33.375,0.277,0.119,0.350,-0.007
215.015,0.000,0.595,6.000,-3.200,28.881,2.338,0.130,0.350,0.033
215.021,0.000,0.595,6.000,-4.196,30.908,1.857,0.170,0.350,-0.211
215.028,0.000,0.149,6.000,-6.268,37.335,2.285,0.254,0.350,-0.606
215.033,0.000,0.149,6.000,-7.172,35.095,2.284,0.290,0.350,-0.841
215.039,0.000,0.149,6.000,-5.300,31.269,3.291,0.215,0.350,-0.296
215.045,0.000,0.149,6.000,-4.592,31.999,3.728,0.186,0.350,-0.078
215.051,0.000,0.149,6.000,-3.716,29.506,5.322,0.150,0.350,0.089
215.057,0.000,0.149,6.000,-5.074,31.542,3.805,0.205,0.350,-0.266
215.063,0.000,0.149,6.000,-4.267,28.485,6.581,0.173,0.350,-0.069
215.069,0.000,0.149,6.000,-4.210,26.624,6.774,0.170,0.350,0.023
215.074,0.000,0.149,6.000,-3.790,27.122,6.146,0.153,0.350,0.111
215.080,0.000,0.149,6.000,-3.018,24.447,6.083,0.122,0.350,0.199
215.086,0.000,-0.149,7.000,-1.835,23.615,4.647,0.074,0.350,0.199
215.092,0.000,-0.149,7.000,-0.753,24.818,5.351,0.030,0.350,0.145
215.098,0.000,-0.149,7.000,1.143,24.964,3.651,-0.046,0.349,0.351
215.103,0.000,-0.149,7.000,0.634,26.106,2.864,-0.026,0.349,0.001
215.109,0.000,-0.149,7.000,4.269,24.501,3.698,-0.173,0.348,0.764
215.115,0.000,-0.149,7.000,5.227,23.985,4.878,-0.212,0.347,0.851
215.121,0.000,-0.149,7.000,4.454,22.720,5.933,-0.180,0.346,0.584
215.127,0.000,-0.149,7.000,4.183,23.009,4.689,-0.169,0.345,0.539
215.133,0.000,-0.149,7.000,4.448,21.922,4.857,-0.180,0.344,0.677
215.138,0.000,-0.149,7.000,5.181,23.799,6.522,-0.210,0.344,0.819
215.144,0.000,0.000,7.000,4.061,20.728,5.840,-0.164,0.343,0.429
215.150,0.000,0.000,7.000,3.656,19.275,7.071,-0.148,0.342,0.263
215.156,0.000,0.000,7.000,3.293,18.916,5.714,-0.133,0.341,0.109
215.162,0.000,0.000,7.000,1.674,20.925,1.530,-0.068,0.340,-0.304
215.167,0.000,0.000,7.000,1.390,22.065,1.269,-0.056,0.339,-0.356
215.173,0.000,0.000,7.000,-0.938,24.396,-0.066,0.038,0.339,-0.897
215.179,0.000,0.000,7.000,-1.757,23.716,-0.459,0.071,0.339,-0.960
215.185,0.000,0.000,7.000,-0.804,26.999,0.368,0.033,0.339,-0.515
215.190,0.000,0.000,7.000,-3.396,27.000,-1.080,0.138,0.340,-0.953
215.196,0.000,0.000,7.000,-4.300,28.803,-1.035,0.174,0.341,-0.895
215.202,0.000,0.000,7.000,-4.245,30.102,-1.077,0.172,0.341,-0.728
215.208,0.000,0.000,7.000,-4.472,28.340,1.323,0.181,0.342,-0.733
215.214,0.000,0.000,7.000,-3.434,25.764,2.390,0.139,0.343,-0.500
215.219,0.000,0.000,7.000,-3.676,24.281,0.239,0.149,0.343,-0.691
215.225,0.000,0.000,7.000,-3.914,25.004,-2.169,0.158,0.344,-0.680
215.231,0.000,0.000,7.000,-0.301,20.790,1.229,0.012,0.344,0.361
215.237,0.000,0.000,7.000,-0.329,19.478,4.200,0.013,0.345,0.376
215.243,0.000,0.000,7.000,2.332,18.370,3.889,-0.094,0.345,0.907
215.248,0.000,0.000,7.000,1.969,17.802,1.699,-0.080,0.345,0.704
215.254,0.000,0.000,7.000,1.828,17.504,0.600,-0.074,0.344,0.549
215.260,0.000,0.000,7.000,2.540,17.898,-1.346,-0.103,0.344,0.606
215.266,0.000,0.000,7.000,3.587,15.076,-3.460,-0.145,0.343,0.754
215.272,0.000,0.000,7.000,2.223,14.683,-3.257,-0.090,0.343,0.333
215.277,0.000,0.000,7.000,0.283,15.783,-2.719,-0.011,0.342,-0.286
215.283,0.000,-0.149,7.000,-0.037,16.565,-2.508,0.001,0.342,-0.420
215.289,0.000,-0.149,7.000,-1.576,18.779,0.487,0.064,0.342,-0.801
215.295,0.000,-0.149,7.000,-1.159,20.061,0.994,0.047,0.342,-0.581
215.300,0.000,-0.149,7.000,0.090,23.146,-0.334,-0.004,0.342,-0.205
215.306,0.000,-0.149,7.000,-1.506,25.444,-1.730,0.061,0.342,-0.491
215.312,0.000,-0.149,7.000,-4.160,30.070,-2.526,0.168,0.343,-0.935
215.318,0.000,-0.149,7.000,-5.195,31.909,-3.336,0.210,0.344,-0.964
215.324,0.000,-0.149,7.000,-7.560,35.167,-3.681,0.306,0.346,-1.289
215.330,0.000,-0.149,7.000,-5.498,35.455,-1.723,0.223,0.347,-0.471
215.335,0.000,-0.297,7.000,-6.610,35.916,-2.420,0.268,0.349,-0.660
215.342,0.000,-0.297,7.000,-6.348,34.154,-2.471,0.257,0.350,-0.470
215.348,0.000,-0.297,7.000,-3.959,28.953,-0.279,0.160,0.350,0.190
215.355,0.000,-0.297,7.000,-4.744,25.857,1.986,0.192,0.350,0.128
215.360,0.000,-0.297,7.000,-2.566,25.686,2.825,0.104,0.350,0.709
215.366,0.000,-0.297,7.000,-1.504,23.544,2.490,0.061,0.350,0.758
215.373,0.000,-0.297,7.000,-0.012,20.334,0.583,0.000,0.350,0.901
215.379,0.000,-0.297,7.000,-2.305,16.531,-3.006,0.093,0.350,0.085
215.386,0.000,-0.297,7.000,0.430,13.017,-3.111,-0.017,0.350,0.505
215.392,0.149,-0.297,7.000,2.889,14.011,-4.895,-0.111,0.349,0.825
215.399,0.149,-0.297,7.000,3.968,17.469,-4.878,-0.155,0.349,0.863
215.405,0.297,-0.446,8.000,1.568,19.770,-2.343,-0.051,0.348,0.076
215.411,0.297,-0.446,8.000,3.661,18.930,0.798,-0.136,0.347,0.323
215.417,0.297,-0.446,8.000,4.277,22.171,-0.743,-0.161,0.345,0.335
215.423,0.446,-0.446,10.000,3.592,21.147,1.831,-0.127,0.345,0.128
215.429,0.446,-0.446,10.000,3.657,24.139,1.721,-0.130,0.344,0.145
215.435,0.446,-0.446,10.000,2.402,28.001,0.113,-0.079,0.343,-0.081
215.441,0.446,-0.446,10.000,0.971,28.762,-0.996,-0.021,0.343,-0.332
215.447,0.446,-0.446,10.000,0.078,29.840,0.871,0.015,0.342,-0.466
215.453,0.446,-0.297,10.000,-1.951,30.180,1.627,0.097,0.343,-0.752
215.459,0.446,-0.446,10.000,-2.902,33.294,1.943,0.136,0.344,-0.714
215.465,0.446,-0.446,10.000,-1.849,28.522,3.026,0.093,0.345,-0.293
215.471,0.446,-0.446,10.000,0.265,25.338,2.392,0.007,0.345,0.193
215.477,0.595,-0.297,10.000,2.382,21.331,3.553,-0.072,0.345,0.616
215.482,0.595,-0.297,9.000,3.887,21.088,4.641,-0.133,0.345,0.818
215.488,0.595,-0.297,9.000,4.780,22.016,3.578,-0.169,0.344,0.855
215.493,0.595,-0.297,9.000,2.492,23.342,3.792,-0.077,0.344,0.254
215.498,0.595,-0.297,9.000,2.578,23.347,2.591,-0.080,0.343,0.309
215.504,0.595,-0.297,9.000,2.107,23.118,1.322,-0.061,0.343,0.215
215.509,0.595,-0.297,9.000,4.687,22.912,-0.319,-0.166,0.343,0.797
215.515,3.169,-0.297,9.000,5.951,21.987,-1.677,-0.113,0.342,0.901
215.521,3.169,-0.297,9.000,4.552,21.428,-0.915,-0.056,0.342,0.496
215.527,3.169,-0.297,9.000,3.861,23.200,-1.693,-0.028,0.342,0.307
215.533,5.589,-0.297,8.000,3.556,25.143,-0.740,0.082,0.343,0.179
215.539,6.272,-0.297,8.000,5.110,24.508,0.440,0.047,0.343,0.343
215.545,6.272,-0.297,8.000,6.341,27.214,-0.610,-0.003,0.343,0.505
215.551,6.272,-0.297,8.000,6.345,24.388,0.830,-0.003,0.343,0.444
215.557,6.272,-0.297,8.000,7.869,22.442,3.630,-0.065,0.343,0.628
215.563,6.272,-0.297,8.000,6.668,24.533,4.187,-0.016,0.343,0.282
215.569,6.272,-0.297,8.000,6.402,24.412,1.588,-0.005,0.343,0.137
215.575,6.272,-0.297,8.000,4.953,25.160,1.140,0.053,0.343,-0.246
215.581,6.272,-0.297,8.000,2.762,26.161,-0.194,0.142,0.343,-0.646
215.586,9.219,0.149,7.000,4.413,26.174,1.104,0.195,0.344,-0.379
215.592,9.219,0.595,7.000,3.522,27.506,-1.264,0.231,0.346,-0.506
215.598,9.219,0.595,7.000,4.897,28.877,-2.068,0.175,0.347,-0.085
215.604,9.219,0.595,7.000,7.267,28.311,-1.870,0.079,0.349,0.437
215.610,9.219,0.595,7.000,6.951,26.986,0.371,0.092,0.350,0.350
215.616,9.219,1.342,7.000,6.665,23.410,1.510,0.103,0.350,0.261
215.623,9.219,1.342,7.000,4.716,26.826,0.448,0.182,0.350,-0.112
215.629,9.219,1.944,7.000,6.633,29.544,-0.193,0.105,0.350,0.165
215.636,9.615,2.553,7.000,6.806,28.496,0.503,0.114,0.350,0.150
215.642,9.615,2.553,7.000,8.119,29.538,-0.641,0.061,0.350,0.388
215.649,9.615,2.553,7.000,5.794,37.208,-1.362,0.155,0.350,-0.063
215.655,9.615,2.553,7.000,8.567,37.722,-0.922,0.042,0.350,0.357
215.662,12.155,3.796,6.000,12.182,37.823,-0.246,-0.001,0.350,0.721
215.668,12.836,4.275,5.000,12.798,36.350,2.478,0.002,0.350,0.672
215.675,12.836,4.275,5.000,12.716,39.032,-2.259,0.005,0.350,0.503
215.681,12.836,4.275,5.000,14.307,39.305,1.025,-0.060,0.349,0.559
215.688,15.518,5.255,5.000,20.530,37.786,2.251,-0.203,0.348,1.391
215.694,16.038,5.589,4.000,21.670,38.575,-0.735,-0.228,0.347,1.309
215.701,16.038,5.589,4.000,17.750,37.537,-1.652,-0.069,0.346,0.385
215.707,16.038,5.928,4.000,17.680,41.692,-1.796,-0.066,0.345,0.209
215.714,16.038,6.100,4.000,21.576,40.087,-0.594,-0.224,0.344,0.816
215.720,16.038,6.100,4.000,18.530,37.897,-0.171,-0.101,0.343,0.163
215.727,16.038,6.100,4.000,13.984,40.909,-1.035,0.083,0.343,-0.633
215.734,15.777,6.100,4.000,19.576,43.362,2.329,-0.154,0.342,0.378
215.740,15.777,6.100,4.000,17.664,43.007,0.115,-0.076,0.342,0.062
215.747,15.777,6.100,4.000,15.739,44.785,0.566,0.001,0.341,-0.238
215.753,15.518,4.924,4.000,17.722,47.531,3.093,-0.089,0.341,0.068
215.759,15.261,4.598,4.000,19.385,46.274,1.495,-0.167,0.340,0.393
215.766,15.261,4.598,4.000,18.847,46.930,1.605,-0.145,0.339,0.218
215.772,15.261,4.598,4.000,18.161,52.326,1.974,-0.117,0.337,-0.040
215.779,15.261,4.598,4.000,21.483,51.449,3.018,-0.252,0.336,0.563
215.785,15.261,4.598,4.000,20.966,54.653,3.091,-0.231,0.335,0.437
215.792,15.518,4.598,4.000,19.867,57.465,1.612,-0.176,0.333,0.065
215.798,15.518,4.598,4.000,25.293,52.804,4.072,-0.396,0.330,0.856
215.805,15.518,4.598,4.000,23.975,61.465,0.651,-0.343,0.327,0.459
215.811,15.518,4.598,4.000,24.591,60.669,2.430,-0.367,0.324,0.451
215.818,15.518,4.598,4.000,29.493,51.500,5.281,-0.566,0.320,1.092
215.824,15.518,4.598,4.000,21.735,60.098,4.332,-0.252,0.317,-0.374
215.831,15.518,4.598,4.000,26.111,58.480,7.956,-0.429,0.314,0.377
215.838,15.518,4.598,4.000,25.541,57.144,4.581,-0.406,0.311,0.231
215.844,15.518,3.639,4.000,20.873,58.625,7.709,-0.217,0.309,-0.553
215.851,15.518,3.639,4.000,23.681,54.661,4.906,-0.331,0.306,0.052
215.857,15.518,3.482,4.000,24.337,57.449,1.764,-0.357,0.304,0.118
215.864,15.518,3.482,4.000,23.194,57.313,6.279,-0.311,0.301,-0.134
215.870,15.518,3.482,4.000,23.487,53.779,4.699,-0.323,0.298,-0.007
215.877,15.518,3.482,4.000,17.741,57.299,7.521,-0.090,0.297,-0.873
215.883,15.518,3.482,4.000,19.519,54.957,11.400,-0.162,0.296,-0.450
215.890,16.302,3.639,4.000,18.567,54.376,9.297,-0.092,0.295,-0.449
215.896,16.302,3.639,4.000,15.161,56.799,13.330,0.046,0.295,-0.899
215.903,16.302,3.639,4.000,17.225,50.454,9.531,-0.037,0.295,-0.305
215.909,16.302,3.639,4.000,15.259,58.558,7.604,0.042,0.295,-0.535
215.915,17.112,3.325,4.000,21.061,56.535,13.334,-0.160,0.294,0.483
215.922,17.112,3.325,4.000,20.204,54.160,8.061,-0.125,0.293,0.242
215.928,17.112,3.325,4.000,16.905,54.670,11.692,0.008,0.293,-0.321
215.935,17.112,3.325,4.000,21.939,47.546,10.958,-0.195,0.292,0.501
215.941,17.112,3.325,4.000,19.597,56.462,11.798,-0.101,0.291,0.057
215.948,17.112,1.944,4.000,21.010,54.060,13.499,-0.158,0.289,0.196
215.955,17.112,1.793,4.000,18.894,55.881,12.286,-0.072,0.288,-0.239
215.961,17.387,0.595,3.000,17.141,58.476,16.112,0.010,0.288,-0.481
215.967,17.666,0.149,3.000,18.818,54.291,16.055,-0.047,0.288,-0.072
215.972,17.666,0.149,3.000,20.180,50.247,13.111,-0.102,0.288,0.297
215.978,17.666,0.000,4.000,19.856,51.753,10.048,-0.089,0.288,0.297
215.983,17.666,0.000,4.000,16.348,57.142,12.470,0.053,0.288,-0.404
215.989,17.666,0.000,4.000,15.581,57.072,17.231,0.084,0.288,-0.589
215.994,17.666,0.000,3.000,15.269,51.032,17.931,0.097,0.288,-0.506
216.000,17.666,0.000,3.000,14.236,47.660,14.100,0.139,0.289,-0.550
216.005,17.666,0.000,3.000,15.379,49.424,14.125,0.093,0.290,-0.214
216.011,17.666,0.000,3.000,12.253,53.382,15.891,0.219,0.291,-0.849
216.016,17.666,-0.297,3.000,15.373,45.789,13.909,0.093,0.292,-0.156
216.022,17.666,-0.297,3.000,14.666,48.096,12.138,0.121,0.293,-0.152
216.028,17.666,-0.297,3.000,15.891,49.659,16.494,0.072,0.294,0.162
216.034,17.666,-0.297,3.000,15.995,44.372,17.892,0.068,0.294,0.064
216.040,17.666,-0.297,3.000,17.430,39.367,14.117,0.010,0.294,0.317
216.046,15.261,-0.446,3.000,17.799,42.640,19.056,-0.103,0.294,0.318
216.053,14.508,-0.744,3.000,23.553,34.662,15.151,-0.366,0.292,1.149
216.059,14.508,-0.744,3.000,20.874,42.563,15.176,-0.258,0.289,0.456
216.066,14.508,-0.744,3.000,26.388,33.164,15.891,-0.481,0.286,1.166
216.072,11.493,-3.482,3.000,22.428,41.167,16.015,-0.443,0.282,0.307
216.079,10.639,-4.598,3.000,17.436,43.783,17.431,-0.275,0.279,-0.566
216.085,9.219,-7.515,3.000,20.324,40.520,11.524,-0.450,0.276,-0.010
216.092,9.219,-7.515,3.000,16.634,46.524,17.338,-0.300,0.273,-0.565
216.098,6.797,-17.666,3.000,15.012,46.400,11.396,-0.333,0.271,-0.690
216.105,6.797,-17.666,3.000,10.949,55.609,15.199,-0.168,0.269,-1.156
216.111,6.797,-17.666,3.000,14.435,44.590,15.199,-0.309,0.267,-0.339
216.118,6.797,-17.666,3.000,15.525,43.882,14.354,-0.353,0.264,-0.085
216.124,6.797,-17.666,3.000,15.456,39.956,15.849,-0.351,0.261,-0.084
216.131,6.100,-27.526,3.000,15.053,41.527,11.971,-0.363,0.259,-0.039
216.138,6.272,-32.855,3.000,15.641,38.707,16.181,-0.379,0.255,-0.003
216.144,6.446,-40.461,3.000,14.972,35.521,11.052,-0.345,0.253,-0.086
216.151,6.446,-40.461,3.000,11.356,38.170,15.378,-0.199,0.251,-0.630
216.157,6.797,-47.016,3.000,11.254,29.750,9.393,-0.181,0.249,-0.515
216.164,7.333,-44.191,3.000,12.505,29.771,14.936,-0.209,0.248,-0.184
216.170,7.333,-44.191,3.000,18.558,19.084,13.915,-0.455,0.245,0.808
216.177,7.333,-44.191,3.000,17.496,21.867,12.589,-0.412,0.241,0.519
216.184,7.333,-44.191,3.000,21.570,16.943,14.100,-0.577,0.237,0.960
216.190,7.333,-44.191,3.000,22.640,15.156,10.167,-0.620,0.232,0.914
216.197,7.333,-44.191,3.000,18.761,15.248,10.979,-0.463,0.228,0.072
216.203,7.333,-44.191,3.000,19.408,4.760,7.619,-0.489,0.224,0.126
216.210,7.333,-44.191,3.000,17.726,5.980,9.826,-0.421,0.220,-0.119
216.216,7.333,-44.191,3.000,16.403,4.456,8.388,-0.367,0.217,-0.315
216.223,12.607,-83.919,3.000,14.620,-1.521,9.258,-0.082,0.216,-0.493
216.230,12.607,-85.769,3.000,10.814,0.958,11.046,0.073,0.216,-0.984
216.236,12.380,-88.604,4.000,11.667,-4.176,11.405,0.029,0.216,-0.637
216.243,12.380,-88.604,4.000,10.257,-8.864,10.177,0.086,0.217,-0.609
216.249,12.155,-89.565,3.000,5.409,-9.227,10.281,0.273,0.218,-1.249
216.256,12.155,-90.535,3.000,8.581,-16.517,8.912,0.145,0.220,-0.480
216.262,12.155,-90.535,3.000,8.002,-18.774,8.161,0.168,0.222,-0.351
216.269,11.711,-94.497,3.000,6.540,-24.117,10.023,0.209,0.223,-0.517
216.275,11.276,-95.509,3.000,6.745,-33.457,9.079,0.184,0.225,-0.424
216.282,11.276,-95.509,3.000,6.297,-40.014,8.362,0.202,0.226,-0.343
216.288,11.276,-95.509,3.000,5.466,-39.788,7.131,0.235,0.228,-0.416
216.295,9.219,-96.529,3.000,7.400,-48.445,6.693,0.074,0.229,0.036
216.301,8.636,-96.529,3.000,5.533,-46.662,7.315,0.126,0.230,-0.296
216.308,8.256,-96.529,3.000,10.712,-51.758,8.995,-0.099,0.229,0.475
216.314,8.256,-96.529,3.000,14.392,-58.376,6.697,-0.248,0.228,0.992
216.321,8.256,-96.529,3.000,13.899,-61.000,7.895,-0.229,0.226,0.728
216.328,8.256,-96.529,3.000,20.296,-63.748,6.332,-0.488,0.223,1.456
216.334,8.069,-96.529,3.000,21.023,-69.534,7.174,-0.525,0.219,1.199
216.341,8.069,-96.529,3.000,23.389,-73.173,8.772,-0.620,0.214,1.302
216.347,8.069,-96.529,3.000,23.085,-73.372,7.270,-0.608,0.209,0.901
216.354,8.069,-96.529,3.000,24.946,-77.871,6.639,-0.684,0.204,0.981
216.360,7.883,-93.494,3.000,25.532,-76.740,5.493,-0.715,0.198,0.830
216.367,7.883,-92.499,3.000,21.537,-72.036,2.943,-0.553,0.193,0.026
216.373,7.883,-92.499,3.000,19.857,-70.703,5.170,-0.485,0.189,-0.338
216.380,7.883,-92.499,3.000,20.587,-74.405,7.129,-0.514,0.185,-0.054
216.386,7.883,-92.499,3.000,18.964,-72.640,5.643,-0.449,0.182,-0.244
216.393,8.069,-90.535,3.000,17.363,-72.211,5.544,-0.376,0.178,-0.440
216.400,8.069,-90.535,3.000,16.435,-72.047,6.191,-0.339,0.175,-0.558
216.406,8.069,-90.535,3.000,17.650,-75.470,5.795,-0.388,0.172,-0.201
216.413,8.069,-90.535,3.000,14.734,-71.070,2.924,-0.270,0.170,-0.580
216.419,8.069,-86.706,3.000,18.878,-67.632,3.053,-0.438,0.167,0.191
216.426,8.069,-86.706,3.000,17.828,-71.143,4.728,-0.395,0.163,0.007
216.432,7.883,-84.840,3.000,20.928,-74.619,5.271,-0.528,0.160,0.541
216.439,7.883,-83.919,3.000,17.664,-73.365,5.041,-0.396,0.156,-0.106
216.446,7.883,-83.007,3.000,24.990,-75.969,6.240,-0.693,0.151,1.030
216.452,7.698,-82.102,3.000,24.260,-79.089,7.133,-0.671,0.146,0.677
216.458,7.698,-82.102,3.000,24.042,-79.909,5.169,-0.662,0.141,0.517
216.465,7.698,-82.102,3.000,23.918,-77.820,5.874,-0.657,0.135,0.268
216.471,7.515,-78.561,3.000,28.256,-78.034,6.661,-0.840,0.129,0.833
216.478,7.515,-77.695,3.000,29.269,-80.071,5.847,-0.881,0.122,0.885
216.484,7.515,-78.561,3.000,28.006,-79.583,4.589,-0.830,0.115,0.500
216.491,7.515,-75.985,3.000,26.664,-78.334,5.902,-0.776,0.108,0.083
216.498,7.698,-74.306,3.000,30.516,-82.673,7.839,-0.924,0.101,0.604
216.504,7.698,-74.306,3.000,30.436,-84.386,7.140,-0.921,0.095,0.579
216.510,7.698,-74.306,3.000,26.463,-80.776,4.572,-0.760,0.089,-0.100
216.517,7.698,-74.306,3.000,24.352,-77.139,3.845,-0.674,0.083,-0.470
216.523,7.698,-71.036,3.000,26.393,-77.840,5.867,-0.757,0.077,-0.075
216.529,7.698,-70.237,3.000,26.826,-79.901,6.819,-0.775,0.071,-0.066
216.536,7.698,-70.237,3.000,26.633,-81.406,6.403,-0.767,0.065,0.057
216.542,7.698,-70.237,3.000,21.413,-80.804,4.485,-0.555,0.061,-0.746
216.548,7.883,-70.237,3.000,19.443,-73.711,3.141,-0.468,0.056,-0.931
216.555,8.069,-77.695,3.000,23.478,-75.606,5.581,-0.624,0.052,-0.071
216.562,8.069,-77.695,3.000,21.420,-79.084,6.767,-0.541,0.047,-0.379
216.568,8.069,-77.695,3.000,22.260,-81.548,7.230,-0.575,0.043,-0.097
216.575,12.836,-101.762,3.000,21.686,-78.360,6.014,-0.358,0.038,-0.262
216.581,12.836,-101.762,3.000,25.501,-79.228,7.063,-0.513,0.034,0.402
216.588,14.508,-101.762,3.000,25.988,-79.678,5.826,-0.465,0.031,0.461
216.595,14.508,-101.762,3.000,24.663,-78.116,4.620,-0.411,0.028,0.170
216.601,14.508,-101.762,3.000,26.941,-78.318,6.214,-0.504,0.023,0.398
216.608,14.508,-101.762,3.000,31.978,-84.276,7.344,-0.708,0.018,1.062
216.614,21.884,-153.744,3.000,29.644,-83.540,3.599,-0.314,0.014,0.480
216.621,22.209,-175.665,3.000,29.243,-81.190,1.361,-0.285,0.012,0.294
216.627,22.209,-175.665,3.000,28.622,-82.952,5.050,-0.260,0.009,0.047
216.634,22.209,-194.573,3.000,32.091,-89.431,9.058,-0.400,0.006,0.532
216.640,22.209,-194.573,3.000,33.551,-98.347,9.334,-0.459,0.003,0.759
216.647,21.884,-224.932,3.000,30.956,-99.920,8.775,-0.367,-0.000,0.113
216.653,21.561,-233.081,3.000,37.107,-112.130,9.608,-0.630,-0.004,1.065
216.660,20.927,-239.346,3.000,34.127,-118.150,5.707,-0.535,-0.009,0.347
216.667,20.927,-239.346,3.000,34.730,-122.421,4.676,-0.559,-0.014,0.309
216.673,20.927,-239.346,3.000,36.372,-131.803,5.451,-0.626,-0.019,0.472
216.680,16.302,-250.085,3.000,34.959,-144.256,6.115,-0.756,-0.025,0.203
216.686,15.261,-250.085,3.000,30.059,-151.619,4.287,-0.599,-0.030,-0.598
216.693,15.261,-250.085,3.000,33.730,-166.867,6.574,-0.748,-0.036,0.083
216.700,15.261,-250.085,3.000,34.580,-183.533,7.368,-0.782,-0.042,0.231
216.706,15.261,-250.085,3.000,31.192,-188.795,5.160,-0.645,-0.047,-0.340
216.713,15.261,-250.085,3.000,33.645,-197.819,6.964,-0.745,-0.053,0.139
216.720,15.261,-250.085,3.000,33.925,-203.878,8.271,-0.756,-0.059,0.138
216.726,15.261,-250.085,3.000,35.255,-212.134,7.766,-0.810,-0.066,0.310
216.733,7.153,-215.067,3.000,35.362,-213.970,6.402,-1.142,-0.074,0.233
216.739,6.446,-209.315,3.000,37.772,-219.023,7.324,-1.269,-0.084,0.575
216.746,6.446,-209.315,3.000,40.286,-219.689,7.369,-1.371,-0.094,0.862
216.752,3.482,-172.390,3.000,40.181,-218.202,6.996,-1.486,-0.105,0.685
216.759,3.482,-172.390,3.000,39.093,-215.055,6.401,-1.442,-0.118,0.295
216.765,1.492,-156.735,3.000,42.362,-211.766,6.675,-1.655,-0.131,0.653
216.772,1.492,-156.735,3.000,44.872,-212.381,7.329,-1.757,-0.145,0.893
216.778,0.149,-111.749,3.000,46.485,-208.119,6.957,-1.877,-0.158,1.152
216.784,0.149,-107.218,3.000,46.130,-200.858,6.491,-1.862,-0.170,0.960
216.789,0.149,-107.218,3.000,45.535,-194.993,7.770,-1.838,-0.182,0.724
216.794,0.149,-107.218,3.000,44.673,-188.416,8.958,-1.803,-0.194,0.469
216.800,0.000,-80.316,3.000,45.301,-183.669,9.309,-1.835,-0.206,0.506
216.805,0.000,-80.316,3.000,43.629,-177.865,7.967,-1.767,-0.218,0.042
216.811,0.000,-80.316,3.000,43.108,-172.388,7.381,-1.746,-0.230,-0.049
216.816,0.000,-80.316,3.000,40.865,-166.769,7.385,-1.655,-0.241,-0.426
216.822,0.000,-51.831,3.000,38.418,-162.471,6.918,-1.556,-0.251,-0.716
216.827,0.000,-51.831,3.000,36.795,-156.984,5.637,-1.490,-0.261,-0.751
216.832,0.000,-47.016,3.000,36.821,-152.712,5.351,-1.491,-0.271,-0.499
216.838,0.000,-47.016,3.000,36.759,-148.816,7.577,-1.489,-0.280,-0.345
216.843,0.000,-47.016,3.000,35.579,-144.548,7.764,-1.441,-0.290,-0.441
216.849,0.000,-38.940,3.000,33.378,-140.615,8.226,-1.352,-0.300,-0.766
216.854,0.000,-28.300,3.000,30.922,-135.937,8.424,-1.252,-0.308,-1.073
216.860,0.000,-28.300,3.000,29.338,-130.779,8.144,-1.188,-0.316,-1.106
216.865,0.000,-28.300,3.000,29.328,-127.083,8.358,-1.188,-0.324,-0.795
216.871,0.000,-21.243,3.000,28.351,-124.338,8.722,-1.148,-0.331,-0.691
216.876,0.000,-19.102,3.000,29.166,-120.490,7.500,-1.181,-0.339,-0.248
216.882,0.000,-19.102,3.000,29.668,-116.002,6.785,-1.202,-0.346,0.074
216.887,0.000,-19.102,3.000,31.030,-110.000,6.677,-1.257,-0.350,0.490
216.892,0.000,-17.387,3.000,35.542,-108.658,8.489,-1.439,-0.350,1.346
216.898,0.000,-17.387,3.000,37.024,-103.392,9.740,-1.499,-0.350,1.386
216.903,0.000,-17.112,3.000,39.232,-99.428,10.787,-1.589,-0.350,1.527
216.909,0.000,-17.112,3.000,40.680,-94.661,10.597,-1.648,-0.350,1.484
216.914,0.000,-16.302,3.000,41.602,-89.808,9.614,-1.685,-0.350,1.359
216.920,0.000,-16.302,3.000,42.356,-87.223,8.647,-1.715,-0.350,1.269
216.925,0.000,-15.777,3.000,43.354,-85.517,9.031,-1.756,-0.350,1.277
216.931,0.000,-15.777,3.000,43.201,-83.103,8.812,-1.750,-0.350,1.125
216.936,0.000,-15.777,3.000,41.289,-80.475,8.656,-1.672,-0.350,0.691
216.942,0.000,-15.008,3.000,39.076,-75.721,8.179,-1.583,-0.350,0.294
216.947,0.000,-14.757,3.000,35.585,-71.173,8.102,-1.441,-0.350,-0.297
216.953,0.000,-14.757,3.000,32.386,-66.783,6.502,-1.312,-0.350,-0.725
216.958,0.000,-14.757,3.000,27.903,-61.761,6.670,-1.130,-0.350,-1.268
216.964,0.000,-14.757,3.000,23.229,-57.870,7.433,-0.941,-0.350,-1.624
216.969,0.000,-14.757,3.000,18.183,-52.940,7.318,-0.736,-0.350,-1.991
216.975,0.000,-14.757,3.000,12.415,-48.178,5.780,-0.503,-0.350,-2.383
216.980,0.000,-14.757,3.000,8.359,-44.939,6.818,-0.339,-0.350,-2.351
216.986,0.000,-14.757,3.000,5.081,-41.742,6.613,-0.206,-0.350,-2.192
216.991,-0.149,-11.711,3.000,2.355,-40.162,6.249,-0.101,-0.350,-2.003
216.997,-0.149,-11.711,3.000,1.378,-40.164,5.824,-0.062,-0.350,-1.548
217.002,-0.149,-11.711,3.000,1.354,-39.953,6.876,-0.061,-0.350,-1.088
217.008,-0.149,-11.493,3.000,1.341,-39.846,7.208,-0.060,-0.350,-0.802
217.013,-0.149,-11.493,3.000,1.113,-39.436,6.675,-0.051,-0.350,-0.679
217.018,-0.149,-11.062,3.000,2.005,-38.852,6.238,-0.087,-0.350,-0.479
217.024,-0.149,-11.062,3.000,0.286,-37.323,5.046,-0.018,-0.350,-0.818
217.029,-0.149,-11.062,3.000,-1.070,-34.901,4.348,0.037,-0.350,-1.041
217.035,-0.149,-11.062,3.000,1.355,-34.880,5.121,-0.061,-0.350,-0.529
217.040,-0.149,-11.062,3.000,-1.020,-31.111,6.558,0.035,-0.350,-1.076
217.046,-0.149,-11.062,3.000,-0.445,-29.832,6.298,0.012,-0.350,-0.849
217.051,-0.149,-11.062,3.000,-0.135,-28.386,5.938,-0.001,-0.350,-0.678
217.056,-0.149,-11.062,3.000,-0.038,-27.106,5.734,-0.004,-0.350,-0.528
217.062,-0.595,-7.698,3.000,2.372,-26.109,6.749,-0.120,-0.350,-0.001
217.068,-0.595,-7.698,3.000,3.196,-22.493,6.444,-0.154,-0.350,0.223
217.073,-0.595,-7.698,3.000,3.080,-21.156,5.942,-0.149,-0.350,0.246
217.080,-3.014,-7.333,3.000,0.966,-14.803,3.709,-0.161,-0.350,-0.129
217.086,-3.639,-7.333,3.000,0.069,-8.732,3.696,-0.150,-0.350,-0.269
217.093,-6.100,-7.153,3.000,0.069,-4.784,5.054,-0.250,-0.350,-0.284
217.099,-6.100,-7.153,3.000,-0.111,-3.686,5.289,-0.243,-0.350,-0.211
217.106,-6.100,-7.153,3.000,-3.435,1.029,4.089,-0.108,-0.350,-0.663
217.112,-14.757,-3.169,3.000,-3.110,6.147,3.154,-0.472,-0.350,-0.480
217.119,-14.757,-3.169,3.000,-3.770,8.002,3.265,-0.445,-0.350,-0.413
217.125,-26.768,-1.043,3.000,-6.435,6.114,3.122,-0.824,-0.350,-0.689
217.132,-26.768,-1.043,3.000,-14.494,8.802,2.569,-0.497,-0.350,-1.778
217.139,-51.831,-0.149,3.000,-12.989,10.920,2.415,-1.573,-0.350,-1.141
217.144,-51.831,-0.149,3.000,-15.842,7.943,4.172,-1.458,-0.350,-1.260
217.150,-51.831,-0.149,3.000,-17.960,5.724,4.504,-1.372,-0.350,-1.144
217.155,-64.096,0.893,3.000,-21.869,5.085,5.242,-1.710,-0.350,-1.506
217.162,-73.478,2.096,3.000,-25.010,6.486,2.979,-1.963,-0.350,-1.612
217.168,-73.478,2.096,3.000,-31.437,10.235,2.949,-1.703,-0.350,-2.259
217.175,-73.478,2.096,3.000,-32.384,9.634,2.989,-1.664,-0.350,-1.916
217.181,-73.478,2.096,3.000,-35.946,7.262,2.716,-1.520,-0.350,-1.898
217.188,-93.494,9.615,3.000,-38.957,11.452,2.864,-2.209,-0.350,-1.873
217.194,-98.596,12.380,3.000,-41.906,15.182,3.599,-2.296,-0.350,-1.908
217.201,-98.596,12.380,3.000,-43.043,11.903,3.574,-2.250,-0.350,-1.640
217.207,-102.835,18.808,3.000,-46.706,11.718,2.676,-2.273,-0.350,-1.743
217.214,-102.835,18.808,3.000,-52.745,16.935,1.786,-2.029,-0.350,-2.311
217.220,-102.835,18.808,3.000,-53.343,21.639,2.425,-2.004,-0.350,-1.885
217.226,-102.835,18.808,3.000,-55.656,25.017,1.441,-1.911,-0.350,-1.750
217.233,-102.835,18.808,3.000,-57.174,24.307,3.058,-1.849,-0.350,-1.550
217.239,-103.917,29.491,3.000,-60.543,24.922,2.595,-1.757,-0.350,-1.624
217.246,-103.917,29.491,3.000,-67.782,30.510,2.611,-1.463,-0.350,-2.387
217.252,-103.917,29.491,3.000,-68.561,33.620,2.417,-1.432,-0.350,-1.944
217.259,-102.835,42.028,3.000,-69.802,33.993,2.055,-1.338,-0.350,-1.614
217.265,-102.835,42.028,3.000,-70.467,34.171,4.075,-1.311,-0.350,-1.250
217.272,-102.835,42.028,3.000,-75.917,41.642,1.045,-1.090,-0.350,-1.816
217.278,-102.835,48.185,3.000,-72.629,44.193,1.858,-1.223,-0.350,-0.874
217.285,-102.835,48.185,3.000,-76.077,45.962,2.701,-1.084,-0.350,-1.150
217.291,-102.835,48.185,3.000,-80.129,45.497,1.801,-0.920,-0.350,-1.477
217.298,-102.835,48.185,3.000,-82.417,47.551,1.511,-0.827,-0.350,-1.545
217.305,-102.835,65.590,3.000,-82.746,49.377,1.549,-0.814,-0.350,-1.200
217.311,-102.835,65.590,3.000,-86.470,52.317,1.762,-0.663,-0.350,-1.397
217.318,-102.835,65.590,3.000,-91.745,54.925,0.655,-0.449,-0.350,-1.875
217.324,-102.835,77.695,3.000,-91.698,58.067,2.049,-0.451,-0.350,-1.449
217.331,-102.835,84.840,3.000,-92.503,60.882,1.778,-0.418,-0.350,-1.135
217.338,-102.835,84.840,3.000,-96.086,63.130,1.054,-0.273,-0.350,-1.328
217.344,-102.835,84.840,3.000,-101.003,65.603,0.036,-0.074,-0.350,-1.880
217.351,-102.835,84.840,3.000,-99.865,67.875,2.094,-0.120,-0.350,-1.331
217.357,-90.535,103.917,3.000,-100.341,71.645,1.508,0.397,-0.346,-0.948
217.364,-84.840,103.917,3.000,-103.060,76.207,0.950,0.738,-0.341,-1.040
217.370,-84.840,103.917,3.000,-104.123,80.734,2.508,0.781,-0.335,-1.035
217.377,-68.660,103.917,3.000,-102.615,85.223,2.587,1.375,-0.328,-0.609
217.383,-64.839,103.917,3.000,-102.970,90.738,1.436,1.544,-0.316,-0.412
217.390,-64.839,103.917,3.000,-104.196,96.643,0.697,1.594,-0.303,-0.423
217.396,-64.839,103.917,3.000,-106.751,103.079,1.290,1.697,-0.290,-0.807
217.403,-64.839,103.917,3.000,-105.330,106.957,2.529,1.640,-0.277,-0.456
217.409,-64.839,103.917,3.000,-103.797,110.943,1.737,1.578,-0.263,-0.041
217.416,-62.630,103.917,3.000,-108.433,118.720,-0.431,1.855,-0.249,-0.733
217.422,-62.630,103.917,3.000,-109.449,123.606,0.655,1.896,-0.234,-0.775
217.429,-62.630,103.917,3.000,-104.770,122.549,1.351,1.707,-0.219,0.248
217.436,-61.190,115.245,3.000,-106.262,129.228,0.202,1.825,-0.205,0.002
217.442,-61.190,115.245,3.000,-105.929,132.051,2.269,1.812,-0.190,-0.030
217.449,-61.190,115.245,3.000,-101.561,130.556,4.913,1.635,-0.177,0.565
217.455,-57.028,132.732,3.000,-100.416,130.879,4.586,1.757,-0.162,0.681
217.462,-55.692,135.393,3.000,-99.796,138.000,2.382,1.786,-0.148,0.601
217.468,-52.459,135.393,3.000,-97.084,136.708,2.785,1.807,-0.134,0.868
217.475,-52.459,135.393,3.000,-94.593,134.686,3.786,1.706,-0.120,1.071
217.482,-49.982,135.393,3.000,-96.100,138.763,2.924,1.868,-0.105,0.514
217.488,-48.778,134.057,3.000,-90.935,138.579,2.496,1.707,-0.091,1.189
217.495,-48.778,134.057,3.000,-91.643,141.245,2.842,1.736,-0.076,0.843
217.501,-43.642,128.818,3.000,-95.580,145.663,2.447,2.103,-0.060,-0.028
217.508,-37.951,116.430,3.000,-89.023,144.143,5.877,2.068,-0.045,0.939
217.514,-37.951,116.430,3.000,-88.420,146.079,4.698,2.044,-0.028,0.870
217.521,-37.951,116.430,3.000,-90.638,156.051,1.505,2.134,-0.010,0.362
217.527,-17.387,66.347,3.000,-90.496,157.214,1.982,2.961,0.013,0.204
217.534,-11.932,55.692,3.000,-87.746,152.225,3.550,3.070,0.037,0.541
217.540,-11.932,55.692,3.000,-89.493,156.107,4.188,3.141,0.062,0.152
217.547,-5.089,23.546,3.000,-86.339,160.897,4.852,3.291,0.088,0.561
217.554,-3.639,15.518,3.000,-85.762,158.582,4.096,3.326,0.116,0.561
217.560,-3.639,15.518,3.000,-84.883,157.826,6.653,3.290,0.141,0.531
217.566,-3.639,15.518,3.000,-79.030,152.556,8.123,3.053,0.165,1.220
217.573,-3.639,15.518,3.000,-74.775,144.798,4.560,2.881,0.188,1.627
217.579,-3.639,15.518,3.000,-76.608,140.795,6.628,2.955,0.211,0.947
217.585,-3.639,15.518,3.000,-69.704,126.867,5.157,2.676,0.233,1.744
217.592,-3.639,15.518,3.000,-65.500,119.537,4.700,2.505,0.253,2.015
217.598,-3.639,15.518,3.000,-65.147,112.794,9.125,2.491,0.273,1.516
217.604,-3.639,15.518,3.000,-62.634,100.406,5.526,2.389,0.292,1.574
217.610,0.000,-0.446,3.000,-58.162,94.360,4.503,2.356,0.309,2.089
217.615,0.000,-0.446,3.000,-59.455,88.333,4.331,2.408,0.324,1.336
217.620,0.000,-0.446,3.000,-60.828,83.353,6.243,2.464,0.340,0.723
217.625,0.000,-0.595,3.000,-57.752,75.469,6.225,2.339,0.350,1.064
217.632,0.000,-0.595,3.000,-51.228,72.952,7.455,2.075,0.350,1.926
217.638,0.000,-0.595,3.000,-51.471,71.847,9.123,2.085,0.350,1.367
217.643,0.000,-0.595,3.000,-50.251,71.742,8.079,2.035,0.350,1.390
217.649,0.000,-1.642,3.000,-48.727,73.419,9.197,1.973,0.350,1.317
217.654,0.000,-2.400,3.000,-50.312,75.159,8.903,2.038,0.350,0.750
217.661,0.000,-3.169,3.000,-48.740,80.730,11.168,1.974,0.350,0.792
217.666,0.000,-3.169,3.000,-45.468,83.291,10.370,1.841,0.350,1.177
217.671,0.000,-3.169,3.000,-41.035,81.995,8.639,1.662,0.350,1.785
217.677,0.000,-3.169,3.000,-39.647,83.419,7.925,1.606,0.350,1.670
217.682,0.000,-3.169,3.000,-39.746,85.893,7.005,1.610,0.350,1.311
217.688,0.000,-7.333,4.000,-41.425,88.088,9.606,1.678,0.350,0.637
217.693,0.000,-8.256,4.000,-41.835,88.051,12.204,1.694,0.350,0.298
217.699,0.000,-11.276,3.000,-39.305,81.920,14.023,1.592,0.350,0.721
217.704,0.000,-11.276,3.000,-39.473,77.111,11.038,1.599,0.350,0.580
217.710,0.000,-12.380,4.000,-39.574,75.726,10.729,1.603,0.350,0.516
217.715,0.000,-12.380,4.000,-40.016,75.205,11.436,1.621,0.350,0.423
217.721,0.000,-12.380,4.000,-42.282,74.943,11.861,1.712,0.350,-0.069
217.726,0.000,-17.947,3.000,-37.906,64.076,10.787,1.535,0.350,0.653
217.732,0.000,-19.697,3.000,-36.209,57.535,9.715,1.466,0.350,0.866
217.737,0.000,-19.697,3.000,-33.581,52.550,5.099,1.360,0.350,1.189
217.743,0.000,-19.697,3.000,-33.098,53.479,6.230,1.340,0.350,1.105
217.748,0.000,-26.768,3.000,-34.020,54.501,11.624,1.378,0.350,0.705
217.753,0.000,-29.090,3.000,-34.108,52.522,13.663,1.381,0.350,0.453
217.759,0.000,-29.090,3.000,-31.218,45.333,15.522,1.264,0.350,0.878
217.764,0.000,-29.090,3.000,-29.439,36.473,13.661,1.192,0.350,1.070
217.770,0.000,-29.090,3.000,-25.654,33.421,11.857,1.039,0.350,1.590
217.775,0.000,-29.090,3.000,-25.179,33.830,13.218,1.020,0.350,1.359
217.781,0.000,-43.642,3.000,-24.085,32.409,13.771,0.975,0.350,1.147
217.786,0.000,-43.099,3.000,-20.898,27.723,11.112,0.846,0.350,1.348
217.792,0.000,-48.185,3.000,-18.113,21.351,9.073,0.734,0.350,1.598
217.797,0.000,-48.185,3.000,-19.555,18.773,10.372,0.792,0.350,0.999
217.802,0.000,-54.380,3.000,-16.632,13.993,11.227,0.674,0.350,1.409
217.808,0.000,-55.033,3.000,-18.194,16.908,13.801,0.737,0.350,0.799
217.814,0.000,-55.033,3.000,-18.934,17.591,13.892,0.767,0.350,0.304
217.819,0.000,-55.033,3.000,-18.022,18.151,13.305,0.730,0.350,0.249
217.824,0.000,-79.434,4.000,-15.106,16.420,13.920,0.612,0.350,0.641
217.830,0.000,-79.434,4.000,-17.162,12.878,14.907,0.695,0.350,0.097
217.835,0.000,-79.434,4.000,-17.728,8.730,13.512,0.718,0.350,-0.021
217.841,0.000,-79.434,4.000,-17.628,8.346,11.436,0.714,0.350,0.027
217.846,0.000,-99.643,4.000,-21.899,13.712,13.018,0.887,0.350,-0.823
217.852,0.000,-99.643,4.000,-24.132,17.829,14.302,0.977,0.350,-1.170
217.857,0.000,-99.643,4.000,-24.589,14.361,16.048,0.996,0.350,-1.042
217.863,0.000,-100.698,4.000,-20.248,5.572,16.049,0.820,0.350,0.100
217.868,0.000,-100.698,4.000,-19.585,2.394,13.500,0.793,0.350,0.232
217.874,0.000,-100.698,4.000,-21.551,-1.682,15.381,0.873,0.350,-0.152
217.879,0.000,-100.698,4.000,-23.720,-11.128,16.453,0.961,0.350,-0.577
217.885,0.000,-99.643,4.000,-18.360,-22.797,13.721,0.744,0.350,0.561
217.890,0.000,-99.643,4.000,-18.050,-26.988,11.356,0.731,0.350,0.589
217.896,0.000,-99.643,4.000,-19.127,-26.693,12.279,0.775,0.350,0.435
217.901,0.000,-99.643,4.000,-19.544,-29.156,15.921,0.792,0.350,0.302
217.906,0.000,-99.643,4.000,-17.008,-37.176,16.239,0.689,0.350,0.559
217.912,0.000,-99.643,4.000,-13.375,-40.430,16.399,0.542,0.350,1.024
217.917,0.000,-95.509,4.000,-7.609,-44.649,16.839,0.308,0.350,1.916
217.923,0.000,-95.509,4.000,-7.094,-41.880,14.247,0.287,0.350,1.586
217.928,0.000,-95.509,4.000,-5.232,-40.043,14.408,0.212,0.350,1.558
217.934,0.000,-95.509,4.000,-5.384,-38.965,13.353,0.218,0.350,1.050
217.939,0.000,-97.558,4.000,-3.573,-39.791,11.593,0.145,0.350,0.921
217.944,0.000,-97.558,4.000,1.027,-41.262,13.753,-0.042,0.350,1.428
217.950,0.000,-98.596,4.000,2.016,-43.661,13.279,-0.082,0.349,1.263
217.955,0.000,-98.596,4.000,1.559,-45.990,12.254,-0.063,0.349,0.948
217.961,0.000,-100.698,4.000,2.625,-47.581,10.951,-0.106,0.349,0.990
217.966,0.000,-100.698,4.000,2.084,-48.973,9.767,-0.084,0.349,0.747
217.972,0.000,-100.698,4.000,2.274,-47.725,11.217,-0.092,0.348,0.597
217.977,0.000,-100.698,3.000,1.405,-46.758,13.595,-0.057,0.347,0.225
217.983,0.000,-100.698,3.000,1.069,-46.760,14.075,-0.043,0.347,-0.006
217.988,0.000,-100.698,3.000,1.356,-49.570,17.219,-0.055,0.346,0.105
217.994,0.000,-109.465,3.000,2.103,-53.992,17.598,-0.085,0.346,0.331
217.999,0.149,-117.624,3.000,1.389,-55.319,15.789,-0.050,0.346,0.221
218.005,0.149,-117.624,3.000,-2.724,-53.612,13.600,0.116,0.347,-0.528
218.010,0.149,-117.624,3.000,-5.115,-51.841,12.604,0.213,0.348,-0.936
218.016,0.149,-117.624,3.000,-7.791,-48.120,13.379,0.322,0.349,-1.395
218.021,0.149,-117.624,3.000,-6.308,-51.683,14.722,0.261,0.350,-0.839
218.027,0.149,-149.344,3.000,-2.837,-59.695,12.330,0.121,0.350,0.079
218.032,0.149,-149.344,3.000,-2.081,-65.726,12.712,0.090,0.350,0.276
218.037,0.297,-150.799,3.000,-0.808,-69.707,14.235,0.045,0.350,0.528
218.043,0.297,-150.799,3.000,-0.402,-71.605,14.658,0.028,0.350,0.416
218.050,0.446,-152.266,3.000,4.725,-81.464,13.319,-0.173,0.349,1.186
218.056,0.893,-152.266,3.000,7.111,-82.683,11.946,-0.252,0.347,1.252
218.062,0.893,-152.266,3.000,8.944,-85.634,13.223,-0.326,0.345,1.218
218.069,3.639,-147.899,3.000,11.486,-93.496,10.772,-0.318,0.342,1.339
218.075,3.639,-147.899,3.000,13.019,-93.368,10.556,-0.380,0.340,1.282
218.081,3.639,-147.899,3.000,12.719,-94.422,11.202,-0.368,0.336,0.836
218.088,3.639,-147.899,3.000,15.577,-100.824,10.395,-0.483,0.333,1.043
218.094,3.639,-147.899,3.000,16.877,-105.346,8.844,-0.536,0.329,1.001
218.100,3.639,-147.899,3.000,14.002,-105.765,8.891,-0.420,0.325,0.353
218.107,3.639,-147.899,3.000,15.472,-109.064,10.374,-0.479,0.321,0.441
218.113,3.639,-147.899,3.000,15.544,-111.989,10.185,-0.482,0.318,0.373
218.119,9.023,-95.509,3.000,11.831,-106.647,11.673,-0.114,0.317,-0.272
218.126,9.023,-95.509,3.000,11.592,-106.059,12.733,-0.104,0.316,-0.289
218.132,9.615,-53.734,3.000,10.953,-109.201,9.838,-0.054,0.315,-0.312
218.139,10.019,-48.778,3.000,11.891,-107.946,9.811,-0.076,0.314,-0.097
218.145,10.019,-48.778,3.000,9.807,-103.857,7.853,0.009,0.314,-0.419
218.152,10.019,-48.778,3.000,11.401,-104.950,7.257,-0.056,0.314,-0.038
218.159,10.019,-48.778,3.000,13.033,-102.002,6.949,-0.122,0.314,0.281
218.165,10.019,-48.778,3.000,12.813,-94.730,7.326,-0.113,0.312,0.157
218.172,16.839,-25.299,3.000,13.226,-87.987,8.205,0.146,0.313,0.186
218.178,16.839,-25.299,3.000,15.413,-84.988,8.986,0.058,0.313,0.435
218.185,16.839,-25.299,3.000,18.258,-79.845,9.326,-0.057,0.314,0.841
218.191,25.299,-20.306,3.000,19.742,-67.181,8.557,0.225,0.313,0.806
218.198,25.299,-20.306,3.000,24.509,-59.659,8.478,0.032,0.314,1.341
218.205,25.299,-20.306,3.000,26.489,-55.026,10.483,-0.048,0.314,1.355
218.211,25.299,-20.306,3.000,26.534,-47.957,10.179,-0.050,0.314,1.036
218.218,34.189,-8.069,3.000,27.680,-42.317,10.470,0.264,0.315,0.858
218.224,35.564,-7.153,3.000,30.545,-41.452,9.064,0.203,0.317,1.108
218.231,36.032,-3.955,3.000,28.504,-38.406,7.312,0.305,0.319,0.588
218.237,36.032,-3.955,3.000,29.003,-32.498,7.642,0.285,0.321,0.475
218.244,36.032,-1.043,3.000,31.972,-30.454,7.412,0.164,0.323,0.814
218.250,35.564,-0.446,4.000,32.302,-30.000,7.092,0.132,0.324,0.714
218.256,35.564,-0.446,4.000,30.556,-26.585,6.223,0.203,0.326,0.275
218.263,35.564,-0.446,4.000,31.709,-26.160,8.788,0.156,0.327,0.312
218.269,35.564,-0.446,4.000,34.482,-27.282,9.395,0.044,0.327,0.659
218.275,35.564,-0.446,4.000,36.756,-28.823,8.851,-0.048,0.328,0.939
218.282,37.951,0.893,4.000,36.218,-26.630,8.792,0.070,0.328,0.630
218.288,37.951,0.893,4.000,38.940,-23.540,7.489,-0.040,0.328,0.859
218.294,37.951,4.598,3.000,38.444,-21.307,8.224,-0.020,0.328,0.645
218.301,38.443,7.698,3.000,38.995,-18.724,9.088,-0.022,0.328,0.560
218.307,38.443,10.224,3.000,38.110,-15.040,9.445,0.013,0.328,0.271
218.314,38.443,10.224,3.000,42.411,-15.747,10.361,-0.161,0.327,0.860
218.320,38.443,10.224,3.000,43.328,-18.181,9.333,-0.198,0.326,0.842
218.327,38.940,17.387,3.000,43.009,-14.102,6.880,-0.165,0.324,0.567
218.333,39.949,18.808,3.000,42.989,-5.120,6.689,-0.123,0.323,0.381
218.340,39.949,18.808,3.000,44.101,-6.356,8.939,-0.168,0.322,0.474
218.346,44.191,26.395,3.000,45.360,-3.849,9.033,-0.047,0.321,0.526
218.353,44.191,26.395,3.000,45.986,-2.006,9.913,-0.073,0.320,0.510
218.359,44.191,26.395,3.000,49.251,0.840,9.776,-0.205,0.319,0.849
218.366,44.191,26.395,3.000,46.957,-0.135,9.282,-0.112,0.318,0.309
218.372,55.033,39.949,3.000,45.769,4.426,8.513,0.375,0.319,0.065
218.379,61.190,42.028,3.000,42.920,12.338,9.855,0.740,0.324,-0.414
218.385,61.190,42.028,3.000,47.118,13.536,10.945,0.570,0.329,0.333
218.392,74.306,50.592,3.000,47.574,11.015,10.832,1.083,0.336,0.391
218.399,74.306,50.592,3.000,45.979,14.675,8.637,1.147,0.345,0.011
218.405,77.695,55.692,3.000,53.231,12.682,11.262,0.991,0.350,1.087
218.412,77.695,55.692,3.000,55.896,13.736,10.275,0.883,0.350,1.257
218.418,79.434,65.590,3.000,56.534,19.941,9.573,0.927,0.350,1.029
218.425,79.434,67.111,3.000,61.103,25.583,11.141,0.742,0.350,1.397
218.431,79.434,67.111,3.000,63.952,25.180,10.956,0.627,0.350,1.557
218.438,78.561,66.347,3.000,68.229,25.134,9.557,0.418,0.350,1.879
218.444,78.561,66.347,3.000,70.144,31.079,9.133,0.341,0.350,1.589
218.451,78.561,66.347,3.000,73.333,33.763,9.323,0.212,0.350,1.729
218.457,78.561,66.347,3.000,76.039,34.920,9.325,0.102,0.350,1.798
218.463,52.459,60.480,3.000,77.282,38.939,9.685,-1.005,0.345,1.560
218.470,49.377,56.357,3.000,77.391,45.514,9.300,-1.135,0.336,1.103
218.477,49.377,56.357,3.000,78.506,48.326,10.738,-1.180,0.326,0.979
218.483,49.377,56.357,3.000,78.820,47.428,10.584,-1.192,0.316,0.793
218.490,36.982,36.032,3.000,76.772,48.880,9.975,-1.611,0.303,0.330
218.496,32.419,26.395,3.000,75.857,53.586,9.158,-1.759,0.288,0.026
218.503,32.419,26.395,3.000,73.559,59.715,8.890,-1.666,0.275,-0.368
218.509,29.090,19.102,3.000,73.790,59.571,9.127,-1.810,0.261,-0.211
218.516,29.090,19.102,3.000,70.452,61.669,8.841,-1.675,0.247,-0.634
218.522,29.090,19.102,3.000,68.794,65.218,8.282,-1.608,0.233,-0.794
218.529,29.090,19.102,3.000,67.895,64.826,9.882,-1.572,0.221,-0.751
218.535,29.090,19.102,3.000,67.362,60.651,11.160,-1.550,0.208,-0.614
218.542,24.941,3.325,3.000,64.313,63.779,10.054,-1.595,0.195,-0.923
218.549,24.941,1.944,3.000,64.925,66.051,9.780,-1.619,0.181,-0.629
218.555,24.941,1.944,3.000,65.085,59.974,12.324,-1.626,0.169,-0.418
218.562,24.941,1.944,3.000,63.531,57.031,10.934,-1.563,0.156,-0.524
218.568,24.941,1.944,3.000,62.734,53.461,10.528,-1.531,0.143,-0.573
218.575,24.941,1.944,3.000,66.075,46.564,10.729,-1.666,0.130,0.152
218.581,24.941,1.944,3.000,63.084,44.756,8.135,-1.545,0.118,-0.276
218.588,11.062,-1.793,3.000,60.854,44.957,6.919,-2.017,0.103,-0.631
218.594,11.062,-1.793,3.000,62.869,41.542,6.421,-2.098,0.086,-0.205
218.601,11.062,-1.793,3.000,62.586,35.289,8.570,-2.087,0.071,-0.096
218.607,11.062,-1.793,3.000,58.730,32.835,7.791,-1.931,0.056,-0.619
218.613,11.062,-1.793,3.000,57.563,31.982,8.599,-1.883,0.040,-0.763
218.620,9.615,-17.666,3.000,59.007,31.941,10.127,-2.000,0.024,-0.345
218.626,9.615,-17.666,3.000,61.306,26.742,12.957,-2.093,0.008,0.129
218.633,9.615,-17.666,3.000,60.172,25.383,12.509,-2.048,-0.008,-0.027
218.640,17.112,-28.693,3.000,57.270,29.096,11.526,-1.626,-0.024,-0.497
218.646,19.697,-32.855,3.000,59.381,26.288,13.074,-1.607,-0.038,-0.091
218.653,19.697,-32.855,3.000,55.412,23.371,11.973,-1.446,-0.049,-0.601
218.659,19.697,-32.855,3.000,49.172,23.966,9.283,-1.194,-0.060,-1.425
218.665,29.897,-43.099,3.000,46.220,24.847,7.200,-0.661,-0.066,-1.743
218.671,31.988,-42.028,3.000,46.854,23.583,6.937,-0.602,-0.071,-1.316
218.678,31.988,-42.028,3.000,47.548,15.982,8.107,-0.630,-0.076,-0.806
218.684,45.304,-44.191,3.000,45.111,14.642,7.449,0.008,-0.078,-0.920
218.691,45.304,-44.191,3.000,43.882,17.020,8.095,0.058,-0.078,-0.942
218.698,54.380,-45.304,3.000,47.500,13.356,11.216,0.279,-0.076,-0.129
218.704,54.380,-45.304,3.000,48.296,10.331,10.117,0.246,-0.073,0.128
218.711,54.380,-45.304,3.000,49.574,9.497,10.402,0.195,-0.071,0.256
218.717,111.749,-45.869,3.000,53.135,6.720,9.589,2.374,-0.058,0.737
218.724,175.665,-45.869,3.000,53.122,1.625,8.653,4.963,-0.032,0.549
218.731,192.790,-44.745,3.000,54.149,4.323,8.415,5.615,0.009,0.562
218.737,192.790,-44.745,3.000,58.869,2.709,8.766,5.424,0.054,1.100
218.744,192.790,-44.745,3.000,67.009,-2.428,11.046,5.094,0.097,2.194
218.750,192.790,-44.745,3.000,71.430,-4.468,10.634,4.915,0.138,2.383
218.757,213.136,-43.099,3.000,77.180,-5.090,9.848,5.506,0.180,2.559
218.763,213.136,-41.500,3.000,88.060,-11.422,10.213,5.066,0.222,3.673
218.770,213.136,-41.500,3.000,96.719,-11.468,8.937,4.715,0.261,4.130
218.776,207.425,-29.491,3.000,106.515,-11.579,9.029,4.087,0.296,4.527
218.783,207.425,-29.491,3.000,117.870,-14.658,7.812,3.627,0.326,5.143
218.790,205.549,-27.145,3.000,125.779,-14.676,9.632,3.231,0.350,5.074
218.796,205.549,-27.145,3.000,136.485,-12.780,10.679,2.797,0.350,5.408
218.803,205.549,-27.145,3.000,147.877,-16.839,10.754,2.336,0.350,5.878
218.809,139.465,-20.306,3.000,157.137,-20.479,9.688,-0.716,0.348,5.893
218.816,139.465,-20.306,3.000,161.836,-15.995,7.921,-0.906,0.341,5.132
218.822,139.465,-20.306,3.000,168.431,-11.953,9.620,-1.173,0.332,4.834
218.829,139.465,-20.306,3.000,171.429,-10.613,8.962,-1.295,0.322,4.098
218.836,139.465,-20.306,3.000,169.703,-9.802,7.586,-1.225,0.312,2.821
218.842,139.465,-20.306,3.000,166.827,-6.703,6.234,-1.108,0.302,1.656
218.849,34.189,-11.062,3.000,163.233,-2.970,6.790,-5.226,0.271,0.598
218.855,34.189,-11.062,3.000,160.927,-1.909,8.599,-5.133,0.229,0.081
218.862,34.189,-11.062,3.000,156.713,-5.242,10.648,-4.962,0.190,-0.524
218.868,34.189,-11.062,3.000,146.466,-7.442,11.463,-4.547,0.152,-1.970
218.875,34.189,-11.062,3.000,137.497,-6.399,9.530,-4.184,0.117,-2.913
218.881,34.189,-11.062,3.000,127.644,-4.907,8.100,-3.785,0.085,-3.723
218.888,7.515,-2.860,3.000,118.795,-3.989,7.298,-4.507,0.051,-4.160
218.894,7.515,-2.860,3.000,110.637,-4.580,8.254,-4.176,0.016,-4.312
218.901,0.446,-1.043,3.000,102.372,-7.663,9.753,-4.128,-0.016,-4.482
218.907,0.446,-1.043,3.000,95.862,-7.449,8.615,-3.864,-0.047,-4.397
218.913,0.149,-0.893,3.000,90.219,-10.032,10.083,-3.648,-0.072,-4.384
218.918,0.000,-0.893,3.000,84.993,-10.576,9.484,-3.442,-0.096,-4.386
218.923,0.000,-0.893,3.000,80.429,-8.784,7.931,-3.257,-0.118,-4.263
218.929,0.000,-0.893,3.000,75.844,-8.307,7.318,-3.072,-0.139,-4.161
218.934,0.000,-0.893,3.000,73.672,-2.311,7.267,-2.984,-0.159,-3.615
218.939,0.000,-0.893,3.000,70.518,-0.755,6.058,-2.856,-0.177,-3.360
218.944,0.000,-0.893,3.000,71.439,3.487,6.906,-2.893,-0.196,-2.366
218.949,-0.149,-1.192,3.000,70.258,6.299,7.729,-2.851,-0.214,-2.038
218.956,-0.149,-1.192,3.000,69.031,11.600,9.989,-2.802,-0.237,-1.674
218.962,-1.492,-1.642,3.000,70.648,12.894,9.358,-2.922,-0.261,-0.983
218.969,-5.421,-1.642,3.000,74.212,9.910,11.293,-3.225,-0.286,-0.184
218.976,-5.421,-1.642,3.000,70.127,13.665,9.353,-3.060,-0.311,-0.667
218.982,-5.421,-1.642,3.000,68.185,17.450,7.580,-2.981,-0.335,-0.888
218.989,-5.421,-1.642,3.000,66.599,20.044,5.732,-2.917,-0.350,-0.967
218.995,-22.871,-1.043,3.000,63.312,18.196,5.999,-3.490,-0.350,-1.193
219.002,-25.660,-1.043,3.000,58.808,18.255,4.749,-3.421,-0.350,-1.571
219.008,-25.660,-1.043,3.000,54.134,18.047,4.550,-3.232,-0.350,-1.950
219.015,-25.660,-1.043,3.000,51.447,12.874,5.863,-3.123,-0.350,-1.906
219.022,-25.660,-1.043,3.000,46.220,6.373,7.366,-2.911,-0.350,-2.234
219.028,-25.660,-1.043,3.000,38.000,6.841,8.012,-2.578,-0.350,-2.954
219.035,-25.660,-1.043,3.000,31.775,7.460,6.367,-2.326,-0.350,-3.237
219.041,-25.660,-1.043,3.000,27.773,5.434,5.790,-2.164,-0.350,-3.064
219.048,-25.660,-1.043,3.000,23.384,3.393,5.711,-1.986,-0.350,-2.910
219.054,-95.509,-0.893,3.000,19.259,2.870,6.838,-4.648,-0.350,-2.837
219.060,-95.509,-0.893,3.000,14.955,4.543,6.487,-4.474,-0.350,-2.883
219.067,-114.070,-0.893,4.000,12.877,6.150,6.894,-5.141,-0.350,-2.578
219.073,-114.070,-0.893,4.000,12.584,7.118,6.502,-5.129,-0.350,-1.928
219.080,-156.735,-0.893,3.000,7.911,5.864,8.034,-6.668,-0.350,-2.144
219.086,-169.163,-0.893,4.000,4.753,8.267,6.704,-7.044,-0.350,-2.118
219.092,-169.163,-0.893,4.000,0.517,9.265,4.163,-6.872,-0.350,-2.283
219.099,-169.163,-0.893,4.000,-6.320,11.663,4.242,-6.595,-0.350,-2.833
219.105,-243.596,-0.893,3.000,-12.402,13.975,4.311,-9.363,-0.350,-3.114
219.111,-243.596,-0.893,3.000,-19.094,14.767,6.198,-9.092,-0.350,-3.345
219.118,-243.596,-0.893,3.000,-28.741,17.429,7.164,-8.702,-0.350,-3.970
219.124,-243.596,-0.893,3.000,-40.635,20.521,7.015,-8.220,-0.350,-4.829
219.130,-243.596,-0.893,3.000,-53.088,22.041,7.134,-7.716,-0.350,-5.621
219.137,-333.723,-0.893,3.000,-65.802,25.929,5.106,-10.851,-0.350,-6.263
219.143,-333.723,-0.893,3.000,-79.047,27.098,6.019,-10.314,-0.350,-6.834
219.149,-342.058,-0.744,3.000,-94.342,29.184,3.713,-10.032,-0.350,-7.501
219.156,-342.058,-0.744,4.000,-111.065,27.486,8.018,-9.355,-0.350,-8.093
219.163,-342.058,-0.744,4.000,-126.758,23.179,10.599,-8.720,-0.350,-8.504
219.169,-342.058,-0.744,3.000,-142.325,19.732,10.483,-8.089,-0.350,-8.761
219.176,-342.058,-0.744,3.000,-159.692,19.761,9.130,-7.386,-0.350,-9.269
219.182,-336.483,-0.744,3.000,-172.465,21.747,7.958,-6.643,-0.350,-8.973
219.189,-336.483,-0.744,3.000,-183.336,21.846,7.410,-6.202,-0.350,-8.387
219.196,-312.288,-0.744,4.000,-197.216,18.965,7.955,-4.660,-0.350,-8.333
219.202,-312.288,-0.744,4.000,-210.458,21.007,7.907,-4.124,-0.350,-8.248
219.209,-263.474,-0.744,4.000,-217.011,23.243,9.419,-1.882,-0.350,-7.296
219.216,-252.278,-0.744,4.000,-219.872,20.887,11.797,-1.312,-0.350,-5.865
219.222,-252.278,-0.744,4.000,-224.898,18.333,10.780,-1.109,-0.350,-5.075
219.229,-252.278,-0.744,4.000,-228.534,24.258,11.388,-0.962,-0.350,-4.397
219.235,-235.155,-0.744,4.000,-225.025,21.119,13.119,-0.410,-0.350,-2.757
219.242,-235.155,-0.744,4.000,-225.764,21.721,12.807,-0.380,-0.350,-2.170
219.249,-235.155,-0.744,4.000,-224.295,25.995,12.127,-0.440,-0.350,-1.488
219.255,-235.155,-0.744,4.000,-220.535,21.275,11.909,-0.592,-0.350,-0.537
219.262,-149.344,-0.744,3.000,-219.048,22.818,10.774,2.823,-0.343,-0.152
219.268,-149.344,-0.744,3.000,-215.245,24.163,10.079,2.669,-0.321,0.456
219.275,-149.344,-0.744,3.000,-209.746,21.086,10.979,2.446,-0.300,1.177
219.281,-84.840,-0.744,3.000,-208.093,20.140,9.566,4.992,-0.259,1.174
219.288,-71.036,-0.744,3.000,-207.128,26.119,10.323,5.512,-0.217,0.952
219.295,-71.036,-0.744,3.000,-202.971,26.799,14.089,5.343,-0.172,1.338
219.301,-21.884,-0.744,4.000,-204.609,33.600,13.128,7.400,-0.123,0.733
219.308,-21.884,-0.744,4.000,-198.881,39.717,15.712,7.168,-0.064,1.382
219.314,-21.884,-0.744,4.000,-191.516,38.501,17.283,6.870,-0.008,2.162
219.321,-3.796,-0.744,3.000,-190.299,41.026,16.989,7.553,0.053,1.823
219.327,-0.149,-0.744,3.000,-182.222,36.439,15.936,7.374,0.107,2.694
219.332,-0.149,-0.744,3.000,-173.282,31.725,14.317,7.012,0.156,3.699
219.338,-0.149,-0.744,3.000,-167.739,34.954,12.015,6.787,0.202,3.827
219.344,0.297,-0.744,3.000,-163.436,40.135,13.547,6.631,0.251,3.574
219.350,0.297,-0.744,3.000,-150.442,33.463,16.102,6.105,0.297,4.805
219.356,0.297,-0.744,3.000,-139.505,31.423,12.609,5.662,0.340,5.509
219.361,3.955,-0.744,3.000,-131.040,36.698,11.896,5.467,0.350,5.576
219.368,3.955,-0.744,3.000,-122.591,34.837,14.314,5.125,0.350,5.401
219.375,3.955,-0.744,3.000,-116.239,33.075,10.608,4.868,0.350,5.019
219.381,10.019,-0.744,3.000,-114.850,33.640,14.747,5.057,0.350,3.991
219.388,10.019,-0.744,3.000,-107.313,26.671,14.164,4.752,0.350,4.143
219.394,10.019,-0.744,3.000,-102.937,25.371,15.000,4.575,0.350,3.815
219.401,19.398,-1.043,3.000,-99.923,25.969,15.366,4.832,0.350,3.211
219.407,19.398,-1.043,3.000,-95.100,23.402,13.760,4.637,0.350,3.180
219.414,21.561,-1.043,4.000,-95.184,29.970,14.513,4.728,0.350,2.408
219.420,21.561,-1.043,4.000,-89.995,31.095,14.614,4.518,0.350,2.554
219.427,24.587,-1.043,3.000,-87.237,30.728,12.983,4.529,0.350,2.440
219.433,24.587,-1.192,3.000,-89.866,34.723,13.864,4.635,0.350,1.334
219.439,24.587,-1.192,3.000,-83.647,34.738,14.690,4.383,0.350,1.943
219.445,24.587,-1.192,3.000,-81.164,32.358,14.040,4.283,0.350,1.908
219.451,23.890,-1.192,3.000,-80.713,37.369,14.580,4.236,0.350,1.560
219.457,22.871,-1.342,3.000,-82.877,43.183,13.728,4.283,0.350,0.808
219.464,22.871,-1.342,3.000,-74.714,37.176,13.778,3.952,0.350,1.921
219.470,17.112,-1.192,3.000,-70.068,37.842,12.581,3.531,0.350,2.265
219.476,17.112,-1.192,3.000,-66.585,41.095,13.895,3.390,0.350,2.223
219.483,17.112,-1.192,3.000,-59.880,36.566,14.157,3.118,0.350,2.828
219.489,17.112,-1.192,3.000,-54.182,33.061,12.502,2.887,0.350,3.155
219.495,8.256,-1.043,3.000,-53.422,36.361,14.281,2.498,0.350,2.494
219.501,6.446,-1.043,3.000,-47.402,33.715,14.847,2.181,0.350,2.789
219.508,5.421,-1.043,3.000,-45.838,37.204,12.557,2.076,0.350,2.327
219.514,5.421,-1.043,3.000,-47.065,45.042,12.848,2.126,0.350,1.542
219.520,3.639,-0.893,3.000,-43.172,41.665,12.762,1.896,0.350,1.815
219.527,2.553,-0.893,3.000,-45.175,41.686,12.871,1.933,0.350,1.030
219.533,2.248,-1.043,3.000,-48.549,45.494,11.616,2.057,0.350,0.245
219.540,1.342,-1.043,3.000,-45.753,39.859,11.529,1.907,0.350,0.612
219.546,1.342,-1.043,3.000,-44.306,40.214,10.737,1.849,0.350,0.709
219.552,0.893,-0.893,3.000,-47.585,40.286,11.508,1.963,0.350,0.017
219.558,0.893,-0.893,3.000,-48.224,39.306,13.022,1.989,0.350,-0.110
219.565,0.893,-0.893,3.000,-48.932,33.076,14.686,2.018,0.350,-0.192
219.571,0.000,-1.043,3.000,-47.936,33.040,15.540,1.941,0.350,0.111
219.576,0.000,-1.043,3.000,-48.581,35.214,14.326,1.968,0.350,-0.064
219.582,0.000,-1.043,3.000,-48.492,35.455,14.380,1.964,0.350,-0.175
219.587,0.000,-1.043,3.000,-43.471,30.732,13.525,1.761,0.350,0.734
219.593,0.000,-0.893,3.000,-40.996,27.045,12.315,1.660,0.350,0.970
219.598,0.000,-0.893,3.000,-39.609,24.642,10.259,1.604,0.350,1.055
219.603,0.000,-0.893,3.000,-38.511,26.037,10.198,1.560,0.350,1.130
219.608,0.000,-1.043,3.000,-35.907,26.577,10.908,1.454,0.350,1.494
219.614,0.000,-1.043,3.000,-35.689,31.886,11.965,1.445,0.350,1.308
219.619,0.000,-1.192,4.000,-31.344,34.064,11.541,1.269,0.350,2.091
219.625,0.000,-1.192,4.000,-32.366,37.912,11.549,1.311,0.350,1.192
219.632,0.000,-2.400,3.000,-27.972,35.386,12.658,1.133,0.350,1.664
219.638,0.000,-2.400,3.000,-27.240,33.105,11.248,1.103,0.350,1.352
219.644,0.000,-3.325,3.000,-28.132,34.042,9.891,1.139,0.350,0.821
219.649,0.000,-6.272,3.000,-30.038,35.960,6.874,1.217,0.350,0.179
219.655,0.000,-7.153,3.000,-30.271,36.275,8.636,1.226,0.350,-0.045
219.660,0.000,-7.153,3.000,-30.947,32.338,10.167,1.253,0.350,-0.307
219.666,0.000,-7.333,3.000,-26.004,26.490,11.618,1.053,0.350,0.638
219.671,0.000,-7.333,3.000,-24.080,20.525,12.309,0.975,0.350,0.884
219.676,0.000,-7.333,3.000,-24.839,18.196,11.943,1.006,0.350,0.615
219.682,0.149,-11.932,3.000,-25.341,16.829,10.672,1.032,0.350,0.503
219.687,0.149,-11.932,3.000,-25.371,14.211,10.916,1.034,0.350,0.493
219.693,4.760,-21.243,3.000,-24.106,14.605,10.886,1.169,0.350,0.667
219.699,4.760,-21.243,3.000,-26.312,16.868,8.725,1.258,0.350,0.130
219.706,7.333,-25.299,3.000,-25.833,14.382,8.648,1.343,0.350,0.247
219.713,8.636,-33.295,3.000,-24.816,11.772,7.030,1.355,0.350,0.473
219.719,8.636,-33.295,3.000,-27.280,15.431,7.345,1.455,0.350,-0.122
219.726,8.636,-33.295,3.000,-24.584,10.959,6.782,1.345,0.350,0.345
219.732,12.607,-53.734,4.000,-25.644,10.875,7.209,1.549,0.350,0.134
219.739,12.607,-53.734,4.000,-28.147,15.513,6.968,1.651,0.350,-0.326
219.745,12.607,-53.734,4.000,-25.207,13.123,8.590,1.531,0.350,0.216
219.752,12.380,-71.036,3.000,-21.512,5.283,10.948,1.373,0.350,0.727
219.758,12.380,-83.007,3.000,-24.531,2.474,9.431,1.495,0.350,0.137
219.765,12.380,-83.007,3.000,-21.531,-2.834,10.631,1.373,0.350,0.509
219.771,12.380,-83.007,3.000,-20.494,-12.413,7.776,1.331,0.350,0.644
219.778,15.777,-105.009,3.000,-21.146,-16.244,5.752,1.495,0.350,0.405
219.784,15.777,-105.009,3.000,-18.316,-22.215,3.977,1.381,0.350,0.672
219.791,15.777,-105.009,3.000,-16.798,-27.756,4.932,1.319,0.350,0.740
219.798,15.777,-105.009,3.000,-19.412,-29.631,4.502,1.425,0.350,0.151
219.804,21.884,-123.743,3.000,-15.304,-34.701,5.745,1.506,0.350,0.691
219.811,22.538,-126.260,3.000,-14.444,-43.479,7.841,1.498,0.350,0.713
219.817,22.538,-126.260,3.000,-15.205,-49.638,7.669,1.529,0.350,0.448
219.824,22.538,-134.057,3.000,-12.845,-54.776,7.155,1.433,0.350,0.626
219.830,22.538,-134.057,3.000,-7.562,-64.373,8.807,1.219,0.350,1.329
219.837,22.538,-134.057,3.000,-8.321,-68.489,7.061,1.250,0.350,0.940
219.843,22.538,-134.057,3.000,-7.020,-70.093,4.859,1.197,0.350,0.869
219.850,22.538,-135.393,3.000,-2.633,-74.082,3.572,1.019,0.350,1.269
219.857,22.538,-134.057,3.000,-0.607,-81.083,2.949,0.937,0.350,1.281
219.863,22.538,-134.057,3.000,-4.319,-84.323,2.191,1.088,0.350,0.377
219.870,22.209,-120.042,3.000,-2.664,-86.123,1.923,1.007,0.350,0.466
219.876,22.209,-120.042,3.000,-1.730,-91.259,2.816,0.970,0.350,0.527
219.883,21.561,-115.245,3.000,-2.185,-92.405,2.558,0.962,0.350,0.398
219.889,21.243,-111.749,3.000,-3.775,-94.079,2.610,1.013,0.350,0.036
219.896,21.243,-111.749,3.000,-3.362,-92.019,2.197,0.996,0.350,0.029
219.903,16.302,-99.643,3.000,-0.466,-95.771,2.828,0.679,0.350,0.412
219.909,16.302,-99.643,3.000,0.321,-100.245,2.760,0.647,0.350,0.492
219.916,16.302,-99.643,3.000,-1.275,-96.943,2.300,0.712,0.350,0.126
219.922,13.777,-87.651,3.000,-0.392,-90.126,1.790,0.574,0.350,0.199
219.929,13.777,-87.651,3.000,1.581,-86.131,1.460,0.494,0.350,0.386
219.935,9.023,-60.480,3.000,8.027,-88.686,3.311,0.040,0.350,1.304
219.942,9.023,-60.480,3.000,6.924,-88.471,2.624,0.085,0.350,0.930
219.948,9.023,-60.480,3.000,8.237,-80.100,1.326,0.032,0.350,0.841
219.955,9.023,-60.480,3.000,10.767,-77.596,3.094,-0.071,0.349,0.995
219.962,9.023,-60.480,3.000,12.931,-77.208,3.787,-0.158,0.348,1.031
219.968,5.758,-43.642,3.000,15.599,-77.813,3.939,-0.399,0.346,1.290
219.974,4.924,-30.720,3.000,16.468,-76.582,2.464,-0.468,0.343,1.204
219.980,4.924,-30.720,3.000,15.547,-73.645,1.682,-0.430,0.339,0.748
219.986,4.924,-30.720,3.000,14.454,-68.196,0.788,-0.386,0.336,0.364
219.992,4.924,-30.720,3.000,15.309,-65.476,1.657,-0.421,0.333,0.359
219.998,0.893,-18.808,3.000,14.448,-62.628,3.443,-0.549,0.328,0.095
220.004,0.893,-18.808,3.000,13.774,-60.053,3.310,-0.522,0.324,-0.045
220.011,0.893,-18.808,3.000,14.260,-59.629,2.548,-0.541,0.320,0.013
220.017,0.446,-16.302,3.000,13.953,-59.222,2.141,-0.547,0.316,-0.030
220.023,0.446,-16.302,3.000,12.407,-58.774,2.349,-0.484,0.313,-0.210
220.029,0.446,-15.518,3.000,9.503,-56.323,1.611,-0.367,0.310,-0.616
220.036,0.446,-15.518,3.000,8.004,-53.342,1.354,-0.306,0.307,-0.717
220.042,0.446,-15.518,3.000,8.648,-48.180,1.596,-0.332,0.304,-0.472
220.048,0.446,-15.518,3.000,9.243,-43.690,2.679,-0.356,0.301,-0.281
220.055,0.446,-15.518,3.000,9.442,-39.732,2.051,-0.364,0.299,-0.170
220.061,0.446,-15.518,3.000,10.041,-38.047,3.477,-0.389,0.296,-0.001
220.067,0.297,-7.333,3.000,11.200,-34.371,4.022,-0.442,0.293,0.268
220.073,0.297,-7.333,3.000,10.865,-32.171,4.594,-0.428,0.290,0.159
220.079,0.297,-7.333,3.000,11.346,-30.120,5.078,-0.447,0.286,0.159
220.085,2.553,-7.333,3.000,11.100,-28.468,2.332,-0.346,0.283,0.019
220.092,2.553,-7.333,3.000,13.929,-24.051,1.966,-0.461,0.279,0.401
220.098,6.797,-7.698,3.000,14.364,-24.096,1.048,-0.306,0.277,0.400
220.105,6.797,-7.698,3.000,15.140,-23.144,1.778,-0.338,0.275,0.487
220.111,6.797,-7.698,3.000,13.716,-22.051,1.288,-0.280,0.272,0.133
220.117,86.706,-17.947,3.000,16.362,-20.277,0.895,2.849,0.278,0.481
220.124,132.732,-18.808,3.000,18.178,-19.678,2.007,4.639,0.305,0.580
220.130,132.732,-18.808,3.000,20.583,-21.435,2.295,4.542,0.341,0.837
220.136,132.732,-18.808,3.000,23.701,-21.018,3.162,4.416,0.350,1.207
220.143,132.732,-18.808,3.000,26.749,-20.885,4.167,4.292,0.350,1.466
220.149,209.315,-20.306,3.000,29.929,-17.716,3.043,7.265,0.350,1.616
220.156,209.315,-20.306,3.000,36.102,-17.725,4.241,7.015,0.350,2.044
220.162,209.315,-20.306,3.000,45.273,-19.581,4.629,6.644,0.350,2.996
220.169,209.315,-20.306,3.000,54.339,-20.104,2.101,6.277,0.350,3.790
220.175,250.085,-20.306,3.000,64.945,-18.687,2.210,7.498,0.350,4.446
220.182,256.710,-20.615,3.000,76.326,-21.207,4.988,7.306,0.350,5.065
220.188,256.710,-20.615,3.000,93.801,-28.620,4.207,6.598,0.350,6.435
220.195,258.949,-20.615,3.000,100.659,-23.285,2.961,6.411,0.350,5.896
220.202,258.949,-20.615,3.000,112.263,-17.033,2.733,5.941,0.350,6.174
220.208,258.949,-20.615,3.000,126.673,-19.157,4.026,5.357,0.350,6.851
220.215,258.949,-20.306,3.000,138.281,-20.922,4.567,4.887,0.350,6.997
220.221,252.278,-20.615,4.000,145.043,-16.088,2.060,4.343,0.350,6.292
220.228,245.744,-20.615,4.000,161.108,-16.241,5.304,3.428,0.350,7.131
220.235,245.744,-20.615,4.000,168.572,-15.450,6.611,3.125,0.350,6.581
220.241,192.790,-19.398,4.000,173.786,-16.432,7.459,0.770,0.350,5.783
220.248,182.363,-18.808,3.000,177.252,-15.814,6.343,0.207,0.350,4.830
220.254,182.363,-18.808,3.000,179.795,-15.630,5.052,0.104,0.350,3.945
220.260,182.363,-18.808,3.000,179.943,-13.306,5.349,0.098,0.350,2.959
220.267,110.602,-18.808,3.000,182.255,-17.388,6.268,-2.902,0.328,2.642
220.273,92.499,-18.231,4.000,178.095,-22.092,5.148,-3.467,0.302,1.376
220.279,92.499,-18.231,4.000,173.261,-19.421,4.031,-3.271,0.275,0.273
220.286,35.101,-17.112,4.000,169.770,-20.320,3.048,-5.454,0.242,-0.416
220.293,35.101,-17.112,4.000,165.628,-19.690,3.516,-5.286,0.199,-0.974
220.299,21.243,-14.508,4.000,159.652,-19.350,4.269,-5.606,0.153,-1.654
220.306,21.243,-14.508,4.000,153.360,-20.712,4.906,-5.351,0.109,-2.183
220.312,7.333,-7.515,4.000,143.654,-19.984,7.736,-5.521,0.064,-3.180
220.319,2.400,-7.153,4.000,139.230,-20.139,8.945,-5.542,0.020,-3.048
220.325,2.400,-7.153,4.000,131.605,-18.350,7.433,-5.233,-0.019,-3.543
220.331,2.400,-7.153,4.000,124.959,-16.031,6.874,-4.964,-0.057,-3.727
220.337,0.000,-3.325,3.000,118.777,-14.909,6.215,-4.810,-0.091,-3.878
220.342,0.000,-3.325,3.000,111.615,-15.363,4.578,-4.520,-0.123,-4.261
220.348,0.000,-3.325,3.000,105.859,-18.485,3.853,-4.287,-0.152,-4.297
220.353,0.000,-3.325,3.000,98.845,-20.090,3.521,-4.003,-0.180,-4.573
220.359,0.000,-3.325,3.000,92.183,-19.865,4.118,-3.733,-0.206,-4.681
220.364,0.000,-3.325,3.000,86.375,-14.404,3.745,-3.498,-0.230,-4.607
220.370,0.000,-3.325,3.000,82.458,-13.206,4.660,-3.340,-0.254,-4.119
220.375,0.000,-3.325,3.000,81.149,-12.343,5.472,-3.287,-0.276,-3.286
220.381,0.000,-1.642,3.000,81.049,-12.119,5.658,-3.282,-0.298,-2.417
220.386,0.000,-1.642,3.000,80.599,-10.770,6.040,-3.264,-0.320,-1.811
220.391,0.000,-1.642,3.000,79.092,-6.033,4.652,-3.203,-0.341,-1.582
220.397,0.000,-1.944,3.000,78.658,-1.638,3.190,-3.186,-0.350,-1.195
220.402,0.000,-2.248,3.000,76.395,2.367,4.492,-3.094,-0.350,-1.227
220.408,0.000,-2.248,3.000,74.637,4.486,4.545,-3.023,-0.350,-1.189
220.413,0.000,-2.248,3.000,71.945,4.865,3.970,-2.914,-0.350,-1.290
220.419,0.000,-3.014,3.000,68.277,6.156,3.297,-2.765,-0.350,-1.598
220.424,0.000,-3.325,3.000,65.291,5.565,3.985,-2.644,-0.350,-1.739
220.430,0.000,-3.325,3.000,62.612,3.263,3.703,-2.536,-0.350,-1.778
220.435,0.000,-3.325,4.000,59.266,2.707,3.717,-2.400,-0.350,-1.943
220.441,0.000,-3.325,4.000,54.870,1.873,2.613,-2.222,-0.350,-2.244
220.446,0.000,-3.325,4.000,52.020,1.356,1.069,-2.107,-0.350,-2.195
220.452,0.000,-5.089,3.000,51.613,-1.395,2.131,-2.090,-0.350,-1.779
220.457,0.000,-6.621,4.000,48.389,-2.489,1.893,-1.960,-0.350,-1.977
220.463,-0.149,-9.816,3.000,45.219,-3.690,4.621,-1.837,-0.350,-2.092
220.468,-0.149,-9.816,3.000,40.971,-5.263,3.548,-1.665,-0.350,-2.369
220.474,-0.297,-14.508,3.000,37.477,-7.096,2.724,-1.530,-0.350,-2.401
220.480,-0.297,-14.508,3.000,33.222,-5.324,0.314,-1.358,-0.350,-2.610
220.486,-0.297,-14.508,3.000,29.899,-3.429,0.747,-1.223,-0.350,-2.651
220.492,-0.297,-14.508,3.000,29.993,-0.975,1.090,-1.227,-0.350,-2.057
220.499,-12.155,-20.000,3.000,27.895,-0.092,1.113,-1.622,-0.350,-1.811
220.505,-12.155,-20.000,3.000,28.896,0.040,2.662,-1.663,-0.350,-1.157
220.512,-12.155,-20.000,3.000,28.123,-0.347,2.695,-1.631,-0.350,-0.969
220.518,-12.155,-20.000,3.000,28.579,0.170,3.150,-1.650,-0.350,-0.703
220.525,-55.033,-20.306,3.000,30.120,1.517,3.879,-3.449,-0.350,-0.318
220.531,-55.033,-20.306,3.000,29.300,-1.188,4.377,-3.415,-0.350,-0.335
220.538,-55.033,-20.306,3.000,27.440,-1.645,3.392,-3.340,-0.350,-0.520
220.544,-99.643,-20.615,3.000,25.689,-2.093,3.130,-5.076,-0.350,-0.665
220.551,-110.602,-21.243,3.000,20.115,-1.271,2.564,-5.294,-0.350,-1.403
220.558,-110.602,-21.243,3.000,16.089,-3.247,3.239,-5.131,-0.350,-1.763
220.564,-110.602,-21.243,3.000,11.823,-9.009,2.456,-4.958,-0.350,-1.972
220.571,-131.417,-22.538,3.000,1.856,-13.467,1.651,-5.398,-0.350,-2.940
220.577,-131.417,-22.538,3.000,-7.458,-14.438,2.531,-5.020,-0.350,-3.704
220.583,-131.417,-22.538,3.000,-16.635,-15.831,5.156,-4.649,-0.350,-4.315
220.589,-142.233,-23.890,4.000,-22.638,-18.693,6.536,-4.844,-0.350,-4.188
220.595,-142.233,-24.941,4.000,-33.408,-16.628,5.876,-4.407,-0.350,-4.854
220.602,-142.233,-24.941,4.000,-41.945,-15.543,3.564,-4.062,-0.350,-4.976
220.609,-142.233,-24.941,4.000,-49.799,-12.559,2.169,-3.744,-0.350,-4.940
220.615,-140.843,-26.395,4.000,-57.555,-14.352,3.171,-3.373,-0.350,-4.848
220.622,-140.843,-26.768,3.000,-64.722,-13.747,2.750,-3.083,-0.350,-4.763
220.628,-140.843,-26.768,3.000,-70.409,-11.558,1.557,-2.853,-0.350,-4.463
220.635,-138.097,-25.660,3.000,-76.034,-9.665,0.759,-2.514,-0.350,-4.206
220.641,-132.732,-22.538,4.000,-78.323,-10.811,4.707,-2.204,-0.350,-3.505
220.648,-132.732,-22.538,4.000,-81.832,-12.966,5.978,-2.061,-0.350,-3.095
220.654,-132.732,-22.538,4.000,-84.514,-13.841,5.612,-1.953,-0.350,-2.730
220.661,-111.749,-21.243,3.000,-87.022,-11.480,3.358,-1.001,-0.350,-2.458
220.667,-91.513,-21.243,3.000,-87.991,-9.951,2.635,-0.143,-0.350,-2.061
220.674,-78.561,-21.243,3.000,-88.026,-11.984,3.117,0.383,-0.348,-1.550
220.681,-78.561,-21.243,3.000,-89.198,-17.494,1.601,0.431,-0.344,-1.230
220.687,-78.561,-21.243,3.000,-93.058,-12.864,-0.632,0.587,-0.340,-1.542
220.694,-13.302,-20.927,3.000,-86.774,-11.451,0.858,2.976,-0.330,-0.260
220.700,-13.302,-20.927,3.000,-82.288,-13.518,2.990,2.794,-0.306,0.600
220.707,-13.302,-20.927,3.000,-82.201,-17.661,6.791,2.790,-0.284,0.455
220.713,-13.302,-20.927,3.000,-82.692,-21.037,7.509,2.810,-0.261,0.285
220.720,0.595,-19.398,3.000,-81.732,-18.028,6.396,3.334,-0.237,0.306
220.726,0.595,-19.398,3.000,-75.813,-17.990,5.891,3.095,-0.212,1.178
220.732,0.595,-19.398,3.000,-70.841,-19.855,3.315,2.893,-0.190,1.825
220.738,0.297,-15.777,3.000,-66.373,-21.304,2.095,2.700,-0.169,2.235
220.744,0.297,-15.777,3.000,-62.528,-20.556,0.827,2.544,-0.150,2.351
220.750,1.492,-14.018,4.000,-59.502,-18.621,0.989,2.470,-0.131,2.250
220.756,3.482,-14.018,3.000,-54.019,-17.624,1.656,2.329,-0.113,2.436
220.763,3.482,-14.018,3.000,-48.211,-18.362,4.419,2.094,-0.095,2.809
220.770,3.482,-14.018,3.000,-46.913,-15.850,4.596,2.041,-0.078,2.383
220.776,9.816,-14.018,3.000,-45.686,-11.537,4.794,2.248,-0.059,1.975
220.783,14.508,-14.018,3.000,-44.197,-7.344,6.976,2.378,-0.040,1.642
220.789,14.508,-14.018,3.000,-39.271,-8.723,7.678,2.178,-0.022,2.059
220.796,14.508,-14.018,3.000,-38.876,-10.686,6.099,2.162,-0.003,1.733
220.802,30.306,-14.508,3.000,-40.115,-7.158,4.405,2.852,0.016,1.093
220.809,46.440,-15.518,3.000,-36.388,-5.215,6.573,3.355,0.040,1.324
220.816,46.440,-15.518,3.000,-34.964,-8.138,8.449,3.297,0.067,1.202
220.822,46.440,-15.518,3.000,-35.243,-7.940,7.424,3.308,0.094,0.900
220.829,97.558,-15.777,4.000,-35.045,-6.640,5.428,5.370,0.137,0.685
220.835,138.097,-17.947,4.000,-30.804,-8.466,5.722,6.840,0.189,1.159
220.842,138.097,-17.947,4.000,-29.443,-11.935,3.701,6.785,0.245,1.207
220.849,191.020,-17.666,3.000,-27.422,-4.875,4.148,8.847,0.305,1.220
220.855,205.549,-17.947,3.000,-19.073,-7.804,7.280,9.097,0.350,2.165
220.862,205.549,-17.947,3.000,-12.843,-12.738,7.058,8.845,0.350,2.591
220.868,205.549,-17.947,3.000,-4.819,-16.939,7.535,8.520,0.350,3.237
220.875,252.278,-17.666,4.000,9.489,-15.910,8.025,9.833,0.350,4.484
220.881,258.949,-18.231,3.000,20.095,-16.235,6.084,9.674,0.350,5.105
220.888,263.474,-17.947,3.000,30.655,-15.078,5.747,9.429,0.350,5.452
220.894,263.474,-17.947,3.000,47.729,-15.682,7.065,8.738,0.350,6.646
220.901,263.474,-17.947,3.000,62.404,-13.608,6.167,8.143,0.350,7.334
220.908,265.760,-18.231,4.000,75.942,-5.723,5.916,7.688,0.350,7.634
220.914,265.760,-18.231,4.000,92.181,-7.655,5.843,7.030,0.350,8.262
220.921,265.760,-18.231,4.000,112.604,-10.369,8.748,6.203,0.350,9.390
220.927,265.760,-18.231,4.000,121.573,-4.850,8.740,5.840,0.350,8.373
220.934,265.760,-18.231,4.000,136.588,-8.570,9.295,5.231,0.350,8.596
220.941,265.760,-18.231,4.000,144.477,-8.088,6.659,4.912,0.350,7.687
220.947,265.760,-18.231,4.000,147.827,-3.043,6.557,4.776,0.350,6.229
220.954,265.760,-18.231,4.000,153.865,-1.801,7.698,4.532,0.350,5.566
220.960,153.744,-17.947,4.000,159.761,-7.622,9.204,-0.244,0.349,5.092
220.967,153.744,-17.947,4.000,156.317,-7.078,7.996,-0.104,0.348,3.381
220.973,153.744,-17.947,4.000,154.380,-6.925,8.008,-0.026,0.347,2.179
220.980,38.443,-18.518,3.000,151.429,-10.823,8.645,-4.576,0.335,1.175
220.986,38.443,-18.518,3.000,145.656,-15.881,9.073,-4.342,0.299,-0.003
220.993,38.443,-18.518,3.000,135.843,-16.738,8.873,-3.945,0.266,-1.545
221.000,38.443,-18.518,3.000,126.411,-14.496,7.473,-3.563,0.236,-2.661
221.006,4.598,-17.112,3.000,117.319,-12.211,5.587,-4.565,0.198,-3.451
221.013,0.595,-17.387,4.000,106.530,-13.847,7.317,-4.290,0.163,-4.249
221.019,0.000,-16.839,4.000,96.604,-15.010,8.173,-3.912,0.133,-4.818
221.024,0.000,-16.839,4.000,87.273,-16.887,9.211,-3.535,0.109,-5.316
221.030,-0.297,-15.518,4.000,78.928,-20.046,9.167,-3.209,0.085,-5.395
221.036,-0.297,-15.518,3.000,69.263,-21.255,8.321,-2.817,0.063,-5.668
221.042,-0.297,-15.518,3.000,60.792,-22.613,8.393,-2.474,0.044,-5.703
221.048,-0.297,-15.261,3.000,54.015,-18.958,7.377,-2.200,0.026,-5.519
221.054,-0.297,-15.261,3.000,48.878,-17.631,6.930,-1.992,0.011,-5.129
221.060,-0.595,-15.261,3.000,44.912,-14.966,6.779,-1.843,-0.004,-4.492
221.066,-0.893,-15.261,3.000,40.637,-11.417,6.012,-1.682,-0.017,-4.063
221.072,-0.893,-15.261,3.000,38.901,-6.982,6.616,-1.612,-0.029,-3.343
221.079,-10.849,-15.008,3.000,40.036,-4.680,7.322,-2.061,-0.044,-2.376
221.085,-10.849,-15.008,3.000,42.406,0.472,7.414,-2.157,-0.060,-1.481
221.091,-13.302,-15.008,3.000,45.781,-0.608,10.752,-2.393,-0.078,-0.586
221.098,-13.302,-15.008,3.000,45.778,-1.813,9.551,-2.393,-0.097,-0.335
221.104,-32.855,-15.261,3.000,43.941,-0.572,6.368,-3.110,-0.122,-0.619
221.111,-32.855,-15.261,3.000,46.262,-6.579,7.225,-3.204,-0.147,-0.126
221.118,-32.855,-15.261,3.000,45.224,-11.721,6.903,-3.162,-0.173,-0.217
221.124,-32.855,-15.261,3.000,38.475,-9.044,5.560,-2.889,-0.197,-1.245
221.131,-89.565,-15.008,3.000,36.742,-11.284,6.265,-5.115,-0.239,-1.281
221.137,-118.828,-15.008,3.000,31.941,-15.271,8.229,-6.106,-0.290,-1.696
221.144,-118.828,-15.008,3.000,23.454,-15.728,7.210,-5.762,-0.337,-2.533
221.151,-213.136,-13.777,3.000,14.023,-15.140,5.923,-9.200,-0.350,-3.280
221.157,-254.486,-13.302,3.000,3.733,-13.545,6.471,-10.458,-0.350,-4.116
221.164,-254.486,-13.302,3.000,-7.071,-10.273,8.646,-10.020,-0.350,-4.785
221.170,-254.486,-13.302,3.000,-21.520,-8.585,9.119,-9.435,-0.350,-5.765
221.177,-377.077,-7.515,3.000,-39.234,-6.227,8.661,-13.683,-0.350,-6.975
221.183,-377.077,-7.515,3.000,-58.012,-5.804,7.388,-12.922,-0.350,-8.107
221.190,-473.639,-7.333,3.000,-74.745,-3.253,6.349,-16.155,-0.350,-8.708
221.197,-473.639,-7.333,3.000,-95.605,-3.274,6.022,-15.310,-0.350,-9.658
221.203,-530.834,-7.515,3.000,-117.476,-2.297,4.343,-16.741,-0.350,-10.671
221.210,-530.834,-7.515,3.000,-138.845,-1.928,3.863,-15.876,-0.350,-11.307
221.216,-530.834,-7.515,3.000,-160.309,-1.479,4.600,-15.006,-0.350,-11.760
221.223,-530.834,-7.515,3.000,-188.125,-6.286,5.397,-13.880,-0.350,-13.086
221.229,-530.834,-7.515,3.000,-210.566,-10.185,5.131,-12.971,-0.350,-13.285
221.236,-530.834,-7.515,3.000,-234.209,-12.207,4.595,-12.013,-0.350,-13.576
221.243,-538.861,-8.069,3.000,-259.352,-11.736,5.472,-11.320,-0.350,-13.926
221.249,-526.856,-8.446,3.000,-279.283,-10.312,5.828,-10.027,-0.350,-13.613
221.256,-495.890,-8.069,3.000,-295.673,-14.715,8.555,-8.109,-0.350,-12.708
221.262,-495.890,-8.069,3.000,-313.691,-19.853,7.249,-7.379,-0.350,-12.261
221.269,-495.890,-8.069,3.000,-330.189,-16.922,4.978,-6.711,-0.350,-11.761
221.276,-344.873,-9.023,3.000,-342.062,-11.058,4.578,-0.114,-0.350,-10.718
221.282,-250.085,-9.615,3.000,-350.210,-8.392,6.607,4.055,-0.329,-9.339
221.289,-250.085,-9.615,3.000,-351.102,-11.191,8.050,4.091,-0.294,-7.079
221.295,-120.042,-12.380,3.000,-348.964,-12.104,7.268,9.271,-0.247,-4.934
221.302,-37.951,-16.302,3.000,-340.190,-6.982,8.691,12.241,-0.166,-2.386
221.308,-37.951,-16.302,3.000,-323.143,-9.638,9.104,11.550,-0.071,0.903
221.315,-37.951,-16.302,3.000,-309.528,-2.704,5.951,10.999,0.019,2.873
221.321,0.000,-18.518,3.000,-289.613,-2.632,5.102,11.729,0.105,5.559
221.326,0.446,-18.231,3.000,-268.489,-3.956,5.149,10.892,0.180,7.988
221.333,4.275,-16.302,3.000,-242.909,-1.359,2.470,10.011,0.262,10.002
221.339,4.275,-16.302,3.000,-219.101,1.992,6.345,9.047,0.337,11.134
221.346,7.153,-15.518,3.000,-195.419,-0.844,3.705,8.204,0.350,12.032
221.352,7.153,-15.518,3.000,-172.715,1.091,9.727,7.285,0.350,12.519
221.359,15.008,-14.757,4.000,-153.176,1.568,7.397,6.811,0.350,12.341
221.365,15.008,-14.757,4.000,-139.669,-0.854,6.291,6.264,0.350,11.371
221.372,28.300,-16.302,3.000,-133.013,0.505,2.243,6.533,0.350,9.563
221.378,28.300,-16.302,3.000,-128.772,3.634,3.518,6.361,0.350,7.712
221.385,38.443,-16.839,4.000,-124.613,2.633,5.030,6.604,0.350,6.394
221.392,38.443,-16.839,4.000,-125.703,-0.214,6.668,6.648,0.350,4.657
221.398,61.190,-16.302,3.000,-127.754,-5.088,4.828,7.652,0.350,3.187
221.405,71.843,-16.302,3.000,-131.380,-4.734,5.887,8.230,0.350,1.827
221.411,71.843,-16.302,3.000,-130.432,-6.511,7.531,8.192,0.350,1.521
221.418,145.044,-16.302,3.000,-129.685,-14.053,8.600,11.127,0.350,1.282
221.424,145.044,-16.302,3.000,-130.775,-11.906,5.636,11.171,0.350,0.827
221.431,145.044,-16.302,3.000,-126.421,-9.038,5.008,10.994,0.350,1.209
221.438,178.989,-16.302,3.000,-115.898,-12.151,5.404,11.943,0.350,2.511
221.444,209.315,-15.518,3.000,-104.641,-11.259,6.316,12.715,0.350,3.665
221.451,209.315,-15.518,3.000,-93.079,-4.548,7.830,12.247,0.350,4.528
221.457,231.022,-15.261,3.000,-71.619,-5.478,8.162,12.257,0.350,6.677
221.464,247.907,-13.777,4.000,-56.882,2.350,6.527,12.344,0.350,7.337
221.470,247.907,-13.777,4.000,-36.415,6.938,9.870,11.515,0.350,8.659
221.477,261.203,-13.777,4.000,-13.499,6.377,7.599,11.125,0.350,10.050
221.483,270.379,-12.380,3.000,6.931,13.389,8.061,10.670,0.350,10.698
221.490,270.379,-12.380,3.000,30.669,9.463,8.147,9.708,0.350,11.654
221.497,353.429,-7.698,3.000,52.055,9.244,6.718,12.206,0.350,12.098
221.503,383.182,-7.153,4.000,65.286,11.171,6.921,12.875,0.350,11.155
221.509,383.182,-7.153,4.000,82.737,7.006,6.614,12.168,0.350,11.084
221.516,383.182,-7.153,4.000,95.105,7.727,4.062,11.667,0.350,10.262
221.522,431.537,-7.333,4.000,107.503,7.010,7.407,13.123,0.350,9.559
221.529,445.223,-7.153,3.000,120.694,1.738,9.342,13.143,0.350,9.088
221.536,448.698,-7.153,3.000,131.773,0.384,11.326,12.835,0.350,8.548
221.542,448.698,-7.153,3.000,139.640,1.588,10.197,12.517,0.350,7.648
221.549,448.698,-7.153,4.000,156.774,-7.280,11.199,11.823,0.350,8.408
221.555,448.698,-7.153,4.000,167.885,-4.686,7.537,11.373,0.350,8.075
221.562,445.223,-6.974,3.000,178.973,4.324,6.724,10.783,0.350,7.743
221.568,445.223,-6.974,3.000,192.267,5.204,6.984,10.245,0.350,7.889
221.575,386.264,-6.974,3.000,201.861,8.732,8.620,7.468,0.350,7.411
221.582,386.264,-6.974,3.000,214.257,11.142,8.418,6.966,0.350,7.423
221.588,386.264,-6.974,3.000,225.096,9.230,9.158,6.527,0.350,7.265
221.595,263.474,-6.974,3.000,233.640,13.679,8.813,1.208,0.350,6.798
221.601,263.474,-6.974,3.000,245.236,18.512,10.892,0.739,0.350,6.861
221.608,233.081,-6.974,3.000,255.589,16.575,11.852,-0.912,0.344,6.717
221.614,203.686,-6.797,3.000,258.728,17.354,10.249,-2.229,0.326,5.567
221.621,203.686,-6.797,3.000,260.908,19.189,9.691,-2.317,0.307,4.474
221.628,100.698,-6.100,3.000,259.116,16.286,8.799,-6.416,0.267,3.108
221.634,75.142,-5.421,3.000,251.107,13.822,8.602,-7.127,0.214,1.121
221.641,75.142,-5.421,3.000,240.700,16.382,8.395,-6.705,0.159,-0.742
221.647,75.142,-5.421,3.000,228.586,20.293,7.633,-6.214,0.107,-2.460
221.654,24.236,-1.043,3.000,212.900,22.099,7.483,-7.641,0.044,-4.293
221.660,16.302,-1.192,3.000,194.855,19.419,10.768,-7.231,-0.013,-6.229
221.666,13.302,-1.043,3.000,178.935,14.389,14.203,-6.708,-0.065,-7.291
221.673,13.302,-1.043,3.000,162.477,8.461,16.590,-6.042,-0.117,-7.986
221.679,5.758,-0.595,3.000,142.518,6.617,15.289,-5.539,-0.162,-9.107
221.685,5.758,-0.595,3.000,126.260,10.264,12.215,-4.880,-0.200,-9.685
221.691,5.589,-0.595,3.000,112.577,14.362,9.777,-4.333,-0.234,-9.659
221.697,5.589,-0.595,3.000,104.228,16.902,10.437,-3.995,-0.264,-8.687
221.703,5.589,-0.595,4.000,97.339,18.458,11.807,-3.716,-0.291,-7.601
221.709,5.589,-0.595,4.000,91.280,17.175,14.278,-3.470,-0.316,-6.559
221.715,5.421,-0.595,3.000,82.536,22.290,13.034,-3.123,-0.341,-6.271
221.721,5.421,-0.595,3.000,79.239,25.891,13.180,-2.990,-0.350,-5.335
221.727,4.760,-0.893,4.000,80.389,25.515,13.974,-3.063,-0.350,-3.904
221.733,4.275,-1.043,4.000,82.222,23.838,14.182,-3.157,-0.350,-2.630
221.740,4.275,-1.043,4.000,80.499,27.815,13.135,-3.087,-0.350,-2.206
221.747,4.275,-1.043,4.000,86.669,20.555,13.119,-3.337,-0.350,-0.688
221.753,4.275,-1.043,4.000,87.225,21.564,10.696,-3.359,-0.350,-0.383
221.760,1.793,-1.492,3.000,85.711,25.064,12.238,-3.399,-0.350,-0.564
221.766,1.793,-1.492,3.000,90.584,18.443,12.674,-3.596,-0.350,0.297
221.772,0.595,-1.944,3.000,88.846,19.787,10.112,-3.574,-0.350,0.040
221.778,0.595,-1.944,3.000,83.305,23.125,11.192,-3.350,-0.350,-0.901
221.784,0.297,-1.642,3.000,80.501,21.537,10.133,-3.248,-0.350,-1.247
221.790,0.149,-1.642,3.000,75.441,20.246,10.310,-3.049,-0.350,-1.925
221.795,0.000,-1.492,3.000,69.741,22.195,10.378,-2.825,-0.350,-2.475
221.801,0.000,-1.492,3.000,63.985,23.791,12.124,-2.591,-0.350,-2.874
221.807,0.000,-1.492,3.000,57.433,26.119,14.707,-2.326,-0.350,-3.253
221.812,0.000,-1.492,3.000,49.069,28.456,16.160,-1.987,-0.350,-4.011
221.817,0.000,-1.492,3.000,42.109,32.486,17.172,-1.705,-0.350,-4.388
221.823,0.000,-1.492,3.000,36.254,35.705,18.172,-1.468,-0.350,-4.531
221.828,0.000,-1.492,3.000,32.283,32.219,15.944,-1.307,-0.350,-4.123
221.834,0.000,-1.492,3.000,28.758,25.629,12.893,-1.165,-0.350,-3.731
221.839,0.000,-1.492,3.000,24.829,27.858,12.217,-1.006,-0.350,-3.472
221.845,0.000,-1.342,3.000,20.751,32.077,12.874,-0.840,-0.350,-3.374
221.850,0.000,-1.342,3.000,18.816,30.140,14.186,-0.762,-0.350,-3.108
221.856,0.000,-1.342,3.000,21.662,24.859,12.912,-0.877,-0.350,-1.832
221.861,0.000,-1.342,3.000,22.744,24.580,12.543,-0.921,-0.350,-1.139
221.866,0.000,-1.342,3.000,25.629,24.168,11.132,-1.038,-0.350,-0.269
221.872,0.000,-1.342,3.000,26.992,28.119,11.330,-1.093,-0.350,0.116
221.877,0.000,-1.342,3.000,24.420,30.492,14.958,-0.989,-0.350,-0.448
221.883,0.000,-1.342,3.000,24.360,27.822,15.033,-0.987,-0.350,-0.474
221.888,0.000,-1.192,3.000,24.875,26.080,14.807,-1.007,-0.350,-0.300
221.895,0.000,-1.192,3.000,24.672,28.158,14.886,-0.999,-0.350,-0.153
221.901,0.000,-1.192,3.000,20.227,29.548,16.847,-0.819,-0.350,-0.997
221.908,0.000,-1.192,3.000,23.136,22.221,13.228,-0.937,-0.350,-0.140
221.914,0.000,-1.192,3.000,16.582,27.849,12.795,-0.672,-0.350,-1.449
221.921,0.000,-1.192,3.000,15.728,27.233,14.024,-0.637,-0.350,-1.188
221.927,0.000,-1.192,3.000,13.134,33.163,12.712,-0.532,-0.350,-1.318
221.934,0.000,-1.492,3.000,6.958,39.126,20.658,-0.282,-0.350,-2.069
221.939,0.000,-1.492,3.000,7.457,32.610,17.748,-0.302,-0.350,-1.357
221.945,0.000,-1.492,3.000,2.688,30.153,15.319,-0.109,-0.350,-1.888
221.950,0.000,-1.492,3.000,-1.849,32.236,14.568,0.075,-0.350,-2.225
221.955,0.000,-1.492,3.000,-5.005,32.157,14.899,0.203,-0.349,-2.261
221.961,0.000,-1.492,3.000,-3.908,25.617,13.699,0.158,-0.348,-1.668
221.966,0.000,-1.492,3.000,-3.279,18.786,10.688,0.133,-0.347,-1.122
221.972,0.000,-1.492,3.000,-4.554,17.610,6.657,0.184,-0.346,-1.019
221.978,0.000,-1.492,3.000,-7.927,23.992,11.712,0.321,-0.343,-1.153
221.983,0.000,-1.492,3.000,-10.501,26.019,14.476,0.425,-0.341,-1.391
221.988,0.000,-1.342,0.000,-8.041,26.233,14.477,0.326,-0.338,-0.624
221.994,0.000,-1.342,0.000,-8.661,27.563,12.312,0.351,-0.336,-0.564
221.999,0.000,-1.342,0.000,-8.099,27.320,12.993,0.328,-0.334,-0.285
222.005,0.000,-1.192,-1.000,-8.243,28.412,12.109,0.334,-0.331,-0.202
222.011,0.000,-1.192,-1.000,-12.004,36.062,11.614,0.486,-0.328,-0.907
222.018,0.000,-1.043,-3.000,-8.145,29.659,11.690,0.330,-0.325,0.165
222.023,0.000,-1.043,-3.000,-8.244,27.234,8.770,0.334,-0.322,0.289
222.029,0.000,-1.043,-11.000,-11.468,31.082,9.507,0.464,-0.319,-0.299
222.034,0.000,-1.043,-13.000,-13.753,34.553,10.428,0.557,-0.316,-0.783
222.039,0.000,-1.043,-13.000,-11.908,34.516,8.122,0.482,-0.313,-0.346
222.045,0.000,-1.043,-13.000,-11.134,29.744,6.935,0.451,-0.310,-0.147
222.050,0.000,-1.043,-7.000,-10.750,28.332,5.564,0.435,-0.307,-0.072
222.056,0.000,-1.043,-7.000,-11.462,32.149,2.842,0.464,-0.304,-0.207
222.061,0.000,-1.043,-8.000,-16.920,39.731,5.225,0.685,-0.300,-1.196
222.067,0.000,-1.043,-10.000,-18.698,44.706,7.146,0.757,-0.296,-1.388
222.072,0.000,-1.043,-10.000,-17.596,41.734,5.567,0.713,-0.291,-0.826
222.078,0.000,-1.043,-10.000,-17.621,37.918,3.589,0.714,-0.286,-0.545
222.083,0.000,-1.043,-14.000,-19.776,37.648,3.953,0.801,-0.280,-0.714
222.088,0.000,-1.043,-16.000,-24.560,38.033,3.727,0.995,-0.274,-1.382
222.094,0.000,-1.043,-16.000,-23.906,34.878,3.788,0.968,-0.268,-0.977
222.099,0.000,-1.043,-16.000,-19.803,28.793,-0.737,0.802,-0.262,-0.044
222.105,0.000,-1.642,-21.000,-20.679,23.971,-5.551,0.837,-0.256,-0.195
222.110,0.000,-1.642,-21.000,-20.932,28.241,-4.096,0.848,-0.250,-0.167
222.116,0.000,-1.642,-21.000,-24.937,31.272,-1.236,1.010,-0.244,-0.891
222.121,0.000,-1.642,-21.000,-25.223,35.279,-1.242,1.022,-0.238,-0.879
222.127,0.000,-2.706,-37.000,-23.433,33.893,-1.272,0.949,-0.232,-0.440
222.132,0.000,-2.706,-37.000,-21.214,30.594,-4.825,0.859,-0.226,0.096
222.138,0.000,-3.169,-43.000,-20.423,29.511,-9.885,0.827,-0.220,0.258
222.143,0.000,-3.169,-43.000,-23.165,33.008,-11.520,0.938,-0.214,-0.244
222.149,0.000,-3.169,-43.000,-24.073,34.607,-11.828,0.975,-0.207,-0.410
222.154,0.000,-3.169,-43.000,-22.323,26.953,-16.692,0.904,-0.201,0.080
222.159,-0.149,-4.598,-62.000,-24.371,25.022,-20.390,0.981,-0.194,-0.303
222.165,-0.149,-4.598,-62.000,-25.370,26.725,-19.152,1.021,-0.188,-0.370
222.170,-0.149,-4.598,-62.000,-26.861,26.832,-20.056,1.082,-0.181,-0.651
222.176,-0.149,-4.598,-62.000,-22.036,21.744,-25.991,0.886,-0.175,0.244
222.182,-9.615,-6.100,-79.000,-20.114,24.000,-34.301,0.425,-0.170,0.445
222.188,-11.711,-5.758,-79.000,-23.949,31.925,-29.617,0.496,-0.166,-0.211
222.195,-16.038,-5.758,-79.000,-21.530,24.091,-36.994,0.222,-0.164,0.148
222.201,-16.038,-5.758,-79.000,-24.966,31.876,-37.498,0.362,-0.161,-0.447
222.208,-16.038,-5.758,-79.000,-24.116,19.618,-41.789,0.327,-0.159,-0.229
222.214,-16.038,-5.758,-79.000,-29.007,28.468,-42.292,0.525,-0.155,-0.973
222.221,-23.890,-5.589,-78.000,-25.951,16.326,-46.141,0.083,-0.153,-0.252
222.228,-23.890,-5.589,-78.000,-32.476,25.006,-45.861,0.348,-0.151,-1.194
222.234,-23.890,-5.589,-78.000,-28.379,14.736,-49.699,0.182,-0.149,-0.279
222.241,-26.026,-5.928,-78.000,-34.097,24.063,-47.798,0.327,-0.146,-1.059
222.247,-26.026,-5.928,-78.000,-30.791,12.652,-53.248,0.193,-0.145,-0.299
222.254,-28.300,-6.100,-78.000,-34.316,20.067,-55.689,0.244,-0.143,-0.763
222.260,-28.300,-6.100,-78.000,-35.731,13.097,-56.044,0.301,-0.141,-0.800
222.267,-28.300,-6.100,-78.000,-39.529,20.622,-59.108,0.455,-0.138,-1.207
222.273,-38.443,-6.272,-78.000,-45.503,18.896,-54.171,0.286,-0.134,-1.842
222.280,-38.443,-6.272,-78.000,-47.349,13.907,-60.233,0.361,-0.131,-1.675
222.286,-38.443,-6.272,-78.000,-56.342,23.882,-57.009,0.725,-0.126,-2.643
222.293,-45.869,-6.272,-78.000,-54.161,16.801,-57.782,0.336,-0.123,-1.640
222.299,-45.869,-6.272,-78.000,-60.725,25.192,-54.973,0.602,-0.119,-2.207
222.306,-45.869,-6.272,-78.000,-54.738,17.284,-56.198,0.359,-0.116,-0.804
222.313,-45.869,-6.272,-78.000,-55.805,24.774,-54.719,0.402,-0.113,-0.769
222.319,-51.209,-7.153,-77.000,-53.549,16.953,-58.588,0.095,-0.110,-0.231
222.326,-51.209,-7.333,-77.000,-52.850,18.451,-65.081,0.066,-0.110,-0.089
222.332,-51.209,-7.333,-77.000,-52.763,15.278,-61.788,0.063,-0.110,-0.112
222.339,-51.209,-7.333,-77.000,-55.794,16.093,-66.735,0.186,-0.108,-0.533
222.345,-49.982,-7.515,-76.000,-60.919,22.923,-61.464,0.443,-0.105,-1.180
222.352,-48.778,-7.333,-75.000,-63.529,23.111,-63.584,0.597,-0.100,-1.228
222.359,-47.016,-7.333,-73.000,-67.876,22.887,-60.378,0.845,-0.094,-1.538
222.365,-39.949,-7.333,-75.000,-68.256,16.549,-64.800,1.146,-0.087,-1.251
222.372,-32.419,-7.515,-75.000,-72.466,19.349,-62.222,1.622,-0.075,-1.545
222.378,-32.419,-7.515,-75.000,-70.125,12.631,-64.734,1.527,-0.063,-0.782
222.385,-29.090,-7.515,-76.000,-71.252,18.955,-66.903,1.708,-0.049,-0.763
222.391,-29.090,-7.515,-76.000,-68.028,20.558,-61.225,1.577,-0.036,-0.097
222.398,-11.062,-11.062,-75.000,-70.267,20.271,-65.803,2.398,-0.019,-0.416
222.405,-8.636,-11.493,-74.000,-72.235,22.659,-60.831,2.576,0.001,-0.684
222.411,-8.636,-11.493,-74.000,-68.639,19.092,-64.794,2.430,0.021,0.018
222.418,-8.636,-11.493,-74.000,-69.573,26.397,-60.945,2.468,0.041,-0.065
222.424,-0.595,-14.757,-71.000,-64.634,19.126,-62.591,2.594,0.062,0.829
222.430,-0.595,-14.757,-71.000,-62.522,22.947,-65.627,2.508,0.081,1.034
222.435,-0.149,-14.757,-69.000,-64.231,27.660,-63.942,2.595,0.099,0.366
222.441,0.000,-14.262,-66.000,-58.968,25.966,-59.085,2.388,0.115,1.085
222.447,0.000,-14.262,-66.000,-54.875,19.117,-59.594,2.222,0.131,1.598
222.452,0.000,-13.777,-63.000,-52.996,16.293,-64.762,2.146,0.146,1.627
222.457,0.000,-13.777,-63.000,-52.785,19.882,-64.732,2.138,0.160,1.340
222.463,0.000,-13.777,-63.000,-50.517,16.113,-61.480,2.046,0.174,1.348
222.468,0.000,-13.777,-63.000,-46.361,9.247,-61.052,1.878,0.187,1.805
222.474,0.000,-13.068,-60.000,-43.887,3.323,-60.928,1.777,0.199,1.889
222.479,0.000,-13.068,-60.000,-42.210,-1.025,-59.547,1.710,0.211,1.868
222.484,0.000,-13.068,-60.000,-41.258,-1.443,-57.493,1.671,0.224,1.796
222.490,0.000,-13.068,-60.000,-46.458,4.770,-56.905,1.882,0.236,0.505
222.495,0.000,-15.261,-57.000,-46.522,7.054,-55.195,1.884,0.249,0.328
222.501,0.000,-15.261,-57.000,-46.009,8.937,-52.897,1.863,0.261,0.240
222.506,0.000,-16.038,-57.000,-46.087,9.859,-52.730,1.867,0.274,0.146
222.512,0.000,-16.038,-57.000,-46.041,8.711,-53.903,1.865,0.286,0.206
222.517,0.000,-16.038,-57.000,-47.519,9.322,-54.667,1.924,0.300,-0.038
222.523,0.000,-16.038,-56.000,-48.409,10.802,-55.199,1.961,0.313,-0.071
222.528,0.000,-16.302,-54.000,-49.045,12.320,-54.541,1.986,0.327,-0.186
222.534,0.149,-16.038,-52.000,-50.370,14.618,-53.120,2.046,0.340,-0.529
222.539,0.149,-16.038,-52.000,-48.923,14.569,-51.491,1.987,0.350,-0.286
222.545,0.149,-16.038,-52.000,-45.623,10.956,-51.975,1.854,0.350,0.358
222.550,1.342,-18.808,-48.000,-43.405,9.278,-51.150,1.812,0.350,0.767
222.556,1.342,-18.808,-48.000,-39.672,10.224,-50.516,1.661,0.350,1.253
222.563,1.342,-18.808,-48.000,-38.610,11.747,-48.947,1.618,0.350,1.067
222.569,1.342,-18.808,-48.000,-33.166,4.761,-48.360,1.398,0.350,1.624
222.576,9.416,-21.884,-45.000,-30.978,4.371,-45.883,1.636,0.350,1.607
222.582,11.711,-23.207,-44.000,-30.829,6.781,-44.206,1.723,0.350,1.161
222.589,13.068,-23.890,-45.000,-25.914,1.145,-42.569,1.579,0.350,1.632
222.595,13.068,-23.890,-45.000,-26.079,1.904,-43.645,1.585,0.350,1.263
222.602,13.068,-23.890,-45.000,-25.324,3.481,-44.480,1.555,0.350,1.041
222.608,22.871,-26.026,-44.000,-23.173,-1.265,-46.107,1.865,0.350,1.094
222.615,25.299,-25.299,-44.000,-22.292,-5.033,-42.755,1.927,0.350,0.998
222.621,28.693,-25.660,-44.000,-24.166,-3.223,-41.785,2.141,0.350,0.408
222.628,28.693,-25.660,-44.000,-20.493,-4.115,-39.329,1.992,0.350,0.829
222.634,51.831,-27.526,-45.000,-20.362,-9.700,-37.742,2.924,0.350,0.753
222.641,59.080,-27.911,-45.000,-23.915,-7.416,-39.544,3.361,0.350,0.028
222.647,59.080,-27.911,-45.000,-22.956,-3.801,-39.747,3.322,0.350,0.071
222.654,59.080,-27.911,-45.000,-20.732,-4.916,-38.494,3.232,0.350,0.466
222.661,59.080,-27.911,-45.000,-18.037,-1.980,-39.790,3.123,0.350,0.823
222.667,82.102,-27.911,-44.000,-16.826,4.699,-41.601,4.007,0.350,0.771
222.674,83.007,-27.526,-44.000,-9.483,2.238,-39.963,3.746,0.350,1.713
222.680,83.007,-27.526,-44.000,-6.313,0.095,-39.546,3.617,0.350,1.869
222.687,83.007,-27.526,-44.000,-5.244,1.542,-37.471,3.574,0.350,1.587
222.693,83.007,-27.526,-44.000,2.341,1.477,-36.900,3.267,0.350,2.324
222.700,89.565,-27.526,-44.000,7.029,-3.977,-36.591,3.343,0.350,2.599
222.706,90.535,-27.145,-44.000,9.237,-3.262,-37.342,3.293,0.350,2.299
222.713,90.535,-27.145,-44.000,18.628,-5.711,-37.603,2.912,0.350,3.089
222.720,91.513,-22.871,-45.000,28.624,-13.161,-37.037,2.547,0.350,3.863
222.726,91.513,-22.209,-45.000,31.946,-13.415,-38.064,2.412,0.350,3.369
222.733,91.513,-22.209,-45.000,39.190,-15.402,-36.797,2.119,0.350,3.573
222.739,91.513,-22.209,-45.000,42.489,-17.675,-34.854,1.985,0.350,3.182
222.746,91.513,-22.209,-45.000,42.185,-14.660,-36.202,1.998,0.350,2.367
222.752,91.513,-22.209,-44.000,44.391,-10.872,-36.494,1.908,0.350,2.088
222.759,91.513,-22.209,-44.000,47.587,-12.102,-35.853,1.779,0.350,2.087
222.766,92.499,-22.209,-44.000,49.218,-14.122,-34.169,1.753,0.350,1.903
222.772,92.499,-21.884,-44.000,47.771,-12.134,-33.268,1.811,0.350,1.213
222.779,92.499,-21.884,-44.000,48.081,-8.392,-33.257,1.799,0.350,0.897
222.785,92.499,-21.561,-44.000,49.538,-9.289,-32.547,1.740,0.350,0.891
222.792,92.499,-21.561,-44.000,46.297,-9.650,-34.315,1.871,0.350,0.261
222.798,92.499,-21.561,-44.000,40.908,-7.326,-36.985,2.089,0.350,-0.627
222.805,92.499,-22.209,-44.000,42.384,-6.087,-35.386,2.030,0.350,-0.378
222.812,92.499,-22.209,-44.000,43.927,-8.959,-34.166,1.967,0.350,-0.002
222.818,92.499,-21.243,-43.000,44.337,-7.836,-35.693,1.951,0.350,0.140
222.825,92.499,-21.243,-43.000,45.027,-5.234,-35.552,1.923,0.350,0.139
222.831,92.499,-20.927,-43.000,51.813,-8.865,-32.601,1.648,0.350,1.134
222.838,92.499,-20.927,-43.000,54.550,-8.554,-32.665,1.537,0.350,1.325
222.844,92.499,-20.615,-44.000,54.007,-3.031,-33.494,1.559,0.350,0.880
222.851,92.499,-20.615,-44.000,61.899,-3.784,-33.612,1.239,0.350,1.818
222.858,92.499,-20.615,-44.000,66.008,-7.963,-35.002,1.073,0.350,2.074
222.864,92.499,-20.615,-41.000,68.139,-8.645,-35.264,0.987,0.350,1.844
222.871,92.499,-20.615,-41.000,70.103,-9.555,-33.944,0.907,0.350,1.613
222.877,92.499,-19.697,-39.000,72.556,-11.476,-34.003,0.808,0.350,1.602
222.884,92.499,-19.697,-39.000,72.535,-14.224,-32.381,0.809,0.350,1.225
222.890,92.499,-19.697,-39.000,73.193,-11.828,-32.348,0.782,0.350,0.983
222.897,93.494,-20.000,-35.000,74.019,-10.558,-32.535,0.789,0.350,0.831
222.904,93.494,-20.000,-35.000,74.577,-8.673,-32.279,0.766,0.350,0.679
222.910,93.494,-20.000,-35.000,74.568,-8.245,-31.738,0.767,0.350,0.478
222.917,93.494,-20.000,-35.000,72.934,-7.529,-30.011,0.833,0.350,0.087
222.923,93.494,-19.102,-31.000,71.077,-5.432,-29.721,0.908,0.350,-0.252
222.930,92.499,-19.102,-30.000,71.232,-4.454,-28.859,0.861,0.350,-0.140
222.936,92.499,-19.102,-30.000,71.810,-4.490,-27.762,0.838,0.350,0.041
222.943,92.499,-19.102,-30.000,74.575,-6.794,-27.955,0.726,0.350,0.504
222.949,87.651,-18.518,-26.000,75.131,-4.401,-27.710,0.507,0.350,0.470
222.956,87.651,-18.518,-26.000,75.529,-5.501,-25.619,0.491,0.350,0.438
222.963,83.007,-18.518,-24.000,76.364,-9.899,-22.648,0.269,0.350,0.469
222.969,80.316,-17.947,-24.000,78.552,-13.862,-21.541,0.071,0.350,0.725
222.976,80.316,-17.947,-24.000,79.670,-14.798,-21.383,0.026,0.350,0.707
222.982,56.357,-18.518,-18.000,80.861,-10.090,-21.465,-0.992,0.345,0.728
222.989,51.831,-17.947,-18.000,81.221,-7.939,-21.913,-1.190,0.336,0.609
222.996,51.831,-17.947,-18.000,82.361,-6.396,-22.438,-1.236,0.326,0.612
223.002,51.831,-17.947,-18.000,83.759,-5.786,-21.761,-1.293,0.315,0.609
223.009,51.831,-17.947,-18.000,84.216,-8.207,-18.270,-1.312,0.304,0.475
223.015,51.831,-17.947,-18.000,84.044,-10.911,-15.309,-1.305,0.293,0.279
223.022,51.831,-17.947,-18.000,82.630,-13.011,-13.105,-1.247,0.283,-0.039
223.028,51.831,-17.947,-18.000,81.588,-14.104,-10.642,-1.205,0.273,-0.206
223.035,12.155,-17.387,-11.000,81.553,-14.970,-10.027,-2.811,0.259,-0.141
223.042,12.155,-17.387,-11.000,77.222,-13.511,-9.923,-2.635,0.237,-0.698
223.048,12.155,-17.387,-11.000,75.550,-11.818,-12.993,-2.567,0.216,-0.691
223.055,12.155,-17.387,-11.000,72.948,-9.796,-13.810,-2.462,0.197,-0.853
223.061,12.155,-17.387,-11.000,68.866,-7.017,-15.570,-2.297,0.178,-1.201
223.068,0.595,-17.112,-9.000,63.635,-5.377,-14.950,-2.553,0.159,-1.701
223.074,0.446,-17.112,-6.000,60.400,-7.094,-10.968,-2.428,0.141,-1.802
223.080,0.446,-17.112,-6.000,55.235,-6.504,-7.245,-2.219,0.123,-2.137
223.086,0.446,-17.112,-6.000,50.788,-3.644,-6.341,-2.039,0.106,-2.295
223.092,0.000,-17.112,-1.000,48.270,-1.373,-6.428,-1.955,0.092,-2.126
223.098,0.000,-17.112,-1.000,46.048,-3.775,-0.988,-1.865,0.080,-1.904
223.103,0.000,-17.387,-1.000,43.305,-6.210,1.730,-1.754,0.068,-1.802
223.109,0.000,-17.387,-1.000,37.193,-1.002,-0.795,-1.506,0.057,-2.472
223.114,0.000,-17.387,-1.000,36.659,-0.809,0.318,-1.485,0.047,-2.026
223.120,0.000,-17.387,-1.000,35.613,-2.232,2.011,-1.442,0.037,-1.777
223.125,0.000,-17.387,-1.000,35.291,-1.673,0.750,-1.429,0.027,-1.483
223.131,0.000,-17.387,-1.000,34.821,-0.267,-1.705,-1.410,0.017,-1.299
223.136,0.000,-20.615,-1.000,33.571,-5.055,0.831,-1.360,0.007,-1.233
223.142,0.000,-20.615,-1.000,31.555,-8.950,3.416,-1.278,-0.002,-1.336
223.147,0.000,-20.615,-1.000,31.813,-9.229,3.170,-1.288,-0.011,-0.965
223.153,0.000,-21.243,-1.000,31.792,-7.902,3.515,-1.288,-0.019,-0.656
223.158,0.000,-21.884,-1.000,27.804,-10.642,5.958,-1.126,-0.027,-1.202
223.164,0.000,-21.884,-1.000,24.997,-13.553,5.143,-1.012,-0.034,-1.359
223.169,0.000,-21.884,-1.000,24.313,-11.822,3.695,-0.985,-0.041,-1.089
223.175,0.000,-21.884,-1.000,25.483,-12.372,4.403,-1.032,-0.047,-0.520
223.180,0.000,-23.890,-1.000,23.599,-15.730,8.448,-0.956,-0.054,-0.701
223.186,0.000,-23.890,-1.000,18.935,-10.573,4.709,-0.767,-0.059,-1.421
223.191,0.000,-24.236,-1.000,17.230,-6.435,3.773,-0.698,-0.064,-1.363
223.197,0.000,-24.236,-1.000,15.800,-6.847,6.758,-0.640,-0.068,-1.267
223.202,0.000,-24.236,-1.000,12.821,-6.556,5.960,-0.519,-0.072,-1.562
223.208,0.000,-23.890,0.000,11.670,-5.698,3.240,-0.473,-0.076,-1.513
223.213,0.000,-23.546,0.000,11.216,-8.523,7.005,-0.454,-0.080,-1.316
223.219,0.000,-23.546,0.000,9.402,-13.628,7.866,-0.381,-0.083,-1.332
223.224,0.000,-23.546,0.000,10.426,-14.923,7.007,-0.422,-0.085,-0.812
223.230,0.000,-23.890,0.000,10.286,-15.529,8.426,-0.417,-0.088,-0.671
223.235,0.000,-23.890,0.000,11.042,-18.503,12.992,-0.447,-0.091,-0.348
223.241,0.000,-23.890,0.000,9.501,-19.398,13.030,-0.385,-0.094,-0.441
223.246,0.000,-23.890,0.000,7.435,-15.948,10.407,-0.301,-0.096,-0.635
223.252,0.000,-23.890,0.000,7.111,-18.349,10.343,-0.288,-0.097,-0.512
223.257,0.000,-23.890,0.000,7.912,-20.157,10.052,-0.320,-0.099,-0.211
223.263,0.000,-23.890,0.000,6.870,-18.505,8.140,-0.278,-0.101,-0.344
223.268,0.000,-24.236,0.000,4.582,-17.639,9.733,-0.186,-0.103,-0.717
223.273,0.000,-24.236,0.000,1.983,-16.613,13.848,-0.080,-0.104,-1.051
223.279,0.000,-24.236,0.000,0.815,-11.222,13.935,-0.033,-0.104,-1.025
223.284,0.000,-24.236,0.000,1.201,-9.035,12.544,-0.049,-0.105,-0.742
223.290,0.000,-24.587,0.000,0.278,-11.667,11.987,-0.011,-0.105,-0.764
223.295,0.000,-26.768,0.000,-1.558,-11.427,10.946,0.063,-0.105,-0.975
223.301,0.000,-26.768,0.000,-2.114,-9.805,7.000,0.086,-0.105,-0.890
223.306,0.000,-26.768,0.000,-4.364,-12.345,6.793,0.177,-0.104,-1.079
223.312,0.000,-26.768,0.000,-7.175,-12.850,7.046,0.291,-0.102,-1.402
223.317,0.000,-26.768,0.000,-7.846,-11.354,7.217,0.318,-0.100,-1.213
223.323,-0.149,-27.145,0.000,-7.482,-15.844,10.262,0.297,-0.098,-0.813
223.328,-0.149,-26.768,0.000,-7.376,-19.571,13.759,0.293,-0.096,-0.634
223.334,-0.297,-26.768,0.000,-6.950,-18.086,12.858,0.269,-0.095,-0.478
223.340,-0.297,-26.768,0.000,-7.678,-16.045,10.565,0.299,-0.093,-0.495
223.346,-0.297,-26.768,0.000,-9.143,-19.218,13.111,0.358,-0.090,-0.586
223.352,-0.297,-26.768,0.000,-10.484,-23.094,13.865,0.413,-0.087,-0.626
223.358,-0.297,-24.587,0.000,-10.234,-25.591,13.026,0.402,-0.084,-0.419
223.363,-0.297,-24.587,0.000,-9.219,-22.099,13.032,0.361,-0.081,-0.051
223.370,-0.297,-24.587,0.000,-9.825,-22.973,13.827,0.386,-0.078,-0.078
223.375,-0.297,-24.587,0.000,-9.659,-28.938,15.165,0.379,-0.075,-0.048
223.381,-0.297,-22.871,0.000,-11.233,-31.883,15.345,0.443,-0.073,-0.459
223.387,-0.297,-22.871,0.000,-9.240,-31.834,15.983,0.362,-0.070,-0.135
223.393,-0.297,-23.207,0.000,-9.452,-27.869,14.225,0.371,-0.068,-0.178
223.399,-0.297,-23.207,0.000,-7.448,-25.977,13.899,0.290,-0.065,0.285
223.405,-0.297,-22.538,0.000,-9.983,-26.622,13.541,0.392,-0.062,-0.096
223.412,-0.297,-22.871,0.000,-13.257,-25.161,12.865,0.525,-0.058,-0.529
223.418,-0.297,-22.871,0.000,-13.981,-26.114,13.123,0.554,-0.054,-0.565
223.423,-0.297,-22.871,0.000,-15.755,-23.981,13.612,0.626,-0.050,-0.777
223.429,-0.297,-21.884,0.000,-16.406,-23.433,15.385,0.652,-0.045,-0.710
223.435,-0.297,-21.884,0.000,-17.668,-22.695,14.932,0.703,-0.040,-0.706
223.441,-0.297,-21.884,0.000,-20.053,-22.544,15.636,0.800,-0.034,-0.822
223.447,-0.297,-21.884,0.000,-22.121,-19.072,14.497,0.884,-0.028,-0.954
223.453,-0.297,-21.561,0.000,-25.157,-14.125,14.122,1.007,-0.021,-1.328
223.459,-0.297,-21.561,0.000,-23.839,-15.380,14.327,0.953,-0.014,-0.820
223.465,-0.297,-21.561,0.000,-23.331,-20.372,14.751,0.933,-0.006,-0.452
223.471,-0.297,-21.561,0.000,-25.206,-18.094,15.166,1.009,0.001,-0.551
223.477,-0.297,-21.561,0.000,-32.088,-12.243,13.994,1.288,0.010,-1.596
223.483,-0.297,-20.615,0.000,-30.582,-12.727,13.840,1.227,0.019,-1.067
223.489,-0.297,-20.615,0.000,-27.443,-19.164,14.309,1.099,0.027,-0.295
223.496,-0.297,-20.615,0.000,-26.408,-21.640,14.954,1.057,0.036,-0.003
223.501,-0.297,-20.615,0.000,-31.744,-16.466,14.930,1.274,0.044,-0.898
223.507,-0.297,-19.398,0.000,-30.928,-13.379,14.554,1.241,0.053,-0.583
223.513,-0.297,-19.398,0.000,-27.057,-15.398,13.553,1.084,0.062,0.288
223.519,-0.297,-19.398,0.000,-24.241,-20.179,14.104,0.970,0.070,0.791
223.525,-0.297,-19.398,0.000,-24.807,-15.579,13.549,0.993,0.077,0.530
223.531,-0.297,-19.398,0.000,-27.624,-13.830,12.688,1.107,0.084,-0.266
223.537,-0.297,-19.697,0.000,-24.537,-13.629,10.743,0.982,0.092,0.299
223.543,-0.297,-19.697,0.000,-23.497,-15.227,11.118,0.940,0.100,0.507
223.549,-0.149,-19.398,1.000,-25.385,-13.911,11.953,1.022,0.107,0.107
223.555,-0.149,-19.398,1.000,-26.777,-9.014,11.461,1.078,0.114,-0.256
223.560,-0.149,-19.697,0.000,-26.638,-8.991,11.329,1.073,0.121,-0.238
223.566,-0.149,-19.697,0.000,-25.114,-11.553,13.569,1.011,0.128,0.075
223.571,-0.149,-19.697,0.000,-26.391,-14.356,13.699,1.063,0.134,-0.222
223.577,-0.149,-19.102,1.000,-26.570,-14.334,12.420,1.070,0.142,-0.161
223.582,-0.149,-17.947,0.000,-25.214,-13.757,12.191,1.015,0.149,0.264
223.588,-0.149,-17.947,0.000,-26.060,-11.702,9.990,1.049,0.157,0.061
223.593,-0.149,-17.947,0.000,-27.205,-10.284,5.315,1.096,0.164,-0.168
223.600,-0.149,-17.947,0.000,-24.688,-12.927,4.073,0.994,0.166,0.338
223.605,-0.149,-17.947,0.000,-24.688,-12.927,4.073,0.994,0.166,0.338
223.610,-0.149,-17.947,0.000,-24.688,-12.927,4.073,0.994,0.166,0.338
223.615,-0.149,-17.947,0.000,-24.688,-12.927,4.073,0.994,0.166,0.338
223.620,-0.149,-17.947,0.000,-24.688,-12.927,4.073,0.994,0.166,0.338
223.626,-0.149,-17.947,0.000,-24.688,-12.927,4.073,0.994,0.166,0.338
223.631,-0.149,-17.947,0.000,-24.688,-12.927,4.073,0.994,0.166,0.338
223.637,-0.149,-17.947,0.000,-24.688,-12.927,4.073,0.994,0.166,0.338
223.642,-0.149,-17.947,0.000,-24.688,-12.927,4.073,0.994,0.166,0.338
223.647,-0.149,-17.947,0.000,-24.688,-12.927,4.073,0.994,0.166,0.338
223.652,-0.149,-17.947,0.000,-24.688,-12.927,4.073,0.994,0.166,0.338
223.657,-0.149,-17.947,0.000,-24.688,-12.927,4.073,0.994,0.166,0.338
223.662,-0.149,-17.947,0.000,-24.688,-12.927,4.073,0.994,0.166,0.338
223.668,-0.149,-17.947,0.000,-24.688,-12.927,4.073,0.994,0.166,0.338
223.674,-0.149,-17.947,0.000,-24.688,-12.927,4.073,0.994,0.166,0.338
223.679,-0.149,-17.947,0.000,-24.688,-12.927,4.073,0.994,0.166,0.338
223.684,-0.149,-17.947,0.000,-24.688,-12.927,4.073,0.994,0.166,0.338
223.689,-0.149,-17.947,0.000,-24.688,-12.927,4.073,0.994,0.166,0.338
223.695,-0.149,-17.947,0.000,-24.688,-12.927,4.073,0.994,0.166,0.338
223.700,-0.149,-17.947,0.000,-24.688,-12.927,4.073,0.994,0.166,0.338
223.706,-0.149,-17.947,0.000,-24.688,-12.927,4.073,0.994,0.166,0.338
223.712,-0.149,-17.947,0.000,-24.688,-12.927,4.073,0.994,0.166,0.338
223.719,-0.149,-17.947,0.000,-24.688,-12.927,4.073,0.994,0.166,0.338
223.725,-0.149,-17.947,0.000,-24.688,-12.927,4.073,0.994,0.166,0.338
223.731,-0.149,-17.947,0.000,-24.688,-12.927,4.073,0.994,0.166,0.338
223.737,-0.149,-17.947,0.000,-24.688,-12.927,4.073,0.994,0.166,0.338
223.742,-0.149,-17.947,0.000,-24.688,-12.927,4.073,0.994,0.166,0.338
223.747,-0.149,-17.947,0.000,-24.688,-12.927,4.073,0.994,0.166,0.338
223.752,-0.149,-17.947,0.000,-24.688,-12.927,4.073,0.994,0.166,0.338
223.759,-0.149,-17.947,0.000,-24.688,-12.927,4.073,0.994,0.166,0.338
223.764,-0.149,-17.947,0.000,-24.688,-12.927,4.073,0.994,0.166,0.338
223.769,-0.149,-17.947,0.000,-24.688,-12.927,4.073,0.994,0.166,0.338
223.774,-0.149,-17.947,0.000,-24.688,-12.927,4.073,0.994,0.166,0.338
223.779,-0.149,-17.947,0.000,-24.688,-12.927,4.073,0.994,0.166,0.338
223.784,-0.149,-17.947,0.000,-24.688,-12.927,4.073,0.994,0.166,0.338
223.790,-0.149,-17.947,0.000,-24.688,-12.927,4.073,0.994,0.166,0.338
223.796,-0.149,-17.947,0.000,-24.688,-12.927,4.073,0.994,0.166,0.338
223.803,-0.149,-17.947,0.000,-24.688,-12.927,4.073,0.994,0.166,0.338
223.809,-0.149,-17.947,0.000,-24.688,-12.927,4.073,0.994,0.166,0.338
223.815,-0.149,-17.947,0.000,-24.688,-12.927,4.073,0.994,0.166,0.338
223.820,-0.149,-17.947,0.000,-24.688,-12.927,4.073,0.994,0.166,0.338
223.825,-0.149,-17.947,0.000,-24.688,-12.927,4.073,0.994,0.166,0.338
223.830,-0.149,-17.947,0.000,-24.688,-12.927,4.073,0.994,0.166,0.338
223.835,-0.149,-17.947,0.000,-24.688,-12.927,4.073,0.994,0.166,0.338
223.840,-0.149,-17.947,0.000,-24.688,-12.927,4.073,0.994,0.166,0.338
223.846,-0.149,-17.947,0.000,-24.688,-12.927,4.073,0.994,0.166,0.338
223.851,-0.149,-17.947,0.000,-24.688,-12.927,4.073,0.994,0.166,0.338
223.858,-0.149,-17.947,0.000,-24.688,-12.927,4.073,0.994,0.166,0.338
223.863,-0.149,-17.947,0.000,-24.688,-12.927,4.073,0.994,0.166,0.338
223.868,-0.149,-17.947,0.000,-24.688,-12.927,4.073,0.994,0.166,0.338
223.874,-0.149,-17.947,0.000,-24.688,-12.927,4.073,0.994,0.166,0.338
223.880,-0.149,-17.947,0.000,-24.688,-12.927,4.073,0.994,0.166,0.338
223.886,-0.149,-17.947,0.000,-24.688,-12.927,4.073,0.994,0.166,0.338
223.893,-0.149,-17.947,0.000,-24.688,-12.927,4.073,0.994,0.166,0.338
223.899,-0.149,-17.947,0.000,-24.688,-12.927,4.073,0.994,0.166,0.338
223.905,-0.149,-17.947,0.000,-24.688,-12.927,4.073,0.994,0.166,0.338
223.911,-0.149,-17.947,0.000,-24.688,-12.927,4.073,0.994,0.166,0.338
223.917,-0.149,-17.947,0.000,-24.688,-12.927,4.073,0.994,0.166,0.338
223.923,-0.149,-17.947,0.000,-24.688,-12.927,4.073,0.994,0.166,0.338
223.929,-0.149,-17.947,0.000,-24.688,-12.927,4.073,0.994,0.166,0.338
223.935,-0.149,-17.947,0.000,-24.688,-12.927,4.073,0.994,0.166,0.338
223.941,-0.149,-17.947,0.000,-24.688,-12.927,4.073,0.994,0.166,0.338
223.947,-0.149,-17.947,0.000,-24.688,-12.927,4.073,0.994,0.166,0.338
223.953,-0.149,-17.947,0.000,-24.688,-12.927,4.073,0.994,0.166,0.338
223.958,-0.149,-17.947,0.000,-24.688,-12.927,4.073,0.994,0.166,0.338
223.964,-0.149,-17.947,0.000,-24.688,-12.927,4.073,0.994,0.166,0.338
223.971,-0.149,-17.947,0.000,-24.688,-12.927,4.073,0.994,0.166,0.338
223.977,-0.149,-17.947,0.000,-24.688,-12.927,4.073,0.994,0.166,0.338
223.983,-0.149,-17.947,0.000,-24.688,-12.927,4.073,0.994,0.166,0.338
223.989,-0.149,-17.947,0.000,-24.688,-12.927,4.073,0.994,0.166,0.338
223.995,-0.149,-17.947,0.000,-24.688,-12.927,4.073,0.994,0.166,0.338
224.000,-0.149,-17.947,0.000,-24.688,-12.927,4.073,0.994,0.166,0.338
224.006,-0.149,-17.947,0.000,-24.688,-12.927,4.073,0.994,0.166,0.338
224.012,-0.149,-17.947,0.000,-24.688,-12.927,4.073,0.994,0.166,0.338
224.018,-0.149,-17.947,0.000,-24.688,-12.927,4.073,0.994,0.166,0.338
224.024,-0.149,-17.947,0.000,-24.688,-12.927,4.073,0.994,0.166,0.338
224.030,-0.149,-17.947,0.000,-24.688,-12.927,4.073,0.994,0.166,0.338
224.037,-0.149,-17.947,0.000,-24.688,-12.927,4.073,0.994,0.166,0.338
224.043,-0.149,-17.947,0.000,-24.688,-12.927,4.073,0.994,0.166,0.338
224.049,-0.149,-17.947,0.000,-24.688,-12.927,4.073,0.994,0.166,0.338
224.055,-0.149,-17.947,0.000,-24.688,-12.927,4.073,0.994,0.166,0.338
224.061,-0.149,-17.947,0.000,-24.688,-12.927,4.073,0.994,0.166,0.338
224.067,-0.149,-17.947,0.000,-24.688,-12.927,4.073,0.994,0.166,0.338
224.073,-0.149,-17.947,0.000,-24.688,-12.927,4.073,0.994,0.166,0.338
224.079,-0.149,-17.947,0.000,-24.688,-12.927,4.073,0.994,0.166,0.338
224.085,-0.149,-17.947,0.000,-24.688,-12.927,4.073,0.994,0.166,0.338
224.090,-0.149,-17.947,0.000,-24.688,-12.927,4.073,0.994,0.166,0.338
224.096,-0.149,-17.947,0.000,-24.688,-12.927,4.073,0.994,0.166,0.338
224.102,-0.149,-17.947,0.000,-24.688,-12.927,4.073,0.994,0.166,0.338
224.108,-0.149,-17.947,0.000,-24.688,-12.927,4.073,0.994,0.166,0.338
224.114,-0.149,-17.947,0.000,-24.688,-12.927,4.073,0.994,0.166,0.338
224.120,-0.149,-17.947,0.000,-24.688,-12.927,4.073,0.994,0.166,0.338
224.126,-0.149,-17.947,0.000,-24.688,-12.927,4.073,0.994,0.166,0.338
224.131,-0.149,-17.947,0.000,-24.688,-12.927,4.073,0.994,0.166,0.338
224.137,-0.149,-17.947,0.000,-24.688,-12.927,4.073,0.994,0.166,0.338
224.143,-0.149,-17.947,0.000,-24.688,-12.927,4.073,0.994,0.166,0.338
224.149,-0.149,-17.947,0.000,-24.688,-12.927,4.073,0.994,0.166,0.338
224.155,-0.149,-17.947,0.000,-24.688,-12.927,4.073,0.994,0.166,0.338
224.161,-0.149,-17.947,0.000,-24.688,-12.927,4.073,0.994,0.166,0.338
224.167,-0.149,-17.947,0.000,-24.688,-12.927,4.073,0.994,0.166,0.338
224.173,-0.149,-17.947,0.000,-24.688,-12.927,4.073,0.994,0.166,0.338
224.178,-0.149,-17.947,0.000,-24.688,-12.927,4.073,0.994,0.166,0.338
224.184,-0.149,-17.947,0.000,-24.688,-12.927,4.073,0.994,0.166,0.338
224.190,-0.149,-17.947,0.000,-24.688,-12.927,4.073,0.994,0.166,0.338
224.196,-0.149,-17.947,0.000,-24.688,-12.927,4.073,0.994,0.166,0.338
224.202,-0.149,-17.947,0.000,-24.688,-12.927,4.073,0.994,0.166,0.338
224.208,-0.149,-17.947,0.000,-24.688,-12.927,4.073,0.994,0.166,0.338
224.214,-0.149,-17.947,0.000,-24.688,-12.927,4.073,0.994,0.166,0.338
224.219,-0.149,-17.947,0.000,-24.688,-12.927,4.073,0.994,0.166,0.338
224.225,-0.149,-17.947,0.000,-24.688,-12.927,4.073,0.994,0.166,0.338
224.231,-0.149,-17.947,0.000,-24.688,-12.927,4.073,0.994,0.166,0.338
224.237,-0.149,-17.947,0.000,-24.688,-12.927,4.073,0.994,0.166,0.338
224.243,-0.149,-17.947,0.000,-24.688,-12.927,4.073,0.994,0.166,0.338
224.249,-0.149,-17.947,0.000,-24.688,-12.927,4.073,0.994,0.166,0.338
224.255,-0.149,-17.947,0.000,-24.688,-12.927,4.073,0.994,0.166,0.338
224.261,-0.149,-17.947,0.000,-24.688,-12.927,4.073,0.994,0.166,0.338
224.266,-0.149,-17.947,0.000,-24.688,-12.927,4.073,0.994,0.166,0.338
224.272,-0.149,-17.947,0.000,-24.688,-12.927,4.073,0.994,0.166,0.338
224.278,-0.149,-17.947,0.000,-24.688,-12.927,4.073,0.994,0.166,0.338
224.284,-0.149,-17.947,0.000,-24.688,-12.927,4.073,0.994,0.166,0.338
224.290,-0.149,-17.947,0.000,-24.688,-12.927,4.073,0.994,0.166,0.338
224.296,-0.149,-17.947,0.000,-24.688,-12.927,4.073,0.994,0.166,0.338
224.302,-0.149,-17.947,0.000,-24.688,-12.927,4.073,0.994,0.166,0.338
224.309,-0.149,-17.947,0.000,-24.688,-12.927,4.073,0.994,0.166,0.338
224.315,-0.149,-17.947,0.000,-24.688,-12.927,4.073,0.994,0.166,0.338
224.321,-0.149,-17.947,0.000,-24.688,-12.927,4.073,0.994,0.166,0.338
224.327,-0.149,-17.947,0.000,-24.688,-12.927,4.073,0.994,0.166,0.338
224.333,-0.149,-17.947,0.000,-24.688,-12.927,4.073,0.994,0.166,0.338
224.339,-0.149,-17.947,0.000,-24.688,-12.927,4.073,0.994,0.166,0.338
224.345,-0.149,-17.947,0.000,-24.688,-12.927,4.073,0.994,0.166,0.338
224.351,-0.149,-17.947,0.000,-24.688,-12.927,4.073,0.994,0.166,0.338
224.356,-0.149,-17.947,0.000,-24.688,-12.927,4.073,0.994,0.166,0.338
224.362,-0.149,-17.947,0.000,-24.688,-12.927,4.073,0.994,0.166,0.338
224.368,-0.149,-17.947,0.000,-24.688,-12.927,4.073,0.994,0.166,0.338
224.374,-0.149,-17.947,0.000,-24.688,-12.927,4.073,0.994,0.166,0.338
224.380,-0.149,-17.947,0.000,-24.688,-12.927,4.073,0.994,0.166,0.338
224.386,-0.149,-17.947,0.000,-24.688,-12.927,4.073,0.994,0.166,0.338
224.392,-0.149,-17.947,0.000,-24.688,-12.927,4.073,0.994,0.166,0.338
224.397,-0.149,-17.947,0.000,-24.688,-12.927,4.073,0.994,0.166,0.338
224.403,-0.149,-17.947,0.000,-24.688,-12.927,4.073,0.994,0.166,0.338
224.409,-0.149,-17.947,0.000,-24.688,-12.927,4.073,0.994,0.166,0.338
224.415,-0.149,-17.947,0.000,-24.688,-12.927,4.073,0.994,0.166,0.338
224.421,-0.149,-17.947,0.000,-24.688,-12.927,4.073,0.994,0.166,0.338
224.427,-0.149,-17.947,0.000,-24.688,-12.927,4.073,0.994,0.166,0.338
224.433,-0.149,-17.947,0.000,-24.688,-12.927,4.073,0.994,0.166,0.338
224.438,-0.149,-17.947,0.000,-24.688,-12.927,4.073,0.994,0.166,0.338
224.444,-0.149,-17.947,0.000,-24.688,-12.927,4.073,0.994,0.166,0.338
224.450,-0.149,-17.947,0.000,-24.688,-12.927,4.073,0.994,0.166,0.338
224.456,-0.149,-17.947,0.000,-24.688,-12.927,4.073,0.994,0.166,0.338
224.462,-0.149,-17.947,0.000,-24.688,-12.927,4.073,0.994,0.166,0.338
224.468,-0.149,-17.947,0.000,-24.688,-12.927,4.073,0.994,0.166,0.338
224.474,-0.149,-17.947,0.000,-24.688,-12.927,4.073,0.994,0.166,0.338
224.480,-0.149,-17.947,0.000,-24.688,-12.927,4.073,0.994,0.166,0.338
224.485,-0.149,-17.947,0.000,-24.688,-12.927,4.073,0.994,0.166,0.338
224.491,-0.149,-17.947,0.000,-24.688,-12.927,4.073,0.994,0.166,0.338
224.497,-0.149,-17.947,0.000,-24.688,-12.927,4.073,0.994,0.166,0.338
224.503,-0.149,-17.947,0.000,-24.688,-12.927,4.073,0.994,0.166,0.338
224.509,-0.149,-17.947,0.000,-24.688,-12.927,4.073,0.994,0.166,0.338
224.515,-0.149,-17.947,0.000,-24.688,-12.927,4.073,0.994,0.166,0.338
224.521,-0.149,-17.947,0.000,-24.688,-12.927,4.073,0.994,0.166,0.338
224.526,-0.149,-17.947,0.000,-24.688,-12.927,4.073,0.994,0.166,0.338
224.532,-0.149,-17.947,0.000,-24.688,-12.927,4.073,0.994,0.166,0.338
224.538,-0.149,-17.947,0.000,-24.688,-12.927,4.073,0.994,0.166,0.338
224.544,-0.149,-17.947,0.000,-24.688,-12.927,4.073,0.994,0.166,0.338
224.551,-0.149,-17.947,0.000,-24.688,-12.927,4.073,0.994,0.166,0.338
224.557,-0.149,-17.947,0.000,-24.688,-12.927,4.073,0.994,0.166,0.338
224.563,-0.149,-17.947,0.000,-24.688,-12.927,4.073,0.994,0.166,0.338
224.569,-0.149,-17.947,0.000,-24.688,-12.927,4.073,0.994,0.166,0.338
224.574,-0.149,-17.947,0.000,-24.688,-12.927,4.073,0.994,0.166,0.338
224.580,-0.149,-17.947,0.000,-24.688,-12.927,4.073,0.994,0.166,0.338
224.586,-0.149,-17.947,0.000,-24.688,-12.927,4.073,0.994,0.166,0.338
224.592,-0.149,-17.947,0.000,-24.688,-12.927,4.073,0.994,0.166,0.338
224.598,-0.149,-17.947,0.000,-24.688,-12.927,4.073,0.994,0.166,0.338
224.604,-0.149,-17.947,0.000,-24.688,-12.927,4.073,0.994,0.166,0.338
224.610,-0.149,-17.947,0.000,-24.688,-12.927,4.073,0.994,0.166,0.338
224.615,-0.149,-17.947,0.000,-24.688,-12.927,4.073,0.994,0.166,0.338
224.621,-0.149,-17.947,0.000,-24.688,-12.927,4.073,0.994,0.166,0.338
224.627,-0.149,-17.947,0.000,-24.688,-12.927,4.073,0.994,0.166,0.338
224.633,-0.149,-17.947,0.000,-24.688,-12.927,4.073,0.994,0.166,0.338
224.639,-0.149,-17.947,0.000,-24.688,-12.927,4.073,0.994,0.166,0.338
224.645,-0.149,-17.947,0.000,-24.688,-12.927,4.073,0.994,0.166,0.338
224.651,-0.149,-17.947,0.000,-24.688,-12.927,4.073,0.994,0.166,0.3