R
Px,Ix,Dx,Py,Iy,Dy,Pz,Iz,FFrx,FFry,FFdrx,FFdry,satI,satPID,KFQAng,KFQbias,KFRmeas,CPx,CIx,CPy,CIy,CsatI,CsatPID,CFFdrx,CFFdry,CFalpha,IRelaxR,IRelaxE,DmaxR,DmaxE,DMx,DMy
58,90,47,58,90,47,250,0,0,0,0,0,2147483648,10000000,0.000100,0.003000,50,0,0,0,0,0,0,0,0,0.995,0,0,0,0,0,0
sysTickMs,PIDRefXi,PIDRefYi,PIDSensXi,PIDSensYi,PIDPoutXi,PIDIoutXi,PIDDoutXi,PIDUXi,PIDRefDotPT1Xi,PIDiRelaxWeightX
10558,0,0,0,0,0,0,0,0,0,1024
10563,0,0,0,0,0,0,0,0,0,1024
10568,0,0,0,0,0,0,0,0,0,1024
10573,0,0,0,0,0,0,0,0,0,1024
10578,0,0,0,0,0,0,0,0,0,1024
10583,0,0,0,0,0,0,0,0,0,1024
10588,0,0,0,0,0,0,0,0,0,1024
10593,0,0,0,0,0,0,0,0,0,1024
10598,0,0,0,0,0,0,0,0,0,1024
10603,0,0,0,0,0,0,0,0,0,1024
10608,0,0,0,0,0,0,0,0,0,1024
10613,0,0,0,0,0,0,0,0,0,1024
10618,0,0,0,0,0,0,0,0,0,1024
10623,0,0,0,0,0,0,0,0,0,1024
10628,0,0,0,0,0,0,0,0,0,1024
10633,0,0,0,0,0,0,0,0,0,1024
10638,0,0,0,0,0,0,0,0,0,1024
10643,0,0,0,0,0,0,0,0,0,1024
10648,0,0,0,0,0,0,0,0,0,1024
10653,0,0,0,0,0,0,0,0,0,1024
10658,0,0,0,0,0,0,0,0,0,1024
10663,0,0,0,0,0,0,0,0,0,1024
10668,0,0,0,0,0,0,0,0,0,1024
10673,0,0,0,0,0,0,0,0,0,1024
10678,0,0,0,0,0,0,0,0,0,1024
10683,0,0,0,0,0,0,0,0,0,1024
10688,0,0,0,0,0,0,0,0,0,1024
10693,0,0,0,0,0,0,0,0,0,1024
10698,0,0,0,0,0,0,0,0,0,1024
10703,0,0,0,0,0,0,0,0,0,1024
10708,0,0,0,0,0,0,0,0,0,1024
10713,0,0,0,0,0,0,0,0,0,1024
10718,0,0,0,0,0,0,0,0,0,1024
10723,0,0,0,0,0,0,0,0,0,1024
10728,0,0,0,0,0,0,0,0,0,1024
10733,0,0,0,0,0,0,0,0,0,1024
10738,0,0,0,0,0,0,0,0,0,1024
10743,0,0,0,0,0,0,0,0,0,1024
10748,0,0,0,0,0,0,0,0,0,1024
10753,0,0,0,0,0,0,0,0,0,1024
10758,0,0,0,0,0,0,0,0,0,1024
10763,0,0,0,0,0,0,0,0,0,1024
10768,0,0,0,0,0,0,0,0,0,1024
10773,0,0,0,0,0,0,0,0,0,1024
10778,0,0,0,0,0,0,0,0,0,1024
10783,0,0,0,0,0,0,0,0,0,1024
10788,0,0,0,0,0,0,0,0,0,1024
10793,0,0,0,0,0,0,0,0,0,1024
10798,0,0,0,0,0,0,0,0,0,1024
10803,0,0,0,0,0,0,0,0,0,1024
10808,0,0,0,0,0,0,0,0,0,1024
10813,0,0,0,0,0,0,0,0,0,1024
10818,0,0,0,0,0,0,0,0,0,1024
10823,0,0,0,0,0,0,0,0,0,1024
10828,0,0,0,0,0,0,0,0,0,1024
10833,0,0,0,0,0,0,0,0,0,1024
10839,0,0,0,0,0,0,0,0,0,1024
10844,0,0,0,0,0,0,0,0,0,1024
10849,0,0,0,0,0,0,0,0,0,1024
10854,0,0,0,0,0,0,0,0,0,1024
10859,0,0,0,0,0,0,0,0,0,1024
10864,0,0,0,0,0,0,0,0,0,1024
10869,0,0,0,0,0,0,0,0,0,1024
10874,0,0,0,0,0,0,0,0,0,1024
10879,0,0,0,0,0,0,0,0,0,1024
10884,0,0,0,0,0,0,0,0,0,1024
10889,0,0,0,0,0,0,0,0,0,1024
10894,0,0,0,0,0,0,0,0,0,1024
10899,0,0,0,0,0,0,0,0,0,1024
10904,0,0,0,0,0,0,0,0,0,1024
10909,0,0,0,0,0,0,0,0,0,1024
10914,0,0,0,0,0,0,0,0,0,1024
10919,0,0,0,0,0,0,0,0,0,1024
10924,0,0,0,0,0,0,0,0,0,1024
10929,0,0,0,0,0,0,0,0,0,1024
10934,0,0,0,0,0,0,0,0,0,1024
10939,0,0,0,0,0,0,0,0,0,1024
10944,0,0,0,0,0,0,0,0,0,1024
10949,0,0,0,0,0,0,0,0,0,1024
10954,0,0,0,0,0,0,0,0,0,1024
10959,0,0,0,0,0,0,0,0,0,1024
10964,0,0,0,0,0,0,0,0,0,1024
10969,0,0,0,0,0,0,0,0,0,1024
10974,0,0,0,0,0,0,0,0,0,1024
10979,0,0,0,0,0,0,0,0,0,1024
10984,0,0,0,0,0,0,0,0,0,1024
10989,0,0,0,0,0,0,0,0,0,1024
10994,0,0,0,0,0,0,0,0,0,1024
10999,0,0,0,0,0,0,0,0,0,1024
11004,0,0,0,0,0,0,0,0,0,1024
11009,0,0,0,0,0,0,0,0,0,1024
11014,0,0,0,0,0,0,0,0,0,1024
11019,0,0,0,0,0,0,0,0,0,1024
11024,0,0,0,0,0,0,0,0,0,1024
11029,0,0,0,0,0,0,0,0,0,1024
11034,0,0,0,0,0,0,0,0,0,1024
11039,0,0,0,0,0,0,0,0,0,1024
11044,0,0,0,0,0,0,0,0,0,1024
11049,0,0,0,0,0,0,0,0,0,1024
11054,0,0,0,0,0,0,0,0,0,1024
11059,0,0,0,0,0,0,0,0,0,1024
11064,0,0,0,0,0,0,0,0,0,1024
11069,0,0,0,0,0,0,0,0,0,1024
11074,0,0,0,0,0,0,0,0,0,1024
11079,0,0,0,0,0,0,0,0,0,1024
11084,0,0,0,0,0,0,0,0,0,1024
11089,0,0,0,0,0,0,0,0,0,1024
11094,0,0,0,0,0,0,0,0,0,1024
11099,0,0,0,0,0,0,0,0,0,1024
11104,0,0,0,0,0,0,0,0,0,1024
11109,0,0,0,0,0,0,0,0,0,1024
11114,0,0,0,0,0,0,0,0,0,1024
11119,0,0,0,0,0,0,0,0,0,1024
11124,0,0,0,0,0,0,0,0,0,1024
11129,0,0,0,0,0,0,0,0,0,1024
11134,0,0,0,0,0,0,0,0,0,1024
11139,0,0,0,0,0,0,0,0,0,1024
11144,0,0,0,0,0,0,0,0,0,1024
11149,0,0,0,0,0,0,0,0,0,1024
11154,0,0,0,0,0,0,0,0,0,1024
11159,0,0,0,0,0,0,0,0,0,1024
11164,0,0,0,0,0,0,0,0,0,1024
11169,0,0,0,0,0,0,0,0,0,1024
11174,0,0,0,0,0,0,0,0,0,1024
11179,0,0,0,0,0,0,0,0,0,1024
11184,0,0,0,0,0,0,0,0,0,1024
11189,0,0,0,0,0,0,0,0,0,1024
11194,0,0,0,0,0,0,0,0,0,1024
11199,0,0,0,0,0,0,0,0,0,1024
11204,0,0,0,0,0,0,0,0,0,1024
11209,0,-9216,7168,-9216,-1624,-24,3304,-4952,0,1024
11214,0,-9216,5120,-4096,-1160,-52,436,-1648,0,1024
11219,0,-9216,9216,-8192,-2088,-79,2994,-5161,0,1024
11224,0,-9216,11264,-6144,-2552,-119,3201,-5872,0,1024
11229,0,-9216,5120,-9216,-1160,-153,-1756,443,0,1024
11234,0,-9216,4096,-7168,-928,-171,-1079,-20,0,1024
11239,0,-9216,4096,-7168,-928,-186,-425,-689,0,1024
11244,0,-9216,2048,-9216,-464,-209,-2215,1542,0,1024
11249,0,-9216,6144,-6144,-1392,-239,367,-1998,0,1024
11254,0,-9216,12288,-4096,-2784,-276,4084,-7144,0,1024
11259,0,-9216,2048,-7168,-464,-292,-2468,1712,0,1024
11264,0,-9216,7168,-10240,-1624,-329,458,-2411,0,1024
11269,0,-9216,12288,-11264,-2784,-361,4004,-7149,0,1024
11274,0,-9216,5120,-9216,-1160,-394,-1687,133,0,1024
11279,0,-9216,4096,-6144,-928,-428,-2295,939,0,1024
11284,0,-9216,9216,-8192,-2088,-465,1090,-3643,0,1024
11289,0,-9216,11264,-7168,-2552,-502,2352,-5406,0,1024
11294,0,-9216,8192,-13312,-1856,-534,631,-3021,0,1024
11299,0,-9216,1024,-9216,-232,-555,-3879,3092,0,1024
11304,0,-9216,1024,-11264,-232,-571,-3030,2227,0,1024
11309,0,-9216,9216,-10240,-2088,-599,2834,-5521,0,1024
11314,0,-9216,9216,-6144,-2088,-628,2317,-5033,0,1024
11319,0,-9216,5120,-12288,-1160,-663,-1423,-400,0,1024
11324,0,-9216,7168,-10240,-1624,-697,22,-2343,0,1024
11329,0,-9216,6144,-5120,-1392,-728,-655,-1465,0,1024
11334,0,-9216,14336,1024,-3248,-768,4704,-8720,0,1024
11339,0,-9216,13312,-10240,-3016,-825,2547,-6388,0,1024
11344,0,-9216,-4096,-16384,928,-837,-7849,7940,0,1024
11349,0,-9216,1024,-9216,-232,-840,-2112,1040,0,1024
11354,0,-9216,10240,13312,-2320,-881,3029,-6230,0,1024
11359,0,-9216,3072,5120,-696,-921,-3477,1860,0,1024
11364,0,-9216,-10240,-23552,2320,-900,-8916,10336,0,1024
11369,0,-9216,4096,-38912,-928,-888,3178,-4994,0,1024
11374,0,-9216,17408,3072,-3944,-940,8686,-13570,0,1024
11379,0,-9216,30720,27648,-6960,-1064,10694,-18718,0,1024
11384,0,-9216,2048,-2048,-464,-1143,-10465,8858,0,1024
11389,0,-9216,-3072,-41984,696,-1149,-8928,8475,0,1024
11394,0,-9216,-12288,-41984,2784,-1118,-9938,11604,0,1024
11399,0,-9216,10240,3072,-2320,-1125,6597,-10042,0,1024
11404,0,-9216,34816,37888,-7888,-1234,16511,-25633,0,1024
11409,0,-9216,20480,32768,-4640,-1355,481,-6476,0,1024
11414,0,-9216,-14336,-30720,3248,-1361,-18406,20293,0,1024
11419,0,-9216,-5120,-64512,1160,-1300,-2927,2787,0,1024
11424,0,-9216,-18432,8192,4176,-1267,-11096,14005,0,1024
11429,0,-9216,40960,24576,-9280,-1364,24475,-35119,0,1024
11434,0,-9216,1024,12288,-232,-1447,-9547,7868,0,1024
11439,0,-9216,-11264,-41984,2552,-1425,-12141,13268,0,1024
11444,0,-9216,-3072,-34816,696,-1396,-1791,1091,0,1024
11449,0,-9216,28672,-14336,-6496,-1457,16764,-24717,0,1024
11454,0,-9216,15360,28672,-3480,-1555,1170,-2264,0,1024
11459,0,-9216,17408,-17408,-3944,-1585,5852,-11381,0,1024
11464,0,-9216,7168,-20480,-1624,-1611,-574,-2661,0,1024
11469,0,-9216,37888,-24576,-8584,-1695,26976,-40294,0,1024
11474,0,-9216,38912,-13312,-8816,-1816,15490,-26122,0,1024
11479,0,-9216,14336,-1024,-3248,-1894,-2479,-2663,0,1024
11484,0,-9216,52224,-15360,-11832,-1957,25645,-39434,0,1024
11489,0,-9216,-2048,-29696,464,-1985,-10351,8830,0,1024
11494,0,-9216,-24576,-8192,5568,-1963,-24005,27610,0,1024
11499,0,-9216,3072,-38912,-696,-1924,3224,-5844,0,1024
11504,0,-9216,15360,-15360,-3480,-1939,9982,-15401,0,1024
11509,0,-9216,43008,-12288,-9744,-1941,32014,-43699,0,1024
11514,0,-9216,22528,-10240,-6496,-1955,19219,-27670,0,1024
11519,0,-9216,28672,14336,-6496,-1992,17590,-26078,0,1024
11524,0,-9216,2048,-7168,-464,-2069,-5589,3056,0,1024
11529,0,-9216,23552,-1024,-5336,-2120,9409,-16865,0,1024
11534,0,-9216,19456,-6144,-4408,-2209,3706,-10323,0,1024
11539,0,-9216,8192,10240,-1856,-2249,-2892,-1213,0,1024
11544,0,-9216,-6144,-13312,1392,-2295,-12611,3196,0,1024
11549,0,-9216,12288,-19456,-2784,-2319,2788,-7891,0,1024
11554,0,-9216,-4096,-27648,928,-2311,-6128,4745,0,1024
11559,0,-9216,14336,-3072,-3248,-2316,7481,-13045,0,1024
11564,0,-9216,13312,-18432,-3016,-2363,5358,-10737,0,1024
11569,0,-9216,-16384,11264,3712,-2410,-18853,20155,0,1024
11574,0,-9216,0,-17408,0,-2435,-5141,2706,0,1024
11579,0,-9216,11264,-30720,-2552,-2422,6104,-11078,0,1024
11584,0,-9216,3072,-9216,-696,-2455,-1377,-1774,0,1024
11589,0,-9216,5120,-14336,-1160,-2440,2409,-8751,0,1024
11594,0,-9216,-11264,-4096,2552,-2466,-11142,11228,0,1024
11599,0,-9216,37888,-12288,-8584,-2515,22765,-33864,0,1024
11604,0,-9216,-6144,15360,1392,-2616,-14872,-5649,0,1024
11609,0,-9216,13312,31744,-3016,-2685,-941,-4760,0,1024
11614,0,-9216,7168,-28672,-1624,-2692,-1607,-2709,0,1024
11619,0,-9216,10240,-2048,-2320,-2717,1560,-6597,0,1024
11624,0,-9216,21504,-1024,-4872,-2798,6643,-14313,0,1024
11629,0,-9216,2048,-13312,-464,-2818,-5198,1916,0,1024
11634,0,-9216,1024,-1024,-232,-2800,-2846,-187,0,1024
11639,0,-9216,22528,-31744,-5104,-2826,13574,-21504,0,1024
11644,0,-9216,-3072,11264,696,-2834,-5795,3657,0,1024
11649,0,-9216,20480,-4096,-1160,-2886,-1366,-2680,0,1024
11654,0,-9216,22528,-20480,-5104,-2921,11268,-19293,0,1024
11660,0,-9216,-6144,-4096,1392,-2993,-13265,11664,0,1024
11665,0,-9216,41984,-11264,-9512,-3056,11990,-21542,0,1024
11670,0,-9216,-10240,-10240,2320,-3072,-14906,14154,0,1024
11675,0,-9216,1024,-2048,-232,-3081,-3351,38,0,1024
11680,0,-9216,24576,0,-5568,-3135,11428,-20131,0,1024
11685,0,-9216,-27648,-2048,6264,-3157,-25348,28455,0,1024
11690,0,-9216,14336,-8192,-3248,-3129,9202,-15579,0,1024
11695,0,-9216,29696,-32768,-6728,-3163,19598,-29489,0,1024
11700,0,-9216,-7168,-1024,1624,-3207,-10087,8504,0,1024
11705,0,-9216,20480,6144,-4640,-3242,10304,-18186,0,1024
11710,0,-9216,-1024,-19456,232,-3263,-4751,1720,0,1024
11715,0,-9216,17408,-19456,-3944,-3307,7389,-14640,0,1024
11720,0,-9216,11264,-6144,-2552,-3341,3568,-9461,0,1024
11725,0,-9216,-4096,-5120,928,-3381,-9042,6589,0,1024
11730,0,-9216,9216,-3072,-2088,-3410,1583,-7081,0,1024
11735,0,-9216,34816,-26624,-7888,-3446,20378,-31712,0,1024
11740,0,-9216,-7168,-4096,1624,-3463,-10396,8557,0,1024
11745,0,-9216,7168,12288,-1624,-3472,1916,-7012,0,1024
11750,0,-9216,15360,-30720,-3480,-3502,6781,-13763,0,1024
11755,0,-9216,-20480,-5120,4640,-3540,-19507,20607,0,1024
11760,0,-9216,4096,9216,-928,-3562,-2054,-2436,0,1024
11765,0,-9216,26624,-22528,-6032,-3621,13287,-22940,0,1024
11770,0,-9216,8192,-23552,-1856,-3668,-1297,-4227,0,1024
11775,0,-9216,28672,7168,-6496,-3700,13941,-24137,0,1024
11780,0,-9216,0,-1024,0,-3709,-4177,468,0,1024
11785,0,-9216,0,-6144,0,-3725,-4453,728,0,1024
11790,0,-9216,23552,-21504,-5336,-3787,11417,-20540,0,1024
11795,0,-9216,12288,-2048,-2784,-3811,3476,-10071,0,1024
11800,0,-9216,-8192,6144,1856,-3823,-10488,8521,0,1024
11805,0,-9216,5120,-12288,-1160,-3867,-1905,-3122,0,1024
11810,0,-9216,1024,-13312,-232,-3887,-3925,-194,0,1024
11815,0,-9216,-2048,-4096,464,-3904,-5267,1827,0,1024
11820,0,-9216,17408,-9216,-3944,-3959,7068,-14971,0,1024
11825,0,-9216,0,-6144,0,-3996,-6346,2350,0,1024
11830,0,-9216,-1024,-4096,232,-4022,-6185,2395,0,1024
11835,0,-9216,6144,-8192,-1392,-4047,-425,-5014,0,1024
11840,0,-9216,19456,-9216,-4408,-4110,7137,-15655,0,1024
11845,0,-9216,11264,8192,-2552,-4185,-1148,-5589,0,1024
11850,0,-9216,11264,-10240,-2552,-4215,1078,-7845,0,1024
11855,0,-9216,-4096,1024,928,-4224,-8629,5333,0,1024
11860,0,-9216,9216,12288,-2088,-4295,-1010,-5373,0,1024
11865,0,-9216,-8192,-5120,-464,-4280,-1618,-3126,0,1024
11870,0,-9216,15360,-1024,-3480,-4361,4429,-12270,0,1024
11875,0,-9216,2048,1024,-464,-4379,-4154,-689,0,1024
11880,0,-9216,15360,2048,-3480,-4457,2799,-10736,0,1024
11885,0,-9216,8192,-1024,-1856,-4503,-2066,-4293,0,1024
11890,0,-9216,18432,-1024,-4176,-4622,722,-9520,0,1024
11895,0,-9216,17408,20480,-3944,-4740,-2032,-6652,0,1024
11900,0,-9216,21504,33792,-4872,-4874,-2032,-7714,0,1024
11905,0,-9216,29696,26624,-6728,-4993,3465,-15186,0,1024
11910,0,-9216,29696,68608,-6728,-5160,1193,-13081,0,1024
11915,0,-9216,48128,44032,-10904,-5323,11738,-27965,0,1024
11920,0,-9216,28672,102400,-6496,-5456,-1722,-10230,0,1024
11925,0,-9216,19456,104448,-4408,-5692,-15204,5104,0,1024
11930,0,-9216,54272,58368,-12296,-5862,11440,-29598,0,1024
11935,0,-9216,38912,181248,-8816,-6030,9523,-27408,0,1024
11940,0,-9216,22528,176128,-5104,-6215,-11073,-246,0,1024
11945,0,-9216,7168,51200,-1624,-6374,-22296,14298,0,1024
11950,0,-9216,35840,122880,-8120,-6474,2903,-17497,0,1024
11955,0,-9216,12288,246784,-2784,-6428,-1722,-7490,0,1024
11960,0,-9216,-32768,151552,7424,-6355,-24545,25614,0,1024
11965,0,-9216,-51200,14336,11600,-6286,-34195,65435,0,1024
11970,0,-9216,-44032,80896,9976,-6073,-16490,20393,0,1024
11975,0,-9216,-52224,242688,11832,-5806,-10855,16881,0,1024
11980,0,-9216,-93184,192512,17400,-5405,-14309,26304,0,1024
11985,0,-9216,-115712,89088,26216,-4988,-31647,52875,0,1024
11990,0,-9216,-90112,-8192,20416,-4491,-1332,17257,0,1024
11995,0,-9216,-133120,144384,30160,-3950,-21240,47508,0,1024
12000,0,-9216,-190464,253952,43152,-3317,-57787,97622,0,1024
12005,0,-9216,-115712,92160,26216,-2777,1503,21936,0,1024
12010,0,-9216,-97280,33792,22040,-2099,21090,-1149,0,1024
12015,0,-9216,-105472,-75776,23896,-1373,26793,-4270,0,1024
12020,0,-12288,-178176,15360,40368,-624,-18589,58333,0,1024
12025,0,-12288,-264192,116736,54288,199,-56375,110862,0,1024
12030,0,-12288,-259072,220160,58696,980,-69330,129006,0,1024
12035,0,-12288,-174080,110592,39440,1845,2352,38933,0,1024
12040,0,-12288,-159744,-39936,40368,2919,11474,31813,0,1024
12045,0,-15360,-175104,-70656,39672,3911,23144,20439,0,1024
12050,0,-15360,-212992,-26624,48256,4908,1388,51776,0,1024
12055,0,-15360,-249856,163840,51272,5967,-6151,63390,0,1024
12060,0,-15360,-215040,217088,48720,6892,298,55314,0,1024
12065,0,-15360,-221184,294912,50112,7763,-9318,67193,0,1024
12070,0,-15360,-216064,226304,48952,8675,-12875,70502,0,1024
12075,0,-15360,-175104,103424,39672,9443,10338,38777,0,1024
12080,0,-15360,-140288,2048,31784,10192,30132,11844,0,1024
12085,0,-15360,-124928,30720,28304,11003,35846,3461,0,1024
12090,0,-15360,-119808,-20480,27144,11760,39300,-396,0,1024
12095,0,-15360,-149504,22528,33872,12541,19036,27377,0,1024
12100,0,-15360,-168960,21504,38280,13378,4475,47183,0,1024
12105,0,-15360,-210944,109568,47792,14200,-22743,84735,0,1024
12110,0,-15360,-219136,171008,49648,15071,-22973,87692,0,1024
12115,0,-15360,-256000,154624,58000,16117,-40517,114634,0,1024
12120,0,-15360,-275456,164864,62408,17138,-44797,124343,0,1024
12125,0,-18432,-287744,162816,65192,18156,-49490,132838,0,1024
12130,0,-18432,-274432,165888,62176,19300,-35790,117266,0,1024
12135,0,-18432,-232448,108544,52664,20329,-3695,76688,0,1024
12140,0,-18432,-220160,43008,49880,21427,10545,60762,0,1024
12145,0,-18432,-216064,23552,48952,22647,19506,52093,0,1024
12150,0,-18432,-224256,36864,50808,23753,15548,59013,0,1024
12155,0,-18432,-189440,69632,42920,24789,38853,28856,0,1024
12160,0,-18432,-175104,73728,40600,25852,39059,27393,0,1024
12165,0,-18432,-149504,73728,33872,26758,54274,6356,0,1024
12170,0,-21504,-160768,97280,36424,27624,38646,25402,0,1024
12175,0,-21504,-162816,91136,36888,28531,29363,36056,0,1024
12180,0,-21504,-175104,143360,39672,29318,13631,55359,0,1024
12185,0,-39936,-191488,169984,43384,30136,-115,73635,0,1024
12190,0,-39936,-156672,140288,35496,30992,21847,44641,0,1024
12195,0,-39936,-138240,121856,31320,31711,29397,33634,0,1024
12200,0,-39936,-128000,122880,29000,32266,45382,8270,0,1024
12205,0,-55296,-103424,61440,23432,32691,19093,37030,0,1024
12210,0,-55296,-83968,57344,19024,32963,13861,38126,0,1024
12215,0,-58368,-56320,53248,12760,33138,15364,30559,0,1024
12220,0,-58368,-37888,61440,8584,33263,13115,28732,0,1024
12225,0,-58368,-16384,61440,3712,33285,14435,22562,0,1024
12230,0,-76800,-15360,91136,3480,33252,6402,28942,0,1024
12235,0,-76800,-35840,26624,8120,33227,-20655,62002,0,1024
12240,0,-76800,-21504,63488,4872,33246,-11854,49972,0,1024
12245,0,-86016,-40960,103424,9280,33359,-20529,79315,0,1024
12250,0,-98304,-54272,122880,12296,33584,-20047,65927,0,1024
12255,0,-98304,-62464,132096,14152,33855,-16386,64393,0,1024
12260,0,-98304,-79872,80896,18096,34213,-17201,70412,0,1024
12265,0,-119808,-78848,75776,17864,34616,-7895,60375,0,1024
12270,0,-119808,-116736,-3072,26448,35067,-25394,86909,0,1024
12275,0,-119808,-128000,-76800,28768,35628,-21378,85774,0,1024
12280,0,-119808,-133120,-76800,30160,36139,-20184,86483,0,1024
12285,0,-119808,-125952,-139264,28536,36637,-12542,77715,0,1024
12290,0,-141312,-109568,-203776,24824,37100,-1802,63726,0,1024
12295,0,-141312,-89088,-257024,20184,37541,7871,49854,0,1024
12300,0,-141312,-33792,-300032,7656,37772,35215,10213,0,1024
12305,3072,-190464,-1024,-320512,3248,37866,30637,10477,120,1024
12310,3072,-190464,16384,-326656,-3016,37810,30878,3916,60,1024
12315,3072,-190464,36864,-345088,-7656,37692,29409,627,28,1024
12320,3072,-190464,46080,-354304,-9744,37510,21560,6206,11,1024
12325,3072,-190464,71680,-340992,-15544,37299,30660,-8905,1,1024
12330,3072,-190464,101376,-279552,-22272,37016,40952,-26208,0,1024
12335,15360,-281600,98304,-198656,-18792,36704,32094,-16311,456,1021
12340,15360,-281600,102400,-196608,-19720,36333,20401,-3788,237,1023
12345,15360,-281600,75776,-148480,-13688,36034,-1504,23850,121,1024
12350,27648,-301056,80896,-158720,-12064,35798,-586,24994,513,1020
12355,27648,-311296,88064,-172032,-13688,35525,4773,17064,265,1022
12360,27648,-311296,96256,-246784,-15544,35262,8984,10734,135,1023
12365,24576,-318464,116736,-366592,-20880,34906,20023,-5997,-52,1024
12370,27648,-321536,126976,-479232,-22504,34554,22822,-10772,127,1024
12375,27648,-321536,159744,-567296,-29928,34094,36764,-32598,59,1024
12380,27648,-321536,198656,-565248,-38744,33434,48640,-53950,28,1024
12385,24576,-327680,214016,-621568,-42920,32717,44200,-54403,-147,1023
12390,24576,-327680,210944,-600064,-42224,31809,35169,-49064,-75,1024
12395,24576,-331776,210944,-593920,-42224,30908,9214,-20530,-43,1024
12400,24576,-331776,200704,-493568,-39904,29933,-11636,1665,-27,1024
12405,24576,-331776,203776,-460800,-38280,28848,-26495,17063,-16,1024
12410,24576,-334848,208896,-450560,-41760,27841,-22296,8377,-15,1024
12415,24576,-334848,239616,-531456,-48720,26875,-2387,-19458,-15,1024
12420,24576,-334848,269312,-586752,-50344,25856,4062,-28550,-15,1024
12425,24576,-334848,248832,-631808,-50808,24979,10166,-35995,-15,1024
12430,24576,-352256,228352,-556032,-46168,24143,998,-23023,-15,1024
12435,24576,-352256,207872,-390144,-41528,23238,-9272,-9018,-15,1024
12440,27648,-352256,184320,-284672,-35496,22471,-21642,8617,96,1024
12445,27648,-352256,205824,-309248,-40368,21664,-4384,-14320,47,1024
12450,27648,-352256,191488,-294912,-37120,20804,-12772,-3544,20,1024
12455,24576,-362496,198656,-411648,-39440,20070,-2823,-16547,-100,1024
12460,24576,-365568,194560,-565248,-38512,19346,-2192,-16974,-57,1024
12465,24576,-365568,184320,-600064,-36192,18588,-4108,-13496,-31,1024
12470,24576,-365568,160768,-579584,-30856,17984,-11555,-1317,-21,1024
12475,27648,-365568,119808,-451584,-20880,17456,-32669,29245,135,1023
12480,24576,-362496,80896,-408576,-12760,17007,-44488,48735,-129,1023
12485,24576,-362496,47104,-326656,-5104,16691,-54184,65771,-71,1024
12490,24576,-362496,46080,-370688,-4872,16509,-36857,48494,-41,1024
12495,27648,-362496,31744,-413696,-928,16450,-27184,42706,167,1023
12500,27648,-362496,41984,-517120,-3248,16479,-4189,17420,84,1024
12505,27648,-365568,37888,-576512,-2320,16559,5484,8755,41,1024
12510,27648,-365568,46080,-552960,-4176,16612,16500,-4064,16,1024
12515,27648,-365568,61440,-447488,-7656,16625,27493,-18524,6,1024
12520,30720,-365568,64512,-299008,-7656,16578,24119,-15197,137,1023
12525,30720,-376832,96256,-233472,-15544,16389,33895,-33050,-128,1023
12530,27648,-376832,118784,-201728,-20648,16067,33196,-37777,-71,1024
12535,27648,-376832,143360,-276480,-26216,15629,32794,-43381,-41,1024
12540,27648,-376832,178176,-300032,-34104,15031,39289,-58362,-25,1024
12545,27648,-376832,183296,-445440,-35264,14436,29971,-50799,-15,1024
12550,27648,-376832,179200,-533504,-34336,13843,21813,-42306,-15,1024
12555,27648,-376832,168960,-523264,-32016,13197,11428,-30247,-15,1024
12560,27648,-376832,143360,-481280,-26216,12661,-4923,-8632,-15,1024
12565,27648,-376832,110592,-358400,-18792,12166,-24499,17873,-15,1024
12570,27648,-376832,92160,-305152,-14616,11684,-30810,27878,-15,1024
12575,27648,-376832,60416,-250880,-7424,11283,-48825,52684,-15,1024
12580,27648,-376832,72704,-302080,-10208,10942,-32210,32944,-15,1024
12585,24576,-358400,71680,-317440,-10672,10663,-23432,23423,-195,1023
12590,24576,-358400,72704,-403456,-10904,10451,-12852,12399,-106,1024
12595,24576,-358400,106496,-443392,-18560,10275,20872,-29157,-60,1024
12600,24576,-358400,109568,-403456,-19256,10087,28468,-37637,-33,1024
12605,24576,-358400,102400,-336896,-17632,9959,29707,-37380,-22,1024
12610,18432,-324608,59392,-232448,-9280,9811,1572,-1041,-275,1022
12615,18432,-324608,53248,-226304,-7888,9615,-1836,3563,-138,1023
12620,18432,-324608,49152,-224256,-6960,9419,-6449,8908,-75,1024
12625,18432,-324608,49152,-295936,-6960,9187,-10844,13071,-43,1024
12630,12288,-305152,78848,-313344,-15080,8930,8640,-14790,-363,1022
12636,12288,-305152,88064,-435200,-17168,8647,11635,-20156,-195,1023
12641,12288,-305152,100352,-549888,-19952,8366,19529,-31115,-106,1024
12646,6144,-288768,101376,-544768,-21576,8009,16970,-30537,-394,1021
12651,6144,-288768,101376,-543744,-21576,7649,14549,-28476,-211,1023
12656,6144,-288768,86016,-460800,-18096,7251,-999,-9846,-114,1024
12661,6144,-288768,84992,-394240,-17864,6767,-7688,-3409,-60,1024
12666,6144,-288768,71680,-288768,-14848,6281,-24946,16379,-35,1024
12671,0,-256000,93184,-245760,-21112,5763,-14493,-856,-267,1022
12676,0,-208896,113664,-237568,-25752,5163,-5084,-15505,-135,1023
12681,0,-208896,150528,-301056,-34104,4581,16764,-46287,-75,1024
12686,0,-199680,181248,-404480,-41064,3983,35582,-72663,-43,1024
12691,0,-199680,188416,-427008,-42688,3284,35777,-75181,-26,1024
12696,0,-199680,181248,-448512,-41064,2645,28273,-66692,-16,1024
12701,0,-199680,178176,-381952,-40368,1975,23144,-61537,-15,1024
12706,0,-199680,173056,-294912,-39208,1193,14308,-52323,-15,1024
12711,0,-199680,166912,-168960,-37816,456,5071,-42431,-15,1024
12716,0,-199680,197632,-133120,-44776,-333,20883,-65992,-15,1024
12721,0,-144384,226304,-107520,-51272,-1244,33850,-86366,-15,1024
12726,0,-144384,253952,-201728,-57536,-2104,48262,-107902,-15,1024
12731,0,-138240,250880,-296960,-56840,-2965,43305,-103110,-15,1024
12736,0,-138240,250880,-261120,-56840,-3939,40528,-101307,-15,1024
12741,0,-138240,224256,-190464,-50808,-4848,19346,-75002,-15,1024
12746,0,-138240,198656,-22528,-45008,-5810,-5887,-44931,-15,1024
12751,0,-138240,190464,72704,-43152,-6888,-17339,-32701,-15,1024
12756,0,-138240,196608,105472,-44544,-7848,-14298,-38094,-15,1024
12761,0,-138240,211968,29696,-48024,-8866,-7436,-47598,-15,1024
12766,0,-129024,201728,-34816,-45704,-9744,-4579,-50869,-15,1024
12771,0,-129024,192512,-136192,-43616,-10573,-4912,-49277,-15,1024
12776,0,-129024,162816,-125952,-38976,-11403,-9788,-40591,-15,1024
12781,0,-129024,131072,-142336,-29696,-12043,-25658,-16081,-15,1024
12786,0,-129024,68608,-23552,-15544,-12603,-58314,30167,-15,1024
12791,0,-79872,28672,-47104,-6496,-13088,-69537,49953,-15,1024
12796,0,-79872,24576,-30720,-5568,-13435,-57362,38359,-15,1024
12801,0,-79872,37888,-109568,-8584,-13696,-33426,11146,-15,1024
12806,0,-58368,55296,-176128,-11832,-13901,-8664,-17069,-15,1024
12811,0,-58368,53248,-269312,-12064,-14033,2937,-29034,-15,1024
12816,0,-58368,59392,-300032,-13456,-14140,16236,-43832,-15,1024
12821,0,-58368,45056,-244736,-10208,-14233,23224,-51404,-15,1024
12826,0,-30720,48128,-169984,-10904,-14339,18646,-43889,-15,1024
12831,0,-30720,3072,-62464,-696,-14434,-13265,-1865,-15,1024
12836,0,-33792,7168,-28672,-1624,-14566,-12336,-13328,-15,1024
12841,0,-21504,21504,-21504,-4872,-14718,-3822,-15768,-15,1024
12846,0,-21504,23552,-105472,-5336,-14836,-2135,-18037,-15,1024
12851,0,-21504,17408,-205824,-3944,-14923,-4212,-28451,-15,1024
12856,0,-21504,25600,-185344,-5800,-14975,7274,-28049,-15,1024
12861,0,-21504,2048,-194560,-464,-14945,-1251,-14158,-15,1024
12866,0,-18432,-26624,-99328,6032,-14843,-11555,2744,-15,1024
12871,0,-18432,-65536,-31744,14848,-14628,-26002,26222,-15,1024
12876,0,-18432,-98304,70656,22272,-14402,-41791,49661,-15,1024
12881,0,-18432,-104448,98304,23664,-14174,-42434,51924,-15,1024
12886,0,-18432,-75776,104448,17168,-13932,-20517,23753,-15,1024
12891,0,-18432,-39936,36864,9048,-13763,2042,-6757,-15,1024
12896,0,-18432,-8192,-47104,1856,-13648,18485,-13645,-15,1024
12901,0,-12288,28672,-75776,-6496,-13622,34045,-54163,-15,1024
12906,0,-12288,69632,-155648,-15776,-13657,54573,-84006,-15,1024
12911,0,-12288,79872,-160768,-20880,-13802,57809,-92491,-15,1024
12916,0,-12288,94208,-146432,-21344,-13969,51039,-86352,-15,1024
12921,0,-9216,78848,-78848,-17864,-14206,30751,-62821,-15,1024
12926,0,-9216,58368,-14336,-13224,-14543,12404,-42491,-15,1024
12931,0,-9216,58368,36864,-13224,-14877,-3064,-25037,-15,1024
12936,0,-9216,77824,3072,-17632,-15221,6299,-39152,-15,1024
12941,0,-9216,84992,-71680,-19256,-15609,7297,-42162,-15,1024
12946,0,-9216,99328,-89088,-22504,-15974,14848,-53326,-15,1024
12951,0,-9216,100352,-197632,-22736,-16313,16316,-55365,-15,1024
12956,0,-9216,98304,-249856,-22272,-16644,18336,-58225,-15,1024
12961,0,-9216,100352,-216064,-22736,-17029,17602,-57367,-15,1024
12966,0,-9216,76800,-140288,-17400,-17377,240,-35017,-15,1024
12971,0,-9216,46080,-10240,-10440,-17766,-9501,-22649,-15,1024
12976,0,-9216,48128,49152,-10904,-18124,-21848,-7180,-15,1024
12981,0,-9216,52224,58368,-11832,-18484,-21309,-9007,-15,1024
12986,0,-9216,79872,62464,-13224,-18841,-15216,-16849,-15,1024
12991,0,-9216,96256,-32768,-21808,-19179,12472,-53459,-15,1024
12996,0,-9216,109568,-113664,-24824,-19488,24337,-68649,-15,1024
13001,0,-9216,121856,-133120,-23896,-19839,21618,-65353,-15,1024
13006,0,-9216,113664,-94208,-25752,-20151,29019,-74922,-15,1024
13011,0,-9216,113664,8192,-25752,-20496,28032,-74280,-15,1024
13016,0,-9216,99328,115712,-22504,-20924,20023,-65539,-15,1024
13021,0,-9216,116736,147456,-26448,-21337,22891,-70676,-15,1024
13026,0,-6144,117760,119808,-26680,-21788,17751,-66219,-15,1024
13031,0,-6144,126976,-12288,-28768,-22255,15869,-66018,-15,1024
13036,0,-3072,126976,-66560,-28768,-22752,18818,-70338,-15,1024
13041,0,0,107520,-167936,-24360,-23163,7343,-54866,-15,1024
13046,0,0,83968,-160768,-19024,-23563,-7034,-49562,-15,1024
13051,0,0,69632,-91136,-15776,-23962,-12290,-27448,-15,1024
13056,0,4096,32768,55296,-7424,-24297,-35767,4046,-15,1024
13061,0,4096,33792,133120,-7656,-24607,-41630,12839,-15,1024
13066,-4096,16384,43008,112640,-10672,-24922,-21229,-14365,-165,1023
13071,-4096,16384,62464,18432,-15080,-25151,344,-40575,-90,1024
13076,-4096,16384,62464,-67584,-15080,-25340,3075,-41639,-48,1024
13081,-4096,62464,63488,-97280,-15312,-25485,16729,-57526,-29,1024
13086,-4096,62464,32768,1024,-8352,-25606,-207,-33751,-19,1024
13091,-4096,62464,-2048,51200,-464,-25713,-20517,-5660,-15,1024
13096,-4096,80896,-10240,194560,1392,-25802,-23558,-852,-15,1024
13101,-4096,80896,8192,215040,-2784,-25902,-10488,-18198,-15,1024
13106,-4096,80896,10240,171008,-3248,-25972,-6105,-23115,-15,1024
13111,-4096,96256,28672,60416,-7424,-26035,9110,-42569,-15,1024
13116,-4096,102400,50176,-20480,-12296,-26082,27527,-65905,-15,1024
13121,-4096,102400,47104,-74752,-11600,-26148,25932,-63680,-15,1024
13126,-4096,102400,41984,2048,-10440,-26203,23614,-60257,-15,1024
13131,-4096,151552,9216,152576,-3016,-26279,-1332,-27963,-15,1024
13136,-4096,151552,10240,210944,-3248,-26373,-1240,-28381,-15,1024
13141,-4096,157696,-2048,252928,-464,-26475,-12428,-14511,-15,1024
13146,-4096,157696,8192,161792,-2784,-26577,-6128,-23233,-15,1024
13151,-4096,157696,9216,79872,-3016,-26681,-5646,-24051,-15,1024
13156,-7168,194560,5120,-26624,-2784,-26756,-6208,-23332,-120,1024
13161,-7168,206848,-10240,6144,696,-26803,-13426,-12681,-67,1024
13166,-7168,206848,-22528,71680,3480,-26820,-16524,-6816,-37,1024
13171,-7168,206848,-51200,227328,9976,-26802,-32393,15567,-24,1024
13176,-7168,206848,-88064,340992,18328,-26723,-52887,17052,-15,1024
13181,-7168,206848,-82944,370688,17168,-26571,-39898,30495,-15,1024
13186,-10240,225280,-78848,319488,15544,-26409,-30328,19463,-120,1024
13191,-10240,225280,-80896,331776,16008,-26168,-23512,13352,-63,1024
13196,-10240,225280,-76800,228352,15080,-25925,-14998,4153,-37,1024
13201,-13312,235520,-62464,159744,11136,-25685,-505,-14044,-130,1023
13206,-13312,238592,-62464,195584,11136,-25406,2685,-16955,-67,1024
13211,-13312,238592,-70656,222208,12992,-25103,1870,-13981,-39,1024
13216,-13312,238592,-88064,325632,16936,-24766,-4969,-2861,-25,1024
13221,-13312,238592,-115712,358400,23200,-24362,-19347,18185,-15,1024
13226,-13312,238592,-138240,458752,28304,-23996,-33392,37700,-15,1024
13231,-13312,238592,-139264,526336,28536,-23630,-33506,38412,-15,1024
13236,-13312,238592,-148480,499712,30624,-23240,-41676,49060,-15,1024
13241,-16384,273408,-119808,495616,23432,-22929,-24327,24830,-207,1023
13246,-16384,273408,-96256,455680,18096,-22653,-11498,6941,-113,1024
13251,-16384,273408,-106496,396288,20416,-22358,-23179,21237,-60,1024
13256,-25600,292864,-87040,328704,13920,-22111,-11085,2894,-611,1020
13261,-25600,292864,-56320,229376,6960,-21903,-4866,-5901,-304,1022
13266,-28672,302080,-49152,203776,4640,-21750,11245,-28355,-294,1022
13271,-28672,302080,-32768,183296,928,-21604,22042,-42718,-157,1023
13276,-28672,302080,-25600,215040,1160,-21442,20642,-40924,-81,1024
13281,-44032,312320,-17408,244736,-6032,-21330,34079,-61441,-697,1019
13286,-44032,312320,-43008,329728,-232,-21224,17074,-38530,-370,1022
13291,-44032,312320,-74752,396288,5336,-21083,3063,-18810,-186,1023
13296,-44032,312320,-110592,493568,15080,-20892,-22892,17080,-101,1024
13301,-83968,343040,-139264,579584,12528,-20711,-39140,30957,-2397,1006
13306,-83968,343040,-165888,524288,18560,-20610,-52026,49976,-1184,1015
13311,-87040,353280,-181248,567296,21344,-20515,-59290,60119,-754,1019
13316,-96256,373760,-186368,586752,20416,-20417,-60093,60092,-938,1017
13321,-96256,373760,-195584,498688,22504,-20279,-59909,62134,-465,1021
13326,-96256,395264,-189440,515072,21112,-20145,-53357,54324,-247,1023
13331,-96256,417792,-159744,534528,14384,-20026,-29536,23894,-133,1023
13336,-96256,417792,-158720,606208,14152,-19871,-26427,20708,-70,1024
13341,-96256,417792,-139264,653312,9744,-19740,-11636,1640,-41,1024
13346,-96256,413696,-131072,681984,7888,-19608,-5830,-5890,-26,1024
13351,-96256,413696,-141312,714752,10208,-19468,-14401,5141,-15,1024
13356,-96256,417792,-136192,712704,9048,-19357,-12290,1981,-15,1024
13361,-93184,417792,-131072,677888,8584,-19257,-10649,-24,154,1023
13366,-93184,417792,-161792,623616,15544,-19133,-34229,30640,73,1024
13371,-96256,417792,-140288,602112,9976,-19043,-18498,9431,-88,1024
13376,-93184,420864,-145408,575488,11832,-18936,-21102,13998,119,1024
13381,-93184,420864,-142336,645120,11136,-18773,-15170,7533,55,1024
13386,-93184,420864,-131072,641024,8584,-18661,-7597,-2480,26,1024
13391,-87040,420864,-120832,633856,7656,-18518,1158,-12020,348,1022
13396,-87040,420864,-123904,762880,8352,-18334,-597,-9385,168,1023
13401,-71680,420864,-128000,721920,12760,-18114,-4166,-1188,659,1019
13406,-71680,420864,-141312,662528,15776,-17867,-13334,11243,342,1022
13411,-71680,420864,-166912,620544,21576,-17564,-29490,33502,165,1023
13416,-71680,420864,-143360,512000,16240,-17300,-11096,10036,84,1024
13421,-7168,312320,-123904,461824,26448,-16918,4842,4688,3151,1000
13426,-7168,312320,-108544,512000,22968,-16346,15146,-8524,1649,1012
13431,0,225280,-108544,510976,24592,-15831,11818,-3057,1127,1016
13436,0,225280,-88064,507904,19952,-15354,22627,-26236,552,1020
13441,0,225280,-78848,635904,17864,-14876,22123,-19135,285,1022
13446,0,160768,-74752,609280,16936,-14470,18956,-16490,147,1023
13451,0,160768,-79872,546816,18096,-14093,2627,3271,69,1024
13456,0,160768,-84992,483328,19256,-13692,814,4750,33,1024
13461,0,160768,-73728,382976,16704,-13375,3706,-377,14,1024
13466,0,65536,-58368,360448,12992,-13085,8605,-8698,3,1024
13471,0,65536,-50176,294912,11368,-12898,4693,-6223,0,1024
13476,0,65536,-39936,251904,9048,-12765,3017,-6734,0,1024
13481,0,16384,-27648,364544,6264,-12635,5576,-11947,0,1024
13486,0,16384,-16384,343040,3712,-12536,8823,-17647,0,1024
13491,0,16384,-24576,295936,5568,-12426,229,-7087,0,1024
13496,0,16384,-52224,274432,11832,-12274,-19966,19524,0,1024
13501,0,16384,-53248,169984,12064,-12117,-18819,18766,0,1024
13506,0,4096,-54272,100352,12296,-11912,-14539,14923,0,1024
13511,0,4096,-71680,75776,16240,-11627,-19289,23902,0,1024
13516,0,4096,-78848,40960,17864,-11328,-16994,23530,0,1024
13521,0,0,-88064,23552,19952,-10992,-17052,26012,0,1024
13526,0,0,-91136,5120,22736,-10546,-16421,28611,0,1024
13531,0,0,-103424,134144,23432,-10098,-11223,24557,0,1024
13536,0,0,-94208,113664,21344,-9646,-173,11871,0,1024
13541,0,0,-124928,147456,28304,-9111,-18658,37851,0,1024
13546,3072,-3072,-123904,106496,28768,-8616,-15262,35414,192,1023
13551,3072,-3072,-114688,48128,26680,-8108,-7287,25859,98,1024
13556,3072,-3072,-133120,21504,30856,-7570,-22055,45341,45,1024
13561,58368,-9216,-116736,-21504,39672,-7117,-14539,47094,3476,997
13566,58368,-9216,-90112,-73728,33640,-6532,-3649,30757,1819,1010
13571,73728,-9216,-79872,-57344,34800,-5913,-7011,35898,1543,1012
13576,73728,-9216,-38912,-75776,25520,-5441,9500,10579,805,1018
13581,73728,-9216,-3072,-79872,17400,-5045,22398,-10043,419,1021
13586,184320,-9216,4096,13312,40832,-4370,13310,23152,4894,986
13591,221184,-9216,30720,20480,43152,-3599,23763,15790,4868,986
13596,221184,-9216,46080,13312,39672,-2726,26575,10371,2549,1005
13601,221184,-9216,48128,84992,39208,-1806,18451,18951,1250,1015
13606,221184,-9216,76800,76800,32712,-1077,27103,4532,651,1019
13611,221184,-9216,107520,73728,25752,-414,36810,-11472,337,1022
13616,379904,-9216,100352,77824,63336,644,15157,48823,6895,971
13621,379904,-9216,136192,65536,55216,1770,27642,29344,3614,996
13626,379904,-9216,173056,59392,46864,2787,36936,12715,1891,1011
13631,379904,-9216,177152,36864,45936,3763,17625,32074,926,1017
13636,759808,-15360,226304,36864,120872,4750,31910,93712,22742,847
13642,759808,-15360,253952,27648,114608,6948,11291,115369,11178,937
13647,1232896,-39936,282624,7168,215296,9862,22237,202921,24679,832
13652,1364992,-39936,348160,-7168,230376,13317,39403,204290,20680,863
13657,1364992,-39936,423936,-3072,213208,17064,40941,193199,10165,945
13662,1364992,-39936,488448,-27648,198592,21083,50522,169153,5327,983
13667,2102272,-43008,594944,-27648,341504,24586,69168,296922,45990,665
13672,2102272,-43008,721920,-36864,312736,29209,92760,264195,22608,848
13677,2393088,-49152,857088,-92160,348000,34916,107069,275847,23423,842
13682,2393088,-49152,999424,-89088,315752,40388,125979,230161,12281,929
13687,2393088,-49152,1158144,-82944,279792,45582,137821,187553,6438,974
13692,2756608,-52224,1358848,-167936,316680,51212,160954,206938,17623,887
13697,2756608,-52224,1555456,-166912,272136,56227,182492,145871,9240,952
13702,2756608,-52224,1744896,-157696,229216,60739,193875,96080,4843,987
13707,2817024,-55296,1993728,-263168,186528,64990,228333,23185,4782,987
13712,2879488,-55296,2180096,-284672,158456,68196,228092,-1440,5935,978
13717,2879488,-55296,2337792,-270336,122728,70832,208780,-15220,3110,1000
13722,2847744,-52224,2525184,-320512,73080,72837,204087,-58170,342,1022
13727,2847744,-52224,2660352,-303104,42456,73976,184810,-68378,176,1023
13732,2847744,-52224,2771968,-275456,17168,74577,161275,-69530,90,1024
13737,2817024,-52224,2872320,-281600,-12528,74595,134895,-72828,-1105,1016
13742,2756608,-49152,2950144,-248832,-43848,74143,116845,-86550,-3900,994
13747,2756608,-49152,3005440,-220160,-56376,73230,95055,-78201,-2050,1008
13752,2756608,-49152,3046400,-243712,-65656,71979,75422,-69099,-1012,1017
13757,2668544,-52224,3061760,-210944,-89088,70556,48721,-67253,-5070,985
13762,2668544,-52224,3076096,-151552,-92336,68824,32358,-55870,-2663,1004
13767,2554880,-52224,3080192,-205824,-119016,66496,17315,-69835,-5551,981
13772,2554880,-52224,3051520,-150528,-112520,64255,-11647,-36618,-2914,1002
13777,2554880,-52224,3018752,-97280,-105096,62015,-37603,-5478,-1531,1013
13782,2367488,-49152,3009536,-143360,-145464,59078,-37029,-49357,-7746,964
13787,2317312,-43008,2985984,-97280,-151496,56265,-41435,-53796,-6650,973
13792,2317312,-43008,2941952,-70656,-141520,53147,-52221,-35920,-3273,999
13797,2317312,-43008,2899968,-82944,-132008,50437,-58051,-23520,-1720,1011
13802,2317312,-43008,2839552,-76800,-118320,47889,-75285,4854,-905,1017
13807,2317312,-43008,2807808,-78848,-111128,45528,-64912,-670,-450,1021
13812,2057216,-39936,2772992,-54272,-162168,42316,-60093,-59759,-9333,952
13817,2014208,-39936,2742272,-61440,-164952,39280,-53897,-71775,-7114,969
13822,2014208,-39936,2710528,-84992,-157760,36242,-50248,-71270,-3735,995
13827,2014208,-39936,2666496,-21504,-147784,33081,-46450,-68253,-1841,1010
13832,1610752,-24576,2615296,-34816,-227592,29915,-49433,-148244,-20447,865
13837,1610752,-24576,2574336,-57344,-218312,26182,-39634,-152496,-10727,941
13842,1528832,-24576,2511872,1024,-222720,21888,-40494,-160338,-8143,961
13847,1284096,-21504,2445312,-32768,-263088,17871,-40735,-204482,-16090,899
13852,1284096,-21504,2374656,-57344,-247080,13606,-39416,-194058,-8443,959
13857,1284096,-21504,2266112,-80896,-222488,9086,-58980,-154422,-4155,992
13862,1284096,-21504,2162688,-131072,-199056,5373,-65865,-127818,-2182,1007
13867,1284096,-21504,2040832,-145408,-171448,2050,-83731,-85667,-1149,1016
13872,670720,-12288,1932288,-209920,-285824,-2763,-86049,-202538,-20673,863
13877,555008,-12288,1803264,-179200,-282808,-7418,-106060,-184166,-16432,896
13882,555008,-12288,1640448,-104448,-245920,-12117,-148734,-109303,-8622,957
13887,555008,-12288,1516544,-137216,-217848,-16968,-149205,-85611,-4243,991
13892,352256,-12288,1384448,-28672,-233856,-21129,-162997,-91988,-12017,931
13897,352256,-12288,1258496,45056,-205320,-25194,-162619,-67895,-6304,975
13902,352256,-12288,1128448,107520,-175856,-29157,-152796,-52217,-3104,1000
13907,352256,-12288,1019904,107520,-151264,-32233,-137455,-46042,-1632,1012
13912,352256,-12288,905216,58368,-125280,-34781,-127828,-32233,-858,1018
13917,92160,-9216,788480,95232,-157760,-37966,-117478,-78248,-8952,955
13922,92160,-9216,685056,26624,-134328,-40516,-112176,-62668,-4697,988
13927,92160,-9216,585728,-18432,-111824,-42666,-101149,-53341,-2467,1005
13932,92160,-9216,463872,-4096,-84216,-44569,-105165,-23620,-1216,1015
13937,9216,-9216,398336,-13312,-88160,-46048,-78452,-55756,-4395,990
13942,6144,-9216,324608,-36864,-72152,-47307,-63019,-56440,-2500,1005
13947,6144,-9216,235520,-51200,-51968,-48363,-61332,-38999,-1233,1015
13952,6144,-9216,166912,-64512,-36424,-48994,-53736,-31682,-650,1019
13957,3072,-9216,109568,-102400,-24128,-49335,-41286,-32177,-537,1020
13962,3072,-9216,36864,-130048,-7656,-49460,-44912,-12204,-268,1022
13967,3072,-9216,-15360,-160768,4176,-49307,-37327,-7804,-145,1023
13972,3072,-9216,-70656,-163840,16704,-48967,-38716,6453,-79,1024
13977,3072,-9216,-104448,-207872,24360,-48422,-27815,3753,-43,1024
13982,0,-9216,-139264,-196608,31552,-47785,-25291,9058,-156,1023
13987,0,-9216,-185344,-155648,41992,-47042,-35790,30740,-85,1024
13992,0,-9216,-192512,-199680,43616,-46133,-20173,17656,-45,1024
13997,0,-9216,-212992,-153600,48256,-45221,-20402,23437,-28,1024
14002,0,-9216,-232448,-118784,52664,-44244,-21068,29488,-18,1024
14007,0,-9216,-223232,-154624,50576,-43135,-3638,11079,-15,1024
14012,0,-9216,-231424,-130048,52432,-42061,240,10131,-15,1024
14017,0,-9216,-229376,-113664,51968,-40957,9661,1350,-15,1024
14022,0,-9216,-224256,-143360,50808,-39728,19128,-8048,-15,1024
14027,0,-9216,-226304,-147456,51272,-38571,23270,-10569,-15,1024
14032,0,-9216,-242688,-169984,54984,-37417,14262,3305,-15,1024
14037,0,-9216,-233472,-188416,52896,-36165,22604,-5873,-15,1024
14042,0,-9216,-238592,-212992,54056,-35015,19265,-224,-15,1024
14047,0,-9216,-243712,-225280,55216,-33884,14148,7184,-15,1024
14052,0,-9216,-229376,-237568,51968,-32673,21273,-1978,-15,1024
14057,0,-9216,-220160,-245760,49880,-31581,25645,-7346,-15,1024
14062,0,-9216,-223232,-245760,50576,-30515,19816,245,-15,1024
14067,0,-9216,-210944,-246784,47792,-29351,26196,-7755,-15,1024
14072,0,-9216,-212992,-240640,48256,-28303,22283,-2330,-15,1024
14077,0,-9216,-212992,-200704,48256,-27263,20482,511,-15,1024
14082,0,-9216,-198656,-212992,45008,-26149,28399,-9540,-15,1024
14087,0,-9216,-198656,-189440,45008,-25125,27275,-7392,-15,1024
14092,0,-9216,-199680,-162816,45240,-24106,25680,-4546,-15,1024
14097,0,-9216,-194560,-164864,44080,-22992,28445,-7357,-15,1024
14102,-4096,-9216,-193536,-151552,42920,-21972,30499,-9551,-175,1023
14107,-4096,-9216,-207872,-135168,46168,-20934,22513,2721,-95,1024
14112,-4096,-9216,-190464,-149504,42224,-19817,35089,-12682,-51,1024
14117,-4096,-9216,-188416,-157696,41760,-18782,39139,-16161,-30,1024
14122,-13312,-9216,-193536,-169984,40832,-17783,34010,-24217,-494,1021
14127,-13312,-9216,-186368,-184320,39208,-16754,35777,-13323,-263,1022
14132,-19456,-9216,-188416,-206848,38280,-15849,32105,-9674,-371,1022
14137,-19456,-9216,-197632,-246784,40368,-14950,28296,-4659,-186,1023
14142,-19456,-9216,-190464,-238592,38744,-13965,28055,-3276,-101,1024
14147,-19456,-9216,-199680,-267264,40832,-13028,23867,3937,-57,1024
14152,-99328,-9216,-222208,-272384,27840,-12160,23947,-12166,-4145,992
14157,-99328,-9216,-221184,-270336,27608,-11470,17751,-1613,-2177,1007
14162,-117760,-9216,-235520,-275456,26680,-10854,13184,2642,-1832,1010
14167,-148480,-9216,-251904,-273408,23432,-10238,16707,-6993,-2387,1006
14172,-148480,-9216,-246784,-265216,22272,-9705,14698,-2131,-1254,1015
14177,-163840,-9216,-269312,-264192,23896,-9207,2811,11878,-1235,1015
14182,-166912,-9216,-269312,-251904,23200,-8634,8548,6018,-760,1019
14187,-166912,-9216,-281600,-253952,25984,-8070,5771,12143,-403,1021
14192,-166912,-9216,-307200,-259072,31784,-7448,-5302,29638,-214,1023
14197,-203776,-9216,-314368,-251904,25056,-6796,-2077,20337,-1889,1010
14202,-203776,-9216,-336896,-250880,30160,-6212,-8687,32635,-994,1017
14207,-206848,-9216,-352256,-229376,32944,-5588,-10741,38097,-632,1020
14212,-225280,-9216,-359424,-258048,30392,-4861,-4223,29754,-1204,1015
14217,-225280,-9216,-374784,-231424,33872,-4160,-3833,33545,-633,1020
14222,-247808,-9216,-390144,-198656,32248,-3493,-3707,32462,-1123,1016
14227,-247808,-9216,-389120,-215040,32016,-2709,7401,21906,-556,1020
14232,-247808,-9216,-405504,-175104,35728,-1917,5806,28005,-296,1022
14237,-343040,-9216,-425984,-128000,18792,-1496,1239,16057,-3488,997
14242,-380928,-9216,-411648,-154624,6960,-1096,20906,-15042,-3433,998
14247,-380928,-9216,-442368,-111616,13920,-728,7768,5424,-1805,1010
14252,-380928,-9216,-457728,-86016,17400,-304,6425,10671,-950,1017
14257,-472064,-9216,-448512,-112640,-5336,-35,22409,-27780,-4596,989
14262,-472064,-9216,-471040,-92160,-232,109,16030,-16153,-2414,1006
14267,-493568,-9216,-495616,-93184,464,233,9661,-8964,-2022,1010
14272,-493568,-9216,-503808,-107520,2320,438,15823,-13065,-999,1017
14277,-528384,-9216,-525312,-125952,-696,708,13138,-13126,-2704,1003
14282,-528384,-9216,-559104,-126976,6960,917,1617,-9092,-1334,1014
14287,-528384,-9216,-558080,-151552,6728,1211,14802,-6863,-704,1019
14292,-528384,-9216,-576512,-172032,10904,1578,14630,-2148,-372,1022
14297,-528384,-9216,-604160,-184320,17168,1997,5152,-2057,-186,1023
14302,-570368,-9216,-601088,-199680,6960,2402,19288,-9926,-2002,1009
14307,-580608,-9216,-621568,-210944,9280,2738,12989,-971,-1693,1011
14312,-580608,-9216,-646144,-187392,10672,3096,15949,-2181,-836,1018
14317,-580608,-9216,-644096,-205824,14384,3482,11738,6128,-442,1021
14322,-595968,-9216,-654336,-206848,13224,3906,12174,4956,-1197,1015
14327,-595968,-9216,-664576,-182272,15544,4311,9455,10400,-593,1020
14332,-611328,-9216,-684032,-210944,16472,4700,2581,18591,-966,1017
14337,-611328,-9216,-699392,-215040,19952,5114,-1102,26168,-510,1021
14342,-611328,-9216,-719872,-206848,24592,5661,-5153,35406,-255,1023
14347,-632832,-9216,-736256,-233472,23432,6160,-6759,36351,-1050,1016
14352,-632832,-9216,-737280,-249856,23664,6689,2581,27772,-555,1020
14357,-632832,-9216,-750592,-242688,27376,7325,-437,35138,-278,1022
14362,-632832,-9216,-749568,-248832,26448,7946,10395,23999,-150,1023
14367,-666624,-9216,-760832,-233472,21344,8564,8215,21693,-2063,1008
14372,-666624,-9216,-753664,-234496,19720,9126,18290,10556,-1019,1017
14377,-660480,-9216,-759808,-214016,22504,9693,19288,12909,-278,1022
14382,-660480,-9216,-773120,-191488,25520,10307,14744,21083,-150,1023
14387,-660480,-9216,-783360,-208896,26680,11013,16420,21273,-78,1024
14392,-684032,-9216,-793600,-199680,24824,11635,12805,23654,-981,1017
14397,-684032,-9216,-804864,-191488,27376,12286,12645,27017,-519,1020
14402,-684032,-9216,-825344,-210944,28768,13039,15616,26191,-259,1022
14407,-690176,-9216,-837632,-225280,33408,13802,7263,39947,-383,1022
14412,-696320,-9216,-871424,-219136,39672,14629,-5612,59913,-565,1020
14417,-696320,-9216,-885760,-204800,37816,15569,11795,41590,-281,1022
14422,-696320,-9216,-879616,-243712,41528,16486,9133,48881,-151,1023
14427,-696320,-9216,-888832,-218112,43616,17454,11451,49619,-83,1024
14432,-696320,-9216,-878592,-246784,41296,18520,24532,35284,-45,1024
14437,-708608,-9216,-894976,-218112,42224,19481,17567,44138,-516,1020
14442,-708608,-9216,-905216,-184320,44544,20449,14492,50501,-273,1022
14447,-708608,-9216,-892928,-227328,41760,21495,24796,38459,-137,1023
14452,-708608,-9216,-904192,-209920,44312,22476,19954,46834,-75,1024
14457,-708608,-9216,-923648,-196608,48720,23553,20952,46913,-41,1024
14462,-708608,-9216,-924672,-244736,48952,24579,9684,63847,-26,1024
14467,-720896,-9216,-946176,-236544,51040,25578,-1859,78477,-476,1021
14472,-720896,-9216,-961536,-210944,54520,26586,9799,65369,-239,1023
14477,-720896,-9216,-936960,-260096,48952,27704,10866,65790,-129,1023
14482,-720896,-9216,-954368,-230400,52896,28715,-2009,83620,-71,1024
14487,-795648,-9216,-972800,-266240,32480,29690,10774,51396,-3888,994
14492,-795648,-9216,-944128,-226304,33640,30356,6299,57697,-2042,1009
14497,-795648,-9216,-958464,-173056,36888,31031,-4372,72291,-1075,1016
14502,-795648,-9216,-973824,-214016,34800,31771,2489,64082,-533,1020
14507,-795648,-9216,-964608,-166912,38280,32471,-7092,77843,-283,1022
14512,-940032,-9216,-982016,-126976,9512,32634,-15985,58131,-5538,981
14517,-940032,-9216,-1010688,-76800,8584,32794,-6231,47609,-2727,1003
14522,-940032,-9216,-1026048,-154624,19488,33012,-33759,86259,-1435,1013
14527,-940032,-9216,-1043456,-128000,23432,33286,-37786,94504,-755,1019
14532,-985088,-9216,-1086464,-64512,22968,33608,-28331,76787,-2550,1005
14537,-985088,-9216,-1098752,-139264,25752,33898,-49663,109313,-1340,1014
14542,-975872,-9216,-1132544,-78848,35496,34332,-59014,128842,-384,1021
14547,-975872,-9216,-1154048,-153600,35960,34935,-41240,112135,-193,1023
14552,-975872,-9216,-1162240,-102400,42224,35579,-45853,123656,-105,1024
14557,-1004544,-9216,-1185792,-40960,41064,36168,-48986,126218,-1062,1016
14562,-1004544,-9216,-1216512,-2048,48024,36866,-40265,121063,-525,1020
14567,-1004544,-9216,-1222656,-86016,49416,37735,-43707,130858,-280,1022
14572,-1004544,-9216,-1261568,-41984,58232,38617,-57328,154177,-150,1023
14577,-1043456,-9216,-1285120,-19456,54752,39482,-35136,122502,-1840,1010
14582,-1043456,-9216,-1292288,-82944,56376,40444,-49915,146735,-969,1017
14587,-1043456,-9216,-1318912,-37888,62408,41381,-58108,161897,-511,1021
14592,-1063936,-9216,-1320960,8192,58232,42452,-38131,136727,-1182,1015
14598,-1063936,-9216,-1329152,-55296,60088,43446,-41458,144992,-623,1020
14603,-1063936,-9216,-1338368,-19456,62176,44497,-37339,144012,-330,1022
14608,-1063936,-9216,-1333248,-80896,58928,45697,-17304,121929,-165,1023
14613,-1053696,-9216,-1335296,-54272,63800,46838,-17786,128424,550,1020
14618,-1053696,-9216,-1331200,-54272,62872,48035,-9065,119972,284,1022
14623,-1043456,-9216,-1325056,-112640,63800,49418,1491,111727,600,1020
14628,-1033216,-9216,-1332224,-106496,67744,50724,550,117918,951,1017
14633,-1033216,-9216,-1338368,-94208,69136,52108,1629,119615,495,1021
14638,-1043456,-9216,-1339392,-134144,67048,53613,4291,116370,-225,1023
14643,-1043456,-9216,-1328128,-120832,64496,54994,17005,102485,-121,1024
14648,-1043456,-9216,-1330176,-120832,64960,56372,16959,104373,-67,1024
14653,-1043456,-9216,-1323008,-98304,64960,57890,18061,104789,-37,1024
14658,-1063936,-9216,-1309696,-101376,55680,59235,31624,83291,-1304,1014
14663,-1063936,-9216,-1309696,-119808,55680,60493,31038,85135,-687,1019
14668,-1063936,-9216,-1307648,-135168,55216,61822,14767,106215,-342,1022
14673,-1106944,-9216,-1317888,-79872,47792,62977,14687,96082,-2871,1002
14678,-1106944,-9216,-1313792,-115712,46864,63924,12461,98327,-1509,1013
14683,-1162240,-9216,-1303552,-134144,32016,64690,-4040,106385,-3092,1000
14688,-1221632,-9216,-1311744,-44032,20416,65334,1629,84121,-5104,985
14693,-1221632,-9216,-1313792,-46080,20880,65683,-4579,91142,-2680,1004
14698,-1246208,-9216,-1329152,21504,18792,66015,-16501,101308,-2363,1006
14703,-1246208,-9216,-1351680,27648,23896,66284,-33610,123790,-1243,1015
14708,-1246208,-9216,-1372160,34816,28536,66609,-43994,139139,-656,1019
14713,-1298432,-9216,-1387520,30720,19952,66899,-44109,130960,-2543,1005
14718,-1298432,-9216,-1414144,44032,26216,67123,-56433,149772,-1336,1014
14723,-1298432,-9216,-1436672,51200,31320,67419,-63134,161873,-705,1019
14728,-1298432,-9216,-1464320,11264,37584,67868,-68286,173738,-349,1022
14733,-1298432,-9216,-1479680,7168,41064,68312,-69525,178901,-186,1023
14738,-1298432,-9216,-1499136,26624,45472,68814,-74505,188791,-101,1024
14743,-1310720,-9216,-1508352,-31744,44776,69429,-66978,181183,-542,1020
14748,-1310720,-9216,-1516544,-12288,46632,70006,-63696,180334,-288,1022
14753,-1310720,-9216,-1520640,27648,47560,70610,-60024,178194,-155,1023
14758,-1310720,-9216,-1501184,-34816,43152,71319,-37660,152131,-80,1024
14763,-1310720,-9216,-1495040,-10240,41760,71954,-30110,143824,-45,1024
14768,-1310720,-9216,-1488896,10240,40368,72598,-23191,136157,-28,1024
14773,-1310720,-9216,-1448960,-68608,31320,73267,5358,99229,-17,1024
14778,-1379328,-9216,-1445888,-65536,15080,73780,6494,82366,-3783,995
14783,-1379328,-9216,-1443840,-92160,14616,74052,5037,83631,-1989,1009
14788,-1423360,-9216,-1426432,-113664,696,74190,15662,59224,-2732,1003
14793,-1423360,-9216,-1436672,-143360,3016,74283,7768,69531,-1436,1013
14798,-1423360,-9216,-1436672,-157696,3016,74393,9064,68345,-756,1019
14803,-1453056,-9216,-1432576,-130048,-4640,74424,14744,55040,-1483,1013
14808,-1546240,-9216,-1439744,-151552,-24128,74372,15789,34455,-5900,978
14813,-1546240,-9216,-1452032,-156672,-21344,74095,14171,38580,-3098,1000
14818,-1546240,-9216,-1465344,-104448,-18328,73846,12920,42598,-1528,1013
14823,-1546240,-9216,-1492992,-124928,-12064,73698,2489,59145,-805,1018
14828,-1546240,-9216,-1503232,-153600,-9744,73609,5542,58323,-425,1021
14833,-1546240,-9216,-1524736,-69632,-4872,73582,895,67815,-211,1023
14838,-1546240,-9216,-1552384,-100352,1392,73618,-9834,84844,-114,1024
14843,-1546240,-9216,-1571840,-124928,5800,73700,-15204,94704,-63,1024
14848,-1546240,-9216,-1587200,-35840,9280,73867,-15755,98902,-35,1024
14853,-1546240,-9216,-1608704,-64512,14152,74086,-21320,109558,-23,1024
14858,-1546240,-9216,-1634304,-60416,19952,74400,-27425,121777,-15,1024
14863,-1579008,-9216,-1659904,24576,18328,74718,-30454,123500,-1235,1015
14868,-1562624,-9216,-1690624,30720,29000,75111,-37970,142081,193,1023
14873,-1562624,-9216,-1721344,40960,35960,75646,-44992,156598,98,1024
14878,-1562624,-9216,-1740800,93184,40368,76352,-40999,157719,45,1024
14883,-1562624,-9216,-1753088,95232,43152,77066,-37396,157614,20,1024
14888,-1562624,-9216,-1769472,113664,46864,77834,-37396,162094,8,1024
14893,-1562624,-9216,-1769472,126976,46864,78718,-27230,152812,0,1024
14898,-1562624,-9216,-1781760,130048,49648,79523,-31670,160841,0,1024
14903,-1562624,-9216,-1776640,122880,48488,80298,-27792,156578,0,1024
14908,-1562624,-9216,-1762304,88064,45240,81136,-18165,144541,0,1024
14913,-1562624,-9216,-1745920,89088,41528,81818,-12439,135785,0,1024
14918,-1562624,-9216,-1736704,101376,39440,82449,-13231,135120,0,1024
14923,-1562624,-9216,-1717248,27648,33872,83106,-2020,118998,0,1024
14928,-1562624,-9216,-1690624,43008,29000,83621,4532,108089,0,1024
14933,-1562624,-9216,-1673216,49152,25056,84072,7469,101659,0,1024
14938,-1562624,-9216,-1626112,-55296,14384,84487,30740,68131,0,1024
14943,-1562624,-9216,-1605632,-60416,9744,84803,35066,59481,0,1024
14948,-1562624,-9216,-1584128,-74752,4872,85073,41193,48752,0,1024
14953,-1562624,-9216,-1591296,-93184,6496,85330,26001,65825,0,1024
14958,-1546240,-9216,-1599488,-72704,12064,85590,14974,82680,790,1018
14963,-1546240,-9216,-1601536,-57344,12528,85893,10212,88209,410,1021
14968,-1546240,-9216,-1645568,-1024,22504,86247,-23317,132068,196,1023
14973,-1546240,-9216,-1647616,11264,22968,86537,-27379,136884,99,1024
14978,-1546240,-9216,-1644544,31744,22272,86799,-28561,137632,48,1024
14983,-1514496,-9216,-1668096,37888,34800,87260,-45417,167477,1062,1016
14988,-1514496,-9216,-1658880,27648,32712,87632,-41080,161424,553,1020
14993,-1514496,-9216,-1645568,14336,29696,87985,-33483,151164,286,1022
14998,-1408000,-9216,-1628160,-8192,49880,88826,4245,126109,3628,996
15003,-1366016,-9216,-1562624,-92160,44544,89639,19334,114849,3798,995
15008,-1366016,-9216,-1518592,-122880,34568,90479,44452,80595,1989,1009
15013,-1366016,-9216,-1473536,-130048,24360,91268,74114,37570,975,1017
15018,-1043456,-9216,-1430528,-103424,87696,92599,78406,101889,15107,906
15023,-940032,-9216,-1405952,-72704,105560,94447,80792,119215,14384,912
15028,-940032,-9216,-1398784,66560,103936,96747,63454,137229,7068,969
15033,-940032,-9216,-1374208,104448,98368,98776,56409,140735,3704,996
15038,-677888,-9216,-1347584,134144,151728,100697,44670,207755,18323,881
15043,-677888,-9216,-1296384,147456,145232,103454,26758,221928,9004,954
15048,-637952,-9216,-1240064,108544,136416,105841,41182,201075,6525,974
15053,-637952,-9216,-1158144,58368,117856,108030,52725,173161,3419,998
15058,-637952,-9216,-1004544,-41984,83056,110078,107964,85170,1679,1011
15063,-546816,-9216,-915456,-68608,83520,111811,119576,75755,4745,987
15068,-546816,-9216,-827392,-65536,63568,113332,123260,53640,2486,1005
15073,-546816,-9216,-757760,20480,47792,114633,107574,54851,1219,1015
15078,-489472,-9216,-701440,61440,48024,115647,90546,73125,3069,1001
15083,-463872,-9216,-648192,97280,41760,116474,75893,82341,3106,1000
15088,-463872,-9216,-609280,96256,41760,117185,21319,137626,1524,1013
15093,-463872,-9216,-621568,91136,35728,117566,-4453,157747,795,1018
15098,-429056,-9216,-556032,54272,28768,117724,1009,145483,2454,1005
15103,-429056,-9216,-478208,-2048,11136,117776,50717,67989,1203,1015
15108,-413696,-9216,-362496,-181248,-11600,117612,62203,43809,1279,1015
15113,-413696,-9216,-306176,-212992,-24360,117271,66541,26370,668,1019
15118,-413696,-9216,-251904,-219136,-36656,116783,73965,4928,323,1022
15123,-388096,-9216,-227328,-117760,-36424,116171,60838,18909,1185,1015
15128,-385024,-9216,-207872,-64512,-40136,115581,54137,21308,798,1018
15133,-385024,-9216,-222208,126976,-36888,114862,24268,53706,390,1021
15138,-385024,-9216,-215040,163840,-38512,114138,16110,59516,201,1023
15143,-356352,-9216,-208896,180224,-33408,113400,9305,70687,1783,1011
15148,-356352,-9216,-258048,159744,-22272,112670,-36203,126601,873,1018
15153,-349184,-9216,-243712,105472,-23896,111967,-32933,121004,740,1019
15158,-349184,-9216,-228352,56320,-27376,111228,-28182,112034,384,1022
15163,-349184,-9216,-187392,-148480,-36656,110382,-2869,76595,183,1023
15168,-289792,-9216,-157696,-206848,-29928,109776,12633,67215,2455,1005
15173,-289792,-9216,-138240,-240640,-34336,109199,22329,52534,1284,1015
15178,-289792,-9216,-113664,-197632,-39904,108471,29696,38871,629,1020
15183,-289792,-9216,-101376,-150528,-42688,107754,28984,36082,326,1022
15188,-257024,-9216,-83968,-96256,-39208,107022,31348,36466,1968,1009
15193,-257024,-9216,-73728,99328,-41528,106234,24440,40266,963,1017
15198,-257024,-9216,-60416,133120,-44544,105442,21526,39372,501,1021
15203,-241664,-9216,-60416,154624,-41064,104610,9638,98910,1033,1016
15208,-241664,-9216,-106496,150528,-30624,103691,-36295,109362,539,1020
15213,-241664,-9216,-99328,112640,-32248,102788,-39622,110162,280,1022
15218,-241664,-9216,-100352,70656,-32016,101831,-33736,99770,134,1023
15223,-241664,-9216,-58368,-116736,-41528,100764,-21412,80648,67,1024
15228,-241664,-9216,-32768,-183296,-47328,99715,-9685,62072,31,1024
15233,-238592,-9216,-7168,-239616,-57536,98514,17854,23124,159,1023
15238,-238592,-9216,35840,-268288,-62176,97393,26047,9170,79,1024
15243,-238592,-9216,55296,-242688,-66584,96252,35009,-5341,39,1024
15248,-238592,-9216,74752,-201728,-73080,94947,49639,-27772,15,1024
15253,-238592,-9216,91136,-46080,-74704,93743,47780,-28741,5,1024
15258,-238592,-9216,89088,-3072,-74240,92504,39071,-20807,0,1024
15263,-238592,-9216,89088,26624,-74240,91105,9374,14219,0,1024
15268,-238592,-9216,50176,73728,-65424,89796,-4108,28480,0,1024
15273,-238592,-9216,34816,55296,-61944,88454,-21401,47911,0,1024
15278,-238592,-9216,24576,58368,-59624,87097,-43260,74569,0,1024
15283,-238592,-9216,4096,-4096,-54984,85633,-46484,77133,0,1024
15288,-238592,-9216,15360,-23552,-57536,84266,-39003,65733,0,1024
15293,-238592,-9216,29696,-29696,-60784,82891,-29077,51184,0,1024
15298,-238592,-9216,64512,-35840,-68672,81353,-4969,17650,0,1024
15303,-238592,-9216,70656,-19456,-70064,79927,-3236,13099,0,1024
15308,-238592,-9216,91136,-6144,-74704,78477,8846,-5073,0,1024
15313,-238592,-9216,142336,-33792,-86304,76812,39369,-48861,0,1024
15318,-241664,-9216,154624,-53248,-89784,75278,43741,-58247,-111,1024
15323,-241664,-9216,147456,-73728,-88160,73702,34538,-76970,-59,1024
15328,-241664,-9216,181248,-202752,-95816,71935,52324,-76205,-35,1024
15333,-238592,-9216,180224,-239616,-94888,70361,48801,-73328,85,1024
15338,-238592,-9216,180224,-263168,-94888,68796,48308,-62854,39,1024
15343,-238592,-9216,172032,-254976,-93032,67055,39564,-65541,16,1024
15348,-238592,-9216,166912,-228352,-91872,65530,38600,-64942,6,1024
15353,-238592,-9216,151552,-201728,-88392,64049,32060,-35230,0,1024
15358,-238592,-9216,117760,-45056,-80736,62444,10981,-29273,0,1024
15363,-238592,-9216,103424,-36864,-77488,61067,8284,-24705,0,1024
15368,-238592,-9216,90112,-50176,-74472,59736,6161,-20897,0,1024
15373,-238592,-9216,28672,-16384,-60552,58344,-29846,27638,0,1024
15378,-238592,-9216,33792,-77824,-61712,57114,-17878,13280,0,1024
15383,-241664,-9216,22528,-121856,-59856,55916,-18750,27059,-133,1023
15388,-241664,-9216,20480,-99328,-59392,54616,-13277,8501,-74,1024
15393,-241664,-9216,18432,-119808,-58928,53460,-9134,3666,-43,1024
15398,-241664,-9216,34816,-120832,-62640,52301,6012,-16351,-26,1024
15403,-241664,-9216,59392,18432,-68208,51019,25255,-42444,-16,1024
15408,-241664,-9216,75776,17408,-71920,49853,37212,-59279,-15,1024
15413,-241664,-9216,71680,3072,-70992,48707,35353,-45893,-15,1024
15418,-241664,-9216,48128,12288,-65656,47423,16248,-34481,-15,1024
15423,-241664,-9216,57344,-93184,-67744,46298,25726,-47172,-15,1024
15428,-244736,-9216,65536,-174080,-70296,45178,35181,-34061,-143,1023
15433,-244736,-9216,50176,-242688,-66816,43918,24291,-47189,-79,1024
15438,-244736,-9216,41984,-233472,-64960,42773,19093,-41280,-45,1024
15443,-244736,-9216,36864,-179200,-63800,41612,28824,-55785,-27,1024
15448,-244736,-9216,46080,-72704,-65888,40321,21331,-46898,-17,1024
15453,-244736,-9216,7168,43008,-57072,39168,-6748,-11156,-15,1024
15458,-244736,-9216,-33792,48128,-51968,37928,-20150,6110,-15,1024
15463,-244736,-9216,-46080,99328,-45008,36775,-43604,35371,-15,1024
15468,-244736,-9216,-21504,76800,-50576,35577,-29146,14147,-15,1024
15473,-244736,-9216,-13312,53248,-56840,34236,-12439,-10165,-15,1024
15478,-244736,-9216,14336,110592,-58696,33015,-9238,-16443,-15,1024
15483,-244736,-9216,37888,118784,-64032,31800,6460,-38692,-15,1024
15488,-244736,-9216,75776,105472,-70992,30438,25186,-65740,-15,1024
15493,-241664,-9216,75776,153600,-71920,29203,27504,-70221,154,1023
15498,-241664,-9216,76800,67584,-72152,28000,28893,-73045,78,1024
15503,-241664,-9216,35840,-81920,-62872,26719,2214,-38367,35,1024
15508,-241664,-9216,54272,-175104,-67048,25612,23660,-65096,15,1024
15513,-241664,-9216,46080,-157696,-65192,24501,22157,-62848,5,1024
15518,-241664,-9216,30720,-94208,-65424,23256,23867,-66035,0,1024
15523,-244736,-9216,28672,3072,-61944,22153,13356,-53147,-169,1023
15528,-244736,-9216,-23552,133120,-50112,21040,-24017,-5055,-93,1024
15533,-241664,-9216,-44032,229376,-44080,19846,-39209,14975,65,1024
15538,-241664,-9216,-59392,155648,-41296,18741,-49032,26477,30,1024
15543,-241664,-9216,-57344,111616,-41760,17616,-50156,26012,13,1024
15548,-244736,-9216,-51200,25600,-43848,16398,-44591,17141,-112,1024
15553,-244736,-9216,-26624,5120,-49416,15253,-28538,-5625,-62,1024
15558,-244736,-9216,-1024,-41984,-55216,14127,-9639,-31450,-37,1024
15563,-244736,-9216,36864,59392,-63800,12876,17602,-68526,-23,1024
15568,-244736,-9216,48128,9216,-66352,11737,25129,-79744,-15,1024
15573,-244736,-9216,38912,-47104,-64264,10629,20516,-74151,-15,1024
15578,-244736,-9216,18432,-122880,-59624,9484,12599,-62739,-15,1024
15583,-244736,-9216,-9216,-169984,-53360,8558,5668,-50470,-15,1024
15588,-244736,-9216,-43008,-131072,-45704,7667,-7734,-30303,-15,1024
15594,-241664,-9216,-18432,-111616,-50576,6666,14366,-58276,103,1024
15599,-241664,-9216,-53248,28672,-42688,5780,-8859,-28049,51,1024
15604,-241664,-9216,-51200,124928,-43152,4888,-6805,-36801,22,1024
15609,-238592,-9216,-31744,199680,-46864,3932,7263,-50195,115,1024
15614,-235520,-9216,-15360,159744,-49880,3048,16328,-63160,214,1023
15619,-235520,-9216,-15360,80896,-49880,2180,14676,-35449,102,1024
15624,-232448,-9216,-14336,-39936,-49416,1228,13964,-62152,158,1023
15629,-232448,-9216,-14336,-167936,-49416,376,14825,-63865,79,1024
15634,-232448,-9216,2048,-228352,-53128,-455,30430,-84013,39,1024
15639,-235520,-9216,21504,-229376,-58232,-1405,45565,-105202,-93,1024
15644,-235520,-9216,-7168,-130048,-51736,-2272,24234,-78242,-53,1024
15649,-235520,-9216,-25600,8192,-47560,-3141,10648,-76244,-30,1024
15654,-235520,-9216,-32768,125952,-45936,-4128,2616,-52680,-20,1024
15659,-232448,-9216,-21504,202752,-47792,-5037,7229,-60058,135,1023
15664,-232448,-9216,-8192,193536,-50808,-5965,11509,-68282,68,1024
15669,-232448,-9216,-24576,126976,-47096,-6981,-3672,-50405,30,1024
15674,-232448,-9216,-9216,13312,-50576,-7899,7240,-65715,13,1024
15679,-232448,-9216,0,-108544,-50112,-8880,10407,-69399,194,1023
15684,-229376,-9216,-2048,-194560,-51504,-9741,18520,-79765,98,1024
15689,-229376,-9216,-10240,-214016,-49648,-10578,17120,-77346,48,1024
15694,-222208,-9216,-13312,-168960,-47328,-11519,15766,-74613,468,1021
15699,-222208,-9216,-19456,-64512,-45936,-12322,13425,-71683,241,1023
15704,-222208,-9216,-49152,83968,-39208,-13114,-6805,-45517,122,1024
15709,-222208,-9216,-70656,164864,-32248,-13973,-21596,-24625,632,1020
15714,-212992,-9216,-30720,177152,-41296,-14737,6070,-62103,329,1022
15719,-209920,-9216,-8192,138240,-45704,-15497,20447,-81648,309,1022
15724,-209920,-9216,-15360,72704,-44080,-16335,12966,-73381,149,1023
15729,-209920,-9216,-1024,-29696,-47328,-17063,25726,-90117,74,1024
15734,-203776,-9216,-7168,-117760,-44544,-17753,24934,-87231,314,1022
15739,-203776,-9216,-1024,-145408,-47560,-18532,36236,-102328,150,1023
15744,-203776,-9216,-7168,-164864,-44544,-19253,26093,-89890,75,1024
15749,-203776,-9216,-16384,-104448,-42456,-20030,15330,-77816,36,1024
15754,-203776,-9216,-57344,-9216,-39440,-20908,1744,-62092,14,1024
15759,-203776,-9216,-23552,8192,-40832,-21724,3327,-65883,4,1024
15764,-203776,-9216,-40960,43008,-36888,-22534,-11211,-48211,0,1024
15769,-203776,-9216,-53248,80896,-34104,-23421,-21240,-36285,0,1024
15774,-203776,-9216,-66560,26624,-31088,-24161,-26817,-28432,0,1024
15779,-200704,-9216,-77824,-44032,-27840,-24852,-30385,-22307,137,1023
15784,-200704,-9216,-89088,-2048,-25288,-25489,-27115,-23662,64,1024
15789,-200704,-9216,-103424,-33792,-22040,-26035,-29984,-18091,30,1024
15794,-200704,-9216,-97280,-69632,-23432,-26523,-16753,-33202,13,1024
15799,-194560,-9216,-102400,-10240,-20880,-27021,-13162,-34739,362,1022
15804,-194560,-9216,-97280,-38912,-22040,-27444,-5267,-44217,185,1023
15809,-191488,-9216,-87040,-96256,-23664,-27867,4027,-55558,224,1023
15814,-191488,-9216,-87040,-75776,-25752,-28343,11153,-65248,106,1024
15819,-191488,-9216,-72704,-151552,-26912,-28808,12358,-68078,52,1024
15824,-182272,-9216,-60416,-222208,-27608,-29286,17085,-73979,416,1021
15829,-173056,-9216,-53248,-198656,-29232,-29845,22547,-81624,707,1019
15834,-173056,-9216,-32768,-241664,-31784,-30371,24039,-86194,368,1022
15839,-173056,-9216,-30720,-245760,-32248,-30931,19449,-82628,190,1023
15844,-160768,-9216,-2048,-233472,-35960,-31560,35364,-102884,765,1019
15849,-160768,-9216,-6144,-206848,-35032,-32083,31578,-98693,398,1021
15854,-154624,-9216,-24576,-167936,-29464,-32570,17969,-80003,465,1021
15859,-154624,-9216,-1024,-153600,-34800,-33094,36351,-104245,225,1023
15864,-154624,-9216,-18432,-128000,-30856,-33566,23924,-88346,114,1024
15869,-126976,-9216,-35840,-97280,-20648,-33966,9638,-64252,1156,1015
15874,-126976,-9216,-5120,-109568,-27608,-34455,26299,-88362,565,1020
15879,-126976,-9216,-25600,-87040,-22968,-34919,6288,-64175,293,1022
15884,-126976,-9216,-39936,-48128,-19720,-35443,-11831,-43332,150,1023
15889,-77824,-9216,-4096,-52224,-16704,-36010,6747,-59461,2770,1003
15894,-77824,-9216,-14336,3072,-14384,-36433,-11487,-39330,1448,1013
15899,-77824,-9216,3072,48128,-18328,-36907,-8251,-46984,756,1019
15904,-44032,-9216,5120,87040,-11136,-37392,-14814,-33714,2109,1008
15909,-44032,-9216,39936,117760,-19024,-37780,3729,-60533,1103,1016
15914,-31744,-9216,70656,125952,-23200,-38139,20803,-82142,1065,1017
15919,-31744,-9216,83968,155648,-26216,-38567,23786,-88569,520,1020
15924,-31744,-9216,106496,134144,-31320,-38967,36489,-106776,270,1022
15929,-19456,-9216,123904,72704,-32480,-39367,44372,-105770,589,1020
15934,-16384,-9216,134144,82944,-34104,-39864,43293,-117261,464,1021
15939,-16384,-9216,143360,7168,-36192,-40328,44796,-121316,240,1023
15944,-16384,-9216,150528,-48128,-37816,-40839,44154,-123984,114,1024
15949,-10240,-9216,156672,-83968,-37816,-41454,40493,-119763,373,1022
15954,-10240,-9216,153600,-108544,-37120,-42023,32679,-111822,193,1023
15959,-10240,-9216,146432,-74752,-35496,-42704,25496,-105320,91,1024
15964,-10240,-9216,153600,-112640,-37120,-43352,21170,-101642,45,1024
15969,-10240,-9216,124928,-15360,-30624,-44059,-8193,-66490,20,1024
15974,0,-9216,103424,76800,-23432,-44836,-16880,-56028,365,1022
15979,0,-9216,113664,36864,-25752,-45576,-31441,-39887,188,1023
15984,0,-9216,135168,90112,-30624,-46314,-19048,-57890,96,1024
15989,0,-9216,141312,76800,-32016,-47102,-14963,-64155,44,1024
15994,0,-9216,167936,93184,-38048,-47821,4452,-90321,20,1024
15999,0,-9216,176128,84992,-39904,-48499,13126,-101529,8,1024
16004,0,-9216,182272,56320,-41296,-49245,20941,-112178,0,1024
16009,0,-9216,200704,136192,-45472,-49929,32232,-127633,0,1024
16014,0,-9216,219136,100352,-49648,-50652,43052,-143352,0,1024
16019,0,-9216,218112,48128,-49184,-51491,36064,-136739,0,1024
16024,0,-9216,221184,68608,-50112,-52272,34997,-137381,0,1024
16029,0,-9216,196608,-25600,-44544,-53065,13803,-111412,0,1024
16034,0,-9216,206848,-128000,-46400,-53914,20275,-120589,0,1024
16039,0,-9216,197632,-167936,-44776,-54648,18508,-117932,0,1024
16044,0,-9216,197632,-228352,-44776,-55392,20160,-120328,0,1024
16049,0,-9216,198656,-263168,-45008,-56132,22168,-122008,0,1024
16054,0,-9216,184320,-145408,-41760,-56936,13035,-111731,0,1024
16059,0,-9216,176128,-128000,-39904,-57641,9443,-106988,0,1024
16064,0,-9216,161792,-112640,-36656,-58312,2444,-79919,0,1024
16069,0,-9216,125952,-121856,-28536,-58976,-16421,-71091,0,1024
16074,0,-9216,116736,-156672,-26448,-59541,-15973,-70016,0,1024
16079,0,-9216,91136,-174080,-20648,-60080,-28721,-62538,0,1024
16084,0,-9216,87040,-274432,-19720,-60650,-26656,-53714,0,1024
16089,0,-9216,95232,-250880,-21576,-61177,-17362,-65391,0,1024
16094,0,-9216,76800,-168960,-17400,-61744,-35,-87693,0,1024
16099,0,-9216,101376,-93184,-22968,-62236,-6874,-78330,0,1024
16104,0,-9216,82944,-1024,-18792,-62691,-16306,-65177,0,1024
16109,0,-9216,27648,82944,-6264,-63088,-30282,-44661,0,1024
16114,0,-9216,36864,-11264,-8352,-63476,-36409,-35419,0,1024
16119,0,-9216,14336,-13312,-3248,-63821,-49032,-18037,0,1024
16124,0,-9216,14336,-20480,-3248,-64173,-3087,-77590,0,1024
16129,0,-9216,68608,-98304,-15544,-64602,-9226,-70920,0,1024
16134,0,-9216,79872,-30720,-18096,-65039,-6369,-76766,0,1024
16139,0,-9216,76800,59392,-17400,-65543,-3282,-82909,0,1024
16144,0,-9216,84992,111616,-19256,-66052,-15021,-70287,0,1024
16149,0,-9216,92160,145408,-20880,-66617,-18842,-68655,0,1024
16154,0,-9216,102400,140288,-17864,-67283,-37327,-47820,0,1024
16159,0,-9216,80896,28672,-18328,-68001,-47976,-38353,0,1024
16164,0,-9216,111616,-2048,-25288,-68761,-34918,-59131,0,1024
16169,0,-9216,107520,36864,-24360,-69588,-42766,-51182,0,1024
16174,0,-9216,120832,103424,-27376,-70353,-36157,-61572,0,1024
16179,0,-9216,141312,144384,-32016,-71111,-22628,-80499,0,1024
16184,0,-9216,130048,207872,-29464,-71947,-32497,-68914,0,1024
16189,0,-9216,138240,147456,-31320,-72727,-28538,-75509,0,1024
16194,0,-9216,123904,62464,-28072,-73521,-41504,-60089,0,1024
16199,0,-9216,150528,-20480,-36192,-74412,-16570,-94034,0,1024
16204,0,-9216,174080,-67584,-39440,-75222,-7069,-107593,0,1024
16209,9216,-9216,190464,-69632,-41064,-76032,4475,-121571,540,1020
16214,9216,-9216,212992,-60416,-46168,-76848,21147,-145647,263,1022
16219,21504,-9216,221184,39936,-45240,-77746,18187,-141173,623,1020
16224,21504,-9216,220160,-23552,-45008,-78535,15272,-138815,323,1022
16229,21504,-9216,217088,-102400,-44312,-79280,9799,-131850,155,1023
16234,311296,-15360,237568,-217088,16704,-79154,31245,-93695,11606,934
16239,398336,-15360,244736,-233472,34800,-78621,33459,-77280,10864,940
16244,398336,-15360,259072,-171008,31552,-77906,36454,-82808,5339,983
16249,398336,-15360,296960,-73728,22968,-77252,46472,-100756,2797,1003
16254,605184,-18432,321536,-25600,64264,-76542,45187,-57465,12826,924
16259,605184,-18432,320512,34816,64496,-75294,31371,-46113,6301,975
16264,631808,-15360,369664,-112640,59392,-74275,23775,-38658,4360,990
16269,831488,-15360,407552,-114688,96048,-73206,19128,3714,13251,921
16274,831488,-15360,478208,-149504,80040,-71666,31796,-23422,6511,974
16279,1084416,-15360,532480,-37888,125048,-69682,34561,20805,12844,924
16284,1084416,-15360,574464,72704,115536,-67700,25290,22546,6734,972
16289,1084416,-15360,611328,118784,107184,-65688,8950,32546,3308,999
16294,1662976,-18432,668672,148480,225272,-62674,6815,155783,23309,842
16299,2148352,-18432,768000,125952,312736,-59177,29661,223898,38883,721
16304,2148352,-18432,864256,21504,290928,-54321,41239,195368,19114,875
16309,2148352,-18432,992256,9216,261928,-49816,67287,144825,10021,946
16314,2847744,-18432,1130496,13312,389064,-45323,89238,254503,41269,702
16319,2847744,-18432,1323008,62464,345448,-39372,136283,169793,20288,866
16324,2942976,-18432,1499136,88064,327120,-33775,157741,135604,14189,914
16329,3464192,-15360,1693696,101376,401128,-28292,182147,190689,34280,757
16334,3464192,-15360,1931264,113664,347304,-21803,215562,109939,16851,893
16339,3903488,-15360,2147328,100352,397880,-15765,231993,150122,25217,827
16344,3903488,-15360,2360320,95232,349624,-9534,239050,101040,13221,921
16349,3903488,-15360,2613248,6144,292320,-3242,248677,40401,6496,974
16354,3903488,-15360,2830336,55296,243136,1747,258477,-13594,3404,998
16359,4209664,-15360,3083264,4096,255200,5982,268655,-7473,17550,887
16364,4209664,-15360,3345408,-171008,195808,10287,270949,-64854,8625,957
16369,4209664,-15360,3558400,-197632,147552,13454,261586,-100580,4519,989
16374,4209664,-15360,3742720,-212992,105792,15833,239658,-118033,2366,1007
16379,4209664,-15360,3951616,-322560,58464,17581,234150,-158105,1160,1015
16384,4164608,-15360,4094976,-301056,15776,18238,207242,-173228,-970,1017
16389,4032512,-15360,4237312,-265216,-46400,18016,194265,-222649,-6890,971
16394,4032512,-15360,4348928,-200704,-71688,16841,160231,-215078,-3391,998
16399,4032512,-15360,4424704,-135168,-88856,15341,129272,-202787,-1783,1011
16404,2942976,-15360,4467712,-36864,-345448,12674,90098,-422872,-53541,606
16409,2942976,-15360,4481024,-33792,-348464,7253,40080,-381291,-26327,819
16414,2697216,-15360,4455424,12288,-398344,1048,-16926,-380370,-22403,849
16419,2611200,-15360,4407296,-4096,-406928,-5988,-65222,-347694,-15906,900
16424,2611200,-15360,4321280,-22528,-459824,-14039,-105590,-368273,-27791,807
16429,2291712,-15360,4217856,53248,-436392,-21547,-125625,-332314,-14580,911
16434,2035712,-12288,4089856,48128,-465392,-29058,-133290,-361160,-20010,868
16439,2035712,-12288,3880960,-90112,-418064,-37384,-170961,-284487,-9842,948
16444,2035712,-12288,3708928,-240640,-379088,-44498,-167576,-256010,-5166,984
16449,1545216,-12288,3509248,-148480,-444976,-51192,-182022,-314146,-26395,818
16454,1392640,-12288,3303424,126976,-432912,-58779,-193210,-298481,-22517,849
16459,1392640,-12288,3095552,259072,-385816,-65628,-208356,-243088,-11813,932
16464,1324032,-12288,2908160,105472,-358904,-72284,-214622,-216566,-9305,952
16469,1324032,-12288,2729984,-93184,-318536,-79201,-206601,-191136,-4578,989
16474,1324032,-12288,2582528,-188416,-285128,-84942,-193049,-177021,-2404,1006
16479,1310720,-12288,2475008,-136192,-263784,-90201,-161448,-192537,-1868,1010
16484,1310720,-12288,2304000,-142336,-228056,-95389,-173359,-150086,-1755,1011
16489,1297408,-12288,2191360,-122880,-202536,-99612,-159417,-142731,-925,1017
16494,1297408,-12288,2109440,-71680,-183976,-103432,-134804,-152604,-489,1021
16499,1310720,-12288,2038784,78848,-164952,-107192,-106106,-166038,535,1020
16504,1310720,-12288,1976320,148480,-150800,-110200,-88424,-172576,276,1022
16509,1310720,-12288,1930240,61440,-140360,-112956,-69778,-183538,140,1023
16514,1310720,-12288,1861632,-155648,-124816,-115694,-67345,-173165,65,1024
16519,1310720,-12288,1835008,-276480,-118784,-117956,-43317,-193423,30,1024
16524,1284096,-15360,1796096,-193536,-116000,-120107,-34964,-201143,-1193,1015
16529,1270784,-15360,1777664,-28672,-116464,-122488,-17809,-221143,-1371,1014
16534,1270784,-15360,1727488,69632,-103472,-124576,-38899,-189149,-722,1019
16539,1258496,-15360,1689600,40960,-97672,-126703,-55515,-168860,-903,1017
16544,1220608,-15360,1733632,-68608,-116232,-129078,-14367,-230943,-2669,1004
16549,1220608,-15360,1748992,-5120,-119712,-131281,6333,-257326,-1404,1014
16554,1232896,-15360,1762304,2048,-119944,-133399,26162,-279505,-219,1023
16559,1232896,-15360,1729536,-68608,-112520,-135645,11841,-260006,-112,1024
16564,1232896,-15360,1725440,-280576,-111592,-137534,26896,-276022,-62,1024
16569,1258496,-15360,1688576,-296960,-97440,-139241,16970,-253651,1050,1016
16574,1270784,-15360,1645568,-13312,-84912,-141001,-655,-225258,1188,1015
16579,1270784,-15360,1582080,152576,-70528,-142449,-32726,-180251,618,1020
16584,1270784,-15360,1537024,92160,-60320,-143872,-55584,-148608,321,1022
16589,1270784,-15360,1566720,-12288,-67048,-145392,-25015,-187425,154,1023
16595,1270784,-15360,1573888,57344,-68672,-146699,-8354,-207017,78,1024
16600,1337344,-15360,1596416,39936,-58696,-147783,14526,-221005,2683,1004
16605,1337344,-15360,1608704,-166912,-61480,-148840,29765,-240085,1403,1014
16610,1337344,-15360,1614848,-309248,-62872,-149764,42410,-255046,732,1019
16615,1422336,-15360,1623040,-158720,-45472,-150388,52622,-268479,3526,997
16620,1436672,-15360,1581056,89088,-32712,-151011,20172,-203895,2632,1004
16625,1436672,-15360,1514496,114688,-17632,-151451,-24074,-145009,1378,1014
16630,1436672,-15360,1541120,20480,-23664,-151900,-1102,-154273,674,1019
16635,1545216,-15360,1523712,181248,4872,-152205,-9811,-137522,6313,975
16640,1545216,-15360,1530880,241664,3248,-152088,550,-149390,3308,999
16645,1561600,-15360,1554432,122880,1624,-151966,15869,-132337,2235,1007
16650,1561600,-15360,1572864,-111616,-2552,-151861,26047,-180460,1169,1015
16655,1561600,-15360,1600512,-133120,-8816,-151824,40998,-201638,608,1020
16660,1771520,-15360,1617920,2048,34800,-151172,48835,-165207,8666,961
16665,1771520,-15360,1586176,-1024,41992,-150230,19839,-128077,4258,991
16670,1771520,-15360,1558528,-73728,48256,-149379,-4407,-96716,2229,1007
16675,1790976,-15360,1602560,-95232,42688,-148566,18370,-124248,1939,1009
16680,1790976,-15360,1646592,87040,32712,-147788,33138,-148214,949,1017
16685,1790976,-15360,1653760,207872,31088,-147142,23339,-139393,494,1021
16690,1790976,-15360,1667072,161792,28072,-146601,15823,-89792,239,1023
16695,1790976,-15360,1681408,-45056,24824,-146115,6655,-127946,122,1024
16700,1790976,-15360,1737728,-32768,12064,-145807,29604,-163347,60,1024
16705,1790976,-15360,1796096,11264,-1160,-145626,24567,-163684,26,1024
16710,1790976,-15360,1806336,76800,-3480,-145602,33207,-182289,11,1024
16715,1790976,-15360,1842176,-80896,-11600,-145745,35743,-193088,1,1024
16720,1790976,-15360,1890304,-250880,-23200,-146058,49386,-218644,0,1024
16725,1790976,-15360,1923072,-228352,-29928,-146453,52255,-228636,0,1024
16730,1790976,-15360,1960960,-99328,-38512,-146968,61480,-246960,0,1024
16735,1790976,-15360,1905664,19456,-25984,-147549,20114,-197127,0,1024
16740,1790976,-15360,1909760,-152576,-26912,-148122,3258,-178292,0,1024
16745,1790976,-15360,1918976,-171008,-29000,-148714,4807,-182521,0,1024
16750,1790976,-15360,1914880,-47104,-28072,-149391,1078,-180165,0,1024
16755,1790976,-15360,1893376,108544,-23200,-149922,-18498,-154624,0,1024
16760,1790976,-15360,1871872,95232,-18328,-150428,-32692,-136064,0,1024
16765,1790976,-15360,1892352,-73728,-22968,-150923,-18371,-120939,0,1024
16770,1809408,-15360,1860608,-169984,-11600,-151348,-33426,-129522,888,1018
16775,1809408,-15360,1878016,-146432,-15544,-151607,-9008,-158143,463,1021
16780,1809408,-15360,1872896,-59392,-10440,-151818,-12955,-149303,224,1023
16785,1809408,-15360,1831936,-216064,-5104,-151887,-14252,-142739,114,1024
16790,1809408,-15360,1831936,-354304,-5104,-151853,4096,-161053,56,1024
16795,1790976,-15360,1810432,-326656,-13456,-151887,30315,-195658,-581,1020
16800,1809408,-15360,1828864,-179200,-4408,-151888,18990,-175286,526,1020
16805,1809408,-15360,1789952,-11264,4408,-151835,-7666,-139761,272,1022
16810,1809408,-15360,1787904,27648,4872,-151804,-20792,-123124,131,1023
16815,1809408,-15360,1754112,-123904,12528,-151841,-41711,-97602,65,1024
16820,1809408,-15360,1793024,-166912,3712,-151968,-23214,-125042,30,1024
16825,1809408,-15360,1797120,-129024,2784,-151999,-40747,-101740,12,1024
16830,1790976,-15360,1777664,-12288,3016,-152069,-32084,-116969,-831,1018
16835,1790976,-15360,1774592,-118784,3712,-152126,-30133,-118281,-440,1021
16840,1790976,-15360,1777664,-308224,3016,-152121,-19301,-129804,-221,1023
16845,1790976,-15360,1784832,-432128,1392,-152025,-918,-149715,-120,1024
16850,1232896,-21504,1763328,-362496,-120176,-151975,1273,-273424,-34947,751
16855,1232896,-21504,1714176,-199680,-109040,-153668,-15044,-256512,-17187,890
16860,1232896,-21504,1625088,-130048,-88856,-155532,-51384,-193004,-9016,954
16865,1232896,-21504,1557504,-111616,-73544,-157110,-70581,-160073,-4732,988
16870,1232896,-21504,1487872,-112640,-57768,-158515,-90914,-125369,-2331,1006
16875,726016,-21504,1432576,-29696,-160080,-160889,-91855,-229114,-22735,847
16880,726016,-21504,1368064,97280,-145464,-163671,-101620,-207515,-11928,931
16885,726016,-21504,1323008,97280,-135256,-166359,-106324,-189034,-5867,979
16890,409600,-21504,1232896,-61440,-186528,-169645,-103479,-252694,-16507,896
16895,376832,-21504,1154048,-249856,-176088,-172867,-104006,-244949,-10581,942
16900,376832,-21504,1082368,-343040,-159848,-175888,-92624,-243112,-5552,984
16905,278528,-21504,986112,-166912,-160312,-178980,-79761,-259531,-6905,971
16910,184320,-21504,811008,-101376,-141984,-181476,-124764,-198696,-9146,953
16915,184320,-21504,642048,-100352,-103704,-183727,-136732,-154612,-4500,989
16920,184320,-21504,526336,-178176,-77488,-185646,-141999,-121135,-2363,1006
16925,184320,-21504,351232,-16384,-37816,-186860,-181517,-43159,-1243,1015
16930,184320,-21504,236544,120832,-11832,-187569,-168781,-29692,-615,1020
16935,86016,-18432,126976,79872,-9280,-188058,-162733,-34605,-4237,991
16940,86016,-18432,63488,-109568,5104,-188225,-131396,-51725,-2226,1007
16945,86016,-18432,-6144,-276480,20880,-187994,-91270,-80020,-1098,1016
16950,70656,-18432,-21504,-204800,20880,-187534,-56892,-109762,-1190,1015
16955,61440,-18432,-48128,-165888,24824,-186829,-24097,-137908,-1168,1015
16960,61440,-18432,-107520,-120832,38280,-185883,-22055,-125780,-578,1020
16965,61440,-18432,-163840,-232448,51040,-184745,-21206,-112499,-307,1022
16970,39936,-18432,-208896,-287744,56376,-183477,-18245,-108856,-1346,1014
16975,39936,-18432,-244736,-225280,64496,-182015,-13414,-104105,-664,1019
16980,12288,-18432,-301056,-50176,70992,-180644,-29926,-79726,-1451,1013
16985,0,-18432,-376832,86016,85376,-179164,-61539,-32249,-1440,1013
16990,0,-18432,-451584,17408,102312,-177396,-89858,14774,-711,1019
16995,0,-21504,-487424,-4096,110432,-175675,-95102,29859,-376,1022
17000,0,-21504,-473088,-55296,107184,-173871,-66657,-30,-199,1023
17005,0,-21504,-498688,33792,112984,-171755,-67838,9067,-101,1024
17010,0,-58368,-501760,129024,113680,-169771,-55021,-1070,-57,1024
17015,0,-92160,-496640,162816,112520,-167727,-39106,-16101,-33,1024
17020,0,-92160,-519168,102400,117624,-165400,-43088,-4688,-21,1024
17025,0,-92160,-515072,-10240,116696,-163308,-34941,-11671,-15,1024
17030,0,-138240,-467968,-88064,106024,-161207,3924,-59107,-15,1024
17035,0,-138240,-423936,37888,96048,-158932,35651,-98535,-15,1024
17040,0,-144384,-411648,84992,93264,-156865,43878,-107479,-15,1024
17045,0,-243712,-400384,99328,90712,-154816,50465,-114569,-15,1024
17050,0,-243712,-424960,38912,96280,-152604,26804,-83128,-15,1024
17055,0,-243712,-423936,-105472,96048,-150553,28583,-83088,-15,1024
17060,0,-243712,-404480,-197632,91640,-148483,45611,-102454,-15,1024
17065,0,-243712,-425984,-66560,96512,-146215,29363,-79066,-15,1024
17070,0,-243712,-419840,-27648,95120,-144145,34389,-83414,-15,1024
17075,0,-243712,-437248,-40960,99064,-142052,23683,-66671,-15,1024
17080,0,-243712,-471040,-180224,106720,-139659,7010,-39949,-15,1024
17085,0,-291840,-485376,-312320,109968,-137420,6207,-33659,-15,1024
17090,0,-288768,-490496,-381952,111128,-135150,10591,-34613,-15,1024
17095,0,-288768,-495616,-242688,112288,-132614,14492,-34818,-15,1024
17100,0,-288768,-495616,-210944,112288,-130252,22203,-40167,-15,1024
17105,0,-288768,-514048,-226304,116464,-127840,16305,-27681,-15,1024
17110,0,-288768,-524288,-346112,118784,-125105,19392,-25713,-15,1024
17115,0,-288768,-516096,-460800,116928,-122523,38313,-43908,-15,1024
17120,0,-288768,-515072,-505856,116696,-119943,46701,-40028,-15,1024
17125,0,-288768,-515072,-384000,116696,-117127,47309,-47740,-15,1024
17130,0,-288768,-487424,-348160,110432,-114597,64992,-69157,-15,1024
17135,0,-288768,-473088,-337920,107184,-112153,67183,-35839,-15,1024
17140,0,-288768,-493568,-360448,111824,-109569,38508,-36253,-15,1024
17145,0,-288768,-484352,-438272,109736,-107263,36466,-33993,-15,1024
17150,0,-288768,-482304,-514048,109272,-104810,26460,-21766,-15,1024
17155,0,-288768,-463872,-518144,105096,-102632,32369,-29905,-15,1024
17160,0,-288768,-449536,-488448,101848,-100502,34859,-33513,-15,1024
17165,0,-291840,-433152,-448512,98136,-98387,41882,-40282,-15,1024
17170,0,-288768,-421888,-293888,95584,-96083,44555,-45054,-15,1024
17175,0,-288768,-423936,-314368,96048,-93972,41182,-39106,-15,1024
17180,0,-288768,-460800,-385024,104400,-91614,14538,-1752,-15,1024
17185,0,-281600,-470016,-476160,106488,-89407,13253,3828,-15,1024
17190,0,-281600,-465920,-525312,105560,-87159,23236,-4835,-15,1024
17195,0,-281600,-487424,-436224,110432,-84699,9856,15877,-15,1024
17200,0,-281600,-487424,-409600,110432,-82447,12690,15295,-15,1024
17205,0,-281600,-470016,-386048,106488,-80203,26644,-359,-15,1024
17210,0,-281600,-472064,-279552,111360,-77731,10958,22671,-15,1024
17215,0,-281600,-478208,-319488,108344,-75482,21228,11634,-15,1024
17220,0,-281600,-461824,-386048,104632,-73269,30751,612,-15,1024
17225,0,-275456,-463872,-407552,105096,-70863,24922,9311,-15,1024
17230,0,-275456,-445440,-422912,100920,-68715,33723,-1518,-15,1024
17235,0,-275456,-418816,-425984,94888,-66642,45072,-16826,-15,1024
17240,0,-275456,-427008,-264192,96744,-64439,27240,5065,-15,1024
17245,0,-275456,-408576,-244736,92568,-62522,28629,1417,-15,1024
17250,0,-275456,-377856,-234496,85608,-60700,37292,-12384,-15,1024
17255,0,-275456,-409600,-187392,92800,-58775,-873,34898,-15,1024
17260,0,-272384,-396288,-244736,89784,-57099,-2582,35267,-15,1024
17265,0,-272384,-375808,-303104,85144,-55451,4796,24897,-15,1024
17270,0,-272384,-372736,-307200,84448,-53653,1916,28879,-15,1024
17275,0,-272384,-356352,-318464,80736,-52015,11990,16731,-15,1024
17280,0,-272384,-347136,-306176,78648,-50384,16982,11282,-15,1024
17285,0,-275456,-329728,-270336,74704,-48634,12954,16828,-15,1024
17290,0,-275456,-353280,-137216,80040,-47036,5347,27657,-15,1024
17295,0,-275456,-366592,-111616,83056,-45421,-4740,42375,-15,1024
17300,0,-275456,-378880,-124928,85840,-43810,-49020,102374,-15,1024
17305,0,-275456,-429056,-164864,97208,-42025,-51028,106211,-15,1024
17310,0,-275456,-418816,-216064,94888,-40431,-43925,98382,-15,1024
17315,0,-275456,-413696,-266240,93728,-38850,-40804,89450,-15,1024
17320,0,-278528,-393216,-291840,89088,-37092,-23696,75692,-15,1024
17325,0,-278528,-374784,-265216,84912,-35509,-10018,59421,-15,1024
17330,0,-278528,-363520,-219136,82360,-33777,504,47151,-15,1024
17335,0,-278528,-357376,-163840,80968,-32204,940,47824,-15,1024
17340,0,-278528,-366592,-141312,83056,-30615,-5875,58316,-15,1024
17345,0,-278528,-399360,-215040,90480,-28854,-29203,90829,-15,1024
17350,0,-278528,-401408,-237568,90944,-27255,-29731,93420,-15,1024
17355,0,-278528,-414720,-271360,93960,-25637,-37591,105914,-15,1024
17360,0,-278528,-416768,-451584,88624,-23851,-17281,82054,-15,1024
17365,0,-275456,-379904,-476160,86072,-22221,-6392,70243,-15,1024
17370,0,-275456,-372736,-478208,84448,-20588,722,63138,-15,1024
17375,0,-275456,-334848,-483328,75864,-18809,28606,28449,-15,1024
17380,0,-275456,-314368,-448512,71224,-17219,40677,13328,-15,1024
17385,0,-275456,-311296,-410624,70528,-15659,38428,16441,-15,1024
17390,0,-275456,-301056,-378880,68440,-14017,37430,16993,-15,1024
17395,0,-275456,-294912,-362496,66816,-12547,34997,19272,-15,1024
17400,0,-275456,-301056,-380928,68208,-11111,23339,33758,-15,1024
17405,0,-275456,-300032,-400384,74240,-9557,-2559,67242,-15,1024
17410,0,-275456,-326656,-422912,74008,-8163,-5703,71548,-15,1024
17415,0,-275456,-321536,-454656,72848,-6750,-2032,68130,-15,1024
17420,0,-278528,-307200,-430080,73776,-5196,-5302,73882,-15,1024
17425,0,-278528,-321536,-437248,72848,-3783,-2032,71097,-15,1024
17430,0,-278528,-316416,-435200,71688,-2361,2340,66987,-15,1024
17435,0,-278528,-328704,-410624,74472,-906,-7677,82550,-15,1024
17440,0,-278528,-348160,-270336,78880,728,-14952,94560,-15,1024
17445,0,-278528,-360448,-237568,81664,2230,-21309,105203,-15,1024
17450,0,-278528,-388096,-160768,87928,3898,-38727,130553,-15,1024
17455,0,-278528,-386048,-154624,87464,5360,-39565,132389,-15,1024
17460,0,-278528,-364544,-151552,82592,6759,-29398,118749,-15,1024
17465,0,-275456,-344064,-194560,77952,8248,-21573,107773,-15,1024
17470,0,-275456,-312320,-210944,70760,9477,-9788,90025,-15,1024
17475,0,-275456,-297984,-224256,67512,10628,-11865,90005,-15,1024
17480,0,-275456,-291840,-352256,66120,11881,-15181,93182,-15,1024
17485,0,-275456,-293888,-368640,66584,12990,-22525,102099,-15,1024
17490,0,-275456,-302080,-381952,68440,14118,-30075,112633,-15,1024
17495,0,-275456,-271360,-486400,61480,15415,-2972,79867,-15,1024
17501,0,-275456,-286720,-491520,64960,16642,-8802,90404,-15,1024
17506,0,-275456,-293888,-476160,66584,17928,-6564,91076,-15,1024
17511,0,-275456,-294912,-396288,66816,19394,757,85453,-15,1024
17516,0,-275456,-301056,-344064,68208,20786,4084,84910,-15,1024
17521,0,-275456,-291840,-311296,66120,22204,16970,71354,-15,1024
17526,0,-275456,-297984,-128000,67512,23763,14756,76519,-15,1024
17531,0,-275456,-296960,-98304,67280,25181,15834,76627,-15,1024
17536,0,-275456,-295936,-65536,67048,26566,13723,79891,-15,1024
17541,0,-275456,-346112,-33792,78416,28059,-28205,134680,-15,1024
17546,0,-272384,-348160,-45056,78880,29351,-36146,144377,-15,1024
17551,0,-272384,-343040,-69632,77720,30739,-40288,149675,-15,1024
17556,0,-263168,-328704,-194560,74472,31894,-35870,142236,-15,1024
17561,0,-263168,-304128,-234496,68904,32981,-27517,129402,-15,1024
17566,0,-240640,-281600,-281600,63800,34012,20642,64742,-15,1024
17571,0,-240640,-205824,-418816,46632,35079,26311,55400,-15,1024
17576,0,-218112,-197632,-436224,44776,36035,26035,54776,-15,1024
17581,0,-218112,-187392,-436224,42456,37054,42364,32506,-15,1024
17586,0,-218112,-178176,-421888,40368,38017,32473,45912,-15,1024
17591,0,-208896,-189440,-400384,42920,39005,25117,56808,-15,1024
17596,0,-208896,-204800,-271360,49416,40101,4268,85249,-15,1024
17601,0,-208896,-233472,-228352,52896,41135,-4166,98197,-15,1024
17606,0,-187392,-250880,-184320,56840,42196,-13219,112255,-15,1024
17611,0,-153600,-272384,-133120,61016,43412,-20402,124830,-15,1024
17616,0,-153600,-269312,-1024,61016,44556,-13896,119468,-15,1024
17621,0,-153600,-288768,24576,65424,45742,-21573,132739,-15,1024
17626,0,-141312,-282624,16384,63800,47074,-11028,121902,-15,1024
17631,0,-141312,-286720,9216,64960,48275,-12049,125284,-15,1024
17636,0,-141312,-280576,-8192,63568,49463,-7069,120100,-15,1024
17641,0,-141312,-270336,-130048,61016,50732,-1389,113137,-15,1024
17646,0,-141312,-254976,-149504,57768,51850,5438,104180,-15,1024
17651,0,-138240,-257024,-161792,58232,52937,-758,111927,-15,1024
17656,0,-138240,-231424,-179200,48952,54087,23683,79356,-15,1024
17661,0,-138240,-219136,-223232,49648,55112,15961,88799,-15,1024
17666,0,-138240,-228352,-195584,51736,56124,5094,102766,-15,1024
17671,0,-135168,-231424,-166912,52432,57215,-5566,116605,-15,1024
17676,0,-135168,-239616,-80896,54288,58205,-8847,121340,-15,1024
17681,0,-135168,-246784,-51200,55912,59210,-14103,129225,-15,1024
17686,0,-135168,-250880,-1024,56840,60337,-15101,132278,-15,1024
17691,0,-135168,-257024,-6144,58232,61346,-19909,139487,-15,1024
17696,0,-138240,-262144,-19456,59392,62347,-24063,145802,-15,1024
17701,0,-138240,-265216,-39936,51272,63455,3121,111606,-15,1024
17706,0,-138240,-212992,-123904,48256,64397,8961,103692,-15,1024
17711,0,-135168,-190464,-140288,43152,65276,18875,89553,-15,1024
17716,0,-135168,-166912,-149504,37816,66157,52966,42655,-15,1024
17721,0,-135168,-113664,-120832,25752,66906,55101,37557,-15,1024
17726,0,-135168,-106496,-91136,24128,67617,51325,40420,-15,1024
17731,0,-135168,-95232,-65536,21576,68286,51062,53645,-15,1024
17736,0,-135168,-108544,18432,24592,68964,30717,62839,-15,1024
17741,0,-135168,-115712,32768,26216,69555,17888,77883,-15,1024
17746,0,-135168,-141312,8192,40600,70202,-33793,144595,-15,1024
17751,0,-135168,-184320,-15360,41760,70744,-41757,154261,-15,1024
17756,0,-135168,-178176,-34816,40368,71241,-42043,153652,-15,1024
17761,0,-135168,-137216,-190464,31088,71762,-14699,117549,-15,1024
17766,0,-135168,-109568,-224256,24824,72184,1158,95850,-15,1024
17771,0,-135168,-86016,-249856,19488,72576,13861,78203,-15,1024
17776,0,-119808,-26624,-301056,6032,72964,51142,27854,-15,1024
17781,0,-119808,-29696,-288768,6728,73339,46150,33917,-15,1024
17786,0,-119808,-34816,-257024,7888,73721,41147,40462,-15,1024
17791,0,-110592,-65536,-136192,14848,74133,15731,73250,-15,1024
17796,0,-110592,-79872,-98304,18096,74555,7206,85445,-15,1024
17801,0,-101376,-100352,-61440,22736,74985,-6380,104101,-15,1024
17806,0,-101376,-124928,60416,28304,75493,-20311,124108,-15,1024
17811,0,-101376,-135168,77824,30624,75973,-24005,130602,-15,1024
17816,0,-92160,-153600,80896,34800,76482,-32852,144134,-15,1024
17821,0,-92160,-129024,56320,29232,77075,-9100,115407,-15,1024
17826,0,-92160,-120832,40960,27376,77608,240,104744,-15,1024
17831,0,-92160,-103424,13312,23432,78136,14515,87053,-15,1024
17836,0,-92160,-66560,-66560,15080,78684,39346,54418,-15,1024
17841,0,-92160,-62464,-71680,14152,79187,40585,52754,-15,1024
17846,0,-92160,-64512,-68608,14616,79665,35227,83523,-15,1024
17851,0,-89088,-102400,-52224,23200,80167,2088,101279,-15,1024
17856,0,-89088,-116736,-11264,26448,80614,-11716,118778,-15,1024
17861,0,-76800,-118784,21504,26912,81013,-18153,143376,-15,1024
17866,0,-76800,-143360,30720,32480,81462,-37373,151315,-15,1024
17871,0,-76800,-130048,33792,29464,81838,-28997,140299,-15,1024
17876,0,-70656,-125952,20480,28536,82186,-28572,94064,-15,1024
17881,0,-70656,-62464,-91136,14152,82537,15731,80958,-15,1024
17886,0,-70656,-56320,-123904,12760,82832,16626,78966,-15,1024
17891,0,-61440,-29696,-160768,6728,83116,56741,25215,-15,1024
17896,0,-61440,4096,-164864,-928,83383,52427,30028,-15,1024
17901,0,-61440,-4096,-152576,928,83659,44785,39802,-15,1024
17906,0,-61440,-31744,-111616,7192,83949,24865,66276,-15,1024
17911,0,-49152,-73728,49152,16704,84299,-5026,106029,-15,1024
17916,0,-52224,-81920,79872,18560,84638,-8503,111701,-15,1024
17921,0,-52224,-102400,101376,23200,85002,-20150,131014,-15,1024
17926,0,-52224,-123904,131072,28072,85438,-30282,143792,-15,1024
17931,0,-49152,-119808,113664,27144,85846,-22686,135676,-15,1024
17936,0,-49152,-112640,84992,25520,86271,-13139,99027,-15,1024
17941,0,-49152,-75776,-15360,17168,86761,18416,85513,-15,1024
17946,0,-46080,-69632,-39936,15776,87243,26873,76146,-15,1024
17951,0,-46080,-73728,-36864,16704,87752,27493,76963,-15,1024
17956,0,-43008,-111616,-38912,25288,88346,2547,111087,-15,1024
17961,0,-43008,-131072,18432,29696,88923,-7907,126526,-15,1024
17966,0,-43008,-150528,55296,34104,89494,-20712,165329,-15,1024
17971,0,-43008,-175104,67584,39672,90126,-36777,166575,-15,1024
17976,0,-43008,-169984,63488,38512,90654,-34344,163510,-15,1024
17981,0,-43008,-173056,47104,39208,91175,-37006,167389,-15,1024
17986,0,-43008,-109568,-52224,24824,91751,11336,105239,-15,1024
17991,0,-39936,-91136,-90112,20648,92237,22341,90544,-15,1024
17996,0,-39936,-62464,-125952,14152,92694,39897,66949,-15,1024
18001,0,-39936,-36864,-115712,8352,93149,51624,49877,-15,1024
18006,0,-39936,-43008,-92160,9744,93593,44716,58621,-15,1024
18011,0,-39936,-70656,-34816,16008,94063,5897,109552,-15,1024
18016,0,-33792,-107520,95232,24360,94578,-3225,122163,-15,1024
18021,0,-33792,-115712,117760,26216,95034,-9788,131038,-15,1024
18026,0,-33792,-120832,98304,27376,95469,-15411,138256,-15,1024
18031,0,-33792,-89088,52224,20184,95902,5852,110234,-15,1024
18036,0,-33792,-64512,10240,14616,96245,19621,91240,-15,1024
18041,0,-33792,-38912,-16384,8816,96576,35100,70292,-15,1024
18046,0,-33792,-13312,1024,3016,96906,48411,51511,-15,1024
18051,0,-33792,-13312,45056,3016,97223,45864,54375,-15,1024
18056,0,-33792,-49152,147456,11136,97574,16626,92084,-15,1024
18061,0,-33792,-74752,180224,16936,97951,390,114497,-15,1024
18066,0,-30720,-108544,210944,24592,98356,-20896,143844,-15,1024
18071,0,-30720,-132096,149504,31320,98822,-37890,168032,-15,1024
18076,0,-30720,-126976,111616,28768,99218,-27563,155549,-15,1024
18081,-4096,-30720,-115712,63488,25288,99608,-17568,142464,-240,1023
18086,-4096,-30720,-95232,-64512,11832,100000,26012,85820,-121,1024
18091,-4096,-30720,-50176,-71680,10440,100364,29971,80833,-67,1024
18096,-4096,-30720,-59392,-46080,12528,100739,22822,90445,-39,1024
18101,-4096,-30720,-106496,51200,23200,101155,-13024,137379,-24,1024
18106,-4096,-30720,-116736,87040,25520,101578,-17040,144138,-15,1024
18111,-4096,-30720,-138240,111616,30392,102055,-26817,159264,-15,1024
18116,-4096,-30720,-167936,58368,40600,102677,-48492,191769,-15,1024
18121,-4096,-30720,-193536,17408,42920,103306,-44832,191058,-15,1024
18126,-10240,-27648,-181248,-27648,38744,103952,-26622,169318,-330,1022
18131,-10240,-27648,-130048,-136192,27144,104647,17016,114775,-165,1023
18136,-10240,-27648,-134144,-141312,28072,105302,17074,116300,-90,1024
18141,-10240,-27648,-160768,-107520,34104,105982,332,139754,-51,1024
18146,-10240,-27648,-182272,50176,38976,106724,-14573,160273,-29,1024
18151,-19456,-24576,-200704,79872,41064,107386,-25256,173706,-362,1022
18156,-50176,-24576,-200704,104448,34104,108024,-20242,162370,-1776,1011
18161,-50176,-24576,-185344,98304,30624,108661,-3443,142728,-877,1018
18166,-50176,-24576,-169984,53248,27144,109270,12679,123735,-464,1021
18171,-102400,-21504,-168960,-10240,15080,109806,17384,107502,-2937,1002
18176,-102400,-21504,-165888,-16384,14384,110250,21480,103154,-1448,1013
18181,-123904,-21504,-179200,-3072,12528,110591,13723,109396,-1515,1013
18186,-123904,-21504,-193536,25600,15776,110951,5140,121587,-798,1018
18191,-123904,-21504,-231424,144384,24360,111355,-21573,157288,-396,1021
18196,-157696,-21504,-224256,160768,15080,111546,-16891,143517,-1393,1014
18201,-160768,-21504,-226304,160768,14848,111715,-19932,141416,-828,1018
18206,-160768,-21504,-202752,92160,9512,111874,-3753,125139,-437,1021
18211,-160768,-21504,-175104,40960,3248,111976,13058,102166,-233,1023
18216,-260096,-21504,-151552,2048,-24592,111880,30006,57282,-4921,986
18221,-260096,-21504,-152576,-54272,-24360,111526,26012,61154,-2424,1006
18226,-260096,-21504,-172032,-35840,-19952,111239,12002,79285,-1275,1015
18231,-260096,-21504,-191488,-5120,-15544,110980,-402,95838,-674,1019
18236,-260096,-21504,-261120,59392,232,110762,-45555,156549,-335,1022
18241,-260096,-21504,-281600,79872,4872,110618,-52807,168297,-180,1023
18246,-260096,-21504,-301056,107520,14152,110543,-70994,195689,-93,1024
18251,-727040,-9216,-316416,44032,-93032,110317,-58739,76024,-29237,796
18256,-727040,-9216,-289792,-3072,-99064,108549,-33323,42808,-15337,905
18261,-774144,-9216,-283648,-38912,-111128,106578,3660,-16313,-9677,949
18266,-774144,-9216,-258048,-178176,-116928,104268,4509,-17169,-5078,985
18271,-774144,-9216,-283648,-187392,-111128,102243,-620,-8265,-2667,1004
18276,-774144,-9216,-346112,-141312,-96976,100189,-24373,27586,-1316,1014
18281,-1004544,-9216,-424960,-103424,-131312,98520,-50535,17743,-15093,907
18286,-1004544,-9216,-501760,-62464,-113912,96387,-66932,49407,-7919,963
18291,-1004544,-9216,-633856,78848,-83984,94336,-109491,119843,-3897,994
18296,-1004544,-9216,-716800,105472,-65192,92806,-114735,142349,-2047,1009
18301,-1004544,-9216,-808960,134144,-44312,91642,-122308,169638,-1078,1016
18306,-1259520,-9216,-906240,159744,-80040,90133,-126256,136349,-11353,936
18311,-1271808,-9216,-968704,150528,-68672,88624,-115401,135353,-6678,972
18316,-1271808,-9216,-1014784,116736,-58232,87341,-93461,122570,-3506,997
18321,-1271808,-9216,-1063936,49152,-51040,86230,-61929,97119,-1728,1011
18326,-1453056,-9216,-1088512,29696,-82592,85360,-43340,46108,-11530,934
18331,-1453056,-9216,-1146880,34816,-69368,84137,-42112,56881,-6051,977
18336,-1482752,-9216,-1216512,67584,-60320,82920,-49169,71769,-4239,991
18341,-1579008,-9216,-1272832,98304,-69368,81920,-51613,64165,-7867,963
18346,-1579008,-9216,-1337344,126976,-54752,80842,-59278,85368,-4129,992
18351,-1579008,-9216,-1453056,134144,-28536,79916,-99944,151324,-2034,1009
18356,-1579008,-9216,-1512448,129024,-15080,79272,-105475,169667,-1069,1016
18361,-1579008,-9216,-1577984,110592,-232,78866,-114001,192635,-565,1020
18366,-1579008,-9216,-1607680,-1024,6496,78703,-89112,174311,-281,1022
18371,-1754112,-9216,-1622016,-58368,-29928,78589,-62973,111634,-10411,943
18376,-1754112,-9216,-1637376,-97280,-26448,78055,-41206,92813,-5464,982
18381,-1754112,-9216,-1652736,-99328,-22968,77616,-21332,75980,-2690,1003
18386,-1754112,-9216,-1691648,-86016,-14152,77389,-22273,85510,-1414,1013
18391,-1754112,-9216,-1721344,-53248,-7424,77318,-17660,87554,-746,1019
18396,-1993728,-9216,-1769472,126976,-50808,76642,-25371,51205,-9901,947
18401,-2036736,-9216,-1812480,164864,-50808,75850,-30351,55393,-7558,965
18406,-2036736,-9216,-1843200,173056,-43848,75068,-25818,57038,-3967,994
18411,-2036736,-9216,-1921024,175104,-26216,74405,-51326,99515,-1954,1009
18416,-2342912,-9216,-1976320,151552,-83056,73687,-58957,49588,-17847,885
18421,-2342912,-9216,-2018304,106496,-73544,72286,-57098,55840,-9364,951
18426,-2500608,-9216,-2055168,-36864,-100920,70413,-47368,16861,-10489,943
18431,-2555904,-9216,-2096128,-76800,-104168,68699,-38911,3442,-8542,958
18436,-2555904,-9216,-2153472,-98304,-91176,67075,-37304,13203,-4484,989
18441,-2698240,-9216,-2269184,-126976,-97208,65147,-70638,38577,-7516,966
18446,-2818048,-9216,-2379776,-105472,-99296,63484,-94781,58969,-10114,945
18451,-2818048,-9216,-2488320,-69632,-74704,61903,-111109,98308,-5309,986
18457,-2912256,-9216,-2610176,8192,-68440,60300,-124661,116521,-6129,977
18462,-2912256,-9216,-2712576,27648,-45240,59163,-129216,143139,-3218,999
18467,-2912256,-9216,-2816000,43008,-20184,58403,-129583,167802,-1587,1012
18472,-3041280,-9216,-2906112,32768,-30624,57669,-118235,145280,-5647,980
18477,-3041280,-9216,-2985984,25600,-12528,57249,-106990,151711,-2968,1001
18482,-3041280,-9216,-3042304,-38912,232,57212,-74781,132225,-1463,1013
18487,-3041280,-9216,-3108864,-71680,15312,57562,-59967,132841,-771,1018
18492,-3041280,-9216,-3180544,-100352,31552,58247,-53025,142824,-408,1021
18497,-3041280,-9216,-3268608,-47104,51504,59333,-61481,172318,-205,1023
18502,-3075072,-9216,-3337216,-12288,59392,60473,-60300,180165,-1293,1014
18507,-3075072,-9216,-3405824,26624,74936,61900,-61252,198088,-682,1019
18512,-3075072,-9216,-3497984,133120,95816,63747,-80288,239851,-338,1022
18517,-3041280,-9216,-3536896,134144,112288,65767,-69101,247156,1000,1017
18522,-3075072,-9216,-3551232,99328,107880,67861,-46278,222019,-1111,1016
18527,-3075072,-9216,-3536896,11264,104632,70204,-6943,181779,-549,1020
18532,-3075072,-9216,-3544064,-34816,106256,72440,8732,169964,-291,1022
18537,-3075072,-9216,-3557376,-44032,109272,74779,17074,166977,-155,1023
18542,-3075072,-9216,-3621888,13312,123888,77436,-15858,217182,-80,1024
18547,-3041280,-9216,-3658752,63488,139896,80056,-30041,249993,1136,1016
18552,-3041280,-9216,-3679232,109568,144536,82758,-32474,278331,555,1020
18557,-3041280,-9216,-3726336,113664,155208,85822,-52531,293561,288,1022
18562,-3041280,-9216,-3700736,55296,149408,88625,-23868,261901,149,1023
18567,-3041280,-9216,-3668992,-6144,142216,91465,7469,205688,69,1024
18572,-3041280,-9216,-3647488,-55296,137344,94553,24062,207835,33,1024
18577,-3041280,-9216,-3662848,-20480,140824,97364,11428,226760,14,1024
18582,-3075072,-9216,-3670016,3072,134792,100109,6540,263839,-1526,1013
18587,-3075072,-9216,-3709952,61440,143840,103051,-21848,268739,-805,1018
18592,-3075072,-9216,-3709952,23552,143840,105680,-23799,273319,-425,1021
18597,-3075072,-9216,-3665920,-72704,133864,108236,2730,204996,-211,1023
18602,-3075072,-9216,-3616768,-120832,122728,111004,31910,201822,-114,1024
18607,-3075072,-9216,-3614720,-101376,122264,113570,32450,203384,-63,1024
18612,-3075072,-9216,-3662848,-52224,133168,116246,3843,245571,-35,1024
18617,-2848768,-9216,-3731456,23552,199984,119337,-36306,355627,14121,914
18622,-2848768,-9216,-3742720,-9216,202536,122838,-35446,360820,7402,967
18627,-2848768,-9216,-3719168,-68608,197200,126454,4842,313606,3636,996
18632,-2848768,-9216,-3642368,-129024,179800,130416,38635,271581,1903,1010
18637,-2848768,-9216,-3607552,-135168,171912,133979,55032,250859,995,1017
18642,-2243584,-9216,-3611648,-69632,309952,138138,37476,410614,26165,820
18647,-2125824,-9216,-3609600,-11264,336168,143794,17361,462601,20618,863
18652,-2125824,-9216,-3560448,-53248,325032,149391,27504,446919,10810,940
18657,-1698816,-9216,-3464192,-84992,399968,155342,67126,460153,23430,841
18662,-1437696,-9216,-3349504,-115712,433144,162545,98842,496847,27585,809
18667,-1437696,-9216,-3260416,-6144,412960,169558,104591,477927,14462,912
18672,-1437696,-9216,-3165184,1024,391384,176683,101814,466253,7106,969
18677,-1174528,-9216,-2982912,-31744,409712,184239,143834,450117,19143,875
18682,-1174528,-9216,-2828288,-80896,374680,191018,158452,407246,10035,946
18687,-1150976,-12288,-2683904,-61440,346608,198236,153231,391613,5866,979
18692,-1162240,-12288,-2528256,2048,309488,204367,160885,352970,2413,1006
18697,-1162240,-12288,-2358272,3072,270976,209894,177397,303473,1261,1015
18702,-1162240,-12288,-2198528,-13312,234784,215301,196479,248038,617,1020
18707,-1162240,-12288,-2088960,-9216,209960,219569,151063,278466,320,1022
18712,-1162240,-12288,-1997824,26624,189312,223289,117626,294975,165,1023
18717,-1162240,-12288,-1858560,24576,157760,226473,125750,228944,78,1024
18722,-1174528,-12288,-1700864,-77824,119248,229361,143111,205498,-637,1020
18727,-1174528,-12288,-1583104,-129024,92568,231507,149215,174860,-338,1022
18732,-1174528,-12288,-1539072,-133120,82592,233547,81125,243366,-170,1023
18737,-1174528,-12288,-1560576,-33792,87464,235206,43959,278711,-93,1024
18742,-1174528,-12288,-1506304,-56320,75168,236613,40436,271345,-53,1024
18747,-1174528,-9216,-1430528,-81920,58000,237859,62146,233713,-30,1024
18752,-1162240,-9216,-1319936,-145408,35728,238920,99037,175611,655,1019
18757,-1162240,-9216,-1297408,-114688,30624,239702,74802,195524,341,1022
18762,-1162240,-9216,-1288192,-50176,28536,240321,27986,245808,164,1023
18767,-1150976,-9216,-1299456,10240,33640,240864,6620,267884,702,1019
18772,-1150976,-9216,-1253376,-5120,23200,241211,13287,251124,365,1022
18777,-1128448,-9216,-1172480,-70656,9976,241423,43374,208025,1084,1016
18782,-1128448,-9216,-1076224,-114688,-11832,241422,77786,151804,530,1020
18787,-1128448,-9216,-1045504,-91136,-18792,241299,71475,151032,274,1022
18792,-1139712,-9216,-1037312,-51200,-23200,241013,51062,166751,-289,1022
18797,-1139712,-9216,-1040384,58368,-22504,240508,19724,198280,-155,1023
18802,-1139712,-9216,-1007616,53248,-29928,239820,13941,195951,-85,1024
18807,-1198080,-9216,-954368,9216,-55216,238670,43775,133647,-2222,1007
18812,-1393664,-9216,-861184,-76800,-120640,237192,71796,44756,-11241,937
18817,-1393664,-9216,-838656,-116736,-125744,235162,70121,39297,-5899,978
18822,-1393664,-9216,-838656,-107520,-125744,232766,46219,62195,-2905,1002
18827,-1393664,-9216,-858112,-19456,-121336,230546,25599,83611,-1528,1013
18832,-1393664,-9216,-890880,25600,-113912,228280,-6782,121150,-805,1018
18837,-1698816,-9216,-922624,16384,-175160,224874,-32921,82635,-11068,938
18842,-1735680,-9216,-937984,-33792,-180728,221475,-38785,79532,-7707,964
18847,-1735680,-9216,-957440,-71680,-176320,217988,-42789,84457,-4046,993
18852,-1735680,-9216,-957440,-128000,-176320,214534,2375,26436,-1993,1009
18857,-1909760,-9216,-956416,-181248,-215992,210619,-6277,904,-9453,951
18862,-1909760,-9216,-1007616,-162816,-204392,206886,-19186,21680,-4962,986
18867,-1909760,-9216,-1069056,-134144,-190472,203284,-33460,56390,-2445,1005
18872,-1909760,-9216,-1155072,2048,-170984,199566,-57110,85692,-1286,1014
18877,-1909760,-9216,-1238016,45056,-152192,196477,-75538,119823,-677,1019
18882,-1909760,-9216,-1315840,74752,-134560,193688,-102021,167629,-338,1022
18887,-1909760,-9216,-1422336,156672,-110432,190972,-110352,190892,-181,1023
18892,-1909760,-9216,-1487872,137216,-95584,188771,-111453,204640,-99,1024
18897,-1869824,-9216,-1513472,74752,-80736,186835,-81264,187363,1258,1015
18902,-1829888,-9216,-1522688,18432,-69600,185312,-52898,168610,2584,1004
18907,-1829888,-9216,-1530880,-22528,-67744,183990,-31429,147675,1352,1014
18912,-1754112,-9216,-1531904,-5120,-50344,183029,-8469,141154,3145,1000
18917,-1482752,-9216,-1530880,16384,10904,182767,6919,186752,14747,909
18922,-1482752,-9216,-1530880,57344,10904,183094,14412,179586,7731,964
18927,-1298432,-9216,-1528832,180224,55448,184191,4130,235509,9840,948
18932,-1298432,-9216,-1513472,193536,48720,185112,14423,219409,5158,984
18937,-1298432,-9216,-1469440,178176,38744,185871,25519,199096,2701,1003
18942,-1298432,-9216,-1401856,81920,23432,186438,41916,167954,1323,1014
18947,-720896,-9216,-1292288,6144,129456,187744,80173,237027,26831,815
18952,-720896,-9216,-1176576,-66560,103240,189747,114378,178609,14068,915
18957,-720896,-9216,-1110016,-16384,88160,191742,99737,180165,6913,970
18962,-720896,-9216,-1016832,36864,67048,193204,104373,155879,3623,996
18967,-370688,-9216,-904192,84992,120872,194355,117534,197693,23786,839
18972,-370688,-9216,-783360,133120,93728,196330,120276,169782,11691,933
18977,-370688,-9216,-657408,118784,64960,197738,131659,131039,6129,977
18982,-194560,-9216,-506880,69632,70760,198728,156869,112619,14218,913
18987,-194560,-9216,-362496,30720,38048,199889,182457,51536,6987,970
18992,-194560,-9216,-238592,3072,9976,200488,170168,40296,3660,996
18997,-194560,-9216,-142336,50176,-11832,200614,153518,35264,1916,1010
19002,-194560,-9216,-50176,136192,-30392,200208,121309,48507,938,1017
19007,-142336,-9216,28672,174080,-38744,199534,107608,53182,2704,1003
19012,-142336,-9216,109568,181248,-57072,198505,92244,49189,1414,1013
19017,-142336,-9216,180224,167936,-77256,196922,82376,37290,691,1019
19022,-142336,-9216,294912,52224,-99064,195091,89260,6767,358,1022
19027,-142336,-9216,381952,5120,-118784,192935,94631,-20480,183,1023
19032,-142336,-9216,438272,-44032,-131544,190258,113736,-65462,86,1024
19037,-142336,-9216,519168,-155648,-149872,187675,100150,-62347,42,1024
19042,-142336,-9216,530432,-166912,-152424,184980,78497,-45941,18,1024
19047,-142336,-9216,525312,-151552,-151264,181937,50476,-19803,6,1024
19052,-123904,-9216,519168,-143360,-145696,179245,34791,-1242,780,1018
19057,-120832,-9216,509952,-124928,-142912,176585,22731,10942,586,1020
19062,-120832,-9216,464896,-19456,-132704,173707,-10764,51767,283,1022
19067,-120832,-9216,461824,6144,-132008,171123,-9685,48800,145,1023
19072,-87040,-9216,457728,28672,-123424,168616,-7448,52640,2053,1008
19077,-87040,-9216,444416,116736,-120408,166006,-14481,60079,1006,1017
19082,-77824,-9216,441344,133120,-117624,163654,-15376,61406,890,1018
19087,-77824,-9216,451584,138240,-119944,161260,-10431,51747,464,1021
19092,-77824,-9216,450560,94208,-119712,158592,-14332,53212,225,1023
19097,-56320,-9216,472064,73728,-119712,156165,-6357,42810,970,1017
19102,-47104,-9216,479232,46080,-119248,153702,-9674,44128,1046,1016
19107,-47104,-9216,501760,15360,-124352,150955,33895,-18428,510,1021
19112,-47104,-9216,563200,-136192,-138272,148410,35009,-24871,265,1022
19117,-40960,-9216,576512,-154624,-139896,145841,38359,-32414,473,1021
19122,-40960,-9216,592896,-187392,-149640,142963,60574,-67251,229,1023
19127,-40960,-9216,634880,-210944,-153120,140326,65244,-78038,117,1024
19132,-25600,-9216,652288,-187392,-153584,137653,69627,-85558,901,1017
19137,-25600,-9216,663552,-154624,-156136,134715,58268,-76905,438,1021
19142,-25600,-9216,648192,-55296,-152656,132025,49432,-70063,225,1023
19147,-13312,-9216,653312,-38912,-151032,129325,47722,-69429,789,1018
19152,-13312,-9216,614400,-18432,-142216,126355,10854,-26715,383,1022
19157,-13312,-9216,616448,-48128,-142680,123619,6529,-25590,196,1023
19162,-4096,-9216,626688,-86016,-142912,120859,8376,-30429,605,1020
19167,-4096,-9216,628736,-122880,-143376,118095,-25027,8534,293,1022
19172,-4096,-9216,605184,-111616,-138040,115072,-14929,-8039,150,1023
19177,-4096,-9216,612352,-112640,-139664,112276,-12990,-14398,75,1024
19182,-4096,-9216,615424,-112640,-140360,109475,-14080,-16380,33,1024
19187,0,-9216,609280,58368,-138040,106447,-15468,-16125,167,1023
19192,0,-9216,612352,83968,-138736,103696,-12336,-22704,84,1024
19197,0,-9216,604160,95232,-136880,100724,-19152,-15380,38,1024
19202,0,-9216,569344,148480,-128992,98064,-34333,3405,16,1024
19207,0,-9216,557056,93184,-126208,95457,-36191,5440,6,1024
19212,0,-9216,540672,34816,-120640,92681,-42640,14681,0,1024
19217,0,-9216,516096,15360,-116928,90225,-43696,16993,0,1024
19222,0,-9216,517120,10240,-117160,87827,-32497,3164,0,1024
19227,0,-9216,527360,100352,-117160,85256,-21458,-10446,0,1024
19232,0,-9216,525312,136192,-119016,82943,-8297,-27776,0,1024
19237,0,-9216,525312,168960,-119016,80647,-3397,-34972,0,1024
19242,0,-9216,522240,200704,-114376,78145,-14470,-21761,0,1024
19247,0,-9216,504832,169984,-114376,75883,-11773,-26720,0,1024
19252,0,-9216,494592,125952,-112056,73626,-17729,-20701,0,1024
19257,0,-9216,489472,65536,-106256,71161,-34137,-958,0,1024
19262,0,-9216,477184,-23552,-108112,68910,-26553,-12649,0,1024
19267,0,-9216,485376,-17408,-109968,66668,-19209,-24091,0,1024
19272,0,-9216,483328,14336,-109504,64230,-17706,-27568,0,1024
19277,0,-9216,486400,108544,-110200,62033,-12898,-35269,0,1024
19282,0,-9216,488448,145408,-110664,59855,-8928,-41881,0,1024
19287,0,-9216,481280,180224,-102776,57487,-32680,-12609,0,1024
19292,0,-9216,440320,153600,-99760,55326,-40907,-3527,0,1024
19297,0,-9216,433152,109568,-98136,53195,-42812,-2129,0,1024
19302,0,-9216,432128,57344,-98136,50865,-39003,-8268,0,1024
19307,0,-9216,439296,35840,-99528,48741,-32474,-18313,0,1024
19312,0,-9216,450560,91136,-102080,46627,-22720,-32733,0,1024
19317,0,-9216,462848,152576,-104864,44336,-6518,-55170,0,1024
19322,0,-9216,456704,239616,-103472,42258,-13472,-47742,0,1024
19327,0,-9216,449536,247808,-101848,40198,-16811,-44839,0,1024
19332,0,-9216,433152,235520,-98136,38168,-27081,-32887,0,1024
19337,0,-9216,409600,114688,-92800,35983,-37959,-18858,0,1024
19342,0,-9216,412672,88064,-93496,33993,-32198,-27305,0,1024
19347,0,-9216,400384,106496,-90712,32046,-35836,-28145,0,1024
19352,0,-9216,390144,182272,-88392,29987,-33701,-24704,0,1024
19357,0,-9216,387072,249856,-87696,28153,-28974,-30569,0,1024
19362,0,-9216,369664,198656,-83752,26198,-33472,-24082,0,1024
19367,0,-9216,343040,165888,-77720,24433,-48091,-5196,0,1024
19372,0,-9216,328704,118784,-74472,22698,-53759,1985,0,1024
19377,0,-9216,333824,-53248,-82360,20811,-21802,-39747,0,1024
19382,0,-9216,356352,-17408,-80736,19112,-23409,-38215,0,1024
19387,0,-9216,349184,55296,-79112,17456,-23363,-38293,0,1024
19392,0,-9216,339968,89088,-77024,15681,-23592,-37751,0,1024
19397,0,-9216,330752,91136,-74936,14104,-24671,-36161,0,1024
19402,0,-9216,325632,68608,-73776,12512,-27035,-34229,0,1024
19407,0,-9216,332800,-134144,-75400,10802,-17270,-47328,0,1024
19412,0,-9216,357376,-165888,-80968,9224,1847,-73591,0,1024
19417,0,-9216,359424,-155648,-81432,7632,2283,-76083,0,1024
19422,0,-9216,381952,-69632,-86536,5826,13941,-94651,0,1024
19427,0,-9216,370688,-11264,-83984,4186,2776,-82574,0,1024
19432,0,-9216,346112,23552,-78416,2545,-16948,-58923,0,1024
19437,0,-9216,381952,-120832,-86536,707,7378,-93207,0,1024
19442,0,-9216,395264,-194560,-89552,-988,14354,-104894,0,1024
19448,0,-9216,410624,-229376,-93032,-2707,22845,-118584,0,1024
19453,0,-9216,453632,-158720,-102776,-4630,50511,-157917,0,1024
19458,0,-9216,476160,-89088,-107880,-6352,66449,-180681,0,1024
19463,0,-9216,451584,-23552,-102312,-8052,48847,-159211,0,1024
19468,0,-9216,438272,-104448,-99296,-9905,39713,-148914,0,1024
19473,0,-9216,441344,-185344,-99992,-11500,49317,-160809,0,1024
19478,0,-9216,438272,-236544,-99296,-13080,51842,-164218,0,1024
19483,0,-9216,400384,-80896,-90712,-14855,22065,-127632,0,1024
19488,0,-9216,393216,9216,-89088,-16440,17751,-123279,0,1024
19493,0,-9216,376832,35840,-85376,-18156,-30913,-60787,0,1024
19498,0,-9216,313344,-32768,-70992,-19717,-36868,-53841,0,1024
19503,0,-9216,315392,-113664,-71456,-21232,-29536,-63152,0,1024
19508,0,-9216,322560,-151552,-73312,-22862,-16409,-79765,0,1024
19513,0,-9216,322560,41984,-73080,-24325,-12209,-85196,0,1024
19518,0,-9216,328704,106496,-74472,-25747,-2169,-98050,0,1024
19523,0,-9216,326656,130048,-70760,-27276,-9341,-88695,0,1024
19528,0,-9216,308224,47104,-69832,-28654,-8974,-89512,0,1024
19533,0,-9216,325632,11264,-73776,-30032,5852,-109660,0,1024
19538,0,-9216,327680,62464,-70064,-31524,-4602,-96986,0,1024
19543,0,-9216,302080,300032,-68440,-32859,-7080,-94219,0,1024
19548,0,-9216,287744,324608,-65192,-34164,-14229,-85127,0,1024
19553,0,-9216,268288,226304,-51968,-35536,-50546,-36958,0,1024
19558,0,-9216,251904,78848,-57072,-36785,-28836,-65021,0,1024
19563,0,-9216,242688,102400,-54984,-37997,-30248,-62733,0,1024
19568,0,-9216,219136,207872,-49648,-39242,-38211,-50679,0,1024
19573,0,-9216,216064,205824,-48952,-40335,-32818,-56469,0,1024
19578,0,-9216,197632,140288,-44776,-41390,-40104,-46062,0,1024
19583,0,-9216,173056,-66560,-39208,-42463,-47023,-34648,0,1024
19588,0,-9216,195584,-77824,-44312,-43460,-26105,-61667,0,1024
19593,0,-9216,192512,10240,-43616,-44446,-25990,-62072,0,1024
19598,0,-9216,139264,90112,-31552,-45447,-58578,-18421,0,1024
19603,0,-9216,134144,58368,-30392,-46376,-59623,-17145,0,1024
19608,0,-9216,123904,3072,-28072,-47300,-65142,-10230,0,1024
19613,0,-9216,173056,-143360,-39208,-48328,-26564,-60972,0,1024
19618,0,-9216,174080,-76800,-39440,-49312,-28848,-59904,0,1024
19623,0,-9216,185344,43008,-41992,-50275,-20047,-72220,0,1024
19628,0,-9216,191488,72704,-43384,-51306,-13747,-80943,0,1024
19633,0,-9216,183296,47104,-41528,-52210,-16685,-77053,0,1024
19638,0,-9216,192512,-1024,-43616,-53155,-11257,-85514,0,1024
19643,0,-9216,256000,-90112,-58000,-54272,29134,-141406,0,1024
19648,0,-9216,251904,32768,-57072,-55300,20562,-132934,0,1024
19653,0,-9216,232448,142336,-52664,-56323,3017,-112004,0,1024
19658,0,-9216,193536,98304,-43848,-57426,-26495,-74779,0,1024
19663,0,-9216,184320,36864,-41760,-58475,-36811,-63424,0,1024
19668,0,-9216,200704,-13312,-45472,-59566,-28859,-76179,0,1024
19673,0,-9216,244736,-79872,-55448,-60810,-1136,-115122,0,1024
19678,0,-9216,257024,37888,-58232,-61962,4084,-124278,0,1024
19683,0,-9216,210944,114688,-47792,-63072,-29467,-106530,0,1024
19688,0,-9216,238592,-48128,-54056,-64259,-5198,-113117,0,1024
19693,0,-9216,226304,-133120,-51272,-65304,-10018,-106558,0,1024
19698,0,-9216,238592,-150528,-54056,-66332,2914,-137726,0,1024
19703,0,-9216,248832,-56320,-56376,-67474,11004,-134854,0,1024
19708,0,-9216,203776,38912,-46168,-68452,-18452,-96168,0,1024
19713,0,-9216,144384,63488,-32712,-69340,-52933,-49119,0,1024
19718,0,-9216,155648,-158720,-35264,-70241,-31361,-74144,0,1024
19723,0,-9216,155648,-190464,-35264,-71004,-20184,-86084,0,1024
19728,0,-9216,146432,-119808,-33176,-71708,14779,-129258,0,1024
19733,0,-9216,179200,3072,-40600,-72462,15651,-128713,0,1024
19738,0,-9216,132096,16384,-29928,-73044,-8423,-94549,0,1024
19743,0,-9216,136192,-41984,-30856,-73575,6012,-169100,0,1024
19748,0,-9216,206848,-218112,-46864,-74210,60149,-181223,0,1024
19753,0,-9216,205824,-171008,-46632,-74779,58876,-180287,0,1024
19758,0,-9216,203776,-36864,-46168,-75395,53184,-177310,0,1024
19763,0,-9216,193536,48128,-43848,-76150,36099,-156097,0,1024
19768,0,-9216,180224,-12288,-40832,-76820,23144,-140796,0,1024
19773,89088,-9216,182272,-99328,-24592,-77546,29615,-131753,5220,984
19778,89088,-9216,198656,-149504,-24824,-77860,28491,-131175,2734,1003
19783,193536,-9216,217088,-33792,-5336,-77922,37051,-120309,5863,979
19788,193536,-9216,221184,39936,-2552,-77861,22157,-102570,2880,1002
19793,193536,-9216,206848,-67584,-3016,-77777,23786,-104579,1506,1013
19798,193536,-9216,228352,-177152,-7888,-77710,39208,-124806,787,1018
19803,193536,-9216,229376,-133120,-8120,-77703,33437,-119260,381,1022
19808,193536,-9216,252928,-28672,-13456,-77727,45072,-136255,196,1023
19813,518144,-15360,258048,29696,58928,-76948,38807,-56827,13874,916
19818,794624,-15360,242688,-28672,125048,-75397,16293,33358,22005,853
19823,794624,-15360,279552,-124928,116696,-73299,31314,12083,11536,934
19828,1161216,-18432,320512,-128000,190472,-70437,41802,78233,20630,863
19833,1161216,-18432,384000,105472,176088,-66924,56856,52308,10139,945
19838,1161216,-18432,460800,158720,158688,-63834,73758,21096,5313,983
19843,1790976,-18432,534528,146432,284664,-59954,77166,147544,27835,807
19848,2102272,-18432,650240,77824,328976,-54983,93816,180177,30782,784
19853,2102272,-18432,806912,61440,293480,-50022,130695,112763,16140,898
19858,2102272,-18432,949248,87040,261232,-45153,143673,72406,8461,958
19863,2726912,-18432,1117184,123904,364704,-40051,156525,166272,36325,741
19868,2726912,-18432,1297408,234496,323872,-34858,163375,125639,19048,876
19873,2847744,-21504,1467392,239616,312736,-29625,160782,122329,14793,909
19878,2847744,-21504,1664000,195584,268192,-24721,177982,60403,7270,968
19883,2847744,-21504,1924096,-36864,209264,-20077,208573,-19386,3810,995
19888,3697664,-18432,2143232,-122880,352176,-15647,224213,112316,35805,745
19893,4164608,-18432,2378752,-160768,404608,-10560,262080,93790,41648,699
19898,4164608,-18432,2648064,-121856,343592,-4352,289033,50207,21840,854
19903,4164608,-18432,2895872,-57344,287448,1285,313819,-25086,11451,935
19908,4164608,-18432,3111936,-11264,238960,6790,288483,-42733,5627,981
19913,4164608,-18432,3313664,28672,192792,10975,273669,-69902,2948,1001
19918,5797888,-18432,3496960,-9216,521304,14852,244604,291552,62456,537
19923,5797888,-18432,3742720,3072,465624,21815,244948,242491,30704,785
19928,5797888,-18432,3997696,26624,407856,28727,258270,178313,16099,899
19933,6438912,-21504,4281344,74752,488824,35412,281793,242443,32346,772
19938,6438912,-21504,4588544,121856,408552,43245,323985,127812,15900,900
19943,6438912,-21504,4945920,125952,338256,49815,340853,47218,8336,959
19948,6438912,-21504,5245952,113664,270280,55363,340486,-14843,4368,990
19953,6305792,-21504,5558272,-7168,155672,59706,365076,-149698,-4282,991
19958,6305792,-21504,5931008,-64512,84912,61976,367267,-220379,-2250,1007
19963,6305792,-21504,6201344,-117760,23664,63036,346820,-260120,-1184,1015
19968,5160960,-18432,6419456,-161792,-285128,62097,307657,-520474,-55857,588
19973,5160960,-18432,6600704,-55296,-326192,57591,248769,-517370,-29298,796
19978,4738048,-21504,6716416,31744,-448224,51794,198499,-594929,-30156,789
19983,4738048,-21504,6709248,76800,-446600,44565,103948,-508948,-14831,909
19988,4738048,-21504,6640640,-95232,-431056,36019,17969,-413006,-7782,964
19993,2879488,-21504,6523904,-260096,-825688,31465,-42571,-751652,-69068,485
19998,2446336,-18432,6324224,-148480,-878584,21612,-131500,-719904,-54876,596
20003,2446336,-18432,5967872,-64512,-797848,10253,-254943,-532652,-28785,800
20008,2446336,-18432,5657600,-211968,-727552,-2329,-316333,-413548,-15100,907
20013,1161216,-15360,5277696,48128,-932640,-12260,-387062,-552242,-65596,512
20018,1161216,-15360,4887552,77824,-844248,-24233,-411572,-456909,-34406,756
20023,974848,-12288,4554752,-229376,-811072,-36389,-390814,-456647,-24564,833
20028,974848,-12288,4117504,31744,-712008,-49027,-452238,-308797,-12885,930
20033,974848,-12288,3642368,-108544,-604360,-62083,-478572,-187871,-6340,975
20038,631808,-12288,3332096,-35840,-611784,-72674,-427338,-257120,-15322,905
20043,600064,-12288,3059712,302080,-557264,-82880,-365352,-274792,-9572,950
20048,600064,-12288,2702336,152576,-476296,-93176,-362116,-207356,-4710,988
20053,600064,-12288,2421760,-155648,-412728,-101508,-341737,-172499,-2474,1005
20058,600064,-12288,2217984,-38912,-366560,-108968,-292236,-183292,-1301,1014
20063,536576,-12288,1995776,-124928,-330600,-116222,-264203,-182619,-4612,988
20068,536576,-12288,1922048,-212992,-313896,-122233,-170915,-265214,-2423,1006
20073,536576,-12288,1767424,94208,-278864,-127779,-157122,-249593,-1196,1015
20078,428032,-12288,1571840,203776,-259144,-133331,-196526,-195949,-7416,967
20083,428032,-12288,1453056,103424,-232232,-138123,-187599,-182756,-3893,994
20088,391168,-12288,1428480,88064,-235016,-142731,-117294,-261362,-3481,997
20093,355328,-12288,1379328,350208,-232000,-147470,-82778,-296692,-4069,993
20098,355328,-12288,1281024,262144,-209728,-151568,-92256,-269040,-2138,1008
20103,355328,-12288,1206272,38912,-183976,-155729,-109594,-230111,-1055,1016
20108,202752,-9216,1114112,217088,-206480,-159137,-82629,-282988,-10093,946
20113,202752,-9216,1025024,219136,-186296,-162682,-88814,-260164,-5297,983
20118,141312,-9216,969728,-51200,-188384,-166441,-62594,-292231,-5217,984
20123,141312,-9216,907264,-28672,-173536,-169664,-53702,-289498,-2740,1003
20128,141312,-9216,826368,120832,-155208,-172608,-57821,-269995,-1440,1013
20133,73728,-9216,677888,52224,-136880,-175355,-110971,-227789,-3579,997
20138,70656,-9216,629760,-214016,-126672,-178172,-84568,-220276,-2061,1008
20143,70656,-9216,578560,-76800,-115072,-180517,-73599,-221990,-1084,1016
20148,70656,-9216,489472,30720,-94888,-182772,-85073,-192819,-537,1020
20153,89088,-9216,463872,-268288,-84912,-184518,-56536,-212894,795,1018
20158,89088,-9216,405504,-164864,-71688,-185951,-55824,-201815,414,1021
20163,89088,-9216,314368,2048,-51040,-187371,-86737,-151674,199,1023
20168,89088,-9216,273408,-168960,-41760,-188471,-83742,-146489,101,1024
20173,89088,-9216,305152,-232448,-48952,-189468,-32910,-205510,49,1024
20178,89088,-9216,292864,7168,-46168,-190492,-21951,-214709,20,1024
20183,86016,-9216,229376,23552,-32480,-191263,-48894,-174849,-161,1023
20188,86016,-9216,200704,-87040,-25984,-191944,-51189,-166739,-88,1024
20193,86016,-9216,196608,-22528,-25056,-192604,-35514,-182146,-47,1024
20198,86016,-9216,140288,135168,-12296,-193135,-63329,-142102,-29,1024
20203,86016,-9216,107520,45056,-4872,-193577,-73117,-125332,-19,1024
20208,82944,-9216,181248,-84992,-22272,-194044,-6151,-210165,-135,1023
20213,82944,-9216,150528,192512,-15312,-194441,-23030,-186723,-75,1024
20218,82944,-9216,68608,219136,3248,-194728,-73243,-118237,-43,1024
20223,82944,-9216,94208,-22528,-2552,-194941,-37844,-159649,-26,1024
20228,159744,-9216,74752,137216,19256,-195070,-47333,-128481,4202,992
20233,159744,-9216,72704,281600,19720,-194919,-43432,-131767,2200,1007
20238,187392,-9216,80896,67584,24128,-194579,-28412,-142039,2109,1008
20243,187392,-9216,114688,82944,16472,-194309,-4040,-173797,1103,1016
20248,187392,-9216,115712,303104,16240,-194043,-5772,-172031,576,1020
20253,419840,-9216,83968,225280,76096,-192941,-32703,-84142,8949,955
20258,419840,-9216,131072,77824,65424,-191808,-4854,-121530,4691,988
20263,419840,-9216,166912,179200,57304,-190754,8984,-142434,2457,1005
20268,564224,-9216,200704,291840,82360,-189199,18485,-125324,6590,973
20273,615424,-12288,256000,95232,81432,-187717,39782,-146067,6089,977
20278,615424,-12288,301056,63488,71224,-186270,47872,-162918,3190,1000
20283,610304,-12288,371712,339968,54056,-184895,67149,-197988,1373,1014
20288,610304,-12288,388096,275456,50344,-183859,44613,-178128,717,1019
20293,610304,-12288,468992,83968,32016,-183061,67528,-218573,373,1022
20298,610304,-12288,503808,254976,24128,-182445,51371,-209688,180,1023
20303,584704,-12288,544768,355328,9048,-182150,45175,-218277,-1227,1015
20308,584704,-12288,579584,172032,1160,-182124,36202,-217166,-647,1019
20313,560128,-12288,628736,122880,-15544,-182381,40172,-238097,-1182,1015
20318,560128,-12288,665600,279552,-23896,-182767,40562,-247225,-623,1020
20323,560128,-12288,672768,250880,-25520,-183220,25450,-234190,-330,1022
20328,523264,-9216,734208,39936,-39672,-183961,26058,-249691,-1455,1013
20333,564224,-9216,663552,182272,-22504,-184560,-8492,-198572,1211,1015
20338,564224,-9216,674816,268288,-25056,-185111,-7861,-202306,632,1020
20343,564224,-9216,659456,36864,-21576,-185645,-21332,-185466,308,1022
20348,1378304,-9216,662528,-22528,162168,-184942,-16203,-6571,39463,716
20353,1378304,-9216,651264,139264,164720,-182462,-16547,-1195,20693,863
20358,2219008,-9216,630784,78848,360992,-178097,-24900,207795,39564,715
20363,2219008,-9216,679936,-91136,348696,-172677,18508,157511,20746,862
20368,2219008,-9216,758784,53248,330832,-166743,60333,103756,10876,940
20373,2219008,-9216,842752,303104,311808,-160276,73162,78370,5343,983
20378,3657728,-9216,992256,191488,603896,-155319,107069,341508,72259,460
20383,3657728,-9216,1193984,92160,558192,-148599,154735,254858,37893,728
20388,3657728,-9216,1447936,176128,500656,-139681,202997,157978,18628,879
20393,3657728,-9216,1708032,249856,441728,-131602,239452,70674,9765,948
20398,3657728,-9216,1985536,262144,378856,-124219,267576,-12939,5117,985
20403,4032512,-9216,2274304,8192,398344,-116701,269527,12116,14796,909
20408,3988480,-9216,2598912,-140288,314824,-110476,309447,-105099,5764,979
20413,3988480,-9216,2885632,-190464,249864,-105267,317031,-172434,3019,1002
20419,3988480,-9216,3181568,-47104,182816,-100729,318225,-236138,1482,1013
20424,3210240,-9216,3406848,19456,-44544,-99617,296928,-441089,-34451,755
20429,3210240,-9216,3586048,-67584,-85144,-100607,260978,-458619,-23342,842
20434,3107840,-9216,3738624,-163840,-142912,-102830,222251,-467993,-12246,929
20439,3107840,-9216,3775488,-65536,-151264,-105334,151063,-407661,-6427,974
20444,2638848,-9216,3796992,86016,-259840,-108540,89215,-457595,-30645,785
20449,2638848,-9216,3751936,-164864,-252184,-112521,42731,-407436,-16075,899
20454,2554880,-9216,3692544,-275456,-257752,-116737,9305,-383794,-12235,929
20459,2554880,-9216,3582976,23552,-222488,-121335,-66542,-277281,-6020,977
20464,2554880,-9216,3410944,-167936,-193952,-125153,-99084,-220021,-3162,1000
20469,2291712,-9216,3306496,-352256,-229912,-128924,-101448,-257388,-13574,918
20474,2102272,-9216,3206144,-106496,-250096,-133162,-89376,-293882,-17777,886
20479,2102272,-9216,3048448,-91136,-214368,-137082,-122033,-229417,-9327,952
20484,2102272,-9216,2921472,-207872,-185600,-140710,-129996,-196314,-4895,986
20489,2102272,-9216,2818048,-53248,-157296,-144309,-134701,-166904,-2412,1006
20494,2102272,-9216,2661376,110592,-126672,-147091,-152831,-120932,-1268,1015
20499,1350656,-9216,2513920,-14336,-263552,-150550,-181873,-232229,-32562,770
20504,1350656,-9216,2473984,-97280,-253112,-155333,-133909,-274536,-16015,899
20509,1350656,-9216,2386944,173056,-234784,-159689,-118315,-276158,-8403,959
20514,929792,-9216,2238464,118784,-296496,-164246,-145774,-314968,-22270,851
20519,564224,-9216,2135040,-79872,-355888,-169149,-169503,-342354,-31035,782
20524,564224,-9216,1936384,138240,-310880,-174987,-174564,-311303,-16281,897
20529,564224,-9216,1775616,89088,-274456,-180180,-184937,-269699,-8542,958
20534,358400,-9216,1632256,-223232,-282808,-185477,-182676,-285609,-15510,903
20539,358400,-9216,1468416,-100352,-251488,-190119,-164282,-277325,-8138,961
20544,318464,-9216,1300480,-3072,-222488,-194326,-167541,-249273,-5966,978
20549,318464,-9216,1135616,-230400,-185136,-197960,-165315,-194622,-2938,1002
20554,318464,-9216,927744,-177152,-138040,-201221,-185407,-153854,-1545,1012
20559,301056,-9216,745472,27648,-100688,-203552,-201873,-102367,-1507,1013
20564,305152,-9216,616448,-289792,-70528,-205341,-165682,-110187,-520,1020
20569,305152,-9216,493568,-175104,-42688,-206342,-146497,-102533,-277,1022
20574,305152,-9216,382976,121856,-17632,-206882,-134357,-90157,-149,1023
20579,266240,-9216,225280,-38912,9280,-206937,-153542,-44115,-2215,1007
20584,266240,-9216,184320,-90112,18560,-206748,-108619,-79569,-1165,1015
20589,246784,-9216,100352,122880,33176,-206347,-109560,-63611,-1388,1014
20594,246784,-9216,9216,152576,53824,-205594,-116284,-35486,-687,1019
20599,246784,-9216,-18432,-11264,60088,-204695,-90271,-54336,-364,1022
20604,178176,-9216,-8192,-12288,42224,-203938,-48527,-113187,-2925,1002
20609,178176,-9216,-3072,194560,41064,-203041,-16811,-145166,-1442,1013
20614,178176,-9216,-60416,129024,54056,-202009,-30351,-117602,-760,1019
20619,178176,-9216,-69632,-48128,56144,-200855,-11555,-133156,-403,1021
20624,82944,-9216,-48128,2048,29696,-199653,26483,-196440,-5105,985
20629,82944,-9216,-94208,151552,40136,-198695,11612,-170171,-2681,1004
20634,79872,-9216,-173056,65536,57304,-197567,-22732,-117531,-1523,1013
20639,79872,-9216,-175104,-156672,57768,-196192,195,-138619,-752,1019
20644,79872,-9216,-236544,-66560,71688,-194734,-19243,-103803,-396,1021
20649,92160,-9216,-265216,77824,89552,-192927,-43179,-60196,231,1023
20654,101376,-9216,-346112,-95232,101384,-191108,-50294,-39430,592,1020
20659,101376,-9216,-337920,-224256,99528,-189143,-19989,-69626,308,1022
20664,104448,-9216,-378880,15360,109504,-186855,-28848,-48503,255,1023
20669,104448,-9216,-397312,95232,113680,-184719,-28676,-42363,131,1023
20674,104448,-9216,-436224,19456,122496,-182509,-45004,-15009,65,1024
20679,110592,-9216,-429056,-120832,122264,-179980,-25405,-32311,242,1023
20684,110592,-9216,-442368,-37888,125280,-177609,-23500,-28829,122,1024
20689,110592,-9216,-442368,83968,125280,-175198,-14470,-35448,60,1024
20694,110592,-9216,-481280,26624,134096,-172494,-34562,-3836,26,1024
20699,110592,-9216,-508928,-104448,140360,-170003,-47781,18138,11,1024
20704,110592,-9216,-473088,-210944,132240,-167553,-19152,-47069,0,1024
20709,110592,-9216,-411648,-190464,118320,-164920,23178,-69778,0,1024
20714,110592,-9216,-412672,-143360,118552,-162571,16523,-60542,0,1024
20719,110592,-9216,-424960,-162816,121336,-160214,28743,-75056,0,1024
20724,110592,-9216,-371712,-384000,109272,-157684,38520,-86932,0,1024
20729,110592,-9216,-370688,-422912,109040,-155357,37487,-83804,0,1024
20734,110592,-9216,-369664,-334848,108808,-153039,16879,-56250,-192,1023
20739,107520,-9216,-397312,-26624,114376,-150514,12243,-48381,-105,1024
20744,107520,-9216,-431104,7168,122032,-148173,-11636,-14505,-59,1024
20749,107520,-9216,-456704,-64512,128528,-145553,-40552,23527,-1185,1015
20754,89088,-9216,-483328,-116736,129688,-143225,-38004,24467,-624,1020
20759,89088,-9216,-498688,-74752,133168,-140867,-44396,36697,-330,1022
20764,89088,-9216,-496640,-8192,132704,-138466,-36444,27651,-1509,1013
20769,67584,-9216,-494592,-35840,127368,-135918,-28354,19804,-795,1018
20774,61440,-9216,-478208,-121856,122264,-133617,-12795,1442,-699,1019
20779,61440,-9216,-427008,-390144,110664,-131094,27114,-47544,-347,1022
20784,61440,-9216,-414720,-411648,107880,-128778,37762,-58660,-186,1023
20789,61440,-9216,-411648,-340992,107184,-126496,37315,-56627,-101,1024
20794,61440,-9216,-421888,-93184,109504,-124011,24968,-39475,-54,1024
20799,61440,-9216,-431104,-4096,111592,-121748,15421,-25577,-31,1024
20804,0,-9216,-458752,-4096,103936,-119680,-7126,-8618,-2802,1003
20809,-4096,-9216,-477184,-46080,112984,-117486,-36788,32286,-1621,1012
20814,-4096,-9216,-507904,-112640,114144,-115475,-36490,35159,-854,1018
20819,-4096,-9216,-515072,-93184,115768,-113420,-36168,38516,-450,1021
20824,0,-9216,-531456,-47104,114144,-111088,-18980,22036,15,1024
20829,0,-9216,-496640,-41984,112520,-108934,-8377,11963,5,1024
20834,0,-9216,-491520,-68608,111360,-106768,-1068,5660,0,1024
20839,-4096,-9216,-479232,-155648,107648,-104582,11566,-21103,-240,1023
20844,-4096,-9216,-481280,-281600,108112,-102175,12817,-6880,-129,1023
20849,0,-9216,-512000,-275456,116000,-99915,-4946,21031,103,1024
20854,0,-9216,-522240,-220160,118320,-97629,-8170,28861,47,1024
20859,0,-9216,-526336,-13312,119248,-95093,-6885,31040,22,1024
20864,0,-9216,-543744,51200,123192,-92756,-15514,45950,9,1024
20869,0,-9216,-563200,76800,127600,-90139,-23523,60984,0,1024
20874,0,-9216,-557056,-87040,126208,-87768,-15755,54195,0,1024
20879,0,-9216,-559104,-196608,126672,-85393,-14872,56151,0,1024
20884,-4096,-9216,-493568,-365568,110896,-82817,33459,-5380,-225,1023
20889,-4096,-9216,-501760,-350208,112752,-80477,26483,5792,-121,1024
20894,-4096,-9216,-501760,-276480,112752,-78153,24096,10503,-67,1024
20899,-4096,-9216,-522240,-26624,117392,-75622,4830,36940,-37,1024
20904,-4096,-9216,-525312,65536,118088,-73338,-804,45554,-24,1024
20909,-34816,-9216,-542720,106496,115072,-71190,-16168,60050,-1238,1015
20914,-96256,-9216,-578560,26624,109272,-68915,-40942,81299,-3988,993
20919,-96256,-9216,-579584,-53248,109504,-67067,-40162,82599,-2096,1008
20924,-111616,-9216,-564224,-143360,102544,-65250,-25922,63216,-1714,1011
20929,-185344,-9216,-518144,-293888,63104,-63440,48009,-48345,-4643,988
20934,-185344,-9216,-464896,-270336,63336,-61977,47022,-45663,-2437,1005
20939,-279552,-9216,-476160,-203776,44544,-60833,39484,-55773,-5031,985
20944,-338944,-9216,-531456,50176,43616,-59724,-368,-15740,-5536,981
20949,-338944,-9216,-569344,126976,52200,-58798,-22009,15411,-2906,1002
20954,-515072,-9216,-612352,135168,22040,-58375,-41344,5009,-8535,958
20959,-637952,-9216,-684032,29696,10440,-58136,-74689,26993,-10529,942
20964,-637952,-9216,-716800,-43008,17864,-58126,-78303,38041,-5526,981
20969,-677888,-9216,-732160,-110592,12296,-58121,-65681,19856,-4391,990
20974,-677888,-9216,-704512,-188416,6032,-57947,-15583,-36332,-2163,1008
20979,-677888,-9216,-732160,-151552,12296,-57602,-8526,-36780,-1139,1016
20984,-1546240,-9216,-757760,-106496,-178640,-59553,-161,-238032,-32986,767
20989,-1698816,-9216,-844800,-13312,-193488,-62507,-34654,-221341,-24080,836
20994,-1698816,-9216,-932864,-14336,-173536,-65527,-62365,-176698,-12632,926
20999,-1698816,-9216,-1041408,-28672,-148944,-68431,-94620,-122755,-6629,973
21004,-2975744,-9216,-1192960,44032,-403912,-71754,-136594,-339072,-64913,517
21009,-2975744,-9216,-1321984,103424,-374680,-76726,-155459,-295947,-34047,759
21014,-2975744,-9216,-1468416,191488,-341504,-82468,-171305,-252667,-17860,885
21019,-2975744,-9216,-1682432,209920,-289304,-88609,-213302,-164611,-8785,956
21024,-2975744,-9216,-1957888,130048,-230608,-93497,-264031,-60074,-4612,988
21029,-5618688,-9216,-2190336,29696,-776736,-94845,-274817,-596764,-100991,236
21034,-5922816,-9216,-2475008,59392,-774648,-101602,-310412,-565838,-64343,522
21039,-5922816,-9216,-2894848,232448,-686024,-110830,-387360,-409494,-33750,761
21044,-5922816,-9216,-3317760,223232,-590208,-120994,-446925,-264277,-17704,886
21049,-5922816,-9216,-3775488,-18432,-486504,-131398,-467488,-150414,-8709,956
21054,-5922816,-9216,-4217856,162816,-386280,-139340,-482060,-43560,-4571,989
21059,-6784000,-9216,-4699136,325632,-472352,-146007,-514304,-104055,-32512,770
21064,-6784000,-9216,-5221376,128000,-354032,-153319,-541751,34400,-15990,900
21069,-6784000,-9216,-5597184,17408,-268888,-158981,-507557,79688,-8390,959
21074,-6784000,-9216,-5924864,98304,-194648,-163335,-455084,97101,-4404,990
21079,-6176768,-9216,-6213632,261120,19720,-165023,-410436,265133,25315,827
21084,-6176768,-9216,-6552576,184320,85144,-164190,-383964,304918,13274,921
21089,-6176768,-9216,-6706176,73728,119944,-162457,-297790,255277,6959,970
21094,-6176768,-9216,-6841344,69632,150568,-160060,-228575,219368,3418,998
21099,-6176768,-9216,-6885376,125952,160544,-156916,-152131,155759,1790,1011
21104,-3658752,-9216,-6910976,136192,736832,-155211,-98085,679706,88975,329
21109,-3658752,-9216,-6822912,60416,710152,-146996,21400,541756,43743,683
21114,-1579008,-9216,-6640640,-10240,1146776,-137724,107471,901581,152922,0
21119,-1579008,-9216,-6444032,47104,1102232,-133845,165395,802992,80198,398
21124,-1579008,-9216,-6084608,109568,1020800,-120919,264019,635862,39429,716
21129,-1579008,-9216,-5559296,69632,901784,-106395,423539,371850,20675,863
21134,-1579008,-9216,-4996096,20480,774184,-91921,543781,138482,10839,940
21139,-1579008,-9216,-4567040,82944,676976,-77382,493511,106083,5325,983
21144,-328704,-12288,-4099072,98304,854224,-66410,494280,293534,80934,392
21149,-328704,-12288,-3581952,51200,737064,-57949,530402,148713,39789,714
21154,-328704,-12288,-3103744,10240,628720,-46720,516082,65918,20865,861
21159,-74752,-12288,-2801664,90112,617816,-36532,438433,142851,26810,815
21164,-74752,-12288,-2527232,114688,549608,-26005,363951,159652,13178,922
21169,-74752,-12288,-2143232,67584,468640,-16999,379362,72279,6907,971
21174,-74752,-12288,-1836032,27648,399040,-8866,375575,14599,3619,996
21179,-74752,-12288,-1617920,18432,349624,-991,305121,43512,1776,1011
21184,0,-9216,-1483776,71680,336168,5403,222733,118838,4100,992
21189,0,-9216,-1335296,84992,302528,11138,172589,141077,2147,1008
21194,0,-9216,-1100800,-24576,249400,16717,196124,69993,1052,1016
21199,0,-9216,-916480,-88064,207640,21085,205762,22963,548,1020
21204,0,-9216,-786432,-130048,178176,24899,188699,14376,283,1022
21209,0,-9216,-695296,-13312,157528,28534,146129,39933,135,1023
21214,0,-9216,-627712,69632,142216,31429,112026,61619,68,1024
21219,0,-9216,-578560,147456,131080,33954,74573,90461,32,1024
21224,0,-9216,-523264,183296,118552,36389,48790,106151,13,1024
21229,0,-9216,-433152,106496,98136,38264,60012,76388,3,1024
21234,0,-9216,-350208,20480,79344,39892,72668,46568,0,1024
21239,0,-9216,-261120,-120832,59160,41393,87551,13002,0,1024
21244,0,-9216,-239616,-124928,54288,42583,64521,32350,0,1024
21249,0,-9216,-244736,-83968,55448,43647,29811,69284,0,1024
21254,0,-9216,-244736,44032,55448,44720,5427,94741,0,1024
21259,0,-9216,-229376,79872,51968,45634,1767,95835,0,1024
21264,0,-9216,-208896,82944,47328,46483,4693,89118,0,1024
21269,0,-9216,-147456,9216,33408,47364,40011,40761,0,1024
21274,12288,-9216,-109568,-53248,27608,48149,58313,17444,487,1021
21279,12288,-9216,-89088,-95232,22968,48928,65703,34515,237,1023
21284,12288,-9216,-131072,-77824,32480,49723,22983,59220,121,1024
21289,135168,-9216,-146432,-30720,63800,50816,4601,110015,4948,986
21294,135168,-9216,-153600,12288,65424,51975,-8595,126351,2430,1006
21299,135168,-9216,-129024,43008,59856,53190,906,112140,1271,1015
21304,135168,-9216,-80896,28672,48952,54182,23637,79497,662,1019
21309,135168,-9216,-35840,17408,38744,55125,41733,50744,323,1022
21314,135168,-9216,-18432,60416,34800,55878,31669,59009,166,1023
21319,752640,-9216,-8192,87040,172376,58267,20355,210288,23112,844
21324,1138688,-9216,-1024,108544,258216,61307,22,321742,31241,780
21329,1138688,-9216,37888,30720,249400,65631,10499,304532,16381,897
21334,1138688,-9216,119808,-23552,230840,69698,36799,263739,8589,957
21339,4301824,-9216,248832,-69632,918256,72028,85233,877530,156935,0
21344,4301824,-9216,395264,34816,885080,74873,120896,839057,82303,382
21349,6575104,-9216,618496,139264,1349544,75641,182710,1242475,127944,25
21354,6575104,-9216,1055744,79872,1250480,84476,377835,937401,62905,533
21359,6575104,-9216,1720320,18432,1099912,99352,525537,673727,32987,767
21364,6575104,-9216,2318336,24576,964424,115667,598871,481220,17297,889
21369,11455488,-9216,3246080,-32768,1859944,124963,793721,1191186,244125,0
21374,11455488,-9216,3955712,62464,1699168,125040,812035,1012173,128030,24
21380,12988416,-9216,4724736,81920,1872240,125393,835879,1161754,120740,81
21385,12988416,-9216,5834752,51200,1603352,138531,1039094,702789,59362,561
21390,12988416,-9216,6761472,37888,1410792,158186,1009249,559729,31130,781
21395,13624320,-9216,7883776,24576,1300592,174572,1141092,334072,38558,723
21400,13624320,-9216,8793088,65536,1085528,194526,1049582,230472,18956,876
21405,13624320,-9216,9851904,67584,854688,211146,1102090,-36256,9938,947
21410,10591232,-9216,10694656,60416,-23432,211147,1053334,-865619,-100843,237
21415,8162304,-9216,11228160,106496,-694608,210943,793503,-1277168,-159525,0
21420,8162304,-9216,11602944,3072,-779520,208641,594683,-1165562,-83668,371
21425,8162304,-9216,11715584,-82944,-805040,200144,361255,-966151,-43884,682
21430,8162304,-9216,11483136,-54272,-752376,187414,66001,-630963,-21582,856
21435,8162304,-9216,11004928,-178176,-644032,175602,-229125,-239305,-11323,936
21440,3389440,-9216,10470400,-72704,-1604280,175602,-440316,-988362,-172821,0
21445,3389440,-9216,9761792,193536,-1443736,171450,-642877,-629409,-84976,361
21450,3389440,-9216,9005056,178176,-1272288,157344,-819414,-295530,-44570,676
21455,3389440,-9216,8268800,-227328,-1105480,139849,-915628,-50003,-23379,842
21460,1310720,-9216,7600128,-251904,-1424944,129821,-919541,-375582,-105586,200
21465,956416,-6144,6907904,141312,-1348384,119376,-928273,-300735,-77523,419
21470,956416,-6144,6197248,254976,-1187376,105443,-956053,-125880,-40661,707
21475,956416,-6144,5466112,-6144,-1021728,87024,-955640,20936,-19996,868
21480,956416,-6144,5005312,-111616,-917328,70307,-841319,-5702,-10491,943
21485,956416,-6144,4559872,-116736,-816408,54707,-781766,20065,-5505,981
21490,224256,0,4083712,-88064,-874408,40507,-691334,-142567,-33779,761
21495,224256,0,3681280,-1024,-783232,27452,-643726,-112054,-17719,886
21500,224256,0,3349504,71680,-708064,14278,-585940,-107846,-9296,952
21505,3072,0,3073024,15360,-684632,710,-521946,-161976,-13962,915
21510,3072,0,2760704,-16384,-624776,-11137,-473122,-162791,-7325,967
21515,3072,0,2504704,-137216,-566776,-22252,-432203,-156825,-3845,994
21520,3072,0,2258944,-185344,-503208,-33382,-396345,-140245,-1893,1010
21525,-40960,0,1987584,-123904,-459592,-42400,-363837,-138155,-3577,997
21530,-40960,0,1724416,-68608,-399968,-50447,-359741,-90674,-1880,1010
21535,-40960,0,1458176,32768,-339648,-58160,-364491,-33317,-929,1017
21540,-40960,0,1210368,111616,-283504,-64167,-366855,19184,-491,1021
21545,-40960,0,1038336,93184,-244528,-69322,-326097,12247,-261,1022
21550,-40960,0,793600,44032,-189080,-74024,-331238,68134,-133,1023
21555,-50176,-6144,663552,-15360,-161704,-77566,-286292,47022,-614,1020
21560,-50176,-6144,550912,-81920,-136184,-80501,-254289,37604,-326,1022
21565,-80896,-9216,449536,-169984,-120176,-83160,-217272,20432,-1386,1014
21570,-108544,-9216,334848,-219136,-100456,-85136,-177696,-7896,-2351,1006
21575,-108544,-9216,260096,-229376,-83520,-86773,-142068,-28225,-1238,1015
21580,-108544,-9216,163840,-197632,-61712,-88154,-124833,-24801,-613,1020
21585,-108544,-9216,73728,-202752,-41296,-89045,-119027,-11314,-326,1022
21590,-108544,-9216,-27648,-117760,-18328,-89643,-130605,22634,-175,1023
21595,-179200,-9216,-107520,-44032,-16240,-90180,-134380,27960,-2901,1002
21600,-191488,-9216,-168960,-55296,-5104,-90584,-122997,27309,-2199,1007
21605,-191488,-9216,-199680,-18432,1856,-90774,-102538,13620,-1157,1015
21610,-264192,-9216,-223232,-38912,-9280,-90959,-79038,-21218,-3465,997
21615,-338944,-9216,-248832,-78848,-20416,-91123,-58406,-53133,-5926,978
21620,-338944,-9216,-277504,-125952,-13920,-91262,-39886,-65296,-3111,1000
21625,-380928,-9216,-330752,-120832,-7656,-91346,-51349,-47653,-3204,999
21630,-380928,-9216,-377856,-156672,-696,-91273,-40907,-51062,-1683,1011
21635,-380928,-9216,-422912,-166912,9512,-90984,-37431,-44041,-886,1018
21640,-864256,-9216,-498688,-158720,-87696,-92096,-38532,-141260,-18466,880
21645,-1408000,-9216,-562176,-96256,-191632,-93750,-65314,-220068,-39557,715
21650,-1408000,-9216,-655360,-11264,-170520,-96528,-95607,-171441,-20750,862
21655,-1408000,-9216,-757760,15360,-147320,-99656,-119199,-127777,-10207,945
21660,-3247104,-9216,-855040,59392,-541952,-101970,-136698,-507224,-106382,193
21665,-3247104,-9216,-943104,44032,-522000,-106345,-137811,-490534,-55797,589
21670,-4302848,-9216,-1111040,4096,-723144,-111825,-167736,-667233,-66811,503
21675,-4302848,-9216,-1349632,-67584,-669088,-120315,-226899,-562504,-35043,751
21680,-4302848,-9216,-1695744,-76800,-590672,-130079,-324480,-396271,-18381,890
21685,-8163328,-9216,-2091008,9216,-1375760,-132063,-423769,-1084054,-153017,0
21690,-8588288,-9216,-2514944,2048,-1375992,-134863,-507327,-1003528,-102139,227
21695,-8588288,-9216,-2982912,-131072,-1269968,-146086,-564609,-851445,-53571,606
21700,-8588288,-9216,-3744768,18432,-1097360,-163832,-729522,-531670,-26344,819
21705,-8588288,-9216,-4510720,165888,-923824,-180572,-889593,-214803,-13819,917
21710,-8588288,-9216,-5216256,50176,-763976,-197160,-946151,95,-6799,971
21715,-10181632,-9216,-5932032,-100352,-962800,-204796,-944751,-222845,-59280,561
21720,-10181632,-9216,-6569984,23552,-818264,-216441,-936902,-97803,-31093,782
21725,-10181632,-9216,-7110656,88064,-695768,-229642,-864934,-42844,-15291,905
21730,-10283008,-9216,-7802880,91136,-561904,-240206,-858359,56249,-11567,934
21735,-10385408,-9216,-8332288,53248,-465160,-249319,-819058,104579,-11344,936
21740,-10385408,-9216,-8765440,51200,-367024,-256945,-741823,130884,-5581,981
21745,-10385408,-9216,-9150464,6144,-279792,-263533,-628775,85450,-2930,1002
21750,-10385408,-9216,-9460736,-94208,-209496,-268000,-539732,62236,-1541,1012
21755,-10385408,-9216,-9777152,-65536,-137808,-271608,-503851,94435,-762,1019
21760,-15116288,-9216,-9978880,45056,-1163944,-271608,-422691,-1012861,-165813,0
21765,-17213440,-9216,-10254336,154624,-1576672,-271846,-412765,-1435753,-188215,0
21770,-17213440,-9216,-10802176,238592,-1452552,-274711,-557414,-1169849,-92546,301
21775,-17213440,-9216,-11400192,138240,-1317064,-288078,-699986,-905156,-48540,645
21780,-17213440,-9216,-12169216,-113664,-1127520,-307409,-871543,-563386,-23870,838
21785,-17213440,-9216,-13061120,103424,-940760,-324778,-998911,-266627,-12523,927
21790,-17213440,-9216,-14001152,218112,-727784,-339821,-1187852,120247,-6571,973
21795,-17213440,-9216,-14862336,136192,-520608,-352603,-1179533,306322,-3235,999
21800,-14422016,-9216,-15652864,114688,278864,-360205,-1130135,1048794,172763,0
21805,-14422016,-9216,-16236544,56320,411104,-359376,-1005945,1057673,90604,317
21810,-12865536,-9216,-16680960,154624,870464,-357190,-814113,1327387,114995,126
21815,-12865536,-9216,-16885760,168960,910832,-350636,-580512,1140708,60308,553
21820,-12865536,-9216,-16768000,103424,884152,-338881,-273452,818723,31626,777
21825,-4348928,-9216,-16450560,45056,2741776,-333517,23477,2384782,376934,0
21830,-4348928,-9216,-15928320,27648,2623456,-333517,335345,1954594,197684,0
21835,-4348928,-9216,-15304704,145408,2482168,-331061,567947,1583160,103674,215
21840,-1221632,-9216,-14410752,88064,2913688,-324993,1021148,1567547,183673,0
21845,-840704,-12288,-12946432,8192,2742704,-322594,1280876,1139234,118646,98
21850,-840704,-12288,-11667456,-27648,2452936,-304920,1522600,625416,62221,538
21855,-840704,-12288,-10275840,19456,2137648,-272258,1704277,161113,30588,786
21860,-840704,-12288,-9030656,-108544,1855536,-240114,1740262,-124840,16038,899
21865,-840704,-12288,-7972864,21504,1615880,-209479,1654260,-247859,8409,959
21870,-840704,-12288,-7035904,1024,1403600,-178888,1443437,-218725,4132,992
21875,0,-27648,-6299648,-12288,1427264,-155417,1279579,-7732,51423,623
21880,0,-27648,-5768192,-63488,1306856,-136320,1073552,96984,26966,814
21885,0,-27648,-5313536,-132096,1203848,-113356,855409,235083,13255,921
21890,-4096,-12288,-4988928,-115712,1129376,-92307,696784,340285,6707,972
21895,-4096,-12288,-4692992,-47104,1062328,-71774,586685,403869,3514,997
21900,-4096,-12288,-4401152,-24576,996208,-50317,513052,432839,1725,1011
21905,-4096,-9216,-4060160,-26624,918952,-32183,492249,394520,900,1017
21910,-4096,-9216,-3678208,13312,832416,-15577,503437,313402,468,1021
21915,-4096,-9216,-3194880,-9216,722912,817,552823,170906,225,1023
21920,-4096,-9216,-2776064,-62464,628024,14015,587041,54998,114,1024
21925,-4096,-9216,-2441216,-94208,552160,25596,582956,-5200,56,1024
21930,0,-9216,-2085888,-122880,472584,36429,524596,-15583,186,1023
21935,0,-9216,-1740800,-120832,394400,44811,513833,-74622,94,1024
21940,0,-9216,-1437696,-83968,325728,51971,496368,-92810,42,1024
21945,0,-9216,-1208320,-1024,273760,58533,417721,-85428,18,1024
21950,0,-9216,-1014784,29696,229912,63477,365535,-72146,7,1024
21955,0,-9216,-852992,49152,193256,67573,311237,-28638,0,1024
21960,0,-9216,-704512,105472,159616,71293,252992,-22083,0,1024
21965,0,-9216,-565248,58368,128064,74093,230582,-28425,0,1024
21970,0,-9216,-448512,8192,101616,76403,208734,-30715,0,1024
21975,67584,-9216,-368640,-40960,98832,78677,175917,1592,2518,1005
21980,138240,-9216,-272384,-67584,93032,80485,165865,7652,5199,984
21985,138240,-9216,-232448,22528,83984,82366,117373,48977,2553,1005
21990,168960,-9216,-142336,-21504,70528,83913,125520,28921,2481,1005
21995,168960,-9216,-68608,-61440,53824,85263,129754,9333,1296,1014
22000,168960,-9216,-22528,-37888,43384,86497,111854,18027,633,1020
22005,324608,-9216,24576,-83968,67976,87926,109869,46033,6133,977
22010,376832,-9216,66560,-141312,70296,89356,101860,57792,5903,978
22015,376832,-9216,129024,-103424,63104,90835,80092,73847,2899,1002
22020,376832,-9216,165888,-157696,47792,91963,90752,49003,1516,1013
22025,2582528,-9216,240640,-192512,530584,92804,104591,518797,114381,131
22030,2582528,-9216,309248,-96256,517592,97252,96076,518768,56235,585
22035,6111232,-9216,434176,-77824,1286208,97252,133151,1250309,152867,0
22040,7998464,-9216,756736,-3072,1640704,98477,263732,1475449,177358,0
22045,7998464,-9216,1250304,-1024,1528880,101393,437825,1193442,87200,343
22050,16898048,-9216,2026496,-78848,3369336,102387,714523,2757200,356895,0
22055,16898048,-6144,2973696,63488,3154736,102387,981193,2275930,187174,0
22060,16898048,-6144,4622336,16384,2781216,108082,1512364,1376934,92025,306
22065,16743424,-6144,6083584,148480,2415120,135708,1767216,783612,42853,690
22070,16743424,0,7856128,135168,2013528,168417,2100301,81644,22471,849
22075,16743424,0,9453568,144384,1651608,202394,2278972,-466962,11045,938
22080,16743424,0,11105280,184320,1277392,228484,2208988,-703112,5789,979
22085,16743424,0,12301312,107520,1006416,249693,2003983,-747874,3032,1001
22090,16743424,0,13359104,-17408,766760,267836,1730726,-707962,1486,1013
22095,16743424,0,14021632,10240,616656,280849,1373843,-476338,776,1018
22100,16743424,-6144,14428160,-49152,524552,291647,1039978,-223779,405,1021
22105,16743424,-6144,14654464,-107520,473280,301939,723577,40506,196,1023
22110,16743424,-9216,14823424,-98304,435000,310502,492409,253093,99,1024
22115,14695424,-9216,14903296,-82944,-47096,314542,336928,-69482,-98829,252
22120,14695424,-9216,14963712,-91136,-60784,314050,235470,17722,-48598,645
22125,14695424,-9216,15014912,-146432,-72384,313037,173174,67479,-25492,825
22130,6854656,-12288,15053824,-214016,-1857624,312440,129422,-1674606,-391923,0
22135,6854656,-12288,15054848,-273408,-1857856,312440,29489,-1757257,-247105,0
22140,5984256,-15360,14698496,76800,-1974320,312395,-160060,-1501865,-129600,12
22145,5984256,-15360,14128128,41984,-1845096,301538,-446030,-1097528,-67973,493
22150,5984256,-15360,13376512,-291840,-1674808,280115,-708672,-1641216,-314834,0
22155,1481728,-18432,12276736,154624,-2445744,280115,-1017798,-1147831,-165121,0
22160,1105920,-18432,11185152,-44032,-2283576,277699,-1250549,-755328,-103612,215
22165,1105920,-18432,9957376,7168,-2005408,259675,-1471000,-302350,-50949,626
22170,1105920,-18432,8723456,-180224,-1725848,231473,-1515544,21169,-26724,816
22175,1105920,-18432,7533568,27648,-1456264,205231,-1581821,330788,-14019,915
22180,249856,-9216,6631424,-110592,-1445824,181792,-1465538,233989,-57056,579
22185,249856,-9216,5748736,16384,-1245840,162510,-1302254,218924,-29926,791
22190,249856,-9216,5179392,-333824,-1116848,143445,-1093909,120506,-15699,902
22195,249856,-9216,4737024,-367616,-1016624,124722,-891210,-2550,-7723,964
22200,249856,-9216,4343808,-113664,-927536,105138,-746584,-75814,-4054,993
22205,86016,-9216,4037632,-87040,-895288,88678,-617071,-189539,-9546,950
22210,79872,-9216,3805184,-208896,-844016,72826,-513501,-252293,-5057,985
22215,79872,-9216,3550208,-38912,-786248,56017,-434578,-295653,-2655,1004
22220,79872,-9216,3307520,164864,-731264,41517,-403413,-286334,-1397,1014
22225,79872,-9216,3021824,269312,-666536,27955,-425972,-203670,-690,1019
22230,79872,-9216,2725888,96256,-599488,14356,-415932,-169200,-366,1022
22235,18432,-9216,2465792,74752,-554480,3201,-408726,-142553,-2804,1003
22240,18432,-9216,2189312,243712,-482328,-7758,-412800,-77286,-1381,1014
22245,18432,-9216,1852416,359424,-415512,-16472,-421291,-10693,-729,1019
22250,18432,-9216,1536000,200704,-343824,-23930,-444033,76279,-385,1021
22255,18432,-9216,1350656,-44032,-301832,-30871,-353992,21289,-194,1023
22260,18432,-9216,1183744,50176,-264016,-36137,-291444,-8709,-105,1024
22265,18432,-9216,1003520,117760,-223184,-40559,-256986,-6757,-59,1024
22270,-4096,-9216,839680,62464,-191168,-44593,-226647,-9114,-1271,1015
22275,-4096,-9216,696320,-44032,-158688,-47623,-199682,-6629,-671,1019
22280,-4096,-9216,551936,-103424,-125976,-50165,-194116,17975,-357,1022
22285,-4096,-9216,394240,110592,-90248,-52453,-201231,58530,-180,1023
22290,-4096,-9216,322560,138240,-74008,-54231,-175126,46887,-99,1024
22295,-4096,-9216,303104,70656,-69600,-55773,-125751,378,-56,1024
22300,-4096,-9216,291840,-165888,-67048,-57199,-73943,-50304,-31,1024
22305,-4096,-9216,239616,-194560,-55216,-58274,-67368,-46122,-21,1024
22310,-4096,-9216,172032,-117760,-39904,-59121,-74758,-24267,-15,1024
22315,-4096,-9216,116736,152576,-27376,-59822,-71499,-15699,-15,1024
22320,-4096,-9216,43008,241664,-10672,-60227,-88883,17984,-15,1024
22325,-4096,-9216,-13312,244736,2088,-60406,-93312,34994,-15,1024
22330,-4096,-9216,-6144,18432,464,-60395,-47907,-12024,-15,1024
22335,-4096,-9216,-13312,-70656,2088,-60224,-21928,-36208,-15,1024
22340,-4096,-9216,-64512,-44032,13688,-59892,-31395,-14782,-15,1024
22346,-4096,-9216,-119808,90112,26216,-59341,-45314,12189,-15,1024
22351,-4096,-9216,-185344,226304,41064,-58649,-66060,48475,-15,1024
22356,-4096,-9216,-251904,295936,56144,-57832,-89961,89312,-15,1024
22361,-7168,-9216,-201728,6144,44080,-56853,-26886,14113,-172,1023
22366,-7168,-9216,-149504,-78848,32248,-55945,28709,-52406,-94,1024
22371,-7168,-9216,-145408,-31744,39440,-54919,15571,-31050,-51,1024
22376,-13312,-9216,-232448,261120,49648,-53921,-12623,8350,-346,1022
22381,-13312,-9216,-287744,330752,62176,-52869,-44488,53795,-185,1023
22386,-13312,-9216,-323584,147456,70296,-51622,-55331,74005,-94,1024
22391,-148480,-9216,-290816,4096,32248,-50731,-22927,4444,-7015,970
22396,-148480,-9216,-253952,-81920,23896,-50198,11004,-37306,-3683,996
22401,-169984,-9216,-304128,100352,30392,-49625,-18784,-449,-2566,1004
22406,-169984,-9216,-330752,235520,36424,-49022,-28067,15469,-1349,1014
22411,-169984,-9216,-351232,295936,41064,-48328,-30213,22949,-710,1019
22416,-349184,-9216,-332800,162816,-3712,-48263,-2043,-49932,-6618,973
22421,-413696,-6144,-362496,65536,-11600,-48297,-9031,-50866,-6590,973
22426,-413696,-6144,-408576,63488,-1160,-48362,-27126,-9583,-3244,999
22431,-456704,-9216,-458752,241664,464,-48482,-45050,-2968,-3209,999
22436,-546816,-9216,-488448,330752,-13224,-48662,-45096,-16790,-6036,977
22441,-546816,-9216,-513024,320512,-7656,-48864,-36800,-48265,-5403,982
22446,-585728,-6144,-512000,101376,-16704,-49077,-5853,-59928,-2837,1002
22451,-626688,-6144,-577536,32768,-11136,-49136,-26415,-33857,-3468,997
22456,-626688,-6144,-674816,95232,10904,-49019,-83995,-10803,-19629,871
22461,-913408,-6144,-776192,320512,-31088,-49894,-93553,12571,-10298,944
22466,-1285120,-3072,-841728,344064,-100456,-51120,-105796,-45780,-23350,842
22471,-1285120,-3072,-892928,260096,-88856,-52900,-100128,-99103,-25820,823
22476,-1514496,0,-943104,54272,-129456,-55448,-83008,-101896,-13546,919
22481,-1514496,0,-1051648,-28672,-104864,-57586,-106691,-55759,-7108,969
22486,-1514496,0,-1170432,-66560,-77952,-59337,-126210,-518617,-145067,0
22491,-3779584,44032,-1303552,80896,-560976,-61710,-135539,-487147,-76086,430
22496,-4444160,56320,-1480704,132096,-671408,-66797,-167449,-570756,-69989,478
22501,-4444160,56320,-1734656,257024,-613872,-75413,-225959,-463326,-34415,756
22506,-4444160,56320,-2014208,205824,-550536,-84495,-267256,-367775,-18054,883
22511,-7445504,53248,-2359296,84992,-1152344,-88045,-318168,-922221,-145321,0
22516,-7600128,53248,-2813952,-82944,-1084368,-93195,-387280,-790283,-80516,395
22521,-7600128,53248,-3296256,-105472,-975096,-104286,-476518,-602864,-42231,695
22526,-7600128,53248,-3847168,123904,-850280,-117775,-545756,-422299,-22152,851
22531,-8247296,16384,-4513792,335872,-845872,-131763,-642166,-335469,-48816,643
22536,-8247296,16384,-5122048,209920,-708064,-142755,-673698,-177121,-25605,824
22541,-8416256,10240,-5675008,-83968,-621064,-153364,-662154,-112274,-21080,860
22546,-8502272,0,-6238208,-79872,-512952,-163729,-615602,-61079,-15408,904
22551,-8502272,0,-6785024,154624,-389064,-171629,-618803,58110,-8085,961
22556,-8502272,0,-7225344,219136,-289304,-177942,-573570,106324,-4244,991
22561,-8416256,0,-7544832,150528,-186296,-182832,-469633,100505,2950,1001
22566,-8416256,0,-7912448,33792,-114144,-185346,-413327,113837,1544,1012
22571,-8416256,0,-8245248,-84992,-38744,-186542,-381290,156004,806,1018
22576,-8416256,0,-8497152,-43008,18328,-186701,-317124,148055,393,1021
22581,-8416256,0,-8675328,-21504,58696,-185965,-268529,141260,203,1023
22586,-7219200,0,-8804352,136192,359136,-183110,-213302,389328,50898,627
22591,-6999040,0,-8905728,128000,431984,-177361,-163548,418171,37115,735
22596,-6999040,0,-8925184,115712,436392,-170713,-104970,370649,19462,872
22601,-6999040,0,-8911872,62464,433376,-163293,-63409,333492,10203,945
22606,-3428352,-3072,-8829952,44032,1223800,-157237,-1986,1068549,201157,0
22611,-3428352,-3072,-8717312,25600,1198280,-156202,43396,998682,105495,200
22616,-2639872,-6144,-8486912,-15360,1324720,-151090,133128,1040502,88782,331
22621,-2639872,-6144,-8053760,-106496,1226584,-136741,292591,797252,43649,683
22626,-2639872,-6144,-7545856,-133120,1111512,-119332,452661,539519,22889,846
22631,-856064,-9216,-7072768,-132096,1408472,-111313,515554,781605,82963,376
22636,-856064,-9216,-6482944,-157696,1267184,-95367,608900,562917,40786,706
22641,-856064,-9216,-5849088,-70656,1131232,-77314,651046,402872,21388,857
22646,-856064,-9216,-5266432,-34816,999224,-59189,654752,285283,11214,937
22651,-238592,-9216,-4552704,-112640,977416,-41832,691310,244274,39429,716
22656,-238592,-9216,-3915776,-121856,833112,-28144,712171,92797,20675,863
22661,-68608,-9216,-3322880,-69632,737296,-15192,710806,11298,17601,887
22666,-13312,-9216,-2838528,-67584,640088,-2056,666583,-38759,11498,935
22671,-13312,-9216,-2361344,62464,531976,8391,581016,-40649,6027,977
22676,-13312,-9216,-1937408,122880,435928,17301,526478,-73249,3158,1000
22681,-10240,-9216,-1572864,146432,354032,25486,444228,-63782,1708,1011
22686,-10240,-9216,-1342464,153600,301832,31605,348013,-14576,892,1018
22691,-10240,-9216,-1125376,160768,252648,36564,272969,16243,465,1021
22696,-10240,-9216,-921600,57344,200912,40995,228459,13448,225,1023
22701,-10240,-9216,-731136,53248,163328,44245,191270,16303,114,1024
22706,-10240,-9216,-606208,57344,135024,46920,160059,21885,56,1024
22711,-7168,-9216,-474112,-27648,105792,49255,134654,20393,182,1023
22716,-7168,-9216,-402432,15360,89552,50927,94160,46319,91,1024
22721,-7168,-9216,-326656,62464,72384,52238,71968,52654,45,1024
22726,-4096,-6144,-238592,-17408,53128,53373,68996,37505,177,1023
22731,-4096,-6144,-189440,5120,41992,54137,52255,43874,90,1024
22736,-4096,-6144,-156672,31744,34568,54673,30396,58845,44,1024
22741,-4096,-6144,-88064,-81920,19024,55064,42536,31552,18,1024
22746,-4096,-6144,-56320,-88064,11832,55205,29868,37169,7,1024
22751,-4096,-6144,-33792,-79872,6728,55182,14354,47556,0,1024
22756,-4096,-6144,58368,-157696,-14152,54978,51406,-10580,0,1024
22761,-4096,-6144,102400,-113664,-24128,54636,56604,-26096,0,1024
22766,-4096,10240,151552,-50176,-35264,54136,65531,-46659,0,1024
22771,-4096,10240,197632,8192,-45704,53415,70018,-62307,0,1024
22776,-4096,10240,211968,13312,-48952,52666,58623,-54909,0,1024
22781,0,126976,245760,-16384,-55680,51824,65611,-69467,140,1023
22786,0,169984,289792,-186368,-65656,50747,73862,-88771,65,1024
22791,0,169984,313344,-232448,-70992,49680,72863,-94175,30,1024
22796,0,169984,350208,-231424,-79344,48527,83925,-114742,13,1024
22801,0,309248,350208,-40960,-79344,47138,63787,-95993,2,1024
22806,0,309248,356352,53248,-80736,45837,55537,-90436,0,1024
22811,0,328704,325632,120832,-73776,44351,20596,-50021,0,1024
22816,0,328704,334848,66560,-75864,42989,21549,-54424,0,1024
22821,0,328704,345088,52224,-78184,41650,28284,-64818,0,1024
22826,0,440320,344064,287744,-77952,40102,21285,-59135,0,1024
22831,0,440320,346112,445440,-78416,38678,17602,-57340,0,1024
22836,0,440320,327680,543744,-74240,37237,-1010,-35993,0,1024
22841,0,440320,240640,442368,-54520,35687,-65257,46424,0,1024
22846,0,440320,261120,389120,-59160,34217,-51923,26980,0,1024
22851,0,440320,283648,421888,-64264,32678,-41103,9517,0,1024
22856,0,440320,293888,580608,-66584,31002,-34551,-1031,0,1024
22861,0,1310720,314368,551936,-71224,29442,-22101,-19681,0,1024
22866,0,1310720,343040,420864,-77720,27837,-5267,-44616,0,1024
22871,0,1310720,430080,345088,-97440,26024,53494,-124910,0,1024
22876,0,1849344,436224,536576,-98832,24402,55238,-129668,0,1024
22881,0,1849344,410624,720896,-93032,22807,35766,-105991,0,1024
22886,0,1849344,395264,768000,-89552,21099,27757,-96210,0,1024
22891,0,1849344,387072,804864,-87696,19598,27103,-95201,0,1024
22896,0,2912256,377856,987136,-85608,18128,25358,-92838,0,1024
22901,0,2912256,339968,1443840,-77024,16573,3453,-63904,0,1024
22906,0,2912256,289792,1628160,-65656,15219,-26656,-23781,0,1024
22911,0,2912256,253952,1705984,-57536,13927,-44774,1165,0,1024
22916,0,2912256,270336,1819648,-61248,12539,-22709,-26000,0,1024
22921,0,2848768,286720,2078720,-64960,11261,-6931,-46768,0,1024
22926,0,2848768,321536,2391040,-72848,9993,5748,-64328,0,1024
22931,0,2848768,257024,2683904,-58232,8577,-29467,-20188,0,1024
22936,0,2848768,212992,2737152,-48256,7313,-61424,20481,0,1024
22941,0,2848768,229376,2744320,-54752,5888,-39404,-9460,0,1024
22946,0,2848768,259072,2902016,-58696,4536,-30351,-23809,0,1024
22951,0,2848768,270336,3066880,-61248,3162,-23971,-34115,0,1024
22956,0,1310720,289792,3038208,-65656,1633,26701,-102324,0,1024
22961,0,1310720,381952,2777088,-86536,269,57614,-143881,0,1024
22966,0,1310720,387072,2876416,-87696,-1091,60344,-149131,0,1024
22971,0,1013760,358400,3014656,-68672,-2559,-3753,-67478,0,1024
22976,0,1013760,261120,2718720,-59160,-3800,-27849,-35111,0,1024
22981,0,747520,226304,2587648,-51272,-4940,-41550,-14662,0,1024
22986,0,747520,202752,2666496,-43152,-6081,-53598,4365,0,1024
22991,0,747520,160768,2166784,-36424,-7062,-61963,18477,0,1024
22996,0,467968,209920,1821696,-47560,-8017,-14573,-41004,0,1024
23001,0,467968,187392,1901568,-42456,-9023,-23868,-27611,0,1024
23006,0,467968,120832,1593344,-27376,-9863,-64625,27386,0,1024
23011,6144,185344,141312,1312768,-30624,-10669,-42273,980,241,1023
23016,9216,7168,161792,1430528,-34568,-11562,-23753,-22377,272,1022
23021,9216,7168,176128,1174528,-37816,-12419,-15354,-34881,140,1023
23026,9216,7168,221184,777216,-48024,-13355,11325,-72704,70,1024
23031,3072,-9216,309248,776192,-69368,-14520,62685,-146573,-285,1022
23036,3072,-9216,297984,815104,-66816,-15647,41343,-123806,-154,1023
23041,0,-9216,258048,586752,-58464,-16807,2237,-77508,-198,1023
23046,-4096,-6144,276480,459776,-63568,-18144,8078,-89790,-312,1022
23051,-4096,-6144,272384,544768,-62640,-19398,-528,-81510,-166,1023
23056,0,-6144,269312,404480,-61016,-20668,-8113,-73571,58,1024
23061,0,-6144,329728,-43008,-74704,-22078,33941,-130723,27,1024
23066,0,-6144,334848,-38912,-75864,-23349,37579,-136792,11,1024
23071,0,-6144,330752,114688,-74936,-24599,5393,-96705,0,1024
23076,0,-6144,262144,22528,-59392,-25955,-17419,-67928,0,1024
23081,0,-6144,272384,-80896,-61712,-27140,-5015,-83837,0,1024
23086,0,-6144,260096,126976,-56144,-28437,-20127,-64454,0,1024
23091,0,-6144,235520,153600,-53360,-29614,-27241,-55733,0,1024
23096,0,-6144,192512,-24576,-43616,-30786,-57328,-17074,0,1024
23101,0,-6144,221184,-292864,-62872,-32087,8801,-103760,0,1024
23106,0,-6144,323584,-201728,-73312,-33307,40803,-147422,0,1024
23111,0,-6144,280576,-155648,-63568,-34508,7986,-106062,0,1024
23116,0,-6144,292864,-269312,-66352,-35728,15169,-134795,0,1024
23121,0,-6144,297984,-413696,-67512,-37108,14526,-119146,0,1024
23126,0,-6144,303104,-280576,-68672,-38328,18336,-125336,0,1024
23131,0,-6144,311296,-123904,-70528,-39547,24452,-107022,0,1024
23136,0,-6144,245760,-164864,-55680,-40824,-20781,-75723,0,1024
23141,0,-6144,238592,-216064,-54056,-41920,-17993,-77983,0,1024
23146,308224,-6144,224256,-99328,29232,-41539,-48435,36128,10100,946
23151,308224,-6144,137216,109568,38744,-41045,-61883,59582,5294,983
23156,308224,-6144,96256,50176,48024,-40472,-77110,84662,2773,1003
23161,308224,-6144,148480,-216064,36192,-39793,-23856,20255,1359,1014
23166,308224,-6144,180224,-140288,29000,-39223,2834,-13057,710,1019
23171,308224,-6144,229376,-12288,17864,-38733,34377,-55246,369,1022
23176,1032192,-9216,268288,-88064,173072,-35807,50419,86846,23908,838
23181,1032192,-9216,340992,-178176,156600,-32847,85543,38210,12535,927
23186,2527232,-9216,399360,-128000,482096,-29988,92921,359187,100010,243
23191,2527232,-9216,464896,120832,467248,-25189,86208,355851,49170,640
23196,2756608,-9216,598016,86016,489056,-18898,112152,358006,36166,742
23201,2756608,-9216,831488,-57344,436160,-11783,181356,243021,18964,886
23206,2756608,-9216,1166336,-311296,360296,-4126,274231,81939,9320,952
23211,5921792,-9216,1440768,-296960,1015232,-1518,306475,707239,148148,0
23216,5921792,-9216,1716224,-196608,952824,2233,323572,631485,77694,455
23221,5921792,-9216,2135040,-112640,857936,13478,373659,497755,38197,726
23226,5921792,-9216,2697216,-176128,730568,25528,498319,257777,20029,868
23231,8501248,-9216,3257344,-198656,1188072,35967,575107,648932,171717,0
23236,8501248,-9216,3750912,-147456,1076248,39107,540890,574465,84426,365
23241,8501248,-9216,4327424,-148480,945632,49488,581028,414092,44275,679
23246,11680768,-9216,5012480,-204800,1510784,60839,676267,895356,208065,0
23251,11680768,-9216,5670912,-239616,1361608,61726,708499,714835,109118,172
23256,11680768,-9216,6253568,-177152,1229600,71773,680008,621365,57225,577
23261,11680768,-9216,7009280,-164864,1058384,86823,759515,385692,30009,790
23266,11680768,-9216,7884800,-237568,860024,103879,839482,124421,14751,909
23271,10802176,-9216,8504320,-184320,520608,113787,774765,-140370,-29549,794
23276,10281984,-9216,9168896,-157696,252184,120051,749888,-377653,-45981,665
23281,10281984,-9216,9916416,-320512,82824,122531,761397,-556042,-22611,848
23286,10281984,-9216,10310656,-334848,-6496,123198,649830,-533128,-11863,932
23291,10281984,-9216,10553344,-314368,-61480,122478,468014,-407016,-6225,976
23296,10281984,-9216,10689536,-145408,-92336,120696,288127,-259767,-3065,1001
23301,4301824,-9216,10728448,-41984,-1456032,120332,155044,-1490744,-239509,0
23306,4301824,-9216,10604544,-88064,-1427960,120215,-8056,-1299689,-125617,43
23311,4301824,-9216,10253312,-208896,-1348384,110248,-212097,-1026039,-61767,542
23317,4301824,-9216,9681920,31744,-1218928,93700,-436850,-688378,-32398,771
23322,4301824,-9216,9055232,-336896,-1076944,75485,-568648,-432811,-16995,892
23327,4301824,-9216,8221696,-164864,-888096,56682,-711839,-119575,-8359,959
23332,4301824,-9216,7488512,-139264,-721984,41991,-766516,86523,-4388,990
23337,423936,-18432,6795264,-61440,-1443504,33215,-787193,-623096,-215324,0
23342,423936,-18432,6311936,129024,-1334000,32088,-641970,-659942,-105875,197
23347,240640,-9216,5782528,-119808,-1255584,22860,-618470,-614254,-62822,534
23352,240640,-9216,5260288,-40960,-1137264,7683,-608683,-520898,-32951,767
23357,240640,-9216,4789248,-378880,-1030544,-11263,-540351,-501456,-16204,898
23362,82944,-9216,4221952,-274432,-937744,-27709,-582257,-383196,-14775,909
23367,82944,-9216,3679232,-149504,-814784,-43265,-603198,-254851,-7753,964
23372,82944,-9216,3175424,-439296,-700640,-58710,-563668,-195682,-3815,995
23377,73728,-9216,2734080,69632,-602736,-71002,-535739,-137999,-2349,1006
23382,113664,-9216,2282496,-30720,-491376,-82488,-541900,-20364,898,1017
23387,113664,-9216,1880064,-26624,-400200,-91222,-518618,27196,466,1021
23392,129024,-9216,1669120,105472,-348928,-98554,-400728,-46754,813,1018
23397,129024,-9216,1371136,-154624,-281416,-105305,-365203,-21518,395,1021
23402,129024,-9216,1189888,-14336,-240352,-110520,-307853,-43019,204,1023
23407,119808,-9216,1062912,92160,-213672,-115050,-244318,-84404,-240,1023
23412,79872,-12288,922624,-185344,-190936,-119417,-205809,-104544,-2050,1008
23417,79872,-12288,877568,-177152,-180728,-123087,-141241,-162574,-1079,1016
23422,79872,-12288,803840,54272,-164024,-126398,-115756,-174666,-570,1020
23427,39936,-15360,647168,14336,-137576,-129699,-155447,-111828,-2213,1007
23432,39936,-15360,614400,-171008,-130152,-132517,-120369,-142300,-1164,1015
23437,21504,-15360,562176,-95232,-122496,-135137,-106095,-151538,-1220,1015
23442,21504,-15360,509952,75776,-110664,-137726,-89399,-158991,-644,1019
23447,21504,-15360,440320,-97280,-94888,-139798,-92830,-141856,-341,1022
23452,0,-18432,405504,-150528,-91872,-141717,-74069,-159520,-876,1018
23457,0,-21504,314368,129024,-71224,-143515,-95515,-119224,-463,1021
23462,0,-21504,239616,68608,-54288,-144874,-105177,-93985,-247,1023
23467,0,-36864,201728,-150528,-45704,-145991,-88653,-103042,-133,1023
23472,0,-39936,161792,-71680,-36656,-146957,-71143,-112470,-70,1024
23477,0,-39936,110592,59392,-25056,-147567,-67001,-105622,-41,1024
23482,0,-39936,19456,-18432,-4408,-147912,-92589,-59731,-26,1024
23487,0,-33792,-40960,-260096,9280,-148008,-90352,-48376,-15,1024
23492,0,-33792,-86016,-159744,19488,-147966,-91315,-37163,-15,1024
23497,0,-33792,-139264,-57344,31552,-147734,-98671,-17511,-15,1024
23502,0,-33792,-133120,-349184,30160,-147312,-61183,-55969,-15,1024
23507,0,-33792,-84992,-466944,19256,-146886,-5428,-122202,-15,1024
23512,0,-30720,-75776,-358400,17168,-146435,12553,-141820,-15,1024
23517,0,-30720,-123904,-229376,28072,-145877,-13644,-104161,-15,1024
23522,0,-33792,-174080,-356352,39440,-145248,-37063,-68745,-15,1024
23527,0,-33792,-143360,-504832,32480,-144594,-3397,-108717,-15,1024
23532,0,-33792,-100352,-444416,22736,-143875,34813,-155952,-15,1024
23537,0,-33792,-97280,-304128,22040,-143202,39839,-161001,-15,1024
23542,0,-33792,-142336,-299008,32248,-142457,13081,-123290,-15,1024
23547,0,-33792,-139264,-455680,31552,-141635,19575,-129658,-15,1024
23552,0,-33792,-167936,-381952,38048,-140818,4796,-107566,-15,1024
23557,0,-33792,-169984,-216064,38512,-139960,10441,-111889,-15,1024
23562,0,-39936,-178176,-132096,40368,-138990,9673,-108295,-15,1024
23567,0,-43008,-182272,-266240,41296,-138062,12874,-109640,-15,1024
23572,0,-43008,-138240,-331776,31320,-137124,49971,-155775,-15,1024
23577,0,-49152,-169984,-62464,38512,-136124,24280,-121892,-15,1024
23582,0,-55296,-208896,33792,47328,-135186,-4625,-83233,-15,1024
23587,0,-55296,-256000,-43008,58000,-134256,-40012,-36244,-15,1024
23592,0,-55296,-249856,-201728,56608,-133257,-35687,-40962,-15,1024
23597,0,-58368,-249856,-122880,56608,-132356,-35365,-40383,-15,1024
23602,0,-58368,-231424,-1024,52432,-131470,-22192,-56846,-15,1024
23607,0,-58368,-240640,-35840,54520,-130478,-28721,-47237,-15,1024
23612,0,-58368,-246784,-167936,55912,-129587,-32761,-40914,-15,1024
23617,0,-58368,-203776,-223232,46168,-128721,-2089,-80464,-15,1024
23622,0,-58368,-249856,-55296,56608,-127716,-34528,-36580,-15,1024
23627,0,-67584,-263168,-27648,59624,-126805,-43902,-23279,-15,1024
23632,0,-67584,-286720,-121856,64960,-125884,-47241,-16346,-15,1024
23637,0,-82944,-239616,-392192,54288,-124815,-16662,-53865,-15,1024
23642,0,-82944,-226304,-310272,51272,-123848,-2938,-69638,-15,1024
23647,0,-82944,-226304,-176128,51272,-122858,26724,-106114,-15,1024
23652,0,-119808,-206848,-264192,46864,-121701,22891,-97728,-15,1024
23657,0,-119808,-198656,-412672,45008,-120568,38118,-113678,-15,1024
23662,0,-119808,-190464,-456704,45704,-119295,40964,-114555,-15,1024
23667,0,-119808,-231424,-245760,52432,-118060,25955,-91583,-15,1024
23672,-4096,-141312,-280576,-181248,62640,-116784,-3489,-50655,-240,1023
23677,-4096,-141312,-294912,-328704,65888,-115339,-4258,-45193,-121,1024
23682,-10240,-153600,-268288,-412672,58464,-114057,19977,-75570,-311,1022
23687,-10240,-153600,-269312,-356352,58696,-112795,20333,-74432,-165,1023
23692,-10240,-153600,-241664,-208896,52432,-111451,37017,-96036,-85,1024
23697,-111616,-256000,-259072,-79872,33408,-110667,20046,-97305,-3828,995
23702,-157696,-263168,-272384,-190464,25984,-110001,5611,-89628,-4543,989
23707,-157696,-263168,-307200,-237568,33872,-109470,-26438,-49160,-2238,1007
23712,-157696,-263168,-326656,-122880,38280,-108950,-40965,-29705,-1176,1015
23717,-157696,-263168,-353280,-18432,44312,-108411,-59382,-4717,-620,1020
23722,-157696,-263168,-375808,-206848,49880,-107751,-69686,11815,-308,1022
23727,-702464,-369664,-355328,-343040,-78648,-108988,-49318,-138318,-20482,864
23732,-1629184,-504832,-330752,-382976,-294176,-111181,-27643,-377714,-58470,568
23737,-1629184,-504832,-339968,-274432,-292088,-115550,-21710,-385928,-28752,800
23742,-2420736,-555008,-432128,-268288,-450544,-120408,-57305,-513647,-44604,676
23747,-2420736,-555008,-584704,-430080,-415976,-126778,-115492,-427262,-23397,842
23752,-2420736,-555008,-795648,-521216,-368184,-134112,-173864,-328432,-11508,935
23757,-6241280,-555008,-1080320,-308224,-1169280,-134762,-253704,-1050338,-148527,0
23762,-6999040,-560128,-1462272,-413696,-1254424,-136501,-360074,-1030851,-116925,111
23767,-6999040,-560128,-1932288,-578560,-1147936,-146266,-444917,-849285,-57495,575
23772,-6999040,-560128,-2547712,-227328,-1008504,-160587,-576221,-592870,-30158,789
23777,-8247296,-584704,-3176448,-574464,-1148864,-172576,-637140,-684300,-80103,438
23782,-8247296,-584704,-4035584,-458752,-954216,-185227,-780217,-359226,-39390,717
23787,-8163328,-584704,-4706304,-690176,-783232,-198513,-755282,-226463,-17726,886
23792,-8163328,-584704,-5556224,-559104,-590672,-210320,-855651,54659,-8719,956
23797,-8163328,-584704,-6215680,-458752,-441264,-220783,-779264,117217,-4575,989
23802,-7600128,-605184,-6736896,-561152,-195576,-224773,-697531,277182,17289,889
23807,-7600128,-605184,-7122944,-348160,-108112,-227246,-566594,231236,8497,958
23812,-7600128,-605184,-7501824,-500736,-22272,-228459,-497815,247084,4453,990
23817,-6855680,-605184,-7680000,-667648,186760,-226188,-364147,324719,28362,803
23822,-6176768,-600064,-7700480,-547840,345216,-222731,-199808,322293,47649,652
23827,-6176768,-600064,-7685120,-342016,341736,-217131,-79497,204102,23425,841
23832,-6176768,-600064,-7635968,-378880,330600,-211379,-11131,130352,12282,929
23837,-3618816,-605184,-7529472,-484352,886008,-208435,45967,631606,129936,9
23842,-3618816,-605184,-7374848,-546816,850976,-202712,93506,554758,63884,525
23847,-3618816,-605184,-7094272,-584704,787408,-192452,198166,396790,33500,763
23852,-3618816,-605184,-6732800,-606208,705512,-180671,303388,221453,16467,896
23857,-1393664,-589824,-6310912,-607232,1114064,-168965,387520,557579,147706,0
23862,-1393664,-589824,-5992448,-564224,1041912,-164774,392729,484409,77462,419
23867,-1063936,-589824,-5671936,-517120,1044000,-153281,372592,513255,53008,610
23872,-1063936,-589824,-5196800,-545792,936352,-139817,432799,363736,27797,807
23877,-1063936,-589824,-4713472,-609280,826848,-125397,504928,196523,14575,911
23882,-1063936,-589824,-4248576,-661504,721520,-110338,517424,84014,7163,969
23887,-1063936,-584704,-3794944,-672768,618744,-98084,488141,32519,3754,995
23892,-1063936,-584704,-3384320,-646144,525712,-87461,464997,-26746,1965,1009
23897,-1063936,-584704,-3014656,-722944,432216,-77606,433327,-78717,962,1017
23902,-1063936,-584704,-2658304,-786432,361224,-70170,385914,-94860,500,1021
23907,-1063936,-584704,-2353152,-874496,292088,-64002,362964,-134878,258,1022
23912,-1829888,-324608,-2099200,-848896,61016,-61109,328690,-328783,-32380,772
23917,-2500608,-246784,-1952768,-752640,-124120,-60737,257168,-442025,-56286,585
23922,-2500608,-246784,-1863680,-611328,-144304,-62506,189721,-396531,-29524,794
23927,-2818048,-153600,-1910784,-450560,-205552,-65463,67677,-338692,-27990,806
23932,-2818048,-153600,-2012160,-471040,-182584,-68726,-30408,-220902,-14683,910
23937,-2818048,-153600,-2156544,-550912,-149872,-71831,-110822,-110881,-7704,968
23942,-2880512,-119808,-2304000,-506880,-130616,-74792,-147518,-57890,-6442,974
23947,-2528256,-92160,-2471936,-354304,-12760,-76553,-171374,82061,17257,890
23952,-2528256,-92160,-2638848,-216064,25056,-76385,-212005,174202,8480,958
23957,-2528256,-92160,-2855936,-185344,74240,-75406,-213325,212159,4444,990
23962,-2528256,-92160,-2947072,-266240,94888,-73951,-176124,197061,2327,1006
23967,-2528256,-92160,-2995200,-267264,108808,-71879,-126761,163690,1140,1016
23972,-1423360,-67584,-3039232,-101376,366096,-68274,-90134,387956,44549,676
23977,-1271808,-67584,-3036160,-24576,399736,-62963,-54034,390807,32239,773
23982,-1271808,-67584,-2955264,-60416,381408,-56140,8571,316697,15848,901
23987,-734208,-70656,-2827264,-121856,474208,-49535,68480,356193,29695,793
23992,-654336,-67584,-2619392,-207872,445208,-42245,150799,252164,19958,869
23997,-654336,-67584,-2330624,-329728,379784,-34248,244271,101265,9809,948
24002,-654336,-67584,-2126848,-305152,333616,-27476,259785,46355,5141,984
24007,-299008,-70656,-1936384,-252928,370968,-21360,250353,99255,22211,851
24012,-299008,-70656,-1741824,-108544,322944,-14846,235527,72571,10916,939
24017,-188416,-67584,-1483776,-88064,293480,-9352,253760,30368,10122,945
24022,-188416,-67584,-1255424,-95232,241744,-4416,264879,-27551,5305,983
24027,-188416,-67584,-1035264,-123904,191864,186,258798,-66748,2606,1004
24032,-4096,-67584,-873472,-138240,196968,4081,235126,-34077,8237,960
24037,-4096,-67584,-740352,-133120,166808,7536,203226,-28882,4317,991
24042,-4096,-67584,-643072,-117760,144768,10737,146611,8894,2119,1008
24047,-4096,-67584,-531456,-128000,119480,13103,129961,2622,1108,1016
24052,-4096,-67584,-429056,-118784,96280,15014,111131,163,578,1020
24057,-4096,-67584,-348160,-105472,77488,16681,85600,8569,281,1022
24062,119808,-52224,-265216,-83968,87232,18241,76397,29076,4765,987
24067,387072,-76800,-192512,-87040,131312,19919,69432,81799,16259,897
24072,387072,-76800,-81920,-163840,106256,22206,94160,34302,7990,962
24077,479232,-92160,-2048,-222208,109040,24382,104040,29382,7623,965
24082,1003520,-116736,72704,-259072,210888,26913,111028,126773,30994,782
24087,1003520,-116736,121856,-179200,199752,30720,93598,136874,15236,905
24092,1003520,-116736,186368,-112640,185136,34241,91842,127535,7987,962
24097,2879488,-144384,261120,-38912,593224,36998,90374,539848,100795,237
24102,2879488,-144384,350208,2048,573040,42769,87046,528763,49556,637
24107,2879488,-144384,577536,-73728,521536,50436,164844,407128,25987,821
24112,4119552,-156672,873472,-121856,735440,57377,255528,537289,77486,419
24117,4119552,-156672,1150976,-93184,672568,66231,285786,453013,38095,727
24122,4490240,-153600,1429504,-49152,693448,75344,288701,480091,32936,767
24127,4490240,-153600,1800192,-27648,609464,85436,331811,363089,17269,890
24132,4490240,-153600,2360320,-125952,482560,95831,455450,122941,8488,958
24137,6305792,-138240,2786304,-150528,797384,100625,480671,417338,67927,494
24142,6643712,-129024,3148800,-90112,791816,109229,450252,450793,51935,619
24147,6643712,-129024,3577856,-56320,694608,120550,437067,378091,25532,825
24152,6643712,-129024,4084736,-75776,579768,131024,515416,195376,13387,920
24157,7218176,-86016,4589568,-140288,595544,140133,555520,180157,34752,753
24162,7218176,-86016,4980736,-92160,506920,149707,482633,173994,17085,891
24167,7677952,-70656,5352448,-34816,526872,157714,444732,239854,25032,829
24172,7677952,-70656,5761024,-29696,434304,165571,445696,154179,13125,922
24177,7677952,-49152,6266880,-149504,525712,172939,492937,205714,63282,530
24182,8587264,-49152,6591488,-128000,452168,179199,447257,184110,33184,765
24187,8762368,-43008,6882304,-59392,425952,185857,394256,217553,25855,823
24192,8762368,-43008,7172096,-11264,352872,192890,357124,188638,12708,925
24197,8762368,-43008,7571456,-95232,269816,198404,386120,82100,6660,972
24202,8762368,-39936,7918592,-156672,191168,202772,403825,-9885,3489,997
24207,8762368,-39936,8199168,-149504,127600,206169,354439,-20670,1712,1011
24212,8762368,-39936,8421376,-80896,77256,208052,301610,-16302,895,1018
24217,8762368,-39936,8631296,-56320,29696,208863,257386,-18827,465,1021
24222,8762368,-39936,8862720,-100352,-367256,208501,279142,-437897,-91615,309
24227,7292928,-24576,9126912,-132096,-415512,204674,268333,-479171,-48052,649
24232,6925312,-21504,9241600,-134144,-524784,198739,215539,-541584,-41844,698
24237,6925312,-21504,9238528,49152,-524088,190090,111923,-445921,-20578,864
24242,6925312,-21504,9164800,94208,-507384,181322,27711,-353773,-10797,940
24247,5327872,-18432,9007104,95232,-833576,174933,-63730,-594913,-77970,415
24252,5327872,-18432,8767488,19456,-779288,164858,-162802,-451628,-38340,725
24257,5327872,-18432,8516608,62464,-722448,153380,-222275,-346793,-20110,867
24262,5327872,-18432,8237056,201728,-659112,141567,-263928,-253617,-10550,942
24267,3389440,-12288,7874560,244736,-1016160,131180,-317239,-567741,-118771,97
24272,3389440,-12288,7568384,61440,-946792,124497,-331720,-490575,-62294,538
24277,3389440,-12288,7273472,15360,-879976,112936,-322311,-444729,-32674,769
24282,2787328,-15360,6842368,304128,-918720,99006,-377068,-442646,-51349,623
24287,2787328,-15360,6479872,152576,-836592,86835,-405192,-344565,-26934,814
24292,2787328,-15360,6121472,-113664,-755392,73826,-397011,-284555,-14129,914
24297,2787328,-15360,5734400,72704,-667696,60037,-383528,-224131,-6950,970
24302,2787328,-15360,5335040,179200,-577216,48658,-406523,-122035,-3648,996
24307,1310720,-98304,4967424,-47104,-828472,40910,-411044,-376518,-64575,520
24312,1184768,-113664,4662272,-210944,-787872,29958,-356574,-401340,-39134,719
24317,1184768,-113664,4380672,-49152,-724072,18611,-324365,-381096,-20528,864
24323,665600,-135168,4025344,20480,-761192,7770,-351020,-402402,-32800,768
24328,665600,-135168,3647488,-283648,-675584,-4797,-369747,-310634,-16130,898
24333,665600,-135168,3338240,-262144,-605520,-16087,-362197,-259410,-8463,958
24338,419840,-122880,3051520,-105472,-596240,-26485,-338261,-284464,-14871,908
24343,308224,-67584,2699264,-306176,-541720,-37194,-339764,-239150,-13447,919
24348,308224,-67584,2375680,-342016,-468408,-46146,-348530,-166024,-7057,969
24353,275456,-43008,2082816,-139264,-409480,-54207,-339764,-123923,-5095,985
24358,231424,-30720,1766400,-184320,-347768,-61963,-336551,-73180,-4928,986
24363,231424,-30720,1562624,-343040,-301600,-68094,-287841,-81853,-2588,1004
24368,231424,-30720,1384448,-312320,-261232,-73388,-240979,-93641,-1361,1014
24373,211968,-21504,1147904,-74752,-212048,-78299,-241575,-48772,-1742,1011
24378,211968,-21504,943104,-101376,-165648,-81998,-246544,-1102,-916,1017
24383,211968,-21504,804864,-242688,-134328,-85071,-218546,-853,-483,1021
24388,211968,-21504,795648,-367616,-132240,-87910,-112566,-107584,-240,1023
24393,211968,-21504,727040,-209920,-116696,-90023,-71178,-135541,-129,1023
24398,193536,-21504,611328,-71680,-94656,-91828,-81023,-105871,-755,1019
24403,172032,-21504,514048,-201728,-77488,-93464,-79003,-91949,-1506,1013
24408,172032,-21504,472064,-332800,-67976,-94721,-52348,-110349,-793,1018
24413,156672,-18432,436224,-290816,-63336,-95940,-29421,-129855,-967,1017
24418,156672,-18432,424960,-185344,-60784,-96874,-253,-157405,-511,1021
24423,156672,-18432,373760,-136192,-49184,-97635,-5256,-141563,-271,1022
24428,168960,-21504,319488,-225280,-34104,-98273,-15491,-116886,322,1022
24433,215040,-33792,278528,-281600,-14384,-98579,-18176,-94787,2538,1005
24438,215040,-33792,214016,-206848,232,-98605,-38945,-59428,1328,1014
24443,215040,-33792,181248,72704,7656,-98485,-35342,-55487,649,1019
24448,321536,-64512,152576,83968,38280,-98081,-34447,-25354,5821,979
24453,321536,-64512,115712,8192,46632,-97276,-39668,-10976,3050,1001
24458,358400,-89088,103424,-45056,57768,-96137,-29823,-8546,2785,1003
24463,384000,-104448,83968,35840,67976,-94923,-26174,-773,2775,1003
24468,384000,-104448,72704,145408,70528,-93590,-21825,-1237,1452,1013
24473,384000,-104448,-6144,190464,88392,-92039,-67494,63847,711,1019
24478,423936,-119808,-33792,90112,103704,-90542,-79806,92968,2297,1007
24483,423936,-119808,-30720,-14336,103008,-88969,-73013,30487,1125,1016
24488,423936,-119808,69632,-157696,80272,-87305,998,-8031,587,1020
24493,423936,-119808,92160,-102400,75168,-85877,10109,-20818,303,1022
24498,423936,-119808,122880,-50176,68208,-84455,29604,-45851,146,1023
24503,379904,-119808,167936,-104448,48024,-83173,53299,-88448,-1467,1013
24508,379904,-119808,182272,-197632,44776,-82057,55560,-92841,-774,1018
24513,379904,-119808,197632,-291840,41296,-80973,66506,-109589,-384,1021
24518,379904,-119808,212992,-333824,37816,-79835,60666,-102685,-205,1023
24523,196608,-119808,197632,-281600,-232,-79178,46093,-125503,-8960,954
24528,196608,-119808,187392,-210944,2088,-78918,37567,-84971,-4409,990
24533,196608,-119808,128000,-74752,15544,-78608,-5554,-57510,-2316,1006
24538,196608,-119808,103424,-129024,21112,-78207,-14504,-42591,-1218,1015
24543,196608,-119808,65536,-189440,29696,-77678,-27081,-20901,-644,931
24548,15360,-119808,24576,-264192,-2088,-77803,-35469,-44422,-6261,976
24553,0,-122880,-10240,-300032,2320,-77832,-39921,-35591,-3982,993
24558,0,-122880,-50176,-334848,11368,-77749,-46587,-47812,-1962,1009
24563,0,-122880,-61440,-283648,13920,-77458,-25554,-37984,-1033,1016
24568,0,-122880,-102400,-288768,23200,-77007,-27689,-26118,-545,1020
24573,0,-122880,-143360,-269312,32480,-76387,-29307,-14600,-271,1022
24578,0,-138240,-158720,-188416,35960,-75531,-10569,-29002,-146,1023
24583,0,-138240,-221184,-156672,50112,-74572,-29375,4915,-80,1024
24588,0,-138240,-279552,-102400,63336,-73485,-11555,-8931,-43,1024
24593,0,-138240,-302080,-92160,68440,-72167,-40127,36400,-27,1024
24598,0,-159744,-353280,-39936,80040,-70878,-60357,69519,-17,1024
24603,0,-168960,-373760,13312,84680,-69540,-39771,49032,-15,1024
24608,0,-168960,-370688,-18432,83984,-68000,-49766,65750,-15,1024
24613,0,-199680,-368640,2048,83520,-66636,-44992,61876,-15,1024
24618,0,-252928,-355328,1024,80504,-65281,-26082,39369,-15,1024
24623,0,-252928,-339968,-22528,77024,-63781,-22548,35791,-15,1024
24628,0,-252928,-347136,-45056,78648,-62430,-28985,45203,-15,1024
24633,-4096,-281600,-335872,-84992,75168,-60945,-27046,43125,-255,1023
24638,-4096,-281600,-336896,-107520,75400,-59629,-23546,39317,-137,1023
24643,-7168,-294912,-326656,-176128,72384,-58320,-17327,31391,-206,1023
24648,-7168,-294912,-328704,-197632,72848,-56869,-18589,34568,-105,1024
24653,-7168,-294912,-302080,-294912,66816,-55552,1411,9853,-59,1024
24658,-7168,-294912,-296960,-365568,65656,-54221,6529,4906,-35,1024
24663,-7168,-294912,-304128,-387072,67280,-52716,5427,9137,-22,1024
24668,-7168,-294912,-311296,-437248,68904,-51307,5519,12078,-15,1024
24673,-7168,-294912,-314368,-473088,69600,-49872,9064,10664,-15,1024
24678,-7168,-294912,-315392,-471040,69832,-48270,13608,7954,-15,1024
24683,-7168,-294912,-319488,-475136,70760,-46788,15880,8092,-15,1024
24688,-7168,-294912,-334848,-447488,74240,-45297,8112,20831,-15,1024
24693,-7168,-294912,-323584,-462848,71688,-43672,17865,10151,-15,1024
24698,-7168,-294912,-345088,-415744,76560,-42195,2203,32162,-15,1024
24703,-10240,-285696,-375808,-366592,82824,-40746,-21894,63972,-135,1023
24708,-10240,-285696,-348160,-386048,76560,-39192,-4567,41935,-71,1024
24713,-10240,-285696,-370688,-337920,81664,-37814,-26128,69978,-41,1024
24718,-10240,-285696,-376832,-296960,83056,-36477,-36949,83528,-26,1024
24723,-10240,-285696,-377856,-322560,83288,-34996,-40621,88913,-15,1024
24728,-10240,-285696,-374784,-304128,82592,-33705,-44373,93260,-15,1024
24733,-10240,-285696,-362496,-300032,79808,-32434,-40862,88236,-15,1024
24738,-10240,-285696,-361472,-294912,79576,-30990,-39978,88564,-15,1024
24743,-10240,-285696,-354304,-294912,77952,-29699,-36364,84617,-15,1024
24748,-10240,-285696,-337920,-314368,74240,-28405,-25199,71034,-15,1024
24753,-10240,-285696,-333824,-303104,73312,-26961,-22089,68440,-15,1024
24758,-10240,-285696,-323584,-328704,70992,-25675,-15698,61015,-15,1024
24763,-10240,-285696,-314368,-369664,68904,-24246,-12783,58833,-15,1024
24768,-10240,-285696,-313344,-346112,68672,-22940,-6621,52353,-15,1024
24773,-10240,-285696,-306176,-396288,67048,-21625,-138,45561,-15,1024
24778,-10240,-285696,-310272,-371712,67976,-20157,-827,48646,-15,1024
24783,-292864,-291840,-306176,-424960,3016,-19304,4899,-21187,-14569,911
24788,-292864,-291840,-305152,-470016,2784,-19185,8950,-25351,-7645,965
24793,-489472,-269312,-318464,-450560,-38744,-19805,3189,-61738,-10637,941
24798,-489472,-269312,-335872,-487424,-34800,-20406,-1607,-53599,-5583,981
24803,-489472,-269312,-363520,-497664,-28536,-20922,-8905,-40553,-2932,1002
24808,-1128448,-224256,-407552,-489472,-163328,-23365,-20965,-165728,-23786,839
24813,-1562624,-144384,-468992,-475136,-247776,-26382,-40529,-233629,-33441,763
24818,-1562624,-144384,-569344,-409600,-225040,-30168,-80162,-175046,-17541,887
24823,-1562624,-144384,-674816,-393216,-201144,-34375,-104810,-130709,-8628,957
24828,-2555904,-132096,-826368,-275456,-391848,-38346,-149251,-280943,-52484,614
24833,-2555904,-132096,-966656,-199680,-360064,-43682,-171477,-232269,-27528,809
24838,-2944000,-129024,-1164288,-122880,-403216,-50258,-205729,-247745,-27107,813
24843,-2944000,-129024,-1320960,-141312,-367720,-56700,-203158,-221262,-14219,913
24848,-2944000,-129024,-1503232,-236544,-326424,-62750,-195895,-193279,-7461,966
24853,-2944000,-129024,-1773568,-183296,-265176,-68582,-233440,-100318,-3672,996
24858,-3354624,-135168,-2034688,-167936,-299048,-73238,-253521,-118765,-21754,855
24863,-3354624,-135168,-2294784,-38912,-240120,-77751,-270583,-47288,-11413,935
24868,-3658752,-138240,-2591744,44032,-241744,-82662,-298444,-25962,-15584,903
24873,-4540416,-138240,-2806784,75776,-392776,-86956,-288782,-190950,-50743,628
24878,-4540416,-138240,-3002368,-24576,-348464,-92208,-267979,-172693,-226042,0
24883,-7757824,-138240,-3267584,-111616,-1017320,-92469,-279786,-830003,-118555,98
24888,-7757824,-138240,-3570688,-252928,-948648,-99229,-321921,-725956,-62182,539
24893,-7757824,-138240,-3936256,-293888,-865824,-110869,-374715,-601978,-32616,786
24898,-7757824,-138240,-4451328,-179200,-749128,-125108,-463529,-410707,-16041,899
24903,-17213440,-129024,-4983808,23552,-2770776,-130223,-549003,-2351996,-436399,0
24908,-17213440,-129024,-5553152,-7168,-2641784,-130223,-619113,-2152894,-228878,0
24913,-17213440,-129024,-6493184,-131072,-2428808,-131409,-813688,-1746529,-112539,145
24918,-17213440,-138240,-7524352,-161792,-2195184,-148617,-1022618,-1321183,-59025,563
24923,-17213440,-135168,-8871936,-13312,-1889872,-175270,-1272982,-792160,-30960,798
24928,-17213440,-135168,-10300416,-215040,-1566232,-205936,-1391871,-380297,-15227,906
24933,-17213440,-135168,-11688960,134144,-1251640,-230667,-1482566,259,-7989,962
24938,-17213440,-125952,-12904448,-195584,-976256,-250971,-1428498,201271,-4193,992
24943,-17213440,-125952,-14144512,210944,-695304,-267965,-1344366,381097,-2066,1008
24948,-17213440,-125952,-15136768,80896,-470496,-278956,-1294623,545171,-1087,1016
24953,-17213440,-125952,-15890432,64512,-299744,-286281,-1093978,507953,-574,1020
24958,-17213440,-125952,-16457728,165888,-171216,-291119,-833355,371020,-286,1022
24963,-15116288,-61440,-16871424,120832,397648,-291046,-647845,754447,88835,330
24968,-15116288,-61440,-17142784,123904,459128,-286625,-478962,651465,46588,661
24973,-15116288,-61440,-17255424,128000,484648,-278933,-288587,494302,22902,846
24978,-15116288,-61440,-17234944,200704,480008,-270733,-149779,359054,12009,931
24983,-5328896,-64512,-17113088,201728,2669856,-263133,-11865,2418588,618007,0
24988,-5328896,-64512,-16978944,161792,2629256,-263133,95583,2270540,303858,0
24993,-5328896,-64512,-16587776,216064,2550840,-263133,240989,2046718,159357,0
24998,-5328896,-64512,-15896576,384000,2394240,-255859,508749,1629632,83573,372
25003,-5328896,-64512,-14906368,307200,2169896,-228740,793779,1147377,41088,703
25008,-1185792,-101376,-13835264,387072,2865896,-219738,1039002,1607156,197353,0
25013,-696320,-110592,-12701696,366592,2719968,-218994,1165407,1335567,132180,0
25018,-696320,-110592,-11364352,358400,2416976,-202910,1338891,850351,64987,517
25023,-696320,-110592,-10056704,315392,2120712,-174830,1355943,589939,34080,758
25028,-299008,-122880,-8723456,278528,1908664,-145008,1440212,323444,41151,703
25033,-299008,-122880,-7704576,245760,1677824,-115495,1308461,227652,20230,866
25038,-197632,-122880,-6504448,84992,1428888,-89938,1276378,62572,14639,910
25043,-197632,-122880,-5629952,29696,1230760,-66309,1149411,15040,7674,965
25048,-197632,-122880,-4945920,-47104,1075784,-45081,965588,65115,3768,995
25053,-197632,-122880,-4191232,-183296,904800,-24659,865564,14577,1974,1009
25058,-197632,-122880,-3623936,-253952,776272,-8666,761294,6312,1031,1016
25063,-197632,-122880,-3139584,-333824,666536,5306,674064,-13716,504,1021
25068,-197632,-122880,-2731008,-334848,573968,18516,555646,36838,261,1022
25073,-53248,-113664,-2345984,-291840,519448,28817,507980,40285,8064,961
25078,-53248,-113664,-2000896,-227328,441264,37907,490528,-11357,3961,994
25083,-25600,-113664,-1751040,-145408,390920,46652,383171,54401,3174,1000
25088,-25600,-113664,-1532928,-137216,341504,53446,305993,88957,1660,1012
25093,-25600,-113664,-1268736,-110592,281648,59236,289986,105344,813,1018
25098,0,-104448,-1060864,-82944,240352,64632,241574,63410,1442,1013
25103,3072,-79872,-860160,-69632,195576,68636,223020,41192,920,1017
25108,3072,-79872,-716800,-115712,163096,71843,176881,50099,449,1021
25113,3072,-79872,-574464,-204800,130848,74596,141872,63572,232,1023
25118,9216,-73728,-419840,-292864,97208,76371,128389,45190,455,1021
25123,9216,-73728,-280576,-312320,65656,77744,143535,-9647,221,1023
25128,12288,-73728,-101376,-409600,25752,78456,146702,-42494,226,1023
25133,12288,-73728,4096,-374784,1856,78727,137821,-57238,114,1024
25138,12288,-73728,91136,-345088,-17864,78513,154081,-105728,52,1024
25143,141312,-110592,207872,-413696,-15080,78494,132979,-69565,4836,987
25148,243712,-138240,251904,-362496,-1856,78434,108125,-31547,7805,964
25153,243712,-138240,296960,-331776,-17864,78374,104717,-44207,3834,995
25158,243712,-138240,357376,-357376,-25752,78155,90959,-38556,2008,1009
25163,243712,-138240,394240,-332800,-34104,77754,83041,-39391,1050,1016
25168,243712,-138240,418816,-302080,-39672,77124,65818,-28366,513,1020
25173,1929216,-138240,450560,-277504,335008,79269,62307,351970,63126,531
25178,5160960,-122880,502784,-228352,1055368,81715,70488,1066595,199532,0
25183,5160960,-122880,628736,-83968,1026832,83168,114160,995840,98101,258
25188,7144448,-79872,898048,-35840,1415200,83434,212475,1286159,120796,81
25193,8674304,-36864,1362944,-67584,1656480,87615,368770,1375325,142135,0
25198,8674304,-36864,2142208,-104448,1479928,95831,602474,973285,69880,479
25203,8674304,-36864,2929664,-97280,1301520,112383,741581,672322,36646,738
25208,13624320,-18432,3945472,-230400,2192864,123350,945817,1370397,274134,0
25213,13624320,-18432,4978688,-168960,1958776,123350,1007906,1074220,134783,0
25218,14285824,-18432,6102016,-212992,1854144,126757,1171110,809791,93813,292
25223,14285824,-18432,7340032,-171008,1573656,142819,1294944,421531,49198,640
25228,14285824,-18432,8521728,-184320,1305928,165364,1267359,203933,24187,836
25233,16898048,-21504,9741312,-146432,1621448,166954,1329092,459310,104017,212
25238,16898048,-21504,10741760,-46080,1394784,179434,1240221,333997,54550,598
25243,16898048,-21504,11949056,-66560,1121256,198322,1255517,64061,26817,815
25248,16898048,-21504,12883968,-44032,909440,215010,1172739,-48289,14062,915
25253,16284672,-49152,13671424,69632,592064,227411,1033288,-213813,-22242,851
25258,16284672,-49152,14556160,65536,391616,236389,970258,-342253,-10940,939
25263,16284672,-49152,15164416,72704,253808,242224,847331,-351299,-5740,980
25268,16284672,-49152,15569920,181248,161936,246149,672710,-264625,-3015,1001
25274,16743424,-49152,15816704,252928,209960,248935,451675,7220,27186,812
25279,16743424,-49152,15998976,218112,168664,251795,314484,105975,14254,913
25284,16743424,-49152,16161792,140288,131776,254207,233726,152257,7472,966
25289,16743424,-46080,16323584,-36864,95120,256407,194942,156585,3670,996
25294,16743424,-46080,16415744,-19456,74240,257979,151177,181042,1922,1009
25299,16743424,-46080,16486400,17408,58232,259163,111602,205793,1005,1017
25304,16743424,-49152,16612352,87040,29696,259959,114275,175380,491,1021
25309,16743424,-49152,16765952,68608,-5104,260151,145314,109733,254,1023
25314,16743424,-49152,16942080,40960,-45008,259775,186668,28099,130,1023
25319,16743424,-70656,17111040,125952,-83288,258633,208355,-33010,60,1024
25324,16743424,-70656,17224704,225280,-109040,256950,184844,-36934,28,1024
25329,16743424,-92160,17311744,301056,-128760,254640,142480,-16600,12,1024
25334,16743424,-92160,17416192,177152,-152424,251453,110752,-11723,1,1024
25339,16743424,-92160,17545216,64512,-181656,247995,113805,-47466,0,1024
25344,16743424,-92160,17638400,-26624,-202768,244134,101951,-60585,0,1024
25349,9590784,-144384,17693696,-18432,-1835816,240357,67631,-1663090,-419100,0
25354,9590784,-144384,17730560,62464,-1844168,240357,46793,-1650604,-219805,0
25359,9590784,-144384,17557504,143360,-1804960,239713,-75044,-1490203,-115282,180
25364,3819520,-144384,16970752,100352,-2979576,228861,-367716,-2382999,-394846,0
25369,3819520,-144384,16288768,-51200,-2825064,228861,-578275,-2017928,-207085,0
25374,2668544,-138240,15179776,108544,-2834576,228861,-916007,-1689708,-147612,0
25379,2014208,-141312,13744128,-214016,-2657560,221599,-1219396,-1216565,-115761,120
25384,2014208,-141312,12114944,-96256,-2288448,204191,-1522268,-561989,-60715,550
25389,929792,-129024,10588160,-235520,-2188224,187969,-1697853,-302402,-77863,454
25394,500736,-119808,8952832,-311296,-1914928,165145,-1675661,-74122,-61856,541
25399,500736,-119808,7420928,-172032,-1567856,143010,-1719081,294235,-32445,771
25404,412672,-101376,6349824,-439296,-1345136,118454,-1462038,260412,-19460,872
25409,246784,-86016,5141504,-243712,-1108960,98386,-1351859,341285,-19322,874
25414,246784,-86016,4327424,-354304,-924520,80755,-1164914,321149,-10138,945
25419,156672,-79872,3790848,-512000,-823368,65031,-906082,149271,-8573,958
25424,141312,-86016,3358720,-191488,-728944,49377,-700158,20591,-5343,983
25429,141312,-86016,3003392,-209920,-648440,36481,-562130,-49829,-2806,1003
25434,141312,-86016,2674688,-352256,-573968,24684,-473718,-72253,-1383,1014
25439,153600,-98304,2430976,-558080,-515968,12829,-396093,-107046,-54,1024
25444,153600,-98304,2289664,-528384,-483952,3021,-295196,-185735,-31,1024
25449,184320,-101376,2112512,-417792,-431752,-6522,-246819,-191455,1125,1016
25454,184320,-101376,1867776,-249856,-381408,-14308,-259441,-136275,587,1020
25459,184320,-101376,1611776,-347136,-323408,-21121,-281243,-63286,303,1022
25464,193536,-98304,1379328,-443392,-264016,-27420,-282276,-9160,489,1021
25469,193536,-98304,1171456,-399360,-221560,-32095,-250927,-2728,253,1023
25474,193536,-98304,983040,-245760,-178872,-35839,-226808,12097,130,1023
25479,193536,-98304,730112,18432,-121568,-38940,-243928,83420,60,1024
25484,193536,-98304,510976,87040,-71920,-40851,-256378,143607,28,1024
25489,193536,-98304,347136,95232,-34800,-42029,-239040,162211,12,1024
25494,153600,-122880,227328,3072,-16704,-42760,-192235,132771,-1487,1013
25499,144384,-135168,180224,-5120,-8120,-42995,-125338,74223,-1259,1015
25504,144384,-135168,105472,24576,8816,-42813,-93163,59166,-664,1019
25509,144384,-135168,-34816,166912,40600,-42187,-117076,115489,-330,1022
25514,9216,-199680,-108544,273408,26680,-41592,-113140,98228,-7136,969
25519,9216,-199680,-106496,321536,26216,-41228,-68561,53549,-3745,995
25524,9216,-199680,-16384,349184,5800,-40839,20344,-55383,-1845,1010
25529,-4096,-275456,-19456,448512,3480,-40538,24475,-61533,-1656,1012
25534,-4096,-275456,-75776,543744,16240,-40240,-12611,-11389,-871,1018
25539,0,-321536,-98304,544768,22272,-39763,-15308,-2183,-289,1022
25544,0,-321536,-95232,491520,21576,-39261,-586,-17099,-155,1023
25549,0,-321536,-209920,446464,47560,-38528,-62273,71305,-85,1024
25554,0,-321536,-287744,303104,65192,-37408,-79634,107418,-45,1024
25559,0,-321536,-226304,123904,51272,-36239,-551,15584,-28,1024
25564,0,-321536,-277504,-24576,62872,-34933,-13139,41078,-18,1024
25569,0,-1003520,-378880,-113664,85840,-33317,-61344,113867,-15,1024
25574,0,-1378304,-361472,-273408,81896,-31818,-31888,81966,-15,1024
25579,0,-1378304,-362496,-446464,82128,-30260,-20093,71961,-15,1024
25584,0,-1378304,-431104,-576512,97672,-28408,-54298,123562,-15,1024
25589,0,-1378304,-431104,-732160,97672,-26638,-37947,108981,-15,1024
25594,0,-1378304,-379904,-897024,86072,-24827,13023,48222,-15,1024
25599,-99328,-3502080,-415744,-994304,71688,-23263,275,48150,-3269,999
25604,-99328,-3502080,-478208,-1055744,85840,-21611,-25199,89428,-1718,1011
25609,-99328,-3502080,-494592,-1185792,89552,-19852,-17763,87463,-904,1017
25614,-338944,-3778560,-444416,-1495040,23896,-19150,29788,-25042,-8302,960
25619,-524288,-3280896,-508928,-1728512,-3480,-18887,-11108,-11259,-12748,925
25624,-524288,-3280896,-598016,-1995776,16704,-18816,-62354,60242,-6689,972
25629,-524288,-3280896,-572416,-2342912,10904,-18593,-19725,12036,-3292,999
25634,-817152,-2393088,-615424,-2638848,-45704,-18919,-28262,-36361,-14986,907
25639,-817152,-2393088,-700416,-2803712,-26448,-19538,-61493,15507,-7862,963
25644,-921600,-2291712,-806912,-2839552,-25984,-20382,-97879,51513,-7293,968
25649,-921600,-2291712,-899072,-2934784,-5104,-20870,-120381,94407,-3828,995
25654,-1013760,-1697792,-983040,-2992128,-6960,-21075,-131006,102971,-7771,964
25659,-1013760,-1697792,-1057792,-3044352,9976,-21295,-124730,113411,-3825,995
25664,-1004544,-1610752,-1122304,-3005440,26680,-21147,-117271,122804,-1591,1012
25669,-966656,-1197056,-1197056,-2893824,52200,-20651,-118568,150117,1530,1013
25674,-966656,-1197056,-1236992,-2789376,61248,-19588,-89755,131415,750,1019
25679,-921600,-1003520,-1299456,-2515968,85608,-18250,-88630,155988,2430,1006
25684,-871424,-878592,-1329152,-2282496,103704,-16623,-70064,156836,4131,992
25689,-871424,-878592,-1357824,-2092032,110200,-14494,-58131,153837,2163,1008
25694,-871424,-878592,-1340416,-1953792,106256,-12516,-29295,123035,1131,1016
25699,-871424,-878592,-1268736,-1903616,90016,-10378,23936,56630,553,1020
25704,-871424,-878592,-1235968,-1816576,82592,-8442,52920,21230,286,1022
25709,-484352,-555008,-1275904,-1808384,179336,-5795,18554,154987,16572,895
25714,-484352,-555008,-1256448,-1665024,168896,-2459,31268,135169,8145,961
25719,-484352,-555008,-1196032,-1410048,161240,514,28170,133584,4267,991
25724,-306176,-455680,-1092608,-1371136,178176,3621,64211,117586,9795,948
25729,-250880,-394240,-980992,-1359872,165416,7161,102674,69903,7849,963
25734,-250880,-394240,-960512,-1238016,160776,10342,81515,89603,4112,992
25739,-250880,-394240,-934912,-1186816,154976,13231,48686,119521,2153,1008
25744,-250880,-394240,-844800,-1202176,134560,16162,63202,87520,1054,1016
25749,-250880,-394240,-764928,-1048576,116464,18582,77109,57937,550,1020
25754,-250880,-394240,-716800,-971776,105560,20820,74171,52209,284,1022
25759,-276480,-308224,-697344,-962560,95352,22971,45978,72345,-1270,1015
25764,-276480,-308224,-632832,-868352,80736,24580,53253,52063,-670,1019
25769,-309248,-308224,-568320,-787456,58696,25918,67459,17155,-1659,1012
25774,-309248,-308224,-543744,-731136,53128,27177,52748,27557,-818,1018
25779,-309248,-308224,-550912,-623616,54752,28161,19093,63820,-433,1021
25784,-335872,-308224,-507904,-603136,38976,28990,30625,37341,-1290,1014
25789,-328704,-311296,-498688,-565248,38512,29972,32966,35518,-245,1023
25794,-328704,-311296,-570368,-539648,54752,30957,-16122,101831,-133,1023
25799,-325632,-308224,-607232,-359424,63800,31937,-42491,138228,48,1024
25804,-273408,-318464,-609280,-251904,76096,33206,-38509,147811,2710,1003
25809,-273408,-318464,-588800,-159744,71456,34648,-6656,112760,1419,1013
25814,-267264,-321536,-652288,-126976,87232,36173,-40793,164198,986,1017
25819,-267264,-321536,-680960,-138240,93728,37949,-48159,179836,480,1021
25824,-267264,-321536,-684032,-137216,94424,39591,-42502,176517,248,1023
25829,-267264,-321536,-675840,-118784,92568,41296,-42870,182261,118,1024
25834,-145408,-308224,-689152,-130048,123192,43426,-25497,192115,6334,975
25839,-145408,-308224,-696320,-130048,124816,45690,-22273,192779,3318,999
25844,-126976,-305152,-691200,-155648,127832,48069,-11934,165097,2271,1007
25849,-87040,-301056,-653312,-248832,128296,50758,19265,159789,3244,999
25854,-87040,-301056,-648192,-247808,127136,53258,19587,160807,1698,1011
25859,-68608,-294912,-632832,-315392,119712,55987,47183,128516,1476,1013
25864,-68608,-294912,-616448,-315392,124120,58391,19495,163016,771,1018
25869,-68608,-294912,-607232,-330752,122032,60677,8927,173782,400,1021
25874,-68608,-294912,-546816,-434176,108344,63113,36764,134693,195,1023
25879,-68608,-294912,1408000,-558080,-334544,62565,1254209,-1526188,98,1024
25884,-68608,-294912,14693376,-3615744,-3344512,24939,7979099,-10000000,45,1024
25889,-68608,-294912,24132608,-3439616,-5483088,-73943,8738683,-10000000,20,1024
25894,-68608,-294912,25709568,-5684224,-5840368,-130212,7237954,-10000000,13,1024
25899,-68608,-294912,25709568,-5684224,-5840368,-130212,7237954,-10000000,13,1024
25904,-68608,-294912,25709568,-5684224,-5840368,-130212,7237954,-10000000,13,1024
25909,-68608,-294912,25709568,-5684224,-5840368,-130212,7237954,-10000000,13,1024
25914,-68608,-294912,25709568,-5684224,-5840368,-130212,7237954,-10000000,13,1024
25919,-68608,-294912,25709568,-5684224,-5840368,-130212,7237954,-10000000,13,1024
25924,-68608,-294912,25709568,-5684224,-5840368,-130212,7237954,-10000000,13,1024
25929,-68608,-294912,25709568,-5684224,-5840368,-130212,7237954,-10000000,13,1024
25934,-68608,-294912,25709568,-5684224,-5840368,-130212,7237954,-10000000,13,1024
25939,-68608,-294912,25709568,-5684224,-5840368,-130212,7237954,-10000000,13,1024
25944,-68608,-294912,25709568,-5684224,-5840368,-130212,7237954,-10000000,13,1024
25949,-68608,-294912,25709568,-5684224,-5840368,-130212,7237954,-10000000,13,1024
25954,-68608,-294912,25709568,-5684224,-5840368,-130212,7237954,-10000000,13,1024
25959,-68608,-294912,25709568,-5684224,-5840368,-130212,7237954,-10000000,13,1024
25964,-68608,-294912,25709568,-5684224,-5840368,-130212,7237954,-10000000,13,1024
25969,-68608,-294912,25709568,-5684224,-5840368,-130212,7237954,-10000000,13,1024
25974,-68608,-294912,25709568,-5684224,-5840368,-130212,7237954,-10000000,13,1024
25979,-68608,-294912,25709568,-5684224,-5840368,-130212,7237954,-10000000,13,1024
25984,-68608,-294912,25709568,-5684224,-5840368,-130212,7237954,-10000000,13,1024
25989,-68608,-294912,25709568,-5684224,-5840368,-130212,7237954,-10000000,13,1024
25994,-68608,-294912,25709568,-5684224,-5840368,-130212,7237954,-10000000,13,1024
25999,-68608,-294912,25709568,-5684224,-5840368,-130212,7237954,-10000000,13,1024
26004,-68608,-294912,25709568,-5684224,-5840368,-130212,7237954,-10000000,13,1024
26009,-68608,-294912,25709568,-5684224,-5840368,-130212,7237954,-10000000,13,1024
26014,-68608,-294912,25709568,-5684224,-5840368,-130212,7237954,-10000000,13,1024
26019,-68608,-294912,25709568,-5684224,-5840368,-130212,7237954,-10000000,13,1024
26024,-68608,-294912,25709568,-5684224,-5840368,-130212,7237954,-10000000,13,1024
26029,-68608,-294912,25709568,-5684224,-5840368,-130212,7237954,-10000000,13,1024
26034,-68608,-294912,25709568,-5684224,-5840368,-130212,7237954,-10000000,13,1024
26039,-68608,-294912,25709568,-5684224,-5840368,-130212,7237954,-10000000,13,1024
26044,-68608,-294912,25709568,-5684224,-5840368,-130212,7237954,-10000000,13,1024
26049,-68608,-294912,25709568,-5684224,-5840368,-130212,7237954,-10000000,13,1024
26054,-68608,-294912,25709568,-5684224,-5840368,-130212,7237954,-10000000,13,1024
26059,-68608,-294912,25709568,-5684224,-5840368,-130212,7237954,-10000000,13,1024
26064,-68608,-294912,25709568,-5684224,-5840368,-130212,7237954,-10000000,13,1024
26069,-68608,-294912,25709568,-5684224,-5840368,-130212,7237954,-10000000,13,1024
26074,-68608,-294912,25709568,-5684224,-5840368,-130212,7237954,-10000000,13,1024
26079,-68608,-294912,25709568,-5684224,-5840368,-130212,7237954,-10000000,13,1024
26084,-68608,-294912,25709568,-5684224,-5840368,-130212,7237954,-10000000,13,1024
26089,-68608,-294912,25709568,-5684224,-5840368,-130212,7237954,-10000000,13,1024
26094,-68608,-294912,25709568,-5684224,-5840368,-130212,7237954,-10000000,13,1024
26099,-68608,-294912,25709568,-5684224,-5840368,-130212,7237954,-10000000,13,1024
26104,-68608,-294912,25709568,-5684224,-5840368,-130212,7237954,-10000000,13,1024
26109,-68608,-294912,25709568,-5684224,-5840368,-130212,7237954,-10000000,13,1024
26114,-68608,-294912,25709568,-5684224,-5840368,-130212,7237954,-10000000,13,1024
26119,-68608,-294912,25709568,-5684224,-5840368,-130212,7237954,-10000000,13,1024
26124,-68608,-294912,25709568,-5684224,-5840368,-130212,7237954,-10000000,13,1024
26129,-68608,-294912,25709568,-5684224,-5840368,-130212,7237954,-10000000,13,1024
26134,-68608,-294912,25709568,-5684224,-5840368,-130212,7237954,-10000000,13,1024
26139,-68608,-294912,25709568,-5684224,-5840368,-130212,7237954,-10000000,13,1024
26144,-68608,-294912,25709568,-5684224,-5840368,-130212,7237954,-10000000,13,1024
26149,-68608,-294912,25709568,-5684224,-5840368,-130212,7237954,-10000000,13,1024
26154,-68608,-294912,25709568,-5684224,-5840368,-130212,7237954,-10000000,13,1024
26159,-68608,-294912,25709568,-5684224,-5840368,-130212,7237954,-10000000,13,1024
26164,-68608,-294912,25709568,-5684224,-5840368,-130212,7237954,-10000000,13,1024
26169,-68608,-294912,25709568,-5684224,-5840368,-130212,7237954,-10000000,13,1024
26174,-68608,-294912,25709568,-5684224,-5840368,-130212,7237954,-10000000,13,1024
26179,-68608,-294912,25709568,-5684224,-5840368,-130212,7237954,-10000000,13,1024
26184,-68608,-294912,25709568,-5684224,-5840368,-130212,7237954,-10000000,13,1024
26189,-68608,-294912,25709568,-5684224,-5840368,-130212,7237954,-10000000,13,1024
26194,-68608,-294912,25709568,-5684224,-5840368,-130212,7237954,-10000000,13,1024
26199,-68608,-294912,25709568,-5684224,-5840368,-130212,7237954,-10000000,13,1024
26204,-68608,-294912,25709568,-5684224,-5840368,-130212,7237954,-10000000,13,1024
26209,-68608,-294912,25709568,-5684224,-5840368,-130212,7237954,-10000000,13,1024
26214,-68608,-294912,25709568,-5684224,-5840368,-130212,7237954,-10000000,13,1024
26219,-68608,-294912,25709568,-5684224,-5840368,-130212,7237954,-10000000,13,1024
26224,-68608,-294912,25709568,-5684224,-5840368,-130212,7237954,-10000000,13,1024
26229,-68608,-294912,25709568,-5684224,-5840368,-130212,7237954,-10000000,13,1024
26234,-68608,-294912,25709568,-5684224,-5840368,-130212,7237954,-10000000,13,1024
26239,-68608,-294912,25709568,-5684224,-5840368,-130212,7237954,-10000000,13,1024
26244,-68608,-294912,25709568,-5684224,-5840368,-130212,7237954,-10000000,13,1024
26250,-68608,-294912,25709568,-5684224,-5840368,-130212,7237954,-10000000,13,1024
26255,-68608,-294912,25709568,-5684224,-5840368,-130212,7237954,-10000000,13,1024
26260,-68608,-294912,25709568,-5684224,-5840368,-130212,7237954,-10000000,13,1024
26265,-68608,-294912,25709568,-5684224,-5840368,-130212,7237954,-10000000,13,1024
26270,-68608,-294912,25709568,-5684224,-5840368,-130212,7237954,-10000000,13,1024
26275,-68608,-294912,25709568,-5684224,-5840368,-130212,7237954,-10000000,13,1024
26280,-68608,-294912,25709568,-5684224,-5840368,-130212,7237954,-10000000,13,1024
26285,-68608,-294912,25709568,-5684224,-5840368,-130212,7237954,-10000000,13,1024
26290,-68608,-294912,25709568,-5684224,-5840368,-130212,7237954,-10000000,13,1024
26295,-68608,-294912,25709568,-5684224,-5840368,-130212,7237954,-10000000,13,1024
26300,-68608,-294912,25709568,-5684224,-5840368,-130212,7237954,-10000000,13,1024
26305,-68608,-294912,25709568,-5684224,-5840368,-130212,7237954,-10000000,13,1024
26310,-68608,-294912,25709568,-5684224,-5840368,-130212,7237954,-10000000,13,1024
26315,-68608,-294912,25709568,-5684224,-5840368,-130212,7237954,-10000000,13,1024
26320,-68608,-294912,25709568,-5684224,-5840368,-130212,7237954,-10000000,13,1024
26325,-68608,-294912,25709568,-5684224,-5840368,-130212,7237954,-10000000,13,1024
26330,-68608,-294912,25709568,-5684224,-5840368,-130212,7237954,-10000000,13,1024
26335,-68608,-294912,25709568,-5684224,-5840368,-130212,7237954,-10000000,13,1024
26340,-68608,-294912,25709568,-5684224,-5840368,-130212,7237954,-10000000,13,1024
26345,-68608,-294912,25709568,-5684224,-5840368,-130212,7237954,-10000000,13,1024
26350,-68608,-294912,25709568,-5684224,-5840368,-130212,7237954,-10000000,13,1024
26355,-68608,-294912,25709568,-5684224,-5840368,-130212,7237954,-10000000,13,1024
26360,-68608,-294912,25709568,-5684224,-5840368,-130212,7237954,-10000000,13,1024
26365,-68608,-294912,25709568,-5684224,-5840368,-130212,7237954,-10000000,13,1024
26370,-68608,-294912,25709568,-5684224,-5840368,-130212,7237954,-10000000,13,1024
26375,-68608,-294912,25709568,-5684224,-5840368,-130212,7237954,-10000000,13,1024
26380,-68608,-294912,25709568,-5684224,-5840368,-130212,7237954,-10000000,13,1024
26385,-68608,-294912,25709568,-5684224,-5840368,-130212,7237954,-10000000,13,1024
26390,-68608,-294912,25709568,-5684224,-5840368,-130212,7237954,-10000000,13,1024
26395,-68608,-294912,25709568,-5684224,-5840368,-130212,7237954,-10000000,13,1024
26400,-68608,-294912,25709568,-5684224,-5840368,-130212,7237954,-10000000,13,1024
26405,-68608,-294912,25709568,-5684224,-5840368,-130212,7237954,-10000000,13,1024
26410,-68608,-294912,25709568,-5684224,-5840368,-130212,7237954,-10000000,13,1024
26415,-68608,-294912,25709568,-5684224,-5840368,-130212,7237954,-10000000,13,1024
26420,-68608,-294912,25709568,-5684224,-5840368,-130212,7237954,-10000000,13,1024
26425,-68608,-294912,25709568,-5684224,-5840368,-130212,7237954,-10000000,13,1024
26430,-68608,-294912,25709568,-5684224,-5840368,-130212,7237954,-10000000,13,1024
26435,-68608,-294912,25709568,-5684224,-5840368,-130212,7237954,-10000000,13,1024
26440,-68608,-294912,25709568,-5684224,-5840368,-130212,7237954,-10000000,13,1024
26445,-68608,-294912,25709568,-5684224,-5840368,-130212,7237954,-10000000,13,1024
26450,-68608,-294912,25709568,-5684224,-5840368,-130212,7237954,-10000000,13,1024
26455,-68608,-294912,25709568,-5684224,-5840368,-130212,7237954,-10000000,13,1024
26460,-68608,-294912,25709568,-5684224,-5840368,-130212,7237954,-10000000,13,1024
26465,-68608,-294912,2570956