R
Px,Ix,Dx,Py,Iy,Dy,Pz,Iz,FFrx,FFry,FFdrx,FFdry,satI,satPID,KFQAng,KFQbias,KFRmeas,CPx,CIx,CPy,CIy,CsatI,CsatPID,CFFdrx,CFFdry,CFalpha,IRelaxR,IRelaxE,DmaxR,DmaxE,DMx,DMy
35,1,30,35,1,25,200,0,0,0,0,0,2147483648,10000000,0.000100,0.003000,50,0,0,0,0,0,0,0,0,0.995,0,0,0,0,0,0
sysTickMs,PIDRefXi,PIDRefYi,PIDSensXi,PIDSensYi,PIDPoutXi,PIDIoutXi,PIDDoutXi,PIDUXi
125369,-6439936,-9216,-16880640,498688,713720,-5675,13947,694098
125374,-6439936,-9216,-16880640,498688,713720,-5675,13947,694098
125379,-6439936,-9216,-16880640,498688,713720,-5675,13947,694098
125384,-6439936,-9216,-16880640,498688,713720,-5675,13947,694098
125389,-6439936,-9216,-16880640,498688,713720,-5675,13947,694098
125394,-6439936,-9216,-16880640,498688,713720,-5675,13947,694098
125399,-6439936,-9216,-16880640,498688,713720,-5675,13947,694098
125404,-6439936,-9216,-16880640,498688,713720,-5675,13947,694098
125409,-6439936,-9216,-16880640,498688,713720,-5675,13947,694098
125414,-6439936,-9216,-16880640,498688,713720,-5675,13947,694098
125419,-6439936,-9216,-16880640,498688,713720,-5675,13947,694098
125424,-6439936,-9216,-16880640,498688,713720,-5675,13947,694098
125429,-6439936,-9216,-16880640,498688,713720,-5675,13947,694098
125434,-6439936,-9216,-16880640,498688,713720,-5675,13947,694098
125439,-6439936,-9216,-16880640,498688,713720,-5675,13947,694098
125444,-6439936,-9216,-16880640,498688,713720,-5675,13947,694098
125449,-6439936,-9216,-16880640,498688,713720,-5675,13947,694098
125454,-6439936,-9216,-16880640,498688,713720,-5675,13947,694098
125459,-6439936,-9216,-16880640,498688,713720,-5675,13947,694098
125464,-6439936,-9216,-16880640,498688,713720,-5675,13947,694098
125469,-6439936,-9216,-16880640,498688,713720,-5675,13947,694098
125474,-6439936,-9216,-16880640,498688,713720,-5675,13947,694098
125479,-6439936,-9216,-16880640,498688,713720,-5675,13947,694098
125484,-6439936,-9216,-16880640,498688,713720,-5675,13947,694098
125489,-6439936,-9216,-16880640,498688,713720,-5675,13947,694098
125494,-6439936,-9216,-16880640,498688,713720,-5675,13947,694098
125499,-6439936,-9216,-16880640,498688,713720,-5675,13947,694098
125504,-6439936,-9216,-16880640,498688,713720,-5675,13947,694098
125509,-6439936,-9216,-16880640,498688,713720,-5675,13947,694098
125514,-6439936,-9216,-16880640,498688,713720,-5675,13947,694098
125519,-6439936,-9216,-16880640,498688,713720,-5675,13947,694098
125524,-6439936,-9216,-16880640,498688,713720,-5675,13947,694098
125529,-6439936,-9216,-16880640,498688,713720,-5675,13947,694098
125534,-6439936,-9216,-16880640,498688,713720,-5675,13947,694098
125539,-6439936,-9216,-16880640,498688,713720,-5675,13947,694098
125544,-6439936,-9216,-16880640,498688,713720,-5675,13947,694098
125549,-6439936,-9216,-16880640,498688,713720,-5675,13947,694098
125554,-6439936,-9216,-16880640,498688,713720,-5675,13947,694098
125559,-6439936,-9216,-16880640,498688,713720,-5675,13947,694098
125564,-6439936,-9216,-16880640,498688,713720,-5675,13947,694098
125569,-6439936,-9216,-16880640,498688,713720,-5675,13947,694098
125574,-6439936,-9216,-16880640,498688,713720,-5675,13947,694098
125579,-6439936,-9216,-16880640,498688,713720,-5675,13947,694098
125584,-6439936,-9216,-16880640,498688,713720,-5675,13947,694098
125589,-6439936,-9216,-16880640,498688,713720,-5675,13947,694098
125594,-6439936,-9216,-16880640,498688,713720,-5675,13947,694098
125599,-6439936,-9216,-16880640,498688,713720,-5675,13947,694098
125604,-6439936,-9216,-16880640,498688,713720,-5675,13947,694098
125609,-6439936,-9216,-16880640,498688,713720,-5675,13947,694098
125614,-6439936,-9216,-16880640,498688,713720,-5675,13947,694098
125619,-6439936,-9216,-16880640,498688,713720,-5675,13947,694098
125624,-6439936,-9216,-16880640,498688,713720,-5675,13947,694098
125629,-6439936,-9216,-16880640,498688,713720,-5675,13947,694098
125634,-6439936,-9216,-16880640,498688,713720,-5675,13947,694098
125639,-6439936,-9216,-16880640,498688,713720,-5675,13947,694098
125644,-6439936,-9216,-16880640,498688,713720,-5675,13947,694098
125649,-6439936,-9216,-16880640,498688,713720,-5675,13947,694098
125654,-6439936,-9216,-16880640,498688,713720,-5675,13947,694098
125659,-6439936,-9216,-16880640,498688,713720,-5675,13947,694098
125664,-6439936,-9216,-16880640,498688,713720,-5675,13947,694098
125669,-6439936,-9216,-16880640,498688,713720,-5675,13947,694098
125674,-6439936,-9216,-16880640,498688,713720,-5675,13947,694098
125679,-6439936,-9216,-16880640,498688,713720,-5675,13947,694098
125684,-6439936,-9216,-16880640,498688,713720,-5675,13947,694098
125689,-6439936,-9216,-16880640,498688,713720,-5675,13947,694098
125694,-6439936,-9216,-16880640,498688,713720,-5675,13947,694098
125699,-6439936,-9216,-16880640,498688,713720,-5675,13947,694098
125704,-6439936,-9216,-16880640,498688,713720,-5675,13947,694098
125709,-6439936,-9216,-16880640,498688,713720,-5675,13947,694098
125714,-6439936,-9216,-16880640,498688,713720,-5675,13947,694098
125719,-6439936,-9216,-16880640,498688,713720,-5675,13947,694098
125724,-6439936,-9216,-16880640,498688,713720,-5675,13947,694098
125729,-6439936,-9216,-16880640,498688,713720,-5675,13947,694098
125734,-6439936,-9216,-16880640,498688,713720,-5675,13947,694098
125739,-6439936,-9216,-16880640,498688,713720,-5675,13947,694098
125744,-6439936,-9216,-16880640,498688,713720,-5675,13947,694098
125749,-6439936,-9216,-16880640,498688,713720,-5675,13947,694098
125754,-6439936,-9216,-16880640,498688,713720,-5675,13947,694098
125759,-6439936,-9216,-16880640,498688,713720,-5675,13947,694098
125764,-6439936,-9216,-16880640,498688,713720,-5675,13947,694098
125769,-6439936,-9216,-16880640,498688,713720,-5675,13947,694098
125774,-6439936,-9216,-16880640,498688,713720,-5675,13947,694098
125779,-6439936,-9216,-16880640,498688,713720,-5675,13947,694098
125784,-6439936,-9216,-16880640,498688,713720,-5675,13947,694098
125789,-6439936,-9216,-16880640,498688,713720,-5675,13947,694098
125794,-6439936,-9216,-16880640,498688,713720,-5675,13947,694098
125799,-6439936,-9216,-16880640,498688,713720,-5675,13947,694098
125804,-6439936,-9216,-16880640,498688,713720,-5675,13947,694098
125809,-6439936,-9216,-16880640,498688,713720,-5675,13947,694098
125814,-6439936,-9216,-16880640,498688,713720,-5675,13947,694098
125819,-6439936,-9216,-16880640,498688,713720,-5675,13947,694098
125824,-6439936,-9216,-16880640,498688,713720,-5675,13947,694098
125829,-6439936,-9216,-16880640,498688,713720,-5675,13947,694098
125834,-6439936,-9216,-16880640,498688,713720,-5675,13947,694098
125839,-6439936,-9216,-16880640,498688,713720,-5675,13947,694098
125844,-6439936,-9216,-16880640,498688,713720,-5675,13947,694098
125849,-6439936,-9216,-16880640,498688,713720,-5675,13947,694098
125854,-6439936,-9216,-16880640,498688,713720,-5675,13947,694098
125859,-6439936,-9216,-16880640,498688,713720,-5675,13947,694098
125864,-6439936,-9216,-16880640,498688,713720,-5675,13947,694098
125869,-6439936,-9216,-16880640,498688,713720,-5675,13947,694098
125874,-6439936,-9216,-16880640,498688,713720,-5675,13947,694098
125879,-6439936,-9216,-16880640,498688,713720,-5675,13947,694098
125884,-6439936,-9216,-16880640,498688,713720,-5675,13947,694098
125889,-6439936,-9216,-16880640,498688,713720,-5675,13947,694098
125894,-6439936,-9216,-16880640,498688,713720,-5675,13947,694098
125899,-6439936,-9216,-16880640,498688,713720,-5675,13947,694098
125904,-6439936,-9216,-16880640,498688,713720,-5675,13947,694098
125909,-6439936,-9216,-16880640,498688,713720,-5675,13947,694098
125914,-6439936,-9216,-16880640,498688,713720,-5675,13947,694098
125919,-6439936,-9216,-16880640,498688,713720,-5675,13947,694098
125924,-6439936,-9216,-16880640,498688,713720,-5675,13947,694098
125929,-6439936,-9216,-16880640,498688,713720,-5675,13947,694098
125934,-6439936,-9216,-16880640,498688,713720,-5675,13947,694098
125939,-6439936,-9216,-16880640,498688,713720,-5675,13947,694098
125944,-6439936,-9216,-16880640,498688,713720,-5675,13947,694098
125949,-6439936,-9216,-16880640,498688,713720,-5675,13947,694098
125954,-6439936,-9216,-16880640,498688,713720,-5675,13947,694098
125959,-6439936,-9216,-16880640,498688,713720,-5675,13947,694098
125964,-6439936,-9216,-16880640,498688,713720,-5675,13947,694098
125969,-6439936,-9216,-16880640,498688,713720,-5675,13947,694098
125974,-6439936,-9216,-16880640,498688,713720,-5675,13947,694098
125979,-6439936,-9216,-16880640,498688,713720,-5675,13947,694098
125984,-6439936,-9216,-16880640,498688,713720,-5675,13947,694098
125989,-6439936,-9216,-16880640,498688,713720,-5675,13947,694098
125994,-6439936,-9216,-16880640,498688,713720,-5675,13947,694098
125999,-6439936,-9216,-16880640,498688,713720,-5675,13947,694098
126004,-6439936,-9216,-16880640,498688,713720,-5675,13947,694098
126009,-6439936,-9216,-16880640,498688,713720,-5675,13947,694098
126014,-6439936,-9216,-16880640,498688,713720,-5675,13947,694098
126019,-6439936,-9216,-16880640,498688,713720,-5675,13947,694098
126024,-6439936,-9216,-16880640,498688,713720,-5675,13947,694098
126029,-6439936,-9216,-16880640,498688,713720,-5675,13947,694098
126034,-6439936,-9216,-16880640,498688,713720,-5675,13947,694098
126039,-6439936,-9216,-16880640,498688,713720,-5675,13947,694098
126044,-6439936,-9216,-16880640,498688,713720,-5675,13947,694098
126049,-6439936,-9216,-16880640,498688,713720,-5675,13947,694098
126054,-4096,-9216,9216,-8192,-910,-1,527,-1438
126059,-4096,-9216,9216,-7168,-910,-1,263,-1174
126064,-4096,-9216,11264,-8192,-1050,-2,294,-1346
126069,-4096,-9216,4096,-7168,-560,-2,-149,-413
126074,-4096,-9216,12288,-9216,-1120,-3,304,-1427
126079,-4096,-9216,10240,-10240,-980,-4,175,-1159
126084,-4096,-9216,12288,-16384,-1120,-4,307,-1431
126089,-4096,-9216,-4096,-10240,0,-5,-600,595
126094,-4096,-9216,-2048,-6144,-140,-5,-452,307
126099,-4096,-9216,3072,-10240,-840,-6,149,-995
126104,-4096,-9216,9216,-10240,-910,-6,216,-1132
126109,-4096,-9216,12288,-10240,-1120,-7,288,-1415
126114,-4096,-9216,4096,-9216,-560,-7,-215,-352
126119,-4096,-9216,10240,-4096,-980,-8,127,-1115
126124,-4096,-9216,6144,-4096,-700,-9,-142,-567
126129,-4096,-9216,8192,-11264,-840,-9,-32,-817
126134,-4096,-9216,8192,-8192,-840,-10,-32,-818
126139,-4096,-9216,12288,-13312,-1120,-11,184,-1315
126144,-4096,-9216,12288,-6144,-1120,-11,159,-1290
126149,-4096,-9216,9216,-12288,-910,-12,-27,-895
126154,-4096,-9216,3072,-13312,-490,-13,-298,-205
126159,-4096,-9216,1024,-11264,-350,-13,-371,8
126164,-4096,-9216,9216,-10240,-910,-14,114,-1038
126169,-4096,-9216,7168,-14336,-770,-14,-22,-762
126174,0,-9216,8192,-10240,-560,-15,41,-616
126179,0,-9216,6144,-6144,-420,-15,-107,-328
126184,0,-9216,6144,-10240,-420,-16,-119,-317
126189,0,-9216,5120,-7168,-350,-16,-150,-216
126194,0,-9216,5120,-4096,-350,-16,-105,-261
126199,0,-9216,8192,-8192,-560,-17,79,-656
126204,0,-9216,11264,-8192,-840,-17,293,-1150
126209,0,-9216,2048,-10240,-140,-17,-270,113
126214,0,-9216,4096,-7168,-280,-18,-204,-94
126219,0,-9216,11264,-7168,-770,-18,93,-881
126224,0,-9216,7168,-8192,-490,-19,-68,-441
126229,0,-9216,-4096,-8192,280,-19,-543,804
126234,0,-9216,8192,-13312,-1050,-19,671,-1740
126239,0,-9216,25600,-19456,-1750,-20,949,-2719
126244,0,-9216,20480,-7168,-1400,-21,348,-1769
126249,0,-9216,0,0,0,-21,-1062,1531
126254,0,-9216,-2048,-11264,140,-21,-280,399
126259,-4096,-9216,3072,-15360,-490,-21,171,-682
126264,-4096,-9216,9216,-25600,-1470,-21,734,-2225
126269,-4096,-9216,7168,-9216,-770,-22,-93,-699
126274,-4096,-9216,0,-3072,-280,-23,-387,84
126279,-4096,-9216,-1024,-8192,-210,-23,-254,21
126284,-4096,-9216,16384,-11264,-1400,-24,628,-2052
126289,-4096,-9216,23552,-11264,-1890,-25,689,-2604
126294,-4096,-9216,20480,-4096,-1680,-26,306,-2012
126299,-4096,-9216,-5120,-13312,70,-26,-1030,1074
126304,-4096,-9216,13312,-21504,-1190,-27,399,-1616
126309,-4096,-9216,12288,-9216,-1120,-28,157,-1305
126314,-4096,-9216,12288,-13312,-1120,-29,-34,-1115
126319,-4096,-9216,13312,-6144,-1190,-29,-445,-214
126324,-4096,-9216,7168,-7168,-770,-30,-151,-649
126329,-4096,-9216,15360,-7168,-1330,-31,347,-1708
126334,-4096,-9216,5120,-4096,-630,-31,-166,-495
126339,-4096,-9216,21504,-6144,-1750,-32,807,-2589
126344,-4096,-9216,-2048,8192,-140,-33,-663,490
126350,0,-9216,13312,-7168,-910,-33,167,-1110
126355,0,-9216,13312,3072,-910,-33,244,-1187
126360,0,-9216,11264,-5120,-770,-34,237,-1041
126365,0,-9216,11264,-20480,-770,-34,243,-1047
126370,0,-9216,10240,-4096,-700,-34,177,-911
126375,0,-9216,10240,1024,-700,-35,75,-810
126380,0,-9216,9216,-6144,-630,-35,103,-768
126385,0,-9216,7168,-7168,-490,-36,-110,-416
126390,0,-9216,10240,-8192,-700,-36,36,-772
126395,0,-9216,16384,-17408,-1120,-37,382,-1539
126400,0,-9216,7168,-8192,-490,-37,-107,-420
126405,0,-9216,3072,-4096,-210,-37,-177,-70
126410,0,-9216,-1024,-3072,70,-38,-445,477
126415,0,-9216,7168,-7168,-490,-38,76,-604
126420,0,-9216,7168,-6144,-490,-38,21,-549
126425,0,-9216,10240,-2048,-700,-39,84,-823
126430,0,-9216,9216,-10240,-630,-39,-28,-641
126435,0,-9216,9216,-9216,-630,-40,70,-740
126440,0,-9216,8192,-5120,-560,-40,66,-666
126445,0,-9216,11264,-12288,-770,-40,216,-1026
126450,0,-9216,8192,-11264,-560,-41,392,-1413
126455,0,-9216,9216,-11264,-630,-41,96,-767
126460,0,-9216,7168,-14336,-490,-41,-81,-450
126465,0,-9216,11264,-15360,-770,-42,199,-1011
126470,0,-9216,10240,-3072,-700,-42,86,-828
126475,-4096,-9216,7168,-9216,-770,-43,-113,-700
126480,-4096,-9216,4096,-3072,-560,-43,-292,-311
126485,-4096,-9216,6144,-8192,-700,-44,-79,-665
126490,-4096,-9216,6144,-21504,-700,-44,-110,-634
126495,-4096,-9216,6144,-10240,-700,-45,-155,-590
126500,-4096,-9216,11264,-11264,-1050,-46,132,-1228
126505,-4096,-9216,7168,-14336,-280,-46,-550,224
126510,-4096,-9216,8192,-11264,-840,-47,-49,-838
126515,-4096,-9216,9216,-5120,-910,-48,16,-974
126520,-4096,-9216,5120,-11264,-630,-48,-244,-364
126525,-4096,-12288,8192,2048,-840,-49,-125,-764
126530,-4096,-12288,4096,-7168,-560,-50,-370,-240
126535,-4096,-12288,-1024,-12288,-490,-50,-322,-218
126540,-4096,-15360,8192,-4096,-840,-51,-23,-868
126545,-4096,-15360,7168,-12288,-770,-52,30,-852
126550,-4096,-15360,15360,-21504,-1330,-52,456,-1838
126555,-4096,-15360,12288,-20480,-1120,-53,84,-1257
126560,-4096,-15360,10240,-21504,-980,-54,-80,-954
126565,-4096,-15360,2048,-5120,-560,-55,-435,-180
126570,-4096,-15360,16384,-1024,-1400,-55,270,-1725
126575,-4096,-15360,19456,-8192,-1610,-56,432,-2098
126580,-4096,-15360,14336,-10240,-1260,-57,25,-1342
126585,-4096,-15360,8192,-7168,-840,-58,-258,-640
126590,-4096,-15360,25600,-2048,-2030,-59,666,-2755
126595,-4096,-15360,3072,-2048,-490,-60,-716,166
126600,-4096,-15360,2048,-6144,-420,-61,-599,118
126605,-4096,-15360,21504,4096,-1750,-62,499,-2311
126610,-4096,-15360,17408,-14336,-1470,-63,211,-1744
126615,-4096,-15360,12288,-2048,-1120,-64,-87,-1097
126620,-4096,-15360,2048,-4096,-420,-64,-637,153
126625,0,-15360,12288,-1024,-840,-65,119,-1024
126630,0,-15360,7168,-9216,-490,-65,-147,-408
126635,0,-15360,0,-4096,0,-65,-536,471
126640,0,-15360,13312,-11264,-980,-66,324,-1370
126645,0,-12288,15360,1024,-1050,-67,266,-1383
126650,0,-12288,-6144,-2048,420,-67,-943,1296
126655,0,-12288,17408,6144,-1190,-67,474,-1731
126660,0,-12288,7168,-15360,-490,-68,-66,-492
126665,0,-12288,2048,11264,-140,-68,-326,118
126670,0,-12288,14336,-2048,-980,-68,433,-1481
126675,0,-15360,-5120,4096,350,-69,-580,861
126680,0,-15360,11264,0,-770,-69,379,-1218
126685,0,-15360,18432,-5120,-1260,-69,724,-2053
126690,0,-15360,6144,0,-420,-70,-131,-359
126695,0,-15360,7168,-2048,-490,-70,-88,-472
126700,0,-15360,6144,-10240,-420,-70,-35,-455
126705,0,-15360,3072,-10240,-210,-71,-129,-152
126710,0,-15360,8192,-3072,-560,-71,175,-806
126715,0,-15360,1024,-3072,-70,-71,-361,220
126720,0,-15360,17408,-15360,-1190,-72,653,-1915
126725,0,-15360,6144,10240,-420,-72,-113,-379
126730,0,-15360,12288,-4096,-840,-72,230,-1142
126735,0,-15360,9216,-17408,-630,-73,40,-743
126740,0,-15360,12288,-2048,-840,-73,569,-1832
126745,0,-15360,10240,-1024,-700,-74,103,-877
126750,0,-15360,12288,-21504,-840,-74,151,-1065
126755,0,-15360,9216,-3072,-630,-75,-155,-410
126760,0,-15360,6144,-2048,-420,-75,-165,-330
126765,0,-15360,3072,-1024,-210,-75,-271,-14
126770,-4096,-15360,10240,-11264,-980,-76,125,-1181
126775,-4096,-15360,14336,-14336,-1260,-77,300,-1637
126780,-4096,-15360,16384,-3072,-1400,-77,417,-1894
126785,0,-15360,8192,-11264,-560,-78,-82,-556
126790,0,-15360,14336,-20480,-980,-79,207,-1266
126795,0,-15360,7168,2048,-490,-79,-282,-287
126800,0,-15360,18432,-5120,-1260,-80,353,-1693
126805,0,-15360,8192,-7168,-560,-80,-166,-474
126810,0,-15360,18432,-11264,-1260,-81,182,-1173
126815,0,-15360,11264,4096,-770,-81,162,-1013
126820,0,-15360,13312,-6144,-910,-82,217,-1209
126825,0,-15360,11264,-7168,-770,-82,193,-1115
126830,0,-15360,4096,-15360,-280,-83,-308,-55
126835,0,-15360,12288,-3072,-840,-83,75,-998
126840,0,-15360,19456,-3072,-1330,-84,164,-1228
126845,0,-15360,7168,-14336,-490,-84,-256,-318
126850,0,-15360,-2048,-1024,140,-85,-666,721
126855,-4096,-15360,2048,-11264,-420,-85,-347,-158
126860,-4096,-15360,4096,9216,-560,-86,-66,-580
126865,-4096,-15360,-3072,3072,-70,-86,-265,109
126870,-4096,-21504,3072,-13312,-490,-86,194,-770
126875,-4096,-21504,-1024,-4096,-210,-86,43,-339
126880,-4096,-21504,-2048,-12288,-140,-86,-131,-95
126885,-4096,-49152,11264,1024,-770,-86,341,-1197
126890,-4096,-43008,2048,-12288,-420,-87,-20,-487
126895,-4096,-43008,14336,-24576,-1260,-87,577,-1924
126900,0,-39936,2048,2048,-700,-88,361,-1149
126905,0,-39936,-1024,-3072,70,-88,-394,376
126910,0,-39936,8192,2048,-560,-88,191,-839
126915,0,-39936,3072,-2048,-210,-88,-167,-131
126920,0,-39936,15360,-3072,-1050,-89,469,-1608
126925,0,-39936,5120,7168,-350,-89,-5,-305
126930,0,-39936,6144,-11264,-420,-90,-152,-358
126935,-4096,-64512,-1024,-5120,-210,-90,-402,102
126940,-4096,-64512,-7168,-6144,210,-90,-504,274
126945,-4096,-64512,22528,-14336,-1820,-91,846,-2757
126950,-4096,-67584,1024,18432,-350,-92,-318,-124
126955,-4096,-67584,1024,-2048,-70,-92,-564,402
126960,-4096,-67584,14336,-14336,-1260,-92,589,-1941
126965,-4096,-67584,-8192,11264,280,-93,-605,792
126970,-4096,-67584,-17408,-3072,210,-93,-391,508
126975,-4096,-76800,-6144,-4096,140,-93,-134,181
126980,-4096,-76800,-10240,14336,420,-92,-144,472
126985,-4096,-76800,-18432,21504,840,-92,-336,1084
126990,-4096,-95232,-16384,8192,840,-91,-215,964
126995,-4096,-104448,-18432,17408,980,-90,-42,932
127000,-4096,-104448,-21504,52224,1190,-89,-87,1188
127005,-4096,-104448,-30720,45056,1820,-88,-533,2265
127010,-4096,-116736,-17408,25600,910,-87,187,636
127015,-4096,-119808,-11264,49152,0,-87,824,-911
127020,-4096,-119808,-23552,76800,1330,-87,-521,1764
127025,-4096,-119808,-24576,57344,1400,-86,-605,1919
127030,-4096,-129024,-22528,54272,1260,-85,-104,999
127035,-4096,-129024,-35840,86016,2170,-84,-716,2802
127040,-4096,-129024,-47104,133120,2940,-82,-887,3745
127045,-4096,-135168,-52224,122880,3290,-80,-525,3595
127050,-4096,-135168,-80896,96256,5250,-77,-1719,6892
127055,-4096,-135168,-96256,91136,6300,-73,-1788,8015
127060,-4096,-147456,-100352,124928,6580,-68,-1639,8991
127065,-4096,-147456,-124928,143360,8260,-62,-1305,9503
127070,-4096,-165888,-148480,131072,9870,-55,-1542,11357
127075,-4096,-165888,-171008,92160,11410,-47,-2241,14164
127080,-4096,-165888,-204800,115712,13720,-38,-2656,16338
127085,0,-211968,-219136,148480,14980,-28,-2336,17288
127090,0,-211968,-234496,179200,16030,-17,-1686,18753
127095,0,-211968,-265216,181248,18130,-2,-1550,19678
127100,0,-211968,-326656,173056,22330,13,-3224,25567
127105,0,-243712,-371712,193536,25410,30,-2703,26954
127110,0,-243712,-422912,214016,28910,50,-5015,33975
127115,0,-243712,-425984,251904,29120,70,-3185,32375
127120,0,-256000,-458752,270336,31360,94,-3691,36195
127125,0,-256000,-484352,252928,33110,118,-2025,35253
127130,0,-259072,-548864,223232,37520,144,-3393,41057
127135,0,-259072,-582656,196608,39830,175,-2855,42650
127140,0,-259072,-615424,228352,42070,204,-3046,45320
127145,0,-269312,-653312,279552,44660,235,-3619,48514
127150,0,-269312,-658432,316416,45010,266,-2410,47899
127155,0,-269312,-688128,315392,47040,302,-2547,49889
127160,0,-269312,-681984,282624,46620,336,-923,47879
127165,0,-269312,-713728,221184,48790,371,-1498,50056
127170,0,-269312,-748544,193536,51170,411,-1869,53450
127175,0,-269312,-775168,179200,52990,449,-1952,55391
127180,0,-269312,-828416,191488,56630,488,-3548,60666
127185,0,-269312,-832512,188416,56910,532,-2164,59606
127190,0,-269312,-863232,200704,59010,573,-2482,62065
127195,0,-275456,-862208,203776,58940,616,-1306,61942
127200,0,-275456,-871424,176128,59570,663,-746,60979
127205,0,-278528,-893952,165888,61110,706,-1123,62939
127210,0,-278528,-907264,145408,62020,751,-848,63619
127215,0,-278528,-916480,131072,62650,801,-522,63973
127220,0,-281600,-934912,136192,63910,846,-931,65687
127225,0,-281600,-937984,136192,64120,891,-787,66397
127230,0,-281600,-941056,136192,64330,942,-480,65752
127235,0,-288768,-968704,165888,66220,988,-1671,68879
127240,0,-288768,-955392,184320,65310,1035,-622,67042
127245,0,-288768,-922624,190464,63070,1085,975,63180
127250,0,-294912,-898048,200704,61390,1129,1482,61037
127255,0,-294912,-875520,183296,59850,1172,1610,59389
127260,0,-294912,-819200,159744,56000,1218,3208,54010
127265,0,-294912,-802816,169984,54880,1257,2280,53857
127270,0,-294912,-741376,166912,50680,1294,3718,48492
127275,0,-294912,-699392,137216,47810,1333,3732,45411
127280,0,-305152,-657408,145408,44940,1367,3867,42440
127285,0,-305152,-565248,95232,38640,1397,5982,34128
127290,0,-305152,-457728,53248,31290,1425,8418,24297
127295,0,-324608,-378880,40960,25900,1446,8363,18983
127300,0,-334848,-284672,4096,19460,1464,8737,11557
127305,0,-334848,-163840,-40960,11200,1475,10228,2447
127310,0,-334848,-64512,-72704,4410,1481,9960,-4069
127315,0,-428032,34816,-89088,-2380,1481,9425,-10324
127320,0,-428032,146432,-133120,-10010,1475,9108,-17643
127325,0,-496640,235520,-134144,-16100,1465,8410,-23045
127330,0,-496640,316416,-139264,-22050,1450,7633,-28233
127335,0,-496640,410624,-172032,-28070,1432,7840,-34478
127340,0,-545792,488448,-176128,-33390,1410,7557,-39537
127345,0,-545792,558080,-222208,-38780,1381,7239,-44638
127350,0,-564224,619520,-248832,-42350,1353,6645,-47642
127355,0,-564224,665600,-275456,-45500,1322,5898,-50076
127360,0,-560128,708608,-283648,-49210,1285,5633,-53558
127365,0,-560128,750592,-304128,-51310,1250,4582,-54642
127370,0,-560128,776192,-300032,-53060,1212,3542,-55390
127375,0,-560128,808960,-314368,-55300,1170,3162,-57292
127380,0,-560128,816128,-315392,-55790,1130,2200,-56860
127386,0,-560128,826368,-310272,-56490,1090,1776,-57176
127391,9216,-615424,833536,-314368,-56350,1047,1658,-56961
127396,12288,-625664,819200,-313344,-55160,1008,785,-54937
127401,12288,-625664,798720,-314368,-53760,969,-76,-52715
127406,15360,-636928,780288,-326656,-52290,929,-218,-51143
127411,15360,-636928,756736,-336896,-50680,893,-354,-49433
127416,15360,-636928,703488,-336896,-47040,859,-1964,-44217
127421,82944,-787456,689152,-350208,-41440,826,-1008,-39606
127426,82944,-787456,648192,-327680,-38640,798,-1759,-36083
127431,82944,-787456,604160,-311296,-35630,772,-1179,-35362
127436,104448,-863232,577536,-296960,-32340,745,-2449,-29146
127441,110592,-870400,528384,-272384,-28560,723,-3454,-24383
127446,110592,-870400,490496,-272384,-25970,704,-3574,-21692
127451,119808,-886784,453632,-276480,-22820,684,-3325,-18811
127456,138240,-904192,420864,-268288,-19320,669,-3208,-15443
127461,138240,-904192,395264,-275456,-17570,656,-2874,-14040
127466,138240,-904192,376832,-272384,-16310,642,-2191,-13477
127471,138240,-904192,353280,-289792,-14700,631,-2075,-11994
127476,138240,-904192,322560,-307200,-12600,622,-2411,-9567
127481,153600,-965632,300032,-312320,-10010,613,-2102,-7295
127486,153600,-965632,284672,-330752,-8960,606,-1770,-6584
127491,153600,-965632,258048,-359424,-7140,600,-2276,-4264
127496,153600,-965632,250880,-359424,-6650,594,-1711,-4345
127501,153600,-965632,231424,-374784,-5320,589,-1994,-2737
127506,153600,-965632,224256,-389120,-4830,585,-1819,-2426
127511,153600,-965632,207872,-379904,-3710,581,-2010,-1119
127516,153600,-965632,203776,-387072,-3430,577,-1677,-1176
127521,153600,-965632,189440,-397312,-2450,574,-1675,-411
127526,153600,-965632,181248,-378880,-1890,572,-1908,590
127531,147456,-904192,183296,-377856,-2450,570,-1317,-563
127536,147456,-904192,180224,-389120,-2240,567,-1133,804
127541,147456,-878592,167936,-389120,-1400,566,-1207,373
127546,144384,-870400,143360,-415744,70,566,-1643,2279
127551,144384,-870400,120832,-458752,1610,567,-1868,4325
127556,144384,-870400,88064,-485376,3850,569,-2013,6432
127561,135168,-831488,55296,-530432,5460,573,-2105,8138
127566,135168,-831488,11264,-580608,9310,580,-3109,12999
127571,135168,-831488,-39936,-624640,11970,588,-3129,15687
127576,132096,-824320,-66560,-675840,13580,598,-2399,16577
127581,132096,-824320,-100352,-718848,15890,609,-2169,18669
127586,107520,-824320,-118784,-766976,15470,622,-1583,17675
127591,107520,-824320,-136192,-814080,16660,634,-1244,18538
127596,107520,-824320,-150528,-837632,17640,646,-1234,18415
127601,107520,-824320,-142336,-904192,17080,660,-193,17933
127606,76800,-824320,-141312,-932864,14910,672,-53,15635
127611,76800,-824320,-131072,-947200,13510,683,919,13274
127616,76800,-824320,-112640,-987136,12950,692,876,12766
127621,76800,-824320,-82944,-991232,10920,701,1796,9825
127626,76800,-824320,-55296,-1009664,9030,709,2118,7621
127631,76800,-824320,-18432,-989184,6510,714,2774,4450
127636,70656,-831488,31744,-980992,2660,717,3704,-327
127641,70656,-831488,82944,-966656,-840,718,4042,-4164
127646,70656,-863232,146432,-937984,-5180,716,5056,-9520
127651,70656,-863232,201728,-915456,-8960,711,5334,-13583
127656,70656,-863232,256000,-912384,-12670,703,5192,-17159
127661,70656,-863232,284672,-904192,-14630,694,4348,-18284
127666,79872,-929792,327680,-896000,-16940,682,4244,-20502
127671,79872,-929792,357376,-909312,-18970,668,3467,-21769
127676,79872,-947200,387072,-917504,-21000,654,3169,-23515
127681,79872,-965632,390144,-922624,-21210,638,1668,-22240
127686,79872,-974848,420864,-916480,-23310,620,1923,-24613
127691,79872,-974848,437248,-931840,-24430,603,1582,-25409
127696,79872,-974848,446464,-948224,-25060,585,1668,-27125
127701,79872,-965632,467968,-944128,-26530,563,1088,-27055
127706,79872,-965632,470016,-951296,-26670,543,112,-26239
127711,79872,-965632,475136,-944128,-27020,521,-332,-26167
127716,79872,-965632,473088,-941056,-26880,500,-1143,-25237
127721,79872,-965632,475136,-944128,-27020,479,-1427,-25114
127726,82944,-974848,471040,-950272,-26530,457,-1714,-24359
127731,82944,-974848,467968,-954368,-26320,437,-1835,-24048
127736,82944,-974848,468992,-970752,-26390,416,-1624,-24350
127741,82944,-974848,460800,-980992,-25830,395,-1756,-23679
127746,82944,-974848,453632,-998400,-25340,376,-1817,-23147
127751,82944,-974848,449536,-1003520,-25060,357,-1448,-23255
127756,82944,-974848,442368,-1027072,-24570,337,-1316,-22917
127761,82944,-974848,444416,-1027072,-24710,320,-556,-23834
127766,82944,-974848,419840,-1029120,-23030,303,-1299,-21428
127771,82944,-1094656,412672,-1053696,-22540,285,-794,-21461
127776,82944,-1094656,381952,-1055744,-20440,270,-1702,-18468
127781,82944,-1094656,362496,-1058816,-19110,256,-1800,-17054
127786,52224,-1062912,338944,-1056768,-19600,240,-2115,-17245
127791,39936,-1012736,320512,-1047552,-19180,226,-2105,-16849
127796,39936,-1012736,282624,-1039360,-16590,212,-3154,-13224
127801,39936,-1012736,269312,-1045504,-15680,199,-2602,-12879
127806,9216,-886784,240640,-1016832,-15820,187,-3011,-12622
127811,9216,-886784,227328,-1001472,-14910,175,-2721,-12014
127816,9216,-886784,204800,-974848,-13370,163,-2788,-10419
127821,9216,-886784,191488,-942080,-12460,154,-2462,-9844
127826,9216,-886784,180224,-907264,-11690,144,-2135,-9411
127831,0,-707584,162816,-855040,-11130,135,-2155,-8840
127836,0,-683008,161792,-814080,-11060,126,-1478,-9456
127841,0,-683008,166912,-789504,-11410,118,-594,-10698
127846,0,-615424,174080,-741376,-11900,109,98,-11889
127851,0,-600064,173056,-715776,-11830,101,163,-11892
127856,0,-600064,187392,-654336,-12530,92,579,-13017
127861,0,-600064,202752,-629760,-13860,83,1436,-15213
127866,0,-569344,217088,-604160,-14840,73,1803,-16570
127871,0,-569344,227328,-577536,-15750,62,1961,-17649
127876,0,-574464,236544,-527360,-16170,52,1956,-18074
127881,0,-574464,230400,-480256,-15750,41,1289,-16998
127886,0,-574464,230400,-441344,-16240,30,1440,-17650
127891,0,-500736,229376,-385024,-15680,19,823,-16484
127896,0,-466944,225280,-344064,-15400,8,467,-15859
127901,0,-466944,228352,-294912,-15610,-4,553,-16167
127906,0,-466944,219136,-244736,-14980,-14,-21,-14973
127911,0,-409600,216064,-202752,-14770,-25,-196,-14599
127916,0,-409600,221184,-142336,-15120,-37,37,-15194
127921,0,-409600,219136,-107520,-14980,-48,-208,-14820
127926,0,-394240,229376,-65536,-15680,-60,129,-15869
127931,0,-394240,238592,-23552,-16310,-73,238,-16621
127936,0,-384000,245760,14336,-16800,-85,224,-17109
127941,0,-384000,248832,46080,-17010,-98,-11,-17097
127946,0,-384000,258048,89088,-17640,-112,182,-17934
127951,0,-369664,261120,108544,-17850,-124,184,-18158
127956,0,-369664,265216,134144,-18130,-137,195,-18462
127961,0,-369664,268288,156672,-18340,-152,314,-18806
127966,0,-369664,266240,174080,-18200,-165,174,-18539
127971,-4096,-352256,262144,176128,-18200,-177,14,-18391
127976,-4096,-352256,259072,195584,-17990,-191,30,-18211
127981,-4096,-331776,246784,188416,-17150,-204,-427,-16927
127986,-4096,-331776,243712,182272,-16940,-216,-277,-16879
127991,-4096,-331776,231424,187392,-16100,-229,-560,-15769
127996,-4096,-331776,220160,176128,-15330,-240,-672,-14898
128001,-4096,-308224,218112,164864,-15190,-251,-467,-14974
128006,-4096,-308224,201728,149504,-14070,-262,-982,-13350
128011,-4096,-308224,199680,151552,-13930,-273,-735,-13468
128016,-4096,-278528,176128,154624,-12320,-283,-1722,-10881
128021,-4096,-278528,181248,124928,-12670,-293,-896,-12067
128026,-4096,-278528,171008,117760,-11970,-302,-1206,-11066
128031,-4096,-278528,174080,93184,-12180,-312,-771,-11721
128036,-4096,-278528,165888,84992,-11620,-321,-1006,-10935
128041,-4096,-278528,175104,73728,-12250,-330,-338,-12242
128046,-4096,-237568,168960,47104,-11830,-340,-526,-11644
128051,-4096,-237568,169984,38912,-11900,-348,-370,-11878
128056,-4096,-237568,164864,33792,-11550,-357,-580,-11327
128061,-4096,-208896,166912,5120,-11690,-367,-345,-11712
128066,-4096,-208896,168960,6144,-11830,-375,-203,-12002
128071,-4096,-208896,163840,-2048,-11480,-384,-703,-11161
128076,-7168,-147456,167936,-5120,-11970,-394,-524,-11840
128081,-7168,-147456,166912,6144,-11900,-403,-620,-11683
128086,-7168,-147456,160768,10240,-11480,-412,-980,-11745
128091,-7168,-147456,169984,-1024,-12110,-422,-336,-12196
128096,-10240,-129024,160768,10240,-11690,-431,-833,-11288
128101,-10240,-129024,171008,2048,-12530,-441,-9,-12962
128106,-10240,-129024,181248,5120,-13090,-450,454,-13994
128111,-10240,-129024,183296,7168,-13230,-459,478,-14167
128116,-10240,-129024,179200,9216,-12950,-469,1040,-15579
128121,-10240,-129024,192512,17408,-13860,-479,671,-15010
128126,-13312,-113664,182272,25600,-13370,-489,-76,-13783
128131,-13312,-113664,165888,31744,-12250,-499,477,-15117
128136,-10240,-92160,179200,48128,-12950,-510,-514,-12946
128141,-7168,-82944,174080,68608,-12390,-520,-1091,-11819
128146,-7168,-82944,179200,90112,-12740,-530,-1030,-12240
128151,-7168,-82944,195584,111616,-13860,-542,-485,-13917
128156,0,-67584,199680,141312,-13650,-553,-739,-13464
128161,0,-67584,215040,160768,-14700,-565,-87,-15599
128166,0,-67584,231424,179200,-15820,-578,-115,-16283
128171,0,-67584,243712,181248,-16660,-590,-78,-17172
128176,0,-67584,256000,182272,-17500,-603,0,-17976
128181,0,-67584,266240,202752,-18200,-618,-49,-18769
128186,0,-39936,287744,207872,-19670,-633,587,-20890
128191,0,-39936,286720,214016,-19670,-649,-30,-20289
128196,0,-33792,309248,232448,-21140,-664,628,-22432
128201,0,-33792,312320,253952,-21350,-679,359,-22388
128206,0,-33792,322560,274432,-22050,-695,489,-23234
128212,0,-33792,328704,297984,-22470,-712,526,-23708
128217,12288,-24576,336896,314368,-22190,-728,746,-23664
128222,12288,-24576,336896,310272,-22190,-744,583,-23517
128227,24576,-24576,348160,328704,-22120,-761,914,-23795
128232,86016,-24576,348160,334848,-17920,-776,462,-19158
128237,86016,-24576,340992,345088,-17430,-789,-23,-18477
128242,119808,-24576,344064,372736,-15330,-802,-280,-15852
128247,119808,-24576,342016,414720,-15190,-813,-535,-15468
128252,119808,-24576,339968,441344,-14910,-826,-826,-14910
128257,119808,-24576,342016,479232,-15190,-837,-597,-15430
128262,252928,-27648,349184,501760,-6580,-846,-92,-7334
128267,252928,-27648,358400,520192,-7210,-851,32,-7533
128272,252928,-27648,351232,536576,-6720,-856,191,-7767
128277,252928,-27648,353280,547840,-6860,-860,311,-8031
128282,252928,-27648,355328,567296,-7000,-865,544,-8549
128287,252928,-27648,366592,603136,-7770,-870,934,-9574
128292,252928,-27648,371712,629760,-8120,-876,866,-9862
128297,252928,-27648,380928,663552,-8750,-882,863,-10495
128302,355328,-27648,403456,687104,-3290,-884,1506,-5680
128307,348160,-24576,408576,705536,-4130,-887,1053,-6070
128312,348160,-24576,429056,705536,-5530,-891,2144,-9685
128317,348160,-24576,457728,718848,-7490,-896,1654,-10040
128322,348160,-24576,472064,726016,-8470,-903,1183,-10556
128327,348160,-24576,495616,772096,-10080,-910,1741,-13572
128332,215040,-24576,527360,795648,-21350,-927,1440,-23717
128337,215040,-24576,558080,840704,-23450,-943,1726,-26119
128342,215040,-24576,590848,867328,-25690,-961,2110,-35175
128347,113664,-21504,627712,875520,-35140,-988,2747,-38875
128352,113664,-21504,638976,887808,-35910,-1013,2185,-39108
128357,113664,-21504,658432,884736,-37240,-1039,2124,-44357
128362,61440,-18432,667648,876544,-41440,-1071,1676,-44187
128367,12288,-12288,676864,891904,-45430,-1101,1473,-48004
128372,12288,-12288,681984,907264,-45780,-1134,1340,-48817
128377,9216,-9216,686080,925696,-46270,-1170,852,-48292
128382,9216,-9216,687104,917504,-46340,-1203,644,-48187
128387,9216,-9216,684032,905216,-47670,-1239,569,-49478
128392,-7168,-9216,677888,881664,-46830,-1273,-192,-47911
128397,-7168,-9216,679936,879616,-46970,-1307,-164,-48113
128402,-7168,-9216,664576,879616,-45920,-1343,-777,-46486
128407,-7168,-9216,658432,893952,-45500,-1376,-714,-46162
128412,-93184,-9216,644096,897024,-50400,-1410,-893,-50917
128417,-117760,-9216,627712,874496,-50960,-1449,-998,-51411
128422,-117760,-9216,619520,854016,-50400,-1485,-710,-51175
128427,-238592,-9216,593920,837632,-56910,-1524,-1267,-57167
128432,-282624,-9216,579584,825344,-58940,-1568,-1088,-59420
128437,-282624,-9216,565248,826368,-57960,-1609,-860,-58709
128442,-282624,-9216,558080,819200,-57470,-1649,-141,-58978
128447,-570368,-9216,530432,799744,-75250,-1695,-607,-76338
128452,-570368,-9216,521216,766976,-74620,-1748,-98,-76270
128457,-585728,-9216,487424,737280,-73360,-1800,-981,-74179
128462,-585728,-9216,462848,720896,-71680,-1856,-1257,-72279
128467,-585728,-9216,441344,727040,-70210,-1906,-1193,-70923
128472,-740352,-9216,415744,729088,-79030,-1960,-1292,-79698
128477,-740352,-9216,374784,701440,-76230,-2021,-1929,-76322
128482,-740352,-9216,334848,670720,-73500,-2074,-2556,-73018
128487,-1053696,-9216,299008,635904,-92470,-2143,-2738,-91875
128492,-1053696,-9216,251904,629760,-89250,-2208,-3543,-87915
128497,-1053696,-9216,218112,622592,-86940,-2271,-3483,-85728
128502,-1053696,-9216,162816,629760,-83160,-2338,-4125,-81373
128507,-1338368,-9216,115712,628736,-99400,-2400,-4349,-97451
128512,-1338368,-9216,67584,609280,-96110,-2470,-4507,-94073
128517,-1325056,-9216,6144,583680,-91000,-2544,-5091,-88453
128522,-1325056,-9216,-49152,585728,-87220,-2608,-5558,-84270
128527,-1325056,-9216,-102400,594944,-83580,-2670,-5799,-80451
128532,-1325056,-15360,-174080,615424,-78680,-2735,-6494,-74921
128537,-1325056,-15360,-225280,613376,-75180,-2791,-6126,-71845
128542,-1325056,-15360,-279552,591872,-71470,-2843,-5930,-68383
128547,-1325056,-15360,-352256,590848,-66500,-2898,-6618,-62780
128552,-1310720,-18432,-405504,583680,-61880,-2945,-6242,-58583
128557,-1310720,-18432,-450560,592896,-58800,-2988,-5497,-56291
128562,-1325056,-18432,-518144,613376,-55160,-3033,-5761,-52432
128567,-1325056,-18432,-548864,627712,-53060,-3072,-4430,-51702
128572,-1325056,-18432,-590848,619520,-50190,-3108,-3933,-49365
128577,-1338368,-27648,-641024,612352,-47670,-3147,-3966,-46851
128582,-1338368,-27648,-675840,592896,-45290,-3180,-3543,-44927
128587,-1338368,-27648,-711680,611328,-42840,-3211,-3367,-42684
128592,-1393664,-39936,-743424,618496,-44450,-3246,-2928,-44768
128597,-1408000,-43008,-771072,645120,-43540,-3276,-2381,-44435
128602,-1408000,-43008,-789504,633856,-42280,-3306,-1492,-42518
128607,-1408000,-43008,-829440,646144,-39550,-3337,-1851,-41036
128612,-1629184,-55296,-852992,629760,-53060,-3368,-1634,-54794
128617,-1629184,-55296,-876544,623616,-51100,-3409,-1698,-52811
128622,-1629184,-55296,-905216,633856,-49490,-3444,-1764,-51170
128627,-1950720,-52224,-923648,642048,-70210,-3485,-1451,-72244
128632,-1950720,-52224,-954368,666624,-68110,-3539,-1427,-70712
128637,-1993728,-58368,-959488,668672,-70700,-3589,-825,-73464
128642,-2036736,-58368,-1000448,664576,-70840,-3639,-1886,-72593
128647,-2036736,-58368,-1030144,649216,-68810,-3689,-2185,-70455
128652,-2058240,-64512,-1064960,643072,-67900,-3743,-2526,-69117
128657,-2058240,-64512,-1100800,635904,-65450,-3791,-2899,-66342
128662,-2058240,-64512,-1144832,648192,-62440,-3837,-3574,-62672
128667,-2080768,-64512,-1176576,658432,-61810,-3886,-3284,-62412
128672,-2080768,-64512,-1215488,681984,-59150,-3929,-3329,-59750
128677,-2080768,-64512,-1243136,674816,-54250,-3974,-2724,-55500
128682,-2036736,-67584,-1286144,672768,-51310,-4012,-3111,-52211
128687,-2036736,-67584,-1325056,663552,-48650,-4047,-3193,-49504
128692,-1869824,-64512,-1360896,657408,-34790,-4083,-2960,-35913
128697,-1869824,-64512,-1398784,666624,-32200,-4107,-3187,-33120
128702,-1772544,-70656,-1434624,701440,-23100,-4127,-3361,-23866
128707,-1772544,-73728,-1460224,710656,-21350,-4145,-2949,-22546
128712,-1772544,-73728,-1497088,742400,-18830,-4159,-3215,-19774
128717,-1772544,-73728,-1520640,735232,-17220,-4172,-2715,-18590
128722,-1735680,-110592,-1554432,731136,-12390,-4185,-2847,-13728
128727,-1735680,-110592,-1563648,718848,-11760,-4194,-1978,-13976
128732,-1735680,-110592,-1590272,711680,-9940,-4202,-2040,-12382
128737,-1735680,-110592,-1597440,710656,-9450,-4210,-1896,-11764
128742,-1735680,-110592,-1601536,716800,-9170,-4217,-1570,-11817
128747,-1772544,-122880,-1595392,729088,-12110,-4226,-991,-15345
128752,-1772544,-122880,-1595392,718848,-12110,-4236,-828,-15518
128757,-1772544,-122880,-1579008,710656,-13230,-4246,53,-17529
128762,-1792000,-125952,-1575936,698368,-14770,-4256,-16,-19140
128767,-1772544,-125952,-1564672,680960,-14210,-4268,253,-18731
128772,-1772544,-125952,-1554432,654336,-14910,-4279,386,-19575
128777,-1754112,-129024,-1533952,640000,-14210,-4290,357,-18857
128782,-1754112,-129024,-1536000,644096,-14910,-4301,459,-19670
128787,-1754112,-129024,-1509376,644096,-16730,-4312,1390,-22432
128792,-1629184,-129024,-1496064,646144,-9100,-4321,1350,-14771
128797,-1629184,-129024,-1469440,652288,-10920,-4327,2109,-17356
128802,-1629184,-129024,-1439744,632832,-12950,-4335,3009,-20294
128807,-1379328,-138240,-1430528,627712,3500,-4334,2526,-3360
128812,-1271808,-147456,-1412096,600064,9590,-4330,2752,2508
128817,-1271808,-147456,-1410048,583680,9450,-4322,2458,2040
128822,-1271808,-147456,-1389568,574464,8050,-4315,2331,1404
128827,-1162240,-208896,-1386496,583680,15330,-4307,1636,9387
128832,-1162240,-208896,-1371136,589824,14280,-4296,1466,8518
128837,-1162240,-208896,-1352704,593920,13020,-4286,1519,7215
128842,-1162240,-211968,-1330176,583680,11480,-4278,1721,5481
128847,-1162240,-211968,-1303552,575488,9660,-4269,1985,3406
128852,-1174528,-215040,-1272832,551936,6720,-4264,2421,35
128857,-1174528,-215040,-1244160,521216,4760,-4259,2752,-2251
128862,-1174528,-215040,-1215488,502784,2800,-4256,2807,-4263
128867,-1174528,-215040,-1191936,484352,1190,-4254,2729,-5793
128872,-1174528,-215040,-1174528,499712,0,-4253,2280,-6533
128877,-1174528,-215040,-1158144,495616,-1820,-4254,2263,-8337
128882,-1162240,-224256,-1128448,509952,-2310,-4256,1958,-8524
128887,-1162240,-224256,-1114112,515072,-3290,-4258,1518,-9066
128892,-1162240,-224256,-1085440,501760,-5250,-4262,1797,-11309
128897,-1085440,-252928,-1057792,488448,-1890,-4263,2146,-8299
128902,-957440,-269312,-1041408,475136,5740,-4262,1835,-357
128907,-957440,-269312,-1015808,451584,3990,-4258,2015,-2283
128912,-957440,-269312,-991232,435200,2310,-4256,2054,-4000
128917,-660480,-285696,-977920,427008,21700,-4250,1470,15980
128922,-660480,-285696,-952320,411648,19950,-4234,1562,14154
128927,-585728,-297984,-931840,414720,23660,-4217,1417,18026
128932,-585728,-297984,-904192,415744,21770,-4202,1689,15879
128937,-585728,-297984,-870400,404480,19460,-4186,2030,13244
128942,-335872,-318464,-820224,400384,33110,-4161,3382,25567
128947,-276480,-327680,-790528,386048,35140,-4136,3379,27625
128952,-276480,-327680,-744448,373760,31990,-4109,3916,23965
128957,-276480,-327680,-701440,357376,29050,-4087,4234,20729
128962,-99328,-369664,-672768,330752,39200,-4063,3533,28612
128967,-99328,-369664,-616448,312320,35350,-4035,3997,27318
128972,-87040,-376832,-578560,306176,33600,-4010,3534,26056
128977,-56320,-394240,-529408,288768,32340,-3988,3477,24875
128982,-56320,-394240,-479232,274432,28910,-3965,3095,21850
128987,-22528,-416768,-423936,270336,27440,-3946,3189,20305
128992,-22528,-416768,-357376,248832,22890,-3929,3808,15153
128997,-22528,-416768,-299008,230400,18900,-3914,3795,11191
129002,-4096,-518144,-237568,199680,15960,-3902,4166,7892
129007,-4096,-518144,-155648,166912,10360,-3893,4656,2652
129012,-4096,-518144,-99328,145408,6510,-3886,5363,-2739
129017,-4096,-518144,-43008,122880,2660,-3882,5513,-6735
129022,0,-536576,1024,111616,-70,-3881,4918,-9590
129027,0,-540672,50176,93184,-3430,-3882,4589,-11901
129032,0,-540672,95232,83968,-6510,-3886,4436,-14832
129037,0,-555008,134144,76800,-9170,-3891,4118,-17179
129042,0,-555008,177152,60416,-12110,-3899,3884,-19893
129047,0,-555008,216064,36864,-14770,-3909,3922,-22601
129052,0,-555008,254976,13312,-17430,-3920,4022,-24350
129057,0,-555008,278528,1024,-19040,-3934,3237,-26211
129063,0,-555008,313344,-23552,-21420,-3948,3557,-28925
129068,0,-555008,337920,-47104,-23100,-3963,2212,-28227
129073,0,-555008,358400,-54272,-24500,-3981,2943,-31424
129078,0,-555008,368640,-83968,-25200,-3998,2221,-31419
129083,0,-560128,389120,-103424,-26600,-4016,2366,-32982
129088,0,-560128,400384,-114688,-27370,-4037,1911,-33318
129093,0,-560128,409600,-123904,-28000,-4057,1527,-33584
129098,0,-549888,414720,-142336,-28350,-4077,1103,-33530
129103,0,-549888,420864,-148480,-28770,-4099,802,-33671
129108,0,-549888,430080,-165888,-29400,-4120,785,-34305
129113,0,-579584,443392,-188416,-30310,-4143,-146,-32837
129118,0,-579584,442368,-198656,-30240,-4164,606,-35010
129123,0,-579584,451584,-214016,-30870,-4186,730,-35786
129128,0,-579584,462848,-231424,-31640,-4208,-150,-34300
129133,0,-605184,453632,-236544,-31010,-4232,368,-35610
129138,0,-605184,461824,-253952,-31570,-4254,735,-36559
129143,0,-610304,467968,-257024,-30310,-4277,-254,-34333
129148,0,-610304,445440,-270336,-30450,-4299,40,-34789
129153,0,-610304,446464,-271360,-30520,-4320,362,-35202
129158,0,-605184,449536,-283648,-28910,-4343,-697,-32556
129163,0,-605184,419840,-274432,-28700,-4363,-433,-32630
129168,0,-605184,413696,-281600,-28280,-4383,-348,-32315
129173,0,-605184,408576,-296960,-27930,-4403,-250,-30687
129178,0,-605184,387072,-297984,-26460,-4424,-932,-29952
129183,0,-605184,382976,-299008,-26180,-4443,-757,-29866
129188,0,-605184,378880,-306176,-25900,-4461,-594,-27491
129193,0,-605184,360448,-309248,-24640,-4481,-1239,-27882
129198,0,-605184,358400,-325632,-24500,-4499,-1015,-27984
129203,0,-605184,351232,-322560,-24010,-4517,-1637,-26121
129208,0,-605184,328704,-326656,-22470,-4536,-1930,-25076
129213,0,-605184,333824,-334848,-22820,-4553,-1388,-25985
129218,0,-605184,320512,-328704,-21910,-4570,-1926,-24554
129223,0,-605184,309248,-334848,-21140,-4588,-2136,-23592
129228,0,-605184,300032,-336896,-20510,-4604,-2384,-22730
129233,-16384,-605184,299008,-331776,-21560,-4622,-2537,-22945
129238,-34816,-605184,273408,-333824,-21070,-4639,-3046,-22663
129243,-34816,-605184,276480,-328704,-21280,-4656,-2388,-23548
129248,-40960,-605184,259072,-327680,-20720,-4674,-2604,-22790
129253,-102400,-594944,262144,-325632,-24920,-4691,-2117,-27494
129258,-102400,-594944,240640,-317440,-23450,-4710,-2822,-25338
129263,-157696,-589824,236544,-320512,-26950,-4730,-2507,-29173
129268,-157696,-589824,225280,-328704,-26180,-4752,-2355,-28577
129273,-157696,-589824,227328,-327680,-26320,-4772,-1629,-29463
129278,-157696,-589824,215040,-326656,-25480,-4793,-1609,-28664
129283,-413696,-574464,210944,-324608,-42700,-4816,-1231,-46285
129288,-413696,-574464,201728,-322560,-42070,-4847,-1202,-45715
129293,-413696,-574464,202752,-309248,-42140,-4880,-633,-46387
129298,-541696,-523264,196608,-318464,-50470,-4913,-545,-54838
129303,-541696,-523264,187392,-305152,-49840,-4949,-553,-54236
129308,-524288,-518144,185344,-301056,-48510,-4986,-84,-53412
129313,-524288,-518144,173056,-301056,-47670,-5020,-95,-52595
129318,-524288,-518144,158720,-310272,-46690,-5053,-86,-51657
129323,-524288,-518144,148480,-304128,-46410,-5088,531,-52029
129328,-505856,-509952,134144,-321536,-43750,-5118,397,-49265
129333,-505856,-509952,120832,-317440,-42840,-5148,617,-48605
129338,-505856,-509952,103424,-338944,-41650,-5179,690,-47519
129343,-505856,-509952,81920,-330752,-40180,-5206,512,-45898
129348,-505856,-509952,73728,-333824,-39620,-5232,1089,-45941
129353,-505856,-509952,55296,-360448,-38010,-5261,664,-43935
129358,-505856,-509952,43008,-356352,-37520,-5286,1129,-43935
129363,-505856,-509952,29696,-359424,-36610,-5310,1181,-43101
129368,-497664,-514048,11264,-375808,-34790,-5336,763,-40889
129373,-497664,-514048,8192,-396288,-34580,-5359,1215,-41154
129378,-497664,-514048,-2048,-397312,-33880,-5382,1276,-40538
129383,-565248,-509952,-13312,-434176,-37730,-5410,931,-44071
129388,-565248,-509952,-15360,-452608,-37590,-5435,1190,-44215
129393,-565248,-509952,-27648,-468992,-36750,-5461,729,-42940
129398,-565248,-509952,-48128,-498688,-35350,-5488,-185,-40653
129403,-595968,-488448,-47104,-529408,-37520,-5514,209,-43243
129408,-595968,-488448,-60416,-539648,-36610,-5540,-290,-41860
129413,-611328,-479232,-61440,-581632,-37590,-5570,-117,-43043
129418,-611328,-479232,-77824,-603136,-36470,-5596,-821,-41245
129423,-616448,-439296,-72704,-627712,-37170,-5623,-484,-43371
129428,-616448,-439296,-70656,-656384,-37310,-5653,-357,-42606
129433,-616448,-443392,-73728,-675840,-37100,-5680,-601,-42179
129438,-616448,-443392,-88064,-707584,-36120,-5709,-337,-42682
129443,-616448,-443392,-79872,-715776,-36680,-5736,-858,-41558
129448,-616448,-443392,-93184,-735232,-35770,-5763,-1464,-40069
129453,-616448,-443392,-105472,-746496,-34930,-5792,-320,-42152
129458,-616448,-443392,-94208,-762880,-35700,-5818,-822,-40696
129463,-575488,-391168,-114688,-776192,-31500,-5843,-1739,-35604
129468,-565248,-394240,-115712,-783360,-30730,-5866,-1509,-37370
129473,-565248,-394240,-105472,-792576,-31430,-5892,-652,-36670
129478,-515072,-398336,-109568,-795648,-27720,-5913,-824,-32809
129483,-476160,-398336,-97280,-802816,-25900,-5935,15,-31850
129488,-476160,-398336,-102400,-808960,-25550,-5954,-212,-31292
129493,-476160,-398336,-103424,-807936,-25480,-5972,-186,-31266
129498,-417792,-398336,-90112,-817152,-22400,-5992,637,-29029
129503,-417792,-398336,-90112,-815104,-22400,-6008,662,-29070
129508,-413696,-379904,-97280,-813056,-21630,-6023,231,-27884
129513,-417792,-365568,-79872,-809984,-23100,-6041,1053,-30194
129518,-417792,-365568,-83968,-807936,-22820,-6057,659,-29536
129523,-417792,-365568,-89088,-806912,-22470,-6073,216,-28759
129528,-417792,-365568,-75776,-805888,-23380,-6090,892,-30362
129533,-417792,-365568,-91136,-807936,-22330,-6107,-60,-28377
129538,-417792,-365568,-79872,-808960,-23100,-6123,497,-29720
129543,-338944,-362496,-76800,-797696,-17780,-6140,214,-24134
129548,-338944,-362496,-79872,-805888,-17710,-6153,2,-23865
129553,-260096,-369664,-74752,-803840,-12670,-6163,28,-18861
129558,-260096,-369664,-68608,-805888,-13090,-6173,50,-19313
129563,-260096,-369664,-59392,-785408,-13720,-6183,116,-20019
129568,-74752,-423936,-52224,-792576,-1540,-6187,-7,-7720
129573,-13312,-451584,-40960,-775168,2450,-6188,-353,-3385
129578,-13312,-451584,-31744,-796672,1260,-6187,-27,-4900
129583,-13312,-451584,-19456,-800768,420,-6188,-23,-5745
129588,3072,-391168,-7168,-786432,70,-6189,449,-6568
129593,3072,-391168,8192,-804864,-350,-6189,65,-6604
129598,3072,-391168,26624,-808960,-1610,-6191,268,-8069
129603,3072,-391168,49152,-797696,-3640,-6194,958,-10792
129608,3072,-391168,75776,-808960,-4970,-6198,996,-12164
129613,3072,-391168,100352,-824320,-6650,-6203,1225,-14078
129618,3072,-391168,142336,-817152,-9520,-6210,2331,-18061
129623,3072,-391168,162816,-825344,-10920,-6217,2067,-19204
129628,3072,-391168,191488,-832512,-12880,-6226,2181,-21287
129633,3072,-391168,242688,-821248,-16380,-6238,3440,-26058
129638,3072,-391168,277504,-822272,-18760,-6250,3610,-28620
129643,3072,-391168,308224,-823296,-20860,-6264,3464,-30588
129648,348160,-348160,354304,-819200,-420,-6273,3988,-10681
129653,348160,-348160,390144,-801792,-2870,-6273,4211,-13354
129658,348160,-348160,416768,-790528,-4690,-6275,3813,-14778
129663,348160,-348160,472064,-780288,-8470,-6279,4997,-19746
129668,348160,-348160,486400,-770048,-9450,-6284,4054,-19788
129673,531456,-348160,502784,-747520,1960,-6283,3379,-10962
129678,531456,-348160,552960,-748544,-1470,-6282,4367,-12119
129683,531456,-348160,569344,-730112,-2590,-6282,3663,-12535
129688,676864,-342016,587776,-712704,6090,-6277,3121,-3308
129693,739328,-327680,633856,-706560,7210,-6271,3970,-3031
129698,739328,-327680,647168,-694272,6300,-6266,3070,-3036
129703,739328,-327680,656384,-692224,5670,-6262,2037,-2629
129708,1084416,-327680,695296,-695296,26600,-6250,2699,17651
129713,1084416,-327680,709632,-692224,25620,-6232,2004,17384
129718,1197056,-327680,751616,-704512,30450,-6210,2658,21582
129723,1197056,-327680,801792,-690176,27020,-6187,3338,17495
129728,1197056,-327680,857088,-706560,23240,-6170,4160,12910
129733,1197056,-327680,897024,-694272,19250,-6153,4720,8377
129738,1364992,-318464,964608,-707584,27370,-6136,4633,16601
129743,1364992,-318464,1025024,-724992,23240,-6118,4962,12160
129748,1364992,-318464,1095680,-712704,18410,-6102,5391,6917
129753,1645568,-301056,1150976,-715776,33810,-6082,5247,22481
129758,1645568,-301056,1208320,-730112,29890,-6060,5148,18682
129763,1645568,-301056,1282048,-712704,24850,-6038,5856,12956
129768,1645568,-272384,1343488,-723968,20650,-6022,5867,8761
129773,1610752,-266240,1402880,-726016,14210,-6009,5656,2545
129778,1610752,-266240,1476608,-715776,9170,-6000,5857,-2687
129783,1610752,-266240,1523712,-709632,5950,-5995,5061,-5106
129788,1297408,-234496,1577984,-679936,-19180,-5995,4787,-29962
129793,1297408,-234496,1641472,-681984,-23520,-6012,4823,-34355
129798,1232896,-234496,1677312,-649216,-30380,-6033,3742,-40155
129803,1105920,-205824,1705984,-617472,-41020,-6057,2560,-49637
129808,1105920,-205824,1761280,-609280,-44800,-6092,2961,-53853
129813,886784,-205824,1782784,-599040,-61250,-6134,1821,-69205
129818,886784,-205824,1812480,-579584,-63280,-6180,1430,-70890
129823,886784,-205824,1812480,-572416,-63280,-6231,-207,-69304
129828,886784,-205824,1823744,-571392,-64050,-6278,-581,-69747
129833,886784,-205824,1821696,-564224,-63910,-6326,-1249,-68987
129838,886784,-205824,1814528,-563200,-63420,-6377,-1681,-68116
129843,401408,-132096,1785856,-549888,-94640,-6439,-2898,-98181
129848,401408,-132096,1777664,-552960,-94080,-6508,-2565,-98023
129853,401408,-132096,1731584,-546816,-90930,-6582,-3774,-93738
129858,193536,-101376,1700864,-526336,-103040,-6654,-3823,-105871
129863,193536,-101376,1638400,-486400,-98770,-6727,-5320,-100177
129868,193536,-101376,1581056,-480256,-94850,-6804,-5851,-95803
129873,27648,-46080,1519616,-447488,-101990,-6878,-6507,-102361
129878,0,-21504,1451008,-428032,-99190,-6951,-7192,-98949
129883,0,-21504,1373184,-406528,-93870,-7028,-7849,-93049
129888,0,-21504,1306624,-419840,-89320,-7094,-7596,-88818
129893,-34816,-18432,1233920,-415744,-86730,-7157,-7414,-86473
129898,-34816,-18432,1128448,-417792,-79520,-7222,-8390,-78352
129903,-83968,-18432,1051648,-408576,-77630,-7279,-7975,-76934
129908,-151552,-18432,949248,-390144,-75250,-7339,-8566,-73883
129913,-151552,-18432,844800,-367616,-68110,-7391,-9396,-66105
129918,-188416,-15360,754688,-343040,-64470,-7440,-9502,-62408
129923,-188416,-15360,649216,-331776,-57260,-7485,-10053,-54766
129928,-188416,-15360,566272,-332800,-51590,-7529,-9664,-49455
129933,-346112,-9216,473088,-340992,-56000,-7571,-10158,-53413
129938,-359424,-9216,405504,-354304,-52290,-7611,-9232,-50478
129943,-359424,-9216,322560,-364544,-46620,-7651,-8811,-45460
129948,-359424,-9216,254976,-358400,-42000,-7684,-8255,-41429
129953,-489472,-9216,185344,-340992,-46130,-7715,-8018,-45303
129958,-489472,-9216,110592,-320512,-41020,-7751,-7840,-40931
129963,-489472,-9216,50176,-290816,-36890,-7780,-7639,-37031
129968,-561152,-9216,-2048,-271360,-38220,-7808,-7316,-38294
129973,-561152,-9216,-55296,-260096,-34580,-7838,-6810,-35608
129978,-561152,-9216,-94208,-251904,-31920,-7863,-6118,-33665
129983,-632832,-9216,-121856,-262144,-34930,-7888,-5071,-36780
129988,-632832,-9216,-159744,-242688,-32340,-7915,-4526,-35729
129993,-660480,-6144,-189440,-252928,-32200,-7939,-4014,-36125
129998,-660480,-6144,-218112,-230400,-29540,-7963,-3858,-33645
130003,-660480,-6144,-261120,-228352,-27300,-7984,-3586,-31698
130008,-740352,-6144,-293888,-199680,-30520,-8006,-3513,-35013
130013,-802816,-6144,-332800,-165888,-32340,-8031,-3347,-37024
130018,-802816,-6144,-373760,-137216,-29330,-8054,-4070,-33314
130023,-802816,-6144,-412672,-126976,-26670,-8075,-4393,-30352
130028,-847872,-6144,-440320,-102400,-27860,-8097,-3837,-32120
130033,-847872,-6144,-483328,-95232,-24920,-8117,-4483,-28554
130038,-847872,-6144,-517120,-88064,-22610,-8135,-4626,-26119
130043,-847872,-6144,-543744,-84992,-20790,-8153,-4109,-24834
130049,-847872,-6144,-572416,-83968,-18830,-8169,-4073,-22926
130054,-1043456,0,-598016,-78848,-30450,-8192,-3916,-34726
130059,-1233920,0,-622592,-64512,-41790,-8222,-3555,-46457
130064,-1233920,0,-637952,-55296,-40740,-8252,-3050,-45942
130069,-1233920,0,-655360,-39936,-39550,-8281,-2691,-45140
130074,-1233920,0,-686080,-22528,-37450,-8312,-2919,-42843
130079,-1579008,31744,-718848,4096,-58800,-8340,-3358,-63782
130084,-1579008,31744,-737280,29696,-57540,-8382,-2891,-63031
130089,-1754112,59392,-783360,28672,-66360,-8432,-3792,-71000
130094,-1754112,59392,-804864,35840,-64890,-8479,-3221,-70148
130099,-1754112,59392,-838656,44032,-62580,-8525,-3388,-67717
130104,-1754112,59392,-881664,39936,-59640,-8573,-3745,-64468
130109,-2125824,99328,-918528,43008,-82530,-8617,-3654,-87493
130114,-2125824,99328,-957440,23552,-79870,-8675,-3573,-84972
130119,-2125824,99328,-996352,27648,-77210,-8736,-3136,-82810
130124,-2243584,108544,-1044480,22528,-81970,-8790,-3506,-87254
130129,-2243584,108544,-1097728,27648,-78330,-8847,-3915,-83262
130134,-2268160,114688,-1147904,29696,-76580,-8908,-3930,-81558
130139,-2268160,114688,-1214464,53248,-72030,-8960,-4846,-76144
130144,-2268160,114688,-1274880,84992,-67900,-9011,-5290,-71621
130149,-2318336,114688,-1338368,97280,-66990,-9064,-5560,-70494
130154,-2318336,117760,-1401856,124928,-62650,-9112,-6166,-65596
130159,-2318336,117760,-1463296,130048,-58450,-9156,-6466,-61140
130164,-2318336,117760,-1524736,140288,-54250,-9201,-6369,-57082
130169,-2473984,176128,-1579008,142336,-61180,-9241,-6118,-64303
130174,-2473984,176128,-1633280,144384,-57470,-9283,-5745,-61008
130179,-2473984,176128,-1694720,149504,-53270,-9326,-5288,-57308
130184,-2880512,225280,-1761280,149504,-76510,-9366,-5430,-80446
130189,-2880512,225280,-1824768,164864,-72170,-9419,-5317,-77123
130194,-3041280,229376,-1891328,178176,-78610,-9480,-5138,-82952
130199,-3041280,229376,-1964032,207872,-73640,-9533,-5615,-77558
130204,-3041280,229376,-2038784,227328,-68530,-9584,-6228,-73566
130209,-3041280,273408,-2102272,252928,-64190,-9636,-5831,-67995
130214,-3041280,273408,-2189312,286720,-58240,-9680,-7090,-60830
130219,-3041280,273408,-2253824,297984,-53830,-9722,-7178,-56374
130224,-3041280,273408,-2309120,315392,-50050,-9763,-6342,-53471
130229,-3041280,292864,-2371584,322560,-45780,-9798,-6367,-49211
130234,-3041280,292864,-2433024,344064,-41580,-9830,-6284,-45126
130239,-3041280,292864,-2489344,366592,-37730,-9861,-5571,-42020
130244,-3041280,292864,-2546688,404480,-33810,-9886,-5420,-38276
130249,-3041280,292864,-2595840,446464,-30450,-9910,-5059,-35301
130254,-2788352,319488,-2643968,479232,-9870,-9922,-4462,-15330
130259,-2583552,325632,-2692096,529408,7420,-9925,-4507,2002
130264,-2583552,325632,-2731008,569344,10080,-9919,-4271,4432
130269,-2172928,343040,-2755584,610304,39830,-9893,-3239,33176
130274,-2172928,343040,-2782208,634880,41650,-9864,-2994,34780
130279,-2172928,343040,-2795520,660480,42560,-9834,-2485,35211
130284,-2172928,343040,-2795520,693248,42560,-9802,-1589,34347
130289,-1221632,343040,-2782208,697344,106680,-9758,-691,97613
130294,-1221632,343040,-2768896,702464,105770,-9683,-78,95962
130299,-1221632,343040,-2729984,748544,103110,-9602,1125,92383
130304,-1221632,343040,-2688000,765952,100240,-9530,1994,88716
130309,-1221632,343040,-2623488,793600,95830,-9454,3303,82933
130314,-580608,306176,-2546688,826368,134400,-9360,4519,120521
130319,-580608,306176,-2458624,861184,128380,-9267,5852,113261
130324,-580608,306176,-2360320,903168,121240,-9169,7162,104909
130329,-537600,302080,-2242560,935936,116550,-9084,8616,98850
130334,-537600,302080,-2130944,969728,108920,-9003,9309,90608
130339,-537600,302080,-2004992,996352,99960,-8922,9936,81102
130344,-532480,306176,-1861632,1014784,90860,-8854,11266,70740
130349,-528384,306176,-1741824,1038336,82950,-8792,11086,63072
130354,-528384,306176,-1610752,1041408,72730,-8731,11726,52273
130359,-528384,306176,-1466368,1069056,64120,-8682,11643,43795
130364,-528384,306176,-1347584,1116160,56000,-8640,11195,36165
130369,-528384,306176,-1215488,1125376,46970,-8600,10962,27408
130374,-528384,302080,-1082368,1161216,37870,-8570,11444,17856
130379,-528384,302080,-957440,1179648,29330,-8546,11524,9260
130384,-528384,302080,-837632,1184768,21140,-8526,10783,1831
130389,-528384,302080,-722944,1185792,13300,-8514,10813,-6027
130394,-528384,302080,-623616,1189888,6510,-8507,10193,-12190
130399,-528384,302080,-524288,1183744,-280,-8505,9209,-17994
130404,-528384,302080,-425984,1204224,-7000,-8507,9168,-24675
130409,-44032,157696,-346112,1213440,20650,-8502,8475,3673
130414,0,114688,-258048,1215488,17640,-8488,8402,750
130419,0,114688,-183296,1235968,12530,-8477,7966,-3913
130424,0,114688,-107520,1230848,7350,-8469,7951,-9070
130429,0,114688,-35840,1229824,2450,-8464,7378,-13392
130434,0,114688,32768,1203200,-2240,-8463,7344,-18047
130439,0,93184,102400,1184768,-7000,-8466,7455,-22921
130444,0,93184,161792,1178624,-11060,-8472,6625,-26157
130449,0,93184,221184,1164288,-15120,-8481,6293,-29894
130454,0,99328,271360,1143808,-18550,-8494,5251,-32155
130459,0,111616,315392,1123328,-21560,-8509,4784,-34853
130464,0,111616,354304,1108992,-24220,-8525,4293,-37038
130469,0,111616,395264,1118208,-26320,-8545,3317,-38182
130474,0,120832,425984,1093632,-29120,-8565,3407,-41092
130479,0,120832,457728,1073152,-31290,-8586,3233,-43109
130484,0,133120,475136,1048576,-32410,-8611,2250,-43271
130489,3072,139264,488448,1015808,-33180,-8635,1486,-43301
130494,3072,139264,505856,1020928,-34370,-8661,852,-43883
130499,3072,139264,524288,1001472,-35630,-8690,381,-44701
130504,3072,139264,533504,1001472,-36260,-8717,-308,-44669
130509,3072,139264,558080,997376,-37940,-8745,28,-46713
130514,104448,102400,579584,1004544,-32480,-8774,266,-41520
130519,104448,102400,598016,989184,-33740,-8798,527,-43065
130524,104448,102400,622592,990208,-35420,-8823,1204,-45447
130529,237568,68608,625664,964608,-26530,-8844,1830,-38536
130534,266240,65536,650240,975872,-26250,-8865,1620,-36735
130539,266240,65536,664576,931840,-27230,-8883,2064,-38177
130544,327680,74752,679936,933888,-24080,-8902,2448,-35430
130549,331776,71680,688128,902144,-24360,-8918,2362,-35640
130554,331776,71680,699392,889856,-25130,-8935,2258,-36323
130559,331776,71680,708608,865280,-26600,-8954,2577,-38131
130564,334848,99328,734208,856064,-27300,-8972,2492,-38764
130569,334848,99328,746496,842752,-28140,-8992,2248,-39380
130574,334848,108544,758784,821248,-28980,-9013,1902,-39895
130579,334848,108544,775168,823296,-30100,-9034,1863,-40997
130584,334848,108544,787456,833536,-30940,-9056,1478,-41474
130589,334848,179200,794624,816128,-31430,-9081,665,-41176
130594,334848,194560,815104,815104,-32830,-9105,795,-42730
130599,334848,194560,825344,806912,-33530,-9129,-587,-40885
130604,334848,194560,822272,784384,-33320,-9157,-563,-41914
130609,342016,216064,838656,780288,-33950,-9182,-487,-42645
130614,342016,216064,838656,776192,-33950,-9210,-963,-42197
130619,342016,216064,861184,758784,-35490,-9236,-11,-44715
130624,342016,216064,866304,746496,-35840,-9262,-22,-45080
130629,342016,216064,874496,764928,-36400,-9291,303,-45994
130634,337920,212992,886784,769024,-37520,-9317,978,-47815
130639,337920,212992,889856,792576,-37730,-9343,1222,-48295
130644,337920,212992,901120,821248,-38500,-9371,1890,-49761
130649,342016,206848,891904,855040,-37590,-9397,1565,-48552
130654,342016,206848,889856,864256,-37450,-9422,1527,-48399
130659,342016,206848,892928,881664,-37660,-9451,1597,-48708
130664,345088,216064,887808,882688,-37100,-9476,1322,-47898
130669,348160,219136,876544,865280,-36120,-9501,748,-46582
130674,348160,219136,869376,860160,-35630,-9529,379,-45538
130679,348160,219136,856064,856064,-34720,-9554,-354,-43920
130684,345088,235520,857088,852992,-35000,-9579,-393,-44049
130689,345088,235520,849920,839680,-34510,-9607,-693,-43424
130694,345088,244736,849920,841728,-34510,-9632,-712,-43430
130699,345088,244736,854016,861184,-34790,-9660,-1244,-42296
130704,345088,244736,839680,857088,-33810,-9685,-1404,-42091
130709,334848,250880,835584,884736,-34230,-9711,-1737,-42204
130714,324608,253952,839680,881664,-35210,-9740,-1558,-43392
130719,324608,253952,851968,923648,-36050,-9767,-1051,-44766
130724,324608,253952,849920,925696,-35910,-9794,-1391,-44313
130729,324608,253952,860160,939008,-36610,-9824,-854,-45580
130734,324608,253952,871424,930816,-37380,-9851,-272,-46959
130739,324608,253952,880640,927744,-38010,-9878,93,-47981
130744,132096,257024,890880,943104,-51870,-9914,580,-62364
130749,132096,257024,905216,946176,-52850,-9951,1138,-63939
130754,132096,257024,913408,976896,-53410,-9988,1386,-64784
130759,12288,244736,928768,998400,-62650,-10033,1833,-74516
130764,3072,219136,945152,1013760,-64400,-10078,2374,-76852
130769,3072,219136,946176,1034240,-64470,-10122,2013,-76605
130774,3072,219136,936960,1032192,-63840,-10172,1106,-75118
130779,9216,145408,930816,1030144,-63000,-10216,629,-73845
130784,9216,145408,919552,1005568,-62230,-10260,168,-72658
130789,12288,130048,893952,970752,-60270,-10308,-810,-69768
130794,12288,130048,871424,932864,-58730,-10350,-1411,-67669
130799,12288,130048,843776,909312,-56840,-10392,-2068,-65164
130804,98304,25600,829440,892928,-49980,-10433,-1731,-58682
130809,98304,25600,792576,893952,-47460,-10469,-2764,-55165
130814,98304,25600,768000,897024,-45780,-10500,-2870,-53410
130819,98304,25600,750592,913408,-44590,-10500,-2371,-52719
130824,98304,25600,735232,901120,-43540,-10500,-1976,-52064
130829,98304,25600,729088,883712,-43120,-10500,-1073,-52547
130834,98304,25600,729088,884736,-43120,-10500,51,-53671
130839,141312,-9216,703488,860160,-38430,-10500,-396,-48534
130844,141312,-9216,696320,837632,-37940,-10500,120,-48560
130849,141312,-9216,669696,815104,-36120,-10500,-574,-46046
130854,79872,-9216,631808,820224,-37730,-10500,-1995,-46235
130859,79872,-9216,610304,814080,-36260,-10500,-2601,-44159
130864,79872,-9216,583680,790528,-34440,-10500,-3453,-41487
130869,73728,-9216,576512,782336,-34370,-10500,-3339,-41531
130874,73728,-9216,578560,766976,-34510,-10500,-2848,-42468
130879,98304,-9216,579584,754688,-32900,-10500,-2271,-41129
130884,135168,-9216,590848,752640,-31150,-10500,-1246,-40404
130889,135168,-9216,599040,747520,-31710,-10500,-425,-42969
130894,135168,-9216,615424,766976,-32830,-10500,855,-44185
130899,187392,-9216,608256,775168,-28770,-10500,759,-40029
130904,187392,-9216,604160,778240,-28490,-10500,758,-40215
130909,202752,-9216,594944,785408,-26810,-10500,186,-37496
130914,202752,-9216,600064,791552,-27160,-10500,362,-38022
130919,202752,-9216,606208,797696,-25690,-10500,-1076,-35114
130924,221184,-9216,583680,774144,-24780,-10500,-1007,-34273
130929,221184,-9216,601088,763904,-25970,-10500,-217,-36253
130934,221184,-9216,579584,749568,-24500,-10500,-1809,-33191
130939,221184,-9216,596992,738304,-25690,-10500,-844,-35346
130944,221184,-9216,612352,738304,-26740,-10500,-121,-37119
130949,221184,-9216,630784,747520,-28000,-10500,587,-39087
130954,168960,-12288,629760,769024,-31500,-10500,208,-42208
130959,168960,-12288,650240,792576,-32900,-10500,1036,-44436
130964,168960,-12288,670720,835584,-34300,-10500,1705,-46505
130969,168960,-12288,687104,855040,-35420,-10500,2092,-48012
130974,172032,-12288,706560,860160,-36540,-10500,2742,-49782
130979,172032,-12288,694272,862208,-35700,-10500,1522,-47722
130984,231424,-12288,688128,844800,-31220,-10500,1072,-42792
130989,231424,-12288,699392,829440,-31990,-10500,1820,-44310
130994,231424,-12288,667648,799744,-29820,-10500,47,-40367
130999,231424,-12288,643072,800768,-28140,-10500,-1084,-37556
131004,321536,-18432,629760,821248,-21070,-10500,-1496,-30074
131010,321536,-18432,612352,833536,-19880,-10500,-1988,-28392
131015,321536,-18432,607232,850944,-19530,-10500,-1843,-28187
131020,372736,-46080,617472,871424,-16730,-10500,-882,-26348
131025,372736,-46080,635904,896000,-17990,-10500,595,-29085
131030,365568,-39936,641024,888832,-18830,-10500,1052,-30382
131035,365568,-39936,648192,854016,-19320,-10500,1595,-31415
131040,365568,-39936,656384,862208,-19880,-10500,2224,-32604
131045,278528,-67584,654336,870400,-25690,-10500,2152,-38342
131050,259072,-79872,647168,879616,-26530,-10500,1806,-38836
131055,259072,-79872,632832,877568,-25550,-10500,855,-36905
131060,259072,-79872,621568,888832,-24780,-10500,161,-35441
131065,101376,-110592,615424,897024,-35140,-10500,-102,-45538
131070,101376,-110592,596992,850944,-33880,-10500,-1175,-43205
131075,18432,-113664,601088,802816,-39830,-10500,-871,-49459
131080,18432,-113664,592896,736256,-39270,-10500,-1354,-48416
131085,-4096,-101376,604160,723968,-41580,-10500,-641,-51439
131090,-4096,-101376,608256,678912,-41860,-10500,-418,-51942
131095,-4096,-101376,604160,675840,-41580,-10500,-602,-51478
131100,-16384,-119808,626688,681984,-43960,-10500,854,-55314
131105,-16384,-119808,613376,704512,-43050,-10500,308,-53858
131110,-16384,-119808,605184,713728,-42490,-10500,109,-53099
131115,-16384,-119808,605184,694272,-42490,-10500,366,-53356
131120,-16384,-119808,593920,651264,-41720,-10500,-28,-52192
131125,-16384,-119808,579584,608256,-40740,-10500,-478,-50762
131130,-16384,-92160,560128,540672,-57890,-10500,-1233,-67157
131135,-286720,-92160,545792,493568,-56910,-10500,-1686,-65724
131140,-286720,-92160,524288,456704,-55440,-10500,-2379,-63561
131145,-286720,-92160,509952,416768,-73640,-10500,-3307,-80833
131150,-585728,-95232,487424,405504,-73360,-10500,-2688,-81172
131155,-632832,-95232,467968,416768,-75250,-10500,-2837,-82913
131160,-632832,-95232,439296,420864,-74060,-10500,-2547,-82013
131165,-632832,-95232,429056,427008,-72590,-10500,-2574,-80516
131170,-1271808,-129024,410624,398336,-115010,-10500,-2326,-123184
131175,-1271808,-129024,395264,399360,-114450,-10500,-1223,-123727
131180,-1271808,-129024,372736,360448,-112420,-10500,-1244,-121676
131185,-1271808,-129024,336896,333824,-109970,-10500,-1383,-119087
131190,-1792000,-135168,303104,305152,-143220,-10500,-1908,-150902
131195,-1792000,-135168,237568,285696,-138740,-10500,-2551,-146689
131200,-1792000,-135168,164864,281600,-133770,-10500,-4115,-140155
131205,-1792000,-135168,91136,249856,-127260,-10500,-6265,-131495
131210,-1792000,-135168,-12288,250880,-121660,-10500,-7517,-124643
131215,-1972224,-147456,-78848,211968,-129430,-10500,-7618,-132312
131220,-1972224,-147456,-155648,182272,-124530,-10500,-7249,-127781
131225,-1972224,-147456,-212992,162816,-120260,-10500,-6721,-124039
131230,-2058240,-156672,-289792,152576,-120890,-10500,-6864,-124526
131235,-2058240,-156672,-384000,175104,-115360,-10500,-6434,-119426
131240,-2058240,-156672,-457728,205824,-109410,-10500,-6612,-113298
131245,-2125824,-211968,-550912,250880,-107660,-10500,-7234,-110926
131250,-2125824,-211968,-648192,243712,-101010,-10500,-7459,-104051
131255,-2125824,-211968,-733184,220160,-95200,-10500,-7470,-98230
131260,-2149376,-246784,-809984,175104,-91560,-10500,-7041,-95019
131265,-2149376,-246784,-886784,116736,-84210,-10500,-8041,-86669
131270,-2149376,-246784,-990208,63488,-79240,-10500,-7542,-82198
131275,-2149376,-275456,-1076224,57344,-73360,-10500,-8055,-75805
131280,-2149376,-275456,-1156096,72704,-67900,-10500,-7485,-71475
131285,-2149376,-275456,-1221632,71680,-63420,-10500,-7617,-66303
131290,-2149376,-318464,-1273856,47104,-59850,-10500,-6810,-63540
131295,-2080768,-327680,-1312768,51200,-52500,-10500,-5148,-57852
131300,-2080768,-327680,-1346560,17408,-50190,-10500,-3768,-56922
131305,-2080768,-327680,-1379328,-13312,-47950,-10500,-2609,-55841
131310,-1698816,-384000,-1414144,-21504,-19460,-10500,-1818,-28142
131315,-1698816,-384000,-1461248,-12288,-16240,-10500,-2107,-24633
131320,-1529856,-428032,-1495040,17408,-2380,-10500,-2149,-10731
131325,-1529856,-428032,-1514496,4096,-1050,-10500,-1800,-9750
131330,-1529856,-428032,-1526784,2048,-210,-10500,-1689,-9021
131335,-1529856,-428032,-1522688,-27648,-490,-10500,-1008,-9982
131340,-1529856,-428032,-1524736,-80896,-350,-10500,-1039,-9811
131345,-1529856,-428032,-1503232,-122880,-1820,-10500,-54,-12266
131350,-1529856,-428032,-1477632,-168960,-3570,-10500,798,-14868
131355,-1529856,-428032,-1443840,-202752,-4760,-10500,846,-16106
131360,-1529856,-428032,-1424384,-220160,-7210,-10500,1686,-19396
131365,-1529856,-428032,-1385472,-211968,-9870,-10500,2323,-22693
131370,-621568,-863232,-1347584,-219136,49980,-10486,2267,37227
131375,-621568,-863232,-1311744,-242688,47180,-10452,2722,34006
131380,-621568,-886784,-1265664,-271360,44030,-10420,3217,30393
131385,-621568,-886784,-1224704,-324608,41230,-10390,3176,25422
131390,-621568,-886784,-1159168,-362496,36750,-10360,4153,22237
131395,-621568,-886784,-1095680,-423936,32410,-10336,4934,17140
131400,-621568,-886784,-1031168,-484352,28000,-10314,5467,10892
131405,-621568,-886784,-954368,-528384,22750,-10294,5971,6485
131410,-621568,-886784,-883712,-588800,17920,-10280,6261,1379
131415,-515072,-1350656,-797696,-628736,19320,-10265,6922,2133
131420,-515072,-1350656,-724992,-679936,14350,-10253,7081,-2984
131425,-515072,-1350656,-656384,-717824,9660,-10244,6883,-7467
131430,-515072,-1481728,-560128,-771072,3080,-10239,7732,-14891
131435,-515072,-1481728,-482304,-819200,-2240,-10238,7980,-20458
131440,-510976,-1497088,-425984,-872448,-5810,-10241,6993,-23044
131445,-501760,-1497088,-336896,-928768,-11270,-10247,7646,-29163
131450,-501760,-1497088,-285696,-996352,-14770,-10256,6616,-31642
131455,-501760,-1497088,-232448,-1057792,-18410,-10268,5895,-34573
131460,-501760,-1497088,-183296,-1131520,-21770,-10284,5818,-38852
131465,-501760,-1497088,-121856,-1201152,-25970,-10302,4966,-41238
131470,-424960,-1497088,-73728,-1276928,-24010,-10319,4262,-38591
131475,-424960,-1497088,-9216,-1359872,-28420,-10341,4510,-43341
131480,-424960,-1497088,44032,-1431552,-32060,-10363,4517,-46940
131485,-424960,-1497088,93184,-1482752,-35420,-10387,4483,-50290
131490,-264192,-1481728,136192,-1528832,-27090,-10411,3955,-41456
131495,-264192,-1481728,178176,-1591296,-30240,-10431,4184,-44855
131500,-264192,-1481728,220160,-1639424,-33110,-10453,4521,-48084
131505,-264192,-1481728,257024,-1667072,-35630,-10477,4638,-50745
131510,-90112,-1422336,276480,-1716224,-25060,-10500,3780,-39340
131515,-90112,-1422336,304128,-1735680,-26950,-10500,3770,-41220
131520,-90112,-1422336,324608,-1762304,-28350,-10500,3084,-41724
131525,0,-1406976,348160,-1780736,-23800,-10500,3143,-37443
131530,0,-1406976,368640,-1804288,-25200,-10500,2850,-38550
131535,0,-1406976,393216,-1833984,-26320,-10500,2194,-39014
131540,0,-1436672,404480,-1867776,-27650,-10500,1896,-40046
131545,0,-1436672,429056,-1887232,-29330,-10500,1943,-41773
131550,0,-1436672,449536,-1931264,-30030,-10500,1144,-41674
131555,0,-1436672,457728,-1950720,-31290,-10500,953,-42743
131560,0,-1436672,483328,-1971200,-33040,-10500,1192,-44732
131565,0,-1436672,505856,-2000896,-34860,-10500,1387,-46747
131570,0,-1481728,535552,-2007040,-36610,-10500,1739,-48849
131575,0,-1481728,563200,-2012160,-38500,-10500,2113,-51113
131580,0,-1406976,587776,-1997824,-40180,-10500,3438,-55658
131585,0,-1310720,638976,-1984512,-43680,-10500,3819,-57999
131590,0,-1310720,666624,-1977344,-45570,-10500,4150,-60220
131595,0,-1310720,690176,-1984512,-47180,-10500,3941,-61621
131600,0,-1149952,700416,-1978368,-47880,-10500,3132,-61512
131605,0,-1149952,715776,-1979392,-48930,-10500,2605,-62035
131610,0,-1116160,727040,-1965056,-49140,-10500,1363,-61003
131615,0,-1116160,735232,-1949696,-50260,-10500,1166,-61926
131620,0,-1116160,755712,-1926144,-51660,-10500,1352,-63512
131625,0,-1032192,783360,-1852416,-53550,-10500,1979,-66029
131630,0,-1032192,804864,-1802240,-55020,-10500,2462,-67982
131635,0,-1032192,826368,-1754112,-56490,-10500,2809,-69799
131640,0,-1032192,845824,-1726464,-57820,-10500,2722,-71042
131645,0,-956416,850944,-1710080,-58170,-10500,1943,-70613
131650,0,-956416,844800,-1692672,-57750,-10500,543,-68793
131655,0,-956416,850944,-1736704,-58170,-10500,-27,-68643
131660,0,-956416,880640,-1704960,-60200,-10500,644,-71344
131665,0,-956416,914432,-1684480,-62510,-10500,1375,-74385
131670,0,-929792,986112,-1626112,-67410,-10500,3937,-81847
131675,0,-929792,1025024,-1574912,-70070,-10500,4701,-85271
131680,0,-929792,1047552,-1537024,-71610,-10500,4602,-86712
131685,0,-920576,1046528,-1513472,-71540,-10500,3082,-85122
131690,0,-920576,1033216,-1494016,-70630,-10500,1353,-82483
131695,0,-920576,1015808,-1485824,-69440,-10500,-260,-79680
131700,0,-896000,1004544,-1486848,-68670,-10500,-1282,-77888
131705,0,-870400,1003520,-1464320,-68600,-10500,-1599,-77501
131710,0,-870400,1020928,-1436672,-69790,-10500,-835,-79455
131715,0,-870400,1078272,-1412096,-73710,-10500,2253,-86463
131720,0,-831488,1082368,-1399808,-73990,-10500,2221,-86711
131725,0,-831488,1085440,-1396736,-74200,-10500,2141,-86841
131730,0,-824320,1064960,-1431552,-72800,-10500,579,-83879
131735,0,-824320,1041408,-1434624,-71190,-10500,-981,-80709
131740,0,-824320,1038336,-1423360,-70980,-10500,-1328,-80152
131745,0,-824320,1047552,-1380352,-71610,-10500,-905,-81205
131750,0,-739328,1068032,-1329152,-73010,-10500,-4,-83506
131755,0,-739328,1083392,-1282048,-74060,-10500,377,-84937
131760,0,-739328,1106944,-1252352,-75670,-10500,1178,-87348
131765,0,-707584,1107968,-1245184,-75740,-10500,677,-86917
131770,0,-707584,1111040,-1257472,-75950,-10500,295,-86745
131775,0,-707584,1119232,-1304576,-76510,-10500,321,-87331
131780,0,-707584,1137664,-1301504,-77770,-10500,876,-89146
131785,0,-707584,1161216,-1276928,-79380,-10500,1671,-91551
131790,0,-707584,1202176,-1248256,-82180,-10500,3308,-95988
131795,0,-707584,1205248,-1222656,-82390,-10500,2866,-95756
131800,0,-707584,1193984,-1212416,-81620,-10500,1647,-93767
131805,0,-589824,1140736,-1231872,-77980,-10500,-2035,-86445
131810,0,-579584,1128448,-1238016,-77140,-10500,-3023,-84617
131815,0,-579584,1118208,-1250304,-76440,-10500,-3748,-83192
131820,0,-579584,1140736,-1215488,-77980,-10500,-2287,-86193
131825,0,-574464,1178624,-1186816,-80570,-10500,-292,-90778
131830,0,-574464,1213440,-1147904,-86100,-10500,3831,-100431
131835,0,-574464,1264640,-1128448,-86450,-10500,3511,-100461
131840,0,-555008,1272832,-1130496,-87010,-10500,3347,-100857
131845,0,-555008,1260544,-1119232,-84000,-10500,117,-94617
131850,0,-555008,1225728,-1132544,-83790,-10500,-493,-93797
131855,0,-462848,1225728,-1122304,-83790,-10500,-889,-93401
131860,0,-462848,1238016,-1111040,-84630,-10500,-675,-94368
131865,0,-462848,1260544,-1048576,-86170,-10500,67,-96737
131870,6144,-412672,1282048,-1031168,-87220,-10500,491,-98211
131875,6144,-412672,1296384,-1019904,-88200,-10500,608,-99308
131880,12288,-412672,1289216,-1057792,-87290,-10500,-633,-97157
131885,129024,-423936,1295360,-1087488,-79730,-10500,-899,-89331
131890,334848,-523264,1302528,-1100800,-66150,-10500,-974,-75676
131895,334848,-523264,1331200,-1089536,-68110,-10500,411,-79021
131900,334848,-523264,1354752,-1062912,-69720,-10500,1364,-81584
131905,334848,-523264,1382400,-1035264,-71610,-10500,2546,-84656
131910,334848,-523264,1388544,-988160,-72030,-10500,2029,-84559
131915,334848,-523264,1388544,-993280,-72030,-10500,1234,-83764
131920,334848,-523264,1387520,-997376,-71960,-10500,442,-82902
131925,334848,-523264,1387520,-1017856,-71960,-10500,-220,-82240
131930,334848,-523264,1401856,-1016832,-72940,-10500,-237,-83203
131935,1297408,-462848,1431552,-1006592,-9170,-10500,696,-20366
131940,1297408,-462848,1498112,-967680,-13720,-10500,3676,-27896
131945,1297408,-462848,1530880,-971776,-15960,-10500,4759,-31219
131950,1545216,-398336,1548288,-979968,-210,-10500,4698,-15408
131955,1545216,-398336,1539072,-1031168,420,-10499,2742,-12821
131960,1594368,-376832,1560576,-1055744,2310,-10497,2696,-10883
131965,1594368,-376832,1577984,-1067008,1120,-10495,2280,-11655
131970,1594368,-376832,1615872,-1063936,-1470,-10495,2702,-14667
131975,1610752,-321536,1652736,-1036288,-2870,-10497,2888,-16255
131980,1610752,-321536,1715200,-1019904,-7140,-10500,4294,-21934
131985,1610752,-321536,1781760,-985088,-11690,-10500,5310,-27500
131990,1610752,-321536,1832960,-988160,-15190,-10500,5594,-31284
131995,1052672,-305152,1876992,-983040,-56350,-10500,5426,-72276
132000,1052672,-305152,1895424,-1016832,-57610,-10500,3485,-71595
132005,752640,-301056,1930240,-1026048,-80500,-10500,2877,-93877
132010,752640,-301056,1960960,-1037312,-82600,-10500,2256,-95356
132015,752640,-301056,2011136,-1045504,-86030,-10500,2822,-99352
132020,384000,-285696,2050048,-1020928,-113890,-10500,3085,-127475
132025,291840,-269312,2086912,-995328,-122710,-10500,3456,-136666
132030,291840,-269312,2128896,-977920,-125580,-10500,4270,-140350
132035,291840,-269312,2109440,-970752,-124250,-10500,2384,-137134
132040,6144,-129024,2080768,-952320,-141820,-10500,652,-152972
132046,6144,-129024,2008064,-969728,-136850,-10500,-2989,-144361
132051,6144,-129024,1963008,-954368,-133770,-10500,-4152,-140118
132056,6144,-129024,1899520,-921600,-129430,-10500,-5812,-135252
132061,6144,-129024,1860608,-837632,-126770,-10500,-5170,-132100
132066,-90112,-33792,1796096,-799744,-128940,-10500,-5772,-133668
132071,-130048,-24576,1738752,-752640,-127890,-10500,-5015,-133375
132076,-130048,-24576,1649664,-736256,-121660,-10500,-6100,-126060
132081,-130048,-24576,1557504,-736256,-115360,-10500,-6787,-119073
132086,-130048,-24576,1445888,-750592,-107730,-10500,-8486,-108694
132091,-130048,-24576,1327104,-739328,-99610,-10500,-9054,-101056
132096,-370688,-18432,1232896,-711680,-109620,-10500,-8790,-111330
132101,-370688,-18432,1132544,-629760,-101080,-10500,-9677,-101903
132106,-370688,-18432,1007616,-592896,-94220,-10500,-9472,-95248
132111,-666624,-9216,896000,-566272,-106820,-10500,-9930,-107390
132116,-768000,-9216,778240,-531456,-103180,-10500,-12042,-101638
132121,-768000,-9216,625664,-555008,-95270,-10500,-12433,-93337
132126,-768000,-9216,515072,-539648,-87710,-10500,-12403,-85807
132131,-768000,-9216,428032,-537600,-81760,-10500,-10218,-82042
132136,-768000,-9216,343040,-500736,-75950,-10500,-8640,-77810
132141,-1529856,-6144,252928,-456704,-121870,-10500,-7430,-124940
132146,-1529856,-6144,152576,-400384,-115010,-10500,-6491,-119019
132151,-1529856,-6144,25600,-376832,-106330,-10500,-7571,-109259
132156,-1529856,-6144,-109568,-359424,-97090,-10500,-9081,-98509
132161,-1972224,-9216,-252928,-351232,-116060,-10500,-11517,-115043
132166,-1972224,-9216,-396288,-363520,-107730,-10500,-11972,-106258
132171,-1972224,-9216,-507904,-336896,-100100,-10500,-11853,-98747
132176,-1972224,-9216,-619520,-308224,-94080,-10500,-9748,-94832
132181,-1972224,-9216,-681984,-269312,-88200,-10500,-8456,-90244
132186,-1972224,-9216,-771072,-239616,-82110,-10500,-7456,-85154
132191,-1972224,-9216,-880640,-252928,-74620,-10500,-7349,-77771
132196,-1972224,-9216,-1000448,-251904,-66430,-10500,-8345,-68585
132201,-4491264,-6144,-1122304,-266240,-230300,-10500,-9478,-231322
132206,-4491264,-6144,-1248256,-273408,-221690,-10500,-11850,-218170
132211,-4491264,-6144,-1408000,-294912,-210770,-10500,-12867,-208403
132216,-5922816,-6144,-1534976,-273408,-299950,-10500,-13360,-297090
132221,-6176768,-6144,-1685504,-212992,-306390,-10500,-14123,-302767
132226,-6176768,-6144,-1869824,-199680,-294420,-10500,-15666,-289254
132231,-6176768,-6144,-2100224,-229376,-278670,-10500,-20080,-269090
132236,-6784000,-6144,-2362368,-304128,-302260,-10500,-24638,-288122
132241,-6784000,-6144,-2593792,-330752,-286440,-10500,-25950,-270990
132246,-6784000,-6144,-2821120,-321536,-270900,-10500,-26114,-255286
132251,-6784000,-6144,-3106816,-254976,-251370,-10500,-28192,-233678
132256,-6576128,-6144,-3382272,-230400,-218330,-10500,-29125,-199705
132261,-6576128,-6144,-3679232,-224256,-198030,-10500,-30944,-177586
132266,-6373376,-6144,-4031488,-260096,-160090,-10500,-33637,-136953
132271,-6373376,-6144,-4289536,-243712,-142450,-10500,-32690,-120260
132276,-6373376,-6144,-4535296,-229376,-125650,-10500,-31247,-104903
132281,-5216256,-9216,-4764672,-189440,-30870,-10500,-29172,-12198
132286,-4638720,-9216,-4986880,-147456,23800,-10499,-27291,40592
132291,-4638720,-9216,-5191680,-102400,37800,-10474,-24891,52217
132296,-4638720,-9216,-5501952,-88064,59010,-10434,-27845,76421
132301,-4033536,-9216,-5681152,-76800,112630,-10383,-26020,128267
132306,-4033536,-9216,-5825536,-66560,122500,-10301,-23528,135727
132311,-4033536,-9216,-5943296,-41984,130550,-10204,-20633,140979
132316,-4033536,-9216,-6003712,-10240,134680,-10112,-16324,140892
132321,-4033536,-9216,-6036480,25600,136920,-10017,-12200,139103
132326,-3820544,-9216,-6027264,75776,150850,-9903,-6804,147751
132331,-3820544,-9216,-6021120,116736,150430,-9796,-3918,144552
132336,-3820544,-9216,-5986304,150528,148050,-9689,-810,139171
132341,-3820544,-9216,-5906432,202752,142590,-9574,3492,129524
132346,-3820544,-9216,-5834752,239616,137690,-9473,6066,122151
132351,-3820544,-9216,-5762048,273408,132720,-9375,7721,115624
132356,-3698688,-9216,-5682176,304128,135590,-9266,8963,117361
132361,-3698688,-9216,-5588992,321536,129220,-9171,10281,109768
132366,-3698688,-9216,-5490688,353280,122500,-9080,11260,102160
132371,-3698688,-9216,-5355520,331776,113260,-8987,12952,91321
132376,-3698688,-9216,-5237760,357376,105210,-8907,13856,82447
132381,-3698688,-9216,-5123072,377856,97370,-8834,14162,74374
132386,-1930240,-9216,-5001216,395264,209930,-8691,13799,187440
132391,-1514496,-9216,-4879360,424960,230020,-8537,14546,206937
132396,-1514496,-9216,-4754432,457728,221480,-8376,14545,198559
132401,-1514496,-9216,-4592640,486400,210420,-8207,15264,186949
132406,-897024,-9216,-4421632,512000,240940,-8052,16880,216008
132411,-897024,-9216,-4251648,524288,229320,-7884,17721,203715
132416,-727040,-9216,-4039680,498688,226450,-7702,19270,199478
132421,-727040,-9216,-3840000,509952,212800,-7545,20702,184553
132426,-727040,-9216,-3644416,521216,199430,-7398,21289,170743
132431,-424960,-9216,-3425280,524288,205100,-7234,22814,175052
132436,-289792,-9216,-3226624,531456,200760,-7091,22632,171037
132441,-289792,-9216,-3007488,553984,185780,-6954,23316,155510
132446,-289792,-9216,-2764800,584704,169190,-6816,23617,138757
132451,-120832,-12288,-2542592,607232,165550,-6699,24030,134821
132456,-120832,-12288,-2317312,628736,150150,-6587,24532,119031
132461,-120832,-12288,-2063360,616448,132790,-6476,25135,101179
132466,-120832,-12288,-1846272,631808,117950,-6386,25198,86366
132471,-120832,-12288,-1647616,652288,104370,-6307,25409,72654
132476,-53248,-9216,-1445888,668672,95200,-6228,22988,65984
132481,-10240,-12288,-1261568,692224,85540,-6165,21688,57687
132486,-10240,-12288,-1070080,718848,72450,-6109,21251,45090
132491,0,-12288,-894976,743424,61180,-6062,19713,34499
132496,0,-12288,-706560,750592,48300,-6021,19173,23106
132501,0,-12288,-549888,754688,37590,-5991,18025,13574
132506,9216,-12288,-381952,762880,26740,-5969,17982,2791
132511,12288,-12288,-231424,763904,16660,-5953,17511,-6804
132516,12288,-12288,-91136,764928,7070,-5946,16859,-15735
132521,104448,-21504,31744,777216,1330,-5940,17795,-22405
132526,104448,-21504,190464,789504,-5880,-5940,16371,-28191
132531,104448,-21504,293888,795648,-12950,-5945,15427,-34322
132536,104448,-21504,374784,809984,-18480,-5957,12876,-37313
132541,104448,-21504,453632,809984,-23870,-5971,11803,-41644
132546,104448,-21504,508928,802816,-27650,-5989,9992,-43631
132551,104448,-21504,553984,765952,-30730,-6011,7723,-44464
132556,104448,-21504,585728,758784,-32900,-6035,5743,-44678
132561,104448,-21504,621568,732160,-35350,-6060,4544,-45954
132566,104448,-21504,633856,693248,-36190,-6090,2461,-44741
132571,104448,-21504,661504,689152,-38080,-6118,2003,-46201
132576,104448,-21504,681984,678912,-39480,-6147,1485,-47112
132581,104448,-21504,706560,676864,-41160,-6180,1560,-48900
132586,435200,-92160,708608,673792,-18690,-6202,768,-25660
132591,435200,-92160,728064,683008,-20020,-6216,1354,-27590
132596,435200,-92160,766976,699392,-22680,-6232,3170,-32082
132601,432128,-70656,761856,688128,-22540,-6246,2730,-31516
132606,432128,-70656,753664,674816,-21980,-6260,2110,-30350
132611,432128,-67584,709632,658432,-18970,-6275,-481,-24764
132616,432128,-67584,697344,632832,-18130,-6289,-1122,-23297
132621,432128,-67584,696320,626688,-18060,-6303,-1154,-23209
132626,439296,-49152,706560,641024,-18270,-6318,-551,-24037
132631,458752,-46080,719872,651264,-17850,-6331,140,-24321
132636,509952,-46080,733184,656384,-15260,-6344,817,-22421
132641,509952,-46080,751616,711680,-16520,-6355,1625,-24500
132646,605184,-46080,754688,703488,-10220,-6363,1567,-18150
132651,615424,-43008,764928,695296,-10220,-6370,1845,-18435
132656,615424,-43008,763904,689152,-10150,-6377,1384,-17911
132661,615424,-43008,762880,677888,-10080,-6384,895,-17359
132666,615424,-39936,758784,668672,-9800,-6391,152,-16343
132671,615424,-39936,743424,653312,-8750,-6400,-1236,-13914
132676,615424,-39936,764928,647168,-10220,-6408,-548,-16080
132681,615424,-27648,801792,661504,-12740,-6418,746,-19904
132686,615424,-27648,848896,695296,-15960,-6429,2594,-24983
132691,615424,-27648,890880,708608,-18830,-6441,3845,-29116
132696,615424,-27648,923648,722944,-21070,-6455,4289,-31814
132701,615424,-27648,942080,708608,-22330,-6471,3617,-32418
132706,620544,-18432,958464,704512,-23100,-6487,3179,-32766
132711,620544,-18432,972800,706560,-24080,-6504,2504,-32804
132716,620544,-18432,977920,668672,-24430,-6523,1290,-32243
132721,689152,-15360,1003520,676864,-21490,-6540,1506,-29536
132726,689152,-15360,1020928,691200,-22680,-6557,1267,-30504
132731,689152,-15360,1044480,711680,-24290,-6576,1494,-32360
132736,1062912,-15360,1067008,737280,-280,-6582,1860,-8722
132741,1184768,-15360,1078272,772096,4690,-6581,3693,-5584
132746,1184768,-15360,1123328,795648,4200,-6576,3286,-5662
132751,1184768,-15360,1138688,792576,3150,-6572,3376,-6798
132756,1350656,-15360,1128448,797696,16520,-6566,770,9184
132761,1350656,-15360,1111040,784384,16380,-6554,211,9615
132766,1350656,-15360,1121280,782336,15680,-6544,55,9081
132771,1436672,-12288,1156096,820224,19180,-6532,1159,11489
132776,1436672,-12288,1191936,847872,16730,-6520,2066,8144
132781,1452032,-9216,1240064,868352,14490,-6509,3402,4579
132786,1481728,-9216,1290240,941056,12180,-6498,5081,601
132791,1481728,-9216,1357824,963584,8470,-6489,6187,-4206
132796,1481728,-9216,1398784,970752,5670,-6483,6255,-7068
132801,1481728,-9216,1455104,986112,1820,-6478,6990,-11648
132806,1481728,-9216,1496064,992256,-980,-6477,6658,-14115
132811,1481728,-9216,1541120,998400,-4060,-6478,6379,-16917
132816,1481728,-9216,1581056,977920,-6510,-6482,5348,-18340
132821,1481728,-9216,1627136,986112,-9940,-6489,5255,-21684
132826,1481728,-9216,1685504,1006592,-13930,-6498,5747,-26175
132831,1481728,-9216,1770496,1033216,-19740,-6511,7261,-33512
132836,1481728,-9216,1829888,1051648,-23800,-6525,7883,-38208
132841,1466368,-9216,1876992,1068032,-28070,-6542,7869,-42481
132846,1466368,-9216,1904640,1067008,-29960,-6563,6300,-42823
132851,1466368,-9216,1936384,1067008,-32130,-6585,5568,-44283
132856,1466368,-9216,1966080,1062912,-34160,-6608,4742,-45510
132861,1466368,-9216,1982464,1045504,-35280,-6636,2565,-44481
132866,1466368,-9216,2033664,1040384,-38780,-6664,2650,-48094
132871,1466368,-9216,2083840,1052672,-42210,-6695,2788,-51693
132876,1127424,-9216,2155520,1093632,-70280,-6740,3829,-80849
132881,1127424,-9216,2232320,1105920,-75530,-6792,5360,-87682
132886,1127424,-9216,2278400,1100800,-78680,-6847,5027,-90554
132891,707584,-6144,2285568,1092608,-107870,-6920,2345,-117135
132896,707584,-6144,2312192,1065984,-109690,-6999,1417,-118106
132901,600064,-9216,2319360,1026048,-117530,-7085,-367,-124248
132906,579584,-6144,2326528,1004544,-119420,-7181,-1574,-125027
132911,579584,-6144,2348032,1001472,-120890,-7270,-1624,-126536
132916,531456,-6144,2370560,1018880,-125720,-7362,-1139,-131943
132921,514048,-3072,2394112,1048576,-128520,-7464,-217,-135767
132926,514048,-3072,2380800,1047552,-127610,-7556,-894,-134272
132931,514048,-3072,2342912,1025024,-125020,-7646,-3337,-128008
132936,514048,-3072,2265088,968704,-119700,-7744,-5367,-122077
132941,514048,-3072,2207744,922624,-115780,-7830,-6501,-117109
132946,518144,-3072,2155520,917504,-111930,-7913,-6057,-114214
132951,518144,-3072,2125824,934912,-109900,-8001,-5270,-112631
132956,518144,-3072,2094080,949248,-107730,-8079,-4154,-111655
132961,496640,-3072,2062336,963584,-107030,-8164,-2842,-112422
132966,496640,-3072,2007040,966656,-103250,-8237,-3082,-108405
132971,496640,-3072,1944576,957440,-98980,-8308,-3511,-103777
132976,496640,-3072,1875968,942080,-94290,-8375,-4203,-98462
132981,337920,0,1783808,908288,-98840,-8451,-5999,-101292
132986,337920,0,1719296,885760,-94430,-8521,-6515,-96436
132991,337920,0,1650688,878592,-89740,-8589,-7272,-91057
132996,122880,7168,1595392,861184,-100660,-8666,-6852,-102474
133001,58368,7168,1553408,838656,-102200,-8739,-6339,-104600
133006,58368,7168,1511424,803840,-99330,-8812,-5863,-102279
133011,6144,10240,1484800,823296,-101080,-8892,-4348,-105624
133016,-10240,13312,1454080,818176,-100100,-8963,-3277,-105786
133021,-10240,13312,1413120,833536,-97300,-9032,-2898,-103434
133026,-10240,13312,1343488,858112,-92540,-9106,-3805,-97841
133031,-10240,13312,1299456,869376,-89530,-9170,-3481,-95219
133036,-10240,13312,1257472,840704,-86660,-9232,-3153,-92739
133041,-117760,4096,1197056,808960,-89880,-9301,-3815,-95366
133047,-117760,4096,1161216,750592,-87430,-9364,-3316,-93478
133052,-117760,4096,1111040,739328,-84000,-9425,-3902,-89523
133057,-225280,4096,1045504,738304,-86870,-9494,-5330,-91034
133062,-282624,19456,1013760,768000,-88620,-9558,-5421,-92757
133067,-282624,19456,997376,796672,-87500,-9622,-4578,-92544
133072,-346112,16384,977920,786432,-90510,-9687,-4000,-96197
133077,-346112,16384,962560,755712,-89460,-9759,-3040,-96179
133082,-346112,16384,946176,762880,-88340,-9823,-2327,-95836
133087,-392192,13312,930816,793600,-90440,-9893,-1548,-98785
133092,-399360,13312,908288,804864,-89390,-9957,-1476,-97871
133097,-399360,13312,882688,803840,-87640,-10020,-1899,-95761
133102,-409600,0,872448,813056,-87640,-10089,-1298,-96431
133107,-409600,-3072,855040,785408,-86450,-10151,-1127,-95474
133112,-409600,-3072,835584,790528,-85120,-10212,-1030,-94302
133117,-406528,-6144,828416,825344,-84280,-10277,-392,-94165
133122,-406528,-6144,788480,855040,-81690,-10335,-1262,-90763
133127,-406528,-6144,758784,871424,-79660,-10392,-1554,-88498
133132,-452608,-9216,719872,854016,-80150,-10455,-2049,-88556
133137,-467968,-9216,706560,821248,-80290,-10500,-1202,-89588
133142,-467968,-9216,672768,763904,-77980,-10500,-1415,-87065
133147,-467968,-9216,625664,735232,-74760,-10500,-2476,-82784
133152,-484352,-9216,587776,745472,-73290,-10500,-3190,-80600
133157,-484352,-9216,562176,774144,-71540,-10500,-3355,-78685
133162,-501760,-9216,538624,773120,-71120,-10500,-3415,-78205
133167,-501760,-9216,529408,780288,-70490,-10500,-2964,-78026
133172,-501760,-9216,530432,731136,-70560,-10500,-1812,-79248
133177,-550912,-9216,507904,705536,-72380,-10500,-2049,-80831
133182,-561152,-9216,498688,703488,-72450,-10500,-1676,-81274
133187,-561152,-9216,464896,709632,-70140,-10500,-2885,-77755
133192,-561152,-9216,459776,707584,-69790,-10500,-2346,-77944
133197,-590848,-9216,441344,701440,-70560,-10500,-2664,-78396
133202,-590848,-9216,443392,680960,-70700,-10500,-2060,-79140
133207,-590848,-9216,437248,668672,-70280,-10500,-1575,-79205
133212,-632832,-9216,431104,649216,-72730,-10500,-1268,-81962
133217,-632832,-9216,414720,650240,-71610,-10500,-1496,-80614
133222,-632832,-9216,400384,662528,-70630,-10500,-1523,-79607
133227,-632832,-9216,392192,661504,-70070,-10500,-1305,-79265
133232,-632832,-9216,379904,633856,-69230,-10500,-1389,-78341
133237,-660480,-9216,372736,616448,-70630,-10500,-1063,-80067
133242,-660480,-9216,371712,578560,-70560,-10500,-420,-80640
133247,-660480,-9216,353280,562176,-69300,-10500,-900,-78900
133252,-660480,-9216,349184,578560,-69020,-10500,-592,-78928
133257,-660480,-9216,334848,581632,-68040,-10500,-1012,-77528
133262,-660480,-9216,332800,581632,-67900,-10500,-787,-77613
133267,-871424,-9216,331776,574464,-82250,-10500,-477,-92273
133272,-1095680,-9216,342016,519168,-98280,-10500,482,-109262
133277,-1095680,-9216,331776,484352,-97580,-10500,344,-108424
133282,-1285120,-9216,319488,467968,-109690,-10500,182,-120372
133287,-1285120,-9216,300032,483328,-108360,-10500,-136,-118724
133292,-1285120,-9216,267264,507904,-106120,-10500,-1095,-115525
133297,-1498112,-9216,240640,520192,-118860,-10500,-1444,-127916
133302,-1829888,-6144,219136,503808,-140070,-10500,-1344,-149226
133307,-1829888,-6144,186368,446464,-137830,-10500,-1666,-146664
133312,-1930240,-6144,142336,425984,-141680,-10500,-2247,-149933
133317,-1930240,-6144,97280,423936,-138600,-10500,-2563,-146537
133322,-1930240,-6144,27648,445440,-133840,-10500,-3992,-140348
133327,-2528256,-6144,-51200,454656,-169330,-10500,-5444,-174386
133332,-2669568,-6144,-104448,468992,-175350,-10500,-5365,-180485
133337,-2669568,-6144,-169984,459776,-170870,-10500,-5590,-175780
133342,-2944000,-6144,-253952,445440,-183890,-10500,-5945,-188445
133347,-2944000,-6144,-345088,443392,-177660,-10500,-6643,-181517
133352,-2944000,-6144,-458752,467968,-169890,-10500,-8323,-172067
133357,-2944000,-6144,-578560,455680,-161700,-10500,-9405,-162795
133362,-2944000,-6144,-692224,446464,-153930,-10500,-10448,-153982
133367,-2944000,-6144,-790528,448512,-147210,-10500,-10241,-147469
133372,-2944000,-6144,-917504,462848,-138530,-10500,-10764,-138266
133377,-2944000,-6144,-1037312,517120,-130340,-10500,-11424,-129416
133382,-6926336,-6144,-1155072,540672,-394520,-10500,-11823,-393197
133387,-6926336,-6144,-1277952,556032,-386120,-10500,-12098,-384522
133392,-7071744,-6144,-1397760,529408,-387870,-10500,-11935,-386435
133397,-7071744,-6144,-1562624,533504,-376600,-10500,-13684,-373416
133402,-7071744,-6144,-1746944,582656,-364000,-10500,-14602,-359898
133407,-7071744,-6144,-1951744,634880,-350000,-10500,-16433,-344067
133412,-8163328,-6144,-2172928,642048,-409500,-10500,-17631,-402369
133417,-8163328,-6144,-2461696,660480,-389760,-10500,-20374,-379886
133422,-8163328,-6144,-2733056,633856,-371210,-10500,-22286,-359424
133427,-8163328,-6144,-3024896,631808,-351260,-10500,-24438,-337322
133432,-8163328,-6144,-3373056,604160,-327460,-10500,-27192,-310768
133437,-8163328,-6144,-3667968,599040,-307300,-10500,-27662,-290138
133442,-9032704,-9216,-3977216,603136,-345590,-10500,-28382,-327708
133447,-9032704,-9216,-4300800,651264,-323470,-10500,-27829,-306141
133452,-9123840,-9216,-4601856,672768,-309120,-10500,-27381,-292239
133457,-9123840,-9216,-4902912,719872,-288540,-10500,-26762,-272278
133462,-9123840,-9216,-5296128,708608,-261660,-10500,-29565,-242595
133467,-9123840,-9216,-5635072,680960,-238490,-10500,-32093,-216897
133472,-7837696,-9216,-5954560,652288,-128730,-10500,-31765,-105085
133477,-7837696,-9216,-6264832,681984,-107520,-10500,-29215,-88805
133482,-7837696,-9216,-6544384,741376,-88410,-10500,-27689,-71221
133487,-7837696,-9216,-6799360,781312,-70980,-10500,-24987,-55233
133492,-7837696,-9216,-7059456,794624,-53200,-10500,-23354,-40346
133497,-6176768,-9216,-7294976,769024,76440,-10460,-22306,88286
133502,-6176768,-9216,-7511040,761856,91210,-10399,-21255,102066
133507,-6176768,-9216,-7711744,768000,104930,-10323,-19555,114162
133512,-3579904,-9216,-7834624,802816,290850,-10145,-16637,297342
133517,-3579904,-9216,-7900160,830464,294420,-9916,-11100,295604
133522,-3579904,-9216,-7880704,856064,294000,-9706,-6058,290352
133527,-3579904,-9216,-7823360,846848,290080,-9498,-965,281547
133532,-3579904,-9216,-7706624,857088,282100,-9273,4481,268346
133537,-3579904,-9216,-7571456,867328,272860,-9075,8392,255393
133542,-3579904,-9216,-7405568,871424,261520,-8884,11905,240731
133547,-3579904,-9216,-7195648,893952,247170,-8685,14548,223937
133552,-3579904,-9216,-6971392,869376,231840,-8514,17301,206025
133557,-626688,-39936,-6753280,857088,418810,-8224,18423,390129
133562,-626688,-39936,-6475776,857088,399840,-7904,20362,371574
133567,-626688,-39936,-6178816,867328,379540,-7627,22916,348997
133572,-575488,-43008,-5859328,880640,361200,-7363,25045,325754
133577,-570368,-43008,-5467136,873472,334740,-7092,28308,299340
133582,-570368,-43008,-5094400,842752,309260,-6862,31999,270399
133587,-570368,-43008,-4723712,809984,283920,-6651,33095,244174
133592,-565248,-61440,-4307968,789504,255850,-6439,34160,215251
133597,-565248,-61440,-3928064,776192,229880,-6266,34931,188683
133602,-550912,-61440,-3582976,772096,207270,-6109,33613,167548
133607,-550912,-61440,-3202048,785408,181230,-5958,32465,142807
133612,-550912,-61440,-2859008,759808,157780,-5838,31790,120152
133617,-264192,-168960,-2538496,713728,155470,-5721,30350,119399
133622,-264192,-168960,-2181120,661504,131040,-5610,31071,94359
133627,-264192,-168960,-1895424,629760,111510,-5524,28576,77410
133632,-264192,-168960,-1595392,624640,91000,-5452,28137,57411
133637,-264192,-168960,-1297408,570368,70630,-5388,26888,38354
133642,-264192,-168960,-1046528,551936,53480,-5343,25682,22455
133647,6144,-416768,-812032,508928,55720,-5293,23080,27347
133652,6144,-483328,-590848,449536,40810,-5258,21885,13667
133657,6144,-483328,-399360,396288,27720,-5234,19921,2565
133662,6144,-483328,-224256,356352,15750,-5218,17758,-7436
133667,89088,-589824,-49152,321536,9450,-5209,16340,-12099
133672,89088,-589824,109568,297984,-1400,-5207,15185,-21792
133677,272384,-707584,251904,253952,770,-5203,13578,-18011
133682,272384,-707584,394240,198656,-8330,-5207,12766,-26303
133687,272384,-707584,521216,153600,-17010,-5216,12304,-34530
133692,670720,-1042432,646144,88064,1680,-5211,11599,-15130
133697,2317312,-1364992,759808,30720,106470,-5164,11439,89867
133702,2317312,-1364992,855040,-13312,99960,-5089,10758,84113
133707,2317312,-1364992,948224,-96256,92260,-5013,11108,76139
133712,4539392,-1594368,1057792,-147456,238000,-4883,10383,222734
133717,4539392,-1594368,1171456,-211968,230230,-4715,10957,214558
133722,4539392,-1594368,1297408,-301056,220780,-4536,11758,204486
133727,4539392,-1594368,1467392,-386048,210000,-4382,13652,191966
133732,5984256,-1561600,1631232,-467968,297570,-4228,15000,278342
133737,5984256,-1561600,1818624,-561152,284760,-3998,15715,265047
133742,6305792,-1466368,2014208,-648192,293370,-3788,16945,272637
133747,6305792,-1466368,2235392,-731136,278250,-3584,18683,255983
133752,6305792,-1466368,2482176,-819200,261380,-3372,19606,238402
133757,6305792,-1466368,2736128,-899072,244020,-3192,21109,219719
133762,6305792,-1466368,3001344,-983040,225890,-3025,22392,200473
133767,6305792,-1466368,3314688,-1084416,204470,-2857,24113,177500
133772,4944896,-1220608,3593216,-1168384,92400,-2765,24676,64959
133777,4944896,-1220608,3880960,-1256448,72730,-2707,25324,44699
133782,4944896,-1220608,4196352,-1323008,51170,-2659,25638,22873
133787,4075520,-1105920,4457472,-1384448,-26110,-2660,25422,-54192
133792,3988480,-1084416,4721664,-1435648,-50120,-2688,24337,-77145
133797,3988480,-1084416,4941824,-1447936,-66710,-2735,21627,-91072
133802,3988480,-1084416,5171200,-1467392,-80850,-2790,19633,-103273
133807,4209664,-1094656,5356544,-1480704,-78400,-2852,17503,-98755
133812,4209664,-1094656,5532672,-1490944,-91560,-2920,16119,-110599
133817,4209664,-1094656,5699584,-1519616,-101850,-2991,14537,-119378
133822,4209664,-1094656,5819392,-1532928,-110040,-3068,12346,-125454
133827,4209664,-1094656,5921792,-1537024,-118650,-3159,10908,-132717
133832,4164608,-1094656,6039552,-1549312,-128170,-3249,9554,-140973
133837,4164608,-1094656,6104064,-1542144,-132580,-3343,7436,-143359
133842,4164608,-1094656,6175744,-1541120,-137480,-3450,7569,-149969
133847,4164608,-1094656,6268928,-1514496,-143850,-3551,7636,-155037
133852,2911232,-1032192,6319104,-1498112,-232960,-3672,6951,-243583
133857,2911232,-1032192,6353920,-1476608,-235340,-3855,6527,-246562
133862,2668544,-993280,6379520,-1495040,-253680,-4032,5413,-263125
133867,2668544,-993280,6362112,-1486848,-252490,-4211,3020,-259721
133872,2668544,-993280,6310912,-1479680,-248990,-4390,-2701,-247896
133877,2668544,-993280,6217728,-1486848,-242620,-4584,-4757,-242447
133882,2668544,-993280,6167552,-1466368,-239190,-4758,-5801,-238147
133887,2668544,-993280,6118400,-1440768,-238070,-4946,-3532,-239484
133892,2668544,-993280,6092800,-1419264,-234080,-5113,-3445,-235748
133897,416768,-713728,6013952,-1390592,-382620,-5309,-4217,-383712
133902,416768,-713728,5895168,-1386496,-374500,-5605,-9108,-367497
133907,416768,-713728,5701632,-1418240,-361270,-5868,-11980,-355158
133912,107520,-589824,5577728,-1410048,-373940,-6129,-12821,-367248
133917,107520,-589824,5473280,-1372160,-366800,-6395,-9780,-364771
133922,107520,-589824,5329920,-1305600,-357000,-6679,-11211,-352468
133927,-7168,-518144,5108736,-1267712,-349720,-6929,-15044,-341605
133932,-7168,-518144,4831232,-1282048,-330750,-7197,-19979,-317968
133937,-16384,-496640,4676608,-1253376,-320810,-7432,-18998,-309244
133942,-25600,-504832,4551680,-1198080,-312900,-7658,-15062,-305496
133947,-25600,-504832,4373504,-1115136,-296800,-7896,-16776,-287920
133952,-31744,-492544,4070400,-1120256,-280420,-8102,-19810,-268712
133957,-28672,-549888,3852288,-1148928,-265300,-8298,-20779,-252819
133962,-28672,-549888,3728384,-1138688,-257600,-8504,-14749,-251355
133967,-28672,-549888,3574784,-1010688,-246330,-8681,-13513,-241498
133972,-28672,-555008,3358720,-993280,-231560,-8850,-15716,-224694
133977,-28672,-555008,3130368,-1022976,-214830,-9025,-18252,-205603
133982,-40960,-589824,3015680,-1032192,-208950,-9176,-13677,-204449
133987,-47104,-600064,2905088,-965632,-201810,-9321,-10509,-200622
133992,-47104,-600064,2727936,-952320,-185990,-9471,-14133,-181328
133998,-65536,-610304,2483200,-990208,-174230,-9600,-16086,-167744
134003,-77824,-620544,2375680,-996352,-167720,-9723,-13516,-163927
134008,-77824,-620544,2325504,-932864,-164920,-9852,-7591,-167181
134013,-77824,-620544,2178048,-957440,-154210,-9964,-10006,-154168
134018,-114688,-695296,2009088,-999424,-145180,-10071,-12768,-142483
134023,-114688,-695296,1905664,-996352,-138110,-10183,-11096,-137197
134028,-139264,-719872,1871872,-975872,-137480,-10281,-6904,-140857
134033,-139264,-719872,1782784,-1029120,-131390,-10376,-6676,-135090
134038,-139264,-719872,1647616,-1086464,-122150,-10475,-8891,-123734
134043,-139264,-719872,1572864,-1031168,-117040,-10500,-8412,-119128
134048,-139264,-719872,1556480,-982016,-115920,-10500,-5287,-121133
134053,-139264,-719872,1505280,-1035264,-117950,-10500,-4553,-123897
134058,-222208,-713728,1465344,-1135616,-115360,-10500,-3563,-122297
134063,-229376,-707584,1434624,-1101824,-113750,-10500,-2500,-121750
134068,-229376,-707584,1390592,-1010688,-110740,-10500,-2445,-118795
134073,-229376,-707584,1315840,-1094656,-105630,-10500,-4426,-111704
134078,-229376,-707584,1255424,-1191936,-101500,-10500,-5244,-106756
134083,-229376,-701440,1261568,-1184768,-101920,-10500,-2069,-110351
134088,-229376,-701440,1233920,-1161216,-100030,-10500,-1484,-109046
134093,-229376,-701440,1150976,-1184768,-94360,-10500,-4104,-100756
134098,-229376,-695296,1035264,-1261568,-86450,-10500,-8030,-88920
134103,-229376,-695296,1036288,-1244160,-86520,-10500,-5527,-91493
134108,-232448,-701440,1060864,-1209344,-88410,-10500,-2051,-96859
134113,-232448,-701440,1039360,-1245184,-86940,-10500,-1393,-96047
134118,-232448,-701440,963584,-1308672,-81760,-10500,-3959,-88301
134123,-241664,-701440,905216,-1296384,-78400,-10500,-5367,-83533
134128,-244736,-701440,906240,-1238016,-78680,-10500,-3228,-85952
134133,-244736,-701440,884736,-1263616,-77210,-10500,-2938,-84772
134138,-244736,-701440,842752,-1330176,-74340,-10500,-3736,-81104
134143,-260096,-707584,837632,-1348608,-75040,-10500,-1953,-83587
134148,-260096,-707584,834560,-1267712,-74830,-10500,-151,-85179
134153,-270336,-701440,797696,-1217536,-73010,-10500,-491,-79063
134158,-270336,-701440,674816,-1269760,-64610,-10500,-5496,-69614
134163,-270336,-701440,641024,-1302528,-62300,-10500,-5406,-67394
134168,-349184,-707584,640000,-1254400,-67620,-10500,-3202,-74918
134173,-349184,-707584,662528,-1133568,-69160,-10500,10,-79670
134178,-349184,-707584,602112,-1103872,-65030,-10500,-1785,-73745
134183,-349184,-707584,519168,-1124352,-59360,-10500,-4677,-65183
134188,-399360,-701440,442368,-1092608,-57540,-10500,-6493,-61547
134193,-399360,-701440,437248,-1024000,-57190,-10500,-4525,-63165
134198,-440320,-701440,414720,-1006592,-58450,-10500,-3615,-65335
134203,-440320,-701440,356352,-1069056,-54460,-10500,-4618,-60342
134208,-440320,-701440,321536,-1052672,-52080,-10500,-4129,-58451
134213,-440320,-701440,289792,-972800,-49910,-10500,-3404,-57006
134218,-532480,-701440,265216,-875520,-54530,-10500,-2167,-62863
134223,-532480,-701440,172032,-886784,-48160,-10500,-5091,-53569
134228,-570368,-695296,92160,-917504,-45290,-10500,-6921,-48869
134233,-595968,-689152,95232,-865280,-47250,-10500,-3701,-54049
134238,-595968,-689152,110592,-765952,-48300,-10500,-479,-58321
134243,-595968,-689152,81920,-707584,-46340,-10500,-77,-56763
134248,-611328,-683008,-41984,-728064,-38920,-10500,-4945,-44475
134253,-611328,-683008,-115712,-728064,-33880,-10500,-6661,-37719
134258,-601088,-683008,-171008,-655360,-29400,-10500,-7094,-34278
134263,-595968,-676864,-200704,-576512,-27020,-10500,-5604,-31916
134268,-595968,-676864,-249856,-592896,-23660,-10500,-5636,-28524
134273,-585728,-653312,-308224,-621568,-18970,-10500,-6152,-27302
134278,-580608,-648192,-287744,-617472,-20020,-10500,-1894,-28626
134283,-580608,-648192,-299008,-549888,-19250,-10500,-79,-29671
134288,-580608,-648192,-352256,-518144,-15610,-10500,-845,-25265
134293,-590848,-625664,-453632,-558080,-9380,-10500,-4317,-15563
134298,-590848,-625664,-507904,-545792,-5670,-10500,-5217,-10953
134303,-590848,-625664,-525312,-479232,-4480,-10500,-4097,-10883
134308,-590848,-625664,-528384,-397312,-4270,-10500,-2408,-12362
134313,-590848,-625664,-577536,-433152,-910,-10500,-3816,-7594
134318,-637952,-584704,-626688,-506880,-770,-10500,-4834,-6436
134323,-637952,-584704,-602112,-547840,-2450,-10500,-2082,-10868
134328,-637952,-584704,-566272,-495616,-4900,-10500,1242,-16642
134333,-637952,-584704,-538624,-453632,-6790,-10500,3677,-19065
134338,-637952,-584704,-606208,-480256,-2170,-10500,261,-12931
134343,-637952,-584704,-681984,-515072,3010,-10499,-3100,-4389
134348,-637952,-584704,-739328,-473088,6930,-10497,-4939,1372
134353,-637952,-584704,-719872,-424960,5600,-10494,-2703,-2191
134358,-637952,-584704,-722944,-403456,5810,-10491,-1863,-2818
134363,-957440,-352256,-760832,-476160,-13440,-10500,-2924,-21016
134368,-1004544,-334848,-781312,-524288,-15260,-10500,-2880,-22880
134373,-1004544,-334848,-778240,-544768,-15470,-10500,-1394,-24576
134378,-1004544,-334848,-745472,-499712,-17710,-10500,1650,-29860
134383,-1128448,-288768,-769024,-478208,-24570,-10500,1333,-36403
134388,-1128448,-288768,-824320,-481280,-20790,-10500,-550,-30740
134393,-1298432,-263168,-927744,-489472,-25340,-10500,-4820,-31020
134398,-1514496,-132096,-985088,-468992,-36190,-10500,-6150,-40540
134403,-1514496,-132096,-1011712,-430080,-34370,-10500,-5442,-39428
134408,-1514496,-132096,-1038336,-405504,-32550,-10500,-4445,-38605
134413,-1514496,-132096,-1092608,-425984,-28840,-10500,-4988,-34352
134418,-1514496,-132096,-1139712,-464896,-25620,-10500,-3944,-106096
134423,-2583552,-33792,-1156096,-477184,-97580,-10500,-2720,-105360
134428,-3108864,-12288,-1186816,-431104,-131390,-10500,-1564,-140326
134433,-3108864,-12288,-1255424,-381952,-218400,-10500,-4477,-224423
134438,-4491264,-9216,-1421312,-380928,-209860,-10500,-8023,-212337
134443,-4589568,-9216,-1564672,-405504,-206780,-10500,-11456,-205824
134448,-4589568,-9216,-1688576,-406528,-198310,-10500,-11112,-198818
134453,-4589568,-9216,-1744896,-309248,-194460,-10500,-8801,-196159
134458,-4589568,-9216,-1874944,-260096,-185570,-10500,-9072,-186998
134463,-4540416,-9216,-2064384,-282624,-165060,-10500,-14549,-161011
134468,-4540416,-9216,-2376704,-299008,-147910,-10500,-19346,-139064
134473,-4540416,-9216,-2597888,-237568,-132790,-10500,-21282,-122008
134478,-4540416,-9216,-2784256,-172032,-120050,-10500,-20458,-110092
134483,-4540416,-9216,-2995200,-159744,-105630,-10500,-19452,-96678
134488,-4348928,-9216,-3227648,-188416,-76650,-10500,-20559,-66591
134493,-4165632,-9216,-3452928,-180224,-48720,-10500,-19703,-39377
134498,-4165632,-9216,-3663872,-69632,-34300,-10500,-19010,-25790
134503,-3904512,-9216,-3873792,12288,-2100,-10500,-18618,6018
134508,-3904512,-9216,-4097024,39936,13160,-10494,-19594,24150
134513,-3904512,-9216,-4344832,-40960,30100,-10479,-21070,40691
134518,-2912256,-12288,-4515840,-32768,109620,-10420,-19035,118235
134523,-2639872,-15360,-4639744,21504,136430,-10325,-13917,140022
134528,-2639872,-15360,-4754432,149504,144550,-10222,-11096,145424
134533,-2639872,-15360,-4881408,203776,153230,-10113,-9888,153005
134538,-1972224,-39936,-4997120,224256,206780,-9976,-11905,212489
134543,-1972224,-39936,-5133312,254976,216090,-9825,-10746,217011
134548,-1909760,-55296,-5181440,296960,223650,-9670,-9257,223237
134553,-2058240,-64512,-5178368,348160,213290,-9499,-4303,206204
134558,-2058240,-64512,-5093376,420864,207480,-9350,11,198119
134563,-2125824,-67584,-5033984,462848,198800,-9205,3095,186500
134568,-2125824,-67584,-4963328,499712,193970,-9063,5616,178955
134573,-2125824,-67584,-4899840,500736,189630,-8911,6173,174546
134578,-2172928,-95232,-4839424,524288,182280,-8779,5895,167606
134583,-2172928,-104448,-4759552,546816,176820,-8639,6298,160833
134588,-2172928,-104448,-4612096,575488,166740,-8518,8477,149745
134593,-2196480,-113664,-4466688,606208,155190,-8404,10780,136006
134598,-2196480,-113664,-4310016,632832,144480,-8296,13195,122989
134603,-2196480,-113664,-4156416,664576,133980,-8185,14090,111705
134608,-2196480,-125952,-4034560,690176,125650,-8091,13743,103816
134613,-2196480,-125952,-3930112,714752,118510,-8002,12390,98118
134618,-2196480,-125952,-3821568,705536,111090,-7912,10770,92408
134623,-1514496,-141312,-3712000,695296,150220,-7809,10191,132220
134628,-1298432,-178176,-3598336,670720,157220,-7702,10128,139390
134633,-1298432,-178176,-3472384,656384,148610,-7582,10753,130275
134638,-1298432,-178176,-3345408,678912,139930,-7478,11554,120898
134643,-1298432,-178176,-3235840,708608,132440,-7380,11496,113564
134648,-1298432,-178176,-3108864,768000,123760,-7278,11888,104594
134653,-550912,-285696,-3010560,761856,168140,-7158,11434,149548
134658,-550912,-285696,-2916352,740352,161700,-7039,10805,145315
134663,-550912,-285696,-2824192,663552,155400,-6914,9417,139069
134668,-203776,-324608,-2725888,625664,172410,-6790,9004,156616
134673,-203776,-324608,-2619392,606208,165130,-6671,8908,149551
134678,-203776,-324608,-2478080,618496,155470,-6545,10102,138823
134683,-203776,-324608,-2345984,615424,146440,-6438,11114,128888
134688,-16384,-416768,-2205696,604160,149660,-6333,13728,126950
134693,-16384,-416768,-2026496,562176,137410,-6219,14393,116798
134698,-10240,-500736,-1888256,523264,128380,-6122,14726,107532
134703,-10240,-500736,-1756160,475136,119350,-6024,14168,98458
134708,-10240,-500736,-1614848,428032,109690,-5941,13676,90073
134713,3072,-564224,-1491968,397312,102200,-5865,12617,83718
134718,3072,-555008,-1370112,324608,93660,-5789,11138,76733
134723,3072,-555008,-1231872,280576,84420,-5726,11326,67368
134728,12288,-569344,-1115136,219136,77070,-5669,10708,60693
134733,79872,-605184,-953344,159744,70630,-5612,12295,52723
134738,79872,-605184,-846848,131072,63350,-5563,11635,46152
134743,79872,-605184,-748544,111616,56630,-5520,10914,40196
134748,249856,-726016,-632832,116736,60340,-5472,10840,44028
134753,249856,-726016,-536576,89088,53760,-5430,11065,37265
134758,327680,-766976,-448512,55296,53060,-5389,10545,37126
134763,342016,-787456,-364544,-10240,48300,-5348,9406,33546
134768,342016,-787456,-293888,-53248,43470,-5314,8531,29625
134773,342016,-787456,-227328,-91136,38920,-5284,7773,25863
134778,398336,-801792,-178176,-130048,39410,-5253,5911,28246
134783,398336,-801792,-122880,-135168,35630,-5227,5246,25157
134788,398336,-801792,-70656,-138240,32060,-5201,4907,21392
134793,409600,-801792,0,-121856,28000,-5180,5520,17300
134798,412672,-794624,63488,-126976,23870,-5161,6109,12600
134803,412672,-794624,109568,-140288,20720,-5143,6065,9512
134808,412672,-794624,139264,-173056,18690,-5127,4910,8653
134813,443392,-780288,161792,-201728,19250,-5113,4098,10039
134818,443392,-780288,159744,-258048,19390,-5097,1946,12347
134823,451584,-766976,178176,-284672,18690,-5084,1408,12198
134828,451584,-766976,193536,-295936,17640,-5072,918,11650
134833,451584,-766976,220160,-260096,15820,-5059,1361,9400
134838,451584,-766976,240640,-248832,14420,-5048,1692,7680
134843,466944,-739328,249856,-237568,14840,-5038,1508,8294
134848,466944,-739328,248832,-240640,16240,-5025,-294,11509
134853,466944,-739328,231424,-267264,16100,-5015,-593,11678
134858,466944,-739328,224256,-294912,16590,-5004,-1335,12921
134863,466944,-739328,223232,-324608,16660,-4992,-1433,13101
134868,466944,-739328,236544,-327680,15750,-4982,-788,11556
134873,466944,-739328,259072,-312320,14210,-4972,352,8886
134878,466944,-739328,282624,-315392,12600,-4961,1405,6234
134883,1310720,-1022976,274432,-324608,70840,-4922,672,65246
134888,1310720,-1022976,280576,-356352,70420,-4872,680,64868
134893,1310720,-1022976,264192,-404480,71540,-4816,-623,67347
134898,1310720,-1022976,287744,-429056,69930,-4766,216,64948
134903,1992704,-1052672,321536,-443392,114240,-4711,1361,108168
134909,1992704,-1052672,373760,-414720,110670,-4622,3046,103002
134914,2014208,-1052672,434176,-414720,108010,-4543,4842,98625
134919,2014208,-1052672,484352,-419840,104580,-4465,5593,94522
134924,2014208,-1052672,494592,-430080,103880,-4383,3376,96121
134929,2014208,-1032192,550912,-465920,100030,-4311,3679,92040
134934,2014208,-984064,608256,-499712,96110,-4242,3594,88274
134939,2014208,-984064,673792,-551936,91630,-4170,3574,83886
134944,2014208,-984064,760832,-583680,85680,-4109,4645,76926
134949,2014208,-984064,862208,-615424,78750,-4052,7050,66114
134954,2014208,-984064,990208,-647168,70000,-3993,8490,57517
134959,2035712,-912384,1090560,-675840,64610,-3944,9383,51283
134964,2014208,-904192,1182720,-712704,56840,-3899,9758,43183
134969,2014208,-904192,1260544,-758784,51520,-3856,8744,38920
134974,2014208,-904192,1353728,-801792,45150,-3820,9446,31884
134979,1929216,-855040,1428480,-837632,34230,-3789,8984,23821
134984,1929216,-855040,1488896,-870400,30100,-3763,7337,19000
134989,1929216,-863232,1562624,-890880,25060,-3744,7131,14185
134994,1594368,-846848,1637376,-906240,-2940,-3732,6138,-12180
134999,1594368,-846848,1697792,-914432,-7070,-3736,6055,-16861
135004,1422336,-831488,1766400,-924672,-23520,-3751,6120,-33391
135009,1422336,-831488,1824768,-936960,-27510,-3769,5548,-36759
135014,1422336,-831488,1872896,-943104,-30800,-3792,5072,-39664
135019,1105920,-701440,1924096,-961536,-55930,-3829,5083,-64842
135024,993280,-659456,1943552,-975872,-64960,-3871,3630,-72535
135029,993280,-659456,1963008,-960512,-66290,-3922,2825,-73037
135034,759808,-615424,1971200,-972800,-82810,-3980,2079,-88869
135039,564224,-589824,1975296,-990208,-96460,-4042,1651,-101671
135044,564224,-589824,1953792,-986112,-94990,-4116,294,-99400
135049,504832,-574464,1933312,-986112,-97650,-4186,-278,-101558
135054,504832,-574464,1899520,-990208,-95340,-4260,-2055,-96075
135059,504832,-574464,1840128,-989184,-91280,-4325,-2292,-93313
135064,504832,-574464,1774592,-986112,-86800,-4388,-3496,-87692
135069,369664,-527360,1709056,-965632,-91560,-4450,-5062,-89624
135074,369664,-527360,1623040,-970752,-85680,-4519,-5463,-84736
135079,369664,-527360,1559552,-946176,-81340,-4578,-5504,-80414
135084,369664,-527360,1491968,-935936,-76720,-4634,-6872,-72527
135089,369664,-527360,1400832,-936960,-70490,-4692,-7002,-68180
135094,369664,-527360,1336320,-946176,-66080,-4740,-6725,-64095
135099,175104,-342016,1275904,-951296,-75250,-4796,-7385,-70771
135104,175104,-342016,1189888,-964608,-69370,-4848,-6957,-67261
135109,162816,-331776,1145856,-974848,-67200,-4897,-5612,-66485
135114,162816,-331776,1087488,-984064,-61110,-4947,-6535,-59522
135119,162816,-331776,997376,-977920,-57050,-4989,-6065,-55974
135124,162816,-331776,942080,-951296,-53270,-5028,-5433,-52865
135129,205824,-327680,874496,-915456,-45710,-5066,-6401,-43395
135134,221184,-324608,797696,-898048,-39410,-5097,-6417,-38090
135139,221184,-324608,747520,-880640,-35980,-5124,-5810,-35294
135144,228352,-324608,699392,-892928,-31570,-5151,-5489,-31232
135149,224256,-327680,653312,-918528,-29330,-5172,-4607,-29895
135154,224256,-327680,626688,-920576,-27510,-5193,-3555,-29148
135159,224256,-327680,604160,-881664,-25970,-5213,-2341,-28842
135164,224256,-327680,581632,-835584,-24430,-5230,-1844,-27816
135169,224256,-327680,571392,-854016,-23730,-5247,-918,-28059
135174,172032,-297984,563200,-830464,-26740,-5266,51,-32057
135179,172032,-297984,527360,-790528,-24290,-5282,-763,-28809
135184,172032,-297984,508928,-741376,-23030,-5298,-663,-27665
135189,172032,-297984,493568,-764928,-20160,-5315,-2039,-23436
135194,82944,-224256,456704,-781312,-25550,-5330,-1664,-29216
135199,82944,-224256,432128,-793600,-23870,-5348,-2199,-27019
135204,73728,-208896,405504,-794624,-22680,-5367,-2938,-25109
135209,27648,-135168,402432,-776192,-25620,-5386,-2639,-28367
135214,27648,-135168,398336,-756736,-25340,-5405,-2417,-28328
135219,12288,-135168,414720,-761856,-27510,-5427,-772,-32165
135224,12288,-135168,403456,-748544,-26740,-5447,-1133,-31054
135229,12288,-135168,389120,-706560,-25760,-5467,-1763,-29464
135234,6144,-135168,414720,-668672,-27930,-5489,-53,-33366
135239,9216,-138240,430080,-688128,-28770,-5508,977,-35255
135244,9216,-138240,430080,-668672,-28770,-5529,848,-35147
135249,9216,-138240,439296,-627712,-29400,-5551,1164,-36115
135254,9216,-138240,446464,-606208,-29890,-5572,1115,-36577
135259,9216,-138240,472064,-621568,-31640,-5593,2275,-39508
135264,12288,-129024,476160,-602112,-31710,-5617,1973,-39300
135269,9216,-129024,474112,-587776,-31780,-5639,1344,-38763
135274,9216,-129024,488448,-583680,-32760,-5662,1697,-40119
135279,9216,-129024,508928,-564224,-34160,-5687,2244,-42091
135284,15360,-110592,506880,-603136,-33600,-5710,1804,-41114
135289,15360,-110592,501760,-590848,-33250,-5733,1207,-40190
135294,21504,-104448,502784,-571392,-32900,-5759,780,-39439
135299,21504,-104448,513024,-571392,-33600,-5783,1031,-40414
135304,21504,-104448,518144,-618496,-33950,-5806,1189,-40945
135309,49152,-101376,510976,-599040,-31570,-5831,860,-38261
135314,73728,-101376,486400,-588800,-28210,-5852,-552,-33510
135319,73728,-101376,483328,-590848,-28000,-5873,-616,-33257
135324,73728,-101376,476160,-586752,-27510,-5895,-625,-32780
135329,73728,-101376,471040,-607232,-27160,-5914,-429,-32645
135334,73728,-101376,444416,-616448,-25340,-5933,-1468,-29805
135339,101376,-101376,433152,-606208,-22680,-5952,-1571,-27061
135344,107520,-104448,427008,-580608,-21840,-5969,-1392,-26417
135349,107520,-104448,415744,-565248,-21070,-5984,-1536,-25518
135354,107520,-104448,429056,-583680,-21980,-6001,-134,-27847
135359,110592,-101376,401408,-584704,-19880,-6016,-1258,-24638
135364,110592,-101376,381952,-542720,-18550,-6031,-1307,-23975
135369,107520,-101376,388096,-533504,-19180,-6047,-1414,-23813
135374,107520,-101376,400384,-518144,-20020,-6062,-617,-25465
135379,107520,-101376,419840,-528384,-21350,-6077,586,-28013
135384,110592,-101376,417792,-492544,-21000,-6093,288,-27381
135389,110592,-101376,425984,-478208,-21560,-6109,214,-27883
135394,110592,-101376,438272,-441344,-22260,-6127,102,-28489
135399,110592,-101376,467968,-409600,-24430,-6144,1159,-31733
135404,107520,-98304,501760,-401408,-26950,-6162,2329,-35441
135409,107520,-98304,496640,-380928,-27230,-6183,1573,-34986
135414,107520,-98304,525312,-358400,-28560,-6203,1778,-36541
135419,107520,-98304,525312,-291840,-28560,-6224,654,-35438
135424,107520,-98304,551936,-253952,-30590,-6247,1248,-38085
135429,107520,-98304,575488,-250880,-31990,-6270,1395,-39655
135434,107520,-98304,605184,-246784,-34020,-6293,2224,-42537
135439,107520,-98304,603136,-232448,-33880,-6320,1050,-41250
135444,107520,-98304,609280,-185344,-34300,-6345,615,-41260
135449,104448,-95232,628736,-169984,-35840,-6370,1076,-43286
135454,104448,-95232,645120,-149504,-36960,-6398,1559,-44917
135459,104448,-95232,650240,-177152,-37310,-6423,1611,-45344
135464,104448,-95232,645120,-174080,-36960,-6449,1085,-44494
135469,104448,-95232,651264,-184320,-37380,-6478,1126,-44984
135474,104448,-95232,635904,-179200,-36330,-6504,108,-42942
135479,104448,-95232,638976,-175104,-36540,-6530,255,-43257
135484,9216,-43008,627712,-161792,-42280,-6559,-353,-48486
135489,9216,-43008,631808,-221184,-42560,-6589,-6,-49143
135494,6144,-33792,627712,-230400,-42630,-6623,-98,-49155
135499,6144,-33792,616448,-221184,-41720,-6653,-777,-47596
135504,6144,-33792,593920,-172032,-40180,-6684,-2000,-44864
135509,0,-21504,616448,-175104,-41580,-6717,-876,-47421
135514,0,-21504,604160,-208896,-41300,-6746,-656,-47390
135519,0,-21504,595968,-241664,-40740,-6775,-639,-46876
135524,0,-18432,578560,-246784,-39550,-6807,-996,-45361
135529,0,-18432,561152,-243712,-38360,-6835,-1527,-43668
135534,0,-18432,562176,-220160,-38430,-6863,-1063,-44230
135539,0,-18432,565248,-206848,-38640,-6893,-394,-45139
135544,0,-18432,565248,-165888,-38640,-6921,-29,-45532
135549,0,-18432,557056,-143360,-38080,-6948,-174,-44854
135554,0,-18432,550912,-162816,-37660,-6977,-144,-44493
135559,0,-18432,557056,-182272,-38080,-7004,455,-45539
135564,0,-18432,547840,-202752,-37450,-7030,25,-44505
135569,0,-18432,542720,-169984,-37100,-7060,-230,-43930
135574,0,-18432,545792,-143360,-37310,-7086,57,-44453
135579,0,-18432,538624,-80896,-36820,-7113,-430,-43503
135584,0,-18432,534528,-23552,-36540,-7142,-667,-43015
135589,0,-18432,540672,5120,-36960,-7169,-453,-43676
135594,0,-18432,561152,15360,-38360,-7196,802,-46358
135599,0,-15360,555008,38912,-37940,-7225,441,-45606
135604,0,-15360,548864,54272,-37520,-7252,91,-44863
135609,0,-15360,543744,89088,-37170,-7279,-216,-43862
135614,0,-15360,542720,135168,-37100,-7308,-266,-44142
135619,0,-15360,531456,180224,-36330,-7335,-1131,-42534
135624,0,-15360,532480,220160,-36400,-7362,-1347,-42415
135629,70656,-15360,551936,233472,-32900,-7390,-503,-39787
135634,122880,-15360,561152,231424,-29960,-7414,-392,-36982
135639,122880,-15360,572416,240640,-30730,-7437,-110,-41537
135644,147456,-18432,615424,237568,-31990,-7461,1798,-41249
135649,147456,-18432,642048,287744,-33810,-7484,2708,-44002
135654,147456,-18432,647168,314368,-34160,-7509,2276,-43945
135659,147456,-18432,645120,322560,-34020,-7533,1464,-43017
135664,202752,-15360,660480,327680,-31290,-7556,1583,-37631
135669,202752,-15360,642048,348160,-30030,-7580,-228,-37382
135674,202752,-15360,654336,323584,-30870,-7603,-226,-38247
135679,215040,-15360,687104,318464,-32270,-7627,2142,-43581
135684,215040,-15360,744448,291840,-36190,-7653,3158,-47001
135689,211968,-15360,768000,279552,-38010,-7679,3275,-48964
135694,211968,-15360,801792,267264,-40320,-7706,3815,-52194
135699,211968,-15360,823296,246784,-41790,-7738,3207,-52735
135704,208896,-12288,832512,210944,-42630,-7768,2016,-52414
135709,218112,-12288,848896,160768,-43120,-7799,2143,-54116
135714,218112,-12288,893952,129024,-46200,-7835,2218,-56253
135719,249856,-15360,915456,80896,-45500,-7868,1859,-55227
135724,249856,-15360,956416,38912,-48300,-7902,2637,-60349
135729,249856,-15360,980992,-8192,-49980,-7941,2502,-60423
135734,311296,-15360,1004544,-41984,-47390,-7974,2418,-57782
135739,311296,-15360,1007616,-89088,-47600,-8008,1307,-56915
135744,311296,-15360,1018880,-123904,-48370,-8046,842,-57258
135749,398336,-21504,1050624,-175104,-44590,-8077,1880,-54547
135754,398336,-21504,1065984,-219136,-45640,-8109,2129,-55878
135759,398336,-21504,1087488,-234496,-47110,-8145,2579,-57834
135764,435200,-21504,1082368,-273408,-44240,-8175,1551,-53966
135769,435200,-21504,1068032,-295936,-43260,-8207,5,-51472
135774,435200,-21504,1056768,-300032,-42490,-8242,-1201,-49531
135779,435200,-21504,1072128,-319488,-43540,-8275,-1000,-50815
135784,483328,-21504,1102848,-350208,-42350,-8307,5,-50662
135789,483328,-21504,1181696,-410624,-47740,-8343,3523,-59606
135794,483328,-21504,1211392,-418816,-49770,-8376,4050,-62196
135799,483328,-21504,1236992,-415744,-51520,-8411,4172,-64103
135805,483328,-21504,1230848,-378880,-51100,-8451,2080,-61631
135810,483328,-21504,1248256,-357376,-52290,-8488,1530,-62308
135815,483328,-21504,1248256,-347136,-52290,-8526,225,-61041
135820,483328,-12288,1278976,-314368,-55790,-8570,753,-65113
135825,462848,-12288,1326080,-308224,-59010,-8611,2260,-69881
135830,419840,-12288,1367040,-297984,-64750,-8656,3286,-76692
135835,419840,-9216,1423360,-264192,-69090,-8707,4735,-82532
135840,412672,-9216,1432576,-243712,-69720,-8755,3660,-82135
135845,387072,-9216,1442816,-210944,-72170,-8806,2712,-83688
135850,358400,-9216,1457152,-156672,-75110,-8863,2079,-86052
135855,358400,-9216,1476608,-140288,-76440,-8917,2184,-87541
135860,358400,-9216,1495040,-111616,-77700,-8971,2538,-89209
135865,318464,-9216,1505280,-91136,-82950,-9032,3978,-95960
135870,318464,-9216,1533952,-62464,-83090,-9088,3906,-96084
135875,318464,-9216,1529856,-38912,-82810,-9144,3693,-95647
135880,318464,-9216,1486848,24576,-79870,-9206,1204,-90280
135885,318464,-9216,1454080,53248,-77630,-9261,-263,-86628
135890,175104,-9216,1428480,93184,-85680,-9320,-1228,-93772
135895,168960,-9216,1390592,124928,-83510,-9387,-2795,-90102
135900,168960,-9216,1370112,151552,-82110,-9448,-3202,-88356
135905,168960,-9216,1359872,162816,-81410,-9508,-2834,-88084
135910,168960,-9216,1347584,160768,-80570,-9572,-2333,-87809
135915,168960,-9216,1331200,179200,-79450,-9630,-2241,-86839
135920,175104,-9216,1311744,198656,-77700,-9687,-2515,-84872
135925,175104,-9216,1283072,242688,-75740,-9748,-3014,-82474
135930,175104,-9216,1260544,267264,-74200,-9803,-3244,-80759
135935,211968,-9216,1224704,290816,-69230,-9855,-4131,-74954
135940,211968,-9216,1216512,332800,-68670,-9911,-3223,-75358
135945,211968,-9216,1203200,348160,-67760,-9961,-2721,-75000
135950,202752,-9216,1195008,356352,-67830,-10010,-1856,-75984
135955,202752,-9216,1191936,330752,-67620,-10063,-867,-76816
135960,202752,-9216,1172480,331776,-66290,-10110,-905,-75495
135965,202752,-9216,1158144,324608,-65310,-10156,-697,-74769
135970,193536,-9216,1095680,296960,-61670,-10206,-3206,-68670
135975,193536,-9216,1073152,299008,-60130,-10250,-3393,-66987
135980,193536,-9216,1040384,299008,-57890,-10294,-4167,-64017
135985,113664,-9216,1024000,299008,-62230,-10342,-3804,-68768
135990,113664,-9216,1001472,300032,-60690,-10388,-4047,-67031
135995,113664,-9216,995328,301056,-60270,-10433,-3349,-67354
136000,76800,-9216,1006592,307200,-63560,-10483,-1642,-72401
136005,76800,-9216,1007616,312320,-63630,-10500,-770,-73360
136010,36864,-9216,996352,320512,-65590,-10500,-683,-75407
136015,36864,-9216,1004544,311296,-66150,-10500,685,-77335
136020,36864,-9216,988160,305152,-65030,-10500,606,-76136
136025,36864,-9216,966656,290816,-63560,-10500,205,-74265
136030,36864,-9216,953344,274432,-62650,-10500,258,-73408
136035,36864,-9216,928768,271360,-60970,-10500,-329,-71141
136040,0,-9216,901120,258048,-61600,-10500,-1179,-70921
136045,0,-9216,902144,243712,-61670,-10500,-398,-71772
136050,0,-9216,872448,235520,-59640,-10500,-1413,-68727
136055,0,-9216,859136,217088,-58730,-10500,-1304,-67926
136060,0,-9216,843776,201728,-57680,-10500,-1283,-66897
136065,0,-9216,829440,171008,-56700,-10500,-1147,-66053
136070,0,-9216,797696,147456,-54530,-10500,-1921,-63109
136075,0,-9216,772096,123904,-52780,-10500,-2105,-61175
136080,0,-9216,740352,137216,-50610,-10500,-2842,-58268
136085,0,-9216,724992,155648,-49560,-10500,-2846,-57214
136090,0,-9216,719872,154624,-49210,-10500,-2178,-57532
136095,0,-9216,715776,124928,-48930,-10500,-1701,-57729
136100,0,-9216,723968,70656,-49490,-10500,-525,-59465
136105,-4096,-9216,711680,39936,-48930,-10500,-587,-58843
136110,-4096,-9216,719872,49152,-49490,-10500,241,-60231
136115,-4096,-9216,718848,82944,-49420,-10500,511,-60431
136120,-4096,-9216,713728,96256,-49070,-10500,497,-60067
136125,-4096,-9216,699392,105472,-48090,-10500,-72,-58518
136130,-74752,-9216,688128,59392,-52150,-10500,-569,-62081
136135,-74752,-9216,678912,37888,-51520,-10500,-881,-61139
136140,-74752,-9216,679936,7168,-51590,-10500,-593,-61497
136145,-145408,-9216,673792,39936,-56000,-10500,-771,-65729
136150,-145408,-9216,666624,50176,-55510,-10500,-980,-65030
136155,-145408,-9216,659456,81920,-55020,-10500,-1232,-64288
136160,-216064,-9216,662528,82944,-60060,-10500,-774,-69786
136165,-241664,-9216,655360,82944,-61320,-10500,-779,-71041
136170,-241664,-9216,662528,75776,-61810,-10500,126,-72436
136175,-260096,-9216,668672,60416,-63490,-10500,1073,-75063
136180,-346112,-6144,638976,76800,-67340,-10500,135,-77975
136185,-359424,-6144,603136,87040,-65800,-10500,-1075,-75225
136190,-359424,-6144,568320,106496,-63420,-10500,-2309,-73169
136195,-359424,-6144,546816,123904,-61950,-10500,-2454,-69996
136200,-359424,-6144,530432,138240,-60830,-10500,-2530,-68800
136205,-359424,-6144,518144,137216,-59990,-10500,-2609,-67321
136210,-510976,0,492544,115712,-68600,-10500,-2461,-76639
136215,-510976,0,464896,115712,-66710,-10500,-2699,-74511
136220,-510976,0,445440,123904,-65380,-10500,-3154,-71606
136225,-601088,16384,398336,145408,-68320,-10500,-3396,-75424
136230,-601088,16384,380928,194560,-67130,-10500,-2903,-74727
136235,-601088,16384,360448,214016,-65730,-10500,-2977,-72483
136240,-601088,16384,331776,211968,-63770,-10500,-2236,-72034
136245,-690176,68608,308224,186368,-68250,-10500,-1704,-77046
136250,-690176,68608,281600,160768,-66430,-10500,-1260,-74205
136255,-690176,68608,235520,158720,-63280,-10500,-1642,-72138
136260,-817152,111616,190464,201728,-68880,-10500,-2046,-77334
136265,-817152,111616,145408,246784,-65800,-10500,-2220,-74080
136270,-856064,111616,86016,309248,-64400,-10500,-3415,-71485
136275,-856064,111616,34816,344064,-60900,-10500,-4009,-67391
136280,-856064,111616,-1024,347136,-58450,-10500,-3521,-65429
136285,-966656,99328,-48128,305152,-62790,-10500,-3803,-69487
136290,-985088,99328,-93184,273408,-60970,-10500,-3887,-67583
136295,-985088,99328,-138240,280576,-57890,-10500,-3723,-64667
136300,-985088,99328,-183296,293888,-54810,-10500,-3782,-61528
136305,-1271808,96256,-245760,342016,-70140,-10500,-4817,-75823
136310,-1271808,96256,-296960,364544,-66640,-10500,-4857,-72283
136315,-1366016,96256,-343040,399360,-69930,-10500,-4998,-75432
136320,-1366016,96256,-390144,407552,-66710,-10500,-5203,-72007
136325,-1366016,96256,-449536,415744,-62650,-10500,-5961,-67189
136330,-1482752,99328,-487424,381952,-68040,-10500,-5456,-73084
136335,-1482752,99328,-513024,365568,-66290,-10500,-4405,-72385
136340,-1482752,99328,-566272,375808,-62650,-10500,-4670,-68480
136345,-1482752,99328,-595968,389120,-60620,-10500,-3796,-67324
136350,-1482752,99328,-636928,402432,-57820,-10500,-3576,-64744
136355,-1482752,99328,-692224,408576,-54040,-10500,-3827,-60713
136360,-1498112,99328,-756736,447488,-50680,-10500,-4638,-56542
136365,-1498112,99328,-803840,455680,-47460,-10500,-4488,-53472
136370,-1498112,99328,-854016,455680,-43680,-10500,-4512,-49668
136375,-1546240,99328,-901120,468992,-44100,-10500,-4212,-50388
136380,-1546240,99328,-934912,461824,-41790,-10500,-3481,-48809
136385,-1546240,99328,-979968,464896,-38710,-10500,-3366,-45844
136390,-1562624,99328,-1008640,444416,-37870,-10500,-2500,-45870
136395,-1735680,99328,-1049600,433152,-46900,-10500,-2489,-54911
136400,-1735680,99328,-1087488,422912,-44310,-10500,-2247,-52563
136405,-1735680,99328,-1143808,438272,-40460,-10500,-3315,-47645
136410,-1930240,108544,-1191936,475136,-50470,-10500,-3922,-58579
136415,-1930240,108544,-1240064,484352,-47180,-10500,-4295,-53385
136420,-1993728,108544,-1280000,522240,-48790,-10500,-4374,-54916
136425,-1993728,108544,-1315840,521216,-46270,-10500,-3999,-52771
136430,-1993728,108544,-1360896,515072,-43260,-10500,-4331,-49429
136435,-1993728,105472,-1386496,483328,-41510,-10500,-3568,-48442
136440,-1993728,105472,-1423360,485376,-38990,-10500,-3615,-45329
136445,-1993728,105472,-1466368,494592,-36050,-10500,-3599,-42951
136450,-1993728,105472,-1506304,515072,-33320,-10500,-3626,-40194
136455,-1993728,105472,-1533952,500736,-31430,-10500,-2862,-38090
136460,-1993728,105472,-1573888,500736,-28700,-10500,-2761,-36439
136465,-1993728,105472,-1609728,475136,-26250,-10500,-2674,-34076
136470,-1993728,105472,-1646592,473088,-23730,-10500,-2671,-31699
136475,-1993728,105472,-1682432,475136,-21280,-10500,-3037,-28743
136480,-1482752,96256,-1718272,499712,16100,-10490,-3416,9026
136485,-1408000,83968,-1741824,506880,23100,-10475,-3198,15823
136490,-1408000,83968,-1763328,495616,24290,-10459,-2816,16647
136495,-1150976,40960,-1780736,491520,43050,-10430,-2749,35369
136500,-887808,22528,-1786880,483328,62020,-10389,-2574,54205
136505,-887808,22528,-1781760,485376,61110,-10346,-1323,52087
136510,-666624,4096,-1768448,498688,75320,-10292,-468,65496
136515,-666624,4096,-1742848,523264,74130,-10234,253,63643
136520,-417792,-6144,-1704960,529408,87990,-10180,2188,75622
136525,-417792,-6144,-1667072,506880,85400,-10118,3216,72066
136530,-353280,-6144,-1632256,490496,87080,-10049,3629,73402
136535,-353280,-6144,-1585152,494592,84210,-9988,4012,70210
136540,-353280,-6144,-1541120,482304,81200,-9928,4014,67258
136545,-353280,-6144,-1492992,499712,77350,-9866,4260,63224
136550,-353280,-6144,-1426432,520192,73360,-9813,4412,59135
136555,-353280,-6144,-1359872,547840,68810,-9763,4854,54193
136560,-102400,-9216,-1283072,567296,80710,-9703,5306,65701
136565,-102400,-9216,-1216512,594944,76160,-9648,5327,61185
136570,-102400,-9216,-1125376,602112,69930,-9596,6654,53680
136575,-102400,-9216,-1053696,621568,65030,-9543,6229,49258
136580,-80896,-9216,-961536,611328,60200,-9499,7292,43409
136585,-80896,-9216,-874496,599040,54250,-9457,7977,38090
136590,-77824,-9216,-800768,625664,49420,-9416,7252,32752
136595,-77824,-9216,-731136,619520,44660,-9383,6636,28641
136600,-77824,-9216,-653312,628736,39340,-9351,6637,22792
136605,-68608,-9216,-578560,652288,34860,-9325,5995,19540
136610,-68608,-9216,-505856,672768,29890,-9303,5820,14767
136615,-68608,-9216,-430080,690176,24920,-9283,5293,10344
136620,-68608,-9216,-359424,712704,19880,-9268,5253,5359
136625,-65536,-9216,-291840,727040,15470,-9257,5061,1152
136630,-65536,-9216,-228352,742400,11130,-9248,4518,-2636
136635,-65536,-9216,-178176,750592,7700,-9243,3771,-5314
136640,-65536,-9216,-121856,744448,3850,-9240,3775,-9165
136645,-65536,-9216,-67584,735232,490,-9239,3370,-12119
136650,-71680,-9216,-32768,736256,-2660,-9241,2862,-14763
136655,-71680,-9216,4096,732160,-5180,-9245,2407,-16832
136660,-71680,-9216,40960,733184,-7700,-9252,2062,-19084
136665,-74752,-9216,67584,735232,-9730,-9260,1389,-20379
136670,-74752,-9216,96256,733184,-11690,-9269,1096,-22055
136675,-74752,-9216,125952,720896,-13720,-9280,1235,-24445
136680,-74752,-9216,152576,723968,-15540,-9292,1166,-25998
136685,-74752,-9216,175104,709632,-17080,-9304,1213,-27597
136690,-74752,-9216,191488,732160,-18550,-9319,1391,-29260
136695,-74752,-9216,203776,722944,-19040,-9332,1047,-29419
136700,-74752,-9216,212992,710656,-19670,-9346,1033,-30049
136705,-74752,-9216,215040,716800,-19740,-9361,669,-29770
136710,-80896,-9216,214016,703488,-20160,-9375,587,-30122
136715,-80896,-9216,209920,686080,-19880,-9389,320,-29589
136720,-80896,-9216,198656,676864,-18270,-9404,-915,-26759
136725,-87040,-9216,180224,659456,-18270,-9417,-923,-26764
136730,-87040,-9216,162816,637952,-17080,-9430,-1484,-25026
136735,-87040,-9216,156672,619520,-16660,-9443,-2506,-22057
136740,-111616,-9216,116736,596992,-15610,-9456,-2937,-22129
136745,-114688,-9216,97280,577536,-14490,-9468,-3211,-20747
136750,-114688,-9216,80896,548864,-13370,-9480,-3698,-18382
136755,-114688,-9216,48128,537600,-11130,-9491,-3917,-16704
136760,-111616,-9216,37888,517120,-10220,-9500,-3559,-16161
136765,-111616,-9216,26624,515072,-9940,-9510,-2690,-16760
136770,-111616,-9216,13312,508928,-8540,-9517,-2934,-15123
136775,-111616,-9216,-2048,498688,-7490,-9524,-2818,-14196
136780,-111616,-9216,0,517120,-7630,-9531,-1619,-15542
136785,-68608,-9216,-10240,514048,-3990,-9534,-1320,-12204
136790,-31744,-9216,-23552,509952,-560,-9536,-1167,-8929
136795,-31744,-9216,-36864,520192,0,-9535,-690,-8845
136800,-31744,-9216,-38912,512000,490,-9535,-243,-8802
136805,-4096,-12288,-58368,505856,3710,-9532,-600,-5222
136810,-4096,-12288,-68608,486400,4340,-9529,-394,-4795
136815,-4096,-12288,-83968,491520,5460,-9525,-761,-3304
136820,0,-12288,-96256,482304,6580,-9520,-916,-2024
136825,0,-12288,-108544,465920,7420,-9515,-1062,-1033
136830,0,-12288,-118784,455680,8120,-9510,-1275,-115
136835,0,-15360,-116736,441344,7980,-9504,-851,-673
136840,0,-15360,-137216,425984,9380,-9498,-1729,1611
136845,0,-12288,-130048,409600,8890,-9492,-1139,537
136850,0,-12288,-140288,404480,9590,-9487,-1546,1649
136855,3072,-12288,-154624,395264,10780,-9480,-2008,3308
136860,3072,-12288,-158720,380928,11060,-9473,-1915,3502
136866,3072,-15360,-156672,381952,10920,-9466,-1562,3016
136871,33792,-21504,-157696,373760,13090,-9459,-1417,5048
136876,33792,-21504,-162816,380928,13440,-9450,-1559,5549
136881,33792,-21504,-164864,365568,13580,-9442,-1546,5684
136886,33792,-21504,-155648,373760,12950,-9432,-819,4337
136891,33792,-21504,-155648,365568,12950,-9424,-708,4234
136896,193536,-64512,-156672,385024,23940,-9410,-753,15283
136901,193536,-64512,-155648,395264,25340,-9392,-703,16651
136906,215040,-67584,-148480,398336,24850,-9375,-322,15797
136911,215040,-67584,-148480,409600,24850,-9358,-482,15974
136916,263168,-86016,-130048,422912,26880,-9339,352,17189
136921,263168,-86016,-128000,427008,26740,-9320,166,17254
136926,263168,-86016,-116736,437248,25970,-9301,435,16234
136931,263168,-86016,-115712,452608,24640,-9282,1045,14313
136936,263168,-86016,-88064,457728,24010,-9264,999,13747
136941,263168,-125952,-73728,454656,23030,-9248,1127,12655
136946,263168,-125952,-48128,465920,21280,-9230,1882,10168
136951,263168,-125952,-40960,468992,20790,-9214,1612,9964
136956,263168,-125952,-28672,465920,19950,-9199,1717,9034
136961,178176,-159744,-10240,476160,12880,-9184,2024,1672
136966,178176,-159744,7168,477184,11690,-9175,2478,37
136971,178176,-159744,18432,473088,10920,-9166,2384,-630
136976,178176,-159744,40960,474112,9380,-9156,2861,-2637
136981,178176,-159744,47104,482304,8960,-9149,2483,-2672
136986,178176,-159744,69632,475136,7420,-9141,3149,-4870
136991,0,-175104,65536,482304,-4480,-9137,2129,-15746
136996,0,-175104,76800,476160,-5250,-9139,2199,-16588
137001,0,-175104,101376,460800,-6930,-9142,2962,-19034
137006,-34816,-237568,104448,477184,-9520,-9147,2336,-21003
137011,-34816,-237568,112640,465920,-10080,-9153,2127,-21360
137016,-96256,-272384,125952,442368,-15190,-9161,2363,-26714
137021,-96256,-272384,123904,446464,-15050,-9172,1572,-25794
137026,-96256,-272384,131072,421888,-15540,-9182,1636,-26358
137031,-96256,-272384,126976,406528,-15260,-9192,1083,-25535
137036,-96256,-272384,133120,394240,-15680,-9204,1111,-25995
137041,-96256,-272384,131072,381952,-15540,-9214,753,-25507
137046,-96256,-272384,131072,365568,-15540,-9225,627,-25392
137051,-96256,-272384,109568,351232,-14070,-9237,-657,-22650
137056,-96256,-272384,110592,333824,-14140,-9247,-572,-22815
137061,-1408000,-272384,108544,318464,-103670,-9308,-547,-112431
137066,-1514496,-272384,65536,315392,-108010,-9392,-2604,-114798
137071,-1514496,-272384,48128,286720,-106820,-9470,-2927,-113363
137076,-1498112,-275456,21504,275456,-103880,-9546,-3487,-109939
137081,-1514496,-281600,-45056,253952,-100450,-9627,-5454,-104623
137086,-1514496,-281600,-95232,240640,-97020,-9700,-6252,-100468
137091,-1529856,-288768,-156672,210944,-93870,-9770,-7100,-96540
137096,-1529856,-288768,-224256,198656,-89250,-9844,-7419,-91675
137101,-1529856,-288768,-306176,180224,-83650,-9907,-8478,-85079
137106,-1529856,-291840,-365568,160768,-79590,-9967,-7798,-81759
137111,-1529856,-294912,-444416,157696,-74200,-10028,-7604,-76624
137116,-1529856,-294912,-508928,133120,-69790,-10080,-7047,-72823
137121,-1529856,-294912,-578560,99328,-65030,-10128,-6689,-68469
137126,-1529856,-294912,-653312,102400,-59920,-10176,-6154,-63942
137131,-1529856,-294912,-731136,72704,-54600,-10216,-6151,-58665
137136,-1529856,-294912,-802816,43008,-49700,-10252,-5842,-54110
137141,-1629184,-324608,-894976,21504,-50190,-10290,-6317,-54163
137146,-1629184,-324608,-966656,-4096,-45290,-10323,-6037,-49576
137151,-1629184,-324608,-1052672,-31744,-39410,-10353,-6579,-43184
137156,-1629184,-324608,-1135616,-67584,-33740,-10381,-6574,-37547
137161,-1629184,-324608,-1201152,-100352,-29260,-10403,-6256,-33407
137166,-2368512,-327680,-1261568,-133120,-75670,-10455,-5919,-80206
137171,-2447360,-324608,-1317888,-173056,-76440,-10500,-6145,-80795
137176,-2447360,-324608,-1394688,-208896,-71960,-10500,-6374,-76086
137181,-2975744,-321536,-1443840,-231424,-104720,-10500,-5695,-109525
137186,-2880512,-321536,-1518592,-257024,-92820,-10500,-6373,-96947
137191,-2880512,-321536,-1588224,-302080,-88340,-10500,-6478,-92362
137196,-2698240,-321536,-1656832,-328704,-71190,-10500,-6656,-75034
137201,-2318336,-318464,-1722368,-331776,-40740,-10500,-6411,-44479
137206,-2318336,-318464,-1786880,-368640,-36330,-10500,-5828,-41002
137211,-2318336,-318464,-1841152,-378880,-32620,-10500,-4993,-38127
137216,-2318336,-318464,-1902592,-391168,-28420,-10500,-4430,-34560
137221,-2318336,-318464,-1953792,-402432,-24920,-10500,-3871,-31549
137226,-1351680,-409600,-2007040,-406528,44800,-10468,-3658,37990
137231,-1351680,-409600,-2038784,-413696,47040,-10431,-2455,39064
137236,-1351680,-409600,-2069504,-422912,49070,-10395,-1640,40315
137241,-546816,-504832,-2087936,-427008,105350,-10318,-718,95750
137246,-546816,-504832,-2096128,-434176,105910,-10234,93,95583
137251,-163840,-514048,-2079744,-445440,130970,-10155,1587,119228
137256,-163840,-514048,-2050048,-453632,128940,-10060,3066,115814
137261,-163840,-514048,-1995776,-468992,125230,-9959,4827,110444
137266,-163840,-514048,-1940480,-479232,121450,-9869,5830,105751
137271,-163840,-514048,-1861632,-491520,116060,-9783,7449,98828
137276,0,-483328,-1775616,-501760,121380,-9687,8179,103514
137281,0,-428032,-1676288,-518144,114590,-9602,9489,95499
137286,0,-428032,-1582080,-535552,108150,-9521,9948,88681
137291,0,-428032,-1466368,-550912,100240,-9437,10605,80198
137296,0,-412672,-1355776,-563200,92680,-9367,11117,72196
137301,0,-412672,-1239040,-584704,84700,-9302,11782,63616
137306,0,-412672,-1128448,-586752,77140,-9238,11105,56797
137311,0,-412672,-1012736,-602112,69230,-9184,11473,48573
137316,0,-412672,-902144,-615424,61670,-9137,11404,41129
137321,0,-412672,-793600,-613376,54250,-9091,10628,34531
137326,-10240,-409600,-694272,-628736,46760,-9054,10126,27580
137331,-10240,-409600,-587776,-638976,39480,-9023,9667,20723
137336,-13312,-384000,-489472,-630784,32550,-8994,9363,14193
137341,-25600,-369664,-396288,-640000,25340,-8974,9067,7299
137346,-25600,-369664,-311296,-624640,19390,-8956,8085,2349
137351,-47104,-352256,-223232,-629760,12040,-8945,7967,-4872
137356,-47104,-352256,-147456,-632832,6860,-8939,7535,-9614
137361,-47104,-352256,-89088,-619520,1890,-8935,6889,-13934
137366,-22528,-348160,-8192,-623616,-980,-8935,6585,-16500
137371,-16384,-342016,58368,-626688,-5110,-8937,6578,-20625
137376,-16384,-342016,112640,-606208,-8820,-8942,5837,-23599
137381,-16384,-342016,167936,-600064,-12600,-8949,5841,-27390
137386,-10240,-331776,209920,-605184,-15050,-8958,5346,-29354
137391,-10240,-331776,260096,-581632,-18480,-8971,5219,-32670
137396,-10240,-331776,294912,-592896,-20860,-8984,4769,-34613
137401,-10240,-331776,328704,-590848,-23170,-8999,4520,-36689
137406,-10240,-331776,361472,-566272,-25410,-9017,4206,-38633
137411,-10240,-331776,393216,-566272,-27580,-9035,4298,-40913
137416,0,-318464,416768,-569344,-28490,-9054,4123,-41667
137421,0,-318464,431104,-553984,-30240,-9075,3994,-43309
137426,0,-318464,461824,-537600,-31570,-9096,3977,-44643
137431,0,-308224,464896,-530432,-31780,-9117,3175,-44072
137436,0,-308224,486400,-505856,-33250,-9141,3432,-45823
137441,0,-297984,497664,-502784,-34020,-9163,3362,-46545
137446,0,-297984,504832,-499712,-34510,-9185,3272,-46967
137451,0,-297984,510976,-492544,-34930,-9211,2946,-47087
137456,0,-291840,522240,-488448,-35700,-9234,3183,-48117
137461,0,-291840,518144,-482304,-35420,-9257,2681,-47358
137466,0,-291840,512000,-479232,-35000,-9283,2093,-46376
137471,18432,-294912,515072,-472064,-33950,-9306,2141,-45397
137476,58368,-314368,512000,-461824,-31010,-9330,837,-40127
137481,58368,-314368,502784,-461824,-30380,-9350,1156,-40886
137486,58368,-314368,500736,-454656,-30240,-9371,867,-40478
137491,58368,-314368,500736,-450560,-30240,-9394,337,-39551
137496,58368,-314368,493568,-452608,-29750,-9416,29,-39195
137501,58368,-314368,499712,-449536,-30170,-9438,149,-39757
137506,58368,-314368,492544,-446464,-29680,-9459,-491,-38510
137511,58368,-314368,488448,-445440,-29400,-9483,-769,-38114
137516,419840,-451584,488448,-448512,-4690,-9487,-961,-13216
137521,419840,-451584,499712,-452608,-5460,-9492,-529,-14423
137526,419840,-451584,496640,-463872,-5250,-9497,-968,-13779
137531,574464,-447488,495616,-466944,5390,-9495,-1320,-2785
137536,574464,-447488,503808,-477184,4830,-9492,-1406,-2976
137541,574464,-447488,507904,-488448,4550,-9490,-1311,-3629
137546,574464,-447488,519168,-494592,3780,-9489,-1184,-4525
137551,574464,-447488,541696,-512000,2240,-9488,-770,-6128
137556,574464,-447488,557056,-506880,1190,-9489,-433,-7866
137561,574464,-447488,576512,-524288,-140,-9490,-285,-9345
137566,574464,-447488,610304,-527360,-1540,-9492,-291,-10741
137571,574464,-447488,625664,-542720,-3500,-9496,174,-13170
137576,2499584,-483328,658432,-541696,125860,-9406,745,115709
137581,2697216,-488448,708608,-552960,135940,-9303,1154,126533
137586,2879488,-492544,759808,-549888,144900,-9207,2884,132809
137591,2879488,-492544,841728,-549888,139300,-9106,4876,125318
137596,3007488,-479232,930816,-542720,141960,-9005,6545,126410
137601,3007488,-479232,1034240,-543744,134890,-8896,7721,118273
137606,3007488,-479232,1148928,-535552,127050,-8802,9236,109012
137611,2879488,-409600,1277952,-526336,109480,-8717,10937,89746
137616,2726912,-412672,1413120,-528384,89810,-8635,11699,69476
137621,2726912,-412672,1542144,-534528,80990,-8573,12341,60076
137626,2726912,-412672,1675264,-537600,71890,-8518,12692,50680
137631,2171904,-365568,1818624,-549888,24150,-8468,12549,3133
137636,2171904,-365568,1942528,-548864,15680,-8454,11876,-4650
137641,1949696,-348160,2073600,-551936,-8470,-8453,11584,-29208
137646,1297408,-327680,2199552,-561152,-61670,-8467,10867,-81004
137651,1297408,-327680,2312192,-546816,-69370,-8515,10378,-88263
137656,1173504,-324608,2402304,-529408,-84000,-8576,8977,-101833
137661,1173504,-324608,2484224,-536576,-89600,-8639,7971,-106210
137666,1173504,-324608,2531328,-522240,-92820,-8705,6133,-107658
137671,625664,-301056,2576384,-530432,-133350,-8798,4855,-147003
137676,584704,-291840,2587648,-525312,-136920,-8894,2988,-148802
137681,584704,-291840,2596864,-539648,-137550,-8992,1951,-148493
137686,584704,-291840,2583552,-560128,-136640,-9090,516,-146094
137691,458752,-272384,2549760,-567296,-142940,-9197,-1055,-151082
137696,458752,-272384,2510848,-582656,-140280,-9298,-2049,-147529
137701,458752,-272384,2446336,-569344,-135870,-9397,-3752,-141515
137706,466944,-272384,2374656,-569344,-130410,-9502,-4991,-134921
137711,466944,-272384,2295808,-536576,-125020,-9594,-6408,-128206
137716,466944,-269312,2216960,-495616,-119630,-9691,-6971,-122350
137721,466944,-269312,2136064,-502784,-114100,-9775,-7802,-116073
137726,466944,-269312,2080768,-513024,-110320,-9856,-6944,-113232
137731,466944,-269312,2004992,-546816,-105140,-9941,-7855,-105826
137736,423936,-237568,1921024,-559104,-102340,-10014,-6989,-105365
137741,423936,-237568,1830912,-573440,-96180,-10085,-7620,-98645
137746,423936,-237568,1736704,-538624,-89740,-10152,-8659,-92423
137751,345088,-135168,1655808,-524288,-89600,-10222,-8156,-91666
137756,345088,-135168,1565696,-486400,-83440,-10285,-8868,-84857
137761,345088,-135168,1487872,-467968,-77770,-10350,-8777,-79343
137766,172032,-119808,1416192,-468992,-85050,-10408,-8328,-87130
137771,172032,-119808,1351680,-489472,-80640,-10468,-7810,-83298
137776,119808,-113664,1278976,-487424,-79240,-10500,-7209,-82531
137781,119808,-113664,1213440,-495616,-74760,-10500,-6759,-78501
137786,119808,-113664,1135616,-471040,-69440,-10500,-7078,-72862
137791,-4096,-39936,1057792,-446464,-72800,-10500,-6826,-76474
137796,-4096,-39936,982016,-411648,-67410,-10500,-7382,-70528
137801,-4096,-39936,910336,-388096,-62510,-10500,-7692,-65318
137807,-16384,-21504,850944,-385024,-59290,-10500,-6966,-62824
137812,-19456,-21504,796672,-387072,-55790,-10500,-6586,-59704
137817,-19456,-21504,750592,-388096,-52640,-10500,-5813,-57327
137822,-19456,-21504,696320,-384000,-48930,-10500,-5525,-53905
137827,-34816,-21504,647168,-344064,-46620,-10500,-5363,-51757
137832,-34816,-21504,601088,-305152,-43470,-10500,-5254,-48716
137837,-37888,-21504,558080,-273408,-40740,-10500,-4837,-46333
137842,-37888,-21504,514048,-267264,-37730,-10500,-4912,-43318
137847,-37888,-21504,478208,-268288,-35280,-10500,-4615,-41165
137852,-62464,-21504,447488,-274432,-34860,-10500,-3965,-41395
137857,-62464,-21504,417792,-296960,-32830,-10500,-3583,-39747
137862,-62464,-21504,387072,-303104,-30730,-10500,-3455,-37775
137867,-56320,-21504,351232,-295936,-27860,-10500,-3469,-34891
137872,-53248,-21504,319488,-278528,-25480,-10500,-3498,-32482
137877,-53248,-21504,282624,-239616,-22960,-10500,-4043,-29417
137882,-28672,-27648,263168,-236544,-19950,-10500,-3570,-26880
137887,-13312,-39936,239616,-212992,-17290,-10500,-3663,-24127
137892,-13312,-39936,231424,-204800,-16730,-10500,-3198,-24032
137897,-13312,-39936,215040,-205824,-15610,-10500,-3181,-22929
137902,-4096,-52224,216064,-215040,-15050,-10500,-2351,-23199
137907,-4096,-52224,221184,-244736,-15400,-10500,-1311,-24589
137912,0,-58368,205824,-252928,-14070,-10500,-1472,-23098
137917,0,-52224,210944,-262144,-14420,-10500,-469,-24451
137922,0,-52224,207872,-267264,-14210,-10500,-112,-24598
137927,0,-52224,203776,-273408,-13930,-10500,82,-24512
137932,0,-52224,184320,-262144,-12600,-10500,-616,-22484
137937,0,-52224,179200,-265216,-12250,-10500,-576,-21894
137942,0,-36864,171008,-259072,-11690,-10500,-416,-21774
137947,0,-36864,153600,-252928,-10500,-10500,-934,-20066
137952,0,-36864,154624,-250880,-10570,-10500,-556,-19133
137957,0,-36864,145408,-259072,-9940,-10500,-640,-19800
137962,0,-24576,140288,-270336,-9590,-10500,-410,-19680
137967,0,-24576,131072,-273408,-8960,-10500,-480,-18980
137972,0,-27648,125952,-282624,-8610,-10500,-204,-18906
137977,0,-27648,124928,-279552,-8540,-10500,282,-19322
137982,0,-27648,125952,-290816,-8330,-10500,516,-19346
137987,0,-27648,126976,-282624,-8680,-10500,1155,-20335
137992,0,-27648,125952,-310272,-8610,-10500,1444,-20554
137997,0,-27648,118784,-312320,-8120,-10500,1273,-19556
138002,0,-27648,109568,-319488,-7490,-10500,873,-18863
138007,3072,-27648,108544,-328704,-7210,-10500,985,-18695
138012,3072,-27648,94208,-319488,-5810,-10500,-174,-16136
138017,3072,-27648,83968,-307200,-5530,-10500,-429,-15601
138022,3072,-27648,81920,-293888,-5390,-10500,-647,-15243
138027,0,-24576,73728,-274432,-5040,-10500,-1190,-14350
138032,0,-24576,86016,-260096,-5880,-10500,-688,-15692
138037,0,-24576,111616,-263168,-7630,-10500,560,-18690
138042,0,-27648,136192,-280576,-9310,-10500,1499,-21309
138047,0,-27648,153600,-295936,-10500,-10500,2052,-23052
138052,0,-27648,159744,-311296,-10920,-10500,1874,-23294
138057,0,-27648,159744,-305152,-11060,-10500,1434,-22994
138062,0,-27648,164864,-308224,-11270,-10500,1151,-22921
138067,0,-24576,160768,-294912,-10990,-10500,337,-21827
138072,0,-21504,157696,-279552,-10360,-10500,-626,-20234
138077,0,-21504,144384,-253952,-9870,-10500,-1424,-18946
138082,0,-21504,140288,-225280,-9590,-10500,-1991,-18099
138087,0,-21504,145408,-203776,-10150,-10500,-1625,-19025
138092,0,-21504,155648,-183296,-10640,-10500,-1470,-19670
138097,0,-21504,165888,-168960,-11340,-10500,-1117,-20723
138102,-4096,-21504,175104,-161792,-13230,-10500,187,-23917
138107,-4096,-21504,195584,-143360,-13650,-10500,437,-24587
138112,-4096,-21504,198656,-118784,-13860,-10500,617,-24977
138117,-4096,-21504,209920,-114688,-14630,-10500,1187,-26317
138122,-4096,-21504,204800,-88064,-14280,-10500,876,-25656
138127,-4096,-21504,204800,-71680,-14280,-10500,894,-25674
138132,-4096,-21504,199680,-28672,-14140,-10500,643,-25283
138137,-4096,-21504,194560,-23552,-13580,-10500,178,-24258
138142,-4096,-21504,189440,9216,-13230,-10500,-127,-23603
138147,-4096,-21504,172032,44032,-12040,-10500,89,-23959
138152,-4096,-21504,173056,47104,-12110,-10500,-968,-21642
138157,-4096,-21504,160768,70656,-11270,-10500,-1557,-20213
138162,-7168,-18432,153600,87040,-10990,-10500,-1322,-20658
138167,-7168,-18432,156672,104448,-11200,-10500,-1463,-20237
138172,-13312,-18432,154624,122880,-11480,-10500,-1533,-20447
138177,-13312,-18432,151552,122880,-11270,-10500,-1773,-19997
138182,-13312,-18432,157696,161792,-11690,-10500,-1216,-20974
138187,-13312,-18432,156672,164864,-11620,-10500,-1224,-20896
138192,-185344,-12288,163840,173056,-23870,-10500,-668,-34386
138197,-185344,-12288,158720,210944,-23520,-10500,-616,-33404
138202,-363520,-9216,151552,228352,-35210,-10500,-725,-44985
138207,-480256,-9216,144384,235520,-42700,-10500,-756,-54034
138212,-480256,-9216,141312,275456,-42490,-10500,-254,-52736
138217,-480256,-9216,119808,291840,-41020,-10500,-668,-50852
138222,-637952,-9216,92160,314368,-49910,-10500,-1262,-59148
138227,-637952,-9216,89088,338944,-49700,-10500,-217,-59983
138232,-643072,-9216,57344,366592,-47880,-10500,-729,-57651
138237,-708608,-9216,18432,380928,-49700,-10500,-1561,-59121
138242,-708608,-9216,-19456,390144,-47110,-10500,-2047,-55563
138247,-708608,-9216,-64512,395264,-44030,-10500,-2899,-51631
138252,-1198080,-9216,-118784,403456,-73780,-10500,-4045,-79716
138257,-1198080,-9216,-173056,397312,-70070,-10500,-4917,-75653
138262,-1198080,-9216,-229376,403456,-66220,-10500,-6081,-70639
138267,-1198080,-9216,-265216,405504,-63770,-10500,-6025,-68245
138272,-1198080,-9216,-323584,388096,-59780,-10500,-6774,-63506
138277,-1829888,-9216,-369664,388096,-99820,-10500,-7007,-103313
138282,-1829888,-9216,-420864,378880,-96320,-10500,-7230,-99590
138287,-1829888,-9216,-468992,396288,-93030,-10500,-6482,-97048
138292,-1829888,-9216,-520192,400384,-89530,-10500,-6118,-93912
138297,-3211264,-9216,-581632,417792,-179760,-10500,-5838,-184786
138302,-3211264,-9216,-664576,447488,-174090,-10500,-6101,-178489
138307,-3658752,-9216,-764928,465920,-197820,-10500,-7185,-201135
138312,-4491264,-6144,-887808,485376,-246330,-10500,-9057,-247773
138317,-4491264,-6144,-1067008,457728,-234080,-10500,-12739,-231841
138322,-4638720,-6144,-1214464,450560,-234080,-10500,-14371,-230209
138327,-4841472,-9216,-1363968,436224,-235900,-10500,-15677,-230723
138332,-5738496,-9216,-1544192,422912,-286720,-10500,-15700,-281520
138337,-5738496,-9216,-1699840,410624,-276080,-10500,-15013,-271567
138342,-5860352,-9216,-1890304,455680,-271390,-10500,-15607,-266283
138347,-5860352,-9216,-2135040,486400,-254660,-10500,-17578,-247582
138352,-5860352,-9216,-2374656,487424,-238280,-10500,-19487,-229293
138357,-5860352,-9216,-2625536,459776,-221130,-10500,-22521,-206169
138362,-5860352,-9216,-2896896,404480,-202580,-10500,-22583,-190497
138367,-5860352,-9216,-3115008,367616,-187670,-10500,-21700,-176470
138372,-5860352,-9216,-3336192,372736,-172550,-10500,-20679,-162892
138377,-6999040,-9216,-3589120,439296,-233100,-10500,-20380,-223220
138382,-6999040,-9216,-3823616,463872,-217070,-10500,-20399,-207171
138387,-6999040,-9216,-4072448,481280,-200060,-10500,-22675,-184875
138392,-7219200,-9216,-4360192,433152,-195440,-10500,-23587,-182353
138397,-7219200,-9216,-4572160,409600,-180950,-10500,-22654,-168796
138402,-6999040,-9216,-4775936,406528,-151970,-10500,-21014,-140266
138407,-6999040,-9216,-5003264,463872,-136430,-10500,-20140,-126790
138412,-6999040,-9216,-5204992,528384,-122640,-10500,-19083,-114057
138417,-6999040,-9216,-5420032,589824,-107940,-10500,-19103,-99337
138422,-5922816,-9216,-5669888,592896,-17290,-10500,-20340,-7450
138427,-5922816,-9216,-5863424,578560,-4060,-10500,-19823,5263
138432,-4256768,-9216,-6033408,547840,121450,-10451,-18437,129436
138437,-3075072,-9216,-6194176,553984,213220,-10339,-16122,219003
138442,-3075072,-9216,-6300672,571392,220500,-10184,-12997,223313
138447,-3075072,-9216,-6376448,633856,225680,-10024,-9885,225541
138452,-1849344,-9216,-6391808,688128,310520,-9833,-5118,305805
138457,-1849344,-9216,-6369280,734208,308980,-9611,-989,300358
138462,-1198080,-12288,-6311936,755712,349580,-9368,2688,337524
138467,-1198080,-12288,-6194176,789504,341530,-9095,7016,325419
138472,-1198080,-12288,-6050816,797696,331730,-8853,10562,312315
138477,-1198080,-12288,-5855232,771072,318360,-8620,14696,295044
138482,-1198080,-12288,-5620736,771072,302330,-8375,17825,276130
138487,-1198080,-12288,-5408768,776192,287840,-8164,18937,260739
138492,-260096,-39936,-5155840,811008,334670,-7933,20874,305863
138497,-185344,-43008,-4891648,822272,319690,-7678,22464,289548
138502,-185344,-43008,-4578304,828416,300300,-7457,23862,268981
138507,-185344,-43008,-4280320,791552,279930,-7251,25452,247227
138512,-133120,-39936,-3996672,777216,264110,-7040,26846,226584
138517,-133120,-39936,-3640320,781312,239750,-6862,27108,205780
138522,-133120,-33792,-3329024,796672,218470,-6700,27399,184371
138527,-133120,-33792,-2997248,792576,195790,-6538,28748,158474
138532,-133120,-33792,-2649088,760832,171990,-6407,29513,136070
138537,-130048,-24576,-2366464,754688,152880,-6291,28471,118118
138542,-120832,-24576,-2081792,762880,134050,-6188,29401,98461
138547,-120832,-24576,-1788928,747520,114030,-6092,28985,78953
138552,-120832,-24576,-1519616,741376,95620,-6019,28973,60628
138557,-13312,-39936,-1256448,692224,84980,-5956,29049,49868
138562,-13312,-39936,-1004544,672768,67760,-5897,27182,34681
138567,-13312,-39936,-798720,654336,53690,-5855,25081,22754
138572,-13312,-39936,-605184,665600,40460,-5820,23061,11579
138577,-13312,-39936,-403456,668672,26670,-5798,22277,-1405
138582,0,-61440,-238592,643072,16310,-5785,20248,-9723
138587,0,-55296,-39936,628736,2730,-5779,19907,-22956
138592,0,-55296,94208,587776,-6440,-5781,17881,-30102
138597,0,-58368,227328,552960,-15540,-5790,16660,-37990
138602,0,-58368,340992,539648,-23940,-5806,14574,-44320
138607,0,-58368,459776,568320,-31430,-5827,13605,-50862
138612,12288,-61440,548864,565248,-36680,-5851,12354,-54885
138617,12288,-61440,632832,568320,-42980,-5882,11278,-60140
138622,12288,-61440,703488,525312,-47250,-5913,9974,-63137
138627,12288,-61440,761856,495616,-51240,-5948,9049,-66237
138632,228352,-122880,814080,481280,-40040,-5983,7868,-53891
138637,228352,-122880,851968,466944,-42630,-6011,7003,-55644
138642,228352,-122880,882688,463872,-44730,-6041,6283,-57054
138647,228352,-122880,891904,458752,-45360,-6075,4844,-56279
138652,228352,-122880,914432,452608,-46900,-6106,4680,-57686
138657,409600,-138240,909312,449536,-34160,-6129,3241,-43530
138662,432128,-138240,868352,380928,-29820,-6154,66,-36040
138667,432128,-138240,870400,376832,-29960,-6176,-56,-36080
138672,462848,-138240,859136,377856,-27090,-6196,-834,-32452
138677,509952,-138240,843776,364544,-22820,-6216,-1563,-27473
138682,509952,-138240,849920,346112,-23240,-6234,-1021,-28453
138687,518144,-138240,848896,348160,-22610,-6250,-893,-27967
138692,518144,-138240,856064,368640,-23100,-6268,-163,-29205
138697,518144,-138240,860160,357376,-23380,-6285,200,-29865
138702,518144,-138240,866304,353280,-23800,-6301,709,-30810
138707,518144,-138240,861184,358400,-23450,-6319,342,-30111
138712,518144,-138240,870400,330752,-24080,-6336,842,-31258
138717,518144,-138240,880640,313344,-24780,-6352,1393,-32525
138722,518144,-138240,881664,305152,-24850,-6370,1353,-32573
138727,518144,-138240,893952,295936,-25690,-6387,1904,-33981
138732,518144,-138240,905216,294912,-26460,-6405,2232,-35097
138737,1173504,-141312,864256,227328,21140,-6405,-563,15298
138742,1184768,-141312,874496,234496,21210,-6390,-204,15024
138747,1184768,-141312,883712,244736,20580,-6376,73,14131
138752,1184768,-141312,916480,242688,18340,-6361,1499,10480
138757,1184768,-141312,929792,267264,17430,-6348,1587,9495
138762,1184768,-141312,956416,276480,15610,-6336,2234,7040
138767,1184768,-141312,1017856,293888,11410,-6325,4253,832
138772,2148352,-159744,1054720,301056,74760,-6312,4644,63804
138777,2148352,-159744,1112064,299008,70840,-6260,5865,58715
138782,2171904,-159744,1163264,296960,68950,-6204,5949,56797
138787,2171904,-159744,1232896,292864,64190,-6155,7004,51031
138792,2171904,-159744,1302528,275456,59430,-6111,7574,45745
138797,2102272,-156672,1381376,265216,49280,-6068,8293,34919
138802,2079744,-159744,1466368,241664,41930,-6035,9067,26828
138808,2079744,-159744,1565696,228352,35140,-6004,7339,24597
138813,2079744,-159744,1630208,201728,30730,-5981,8671,16078
138818,2148352,-156672,1723392,189440,29050,-5962,9017,14071
138823,2148352,-156672,1826816,184320,21980,-5943,8135,9162
138828,2148352,-156672,1918976,168960,15680,-5931,9456,293
138833,2787328,-162816,2014208,161792,52850,-5917,9315,37618
138838,2787328,-162816,2121728,150528,45500,-5880,9230,30600
138843,2787328,-162816,2217984,145408,38920,-5851,9480,23589
138848,2787328,-162816,2322432,140288,31780,-5827,10005,15948
138853,2787328,-162816,2420736,133120,23800,-5805,10603,7392
138858,3280896,-215040,2530304,137216,51310,-5772,10222,35316
138863,3280896,-215040,2634752,137216,44170,-5738,10626,27806
138868,3280896,-215040,2736128,136192,37240,-5707,10735,20798
138873,3540992,-234496,2844672,130048,47600,-5674,11150,30776
138878,3502080,-237568,2957312,116736,37240,-5645,11669,19926
138883,3502080,-237568,3063808,119808,27090,-5620,13269,8201
138888,3502080,-237568,3210240,155648,19950,-5603,13034,1313
138893,3246080,-234496,3329024,154624,-5670,-5595,13532,-24797
138898,3246080,-234496,3463168,183296,-14840,-5603,13946,-34389
138903,3246080,-234496,3574784,183296,-22470,-5616,14015,-42101
138908,2974720,-234496,3675136,178176,-47880,-5637,13428,-68681
138913,2974720,-234496,3804160,187392,-56700,-5678,13801,-76179
138918,2974720,-234496,3893248,183296,-62790,-5720,12854,-81364
138923,2219008,-184320,3982336,179200,-120540,-5777,12240,-139215
138928,2219008,-184320,4068352,158720,-126420,-5874,10935,-143229
138933,2219008,-184320,4136960,143360,-131110,-5965,9873,-146948
138938,2219008,-184320,4178944,130048,-133980,-6070,7840,-147890
138943,2219008,-184320,4215808,122880,-136500,-6167,6219,-148886
138948,1094656,-125952,4232192,108544,-214480,-6315,4081,-224876
138953,1094656,-125952,4237312,100352,-214830,-6470,2384,-223909
138958,1094656,-125952,4214784,23552,-213290,-6639,-325,-219604
138963,615424,-92160,4173824,21504,-243250,-6813,-2836,-247227
138968,514048,-64512,4110336,32768,-245840,-7007,-4082,-249955
138973,514048,-64512,4052992,24576,-241920,-7182,-6086,-243016
138978,514048,-64512,3980288,30720,-236950,-7354,-7052,-237252
138983,285696,-21504,3889152,38912,-246330,-7543,-6959,-247824
138988,285696,-21504,3806208,38912,-240660,-7715,-7641,-240734
138993,285696,-21504,3693568,11264,-232960,-7882,-8516,-232326
138998,285696,-21504,3565568,-1024,-224210,-8059,-11261,-218558
139003,285696,-21504,3396608,-35840,-212660,-8212,-12286,-208586
139008,285696,-21504,3239936,-66560,-201950,-8360,-14298,-196012
139013,269312,-132096,3087360,-54272,-192640,-8501,-15751,-185404
139018,269312,-132096,2939904,-37888,-182560,-8650,-16747,-174463
139023,269312,-132096,2796544,1024,-172760,-8778,-17453,-164085
139028,288768,-144384,2663424,54272,-161840,-8911,-16798,-153953
139033,288768,-144384,2535424,95232,-153580,-9024,-16797,-145807
139038,288768,-144384,2429952,96256,-146370,-9131,-14999,-140502
139043,288768,-144384,2318336,79872,-138880,-9242,-12779,-135343
139048,288768,-144384,2197504,51200,-130480,-9337,-12569,-127248
139053,269312,-147456,2093056,15360,-124670,-9427,-11637,-122460
139058,263168,-147456,1987584,-4096,-117880,-9512,-11427,-114783
139063,263168,-147456,1872896,-54272,-110040,-9601,-10957,-108684
139068,263168,-147456,1768448,-52224,-102900,-9677,-11280,-101297
139073,263168,-147456,1691648,-36864,-97650,-9749,-10507,-96892
139078,175104,-135168,1627136,-17408,-99260,-9825,-8815,-100270
139083,175104,-135168,1558528,0,-94570,-9894,-8436,-96028
139088,175104,-135168,1512448,13312,-91420,-9960,-7047,-94333
139093,175104,-135168,1465344,1024,-88200,-10030,-5986,-92244
139098,175104,-135168,1427456,-3072,-85610,-10090,-4673,-91027
139103,98304,-122880,1376256,-23552,-87360,-10151,-4403,-93108
139108,98304,-122880,1273856,-33792,-80360,-10216,-7019,-83557
139113,98304,-122880,1222656,-51200,-76860,-10273,-7481,-79652
139118,125952,-125952,1184768,-70656,-72380,-10327,-7088,-74714
139123,129024,-125952,1133568,-74752,-68670,-10384,-6653,-72401
139128,129024,-125952,1112064,-81920,-67200,-10433,-5138,-72495
139133,135168,-125952,1076224,-81920,-64330,-10481,-3397,-72749
139138,141312,-125952,1074176,-69632,-63770,-10500,-2695,-71575
139143,141312,-125952,1057792,-59392,-62650,-10500,-2093,-71057
139148,144384,-125952,1040384,-33792,-61250,-10500,387,-74727
139153,147456,-125952,1060864,-6144,-62440,-10500,293,-73233
139158,147456,-125952,1041408,12288,-61110,-10500,-57,-71553
139163,150528,-125952,1031168,27648,-60200,-10500,867,-72617
139168,153600,-125952,1028096,32768,-59780,-10500,430,-70710
139173,153600,-125952,1022976,37888,-59430,-10500,723,-70653
139178,153600,-125952,1011712,52224,-58170,-10500,66,-68736
139183,150528,-129024,989184,44032,-57330,-10500,-497,-67333
139188,150528,-129024,995328,57344,-57750,-10500,68,-68318
139193,144384,-125952,1003520,63488,-58730,-10500,-1154,-66046
139198,144384,-125952,970752,61440,-56490,-10500,-1248,-65742
139203,144384,-125952,977920,52224,-56980,-10500,-806,-66674
139208,144384,-125952,978944,53248,-57050,-10500,-693,-66857
139213,144384,-129024,972800,51200,-56630,-10500,-987,-66143
139218,144384,-129024,971776,44032,-56560,-10500,-936,-66124
139223,147456,-129024,985088,39936,-57260,-10500,-82,-66782
139228,144384,-129024,989184,61440,-57750,-10500,305,-68555
139233,144384,-129024,996352,57344,-58240,-10500,802,-69542
139238,144384,-132096,999424,49152,-58450,-10500,1127,-70077
139243,144384,-132096,1004544,73728,-58800,-10500,1388,-70688
139248,144384,-132096,1004544,64512,-58800,-10500,1560,-70860
139253,144384,-132096,991232,59392,-57890,-10500,1063,-69453
139258,178176,-135168,986112,77824,-55230,-10500,982,-66712
139263,178176,-135168,966656,66560,-53900,-10500,258,-64658
139268,184320,-135168,956416,62464,-52780,-10500,110,-63390
139273,184320,-135168,919552,52224,-50260,-10500,-1495,-59265
139278,184320,-135168,904192,44032,-49210,-10500,-1849,-57861
139283,249856,-150528,885760,55296,-43470,-10500,-2379,-51591
139288,256000,-159744,877568,32768,-42490,-10500,-2298,-50692
139293,256000,-159744,857088,30720,-41090,-10500,-3138,-48452
139298,256000,-159744,852992,27648,-40810,-10500,-2998,-48312
139303,256000,-159744,845824,11264,-40320,-10500,-2880,-47940
139308,256000,-159744,841728,8192,-40040,-10500,-2700,-47840
139313,259072,-165888,811008,15360,-37730,-10500,-3946,-44284
139318,259072,-165888,817152,4096,-38150,-10500,-2616,-46034
139323,259072,-165888,792576,5120,-36470,-10500,-3062,-43908
139328,240640,-202752,761856,4096,-35630,-10500,-3755,-42375
139333,184320,-215040,759808,15360,-39340,-10500,-2420,-47420
139338,184320,-215040,737280,15360,-37800,-10500,-2508,-45792
139343,184320,-215040,712704,15360,-36120,-10500,-2658,-43962
139348,184320,-215040,694272,24576,-34860,-10500,-2198,-43162
139353,184320,-215040,678912,24576,-33810,-10500,-1582,-42728
139358,67584,-215040,649216,17408,-39760,-10500,-1855,-48405
139363,67584,-215040,622592,12288,-37940,-10500,-1704,-46736
139368,67584,-215040,594944,5120,-36050,-10500,-1730,-44820
139373,0,-193536,579584,3072,-39620,-10500,-1125,-48995
139378,0,-193536,538624,1024,-36820,-10500,-1966,-45354
139383,0,-193536,515072,0,-35210,-10500,-1843,-43867
139388,-4096,-144384,489472,-15360,-33740,-10500,-1863,-42377
139393,-4096,-144384,449536,-25600,-31010,-10500,-2666,-38844
139398,-4096,-144384,435200,-37888,-30030,-10500,-2026,-38504
139403,0,-165888,409600,-53248,-28000,-10500,-2265,-36235
139408,-4096,-175104,389120,-63488,-26880,-10500,-2607,-33933
139413,-4096,-175104,356352,-72704,-24640,-10500,-2385,-32755
139418,-4096,-175104,340992,-79872,-23590,-10500,-2031,-32059
139423,-4096,-269312,314368,-92160,-21770,-10500,-2331,-30085
139428,-4096,-269312,300032,-96256,-20790,-10500,-1810,-29480
139433,-16384,-269312,278528,-109568,-20160,-10500,-1912,-28748
139438,-160768,-291840,259072,-109568,-28700,-10500,-1913,-38049
139443,-160768,-291840,253952,-122880,-28350,-10500,-1009,-37841
139448,-160768,-291840,223232,-115712,-26250,-10500,-1663,-35087
139453,-160768,-291840,206848,-131072,-25130,-10500,-1563,-34067
139458,-160768,-291840,203776,-118784,-24920,-10500,-537,-34883
139463,-160768,-291840,180224,-126976,-23310,-10500,-813,-32997
139468,-774144,-237568,156672,-139264,-63630,-10500,-1064,-73066
139473,-774144,-237568,144384,-133120,-62790,-10500,-672,-72618
139478,-774144,-237568,121856,-132096,-61250,-10500,-791,-70959
139483,-1221632,-196608,80896,-142336,-89040,-10500,-1802,-99779
139488,-1298432,-184320,66560,-133120,-93310,-10500,-962,-102848
139493,-1298432,-184320,26624,-150528,-90580,-10500,-1482,-99598
139498,-1298432,-184320,-10240,-142336,-88060,-10500,-1679,-96671
139503,-1482752,-175104,-64512,-149504,-96950,-10500,-2248,-105202
139508,-1482752,-175104,-117760,-152576,-93310,-10500,-2616,-101194
139513,-1514496,-175104,-183296,-159744,-91000,-10500,-3659,-97211
139518,-1514496,-175104,-253952,-173056,-86170,-10500,-3827,-92843
139523,-1514496,-175104,-330752,-173056,-80920,-10500,-4762,-86658
139528,-1646592,-178176,-399360,-166912,-85260,-10500,-6001,-87869
139533,-1772544,-181248,-497664,-199680,-87150,-10500,-5929,-91721
139538,-1772544,-181248,-580608,-195584,-81480,-10500,-6474,-85506
139543,-1772544,-181248,-661504,-193536,-75950,-10500,-8263,-75807
139548,-2420736,-150528,-777216,-218112,-112350,-10500,-8315,-114535
139553,-2420736,-150528,-861184,-211968,-106610,-10500,-8451,-108659
139558,-2420736,-150528,-945152,-216064,-100870,-10500,-9375,-100315
139563,-2880512,-135168,-1059840,-222208,-124460,-10500,-9889,-125071
139568,-2880512,-135168,-1156096,-226304,-117880,-10500,-10069,-118311
139573,-3108864,-135168,-1248256,-237568,-127190,-10500,-9888,-128034
139578,-3108864,-135168,-1353728,-221184,-119980,-10500,-9798,-120682
139583,-3108864,-135168,-1461248,-225280,-112630,-10500,-10239,-112891
139588,-3108864,-135168,-1572864,-195584,-105210,-10500,-9860,-105850
139593,-3108864,-135168,-1680384,-211968,-97650,-10500,-10057,-98093
139598,-3108864,-135168,-1790976,-234496,-90090,-10500,-10557,-90033
139603,-3108864,-135168,-1903616,-249856,-82110,-10500,-10064,-82546
139608,-3247104,-135168,-2019328,-242688,-83930,-10500,-9875,-84555
139613,-3247104,-135168,-2134016,-261120,-76090,-10500,-9907,-76683
139618,-3247104,-135168,-2244608,-260096,-68530,-10500,-10125,-67715
139623,-3247104,-135168,-2360320,-279552,-60620,-10500,-9320,-61800
139628,-3247104,-135168,-2475008,-273408,-52780,-10500,-9715,-53565
139633,-3211264,-132096,-2572288,-279552,-43680,-10500,-9854,-43206
139638,-3211264,-132096,-2691072,-306176,-35560,-10500,-9497,-36563
139643,-3211264,-132096,-2784256,-300032,-29190,-10500,-8863,-30827
139648,-3075072,-132096,-2880512,-287744,-13300,-10500,-9343,-12987
139653,-3008512,-135168,-2976768,-316416,-2170,-10500,-8109,-4561
139658,-3008512,-135168,-3059712,-306176,3500,-10500,-7761,761
139663,-2727936,-135168,-3128320,-302080,27370,-10484,-6958,25212
139668,-2669568,-135168,-3203072,-320512,36470,-10459,-6523,32534
139673,-2669568,-135168,-3256320,-318464,40110,-10432,-5879,35557
139678,-2555904,-138240,-3309568,-297984,51520,-10397,-5266,46389
139683,-2368512,-138240,-3358720,-306176,67690,-10352,-4491,61829
139688,-2368512,-138240,-3396608,-301056,70280,-10302,-3917,63895
139693,-2368512,-138240,-3419136,-292864,72520,-10246,-3262,65536
139698,-2058240,-138240,-3452928,-286720,95340,-10187,-2722,87875
139703,-2058240,-138240,-3466240,-285696,96250,-10119,-1983,88114
139708,-1810432,-138240,-3475456,-280576,113540,-10032,-1125,104633
139713,-1810432,-138240,-3464192,-278528,113050,-9950,-146,103246
139718,-1810432,-138240,-3449856,-269312,112070,-9870,726,101474
139723,-1128448,-147456,-3425280,-259072,156870,-9752,1664,145454
139728,-975872,-156672,-3388416,-268288,164920,-9637,2524,152759
139733,-975872,-156672,-3331072,-261120,161000,-9520,4076,147404
139738,-975872,-156672,-3268608,-271360,156730,-9395,4909,142426
139743,-528384,-269312,-3187712,-271360,181790,-9276,6418,166096
139748,-528384,-269312,-3091456,-263168,175210,-9148,7984,158078
139753,-528384,-269312,-2996224,-282624,168700,-9012,8702,150986
139758,-528384,-269312,-2887680,-268288,161280,-8893,9745,142642
139763,-528384,-269312,-2778112,-262144,153790,-8780,10340,134670
139768,-484352,-291840,-2651136,-269312,148120,-8660,10734,128726
139773,-489472,-291840,-2528256,-262144,139370,-8557,11202,119611
139778,-489472,-291840,-2403328,-265216,130830,-8460,11464,110906
139783,-489472,-291840,-2273280,-269312,121940,-8361,11039,102540
139788,-489472,-291840,-2151424,-273408,113610,-8277,11171,94162
139793,-489472,-291840,-2041856,-282624,106120,-8200,10066,87854
139798,-489472,-288768,-1909760,-275456,97090,-8121,10049,78920
139803,-489472,-288768,-1812480,-292864,90440,-8056,8776,73608
139808,-489472,-288768,-1707008,-306176,83230,-7995,9379,63971
139813,-489472,-288768,-1584128,-311296,74830,-7935,8617,58278
139818,-489472,-288768,-1485824,-331776,68110,-7885,8307,51918
139823,-489472,-288768,-1396736,-350208,62020,-7835,8812,43623
139829,-489472,-288768,-1295360,-355328,55090,-7794,7977,39319
139834,-395264,-269312,-1219584,-363520,56350,-7754,7892,40704
139839,-395264,-269312,-1150976,-386048,51660,-7716,7253,36691
139844,-395264,-269312,-1072128,-398336,46270,-7677,7275,31318
139849,-108544,-305152,-1016832,-413696,62090,-7636,6795,47659
139854,-108544,-305152,-973824,-409600,59150,-7592,5916,45642
139859,-108544,-305152,-909312,-437248,54740,-7546,6194,41000
139864,-108544,-305152,-868352,-433152,51940,-7507,5723,38710
139869,-108544,-305152,-833536,-443392,49560,-7470,5018,42482
139874,9216,-327680,-774144,-443392,53550,-7426,5717,40407
139879,9216,-314368,-738304,-445440,51100,-7387,5226,38487
139884,9216,-314368,-702464,-445440,48650,-7347,5218,35315
139889,9216,-314368,-660480,-441344,45780,-7313,4659,33808
139894,6144,-305152,-626688,-442368,43260,-7280,4491,31489
139899,6144,-305152,-596992,-438272,41090,-7246,3980,29864
139904,6144,-305152,-566272,-439296,39130,-7217,3782,28131
139909,9216,-297984,-538624,-435200,37450,-7189,3622,26639
139914,9216,-294912,-514048,-446464,36190,-7159,2915,26116
139919,9216,-294912,-496640,-437248,34580,-7134,2691,24755
139924,9216,-291840,-466944,-444416,32550,-7110,2948,22492
139929,9216,-288768,-451584,-449536,31710,-7084,2074,22552
139934,9216,-288768,-440320,-453632,30730,-7062,1672,21996
139939,9216,-288768,-417792,-459776,29190,-7041,1797,20352
139944,9216,-272384,-405504,-458752,28560,-7018,1200,20342
139949,9216,-272384,-394240,-465920,27580,-6998,1052,19530
139954,9216,-272384,-388096,-472064,27160,-6979,639,19542
139959,9216,-272384,-372736,-473088,26110,-6960,521,18981
139964,9216,-272384,-374784,-478208,26250,-6940,92,19218
139969,82944,-266240,-353280,-478208,29820,-6920,650,22250
139974,101376,-266240,-343040,-481280,30380,-6897,432,23051
139979,101376,-266240,-322560,-488448,28980,-6876,729,21375
139984,110592,-269312,-315392,-491520,29120,-6856,223,22041
139989,110592,-269312,-291840,-491520,27510,-6835,585,20090
139994,110592,-269312,-269312,-503808,25970,-6817,799,18354
139999,116736,-269312,-241664,-507904,24500,-6799,1203,16498
140004,119808,-266240,-230400,-514048,23940,-6781,641,16518
140009,119808,-266240,-206848,-519168,22330,-6765,921,14644
140014,129024,-266240,-188416,-516096,21700,-6750,845,14105
140019,141312,-269312,-167936,-512000,21140,-6734,886,13520
140024,141312,-269312,-147456,-527360,19740,-6720,1053,11967
140029,141312,-269312,-140288,-520192,19250,-6707,552,11991
140034,141312,-269312,-116736,-523264,17640,-6693,951,9996
140039,141312,-269312,-107520,-520192,17010,-6681,578,9751
140044,281600,-288768,-81920,-516096,24850,-6665,1149,17036
140049,321536,-288768,-54272,-514048,25690,-6645,1665,17380
140054,321536,-288768,-39936,-518144,24710,-6627,1469,16614
140059,391168,-305152,-19456,-513024,28070,-6608,1592,19870
140064,432128,-311296,9216,-501760,28910,-6586,2046,20278
140069,432128,-311296,35840,-500736,27090,-6566,2319,18205
140074,432128,-311296,65536,-499712,25060,-6547,2789,15724
140079,605184,-318464,94208,-483328,34930,-6524,2969,25437
140084,605184,-318464,117760,-481280,33320,-6499,3011,23810
140089,713728,-327680,142336,-473088,39060,-6470,3035,29555
140094,855040,-331776,182272,-460800,45990,-6437,3582,35971
140099,855040,-331776,215040,-457728,43750,-6405,3812,33533
140104,855040,-331776,242688,-442368,41860,-6373,3629,31858
140109,1771520,-416768,295936,-441344,100870,-6319,4508,90043
140114,1771520,-416768,332800,-429056,98350,-6247,4520,87583
140119,1771520,-416768,382976,-412672,94920,-6177,5061,83682
140124,2499584,-435200,458752,-406528,139510,-6086,6351,127073
140129,2499584,-435200,522240,-396288,135170,-5986,7146,122038
140134,2756608,-435200,592896,-395264,147910,-5880,7341,134689
140139,2756608,-435200,706560,-386048,140140,-5766,9044,125330
140144,2756608,-435200,803840,-386048,133490,-5667,9759,118064
140149,3316736,-423936,906240,-397312,164780,-5546,10194,149040
140154,3540992,-398336,1047552,-395264,170450,-5414,11752,153284
140159,3540992,-398336,1166336,-394240,162330,-5294,12049,144987
140164,3540992,-398336,1302528,-418816,153020,-5181,12721,135118
140169,3737600,-355328,1463296,-425984,155470,-5059,13941,136470
140174,3737600,-355328,1611776,-440320,145320,-4952,14047,126321
140179,3737600,-355328,1769472,-454656,134540,-4852,14365,115323
140184,3737600,-355328,1947648,-474112,122360,-4751,14704,102905
140189,3737600,-355328,2119680,-483328,110600,-4668,15309,90623
140194,3737600,-331776,2285568,-493568,99260,-4593,15397,79270
140199,3737600,-331776,2457600,-514048,87500,-4520,14912,68068
140204,3737600,-331776,2611200,-520192,77000,-4461,14520,58019
140209,3737600,-331776,2770944,-509952,66080,-4410,15131,46539
140214,3737600,-327680,2931712,-513024,55090,-4363,14160,36567
140219,3737600,-327680,3073024,-499712,45430,-4328,13358,27744
140224,3737600,-327680,3222528,-499712,35210,-4299,13297,17614
140229,3819520,-337920,3363840,-488448,31150,-4274,12286,14590
140234,3819520,-342016,3484672,-492544,22890,-4255,11383,7252
140239,3819520,-342016,3602432,-487424,14840,-4243,10769,-1169
140244,3819520,-342016,3723264,-482304,6580,-4235,10050,-7705
140249,3819520,-342016,3823616,-472064,-280,-4234,9644,-14158
140254,3819520,-342016,3913728,-471040,-6440,-4237,8571,-19870
140259,3107840,-345088,4003840,-459776,-61250,-4270,7658,-73178
140264,2879488,-345088,4077568,-462848,-81900,-4318,6787,-93005
140269,2879488,-345088,4136960,-464896,-85960,-4379,5640,-96532
140274,2879488,-345088,4191232,-455680,-89670,-4449,4474,-98593
140279,1929216,-327680,4224000,-462848,-156870,-4520,3192,-164582
140284,1929216,-327680,4241408,-472064,-158060,-4645,1679,-164384
140289,1297408,-321536,4246528,-466944,-201600,-4781,581,-206962
140294,1297408,-321536,4226048,-486400,-200200,-4925,-1196,-203929
140299,1297408,-321536,4176896,-489472,-196840,-5068,-3329,-198415
140304,615424,-291840,4107264,-514048,-238700,-5245,-5089,-238856
140309,531456,-281600,4018176,-503808,-238350,-5415,-6961,-236804
140314,531456,-281600,3914752,-508928,-231280,-5583,-8839,-226851
140319,376832,-275456,3773440,-522240,-232190,-5767,-9975,-227982
140324,291840,-263168,3622912,-504832,-227710,-5929,-11536,-222103
140329,291840,-263168,3463168,-497664,-216790,-6087,-13034,-209843
140334,110592,-237568,3273728,-459776,-216230,-6259,-14003,-208486
140339,3072,-135168,3077120,-447488,-210140,-6408,-15404,-201144
140344,3072,-135168,2873344,-431104,-196210,-6553,-16716,-185177
140349,-10240,-132096,2638848,-399360,-181090,-6701,-18127,-169664
140354,-10240,-132096,2429952,-392192,-166810,-6825,-18687,-154948
140359,-10240,-132096,2225152,-378880,-150710,-6949,-19354,-138305
140364,-16384,-132096,1984512,-389120,-136780,-7052,-19694,-124138
140369,-13312,-132096,1786880,-385024,-123060,-7145,-19310,-110895
140374,-13312,-132096,1566720,-408576,-108010,-7236,-19107,-96139
140379,-13312,-132096,1385472,-408576,-95620,-7309,-17973,-84956
140384,-13312,-132096,1203200,-394240,-83160,-7372,-17275,-73257
140389,-13312,-132096,1017856,-401408,-70490,-7432,-16066,-61856
140394,-16384,-132096,850944,-379904,-59290,-7477,-15362,-51405
140399,-16384,-132096,698368,-363520,-48860,-7515,-14522,-41853
140404,-16384,-132096,541696,-334848,-38150,-7549,-13600,-32099
140409,-34816,-132096,404480,-333824,-30030,-7573,-13515,-24088
140414,-34816,-132096,265216,-326656,-20510,-7591,-13266,-14835
140419,-34816,-132096,162816,-329728,-12250,-7604,-11858,-7996
140424,-34816,-132096,31744,-304128,-4550,-7610,-11263,-897
140429,-111616,-132096,-61440,-303104,-3430,-7613,-10143,-900
140434,-111616,-132096,-146432,-277504,3150,-7613,-9194,4731
140439,-139264,-132096,-231424,-285696,6300,-7610,-8153,6843
140444,-209920,-132096,-301056,-277504,6230,-7605,-7392,6017
140449,-209920,-132096,-345088,-283648,9240,-7598,-6632,9604
140454,-270336,-129024,-415744,-260096,9940,-7592,-5853,8201
140459,-270336,-129024,-450560,-252928,12320,-7584,-4481,9217
140464,-270336,-129024,-507904,-238592,16240,-7572,-4655,13323
140469,-270336,-129024,-534528,-228352,18060,-7560,-3544,14044
140474,-480256,-107520,-560128,-207872,5460,-7550,-2746,656
140479,-480256,-107520,-601088,-188416,8260,-7544,-3062,3778
140484,-480256,-107520,-621568,-175104,9660,-7538,-2688,4810
140489,-480256,-107520,-635904,-143360,10640,-7530,-2122,5232
140494,-480256,-107520,-653312,-137216,11830,-7522,-1924,6232
140499,-580608,-92160,-663552,-108544,5670,-7518,-1593,-255
140504,-580608,-92160,-672768,-79872,6300,-7514,-1308,94
140509,-580608,-92160,-688128,-64512,7350,-7508,-1389,1231
140514,-580608,-92160,-696320,-33792,7910,-7503,-1355,1762
140519,-580608,-92160,-705536,-16384,8540,-7498,-1433,2475
140524,-580608,-92160,-707584,-4096,8680,-7492,-1281,2469
140529,-677888,-70656,-710656,14336,2240,-7491,-1247,-4004
140534,-677888,-70656,-704512,26624,1820,-7490,-789,-4881
140539,-677888,-70656,-719872,32768,2870,-7489,-1487,-3132
140544,-677888,-70656,-712704,49152,2380,-7488,-1021,-4087
140549,-905216,-43008,-714752,66560,-13020,-7493,-1128,-19385
140554,-905216,-39936,-719872,72704,-16240,-7504,-1413,-22331
140559,-957440,-39936,-715776,82944,-16520,-7517,-1146,-22891
140564,-957440,-39936,-721920,104448,-16100,-7529,-1415,-22214
140569,-1150976,-27648,-747520,104448,-27580,-7543,-2473,-32650
140574,-1150976,-27648,-756736,108544,-26950,-7564,-2620,-31894
140579,-1150976,-27648,-755712,105472,-27020,-7584,-1944,-29825
140584,-1150976,-27648,-786432,114688,-24920,-7606,-2889,-29637
140589,-1150976,-27648,-807936,116736,-23450,-7624,-3223,-27851
140594,-1393664,-21504,-819200,107520,-39270,-7651,-3498,-42373
140599,-1393664,-21504,-856064,116736,-36750,-7679,-3474,-40955
140604,-1393664,-21504,-881664,104448,-35000,-7706,-3534,-39172
140609,-1453056,-21504,-923648,119808,-36190,-7735,-4132,-39793
140614,-1453056,-21504,-951296,111616,-34300,-7761,-4070,-37991
140619,-1453056,-21504,-996352,97280,-31220,-7785,-4563,-34442
140624,-1498112,-21504,-1041408,106496,-31220,-7811,-4550,-34481
140629,-1529856,-21504,-1077248,92160,-30940,-7833,-4172,-34601
140634,-1529856,-21504,-1122304,81920,-27860,-7854,-4284,-31430
140639,-1498112,-21504,-1163264,97280,-22890,-7874,-3703,-27061
140644,-1529856,-21504,-1213440,92160,-21630,-7889,-3871,-25648
140649,-1529856,-21504,-1255424,95232,-18760,-7902,-3425,-23029
140654,-1529856,-21504,-1299456,104448,-15750,-7915,-3057,-20608
140659,-1529856,-21504,-1355776,102400,-11900,-7923,-3368,-16455
140664,-1529856,-21504,-1410048,98304,-8190,-7930,-2927,-13753
140669,-1717248,-21504,-1453056,106496,-18060,-7941,-3020,-22981
140674,-1717248,-21504,-1494016,107520,-15260,-7952,-2615,-20597
140679,-1717248,-21504,-1548288,101376,-11200,-7961,-3092,-16069
140684,-1829888,-21504,-1600512,98304,-15680,-7971,-3026,-20625
140689,-1829888,-21504,-1648640,92160,-12390,-7979,-3151,-17218
140694,-1829888,-21504,-1702912,86016,-8680,-7987,-3638,-13029
140699,-1869824,-21504,-1745920,81920,-8470,-7993,-3521,-12942
140704,-1869824,-21504,-1784832,76800,-5810,-7998,-3347,-10461
140709,-1869824,-21504,-1845248,70656,-1680,-8000,-4135,-5545
140714,-1869824,-21504,-1873920,61440,280,-8001,-3489,-4232
140719,-2500608,-21504,-1915904,50176,-39970,-8008,-3611,-42666
140724,-2500608,-21504,-1971200,33792,-36190,-8038,-4314,-39914
140729,-2698240,-18432,-2006016,25600,-47320,-8072,-4032,-51360
140734,-2698240,-18432,-2040832,8192,-44940,-8108,-4651,-47137
140739,-2698240,-18432,-2102272,-3072,-40740,-8139,-4614,-44265
140744,-3354624,-15360,-2154496,-19456,-82040,-8196,-4862,-85374
140749,-3354624,-15360,-2206720,-13312,-77840,-8258,-4990,-81108
140754,-3354624,-15360,-2272256,-14336,-73990,-8312,-4909,-77393
140759,-3354624,-15360,-2344960,-9216,-69020,-8363,-5429,-71954
140764,-3904512,-15360,-2428928,-2048,-101570,-8428,-5303,-104695
140769,-3904512,-15360,-2487296,4096,-96880,-8497,-4861,-100516
140774,-3904512,-15360,-2580480,32768,-90510,-8563,-5734,-93339
140779,-3698688,-15360,-2669568,52224,-70350,-8620,-6150,-72820
140784,-3698688,-15360,-2755584,76800,-64470,-8671,-5730,-67411
140789,-3317760,-15360,-2850816,82944,-31920,-8696,-5979,-34637
140794,-2528256,-24576,-2957312,101376,29610,-8697,-6585,27498
140799,-2528256,-24576,-3056640,115712,36120,-8671,-6760,34209
140804,-2268160,-43008,-3136512,107520,59360,-8630,-6378,57108
140809,-2268160,-43008,-3216384,110592,64820,-8580,-6018,62258
140814,-2268160,-43008,-3271680,100352,68600,-8531,-5419,65488
140819,-1174528,-64512,-3315712,89088,146370,-8427,-4400,142343
140825,-809984,-92160,-3355648,87040,174020,-8301,-3689,169408
140830,-809984,-92160,-3354624,80896,173950,-8176,-1740,167514
140835,-809984,-92160,-3346432,80896,173390,-8052,-483,165821
140840,-433152,-132096,-3306496,73728,196420,-7905,1528,186987
140845,-433152,-132096,-3261440,76800,193340,-7766,2889,182685
140850,-319488,-138240,-3178496,68608,195440,-7624,5368,182448
140855,-319488,-138240,-3086336,67584,189140,-7472,7118,174550
140860,-319488,-138240,-2983936,74752,182140,-7339,8525,166276
140865,-260096,-144384,-2872320,100352,178570,-7208,9665,161697
140870,-338944,-144384,-2749440,84992,164780,-7073,10188,147519
140875,-338944,-144384,-2613248,94208,155470,-6958,11553,136959
140880,-338944,-144384,-2472960,99328,145880,-6839,11933,127038
140885,-452608,-135168,-2323456,97280,127890,-6742,12983,108165
140890,-452608,-135168,-2193408,98304,119000,-6653,12669,99678
140895,-452608,-135168,-2058240,86016,109760,-6571,12522,90667
140900,-452608,-135168,-1925120,74752,100660,-6489,11518,82653
140905,-546816,-125952,-1789952,62464,84980,-6422,11581,66977
140910,-546816,-125952,-1658880,72704,76020,-6365,11578,58077
140915,-537600,-119808,-1522688,75776,67340,-6309,11330,49701
140920,-537600,-119808,-1400832,93184,59010,-6264,11275,41471
140925,-537600,-119808,-1285120,99328,51100,-6221,10799,33730
140930,-476160,-98304,-1164288,120832,47040,-6185,10957,29898
140935,-476160,-98304,-1060864,120832,39970,-6153,10738,23079
140940,-476160,-98304,-961536,111616,33180,-6126,11052,15538
140945,-476160,-98304,-869376,122880,26880,-6101,10045,10734
140950,-299008,-89088,-796672,112640,34020,-6081,9019,18920
140955,-299008,-89088,-719872,100352,28770,-6058,8658,14054
140960,-299008,-89088,-665600,101376,25060,-6036,7033,11991
140965,-173056,-89088,-618496,93184,30450,-6017,5951,18482
140970,-173056,-89088,-552960,88064,25970,-5997,6292,13681
140975,-154624,-86016,-514048,76800,24570,-5976,4985,13609
140980,-154624,-86016,-456704,76800,20650,-5959,5421,9270
140985,-154624,-86016,-409600,75776,17430,-5945,5404,6081
140990,-87040,-86016,-372736,57344,19530,-5928,4662,8940
140995,-87040,-86016,-326656,66560,16380,-5915,4853,5612
141000,-87040,-86016,-289792,78848,13860,-5903,4246,3852
141005,-83968,-76800,-267264,58368,12530,-5892,3471,3167
141010,-87040,-67584,-248832,64512,11060,-5884,2528,2648
141015,-87040,-67584,-230400,67584,9800,-5877,1768,2909
141020,-87040,-61440,-223232,55296,9310,-5871,622,2817
141025,-87040,-61440,-205824,59392,8120,-5865,429,1826
141030,-87040,-61440,-201728,70656,7840,-5861,-444,2423
141035,-80896,-61440,-189440,57344,7420,-5857,-656,2219
141040,-65536,-61440,-180224,63488,7840,-5854,-1069,3055
141045,-65536,-61440,-173056,65536,7350,-5850,-361,741
141050,-65536,-61440,-157696,66560,6300,-5847,-1117,1570
141055,-19456,-67584,-160768,65536,9660,-5843,-1641,5458
141060,-19456,-67584,-158720,60416,9310,-5838,-1450,4922
141065,-10240,-79872,-153600,75776,9800,-5832,-1373,5341
141070,-10240,-79872,-149504,63488,9520,-5826,-1016,4710
141075,-10240,-79872,-151552,82944,8750,-5819,-53,2984
141080,0,-95232,-143360,82944,9800,-5812,-11,3999
141085,0,-95232,-151552,88064,10360,-5804,-111,4667
141090,0,-95232,-142336,119808,9730,-5796,721,3213
141095,0,-95232,-143360,115712,9800,-5788,975,3037
141100,0,-76800,-142336,114688,9730,-5779,1326,2625
141105,0,-76800,-142336,130048,9730,-5770,1472,2488
141110,3072,-73728,-143360,128000,10010,-5762,1591,2657
141115,9216,-76800,-142336,140288,10360,-5753,1761,2846
141120,9216,-76800,-152576,153600,10780,-5743,1356,3681
141125,9216,-76800,-155648,155648,11270,-5734,1024,4512
141130,101376,-110592,-160768,156672,17920,-5724,747,11449
141135,101376,-110592,-174080,154624,18830,-5709,-122,13243
141140,172032,-125952,-167936,157696,23240,-5692,122,17426
141145,172032,-125952,-166912,171008,23170,-5676,-5,17499
141150,172032,-125952,-160768,150528,22750,-5658,28,17064
141155,172032,-125952,-141312,151552,21420,-5643,730,15047
141160,387072,-144384,-136192,155648,35770,-5623,510,29637
141165,387072,-144384,-122880,152576,34860,-5596,280,29474
141170,405504,-147456,-111616,147456,35350,-5571,635,29144
141175,405504,-147456,-94208,147456,34160,-5546,832,27782
141180,405504,-147456,-80896,141312,33670,-5520,410,27740
141185,794624,-150528,-72704,153600,59290,-5478,469,53343
141190,794624,-150528,-41984,135168,57190,-5437,1387,50366
141195,794624,-150528,-17408,132096,55510,-5393,2080,47477
141200,1173504,-150528,17408,150528,79030,-5336,2281,71413
141205,1173504,-150528,49152,143360,76860,-5280,2677,68903
141210,1173504,-150528,89088,143360,74130,-5226,3306,65253
141215,1173504,-150528,136192,160768,70910,-5169,3546,62195
141220,1929216,-162816,193536,162816,118650,-5101,4491,109058
141225,1929216,-162816,256000,169984,114380,-5009,5080,104361
141230,1929216,-162816,322560,183296,109830,-4928,6004,98898
141235,2611200,-196608,398336,210944,151270,-4834,7059,139377
141240,2611200,-196608,463872,225280,146790,-4727,7495,133599
141245,2611200,-196608,556032,238592,140490,-4613,7793,128084
141250,3389440,-221184,647168,259072,187460,-4492,8410,174558
141255,3389440,-221184,748544,264192,180530,-4360,10426,163517
141260,3389440,-221184,882688,281600,171360,-4221,10418,156721
141265,3389440,-221184,1004544,294912,163030,-4102,11007,147921
141270,5558272,-269312,1177600,315392,299460,-3967,13191,282302
141275,5558272,-269312,1315840,346112,290010,-3756,13663,272591
141280,5558272,-269312,1474560,376832,279160,-3551,14817,260792
141285,6438912,-281600,1683456,407552,325080,-3327,17130,304623
141290,6438912,-281600,1868800,436224,312410,-3098,18296,291016
141295,6782976,-288768,2072576,441344,322000,-2868,19429,299703
141300,6782976,-288768,2309120,433152,305830,-2620,20395,282815
141305,6782976,-288768,2551808,400384,289240,-2406,22019,264815
141310,6998016,-288768,2783232,400384,288120,-2198,22017,263905
141315,6925312,-291840,3070976,424960,263480,-1981,22922,238577
141320,6925312,-291840,3349504,457728,244440,-1801,23801,218838
141325,6854656,-288768,3635200,465920,220080,-1636,24601,193843
141330,6854656,-288768,3943424,433152,199010,-1473,26514,169973
141335,6854656,-288768,4256768,448512,177590,-1339,27211,149040
141340,6713344,-281600,4511744,448512,150500,-1223,25444,123833
141345,6713344,-281600,4775936,483328,132440,-1114,24831,104325
141350,6713344,-281600,5072896,488448,112140,-1028,24294,86818
141355,6713344,-281600,5309440,487424,95970,-955,22619,72396
141360,4998144,-266240,5560320,441344,-38430,-911,21437,-61411
141365,4998144,-266240,5787648,410624,-53970,-949,20122,-75041
141370,4998144,-266240,5976064,395264,-66850,-994,17808,-85652
141375,3074048,-211968,6150144,415744,-210280,-1067,15782,-227129
141380,3074048,-211968,6310912,385024,-221270,-1239,13660,-236169
141385,3074048,-211968,6401024,368640,-227430,-1401,10348,-239179
141390,1888256,-132096,6435840,322560,-310870,-1578,6849,-320719
141395,1888256,-132096,6453248,302080,-312060,-1825,3008,-316893
141400,1297408,-132096,6406144,273408,-349230,-2070,-869,-350431
141405,1161216,-129024,6313984,266240,-352240,-2320,-4896,-350124
141410,1161216,-129024,6193152,283648,-343980,-2594,-7717,-338857
141415,719872,-129024,6029312,269312,-362950,-2852,-10766,-355036
141420,579584,-125952,5834752,260096,-359240,-3106,-15342,-343950
141425,579584,-125952,5550080,234496,-339780,-3381,-18840,-324321
141430,365568,-122880,5294080,235520,-336910,-3626,-21767,-318769
141435,365568,-122880,5029888,223232,-318850,-3884,-23866,-297118
141440,365568,-122880,4747264,242688,-299530,-4105,-24311,-279324
141445,110592,-95232,4488192,231424,-299250,-4323,-23970,-279603
141450,76800,-79872,4201472,234496,-281960,-4529,-25423,-260103
141455,76800,-79872,3845120,274432,-257600,-4740,-27409,-234931
141460,76800,-79872,3526656,296960,-235830,-4916,-28648,-212098
141465,76800,-79872,3191808,315392,-212940,-5078,-30749,-185219
141470,76800,-79872,2882560,320512,-191800,-5238,-29511,-167527
141475,-4096,-18432,2621440,349184,-179480,-5373,-27399,-157454
141480,0,-18432,2363392,384000,-161560,-5494,-25325,-142423
141485,0,-18432,2074624,452608,-141820,-5612,-23999,-123433
141490,0,-18432,1804288,492544,-123340,-5705,-23601,-105444
141495,0,-18432,1520640,507904,-103950,-5785,-24660,-84180
141500,0,-18432,1250304,482304,-85470,-5860,-23994,-67336
141505,0,-18432,1016832,480256,-69510,-5916,-23309,-52117
141510,0,-18432,831488,507904,-56840,-5961,-20548,-43284
141515,0,-18432,647168,564224,-44240,-6000,-17481,-32759
141520,0,-18432,479232,632832,-32760,-6026,-15642,-23144
141525,0,-18432,316416,712704,-21630,-6043,-14514,-12910
141530,0,-18432,140288,741376,-9590,-6054,-14071,-1573
141535,-7168,-18432,0,764928,-490,-6057,-13270,6723
141540,-7168,-18432,-116736,760832,7490,-6054,-11918,13354
141545,-7168,-18432,-257024,735232,17080,-6044,-11959,22995
141550,-34816,-18432,-349184,728064,21490,-6031,-10784,26243
141555,-59392,-18432,-420864,724992,24710,-6013,-8842,27889
141560,-59392,-18432,-491520,755712,29540,-5994,-7497,31043
141565,-59392,-18432,-538624,765952,32760,-5971,-5728,32517
141570,-114688,-18432,-581632,776192,31920,-5947,-4024,29859
141575,-114688,-18432,-608256,818176,33740,-5920,-2691,30511
141580,-114688,-18432,-646144,824320,36330,-5893,-2212,32649
141585,-154624,-15360,-663552,832512,34790,-5866,-1037,29961
141590,-154624,-15360,-692224,831488,36750,-5836,-902,31816
141595,-154624,-15360,-712704,821248,38150,-5808,-722,33064
141600,-154624,-15360,-718848,830464,38570,-5777,-1084,35137
141605,-154624,-15360,-741376,803840,40110,-5748,-545,34907
141610,-154624,-15360,-748544,800768,40600,-5719,-422,35303
141615,-154624,-15360,-744448,785408,41370,-5686,-649,36333
141620,-169984,-15360,-758784,786432,40250,-5657,-426,35019
141625,-169984,-15360,-748544,797696,39550,-5628,361,33561
141630,-169984,-15360,-749568,774144,39620,-5596,299,33725
141635,-169984,-15360,-752640,792576,39830,-5568,12,34250
141640,-169984,-15360,-746496,789504,39410,-5539,223,33648
141645,-276480,-9216,-746496,785408,32130,-5512,13,26605
141650,-335872,-9216,-744448,790528,27930,-5490,-137,22577
141655,-335872,-9216,-743424,788480,27860,-5470,-191,22581
141660,-556032,-9216,-740352,783360,12600,-5456,-160,7304
141665,-637952,-9216,-737280,790528,6790,-5448,-137,1479
141670,-637952,-9216,-734208,799744,6580,-5444,-146,1282
141675,-637952,-9216,-728064,803840,6160,-5439,202,519
141680,-637952,-9216,-734208,802816,6580,-5434,21,1125
141685,-637952,-9216,-735232,797696,6650,-5429,185,1036
141690,-1453056,-9216,-735232,806912,-49280,-5451,736,-55467
141695,-1453056,-9216,-749568,805888,-48090,-5484,293,-53867
141700,-1453056,-9216,-769024,805888,-46760,-5517,-11,-52266
141705,-2058240,-9216,-805888,803840,-85610,-5572,-972,-90210
141710,-2292736,-9216,-840704,806912,-99260,-5634,-1441,-103453
141715,-2292736,-9216,-885760,814080,-96180,-5703,-2071,-99812
141720,-2292736,-9216,-937984,805888,-91770,-5775,-3312,-94233
141725,-3142656,-9216,-1024000,802816,-144830,-5847,-4710,-145967
141730,-3142656,-9216,-1099776,796672,-139650,-5948,-5744,-139854
141735,-3354624,-9216,-1215488,760832,-146230,-6063,-7942,-144351
141740,-3354624,-9216,-1317888,737280,-139230,-6166,-9083,-136313
141745,-3354624,-9216,-1436672,709632,-131110,-6263,-10290,-127083
141750,-3354624,-9216,-1593344,690176,-120400,-6362,-12160,-114602
141755,-3820544,-9216,-1739776,660480,-142240,-6450,-13290,-135400
141760,-3820544,-9216,-1899520,645120,-131320,-6549,-14522,-123347
141765,-3820544,-9216,-2045952,657408,-121310,-6648,-13527,-114431
141770,-3820544,-9216,-2205696,655360,-110390,-6731,-13942,-103179
141775,-3820544,-9216,-2366464,663552,-99400,-6805,-14132,-92073
141780,-3820544,-9216,-2521088,680960,-88830,-6878,-12945,-82763
141785,-3820544,-9216,-2697216,708608,-76790,-6936,-13785,-69941
141790,-3820544,-9216,-2861056,720896,-65590,-6986,-13891,-58685
141795,-3542016,-9216,-3056640,715776,-33180,-7020,-14894,-25306
141800,-3542016,-9216,-3211264,730112,-22610,-7040,-14571,-15079
141805,-3542016,-9216,-3374080,742400,-11480,-7052,-14935,-3597
141810,-2698240,-9216,-3530752,721920,56910,-7020,-14437,64327
141815,-2669568,-9216,-3667968,730112,68250,-6976,-14118,75392
141821,-2669568,-9216,-3778560,730112,75810,-6925,-12874,81759
141826,-2669568,-9216,-3885056,742400,83090,-6864,-11894,88120
141831,-2220032,-15360,-3970048,752640,119630,-6797,-10646,123479
141836,-2220032,-15360,-4034560,749568,124040,-6711,-9134,126463
141841,-2268160,-15360,-4077568,755712,123690,-6615,-6914,123989
141846,-2268160,-15360,-4101120,741376,125300,-6527,-4973,123746
141851,-2268160,-15360,-4124672,734208,126910,-6437,-4130,124603
141856,-2268160,-15360,-4124672,737280,125930,-6339,-1687,121278
141861,-2268160,-15360,-4109312,734208,125860,-6249,-1132,120743
141866,-2268160,-15360,-4079616,726016,123830,-6160,487,117183
141871,-2268160,-15360,-4051968,729088,121940,-6073,1270,112756
141876,-2149376,-15360,-4002816,734208,126700,-5976,2676,118048
141881,-2149376,-15360,-3955712,734208,123480,-5887,3641,113952
141886,-1972224,-15360,-3913728,722944,132720,-5792,3852,123076
141891,-1972224,-15360,-3843072,729088,127890,-5689,5033,117168
141896,-1972224,-15360,-3793920,716800,124530,-5599,4855,114076
141901,-1271808,-18432,-3723264,705536,167580,-5481,6290,154561
141906,-1128448,-18432,-3642368,684032,171850,-5349,6547,159954
141911,-1128448,-18432,-3579904,670720,167580,-5228,6118,156234
141916,-666624,-39936,-3491840,650240,193130,-5090,6974,178302
141921,-505856,-55296,-3380224,627712,196490,-4937,8276,183277
141926,-505856,-55296,-3286016,616448,190050,-4799,8737,176514
141931,-505856,-55296,-3175424,595968,182070,-4652,9464,167954
141936,-185344,-70656,-3053568,598016,196070,-4517,10190,181363
141941,-185344,-70656,-2936832,605184,188090,-4379,10665,173046
141946,-154624,-79872,-2825216,595968,182560,-4246,10535,167512
141951,-117760,-95232,-2696192,577536,176260,-4105,10762,161393
141956,-117760,-95232,-2575360,563200,168000,-3983,10575,153442
141961,-117760,-95232,-2444288,535552,159040,-3855,9813,145932
141966,-120832,-104448,-2326528,519168,150780,-3746,9689,137345
141971,-120832,-104448,-2185216,505856,141120,-3643,10454,127023
141976,-120832,-104448,-2046976,484352,131670,-3538,10223,117909
141981,-169984,-104448,-1914880,472064,119280,-3450,10309,105521
141986,-169984,-104448,-1777664,480256,109900,-3369,10905,95626
141991,-173056,-101376,-1634304,436224,99890,-3287,11409,85194
141996,-173056,-101376,-1520640,417792,92120,-3218,11119,77783
142001,-173056,-101376,-1418240,373760,85120,-3155,10903,69668
142006,-176128,-107520,-1300480,345088,76860,-3091,10503,63266
142011,-176128,-113664,-1203200,311296,70210,-3038,10160,57012
142016,-176128,-113664,-1117184,289792,63420,-2985,9666,50769
142021,-176128,-113664,-1020928,270336,57750,-2941,9225,45584
142026,-157696,-129024,-955392,257024,54530,-2899,8306,43325
142031,-126976,-129024,-882688,238592,51730,-2858,7515,41357
142036,-126976,-129024,-820224,219136,47390,-2821,7117,37452
142041,-120832,-135168,-753664,198656,43260,-2788,7256,33216
142046,-120832,-135168,-695296,185344,39270,-2754,6706,29810
142051,-120832,-135168,-648192,177152,36050,-2726,6400,26924
142056,-105472,-205824,-604160,158720,34090,-2699,6210,25181
142061,-105472,-205824,-579584,153600,32410,-2672,4847,24891
142066,-105472,-205824,-551936,140288,30520,-2648,4366,23506
142071,-105472,-211968,-529408,129024,28980,-2626,3893,22461
142076,-108544,-246784,-520192,108544,28140,-2602,2752,22856
142081,-108544,-246784,-510976,102400,27510,-2581,2254,22675
142086,-108544,-246784,-501760,95232,26880,-2562,1762,22556
142091,-99328,-252928,-498688,73728,27300,-2540,490,25110
142096,-99328,-252928,-514048,69632,28350,-2520,-48,25878
142101,-90112,-259072,-500736,47104,28070,-2499,613,24958
142106,-90112,-259072,-512000,35840,28840,-2476,-1071,28695
142111,-90112,-259072,-535552,27648,30450,-2455,-1118,29113
142116,-31744,-281600,-534528,21504,34370,-2432,-691,32629
142121,-31744,-281600,-533504,13312,34300,-2404,-1617,35193
142126,-31744,-281600,-559104,4096,36050,-2379,-1121,34792
142131,-31744,-281600,-565248,-3072,36470,-2353,-899,35016
142136,-4096,-297984,-561152,-20480,39620,-2323,-1389,38686
142141,-4096,-297984,-586752,-19456,39830,-2295,-1023,38558
142146,0,-301056,-583680,-27648,39900,-2266,-441,38075
142151,0,-305152,-565248,-34816,38640,-2234,-380,38256
142156,0,-305152,-587776,-43008,40180,-2206,-434,38408
142161,0,-305152,-582656,-49152,39830,-2177,-8,37661
142166,0,-305152,-571392,-56320,39060,-2149,600,37509
142171,0,-305152,-577536,-73728,39480,-2118,-22,37384
142176,0,-308224,-561152,-81920,38360,-2090,621,35649
142181,0,-308224,-560128,-99328,38290,-2062,383,35845
142186,0,-308224,-553984,-117760,37870,-2033,185,35652
142191,0,-308224,-544768,-137216,37240,-2006,190,35044
142196,0,-308224,-528384,-164864,36610,-1978,3,34629
142201,0,-308224,-516096,-175104,35280,-1953,194,33133
142206,0,-308224,-500736,-196608,34230,-1930,179,32121
142211,0,-308224,-488448,-215040,33810,-1904,-342,32248
142216,0,-308224,-480256,-226304,32830,-1881,-391,31340
142221,0,-324608,-452608,-243712,30940,-1860,311,28769
142226,0,-324608,-428032,-264192,29960,-1837,83,28040
142231,0,-324608,-412672,-282624,28210,-1817,577,25816
142236,0,-324608,-390144,-296960,26670,-1798,868,24004
142241,6144,-369664,-375808,-312320,26110,-1778,565,23767
142246,6144,-369664,-346112,-334848,24080,-1761,1126,21193
142251,6144,-369664,-309248,-348160,21560,-1745,1888,17927
142256,6144,-369664,-284672,-373760,19880,-1729,1467,17174
142261,6144,-369664,-257024,-381952,17990,-1716,2135,14139
142266,70656,-523264,-236544,-402432,21000,-1700,2060,17240
142271,70656,-523264,-208896,-404480,19110,-1684,2150,15276
142276,70656,-523264,-173056,-409600,16660,-1672,2715,12273
142281,150528,-549888,-150528,-413696,20580,-1656,2506,16418
142286,202752,-555008,-123904,-425984,22120,-1640,2513,17967
142291,202752,-555008,-92160,-435200,20160,-1624,2569,15967
142296,202752,-555008,-69632,-445440,18620,-1611,2265,14744
142301,202752,-555008,-36864,-458752,15960,-1597,2745,11618
142306,202752,-555008,-8192,-471040,14420,-1587,2395,10438
142311,391168,-733184,21504,-477184,25270,-1568,2464,21238
142316,391168,-733184,52224,-502784,22820,-1549,2649,18622
142321,391168,-733184,95232,-513024,20230,-1534,3063,15633
142326,574464,-947200,140288,-535552,29680,-1512,3593,24575
142331,615424,-1003520,178176,-534528,29330,-1489,3711,24130
142336,615424,-1003520,240640,-569344,25620,-1469,4227,19924
142341,615424,-1003520,297984,-600064,21700,-1453,4647,15600
142346,615424,-1003520,359424,-640000,17500,-1438,5386,9766
142351,615424,-1003520,429056,-672768,12740,-1428,5122,6190
142356,615424,-1003520,504832,-714752,7560,-1421,5875,264
142361,615424,-1003520,573440,-744448,2590,-1417,5893,-4720
142366,1436672,-1310720,641024,-781312,54390,-1413,5823,47154
142371,1436672,-1310720,706560,-811008,49910,-1376,5939,42595
142376,1662976,-1337344,764928,-841728,60550,-1332,6296,52922
142381,2171904,-1436672,833536,-878592,91490,-1287,5916,84287
142386,2171904,-1436672,901120,-913408,86870,-1224,6223,79423
142391,2171904,-1436672,969728,-945152,80500,-1157,7541,71802
142396,2171904,-1436672,1050624,-989184,76650,-1100,6958,68592
142401,2171904,-1436672,1121280,-1022976,71820,-1047,7115,63658
142406,3903488,-1610752,1221632,-1069056,183330,-933,8323,174074
142411,3903488,-1610752,1292288,-1096704,178500,-803,8121,169576
142416,3903488,-1610752,1378304,-1149952,172620,-677,8394,163549
142421,3903488,-1610752,1508352,-1196032,163730,-544,10086,153100
142426,6240256,-1662976,1625088,-1240064,315490,-406,10868,304216
142431,6240256,-1662976,1756160,-1289216,306530,-184,11659,294687
142436,6240256,-1662976,1937408,-1356800,294140,53,13654,280539
142441,6240256,-1662976,2135040,-1403904,280630,258,16082,264806
142446,6240256,-1662976,2333696,-1435648,267050,454,17413,250091
142451,6240256,-1662976,2580480,-1499136,250180,657,19015,231822
142456,6240256,-1662976,2823168,-1516544,233590,829,20400,214019
142461,6240256,-1662976,3092480,-1570816,215180,989,22378,193791
142466,4892672,-1481728,3368960,-1618944,104160,1098,22625,82633
142471,3861504,-1245184,3628032,-1691648,15960,1155,22929,-5814
142476,3861504,-1245184,3886080,-1724416,-1680,1159,23068,-23589
142481,3861504,-1245184,4156416,-1758208,-20160,1150,22732,-41742
142486,2554880,-1003520,4364288,-1781760,-123690,1117,20918,-143491
142491,2554880,-1003520,4555776,-1753088,-136780,1023,19190,-154947
142496,1848320,-904192,4743168,-1767424,-197890,883,18334,-215341
142501,1848320,-904192,4858880,-1764352,-205800,739,15199,-220260
142506,1848320,-904192,4927488,-1773568,-210490,591,11473,-221372
142511,1012736,-695296,4969472,-1765376,-270480,392,7870,-277958
142516,676864,-615424,4951040,-1735680,-292180,195,3612,-295597
142521,676864,-615424,4902912,-1677312,-288890,-13,-152,-288751
142526,676864,-615424,4814848,-1634304,-282870,-238,-3950,-279158
142531,379904,-574464,4696064,-1584128,-295050,-442,-7720,-287772
142536,379904,-574464,4571136,-1552384,-286510,-651,-10069,-277092
142541,334848,-564224,4419584,-1522688,-279230,-874,-11647,-268457
142546,334848,-564224,4256768,-1509376,-268100,-1070,-13184,-255986
142551,334848,-564224,4074496,-1468416,-255640,-1256,-14590,-244008
142556,178176,-423936,3883008,-1394688,-253260,-1458,-14462,-240256
142561,129024,-398336,3674112,-1309696,-242340,-1632,-15669,-228303
142566,129024,-398336,3462144,-1230848,-227850,-1815,-17212,-210563
142571,129024,-398336,3240960,-1186816,-212730,-1971,-17658,-197043
142576,129024,-398336,3012608,-1158144,-197120,-2115,-18291,-180944
142581,129024,-398336,2776064,-1108992,-180950,-2261,-20690,-159441
142586,76800,-331776,2496512,-1052672,-165410,-2385,-21786,-146009
142591,76800,-331776,2285568,-966656,-150990,-2500,-21927,-131563
142596,76800,-331776,2099200,-918528,-136430,-2615,-21193,-117852
142601,15360,-301056,1897472,-849920,-128660,-2713,-19857,-111516
142606,15360,-301056,1735680,-812032,-117600,-2801,-17999,-102402
142611,15360,-301056,1566720,-726016,-106050,-2889,-16426,-91743
142616,0,-263168,1386496,-635904,-94780,-2960,-15700,-82040
142621,0,-263168,1208320,-552960,-82600,-3023,-15936,-69687
142626,0,-263168,1064960,-506880,-72800,-3078,-15636,-57937
142631,0,-263168,885760,-490496,-60550,-3130,-14797,-48883
142636,0,-259072,753664,-476160,-51520,-3170,-13680,-41010
142641,0,-259072,627712,-460800,-41720,-3206,-12930,-31996
142646,0,-259072,497664,-425984,-34020,-3233,-11846,-25407
142651,0,-256000,395264,-350208,-27020,-3255,-10889,-19386
142656,0,-256000,315392,-293888,-22820,-3274,-7641,-18453
142661,0,-256000,257024,-221184,-17570,-3288,-6959,-13899
142666,0,-256000,199680,-183296,-13650,-3299,-5705,-11244
142671,0,-256000,158720,-136192,-11060,-3307,-3699,-10668
142676,0,-256000,128000,-123904,-8750,-3312,-2335,-9727
142681,0,-256000,91136,-121856,-6230,-3315,-1716,-7829
142686,0,-256000,64512,-100352,-3290,-3318,-1904,-4704
142691,0,-256000,22528,-95232,-1540,-3318,-1491,-3367
142696,0,-256000,7168,-88064,-490,-3318,-998,-2810
142701,0,-256000,1024,-92160,1260,-3317,-1637,-420
142706,0,-256000,-25600,-75776,1750,-3317,-1561,-6
142711,0,-252928,-19456,-71680,1330,-3317,-1018,-969
142716,0,-252928,-23552,-72704,630,-3317,-384,-2303
142721,0,-252928,-2048,-70656,140,-3317,-208,-2969
142726,0,-252928,10240,-63488,-700,-3318,72,-4090
142731,0,-252928,29696,-56320,-3010,-3320,1323,-7653
142736,0,-252928,64512,-40960,-4410,-3323,1588,-9321
142741,0,-252928,92160,-46080,-6300,-3326,2151,-11777
142746,0,-252928,119808,-67584,-6650,-3332,1155,-11137
142751,0,-252928,122880,-77824,-8400,-3337,1430,-13167
142756,0,-252928,145408,-107520,-9940,-3344,1524,-14808
142761,0,-252928,158720,-128000,-8820,-3352,-618,-11554
142766,0,-252928,154624,-178176,-10570,-3361,-241,-13690
142771,0,-249856,161792,-200704,-11060,-3370,-812,-13618
142776,0,-252928,195584,-230400,-13370,-3380,-718,-14913
142781,0,-252928,201728,-253952,-13790,-3392,-271,-16911
142786,0,-252928,228352,-276480,-15610,-3404,425,-19439
142791,0,-252928,240640,-270336,-16450,-3416,515,-20381
142796,0,-252928,273408,-256000,-18690,-3429,1820,-23939
142801,0,-249856,288768,-227328,-19740,-3442,2244,-25426
142806,0,-252928,289792,-210944,-19810,-3455,2767,-27224
142811,0,-252928,301056,-204800,-20580,-3470,2276,-26326
142816,0,-252928,292864,-183296,-20020,-3483,1678,-25181
142821,0,-252928,283648,-182272,-19390,-3496,1375,-24682
142826,0,-252928,275456,-202752,-18830,-3510,541,-22881
142831,0,-252928,261120,-198656,-17850,-3524,-308,-21066
142836,0,-252928,245760,-192512,-16800,-3537,-1199,-19138
142842,0,-252928,250880,-181248,-17150,-3550,-609,-20091
142847,0,-252928,244736,-161792,-16730,-3563,-768,-19525
142852,0,-252928,245760,-136192,-16800,-3575,-481,-21983
142857,0,-252928,265216,-102400,-18130,-3589,791,-22510
142862,0,-249856,263168,-81920,-17990,-3601,776,-22367
142867,0,-249856,238592,-91136,-16310,-3614,-520,-19404
142872,0,-249856,211968,-102400,-14490,-3626,-1877,-16239
142877,0,-249856,178176,-120832,-12180,-3637,-3306,-12511
142882,0,-249856,155648,-155648,-10570,-3647,-3836,-10381
142887,0,-249856,143360,-158720,-9800,-3657,-3558,-9899
142892,0,-249856,140288,-147456,-9590,-3665,-2610,-10645
142897,0,-246784,142336,-142336,-10990,-3673,-180,-14483
142902,0,-246784,137216,-98304,-9380,-3679,-268,-12791
142907,0,-246784,97280,-118784,-6650,-3683,-1309,-9024
142912,0,-243712,54272,-192512,-1820,-3686,-3808,-1698
142917,0,-243712,-14336,-226304,980,-3688,-4734,2026
142922,-4096,-243712,-38912,-247808,2380,-3689,-4586,3277
142927,-4096,-243712,-22528,-206848,1260,-3688,-2070,-358
142932,-4096,-243712,-23552,-195584,1330,-3687,-804,-1553
142937,-4096,-243712,-24576,-183296,1400,-3685,252,-2537
142942,-4096,-243712,-52224,-214016,3290,-3682,-441,49
142947,-4096,-243712,-90112,-239616,5880,-3678,-1854,4056
142952,0,-234496,-116736,-266240,7980,-3674,-2571,6877
142957,-4096,-231424,-118784,-274432,7840,-3668,-1845,6017
142962,-4096,-231424,-110592,-244736,7280,-3663,-832,4449
142967,0,-228352,-92160,-219136,6300,-3658,588,2054
142972,-4096,-231424,-76800,-198656,4970,-3653,1725,-408
142977,-4096,-231424,-83968,-217088,5460,-3647,1336,477
142982,-4096,-231424,-104448,-230400,6860,-3642,165,3053
142987,-4096,-231424,-130048,-267264,8610,-3636,-1319,6293
142992,-4096,-231424,-123904,-259072,8190,-3632,-1002,5560
142997,-4096,-221184,-106496,-230400,7000,-3627,-101,3474
143002,-4096,-208896,-80896,-204800,5250,-3622,1200,428
143007,-4096,-208896,-66560,-195584,4270,-3617,1823,-1170
143012,-4096,-202752,-68608,-201728,4410,-3613,1424,1906
143017,-4096,-202752,-104448,-236544,6860,-3609,-874,4125
143022,-4096,-202752,-107520,-240640,7070,-3604,-1145,4611
143027,-4096,-199680,-106496,-239616,7000,-3600,-1014,4344
143032,-4096,-199680,-95232,-214016,6230,-3596,-471,3105
143037,-4096,-199680,-78848,-195584,5110,-3592,467,1051
143042,-7168,-181248,-81920,-191488,5110,-3588,-248,2470
143047,-7168,-144384,-113664,-202752,7280,-3583,-1301,4998
143052,-7168,-144384,-137216,-216064,8890,-3578,-2190,7502
143057,-13312,-147456,-165888,-226304,10570,-3572,-3138,10136
143062,-77824,-132096,-168960,-225280,6230,-3568,-2591,5253
143067,-77824,-132096,-173056,-200704,6510,-3564,-2132,5078
143072,-133120,-129024,-156672,-162816,2030,-3563,-1002,-531
143077,-133120,-129024,-175104,-157696,2870,-3562,-1300,608
143082,-133120,-129024,-197632,-169984,4410,-3560,-2129,2979
143087,-133120,-129024,-217088,-194560,5320,-3557,-2221,3984
143092,-392192,-58368,-218112,-189440,-11900,-3562,-2213,-13249
143097,-392192,-58368,-228352,-163840,-11200,-3572,-2402,-12370
143102,-392192,-58368,-186368,-120832,-14070,-3582,475,-18127
143107,-585728,-21504,-196608,-98304,-26600,-3597,103,-30300
143112,-637952,-18432,-215040,-82944,-28910,-3616,-646,-31880
143117,-637952,-18432,-237568,-104448,-27370,-3638,-1373,-29635
143122,-768000,-15360,-271360,-107520,-33950,-3662,-2720,-34892
143127,-847872,-15360,-285696,-96256,-38430,-3687,-2724,-39393
143132,-847872,-15360,-279552,-66560,-38850,-3718,-1116,-41452
143137,-847872,-15360,-290816,-26624,-38080,-3745,-564,-41261
143142,-1185792,-12288,-323584,4096,-58940,-3772,-1177,-61535
143147,-1185792,-12288,-370688,-8192,-56000,-3816,-1888,-57928
143152,-1310720,-12288,-436224,-7168,-59780,-3859,-3984,-59655
143157,-1310720,-12288,-480256,0,-56770,-3901,-4317,-56354
143162,-1310720,-12288,-520192,23552,-55650,-3945,-2732,-56863
143167,-1498112,-12288,-522240,68608,-66710,-3990,-1810,-68890
143172,-1514496,-12288,-559104,116736,-65310,-4035,-1493,-67852
143177,-1514496,-12288,-613376,104448,-60340,-4082,-2924,-61498
143182,-1514496,-12288,-716800,80896,-54530,-4123,-4977,-53676
143187,-1972224,-12288,-797696,53248,-80290,-4164,-6478,-77976
143192,-1972224,-12288,-887808,46080,-74550,-4226,-7412,-71364
143197,-2196480,-12288,-926720,94208,-86800,-4287,-6403,-84684
143202,-2394112,-12288,-969728,139264,-97370,-4350,-5089,-96631
143207,-2394112,-12288,-1037312,165888,-92750,-4423,-6508,-88565
143212,-3176448,-12288,-1178624,155648,-136570,-4516,-8539,-132547
143217,-3820544,-12288,-1297408,107520,-172480,-4618,-10621,-166477
143222,-3820544,-12288,-1424384,75776,-163590,-4752,-12011,-156331
143227,-4589568,-12288,-1534976,113664,-208810,-4899,-12258,-201451
143232,-5860352,-9216,-1643520,135168,-288260,-5059,-11925,-281394
143237,-5860352,-9216,-1782784,133120,-278740,-5262,-13129,-269353
143242,-6112256,-9216,-2003968,81920,-280840,-5486,-16002,-270324
143247,-6112256,-9216,-2212864,27648,-266560,-5682,-18035,-254207
143252,-6112256,-9216,-2422784,7168,-252210,-5868,-18902,-242819
143257,-6112256,-9216,-2625536,60416,-238350,-6059,-17103,-227306
143262,-5985280,-9216,-2862080,46080,-213500,-6219,-17656,-202063
143267,-5985280,-9216,-3152896,5120,-193620,-6361,-20632,-172421
143272,-5922816,-9216,-3508224,-41984,-165060,-6500,-24948,-146612
143277,-5922816,-9216,-3766272,-3072,-147420,-6611,-24592,-129439
143282,-5922816,-9216,-4041728,66560,-128590,-6719,-23643,-111666
143287,-5678080,-9216,-4301824,67584,-94080,-6793,-23546,-77327
143292,-5678080,-9216,-4575232,48128,-75390,-6853,-24510,-57733
143297,-5678080,-9216,-4831232,-11264,-57050,-6905,-23849,-40106
143302,-5678080,-9216,-5048320,21504,-43050,-6941,-21587,-28404
143307,-3989504,-12288,-5236736,71680,85260,-6942,-19160,97478
143312,-3989504,-12288,-5430272,111616,100450,-6867,-18290,111873
143317,-3989504,-12288,-5655552,110592,113890,-6790,-18029,125129
143322,-3989504,-12288,-5831680,112640,125930,-6704,-17524,136750
143327,-3989504,-12288,-5967872,126976,135240,-6602,-15385,144443
143332,-1810432,-18432,-6059008,202752,290430,-6408,-12451,296473
143337,-1810432,-18432,-6093824,258048,292810,-6200,-8443,295053
143342,-1810432,-18432,-6098944,299008,293160,-5991,-4804,291973
143347,-921600,-55296,-6044672,350208,350210,-5722,65,344423
143352,-921600,-55296,-5970944,361472,345170,-5473,3457,336240
143357,-921600,-55296,-5865472,372736,337960,-5229,6420,325965
143362,-921600,-55296,-5698560,359424,326550,-4968,10283,311299
143367,-312320,-113664,-5510144,379904,355320,-4727,13828,336765
143372,-312320,-113664,-5295104,379904,340130,-4454,16448,319228
143377,-312320,-113664,-5074944,365568,325570,-4216,18055,303299
143382,-148480,-125952,-4854784,362496,321720,-3986,18887,298847
143387,-148480,-125952,-4609024,377856,304920,-3762,20272,280886
143392,-108544,-125952,-4336640,398336,289030,-3529,21256,264245
143397,-87040,-125952,-4070400,392192,272300,-3329,22489,246482
143402,-87040,-125952,-3789824,373760,253120,-3142,24010,225430
143407,-28672,-129024,-3522560,351232,238840,-2948,22966,212926
143412,-19456,-129024,-3267584,349184,222040,-2785,22718,196537
143417,-19456,-129024,-3016704,372736,204890,-2619,21990,179021
143422,-19456,-129024,-2747392,410624,186480,-2481,21806,162193
143427,-4096,-125952,-2504704,413696,170940,-2355,21345,147240
143432,-4096,-125952,-2255872,386048,154210,-2229,20151,131830
143437,0,-125952,-2020352,385024,138110,-2127,19896,116087
143442,0,-125952,-1795072,381952,122710,-2035,19730,100945
143447,0,-125952,-1583104,414720,106260,-1946,19769,84545
143452,0,-125952,-1369088,431104,93590,-1874,18702,73014
143457,0,-125952,-1205248,445440,82390,-1812,17155,63423
143462,0,-125952,-1040384,447488,71120,-1751,15445,53924
143467,0,-125952,-896000,432128,61250,-1704,14501,45045
143472,0,-125952,-754688,441344,51590,-1664,14008,35918
143477,0,-125952,-592896,429056,40530,-1627,14652,24251
143482,0,-125952,-480256,437248,32830,-1598,14055,17177
143487,0,-125952,-390144,440320,26670,-1575,12756,12339
143492,3072,-129024,-326656,425984,22540,-1554,9946,11040
143497,3072,-129024,-271360,415744,18760,-1538,8094,9128
143502,3072,-129024,-232448,400384,16100,-1525,5931,8644
143507,95232,-162816,-210944,357376,20930,-1513,3218,16199
143512,95232,-162816,-175104,338944,18480,-1501,2273,14706
143517,95232,-162816,-138240,333824,15960,-1491,1885,12584
143522,272384,-243712,-59392,337920,22680,-1479,4156,17045
143527,272384,-243712,-20480,351232,20020,-1463,4610,13947
143532,318464,-263168,6144,367616,21350,-1446,4681,15223
143537,379904,-269312,46080,388096,22820,-1428,5365,16027
143542,379904,-269312,61440,375808,21770,-1409,5094,15267
143547,379904,-269312,60416,375808,21840,-1391,2108,20303
143552,759808,-278528,31744,336896,49770,-1368,1177,47225
143557,759808,-278528,23552,324608,50330,-1333,-187,49184
143562,939008,-281600,28672,312320,62230,-1292,-659,61597
143567,1528832,-288768,52224,313344,100940,-1239,-204,99905
143572,1528832,-288768,92160,317440,98210,-1169,999,96042
143577,1949696,-291840,151552,317440,122920,-1087,3002,118831
143582,1949696,-291840,232448,326656,117390,-991,5725,110674
143587,1949696,-291840,285696,307200,113750,-906,6786,106058
143592,1949696,-291840,330752,290816,110670,-823,6966,102881
143597,2697216,-294912,374784,245760,158760,-725,6228,151807
143602,2697216,-294912,429056,222208,155050,-611,6356,148083
143607,2697216,-294912,489472,199680,150920,-501,6361,144058
143612,2697216,-294912,529408,193536,148190,-384,4495,143311
143617,2697216,-294912,627712,195584,141470,-282,5765,135423
143622,2697216,-294912,738304,192512,133910,-185,7196,126529
143627,2697216,-294912,873472,206848,124670,-84,9088,115498
143632,2697216,-294912,980992,201728,117320,3,9610,107713
143637,2817024,-297984,1114112,190464,116410,88,11241,105257
143642,2668544,-301056,1254400,179200,96670,175,12301,84544
143647,2668544,-301056,1374208,171008,88480,243,12685,76038
143652,2668544,-301056,1491968,182272,80430,305,12855,67880
143657,2472960,-294912,1607680,194560,59150,363,12105,47408
143662,2472960,-294912,1723392,210944,51240,404,12168,39476
143667,2472960,-294912,1826816,227328,44170,442,9280,37082
143672,2472960,-294912,1904640,215040,38850,471,8801,30520
143677,2472960,-294912,2009088,231424,31710,495,8359,23846
143682,2527232,-294912,2119680,225280,27860,516,8442,19179
143687,2527232,-294912,2238464,234496,19740,533,8428,11845
143692,2527232,-294912,2347008,250880,12320,543,8815,4048
143697,2527232,-294912,2447360,266240,5460,549,8884,-8106
143702,2582528,-291840,2597888,302080,-1050,551,11446,-11945
143707,2582528,-291840,2688000,326656,-7210,550,11386,-18046
143712,2638848,-291840,2747392,334848,-7420,548,9157,-16029
143717,2638848,-291840,2798592,326656,-10920,542,7594,-17972
143722,2638848,-291840,2843648,324608,-14000,534,6058,-19524
143727,2697216,-281600,2877440,320512,-12320,524,3831,-15627
143732,2911232,-281600,2948096,351232,-2520,517,4279,-6282
143737,2911232,-281600,3000320,380928,-6090,513,4292,-10780
143742,2911232,-281600,3087360,450560,-12040,505,5198,-16733
143747,2847744,-275456,3150848,481280,-20720,493,5477,-25704
143752,2847744,-275456,3207168,514048,-24570,477,4514,-27839
143757,2847744,-272384,3236864,507904,-26600,456,3775,-29919
143763,2847744,-272384,3271680,502784,-28980,435,2875,-31420
143768,2847744,-272384,3319808,516096,-32270,412,2788,-34646
143773,2697216,-263168,3379200,533504,-46620,376,3194,-49438
143778,2554880,-259072,3446784,578560,-60970,337,4422,-65055
143783,2554880,-259072,3491840,616448,-64050,292,4530,-68643
143788,2554880,-259072,3513344,642048,-65520,241,3198,-68477
143793,2554880,-259072,3526656,650240,-66430,194,1915,-68151
143798,2554880,-259072,3528704,636928,-66430,140,147,-66437
143803,2554880,-259072,3546112,656384,-67760,90,6,-67676
143808,2554880,-259072,3582976,701440,-70280,40,1102,-71342
143813,2554880,-259072,3640320,786432,-172550,-24,3392,-175966
143818,1116160,-221184,3651584,809984,-173320,-146,3195,-176661
143823,1116160,-221184,3623936,809984,-171430,-268,1036,-172734
143828,1116160,-221184,3590144,787456,-168420,-402,-1476,-167346
143833,1116160,-221184,3547136,780288,-166180,-522,-2732,-163970
143838,1116160,-221184,3528704,805888,-164920,-641,-2469,-163092
143843,428032,-132096,3505152,848896,-210280,-776,-1729,-209327
143848,428032,-132096,3428352,854016,-205100,-923,-3524,-202499
143853,428032,-132096,3333120,818176,-198590,-1067,-5768,-193889
143858,394240,-135168,3224576,773120,-193480,-1220,-7600,-187100
143863,394240,-135168,3149824,804864,-188370,-1357,-7386,-182341
143868,391168,-138240,3074048,856064,-183400,-1489,-6642,-178247
143873,391168,-138240,2924544,875520,-173180,-1628,-9309,-165499
143878,391168,-138240,2779136,836608,-163240,-1749,-11733,-153256
143883,391168,-138240,2648064,807936,-154280,-1863,-12860,-143283
143888,391168,-138240,2532352,827392,-146370,-1983,-11673,-137240
143893,391168,-138240,2446336,910336,-140490,-2086,-10651,-131925
143898,391168,-138240,2334720,911360,-132860,-2184,-10694,-124350
143903,391168,-138240,2200576,875520,-123690,-2277,-12638,-111797
143908,391168,-138240,2068480,820224,-114660,-2372,-12608,-104424
143913,190464,-125952,1999872,831488,-123690,-2461,-10353,-115798
143918,190464,-125952,1927168,859136,-118720,-2547,-8549,-112718
143923,190464,-125952,1854464,884736,-113750,-2638,-6655,-109733
143928,12288,-95232,1744896,849920,-118440,-2721,-7598,-113563
143933,12288,-95232,1631232,795648,-110670,-2802,-8904,-104568
143938,12288,-95232,1524736,802816,-103390,-2887,-9254,-97023
143943,-7168,-61440,1467392,846848,-100800,-2961,-7751,-96010
143948,-7168,-61440,1408000,871424,-96740,-3031,-7107,-91551
143953,-7168,-61440,1293312,863232,-88900,-3104,-8470,-83534
143958,-7168,-61440,1201152,820224,-82600,-3167,-9571,-76196
143963,-13312,-61440,1129472,773120,-78120,-3227,-8680,-73163
143968,-13312,-61440,1113088,789504,-77000,-3290,-6424,-73866
143973,-16384,-58368,1086464,798720,-75390,-3345,-4523,-74212
143978,-28672,-49152,1056768,799744,-74200,-3398,-3281,-76584
143983,-28672,-49152,1016832,755712,-71470,-3454,-2659,-72265
143988,-80896,-33792,953344,714752,-70700,-3504,-3725,-70479
143993,-111616,-21504,902144,672768,-69300,-3554,-3911,-69228
143998,-111616,-21504,888832,692224,-68390,-3609,-2872,-69127
144003,-126976,-21504,881664,717824,-68950,-3658,-1448,-71160
144008,-209920,-18432,862208,748544,-73290,-3712,-948,-76054
144013,-209920,-18432,822272,736256,-70560,-3762,-1787,-72535
144018,-238592,-18432,772096,721920,-69090,-3813,-3209,-69694
144023,-332800,-15360,748544,672768,-73920,-3869,-2987,-74802
144028,-332800,-15360,747520,686080,-73850,-3923,-1837,-75936
144033,-332800,-15360,758784,717824,-74620,-3975,1808,-82719
144038,-580608,-9216,802816,758784,-94570,-4038,3023,-101631
144043,-580608,-9216,792576,765952,-93870,-4102,2953,-100925
144048,-580608,-9216,757760,773120,-91490,-4172,-700,-92372
144053,-580608,-9216,684032,739328,-86450,-4234,-1941,-88743
144058,-580608,-9216,666624,743424,-85260,-4296,-1964,-87592
144063,-708608,-9216,646144,781312,-92610,-4362,-2080,-93871
144068,-708608,-9216,628736,869376,-91420,-4435,-1925,-93930
144073,-708608,-9216,617472,903168,-90650,-4500,-1480,-93670
144078,-708608,-9216,569344,932864,-84560,-4569,-5078,-84051
144083,-1033216,-9216,486400,920576,-103880,-4639,-5930,-102589
144088,-1033216,-9216,436224,910336,-100450,-4715,-7191,-97974
144093,-1033216,-9216,437248,959488,-100520,-4797,-4942,-100375
144098,-1351680,-9216,415744,1007616,-120820,-4877,-4248,-121449
144103,-1351680,-9216,410624,1048576,-120470,-4964,-2463,-122971
144108,-1482752,-9216,370688,1054720,-126700,-5064,-2503,-129261
144113,-1482752,-9216,294912,1048576,-121520,-5152,-4349,-122323
144118,-1482752,-9216,214016,1031168,-115990,-5237,-6113,-115114
144123,-1993728,-9216,171008,1072128,-147980,-5356,-5153,-148183
144128,-2196480,-9216,126976,1119232,-158830,-5466,-4355,-159941
144133,-2196480,-9216,69632,1164288,-154910,-5577,-4232,-156255
144138,-2196480,-9216,-48128,1168384,-146860,-5695,-6940,-145615
144143,-2757632,-9216,-148480,1136640,-178360,-5815,-8597,-175578
144148,-2757632,-9216,-250880,1128448,-171360,-5942,-10114,-167188
144153,-2757632,-9216,-311296,1175552,-167230,-6076,-8118,-165188
144158,-2757632,-9216,-377856,1220608,-162680,-6194,-6925,-161949
144163,-4256768,-9216,-465920,1233920,-259140,-6314,-6718,-258736
144168,-4256768,-9216,-605184,1172480,-249620,-6513,-8680,-247453
144173,-4256768,-9216,-728064,1139712,-241220,-6688,-9643,-238265
144178,-4256768,-9216,-838656,1149952,-233660,-6857,-9533,-230984
144183,-4256768,-9216,-937984,1187840,-227150,-7036,-7583,-226603
144188,-5216256,-9216,-1095680,1216512,-281680,-7220,-9617,-279283
144193,-5216256,-9216,-1277952,1173504,-269220,-7415,-12237,-264398
144198,-5216256,-9216,-1504256,1118208,-253750,-7620,-15713,-245657
144203,-5559296,-9216,-1674240,1147904,-265580,-7809,-16182,-257207
144208,-5500928,-9216,-1840128,1197056,-250250,-7995,-15868,-242377
144213,-5500928,-9216,-2038784,1195008,-234220,-8185,-17932,-224473
144218,-5618688,-9216,-2306048,1140736,-226450,-8352,-20104,-214698
144223,-5738496,-9216,-2522112,1090560,-219870,-8510,-20875,-207505
144228,-5738496,-9216,-2695168,1115136,-208040,-8679,-17841,-198878
144233,-6112256,-9216,-2873344,1117184,-221410,-8834,-16357,-213887
144238,-6373376,-9216,-3083264,1099776,-224910,-8988,-16923,-216975
144243,-6373376,-9216,-3343360,1007616,-207130,-9157,-18859,-197428
144248,-6373376,-9216,-3567616,995328,-191800,-9299,-19740,-181359
144253,-7917568,-9216,-3760128,1010688,-284200,-9446,-18772,-274874
144258,-7917568,-9216,-3947520,1069056,-271390,-9664,-16630,-264424
144263,-7999488,-9216,-4159488,1051648,-262500,-9854,-17211,-255143
144268,-7999488,-9216,-4441088,972800,-243250,-10052,-20389,-232913
144273,-7999488,-9216,-4662272,937984,-228130,-10221,-20953,-217398
144278,-8331264,-9216,-4860928,906240,-237230,-10392,-19976,-227646
144283,-8331264,-9216,-5079040,932864,-222320,-10500,-18786,-214034
144288,-8331264,-9216,-5284864,899072,-208250,-10500,-18165,-200585
144293,-8331264,-9216,-5518336,856064,-192290,-10500,-20984,-178236
144298,-8331264,-9216,-5811200,794624,-172270,-10500,-22038,-160732
144303,-8331264,-9216,-6028288,799744,-157430,-10500,-21819,-146111
144308,-8331264,-9216,-6218752,829440,-144060,-10500,-19478,-135082
144313,-7600128,-9216,-6411264,884736,-81270,-10500,-18378,-73392
144318,-7600128,-9216,-6600704,871424,-68320,-10500,-17886,-60934
144323,-7145472,-9216,-6776832,839680,-25200,-10500,-17137,-13589
144328,-7145472,-9216,-6979584,773120,-11340,-10500,-17365,-4475
144333,-7145472,-9216,-7119872,753664,-1750,-10500,-15840,3590
144338,-5385216,-12288,-7233536,784384,126350,-10431,-13050,129189
144343,-5385216,-12288,-7326720,821248,132720,-10329,-10803,133194
144348,-5385216,-12288,-7378944,850944,136290,-10232,-7820,133878
144353,-2698240,-18432,-7402496,857088,321580,-9992,-4747,316895
144358,-2080768,-21504,-7407616,861184,364140,-9748,-1799,356191
144363,-2080768,-21504,-7336960,849920,359310,-9488,2880,346942
144368,-2080768,-21504,-7231488,849920,352240,-9208,6247,336785
144373,-940032,-82944,-7055360,846848,418040,-8937,11456,397647
144378,-940032,-82944,-6853632,812032,404250,-8643,15498,380109
144383,-580608,-135168,-6603776,815104,411740,-8313,18777,384650
144388,-580608,-135168,-6344704,820224,394030,-8025,21285,364720
144393,-580608,-135168,-6061056,828416,374640,-7752,23185,343703
144398,-188416,-221184,-5708800,816128,377370,-7449,25830,344091
144403,-108544,-266240,-5368832,779264,359590,-7186,28129,324275
144408,-108544,-266240,-5040128,749568,337120,-6939,28572,301609
144413,-108544,-266240,-4698112,752640,313740,-6709,29403,274850
144418,-13312,-288768,-4297728,733184,292880,-6473,30141,256266
144423,-13312,-288768,-3919872,691200,267050,-6274,32037,228739
144428,-7168,-301056,-3569664,681984,243530,-6092,32166,205272
144433,-7168,-301056,-3163136,654336,215740,-5912,33342,176486
144438,-7168,-301056,-2821120,632832,192360,-5766,32948,153646
144443,-7168,-301056,-2482176,579584,169190,-5636,33046,130508
144448,-7168,-301056,-2161664,526336,147280,-5511,30568,111201
144453,-7168,-301056,-1867776,477184,127190,-5412,29260,92518
144458,0,-523264,-1595392,438272,109060,-5328,27354,76168
144463,0,-518144,-1317888,391168,90090,-5250,25177,59663
144468,0,-518144,-1087488,314368,74340,-5192,23100,46048
144473,6144,-545792,-851968,265216,58660,-5146,23535,27603
144478,6144,-545792,-622592,222208,42980,-5108,22372,15500
144483,6144,-545792,-439296,201728,30450,-5084,21992,3374
144488,6144,-545792,-251904,151552,17640,-5067,20976,-8403
144493,39936,-600064,-102400,83968,9730,-5059,18671,-14000
144498,61440,-610304,44032,13312,1190,-5058,17077,-20945
144503,61440,-610304,210944,-49152,-10220,-5063,16636,-31919
144508,61440,-610304,309248,-91136,-16940,-5074,14230,-36244
144513,76800,-615424,399360,-114688,-22050,-5089,12182,-39321
144518,76800,-615424,501760,-136192,-29050,-5111,11080,-45241
144523,76800,-615424,562176,-172032,-33180,-5134,9185,-47499
144528,76800,-615424,604160,-225280,-36050,-5159,7506,-48715
144533,76800,-615424,662528,-261120,-40040,-5190,6526,-51756
144538,76800,-615424,692224,-308224,-42070,-5220,4964,-52254
144543,76800,-615424,710656,-348160,-43330,-5252,3290,-51872
144548,76800,-615424,734208,-371712,-44940,-5288,2383,-52611
144553,205824,-896000,734208,-403456,-36120,-5317,776,-42213
144558,246784,-965632,747520,-431104,-34230,-5344,533,-40107
144563,246784,-965632,754688,-467968,-34720,-5372,351,-40443
144568,314368,-1032192,751616,-497664,-29890,-5394,-55,-35229
144573,314368,-1032192,738304,-521216,-28980,-5415,-711,-33684
144578,314368,-1032192,731136,-536576,-28490,-5438,-751,-33177
144583,405504,-1245184,722944,-559104,-21700,-5455,-716,-26439
144588,405504,-1245184,710656,-574464,-20860,-5470,-464,-26217
144593,405504,-1245184,704512,-587776,-20440,-5485,-374,-25551
144598,636928,-1610752,688128,-604160,-3500,-5491,-659,-8332
144603,1003520,-1868800,676864,-620544,22330,-5489,-691,16332
144608,1003520,-1868800,686080,-645120,21700,-5472,267,15961
144613,1003520,-1868800,681984,-655360,21980,-5455,264,16261
144618,2756608,-2527232,688128,-678912,141400,-5422,1115,134243
144623,2756608,-2527232,707584,-724992,140070,-5311,1380,133379
144628,2817024,-2611200,739328,-775168,142030,-5209,2447,134374
144633,3210240,-2817024,783360,-830464,165900,-5104,3687,157121
144638,3210240,-2817024,847872,-880640,161490,-4975,5482,151033
144643,3316736,-2911232,923648,-949248,163590,-4857,7175,151558
144648,3316736,-2911232,1014784,-1046528,157360,-4730,8438,144192
144653,3316736,-2911232,1121280,-1127424,150080,-4620,10662,134798
144658,3316736,-3141632,1235968,-1205248,142240,-4514,12228,125498
144663,3316736,-3246080,1370112,-1319936,133070,-4405,13396,115269
144668,3316736,-3246080,1492992,-1428480,124670,-4312,14165,106193
144673,3316736,-3246080,1627136,-1546240,115500,-4225,15162,96113
144678,3316736,-3246080,1767424,-1653760,105910,-4137,15228,86545
144683,3316736,-3246080,1906688,-1739776,96390,-4064,15843,76483
144688,3316736,-3246080,2048000,-1824768,86730,-3998,16517,66215
144693,3316736,-3246080,2174976,-1928192,78050,-3932,15272,58846
144698,3316736,-3246080,2307072,-2026496,69020,-3879,15427,49714
144703,1161216,-3246080,2445312,-2148352,-87780,-3927,15986,-107693
144708,1161216,-3246080,2564096,-2284544,-95900,-3999,15386,-115285
144714,1161216,-3246080,2667520,-2381824,-102970,-4070,14142,-121182
144719,527360,-2756608,2768896,-2467840,-153230,-4174,13357,-170761
144724,384000,-2367488,2830336,-2583552,-167230,-4299,10273,-181802
144729,384000,-2367488,2890752,-2673664,-171360,-4421,9317,-185098
144734,384000,-2367488,2925568,-2756608,-173740,-4544,7272,-183827
144739,101376,-1662976,2918400,-2853888,-192570,-4687,3794,-201051
144744,101376,-1662976,2906112,-2929664,-191730,-4824,1767,-198321
144749,64512,-1610752,2869248,-3004416,-191730,-4976,-545,-196161
144754,64512,-1610752,2803712,-3032064,-187250,-5111,-3280,-189081
144759,64512,-1610752,2719744,-3028992,-181510,-5243,-5988,-180765
144764,64512,-1610752,2632704,-3047424,-175560,-5384,-7394,-173550
144769,64512,-1610752,2541568,-3034112,-169330,-5508,-8671,-166167
144774,64512,-1610752,2458624,-3043328,-163660,-5626,-8851,-160435
144779,0,-1610752,2365440,-3047424,-161700,-5755,-9245,-158210
144784,0,-1610752,2270208,-3044352,-155190,-5867,-9281,-151776
144789,0,-1610752,2178048,-3018752,-148890,-5974,-9154,-145710
144794,0,-1662976,2064384,-2944000,-141120,-6086,-9593,-137613
144799,0,-1662976,1951744,-2889728,-133420,-6183,-10644,-128959
144804,0,-1662976,1849344,-2806784,-125580,-6285,-11107,-120758
144809,0,-1662976,1746944,-2779136,-119420,-6373,-11412,-114381
144814,0,-1662976,1676288,-2752512,-114590,-6456,-10144,-110902
144819,0,-1662976,1607680,-2745344,-109550,-6544,-8860,-107234
144824,0,-1734656,1532928,-2684928,-104790,-6620,-8300,-103110
144829,0,-1734656,1468416,-2621440,-100380,-6693,-7753,-99320
144834,0,-1734656,1398784,-2540544,-96530,-6770,-6557,-96743
144839,0,-1734656,1351680,-2492416,-92400,-6838,-6507,-92731
144844,0,-1949696,1314816,-2438144,-89880,-6903,-5447,-91336
144849,0,-1949696,1294336,-2416640,-88480,-6972,-3898,-91554
144854,0,-1949696,1272832,-2415616,-87010,-7034,-2763,-91281
144859,0,-1949696,1258496,-2386944,-86030,-7094,-1526,-91598
144864,0,-1971200,1230848,-2345984,-84140,-7159,-3097,-85892
144869,0,-1971200,1187840,-2331648,-81200,-7216,-1967,-86449
144874,0,-1971200,1158144,-2297856,-79170,-7273,-2266,-84177
144879,0,-1971200,1150976,-2256896,-78680,-7334,-2539,-82145
144884,0,-1971200,1117184,-2248704,-76370,-7390,-2467,-81293
144889,0,-1971200,1113088,-2241536,-76090,-7445,-2059,-81476
144894,3072,-2079744,1119232,-2252800,-74480,-7505,-2526,-79459
144899,3072,-2079744,1104896,-2258944,-75320,-7559,-1268,-81611
144904,3072,-2079744,1106944,-2283520,-75460,-7613,-850,-82223
144909,3072,-2079744,1117184,-2269184,-76160,-7674,-243,-83591
144914,3072,-2079744,1125376,-2282496,-76720,-7729,-37,-84412
144919,122880,-2472960,1139712,-2276352,-69510,-7781,241,-77532
144924,122880,-2472960,1146880,-2273280,-70000,-7837,-148,-77689
144929,122880,-2472960,1172480,-2265088,-71750,-7890,343,-79983
144934,122880,-2472960,1190912,-2271232,-73010,-7943,342,-81295
144939,297984,-2554880,1234944,-2256896,-64050,-8001,1484,-73535
144944,297984,-2554880,1267712,-2255872,-66290,-8049,1883,-76222
144949,297984,-2554880,1315840,-2267136,-69930,-8104,3002,-81036
144954,379904,-2554880,1369088,-2279424,-67620,-8154,3748,-79522
144959,379904,-2554880,1425408,-2314240,-71470,-8204,4807,-84481
144964,391168,-2527232,1476608,-2366464,-74200,-8261,5113,-87574
144969,391168,-2527232,1532928,-2404352,-78050,-8315,5750,-92115
144974,391168,-2527232,1595392,-2445312,-82320,-8372,6637,-97329
144979,432128,-2317312,1655808,-2494464,-83230,-8436,6288,-97954
144984,432128,-2242560,1717248,-2539520,-87850,-8497,6968,-103315
144989,432128,-2242560,1770496,-2593792,-91490,-8561,6730,-106781
144994,432128,-2242560,1819648,-2635776,-94850,-8634,5750,-109234
144999,432128,-1828864,1870848,-2668544,-98350,-8705,4748,-111803
145004,432128,-1828864,1913856,-2686976,-101290,-8777,3593,-113660
145009,432128,-1662976,1953792,-2727936,-105910,-8861,4079,-118850
145014,432128,-1662976,2015232,-2739200,-108220,-8939,2766,-119925
145019,432128,-1662976,2073600,-2748416,-112210,-9020,3060,-124290
145024,419840,-1577984,2125824,-2750464,-119140,-9112,5155,-133407
145029,419840,-1528832,2226176,-2757632,-123480,-9198,5774,-138452
145034,419840,-1528832,2278400,-2744320,-127050,-9287,5844,-142181
145039,419840,-1528832,2339840,-2720768,-131670,-9388,6424,-147482
145044,423936,-1528832,2393088,-2702336,-134610,-9481,6352,-150443
145049,423936,-1528832,2439168,-2675712,-137760,-9577,6436,-153773
145054,423936,-1528832,2461696,-2678784,-136500,-9685,2306,-148491
145059,423936,-1528832,2445312,-2649088,-138180,-9785,1131,-149096
145064,423936,-1528832,2472960,-2628608,-140070,-9887,286,-150243
145069,423936,-1528832,2507776,-2623488,-145040,-10001,2305,-157346
145074,423936,-1528832,2612224,-2586624,-149590,-10108,3879,-163577
145079,423936,-1528832,2676736,-2524160,-154000,-10215,5525,-169740
145084,653312,-1645568,2714624,-2463744,-140210,-10325,4876,-155411
145089,665600,-1628160,2681856,-2427904,-137830,-10424,1593,-149847
145094,665600,-1628160,2670592,-2406400,-137060,-10500,-857,-146703
145099,665600,-1628160,2681856,-2397184,-140490,-10500,636,-151626
145104,659456,-1577984,2800640,-2361344,-146370,-10500,3819,-160689
145109,659456,-1577984,2859008,-2285568,-150360,-10500,5495,-166355
145114,659456,-1577984,2886656,-2236416,-152250,-10500,4194,-165894
145119,659456,-1577984,2819072,-2233344,-147630,-10500,-73,-158057
145124,659456,-1577984,2804736,-2234368,-146650,-10500,-1670,-155480
145129,574464,-1184768,2832384,-2217984,-154350,-10500,-431,-164419
145134,564224,-1149952,2926592,-2156544,-161490,-10500,4336,-176326
145139,564224,-1149952,2911232,-2126848,-160440,-10500,2819,-173759
145144,564224,-1149952,2855936,-2115584,-156660,-10500,-813,-166347
145149,419840,-896000,2778112,-2117632,-161210,-10500,-4888,-166822
145154,419840,-896000,2803712,-2070528,-162960,-10500,-2629,-170831
145159,416768,-878592,2845696,-2004992,-166040,-10500,568,-177108
145164,416768,-878592,2812928,-1951744,-163800,-10500,-552,-173748
145169,405504,-713728,2744320,-1925120,-159880,-10500,-3321,-167059
145174,405504,-713728,2681856,-1865728,-155610,-10500,-5315,-160795
145179,405504,-636928,2736128,-1766400,-159320,-10500,-98,-169722
145184,405504,-636928,2719744,-1713152,-158200,-10500,495,-169195
145189,405504,-636928,2668544,-1683456,-154700,-10500,-1004,-164196
145194,387072,-594944,2557952,-1655808,-148400,-10500,-5503,-153397
145199,372736,-574464,2528256,-1582080,-147350,-10500,-5282,-152568
145204,372736,-574464,2540544,-1496064,-148190,-10500,-2308,-156382
145209,372736,-574464,2506752,-1483776,-145880,-10500,-2121,-154259
145214,345088,-560128,2417664,-1435648,-141680,-10500,-4748,-147432
145219,345088,-560128,2329600,-1341440,-135660,-10500,-6046,-140604
145224,331776,-514048,2310144,-1196032,-135240,-10500,-4052,-141688
145229,324608,-483328,2257920,-1141760,-132160,-10500,-3507,-139153
145234,324608,-483328,2187264,-1113088,-126490,-10500,-4424,-132566
145239,324608,-483328,2082816,-1073152,-120190,-10500,-6188,-124502
145244,224256,-327680,2019328,-935936,-122710,-10500,-6094,-127116
145249,224256,-327680,1969152,-821248,-119280,-10500,-4676,-125734
145254,184320,-308224,1924096,-816128,-118930,-10500,-4591,-124839
145259,184320,-308224,1876992,-794624,-115710,-10500,-4242,-121968
145264,184320,-308224,1841152,-689152,-113260,-10500,-3239,-122138
145269,27648,-129024,1809408,-482304,-121800,-10500,-2053,-130247
145274,27648,-129024,1730560,-396288,-116410,-10500,-3922,-122988
145279,27648,-129024,1635328,-381952,-109900,-10500,-6325,-114075
145284,-7168,-15360,1587200,-354304,-108990,-10500,-5323,-114167
145289,-7168,-9216,1576960,-235520,-108290,-10500,-2691,-116099
145294,-7168,-9216,1508352,-106496,-103600,-10500,-3408,-110692
145299,-7168,-9216,1335296,-13312,-91770,-10500,-9084,-93186
145304,-7168,-6144,1228800,33792,-84490,-10500,-10600,-84390
145309,-7168,-6144,1163264,143360,-80010,-10500,-9359,-85850
145314,-10240,0,1152000,280576,-79450,-10500,-5021,-84929
145319,-10240,0,1083392,316416,-74760,-10500,-4572,-80688
145324,-10240,0,969728,321536,-66990,-10500,-6985,-66697
145329,-83968,83968,834560,377856,-62790,-10500,-9929,-63361
145334,-154624,212992,799744,479232,-65240,-10500,-7719,-68021
145339,-154624,212992,744448,535552,-61530,-10500,-6441,-65589
145344,-154624,212992,673792,503808,-56630,-10500,-6675,-60455
145349,-356352,436224,621568,490496,-66850,-10500,-5911,-71439
145354,-356352,436224,612352,506880,-68040,-10500,-1361,-77179
145359,-356352,436224,599040,564224,-65310,-10500,-974,-74836
145364,-626688,774144,514048,575488,-77980,-10500,-3071,-85409
145369,-626688,774144,399360,565248,-67900,-10500,-7988,-70412
145374,-720896,1013760,277504,617472,-68250,-10500,-9410,-69340
145379,-720896,1013760,228352,703488,-64890,-10500,-8048,-67342
145384,-720896,1013760,211968,850944,-63770,-10500,-4368,-69902
145389,-1285120,1285120,140288,924672,-97440,-10500,-4299,-103641
145394,-1562624,1437696,47104,961536,-110040,-10500,-5312,-115228
145399,-1562624,1437696,-80896,966656,-101290,-10500,-8075,-103715
145404,-1562624,1437696,-166912,1018880,-95410,-10500,-8008,-97902
145409,-2848768,2036736,-259072,1103872,-177030,-10500,-8129,-179401
145414,-2848768,2036736,-345088,1233920,-171150,-10500,-7111,-174539
145419,-3618816,2848768,-468992,1353728,-215320,-10500,-8050,-217770
145424,-7600128,3904512,-618496,1482752,-477260,-10500,-9866,-477894
145429,-7600128,3904512,-836608,1597440,-462350,-10500,-13884,-458966
145434,-7600128,3904512,-1094656,1745920,-444710,-10500,-19522,-435688
145439,-14696448,6926336,-1385472,1904640,-909930,-10500,-23909,-896521
145444,-14696448,6926336,-1781760,2105344,-882840,-10500,-29881,-863459
145449,-17213440,7522304,-2245632,2339840,-1023190,-10500,-36809,-996881
145454,-17213440,7522304,-2829312,2643968,-983290,-10500,-44654,-949136
145459,-17213440,7522304,-3676160,3063808,-925400,-10500,-57532,-878368
145464,-17213440,5798912,-4603904,3459072,-861980,-10500,-70915,-801565
145469,-17213440,5216256,-5548032,3812352,-797440,-10500,-78977,-728963
145474,-17213440,5216256,-6572032,4298752,-727440,-10500,-82219,-655721
145479,-17213440,5216256,-7601152,4779008,-657090,-10500,-87731,-579859
145484,-17213440,2880512,-8598528,5122048,-588910,-10500,-89465,-509945
145489,-15401984,1889280,-9649152,5465088,-393260,-10500,-88322,-315438
145494,-15401984,1889280,-10609664,5906432,-327600,-10500,-88211,-249889
145499,-15401984,1889280,-11453440,6258688,-269920,-10500,-81782,-193878
145504,-7219200,660480,-12317696,6445056,348530,-10476,-77404,415458
145509,-7219200,660480,-13017088,6597632,396340,-10208,-73993,460125
145514,-6507520,493568,-13558784,6773760,482020,-9892,-61959,532050
145519,-6507520,493568,-13937664,6892544,507920,-9500,-45671,544091
145524,-6507520,493568,-14185472,6887424,524860,-9129,-33978,549709
145529,-2473984,188416,-14280704,6806528,807100,-8575,-20835,819500
145534,-2473984,188416,-14167040,6677504,799330,-8000,-5714,797044
145539,-2473984,188416,-13905920,6525952,781480,-7435,8764,765281
145544,-817152,-6144,-13503488,6324224,867230,-6838,22620,837772
145549,-817152,-6144,-12896256,6130688,825720,-6172,37677,781871
145554,-817152,-6144,-12286976,5945344,784070,-5596,47148,731326
145559,-463872,-12288,-11607040,5706752,761740,-5043,54505,702192
145564,-353280,-39936,-10745856,5405696,710430,-4467,63427,642536
145569,-353280,-39936,-9975808,5136384,657790,-3980,66717,587093
145574,-353280,-39936,-9219072,4914176,600530,-3487,68027,529016
145579,-163840,-129024,-8345600,4640768,559300,-3078,69971,486251
145584,-163840,-129024,-7537664,4411392,504070,-2699,74383,426988
145589,-117760,-144384,-6625280,4196352,444850,-2330,79965,355345
145594,-117760,-144384,-5401600,3844096,361200,-2047,90964,268189
145599,-117760,-144384,-3788800,2987008,250950,-1828,120272,128850
145604,-117760,-144384,-1355776,-433152,66500,-1713,171079,-106292
145609,3072,-334848,-932864,-2842624,63980,-1693,82404,-20117
145614,3072,-334848,-364544,-2942976,25130,-1657,71232,-47759
145619,3072,-334848,223232,-2911232,-21700,-1645,70838,-94183
145624,-4096,-435200,927744,-2754560,-63700,-1678,65052,-130430
145629,-4096,-435200,1135616,-2750464,-77910,-1727,44234,-123871
145634,-4096,-435200,1406976,-2973696,-94500,-1798,30439,-126737
145639,0,-536576,1031168,-3303424,-70490,-1858,-251,-72097
145644,0,-536576,517120,-3706880,-35350,-1897,-23338,-13909
145649,0,-536576,-47104,-4065280,8540,-1906,-38693,45327
145654,0,-531456,-734208,-4418560,50190,-1884,-47266,95572
145659,0,-531456,-1252352,-4627456,85610,-1834,-47172,130948
145664,-4096,-536576,-1810432,-4939776,123480,-1749,-51756,178107
145669,-4096,-536576,-2277376,-5105664,155400,-1646,-44193,197947
145674,-4096,-536576,-2665472,-5180416,181930,-1524,-39824,220230
145679,0,-545792,-2971648,-5261312,203140,-1385,-31245,231964
145684,9216,-605184,-2989056,-4962304,204960,-1225,-17233,220968
145689,9216,-605184,-3085312,-4750336,211540,-1075,-13019,223484
145694,9216,-605184,-3020800,-4537344,207130,-911,-2150,206059
145699,9216,-605184,-2848768,-4073472,195370,-768,5338,189264
145704,9216,-605184,-2823168,-3781632,193620,-628,4367,188625
145709,337920,-1062912,-2869248,-3628032,219240,-477,-426,218150
145714,337920,-1062912,-2913280,-3414016,222250,-303,-2246,224193
145719,337920,-1062912,-3062784,-3245056,232470,-140,-7333,239663
145725,1220608,-1908736,-3304448,-3200000,311500,90,-15353,326943
145730,1220608,-1908736,-3568640,-3226624,327390,318,-18709,346417
145735,1220608,-1908736,-3795968,-3151872,342930,558,-19478,362966
145740,1220608,-1908736,-4030464,-3010560,360640,837,-20056,381533
145745,1062912,-2079744,-4289536,-2931712,365890,1098,-21340,388328
145750,1062912,-2079744,-4465664,-2845696,377930,1364,-19385,398679
145755,1062912,-2079744,-4549632,-2661376,383180,1663,-12962,397805
145760,564224,-1094656,-4628480,-2513920,354970,1930,-10350,367250
145765,564224,-1094656,-4776960,-2448384,365120,2189,-11124,378433
145770,564224,-1094656,-4804608,-2430976,367010,2215,-12011,381236
145775,564224,-1094656,-4804608,-2430976,367010,2215,-12011,381236
145780,564224,-1094656,-4804608,-2430976,367010,2215,-12011,381236
145785,564224,-1094656,-4804608,-2430976,367010,2215,-12011,381236
145790,564224,-1094656,-4804608,-2430976,367010,2215,-12011,381236
145795,564224,-1094656,-4804608,-2430976,367010,2215,-12011,381236
145800,564224,-1094656,-4804608,-2430976,367010,2215,-12011,381236
145805,564224,-1094656,-4804608,-2430976,367010,2215,-12011,381236
145810,564224,-1094656,-4804608,-2430976,367010,2215,-12011,381236
145815,564224,-1094656,-4804608,-2430976,367010,2215,-12011,381236
145820,564224,-1094656,-4804608,-2430976,367010,2215,-12011,381236
145825,564224,-1094656,-4804608,-2430976,367010,2215,-12011,381236
145830,564224,-1094656,-4804608,-2430976,367010,2215,-12011,381236
145835,564224,-1094656,-4804608,-2430976,367010,2215,-12011,381236
145840,564224,-1094656,-4804608,-2430976,367010,2215,-12011,381236
145845,564224,-1094656,-4804608,-2430976,367010,2215,-12011,381236
145850,564224,-1094656,-4804608,-2430976,367010,2215,-12011,381236
145855,564224,-1094656,-4804608,-2430976,367010,2215,-12011,381236
145860,564224,-1094656,-4804608,-2430976,367010,2215,-12011,381236
145865,564224,-1094656,-4804608,-2430976,367010,2215,-12011,381236
145870,564224,-1094656,-4804608,-2430976,367010,2215,-12011,381236
145875,564224,-1094656,-4804608,-2430976,367010,2215,-12011,381236
145880,564224,-1094656,-4804608,-2430976,367010,2215,-12011,381236
145885,564224,-1094656,-4804608,-2430976,367010,2215,-12011,381236
145890,564224,-1094656,-4804608,-2430976,367010,2215,-12011,381236
145895,564224,-1094656,-4804608,-2430976,367010,2215,-12011,381236
145900,564224,-1094656,-4804608,-2430976,367010,2215,-12011,381236
145905,564224,-1094656,-4804608,-2430976,367010,2215,-12011,381236
145910,564224,-1094656,-4804608,-2430976,367010,2215,-12011,381236
145915,564224,-1094656,-4804608,-2430976,367010,2215,-12011,381236
145920,564224,-1094656,-4804608,-2430976,367010,2215,-12011,381236
145925,564224,-1094656,-4804608,-2430976,367010,2215,-12011,381236
145930,564224,-1094656,-4804608,-2430976,367010,2215,-12011,381236
145935,564224,-1094656,-4804608,-2430976,367010,2215,-12011,381236
145940,564224,-1094656,-4804608,-2430976,367010,2215,-12011,381236
145945,564224,-1094656,-4804608,-2430976,367010,2215,-12011,381236
145950,564224,-1094656,-4804608,-2430976,367010,2215,-12011,381236
145955,564224,-1094656,-4804608,-2430976,367010,2215,-12011,381236
145960,564224,-1094656,-4804608,-2430976,367010,2215,-12011,381236
145965,564224,-1094656,-4804608,-2430976,367010,2215,-12011,381236
145970,564224,-1094656,-4804608,-2430976,367010,2215,-12011,381236
145975,564224,-1094656,-4804608,-2430976,367010,2215,-12011,381236
145980,564224,-1094656,-4804608,-2430976,367010,2215,-12011,381236
145985,564224,-1094656,-4804608,-2430976,367010,2215,-12011,381236
145990,564224,-1094656,-4804608,-2430976,367010,2215,-12011,381236
145995,564224,-1094656,-4804608,-2430976,367010,2215,-12011,381236
146000,564224,-1094656,-4804608,-2430976,367010,2215,-12011,381236
146005,564224,-1094656,-4804608,-2430976,367010,2215,-12011,381236
146010,564224,-1094656,-4804608,-2430976,367010,2215,-12011,381236
146015,564224,-1094656,-4804608,-2430976,367010,2215,-12011,381236
146020,564224,-1094656,-4804608,-2430976,367010,2215,-12011,381236
146025,564224,-1094656,-4804608,-2430976,367010,2215,-12011,381236
146030,564224,-1094656,-4804608,-2430976,367010,2215,-12011,381236
146035,564224,-1094656,-4804608,-2430976,367010,2215,-12011,381236
146040,564224,-1094656,-4804608,-2430976,367010,2215,-12011,381236
146045,564224,-1094656,-4804608,-2430976,367010,2215,-12011,381236
146050,564224,-1094656,-4804608,-2430976,367010,2215,-12011,381236
146055,564224,-1094656,-4804608,-2430976,367010,2215,-12011,381236
146060,564224,-1094656,-4804608,-2430976,367010,2215,-12011,381236
146065,564224,-1094656,-4804608,-2430976,367010,2215,-12011,381236
146070,564224,-1094656,-4804608,-2430976,367010,2215,-12011,381236
146075,564224,-1094656,-4804608,-2430976,367010,2215,-12011,381236
146080,564224,-1094656,-4804608,-2430976,367010,2215,-12011,381236
146085,564224,-1094656,-4804608,-2430976,367010,2215,-12011,381236
146090,564224,-1094656,-4804608,-2430976,367010,2215,-12011,381236
146095,564224,-1094656,-4804608,-2430976,367010,2215,-12011,381236
146100,564224,-1094656,-4804608,-2430976,367010,2215,-12011,381236
146105,564224,-1094656,-4804608,-2430976,367010,2215,-12011,381236
146110,564224,-1094656,-4804608,-2430976,367010,2215,-12011,381236
146115,564224,-1094656,-4804608,-2430976,367010,2215,-12011,381236
146120,564224,-1094656,-4804608,-2430976,367010,2215,-12011,381236
146125,564224,-1094656,-4804608,-2430976,367010,2215,-12011,381236
146130,564224,-1094656,-4804608,-2430976,367010,2215,-12011,381236
146135,564224,-1094656,-4804608,-2430976,367010,2215,-12011,381236
146140,564224,-1094656,-4804608,-2430976,367010,2215,-12011,381236
146145,564224,-1094656,-4804608,-2430976,367010,2215,-12011,381236
146150,564224,-1094656,-4804608,-2430976,367010,2215,-12011,381236
146155,564224,-1094656,-4804608,-2430976,367010,2215,-12011,381236
146160,564224,-1094656,-4804608,-2430976,367010,2215,-12011,381236
146165,564224,-1094656,-4804608,-2430976,367010,2215,-12011,381236
146170,564224,-1094656,-4804608,-2430976,367010,2215,-12011,381236
146175,564224,-1094656,-4804608,-2430976,367010,2215,-12011,381236
146180,564224,-1094656,-4804608,-2430976,367010,2215,-12011,381236
146185,564224,-1094656,-4804608,-2430976,367010,2215,-12011,381236
146190,564224,-1094656,-4804608,-2430976,367010,2215,-12011,381236
146195,564224,-1094656,-4804608,-2430976,367010,2215,-12011,381236
146200,564224,-1094656,-4804608,-2430976,367010,2215,-12011,381236
146205,564224,-1094656,-4804608,-2430976,367010,2215,-12011,381236
146210,564224,-1094656,-4804608,-2430976,367010,2215,-12011,381236
146215,564224,-1094656,-4804608,-2430976,367010,2215,-12011,381236
146220,564224,-1094656,-4804608,-2430976,367010,2215,-12011,381236
146225,564224,-1094656,-4804608,-2430976,367010,2215,-12011,381236
146230,564224,-1094656,-4804608,-2430976,367010,2215,-12011,381236
146235,564224,-1094656,-4804608,-2430976,367010,2215,-12011,381236
146240,564224,-1094656,-4804608,-2430976,367010,2215,-12011,381236
146245,564224,-1094656,-4804608,-2430976,367010,2215,-12011,381236
146250,564224,-1094656,-4804608,-2430976,367010,2215,-12011,381236
146255,564224,-1094656,-4804608,-2430976,367010,2215,-12011,381236
146260,564224,-1094656,-4804608,-2430976,367010,2215,-12011,381236
146265,564224,-1094656,-4804608,-2430976,367010,2215,-12011,381236
146270,564224,-1094656,-4804608,-2430976,367010,2215,-12011,381236
146275,564224,-1094656,-4804608,-2430976,367010,2215,-12011,381236
146280,564224,-1094656,-4804608,-2430976,367010,2215,-12011,381236
146285,564224,-1094656,-4804608,-2430976,367010,2215,-12011,381236
146290,564224,-1094656,-4804608,-2430976,367010,2215,-12011,381236
146295,564224,-1094656,-4804608,-2430976,367010,2215,-12011,381236
146300,564224,-1094656,-4804608,-2430976,367010,2215,-12011,381236
146305,564224,-1094656,-4804608,-2430976,367010,2215,-12011,381236
146310,564224,-1094656,-4804608,-2430976,367010,2215,-12011,381236
146315,564224,-1094656,-4804608,-2430976,367010,2215,-12011,381236
146320,564224,-1094656,-4804608,-2430976,367010,2215,-12011,381236
146325,564224,-1094656,-4804608,-2430976,367010,2215,-12011,381236
146330,564224,-1094656,-4804608,-2430976,367010,2215,-12011,381236
146335,564224,-1094656,-4804608,-2430976,367010,2215,-12011,381236
146340,564224,-1094656,-4804608,-2430976,367010,2215,-12011,381236
146345,564224,-1094656,-4804608,-2430976,367010,2215,-12011,381236
146350,564224,-1094656,-4804608,-2430976,367010,2215,-12011,381236
146355,564224,-1094656,-4804608,-2430976,367010,2215,-12011,381236
146360,564224,-1094656,-4804608,-2430976,367010,2215,-12011,381236
146365,564224,-1094656,-4804608,-2430976,367010,2215,-12011,381236
146370,564224,-1094656,-4804608,-2430976,367010,2215,-12011,381236
146375,564224,-1094656,-4804608,-2430976,367010,2215,-12011,381236
146380,564224,-1094656,-4804608,-2430976,367010,2215,-12011,381236
146385,564224,-1094656,-4804608,-2430976,367010,2215,-12011,381236
146390,564224,-1094656,-4804608,-2430976,367010,2215,-12011,381236
146395,564224,-1094656,-4804608,-2430976,367010,2215,-12011,381236
146400,564224,-1094656,-4804608,-2430976,367010,2215,-12011,381236
146405,564224,-1094656,-4804608,-2430976,367010,2215,-12011,381236
146410,564224,-1094656,-4804608,-2430976,367010,2215,-12011,381236
146415,564224,-1094656,-4804608,-2430976,367010,2215,-12011,381236
146420,564224,-1094656,-4804608,-2430976,367010,2215,-12011,381236
146425,564224,-1094656,-4804608,-2430976,367010,2215,-12011