R
Px,Ix,Dx,Py,Iy,Dy,Pz,Iz,FFrx,FFry,FFdrx,FFdry,satI,satPID,DTermC,GparamC,AparamC,KFQAng,KFQbias,KFRmeas,CPx,CIx,CPy,CIy,CsatI,CsatPID,CFFdrx,CFFdry,CFalpha,FFDTermC,IRelaxR,IRelaxE,DmaxR,DmaxE,DMx,DMy
55,5,25,65,5,25,350,10,0,0,0,0,7,75,10,10.0,64.0,0.000100,0.003000,50,30,0,30,0,75,300,0,0,0.995,10.000,300,100,300,100,25,25
sysTime,PIDRefX,PIDRefY,PIDRefZ,PIDSensX,PIDSensY,PIDSensZ,PIDPoutX,PIDIoutX,PIDDoutX
439.604,-17.562,-2.744,0.000,169.178,202.415,159.200,-9.337,-0.333,22.654
439.610,-17.562,-2.744,0.000,169.178,202.415,159.200,-9.337,-0.333,22.654
439.615,-17.562,-2.744,0.000,169.178,202.415,159.200,-9.337,-0.333,22.654
439.621,-17.562,-2.744,0.000,169.178,202.415,159.200,-9.337,-0.333,22.654
439.627,-17.562,-2.744,0.000,169.178,202.415,159.200,-9.337,-0.333,22.654
439.634,-17.562,-2.744,0.000,169.178,202.415,159.200,-9.337,-0.333,22.654
439.640,-17.562,-2.744,0.000,169.178,202.415,159.200,-9.337,-0.333,22.654
439.646,-17.562,-2.744,0.000,169.178,202.415,159.200,-9.337,-0.333,22.654
439.652,-17.562,-2.744,0.000,169.178,202.415,159.200,-9.337,-0.333,22.654
439.657,-17.562,-2.744,0.000,169.178,202.415,159.200,-9.337,-0.333,22.654
439.663,-17.562,-2.744,0.000,169.178,202.415,159.200,-9.337,-0.333,22.654
439.669,-17.562,-2.744,0.000,169.178,202.415,159.200,-9.337,-0.333,22.654
439.675,-17.562,-2.744,0.000,169.178,202.415,159.200,-9.337,-0.333,22.654
439.681,-17.562,-2.744,0.000,169.178,202.415,159.200,-9.337,-0.333,22.654
439.687,-17.562,-2.744,0.000,169.178,202.415,159.200,-9.337,-0.333,22.654
439.694,-17.562,-2.744,0.000,169.178,202.415,159.200,-9.337,-0.333,22.654
439.699,-17.562,-2.744,0.000,169.178,202.415,159.200,-9.337,-0.333,22.654
439.705,-17.562,-2.744,0.000,169.178,202.415,159.200,-9.337,-0.333,22.654
439.711,-17.562,-2.744,0.000,169.178,202.415,159.200,-9.337,-0.333,22.654
439.717,-17.562,-2.744,0.000,169.178,202.415,159.200,-9.337,-0.333,22.654
439.723,-17.562,-2.744,0.000,169.178,202.415,159.200,-9.337,-0.333,22.654
439.729,-17.562,-2.744,0.000,169.178,202.415,159.200,-9.337,-0.333,22.654
439.735,-17.562,-2.744,0.000,169.178,202.415,159.200,-9.337,-0.333,22.654
439.740,-17.562,-2.744,0.000,169.178,202.415,159.200,-9.337,-0.333,22.654
439.746,-17.562,-2.744,0.000,169.178,202.415,159.200,-9.337,-0.333,22.654
439.752,-17.562,-2.744,0.000,169.178,202.415,159.200,-9.337,-0.333,22.654
439.758,-17.562,-2.744,0.000,169.178,202.415,159.200,-9.337,-0.333,22.654
439.765,-17.562,-2.744,0.000,169.178,202.415,159.200,-9.337,-0.333,22.654
439.771,-17.562,-2.744,0.000,169.178,202.415,159.200,-9.337,-0.333,22.654
439.776,-17.562,-2.744,0.000,169.178,202.415,159.200,-9.337,-0.333,22.654
439.782,-17.562,-2.744,0.000,169.178,202.415,159.200,-9.337,-0.333,22.654
439.788,-17.562,-2.744,0.000,169.178,202.415,159.200,-9.337,-0.333,22.654
439.794,-17.562,-2.744,0.000,169.178,202.415,159.200,-9.337,-0.333,22.654
439.800,-17.562,-2.744,0.000,169.178,202.415,159.200,-9.337,-0.333,22.654
439.806,-17.562,-2.744,0.000,169.178,202.415,159.200,-9.337,-0.333,22.654
439.812,-17.562,-2.744,0.000,169.178,202.415,159.200,-9.337,-0.333,22.654
439.818,-17.562,-2.744,0.000,169.178,202.415,159.200,-9.337,-0.333,22.654
439.824,-17.562,-2.744,0.000,169.178,202.415,159.200,-9.337,-0.333,22.654
439.830,-17.562,-2.744,0.000,169.178,202.415,159.200,-9.337,-0.333,22.654
439.836,-17.562,-2.744,0.000,169.178,202.415,159.200,-9.337,-0.333,22.654
439.842,-17.562,-2.744,0.000,169.178,202.415,159.200,-9.337,-0.333,22.654
439.848,-17.562,-2.744,0.000,169.178,202.415,159.200,-9.337,-0.333,22.654
439.854,-17.562,-2.744,0.000,169.178,202.415,159.200,-9.337,-0.333,22.654
439.859,-17.562,-2.744,0.000,169.178,202.415,159.200,-9.337,-0.333,22.654
439.866,-17.562,-2.744,0.000,169.178,202.415,159.200,-9.337,-0.333,22.654
439.872,-17.562,-2.744,0.000,169.178,202.415,159.200,-9.337,-0.333,22.654
439.878,-17.562,-2.744,0.000,169.178,202.415,159.200,-9.337,-0.333,22.654
439.884,-17.562,-2.744,0.000,169.178,202.415,159.200,-9.337,-0.333,22.654
439.890,-17.562,-2.744,0.000,169.178,202.415,159.200,-9.337,-0.333,22.654
439.896,-17.562,-2.744,0.000,169.178,202.415,159.200,-9.337,-0.333,22.654
439.901,-17.562,-2.744,0.000,169.178,202.415,159.200,-9.337,-0.333,22.654
439.907,-17.562,-2.744,0.000,169.178,202.415,159.200,-9.337,-0.333,22.654
439.913,-17.562,-2.744,0.000,169.178,202.415,159.200,-9.337,-0.333,22.654
439.919,-17.562,-2.744,0.000,169.178,202.415,159.200,-9.337,-0.333,22.654
439.925,-17.562,-2.744,0.000,169.178,202.415,159.200,-9.337,-0.333,22.654
439.932,-17.562,-2.744,0.000,169.178,202.415,159.200,-9.337,-0.333,22.654
439.938,-17.562,-2.744,0.000,169.178,202.415,159.200,-9.337,-0.333,22.654
439.943,-17.562,-2.744,0.000,169.178,202.415,159.200,-9.337,-0.333,22.654
439.949,-17.562,-2.744,0.000,169.178,202.415,159.200,-9.337,-0.333,22.654
439.955,-17.562,-2.744,0.000,169.178,202.415,159.200,-9.337,-0.333,22.654
439.961,-17.562,-2.744,0.000,169.178,202.415,159.200,-9.337,-0.333,22.654
439.967,-17.562,-2.744,0.000,169.178,202.415,159.200,-9.337,-0.333,22.654
439.973,-17.562,-2.744,0.000,169.178,202.415,159.200,-9.337,-0.333,22.654
439.979,-17.562,-2.744,0.000,169.178,202.415,159.200,-9.337,-0.333,22.654
439.984,-17.562,-2.744,0.000,169.178,202.415,159.200,-9.337,-0.333,22.654
439.991,-17.562,-2.744,0.000,169.178,202.415,159.200,-9.337,-0.333,22.654
439.997,-17.562,-2.744,0.000,169.178,202.415,159.200,-9.337,-0.333,22.654
440.003,-17.562,-2.744,0.000,169.178,202.415,159.200,-9.337,-0.333,22.654
440.009,-17.562,-2.744,0.000,169.178,202.415,159.200,-9.337,-0.333,22.654
440.015,-17.562,-2.744,0.000,169.178,202.415,159.200,-9.337,-0.333,22.654
440.021,-17.562,-2.744,0.000,169.178,202.415,159.200,-9.337,-0.333,22.654
440.026,-17.562,-2.744,0.000,169.178,202.415,159.200,-9.337,-0.333,22.654
440.032,-17.562,-2.744,0.000,169.178,202.415,159.200,-9.337,-0.333,22.654
440.038,-17.562,-2.744,0.000,169.178,202.415,159.200,-9.337,-0.333,22.654
440.044,-17.562,-2.744,0.000,169.178,202.415,159.200,-9.337,-0.333,22.654
440.051,-17.562,-2.744,0.000,169.178,202.415,159.200,-9.337,-0.333,22.654
440.057,-17.562,-2.744,0.000,169.178,202.415,159.200,-9.337,-0.333,22.654
440.063,-17.562,-2.744,0.000,169.178,202.415,159.200,-9.337,-0.333,22.654
440.068,-17.562,-2.744,0.000,169.178,202.415,159.200,-9.337,-0.333,22.654
440.074,-17.562,-2.744,0.000,169.178,202.415,159.200,-9.337,-0.333,22.654
440.080,-17.562,-2.744,0.000,169.178,202.415,159.200,-9.337,-0.333,22.654
440.086,-17.562,-2.744,0.000,169.178,202.415,159.200,-9.337,-0.333,22.654
440.092,-17.562,-2.744,0.000,169.178,202.415,159.200,-9.337,-0.333,22.654
440.098,-17.562,-2.744,0.000,169.178,202.415,159.200,-9.337,-0.333,22.654
440.104,-17.562,-2.744,0.000,169.178,202.415,159.200,-9.337,-0.333,22.654
440.109,-17.562,-2.744,0.000,169.178,202.415,159.200,-9.337,-0.333,22.654
440.115,-17.562,-2.744,0.000,169.178,202.415,159.200,-9.337,-0.333,22.654
440.122,-17.562,-2.744,0.000,169.178,202.415,159.200,-9.337,-0.333,22.654
440.128,-17.562,-2.744,0.000,169.178,202.415,159.200,-9.337,-0.333,22.654
440.134,-17.562,-2.744,0.000,169.178,202.415,159.200,-9.337,-0.333,22.654
440.140,-17.562,-2.744,0.000,169.178,202.415,159.200,-9.337,-0.333,22.654
440.146,-17.562,-2.744,0.000,169.178,202.415,159.200,-9.337,-0.333,22.654
440.151,-17.562,-2.744,0.000,169.178,202.415,159.200,-9.337,-0.333,22.654
440.157,-17.562,-2.744,0.000,169.178,202.415,159.200,-9.337,-0.333,22.654
440.163,-17.562,-2.744,0.000,169.178,202.415,159.200,-9.337,-0.333,22.654
440.169,-17.562,-2.744,0.000,169.178,202.415,159.200,-9.337,-0.333,22.654
440.175,-17.562,-2.744,0.000,169.178,202.415,159.200,-9.337,-0.333,22.654
440.182,-17.562,-2.744,0.000,169.178,202.415,159.200,-9.337,-0.333,22.654
440.188,-17.562,-2.744,0.000,169.178,202.415,159.200,-9.337,-0.333,22.654
440.193,-17.562,-2.744,0.000,169.178,202.415,159.200,-9.337,-0.333,22.654
440.199,-17.562,-2.744,0.000,169.178,202.415,159.200,-9.337,-0.333,22.654
440.205,-17.562,-2.744,0.000,169.178,202.415,159.200,-9.337,-0.333,22.654
440.211,-17.562,-2.744,0.000,169.178,202.415,159.200,-9.337,-0.333,22.654
440.217,-17.562,-2.744,0.000,169.178,202.415,159.200,-9.337,-0.333,22.654
440.223,-17.562,-2.744,0.000,169.178,202.415,159.200,-9.337,-0.333,22.654
440.229,-17.562,-2.744,0.000,169.178,202.415,159.200,-9.337,-0.333,22.654
440.234,-17.562,-2.744,0.000,169.178,202.415,159.200,-9.337,-0.333,22.654
440.240,-17.562,-2.744,0.000,169.178,202.415,159.200,-9.337,-0.333,22.654
440.247,-17.562,-2.744,0.000,169.178,202.415,159.200,-9.337,-0.333,22.654
440.253,-17.562,-2.744,0.000,169.178,202.415,159.200,-9.337,-0.333,22.654
440.259,-17.562,-2.744,0.000,169.178,202.415,159.200,-9.337,-0.333,22.654
440.265,-17.562,-2.744,0.000,169.178,202.415,159.200,-9.337,-0.333,22.654
440.271,-17.562,-2.744,0.000,169.178,202.415,159.200,-9.337,-0.333,22.654
440.276,-17.562,-2.744,0.000,169.178,202.415,159.200,-9.337,-0.333,22.654
440.282,-17.562,-2.744,0.000,169.178,202.415,159.200,-9.337,-0.333,22.654
440.288,-17.562,-2.744,0.000,169.178,202.415,159.200,-9.337,-0.333,22.654
440.294,-17.562,-2.744,0.000,169.178,202.415,159.200,-9.337,-0.333,22.654
440.300,-17.562,-2.744,0.000,169.178,202.415,159.200,-9.337,-0.333,22.654
440.307,-17.562,-2.744,0.000,169.178,202.415,159.200,-9.337,-0.333,22.654
440.312,-17.562,-2.744,0.000,169.178,202.415,159.200,-9.337,-0.333,22.654
440.318,-17.562,-2.744,0.000,169.178,202.415,159.200,-9.337,-0.333,22.654
440.324,-17.562,-2.744,0.000,169.178,202.415,159.200,-9.337,-0.333,22.654
440.330,-17.562,-2.744,0.000,169.178,202.415,159.200,-9.337,-0.333,22.654
440.336,-17.562,-2.744,0.000,169.178,202.415,159.200,-9.337,-0.333,22.654
440.342,-17.562,-2.744,0.000,169.178,202.415,159.200,-9.337,-0.333,22.654
440.348,-17.562,-2.744,0.000,169.178,202.415,159.200,-9.337,-0.333,22.654
440.353,-17.562,-2.744,0.000,169.178,202.415,159.200,-9.337,-0.333,22.654
440.359,-17.562,-2.744,0.000,169.178,202.415,159.200,-9.337,-0.333,22.654
440.366,-17.562,-2.744,0.000,169.178,202.415,159.200,-9.337,-0.333,22.654
440.372,-17.562,-2.744,0.000,169.178,202.415,159.200,-9.337,-0.333,22.654
440.378,-17.562,-2.744,0.000,169.178,202.415,159.200,-9.337,-0.333,22.654
440.384,-17.562,-2.744,0.000,169.178,202.415,159.200,-9.337,-0.333,22.654
440.390,-17.562,-2.744,0.000,169.178,202.415,159.200,-9.337,-0.333,22.654
440.395,-17.562,-2.744,0.000,169.178,202.415,159.200,-9.337,-0.333,22.654
440.401,-17.562,-2.744,0.000,169.178,202.415,159.200,-9.337,-0.333,22.654
440.407,-17.562,-2.744,0.000,169.178,202.415,159.200,-9.337,-0.333,22.654
440.413,-17.562,-2.744,0.000,169.178,202.415,159.200,-9.337,-0.333,22.654
440.420,-12.679,12.382,2.000,0.340,-0.411,1.035,-0.716,-0.002,0.056
440.425,-5.355,5.058,2.000,0.025,-0.023,0.421,-0.296,-0.004,-0.006
440.430,1.981,-2.279,2.000,-0.007,-1.338,0.846,0.109,-0.004,0.006
440.435,9.349,-9.796,2.000,0.956,-1.382,-0.026,0.462,-0.003,0.113
440.440,16.718,-17.164,2.000,0.947,-0.892,1.381,0.867,0.001,0.083
440.445,24.086,-24.532,2.000,0.557,-0.820,1.157,1.294,0.006,0.031
440.451,31.454,-31.900,2.000,-0.605,-0.943,0.890,1.763,0.014,-0.118
440.456,38.822,-39.269,2.000,-0.840,-0.575,0.623,2.181,0.024,-0.121
440.461,45.824,-46.270,2.000,-0.750,-0.103,0.456,2.562,0.035,-0.079
440.466,52.143,-52.440,2.000,-0.937,-0.032,0.230,2.919,0.048,-0.073
440.473,60.568,-61.014,2.000,0.012,-1.201,-0.202,3.331,0.067,0.061
440.478,66.887,-67.333,2.000,-0.395,-1.183,0.598,3.700,0.085,-0.011
440.483,73.206,-73.652,2.000,-0.574,-0.438,-0.325,4.058,0.104,-0.027
440.489,78.703,-79.150,2.000,-0.257,-1.339,0.285,4.343,0.124,0.023
440.494,83.390,-83.837,2.000,0.772,-1.237,-2.112,4.544,0.145,0.144
440.499,88.077,-88.524,2.000,1.802,-1.325,-2.269,4.745,0.167,0.231
440.504,92.764,-93.211,2.000,1.056,-1.330,-1.918,5.044,0.191,0.098
440.510,97.338,-97.784,2.000,1.686,-1.348,-1.689,5.261,0.216,0.141
440.515,100.248,-100.694,2.000,1.802,-1.133,-0.952,5.415,0.241,0.114
440.520,103.158,-103.605,2.000,1.442,-0.337,-1.180,5.594,0.269,0.041
440.525,106.069,-106.515,2.000,1.984,-0.051,-0.309,5.725,0.295,0.088
440.531,108.318,-108.764,2.000,1.160,0.427,-0.134,5.894,0.323,-0.045
440.536,109.415,-109.861,2.000,0.407,-0.007,0.344,5.995,0.350,-0.121
440.541,110.512,-110.958,2.000,1.288,-0.182,0.318,6.007,0.350,0.010
440.546,111.608,-112.054,2.000,0.536,0.570,0.758,6.109,0.350,-0.087
440.552,111.454,-111.900,2.000,0.378,1.142,0.089,6.109,0.350,-0.091
440.557,110.669,-111.115,2.000,-0.332,1.550,1.525,6.105,0.350,-0.153
440.562,109.883,-110.330,2.000,0.717,0.394,0.652,6.004,0.350,-0.005
440.568,109.098,-109.544,2.000,0.713,0.002,-1.596,5.961,0.350,-0.006
440.573,106.544,-106.990,2.000,-0.819,0.504,-0.838,5.905,0.350,-0.196
440.578,103.925,-104.372,2.000,-0.898,0.268,3.101,5.765,0.350,-0.157
440.583,101.311,-101.608,2.000,0.683,0.372,0.655,5.535,0.350,0.080
440.590,96.737,-97.034,2.000,-0.541,-0.915,-1.487,5.350,0.350,-0.119
440.596,90.820,-91.118,2.000,-2.524,-1.127,1.314,5.134,0.350,-0.327
440.601,86.383,-86.680,2.000,-1.156,0.217,-1.720,4.815,0.350,-0.083
440.608,80.467,-80.764,2.000,-1.411,-0.437,0.576,4.503,0.350,-0.101
440.614,72.576,-72.873,2.000,-0.291,-0.227,4.532,4.008,0.350,0.057
440.621,64.385,-64.682,2.000,0.809,-0.444,0.988,3.497,0.350,0.166
440.627,56.194,-56.491,2.000,-0.276,-0.131,-0.935,3.106,0.350,-0.022
440.634,48.003,-48.300,2.000,0.637,1.678,0.002,2.605,0.350,0.120
440.640,38.263,-38.709,2.000,1.263,1.810,0.505,2.035,0.350,0.153
440.646,30.939,-31.385,2.000,0.112,0.048,-0.062,1.695,0.350,0.000
440.651,23.614,-24.060,2.000,-0.231,-0.186,0.097,1.311,0.350,-0.057
440.656,16.290,-16.736,2.000,-0.238,-0.349,0.056,0.909,0.350,-0.036
440.662,8.965,-9.411,2.000,-0.149,-0.113,0.340,0.501,0.350,-0.019
440.667,1.641,-2.087,2.000,-0.699,0.084,-0.610,0.129,0.350,-0.078
440.672,-5.719,5.273,2.000,-0.424,-0.173,-0.447,-0.291,0.349,-0.015
440.678,-13.088,12.642,2.000,0.113,-0.754,0.629,-0.726,0.346,0.049
440.683,-20.457,20.011,2.000,-0.464,-1.062,0.184,-1.100,0.342,-0.027
440.688,-27.826,27.380,2.000,-0.711,-0.487,0.083,-1.491,0.335,-0.053
440.694,-35.195,34.749,2.000,-0.660,0.199,0.309,-1.899,0.327,-0.025
440.699,-42.564,42.118,2.000,-0.025,-0.450,1.324,-2.340,0.316,0.029
440.704,-49.026,48.580,2.000,-0.434,-1.460,2.333,-2.673,0.304,-0.042
440.709,-55.348,54.902,2.000,0.439,-1.329,1.476,-3.068,0.290,0.062
440.715,-61.669,61.223,2.000,0.754,-3.303,-0.223,-3.433,0.274,0.085
440.720,-67.991,67.544,2.000,0.556,-2.515,-0.704,-3.770,0.256,0.042
440.726,-74.312,73.866,2.000,-0.080,-1.362,-0.697,-4.083,0.236,-0.038
440.731,-79.514,79.068,2.000,0.827,-1.213,-0.709,-4.419,0.216,0.075
440.736,-84.205,83.758,2.000,0.470,-0.939,0.528,-4.657,0.194,0.007
440.741,-88.895,88.449,2.000,0.181,-0.181,1.245,-4.899,0.171,-0.025
440.747,-93.586,93.139,2.000,-0.117,0.615,0.498,-5.141,0.146,-0.037
440.752,-97.838,97.392,2.000,0.410,-0.408,-0.410,-5.404,0.121,0.041
440.757,-100.752,100.306,2.000,0.469,0.272,-0.036,-5.567,0.094,0.038
440.762,-103.667,103.221,2.000,-0.130,0.915,0.777,-5.695,0.067,-0.059
440.768,-106.581,106.135,2.000,0.141,-0.254,-0.062,-5.870,0.038,-0.005
440.773,-108.503,108.057,2.000,0.134,-0.725,1.596,-5.975,0.010,-0.004
440.779,-109.605,109.158,2.000,-0.374,0.108,1.065,-6.008,-0.019,-0.040
440.784,-110.706,110.259,2.000,1.123,-0.760,0.800,-6.151,-0.049,0.135
440.789,-111.807,111.509,2.000,0.965,-0.224,0.500,-6.202,-0.078,0.090
440.796,-111.052,110.606,2.000,-0.039,0.106,1.377,-6.106,-0.114,-0.037
440.801,-110.271,109.825,2.000,0.005,0.435,1.056,-6.065,-0.144,-0.031
440.806,-109.491,109.045,2.000,0.170,0.139,-1.326,-6.031,-0.174,-0.023
440.812,-107.827,107.381,2.000,-1.251,-0.736,-1.066,-5.862,-0.202,-0.179
440.817,-105.213,104.767,2.000,-0.031,-0.903,0.581,-5.785,-0.230,0.014
440.822,-102.599,102.153,2.000,0.097,-0.047,-0.338,-5.648,-0.258,0.024
440.828,-99.985,99.539,2.000,-0.521,-0.445,-1.063,-5.471,-0.284,-0.059
440.833,-95.948,95.502,2.000,0.671,-1.332,2.784,-5.314,-0.310,0.092
440.838,-91.514,91.068,2.000,0.080,-1.182,1.017,-5.038,-0.335,-0.008
440.844,-87.080,86.634,2.000,0.300,-0.738,-1.078,-4.806,-0.350,0.046
440.849,-82.647,82.200,2.000,-0.334,-1.260,1.899,-4.527,-0.350,-0.022
440.854,-77.628,77.182,2.000,-0.359,1.163,1.887,-4.250,-0.350,-0.030
440.860,-71.487,71.041,2.000,0.511,1.412,-0.086,-3.960,-0.350,0.073
440.865,-65.347,64.900,2.000,-0.522,1.620,-0.012,-3.565,-0.350,-0.061
440.870,-59.206,58.760,2.000,-1.425,1.543,-0.674,-3.178,-0.350,-0.156
440.876,-53.065,52.619,2.000,-1.504,0.701,-0.661,-2.836,-0.350,-0.126
440.881,-46.731,46.285,2.000,-0.748,-0.208,-0.729,-2.529,-0.350,-0.007
440.886,-39.407,38.961,2.000,-1.565,-0.893,-1.252,-2.081,-0.350,-0.096
440.892,-32.082,31.636,2.000,-0.233,-0.625,-1.347,-1.752,-0.350,0.085
440.897,-24.758,24.312,2.000,-0.187,-0.620,-1.128,-1.351,-0.350,0.067
440.902,-17.434,16.988,2.000,-0.709,-0.658,-1.239,-0.920,-0.350,-0.020
440.908,-10.109,9.663,2.000,-0.523,-0.809,-0.132,-0.527,-0.350,0.009
440.913,-2.785,2.339,2.000,-1.037,-0.729,1.053,-0.096,-0.350,-0.051
440.918,4.566,-5.013,2.000,-1.426,-1.635,-0.869,0.330,-0.349,-0.084
440.924,11.935,-12.381,2.000,-1.309,-0.994,0.409,0.728,-0.346,-0.067
440.929,19.303,-19.600,2.000,-1.336,-0.374,-0.064,1.135,-0.342,-0.037
440.935,29.127,-29.425,2.000,-1.149,-0.621,-0.150,1.665,-0.333,-0.012
440.942,38.952,-39.249,2.000,-1.442,-0.454,-0.575,2.222,-0.321,-0.032
440.948,48.041,-48.338,2.000,-1.528,-0.384,-0.397,2.726,-0.306,-0.041
440.955,56.466,-56.764,2.000,-0.113,-1.076,-0.585,3.112,-0.289,0.169
440.961,64.892,-65.189,2.000,-1.451,1.154,-0.781,3.649,-0.268,-0.044
440.966,71.211,-71.508,2.000,-1.180,-0.561,-0.435,3.981,-0.250,-0.017
440.973,78.783,-79.081,2.000,-1.940,0.517,-0.127,4.440,-0.225,-0.097
440.979,85.024,-85.322,2.000,-0.219,0.279,-0.438,4.688,-0.198,0.136
440.986,91.265,-91.562,2.000,0.878,-0.219,-0.823,4.971,-0.169,0.278
440.992,97.377,-97.674,2.000,0.017,0.542,0.159,5.355,-0.138,0.049
440.999,101.257,-101.554,2.000,0.493,-1.547,-1.453,5.542,-0.106,0.065
441.005,105.138,-105.435,2.000,0.346,-0.848,-0.059,5.764,-0.072,0.026
441.012,108.333,-108.630,2.000,0.277,-0.344,1.636,5.943,-0.037,0.003
441.017,109.430,-109.727,2.000,0.312,-0.805,-0.529,6.001,-0.009,0.010
441.022,110.526,-110.824,2.000,-0.532,-0.737,-1.216,6.108,0.018,-0.108
441.029,111.967,-112.264,2.000,-2.743,-0.630,0.529,6.309,0.055,-0.349
441.035,110.920,-111.217,2.000,-2.214,0.850,-1.622,6.222,0.093,-0.165
441.042,109.873,-110.170,2.000,-2.469,0.708,-0.982,6.179,0.130,-0.138
441.048,108.254,-108.552,2.000,-2.320,-0.987,0.190,6.082,0.167,-0.049
441.053,105.636,-105.933,2.000,-1.111,-0.424,-2.326,5.871,0.193,0.118
441.058,103.018,-103.315,2.000,-1.311,-1.379,-1.367,5.738,0.220,0.040
441.065,99.527,-99.824,2.000,-1.004,0.045,1.054,5.529,0.254,0.056
441.072,93.709,-94.006,2.000,0.256,-0.588,0.742,5.140,0.285,0.184
441.078,87.793,-88.090,2.000,-0.269,1.081,-1.087,4.843,0.315,0.054
441.085,81.876,-82.174,2.000,0.648,0.429,-0.084,4.468,0.342,0.139
441.091,74.527,-74.825,2.000,2.099,0.023,-1.214,3.984,0.350,0.273
441.098,66.336,-66.634,2.000,2.435,-0.943,-1.135,3.515,0.350,0.225
441.104,58.145,-58.443,2.000,2.720,-1.718,-1.021,3.048,0.350,0.193
441.109,52.002,-52.300,2.000,2.137,-1.772,-2.434,2.743,0.350,0.105
441.116,43.031,-43.329,2.000,1.771,-2.638,0.416,2.269,0.350,0.031
441.123,33.265,-33.563,2.000,1.911,-2.177,0.476,1.725,0.350,0.030
441.128,25.941,-26.387,2.000,2.612,-2.918,1.364,1.283,0.350,0.114
441.133,18.616,-19.063,2.000,1.940,-3.064,2.297,0.917,0.350,-0.001
441.138,11.292,-11.738,2.000,2.459,-4.234,2.945,0.486,0.350,0.063
441.144,3.967,-4.414,2.000,2.415,-3.003,2.498,0.085,0.350,0.048
441.149,-3.378,2.932,2.000,0.516,-3.068,2.473,-0.214,0.349,-0.203
441.154,-10.747,10.301,2.000,1.796,-3.007,3.212,-0.690,0.347,0.035
441.160,-18.116,17.670,2.000,1.908,-3.208,1.573,-1.101,0.342,0.025
441.165,-25.485,25.039,2.000,1.867,-3.816,2.938,-1.504,0.335,-0.003
441.170,-32.854,32.408,2.000,2.451,-2.403,1.967,-1.942,0.327,0.077
441.176,-40.223,39.777,2.000,1.579,-2.610,0.867,-2.299,0.316,-0.032
441.181,-47.018,46.572,2.000,1.561,-4.636,2.253,-2.672,0.304,-0.010
441.186,-53.340,52.893,2.000,1.301,-1.620,-0.498,-3.005,0.290,-0.026
441.192,-59.661,59.215,2.000,0.264,-2.440,0.169,-3.296,0.274,-0.130
441.197,-65.983,65.536,2.000,0.164,-3.868,3.007,-3.638,0.257,-0.116
441.202,-72.304,71.858,2.000,1.631,-1.936,-1.722,-4.066,0.238,0.083
441.208,-78.024,77.578,2.000,0.469,-1.397,-0.931,-4.317,0.218,-0.060
441.213,-82.715,82.268,2.000,-0.242,-2.425,1.235,-4.536,0.196,-0.172
441.219,-87.405,86.959,2.000,0.179,-1.397,-2.086,-4.817,0.172,-0.102
441.224,-92.096,91.649,2.000,-1.230,1.418,-1.134,-4.998,0.148,-0.252
441.229,-96.786,96.340,2.000,-0.059,-1.809,0.663,-5.320,0.123,-0.072
441.235,-99.826,99.380,2.000,-0.559,-1.820,-0.027,-5.460,0.096,-0.094
441.240,-102.741,102.295,2.000,0.895,3.030,-2.477,-5.700,0.069,0.143
441.245,-105.656,105.209,2.000,1.101,3.184,-1.952,-5.872,0.040,0.143
441.251,-108.154,107.707,2.000,0.518,0.082,-0.232,-5.977,0.012,0.034
441.256,-109.255,108.808,2.000,0.750,1.049,-1.795,-6.050,-0.018,0.026
441.261,-110.356,109.910,2.000,1.691,3.158,-2.082,-6.163,-0.048,0.133
441.267,-111.457,111.011,2.000,0.597,1.599,-1.335,-6.163,-0.078,-0.030
441.272,-111.560,111.114,2.000,-0.161,-0.750,0.012,-6.127,-0.109,-0.122
441.278,-110.780,110.334,2.000,0.899,0.692,-0.400,-6.142,-0.139,0.005
441.283,-109.999,109.553,2.000,1.359,2.682,-1.795,-6.125,-0.169,0.089
441.288,-109.218,108.772,2.000,0.195,2.462,-3.237,-6.018,-0.198,-0.058
441.294,-106.915,106.469,2.000,-0.258,-0.050,-2.473,-5.866,-0.227,-0.154
441.299,-104.301,103.855,2.000,0.328,0.323,-3.425,-5.755,-0.255,-0.028
441.305,-101.687,101.240,2.000,-0.584,4.334,-4.472,-5.561,-0.283,-0.060
441.310,-98.834,98.388,2.000,-2.776,6.245,-4.676,-5.283,-0.310,-0.304
441.315,-94.400,93.954,2.000,-3.463,6.254,-3.787,-5.002,-0.335,-0.339
441.321,-89.967,89.520,2.000,0.075,4.868,-1.184,-4.952,-0.350,0.185
441.326,-85.533,85.087,2.000,-2.435,7.681,-1.459,-4.570,-0.350,-0.098
441.332,-81.099,80.653,2.000,-3.104,12.054,-3.580,-4.290,-0.350,-0.158
441.337,-75.485,75.039,2.000,-3.985,13.067,-3.963,-3.932,-0.350,-0.212
441.342,-69.344,68.898,2.000,-7.339,14.174,-2.930,-3.410,-0.350,-0.527
441.348,-63.203,62.757,2.000,-7.804,12.799,-1.619,-3.047,-0.350,-0.419
441.353,-57.063,56.616,2.000,-7.179,13.879,-2.845,-2.744,-0.350,-0.262
441.359,-50.922,50.476,2.000,-7.256,18.481,-5.693,-2.402,-0.350,-0.227
441.364,-44.175,43.729,2.000,-7.778,19.190,-5.610,-2.002,-0.350,-0.275
441.369,-36.851,36.404,2.000,-6.465,17.955,-2.451,-1.671,-0.350,-0.016
441.375,-29.526,29.080,2.000,-6.559,14.941,-0.019,-1.263,-0.350,0.026
441.380,-22.202,21.756,2.000,-3.408,14.948,-1.526,-1.034,-0.350,0.364
441.385,-14.878,14.431,2.000,-5.653,17.797,-4.239,-0.507,-0.350,0.009
441.391,-7.553,7.107,2.000,-3.521,21.564,-6.038,-0.222,-0.350,0.216
441.397,-0.229,-0.217,2.000,-4.941,22.234,-6.632,0.259,-0.349,-0.022
441.402,7.138,-7.584,2.000,-3.926,20.036,-2.872,0.608,-0.347,0.122
441.407,14.506,-14.952,2.000,-5.343,19.285,-0.838,1.092,-0.342,-0.070
441.412,21.874,-22.321,2.000,-4.424,20.636,-2.327,1.446,-0.336,0.097
441.418,29.243,-29.689,2.000,-2.210,21.940,-1.387,1.730,-0.328,0.390
441.423,36.611,-37.057,2.000,-4.831,25.968,-4.794,2.279,-0.318,-0.067
441.429,43.927,-44.374,2.000,-6.828,27.344,-6.943,2.792,-0.305,-0.258
441.434,50.246,-50.693,2.000,-1.724,23.210,-1.555,2.858,-0.291,0.416
441.439,56.565,-57.012,2.000,-3.587,24.762,-1.707,3.308,-0.276,0.058
441.444,62.884,-63.331,2.000,-5.505,23.640,-2.581,3.761,-0.259,-0.231
441.450,69.203,-69.650,2.000,2.074,19.577,-5.315,3.692,-0.241,0.748
441.455,75.522,-75.969,2.000,5.497,15.553,-3.469,3.851,-0.222,0.987
441.460,80.421,-80.868,2.000,4.304,14.316,-1.772,4.186,-0.203,0.593
441.466,85.108,-85.555,2.000,2.812,14.676,-1.468,4.526,-0.181,0.248
441.471,89.795,-90.242,2.000,4.931,11.014,-0.450,4.668,-0.158,0.426
441.477,94.482,-94.929,2.000,6.973,6.269,-2.196,4.813,-0.135,0.553
441.482,98.404,-98.851,2.000,9.478,-2.669,-4.590,4.891,-0.111,0.705
441.487,101.315,-101.761,2.000,13.137,-9.044,-4.347,4.850,-0.088,0.992
441.493,104.225,-104.671,2.000,18.053,-15.024,-2.849,4.739,-0.064,1.367
441.498,107.136,-107.582,2.000,22.445,-20.730,-1.280,4.658,-0.041,1.551
441.503,108.720,-109.166,2.000,24.956,-26.473,-1.027,4.607,-0.019,1.425
441.509,109.817,-110.263,2.000,27.965,-33.474,-0.766,4.502,0.003,1.380
441.514,110.914,-111.509,2.000,36.099,-43.491,0.107,4.115,0.023,1.971
441.520,111.689,-112.285,2.000,42.688,-46.856,-3.430,3.795,0.046,2.108
441.527,110.642,-111.238,2.000,53.316,-54.396,-1.035,3.153,0.066,2.730
441.532,109.857,-110.452,2.000,54.935,-59.329,-1.242,3.021,0.080,2.258
441.539,108.202,-108.797,2.000,59.640,-63.994,0.903,2.671,0.097,2.110
441.545,104.711,-105.306,2.000,66.176,-75.626,1.741,2.119,0.111,2.193
441.550,102.093,-102.688,2.000,69.767,-76.968,2.487,1.778,0.120,2.057
441.555,99.475,-100.070,2.000,71.638,-75.863,5.403,1.531,0.127,1.730
441.560,95.100,-95.695,2.000,76.637,-78.550,5.384,1.015,0.132,1.869
441.565,90.663,-91.258,2.000,78.311,-81.610,1.103,0.679,0.135,1.590
441.571,86.225,-86.820,2.000,77.056,-83.669,-2.673,0.504,0.138,1.117
441.576,81.788,-82.532,2.000,75.324,-83.059,-2.364,0.356,0.141,0.663
441.581,76.453,-77.197,2.000,74.208,-80.814,-0.871,0.123,0.142,0.427
441.587,70.310,-71.054,2.000,71.309,-77.560,-2.698,-0.055,0.142,0.006
441.593,64.167,-64.911,2.000,66.660,-73.269,-0.876,-0.137,0.142,-0.462
441.598,58.023,-58.768,2.000,59.591,-69.651,0.823,-0.086,0.141,-1.132
441.604,51.880,-52.773,2.000,54.381,-64.747,-0.231,-0.138,0.141,-1.406
441.609,45.327,-46.221,2.000,46.760,-58.891,0.398,-0.079,0.141,-1.928
441.615,38.003,-38.896,2.000,38.796,-50.459,1.350,-0.044,0.140,-2.334
441.620,30.678,-31.572,2.000,39.799,-47.114,3.222,-0.502,0.139,-1.582
441.626,23.354,-24.247,2.000,36.126,-43.249,4.682,-0.702,0.136,-1.562
441.631,16.029,-16.923,2.000,31.096,-39.383,4.624,-0.829,0.132,-1.723
441.636,8.705,-9.598,2.000,24.592,-32.913,2.992,-0.874,0.128,-2.057
441.642,1.380,-2.274,2.000,20.723,-29.026,0.540,-1.064,0.123,-2.000
441.647,-5.981,5.087,2.000,17.647,-26.276,1.460,-1.300,0.117,-1.907
441.652,-13.350,12.456,2.000,13.252,-22.069,2.564,-1.463,0.110,-1.970
441.658,-20.719,19.676,2.000,9.868,-17.908,3.337,-1.682,0.102,-1.857
441.663,-28.088,27.045,2.000,9.590,-13.677,3.688,-2.072,0.093,-1.412
441.669,-35.457,34.414,2.000,8.265,-7.204,3.991,-2.405,0.081,-1.208
441.675,-42.826,41.783,2.000,6.104,0.151,3.552,-2.691,0.068,-1.165
441.680,-49.251,48.208,2.000,3.599,5.852,2.840,-2.907,0.053,-1.181
441.686,-55.572,54.530,2.000,1.671,12.159,1.906,-3.148,0.037,-1.132
441.691,-61.894,60.851,2.000,0.483,17.213,1.783,-3.431,0.020,-1.030
441.697,-68.215,66.271,2.000,-3.393,24.616,-0.283,-3.565,0.002,-1.250
441.702,-74.537,72.592,2.000,-5.707,31.610,-1.837,-3.786,-0.017,-1.235
441.708,-79.681,77.433,2.000,-10.228,41.834,-2.136,-3.820,-0.037,-1.499
441.714,-84.371,82.124,2.000,-17.172,51.641,-0.968,-3.696,-0.057,-1.967
441.719,-89.062,85.892,2.000,-23.981,61.913,0.114,-3.579,-0.076,-2.297
441.725,-93.752,90.583,2.000,-32.020,73.007,0.251,-3.395,-0.094,-2.672
441.731,-97.941,94.772,2.000,-40.706,81.432,2.122,-3.148,-0.110,-3.016
441.736,-100.856,96.581,2.000,-50.586,90.580,4.351,-2.765,-0.125,-3.367
441.742,-103.770,99.496,2.000,-60.719,97.498,4.846,-2.368,-0.138,-3.673
441.747,-106.685,102.410,2.000,-70.146,100.786,4.049,-2.010,-0.149,-3.788
441.753,-108.543,104.268,2.000,-77.728,103.533,2.758,-1.695,-0.158,-3.602
441.759,-109.644,103.715,2.000,-84.625,107.225,2.292,-1.376,-0.165,-3.440
441.764,-110.745,104.816,2.000,-90.991,107.441,1.838,-1.086,-0.171,-3.247
441.770,-111.846,105.574,2.000,-96.896,107.345,1.475,-0.822,-0.175,-3.039
441.775,-111.285,104.839,2.000,-102.757,107.726,1.576,-0.469,-0.178,-2.874
441.781,-110.504,103.883,2.000,-111.179,108.786,4.002,0.037,-0.178,-3.034
441.787,-109.723,103.103,2.000,-117.819,107.685,4.572,0.445,-0.176,-2.967
441.793,-108.606,101.985,2.000,-124.673,105.294,4.153,0.884,-0.172,-2.956
441.798,-105.992,99.017,2.000,-130.488,102.774,3.829,1.347,-0.166,-2.877
441.804,-103.378,96.403,2.000,-133.317,104.770,3.430,1.647,-0.158,-2.468
441.809,-100.763,93.789,2.000,-135.823,107.404,4.285,1.928,-0.149,-2.156
441.815,-97.268,90.294,2.000,-135.394,104.388,6.867,2.097,-0.139,-1.584
441.821,-92.835,85.860,2.000,-132.654,102.808,6.804,2.190,-0.128,-0.878
441.826,-88.401,81.426,2.000,-133.347,106.826,7.156,2.472,-0.116,-0.775
441.832,-83.967,76.993,2.000,-134.724,108.674,6.239,2.792,-0.102,-0.819
441.838,-79.457,72.482,2.000,-133.342,112.359,2.768,2.964,-0.088,-0.507
441.843,-73.316,65.801,2.000,-130.368,111.472,0.806,3.138,-0.072,-0.066
441.849,-67.175,59.660,2.000,-124.072,108.702,0.888,3.129,-0.056,0.680
441.854,-61.035,53.336,2.000,-118.250,106.626,3.244,3.147,-0.040,1.238
441.860,-54.894,47.196,2.000,-114.752,107.884,5.769,3.292,-0.023,1.408
441.865,-48.753,41.055,2.000,-111.519,109.021,7.365,3.452,-0.006,1.495
441.871,-41.588,33.890,2.000,-108.434,109.219,7.301,3.677,0.012,1.525
441.876,-34.264,26.565,2.000,-106.292,107.068,5.592,3.962,0.031,1.359
441.882,-26.939,19.241,2.000,-102.534,104.236,2.932,4.158,0.051,1.409
441.887,-19.615,11.917,2.000,-100.073,98.753,-0.223,4.425,0.072,1.357
441.892,-12.291,4.592,2.000,-99.140,94.843,2.256,4.777,0.095,1.099
441.898,-4.966,-2.732,2.000,-94.684,84.853,4.172,4.934,0.119,1.273
441.903,2.372,-12.391,2.000,-90.936,74.983,4.723,5.132,0.143,1.370
441.909,9.740,-19.760,2.000,-86.784,67.604,5.748,5.309,0.171,1.535
441.914,17.109,-27.128,2.000,-83.417,57.336,7.002,5.529,0.198,1.583
441.920,24.477,-34.496,2.000,-78.023,44.914,8.093,5.637,0.227,1.851
441.925,31.845,-41.864,2.000,-73.067,32.445,6.143,5.770,0.256,2.010
441.931,39.213,-50.706,2.000,-69.225,25.736,4.792,5.964,0.286,2.007
441.936,46.159,-58.766,2.000,-65.442,22.828,7.010,6.138,0.316,1.929
441.942,52.478,-65.085,2.000,-58.246,18.298,8.987,6.090,0.347,2.147
441.948,58.797,-71.404,2.000,-48.068,10.511,8.125,5.878,0.350,2.729
441.953,65.116,-80.634,2.000,-40.294,7.258,6.501,5.798,0.350,2.932
441.959,71.435,-86.953,2.000,-32.307,0.873,6.394,5.706,0.350,3.097
441.964,77.390,-92.908,2.000,-23.341,-4.406,3.763,5.540,0.350,3.329
441.970,82.077,-98.115,2.000,-12.623,-4.906,5.498,5.208,0.350,3.685
441.976,86.764,-102.802,2.000,-4.000,-5.349,8.588,4.992,0.350,3.722
441.981,91.451,-107.489,2.000,6.042,-11.547,8.075,4.697,0.350,3.878
441.987,96.138,-112.176,2.000,14.445,-17.565,6.741,4.493,0.350,3.833
441.992,99.432,-116.544,2.000,20.533,-21.644,6.874,4.339,0.350,3.539
441.998,102.343,-119.455,2.000,29.411,-26.140,5.964,4.011,0.350,3.623
442.004,105.253,-122.365,2.000,34.152,-28.443,7.683,3.911,0.350,3.228
442.009,108.011,-125.123,2.000,38.529,-33.970,8.888,3.822,0.350,2.858
442.015,109.106,-126.218,2.000,42.907,-40.282,7.054,3.641,0.350,2.619
442.020,110.202,-127.867,2.000,48.640,-49.435,5.191,3.386,0.350,2.640
442.026,111.298,-128.964,2.000,49.865,-55.759,4.954,3.379,0.350,2.160
442.031,111.676,-129.341,2.000,54.693,-63.710,5.488,3.134,0.350,2.159
442.037,110.890,-129.409,2.000,58.453,-66.803,6.704,2.884,0.350,2.034
442.043,110.105,-128.624,2.000,62.483,-70.807,7.626,2.619,0.350,1.926
442.048,109.320,-127.838,2.000,62.144,-73.397,7.994,2.595,0.350,1.362
442.054,107.284,-126.385,2.000,62.980,-74.107,8.378,2.437,0.350,1.128
442.059,104.665,-124.063,2.000,64.597,-77.361,8.104,2.204,0.350,1.082
442.065,102.047,-121.445,2.000,66.839,-81.479,8.455,1.936,0.350,1.122
442.070,99.429,-118.827,2.000,66.064,-86.450,6.397,1.835,0.350,0.775
442.076,95.022,-115.022,2.000,67.451,-87.419,8.974,1.516,0.350,0.709
442.082,90.585,-110.891,2.000,68.674,-85.876,9.358,1.205,0.350,0.595
442.087,86.148,-106.453,2.000,73.189,-86.157,10.600,0.713,0.350,0.893
442.093,81.710,-102.016,2.000,79.367,-88.282,9.953,0.129,0.350,1.326
442.099,76.345,-98.555,2.000,82.565,-92.016,8.550,-0.342,0.349,1.404
442.104,70.202,-92.412,2.000,83.300,-94.191,9.676,-0.720,0.347,1.170
442.110,64.059,-86.268,2.000,82.889,-92.528,8.497,-1.036,0.342,0.845
442.115,57.916,-80.125,2.000,83.269,-93.091,6.407,-1.394,0.336,0.712
442.121,51.772,-74.643,2.000,83.444,-87.429,7.677,-1.742,0.327,0.550
442.127,45.199,-68.070,2.000,83.040,-82.804,9.260,-2.081,0.317,0.346
442.132,37.875,-60.745,2.000,82.777,-80.275,9.939,-2.470,0.305,0.208
442.138,30.550,-53.421,2.000,82.617,-73.659,9.410,-2.864,0.291,0.118
442.143,23.225,-46.096,2.000,80.724,-66.922,8.081,-3.162,0.275,-0.163
442.149,15.901,-38.772,2.000,76.004,-62.768,9.054,-3.306,0.259,-0.648
442.155,8.576,-31.447,2.000,70.102,-57.027,9.882,-3.384,0.241,-1.156
442.160,1.252,-25.488,2.000,66.516,-53.953,9.963,-3.590,0.223,-1.226
442.166,-6.110,-18.831,2.000,61.237,-45.007,10.565,-3.704,0.205,-1.503
442.172,-13.479,-11.462,2.000,55.345,-37.214,11.600,-3.785,0.185,-1.786
442.177,-20.848,-4.093,2.000,50.680,-33.275,10.686,-3.934,0.165,-1.859
442.183,-28.068,1.449,2.000,45.165,-32.703,9.455,-4.028,0.145,-2.035
442.188,-35.289,7.286,2.000,40.629,-29.974,9.506,-4.175,0.124,-2.054
442.195,-42.658,14.655,2.000,32.229,-22.244,9.252,-4.119,0.101,-2.451
442.201,-49.064,21.062,2.000,26.074,-15.488,7.576,-4.133,0.077,-2.514
442.207,-54.790,9.243,2.000,18.393,-11.745,7.719,-4.025,0.054,-2.669
442.214,-60.513,17.260,2.000,9.028,-9.606,7.800,-3.825,0.031,-2.879
442.220,-65.926,20.141,2.000,-1.324,-5.709,9.780,-3.553,0.009,-3.116
442.226,-72.248,26.462,2.000,-10.940,3.520,9.469,-3.372,-0.011,-3.384
442.232,-77.363,31.578,2.000,-18.197,13.312,9.655,-3.254,-0.030,-3.320
442.239,-80.018,35.076,2.000,-23.223,17.416,10.322,-3.124,-0.048,-2.937
442.246,-84.708,39.767,2.000,-35.722,18.133,9.137,-2.694,-0.064,-3.314
442.253,-88.413,43.853,2.000,-42.100,32.105,8.048,-2.547,-0.081,-3.102
442.259,-92.403,46.161,2.000,-49.539,41.866,9.655,-2.358,-0.096,-3.008
442.266,-94.979,49.076,2.000,-61.544,48.198,9.472,-1.839,-0.108,-3.337
442.273,-97.893,51.990,2.000,-66.726,56.075,9.890,-1.714,-0.119,-3.036
442.279,-100.808,54.905,2.000,-70.467,61.469,9.682,-1.669,-0.129,-2.612
442.286,-102.290,56.731,2.000,-75.139,61.854,7.860,-1.493,-0.139,-2.417
442.293,-103.042,57.203,2.000,-80.957,70.228,10.237,-1.215,-0.146,-2.331
442.300,-104.143,58.305,2.000,-80.037,76.302,9.618,-1.326,-0.154,-1.653
442.306,-105.245,59.406,2.000,-87.202,82.573,10.643,-0.992,-0.161,-1.913
442.313,-104.650,58.812,2.000,-91.786,91.310,13.315,-0.708,-0.166,-1.843
442.320,-103.157,57.397,2.000,-95.538,89.055,8.790,-0.419,-0.169,-1.736
442.327,-102.376,56.616,2.000,-98.427,87.945,4.618,-0.217,-0.171,-1.593
442.333,-101.226,55.466,2.000,-97.985,88.777,6.736,-0.178,-0.172,-1.180
442.340,-98.971,53.486,2.000,-98.280,81.993,5.620,-0.038,-0.173,-0.890
442.347,-96.357,51.500,2.000,-103.553,86.368,10.532,0.396,-0.172,-1.177
442.354,-93.743,48.886,2.000,-105.024,82.202,8.830,0.620,-0.168,-0.994
442.360,-90.216,45.359,2.000,-104.011,86.414,11.845,0.759,-0.164,-0.663
442.367,-84.500,43.978,2.000,-102.892,85.262,12.787,1.012,-0.158,-0.404
442.374,-80.066,39.545,2.000,-101.925,82.949,8.923,1.202,-0.151,-0.217
442.381,-75.633,35.111,2.000,-107.183,83.536,10.767,1.735,-0.142,-0.660
442.387,-71.093,30.571,2.000,-105.745,73.978,6.160,1.906,-0.130,-0.340
442.394,-62.984,23.831,2.000,-106.868,77.948,6.780,2.414,-0.116,-0.348
442.401,-56.218,17.690,2.000,-100.835,70.772,7.192,2.454,-0.102,0.274
442.407,-50.077,11.550,2.000,-100.849,69.687,5.385,2.792,-0.087,0.217
442.413,-42.854,4.804,2.000,-100.882,74.492,7.996,3.192,-0.070,0.163
442.420,-36.491,-1.337,2.000,-93.457,65.623,7.748,3.133,-0.051,0.793
442.426,-29.305,-8.522,2.000,-88.247,66.572,9.872,3.242,-0.031,1.076
442.433,-21.980,-15.847,2.000,-87.537,63.076,11.713,3.606,-0.010,0.837
442.440,-14.656,-23.171,2.000,-83.807,55.412,2.991,3.803,0.013,0.981
442.447,-5.948,-29.891,2.000,-78.556,57.490,8.857,3.993,0.037,1.200
442.453,1.140,-37.215,2.000,-75.816,45.665,5.137,4.233,0.063,1.183
442.460,8.464,-44.539,2.000,-72.630,53.847,10.618,4.460,0.089,1.168
442.467,18.540,-51.879,2.000,-62.161,44.206,7.564,4.439,0.116,1.850
442.474,25.908,-59.247,2.000,-56.666,44.471,7.841,4.542,0.143,1.887
442.480,33.276,-66.615,2.000,-46.854,30.504,3.930,4.407,0.170,2.304
442.487,45.849,-73.983,2.000,-36.574,22.750,1.602,4.533,0.198,2.717
442.494,55.181,-81.352,2.000,-24.475,10.740,-0.497,4.381,0.226,3.124
442.500,63.579,-88.720,2.000,-18.939,7.752,3.328,4.538,0.253,2.914
442.507,70.506,-95.647,2.000,-4.442,-1.059,8.592,4.122,0.279,3.540
442.514,79.357,-101.966,2.000,-5.766,-5.210,9.325,4.682,0.306,2.526
442.520,86.053,-108.285,2.000,-1.058,-10.988,12.138,4.791,0.335,2.352
442.527,92.372,-114.604,2.000,4.374,-20.291,9.697,4.840,0.350,2.278
442.534,98.691,-120.923,2.000,13.584,-26.773,7.605,4.681,0.350,2.561
442.540,104.617,-126.849,2.000,24.800,-39.463,5.112,4.390,0.350,2.922
442.547,109.304,-131.536,2.000,33.357,-43.911,4.721,4.177,0.350,3.051
442.554,115.936,-135.624,2.000,48.883,-56.331,1.816,3.688,0.350,3.734
442.560,120.623,-140.311,2.000,50.506,-59.532,3.815,3.856,0.350,2.948
442.567,128.208,-144.998,2.000,57.583,-63.626,8.288,3.884,0.350,2.831
442.574,132.338,-148.262,2.000,61.245,-71.118,7.244,3.910,0.350,2.520
442.580,135.248,-151.172,2.000,62.153,-72.714,8.972,4.020,0.350,2.005
442.587,138.159,-154.083,2.000,72.136,-79.390,10.942,3.631,0.350,2.400
442.594,140.885,-156.808,2.000,72.782,-83.284,8.381,3.746,0.350,1.896
442.601,145.158,-157.905,2.000,77.929,-80.471,11.891,3.698,0.350,1.893
442.607,146.728,-159.002,2.000,85.683,-90.341,7.894,3.357,0.350,2.168
442.614,147.824,-160.098,2.000,88.462,-89.515,6.478,3.265,0.350,1.875
442.621,147.692,-159.845,2.000,100.337,-98.403,5.323,2.605,0.350,2.518
442.627,146.907,-158.473,2.000,105.947,-102.355,2.885,2.253,0.350,2.410
442.634,146.121,-157.687,2.000,106.688,-105.848,4.516,2.169,0.350,1.878
442.641,145.336,-155.174,2.000,112.168,-112.428,3.080,1.824,0.350,1.935
442.647,143.263,-153.101,2.000,111.062,-108.816,8.693,1.771,0.350,1.333
442.654,140.645,-151.629,2.000,121.372,-112.807,6.543,1.060,0.350,1.960
442.661,138.027,-149.593,2.000,121.503,-118.364,5.333,0.909,0.350,1.478
442.667,135.403,-146.969,2.000,124.136,-119.301,6.667,0.620,0.350,1.364
442.674,130.966,-142.532,2.000,126.710,-121.173,5.654,0.234,0.350,1.258
442.681,126.529,-138.095,2.000,129.379,-124.834,4.181,-0.157,0.350,1.188
442.688,122.091,-133.657,2.000,131.412,-123.331,7.811,-0.513,0.347,1.057
442.694,113.610,-130.400,2.000,132.755,-125.161,6.704,-1.053,0.342,0.957
442.701,108.211,-125.002,2.000,131.919,-123.011,5.077,-1.304,0.334,0.638
442.708,99.572,-118.859,2.000,136.356,-123.405,4.985,-2.023,0.323,0.843
442.714,93.428,-112.122,2.000,137.479,-123.447,5.455,-2.423,0.309,0.749
442.721,87.285,-105.979,2.000,133.942,-122.220,5.011,-2.566,0.294,0.257
442.728,79.950,-99.248,2.000,130.184,-111.496,3.802,-2.763,0.277,-0.193
442.735,72.199,-89.244,2.000,132.323,-109.011,5.323,-3.307,0.258,0.022
442.741,64.874,-81.920,2.000,127.719,-104.195,5.645,-3.456,0.237,-0.370
442.748,57.550,-74.595,2.000,124.244,-99.457,6.836,-3.668,0.216,-0.562
442.755,48.740,-62.020,2.000,117.325,-94.475,5.290,-3.772,0.192,-1.140
442.761,41.054,-53.707,2.000,114.902,-90.509,1.890,-4.062,0.168,-1.114
442.768,33.730,-46.382,2.000,110.220,-89.709,3.506,-4.207,0.144,-1.193
442.775,24.656,-33.529,2.000,97.784,-79.572,4.337,-4.022,0.119,-2.032
442.782,15.638,-19.780,2.000,90.946,-75.585,3.620,-4.142,0.093,-2.184
442.788,8.269,-12.411,2.000,83.333,-67.568,5.790,-4.129,0.068,-2.350
442.795,-0.369,-5.411,2.000,76.426,-61.740,5.848,-4.224,0.043,-2.402
442.802,-9.251,3.412,2.000,63.973,-57.112,4.768,-4.027,0.017,-2.969
442.808,-18.610,10.423,2.000,57.029,-50.225,6.208,-4.160,-0.008,-2.882
442.815,-26.522,17.793,2.000,47.140,-38.437,4.314,-4.051,-0.033,-3.097
442.822,-32.909,24.180,2.000,41.912,-28.345,2.247,-4.115,-0.058,-2.814
442.828,-40.023,29.405,2.000,30.982,-19.155,3.353,-3.905,-0.081,-3.077
442.835,-46.345,35.726,2.000,21.947,-17.931,3.354,-3.756,-0.105,-3.160
442.842,-52.666,42.048,2.000,11.825,-11.025,2.911,-3.547,-0.128,-3.358
442.849,-58.988,48.369,2.000,6.906,4.498,1.482,-3.624,-0.150,-3.028
442.855,-64.842,53.081,2.000,1.597,15.877,1.034,-3.654,-0.172,-2.729
442.862,-69.532,57.772,2.000,-8.178,19.282,3.642,-3.374,-0.193,-2.934
442.869,-74.223,62.462,2.000,-15.791,19.938,2.989,-3.214,-0.213,-2.915
442.876,-78.913,67.153,2.000,-21.463,35.555,4.052,-3.160,-0.233,-2.712
442.883,-84.508,69.746,2.000,-30.013,45.223,2.618,-2.997,-0.252,-2.813
442.889,-87.422,72.268,2.000,-37.584,52.144,3.640,-2.741,-0.269,-2.846
442.896,-90.337,75.182,2.000,-41.172,54.593,2.381,-2.704,-0.286,-2.458
442.902,-93.251,76.893,2.000,-46.915,59.436,0.834,-2.548,-0.300,-2.338
442.909,-95.044,79.091,2.000,-52.577,73.087,1.966,-2.336,-0.315,-2.333
442.915,-96.145,81.383,2.000,-56.901,80.614,0.122,-2.158,-0.328,-2.144
442.922,-97.246,82.484,2.000,-62.811,84.540,1.531,-1.894,-0.341,-2.205
442.929,-98.108,86.945,2.000,-65.966,88.258,0.810,-1.768,-0.350,-1.862
442.936,-97.480,86.316,2.000,-72.102,100.551,2.284,-1.396,-0.350,-1.991
442.942,-96.700,85.536,2.000,-71.123,104.875,1.564,-1.407,-0.350,-1.405
442.949,-95.919,84.036,2.000,-73.272,105.568,2.499,-1.246,-0.350,-1.234
442.956,-94.978,83.930,2.000,-77.008,104.819,-0.916,-0.988,-0.350,-1.267
442.962,-92.367,82.016,2.000,-79.626,108.598,-1.702,-0.701,-0.350,-1.195
442.969,-89.757,79.406,2.000,-77.203,106.273,0.309,-0.690,-0.350,-0.677
442.976,-87.147,76.796,2.000,-79.987,108.719,1.247,-0.394,-0.350,-0.747
442.983,-83.362,72.553,2.000,-83.064,110.258,2.485,-0.016,-0.350,-0.839
442.989,-78.929,68.119,2.000,-84.944,111.651,4.539,0.331,-0.349,-0.833
442.996,-74.495,63.685,2.000,-84.256,103.321,2.426,0.537,-0.346,-0.551
443.003,-70.061,59.251,2.000,-89.937,99.001,1.682,1.093,-0.340,-0.926
443.010,-65.017,53.980,2.000,-90.493,99.230,2.544,1.401,-0.333,-0.798
443.016,-58.630,47.839,2.000,-90.268,96.264,2.082,1.740,-0.322,-0.553
443.023,-52.489,41.698,2.000,-90.579,94.019,1.716,2.095,-0.310,-0.426
443.030,-46.348,35.558,2.000,-93.348,94.564,4.751,2.585,-0.296,-0.601
443.037,-40.208,29.417,2.000,-89.907,90.017,4.426,2.733,-0.279,-0.119
443.043,-34.067,23.276,2.000,-90.478,87.332,3.184,3.103,-0.260,-0.108
443.050,-26.867,16.077,2.000,-90.542,92.125,6.030,3.502,-0.240,-0.099
443.057,-19.543,8.752,2.000,-86.579,83.449,3.909,3.687,-0.217,0.355
443.063,-11.465,-1.573,2.000,-79.307,81.037,5.458,3.731,-0.195,0.908
443.070,-4.141,-8.898,2.000,-73.166,72.725,1.368,3.796,-0.172,1.253
443.077,3.183,-16.222,2.000,-68.704,71.733,2.693,3.954,-0.147,1.387
443.084,10.508,-23.546,2.000,-57.083,69.194,4.321,3.717,-0.124,2.120
443.090,17.847,-30.886,2.000,-57.837,58.867,4.023,4.163,-0.099,1.543
443.097,27.066,-37.865,2.000,-49.583,55.702,6.976,4.216,-0.074,1.936
443.104,34.434,-45.233,2.000,-40.898,45.141,6.040,4.143,-0.049,2.265
443.110,42.356,-51.836,2.000,-32.623,36.693,4.481,4.124,-0.024,2.463
443.117,49.725,-59.204,2.000,-25.419,30.056,6.675,4.133,-0.000,2.444
443.124,57.093,-66.572,2.000,-20.352,22.737,2.090,4.259,0.026,2.278
443.130,69.889,-76.649,2.000,-16.030,16.834,5.786,4.726,0.053,2.093
443.137,76.208,-82.968,2.000,-8.821,3.719,4.636,4.677,0.082,2.311
443.144,82.527,-89.287,2.000,0.349,1.084,6.293,4.520,0.109,2.627
443.150,88.846,-95.606,2.000,6.562,-9.097,5.463,4.526,0.137,2.583
443.157,96.917,-105.807,2.000,13.945,-22.162,0.626,4.563,0.164,2.629
443.163,102.825,-111.714,2.000,16.797,-23.038,5.406,4.731,0.192,2.194
443.170,107.873,-126.957,2.000,23.945,-32.084,2.021,4.616,0.220,2.323
443.177,112.926,-131.644,2.000,32.200,-32.347,4.966,4.440,0.248,2.486
443.184,117.982,-137.456,2.000,38.921,-43.470,6.130,4.348,0.274,2.471
443.190,122.669,-142.143,2.000,45.243,-52.920,1.658,4.258,0.300,2.434
443.197,128.607,-147.115,2.000,56.112,-50.911,4.791,3.987,0.324,2.820
443.204,131.517,-150.025,2.000,65.823,-59.004,2.361,3.613,0.347,3.032
443.210,135.234,-154.715,2.000,71.605,-60.607,3.554,3.500,0.350,2.904
443.216,137.939,-157.420,2.000,76.481,-63.059,7.790,3.380,0.350,2.636
443.222,144.240,-158.517,2.000,86.954,-71.174,8.592,3.151,0.350,3.020
443.229,148.187,-157.834,2.000,92.318,-72.608,7.201,3.073,0.350,2.772
443.236,149.284,-158.930,2.000,97.482,-74.966,8.840,2.849,0.350,2.575
443.243,149.602,-159.249,2.000,101.367,-83.450,2.798,2.653,0.350,2.268
443.249,150.815,-159.644,2.000,104.868,-86.282,3.714,2.527,0.350,2.029
443.256,151.059,-159.458,2.000,117.732,-100.109,3.777,1.833,0.350,2.725
443.262,150.273,-158.673,2.000,122.503,-102.715,4.979,1.527,0.350,2.501
443.269,152.506,-157.183,2.000,125.295,-106.267,7.753,1.497,0.350,2.133
443.276,149.888,-154.565,2.000,125.397,-116.551,5.567,1.347,0.350,1.590
443.283,147.269,-151.947,2.000,131.852,-120.854,5.276,0.848,0.350,1.773
443.289,157.026,-151.152,2.000,133.215,-127.082,5.722,1.310,0.350,1.469
443.296,152.589,-146.714,2.000,133.017,-133.143,3.328,1.076,0.350,1.060
443.303,154.542,-144.826,2.000,131.607,-136.091,5.708,1.261,0.350,0.643
443.309,150.105,-140.389,2.000,133.435,-136.757,5.725,0.917,0.350,0.677
443.316,156.713,-135.952,2.000,134.533,-138.552,4.985,1.220,0.350,0.636
443.323,152.138,-130.534,2.000,134.031,-135.129,2.709,0.996,0.350,0.399
443.330,145.995,-124.390,2.000,136.729,-133.230,3.324,0.510,0.350,0.521
443.336,140.703,-118.247,2.000,138.777,-134.156,3.790,0.106,0.350,0.619
443.343,134.559,-112.104,2.000,137.077,-125.520,6.214,-0.138,0.349,0.307
443.350,128.416,-105.960,2.000,140.519,-119.352,5.101,-0.666,0.347,0.565
443.356,121.806,-99.350,2.000,141.500,-117.211,3.539,-1.083,0.341,0.488
443.363,115.340,-92.026,2.000,140.643,-116.283,2.500,-1.392,0.333,0.322
443.370,107.157,-84.701,2.000,143.204,-108.377,5.179,-1.983,0.322,0.448
443.377,99.832,-77.377,2.000,144.262,-102.995,1.884,-2.444,0.308,0.426
443.384,92.508,-70.052,2.000,144.193,-95.465,1.022,-2.843,0.291,0.321
443.390,85.183,-62.728,2.000,142.255,-93.736,1.046,-3.139,0.273,0.050
443.397,77.859,-55.403,2.000,142.989,-91.390,5.453,-3.582,0.252,0.109
443.404,70.495,-48.040,2.000,138.469,-80.628,2.103,-3.739,0.229,-0.337
443.410,63.126,-40.671,2.000,134.565,-76.798,2.363,-3.929,0.206,-0.617
443.417,51.577,-33.954,2.000,126.284,-73.409,3.646,-4.109,0.180,-1.260
443.424,44.208,-26.585,2.000,122.778,-73.187,4.506,-4.321,0.154,-1.271
443.431,36.839,-19.216,2.000,111.407,-61.411,2.822,-4.101,0.128,-2.011
443.437,13.842,-11.847,2.000,107.563,-51.809,3.430,-5.155,0.099,-1.879
443.444,6.132,-4.821,2.000,97.732,-41.663,4.096,-5.038,0.069,-2.282
443.451,-5.899,1.501,2.000,85.893,-33.917,2.144,-5.049,0.038,-2.826
443.458,-12.221,7.822,2.000,77.824,-29.240,-0.048,-4.952,0.008,-2.900
443.464,-22.084,16.693,2.000,66.356,-22.092,-0.817,-4.864,-0.023,-3.213
443.471,-34.385,25.468,2.000,56.775,-11.714,-1.129,-5.014,-0.054,-3.309
443.478,-39.449,30.533,2.000,45.638,-2.536,-0.786,-4.680,-0.083,-3.506
443.485,-55.109,38.161,2.000,33.818,4.173,1.065,-4.891,-0.113,-3.710
443.491,-63.265,42.275,2.000,22.919,8.209,-0.384,-4.740,-0.142,-3.812
443.498,-67.956,46.966,2.000,11.698,15.113,-1.509,-4.381,-0.169,-3.891
443.505,-79.565,50.486,2.000,4.711,21.105,-1.593,-4.635,-0.196,-3.583
443.512,-82.480,53.400,2.000,-3.689,29.837,1.848,-4.334,-0.224,-3.415
443.518,-89.647,55.723,2.000,-15.398,33.546,1.180,-4.084,-0.250,-3.657
443.525,-94.216,59.225,2.000,-23.869,34.126,-0.477,-3.869,-0.274,-3.551
443.532,-95.988,60.997,2.000,-33.405,39.296,-0.136,-3.442,-0.296,-3.568
443.538,-101.058,61.510,2.000,-41.512,51.984,-0.345,-3.275,-0.316,-3.415
443.545,-102.158,62.609,2.000,-50.754,57.731,-0.031,-2.827,-0.334,-3.377
443.552,-105.098,64.297,2.000,-59.307,58.792,1.752,-2.518,-0.350,-3.382
443.559,-105.661,63.652,2.000,-61.917,60.946,-1.221,-2.406,-0.350,-2.792
443.566,-104.880,62.872,2.000,-68.999,72.052,-3.820,-1.973,-0.350,-2.728
443.572,-104.434,61.503,2.000,-73.019,71.376,-1.628,-1.728,-0.350,-2.419
443.579,-103.235,60.305,2.000,-77.034,73.913,1.599,-1.441,-0.350,-2.183
443.586,-100.621,57.691,2.000,-81.800,76.374,-3.042,-1.035,-0.350,-2.082
443.592,-101.920,55.664,2.000,-86.271,81.559,-4.429,-0.861,-0.350,-1.987
443.599,-99.306,53.050,2.000,-88.050,81.585,-2.065,-0.619,-0.350,-1.647
443.606,-95.730,49.474,2.000,-90.559,82.279,-0.218,-0.284,-0.350,-1.437
443.613,-92.490,45.622,2.000,-92.370,80.895,-1.023,-0.007,-0.350,-1.264
443.618,-88.056,41.189,2.000,-94.904,81.556,-1.276,0.377,-0.349,-1.302
443.624,-83.622,36.755,2.000,-97.547,80.704,-1.714,0.766,-0.346,-1.316
443.630,-79.185,32.745,2.000,-97.711,79.468,-2.294,1.019,-0.342,-1.038
443.635,-73.045,26.605,2.000,-96.211,79.007,-3.247,1.274,-0.335,-0.590
443.641,-66.904,19.888,2.000,-98.305,75.939,-4.589,1.727,-0.327,-0.648
443.647,-60.763,13.747,2.000,-97.219,73.098,-3.616,2.005,-0.317,-0.324
443.652,-54.622,6.437,2.000,-96.548,68.650,-3.605,2.306,-0.305,-0.164
443.658,-48.482,0.296,2.000,-94.063,65.661,-2.966,2.507,-0.293,0.161
443.664,-41.264,-7.514,2.000,-92.048,61.776,-3.348,2.793,-0.279,0.339
443.669,-33.940,-14.839,2.000,-92.678,59.293,-1.128,3.231,-0.263,0.161
443.675,-26.616,-22.163,2.000,-90.652,53.470,-1.505,3.522,-0.246,0.339
443.681,-19.291,-29.487,2.000,-86.401,51.399,-3.274,3.691,-0.227,0.721
443.686,-11.967,-36.812,2.000,-83.017,48.997,-3.963,3.908,-0.207,0.946
443.692,-4.642,-44.136,2.000,-80.217,45.261,-2.203,4.157,-0.185,1.008
443.698,2.698,-51.476,2.000,-76.364,36.002,-1.864,4.348,-0.163,1.186
443.703,10.066,-58.845,2.000,-73.167,27.933,-2.671,4.578,-0.140,1.252
443.709,17.434,-66.213,2.000,-69.803,22.112,-3.070,4.798,-0.116,1.324
443.714,24.803,-72.400,2.000,-64.634,15.841,-4.434,4.919,-0.092,1.497
443.720,32.171,-82.153,2.000,-58.985,6.744,-6.211,5.014,-0.067,1.681
443.726,39.539,-89.521,2.000,-50.979,1.174,-5.391,4.978,-0.042,2.120
443.731,46.438,-96.420,2.000,-43.000,-5.826,-3.839,4.919,-0.017,2.459
443.737,52.757,-104.589,2.000,-38.856,-9.649,-2.425,5.039,0.009,2.321
443.742,59.076,-110.908,2.000,-33.025,-14.696,-2.458,5.066,0.034,2.406
443.748,65.395,-117.227,2.000,-26.521,-20.855,-3.509,5.055,0.060,2.557
443.754,71.715,-123.546,2.000,-22.407,-27.449,-4.409,5.177,0.086,2.402
443.759,77.597,-129.428,2.000,-17.025,-34.524,-5.658,5.204,0.113,2.446
443.765,82.284,-134.115,2.000,-11.658,-38.672,-5.419,5.167,0.139,2.431
443.770,86.971,-138.180,2.000,-4.775,-44.635,-4.799,5.046,0.165,2.579
443.776,91.658,-142.867,2.000,1.012,-51.247,-3.695,4.986,0.191,2.511
443.782,96.345,-147.554,2.000,8.728,-59.871,-4.967,4.819,0.215,2.678
443.787,99.561,-150.770,2.000,16.679,-69.064,-6.089,4.559,0.239,2.875
443.793,102.471,-153.680,2.000,26.221,-77.459,-3.334,4.194,0.261,3.272
443.799,105.382,-156.591,2.000,32.284,-86.433,-2.721,4.020,0.282,3.154
443.804,108.059,-159.268,2.000,37.273,-90.052,-1.896,3.893,0.302,2.972
443.810,109.156,-160.365,2.000,44.450,-96.017,-2.897,3.559,0.321,3.044
443.816,110.253,-161.462,2.000,47.116,-98.365,-4.640,3.473,0.340,2.571
443.821,111.349,-162.558,2.000,51.392,-99.974,-4.274,3.298,0.350,2.386
443.827,111.639,-162.848,2.000,56.891,-106.497,-4.125,3.011,0.350,2.331
443.832,110.854,-162.063,2.000,63.140,-113.888,-6.111,2.624,0.350,2.377
443.838,110.069,-161.278,2.000,68.662,-118.708,-4.109,2.277,0.350,2.349
443.844,109.284,-160.492,2.000,72.474,-123.143,-3.438,2.025,0.350,2.187
443.849,107.162,-158.371,2.000,76.878,-128.259,-3.695,1.666,0.350,2.177
443.855,104.543,-155.136,2.000,78.812,-128.248,-2.648,1.415,0.350,1.962
443.860,101.925,-152.518,2.000,78.203,-129.223,-2.304,1.305,0.350,1.492
443.866,99.253,-149.846,2.000,77.352,-134.011,-1.540,1.205,0.350,1.070
443.872,94.816,-145.408,2.000,76.026,-137.204,-1.219,1.033,0.350,0.652
443.877,90.378,-139.756,2.000,76.033,-139.727,-3.906,0.789,0.350,0.441
443.883,85.941,-135.318,2.000,73.641,-138.686,-6.058,0.676,0.350,-0.017
443.889,81.504,-130.881,2.000,70.408,-137.206,-4.923,0.610,0.350,-0.412
443.894,76.060,-124.245,2.000,70.354,-135.873,-4.681,0.314,0.350,-0.354
443.900,69.916,-118.102,2.000,70.252,-135.891,-4.594,-0.018,0.350,-0.325
443.906,63.773,-111.958,2.000,67.609,-132.698,-2.995,-0.211,0.349,-0.573
443.911,57.630,-105.815,2.000,65.745,-129.247,-1.972,-0.446,0.347,-0.671
443.917,51.487,-100.265,2.000,63.965,-125.899,0.287,-0.686,0.344,-0.708
443.922,44.858,-93.043,2.000,64.582,-124.686,0.939,-1.085,0.339,-0.425
443.928,37.534,-85.719,2.000,64.022,-123.116,0.675,-1.457,0.333,-0.357
443.934,30.209,-78.394,2.000,62.763,-120.550,-0.920,-1.790,0.324,-0.428
443.939,22.885,-70.483,2.000,62.618,-117.113,-0.983,-2.185,0.313,-0.359
443.945,15.560,-63.158,2.000,60.573,-113.835,-0.227,-2.476,0.301,-0.537
443.950,8.236,-55.834,2.000,62.057,-109.208,2.453,-2.960,0.286,-0.231
443.956,0.911,-48.509,2.000,62.037,-103.719,3.091,-3.362,0.270,-0.169
443.962,-6.453,-41.732,2.000,61.051,-97.927,1.680,-3.713,0.251,-0.282
443.967,-13.822,-34.363,2.000,56.584,-93.126,0.841,-3.872,0.231,-0.772
443.973,-21.191,-26.994,2.000,51.938,-85.406,-1.363,-4.022,0.210,-1.175
443.979,-28.560,-19.625,2.000,40.786,-77.780,-0.796,-3.814,0.189,-2.190
443.985,-35.929,-12.256,2.000,34.084,-70.850,-1.087,-3.851,0.169,-2.404
443.990,-43.298,-4.887,2.000,23.552,-62.463,-0.741,-3.677,0.150,-3.018
443.996,-49.656,1.471,2.000,12.742,-54.173,-0.436,-3.432,0.132,-3.461
444.001,-55.977,8.380,2.000,4.052,-42.512,-0.046,-3.302,0.115,-3.551
444.007,-62.299,14.701,2.000,-5.000,-35.461,0.497,-3.151,0.098,-3.663
444.013,-68.620,21.022,2.000,-13.103,-26.062,1.781,-3.053,0.083,-3.657
444.018,-74.942,27.344,2.000,-22.924,-19.423,2.528,-2.861,0.067,-3.870
444.024,-79.981,32.383,2.000,-30.498,-9.760,1.851,-2.722,0.052,-3.777
444.030,-84.672,37.074,2.000,-37.896,-2.427,0.575,-2.573,0.038,-3.664
444.035,-89.362,41.764,2.000,-43.610,0.993,0.673,-2.516,0.025,-3.424
444.041,-94.053,46.455,2.000,-50.585,8.139,2.786,-2.391,0.012,-3.366
444.047,-98.128,50.530,2.000,-54.954,14.651,1.935,-2.375,0.000,-2.992
444.052,-101.043,52.264,2.000,-63.008,20.342,3.223,-2.092,-0.011,-3.147
444.058,-103.957,55.179,2.000,-69.501,26.747,3.326,-1.895,-0.022,-3.120
444.064,-106.872,58.093,2.000,-74.788,30.434,4.641,-1.765,-0.031,-2.970
444.069,-108.613,61.597,2.000,-79.182,37.899,4.452,-1.619,-0.040,-2.755
444.075,-109.714,62.698,2.000,-81.745,40.939,2.953,-1.538,-0.049,-2.395
444.081,-110.815,63.799,2.000,-85.536,42.470,2.364,-1.390,-0.056,-2.275
444.086,-111.916,64.900,2.000,-92.523,51.196,1.146,-1.067,-0.063,-2.539
444.092,-111.235,64.219,2.000,-96.556,54.403,1.116,-0.807,-0.068,-2.415
444.098,-110.454,63.438,2.000,-97.935,58.153,1.574,-0.689,-0.072,-1.995
444.104,-109.673,62.657,2.000,-97.907,62.631,1.777,-0.647,-0.075,-1.506
444.109,-108.438,61.998,2.000,-101.444,71.285,2.008,-0.385,-0.078,-1.523
444.115,-105.824,59.384,2.000,-107.318,79.590,1.139,0.082,-0.078,-1.764
444.121,-103.210,56.770,2.000,-108.597,78.177,0.128,0.296,-0.076,-1.410
444.126,-100.596,54.156,2.000,-109.187,81.962,-1.536,0.472,-0.074,-1.056
444.132,-96.984,50.544,2.000,-114.004,84.208,0.566,0.936,-0.070,-1.316
444.138,-92.550,47.806,2.000,-114.714,84.860,0.034,1.219,-0.064,-1.107
444.143,-88.117,43.372,2.000,-114.353,85.056,3.244,1.443,-0.058,-0.871
444.149,-83.683,38.938,2.000,-115.654,85.466,7.064,1.758,-0.049,-0.816
444.155,-79.218,30.291,2.000,-115.356,85.002,5.322,1.988,-0.040,-0.587
444.160,-73.083,24.156,2.000,-114.052,83.893,4.816,2.253,-0.029,-0.308
444.166,-66.942,18.015,2.000,-113.466,81.467,3.824,2.559,-0.016,-0.148
444.172,-60.801,11.874,2.000,-115.688,80.692,0.930,3.019,-0.001,-0.372
444.178,-54.958,6.327,2.000,-114.722,81.903,2.431,3.287,0.017,-0.136
444.184,-48.817,0.186,2.000,-115.676,81.789,7.487,3.677,0.037,-0.244
444.191,-41.579,-7.053,2.000,-110.363,71.738,4.956,3.783,0.060,0.381
444.197,-34.552,-14.377,2.000,-110.113,72.176,5.907,4.156,0.084,0.291
444.204,-27.228,-21.702,2.000,-105.998,70.158,9.135,4.332,0.110,0.609
444.211,-19.903,-29.619,2.000,-103.639,65.669,3.792,4.605,0.138,0.686
444.218,-12.579,-36.943,2.000,-102.803,59.497,7.254,4.962,0.167,0.561
444.224,-5.255,-44.268,2.000,-98.766,40.322,4.071,5.143,0.199,0.772
444.231,2.086,-51.609,2.000,-97.064,44.276,10.103,5.453,0.233,0.781
444.238,9.455,-58.977,2.000,-85.435,29.680,6.439,5.219,0.265,1.672
444.245,16.823,-66.345,2.000,-78.222,25.986,8.947,5.227,0.297,1.927
444.251,24.191,-72.533,2.000,-68.334,15.112,6.242,5.089,0.328,2.369
444.258,31.559,-79.901,2.000,-58.510,8.725,5.330,4.954,0.350,2.749
444.265,38.928,-87.269,2.000,-43.454,-4.850,0.130,4.531,0.350,3.457
444.271,45.808,-92.421,2.000,-35.212,-7.826,-2.091,4.456,0.350,3.443
444.278,52.127,-98.175,2.000,-16.142,-19.071,-0.878,3.755,0.350,4.326
444.285,58.446,-104.494,2.000,-14.733,-23.504,0.885,4.025,0.350,3.404
444.292,64.765,-113.107,2.000,-10.794,-28.276,7.372,4.156,0.350,2.928
444.298,71.084,-120.607,2.000,-5.421,-34.396,7.645,4.208,0.350,2.670
444.305,76.937,-126.460,2.000,-2.195,-38.059,7.109,4.352,0.350,2.333
444.312,81.624,-131.147,2.000,2.434,-39.701,11.396,4.355,0.350,2.161
444.318,86.311,-132.360,2.000,4.772,-44.209,9.432,4.485,0.350,1.859
444.325,90.998,-137.047,2.000,7.214,-45.035,9.863,4.608,0.350,1.652
444.332,95.834,-137.407,2.000,10.884,-49.179,6.721,4.672,0.350,1.513
444.338,99.018,-140.591,2.000,12.804,-55.789,1.642,4.742,0.350,1.334
444.344,101.929,-143.502,2.000,18.290,-56.990,2.311,4.600,0.350,1.572
444.350,104.839,-146.412,2.000,22.795,-59.528,6.841,4.512,0.350,1.570
444.356,107.484,-149.057,2.000,27.797,-69.898,6.015,4.383,0.350,1.723
444.362,108.581,-132.383,2.000,35.416,-77.582,4.620,4.024,0.350,2.097
444.368,109.826,-132.811,2.000,36.987,-78.805,10.032,4.006,0.350,1.661
444.375,110.923,-133.907,2.000,47.680,-91.615,7.809,3.478,0.350,2.288
444.381,111.179,-134.163,2.000,50.367,-86.777,8.461,3.345,0.350,1.956
444.388,110.394,-133.378,2.000,60.022,-96.388,8.906,2.770,0.350,2.366
444.394,109.906,-130.669,2.000,65.906,-100.089,6.480,2.420,0.350,2.586
444.399,109.121,-129.884,2.000,70.723,-105.067,2.672,2.112,0.350,2.489
444.405,106.966,-127.729,2.000,75.747,-104.484,3.143,1.717,0.350,2.404
444.410,104.348,-125.111,2.000,77.075,-102.336,4.939,1.500,0.350,1.926
444.416,101.878,-120.687,2.000,79.777,-99.944,5.323,1.216,0.350,1.669
444.421,99.173,-117.692,2.000,81.417,-102.737,6.161,0.977,0.350,1.453
444.427,94.736,-113.254,2.000,82.628,-96.819,5.983,0.666,0.350,1.277
444.433,90.299,-108.817,2.000,84.573,-94.616,6.129,0.315,0.350,1.244
444.438,85.861,-102.701,2.000,87.332,-92.765,7.847,-0.081,0.350,1.334
444.444,81.424,-98.263,2.000,83.471,-92.650,7.192,-0.113,0.350,0.617
444.449,75.949,-92.788,2.000,82.564,-91.277,7.564,-0.364,0.348,0.345
444.455,69.806,-86.108,2.000,80.275,-87.206,8.418,-0.576,0.345,-0.027
444.461,63.663,-78.171,2.000,77.948,-80.369,8.573,-0.786,0.341,-0.326
444.466,57.519,-72.027,2.000,76.452,-73.886,8.781,-1.041,0.336,-0.424
444.472,51.385,-64.923,2.000,75.581,-71.628,7.444,-1.331,0.330,-0.449
444.477,44.740,-55.589,2.000,72.730,-66.397,6.350,-1.539,0.323,-0.714
444.482,37.416,-47.846,2.000,69.522,-64.008,7.779,-1.766,0.315,-0.973
444.488,30.091,-40.522,2.000,63.186,-55.905,7.911,-1.820,0.305,-1.455
444.493,22.767,-33.197,2.000,59.097,-50.202,9.005,-1.998,0.296,-1.522
444.499,15.442,-25.873,2.000,54.079,-48.056,8.775,-2.125,0.285,-1.652
444.505,8.118,-18.548,2.000,48.980,-40.157,8.494,-2.247,0.274,-1.787
444.510,0.793,-8.308,2.000,43.557,-36.864,5.160,-2.352,0.262,-1.951
444.516,-6.572,-0.582,2.000,39.410,-34.187,4.045,-2.529,0.249,-1.951
444.522,-13.941,6.788,2.000,35.322,-29.252,4.334,-2.709,0.235,-1.942
444.527,-21.310,14.157,2.000,30.980,-22.481,5.573,-2.876,0.220,-2.029
444.533,-28.679,21.526,2.000,24.373,-14.566,6.061,-2.918,0.205,-2.343
444.539,-36.048,28.895,2.000,19.343,-7.012,6.527,-3.046,0.189,-2.341
444.544,-43.417,36.264,2.000,15.019,-1.499,8.179,-3.214,0.173,-2.253
444.550,-49.758,42.605,2.000,10.702,7.961,8.528,-3.325,0.156,-2.151
444.556,-56.079,49.283,2.000,7.065,13.783,9.236,-3.473,0.138,-2.010
444.561,-62.401,55.604,2.000,1.433,18.864,8.687,-3.511,0.120,-2.128
444.567,-68.722,61.925,2.000,-2.706,25.124,6.601,-3.631,0.102,-2.069
444.573,-75.044,68.247,2.000,-7.071,30.187,5.708,-3.738,0.083,-2.038
444.578,-80.057,73.260,2.000,-12.968,36.825,6.284,-3.690,0.064,-2.153
444.584,-84.747,78.989,2.000,-17.155,44.166,6.931,-3.718,0.044,-2.064
444.590,-89.438,83.680,2.000,-24.784,50.700,7.916,-3.556,0.026,-2.398
444.595,-94.129,88.370,2.000,-32.443,55.302,8.743,-3.393,0.008,-2.652
444.601,-98.175,92.417,2.000,-40.818,62.493,8.584,-3.155,-0.009,-2.914
444.607,-101.090,95.331,2.000,-48.366,70.148,9.644,-2.900,-0.024,-3.008
444.612,-104.004,98.246,2.000,-55.952,76.295,9.760,-2.643,-0.038,-3.089
444.618,-106.919,101.160,2.000,-60.217,82.298,10.120,-2.569,-0.051,-2.798
444.624,-108.631,102.873,2.000,-64.661,87.309,8.470,-2.418,-0.064,-2.590
444.629,-109.732,103.974,2.000,-70.288,92.194,7.319,-2.169,-0.075,-2.540
444.635,-110.833,105.075,2.000,-76.491,94.547,6.177,-1.889,-0.085,-2.558
444.641,-111.934,106.176,2.000,-81.462,100.652,4.953,-1.676,-0.094,-2.460
444.646,-111.222,105.464,2.000,-89.555,108.258,5.158,-1.192,-0.101,-2.734
444.652,-110.441,104.683,2.000,-95.573,113.433,3.068,-0.818,-0.106,-2.741
444.657,-109.661,103.902,2.000,-101.068,121.517,4.983,-0.473,-0.110,-2.749
444.663,-108.396,102.638,2.000,-105.372,125.929,6.732,-0.166,-0.111,-2.586
444.669,-105.782,103.686,2.000,-108.268,130.464,7.724,0.137,-0.111,-2.252
444.675,-103.168,101.072,2.000,-113.471,131.337,8.542,0.567,-0.109,-2.270
444.680,-100.554,98.458,2.000,-118.247,135.740,9.370,0.973,-0.105,-2.212
444.686,-96.913,95.870,2.000,-119.824,135.849,3.968,1.260,-0.099,-1.872
444.691,-92.479,91.436,2.000,-121.131,138.032,1.871,1.576,-0.092,-1.595
444.697,-88.045,87.003,2.000,-124.226,139.952,4.125,1.990,-0.083,-1.575
444.703,-83.611,82.569,2.000,-121.116,139.214,7.066,2.063,-0.072,-0.936
444.708,-78.964,78.071,2.000,-118.534,138.084,8.422,2.176,-0.062,-0.395
444.714,-72.824,71.930,2.000,-114.713,135.802,8.747,2.304,-0.050,0.135
444.719,-66.683,65.790,2.000,-110.418,131.045,4.868,2.405,-0.039,0.498
444.725,-60.542,59.649,2.000,-107.457,130.381,3.765,2.580,-0.027,0.643
444.730,-54.401,53.508,2.000,-106.954,128.611,7.188,2.890,-0.014,0.509
444.736,-48.261,47.367,2.000,-102.624,124.644,9.382,2.990,0.000,0.812
444.741,-41.001,40.107,2.000,-96.059,119.022,8.507,3.028,0.016,1.445
444.747,-33.676,32.783,2.000,-93.441,113.557,6.655,3.287,0.033,1.529
444.752,-26.352,25.608,2.000,-94.468,107.356,4.257,3.746,0.051,1.088
444.758,-19.028,18.283,2.000,-89.686,103.277,4.968,3.886,0.071,1.368
444.763,-11.703,10.959,2.000,-83.661,102.099,7.508,3.958,0.091,1.657
444.769,-4.379,3.635,2.000,-78.901,101.478,8.848,4.099,0.111,1.683
444.775,2.963,-3.707,2.000,-75.926,93.947,6.336,4.339,0.133,1.620
444.780,10.331,-11.075,2.000,-75.410,94.419,6.602,4.716,0.156,1.262
444.786,17.700,-18.444,2.000,-71.865,90.584,5.847,4.926,0.181,1.340
444.791,25.068,-25.812,2.000,-71.415,89.706,10.254,5.307,0.208,1.112
444.797,32.436,-33.180,2.000,-64.495,81.790,10.378,5.331,0.235,1.578
444.803,39.804,-40.548,2.000,-58.463,71.029,8.368,5.405,0.262,1.925
444.808,46.666,-47.112,2.000,-54.848,67.744,4.112,5.583,0.290,1.869
444.813,52.985,-53.580,2.000,-47.334,65.100,2.851,5.518,0.317,2.318
444.820,61.410,-62.005,2.000,-33.114,48.861,6.559,5.199,0.350,3.421
444.825,67.729,-68.324,2.000,-26.496,44.647,7.104,5.182,0.350,3.469
444.830,74.048,-74.494,2.000,-21.078,39.657,4.213,5.232,0.350,3.291
444.836,79.328,-79.774,2.000,-13.474,38.817,7.170,5.104,0.350,3.364
444.841,84.015,-84.461,2.000,-7.882,35.828,12.007,5.054,0.350,3.083
444.846,88.702,-88.999,2.000,2.324,32.115,12.140,4.751,0.350,3.381
444.851,93.389,-93.686,2.000,9.983,22.609,10.196,4.587,0.350,3.441
444.856,97.726,-98.023,2.000,14.652,15.764,7.924,4.569,0.350,3.278
444.861,100.636,-100.933,2.000,24.659,15.576,5.774,4.179,0.350,3.819
444.866,103.546,-103.844,2.000,31.944,8.618,3.366,3.938,0.350,3.852
444.871,106.457,-106.754,2.000,36.004,1.770,0.494,3.875,0.350,3.463
444.876,108.464,-108.762,2.000,40.415,-7.371,-0.261,3.743,0.350,3.156
444.883,109.927,-110.373,2.000,49.956,-22.125,1.021,3.298,0.350,3.198
444.888,111.023,-111.469,2.000,49.100,-26.380,1.327,3.406,0.350,2.304
444.894,111.873,-112.319,2.000,51.569,-26.328,6.791,3.317,0.350,2.000
444.899,111.087,-111.534,2.000,55.522,-27.269,9.697,3.056,0.350,1.902
444.905,110.302,-110.748,2.000,59.451,-30.177,9.888,2.797,0.350,1.783
444.910,109.517,-109.814,2.000,61.044,-35.691,9.358,2.666,0.350,1.368
444.916,107.067,-107.365,2.000,64.787,-42.526,5.224,2.325,0.350,1.455
444.921,104.449,-104.747,2.000,69.729,-48.963,5.323,1.910,0.350,1.787
444.928,100.958,-101.256,2.000,71.171,-44.179,5.962,1.638,0.350,1.437
444.933,97.614,-97.912,2.000,72.949,-44.295,6.876,1.357,0.350,1.232
444.939,91.698,-91.995,2.000,76.857,-44.918,4.237,0.816,0.350,1.291
444.944,87.260,-87.558,2.000,76.021,-47.206,3.097,0.618,0.350,0.927
444.950,82.823,-83.121,2.000,78.771,-50.645,3.489,0.223,0.350,1.059
444.955,77.886,-78.184,2.000,80.641,-52.770,4.022,-0.151,0.350,1.049
444.960,71.743,-72.041,2.000,80.611,-49.875,6.444,-0.488,0.348,0.847
444.965,65.600,-65.897,2.000,80.752,-44.599,5.886,-0.833,0.345,0.666
444.970,59.457,-59.754,2.000,77.004,-39.372,5.352,-0.965,0.341,0.066
444.975,53.313,-53.611,2.000,79.390,-36.676,6.418,-1.434,0.335,0.417
444.980,47.036,-47.334,2.000,79.989,-34.685,5.594,-1.812,0.328,0.474
444.985,39.712,-40.009,2.000,77.690,-33.058,5.111,-2.089,0.319,0.122
444.990,32.387,-32.833,2.000,76.894,-36.193,4.444,-2.448,0.308,0.008
444.996,25.063,-25.509,2.000,74.989,-32.107,7.042,-2.746,0.295,-0.213
445.001,17.738,-18.184,2.000,71.209,-28.657,7.569,-2.941,0.281,-0.619
445.006,10.414,-10.860,2.000,68.974,-25.589,7.001,-3.221,0.266,-0.733
445.012,3.089,-3.535,2.000,66.698,-21.558,6.143,-3.498,0.250,-0.793
445.017,-4.262,3.964,2.000,61.438,-14.268,8.157,-3.613,0.233,-1.141
445.022,-11.631,11.333,2.000,55.918,-7.281,6.237,-3.715,0.216,-1.481
445.027,-19.000,18.702,2.000,52.593,-0.629,4.934,-3.938,0.199,-1.501
445.032,-26.369,26.071,2.000,46.903,6.538,4.498,-4.030,0.181,-1.784
445.037,-33.738,33.441,2.000,41.195,12.516,5.909,-4.121,0.162,-1.982
445.042,-41.107,40.810,2.000,33.956,19.852,6.824,-4.128,0.144,-2.302
445.047,-47.776,47.479,2.000,25.881,26.359,6.151,-4.051,0.125,-2.623
445.052,-54.098,53.800,2.000,16.929,30.496,8.212,-3.906,0.108,-2.986
445.057,-60.419,60.122,2.000,9.599,36.263,7.214,-3.851,0.090,-3.087
445.063,-66.741,66.443,2.000,4.335,40.728,7.425,-3.909,0.072,-2.929
445.068,-73.062,72.765,2.000,0.340,45.704,7.523,-4.037,0.054,-2.670
445.073,-78.587,78.289,2.000,-3.338,54.724,7.622,-4.139,0.035,-2.457
445.078,-83.277,82.980,2.000,-7.810,61.817,7.192,-4.151,0.016,-2.388
445.083,-87.968,87.670,2.000,-15.956,68.892,8.136,-3.961,-0.002,-2.766
445.088,-92.658,92.361,2.000,-25.012,75.757,7.396,-3.721,-0.019,-3.143
445.093,-97.261,96.964,2.000,-33.520,80.921,6.606,-3.506,-0.035,-3.311
445.098,-100.176,99.879,2.000,-40.121,86.144,6.531,-3.303,-0.050,-3.175
445.103,-103.090,102.793,2.000,-43.746,88.010,5.468,-3.264,-0.065,-2.779
445.108,-106.005,105.708,2.000,-51.843,90.788,3.961,-2.979,-0.079,-3.002
445.113,-108.286,107.988,2.000,-59.992,98.796,3.734,-2.656,-0.091,-3.167
445.118,-109.387,109.089,2.000,-67.563,107.743,5.864,-2.300,-0.102,-3.248
445.123,-110.488,110.190,2.000,-73.006,109.612,4.915,-2.062,-0.112,-3.097
445.128,-111.589,111.292,2.000,-75.841,111.520,5.711,-1.966,-0.121,-2.634
445.134,-111.467,111.169,2.000,-76.634,114.781,4.908,-1.916,-0.129,-1.991
445.139,-110.686,110.389,2.000,-82.166,119.205,5.374,-1.569,-0.137,-2.109
445.144,-109.905,109.608,2.000,-84.543,121.268,7.364,-1.395,-0.143,-1.803
445.149,-109.125,108.827,2.000,-85.701,122.460,8.024,-1.288,-0.149,-1.472
445.154,-106.601,106.304,2.000,-87.550,124.125,4.586,-1.048,-0.154,-1.317
445.159,-103.987,103.690,2.000,-92.492,126.264,3.110,-0.632,-0.157,-1.574
445.164,-101.225,100.927,2.000,-96.436,126.107,2.647,-0.263,-0.159,-1.694
445.170,-98.154,97.856,2.000,-97.428,129.891,4.447,-0.040,-0.160,-1.430
445.175,-93.720,93.571,2.000,-99.056,136.426,5.075,0.293,-0.160,-1.324
445.180,-89.286,89.138,2.000,-100.370,140.470,5.481,0.610,-0.158,-1.281
445.186,-84.853,84.555,2.000,-99.980,138.993,6.111,0.832,-0.155,-0.982
445.191,-80.419,80.121,2.000,-100.944,138.745,5.271,1.129,-0.150,-0.840
445.196,-74.600,74.302,2.000,-99.146,137.463,7.317,1.350,-0.143,-0.356
445.202,-68.459,68.162,2.000,-97.014,135.554,6.802,1.570,-0.135,0.017
445.207,-62.318,62.021,2.000,-95.549,138.101,3.795,1.828,-0.127,0.198
445.213,-56.178,55.880,2.000,-99.034,143.241,4.303,2.357,-0.116,-0.234
445.218,-50.045,49.748,2.000,-96.909,139.918,4.485,2.577,-0.104,0.007
445.224,-43.168,42.871,2.000,-89.675,130.955,4.260,2.558,-0.091,0.926
445.229,-35.854,35.557,2.000,-89.977,128.927,4.011,2.977,-0.077,0.678
445.235,-28.381,28.232,2.000,-87.291,130.979,2.462,3.240,-0.060,0.784
445.241,-21.057,20.908,2.000,-85.034,129.811,6.741,3.519,-0.042,0.806
445.246,-13.733,13.584,2.000,-77.670,119.560,3.309,3.517,-0.023,1.441
445.253,-6.259,6.259,2.000,-68.801,118.204,-1.732,3.440,-0.004,2.016
445.259,1.069,-1.069,2.000,-70.266,112.838,6.373,3.923,0.018,1.369
445.265,8.437,-8.437,2.000,-67.830,102.272,3.464,4.195,0.040,1.194
445.271,15.954,-15.805,2.000,-57.639,97.020,5.783,4.048,0.063,1.923
445.277,23.322,-23.173,2.000,-46.774,86.992,4.994,3.855,0.083,2.542
445.283,30.690,-30.542,2.000,-43.169,73.952,1.382,4.062,0.104,2.329
445.289,38.059,-37.910,2.000,-35.598,71.287,0.919,4.051,0.126,2.558
445.295,45.254,-45.105,2.000,-23.841,60.435,4.496,3.800,0.146,3.022
445.300,51.573,-51.424,2.000,-21.557,46.520,1.896,4.022,0.168,2.556
445.306,57.892,-57.743,2.000,-14.258,41.262,1.678,3.968,0.190,2.755
445.312,64.211,-64.062,2.000,-7.894,34.320,4.714,3.966,0.210,2.652
445.318,71.277,-70.530,2.000,2.268,23.727,-1.659,3.795,0.231,3.085
445.324,77.746,-76.849,2.000,6.872,25.848,-1.374,3.898,0.252,2.770
445.330,82.456,-81.559,2.000,9.710,30.234,4.170,4.001,0.274,2.360
445.336,87.143,-86.246,2.000,19.926,20.649,4.446,3.697,0.296,2.865
445.343,93.976,-91.082,2.000,26.382,16.534,0.966,3.718,0.318,2.745
445.349,98.980,-95.769,2.000,34.182,10.849,6.641,3.564,0.339,2.764
445.356,102.696,-99.485,2.000,41.707,-3.211,2.464,3.354,0.350,2.817
445.363,107.241,-102.545,2.000,46.188,-1.187,5.485,3.358,0.350,2.555
445.369,110.490,-105.455,2.000,53.092,-11.635,0.024,3.157,0.350,2.660
445.375,113.401,-108.366,2.000,62.465,-13.652,2.685,2.801,0.350,2.910
445.382,114.775,-109.740,2.000,71.330,-19.401,1.002,2.390,0.350,3.048
445.388,115.872,-110.837,2.000,79.859,-31.047,-5.272,1.981,0.350,3.072
445.395,116.969,-111.934,2.000,83.479,-26.343,3.433,1.842,0.350,2.649
445.401,117.789,-112.754,2.000,93.613,-35.810,0.327,1.330,0.350,3.038
445.408,121.506,-115.350,1.000,97.661,-36.132,0.569,1.311,0.350,2.678
445.414,121.352,-115.379,0.000,101.816,-42.807,2.473,1.074,0.350,2.350
445.421,120.567,-114.594,0.000,102.726,-51.542,-3.918,0.981,0.350,1.852
445.427,119.175,-113.321,0.000,102.401,-47.779,-1.933,0.923,0.350,1.357
445.434,116.557,-110.702,0.000,109.609,-55.306,-0.244,0.382,0.350,1.659
445.441,113.939,-108.084,0.000,105.515,-55.356,-1.555,0.463,0.350,0.880
445.447,111.321,-105.466,0.000,106.379,-61.804,3.027,0.272,0.350,0.726
445.454,107.342,-101.487,0.000,110.484,-68.819,0.699,-0.173,0.350,0.908
445.461,109.016,-99.143,-7.000,105.552,-66.051,-4.230,0.191,0.350,0.242
445.467,104.578,-94.706,-7.000,106.710,-67.407,0.087,-0.117,0.349,0.268
445.474,101.855,-90.452,-11.000,108.141,-71.000,-1.454,-0.346,0.348,0.368
445.480,96.892,-85.488,-11.000,104.745,-67.103,-6.747,-0.432,0.346,-0.041
445.487,90.749,-79.345,-11.000,104.680,-60.668,-3.142,-0.766,0.342,-0.073
445.493,90.445,-75.934,-13.000,106.475,-59.850,-5.776,-0.882,0.337,0.129
445.500,85.021,-69.584,-13.000,105.253,-52.111,-7.886,-1.113,0.331,-0.009
445.507,79.985,-64.493,-13.000,102.859,-45.570,-6.128,-1.258,0.323,-0.299
445.513,73.690,-58.198,-13.000,103.958,-45.534,-8.198,-1.665,0.313,-0.127
445.520,66.365,-50.873,-13.000,103.849,-34.113,-8.171,-2.062,0.302,-0.083
445.527,59.041,-43.549,-13.000,104.208,-33.056,-7.732,-2.484,0.287,-0.071
445.533,53.248,-40.724,-13.000,99.042,-30.765,-9.122,-2.519,0.272,-0.539
445.540,45.923,-33.400,-13.000,102.174,-26.652,-8.778,-3.094,0.254,-0.125
445.547,39.389,-26.075,-13.000,100.757,-20.897,-7.850,-3.375,0.234,-0.247
445.553,32.064,-18.751,-13.000,94.922,-16.303,-6.873,-3.457,0.213,-0.728
445.560,25.114,-12.735,-15.000,90.621,-7.759,-7.426,-3.603,0.192,-0.953
445.567,17.745,-5.366,-15.000,87.002,-6.533,-8.256,-3.809,0.169,-1.033
445.574,10.376,2.003,-15.000,76.378,-7.818,-10.907,-3.630,0.146,-1.796
445.580,3.412,9.097,-15.000,72.138,0.271,-12.711,-3.780,0.125,-1.800
445.586,-3.547,15.906,-13.000,69.257,3.861,-13.773,-4.004,0.102,-1.676
445.593,-10.916,23.276,-13.000,58.783,5.308,-12.560,-3.833,0.079,-2.201
445.599,-17.569,29.928,-13.000,51.816,17.289,-10.539,-3.816,0.055,-2.325
445.606,-23.890,36.250,-13.000,46.043,16.449,-7.914,-3.846,0.032,-2.270
445.613,-30.212,42.571,-13.000,34.311,18.590,-7.093,-3.549,0.010,-2.822
445.619,-36.533,48.031,-10.000,27.700,23.876,-8.772,-3.533,-0.011,-2.745
445.626,-42.855,54.353,-10.000,21.677,29.418,-7.791,-3.549,-0.033,-2.693
445.632,-48.354,59.852,-10.000,12.574,35.711,-10.096,-3.351,-0.052,-2.846
445.639,-53.044,64.542,-10.000,5.777,44.678,-11.833,-3.235,-0.072,-2.830
445.645,-58.144,68.643,-9.000,-3.074,54.439,-10.105,-3.029,-0.090,-2.983
445.651,-62.835,73.334,-9.000,-9.265,59.212,-8.598,-2.946,-0.107,-2.899
445.658,-67.001,77.610,-10.000,-13.530,57.953,-9.174,-2.941,-0.124,-2.571
445.665,-69.915,80.524,-10.000,-21.694,68.620,-7.092,-2.652,-0.141,-2.707
445.671,-72.830,83.439,-10.000,-24.365,76.559,-5.946,-2.666,-0.158,-2.312
445.678,-75.744,83.841,-9.000,-31.839,83.191,-6.833,-2.415,-0.173,-2.408
445.685,-77.997,86.094,-9.000,-32.856,90.845,-7.571,-2.483,-0.188,-1.904
445.691,-79.098,87.195,-9.000,-35.150,99.444,-7.649,-2.417,-0.203,-1.678
445.698,-80.199,88.296,-9.000,-43.745,105.107,-9.085,-2.005,-0.215,-2.057
445.705,-81.300,89.397,-10.000,-43.108,112.867,-8.034,-2.101,-0.228,-1.482
445.711,-81.558,88.584,-9.000,-48.158,116.963,-7.682,-1.837,-0.239,-1.612
445.717,-80.368,87.467,-9.000,-55.288,117.847,-8.367,-1.379,-0.248,-1.876
445.724,-79.587,86.686,-9.000,-57.618,127.587,-3.607,-1.208,-0.256,-1.633
445.731,-78.806,85.905,-9.000,-54.209,125.334,-9.081,-1.353,-0.264,-0.916
445.737,-76.254,81.262,-10.000,-61.873,126.137,-9.841,-0.791,-0.270,-1.388
445.744,-73.640,78.648,-10.000,-64.644,121.319,-7.642,-0.495,-0.273,-1.290
445.751,-71.026,76.033,-10.000,-68.045,113.211,-12.950,-0.164,-0.275,-1.279
445.758,-67.927,72.934,-10.000,-71.926,112.777,-6.890,0.220,-0.274,-1.331
445.764,-63.493,68.501,-10.000,-71.683,104.765,-7.508,0.450,-0.271,-0.911
445.771,-59.059,64.067,-10.000,-77.148,111.505,-10.009,0.995,-0.266,-1.166
445.778,-55.035,55.440,-11.000,-72.510,101.454,-8.562,0.961,-0.260,-0.448
445.784,-50.192,51.007,-11.000,-75.285,98.449,-9.858,1.380,-0.253,-0.618
445.790,-44.346,45.161,-11.000,-75.251,98.854,-10.401,1.700,-0.244,-0.470
445.797,-38.205,39.020,-11.000,-71.232,93.972,-10.100,1.816,-0.233,0.006
445.804,-32.064,32.064,-14.000,-69.412,90.560,-8.026,2.054,-0.220,0.222
445.811,-25.924,25.924,-15.000,-68.800,88.207,-7.570,2.358,-0.207,0.218
445.817,-19.369,19.369,-17.000,-71.158,84.577,-12.068,2.848,-0.191,-0.055
445.824,-12.462,12.462,-17.000,-63.780,85.614,-8.699,2.822,-0.173,0.650
445.830,-5.137,5.137,-17.000,-57.089,80.943,-13.438,2.857,-0.156,1.103
445.837,1.773,-2.187,-19.000,-53.825,87.191,-12.841,3.058,-0.138,1.164
445.844,9.098,-9.511,-19.000,-46.350,82.861,-9.258,3.050,-0.120,1.552
445.851,16.422,-16.836,-19.000,-40.091,80.035,-13.310,3.108,-0.101,1.747
445.857,23.746,-25.001,-20.000,-34.100,75.824,-12.565,3.182,-0.082,1.792
445.864,31.075,-32.330,-20.000,-32.715,69.805,-15.109,3.508,-0.061,1.485
445.871,38.443,-39.275,-21.000,-24.566,60.709,-13.459,3.466,-0.040,1.892
445.877,46.225,-46.644,-22.000,-24.888,56.747,-19.259,3.911,-0.018,1.383
445.884,54.012,-54.861,-22.000,-25.348,53.125,-12.535,4.365,0.007,1.007
445.890,61.380,-62.229,-22.000,-17.134,35.205,-15.993,4.318,0.033,1.538
445.897,68.748,-68.748,-22.000,-12.419,37.188,-11.669,4.464,0.060,1.672
445.903,75.922,-75.922,-22.000,-3.294,22.529,-18.753,4.357,0.087,2.104
445.910,82.241,-82.241,-22.000,6.816,18.526,-11.892,4.148,0.112,2.521
445.917,90.717,-101.064,-25.000,15.813,4.495,-13.960,4.120,0.136,2.736
445.923,97.036,-107.383,-25.000,23.162,-0.055,-14.262,4.063,0.162,2.800
445.930,103.355,-113.702,-25.000,35.037,-14.594,-21.899,3.757,0.185,3.209
445.937,109.665,-120.012,-25.000,42.492,-14.315,-14.379,3.694,0.207,3.133
445.943,114.796,-126.926,-24.000,56.488,-30.262,-18.366,3.207,0.227,3.651
445.950,119.483,-130.489,-25.000,60.658,-31.835,-15.014,3.235,0.247,3.128
445.957,124.170,-135.176,-25.000,71.548,-48.100,-19.241,2.894,0.265,3.355
445.963,128.857,-139.863,-25.000,80.724,-54.556,-20.568,2.647,0.282,3.395
445.970,132.538,-144.103,-25.000,90.708,-65.819,-22.486,2.301,0.296,3.485
445.976,135.898,-149.895,-26.000,93.944,-64.048,-15.909,2.307,0.310,2.917
445.983,138.808,-152.805,-26.000,105.681,-70.327,-15.050,1.822,0.322,3.294
445.990,141.719,-155.715,-26.000,104.981,-74.486,-20.939,2.021,0.334,2.432
445.997,143.057,-157.054,-26.000,101.041,-79.849,-17.223,2.311,0.348,1.466
446.003,145.529,-159.947,-28.000,100.042,-86.870,-18.880,2.502,0.350,0.976
446.010,147.094,-159.841,-27.000,102.214,-85.045,-17.379,2.468,0.350,0.997
446.016,147.876,-160.623,-27.000,106.438,-92.855,-22.492,2.279,0.350,1.146
446.023,147.091,-159.838,-27.000,106.423,-92.812,-23.179,2.237,0.350,0.879
446.030,149.214,-159.652,-28.000,115.864,-98.359,-23.623,1.834,0.350,1.536
446.037,148.429,-158.866,-28.000,117.203,-93.077,-25.711,1.717,0.350,1.321
446.043,147.289,-156.032,-28.000,113.160,-92.975,-17.436,1.877,0.350,0.628
446.050,144.671,-153.414,-28.000,112.800,-98.309,-20.145,1.753,0.350,0.406
446.057,145.171,-151.389,-27.000,109.154,-91.264,-15.332,1.981,0.350,-0.058
446.063,144.183,-147.590,-28.000,115.794,-103.353,-21.805,1.561,0.350,0.585
446.070,140.168,-143.575,-28.000,115.729,-98.914,-12.517,1.344,0.350,0.436
446.077,135.731,-139.138,-28.000,120.668,-107.412,-16.307,0.828,0.350,0.815
446.084,135.288,-137.695,-27.000,123.431,-104.620,-16.160,0.652,0.350,0.841
446.090,130.851,-133.258,-27.000,129.288,-112.883,-20.900,0.086,0.350,1.175
446.097,127.650,-130.128,-27.000,132.348,-111.776,-15.895,-0.258,0.349,1.175
446.104,121.507,-123.984,-27.000,136.700,-121.235,-20.808,-0.836,0.345,1.310
446.110,117.213,-117.213,-27.000,137.687,-113.939,-23.595,-1.126,0.339,1.094
446.117,112.332,-112.972,-27.000,145.527,-119.242,-27.686,-1.826,0.330,1.561
446.124,106.189,-106.829,-27.000,137.410,-111.452,-26.714,-1.717,0.319,0.400
446.131,99.870,-100.510,-27.000,135.670,-110.393,-21.576,-1.969,0.307,0.117
446.137,92.545,-93.185,-27.000,134.420,-111.224,-18.879,-2.303,0.294,-0.031
446.144,85.221,-85.861,-27.000,123.321,-99.124,-15.812,-2.096,0.281,-1.065
446.151,77.896,-78.536,-27.000,118.520,-88.037,-15.707,-2.234,0.267,-1.275
446.157,70.572,-71.212,-27.000,113.074,-82.550,-17.037,-2.338,0.253,-1.404
446.164,63.247,-63.887,-27.000,106.605,-76.042,-21.234,-2.385,0.239,-1.649
446.171,55.923,-56.563,-27.000,94.673,-65.522,-20.263,-2.131,0.225,-2.361
446.178,48.570,-49.211,-27.000,88.547,-67.588,-23.865,-2.199,0.212,-2.274
446.184,41.842,-44.464,-28.000,82.112,-56.634,-22.238,-2.215,0.199,-2.300
446.191,34.473,-37.095,-28.000,80.020,-51.811,-23.507,-2.505,0.184,-1.902
446.198,26.463,-31.759,-27.000,67.134,-44.393,-24.989,-2.237,0.171,-2.593
446.204,19.094,-24.390,-27.000,63.861,-38.066,-19.271,-2.462,0.156,-2.246
446.211,11.725,-17.021,-27.000,63.239,-36.433,-20.045,-2.833,0.140,-1.752
446.218,1.981,-13.906,-21.000,52.223,-22.711,-16.829,-2.763,0.123,-2.304
446.225,-6.137,-6.158,-20.000,50.932,-16.073,-16.054,-3.139,0.104,-1.908
446.231,-12.458,0.164,-20.000,41.129,-9.813,-19.207,-2.947,0.085,-2.330
446.238,-19.949,4.335,-15.000,35.519,-2.793,-17.719,-3.051,0.067,-2.261
446.245,-26.270,10.657,-15.000,35.498,-2.245,-20.213,-3.397,0.047,-1.729
446.251,-31.155,12.407,-14.000,29.502,-3.130,-20.081,-3.336,0.027,-1.892
446.258,-35.846,6.608,-13.000,25.583,9.754,-15.941,-3.379,0.007,-1.771
446.265,-40.536,11.298,-13.000,21.811,9.145,-17.392,-3.429,-0.014,-1.669
446.272,-44.639,8.905,-10.000,14.651,14.964,-15.455,-3.261,-0.035,-1.906
446.278,-49.180,13.446,-10.000,9.532,17.356,-13.981,-3.229,-0.054,-1.912
446.285,-52.682,12.629,-9.000,1.388,12.755,-16.542,-2.974,-0.073,-2.154
446.292,-55.596,15.543,-9.000,-7.027,21.177,-14.012,-2.671,-0.090,-2.440
446.298,-58.511,18.458,-9.000,-11.231,23.237,-12.467,-2.600,-0.107,-2.251
446.305,-61.885,9.729,-1.000,-19.493,25.745,-12.276,-2.332,-0.121,-2.396
446.312,-65.235,8.728,0.000,-26.510,28.537,-10.111,-2.130,-0.135,-2.495
446.319,-66.336,9.829,0.000,-31.508,31.178,-6.591,-1.916,-0.147,-2.358
446.325,-67.438,10.930,0.000,-40.426,35.595,-7.985,-1.486,-0.157,-2.584
446.332,-74.457,6.430,0.000,-48.991,39.255,-6.879,-1.401,-0.166,-2.759
446.339,-73.677,5.650,0.000,-54.490,42.075,-3.910,-1.055,-0.173,-2.629
446.345,-76.138,2.659,0.000,-62.102,37.753,-9.139,-0.772,-0.178,-2.677
446.352,-75.358,1.879,0.000,-68.311,40.505,-5.243,-0.388,-0.181,-2.594
446.359,-74.521,-0.710,0.000,-66.742,40.216,-4.195,-0.428,-0.184,-1.818
446.365,-72.334,-4.442,0.000,-71.935,39.773,-6.504,-0.022,-0.185,-1.796
446.372,-69.720,-7.057,0.000,-77.232,40.496,-4.451,0.413,-0.184,-1.888
446.379,-66.584,-10.192,0.000,-73.398,36.758,-2.217,0.375,-0.181,-1.057
446.385,-68.412,-14.626,0.000,-77.360,38.597,-3.944,0.492,-0.178,-1.158
446.392,-63.979,-19.059,0.000,-78.194,36.127,-1.495,0.782,-0.174,-0.997
446.399,-59.545,-23.493,0.000,-76.992,29.280,-2.650,0.960,-0.169,-0.641
446.406,-63.023,-24.599,0.000,-75.891,26.082,-4.961,0.708,-0.165,-0.351
446.412,-60.992,-30.478,0.000,-70.248,20.425,-3.515,0.509,-0.162,0.188
446.419,-54.851,-36.619,0.000,-71.479,16.175,-5.275,0.915,-0.157,0.020
446.426,-48.710,-42.760,0.000,-69.536,12.804,-2.585,1.145,-0.151,0.209
446.432,-48.593,-43.534,0.000,-68.911,9.089,-2.918,1.117,-0.144,0.238
446.439,-42.814,-48.629,0.000,-66.166,4.316,-0.837,1.284,-0.137,0.380
446.446,-35.883,-55.560,0.000,-65.017,7.515,-0.795,1.602,-0.128,0.381
446.452,-28.559,-62.884,0.000,-65.293,2.389,-3.743,2.020,-0.116,0.272
446.459,-23.133,-67.121,0.000,-63.936,-0.156,-0.860,2.244,-0.103,0.333
446.466,-16.139,-73.434,0.000,-62.150,-4.391,0.334,2.531,-0.089,0.434
446.472,-8.815,-80.758,0.000,-62.375,-11.743,-5.155,2.946,-0.073,0.305
446.478,-3.090,-78.425,0.000,-63.331,-12.178,-2.826,3.313,-0.055,0.167
446.485,3.315,-83.017,0.000,-61.963,-13.663,-1.206,3.590,-0.034,0.212
446.491,10.683,-90.385,0.000,-60.350,-18.788,-3.054,3.907,-0.012,0.397
446.497,18.051,-97.753,0.000,-55.962,-19.573,-1.723,4.071,0.010,0.772
446.503,23.615,-100.714,0.000,-57.891,-23.862,2.530,4.483,0.034,0.369
446.509,30.983,-104.694,0.000,-51.288,-33.299,2.688,4.525,0.059,0.913
446.515,38.351,-112.062,0.000,-50.403,-40.845,-0.793,4.881,0.085,0.765
446.521,45.505,-119.215,0.000,-45.957,-45.389,-0.508,5.030,0.112,1.009
446.527,51.824,-125.534,0.000,-40.754,-50.757,0.275,5.092,0.140,1.236
446.533,58.143,-129.390,0.000,-34.367,-59.331,-1.649,5.088,0.168,1.628
446.539,64.462,-135.709,0.000,-28.304,-59.290,-1.538,5.102,0.197,1.878
446.545,70.781,-142.028,0.000,-24.528,-59.750,1.760,5.242,0.225,1.802
446.552,77.058,-148.306,0.000,-14.249,-67.833,0.349,5.022,0.254,2.404
446.558,81.745,-152.993,0.000,-7.945,-74.102,-3.188,4.933,0.282,2.472
446.564,86.432,-157.680,0.000,0.738,-79.314,-1.430,4.713,0.308,2.731
446.570,91.117,-163.178,0.000,8.426,-84.540,0.473,4.548,0.333,2.827
446.576,95.797,-167.859,0.000,16.960,-93.482,-0.885,4.336,0.350,3.017
446.582,99.442,-171.504,0.000,23.996,-103.952,-1.431,4.150,0.350,2.994
446.588,102.353,-174.414,0.000,30.298,-104.168,0.093,3.963,0.350,2.932
446.594,105.114,-176.511,0.000,38.197,-109.568,2.004,3.680,0.350,2.933
446.601,108.025,-180.235,0.000,41.909,-118.008,-0.699,3.636,0.350,2.551
446.607,109.333,-181.543,0.000,45.456,-119.787,-1.111,3.513,0.350,2.239
446.614,110.430,-182.640,0.000,52.875,-123.117,0.589,3.166,0.350,2.367
446.620,111.378,-183.737,0.000,54.458,-128.669,0.669,3.131,0.350,1.957
446.626,112.129,-184.488,0.000,56.517,-136.155,0.759,3.059,0.350,1.646
446.632,111.344,-183.703,0.000,61.252,-142.666,1.434,2.755,0.350,1.657
446.638,110.559,-182.104,0.000,60.856,-144.276,1.698,2.734,0.350,1.219
446.644,109.774,-181.319,0.000,60.203,-146.585,0.286,2.726,0.350,0.840
446.650,108.101,-179.646,0.000,61.357,-149.202,0.110,2.571,0.350,0.744
446.656,105.483,-177.028,0.000,64.366,-153.434,-0.363,2.261,0.350,0.855
446.663,102.716,-175.224,0.000,67.471,-156.839,0.826,1.938,0.350,0.934
446.668,100.098,-172.605,0.000,72.614,-160.997,0.826,1.512,0.350,1.278
446.674,96.053,-168.560,0.000,74.117,-159.991,1.806,1.206,0.350,1.096
446.679,91.615,-164.123,0.000,72.584,-159.880,2.091,1.047,0.350,0.652
446.685,87.029,-160.507,0.000,74.658,-161.438,2.234,0.680,0.350,0.724
446.691,82.592,-156.069,0.000,76.431,-161.816,1.271,0.339,0.350,0.755
446.696,77.566,-151.044,0.000,78.611,-161.916,1.606,-0.057,0.350,0.799
446.702,71.423,-144.900,0.000,80.018,-160.760,0.792,-0.473,0.348,0.778
446.707,65.280,-138.757,0.000,78.681,-157.178,0.369,-0.737,0.345,0.427
446.713,59.136,-132.614,0.000,79.172,-156.467,0.477,-1.102,0.340,0.368
446.718,52.993,-125.649,0.000,81.592,-155.045,0.914,-1.573,0.333,0.553
446.724,46.654,-119.311,0.000,81.772,-149.519,-1.122,-1.931,0.324,0.436
446.730,39.330,-111.986,0.000,82.449,-144.854,-0.472,-2.372,0.312,0.415
446.735,32.005,-106.311,0.000,79.392,-143.574,0.261,-2.606,0.300,0.004
446.741,24.681,-98.987,0.000,74.426,-141.170,1.018,-2.736,0.286,-0.512
446.746,17.356,-91.662,0.000,69.847,-136.158,0.749,-2.887,0.272,-0.834
446.752,10.032,-84.338,0.000,65.583,-132.218,-0.108,-3.055,0.257,-1.059
446.758,2.707,-83.912,0.000,59.627,-125.249,0.398,-3.131,0.242,-1.442
446.763,-4.646,-76.559,0.000,52.597,-119.108,0.674,-3.148,0.226,-1.806
446.769,-12.015,-68.301,0.000,46.112,-116.325,1.504,-3.197,0.210,-1.987
446.775,-19.384,-60.932,0.000,39.819,-112.030,4.417,-3.256,0.194,-2.140
446.780,-26.753,-53.563,0.000,33.795,-106.711,5.728,-3.330,0.178,-2.209
446.786,-34.122,-46.194,0.000,25.988,-97.407,5.430,-3.306,0.161,-2.485
446.791,-41.491,-38.824,0.000,15.288,-89.627,3.550,-3.123,0.145,-3.047
446.797,-48.106,-31.328,0.000,5.374,-77.780,1.559,-2.941,0.129,-3.416
446.803,-54.427,-25.007,0.000,-2.895,-67.167,-0.471,-2.834,0.114,-3.489
446.808,-60.749,-18.686,0.000,-11.899,-57.743,0.075,-2.687,0.100,-3.694
446.814,-67.070,-12.364,0.000,-20.862,-50.210,4.027,-2.541,0.086,-3.856
446.820,-73.392,-3.445,0.000,-25.711,-43.100,6.474,-2.622,0.072,-3.529
446.825,-78.831,2.846,0.000,-30.863,-38.685,5.432,-2.638,0.058,-3.321
446.831,-83.522,13.285,0.000,-33.153,-35.554,2.267,-2.770,0.044,-2.836
446.836,-88.212,17.975,0.000,-33.769,-32.443,-1.205,-2.994,0.028,-2.254
446.842,-92.903,22.666,0.000,-35.142,-31.923,-1.045,-3.177,0.012,-1.915
446.848,-97.413,27.177,0.000,-38.984,-30.063,0.749,-3.214,-0.005,-1.906
446.853,-100.328,30.091,0.000,-43.777,-25.988,0.431,-3.110,-0.021,-1.996
446.859,-103.242,42.762,0.000,-50.333,-20.061,0.601,-2.910,-0.037,-2.260
446.865,-106.157,46.380,0.000,-55.446,-14.572,-0.405,-2.789,-0.051,-2.264
446.870,-108.343,48.566,0.000,-60.036,-7.039,-1.488,-2.657,-0.065,-2.208
446.876,-109.444,49.667,0.000,-65.162,-1.643,-2.159,-2.436,-0.078,-2.222
446.882,-110.545,50.768,0.000,-70.461,6.531,-1.899,-2.205,-0.090,-2.220
446.887,-111.646,51.870,0.000,-76.946,13.360,-0.853,-1.909,-0.100,-2.362
446.893,-111.426,51.649,0.000,-83.744,18.383,-1.046,-1.523,-0.108,-2.513
446.898,-110.645,50.869,0.000,-90.338,24.383,-0.674,-1.117,-0.114,-2.593
446.905,-112.725,61.679,0.000,-97.052,35.147,0.851,-0.862,-0.120,-2.609
446.911,-111.939,60.894,0.000,-103.524,43.228,1.050,-0.463,-0.123,-2.544
446.918,-110.901,58.867,0.000,-110.563,47.299,-0.600,-0.019,-0.125,-2.613
446.925,-108.775,62.351,0.000,-114.278,53.179,-1.630,0.303,-0.124,-2.337
446.931,-106.161,59.737,0.000,-117.881,57.667,-0.776,0.645,-0.121,-2.100
446.937,-102.996,56.571,0.000,-121.857,64.775,-1.655,1.037,-0.116,-1.974
446.943,-98.562,52.137,0.000,-127.206,71.253,-0.936,1.575,-0.108,-2.003
446.949,-97.273,67.320,0.000,-127.810,73.968,-0.228,1.680,-0.098,-1.545
446.956,-92.839,62.886,0.000,-129.467,75.301,-1.347,2.015,-0.086,-1.297
446.963,-91.186,64.034,0.000,-128.047,77.610,-2.923,2.027,-0.074,-0.854
446.969,-85.705,58.652,0.000,-125.486,78.230,-2.536,2.188,-0.061,-0.360
446.976,-79.564,52.511,0.000,-122.542,72.380,-2.277,2.364,-0.047,0.064
446.982,-74.754,51.298,0.000,-122.117,76.830,-0.669,2.605,-0.032,0.068
446.989,-68.843,47.750,0.000,-117.534,80.679,-0.464,2.678,-0.017,0.475
446.995,-62.702,41.609,0.000,-116.705,76.499,0.250,2.970,0.001,0.428
447.002,-55.751,34.658,0.000,-116.267,66.337,-2.447,3.328,0.020,0.349
447.009,-49.609,29.318,0.000,-113.928,71.719,-0.239,3.538,0.041,0.455
447.016,-42.285,21.994,0.000,-106.609,67.328,-0.116,3.538,0.062,0.990
447.022,-34.960,14.670,0.000,-103.070,65.058,0.026,3.746,0.086,1.122
447.029,-27.636,7.345,0.000,-100.730,65.392,0.465,4.020,0.109,1.016
447.036,-20.312,0.021,0.000,-93.314,61.101,1.928,4.015,0.134,1.466
447.042,-12.981,-7.309,0.000,-93.556,62.518,2.499,4.432,0.160,1.102
447.049,-7.112,-9.299,0.000,-90.067,64.970,3.845,4.563,0.187,1.160
447.055,0.256,-16.667,0.000,-83.321,57.152,-0.795,4.597,0.214,1.564
447.062,7.881,-24.035,0.000,-76.946,51.447,-1.992,4.665,0.241,1.856
447.068,15.249,-31.404,0.000,-73.119,47.971,-0.717,4.860,0.270,1.754
447.075,22.617,-38.772,0.000,-65.891,41.181,-1.242,4.868,0.298,2.007
447.081,29.753,-45.908,0.000,-64.548,30.685,-0.220,5.187,0.328,1.697
447.088,36.072,-52.078,0.000,-58.501,32.282,3.365,5.202,0.350,1.843
447.094,42.391,-58.397,0.000,-50.869,18.923,0.683,5.129,0.350,2.111
447.101,48.710,-64.716,0.000,-49.180,17.888,0.337,5.384,0.350,1.758
447.108,55.029,-70.886,0.000,-48.241,15.431,3.521,5.680,0.350,1.390
447.114,61.279,-77.136,0.000,-37.464,5.352,3.435,5.431,0.350,2.128
447.120,65.966,-81.823,0.000,-29.442,-4.010,2.213,5.247,0.350,2.392
447.126,70.653,-86.510,0.000,-19.502,-7.032,5.410,4.959,0.350,2.794
447.132,75.845,-91.197,0.000,-12.987,-15.206,3.684,4.886,0.350,2.728
447.138,80.532,-95.884,0.000,-8.247,-24.860,-0.220,4.883,0.350,2.601
447.144,84.148,-99.500,0.000,1.162,-27.598,-1.350,4.564,0.350,2.946
447.151,87.553,-102.262,0.000,10.941,-32.067,1.727,4.214,0.350,3.152
447.157,90.464,-105.321,0.000,13.627,-38.276,1.364,4.226,0.350,2.718
447.163,93.374,-108.231,0.000,19.090,-41.964,3.152,4.086,0.350,2.592
447.169,95.607,-109.504,0.000,25.588,-45.182,3.811,3.851,0.350,2.615
447.175,96.703,-110.601,0.000,31.312,-46.920,4.528,3.597,0.350,2.533
447.181,99.609,-111.697,0.000,36.332,-53.804,3.746,3.480,0.350,2.468
447.187,100.323,-112.411,0.000,41.861,-58.532,0.938,3.215,0.350,2.425
447.194,101.416,-111.626,0.000,45.631,-59.779,2.066,3.068,0.350,2.217
447.200,100.630,-110.841,0.000,48.284,-61.767,2.945,2.879,0.350,1.903
447.206,99.845,-110.056,0.000,52.259,-64.105,2.696,2.617,0.350,1.842
447.212,98.136,-108.347,0.000,57.640,-69.444,0.513,2.227,0.350,1.960
447.218,97.065,-105.729,0.000,63.021,-69.776,1.869,1.872,0.350,2.061
447.224,94.632,-103.110,0.000,63.676,-67.909,2.743,1.703,0.350,1.600
447.230,92.014,-100.492,0.000,64.934,-70.421,4.165,1.489,0.350,1.329
447.236,87.933,-96.411,0.000,65.775,-74.129,3.595,1.219,0.350,1.130
447.242,84.045,-91.825,0.000,64.879,-75.737,1.360,1.054,0.350,0.774
447.249,79.608,-87.387,0.000,67.261,-71.476,3.042,0.679,0.350,0.806
447.255,75.707,-83.099,0.000,70.775,-73.344,0.805,0.271,0.350,0.978
447.262,71.345,-78.039,0.000,65.503,-74.940,1.705,0.321,0.350,0.201
447.268,65.201,-71.896,0.000,62.893,-74.987,2.798,0.127,0.350,-0.169
447.274,59.229,-65.753,0.000,64.026,-73.165,2.664,-0.264,0.349,-0.064
447.280,54.579,-59.609,0.000,63.048,-69.485,1.917,-0.466,0.347,-0.110
447.286,48.435,-53.466,0.000,61.426,-65.290,2.056,-0.714,0.344,-0.195
447.292,42.073,-47.104,0.000,63.017,-64.757,2.191,-1.152,0.339,0.059
447.298,34.749,-39.779,0.000,62.302,-64.382,2.873,-1.515,0.331,0.002
447.304,27.424,-32.455,0.000,57.003,-60.595,0.506,-1.627,0.322,-0.571
447.310,20.100,-25.130,0.000,53.254,-54.972,0.776,-1.823,0.312,-0.872
447.317,15.119,-17.809,0.000,50.492,-48.644,0.394,-1.946,0.301,-0.973
447.323,7.804,-10.495,0.000,50.474,-43.528,0.112,-2.347,0.289,-0.740
447.329,0.490,-3.181,0.000,47.186,-38.775,1.159,-2.568,0.275,-0.845
447.335,-6.410,4.173,0.000,42.308,-35.362,1.953,-2.680,0.261,-1.085
447.341,-13.780,11.542,0.000,37.407,-30.746,0.457,-2.815,0.245,-1.321
447.347,-21.149,18.911,0.000,29.810,-20.031,2.897,-2.803,0.229,-1.767
447.353,-28.518,26.280,0.000,21.780,-13.983,2.200,-2.766,0.213,-2.143
447.360,-35.586,33.649,0.000,14.756,-8.140,1.862,-2.769,0.198,-2.320
447.366,-43.106,41.018,0.000,7.286,-2.473,0.720,-2.772,0.183,-2.495
447.372,-49.703,47.616,0.000,0.428,8.584,0.583,-2.757,0.167,-2.591
447.378,-55.724,53.937,0.000,-6.909,15.955,0.677,-2.685,0.152,-2.704
447.384,-62.046,60.258,0.000,-14.210,21.861,0.989,-2.631,0.138,-2.849
447.390,-68.218,66.580,0.000,-21.468,27.608,-0.063,-2.571,0.124,-2.865
447.396,-74.539,72.901,0.000,-26.870,34.424,1.486,-2.622,0.110,-2.713
447.402,-79.952,78.314,0.000,-35.321,40.140,0.526,-2.455,0.095,-2.900
447.408,-84.642,83.004,0.000,-40.272,45.335,0.350,-2.440,0.082,-2.695
447.414,-89.333,87.695,0.000,-43.205,50.532,2.022,-2.537,0.068,-2.338
447.420,-94.023,92.385,0.000,-49.043,64.062,1.128,-2.474,0.054,-2.353
447.426,-98.054,97.013,0.000,-54.981,72.350,0.429,-2.369,0.041,-2.390
447.432,-100.966,99.925,0.000,-58.204,80.485,1.074,-2.352,0.028,-2.138
447.438,-103.880,102.839,0.000,-62.354,86.787,2.793,-2.284,0.015,-2.034
447.444,-106.795,105.754,0.000,-66.509,91.626,2.010,-2.216,0.004,-1.924
447.450,-108.954,107.913,0.000,-70.437,96.814,0.221,-2.118,-0.008,-1.813
447.456,-110.055,109.014,0.000,-79.166,101.506,-0.302,-1.699,-0.017,-2.259
447.462,-111.157,110.115,0.000,-85.266,104.210,0.698,-1.424,-0.025,-2.330
447.468,-112.258,111.216,0.000,-90.087,106.995,1.225,-1.219,-0.032,-2.292
447.474,-112.010,110.968,0.000,-93.572,109.054,-0.203,-1.014,-0.038,-2.133
447.480,-111.229,110.188,0.000,-96.586,112.160,-1.250,-0.805,-0.043,-1.940
447.486,-110.448,109.407,0.000,-100.803,117.001,-0.419,-0.531,-0.047,-1.903
447.491,-109.636,108.594,0.000,-106.304,121.005,1.456,-0.183,-0.048,-1.962
447.497,-107.022,105.980,0.000,-108.369,122.845,3.443,0.074,-0.048,-1.670
447.503,-104.408,103.366,0.000,-109.199,123.968,3.479,0.263,-0.047,-1.337
447.509,-101.794,100.752,0.000,-113.755,126.322,3.056,0.658,-0.044,-1.503
447.515,-98.601,97.560,0.000,-117.847,130.198,1.279,1.059,-0.039,-1.566
447.521,-94.167,93.126,0.000,-123.260,133.595,1.538,1.600,-0.032,-1.745
447.527,-89.734,88.692,0.000,-125.698,135.825,1.983,1.978,-0.022,-1.606
447.533,-85.300,84.259,0.000,-126.136,134.108,1.919,2.246,-0.011,-1.334
447.539,-80.866,79.825,0.000,-126.116,130.618,2.673,2.489,0.002,-1.007
447.545,-74.933,73.892,0.000,-128.808,127.277,1.405,2.963,0.017,-1.015
447.550,-68.792,67.751,0.000,-129.717,126.324,-1.355,3.351,0.034,-0.864
447.557,-62.652,61.610,0.000,-126.849,126.488,0.538,3.531,0.054,-0.370
447.562,-56.511,55.470,0.000,-122.052,125.799,1.447,3.605,0.073,0.193
447.568,-50.370,49.329,0.000,-116.113,120.109,-0.791,3.616,0.092,0.810
447.574,-43.402,42.361,0.000,-114.862,111.194,-1.567,3.930,0.113,0.783
447.580,-36.078,35.036,0.000,-110.812,108.952,-2.091,4.110,0.135,0.990
447.586,-28.753,27.712,0.000,-102.205,105.957,1.371,4.040,0.156,1.569
447.592,-21.429,20.388,0.000,-95.315,98.068,2.803,4.064,0.178,1.855
447.598,-14.105,13.063,0.000,-90.122,89.386,1.051,4.181,0.200,1.992
447.604,-6.780,5.739,0.000,-83.625,84.233,-0.119,4.226,0.224,2.205
447.610,0.551,-1.592,0.000,-79.678,85.547,3.017,4.413,0.247,2.082
447.616,7.919,-8.960,0.000,-69.426,79.035,3.016,4.254,0.270,2.608
447.622,15.287,-16.329,0.000,-60.768,70.678,1.178,4.183,0.292,2.939
447.627,22.656,-23.697,0.000,-55.934,64.474,-1.056,4.322,0.315,2.773
447.633,30.024,-31.065,0.000,-48.137,56.971,-2.145,4.299,0.338,2.948
447.639,37.392,-38.433,0.000,-42.346,52.995,-0.324,4.386,0.350,2.777
447.645,44.512,-45.554,0.000,-35.143,48.610,-0.934,4.381,0.350,2.849
447.651,50.831,-51.873,0.000,-31.576,39.186,-2.101,4.532,0.350,2.627
447.657,57.150,-58.192,0.000,-27.693,31.148,-0.764,4.666,0.350,2.426
447.662,63.469,-64.511,0.000,-24.983,29.822,3.050,4.865,0.350,2.118
447.668,69.788,-70.830,0.000,-22.194,28.030,6.783,5.059,0.350,1.867
447.674,76.015,-77.056,0.000,-16.603,23.086,7.957,5.094,0.350,2.003
447.680,80.702,-81.743,0.000,-11.392,11.637,3.123,5.065,0.350,2.085
447.686,85.389,-86.430,0.000,-8.061,8.172,1.388,5.140,0.350,1.945
447.692,90.076,-91.117,0.000,-5.741,5.852,2.178,5.270,0.350,1.735
447.698,94.763,-95.804,0.000,3.572,1.985,2.504,5.015,0.350,2.254
447.703,98.353,-99.394,0.000,10.984,-8.950,-0.744,4.805,0.350,2.529
447.709,101.263,-102.305,0.000,15.358,-11.581,-2.354,4.725,0.350,2.347
447.715,104.174,-105.215,0.000,20.947,-14.636,1.042,4.577,0.350,2.363
447.721,107.084,-108.125,0.000,28.806,-23.474,3.419,4.305,0.350,2.562
447.727,108.330,-109.371,0.000,37.142,-34.250,2.806,3.915,0.350,2.872
447.733,109.427,-110.468,0.000,44.782,-41.403,1.004,3.555,0.350,2.926
447.739,110.523,-111.565,0.000,49.223,-45.711,4.648,3.372,0.350,2.693
447.745,111.358,-112.251,0.000,57.415,-54.632,6.404,2.967,0.350,2.856
447.751,110.573,-111.466,0.000,60.530,-61.975,2.278,2.752,0.350,2.447
447.757,109.788,-110.680,0.000,70.445,-70.305,1.283,2.164,0.350,2.830
447.763,109.151,-110.044,0.000,74.090,-70.065,2.477,1.928,0.350,2.469
447.769,107.416,-108.308,0.000,80.238,-73.652,0.982,1.495,0.350,2.544
447.774,104.797,-105.690,0.000,86.087,-78.849,0.709,1.029,0.350,2.567
447.780,102.179,-103.072,0.000,89.402,-81.154,2.332,0.703,0.350,2.284
447.786,99.710,-100.454,0.000,90.154,-81.815,2.738,0.526,0.350,1.801
447.791,95.602,-96.345,0.000,91.795,-79.668,5.282,0.209,0.350,1.577
447.796,91.164,-91.908,0.000,91.391,-76.839,7.150,-0.012,0.350,1.179
447.802,85.397,-85.992,0.000,84.056,-74.616,3.647,0.074,0.350,-0.103
447.809,79.401,-79.996,0.000,84.606,-72.293,2.520,-0.286,0.349,-0.067
447.814,73.258,-73.853,0.000,81.542,-70.628,3.220,-0.456,0.346,-0.544
447.819,67.115,-67.710,0.000,76.619,-65.286,3.520,-0.523,0.344,-1.106
447.824,60.972,-61.567,0.000,76.140,-69.166,5.203,-0.834,0.340,-0.966
447.829,54.828,-55.423,0.000,73.318,-73.723,4.616,-1.017,0.335,-1.115
447.834,48.685,-49.429,0.000,71.676,-68.324,3.484,-1.264,0.329,-1.060
447.840,41.518,-42.262,0.000,67.218,-64.773,4.847,-1.413,0.322,-1.336
447.845,34.193,-34.938,0.000,62.875,-62.713,5.759,-1.577,0.314,-1.514
447.851,26.869,-27.613,0.000,57.521,-59.722,5.867,-1.686,0.306,-1.756
447.857,19.544,-20.289,0.000,54.402,-56.200,5.303,-1.917,0.296,-1.658
447.862,12.220,-13.263,0.000,51.861,-52.810,4.073,-2.180,0.286,-1.507
447.868,4.895,-5.938,0.000,48.462,-47.901,2.861,-2.396,0.274,-1.492
447.874,-2.444,1.402,0.000,44.374,-42.435,0.581,-2.575,0.262,-1.533
447.879,-9.813,8.771,0.000,44.296,-38.239,-0.535,-2.976,0.247,-1.140
447.885,-17.182,16.140,0.000,43.492,-31.559,-0.087,-3.337,0.231,-0.921
447.890,-24.552,23.509,0.000,42.883,-24.465,-0.298,-3.709,0.213,-0.710
447.896,-31.921,30.878,0.000,40.219,-18.084,2.747,-3.968,0.194,-0.819
447.902,-39.290,37.346,0.000,36.061,-10.838,5.270,-4.144,0.172,-1.037
447.907,-46.217,44.273,0.000,31.229,-3.060,4.769,-4.260,0.151,-1.282
447.913,-52.539,50.595,0.000,24.534,4.394,5.529,-4.239,0.130,-1.681
447.918,-58.860,56.916,0.000,16.863,12.515,4.130,-4.165,0.109,-2.100
447.924,-65.182,63.237,0.000,9.092,19.764,4.670,-4.085,0.088,-2.427
447.930,-71.503,69.559,0.000,0.025,26.568,5.277,-3.934,0.068,-2.823
447.935,-77.430,75.486,0.000,-7.281,33.624,4.053,-3.858,0.049,-2.915
447.941,-82.120,80.176,0.000,-14.955,39.716,3.082,-3.694,0.029,-2.976
447.946,-86.811,84.867,0.000,-24.677,51.421,2.919,-3.417,0.012,-3.280
447.952,-91.501,89.557,0.000,-33.651,60.856,2.881,-3.182,-0.004,-3.403
447.958,-96.192,92.710,0.000,-44.408,70.631,2.789,-2.848,-0.019,-3.682
447.963,-99.457,95.976,0.000,-53.301,75.076,2.800,-2.539,-0.032,-3.701
447.969,-102.372,98.890,0.000,-60.546,77.730,2.833,-2.300,-0.043,-3.526
447.974,-105.286,101.648,0.000,-64.820,79.760,3.830,-2.226,-0.054,-3.088
447.980,-108.014,103.578,0.000,-68.240,81.125,4.386,-2.188,-0.065,-2.641
447.985,-109.115,104.680,0.000,-71.682,83.888,6.162,-2.059,-0.076,-2.341
447.991,-110.216,105.781,0.000,-76.628,89.079,8.388,-1.847,-0.086,-2.334
447.997,-111.317,106.882,0.000,-81.254,93.466,7.107,-1.654,-0.095,-2.293
448.002,-111.511,105.560,0.000,-82.979,96.426,6.161,-1.569,-0.103,-1.917
448.008,-110.730,104.779,0.000,-85.274,97.624,4.334,-1.400,-0.111,-1.721
448.014,-109.800,103.301,0.000,-88.527,103.276,4.597,-1.170,-0.118,-1.665
448.020,-109.020,102.520,0.000,-90.149,107.489,4.287,-1.038,-0.124,-1.416
448.026,-106.949,100.449,0.000,-90.720,107.725,4.098,-0.893,-0.129,-1.079
448.032,-104.335,97.835,0.000,-95.184,108.861,4.585,-0.503,-0.132,-1.250
448.039,-101.720,95.221,0.000,-101.655,110.929,4.942,-0.004,-0.134,-1.602
448.045,-99.099,92.599,0.000,-108.367,113.896,4.459,0.510,-0.132,-1.896
448.051,-94.665,88.165,0.000,-109.231,115.647,6.758,0.801,-0.128,-1.521
448.057,-89.635,83.013,0.000,-109.746,113.175,5.021,1.106,-0.122,-1.177
448.064,-85.201,78.580,0.000,-111.101,115.135,1.679,1.424,-0.115,-1.096
448.070,-80.469,73.963,0.000,-110.213,116.402,3.592,1.636,-0.106,-0.730
448.076,-75.071,68.565,0.000,-109.765,114.836,5.106,1.908,-0.096,-0.492
448.082,-68.930,62.424,0.000,-106.038,109.821,4.170,2.041,-0.085,0.034
448.088,-62.489,56.283,0.000,-102.914,109.475,2.482,2.223,-0.073,0.332
448.095,-56.349,49.772,0.000,-103.452,110.597,4.698,2.591,-0.059,0.217
448.101,-50.208,43.631,0.000,-98.352,107.512,6.200,2.648,-0.043,0.628
448.108,-43.611,37.034,0.000,-101.410,104.677,2.874,3.179,-0.024,0.245
448.115,-36.287,29.710,0.000,-98.101,106.472,5.544,3.400,-0.003,0.483
448.122,-28.207,21.625,0.000,-93.936,98.107,1.401,3.615,0.019,0.736
448.128,-20.730,13.314,0.000,-92.613,93.357,0.718,3.954,0.040,0.612
448.134,-13.406,5.989,0.000,-87.444,90.552,2.993,4.072,0.062,0.960
448.140,-4.685,-4.355,0.000,-78.877,81.648,3.707,4.081,0.085,1.593
448.147,2.640,-11.680,0.000,-72.881,76.019,3.047,4.154,0.110,1.768
448.154,10.001,-19.041,0.000,-70.142,70.517,4.020,4.408,0.136,1.565
448.160,17.369,-26.409,0.000,-62.440,62.884,2.835,4.389,0.163,1.847
448.167,27.213,-37.780,0.000,-53.601,58.855,4.169,4.445,0.190,2.217
448.174,35.462,-45.421,0.000,-42.175,49.859,2.827,4.270,0.215,2.679
448.180,42.831,-52.789,0.000,-36.775,38.854,-0.307,4.378,0.242,2.576
448.187,50.199,-60.157,0.000,-30.997,38.463,2.440,4.466,0.268,2.456
448.193,60.085,-69.751,0.000,-23.734,26.837,0.220,4.610,0.296,2.593
448.200,66.404,-76.070,0.000,-14.751,23.962,2.580,4.464,0.323,2.772
448.207,72.723,-82.389,0.000,-2.397,16.824,5.765,4.132,0.348,3.230
448.213,79.042,-88.708,0.000,3.118,9.483,3.288,4.176,0.350,2.950
448.220,93.530,-98.958,0.000,7.596,4.542,5.052,4.726,0.350,2.644
448.226,100.133,-104.064,0.000,17.568,-9.825,0.933,4.541,0.350,2.922
448.233,104.820,-108.751,0.000,24.128,-17.727,0.069,4.438,0.350,2.802
448.240,114.143,-117.502,0.000,32.483,-22.195,5.046,4.491,0.350,2.868
448.246,118.830,-122.189,0.000,40.382,-33.995,0.723,4.315,0.350,2.925
448.253,122.977,-126.336,0.000,46.755,-35.605,3.573,4.192,0.350,2.818
448.260,125.887,-129.246,0.000,59.349,-45.439,2.858,3.660,0.350,3.278
448.266,133.348,-146.417,0.000,65.370,-54.170,0.913,3.739,0.350,3.013
448.273,137.073,-150.409,0.000,73.174,-58.889,2.208,3.514,0.350,2.994
448.279,138.888,-152.223,0.000,81.747,-72.983,1.268,3.143,0.350,3.084
448.286,139.984,-153.320,0.000,88.637,-82.828,-3.135,2.824,0.350,2.958
448.293,141.081,-154.416,0.000,97.654,-86.165,1.102,2.388,0.350,3.014
448.299,145.166,-156.062,0.000,102.434,-96.050,2.262,2.350,0.350,2.784
448.306,144.560,-155.456,0.000,103.663,-100.684,1.336,2.249,0.350,2.209
448.313,143.775,-154.671,0.000,111.762,-103.421,3.748,1.761,0.350,2.433
448.319,148.635,-154.999,0.000,115.855,-109.411,1.033,1.803,0.350,2.221
448.326,150.034,-154.403,0.000,121.070,-113.251,-0.421,1.593,0.350,2.138
448.333,147.416,-151.785,0.000,124.002,-111.918,1.178,1.288,0.350,1.885
448.339,144.798,-149.167,0.000,125.892,-115.739,1.725,1.040,0.350,1.579
448.346,142.179,-146.549,0.000,130.116,-123.486,1.263,0.663,0.350,1.581
448.353,138.642,-143.011,0.000,130.449,-117.843,1.544,0.451,0.350,1.209
448.360,142.686,-140.302,0.000,135.050,-116.422,0.245,0.420,0.350,1.335
448.366,138.249,-136.452,0.000,139.471,-119.276,1.543,-0.067,0.350,1.430
448.373,133.811,-131.427,0.000,141.354,-121.107,2.079,-0.415,0.348,1.274
448.380,129.261,-126.877,0.000,138.654,-117.956,1.257,-0.517,0.345,0.692
448.386,124.345,-121.321,0.000,140.405,-119.051,0.619,-0.883,0.340,0.652
448.393,118.202,-115.178,0.000,141.874,-123.272,-1.130,-1.302,0.333,0.633
448.400,112.058,-109.035,0.000,140.477,-120.417,0.929,-1.563,0.324,0.340
448.407,105.915,-102.892,0.000,140.980,-115.983,0.063,-1.929,0.313,0.326
448.413,99.772,-96.748,0.000,139.295,-113.599,-0.558,-2.174,0.300,0.080
448.420,93.204,-89.558,0.000,138.051,-109.820,-1.785,-2.467,0.286,-0.066
448.427,85.879,-82.233,0.000,137.214,-109.617,-2.102,-2.823,0.269,-0.128
448.434,78.555,-74.321,0.000,134.381,-107.539,-0.055,-3.070,0.251,-0.338
448.440,71.230,-66.997,0.000,131.333,-100.283,-1.252,-3.306,0.231,-0.547
448.447,63.906,-59.672,0.000,126.792,-92.883,-1.375,-3.459,0.211,-0.816
448.454,56.581,-52.348,0.000,122.088,-88.334,0.141,-3.603,0.189,-1.030
448.461,46.787,-45.007,0.000,115.963,-81.525,3.604,-3.805,0.165,-1.374
448.467,34.795,-37.067,0.000,112.898,-79.054,-1.412,-4.296,0.139,-1.342
448.474,25.783,-29.701,0.000,106.665,-75.122,-5.455,-4.448,0.113,-1.568
448.481,18.414,-22.332,0.000,98.883,-68.082,-4.828,-4.426,0.086,-1.886
448.487,-0.492,-14.963,0.000,91.237,-54.829,-2.965,-5.045,0.058,-2.111
448.494,-9.116,-8.763,0.000,82.263,-47.733,-3.576,-5.026,0.027,-2.452
448.501,-16.025,-1.854,0.000,75.324,-40.897,-2.172,-5.024,-0.005,-2.553
448.508,-22.346,4.467,0.000,65.733,-33.609,-1.257,-4.844,-0.035,-2.810
448.514,-35.767,15.875,0.000,59.594,-26.557,-1.188,-5.245,-0.066,-2.654
448.521,-44.368,22.735,0.000,50.174,-18.873,-2.681,-5.200,-0.098,-2.857
448.528,-56.099,33.174,0.000,41.390,-11.852,-3.307,-5.362,-0.130,-2.987
448.534,-68.878,44.660,0.000,34.423,-5.381,-3.499,-5.682,-0.164,-2.866
448.541,-75.230,55.810,0.000,24.467,4.084,-3.891,-5.483,-0.197,-3.048
448.548,-79.921,60.500,0.000,15.094,6.064,-2.940,-5.226,-0.231,-3.203
448.555,-84.611,65.191,0.000,9.308,7.072,-2.424,-5.166,-0.262,-2.962
448.561,-95.532,70.977,0.000,-5.348,20.346,-4.521,-4.960,-0.294,-3.581
448.568,-98.766,74.211,0.000,-13.038,25.788,-3.623,-4.715,-0.323,-3.385
448.574,-102.275,78.188,0.000,-20.497,30.944,-2.443,-4.498,-0.348,-3.374
448.580,-105.190,81.102,0.000,-29.790,38.779,-0.030,-4.147,-0.350,-3.628
448.585,-107.885,83.797,0.000,-41.553,48.813,1.975,-3.648,-0.350,-4.113
448.591,-109.135,83.475,0.000,-49.109,57.978,-0.053,-3.301,-0.350,-3.933
448.597,-110.087,79.516,0.000,-56.746,65.783,-1.938,-2.934,-0.350,-3.825
448.602,-111.189,80.617,0.000,-59.554,70.886,-2.619,-2.840,-0.350,-3.197
448.608,-111.497,80.925,0.000,-62.896,77.613,-4.660,-2.673,-0.350,-2.775
448.613,-110.716,77.570,0.000,-67.861,82.651,-5.967,-2.357,-0.350,-2.623
448.619,-109.935,77.229,0.000,-71.004,89.619,-5.414,-2.141,-0.350,-2.319
448.625,-109.154,76.449,0.000,-74.663,95.157,-4.510,-1.897,-0.350,-2.134
448.630,-107.050,74.344,0.000,-76.608,96.697,-4.995,-1.674,-0.350,-1.802
448.636,-104.436,71.730,0.000,-80.988,101.023,-4.537,-1.290,-0.350,-1.838
448.642,-101.971,62.022,0.000,-84.771,102.919,-3.876,-0.946,-0.350,-1.776
448.647,-99.316,59.367,0.000,-84.365,102.494,-2.786,-0.822,-0.350,-1.254
448.653,-94.882,54.934,0.000,-83.758,102.856,-2.978,-0.612,-0.350,-0.838
448.659,-90.449,45.704,0.000,-85.078,101.179,-1.017,-0.295,-0.350,-0.748
448.664,-86.015,40.711,0.000,-89.322,103.465,-2.472,0.182,-0.350,-1.008
448.670,-81.581,36.277,0.000,-90.648,100.415,-1.687,0.499,-0.347,-0.852
448.676,-76.152,31.408,0.000,-91.426,97.556,-1.811,0.840,-0.343,-0.696
448.681,-70.012,25.821,0.000,-92.339,92.715,-2.822,1.228,-0.337,-0.586
448.687,-63.871,19.680,0.000,-93.011,87.631,-1.873,1.603,-0.330,-0.516
448.693,-57.730,13.540,0.000,-95.691,87.674,-1.140,2.088,-0.320,-0.722
448.698,-51.589,7.948,0.000,-94.803,83.337,-2.215,2.377,-0.309,-0.488
448.704,-44.971,1.329,0.000,-92.765,81.348,-4.601,2.629,-0.296,-0.198
448.710,-37.647,-5.995,0.000,-90.312,74.220,-4.413,2.897,-0.281,0.117
448.715,-30.322,-13.319,0.000,-87.465,68.108,-3.784,3.143,-0.265,0.396
448.721,-22.998,-20.644,0.000,-84.898,58.978,-3.365,3.405,-0.248,0.557
448.727,-15.525,-27.968,0.000,-81.589,55.621,-1.429,3.633,-0.230,0.781
448.732,-8.201,-35.292,0.000,-79.083,48.309,-0.039,3.899,-0.211,0.867
448.738,-0.876,-42.617,0.000,-74.114,42.307,1.040,4.028,-0.190,1.274
448.744,6.634,-49.436,0.000,-70.016,38.315,0.392,4.216,-0.167,1.405
448.750,14.003,-56.804,0.000,-58.562,31.821,0.771,3.991,-0.145,2.240
448.756,21.371,-64.172,0.000,-53.161,25.156,-3.304,4.099,-0.122,2.224
448.762,28.739,-71.540,0.000,-45.836,21.887,-2.878,4.102,-0.100,2.422
448.768,36.405,-77.838,0.000,-37.618,17.876,-1.091,4.071,-0.078,2.551
448.775,43.922,-84.678,0.000,-24.948,4.354,-2.531,3.788,-0.055,3.177
448.781,50.303,-91.060,0.000,-17.946,-0.996,-1.550,3.754,-0.032,3.066
448.788,59.675,-95.827,0.000,-12.297,-10.040,0.648,3.958,-0.009,2.822
448.795,66.795,-102.146,0.000,-7.463,-18.114,-0.686,4.084,0.016,2.609
448.801,73.114,-108.465,0.000,1.011,-22.689,3.722,3.966,0.041,2.760
448.808,79.433,-114.784,0.000,9.309,-28.950,2.899,3.857,0.064,2.846
448.814,87.795,-119.861,0.000,12.581,-36.894,-0.745,4.137,0.089,2.462
448.821,93.235,-124.041,0.000,17.192,-33.433,2.467,4.182,0.114,2.279
448.828,97.922,-128.728,0.000,29.755,-44.961,2.807,3.749,0.138,2.905
448.834,102.609,-133.415,0.000,38.310,-47.172,2.610,3.536,0.160,3.016
448.841,108.727,-136.531,0.000,39.624,-51.802,5.347,3.801,0.183,2.395
448.848,111.637,-139.441,0.000,46.209,-64.828,-1.007,3.599,0.205,2.401
448.855,114.548,-142.352,0.000,55.759,-64.857,2.755,3.233,0.225,2.681
448.861,117.458,-145.262,0.000,67.744,-75.469,0.414,2.734,0.243,3.127
448.868,119.240,-147.044,0.000,71.512,-80.341,0.261,2.625,0.259,2.683
448.874,122.766,-149.139,0.000,79.190,-91.576,3.115,2.397,0.274,2.731
448.881,123.862,-150.236,0.000,86.427,-100.492,0.660,2.059,0.286,2.685
448.888,126.153,-150.831,0.000,88.986,-103.514,2.551,2.044,0.299,2.289
448.894,125.513,-150.191,0.000,99.612,-111.448,1.792,1.425,0.308,2.684
448.901,124.728,-149.406,0.000,101.209,-116.894,-0.242,1.294,0.317,2.215
448.908,123.943,-148.621,0.000,105.592,-116.073,2.489,1.009,0.324,2.087
448.915,122.749,-147.929,0.000,108.573,-122.473,0.360,0.780,0.330,1.876
448.921,120.377,-144.808,0.000,111.390,-126.962,-0.725,0.494,0.333,1.641
448.928,117.758,-142.190,0.000,114.380,-117.629,2.318,0.186,0.334,1.498
448.934,115.640,-136.664,0.000,120.615,-117.217,0.886,-0.274,0.334,1.725
448.941,112.838,-129.916,0.000,115.924,-117.543,0.631,-0.170,0.333,0.867
448.948,108.401,-125.479,0.000,117.973,-114.648,2.344,-0.526,0.330,0.818
448.955,103.963,-121.041,0.000,119.092,-110.826,0.888,-0.832,0.326,0.710
448.961,100.319,-109.775,0.000,116.918,-111.459,0.629,-0.913,0.321,0.368
448.968,96.008,-104.829,0.000,114.670,-104.901,3.089,-1.026,0.314,0.044
448.975,89.865,-98.686,0.000,113.812,-99.950,2.845,-1.317,0.307,-0.036
448.981,83.722,-92.543,0.000,110.864,-101.352,0.373,-1.493,0.298,-0.318
448.988,77.578,-86.038,0.000,110.452,-103.488,-0.111,-1.808,0.288,-0.289
448.995,71.165,-79.895,0.000,109.166,-94.326,2.032,-2.090,0.275,-0.362
449.002,65.022,-73.751,0.000,107.276,-89.461,-1.445,-2.324,0.262,-0.453
449.008,57.810,-66.540,0.000,102.146,-84.734,0.506,-2.438,0.247,-0.802
449.015,50.756,-59.577,0.000,99.543,-79.828,2.703,-2.683,0.231,-0.876
449.022,43.431,-51.891,0.000,98.319,-80.430,2.418,-3.019,0.214,-0.759
449.028,36.107,-44.566,0.000,93.087,-69.818,2.722,-3.134,0.195,-1.074
449.035,29.055,-37.969,0.000,89.954,-62.569,4.643,-3.349,0.175,-1.108
449.042,21.730,-28.508,0.000,83.898,-58.259,3.999,-3.419,0.154,-1.374
449.048,14.389,-21.166,0.000,79.452,-58.157,0.124,-3.578,0.132,-1.477
449.055,7.295,-13.115,0.000,75.694,-48.077,2.491,-3.762,0.109,-1.486
449.062,-0.074,-5.746,0.000,71.360,-37.286,2.231,-3.929,0.085,-1.535
449.069,-7.433,0.584,0.000,66.400,-31.673,2.500,-4.061,0.061,-1.605
449.075,-14.792,7.943,0.000,58.783,-26.688,4.147,-4.047,0.036,-1.925
449.082,-21.598,15.655,0.000,53.616,-22.245,5.524,-4.137,0.011,-1.961
449.089,-28.489,22.546,0.000,48.372,-17.784,4.308,-4.227,-0.015,-1.939
449.096,-34.810,28.868,0.000,38.712,-8.015,2.931,-4.044,-0.040,-2.352
449.102,-41.413,34.842,0.000,33.080,1.200,2.764,-4.097,-0.066,-2.317
449.109,-47.735,41.164,0.000,25.299,12.634,3.934,-4.017,-0.090,-2.461
449.116,-54.056,47.485,0.000,17.277,13.165,3.342,-3.923,-0.114,-2.602
449.122,-59.926,53.356,0.000,7.439,18.081,3.276,-3.705,-0.137,-2.882
449.129,-64.617,58.046,0.000,0.356,28.619,4.186,-3.574,-0.160,-2.855
449.136,-69.307,62.386,0.000,-6.297,36.051,3.722,-3.466,-0.181,-2.749
449.142,-73.998,67.077,0.000,-14.269,43.177,4.790,-3.285,-0.202,-2.805
449.149,-78.123,72.464,0.000,-20.734,51.517,7.133,-3.156,-0.221,-2.731
449.156,-81.327,75.668,0.000,-23.816,54.558,7.455,-3.163,-0.241,-2.335
449.163,-84.241,78.583,0.000,-33.866,58.732,6.415,-2.771,-0.258,-2.664
449.169,-87.440,82.180,0.000,-39.923,71.642,8.011,-2.613,-0.274,-2.571
449.176,-90.386,85.181,0.000,-42.479,75.373,7.938,-2.635,-0.290,-2.104
449.183,-91.488,86.282,0.000,-49.281,82.153,4.889,-2.321,-0.305,-2.226
449.190,-93.415,88.045,0.000,-57.630,86.012,7.250,-1.968,-0.318,-2.432
449.196,-95.053,90.113,0.000,-62.953,87.521,5.473,-1.765,-0.330,-2.356
449.203,-95.330,90.390,0.000,-65.244,91.775,7.735,-1.655,-0.340,-1.977
449.210,-97.074,89.609,0.000,-68.038,95.204,9.129,-1.597,-0.350,-1.779
449.217,-96.294,88.828,0.000,-73.599,94.292,6.413,-1.248,-0.350,-1.812
449.223,-97.580,88.677,0.000,-79.328,100.836,10.312,-1.004,-0.350,-1.911
449.230,-95.452,86.548,0.000,-79.742,102.484,8.982,-0.864,-0.350,-1.458
449.237,-95.330,85.151,0.000,-81.721,103.127,8.366,-0.749,-0.350,-1.254
449.244,-93.298,82.537,0.000,-86.908,104.966,7.740,-0.351,-0.350,-1.478
449.250,-90.619,79.857,0.000,-93.077,104.499,3.896,0.135,-0.350,-1.674
449.257,-88.024,75.720,0.000,-94.655,107.827,7.478,0.365,-0.348,-1.406
449.264,-85.133,71.579,0.000,-95.556,102.460,3.722,0.573,-0.345,-1.155
449.270,-80.699,67.145,0.000,-96.258,106.713,3.187,0.856,-0.340,-0.934
449.277,-76.265,62.711,0.000,-96.766,106.947,7.244,1.128,-0.334,-0.743
449.283,-73.362,58.121,0.000,-100.270,103.454,8.632,1.480,-0.326,-0.869
449.290,-68.735,53.088,0.000,-96.735,101.134,12.013,1.540,-0.317,-0.285
449.296,-62.594,46.947,0.000,-93.438,97.849,10.337,1.696,-0.308,0.065
449.302,-57.348,41.343,0.000,-93.285,91.107,7.119,1.977,-0.297,0.096
449.309,-51.207,35.202,0.000,-93.167,90.877,4.962,2.308,-0.284,0.117
449.315,-44.573,28.568,0.000,-88.703,86.103,6.121,2.427,-0.271,0.486
449.321,-37.248,21.243,0.000,-90.154,78.990,3.432,2.910,-0.256,0.275
449.327,-30.079,13.926,0.000,-85.450,78.862,5.189,3.045,-0.239,0.668
449.333,-22.762,6.341,0.000,-83.850,79.762,7.893,3.360,-0.223,0.586
449.338,-15.438,-0.983,0.000,-79.234,74.073,5.325,3.509,-0.204,1.017
449.344,-8.113,-8.308,0.000,-77.095,64.609,5.440,3.794,-0.185,1.075
449.350,-0.938,-15.902,0.000,-73.811,63.508,8.938,4.008,-0.164,1.199
449.355,6.425,-23.264,0.000,-68.644,59.949,12.574,4.129,-0.144,1.396
449.361,13.793,-30.363,0.000,-64.074,55.791,10.146,4.283,-0.123,1.492
449.366,21.161,-37.731,0.000,-59.881,52.046,7.645,4.457,-0.101,1.658
449.372,28.530,-45.099,0.000,-55.059,43.949,5.147,4.597,-0.077,1.801
449.378,35.898,-52.467,0.000,-51.369,45.753,7.032,4.800,-0.052,1.817
449.383,43.266,-59.836,0.000,-49.194,40.822,10.256,5.085,-0.027,1.578
449.389,49.635,-66.474,0.000,-40.819,32.200,5.620,4.975,-0.002,2.167
449.394,55.954,-72.793,0.000,-39.918,29.081,4.172,5.273,0.024,1.689
449.400,62.273,-79.112,0.000,-33.408,26.890,7.044,5.262,0.051,2.023
449.405,68.592,-85.431,0.000,-27.875,26.041,12.046,5.306,0.078,2.104
449.411,74.911,-91.750,0.000,-18.346,13.577,8.424,5.129,0.106,2.741
449.417,79.968,-96.807,0.000,-16.109,8.597,7.369,5.284,0.132,2.253
449.422,84.655,-101.494,0.000,-9.512,3.068,8.490,5.179,0.158,2.463
449.428,89.342,-106.181,0.000,2.371,-2.238,12.187,4.783,0.183,3.101
449.433,94.029,-111.141,0.000,10.775,-17.603,7.860,4.579,0.207,3.330
449.439,98.123,-115.235,0.000,17.296,-22.431,6.088,4.445,0.230,3.250
449.445,101.033,-118.145,0.000,24.018,-29.601,11.282,4.236,0.251,3.166
449.450,103.944,-121.055,0.000,34.514,-41.697,9.001,3.819,0.271,3.494
449.456,106.854,-123.966,0.000,40.144,-53.176,2.648,3.669,0.291,3.370
449.462,108.614,-125.726,0.000,47.147,-57.466,2.732,3.381,0.310,3.420
449.467,109.711,-126.823,0.000,53.958,-63.241,6.864,3.066,0.325,3.187
449.473,110.807,-127.919,0.000,57.398,-69.509,6.784,2.938,0.339,2.686
449.478,111.904,-129.016,0.000,61.482,-74.939,8.635,2.773,0.350,2.540
449.484,111.242,-128.354,0.000,62.307,-77.498,7.710,2.691,0.350,2.026
449.490,110.457,-127.569,0.000,67.089,-77.639,8.491,2.385,0.350,2.071
449.495,109.672,-126.783,0.000,69.844,-76.351,8.812,2.191,0.350,1.749
449.501,108.456,-125.567,0.000,74.835,-75.018,10.567,1.849,0.350,1.746
449.506,105.837,-122.949,0.000,78.272,-80.365,8.240,1.516,0.350,1.673
449.512,103.219,-120.331,0.000,79.504,-84.280,4.574,1.304,0.350,1.378
449.518,100.601,-117.713,0.000,81.659,-79.823,6.527,1.042,0.350,1.253
449.523,97.009,-114.120,0.000,78.703,-74.629,8.255,1.007,0.350,0.568
449.529,92.571,-109.683,0.000,81.097,-71.718,10.251,0.631,0.350,0.607
449.535,88.134,-105.246,0.000,85.170,-76.619,8.032,0.163,0.350,0.936
449.540,83.697,-100.536,0.000,86.817,-80.133,2.591,-0.172,0.350,0.871
449.546,79.095,-95.935,0.000,87.792,-78.867,-0.613,-0.478,0.348,0.737
449.552,72.952,-90.064,0.000,85.624,-74.646,2.158,-0.697,0.344,0.295
449.557,66.809,-83.921,0.000,85.049,-76.671,5.118,-1.003,0.339,0.133
449.563,60.666,-77.778,0.000,84.514,-76.902,7.100,-1.312,0.334,0.121
449.568,54.522,-71.634,0.000,81.721,-75.139,9.769,-1.496,0.327,-0.122
449.574,48.379,-65.491,0.000,75.395,-75.307,11.169,-1.486,0.320,-0.800
449.580,41.153,-58.265,0.000,71.761,-74.444,12.362,-1.683,0.311,-1.033
449.585,33.829,-50.941,0.000,67.491,-73.486,9.721,-1.851,0.302,-1.277
449.591,26.504,-43.616,0.000,65.751,-66.727,9.327,-2.159,0.291,-1.190
449.597,19.180,-36.292,0.000,63.654,-62.212,9.596,-2.446,0.278,-1.189
449.602,11.855,-28.967,0.000,59.904,-61.464,8.975,-2.643,0.265,-1.335
449.608,4.531,-21.643,0.000,58.507,-61.905,7.686,-2.969,0.251,-1.080
449.613,-2.811,-14.301,0.000,55.662,-59.801,6.930,-3.216,0.236,-1.047
449.619,-10.180,-6.932,0.000,52.401,-56.570,7.237,-3.442,0.218,-1.084
449.625,-17.549,0.437,0.000,45.025,-44.631,9.856,-3.442,0.200,-1.627
449.630,-24.918,7.807,0.000,40.347,-33.324,11.762,-3.590,0.182,-1.752
449.636,-32.288,15.176,0.000,37.101,-24.876,9.126,-3.816,0.163,-1.728
449.642,-39.657,22.545,0.000,33.019,-16.652,8.712,-3.997,0.143,-1.751
449.647,-46.532,29.420,0.000,31.524,-9.761,8.168,-4.293,0.122,-1.468
449.653,-52.854,35.742,0.000,25.538,-6.651,8.047,-4.312,0.100,-1.728
449.659,-59.169,42.057,0.000,17.652,3.127,9.659,-4.225,0.078,-2.136
449.664,-65.485,48.373,0.000,10.124,6.779,10.009,-4.158,0.056,-2.395
449.670,-71.806,54.694,0.000,5.580,13.961,10.844,-4.256,0.035,-2.294
449.676,-77.655,60.543,0.000,-1.001,21.268,12.028,-4.216,0.013,-2.466
449.681,-82.345,65.233,0.000,-9.764,29.181,12.253,-3.992,-0.008,-2.807
449.687,-87.036,69.924,0.000,-19.204,34.346,12.559,-3.731,-0.027,-3.141
449.692,-91.726,74.614,0.000,-24.666,36.700,10.594,-3.688,-0.046,-2.958
449.698,-96.417,79.305,0.000,-29.579,40.912,9.204,-3.676,-0.065,-2.754
449.704,-99.597,82.485,0.000,-36.792,44.456,6.338,-3.454,-0.084,-2.859
449.710,-102.511,85.399,0.000,-42.955,47.077,7.000,-3.276,-0.101,-2.822
449.715,-105.426,88.314,0.000,-51.218,51.960,6.852,-2.981,-0.117,-3.033
449.721,-108.067,90.955,0.000,-59.270,61.484,9.088,-2.684,-0.131,-3.177
449.727,-109.167,92.056,0.000,-65.074,66.417,9.712,-2.425,-0.144,-3.048
449.732,-110.267,93.155,0.000,-72.047,75.720,10.206,-2.102,-0.156,-3.063
449.738,-111.367,94.255,0.000,-74.263,79.862,8.718,-2.041,-0.166,-2.495
449.744,-111.626,94.514,0.000,-79.155,82.780,8.504,-1.786,-0.176,-2.350
449.749,-110.846,93.734,0.000,-83.247,87.111,9.243,-1.518,-0.184,-2.184
449.755,-110.065,92.953,0.000,-85.501,92.012,9.513,-1.351,-0.191,-1.862
449.760,-109.284,92.172,0.000,-89.514,94.541,11.408,-1.087,-0.197,-1.879
449.766,-107.135,90.023,0.000,-94.579,98.481,11.891,-0.691,-0.202,-2.053
449.772,-104.521,87.409,0.000,-97.373,97.867,8.710,-0.393,-0.204,-1.816
449.777,-101.907,84.795,0.000,-102.102,101.901,6.375,0.011,-0.205,-1.879
449.783,-99.208,82.096,0.000,-102.594,102.393,5.100,0.186,-0.204,-1.459
449.789,-94.775,77.663,0.000,-102.104,105.123,6.592,0.403,-0.202,-1.071
449.795,-90.341,73.229,0.000,-101.803,109.404,8.102,0.630,-0.200,-0.822
449.800,-85.907,68.795,0.000,-103.364,107.601,7.169,0.960,-0.195,-0.772
449.806,-81.473,64.361,0.000,-110.950,111.998,6.677,1.621,-0.188,-1.410
449.812,-76.003,58.891,0.000,-111.907,111.029,5.198,1.975,-0.179,-1.218
449.817,-69.862,52.750,0.000,-113.406,111.930,10.017,2.395,-0.167,-1.064
449.823,-63.721,46.610,0.000,-112.380,111.442,14.727,2.676,-0.154,-0.760
449.829,-57.581,40.469,0.000,-111.530,105.562,12.917,2.967,-0.140,-0.486
449.834,-51.440,34.328,0.000,-110.243,104.959,11.883,3.234,-0.124,-0.255
449.840,-44.793,27.681,0.000,-107.021,103.159,10.197,3.423,-0.106,0.177
449.846,-37.468,20.357,0.000,-98.552,94.919,9.807,3.360,-0.089,1.046
449.851,-30.144,13.032,0.000,-90.536,82.158,4.134,3.322,-0.072,1.684
449.857,-22.820,5.708,0.000,-91.134,79.106,4.512,3.757,-0.054,1.164
449.863,-15.495,-1.616,0.000,-86.660,82.401,9.522,3.914,-0.033,1.394
449.868,-8.171,-8.941,0.000,-76.826,71.133,6.800,3.776,-0.014,2.071
449.874,-0.847,-16.265,0.000,-72.172,60.681,5.000,3.923,0.007,2.117
449.880,6.516,-23.628,0.000,-66.594,63.543,6.847,4.021,0.027,2.183
449.885,13.885,-30.997,0.000,-61.992,65.369,12.069,4.173,0.048,2.184
449.891,21.253,-38.365,0.000,-54.308,53.957,10.691,4.156,0.068,2.444
449.896,28.621,-45.733,0.000,-45.025,42.820,5.162,4.051,0.090,2.933
449.902,35.989,-53.101,0.000,-39.870,32.954,3.418,4.172,0.111,2.807
449.908,43.358,-60.469,0.000,-37.565,33.690,9.188,4.451,0.134,2.393
449.913,49.713,-66.825,0.000,-31.790,23.575,12.332,4.483,0.156,2.333
449.919,56.032,-73.144,0.000,-22.571,13.244,9.387,4.323,0.178,2.832
449.924,62.351,-79.463,0.000,-19.497,11.639,7.691,4.502,0.200,2.480
449.930,68.670,-86.058,0.000,-16.227,7.743,7.249,4.669,0.224,2.234
449.935,74.989,-92.377,0.000,-15.179,6.757,10.502,4.959,0.248,1.761
449.941,80.026,-97.138,0.000,-6.716,-2.021,11.663,4.771,0.272,2.259
449.947,84.713,-101.825,0.000,-5.470,-6.654,9.613,4.960,0.298,1.794
449.952,89.400,-106.512,0.000,2.415,-10.644,7.611,4.784,0.322,2.220
449.958,94.087,-111.199,0.000,3.985,-12.358,9.248,4.956,0.347,1.808
449.963,98.159,-115.271,0.000,18.182,-23.774,8.990,4.399,0.350,3.017
449.969,101.069,-118.181,0.000,22.584,-36.772,4.064,4.317,0.350,2.849
449.975,104.128,-121.367,0.000,29.368,-37.793,6.164,4.112,0.350,2.911
449.980,107.039,-124.277,0.000,33.751,-40.902,10.544,4.031,0.350,2.635
449.986,108.776,-126.015,0.000,41.847,-53.941,6.632,3.681,0.350,2.956
449.992,110.022,-128.533,0.000,45.624,-61.023,2.680,3.542,0.350,2.658
449.998,111.118,-129.629,0.000,47.698,-60.556,7.903,3.488,0.350,2.234
450.003,112.215,-130.726,0.000,52.960,-69.174,8.944,3.259,0.350,2.149
450.009,111.530,-130.041,0.000,59.590,-79.332,5.640,2.857,0.350,2.384
450.016,112.391,-130.753,0.000,67.015,-76.142,13.618,2.496,0.350,2.503
450.022,112.062,-130.589,0.000,80.055,-85.128,13.761,1.760,0.350,3.160
450.028,110.823,-129.350,0.000,77.042,-88.476,8.242,1.858,0.350,2.073
450.034,108.205,-126.732,0.000,81.960,-86.859,9.964,1.443,0.350,2.071
450.040,106.668,-124.748,0.000,89.997,-92.562,9.990,0.917,0.350,2.361
450.047,104.050,-122.130,0.000,88.007,-90.872,7.767,0.882,0.350,1.551
450.054,101.068,-119.163,0.000,84.717,-87.977,10.020,0.899,0.350,0.851
450.060,97.114,-114.725,0.000,87.086,-94.403,5.498,0.552,0.350,0.851
450.067,93.003,-109.962,0.000,91.626,-93.315,6.492,0.076,0.350,1.125
450.073,88.566,-105.525,0.000,90.945,-93.468,9.991,-0.131,0.349,0.702
450.079,84.441,-101.558,0.000,92.736,-97.602,7.625,-0.456,0.347,0.746
450.086,78.297,-95.414,0.000,91.184,-87.027,9.738,-0.709,0.343,0.396
450.093,72.322,-89.604,0.000,93.407,-84.181,10.643,-1.160,0.337,0.510
450.099,66.179,-83.460,0.000,87.345,-83.347,8.545,-1.164,0.330,-0.197
450.106,60.546,-77.317,0.000,86.926,-81.456,10.567,-1.451,0.322,-0.179
450.113,54.749,-71.174,0.000,85.753,-81.187,8.777,-1.705,0.312,-0.247
450.120,47.508,-63.933,0.000,79.996,-80.850,7.497,-1.787,0.302,-0.688
450.126,40.184,-56.609,0.000,74.951,-73.702,10.055,-1.912,0.290,-1.025
450.133,35.829,-49.284,0.000,68.926,-73.088,7.410,-1.820,0.278,-1.313
450.140,28.505,-41.960,0.000,63.286,-63.749,6.987,-1.913,0.267,-1.514
450.146,21.180,-34.635,0.000,61.440,-60.669,5.024,-2.214,0.253,-1.353
450.153,15.716,-27.986,0.000,53.715,-60.108,2.831,-2.090,0.241,-1.741
450.160,9.029,-20.644,0.000,50.375,-56.894,6.414,-2.274,0.227,-1.606
450.166,1.660,-13.275,0.000,45.654,-50.675,6.239,-2.420,0.213,-1.654
450.173,-3.379,-6.596,0.000,39.992,-47.100,4.488,-2.385,0.199,-1.740
450.180,-10.253,1.463,0.000,34.708,-34.835,8.965,-2.473,0.183,-1.805
450.187,-17.622,8.832,0.000,30.948,-26.768,10.461,-2.671,0.167,-1.682
450.193,-24.991,16.202,0.000,24.057,-23.013,8.582,-2.698,0.151,-1.906
450.200,-30.308,21.670,0.000,17.364,-17.392,8.937,-2.622,0.135,-2.021
450.207,-35.820,27.633,0.000,15.029,-9.667,7.424,-2.797,0.118,-1.803
450.213,-42.141,33.955,0.000,5.025,-3.701,4.385,-2.594,0.102,-2.277
450.220,-44.960,38.430,0.000,1.348,7.521,5.051,-2.547,0.086,-2.072
450.227,-50.654,45.870,0.000,-4.803,10.932,3.505,-2.522,0.071,-2.099
450.234,-56.479,51.696,0.000,-10.827,11.382,-0.546,-2.511,0.055,-2.134
450.240,-61.169,56.386,0.000,-18.907,22.019,4.161,-2.324,0.040,-2.389
450.247,-63.896,60.334,0.000,-20.070,29.584,4.575,-2.410,0.026,-1.890
450.254,-68.586,63.882,0.000,-29.410,36.720,5.148,-2.155,0.013,-2.262
450.260,-73.277,68.573,0.000,-32.726,44.164,4.488,-2.230,-0.000,-2.001
450.267,-75.402,71.338,0.000,-39.234,53.628,4.644,-1.989,-0.013,-2.154
450.274,-77.966,73.860,0.000,-43.147,54.233,1.705,-1.915,-0.025,-1.920
450.281,-80.881,76.774,0.000,-49.045,66.244,4.398,-1.751,-0.036,-1.994
450.287,-81.688,78.992,0.000,-54.188,73.314,4.799,-1.512,-0.046,-2.004
450.294,-82.789,80.094,0.000,-59.440,74.663,1.980,-1.284,-0.054,-1.964
450.301,-83.140,78.724,0.000,-63.971,74.719,-0.052,-1.054,-0.061,-1.918
450.307,-83.860,80.666,0.000,-66.563,79.874,3.219,-0.951,-0.067,-1.700
450.314,-84.085,80.891,0.000,-71.347,85.643,0.249,-0.701,-0.072,-1.741
450.321,-83.304,80.110,0.000,-74.219,90.542,1.476,-0.500,-0.076,-1.575
450.327,-82.138,78.062,0.000,-77.435,91.134,4.505,-0.259,-0.078,-1.520
450.334,-81.358,77.281,0.000,-75.564,82.758,2.477,-0.319,-0.079,-0.920
450.341,-79.172,75.096,0.000,-81.717,101.379,3.298,0.140,-0.079,-1.247
450.348,-76.558,72.482,0.000,-80.598,101.742,4.652,0.222,-0.078,-0.866
450.354,-73.555,69.436,0.000,-86.139,102.562,2.611,0.692,-0.075,-1.176
450.361,-70.820,66.701,0.000,-84.504,102.350,2.166,0.753,-0.071,-0.709
450.367,-66.386,62.268,0.000,-82.189,99.069,-0.164,0.869,-0.066,-0.338
450.374,-58.265,54.689,0.000,-84.678,104.895,3.443,1.453,-0.058,-0.474
450.381,-52.964,48.837,0.000,-83.443,102.462,3.928,1.676,-0.048,-0.240
450.388,-48.531,44.403,0.000,-85.644,99.764,0.687,2.041,-0.036,-0.351
450.394,-43.026,38.899,0.000,-86.008,97.615,2.233,2.364,-0.023,-0.277
450.401,-36.886,32.759,0.000,-80.651,93.387,2.062,2.407,-0.008,0.258
450.408,-30.745,26.618,0.000,-82.184,88.141,0.062,2.829,0.008,0.076
450.414,-24.604,20.477,0.000,-83.048,90.308,2.812,3.214,0.027,-0.016
450.421,-15.754,5.449,0.000,-79.316,83.556,0.649,3.496,0.048,0.387
450.428,-9.083,-0.657,0.000,-75.252,81.004,3.341,3.639,0.070,0.641
450.435,-1.759,-7.981,0.000,-68.666,70.996,-0.506,3.680,0.094,1.138
450.441,5.565,-15.306,0.000,-66.681,79.637,1.508,3.974,0.117,1.040
450.448,12.890,-22.630,0.000,-56.245,70.160,2.982,3.802,0.141,1.750
450.455,20.214,-27.748,0.000,-52.236,66.383,1.379,3.985,0.164,1.663
450.462,27.538,-35.073,0.000,-51.372,59.825,5.185,4.340,0.190,1.366
450.468,35.330,-40.799,0.000,-46.228,46.553,-1.293,4.486,0.218,1.533
450.475,42.694,-48.163,0.000,-43.790,48.262,4.072,4.757,0.247,1.381
450.482,50.063,-55.531,0.000,-38.074,33.683,-0.069,4.848,0.276,1.638
450.488,57.431,-62.899,0.000,-29.792,27.166,4.123,4.797,0.305,2.017
450.495,64.799,-70.268,0.000,-21.376,14.427,0.523,4.740,0.333,2.279
450.502,72.167,-77.636,0.000,-6.550,1.204,-2.392,4.329,0.350,3.051
450.508,80.486,-85.004,0.000,5.295,-8.380,-1.128,4.135,0.350,3.371
450.515,86.820,-90.817,0.000,11.556,-11.332,-1.332,4.140,0.350,3.129
450.521,93.139,-97.136,0.000,19.051,-22.011,3.991,4.075,0.350,3.052
450.528,99.458,-103.455,0.000,29.441,-33.871,3.374,3.851,0.350,3.234
450.535,105.777,-109.774,0.000,39.534,-28.377,5.632,3.643,0.350,3.410
450.541,112.096,-116.093,0.000,48.153,-33.823,3.399,3.517,0.350,3.388
450.548,117.101,-121.097,0.000,50.452,-39.240,0.022,3.666,0.350,2.771
450.554,121.788,-125.784,0.000,54.243,-37.685,1.881,3.715,0.350,2.445
450.561,126.475,-130.471,0.000,57.791,-42.990,0.605,3.778,0.350,2.160
450.568,124.486,-122.480,0.000,66.786,-46.372,2.735,3.173,0.350,2.499
450.575,126.517,-123.877,0.000,74.672,-49.913,6.125,2.851,0.350,2.548
450.581,129.427,-126.788,0.000,73.903,-56.355,2.517,3.054,0.350,1.865
450.588,127.244,-126.908,0.000,77.475,-58.947,3.641,2.737,0.350,1.743
450.594,130.155,-129.819,0.000,80.117,-66.876,0.664,2.752,0.350,1.561
450.601,127.168,-131.520,0.000,86.984,-73.269,0.811,2.210,0.350,1.786
450.608,125.262,-131.628,0.000,96.033,-82.752,-0.679,1.608,0.350,2.167
450.614,126.357,-132.723,0.000,98.080,-87.515,-2.147,1.555,0.350,1.844
450.621,127.453,-133.819,0.000,98.905,-91.206,0.502,1.570,0.350,1.418
450.628,117.666,-130.029,0.000,100.388,-94.831,0.979,0.950,0.350,1.223
450.634,116.881,-129.244,0.000,103.082,-100.012,0.032,0.759,0.350,1.153
450.641,111.746,-126.489,0.000,103.592,-100.656,2.688,0.448,0.350,0.926
450.647,110.479,-125.223,0.000,107.645,-105.093,3.540,0.156,0.350,1.085
450.654,107.861,-122.604,0.000,105.534,-104.592,5.058,0.128,0.350,0.608
450.661,105.242,-119.986,0.000,107.019,-104.442,4.162,-0.098,0.350,0.595
450.667,102.322,-117.098,0.000,105.042,-107.719,1.489,-0.150,0.349,0.268
450.674,98.830,-113.455,0.000,104.894,-108.129,1.437,-0.334,0.347,0.190
450.681,94.393,-109.018,0.000,103.858,-102.150,4.623,-0.521,0.344,0.025
450.687,89.955,-104.851,0.000,104.146,-103.833,3.838,-0.780,0.340,0.038
450.694,85.518,-100.413,0.000,102.818,-101.339,1.989,-0.951,0.335,-0.089
450.701,80.870,-95.765,0.000,99.677,-99.584,4.489,-1.034,0.329,-0.370
450.707,74.727,-89.622,0.000,100.467,-100.746,2.744,-1.416,0.321,-0.206
450.714,68.583,-83.479,0.000,93.608,-98.409,2.654,-1.376,0.312,-0.765
450.721,62.592,-77.608,0.000,91.454,-87.803,3.495,-1.587,0.303,-0.772
450.727,56.753,-71.465,0.000,88.396,-86.099,1.301,-1.740,0.293,-0.807
450.734,52.006,-65.597,0.000,87.959,-83.646,0.459,-1.977,0.283,-0.561
450.740,44.747,-58.338,0.000,83.955,-84.742,2.158,-2.156,0.270,-0.841
450.747,37.581,-51.292,0.000,80.176,-79.520,3.307,-2.343,0.257,-0.966
450.754,30.257,-43.968,0.000,77.285,-79.358,3.621,-2.587,0.242,-0.963
450.760,25.249,-38.079,0.000,70.624,-73.391,1.641,-2.496,0.226,-1.338
450.767,18.274,-31.051,0.000,69.385,-70.358,3.120,-2.811,0.209,-1.123
450.774,12.397,-24.328,0.000,63.595,-66.275,5.129,-2.816,0.192,-1.379
450.781,5.054,-16.985,0.000,60.409,-66.340,3.429,-3.045,0.174,-1.327
450.787,-1.165,-11.178,0.000,51.754,-56.610,2.156,-2.911,0.156,-1.802
450.794,-8.534,-3.809,0.000,50.600,-49.756,1.686,-3.252,0.137,-1.470
450.801,-15.306,3.238,0.000,46.759,-41.232,3.395,-3.414,0.117,-1.402
450.808,-22.267,10.607,0.000,37.642,-38.240,3.500,-3.295,0.097,-1.892
450.814,-29.636,17.977,0.000,28.868,-30.500,1.735,-3.218,0.076,-2.272
450.821,-36.483,24.823,0.000,27.161,-21.282,2.456,-3.500,0.055,-1.867
450.828,-42.804,31.144,0.000,19.053,-13.591,3.665,-3.402,0.035,-2.107
450.834,-49.126,37.466,0.000,11.801,-7.446,3.041,-3.351,0.014,-2.294
450.841,-42.464,40.011,0.000,6.229,0.212,2.147,-2.678,-0.005,-2.245
450.848,-48.785,46.332,0.000,0.469,7.476,1.342,-2.709,-0.022,-2.283
450.854,-54.586,52.132,0.000,-5.719,12.565,0.923,-2.688,-0.038,-2.256
450.861,-59.276,56.823,0.000,-13.006,23.575,1.698,-2.545,-0.054,-2.398
450.868,-61.148,60.406,0.000,-20.608,32.064,2.545,-2.230,-0.068,-2.462
450.875,-65.469,64.719,0.000,-26.401,36.846,2.417,-2.149,-0.082,-2.409
450.881,-70.160,69.410,0.000,-30.254,36.756,2.205,-2.195,-0.095,-2.148
450.888,-72.915,70.990,0.000,-35.688,46.343,5.239,-2.047,-0.107,-2.126
450.895,-75.829,73.904,0.000,-41.133,56.688,3.136,-1.908,-0.119,-2.084
450.901,-78.367,76.422,0.000,-47.492,66.432,4.335,-1.698,-0.130,-2.151
450.908,-80.188,78.608,0.000,-54.112,64.247,1.738,-1.434,-0.139,-2.225
450.915,-81.289,79.709,0.000,-59.885,67.544,1.287,-1.177,-0.147,-2.221
450.922,-82.002,80.810,0.000,-63.934,77.676,3.059,-0.994,-0.153,-2.049
450.928,-83.103,82.313,0.000,-65.728,78.807,2.356,-0.956,-0.159,-1.704
450.935,-83.299,82.509,0.000,-70.353,82.331,0.992,-0.712,-0.164,-1.707
450.942,-81.728,82.907,0.000,-70.780,81.036,2.509,-0.602,-0.168,-1.330
450.948,-80.947,82.126,0.000,-72.875,76.540,4.232,-0.444,-0.171,-1.169
450.955,-80.167,81.346,0.000,-78.277,86.019,3.316,-0.104,-0.172,-1.374
450.962,-77.954,79.133,0.000,-81.703,87.976,2.387,0.206,-0.172,-1.387
450.969,-75.340,76.519,0.000,-82.649,85.795,1.608,0.402,-0.170,-1.116
450.975,-72.725,73.516,0.000,-84.369,78.347,0.466,0.640,-0.167,-1.021
450.982,-69.963,70.753,0.000,-86.606,87.997,2.767,0.915,-0.162,-0.994
450.989,-65.529,65.926,0.000,-82.927,87.031,1.636,0.957,-0.156,-0.423
450.995,-61.095,60.694,0.000,-86.210,89.903,1.430,1.381,-0.148,-0.587
451.002,-56.661,56.260,0.000,-85.842,91.791,2.981,1.605,-0.139,-0.401
451.009,-52.228,51.826,0.000,-84.878,91.422,0.674,1.796,-0.128,-0.225
451.016,-46.706,46.305,0.000,-86.904,95.877,0.985,2.211,-0.116,-0.349
451.022,-40.568,40.167,0.000,-85.857,101.021,4.266,2.491,-0.101,-0.198
451.029,-34.427,34.026,0.000,-86.641,96.087,3.207,2.872,-0.085,-0.216
451.036,-28.287,27.885,0.000,-80.483,95.227,5.656,2.871,-0.067,0.402
451.042,-22.146,21.745,0.000,-78.137,92.106,6.674,3.079,-0.049,0.500
451.049,-15.459,15.058,0.000,-77.915,85.370,1.137,3.435,-0.029,0.419
451.056,-8.135,7.734,0.000,-76.506,88.056,2.963,3.760,-0.007,0.442
451.063,-0.811,0.410,0.000,-72.829,76.022,-0.143,3.961,0.017,0.641
451.069,6.915,-6.915,0.000,-66.259,74.606,1.952,4.025,0.042,1.083
451.076,14.239,-14.239,0.000,-58.274,64.590,3.436,3.988,0.066,1.545
451.083,21.564,-21.564,0.000,-52.487,54.666,0.181,4.073,0.090,1.700
451.089,28.888,-28.888,0.000,-49.828,49.951,4.390,4.329,0.116,1.512
451.096,36.252,-36.252,0.000,-45.323,37.355,2.210,4.487,0.143,1.608
451.103,43.621,-43.621,0.000,-38.831,39.615,7.804,4.535,0.171,1.840
451.109,50.191,-51.394,0.000,-24.692,26.854,7.064,4.119,0.195,2.762
451.115,57.166,-58.357,0.000,-26.604,22.382,4.516,4.607,0.222,1.903
451.122,64.534,-65.725,0.000,-18.840,18.913,6.832,4.586,0.249,2.152
451.129,68.901,-71.902,0.000,-12.735,11.002,6.875,4.490,0.276,2.166
451.135,73.130,-73.813,0.000,-0.691,3.446,4.263,4.060,0.301,2.711
451.142,79.449,-80.132,0.000,10.562,-9.307,3.999,3.789,0.325,3.092
451.149,85.768,-86.451,0.000,17.724,-20.750,-1.841,3.742,0.348,3.037
451.155,87.689,-93.117,0.000,17.911,-18.056,4.464,3.838,0.350,2.295
451.162,91.769,-97.737,0.000,25.966,-28.851,3.141,3.619,0.350,2.571
451.168,96.751,-102.720,0.000,30.241,-26.728,7.601,3.658,0.350,2.334
451.175,98.407,-107.407,0.000,40.160,-32.514,10.665,3.204,0.350,2.680
451.182,101.711,-111.439,0.000,44.749,-39.272,8.443,3.133,0.350,2.468
451.188,106.398,-116.126,0.000,49.972,-42.378,7.357,3.103,0.350,2.363
451.195,109.105,-119.817,0.000,56.004,-52.250,3.697,2.921,0.350,2.316
451.201,112.015,-122.727,0.000,60.934,-59.923,1.862,2.809,0.350,2.260
451.208,115.353,-125.638,0.000,60.982,-60.046,2.951,2.990,0.350,1.717
451.214,118.263,-128.548,0.000,64.179,-68.360,1.470,2.975,0.350,1.632
451.221,119.940,-130.548,0.000,68.104,-74.426,3.832,2.851,0.350,1.569
451.228,121.037,-131.644,0.000,71.195,-79.162,6.032,2.741,0.350,1.422
451.234,122.134,-132.741,0.000,72.540,-83.946,3.530,2.728,0.350,1.211
451.241,123.230,-133.838,0.000,74.469,-83.749,8.506,2.682,0.350,1.088
451.248,122.699,-133.090,0.000,78.325,-86.310,8.427,2.441,0.350,1.157
451.255,121.914,-132.305,0.000,75.986,-89.729,6.333,2.526,0.350,0.626
451.261,121.129,-131.519,0.000,75.483,-89.854,6.275,2.510,0.350,0.430
451.268,119.829,-130.545,0.000,83.936,-97.374,5.681,1.974,0.350,1.120
451.274,117.211,-127.602,0.000,83.588,-101.615,4.339,1.849,0.350,0.844
451.281,114.592,-125.309,0.000,87.182,-99.816,8.456,1.508,0.350,0.920
451.288,112.193,-123.020,0.000,92.640,-107.615,4.684,1.075,0.350,1.248
451.294,108.517,-119.344,0.000,92.931,-101.813,7.375,0.857,0.350,0.951
451.301,104.080,-114.907,0.000,97.087,-102.132,9.396,0.385,0.350,1.092
451.308,99.863,-110.470,0.000,100.300,-106.745,6.839,-0.024,0.350,1.163
451.315,95.426,-106.032,0.000,102.578,-105.789,5.647,-0.393,0.348,1.104
451.321,90.747,-101.354,0.000,102.393,-105.093,3.839,-0.640,0.345,0.766
451.328,84.604,-95.210,0.000,102.714,-110.455,2.067,-0.996,0.340,0.640
451.335,78.686,-88.741,0.000,101.162,-110.649,3.410,-1.236,0.333,0.328
451.341,72.552,-82.606,0.000,100.126,-103.821,5.719,-1.517,0.324,0.158
451.348,66.417,-76.472,0.000,98.212,-100.116,5.411,-1.749,0.314,-0.062
451.355,60.282,-70.337,0.000,94.946,-94.962,5.087,-1.906,0.303,-0.317
451.361,53.008,-63.724,0.000,91.072,-86.627,4.368,-2.093,0.290,-0.604
451.368,45.684,-56.400,0.000,83.555,-79.755,5.840,-2.083,0.277,-1.195
451.375,38.359,-49.075,0.000,80.200,-81.431,6.117,-2.301,0.263,-1.220
451.382,31.035,-41.751,0.000,73.965,-79.706,5.948,-2.361,0.249,-1.504
451.388,23.710,-34.426,0.000,68.853,-70.197,6.096,-2.483,0.234,-1.607
451.395,16.386,-27.102,0.000,63.105,-62.492,5.758,-2.570,0.219,-1.758
451.402,9.267,-20.094,0.000,54.817,-55.270,5.852,-2.505,0.203,-2.058
451.409,1.898,-13.064,0.000,49.751,-51.085,4.083,-2.632,0.187,-2.025
451.415,-5.471,-7.448,0.000,40.064,-42.340,2.362,-2.504,0.171,-2.444
451.422,-12.840,-0.806,0.000,33.412,-32.135,1.454,-2.544,0.156,-2.474
451.429,-20.210,6.929,0.000,24.729,-25.921,2.304,-2.472,0.141,-2.674
451.435,-27.579,14.298,0.000,18.717,-25.082,4.621,-2.546,0.125,-2.629
451.442,-34.184,19.265,0.000,15.617,-25.452,5.725,-2.739,0.109,-2.254
451.449,-40.505,25.586,0.000,12.312,-18.550,7.033,-2.905,0.092,-1.966
451.455,-46.827,31.908,0.000,6.716,-12.605,4.912,-2.945,0.074,-1.975
451.462,-53.148,38.229,0.000,0.743,-7.547,4.970,-2.964,0.057,-1.974
451.469,-59.470,44.551,0.000,-5.512,-1.389,4.366,-2.968,0.038,-2.097
451.475,-67.425,48.765,0.000,-11.668,3.061,5.358,-3.067,0.020,-2.138
451.482,-72.116,53.456,0.000,-19.728,9.157,5.069,-2.881,0.002,-2.370
451.489,-77.621,56.930,0.000,-24.114,16.555,2.837,-2.943,-0.016,-2.186
451.495,-82.708,62.436,0.000,-30.767,28.086,1.207,-2.857,-0.033,-2.279
451.502,-87.399,67.126,0.000,-38.427,33.103,1.911,-2.693,-0.051,-2.465
451.509,-90.503,70.230,0.000,-46.400,36.302,3.421,-2.426,-0.067,-2.695
451.516,-93.418,73.145,0.000,-52.041,42.911,3.178,-2.276,-0.081,-2.550
451.522,-97.294,74.831,0.000,-57.967,51.072,1.889,-2.163,-0.094,-2.461
451.529,-99.858,77.394,0.000,-61.552,58.350,-1.475,-2.107,-0.107,-2.170
451.536,-100.959,78.495,0.000,-71.238,65.789,-0.061,-1.635,-0.118,-2.514
451.542,-103.163,79.178,0.000,-76.828,67.567,3.661,-1.448,-0.127,-2.388
451.549,-104.264,80.279,0.000,-82.315,73.203,3.242,-1.207,-0.134,-2.257
451.556,-104.435,80.450,0.000,-88.348,78.277,3.288,-0.885,-0.140,-2.226
451.563,-104.362,77.953,0.000,-92.593,82.195,2.916,-0.647,-0.145,-2.056
451.569,-104.269,77.173,0.000,-95.227,87.332,2.953,-0.497,-0.148,-1.799
451.576,-103.657,76.827,0.000,-101.237,92.671,2.899,-0.133,-0.150,-1.912
451.583,-101.587,74.590,0.000,-104.482,93.162,2.630,0.159,-0.150,-1.816
451.589,-98.973,71.976,0.000,-104.463,92.522,2.164,0.302,-0.149,-1.381
451.596,-96.526,69.362,0.000,-108.407,98.020,-0.315,0.653,-0.145,-1.404
451.603,-93.739,66.575,0.000,-112.110,102.793,-0.331,1.010,-0.140,-1.419
451.610,-89.471,62.141,0.000,-112.030,96.612,1.415,1.241,-0.133,-1.055
451.616,-85.037,57.707,0.000,-111.177,92.438,2.633,1.438,-0.125,-0.711
451.623,-80.774,52.844,0.000,-111.250,93.168,3.350,1.676,-0.115,-0.525
451.629,-76.347,48.416,0.000,-112.792,93.998,2.786,2.004,-0.105,-0.551
451.635,-70.804,42.874,0.000,-114.398,92.830,1.863,2.398,-0.092,-0.581
451.641,-64.664,36.733,0.000,-116.205,91.728,0.877,2.835,-0.077,-0.609
451.647,-58.523,30.152,0.000,-115.153,89.480,0.501,3.115,-0.060,-0.339
451.654,-52.382,24.012,0.000,-112.823,85.174,0.930,3.324,-0.042,-0.056
451.660,-46.241,18.747,0.000,-108.711,77.380,2.075,3.436,-0.023,0.366
451.666,-39.868,12.478,0.000,-103.721,70.828,2.924,3.512,-0.003,0.779
451.673,-32.544,5.154,0.000,-99.223,68.150,1.362,3.667,0.019,0.993
451.679,-25.219,-2.171,0.000,-93.820,64.463,1.766,3.773,0.041,1.264
451.686,-18.057,-9.068,0.000,-89.588,57.254,4.274,3.934,0.065,1.328
451.693,-10.733,-16.393,0.000,-87.784,53.417,3.204,4.238,0.090,1.174
451.699,-3.408,-23.717,0.000,-79.619,48.038,3.928,4.192,0.116,1.632
451.706,3.436,-30.619,0.000,-73.192,41.365,3.807,4.215,0.142,1.827
451.713,10.801,-37.984,0.000,-64.978,33.315,3.742,4.168,0.167,2.128
451.719,18.169,-45.352,0.000,-59.110,29.547,2.413,4.250,0.192,2.113
451.726,25.537,-52.721,0.000,-51.201,24.237,1.929,4.221,0.217,2.299
451.733,32.905,-60.089,0.000,-46.119,20.498,1.341,4.346,0.243,2.198
451.739,40.433,-67.879,0.000,-38.140,12.125,1.397,4.322,0.269,2.333
451.746,47.791,-75.237,0.000,-34.861,9.573,-0.595,4.546,0.296,2.028
451.753,54.110,-81.556,0.000,-29.006,6.279,0.083,4.571,0.323,2.034
451.759,60.429,-87.875,0.000,-25.948,-1.728,2.255,4.751,0.350,1.779
451.766,66.748,-94.194,0.000,-17.294,-10.072,2.345,4.622,0.350,2.103
451.773,73.067,-100.513,0.000,-10.870,-15.979,1.965,4.617,0.350,2.165
451.779,79.386,-106.832,0.000,-1.724,-25.065,3.945,4.461,0.350,2.472
451.786,84.350,-111.796,0.000,3.817,-34.319,3.820,4.429,0.350,2.339
451.793,89.037,-116.483,0.000,9.709,-42.740,3.630,4.363,0.350,2.277
451.799,93.402,-120.325,0.000,15.071,-49.448,3.460,4.308,0.350,2.209
451.806,98.086,-124.187,0.000,20.871,-55.862,2.891,4.247,0.350,2.252
451.812,102.081,-128.182,0.000,24.644,-62.843,5.959,4.259,0.350,2.092
451.818,104.992,-131.092,0.000,29.935,-70.871,5.156,4.128,0.350,2.109
451.824,107.744,-136.960,0.000,40.462,-80.250,5.103,3.701,0.350,2.624
451.831,110.655,-139.871,0.000,45.913,-83.604,3.202,3.561,0.350,2.470
451.837,112.314,-141.530,0.000,55.084,-91.212,3.405,3.148,0.350,2.703
451.844,113.410,-142.626,0.000,64.266,-99.823,2.422,2.703,0.350,2.898
451.850,114.823,-139.561,0.000,71.034,-108.122,3.981,2.408,0.350,2.815
451.857,115.920,-140.658,0.000,76.668,-110.318,3.597,2.159,0.350,2.603
451.864,115.153,-139.891,0.000,78.550,-109.222,3.513,2.013,0.350,2.124
451.870,114.368,-139.106,0.000,82.404,-111.699,3.879,1.758,0.350,1.930
451.877,113.742,-136.023,0.000,82.987,-114.962,4.229,1.691,0.350,1.463
451.884,112.424,-134.705,0.000,80.385,-117.026,4.612,1.762,0.350,0.835
451.890,109.806,-132.087,0.000,80.986,-114.939,2.838,1.585,0.350,0.662
451.897,107.028,-129.099,0.000,77.757,-113.215,1.397,1.610,0.350,0.194
451.904,104.410,-126.481,0.000,77.486,-112.874,1.935,1.481,0.350,0.136
451.910,100.716,-122.787,0.000,76.394,-110.419,3.103,1.338,0.350,0.030
451.917,96.279,-118.350,0.000,77.789,-110.359,7.310,1.017,0.350,0.145
451.924,92.001,-112.123,0.000,78.054,-110.636,8.085,0.767,0.350,0.128
451.931,87.564,-108.036,0.000,81.392,-109.296,4.249,0.339,0.350,0.404
451.937,82.868,-103.340,0.000,81.341,-106.371,2.819,0.084,0.350,0.323
451.944,76.565,-96.157,0.000,84.641,-104.437,2.857,-0.444,0.348,0.560
451.951,70.422,-90.013,0.000,84.239,-101.610,4.579,-0.760,0.345,0.446
451.957,64.279,-83.870,0.000,86.059,-104.340,4.658,-1.198,0.338,0.467
451.964,58.135,-77.727,0.000,86.804,-105.287,5.115,-1.577,0.330,0.432
451.971,52.151,-72.978,0.000,84.518,-104.801,5.522,-1.780,0.319,0.089
451.977,45.020,-65.332,0.000,80.249,-98.751,4.223,-1.938,0.308,-0.336
451.984,37.695,-58.008,0.000,78.143,-95.135,4.585,-2.225,0.295,-0.441
451.991,30.532,-51.037,0.000,74.336,-90.229,6.174,-2.409,0.281,-0.665
451.998,23.207,-43.713,0.000,69.270,-83.363,7.721,-2.533,0.265,-0.977
452.004,15.883,-36.388,0.000,65.262,-79.620,8.539,-2.716,0.249,-1.144
452.011,8.558,-29.064,0.000,59.214,-74.786,4.544,-2.786,0.232,-1.422
452.018,1.214,-21.719,0.000,51.294,-69.673,3.639,-2.754,0.215,-1.801
452.024,-6.155,-14.350,0.000,40.016,-60.026,2.834,-2.539,0.199,-2.417
452.031,-13.524,-6.981,0.000,32.579,-51.272,2.616,-2.536,0.184,-2.508
452.038,-20.893,0.388,0.000,25.520,-43.757,4.143,-2.553,0.168,-2.551
452.044,-28.100,7.757,0.000,12.554,-29.752,3.008,-2.236,0.154,-3.128
452.051,-35.470,15.126,0.000,3.860,-19.981,3.620,-2.163,0.140,-3.185
452.058,-42.287,21.943,0.000,-0.142,-15.853,1.397,-2.318,0.126,-2.791
452.064,-48.608,28.265,0.000,-4.293,-10.011,-0.507,-2.437,0.112,-2.481
452.071,-54.929,34.586,0.000,-11.411,-1.837,0.728,-2.393,0.097,-2.514
452.078,-59.749,40.907,0.000,-15.746,4.491,4.219,-2.420,0.083,-2.273
452.085,-66.070,47.229,0.000,-21.188,11.989,5.628,-2.468,0.068,-2.203
452.091,-71.825,52.984,0.000,-26.093,14.706,6.538,-2.515,0.052,-2.134
452.098,-76.515,57.674,0.000,-30.834,17.916,7.430,-2.512,0.038,-2.000
452.105,-81.206,62.365,0.000,-38.282,29.806,5.568,-2.361,0.023,-2.193
452.111,-84.663,65.970,0.000,-37.689,37.967,2.739,-2.584,0.008,-1.588
452.118,-89.353,70.661,0.000,-45.637,44.030,3.151,-2.404,-0.007,-1.895
452.125,-92.431,73.739,0.000,-50.784,45.323,5.334,-2.291,-0.021,-1.911
452.132,-95.346,76.653,0.000,-54.169,50.601,4.755,-2.265,-0.036,-1.783
452.138,-98.260,79.568,0.000,-58.191,57.662,3.887,-2.204,-0.050,-1.745
452.145,-100.797,82.104,0.000,-63.484,64.192,3.726,-2.052,-0.062,-1.789
452.152,-101.898,83.206,0.000,-68.575,64.881,4.430,-1.833,-0.074,-1.857
452.158,-103.179,84.307,0.000,-75.383,66.970,4.294,-1.529,-0.084,-2.011
452.165,-104.280,85.408,0.000,-78.615,73.454,4.474,-1.412,-0.093,-1.815
452.172,-104.424,85.551,0.000,-83.038,78.994,4.738,-1.176,-0.100,-1.731
452.179,-103.643,84.770,0.000,-90.693,81.446,3.530,-0.712,-0.106,-1.985
452.185,-103.041,83.990,0.000,-96.746,86.115,2.647,-0.346,-0.109,-2.107
452.192,-102.614,83.574,0.000,-100.358,93.055,4.366,-0.124,-0.110,-1.883
452.199,-100.350,81.310,0.000,-104.138,97.784,5.659,0.208,-0.109,-1.750
452.206,-98.935,81.485,0.000,-110.236,99.944,3.819,0.622,-0.106,-1.898
452.212,-97.145,79.533,0.000,-111.438,103.937,0.770,0.786,-0.102,-1.559
452.219,-94.331,76.719,0.000,-113.385,106.987,1.797,1.048,-0.097,-1.394
452.226,-89.897,72.285,0.000,-111.655,103.736,3.518,1.197,-0.090,-0.892
452.233,-85.463,67.851,0.000,-113.773,104.264,2.992,1.557,-0.081,-0.854
452.239,-82.921,64.384,0.000,-112.175,106.666,5.678,1.609,-0.071,-0.492
452.246,-78.487,59.951,0.000,-109.152,103.745,3.810,1.687,-0.061,-0.053
452.253,-72.909,54.373,0.000,-109.280,106.596,2.388,2.000,-0.049,-0.050
452.259,-67.681,49.169,0.000,-108.437,108.641,3.195,2.242,-0.036,0.011
452.266,-61.541,43.028,0.000,-105.646,104.759,3.576,2.426,-0.022,0.278
452.273,-55.400,36.887,0.000,-103.843,101.682,0.713,2.664,-0.007,0.280
452.279,-49.410,31.355,0.000,-99.094,100.900,3.577,2.733,0.009,0.662
452.286,-42.688,24.633,0.000,-96.375,94.827,5.712,2.953,0.027,0.752
452.293,-35.514,17.608,0.000,-92.881,90.094,0.700,3.155,0.046,0.906
452.300,-28.190,10.284,0.000,-91.901,89.140,1.432,3.504,0.066,0.743
452.306,-20.715,2.660,0.000,-88.467,80.678,-0.605,3.726,0.089,0.950
452.313,-13.390,-4.665,0.000,-84.568,75.341,0.332,3.915,0.113,1.111
452.320,-6.066,-11.989,0.000,-78.389,69.689,0.903,3.978,0.138,1.402
452.327,1.258,-19.313,0.000,-80.940,65.270,0.463,4.521,0.165,0.832
452.333,8.624,-26.679,0.000,-77.434,64.477,2.674,4.733,0.193,0.938
452.340,15.992,-34.350,0.000,-70.343,53.268,3.039,4.748,0.222,1.361
452.347,23.361,-41.718,0.000,-58.058,45.920,1.862,4.478,0.249,2.181
452.353,30.729,-49.086,0.000,-56.601,42.889,4.428,4.803,0.277,1.735
452.360,38.248,-56.455,0.000,-47.078,29.482,-1.757,4.693,0.305,2.229
452.366,45.586,-63.793,0.000,-38.239,30.305,0.227,4.610,0.332,2.514
452.373,51.905,-70.112,0.000,-28.524,21.123,4.315,4.424,0.350,2.803
452.379,58.224,-76.431,0.000,-26.451,12.878,1.986,4.657,0.350,2.301
452.385,64.543,-82.750,0.000,-18.763,10.680,2.111,4.582,0.350,2.488
452.392,70.862,-89.069,0.000,-11.824,0.635,2.855,4.548,0.350,2.499
452.398,77.181,-95.388,0.000,-4.912,-8.337,-3.260,4.515,0.350,2.538
452.405,82.266,-100.322,0.000,4.630,-12.741,-0.394,4.270,0.350,2.793
452.411,86.953,-105.009,0.000,14.053,-25.283,-2.722,4.010,0.350,2.983
452.418,91.640,-109.696,0.000,18.225,-23.195,-0.527,4.038,0.350,2.636
452.425,96.327,-114.383,0.000,24.347,-29.819,0.146,3.959,0.350,2.495
452.432,100.287,-118.343,0.000,25.618,-39.595,-2.362,4.107,0.350,2.020
452.438,103.197,-121.253,0.000,34.545,-45.380,-2.758,3.776,0.350,2.393
452.445,106.108,-124.163,0.000,41.008,-53.161,-0.626,3.580,0.350,2.389
452.451,109.018,-127.074,0.000,44.642,-58.936,-0.710,3.541,0.350,2.159
452.458,111.097,-128.697,0.000,49.193,-59.708,1.393,3.405,0.350,2.039
452.464,112.193,-129.794,0.000,56.019,-65.960,0.705,3.090,0.350,2.253
452.470,113.290,-130.890,0.000,55.455,-71.697,-4.384,3.181,0.350,1.650
452.477,114.982,-131.968,0.000,59.437,-75.571,-4.925,3.055,0.350,1.632
452.483,114.664,-131.183,0.000,63.812,-80.062,-3.350,2.797,0.350,1.563
452.490,113.879,-130.397,0.000,66.521,-85.403,-3.628,2.605,0.350,1.441
452.497,113.094,-129.612,0.000,72.588,-84.573,-3.590,2.228,0.350,1.661
452.503,111.739,-128.258,0.000,75.284,-88.735,-2.869,2.005,0.350,1.468
452.510,109.121,-125.639,0.000,80.861,-97.723,-3.371,1.554,0.350,1.640
452.517,106.503,-123.021,0.000,79.626,-96.651,-2.281,1.478,0.350,1.148
452.523,104.839,-121.018,0.000,81.697,-99.492,-2.461,1.273,0.350,1.052
452.530,101.109,-117.288,0.000,82.224,-100.374,-3.258,1.039,0.350,0.841
452.537,96.672,-112.851,0.000,82.809,-103.906,-3.707,0.762,0.350,0.638
452.544,92.396,-108.104,0.000,82.534,-93.212,-0.929,0.542,0.350,0.458
452.550,87.959,-103.667,0.000,85.469,-93.516,-1.546,0.137,0.350,0.631
452.557,83.229,-98.937,0.000,82.577,-94.064,-0.920,0.036,0.350,0.178
452.564,77.909,-92.794,0.000,85.304,-94.772,-2.902,-0.407,0.349,0.387
452.570,71.934,-86.651,0.000,85.483,-90.171,-3.804,-0.745,0.345,0.300
452.577,65.791,-80.507,0.000,84.885,-91.248,-4.550,-1.050,0.339,0.194
452.584,59.648,-74.364,0.000,80.999,-89.680,-3.936,-1.174,0.332,-0.240
452.590,53.504,-68.221,0.000,82.148,-84.443,-2.664,-1.575,0.323,-0.069
452.597,47.220,-61.215,0.000,76.092,-75.512,-3.537,-1.588,0.314,-0.586
452.604,39.896,-53.890,0.000,71.980,-73.149,-4.478,-1.765,0.304,-0.817
452.610,32.571,-46.566,0.000,67.556,-70.791,-3.115,-1.924,0.292,-1.056
452.617,25.247,-39.241,0.000,65.850,-64.289,-3.894,-2.233,0.279,-0.975
452.624,17.922,-31.917,0.000,59.057,-57.886,-0.821,-2.262,0.265,-1.344
452.631,10.598,-24.592,0.000,54.806,-54.593,-2.480,-2.431,0.251,-1.401
452.637,3.253,-17.247,0.000,50.057,-49.502,-2.870,-2.574,0.235,-1.514
452.644,-4.116,-9.878,0.000,45.061,-40.015,-3.849,-2.705,0.219,-1.592
452.651,-11.486,-2.509,0.000,39.203,-31.842,-2.657,-2.788,0.202,-1.737
452.657,-18.855,4.860,0.000,34.123,-28.341,-2.038,-2.914,0.185,-1.778
452.664,-26.224,12.230,0.000,27.065,-26.173,-1.811,-2.931,0.167,-1.975
452.671,-33.060,19.599,0.000,20.360,-16.045,-1.428,-2.938,0.149,-2.083
452.678,-39.857,26.395,0.000,13.381,-7.121,-1.402,-2.928,0.131,-2.224
452.684,-46.178,32.716,0.000,6.851,-1.384,-0.397,-2.917,0.114,-2.269
452.691,-52.499,39.038,0.000,-1.718,3.464,-1.913,-2.793,0.096,-2.524
452.698,-58.641,45.359,0.000,-9.542,10.286,-3.904,-2.700,0.079,-2.639
452.704,-64.962,51.681,0.000,-14.927,16.472,-2.624,-2.752,0.063,-2.486
452.711,-70.684,57.403,0.000,-22.165,21.677,-0.455,-2.669,0.046,-2.503
452.718,-75.375,62.402,0.000,-29.454,27.616,-2.894,-2.526,0.031,-2.542
452.725,-80.065,67.093,0.000,-38.293,34.888,-2.669,-2.297,0.016,-2.748
452.731,-84.756,71.784,0.000,-43.127,40.453,-1.636,-2.290,0.002,-2.530
452.738,-89.627,76.474,0.000,-51.501,46.775,-0.551,-2.097,-0.011,-2.663
452.745,-92.669,79.517,0.000,-57.542,51.843,-1.573,-1.932,-0.023,-2.553
452.751,-95.584,82.431,0.000,-64.476,59.675,-1.479,-1.711,-0.034,-2.585
452.758,-98.498,85.346,0.000,-66.525,63.096,0.443,-1.759,-0.044,-2.145
452.765,-100.999,87.846,0.000,-71.881,68.483,2.004,-1.601,-0.054,-2.054
452.771,-102.100,88.947,0.000,-75.701,75.863,-1.044,-1.452,-0.063,-1.888
452.778,-103.201,90.049,0.000,-82.365,84.849,-2.819,-1.146,-0.071,-2.063
452.785,-104.302,91.150,0.000,-83.615,86.551,-1.746,-1.138,-0.078,-1.648
452.792,-104.408,91.256,0.000,-88.761,89.270,0.926,-0.861,-0.084,-1.687
452.798,-103.628,90.475,0.000,-93.079,98.351,0.025,-0.580,-0.088,-1.675
452.805,-102.847,89.694,0.000,-95.394,99.285,-0.032,-0.410,-0.091,-1.516
452.812,-102.066,88.914,0.000,-95.472,96.848,-0.233,-0.363,-0.093,-1.092
452.819,-99.765,86.613,0.000,-100.481,102.906,2.448,0.039,-0.094,-1.293
452.825,-97.151,83.999,0.000,-103.792,107.359,0.648,0.365,-0.092,-1.266
452.832,-94.537,81.384,0.000,-104.537,111.999,-1.603,0.550,-0.089,-1.013
452.839,-91.687,78.534,0.000,-105.152,112.638,-0.634,0.741,-0.085,-0.863
452.846,-87.253,74.101,0.000,-106.423,117.800,3.021,1.054,-0.080,-0.757
452.852,-82.819,69.667,0.000,-105.663,114.929,-1.405,1.256,-0.072,-0.479
452.859,-78.565,65.233,0.000,-109.036,118.592,-2.417,1.676,-0.063,-0.673
452.866,-74.131,60.799,0.000,-106.704,115.634,0.887,1.792,-0.052,-0.292
452.873,-68.519,55.187,0.000,-107.931,111.413,-2.099,2.168,-0.039,-0.336
452.879,-62.378,49.047,0.000,-108.660,115.058,4.444,2.546,-0.025,-0.309
452.886,-56.237,42.906,0.000,-104.183,110.881,3.204,2.637,-0.009,0.193
452.893,-50.097,36.765,0.000,-105.214,106.166,1.227,3.031,0.009,0.071
452.900,-43.956,30.624,0.000,-106.199,104.549,3.697,3.423,0.030,-0.044
452.907,-37.210,23.879,0.000,-102.592,91.511,-1.567,3.596,0.051,0.256
452.913,-29.886,16.555,0.000,-96.608,92.756,4.274,3.670,0.074,0.748
452.920,-22.562,9.230,0.000,-87.020,83.093,1.237,3.545,0.096,1.460
452.927,-15.237,1.906,0.000,-79.677,80.570,1.940,3.544,0.118,1.822
452.934,-7.913,-5.418,0.000,-78.902,74.798,6.041,3.904,0.141,1.440
452.940,-0.589,-12.743,0.000,-74.292,63.182,1.167,4.054,0.165,1.475
452.947,6.736,-20.067,0.000,-72.967,62.542,6.702,4.384,0.191,1.211
452.954,14.102,-27.434,0.000,-66.573,53.849,0.227,4.437,0.219,1.533
452.961,21.471,-34.802,0.000,-62.183,53.330,1.814,4.601,0.247,1.532
452.967,28.839,-42.170,0.000,-49.701,40.944,-0.337,4.320,0.274,2.366
452.974,36.207,-49.538,0.000,-38.521,34.751,-0.659,4.110,0.299,2.797
452.980,43.575,-56.907,0.000,-34.251,27.175,4.266,4.280,0.324,2.492
452.987,50.893,-64.224,0.000,-31.218,17.287,-0.110,4.516,0.350,2.183
452.994,57.212,-70.543,0.000,-26.346,20.308,6.990,4.596,0.350,2.070
453.000,63.531,-76.863,0.000,-18.486,8.877,5.453,4.511,0.350,2.329
453.007,69.850,-83.182,0.000,-10.437,5.912,5.365,4.416,0.350,2.493
453.014,76.169,-89.501,0.000,0.788,-7.348,2.838,4.146,0.350,2.905
453.021,82.488,-95.820,0.000,7.479,-17.212,-0.151,4.126,0.350,2.816
453.027,87.389,-100.721,0.000,12.379,-17.526,1.509,4.126,0.350,2.521
453.034,92.076,-105.408,0.000,16.255,-25.990,-0.998,4.170,0.350,2.231
453.041,96.763,-110.095,0.000,21.472,-24.564,3.900,4.141,0.350,2.173
453.047,101.450,-114.782,0.000,29.390,-32.034,3.974,3.963,0.350,2.388
453.054,105.375,-118.706,0.000,34.906,-43.937,2.364,3.876,0.350,2.301
453.061,108.285,-121.617,0.000,42.797,-46.655,4.210,3.602,0.350,2.419
453.067,111.374,-124.527,0.000,44.352,-47.986,2.716,3.686,0.350,1.971
453.074,114.106,-127.437,0.000,47.002,-45.354,5.065,3.691,0.350,1.703
453.081,115.693,-129.024,0.000,54.302,-56.059,3.559,3.376,0.350,1.956
453.087,116.790,-130.121,0.000,63.492,-65.757,2.340,2.931,0.350,2.310
453.094,118.065,-131.218,0.000,70.421,-69.146,3.667,2.620,0.350,2.326
453.101,119.467,-132.258,0.000,72.611,-74.742,0.394,2.577,0.350,1.998
453.107,118.682,-131.473,0.000,73.524,-69.436,5.395,2.484,0.350,1.579
453.114,118.451,-130.688,0.000,72.444,-78.508,3.009,2.530,0.350,1.118
453.121,118.425,-129.902,0.000,79.082,-79.327,3.442,2.164,0.350,1.456
453.127,117.035,-128.511,0.000,82.977,-87.587,4.859,1.873,0.350,1.430
453.134,114.416,-125.893,0.000,87.115,-97.300,1.843,1.502,0.350,1.452
453.141,111.992,-123.275,0.000,90.985,-94.636,8.980,1.155,0.350,1.443
453.147,109.570,-120.657,0.000,97.777,-100.881,5.759,0.649,0.350,1.733
453.154,106.001,-116.891,0.000,101.001,-98.738,5.064,0.275,0.350,1.616
453.161,101.564,-112.454,0.000,99.709,-97.716,6.678,0.102,0.350,1.076
453.168,97.127,-107.710,0.000,100.180,-105.622,1.965,-0.168,0.349,0.831
453.174,92.689,-103.273,0.000,102.455,-105.240,4.911,-0.537,0.347,0.847
453.181,87.925,-98.509,0.000,100.228,-102.360,3.389,-0.677,0.343,0.376
453.188,81.782,-92.366,0.000,101.076,-100.666,2.518,-1.061,0.337,0.355
453.194,75.838,-85.920,0.000,98.510,-93.690,2.562,-1.247,0.330,0.027
453.201,69.896,-80.080,1.000,97.704,-93.731,2.693,-1.529,0.321,-0.094
453.208,63.753,-73.936,0.000,95.477,-97.326,1.440,-1.745,0.311,-0.271
453.214,58.003,-67.779,0.000,93.465,-88.407,3.551,-1.950,0.299,-0.378
453.221,50.885,-60.454,0.000,89.541,-77.761,3.196,-2.126,0.287,-0.656
453.228,43.560,-53.436,0.000,85.719,-71.317,3.330,-2.319,0.273,-0.828
453.234,36.236,-46.111,0.000,80.342,-64.577,1.667,-2.426,0.259,-1.149
453.241,28.911,-38.787,0.000,79.222,-60.272,4.024,-2.767,0.243,-0.962
453.248,22.433,-31.462,-1.000,74.694,-53.059,4.538,-2.874,0.225,-1.131
453.255,15.108,-24.138,-1.000,71.647,-46.426,-0.258,-3.110,0.207,-1.137
453.261,7.762,-16.791,-1.000,63.634,-39.603,-1.001,-3.073,0.188,-1.604
453.268,1.049,-9.422,-8.000,61.172,-32.326,1.355,-3.307,0.169,-1.439
453.275,-6.320,-2.053,-8.000,52.686,-27.753,2.319,-3.245,0.149,-1.831
453.281,-13.690,5.316,-8.000,44.764,-25.787,-1.407,-3.215,0.129,-2.151
453.288,-21.059,12.685,-8.000,40.569,-20.197,0.100,-3.389,0.109,-2.015
453.295,-27.980,20.054,-13.000,35.753,-8.612,0.799,-3.505,0.088,-1.958
453.301,-34.299,26.829,-13.000,30.363,-4.429,-0.805,-3.556,0.067,-1.943
453.308,-40.620,33.151,-13.000,23.863,2.285,-3.299,-3.547,0.046,-2.028
453.315,-46.942,39.472,-13.000,14.359,11.804,-4.671,-3.371,0.025,-2.413
453.321,-53.263,45.794,-13.000,6.400,15.821,-6.942,-3.281,0.004,-2.599
453.328,-57.413,52.115,-14.000,0.785,14.279,-7.345,-3.201,-0.016,-2.487
453.335,-63.103,57.805,-14.000,-4.459,20.135,-4.470,-3.225,-0.035,-2.317
453.342,-67.794,62.496,-14.000,-12.248,29.920,-5.949,-3.055,-0.055,-2.498
453.348,-71.974,67.186,-12.000,-17.281,35.244,-7.046,-3.008,-0.073,-2.281
453.355,-76.665,71.877,-12.000,-23.938,43.262,-5.403,-2.900,-0.091,-2.375
453.362,-81.355,76.567,-12.000,-27.315,51.571,-4.296,-2.972,-0.109,-2.088
453.369,-83.041,79.266,-9.000,-32.860,54.363,-6.209,-2.760,-0.126,-2.083
453.375,-85.683,82.180,-10.000,-38.528,54.035,-9.697,-2.594,-0.142,-2.102
453.382,-88.598,85.095,-10.000,-42.607,64.032,-8.014,-2.529,-0.158,-1.971
453.389,-91.062,87.559,-10.000,-44.699,73.590,-7.219,-2.550,-0.174,-1.681
453.395,-91.888,88.033,-10.000,-50.776,80.346,-7.219,-2.261,-0.188,-1.779
453.402,-92.711,89.134,-10.000,-56.874,87.736,-7.641,-1.971,-0.201,-1.911
453.409,-93.812,90.235,-10.000,-60.678,95.413,-7.668,-1.822,-0.213,-1.861
453.416,-93.880,90.304,-10.000,-61.438,96.310,-6.674,-1.784,-0.223,-1.437
453.422,-93.100,89.523,-10.000,-64.692,102.849,-7.174,-1.562,-0.233,-1.342
453.429,-92.319,88.742,-12.000,-69.791,113.546,-5.474,-1.239,-0.241,-1.482
453.436,-91.538,87.961,-12.000,-71.824,121.267,-4.506,-1.084,-0.248,-1.302
453.443,-89.201,85.624,-12.000,-73.824,120.332,-6.819,-0.846,-0.254,-1.209
453.449,-86.587,83.010,-11.000,-75.734,122.884,-6.442,-0.597,-0.258,-1.010
453.456,-84.251,80.396,-12.000,-75.550,121.195,-8.843,-0.479,-0.261,-0.768
453.463,-81.365,77.510,-12.000,-80.455,116.053,-12.706,-0.050,-0.262,-1.013
453.469,-76.653,73.076,-13.000,-78.239,122.255,-8.353,0.087,-0.262,-0.548
453.476,-72.219,68.642,-12.000,-77.359,118.967,-7.463,0.283,-0.260,-0.310
453.483,-67.785,64.208,-12.000,-79.306,115.788,-5.176,0.634,-0.257,-0.425
453.490,-63.630,59.775,-14.000,-77.992,118.281,-2.386,0.790,-0.253,-0.208
453.496,-57.984,54.129,-14.000,-80.743,111.359,-6.898,1.252,-0.246,-0.390
453.503,-51.843,47.988,-14.000,-84.633,111.486,-7.951,1.803,-0.236,-0.650
453.510,-45.702,41.847,-13.000,-80.538,100.775,-11.243,1.916,-0.225,-0.133
453.517,-39.562,35.707,-13.000,-79.541,89.160,-12.772,2.199,-0.211,0.030
453.523,-33.421,29.566,-13.000,-79.260,89.198,-10.389,2.521,-0.197,0.014
453.530,-26.652,22.797,-13.000,-78.611,84.214,-11.028,2.858,-0.180,0.110
453.537,-19.328,15.473,-13.000,-73.365,84.709,-5.528,2.972,-0.162,0.558
453.544,-11.725,7.507,-14.000,-66.498,77.833,-5.173,3.012,-0.144,1.060
453.550,-4.401,0.183,-14.000,-58.728,75.894,-4.836,2.988,-0.125,1.535
453.557,2.924,-7.142,-14.000,-58.502,73.172,-4.488,3.378,-0.105,1.169
453.564,10.248,-14.466,-14.000,-56.313,66.297,-9.318,3.661,-0.083,1.106
453.571,17.854,-21.790,-16.000,-52.405,68.626,-4.620,3.864,-0.060,1.174
453.577,25.221,-29.158,-17.000,-47.921,59.980,-11.050,4.023,-0.036,1.251
453.584,32.590,-36.526,-17.000,-40.938,60.079,-9.645,4.044,-0.011,1.586
453.591,39.958,-43.894,-17.000,-30.302,47.791,-12.545,3.864,0.013,2.234
453.597,47.045,-50.940,-17.000,-18.928,45.601,-9.174,3.628,0.035,2.727
453.604,54.413,-58.309,-17.000,-6.868,34.051,-5.727,3.370,0.056,3.169
453.611,61.710,-65.606,-17.000,-0.277,27.031,-9.002,3.409,0.076,2.966
453.617,68.029,-71.925,-17.000,3.142,18.462,-9.586,3.569,0.097,2.534
453.624,74.348,-78.244,-17.000,4.980,4.523,-16.554,3.815,0.120,2.080
453.631,80.667,-84.563,-17.000,9.052,3.492,-8.643,3.939,0.144,1.898
453.638,86.986,-90.882,-17.000,17.885,-11.578,-10.479,3.801,0.167,2.281
453.644,93.305,-97.201,-17.000,23.919,-12.352,-8.924,3.816,0.191,2.323
453.651,98.174,-102.070,-17.000,37.527,-24.888,-11.592,3.336,0.212,3.034
453.657,102.861,-106.757,-17.000,42.772,-28.292,-14.199,3.305,0.232,2.757
453.664,108.400,-111.444,-18.000,44.819,-27.881,-9.581,3.497,0.253,2.264
453.671,113.087,-116.131,-18.000,49.724,-36.325,-11.560,3.485,0.274,2.177
453.678,117.267,-120.020,-17.000,51.193,-38.997,-9.195,3.634,0.296,1.748
453.684,120.177,-122.930,-17.000,66.120,-50.581,-9.460,2.973,0.314,2.713
453.690,123.087,-125.840,-17.000,68.089,-53.962,-10.535,3.025,0.332,2.281
453.697,125.998,-128.751,-17.000,75.130,-55.260,-8.777,2.798,0.348,2.352
453.703,127.549,-130.302,-17.000,85.953,-65.097,-11.962,2.288,0.350,2.853
453.710,129.235,-131.721,-17.000,90.842,-60.908,-9.804,2.112,0.350,2.578
453.716,130.332,-132.817,-17.000,101.916,-66.366,-7.771,1.563,0.350,2.969
453.723,131.335,-133.820,-17.000,104.565,-69.024,-9.249,1.472,0.350,2.462
453.730,130.549,-133.035,-17.000,104.482,-67.950,-7.279,1.434,0.350,1.834
453.737,130.064,-131.928,-19.000,111.746,-77.215,-12.797,1.007,0.350,2.087
453.743,129.581,-131.465,-20.000,114.826,-78.480,-11.191,0.812,0.350,1.851
453.750,128.159,-130.042,-20.000,120.727,-84.956,-11.726,0.409,0.350,1.909
453.757,125.544,-127.428,-20.000,122.797,-92.343,-13.352,0.151,0.350,1.667
453.763,122.926,-125.135,-21.000,120.254,-87.381,-11.714,0.147,0.350,1.001
453.770,120.613,-122.517,-22.000,125.520,-94.560,-14.920,-0.270,0.349,1.243
453.777,116.817,-118.721,-22.000,127.705,-99.055,-15.492,-0.599,0.346,1.136
453.783,113.001,-114.612,-21.000,129.978,-97.785,-13.524,-0.934,0.342,1.093
453.790,108.879,-110.508,-21.000,127.592,-98.599,-13.298,-1.029,0.335,0.577
453.797,104.442,-106.070,-21.000,125.176,-97.172,-12.784,-1.140,0.328,0.197
453.803,99.650,-101.278,-21.000,122.695,-91.766,-12.266,-1.267,0.321,-0.110
453.810,94.148,-95.471,-21.000,119.650,-90.922,-14.438,-1.403,0.313,-0.342
453.817,88.004,-88.992,-21.000,117.993,-88.549,-15.061,-1.649,0.303,-0.392
453.824,81.861,-83.184,-21.000,114.458,-84.547,-15.147,-1.793,0.292,-0.655
453.830,75.718,-77.041,-21.000,112.529,-86.486,-15.693,-2.025,0.281,-0.617
453.837,69.541,-70.864,-21.000,107.171,-79.583,-15.284,-2.070,0.268,-1.005
453.844,63.204,-63.540,-21.000,108.608,-73.906,-14.335,-2.497,0.253,-0.640
453.850,55.879,-56.215,-21.000,105.968,-67.012,-12.521,-2.755,0.238,-0.684
453.857,48.555,-48.891,-21.000,101.625,-60.999,-14.655,-2.919,0.220,-0.960
453.864,41.230,-41.566,-21.000,98.169,-54.209,-16.173,-3.132,0.201,-1.073
453.871,34.242,-34.242,-21.000,93.778,-53.384,-15.560,-3.274,0.181,-1.163
453.877,26.917,-26.581,-21.000,87.010,-47.596,-14.513,-3.305,0.162,-1.462
453.884,19.570,-19.234,-21.000,81.996,-37.767,-16.542,-3.433,0.141,-1.609
453.891,12.201,-11.865,-21.000,82.316,-34.476,-15.458,-3.856,0.118,-1.149
453.898,4.832,-5.172,-21.000,72.337,-30.734,-16.528,-3.713,0.095,-1.801
453.904,-2.537,2.197,-21.000,66.892,-21.913,-18.053,-3.819,0.072,-1.841
453.911,-9.906,9.567,-21.000,61.376,-13.723,-17.607,-3.921,0.048,-1.898
453.918,-17.275,16.936,-21.000,55.571,-17.710,-15.498,-4.007,0.024,-1.964
453.924,-24.033,24.033,-21.000,52.039,-14.504,-13.965,-4.184,-0.001,-1.802
453.931,-30.355,30.355,-21.000,47.057,-6.154,-13.024,-4.258,-0.026,-1.801
453.938,-36.676,36.337,-21.000,40.877,-0.327,-13.354,-4.265,-0.052,-1.888
453.945,-42.998,42.658,-21.000,30.491,5.247,-14.667,-4.042,-0.077,-2.422
453.951,-49.319,48.636,-21.000,27.778,13.978,-14.708,-4.240,-0.103,-2.067
453.958,-54.982,54.299,-21.000,17.922,26.900,-14.834,-4.010,-0.128,-2.451
453.965,-59.333,58.990,-21.000,9.903,28.970,-16.344,-3.808,-0.152,-2.622
453.971,-64.023,63.680,-21.000,1.893,35.639,-17.507,-3.625,-0.174,-2.726
453.978,-68.714,68.371,-21.000,-5.097,44.834,-17.702,-3.499,-0.196,-2.688
453.985,-73.404,71.652,-21.000,-13.069,51.309,-18.245,-3.318,-0.216,-2.750
453.991,-76.382,74.630,-21.000,-19.979,59.674,-17.262,-3.102,-0.235,-2.696
453.998,-79.297,77.544,-21.000,-27.471,68.409,-15.478,-2.850,-0.253,-2.733
454.005,-82.211,80.459,-21.000,-32.043,78.944,-14.679,-2.759,-0.270,-2.482
454.012,-84.646,82.893,-21.000,-37.237,81.280,-16.198,-2.607,-0.286,-2.301
454.018,-85.404,83.995,-21.000,-43.425,85.247,-16.000,-2.309,-0.301,-2.305
454.025,-86.505,85.096,-21.000,-48.906,93.097,-17.363,-2.068,-0.314,-2.299
454.032,-87.606,86.197,-21.000,-52.475,94.834,-17.394,-1.932,-0.326,-2.010
454.038,-87.297,86.946,-21.000,-60.144,99.376,-16.378,-1.493,-0.335,-2.186
454.045,-86.516,86.863,-21.000,-64.243,103.051,-15.541,-1.225,-0.343,-2.008
454.052,-85.735,86.082,-21.000,-65.607,101.677,-16.063,-1.107,-0.350,-1.600
454.059,-84.954,85.301,-21.000,-69.540,105.319,-18.393,-0.848,-0.350,-1.625
454.065,-82.587,80.797,-21.000,-72.653,108.941,-17.890,-0.546,-0.350,-1.464
454.072,-79.973,78.549,-21.000,-74.733,105.707,-18.541,-0.288,-0.350,-1.291
454.079,-77.358,75.935,-21.000,-78.652,102.666,-21.772,0.071,-0.350,-1.318
454.085,-74.442,69.986,-21.000,-75.243,105.092,-18.325,0.044,-0.349,-0.667
454.092,-70.008,67.100,-21.000,-78.714,104.354,-19.442,0.479,-0.347,-0.772
454.099,-65.575,62.666,-21.000,-81.544,109.467,-15.423,0.878,-0.343,-0.844
454.106,-61.141,58.232,-21.000,-80.346,111.776,-13.901,1.056,-0.337,-0.543
454.112,-56.707,53.798,-21.000,-81.797,107.573,-15.817,1.380,-0.329,-0.535
454.119,-51.033,48.124,-21.000,-80.204,107.332,-14.609,1.604,-0.319,-0.209
454.126,-44.892,41.602,-21.000,-76.863,102.800,-16.421,1.758,-0.309,0.145
454.132,-38.751,35.843,-21.000,-77.200,98.680,-18.530,2.115,-0.296,0.116
454.139,-32.611,29.702,-21.000,-75.273,98.899,-16.519,2.346,-0.282,0.256
454.146,-26.470,22.795,-21.000,-78.298,94.270,-19.437,2.851,-0.266,-0.107
454.153,-20.028,16.392,-21.000,-76.966,96.194,-18.717,3.132,-0.248,0.039
454.159,-12.704,9.067,-21.000,-71.704,89.145,-20.258,3.245,-0.228,0.539
454.166,-5.379,1.743,-21.000,-64.421,77.856,-20.446,3.247,-0.208,1.064
454.173,1.945,-5.581,-21.000,-60.764,75.927,-16.845,3.449,-0.188,1.112
454.179,9.616,-15.686,-21.000,-60.166,68.414,-19.051,3.838,-0.165,0.945
454.186,16.940,-23.010,-21.000,-58.534,73.122,-14.898,4.151,-0.140,0.868
454.193,24.265,-30.335,-21.000,-55.053,60.547,-17.072,4.362,-0.114,0.973
454.199,31.633,-37.703,-21.000,-45.378,60.688,-16.762,4.236,-0.088,1.651
454.206,39.001,-45.485,-22.000,-37.254,51.786,-15.262,4.194,-0.063,1.995
454.213,46.370,-52.853,-22.000,-25.840,43.553,-17.148,3.972,-0.039,2.536
454.219,53.738,-61.062,-22.000,-22.310,35.043,-13.964,4.183,-0.014,2.218
454.226,61.106,-69.724,-21.000,-13.873,19.384,-19.708,4.124,0.011,2.491
454.233,68.386,-77.004,-21.000,-11.140,19.843,-16.457,4.374,0.037,2.087
454.239,74.705,-91.446,-21.000,-4.920,9.106,-22.113,4.379,0.064,2.200
454.246,81.024,-102.656,-21.000,1.687,12.605,-17.367,4.364,0.090,2.271
454.253,87.343,-108.975,-21.000,11.791,-1.220,-19.760,4.155,0.116,2.668
454.259,93.662,-115.865,-21.000,18.830,-4.795,-19.419,4.116,0.140,2.673
454.266,99.981,-122.184,-21.000,23.121,-17.131,-16.849,4.227,0.166,2.403
454.272,104.822,-127.026,-21.000,28.756,-33.442,-19.573,4.184,0.191,2.297
454.279,109.509,-131.142,-21.000,30.447,-31.998,-15.298,4.348,0.217,1.889
454.286,114.196,-135.829,-21.000,37.657,-44.220,-20.136,4.210,0.243,2.115
454.292,118.883,-142.832,-21.000,41.398,-45.268,-16.578,4.262,0.269,1.915
454.299,122.743,-146.104,-21.000,52.765,-53.788,-16.074,3.849,0.293,2.560
454.306,125.653,-149.015,-21.000,61.447,-57.177,-19.182,3.531,0.315,2.741
454.312,128.564,-151.925,-21.000,63.022,-62.016,-16.170,3.605,0.337,2.202
454.319,131.474,-157.220,-21.000,65.124,-71.246,-19.782,3.649,0.350,1.851
454.326,132.648,-157.537,-21.000,69.951,-67.593,-14.009,3.448,0.350,1.841
454.332,133.745,-158.634,-21.000,79.161,-79.495,-19.396,3.002,0.350,2.269
454.339,134.842,-159.730,-21.000,84.046,-80.831,-16.673,2.794,0.350,2.155
454.346,135.813,-160.702,-21.000,94.301,-87.607,-16.036,2.283,0.350,2.589
454.352,135.028,-159.917,-21.000,99.335,-94.256,-19.323,1.963,0.350,2.409
454.359,134.243,-159.132,-21.000,98.102,-97.491,-15.971,1.988,0.350,1.703
454.366,133.458,-158.346,-21.000,101.482,-106.995,-20.538,1.759,0.350,1.579
454.373,132.000,-156.889,-21.000,107.470,-110.563,-17.884,1.349,0.350,1.724
454.379,129.382,-155.474,-22.000,113.764,-119.713,-20.108,0.859,0.350,1.873
454.386,126.763,-154.705,-22.000,115.293,-121.886,-20.967,0.631,0.350,1.549
454.392,124.145,-152.087,-21.000,114.735,-124.508,-18.612,0.518,0.350,1.100
454.399,120.313,-148.255,-21.000,117.941,-128.460,-18.665,0.130,0.350,1.123
454.406,115.876,-143.817,-22.000,119.447,-134.245,-19.259,-0.196,0.349,0.972
454.413,111.438,-139.380,-22.000,118.022,-129.048,-16.922,-0.362,0.348,0.619
454.419,107.001,-134.942,-22.000,118.150,-127.277,-17.190,-0.613,0.344,0.446
454.426,102.175,-130.116,-22.000,116.074,-125.117,-18.117,-0.764,0.340,0.182
454.433,96.032,-123.973,-22.000,111.992,-115.023,-18.458,-0.878,0.335,-0.280
454.439,89.888,-119.733,-20.000,110.109,-108.263,-17.448,-1.112,0.329,-0.373
454.446,83.745,-113.590,-20.000,103.984,-108.201,-18.827,-1.113,0.322,-0.874
454.453,77.602,-107.446,-20.000,102.173,-108.899,-18.459,-1.351,0.314,-0.840
454.459,71.401,-101.246,-20.000,98.697,-103.524,-17.912,-1.501,0.305,-0.986
454.466,64.077,-93.921,-20.000,96.585,-99.860,-20.925,-1.788,0.294,-0.949
454.473,56.752,-86.597,-18.000,91.383,-94.453,-22.802,-1.905,0.283,-1.192
454.479,49.428,-79.272,-16.000,88.902,-88.947,-20.877,-2.171,0.270,-1.149
454.486,42.103,-71.948,-16.000,84.607,-90.536,-21.138,-2.338,0.256,-1.263
454.493,34.436,-64.623,-15.000,80.924,-91.889,-21.098,-2.557,0.242,-1.251
454.500,27.111,-57.299,-14.000,76.987,-80.294,-17.322,-2.743,0.225,-1.336
454.506,19.763,-49.951,-14.000,73.876,-73.940,-15.707,-2.976,0.207,-1.263
454.513,12.394,-42.582,-14.000,65.422,-72.156,-17.356,-2.917,0.189,-1.737
454.520,5.025,-35.213,-14.000,57.979,-70.356,-19.460,-2.912,0.171,-2.012
454.527,-2.683,-27.203,-14.000,53.468,-63.017,-19.158,-3.088,0.153,-1.955
454.533,-10.052,-19.834,-14.000,49.252,-58.418,-18.305,-3.262,0.134,-1.837
454.540,-17.758,-12.465,-13.000,39.151,-52.215,-17.134,-3.130,0.114,-2.306
454.547,-24.495,-5.728,-13.000,34.644,-47.241,-17.215,-3.253,0.094,-2.202
454.553,-32.445,0.593,-13.000,29.226,-35.272,-16.933,-3.392,0.074,-2.127
454.560,-40.009,7.549,-12.000,21.648,-29.925,-17.797,-3.391,0.054,-2.258
454.567,-46.330,13.871,-12.000,11.054,-23.309,-16.468,-3.156,0.034,-2.698
454.574,-52.651,20.192,-12.000,10.645,-17.430,-18.517,-3.481,0.013,-2.095
454.580,-58.282,25.823,-12.000,4.604,-2.169,-19.468,-3.459,-0.008,-2.096
454.587,-66.670,31.764,-12.000,-2.894,6.270,-18.473,-3.508,-0.029,-2.243
454.594,-72.145,35.832,-10.000,-12.970,10.459,-16.564,-3.255,-0.050,-2.638
454.601,-77.346,40.522,-9.000,-17.254,15.766,-17.558,-3.305,-0.070,-2.337
454.607,-82.036,45.213,-9.000,-26.811,29.734,-18.555,-3.037,-0.089,-2.634
454.614,-84.979,48.156,-9.000,-32.451,35.285,-16.278,-2.889,-0.107,-2.510
454.621,-87.893,51.070,-9.000,-37.044,34.531,-15.441,-2.797,-0.125,-2.323
454.628,-94.535,53.352,-4.000,-46.640,44.242,-14.533,-2.634,-0.142,-2.636
454.634,-97.574,56.381,-2.000,-50.972,49.356,-12.953,-2.563,-0.157,-2.385
454.641,-98.675,57.483,-2.000,-60.754,57.522,-11.876,-2.086,-0.171,-2.707
454.648,-99.776,58.584,-2.000,-68.817,57.044,-13.790,-1.703,-0.183,-2.764
454.655,-100.877,59.685,-2.000,-75.926,58.404,-13.013,-1.372,-0.192,-2.776
454.661,-104.365,60.310,-1.000,-80.866,69.271,-15.379,-1.292,-0.199,-2.529
454.668,-103.585,59.529,-1.000,-87.720,71.271,-11.848,-0.873,-0.205,-2.517
454.675,-102.804,58.748,-1.000,-91.541,68.306,-12.208,-0.619,-0.210,-2.237
454.681,-105.062,59.799,0.000,-96.780,75.640,-12.517,-0.455,-0.213,-2.152
454.688,-102.660,57.398,0.000,-98.779,74.223,-11.265,-0.213,-0.215,-1.809
454.695,-100.046,54.783,0.000,-100.178,74.960,-10.568,0.007,-0.215,-1.461
454.702,-97.432,52.169,0.000,-105.889,77.607,-10.672,0.465,-0.213,-1.617
454.709,-94.482,49.219,0.000,-109.215,78.967,-9.052,0.810,-0.209,-1.543
454.715,-90.049,44.786,0.000,-110.934,81.273,-10.542,1.149,-0.203,-1.349
454.722,-89.729,41.544,0.000,-110.755,77.862,-12.849,1.156,-0.195,-0.977
454.728,-85.295,37.110,0.000,-110.210,76.142,-12.588,1.370,-0.189,-0.671
454.733,-80.862,32.676,0.000,-109.671,75.114,-8.706,1.585,-0.181,-0.433
454.739,-75.156,26.971,0.000,-108.780,75.565,-9.344,1.849,-0.171,-0.172
454.745,-69.015,20.830,0.000,-110.964,75.836,-8.261,2.307,-0.160,-0.311
454.750,-62.874,14.689,0.000,-113.447,75.779,-7.570,2.781,-0.146,-0.480
454.756,-56.734,8.548,0.000,-111.129,72.651,-8.300,2.992,-0.132,-0.200
454.761,-50.593,2.408,0.000,-107.955,69.481,-8.750,3.155,-0.117,0.103
454.767,-43.783,-4.403,0.000,-105.433,67.270,-8.877,3.391,-0.100,0.337
454.773,-36.458,-11.727,0.000,-101.392,61.866,-10.612,3.571,-0.082,0.780
454.778,-29.134,-19.051,0.000,-99.799,58.195,-9.030,3.887,-0.062,0.788
454.784,-21.810,-26.376,0.000,-93.523,54.630,-8.301,3.944,-0.042,1.321
454.790,-14.485,-33.700,0.000,-89.043,59.730,-7.154,4.101,-0.021,1.542
454.795,-7.171,-40.427,0.000,-89.513,59.808,-6.783,4.529,0.002,1.133
454.801,0.151,-48.336,0.000,-87.457,53.077,-6.915,4.818,0.026,1.024
454.806,7.519,-55.704,0.000,-83.166,47.829,-7.981,4.988,0.050,1.175
454.812,14.887,-63.072,0.000,-78.027,41.282,-8.206,5.110,0.076,1.431
454.818,22.255,-70.441,0.000,-73.274,30.526,-9.346,5.254,0.102,1.502
454.823,29.624,-77.222,0.000,-65.588,25.383,-7.194,5.237,0.129,2.006
454.829,36.992,-84.590,0.000,-58.717,22.940,-6.527,5.264,0.156,2.319
454.834,44.254,-91.852,0.000,-53.822,18.060,-3.655,5.394,0.183,2.292
454.840,50.573,-98.758,0.000,-46.007,10.142,-6.747,5.312,0.210,2.655
454.845,56.892,-104.490,0.000,-40.913,-0.777,-10.055,5.379,0.237,2.630
454.851,63.211,-110.809,0.000,-34.222,-7.343,-12.756,5.359,0.264,2.744
454.857,69.530,-117.128,0.000,-32.052,-13.378,-7.472,5.587,0.293,2.356
454.862,75.843,-123.441,0.000,-27.182,-22.987,-7.697,5.666,0.321,2.273
454.868,80.655,-128.840,0.000,-20.378,-31.791,-8.673,5.557,0.349,2.448
454.873,85.342,-133.527,0.000,-13.971,-37.858,-6.954,5.462,0.350,2.584
454.879,90.029,-138.214,0.000,-8.188,-46.267,-7.234,5.402,0.350,2.571
454.885,94.716,-142.901,0.000,-3.620,-47.781,-6.944,5.408,0.350,2.455
454.890,98.550,-146.735,0.000,2.387,-51.678,-3.663,5.289,0.350,2.496
454.896,101.460,-150.238,0.000,13.753,-63.149,-4.625,4.824,0.350,3.196
454.901,104.370,-153.149,0.000,19.971,-70.970,-7.018,4.642,0.350,3.137
454.907,107.281,-156.059,0.000,23.450,-75.668,-9.014,4.611,0.350,2.656
454.912,108.775,-157.553,0.000,27.415,-76.109,-8.388,4.475,0.350,2.409
454.918,109.871,-158.650,0.000,33.163,-80.108,-2.979,4.219,0.350,2.306
454.924,110.968,-158.566,0.000,40.282,-87.113,-6.322,3.888,0.350,2.501
454.929,111.912,-159.510,0.000,45.368,-92.393,-9.037,3.660,0.350,2.450
454.935,111.127,-158.725,0.000,50.988,-93.493,-5.656,3.308,0.350,2.530
454.940,110.342,-157.939,0.000,54.301,-95.626,-2.830,3.082,0.350,2.210
454.946,109.556,-157.154,0.000,61.801,-100.327,-0.373,2.627,0.350,2.328
454.952,108.072,-155.669,0.000,64.515,-106.539,0.825,2.396,0.350,2.082
454.957,105.453,-153.051,0.000,66.767,-112.368,-3.134,2.128,0.350,1.761
454.963,102.835,-150.433,0.000,74.535,-110.122,-4.934,1.557,0.350,2.196
454.968,100.217,-148.402,0.000,76.060,-112.568,-4.206,1.329,0.350,1.853
454.974,96.358,-144.543,0.000,78.298,-111.942,-1.759,0.993,0.350,1.610
454.980,91.921,-140.106,0.000,80.699,-121.166,-3.766,0.617,0.350,1.456
454.985,87.483,-135.669,0.000,81.139,-118.173,-4.312,0.349,0.350,1.068
454.991,83.046,-130.644,0.000,83.162,-118.256,-4.508,-0.006,0.350,1.037
454.996,78.195,-125.793,0.000,82.227,-114.185,-4.374,-0.222,0.350,0.732
455.002,72.052,-119.649,0.000,83.779,-113.785,-5.188,-0.645,0.347,0.735
455.008,65.908,-113.506,0.000,83.519,-120.496,-6.073,-0.969,0.343,0.582
455.013,59.765,-107.363,0.000,80.239,-121.693,-4.236,-1.126,0.338,0.122
455.019,53.622,-101.220,0.000,77.297,-123.282,-3.798,-1.302,0.331,-0.328
455.025,47.404,-95.002,0.000,78.835,-121.617,-3.283,-1.729,0.323,-0.089
455.030,40.079,-87.677,0.000,74.221,-113.988,-3.719,-1.878,0.314,-0.589
455.036,32.755,-80.353,0.000,68.466,-107.762,-2.244,-1.964,0.303,-1.181
455.041,25.430,-73.028,0.000,65.193,-99.813,-1.796,-2.187,0.292,-1.333
455.047,18.106,-65.704,0.000,62.171,-101.454,-0.583,-2.424,0.280,-1.255
455.053,10.781,-58.379,0.000,55.759,-94.790,0.529,-2.474,0.268,-1.625
455.058,3.457,-51.055,0.000,53.503,-91.559,-0.759,-2.753,0.255,-1.419
455.064,-3.892,-44.294,0.000,47.461,-85.425,-4.756,-2.824,0.241,-1.679
455.070,-11.261,-36.337,0.000,37.558,-69.326,-4.355,-2.685,0.227,-2.364
455.075,-18.630,-28.968,0.000,33.524,-61.861,-2.615,-2.868,0.211,-2.324
455.081,-25.999,-21.599,0.000,26.896,-51.945,-1.805,-2.909,0.196,-2.551
455.087,-33.368,-14.817,0.000,22.188,-42.588,0.908,-3.056,0.181,-2.445
455.092,-40.737,-7.448,0.000,17.705,-36.994,0.636,-3.214,0.165,-2.338
455.098,-47.459,-0.726,0.000,13.761,-29.701,-2.565,-3.367,0.148,-2.154
455.104,-53.780,6.183,0.000,8.309,-25.426,-5.880,-3.415,0.131,-2.084
455.109,-60.102,12.504,0.000,-2.250,-16.285,-4.843,-3.182,0.114,-2.754
455.115,-66.423,18.825,0.000,-8.511,-8.950,-1.865,-3.185,0.098,-2.839
455.120,-72.745,25.147,0.000,-14.289,-2.135,-1.113,-3.215,0.081,-2.799
455.126,-78.500,29.573,0.000,-22.374,5.306,2.263,-3.087,0.065,-2.984
455.132,-83.190,34.856,0.000,-30.718,9.043,0.782,-2.886,0.050,-3.176
455.137,-88.030,39.547,0.000,-36.702,12.163,-1.330,-2.823,0.035,-3.077
455.144,-92.720,44.237,0.000,-42.807,15.185,-4.065,-2.745,0.019,-2.916
455.150,-97.708,47.736,0.000,-47.456,25.716,-2.889,-2.764,0.004,-2.626
455.156,-100.625,50.652,0.000,-55.461,35.244,-2.268,-2.484,-0.010,-2.765
455.162,-105.650,60.916,0.000,-61.122,31.963,-4.521,-2.449,-0.024,-2.640
455.169,-109.184,63.831,0.000,-66.919,34.945,-6.082,-2.325,-0.038,-2.555
455.175,-111.556,66.203,0.000,-73.549,50.260,-2.608,-2.090,-0.051,-2.510
455.182,-112.657,67.304,0.000,-78.902,45.866,-2.319,-1.857,-0.063,-2.343
455.189,-115.854,76.244,0.000,-82.859,47.523,-3.621,-1.815,-0.075,-2.191
455.196,-116.955,77.345,0.000,-92.762,64.668,-3.000,-1.331,-0.084,-2.566
455.202,-119.204,85.111,0.000,-96.044,64.941,0.703,-1.274,-0.091,-2.187
455.209,-118.424,84.330,0.000,-107.083,68.460,-0.756,-0.624,-0.096,-2.721
455.215,-117.643,83.550,0.000,-112.202,77.717,-2.158,-0.299,-0.099,-2.530
455.222,-116.862,82.769,0.000,-114.968,81.316,-2.374,-0.104,-0.100,-2.211
455.228,-114.431,80.338,0.000,-125.397,83.419,-2.319,0.603,-0.097,-2.618
455.235,-115.830,79.882,0.000,-128.918,84.184,-4.586,0.720,-0.094,-2.314
455.241,-113.216,77.268,0.000,-133.418,94.194,-1.105,1.111,-0.088,-2.205
455.248,-110.237,74.289,0.000,-136.049,92.115,-1.272,1.420,-0.080,-1.878
455.255,-105.803,69.855,0.000,-138.259,94.262,-1.305,1.785,-0.070,-1.633
455.261,-103.435,66.787,0.000,-142.418,101.430,0.418,2.144,-0.058,-1.653
455.268,-99.001,62.353,0.000,-145.555,99.077,1.050,2.560,-0.043,-1.517
455.275,-94.567,57.919,0.000,-149.197,102.995,1.003,3.005,-0.026,-1.483
455.282,-88.834,52.186,0.000,-145.832,99.011,-2.289,3.135,-0.007,-0.792
455.288,-82.693,46.045,0.000,-142.559,100.835,-3.727,3.293,0.013,-0.296
455.295,-82.775,41.848,0.000,-142.636,93.751,-0.658,3.292,0.033,-0.250
455.302,-76.635,35.708,0.000,-139.671,83.039,-4.262,3.467,0.054,0.097
455.308,-72.378,30.188,0.000,-141.361,87.232,2.571,3.794,0.076,-0.116
455.315,-65.548,23.359,0.000,-141.419,79.522,3.157,4.173,0.102,-0.058
455.322,-57.901,16.034,0.000,-136.066,79.357,4.481,4.299,0.128,0.472
455.329,-50.577,8.710,0.000,-128.943,70.556,0.146,4.310,0.155,1.012
455.336,-43.253,1.386,0.000,-124.206,67.988,1.369,4.452,0.182,1.215
455.342,-35.928,-5.939,0.000,-116.910,60.248,-0.726,4.454,0.209,1.550
455.349,-28.604,-13.263,0.000,-113.788,56.504,-3.249,4.685,0.237,1.472
455.356,-21.278,-20.589,0.000,-114.197,59.843,1.644,5.111,0.267,1.056
455.362,-13.910,-27.957,0.000,-113.187,53.239,-1.457,5.460,0.300,0.893
455.369,-6.864,-34.717,0.000,-103.293,44.160,0.796,5.304,0.332,1.613
455.376,0.827,-42.085,0.000,-93.238,37.337,-0.189,5.174,0.350,2.160
455.383,8.195,-49.454,0.000,-86.305,35.882,-0.377,5.197,0.350,2.271
455.389,14.915,-56.226,0.000,-78.151,27.271,1.244,5.119,0.350,2.421
455.396,21.829,-64.065,0.000,-73.954,14.493,-2.537,5.268,0.350,2.218
455.402,28.148,-70.085,0.000,-68.033,21.446,1.694,5.290,0.350,2.241
455.409,34.467,-76.404,0.000,-56.320,8.151,-3.459,4.993,0.350,2.793
455.416,40.454,-82.426,0.000,-48.305,0.669,-2.114,4.882,0.350,2.809
455.422,46.773,-88.745,0.000,-33.765,-11.152,-5.800,4.430,0.350,3.506
455.429,53.092,-95.064,0.000,-26.504,-14.643,-8.576,4.378,0.350,3.331
455.436,58.210,-100.146,0.000,-25.066,-27.151,-5.069,4.580,0.350,2.637
455.443,62.897,-104.833,0.000,-20.234,-38.477,-4.943,4.572,0.350,2.404
455.449,67.584,-109.520,0.000,-17.251,-35.583,-2.658,4.666,0.350,2.113
455.456,72.271,-114.207,0.000,-13.269,-42.378,-0.274,4.705,0.350,1.959
455.463,76.069,-118.005,0.000,-11.456,-46.638,-1.223,4.814,0.350,1.634
455.469,80.275,-120.916,0.000,-5.478,-45.154,-0.962,4.716,0.350,1.786
455.476,83.813,-123.236,0.000,-1.915,-47.560,-4.343,4.715,0.350,1.652
455.482,86.724,-126.147,0.000,-2.655,-49.460,-5.586,4.916,0.350,1.181
455.489,88.182,-127.605,0.000,2.769,-51.741,-4.504,4.698,0.350,1.346
455.495,90.196,-128.412,0.000,10.362,-53.050,-4.475,4.391,0.350,1.738
455.502,91.888,-129.508,0.000,14.574,-51.797,-5.323,4.252,0.350,1.685
455.508,92.795,-130.415,0.000,15.886,-52.602,-3.179,4.230,0.350,1.377
455.515,96.603,-129.342,0.000,25.642,-58.322,-2.902,3.903,0.350,1.924
455.522,95.818,-128.557,0.000,28.075,-58.327,-3.627,3.726,0.350,1.699
455.529,98.265,-128.059,0.000,30.473,-60.296,-0.006,3.729,0.350,1.471
455.535,96.743,-126.538,0.000,37.325,-68.371,-4.270,3.268,0.350,1.716
455.542,99.980,-123.633,0.000,47.283,-71.780,-5.829,2.898,0.350,2.231
455.549,97.362,-121.014,0.000,53.249,-74.460,-6.111,2.426,0.350,2.214
455.555,94.744,-118.396,0.000,55.006,-79.894,-5.153,2.186,0.350,1.818
455.562,95.675,-114.501,0.000,64.294,-84.189,-4.652,1.726,0.350,2.240
455.568,91.237,-110.064,0.000,68.307,-85.972,-2.299,1.261,0.350,2.087
455.574,86.800,-105.626,0.000,73.546,-90.295,-2.242,0.729,0.350,2.118
455.580,82.809,-101.476,0.000,73.363,-93.249,-1.505,0.520,0.350,1.648
455.585,77.924,-96.591,0.000,74.315,-93.575,-2.583,0.198,0.350,1.339
455.591,71.781,-90.448,0.000,74.516,-92.439,-2.779,-0.150,0.350,1.011
455.597,65.786,-84.017,0.000,76.305,-91.779,-2.435,-0.579,0.347,0.961
455.602,59.643,-77.874,0.000,73.246,-90.826,-1.310,-0.748,0.344,0.423
455.608,53.500,-70.612,0.000,68.382,-89.079,-1.517,-0.819,0.340,-0.188
455.613,47.258,-64.370,0.000,63.589,-86.774,-2.043,-0.898,0.336,-0.588
455.619,39.934,-56.773,0.000,61.540,-85.327,-3.675,-1.188,0.331,-0.672
455.624,32.609,-49.449,0.000,61.521,-84.177,-3.962,-1.590,0.323,-0.536
455.630,25.285,-42.124,0.000,58.075,-78.947,-4.347,-1.803,0.314,-0.839
455.636,17.960,-34.800,0.000,53.543,-73.671,-4.528,-1.957,0.304,-1.190
455.641,10.636,-26.674,0.000,48.048,-67.312,-3.979,-2.058,0.294,-1.546
455.647,3.311,-19.350,0.000,43.770,-62.051,-1.966,-2.225,0.283,-1.624
455.652,-4.038,-12.000,0.000,39.206,-54.642,-2.041,-2.378,0.271,-1.719
455.658,-11.407,-4.631,0.000,33.411,-47.592,-2.290,-2.465,0.259,-1.918
455.664,-18.776,2.738,0.000,29.842,-39.133,-2.251,-2.674,0.246,-1.804
455.669,-26.145,10.627,0.000,26.421,-33.239,-0.029,-2.891,0.232,-1.693
455.675,-33.514,17.997,0.000,21.293,-26.483,1.238,-3.014,0.217,-1.807
455.680,-40.883,25.107,0.000,14.683,-17.717,-0.104,-3.056,0.202,-2.076
455.686,-47.584,31.808,0.000,8.123,-9.399,-1.023,-3.064,0.186,-2.300
455.692,-53.906,38.129,0.000,2.970,-0.872,-1.165,-3.128,0.170,-2.321
455.697,-60.227,44.451,0.000,-3.942,5.832,-2.091,-3.096,0.153,-2.568
455.703,-66.549,50.510,0.000,-11.985,15.250,-1.818,-3.001,0.137,-2.890
455.708,-72.870,56.832,0.000,-19.288,22.376,-0.323,-2.947,0.122,-3.069
455.714,-78.444,62.406,0.000,-26.708,27.240,0.068,-2.845,0.107,-3.198
455.720,-83.135,67.358,0.000,-28.154,29.634,-1.033,-3.024,0.091,-2.598
455.725,-87.825,72.049,0.000,-32.828,36.107,-1.417,-3.025,0.075,-2.525
455.731,-92.516,76.739,0.000,-36.756,41.649,-2.145,-3.067,0.060,-2.378
455.737,-97.173,81.396,0.000,-43.081,51.917,-3.092,-2.975,0.044,-2.526
455.742,-100.088,84.311,0.000,-50.012,62.834,-3.071,-2.754,0.029,-2.685
455.748,-103.002,87.225,0.000,-55.358,68.587,-2.362,-2.620,0.015,-2.629
455.753,-105.917,90.140,0.000,-60.822,70.368,-3.180,-2.480,0.002,-2.580
455.759,-108.252,92.476,0.000,-65.223,77.053,-3.593,-2.367,-0.010,-2.434
455.765,-109.353,93.577,0.000,-70.707,82.747,-1.877,-2.126,-0.021,-2.459
455.770,-110.454,94.678,0.000,-77.405,83.715,0.605,-1.818,-0.031,-2.578
455.776,-111.556,95.779,0.000,-82.074,89.264,0.768,-1.621,-0.040,-2.436
455.782,-111.491,95.714,0.000,-87.928,92.984,1.567,-1.296,-0.047,-2.462
455.787,-110.710,94.933,0.000,-94.040,101.924,0.156,-0.917,-0.053,-2.527
455.793,-109.929,93.891,0.000,-98.079,109.199,-0.597,-0.652,-0.056,-2.341
455.799,-109.148,93.110,0.000,-100.194,109.798,-0.782,-0.492,-0.059,-1.955
455.804,-106.681,90.643,0.000,-102.272,110.729,-2.705,-0.242,-0.060,-1.677
455.810,-104.067,88.028,0.000,-104.610,114.809,-3.429,0.030,-0.060,-1.477
455.816,-101.155,85.676,0.000,-107.494,118.454,-0.629,0.349,-0.060,-1.497
455.822,-98.140,82.661,0.000,-106.123,119.781,0.687,0.439,-0.058,-1.026
455.828,-93.706,78.227,0.000,-104.630,119.388,2.128,0.601,-0.054,-0.569
455.834,-89.278,73.538,0.000,-106.221,121.467,3.276,0.932,-0.050,-0.581
455.840,-84.851,69.110,0.000,-104.637,120.032,3.214,1.088,-0.044,-0.292
455.847,-80.123,64.680,0.000,-106.704,117.237,2.193,1.462,-0.037,-0.461
455.853,-74.363,58.920,0.000,-104.793,113.660,2.757,1.674,-0.028,-0.177
455.859,-68.222,52.779,0.000,-105.112,114.519,2.460,2.029,-0.017,-0.205
455.865,-62.081,46.638,0.000,-105.186,111.469,1.167,2.371,-0.005,-0.185
455.871,-55.940,40.497,0.000,-104.124,107.400,-1.271,2.650,0.010,-0.009
455.878,-49.800,34.357,0.000,-101.706,103.487,-0.704,2.855,0.025,0.264
455.884,-42.951,27.508,0.000,-101.154,103.932,1.250,3.201,0.043,0.248
455.890,-35.627,20.184,0.000,-99.023,101.830,3.084,3.487,0.061,0.353
455.896,-27.566,12.870,0.000,-98.890,96.711,4.156,3.923,0.084,0.304
455.903,-20.252,5.555,0.000,-91.839,93.055,6.254,3.937,0.108,0.838
455.910,-12.938,-1.759,0.000,-90.158,88.976,7.281,4.247,0.133,0.791
455.917,-5.623,-9.073,0.000,-83.183,78.144,0.933,4.266,0.160,1.257
455.923,1.693,-16.389,0.000,-78.804,73.412,1.593,4.427,0.186,1.344
455.930,9.051,-23.747,0.000,-70.242,61.805,-0.093,4.361,0.213,1.867
455.937,16.409,-31.105,0.000,-63.632,58.844,4.202,4.402,0.240,2.056
455.943,23.777,-38.473,0.000,-56.256,55.710,5.672,4.402,0.266,2.256
455.950,31.145,-45.841,0.000,-51.882,45.811,3.347,4.566,0.294,2.148
455.956,38.663,-53.210,0.000,-44.965,43.012,3.822,4.600,0.322,2.234
455.963,45.900,-60.446,0.000,-33.557,30.986,0.979,4.370,0.349,2.751
455.970,52.219,-66.765,0.000,-25.987,19.439,-3.062,4.301,0.350,2.764
455.976,58.839,-73.084,0.000,-16.589,16.830,0.197,4.149,0.350,2.979
455.983,65.158,-79.403,0.000,-6.970,8.916,0.539,3.967,0.350,3.213
455.989,71.477,-85.722,0.000,-0.644,1.377,2.276,3.967,0.350,3.062
455.995,78.403,-92.041,0.000,4.735,1.410,3.421,4.052,0.350,2.843
456.002,83.331,-96.816,0.000,14.636,-2.143,3.679,3.778,0.350,3.116
456.008,88.018,-101.503,0.000,17.775,-8.561,2.578,3.863,0.350,2.671
456.015,93.012,-106.190,0.000,24.149,-7.357,5.034,3.787,0.350,2.595
456.022,97.699,-110.877,0.000,30.782,-13.440,5.943,3.680,0.350,2.584
456.028,101.486,-114.664,0.000,33.821,-20.451,3.152,3.722,0.350,2.222
456.035,104.396,-117.574,0.000,38.291,-25.303,5.266,3.636,0.350,2.093
456.042,107.306,-120.485,0.000,47.143,-34.203,2.578,3.309,0.350,2.422
456.048,110.526,-123.395,0.000,50.878,-40.051,0.101,3.281,0.350,2.174
456.055,112.285,-125.106,0.000,53.807,-43.220,2.863,3.216,0.350,1.860
456.062,113.539,-126.203,0.000,59.828,-51.614,-1.093,2.954,0.350,2.004
456.068,114.636,-127.299,0.000,67.309,-55.111,0.547,2.603,0.350,2.246
456.075,115.530,-128.194,0.000,74.460,-57.689,4.748,2.259,0.350,2.375
456.081,115.381,-127.409,0.000,79.905,-65.897,4.251,1.951,0.350,2.288
456.088,114.596,-126.624,0.000,81.394,-66.588,3.030,1.826,0.350,1.856
456.094,113.810,-125.838,0.000,85.539,-70.068,3.781,1.555,0.350,1.715
456.101,113.093,-124.574,0.000,89.554,-81.291,1.115,1.295,0.350,1.695
456.108,110.479,-121.959,0.000,92.819,-85.287,0.868,0.971,0.350,1.573
456.114,107.864,-119.345,0.000,93.786,-86.545,2.145,0.774,0.350,1.240
456.121,105.249,-116.730,0.000,97.098,-89.013,1.277,0.448,0.350,1.259
456.128,102.362,-113.374,0.000,96.690,-89.434,3.076,0.312,0.350,0.884
456.134,97.925,-108.937,0.000,103.093,-90.815,2.824,-0.284,0.349,1.266
456.141,94.721,-104.499,0.000,101.801,-90.921,1.788,-0.389,0.347,0.860
456.148,90.284,-100.062,0.000,101.322,-93.751,-0.032,-0.607,0.344,0.562
456.154,85.396,-95.174,0.000,106.010,-89.111,1.025,-1.134,0.338,0.827
456.161,81.735,-90.437,0.000,106.915,-84.645,3.394,-1.385,0.330,0.720
456.168,75.592,-84.294,0.000,105.321,-77.042,3.391,-1.635,0.321,0.421
456.174,69.652,-78.441,0.000,104.947,-75.168,3.193,-1.941,0.310,0.284
456.181,63.508,-72.298,0.000,101.221,-68.339,3.195,-2.074,0.297,-0.215
456.187,57.265,-66.054,0.000,99.220,-61.339,1.947,-2.308,0.284,-0.401
456.194,51.414,-59.319,0.000,97.207,-57.711,2.933,-2.519,0.269,-0.481
456.201,44.090,-51.995,0.000,91.840,-56.795,2.168,-2.626,0.253,-0.880
456.207,36.765,-44.670,0.000,87.170,-54.196,1.667,-2.772,0.237,-1.090
456.214,29.441,-37.346,0.000,82.657,-47.719,1.532,-2.927,0.219,-1.267
456.220,24.401,-29.432,0.000,80.993,-42.653,1.977,-3.113,0.202,-1.086
456.227,17.076,-22.107,0.000,75.572,-35.980,3.755,-3.217,0.183,-1.285
456.233,11.726,-15.647,0.000,70.023,-32.974,5.513,-3.206,0.164,-1.481
456.240,5.420,-8.580,0.000,65.016,-28.311,5.160,-3.278,0.144,-1.617
456.247,-1.949,-1.211,0.000,61.773,-21.021,4.266,-3.505,0.123,-1.526
456.254,-9.319,6.158,0.000,55.395,-19.468,3.799,-3.559,0.101,-1.710
456.260,-16.688,13.527,0.000,46.372,-16.597,2.165,-3.468,0.080,-2.158
456.267,-24.057,20.896,0.000,41.460,-8.265,2.612,-3.603,0.058,-2.107
456.274,-30.756,27.595,0.000,38.233,-2.155,2.080,-3.794,0.035,-1.875
456.280,-33.611,34.219,0.000,32.085,6.497,3.335,-3.613,0.013,-1.937
456.287,-39.932,40.541,0.000,25.755,12.325,3.573,-3.613,-0.009,-2.032
456.294,-44.676,46.862,0.000,17.097,20.201,3.542,-3.397,-0.030,-2.366
456.301,-50.343,52.881,0.000,13.268,29.598,3.601,-3.499,-0.052,-2.154
456.307,-55.581,58.755,0.000,8.647,34.089,4.138,-3.533,-0.074,-2.024
456.314,-60.272,63.445,0.000,2.439,37.411,3.284,-3.449,-0.095,-2.103
456.321,-64.962,68.136,0.000,-4.648,44.173,3.362,-3.317,-0.115,-2.269
456.327,-69.653,72.826,0.000,-8.842,50.660,5.280,-3.345,-0.135,-2.074
456.334,-74.307,77.481,0.000,-16.171,60.024,5.735,-3.197,-0.155,-2.208
456.341,-74.067,80.395,0.000,-21.497,63.392,4.832,-2.891,-0.173,-2.150
456.348,-76.981,83.310,0.000,-29.909,74.879,4.683,-2.589,-0.190,-2.420
456.354,-79.896,86.224,0.000,-35.651,80.896,3.703,-2.433,-0.205,-2.360
456.361,-80.343,88.856,0.000,-42.735,80.357,2.849,-2.068,-0.219,-2.439
456.368,-81.444,89.957,0.000,-46.560,82.366,3.172,-1.919,-0.231,-2.157
456.374,-82.545,91.058,0.000,-51.637,92.576,1.881,-1.700,-0.242,-2.139
456.381,-83.646,92.159,0.000,-53.195,94.988,2.142,-1.675,-0.252,-1.713
456.388,-82.399,92.091,0.000,-58.532,95.978,3.614,-1.313,-0.260,-1.765
456.395,-81.217,91.310,0.000,-60.992,104.044,5.342,-1.112,-0.268,-1.571
456.401,-80.436,90.530,0.000,-63.539,107.004,4.938,-0.929,-0.274,-1.422
456.408,-79.250,89.749,0.000,-66.516,109.269,3.615,-0.700,-0.279,-1.354
456.414,-76.779,87.278,0.000,-69.630,112.481,5.131,-0.393,-0.282,-1.363
456.420,-74.165,84.664,0.000,-67.977,112.450,8.499,-0.340,-0.284,-0.824
456.426,-71.551,82.050,0.000,-70.085,116.935,7.011,-0.081,-0.285,-0.833
456.432,-68.533,79.032,0.000,-68.249,118.168,5.500,-0.016,-0.285,-0.456
456.439,-64.099,74.598,0.000,-68.030,113.710,-0.580,0.216,-0.284,-0.310
456.445,-59.665,70.164,0.000,-68.865,118.628,-0.485,0.506,-0.282,-0.332
456.451,-53.990,65.730,0.000,-66.700,119.439,2.172,0.699,-0.278,-0.049
456.458,-49.556,61.296,0.000,-64.225,112.733,3.260,0.807,-0.273,0.242
456.465,-43.786,55.526,0.000,-65.978,117.708,5.392,1.221,-0.266,0.028
456.472,-35.929,49.386,0.000,-65.392,118.227,7.217,1.620,-0.258,0.043
456.478,-29.788,43.245,0.000,-63.700,113.695,4.857,1.865,-0.246,0.247
456.485,-23.648,37.104,0.000,-60.730,113.634,6.945,2.040,-0.235,0.443
456.492,-17.507,30.963,0.000,-57.727,104.355,5.039,2.212,-0.221,0.612
456.498,-9.318,24.108,0.000,-55.230,100.276,1.300,2.525,-0.206,0.690
456.505,-1.993,16.784,0.000,-56.586,100.045,3.430,3.003,-0.189,0.373
456.512,5.331,9.460,0.000,-51.263,87.761,2.511,3.113,-0.170,0.783
456.519,13.102,2.142,0.000,-44.361,84.316,2.215,3.160,-0.151,1.269
456.525,20.423,-5.179,0.000,-37.956,76.966,2.383,3.211,-0.132,1.480
456.532,28.206,-12.503,0.000,-36.543,65.503,-0.065,3.561,-0.110,1.300
456.539,36.464,-19.830,0.000,-27.620,67.900,6.066,3.525,-0.088,1.780
456.546,43.832,-27.198,0.000,-19.523,58.742,8.045,3.484,-0.067,2.094
456.552,51.673,-34.566,0.000,-13.659,53.875,5.286,3.593,-0.046,2.138
456.559,59.041,-41.935,0.000,-9.403,48.580,6.630,3.764,-0.024,1.977
456.565,69.347,-49.602,0.000,-0.569,35.661,4.013,3.845,-0.001,2.317
456.572,77.222,-56.971,0.000,7.847,29.900,4.898,3.816,0.023,2.588
456.579,85.473,-64.193,0.000,18.647,22.395,4.367,3.675,0.045,2.934
456.585,92.842,-70.512,0.000,21.539,16.125,2.463,3.922,0.068,2.518
456.592,99.694,-76.831,0.000,29.289,15.365,4.724,3.872,0.092,2.601
456.599,106.013,-83.150,0.000,40.686,4.354,2.933,3.593,0.115,3.062
456.605,111.799,-89.469,0.000,47.938,6.135,5.232,3.512,0.136,2.988
456.612,118.118,-95.788,0.000,56.123,2.130,6.237,3.410,0.157,3.003
456.619,123.403,-100.540,0.000,63.112,-8.305,3.557,3.316,0.177,2.924
456.625,128.090,-105.227,0.000,71.287,-11.643,5.426,3.124,0.196,2.977
456.632,132.777,-109.914,0.000,81.252,-24.698,2.892,2.834,0.214,3.180
456.639,136.931,-114.601,0.000,88.860,-31.383,2.188,2.644,0.231,3.106
456.645,140.694,-118.363,0.000,91.154,-34.801,4.486,2.725,0.247,2.531
456.652,143.604,-121.274,0.000,95.302,-43.198,0.430,2.657,0.263,2.301
456.659,146.515,-124.184,0.000,101.713,-48.338,1.568,2.464,0.279,2.361
456.665,149.958,-127.095,0.000,106.847,-53.359,1.710,2.371,0.293,2.236
456.672,151.379,-128.516,0.000,110.253,-59.266,-0.219,2.262,0.307,2.022
456.679,152.476,-129.613,0.000,113.398,-62.196,1.693,2.149,0.320,1.794
456.685,153.040,-130.709,0.000,119.967,-68.073,1.914,1.819,0.332,1.926
456.692,153.908,-131.578,0.000,121.227,-73.208,1.347,1.797,0.343,1.589
456.699,153.123,-130.793,0.000,122.404,-75.050,2.408,1.690,0.350,1.276
456.705,152.338,-130.008,0.000,127.943,-78.305,4.607,1.342,0.350,1.433
456.712,152.086,-129.222,0.000,131.560,-86.063,2.240,1.129,0.350,1.416
456.718,150.527,-127.664,0.000,134.356,-89.817,4.557,0.889,0.350,1.386
456.725,147.909,-125.046,0.000,134.423,-86.180,5.801,0.742,0.350,1.005
456.732,145.291,-122.428,0.000,138.654,-91.832,4.217,0.365,0.350,1.207
456.739,142.673,-119.810,0.000,142.400,-91.757,3.202,0.015,0.350,1.193
456.745,138.741,-115.878,0.000,147.182,-96.656,4.325,-0.464,0.348,1.358
456.752,134.304,-111.440,0.000,148.344,-98.108,2.898,-0.772,0.344,1.116
456.759,129.866,-106.704,0.000,149.743,-105.919,2.327,-1.093,0.338,0.953
456.765,125.429,-102.266,0.000,151.770,-98.287,4.471,-1.449,0.330,0.894
456.772,120.509,-97.347,0.000,155.612,-97.563,4.375,-1.931,0.319,1.021
456.778,114.366,-91.204,0.000,157.792,-98.655,5.881,-2.388,0.306,0.984
456.785,108.223,-85.060,0.000,155.966,-91.378,4.725,-2.626,0.290,0.551
456.792,102.080,-78.917,0.000,156.030,-85.688,3.935,-2.967,0.272,0.406
456.799,95.936,-72.774,0.000,152.027,-79.844,3.740,-3.085,0.254,-0.047
456.805,89.671,-66.509,0.000,148.832,-79.211,5.354,-3.254,0.235,-0.340
456.812,82.347,-59.184,0.000,143.124,-75.855,3.999,-3.343,0.214,-0.804
456.819,75.022,-51.860,0.000,142.078,-71.451,2.328,-3.688,0.193,-0.697
456.825,65.598,-44.535,0.000,137.685,-66.458,4.196,-3.965,0.169,-0.923
456.832,58.273,-37.211,0.000,130.779,-62.958,5.207,-3.988,0.145,-1.299
456.839,46.993,-29.886,0.000,122.963,-56.994,5.363,-4.178,0.120,-1.711
456.846,39.668,-22.562,0.000,115.577,-51.281,5.678,-4.175,0.095,-1.994
456.852,31.377,-15.211,0.000,110.948,-45.490,7.025,-4.376,0.069,-1.914
456.859,24.008,-7.842,0.000,102.010,-37.895,9.313,-4.290,0.043,-2.249
456.866,16.639,-0.473,0.000,94.541,-33.533,5.659,-4.285,0.016,-2.466
456.872,9.270,6.896,0.000,91.608,-28.214,3.618,-4.529,-0.011,-2.154
456.879,1.901,14.265,0.000,86.587,-23.166,3.246,-4.658,-0.040,-2.056
456.886,-17.142,21.634,0.000,79.126,-20.110,4.221,-5.295,-0.069,-2.230
456.893,-23.822,28.314,0.000,69.940,-17.633,3.910,-5.157,-0.101,-2.536
456.899,-30.144,34.635,0.000,63.642,-11.089,4.569,-5.158,-0.132,-2.488
456.906,-41.836,40.957,0.000,58.683,-6.766,3.127,-5.529,-0.166,-2.325
456.913,-49.837,47.575,0.000,52.797,-2.534,4.892,-5.645,-0.200,-2.280
456.919,-56.695,53.896,0.000,44.373,3.550,8.919,-5.559,-0.234,-2.485
456.926,-62.236,59.437,0.000,37.367,8.036,5.252,-5.478,-0.269,-2.531
456.933,-66.927,64.128,0.000,29.527,15.292,2.523,-5.305,-0.302,-2.652
456.940,-71.617,68.818,0.000,21.838,19.979,3.007,-5.140,-0.334,-2.675
456.946,-76.039,73.210,0.000,11.523,27.248,3.706,-4.816,-0.350,-2.950
456.953,-80.657,77.828,0.000,0.147,34.377,3.636,-4.444,-0.350,-3.308
456.960,-83.571,80.743,0.000,-7.064,39.030,3.029,-4.208,-0.350,-3.147
456.967,-86.486,83.657,0.000,-18.023,46.835,1.916,-3.765,-0.350,-3.403
456.973,-89.131,83.761,0.000,-27.193,57.533,3.498,-3.407,-0.350,-3.406
456.980,-91.433,85.734,0.000,-35.524,68.502,4.045,-3.075,-0.350,-3.304
456.987,-92.534,86.835,0.000,-43.061,70.864,4.003,-2.721,-0.350,-3.186
456.994,-93.635,87.936,0.000,-48.958,72.168,4.340,-2.457,-0.350,-2.981
457.000,-94.188,89.037,0.000,-56.231,77.766,4.392,-2.088,-0.350,-2.882
457.007,-94.090,88.939,0.000,-64.036,84.864,3.934,-1.653,-0.350,-2.921
457.014,-93.311,88.160,0.000,-66.361,90.658,2.603,-1.482,-0.350,-2.378
457.020,-92.252,86.710,0.000,-75.329,92.225,2.331,-0.931,-0.350,-2.629
457.027,-91.471,85.930,0.000,-73.981,97.292,1.522,-0.962,-0.350,-1.891
457.034,-88.976,83.434,0.000,-77.693,103.905,1.872,-0.621,-0.350,-1.775
457.041,-86.362,79.086,0.000,-80.872,98.752,0.598,-0.302,-0.350,-1.657
457.047,-84.026,76.114,0.000,-81.697,94.526,1.038,-0.128,-0.350,-1.294
457.054,-80.983,72.345,0.000,-83.395,97.045,2.384,0.133,-0.350,-1.134
457.061,-76.549,67.911,0.000,-80.834,95.865,1.149,0.236,-0.348,-0.613
457.067,-72.116,63.477,0.000,-81.529,97.139,0.003,0.518,-0.346,-0.503
457.074,-67.682,59.043,0.000,-80.069,97.690,-0.729,0.681,-0.342,-0.261
457.081,-63.523,54.240,0.000,-75.395,93.358,0.607,0.653,-0.337,0.251
457.088,-58.273,48.817,0.000,-75.099,87.869,-0.560,0.925,-0.332,0.238
457.095,-52.132,42.676,0.000,-75.201,95.236,-0.011,1.269,-0.325,0.141
457.101,-47.300,36.901,0.000,-73.216,96.553,-0.654,1.425,-0.317,0.283
457.108,-41.159,30.760,0.000,-75.001,89.780,-0.874,1.861,-0.306,0.036
457.115,-35.018,24.619,0.000,-69.245,79.126,-1.781,1.882,-0.295,0.567
457.122,-28.901,17.014,0.000,-68.676,80.945,-1.728,2.188,-0.283,0.436
457.128,-21.576,10.059,0.000,-62.710,74.357,-2.270,2.262,-0.269,0.898
457.135,-14.252,2.734,0.000,-62.000,72.942,-2.709,2.626,-0.253,0.729
457.142,-6.928,-4.590,0.000,-58.155,69.527,-2.046,2.817,-0.237,0.885
457.149,0.151,-13.034,0.000,-55.367,59.737,-0.882,3.053,-0.219,0.907
457.155,7.475,-20.358,0.000,-49.321,42.589,-2.975,3.124,-0.200,1.226
457.162,14.318,-28.067,0.000,-45.862,49.458,0.531,3.310,-0.180,1.255
457.169,21.686,-35.435,0.000,-38.683,43.663,-0.148,3.320,-0.160,1.577
457.175,29.044,-43.960,0.000,-33.721,35.745,-2.508,3.452,-0.139,1.665
457.182,36.174,-51.725,0.000,-25.269,27.864,-3.638,3.379,-0.119,2.043
457.189,43.542,-60.310,0.000,-20.399,20.798,-4.002,3.517,-0.098,1.995
457.195,50.910,-67.678,0.000,-15.884,10.194,-6.797,3.674,-0.076,1.953
457.202,58.598,-92.177,0.000,-14.814,7.809,-5.400,4.038,-0.053,1.551
457.208,65.161,-95.643,0.000,-4.785,1.473,-4.170,3.847,-0.029,2.115
457.215,71.480,-101.962,0.000,-3.215,-7.951,-5.045,4.108,-0.005,1.759
457.222,77.799,-108.281,0.000,5.092,-23.233,-5.505,3.999,0.020,2.057
457.229,84.603,-119.829,0.000,11.017,-24.470,-2.285,4.047,0.044,2.103
457.235,90.914,-126.139,0.000,18.315,-34.761,-3.318,3.993,0.069,2.276
457.242,95.898,-130.267,0.000,23.291,-41.388,-4.340,3.993,0.093,2.200
457.249,100.838,-135.559,0.000,32.049,-50.597,-1.984,3.783,0.116,2.443
457.255,105.525,-140.246,0.000,41.498,-62.744,-3.641,3.521,0.138,2.725
457.262,110.212,-144.933,0.000,48.142,-68.344,-6.060,3.414,0.160,2.703
457.269,114.213,-147.474,0.000,54.396,-74.035,-5.380,3.290,0.180,2.591
457.275,117.123,-151.588,0.000,62.994,-84.637,-4.224,2.977,0.199,2.751
457.282,120.034,-154.498,0.000,68.582,-95.902,-6.101,2.830,0.216,2.567
457.289,122.944,-157.408,0.000,70.947,-95.377,-4.182,2.860,0.234,2.162
457.295,124.347,-158.812,0.000,78.588,-100.894,-3.397,2.517,0.250,2.309
457.302,125.444,-159.908,0.000,81.585,-108.739,-1.451,2.412,0.265,2.039
457.309,126.541,-162.854,0.000,85.490,-117.220,-2.888,2.258,0.279,1.899
457.315,127.390,-163.704,0.000,90.046,-118.574,-3.950,2.054,0.292,1.843
457.322,126.605,-163.547,0.000,97.394,-121.000,-2.807,1.607,0.303,2.071
457.329,125.820,-162.762,0.000,98.249,-124.722,-4.849,1.516,0.312,1.621
457.336,125.035,-163.251,0.000,101.006,-127.491,-6.751,1.322,0.320,1.487
457.342,123.202,-161.675,0.000,107.324,-130.096,-7.434,0.873,0.326,1.653
457.349,120.584,-159.056,0.000,108.794,-135.528,-4.869,0.648,0.331,1.403
457.356,117.965,-156.438,0.000,110.493,-134.925,-1.593,0.411,0.334,1.206
457.362,115.347,-153.820,0.000,113.856,-139.699,-3.755,0.082,0.335,1.207
457.369,111.397,-149.870,0.000,115.203,-139.969,-5.308,-0.209,0.334,0.982
457.376,106.960,-144.792,0.000,115.517,-139.661,-3.923,-0.471,0.332,0.841
457.383,102.269,-140.355,0.000,113.206,-135.083,-2.943,-0.602,0.329,0.427
457.389,97.831,-135.917,0.000,110.070,-134.517,-4.964,-0.673,0.325,0.012
457.396,92.395,-130.981,0.000,107.796,-135.974,-6.700,-0.847,0.320,-0.238
457.403,85.046,-124.837,0.000,108.163,-138.264,-7.847,-1.271,0.313,-0.138
457.410,78.903,-118.694,0.000,104.219,-132.587,-6.195,-1.392,0.305,-0.448
457.416,70.950,-111.288,0.000,102.186,-131.978,-4.980,-1.718,0.295,-0.528
457.423,64.807,-105.145,0.000,100.624,-133.081,-3.557,-1.970,0.283,-0.571
457.430,57.467,-97.019,0.000,99.637,-134.505,-4.265,-2.319,0.270,-0.517
457.437,50.143,-89.694,0.000,96.130,-124.841,-3.582,-2.529,0.255,-0.730
457.443,41.606,-81.166,0.000,93.610,-119.881,-3.829,-2.860,0.238,-0.784
457.450,34.282,-74.441,0.000,90.911,-114.875,-5.440,-3.115,0.220,-0.797
457.457,26.957,-67.116,0.000,84.252,-110.502,-5.930,-3.151,0.201,-1.190
457.463,19.243,-58.600,0.000,78.871,-105.822,-5.162,-3.280,0.180,-1.430
457.470,11.919,-51.275,0.000,71.837,-96.415,-3.614,-3.295,0.160,-1.765
457.477,4.568,-43.924,0.000,69.574,-95.386,-4.219,-3.575,0.139,-1.513
457.484,-2.994,-35.968,0.000,63.821,-90.758,-5.218,-3.675,0.117,-1.649
457.490,-10.363,-28.017,0.000,57.082,-84.883,-5.150,-3.709,0.095,-1.842
457.497,-17.923,-21.230,0.000,47.049,-72.726,-3.894,-3.573,0.073,-2.311
457.504,-25.292,-13.861,0.000,43.426,-64.217,-5.752,-3.779,0.050,-2.079
457.510,-32.470,-6.491,0.000,33.769,-57.250,-6.251,-3.643,0.028,-2.364
457.517,-39.519,-1.003,0.000,24.023,-52.367,-4.410,-3.495,0.006,-2.709
457.524,-45.841,5.319,0.000,15.515,-41.794,-3.009,-3.375,-0.016,-2.879
457.531,-52.162,11.640,0.000,8.965,-33.677,-3.307,-3.362,-0.037,-2.816
457.537,-58.484,17.962,0.000,1.840,-28.563,-5.049,-3.318,-0.057,-2.756
457.544,-67.640,22.469,0.000,-5.226,-26.565,-6.136,-3.433,-0.078,-2.707
457.551,-73.165,27.994,0.000,-12.076,-18.690,-6.517,-3.360,-0.098,-2.648
457.558,-77.855,32.684,0.000,-17.620,-9.508,-7.738,-3.313,-0.119,-2.499
457.564,-84.798,37.985,0.000,-24.364,-2.574,-4.661,-3.324,-0.139,-2.480
457.571,-89.488,42.676,0.000,-34.353,5.556,-4.129,-3.032,-0.158,-2.792
457.578,-96.815,49.076,0.000,-39.151,13.071,-4.520,-3.172,-0.177,-2.544
457.584,-99.729,51.990,0.000,-49.544,22.698,-5.249,-2.760,-0.194,-2.933
457.591,-102.644,54.905,0.000,-56.873,26.827,-7.268,-2.517,-0.210,-2.930
457.597,-106.005,59.565,0.000,-64.634,35.182,-3.578,-2.275,-0.223,-3.107
457.602,-108.286,61.846,0.000,-70.825,42.476,-0.373,-2.060,-0.235,-3.058
457.608,-109.387,62.947,0.000,-76.906,46.530,0.135,-1.786,-0.245,-3.041
457.614,-110.488,62.303,0.000,-81.058,49.978,-1.569,-1.619,-0.254,-2.795
457.619,-111.589,63.991,0.000,-84.285,55.812,-4.403,-1.502,-0.262,-2.459
457.625,-111.467,63.869,0.000,-88.496,59.576,-6.612,-1.263,-0.269,-2.311
457.631,-110.686,63.088,0.000,-89.020,58.379,-6.817,-1.192,-0.275,-1.785
457.636,-109.905,62.308,0.000,-92.115,58.980,-5.834,-0.978,-0.280,-1.667
457.642,-109.125,61.527,0.000,-95.885,58.636,-5.284,-0.728,-0.285,-1.632
457.648,-106.602,58.416,0.000,-99.502,58.154,-4.389,-0.390,-0.287,-1.602
457.653,-103.988,55.802,0.000,-102.828,59.788,-4.031,-0.064,-0.288,-1.537
457.659,-101.374,53.188,0.000,-106.923,62.250,-2.671,0.305,-0.287,-1.602
457.665,-98.303,50.118,0.000,-109.112,64.886,-3.631,0.594,-0.285,-1.497
457.670,-93.869,45.684,0.000,-108.883,64.510,-2.881,0.826,-0.281,-1.182
457.676,-89.435,41.250,0.000,-109.890,64.844,-2.234,1.125,-0.276,-1.044
457.682,-85.002,36.816,0.000,-107.582,66.358,-2.769,1.242,-0.270,-0.597
457.688,-80.568,32.383,0.000,-106.431,64.941,-4.868,1.422,-0.264,-0.373
457.693,-74.749,27.151,0.000,-108.196,66.388,-6.330,1.840,-0.255,-0.522
457.699,-68.608,21.011,0.000,-109.469,66.178,-4.655,2.247,-0.245,-0.564
457.705,-62.468,14.870,0.000,-110.352,65.697,-3.491,2.634,-0.232,-0.536
457.710,-56.327,8.729,0.000,-109.538,64.044,-3.915,2.927,-0.217,-0.311
457.716,-50.186,2.588,0.000,-104.239,63.125,-4.631,2.973,-0.202,0.343
457.722,-43.297,-4.300,0.000,-102.743,61.768,-5.712,3.270,-0.185,0.454
457.727,-35.973,-11.625,0.000,-103.647,65.114,-6.396,3.722,-0.166,0.275
457.733,-28.649,-18.367,0.000,-101.672,61.259,-5.608,4.016,-0.146,0.450
457.739,-21.324,-25.692,0.000,-98.033,54.745,-3.720,4.219,-0.124,0.751
457.744,-14.000,-33.016,0.000,-90.880,48.739,-1.321,4.228,-0.102,1.354
457.750,-6.676,-39.194,0.000,-86.314,42.370,1.559,4.380,-0.081,1.452
457.756,0.653,-47.669,0.000,-82.381,36.277,0.451,4.567,-0.058,1.503
457.761,8.021,-55.037,0.000,-75.010,28.411,-3.068,4.567,-0.035,1.931
457.767,15.389,-62.405,0.000,-70.150,22.924,-2.369,4.705,-0.010,2.037
457.773,22.750,-71.529,0.000,-66.178,18.210,-3.866,4.891,0.014,1.974
457.778,30.108,-78.887,0.000,-62.706,11.805,-2.215,5.105,0.039,1.857
457.784,37.466,-86.245,0.000,-59.211,4.019,-1.872,5.317,0.066,1.781
457.789,44.661,-93.439,0.000,-52.055,-4.025,2.162,5.319,0.093,2.168
457.795,50.980,-99.165,0.000,-44.033,-12.765,5.192,5.226,0.120,2.578
457.801,57.299,-105.484,0.000,-34.755,-23.338,1.250,5.063,0.147,3.016
457.806,63.618,-111.803,0.000,-26.340,-29.731,-0.051,4.948,0.173,3.182
457.812,69.937,-118.715,0.000,-23.365,-34.893,-0.875,5.132,0.198,2.724
457.817,76.256,-123.854,0.000,-20.953,-38.812,-0.340,5.346,0.225,2.314
457.823,80.966,-128.563,0.000,-14.591,-46.279,1.255,5.256,0.252,2.451
457.829,85.653,-126.113,0.000,-5.450,-54.029,0.180,5.011,0.278,2.896
457.834,90.340,-128.291,0.000,1.650,-64.836,0.210,4.878,0.303,3.041
457.840,95.027,-136.005,0.000,9.052,-71.576,0.546,4.729,0.328,3.175
457.845,98.742,-139.720,0.000,13.343,-76.669,0.935,4.697,0.350,2.853
457.851,101.653,-128.421,0.000,20.028,-80.210,1.275,4.489,0.350,2.903
457.857,104.563,-131.331,0.000,26.646,-82.439,0.791,4.285,0.350,2.926
457.862,107.473,-134.242,0.000,29.778,-84.652,0.946,4.273,0.350,2.559
457.868,108.847,-135.616,0.000,32.420,-89.687,0.451,4.204,0.350,2.197
457.873,109.944,-141.083,0.000,37.503,-93.639,-1.476,3.984,0.350,2.244
457.879,111.041,-135.628,0.000,41.083,-96.845,0.171,3.848,0.350,2.137
457.884,111.860,-136.447,0.000,46.940,-101.023,0.585,3.571,0.350,2.324
457.890,111.075,-134.282,0.000,51.226,-103.110,0.226,3.292,0.350,2.251
457.896,110.290,-133.497,0.000,55.846,-106.047,1.280,2.994,0.350,2.205
457.901,109.504,-132.711,0.000,60.717,-107.704,1.517,2.683,0.350,2.178
457.907,107.898,-131.105,0.000,64.833,-108.353,1.379,2.369,0.350,2.129
457.912,105.280,-127.818,0.000,71.794,-109.862,1.492,1.842,0.350,2.320
457.918,102.662,-124.871,0.000,76.097,-110.478,1.481,1.461,0.350,2.137
457.924,100.044,-122.253,0.000,80.615,-110.190,2.199,1.069,0.350,2.057
457.929,96.064,-117.307,0.000,83.876,-110.527,3.098,0.670,0.350,1.829
457.935,91.627,-112.869,0.000,84.834,-109.044,3.664,0.374,0.350,1.454
457.941,87.189,-108.432,0.000,85.860,-106.519,2.416,0.073,0.350,1.215
457.946,82.752,-103.995,0.000,84.183,-104.097,0.896,-0.079,0.350,0.750
457.952,77.788,-97.485,0.000,80.845,-103.048,2.198,-0.168,0.350,0.244
457.957,71.645,-91.043,0.000,78.195,-100.541,3.123,-0.360,0.348,-0.061
457.963,65.501,-84.899,0.000,77.333,-98.967,3.094,-0.651,0.346,-0.083
457.969,59.358,-78.756,0.000,74.478,-99.244,2.287,-0.832,0.342,-0.347
457.974,53.215,-71.733,0.000,70.952,-96.260,2.207,-0.976,0.337,-0.650
457.980,46.919,-65.727,0.000,67.372,-94.635,3.285,-1.125,0.332,-0.900
457.985,39.594,-58.403,0.000,62.731,-90.167,3.939,-1.273,0.326,-1.196
457.991,32.270,-49.382,0.000,58.247,-87.426,4.066,-1.429,0.319,-1.395
457.996,24.945,-41.248,0.000,53.023,-85.290,3.236,-1.544,0.312,-1.619
458.002,17.621,-33.923,0.000,46.001,-80.241,1.480,-1.561,0.303,-2.011
458.008,10.296,-26.599,0.000,41.169,-76.770,-0.780,-1.698,0.295,-2.063
458.013,2.972,-18.748,0.000,37.433,-74.494,-1.694,-1.895,0.285,-2.006
458.019,-4.380,-11.397,0.000,32.254,-65.731,-0.818,-2.015,0.274,-2.157
458.025,-11.749,-4.028,0.000,28.922,-59.624,2.107,-2.237,0.263,-2.041
458.030,-19.118,3.341,0.000,26.625,-52.916,3.350,-2.516,0.250,-1.840
458.036,-26.487,10.710,0.000,21.740,-49.182,3.404,-2.653,0.237,-1.977
458.041,-33.856,18.080,0.000,18.726,-40.903,2.764,-2.892,0.222,-1.889
458.047,-41.225,26.717,0.000,13.256,-33.095,3.078,-2.996,0.207,-2.067
458.053,-47.878,33.370,0.000,9.021,-28.945,2.562,-3.129,0.190,-2.081
458.059,-54.199,39.691,0.000,1.671,-18.607,2.895,-3.073,0.174,-2.395
458.064,-60.521,46.012,0.000,-5.793,-10.528,2.851,-3.010,0.159,-2.660
458.070,-66.842,52.334,0.000,-13.657,-1.987,1.481,-2.925,0.143,-2.925
458.076,-74.806,63.747,0.000,-17.321,8.145,0.132,-3.162,0.125,-2.542
458.083,-81.215,70.405,0.000,-23.210,19.190,-0.398,-3.190,0.106,-2.441
458.090,-85.905,75.096,0.000,-28.291,21.648,1.575,-3.169,0.086,-2.345
458.096,-95.741,80.890,0.000,-34.140,28.669,-0.024,-3.388,0.066,-2.301
458.103,-100.990,85.759,0.000,-37.915,35.554,2.706,-3.469,0.046,-2.070
458.110,-107.327,90.511,0.000,-46.693,50.173,3.690,-3.335,0.026,-2.339
458.116,-110.242,93.426,0.000,-52.971,61.908,4.572,-3.150,0.006,-2.342
458.123,-113.776,96.692,0.000,-62.216,68.470,4.228,-2.836,-0.012,-2.604
458.130,-117.114,99.780,0.000,-70.278,72.114,2.696,-2.576,-0.029,-2.781
458.136,-120.910,103.214,0.000,-78.047,78.216,1.431,-2.358,-0.044,-2.786
458.143,-122.241,104.807,0.000,-89.909,87.184,2.549,-1.778,-0.055,-3.133
458.150,-123.342,105.908,0.000,-95.236,91.406,3.517,-1.546,-0.066,-2.885
458.156,-124.443,107.009,0.000,-102.324,97.715,2.941,-1.217,-0.073,-2.770
458.163,-124.291,106.857,0.000,-113.186,102.397,2.117,-0.611,-0.078,-3.136
458.170,-123.510,106.076,0.000,-120.210,108.249,1.517,-0.181,-0.080,-3.013
458.176,-126.195,108.100,0.000,-128.482,112.656,2.364,0.126,-0.080,-3.029
458.183,-125.682,107.770,0.000,-135.187,112.603,1.657,0.523,-0.078,-2.925
458.190,-123.129,105.217,0.000,-136.504,111.485,2.191,0.736,-0.074,-2.295
458.196,-120.515,102.603,0.000,-141.330,121.153,4.603,1.145,-0.068,-2.168
458.203,-118.443,100.289,0.000,-139.988,120.386,3.939,1.185,-0.061,-1.484
458.210,-115.899,97.340,0.000,-145.418,119.941,2.903,1.624,-0.052,-1.631
458.216,-111.472,92.913,0.000,-139.272,119.150,4.281,1.529,-0.042,-0.630
458.223,-107.038,88.479,0.000,-142.523,118.223,4.945,1.952,-0.031,-0.757
458.229,-102.604,84.045,0.000,-139.014,113.728,2.361,2.003,-0.020,-0.253
458.236,-100.810,79.611,0.000,-139.048,110.031,0.723,2.103,-0.007,-0.156
458.243,-95.904,73.768,0.000,-137.974,115.243,2.821,2.314,0.006,-0.019
458.249,-89.763,67.627,0.000,-133.323,115.466,1.245,2.396,0.021,0.482
458.256,-83.623,61.487,0.000,-134.890,116.014,1.534,2.820,0.036,0.193
458.262,-77.482,55.346,0.000,-132.694,114.652,2.762,3.037,0.053,0.324
458.269,-71.341,49.205,0.000,-129.993,111.062,3.792,3.226,0.072,0.495
458.275,-66.739,42.449,0.000,-127.297,105.638,1.399,3.331,0.091,0.598
458.282,-59.415,35.124,0.000,-124.514,106.277,4.707,3.580,0.113,0.729
458.289,-52.097,27.807,0.000,-115.995,100.065,3.131,3.514,0.135,1.330
458.295,-44.780,20.489,0.000,-118.129,98.095,1.789,4.034,0.159,0.806
458.302,-37.459,13.168,0.000,-111.820,97.751,4.224,4.090,0.183,1.183
458.309,-30.145,5.854,0.000,-106.087,88.085,3.605,4.177,0.209,1.415
458.316,-22.826,-1.464,0.000,-100.926,75.176,-1.302,4.295,0.235,1.576
458.322,-15.458,-8.683,0.000,-97.265,73.809,2.928,4.499,0.259,1.428
458.328,-8.090,-16.052,0.000,-90.850,66.182,4.137,4.552,0.285,1.768
458.334,-0.722,-23.420,0.000,-87.894,58.963,2.435,4.794,0.312,1.737
458.340,6.646,-30.788,0.000,-82.678,54.449,1.072,4.913,0.339,1.858
458.346,14.015,-38.156,0.000,-78.156,50.955,6.194,5.069,0.350,1.823
458.352,21.535,-45.188,0.000,-70.791,42.453,5.892,5.078,0.350,2.153
458.359,27.854,-51.507,0.000,-62.181,40.100,3.316,4.952,0.350,2.483
458.365,34.173,-57.826,0.000,-59.287,36.044,9.130,5.140,0.350,2.158
458.372,40.492,-64.145,0.000,-54.546,27.900,1.397,5.227,0.350,2.066
458.378,46.811,-70.464,0.000,-45.109,20.701,0.395,5.056,0.350,2.481
458.385,53.130,-76.783,0.000,-36.074,12.017,2.120,4.906,0.350,2.706
458.391,58.488,-81.323,0.000,-30.593,2.684,1.943,4.899,0.350,2.638
458.397,63.175,-86.010,0.000,-22.941,4.202,6.084,4.736,0.350,2.779
458.403,67.862,-90.697,0.000,-9.571,-7.014,5.878,4.259,0.350,3.458
458.409,74.160,-95.384,0.000,-6.371,-14.766,2.729,4.429,0.350,2.980
458.415,77.853,-99.077,0.000,-2.930,-16.709,4.061,4.443,0.350,2.583
458.421,80.763,-101.988,0.000,5.046,-26.830,6.245,4.164,0.350,2.717
458.428,85.792,-104.898,0.000,6.721,-40.066,2.126,4.349,0.350,2.245
458.433,88.702,-107.808,0.000,13.444,-46.052,0.752,4.139,0.350,2.369
458.439,90.053,-109.159,0.000,16.122,-46.875,6.250,4.066,0.350,2.096
458.445,91.150,-110.256,0.000,23.894,-55.160,3.031,3.699,0.350,2.400
458.451,95.794,-111.352,0.000,24.677,-61.163,1.490,3.911,0.350,1.881
458.457,96.588,-112.147,0.000,26.422,-57.177,5.113,3.859,0.350,1.625
458.463,95.803,-111.362,0.000,36.573,-63.368,4.623,3.258,0.350,2.235
458.469,95.018,-110.577,0.000,35.792,-68.892,2.223,3.257,0.350,1.654
458.476,97.562,-109.792,0.000,39.800,-67.458,3.697,3.177,0.350,1.624
458.482,96.803,-108.162,0.000,43.201,-70.946,6.534,2.948,0.350,1.512
458.488,96.028,-105.544,0.000,44.614,-76.605,4.195,2.828,0.350,1.302
458.494,93.799,-102.925,0.000,48.545,-80.298,2.075,2.489,0.350,1.363
458.500,91.181,-100.307,0.000,47.726,-72.808,6.992,2.390,0.350,0.922
458.506,87.178,-96.304,0.000,56.466,-77.674,2.363,1.689,0.350,1.553
458.512,85.297,-91.867,0.000,57.518,-77.385,3.069,1.528,0.350,1.312
458.519,81.374,-87.430,0.000,58.536,-75.592,5.310,1.256,0.350,1.091
458.525,76.937,-82.992,0.000,62.108,-79.273,6.810,0.816,0.350,1.129
458.531,71.950,-78.006,0.000,62.174,-84.723,3.537,0.538,0.350,0.868
458.537,67.451,-71.863,0.000,62.122,-78.494,4.458,0.293,0.350,0.633
458.543,61.784,-65.720,0.000,60.679,-70.500,7.530,0.061,0.350,0.301
458.549,55.640,-59.576,0.000,66.866,-73.020,2.594,-0.617,0.348,0.882
458.555,49.497,-53.433,0.000,65.126,-70.839,0.066,-0.860,0.345,0.579
458.561,43.186,-47.122,0.000,63.262,-64.977,3.348,-1.104,0.339,0.227
458.566,35.861,-39.797,0.000,61.039,-61.953,5.593,-1.385,0.331,-0.132
458.572,31.580,-32.622,0.000,57.045,-59.840,5.063,-1.401,0.324,-0.556
458.578,24.256,-25.297,0.000,56.864,-56.944,6.263,-1.793,0.315,-0.415
458.584,16.931,-17.973,0.000,53.824,-56.984,4.767,-2.029,0.305,-0.610
458.590,9.607,-10.648,0.000,48.417,-46.657,3.425,-2.135,0.294,-0.997
458.596,2.431,-3.324,0.000,41.964,-34.152,7.825,-2.174,0.282,-1.399
458.602,-4.921,4.028,0.000,37.256,-29.064,6.523,-2.320,0.269,-1.572
458.609,-12.290,11.397,0.000,34.940,-27.009,4.768,-2.598,0.254,-1.375
458.614,-19.362,18.767,0.000,30.867,-24.349,3.584,-2.763,0.240,-1.480
458.620,-26.731,26.136,0.000,24.564,-18.393,3.494,-2.821,0.227,-1.890
458.625,-34.100,33.505,0.000,17.184,-8.757,3.010,-2.821,0.213,-2.338
458.630,-41.469,40.874,0.000,9.641,-1.960,2.186,-2.811,0.199,-2.673
458.636,-48.108,47.513,0.000,2.575,6.104,1.144,-2.788,0.185,-2.885
458.641,-54.429,53.834,0.000,-2.602,11.045,3.200,-2.850,0.171,-2.801
458.647,-60.751,60.156,0.000,-9.687,19.207,6.368,-2.808,0.156,-2.976
458.652,-66.915,66.468,0.000,-14.446,23.268,7.204,-2.886,0.142,-2.849
458.658,-73.227,72.781,0.000,-18.086,28.721,7.441,-3.033,0.127,-2.593
458.663,-78.705,78.258,0.000,-22.481,33.998,9.473,-3.092,0.112,-2.477
458.668,-83.395,82.949,0.000,-26.705,38.996,8.079,-3.118,0.097,-2.333
458.674,-88.086,87.639,0.000,-32.775,46.836,6.124,-3.042,0.082,-2.400
458.679,-92.776,92.330,0.000,-39.488,55.465,3.916,-2.931,0.068,-2.541
458.684,-97.335,96.889,0.000,-44.614,62.255,2.967,-2.900,0.053,-2.497
458.690,-100.249,99.803,0.000,-49.490,69.016,1.820,-2.792,0.039,-2.431
458.695,-103.164,102.718,0.000,-53.284,70.568,0.245,-2.743,0.025,-2.272
458.701,-106.078,105.632,0.000,-59.061,76.043,2.165,-2.586,0.013,-2.348
458.706,-108.313,107.867,0.000,-61.058,79.192,2.860,-2.599,-0.000,-2.008
458.712,-109.414,108.968,0.000,-64.380,84.578,2.517,-2.477,-0.013,-1.928
458.717,-110.516,110.069,0.000,-70.530,90.792,6.346,-2.199,-0.024,-2.171
458.722,-111.617,111.170,0.000,-75.594,95.673,8.181,-1.981,-0.034,-2.204
458.728,-111.447,111.001,0.000,-78.057,100.249,4.646,-1.836,-0.043,-1.916
458.733,-110.666,110.220,0.000,-81.034,105.640,4.123,-1.630,-0.052,-1.751
458.739,-109.886,109.440,0.000,-85.701,108.733,2.073,-1.330,-0.059,-1.848
458.744,-109.105,108.659,0.000,-89.550,110.788,0.222,-1.075,-0.064,-1.809
458.750,-106.536,106.089,0.000,-95.587,119.887,0.110,-0.602,-0.068,-2.035
458.755,-103.921,103.475,0.000,-101.156,126.188,0.602,-0.152,-0.070,-2.178
458.760,-101.307,100.861,0.000,-107.619,131.143,2.000,0.347,-0.069,-2.374
458.766,-98.191,97.745,0.000,-110.999,134.681,3.451,0.704,-0.066,-2.253
458.771,-93.757,93.311,0.000,-111.977,136.623,5.011,1.002,-0.062,-1.884
458.777,-89.323,88.877,0.000,-116.086,135.903,4.507,1.472,-0.056,-1.895
458.782,-84.890,84.443,0.000,-119.584,137.279,4.843,1.908,-0.047,-1.867
458.788,-80.456,79.861,0.000,-122.284,139.325,3.849,2.301,-0.037,-1.812
458.793,-74.594,73.999,0.000,-123.434,136.056,-0.276,2.686,-0.026,-1.586
458.798,-68.453,67.858,0.000,-124.072,136.983,-0.663,3.059,-0.013,-1.274
458.803,-62.312,61.717,0.000,-120.364,136.955,-1.499,3.193,0.002,-0.650
458.808,-56.172,55.577,0.000,-117.384,129.402,1.334,3.367,0.016,-0.241
458.813,-50.031,49.436,0.000,-108.901,116.858,2.496,3.238,0.032,0.888
458.818,-43.112,42.517,0.000,-103.823,113.363,4.785,3.339,0.048,1.381
458.823,-35.788,35.193,0.000,-104.032,108.652,4.881,3.753,0.065,1.136
458.828,-28.463,27.868,0.000,-98.633,103.203,5.607,3.859,0.083,1.562
458.833,-21.139,20.544,0.000,-91.749,99.127,2.233,3.884,0.101,2.072
458.839,-13.815,13.220,0.000,-86.599,99.560,4.421,4.003,0.120,2.246
458.844,-6.490,5.895,0.000,-83.789,99.537,4.477,4.251,0.139,2.078
458.849,0.839,-1.434,0.000,-77.259,94.055,3.831,4.295,0.159,2.234
458.855,10.663,-11.258,0.000,-71.815,83.628,-0.280,4.536,0.185,2.122
458.860,18.031,-18.627,0.000,-65.204,81.543,2.643,4.578,0.206,2.453
458.866,25.400,-26.144,0.000,-57.895,78.690,6.394,4.581,0.228,2.767
458.871,32.917,-33.661,0.000,-50.219,71.565,6.744,4.572,0.250,2.797
458.876,40.285,-41.029,0.000,-39.623,60.512,2.293,4.395,0.272,3.383
458.882,47.099,-47.844,0.000,-38.876,53.104,-1.616,4.729,0.295,2.631
458.887,53.716,-54.312,0.000,-34.291,43.586,-4.439,4.840,0.318,2.478
458.894,60.035,-60.631,0.000,-31.101,44.456,4.450,5.012,0.346,2.120
458.900,66.503,-66.950,0.000,-24.904,34.458,1.779,5.027,0.350,2.322
458.906,72.822,-73.269,0.000,-20.712,31.884,3.805,5.144,0.350,2.223
458.912,79.770,-80.683,0.000,-19.376,26.251,8.730,5.453,0.350,1.787
458.919,84.457,-85.370,0.000,-14.953,16.943,8.662,5.468,0.350,1.756
458.925,89.144,-90.057,0.000,-6.662,12.575,9.543,5.269,0.350,2.169
458.932,93.831,-94.744,0.000,7.803,-0.460,1.857,4.732,0.350,3.027
458.938,98.518,-99.431,0.000,14.220,-6.680,-0.913,4.636,0.350,2.977
458.944,105.218,-106.771,0.000,28.593,-15.119,2.601,4.214,0.350,3.533
458.951,108.129,-109.682,0.000,30.942,-16.091,0.037,4.245,0.350,2.876
458.958,111.039,-112.592,0.000,40.487,-20.717,8.002,3.880,0.350,3.053
458.964,115.482,-115.663,0.000,44.422,-28.442,4.252,3.908,0.350,2.648
458.971,116.578,-116.760,0.000,47.007,-31.925,12.765,3.826,0.350,2.198
458.978,117.675,-117.857,0.000,53.237,-44.705,5.766,3.544,0.350,2.298
458.985,121.255,-119.884,0.000,55.967,-40.220,11.107,3.591,0.350,2.012
458.991,122.006,-120.794,0.000,64.806,-52.303,5.370,3.146,0.350,2.359
458.998,121.221,-120.009,0.000,71.651,-53.713,5.131,2.726,0.350,2.400
459.004,121.498,-121.067,0.000,81.987,-65.370,1.979,2.173,0.350,2.780
459.011,121.152,-120.713,0.000,94.346,-70.146,3.435,1.474,0.350,3.250
459.018,118.882,-118.442,0.000,101.978,-75.120,6.364,0.930,0.350,3.098
459.025,116.263,-115.824,0.000,100.706,-70.964,5.659,0.856,0.350,2.176
459.031,115.490,-114.781,0.000,103.936,-71.800,7.597,0.635,0.350,1.933
459.038,113.650,-111.730,0.000,104.008,-75.837,6.315,0.530,0.350,1.489
459.044,109.213,-107.293,0.000,103.925,-77.223,5.193,0.291,0.350,1.141
459.051,104.776,-102.855,0.000,105.454,-82.265,3.166,-0.037,0.350,0.952
459.058,100.338,-98.418,0.000,104.130,-93.351,-1.679,-0.209,0.349,0.597
459.064,95.901,-93.981,0.000,102.320,-86.967,2.618,-0.353,0.348,0.319
459.071,90.319,-88.398,0.000,103.566,-86.673,3.846,-0.729,0.344,0.365
459.078,84.175,-82.255,0.000,101.090,-83.218,5.673,-0.930,0.339,0.026
459.084,82.084,-79.578,0.000,98.143,-80.813,8.106,-0.883,0.334,-0.250
459.091,75.941,-73.435,0.000,96.795,-77.113,8.798,-1.147,0.328,-0.297
459.097,70.692,-67.564,0.000,90.695,-75.525,5.367,-1.100,0.322,-0.765
459.104,63.972,-60.844,0.000,85.777,-61.778,7.125,-1.199,0.314,-1.068
459.111,56.648,-53.520,0.000,83.675,-58.465,6.731,-1.486,0.306,-0.954
459.118,49.024,-46.195,0.000,78.834,-56.191,4.568,-1.640,0.296,-1.183
459.124,41.699,-38.871,0.000,74.007,-51.951,7.330,-1.777,0.286,-1.321
459.131,34.375,-31.546,0.000,73.507,-52.564,4.627,-2.152,0.273,-1.032
459.138,27.050,-24.222,0.000,65.944,-48.725,3.810,-2.139,0.260,-1.480
459.144,19.726,-16.897,0.000,66.276,-44.797,5.361,-2.560,0.245,-1.107
459.151,12.358,-9.530,0.000,64.333,-41.343,6.604,-2.859,0.229,-0.946
459.158,4.989,-2.161,0.000,58.518,-34.380,9.865,-2.944,0.211,-1.292
459.164,-2.380,5.208,0.000,59.263,-31.691,10.489,-3.390,0.191,-0.972
459.171,-5.257,11.759,0.000,51.030,-27.986,9.027,-3.096,0.171,-1.463
459.178,-12.626,19.129,0.000,48.058,-15.993,9.258,-3.338,0.150,-1.395
459.185,-18.897,26.726,0.000,43.186,-10.625,7.371,-3.415,0.130,-1.501
459.191,-25.218,33.047,0.000,31.978,-7.191,6.440,-3.146,0.110,-2.190
459.198,-29.336,38.534,0.000,30.110,-3.089,7.448,-3.270,0.090,-1.823
459.205,-35.276,44.855,0.000,25.386,1.437,4.920,-3.336,0.070,-1.820
459.212,-41.597,51.177,0.000,19.798,7.382,3.326,-3.377,0.050,-1.857
459.218,-47.534,56.927,0.000,16.725,16.881,7.129,-3.534,0.028,-1.686
459.225,-52.444,61.836,0.000,10.170,25.030,10.101,-3.444,0.007,-1.851
459.232,-57.134,66.527,0.000,5.512,28.264,9.407,-3.446,-0.014,-1.878
459.238,-61.825,71.218,0.000,-2.585,34.162,8.949,-3.258,-0.034,-2.150
459.245,-66.126,75.908,0.000,-8.829,40.743,8.679,-3.151,-0.054,-2.253
459.252,-70.449,79.842,0.000,-11.860,41.502,6.581,-3.222,-0.073,-1.933
459.258,-73.364,82.756,0.000,-19.520,51.323,8.112,-2.961,-0.092,-2.171
459.265,-75.496,85.671,0.000,-23.918,54.561,6.243,-2.837,-0.110,-2.039
459.272,-78.411,88.585,0.000,-29.739,59.280,4.442,-2.677,-0.126,-2.061
459.279,-80.008,90.182,0.000,-36.182,63.474,5.160,-2.410,-0.142,-2.161
459.285,-81.109,91.284,0.000,-40.643,69.432,6.345,-2.226,-0.156,-2.051
459.292,-82.210,92.385,0.000,-44.794,71.666,4.434,-2.058,-0.168,-1.865
459.299,-83.260,93.435,0.000,-52.877,84.861,6.095,-1.671,-0.179,-2.157
459.305,-82.480,92.654,0.000,-57.190,93.126,7.553,-1.391,-0.188,-2.046
459.312,-81.699,91.874,0.000,-61.297,94.095,6.934,-1.122,-0.196,-1.933
459.319,-80.918,91.093,0.000,-66.706,93.395,4.825,-0.782,-0.202,-1.932
459.326,-77.510,88.533,0.000,-72.035,102.935,5.070,-0.301,-0.205,-1.953
459.333,-74.896,85.919,0.000,-68.186,102.569,2.153,-0.369,-0.207,-1.103
459.339,-72.282,83.604,0.000,-73.109,104.201,3.124,0.046,-0.208,-1.318
459.346,-69.668,80.990,0.000,-70.827,106.485,5.014,0.064,-0.208,-0.806
459.353,-65.070,76.631,0.000,-73.657,104.519,2.731,0.472,-0.205,-0.824
459.359,-60.637,72.197,0.000,-73.088,102.163,1.108,0.685,-0.201,-0.566
459.366,-54.024,66.837,0.000,-73.821,105.210,3.935,1.089,-0.196,-0.521
459.373,-49.590,62.403,0.000,-75.135,101.994,2.703,1.405,-0.188,-0.496
459.379,-44.835,57.647,0.000,-73.149,105.394,0.356,1.557,-0.179,-0.205
459.386,-38.694,51.507,0.000,-71.999,102.982,0.746,1.832,-0.168,-0.051
459.393,-29.311,44.084,0.000,-69.916,94.421,-0.746,2.233,-0.155,0.143
459.399,-21.709,37.943,0.000,-64.920,87.099,-1.169,2.377,-0.141,0.561
459.406,-15.568,31.802,0.000,-61.271,89.906,0.098,2.514,-0.126,0.728
459.413,-3.115,25.322,0.000,-55.974,84.915,-0.455,2.907,-0.109,1.025
459.420,4.209,17.997,0.000,-50.488,86.419,-1.144,3.008,-0.091,1.270
459.427,12.093,9.665,0.000,-44.605,80.478,2.338,3.118,-0.072,1.485
459.433,19.417,3.016,0.000,-36.304,68.025,-1.504,3.065,-0.053,1.909
459.440,26.742,-4.308,0.000,-34.426,74.373,0.385,3.364,-0.033,1.588
459.447,34.066,-11.633,0.000,-22.685,69.589,0.699,3.121,-0.013,2.288
459.454,41.390,-19.293,0.000,-20.922,65.736,-0.717,3.427,0.007,1.899
459.460,48.735,-26.638,0.000,-14.398,63.557,-1.276,3.472,0.028,2.028
459.467,56.103,-34.006,0.000,-4.868,53.929,-1.163,3.353,0.049,2.363
459.474,59.145,-42.057,0.000,1.651,46.445,-3.126,3.162,0.068,2.359
459.480,63.000,-49.772,0.000,11.424,43.592,-0.327,2.837,0.086,2.677
459.487,67.092,-56.794,0.000,20.561,34.399,-2.017,2.559,0.103,2.871
459.494,74.461,-64.162,0.000,22.782,29.531,-1.684,2.842,0.119,2.361
459.500,80.806,-70.614,0.000,29.490,26.597,1.514,2.822,0.136,2.383
459.507,87.126,-76.933,0.000,37.408,17.336,1.810,2.734,0.153,2.541
459.514,93.894,-83.595,0.000,42.043,9.670,-0.680,2.852,0.170,2.339
459.520,100.213,-89.914,0.000,46.239,2.469,1.706,2.969,0.187,2.127
459.527,106.532,-96.580,0.000,54.047,-12.807,1.485,2.887,0.205,2.398
459.533,112.252,-102.300,0.000,57.482,-20.884,-0.785,3.012,0.224,2.183
459.540,116.939,-106.987,0.000,61.714,-25.719,-0.248,3.037,0.242,2.014
459.547,121.619,-111.667,0.000,64.733,-35.153,-0.798,3.129,0.261,1.834
459.553,126.300,-116.348,0.000,67.871,-40.974,-1.590,3.214,0.280,1.639
459.560,130.985,-121.033,0.000,72.076,-49.553,-1.446,3.240,0.300,1.610
459.567,134.030,-124.078,0.000,75.125,-56.252,-0.619,3.240,0.319,1.495
459.573,136.940,-126.988,0.000,79.402,-62.135,-0.891,3.165,0.338,1.504
459.580,139.850,-129.552,0.000,86.130,-62.787,1.450,2.955,0.350,1.731
459.587,142.353,-132.054,0.000,95.048,-71.584,2.067,2.602,0.350,2.174
459.593,143.904,-132.808,0.000,98.258,-73.659,1.659,2.510,0.350,1.950
459.600,145.001,-133.905,0.000,108.230,-76.810,2.262,2.022,0.350,2.362
459.607,146.556,-134.662,0.000,113.382,-83.804,1.944,1.825,0.350,2.279
459.613,146.664,-134.770,0.000,121.126,-90.792,-0.232,1.405,0.350,2.361
459.620,145.879,-133.985,0.000,126.954,-92.271,0.979,1.041,0.350,2.286
459.627,145.557,-133.200,0.000,134.408,-96.984,1.438,0.613,0.350,2.438
459.633,144.772,-132.415,0.000,136.153,-98.885,-0.036,0.474,0.350,2.002
459.640,142.474,-130.117,0.000,140.992,-96.633,2.247,0.081,0.350,1.948
459.647,139.855,-127.498,0.000,143.613,-94.096,4.089,-0.207,0.349,1.723
459.653,137.237,-124.880,0.000,145.117,-97.225,3.517,-0.433,0.347,1.414
459.660,134.390,-122.033,0.000,146.528,-99.497,2.560,-0.668,0.343,1.175
459.667,129.953,-117.596,0.000,149.775,-99.981,1.865,-1.090,0.337,1.181
459.674,125.515,-113.158,0.000,148.992,-102.023,1.531,-1.291,0.330,0.833
459.680,121.078,-108.721,0.000,146.945,-103.267,1.439,-1.423,0.322,0.448
459.687,116.641,-103.286,0.000,145.918,-102.145,2.068,-1.610,0.312,0.204
459.694,111.032,-97.678,0.000,146.274,-102.991,5.000,-1.938,0.301,0.172
459.700,104.889,-91.534,0.000,143.575,-102.138,7.343,-2.128,0.289,-0.104
459.707,98.746,-85.391,0.000,141.527,-101.033,4.642,-2.353,0.274,-0.316
459.714,92.140,-78.922,0.000,141.078,-99.461,0.834,-2.692,0.258,-0.302
459.720,85.996,-72.779,0.000,136.973,-97.440,4.134,-2.804,0.242,-0.560
459.727,77.893,-66.037,0.000,131.734,-96.916,7.289,-2.961,0.225,-0.890
459.734,70.568,-59.038,0.000,129.413,-91.316,5.573,-3.236,0.205,-0.925
459.741,63.244,-51.714,0.000,127.007,-84.917,4.229,-3.507,0.185,-0.896
459.747,55.919,-44.389,0.000,122.603,-76.041,4.041,-3.668,0.163,-1.071
459.754,45.576,-36.417,0.000,119.949,-73.987,4.807,-4.091,0.138,-1.091
459.761,38.251,-29.092,0.000,114.831,-66.914,2.856,-4.212,0.112,-1.293
459.767,26.974,-21.768,0.000,110.092,-59.464,2.754,-4.571,0.085,-1.433
459.774,18.137,-14.399,0.000,105.873,-55.892,5.169,-4.825,0.057,-1.469
459.781,10.768,-7.030,0.000,99.199,-53.119,6.055,-4.864,0.027,-1.698
459.787,-0.658,1.285,0.000,91.645,-46.719,5.104,-5.077,-0.002,-1.961
459.794,-8.027,8.654,0.000,82.786,-39.453,5.533,-4.995,-0.033,-2.299
459.801,-15.396,16.024,0.000,77.995,-32.867,3.949,-5.136,-0.065,-2.169
459.808,-22.700,23.328,0.000,68.490,-20.858,2.780,-5.015,-0.096,-2.493
459.814,-41.628,29.650,0.000,59.128,-18.301,3.110,-5.542,-0.130,-2.770
459.821,-48.703,35.971,0.000,51.372,-12.481,1.854,-5.504,-0.164,-2.806
459.828,-55.024,42.292,0.000,41.793,-6.367,2.164,-5.325,-0.197,-3.009
459.835,-64.304,48.614,0.000,33.367,-0.006,2.552,-5.372,-0.229,-3.042
459.841,-70.626,54.935,0.000,23.933,7.079,2.313,-5.201,-0.258,-3.226
459.847,-75.509,59.818,0.000,13.516,11.232,3.987,-4.896,-0.286,-3.426
459.854,-81.798,64.508,0.000,3.930,14.896,7.215,-4.715,-0.315,-3.454
459.860,-86.489,69.199,0.000,-6.610,23.240,7.030,-4.393,-0.343,-3.585
459.867,-93.462,73.577,0.000,-16.510,31.174,3.885,-4.232,-0.350,-3.616
459.874,-97.813,77.482,0.000,-26.029,38.801,0.431,-3.948,-0.350,-3.599
459.880,-100.728,80.396,0.000,-34.846,46.108,-0.104,-3.624,-0.350,-3.556
459.886,-103.642,83.311,0.000,-42.342,51.570,1.277,-3.372,-0.350,-3.407
459.892,-107.003,86.225,0.000,-50.520,57.193,0.655,-3.107,-0.350,-3.451
459.897,-108.570,87.792,0.000,-60.325,64.283,0.877,-2.654,-0.350,-3.603
459.903,-109.671,88.893,0.000,-65.955,69.518,0.422,-2.404,-0.350,-3.317
459.909,-110.773,89.994,0.000,-73.592,73.790,0.138,-2.045,-0.350,-3.300
459.914,-111.792,91.013,0.000,-76.620,79.935,1.969,-1.934,-0.350,-2.792
459.920,-111.011,90.233,0.000,-79.659,81.988,3.847,-1.724,-0.350,-2.386
459.926,-110.230,89.136,0.000,-81.045,83.726,5.174,-1.605,-0.350,-1.925
459.931,-109.449,88.356,0.000,-82.607,87.549,5.805,-1.476,-0.350,-1.600
459.937,-108.038,86.944,0.000,-84.289,88.049,3.705,-1.306,-0.350,-1.377
459.943,-105.424,84.011,0.000,-86.396,88.893,2.017,-1.047,-0.350,-1.281
459.948,-102.810,81.397,0.000,-88.123,88.885,-0.196,-0.808,-0.350,-1.165
459.954,-100.196,78.135,0.000,-89.796,89.993,-2.273,-0.572,-0.350,-1.088
459.960,-96.409,74.348,0.000,-92.495,90.974,-0.590,-0.215,-0.350,-1.151
459.965,-92.124,69.253,0.000,-94.959,93.217,-0.587,0.156,-0.350,-1.165
459.971,-87.690,64.819,0.000,-96.776,93.366,2.969,0.500,-0.348,-1.108
459.977,-83.256,60.385,0.000,-94.078,92.693,2.509,0.595,-0.345,-0.539
459.983,-78.472,54.926,0.000,-93.057,93.022,1.961,0.802,-0.341,-0.294
459.988,-72.332,48.785,0.000,-92.662,92.277,0.430,1.118,-0.336,-0.125
459.994,-66.191,42.644,0.000,-94.999,92.157,-0.567,1.584,-0.328,-0.280
459.999,-60.050,36.843,0.000,-95.314,89.303,-1.945,1.940,-0.318,-0.157
460.005,-53.909,30.703,0.000,-94.116,87.445,-1.449,2.211,-0.307,0.083
460.011,-47.738,24.531,0.000,-92.878,81.265,-1.476,2.483,-0.294,0.249
460.017,-40.414,17.207,0.000,-92.329,80.255,-1.367,2.855,-0.279,0.247
460.022,-33.090,9.543,0.000,-92.754,80.056,0.847,3.282,-0.263,0.127
460.028,-25.765,2.219,0.000,-89.985,78.367,4.085,3.532,-0.246,0.409
460.034,-18.441,-5.106,0.000,-88.302,72.158,3.467,3.842,-0.226,0.489
460.039,-11.117,-12.430,0.000,-85.824,66.350,3.739,4.109,-0.206,0.622
460.045,-3.792,-20.097,0.000,-79.321,58.241,2.524,4.154,-0.184,1.207
460.051,3.553,-27.443,0.000,-75.149,52.461,1.080,4.329,-0.162,1.439
460.056,10.922,-34.811,0.000,-67.947,46.065,-1.061,4.338,-0.140,1.933
460.062,18.290,-42.179,0.000,-63.607,44.785,1.734,4.504,-0.117,1.948
460.067,25.658,-49.548,0.000,-58.019,40.818,4.508,4.602,-0.094,2.067
460.073,33.026,-56.233,0.000,-53.845,30.752,3.245,4.778,-0.071,1.937
460.078,40.394,-63.601,0.000,-47.115,20.223,2.038,4.813,-0.047,2.172
460.084,47.172,-70.379,0.000,-40.247,11.997,0.564,4.808,-0.022,2.444
460.090,53.491,-76.698,0.000,-33.764,5.574,0.943,4.799,0.002,2.606
460.095,59.810,-83.017,0.000,-23.770,-3.229,-0.885,4.597,0.026,3.152
460.101,66.129,-89.336,0.000,-18.620,-4.443,1.578,4.661,0.051,2.952
460.107,72.448,-95.655,0.000,-11.087,-10.307,0.777,4.594,0.074,2.964
460.112,78.141,-102.378,0.000,-2.501,-18.713,-1.266,4.435,0.096,3.171
460.118,82.828,-107.065,0.000,3.287,-25.355,-1.258,4.375,0.119,3.073
460.123,87.509,-111.398,0.000,9.187,-31.475,-0.504,4.308,0.141,2.948
460.129,92.193,-117.492,0.000,14.055,-38.300,0.533,4.298,0.163,2.779
460.134,96.880,-124.026,0.000,19.812,-44.331,-0.430,4.239,0.184,2.678
460.140,99.894,-127.039,0.000,23.078,-47.866,1.424,4.225,0.205,2.366
460.146,102.804,-130.715,0.000,28.793,-53.140,3.068,4.071,0.226,2.297
460.151,105.714,-134.804,0.000,33.983,-58.655,4.369,3.945,0.245,2.222
460.157,108.185,-137.275,0.000,40.103,-60.966,3.805,3.744,0.264,2.319
460.162,109.281,-138.371,0.000,46.302,-66.308,3.050,3.464,0.283,2.475
460.168,110.527,-142.797,0.000,50.885,-73.886,-0.430,3.280,0.300,2.397
460.173,111.623,-143.894,0.000,57.832,-78.557,-1.265,2.959,0.315,2.586
460.179,111.698,-143.968,0.000,62.191,-80.335,1.992,2.723,0.329,2.392
460.185,111.359,-155.509,0.000,68.117,-85.176,3.036,2.378,0.343,2.381
460.191,110.723,-158.164,0.000,72.879,-94.671,1.454,2.081,0.350,2.246
460.198,109.938,-157.379,0.000,79.225,-105.491,-0.500,1.689,0.350,2.272
460.205,107.905,-156.240,0.000,81.461,-103.738,1.112,1.454,0.350,1.901
460.211,105.287,-153.622,0.000,87.585,-109.856,-0.826,0.974,0.350,2.024
460.218,102.968,-151.608,0.000,87.990,-117.053,0.101,0.824,0.350,1.560
460.225,100.088,-148.728,0.000,94.980,-117.236,3.585,0.281,0.350,1.835
460.232,95.651,-144.291,0.000,97.167,-119.126,5.693,-0.083,0.350,1.625
460.238,91.213,-139.853,0.000,97.096,-124.631,3.755,-0.324,0.348,1.206
460.245,87.378,-136.643,0.000,99.390,-127.009,2.823,-0.661,0.345,1.106
460.252,82.941,-132.206,0.000,97.461,-129.106,2.109,-0.799,0.340,0.679
460.258,77.302,-126.567,0.000,95.392,-130.950,1.141,-0.995,0.335,0.348
460.265,71.159,-120.423,0.000,92.535,-127.505,0.397,-1.176,0.328,-0.009
460.272,65.016,-114.280,0.000,93.829,-127.714,0.786,-1.585,0.319,0.081
460.279,58.872,-108.137,0.000,89.763,-127.485,2.338,-1.699,0.309,-0.298
460.286,53.032,-105.818,0.000,87.583,-129.273,2.363,-1.900,0.297,-0.455
460.292,46.269,-99.055,0.000,85.901,-126.892,3.611,-2.180,0.285,-0.504
460.299,39.097,-93.725,0.000,79.923,-121.349,2.045,-2.245,0.271,-1.005
460.305,31.772,-86.401,0.000,78.464,-116.534,0.357,-2.568,0.258,-0.864
460.311,24.448,-79.076,0.000,73.585,-110.316,-0.987,-2.703,0.244,-1.092
460.317,17.123,-71.752,0.000,67.898,-104.054,0.335,-2.793,0.229,-1.382
460.323,9.799,-68.589,0.000,62.841,-98.595,1.397,-2.917,0.212,-1.585
460.330,2.474,-60.555,0.000,59.768,-92.278,0.408,-3.151,0.195,-1.505
460.336,-4.895,-53.186,0.000,55.303,-86.542,0.417,-3.311,0.176,-1.588
460.342,-12.568,-48.696,0.000,45.883,-77.203,-0.001,-3.215,0.158,-2.174
460.349,-19.937,-41.327,0.000,43.318,-70.785,-0.006,-3.479,0.137,-1.899
460.355,-27.306,-33.958,0.000,35.086,-65.053,1.739,-3.432,0.117,-2.115
460.362,-34.827,-25.859,0.000,24.963,-58.513,3.032,-3.288,0.096,-2.551
460.369,-42.264,-19.303,0.000,19.340,-52.882,1.500,-3.388,0.076,-2.456
460.375,-48.585,-12.981,0.000,12.651,-47.570,1.235,-3.368,0.055,-2.486
460.382,-54.906,-6.660,0.000,6.467,-43.676,-1.422,-3.376,0.035,-2.447
460.388,-61.228,-0.339,0.000,-1.246,-44.550,1.516,-3.299,0.016,-2.570
460.395,-67.549,5.983,0.000,-8.980,-40.990,-1.280,-3.221,-0.004,-2.671
460.401,-75.218,-2.897,0.000,-12.331,-39.944,0.227,-3.459,-0.024,-2.373
460.408,-80.071,1.083,0.000,-20.029,-32.511,-0.016,-3.302,-0.044,-2.537
460.414,-84.761,5.773,0.000,-23.795,-28.491,1.695,-3.353,-0.063,-2.266
460.421,-89.749,10.464,0.000,-31.651,-20.534,0.994,-3.195,-0.082,-2.418
460.426,-94.440,16.028,0.000,-38.300,-13.414,1.680,-3.088,-0.097,-2.520
460.432,-98.312,19.900,0.000,-46.661,-8.898,1.991,-2.841,-0.112,-2.800
460.437,-101.227,22.815,0.000,-53.041,-2.857,2.185,-2.650,-0.126,-2.791
460.443,-104.290,27.454,0.000,-59.580,0.267,-1.271,-2.459,-0.138,-2.785
460.449,-107.205,30.368,0.000,-66.127,7.318,-1.146,-2.259,-0.150,-2.792
460.454,-108.739,34.433,0.000,-70.415,13.429,-1.111,-2.108,-0.161,-2.553
460.460,-109.840,35.534,0.000,-75.755,16.789,-0.999,-1.875,-0.171,-2.485
460.466,-110.941,36.635,0.000,-79.653,22.140,0.316,-1.721,-0.180,-2.289
460.471,-111.926,37.620,0.000,-83.651,24.994,0.327,-1.555,-0.189,-2.134
460.477,-111.146,41.701,0.000,-86.878,25.665,0.570,-1.335,-0.196,-1.947
460.482,-110.365,41.705,0.000,-89.947,28.513,0.377,-1.123,-0.202,-1.789
460.488,-109.584,40.925,0.000,-94.500,32.548,-0.491,-0.830,-0.206,-1.829
460.494,-108.140,39.480,0.000,-98.050,35.586,-1.274,-0.555,-0.210,-1.755
460.499,-105.526,40.686,0.000,-103.670,42.311,0.482,-0.102,-0.211,-1.923
460.505,-102.911,39.552,0.000,-108.250,47.124,1.273,0.294,-0.210,-1.943
460.511,-100.297,39.107,0.000,-110.647,50.594,2.108,0.569,-0.208,-1.726
460.516,-96.478,35.288,0.000,-110.429,49.127,2.620,0.767,-0.204,-1.306
460.522,-92.050,31.570,0.000,-110.032,49.628,2.801,0.989,-0.200,-0.984
460.528,-87.621,31.264,0.000,-109.968,48.449,2.062,1.229,-0.194,-0.736
460.533,-83.187,26.830,0.000,-109.410,49.092,0.520,1.442,-0.186,-0.452
460.539,-78.376,23.343,0.000,-110.888,46.209,-0.886,1.788,-0.177,-0.455
460.545,-72.235,17.202,0.000,-110.940,46.082,-2.804,2.129,-0.167,-0.354
460.551,-66.095,17.316,0.000,-111.074,45.114,-3.152,2.474,-0.156,-0.351
460.556,-59.954,11.176,0.000,-110.161,44.529,-2.390,2.761,-0.142,-0.221
460.562,-53.813,5.035,0.000,-110.082,43.744,-0.404,3.095,-0.127,-0.173
460.567,-47.624,0.026,0.000,-111.528,45.435,2.412,3.515,-0.110,-0.285
460.573,-40.299,-7.299,0.000,-110.237,41.867,5.389,3.847,-0.091,-0.066
460.579,-32.975,-14.623,0.000,-105.341,35.617,5.393,3.980,-0.070,0.486
460.585,-25.650,-21.947,0.000,-102.895,31.507,3.506,4.248,-0.048,0.576
460.590,-18.326,-21.116,0.000,-100.400,33.294,-0.231,4.514,-0.026,0.661
460.596,-11.002,-26.949,0.000,-94.598,30.027,0.449,4.598,-0.003,1.080
460.601,-3.677,-34.274,0.000,-88.811,26.702,1.038,4.682,0.021,1.453
460.607,3.669,-41.620,0.000,-81.536,20.874,2.749,4.686,0.044,1.899
460.613,11.037,-48.988,0.000,-71.781,13.048,1.328,4.555,0.067,2.486
460.618,18.405,-56.356,0.000,-65.711,9.091,1.012,4.626,0.090,2.541
460.624,25.773,-63.724,0.000,-59.995,3.002,-0.956,4.717,0.115,2.520
460.629,33.142,-71.093,0.000,-53.291,-2.717,-0.289,4.754,0.138,2.596
460.635,40.510,-78.461,0.000,-49.694,-4.360,2.316,4.961,0.163,2.346
460.640,47.271,-85.222,0.000,-44.718,-5.937,3.942,5.059,0.188,2.300
460.646,53.590,-91.541,0.000,-41.792,-6.478,5.351,5.246,0.213,2.025
460.651,59.909,-81.793,0.000,-36.566,-8.021,5.599,5.306,0.240,2.107
460.657,66.228,-88.112,0.000,-29.765,-16.792,2.758,5.280,0.267,2.348
460.663,72.547,-94.431,0.000,-24.097,-21.504,0.085,5.315,0.294,2.332
460.668,78.215,-99.142,0.000,-14.627,-26.824,-4.534,5.106,0.320,2.734
460.674,82.902,-103.829,0.000,-9.561,-29.437,-0.970,5.085,0.346,2.620
460.679,87.589,-108.516,0.000,-0.941,-36.090,2.165,4.869,0.350,2.883
460.685,92.276,-111.973,0.000,9.785,-46.050,2.354,4.537,0.350,3.390
460.691,96.963,-116.660,0.000,13.699,-54.063,0.529,4.580,0.350,3.059
460.696,99.945,-119.046,0.000,16.510,-59.371,2.595,4.589,0.350,2.626
460.702,102.855,-121.957,0.000,22.597,-65.518,2.386,4.414,0.350,2.616
460.707,105.765,-124.574,0.000,26.000,-69.885,1.364,4.387,0.350,2.316
460.713,108.204,-127.012,0.000,30.161,-73.370,3.062,4.292,0.350,2.196
460.718,109.300,-128.109,0.000,36.894,-77.642,4.034,3.982,0.350,2.379
460.723,110.396,-129.204,0.000,45.334,-84.500,3.822,3.578,0.350,2.657
460.729,111.492,-130.010,0.000,52.121,-89.927,3.638,3.265,0.350,2.777
460.734,111.537,-130.055,0.000,59.139,-96.163,4.129,2.882,0.350,2.941
460.740,110.752,-129.270,0.000,65.942,-102.324,3.326,2.465,0.350,3.059
460.745,109.967,-128.775,0.000,72.515,-106.551,3.129,2.060,0.350,3.054
460.751,109.182,-127.700,0.000,74.066,-110.032,0.170,1.931,0.350,2.489
460.756,106.822,-125.340,0.000,77.404,-110.474,-1.143,1.618,0.350,2.285
460.762,104.203,-122.722,0.000,75.384,-105.630,2.877,1.585,0.350,1.488
460.768,101.585,-120.103,0.000,76.305,-106.109,2.289,1.390,0.350,1.173
460.773,98.677,-117.195,0.000,74.641,-104.743,3.726,1.322,0.350,0.666
460.779,94.239,-112.758,0.000,71.439,-101.097,4.352,1.254,0.350,0.096
460.784,89.802,-106.371,0.000,72.156,-101.402,3.533,0.971,0.350,0.138
460.790,85.365,-101.934,0.000,72.681,-103.236,1.526,0.698,0.350,0.193
460.796,80.927,-97.230,0.000,74.624,-101.396,1.444,0.347,0.350,0.396
460.801,75.262,-91.564,0.000,75.269,-99.750,1.108,-0.000,0.350,0.389
460.807,69.118,-85.157,0.000,76.854,-99.209,2.041,-0.425,0.349,0.474
460.812,62.975,-79.013,0.000,74.743,-94.301,3.322,-0.647,0.345,0.107
460.818,56.832,-72.870,0.000,74.675,-89.665,4.557,-0.981,0.341,-0.001
460.824,50.689,-66.991,0.000,74.398,-87.575,4.973,-1.304,0.334,-0.105
460.829,43.907,-59.945,0.000,75.049,-84.955,3.593,-1.713,0.326,-0.041
460.835,36.582,-52.620,0.000,72.913,-82.895,3.563,-1.998,0.316,-0.239
460.841,29.258,-45.296,0.000,69.514,-80.320,1.874,-2.214,0.305,-0.535
460.846,21.933,-37.971,0.000,67.085,-77.453,0.717,-2.483,0.293,-0.632
460.852,14.609,-30.647,0.000,64.649,-75.744,-0.327,-2.752,0.280,-0.692
460.858,7.284,-23.322,0.000,62.488,-74.215,-0.249,-3.036,0.265,-0.752
460.863,-0.041,-15.997,0.000,57.296,-71.169,-2.465,-3.154,0.249,-1.132
460.869,-7.410,-8.628,0.000,50.315,-64.154,-2.823,-3.175,0.233,-1.611
460.875,-14.779,-1.259,0.000,42.312,-54.774,-1.229,-3.140,0.216,-2.090
460.880,-22.148,6.110,0.000,33.672,-48.534,1.148,-3.070,0.200,-2.529
460.886,-29.517,13.479,0.000,24.860,-36.527,2.679,-2.991,0.185,-2.876
460.892,-36.886,20.848,0.000,17.627,-26.599,3.696,-2.998,0.170,-2.982
460.897,-44.156,28.118,0.000,9.886,-18.257,4.490,-2.972,0.154,-3.140
460.903,-50.477,34.439,0.000,3.279,-14.182,2.747,-2.957,0.139,-3.126
460.909,-56.799,41.022,0.000,0.642,-9.479,1.826,-3.159,0.123,-2.650
460.914,-63.120,47.082,0.000,-4.256,-4.085,1.694,-3.238,0.106,-2.551
460.920,-69.441,53.403,0.000,-10.405,5.191,1.019,-3.247,0.090,-2.601
460.926,-75.763,59.725,0.000,-16.216,13.505,2.940,-3.275,0.073,-2.596
460.931,-80.591,64.288,0.000,-25.550,21.560,3.224,-3.027,0.057,-2.924
460.937,-85.281,68.979,0.000,-31.609,30.059,3.901,-2.952,0.042,-2.816
460.943,-89.972,74.195,0.000,-38.842,37.634,2.708,-2.812,0.028,-2.850
460.948,-94.662,78.886,0.000,-44.702,42.158,3.415,-2.748,0.014,-2.746
460.954,-98.507,82.730,0.000,-50.240,50.672,3.408,-2.655,0.000,-2.640
460.960,-101.421,85.645,0.000,-55.899,55.851,3.002,-2.504,-0.013,-2.610
460.965,-104.336,88.818,0.000,-59.496,59.604,2.052,-2.466,-0.025,-2.365
460.971,-107.250,91.733,0.000,-62.555,62.980,0.501,-2.458,-0.038,-2.131
460.976,-108.756,93.238,0.000,-68.066,68.326,-1.058,-2.238,-0.050,-2.258
460.982,-109.857,94.340,0.000,-75.094,76.357,-1.393,-1.912,-0.061,-2.512
460.988,-110.958,95.441,0.000,-80.922,81.200,-0.385,-1.652,-0.071,-2.598
460.994,-111.914,96.396,0.000,-85.579,88.770,2.412,-1.448,-0.079,-2.500
460.999,-111.133,95.616,0.000,-91.219,90.650,3.927,-1.095,-0.085,-2.546
461.005,-110.353,95.345,0.000,-95.223,96.320,3.296,-0.832,-0.090,-2.364
461.011,-109.572,94.564,0.000,-98.396,95.609,2.363,-0.615,-0.094,-2.154
461.016,-108.099,93.091,0.000,-100.773,94.246,1.291,-0.403,-0.096,-1.869
461.022,-105.485,90.728,0.000,-108.170,95.595,-0.265,0.148,-0.097,-2.222
461.028,-102.870,88.852,0.000,-115.433,98.455,-0.410,0.691,-0.094,-2.471
461.033,-100.256,86.238,0.000,-119.825,101.740,-1.160,1.076,-0.089,-2.381
461.039,-96.408,82.390,0.000,-121.795,103.803,2.354,1.396,-0.083,-2.030
461.045,-91.974,78.906,0.000,-124.042,105.477,4.348,1.764,-0.075,-1.772
461.050,-87.541,74.472,0.000,-123.344,107.377,3.314,1.969,-0.065,-1.273
461.056,-83.107,70.039,0.000,-120.888,108.726,4.623,2.078,-0.055,-0.705
461.061,-78.266,65.197,0.000,-118.988,105.692,3.990,2.240,-0.044,-0.312
461.067,-72.125,60.632,0.000,-118.559,103.651,2.410,2.554,-0.031,-0.198
461.073,-65.984,54.491,0.000,-117.021,103.593,-0.183,2.807,-0.017,0.011
461.079,-59.843,48.351,0.000,-111.518,102.732,0.442,2.842,-0.002,0.644
461.084,-53.703,42.426,0.000,-106.831,102.607,0.038,2.922,0.012,0.951
461.090,-47.492,36.215,0.000,-103.756,102.217,1.969,3.095,0.027,1.011
461.095,-40.167,28.891,0.000,-100.136,98.800,3.031,3.298,0.044,1.183
461.101,-32.843,21.567,0.000,-98.553,93.658,1.769,3.614,0.062,1.033
461.107,-25.519,14.669,0.000,-97.369,93.218,3.507,3.952,0.081,0.896
461.112,-18.194,7.345,0.000,-91.774,88.220,1.608,4.047,0.100,1.308
461.117,-10.870,0.021,0.000,-90.063,84.851,1.626,4.356,0.119,1.205
461.122,-3.546,-7.304,0.000,-87.256,80.694,2.122,4.604,0.140,1.269
461.127,3.801,-14.025,0.000,-84.251,75.396,1.241,4.843,0.162,1.332
461.132,11.170,-21.394,0.000,-78.438,68.743,4.273,4.928,0.186,1.614
461.138,18.538,-28.762,0.000,-70.169,58.307,2.873,4.879,0.211,2.147
461.143,25.906,-35.322,0.000,-67.550,51.331,3.980,5.140,0.236,1.977
461.149,33.274,-42.690,0.000,-66.479,41.131,3.360,5.486,0.263,1.637
461.155,40.643,-50.059,0.000,-63.519,39.732,5.594,5.729,0.293,1.583
461.160,47.385,-56.214,0.000,-58.394,36.531,7.445,5.818,0.322,1.753
461.166,53.704,-61.773,0.000,-49.644,30.554,7.736,5.684,0.350,2.256
461.171,60.023,-68.092,0.000,-37.809,19.204,4.494,5.381,0.350,3.119
461.177,66.342,-74.411,0.000,-33.910,9.079,0.376,5.514,0.350,2.827
461.182,72.661,-80.730,0.000,-25.871,5.203,-1.425,5.419,0.350,3.038
461.188,78.299,-86.368,0.000,-19.545,6.130,4.875,5.381,0.350,2.983
461.194,82.986,-91.055,0.000,-10.714,-3.124,5.610,5.153,0.350,3.183
461.199,87.673,-95.742,0.000,-4.122,-13.088,4.280,5.049,0.350,3.211
461.205,92.360,-99.693,0.000,3.790,-19.669,2.123,4.871,0.350,3.341
461.211,97.047,-104.380,0.000,9.676,-15.032,4.689,4.805,0.350,3.239
461.216,99.997,-107.330,0.000,14.330,-13.963,10.432,4.712,0.350,2.963
461.222,102.905,-110.238,0.000,21.443,-23.882,6.815,4.480,0.350,2.978
461.227,105.812,-112.965,0.000,26.366,-31.714,2.067,4.370,0.350,2.843
461.233,108.221,-115.375,0.000,27.640,-35.614,0.444,4.432,0.350,2.276
461.238,109.318,-116.652,0.000,33.814,-39.166,-0.370,4.153,0.350,2.410
461.244,110.415,-117.568,0.000,42.736,-40.353,3.577,3.722,0.350,2.779
461.250,111.512,-118.665,0.000,48.920,-48.586,3.236,3.443,0.350,2.791
461.255,111.523,-118.856,0.000,52.185,-54.910,2.515,3.264,0.350,2.496
461.261,110.738,-118.071,0.000,56.068,-62.249,2.300,3.007,0.350,2.315
461.266,109.953,-117.106,0.000,59.718,-66.778,4.736,2.763,0.350,2.155
461.272,109.167,-116.321,0.000,63.058,-67.228,7.448,2.536,0.350,1.969
461.278,106.774,-113.928,0.000,68.865,-73.805,6.406,2.085,0.350,2.104
461.283,104.156,-111.309,0.000,73.904,-80.017,4.690,1.664,0.350,2.194
461.289,101.538,-108.691,0.000,73.909,-80.353,1.256,1.520,0.350,1.640
461.295,98.597,-105.750,0.000,73.655,-77.597,0.239,1.372,0.350,1.193
461.300,94.159,-101.313,0.000,73.176,-77.647,2.615,1.154,0.350,0.772
461.306,89.722,-96.875,0.000,74.734,-80.085,5.265,0.824,0.350,0.671
461.311,85.285,-92.438,0.000,75.174,-81.191,7.856,0.556,0.350,0.494
461.317,80.847,-88.001,0.000,79.377,-84.362,4.586,0.081,0.350,0.895
461.323,75.151,-82.304,0.000,81.886,-84.013,2.790,-0.370,0.349,0.990
461.328,69.008,-76.341,0.000,84.171,-87.349,-0.629,-0.834,0.346,0.991
461.334,62.865,-70.198,0.000,81.892,-79.094,0.537,-1.047,0.340,0.447
461.340,56.721,-64.055,0.000,80.878,-72.959,2.741,-1.329,0.334,0.191
461.345,50.578,-57.911,0.000,80.779,-72.862,4.401,-1.661,0.326,0.052
461.351,43.775,-51.108,0.000,78.059,-71.807,5.156,-1.886,0.316,-0.294
461.356,36.450,-43.784,0.000,73.624,-67.700,3.860,-2.045,0.306,-0.706
461.362,29.126,-36.459,0.000,72.608,-66.787,2.749,-2.392,0.295,-0.562
461.368,21.801,-28.955,0.000,68.161,-63.624,1.758,-2.550,0.283,-0.817
461.373,14.477,-21.630,0.000,62.302,-59.342,-0.720,-2.630,0.270,-1.170
461.379,7.152,-14.306,0.000,57.234,-55.024,-0.303,-2.755,0.257,-1.378
461.385,-0.174,-6.980,0.000,49.326,-51.280,0.690,-2.722,0.243,-1.873
461.390,-7.543,0.389,0.000,43.509,-44.100,1.671,-2.808,0.228,-2.096
461.396,-14.912,7.759,0.000,36.184,-38.947,3.055,-2.810,0.213,-2.450
461.402,-22.281,15.128,0.000,29.232,-28.061,4.711,-2.833,0.198,-2.690
461.407,-29.650,22.497,0.000,22.301,-20.834,4.719,-2.857,0.183,-2.864
461.413,-37.019,29.866,0.000,15.760,-15.015,5.006,-2.903,0.168,-2.938
461.419,-44.269,37.116,0.000,12.025,-2.188,5.492,-3.096,0.152,-2.617
461.424,-50.591,43.438,0.000,9.795,2.236,4.593,-3.321,0.136,-2.199
461.430,-56.912,49.759,0.000,5.647,8.287,2.572,-3.441,0.119,-2.091
461.435,-63.231,56.078,0.000,2.815,14.665,4.500,-3.633,0.100,-1.868
461.441,-69.543,62.390,0.000,-3.783,20.829,3.106,-3.617,0.082,-2.111
461.447,-75.856,68.703,0.000,-8.616,26.401,2.490,-3.698,0.063,-2.087
461.452,-80.658,73.504,0.000,-17.057,34.937,4.060,-3.498,0.045,-2.519
461.458,-85.348,78.195,0.000,-26.481,43.257,5.217,-3.238,0.027,-2.947
461.464,-90.039,82.885,0.000,-34.234,51.406,5.557,-3.069,0.011,-3.088
461.469,-94.729,87.755,0.000,-37.890,54.786,7.013,-3.126,-0.005,-2.753
461.475,-98.548,91.574,0.000,-42.029,63.138,5.626,-3.109,-0.021,-2.575
461.481,-101.463,94.488,0.000,-49.434,68.470,5.778,-2.862,-0.036,-2.776
461.486,-104.377,97.403,0.000,-55.030,75.545,5.047,-2.714,-0.051,-2.678
461.492,-107.292,100.317,0.000,-60.604,81.279,4.607,-2.568,-0.064,-2.619
461.498,-108.772,101.797,0.000,-67.254,83.490,1.841,-2.283,-0.076,-2.703
461.503,-109.873,102.899,0.000,-70.596,84.434,1.927,-2.160,-0.088,-2.417
461.509,-110.973,103.998,0.000,-73.272,87.539,1.414,-2.074,-0.099,-2.137
461.514,-111.905,104.931,0.000,-78.213,89.104,0.738,-1.853,-0.108,-2.161
461.520,-111.125,104.151,0.000,-84.904,91.830,1.338,-1.442,-0.117,-2.356
461.526,-110.346,103.371,0.000,-91.084,95.489,2.080,-1.059,-0.123,-2.406
461.531,-109.565,102.768,0.000,-95.474,97.038,0.822,-0.775,-0.127,-2.275
461.537,-108.076,101.279,0.000,-99.203,98.520,1.249,-0.488,-0.130,-2.113
461.543,-105.462,98.665,0.000,-100.042,102.305,2.910,-0.298,-0.132,-1.712
461.548,-102.848,96.051,0.000,-103.732,105.220,3.044,0.049,-0.133,-1.734
461.554,-100.234,93.259,0.000,-107.844,113.089,3.256,0.419,-0.131,-1.785
461.559,-96.370,89.395,0.000,-110.643,118.516,2.427,0.785,-0.128,-1.707
461.565,-91.936,84.962,0.000,-110.892,117.400,2.376,1.043,-0.124,-1.384
461.571,-87.502,80.528,0.000,-112.199,117.302,2.104,1.358,-0.117,-1.183
461.576,-83.068,76.094,0.000,-111.298,117.837,2.085,1.553,-0.109,-0.699
461.582,-78.212,71.238,0.000,-109.482,113.810,-0.919,1.720,-0.100,-0.267
461.588,-72.072,65.097,0.000,-109.615,112.666,-1.423,2.065,-0.090,-0.245
461.593,-65.931,58.956,0.000,-108.088,115.448,1.066,2.319,-0.079,-0.043
461.599,-59.790,52.816,0.000,-103.761,113.088,2.532,2.418,-0.067,0.404
461.605,-53.649,46.675,0.000,-100.044,111.160,2.987,2.552,-0.054,0.683
461.610,-47.428,40.454,0.000,-96.402,108.954,1.503,2.694,-0.040,0.994
461.616,-40.104,33.129,0.000,-94.938,104.555,0.964,3.016,-0.024,1.000
461.622,-32.779,25.805,0.000,-94.197,100.455,1.247,3.378,-0.007,0.850
461.627,-25.455,18.481,0.000,-90.670,99.919,4.038,3.587,0.011,1.037
461.633,-18.131,11.156,0.000,-85.222,96.107,3.832,3.690,0.029,1.335
461.639,-10.806,3.832,0.000,-80.189,92.420,4.349,3.816,0.048,1.534
461.644,-3.482,-3.492,0.000,-75.768,85.852,1.654,3.976,0.069,1.682
461.650,3.865,-10.840,0.000,-70.606,77.750,1.919,4.096,0.090,1.857
461.656,11.234,-18.208,0.000,-65.087,73.820,2.236,4.198,0.112,2.062
461.661,18.602,-25.576,0.000,-62.404,72.744,3.897,4.455,0.134,1.893
461.667,25.970,-32.944,0.000,-60.190,66.999,5.467,4.739,0.157,1.645
461.672,33.338,-40.313,0.000,-51.934,56.038,5.322,4.690,0.181,2.193
461.678,40.707,-47.681,0.000,-44.920,50.134,3.153,4.709,0.205,2.500
461.683,47.440,-54.414,0.000,-38.017,45.970,2.965,4.700,0.229,2.653
461.689,53.756,-60.730,0.000,-36.863,43.847,2.417,4.984,0.254,2.133
461.695,60.066,-67.040,0.000,-35.105,38.675,5.957,5.234,0.280,1.753
461.700,66.385,-73.359,0.000,-25.157,27.864,3.828,5.035,0.306,2.409
461.706,72.850,-79.675,0.000,-18.009,17.060,1.959,4.997,0.332,2.599
461.711,78.471,-85.297,0.000,-13.659,11.955,4.102,5.067,0.350,2.386
461.717,83.158,-90.162,0.000,-7.566,8.062,4.051,4.990,0.350,2.464
461.723,87.845,-94.849,0.000,0.597,2.620,6.427,4.799,0.350,2.681
461.728,92.829,-99.536,0.000,12.216,-7.046,6.901,4.434,0.350,3.320
461.735,97.516,-104.223,0.000,14.474,-12.342,5.641,4.567,0.350,2.722
461.741,100.458,-107.165,0.000,22.430,-15.905,7.542,4.292,0.350,2.801
461.748,103.368,-110.075,0.000,30.220,-27.679,2.746,4.023,0.350,2.859
461.754,106.427,-112.985,0.000,42.773,-32.964,1.669,3.501,0.350,3.388
461.760,108.824,-115.382,0.000,49.084,-39.636,4.234,3.286,0.350,3.171
461.766,109.921,-116.479,0.000,58.946,-50.163,-0.070,2.804,0.350,3.412
461.772,111.017,-117.576,0.000,65.784,-58.741,-3.946,2.488,0.350,3.218
461.779,112.861,-118.672,0.000,70.770,-64.083,2.119,2.315,0.350,2.857
461.785,113.311,-118.851,0.000,77.351,-74.121,3.306,1.978,0.350,2.829
461.792,112.526,-118.066,0.000,79.886,-73.733,5.535,1.795,0.350,2.418
461.798,111.740,-117.281,0.000,82.025,-71.161,7.576,1.634,0.350,2.027
461.805,110.955,-116.496,0.000,84.669,-72.451,6.754,1.446,0.350,1.763
461.811,108.550,-114.090,0.000,85.162,-76.213,2.261,1.286,0.350,1.400
461.817,107.308,-112.021,0.000,89.525,-74.797,2.619,0.978,0.350,1.408
461.824,105.002,-109.403,0.000,88.616,-76.695,5.219,0.901,0.350,0.997
461.831,102.205,-106.449,0.000,89.282,-79.282,3.441,0.711,0.350,0.837
461.837,99.218,-102.958,0.000,88.807,-78.565,3.945,0.573,0.350,0.555
461.844,95.964,-99.711,0.000,91.504,-77.085,2.697,0.245,0.350,0.630
461.851,91.527,-95.274,0.000,87.342,-78.388,0.435,0.230,0.350,0.097
461.857,87.089,-90.836,0.000,89.949,-76.466,1.125,-0.157,0.349,0.275
461.864,81.381,-85.128,0.000,89.265,-74.296,2.444,-0.434,0.347,0.143
461.871,79.605,-84.484,0.000,90.316,-76.070,0.777,-0.589,0.344,0.169
461.877,73.462,-78.340,0.000,90.922,-76.629,1.720,-0.960,0.339,0.142
461.884,71.187,-73.519,0.000,91.446,-72.027,6.105,-1.114,0.332,0.145
461.891,65.044,-67.375,0.000,91.411,-68.933,6.241,-1.450,0.324,0.142
461.897,58.233,-60.564,0.000,87.409,-67.462,4.827,-1.605,0.315,-0.284
461.904,53.512,-55.209,0.000,88.079,-62.080,2.167,-1.901,0.303,-0.175
461.911,46.188,-47.884,0.000,87.051,-59.496,2.546,-2.247,0.291,-0.227
461.917,39.139,-40.853,0.000,85.068,-63.468,1.501,-2.526,0.276,-0.370
461.924,31.814,-33.529,0.000,80.846,-57.752,2.277,-2.697,0.259,-0.674
461.931,25.911,-26.500,0.000,80.945,-54.482,2.681,-3.027,0.241,-0.534
461.937,19.474,-19.174,0.000,76.265,-49.411,2.226,-3.124,0.224,-0.791
461.944,12.104,-11.805,0.000,72.442,-47.787,4.245,-3.319,0.204,-0.979
461.951,7.576,-6.599,0.000,69.459,-42.984,3.168,-3.404,0.183,-1.007
461.957,0.207,0.770,0.000,64.288,-35.888,3.357,-3.524,0.162,-1.265
461.964,-7.162,8.139,0.000,60.566,-35.440,3.971,-3.725,0.140,-1.269
461.971,-12.128,14.860,0.000,52.074,-34.395,5.700,-3.531,0.118,-1.726
461.978,-19.372,22.103,0.000,48.573,-19.865,3.671,-3.737,0.095,-1.651
461.984,-25.693,28.425,0.000,42.882,-9.064,1.968,-3.772,0.072,-1.756
461.991,-32.014,34.746,0.000,34.593,-6.467,2.232,-3.663,0.050,-2.085
461.998,-35.751,37.978,0.000,27.764,-7.167,3.028,-3.493,0.027,-2.237
462.004,-41.687,44.299,0.000,23.147,0.218,2.445,-3.566,0.006,-2.062
462.011,-48.009,50.621,0.000,12.889,14.613,0.461,-3.349,-0.015,-2.513
462.018,-52.796,55.408,0.000,6.594,23.122,3.103,-3.266,-0.035,-2.470
462.025,-57.098,58.629,0.000,-1.643,31.959,4.467,-3.050,-0.054,-2.604
462.031,-61.788,61.788,0.000,-8.147,38.807,3.322,-2.950,-0.072,-2.561
462.038,-66.479,66.479,0.000,-15.724,49.596,1.863,-2.791,-0.089,-2.634
462.045,-69.489,69.088,0.000,-20.088,57.182,0.407,-2.717,-0.107,-2.424
462.051,-72.002,71.187,0.000,-23.040,60.862,1.382,-2.693,-0.122,-2.043
462.058,-74.917,74.102,0.000,-31.900,66.469,2.644,-2.366,-0.137,-2.372
462.065,-77.831,77.016,0.000,-34.303,72.960,-0.306,-2.394,-0.152,-2.017
462.071,-79.292,78.887,0.000,-40.465,76.433,0.824,-2.135,-0.165,-2.162
462.077,-80.794,79.578,0.000,-42.381,75.690,3.312,-2.113,-0.177,-1.826
462.084,-81.896,80.679,0.000,-47.186,71.790,4.014,-1.909,-0.189,-1.781
462.091,-82.805,81.588,0.000,-54.267,81.566,5.312,-1.570,-0.199,-2.011
462.097,-82.024,79.976,0.000,-52.806,80.685,2.469,-1.607,-0.209,-1.385
462.104,-81.243,79.195,0.000,-58.685,80.188,1.699,-1.241,-0.217,-1.545
462.111,-80.462,78.832,0.000,-60.151,81.796,1.509,-1.117,-0.225,-1.345
462.117,-78.542,76.473,0.000,-63.441,81.495,-0.341,-0.831,-0.230,-1.277
462.124,-75.928,73.859,0.000,-65.714,79.949,-2.517,-0.562,-0.234,-1.167
462.131,-73.314,71.245,0.000,-67.755,84.239,0.940,-0.306,-0.236,-1.062
462.138,-70.700,68.631,0.000,-69.390,89.186,5.866,-0.072,-0.237,-0.952
462.144,-66.807,64.737,0.000,-70.076,88.166,4.500,0.180,-0.236,-0.754
462.151,-62.373,59.877,0.000,-70.648,87.240,2.020,0.455,-0.234,-0.608
462.157,-57.939,55.443,0.000,-72.164,88.470,0.993,0.782,-0.230,-0.611
462.164,-53.505,51.009,0.000,-70.460,85.680,0.955,0.932,-0.225,-0.318
462.171,-48.622,46.552,0.000,-72.114,82.715,1.321,1.292,-0.217,-0.339
462.178,-42.481,40.412,0.000,-73.220,85.958,2.268,1.691,-0.208,-0.386
462.184,-36.340,34.271,0.000,-70.862,81.862,1.155,1.899,-0.197,-0.063
462.191,-30.200,28.130,0.000,-73.042,78.861,-1.742,2.356,-0.184,-0.257
462.198,-24.059,21.989,0.000,-66.840,77.997,-0.313,2.353,-0.169,0.387
462.204,-17.818,15.749,0.000,-67.013,80.790,-2.527,2.706,-0.154,0.244
462.211,-10.494,8.425,0.000,-63.936,77.622,-2.668,2.939,-0.137,0.480
462.218,-3.571,1.100,0.000,-57.949,76.167,0.518,2.991,-0.119,0.882
462.225,3.753,-6.224,0.000,-53.504,71.721,4.900,3.149,-0.099,1.102
462.231,11.078,-13.548,0.000,-47.164,64.984,2.137,3.203,-0.080,1.411
462.238,18.402,-20.873,0.000,-46.454,66.588,3.117,3.567,-0.059,1.121
462.245,25.726,-28.197,0.000,-33.901,57.320,0.410,3.279,-0.039,2.020
462.251,33.074,-35.545,0.000,-29.236,51.784,-1.428,3.427,-0.018,1.962
462.258,40.443,-42.913,0.000,-25.159,41.618,-1.328,3.608,0.003,1.843
462.265,47.811,-50.282,0.000,-21.136,32.362,-2.570,3.792,0.026,1.765
462.271,55.179,-57.650,0.000,-13.770,25.032,-0.429,3.792,0.048,2.019
462.278,62.547,-65.018,0.000,-7.625,15.769,-1.207,3.859,0.072,2.141
462.284,69.125,-72.386,0.000,-6.282,10.235,-3.657,4.147,0.096,1.752
462.291,75.842,-79.103,0.000,-1.677,8.831,-0.518,4.264,0.121,1.734
462.298,79.521,-83.757,0.000,7.491,-0.966,-2.113,3.962,0.146,2.188
462.304,85.840,-90.076,0.000,13.564,-10.662,-2.981,3.975,0.168,2.268
462.310,92.159,-96.395,0.000,24.196,-16.918,-0.316,3.738,0.189,2.783
462.316,97.054,-103.956,0.000,29.430,-23.378,0.019,3.719,0.211,2.595
462.323,102.652,-109.554,0.000,35.825,-32.348,-1.625,3.675,0.233,2.513
462.329,101.911,-106.309,0.000,43.635,-36.719,1.345,3.205,0.254,2.640
462.336,106.308,-110.996,0.000,51.821,-37.993,2.983,2.997,0.272,2.787
462.343,110.995,-115.683,0.000,61.160,-46.416,0.460,2.741,0.290,3.013
462.349,115.677,-120.366,0.000,65.446,-53.506,1.643,2.763,0.306,2.642
462.356,115.846,-123.959,0.000,74.081,-60.736,2.285,2.297,0.321,2.785
462.363,118.756,-126.869,0.000,77.561,-71.821,-0.840,2.266,0.335,2.460
462.369,121.151,-130.477,0.000,80.414,-68.854,-4.161,2.241,0.349,2.108
462.376,123.512,-132.838,0.000,85.363,-74.136,-5.636,2.098,0.350,2.043
462.383,124.355,-133.934,0.000,87.962,-78.967,-6.155,2.002,0.350,1.779
462.389,125.452,-135.031,0.000,94.455,-86.197,-2.972,1.705,0.350,1.957
462.396,126.549,-136.128,0.000,94.966,-86.196,-1.209,1.737,0.350,1.516
462.403,127.020,-136.443,0.000,100.979,-91.121,0.051,1.432,0.350,1.750
462.409,126.235,-135.304,0.000,100.859,-91.703,-0.794,1.396,0.350,1.286
462.416,125.449,-134.519,0.000,106.870,-95.391,-0.106,1.022,0.350,1.526
462.423,124.923,-134.087,0.000,108.088,-98.691,0.183,0.926,0.350,1.244
462.430,123.007,-132.003,0.000,111.831,-110.124,-1.922,0.615,0.350,1.274
462.436,120.389,-129.385,0.000,112.468,-104.056,-2.222,0.436,0.350,1.028
462.443,117.771,-126.767,0.000,113.771,-104.206,-2.075,0.220,0.350,0.879
462.450,114.781,-123.777,0.000,116.103,-103.008,-1.100,-0.073,0.350,0.896
462.456,110.880,-118.982,0.000,117.920,-103.703,-1.431,-0.387,0.348,0.838
462.463,106.443,-114.545,0.000,118.303,-99.503,0.264,-0.652,0.345,0.658
462.470,102.278,-110.107,0.000,120.110,-98.521,1.161,-0.981,0.339,0.659
462.477,97.841,-105.670,0.000,119.185,-98.393,1.580,-1.174,0.333,0.405
462.483,92.099,-99.928,0.000,120.661,-96.179,0.662,-1.571,0.324,0.421
462.490,86.231,-94.143,0.000,120.708,-94.496,-1.012,-1.896,0.313,0.344
462.497,80.088,-87.999,0.000,120.368,-94.913,-0.531,-2.215,0.300,0.212
462.503,73.945,-81.856,0.000,118.783,-94.806,-1.077,-2.466,0.286,0.029
462.510,67.801,-75.713,0.000,116.033,-87.773,-0.366,-2.653,0.269,-0.258
462.517,61.245,-69.240,0.000,113.425,-86.106,-1.426,-2.870,0.252,-0.432
462.523,53.921,-61.915,0.000,108.669,-85.082,-0.458,-3.011,0.234,-0.790
462.530,46.596,-54.591,0.000,104.845,-84.581,-1.078,-3.204,0.215,-0.949
462.537,39.553,-47.632,0.000,98.213,-72.068,-0.558,-3.226,0.195,-1.330
462.544,32.228,-40.307,0.000,93.149,-63.918,-2.537,-3.351,0.175,-1.501
462.550,24.904,-32.983,0.000,87.302,-63.488,0.034,-3.432,0.155,-1.624
462.557,17.861,-26.025,0.000,81.710,-63.058,0.876,-3.512,0.132,-1.794
462.564,10.492,-18.656,0.000,75.663,-56.995,0.273,-3.584,0.111,-1.920
462.571,3.123,-11.287,0.000,69.189,-50.137,-0.271,-3.634,0.089,-2.047
462.577,-4.246,-3.918,0.000,65.258,-43.686,-0.127,-3.823,0.066,-1.890
462.584,-11.328,3.078,0.000,56.811,-40.181,-1.707,-3.748,0.044,-2.167
462.591,-18.697,10.447,0.000,48.659,-35.766,-2.172,-3.705,0.021,-2.423
462.597,-25.336,17.670,0.000,44.053,-31.183,-2.208,-3.816,-0.002,-2.271
462.604,-31.658,23.991,0.000,40.216,-22.914,0.243,-3.953,-0.027,-2.025
462.611,-37.979,29.936,0.000,30.712,-12.266,1.431,-3.778,-0.050,-2.397
462.618,-44.301,37.007,0.000,23.313,-5.636,2.348,-3.719,-0.073,-2.482
462.624,-50.622,43.329,0.000,16.487,-1.264,-0.620,-3.691,-0.095,-2.502
462.631,-55.739,50.746,0.000,9.999,3.622,-1.189,-3.616,-0.117,-2.469
462.638,-60.185,55.140,0.000,0.696,13.281,-2.281,-3.348,-0.139,-2.728
462.644,-64.876,59.830,0.000,-1.371,19.689,-1.709,-3.493,-0.159,-2.225
462.651,-67.643,63.786,0.000,-11.099,26.680,0.407,-3.110,-0.180,-2.565
462.658,-72.333,68.477,0.000,-16.159,30.585,0.866,-3.090,-0.199,-2.391
462.665,-76.099,72.242,0.000,-25.018,40.479,-0.347,-2.809,-0.217,-2.639
462.671,-79.013,75.156,0.000,-28.333,50.485,0.650,-2.787,-0.234,-2.302
462.678,-81.928,78.071,0.000,-34.785,57.523,1.864,-2.593,-0.250,-2.278
462.685,-84.174,78.687,0.000,-41.516,64.456,-1.769,-2.346,-0.264,-2.335
462.691,-85.598,80.112,0.000,-48.021,70.929,-4.009,-2.067,-0.278,-2.409
462.698,-87.036,80.816,0.000,-50.429,75.942,-2.109,-2.013,-0.290,-2.043
462.705,-88.137,81.917,0.000,-58.232,84.056,-0.709,-1.645,-0.301,-2.201
462.712,-89.341,82.388,0.000,-61.519,87.318,-0.519,-1.530,-0.310,-1.956
462.718,-88.560,81.607,0.000,-67.132,92.366,-0.134,-1.179,-0.318,-2.002
462.725,-87.779,80.826,0.000,-68.590,96.217,0.341,-1.055,-0.325,-1.669
462.732,-88.294,80.844,0.000,-76.315,95.827,0.294,-0.659,-0.330,-1.933
462.738,-87.676,78.490,0.000,-80.857,100.734,-0.050,-0.375,-0.333,-1.862
462.745,-85.062,75.876,0.000,-83.172,101.083,-0.237,-0.104,-0.334,-1.646
462.752,-85.366,73.262,0.000,-83.524,103.622,1.552,-0.101,-0.334,-1.253
462.759,-82.752,70.648,0.000,-84.622,100.732,-0.682,0.103,-0.334,-1.045
462.765,-78.823,66.719,0.000,-88.291,100.974,1.818,0.521,-0.332,-1.127
462.772,-74.389,62.285,0.000,-84.062,98.046,-0.534,0.532,-0.328,-0.412
462.779,-73.081,57.851,0.000,-88.823,96.295,-1.518,0.866,-0.324,-0.746
462.786,-68.890,53.417,0.000,-86.865,97.097,-0.338,0.989,-0.318,-0.379
462.792,-63.973,48.500,0.000,-88.238,92.050,3.095,1.335,-0.311,-0.416
462.799,-58.312,42.359,0.000,-87.794,85.183,2.216,1.621,-0.301,-0.244
462.806,-52.408,36.218,0.000,-87.943,91.619,6.218,1.954,-0.289,-0.148
462.812,-46.267,30.078,0.000,-80.301,85.795,2.840,1.872,-0.278,0.607
462.819,-40.126,23.937,0.000,-84.696,84.812,0.903,2.451,-0.264,0.063
462.826,-35.453,17.673,0.000,-81.478,85.344,2.865,2.531,-0.249,0.322
462.833,-28.564,10.349,0.000,-78.855,78.074,0.165,2.766,-0.233,0.520
462.839,-21.239,3.024,0.000,-75.088,73.757,-0.292,2.962,-0.215,0.740
462.846,-15.973,-4.300,0.000,-70.708,67.369,2.576,3.010,-0.197,0.894
462.853,-8.844,-11.223,0.000,-71.697,64.409,-0.308,3.457,-0.176,0.615
462.860,-1.520,-18.547,0.000,-67.957,67.215,3.121,3.654,-0.154,0.807
462.866,5.804,-25.872,0.000,-61.850,55.059,1.675,3.721,-0.132,1.184
462.873,13.153,-33.221,0.000,-56.316,44.624,-1.844,3.821,-0.109,1.362
462.879,19.197,-37.525,0.000,-50.524,40.809,2.542,3.835,-0.087,1.539
462.886,26.565,-44.527,0.000,-45.728,27.757,0.958,3.976,-0.064,1.668
462.892,34.118,-52.261,0.000,-40.451,29.056,4.906,4.101,-0.039,1.791
462.899,41.486,-58.545,0.000,-30.862,15.966,4.210,3.979,-0.015,2.217
462.906,48.855,-65.559,0.000,-31.707,11.433,2.942,4.431,0.011,1.592
462.912,55.550,-72.254,0.000,-25.422,7.159,6.029,4.453,0.038,1.790
462.919,61.869,-78.573,0.000,-16.310,-1.330,3.608,4.300,0.065,2.218
462.926,68.188,-84.892,0.000,-10.364,-3.450,3.452,4.320,0.091,2.260
462.932,74.507,-91.565,0.000,-0.952,-6.623,4.254,4.150,0.116,2.545
462.939,80.826,-97.884,0.000,-0.483,-14.133,0.162,4.472,0.142,1.959
462.946,86.391,-103.095,0.000,7.001,-17.615,4.917,4.366,0.170,2.182
462.952,91.078,-108.136,0.000,14.818,-26.365,3.885,4.194,0.196,2.412
462.959,95.765,-112.823,0.000,18.072,-30.725,3.785,4.273,0.221,2.115
462.966,100.452,-117.510,0.000,28.886,-42.531,1.160,3.936,0.245,2.536
462.972,104.915,-121.453,0.000,30.383,-52.478,-2.753,4.099,0.269,2.073
462.979,107.280,-124.363,0.000,36.947,-49.079,5.840,3.868,0.293,2.204
462.985,110.191,-126.584,0.000,48.837,-59.452,6.505,3.374,0.314,2.766
462.992,111.369,-128.157,0.000,55.573,-66.416,5.158,3.069,0.333,2.689
462.999,112.708,-130.156,0.000,58.214,-70.745,8.597,2.997,0.350,2.249
463.005,113.805,-131.253,0.000,60.898,-81.227,2.726,2.910,0.350,1.934
463.012,114.902,-132.350,0.000,69.393,-84.141,7.390,2.503,0.350,2.261
463.019,113.205,-131.563,0.000,78.091,-93.816,4.211,1.931,0.350,2.508
463.025,112.082,-130.295,0.000,84.719,-101.344,3.244,1.505,0.350,2.637
463.031,111.296,-129.510,0.000,86.953,-99.319,2.721,1.339,0.350,2.228
463.036,110.065,-127.582,0.000,91.362,-102.071,1.640,1.029,0.350,2.080
463.042,109.281,-126.798,0.000,92.858,-106.525,1.884,0.903,0.350,1.732
463.048,106.806,-123.769,0.000,94.570,-109.863,2.399,0.673,0.350,1.542
463.053,104.188,-121.151,0.000,94.593,-112.248,2.122,0.528,0.350,1.194
463.059,101.570,-118.533,0.000,94.730,-114.777,1.323,0.376,0.350,0.963
463.064,98.547,-116.064,0.000,94.951,-115.347,0.402,0.198,0.350,0.771
463.070,94.110,-111.627,0.000,95.867,-114.688,1.110,-0.097,0.350,0.680
463.076,89.673,-107.190,0.000,97.035,-112.181,1.580,-0.405,0.348,0.644
463.081,85.235,-102.752,0.000,93.945,-104.554,3.489,-0.479,0.346,0.157
463.087,80.798,-98.315,0.000,91.036,-101.717,3.013,-0.563,0.343,-0.198
463.093,75.025,-92.542,0.000,90.710,-98.261,1.957,-0.863,0.339,-0.200
463.098,68.882,-86.399,0.000,89.554,-95.335,1.375,-1.137,0.334,-0.284
463.104,62.739,-80.256,0.000,88.034,-91.685,2.638,-1.391,0.327,-0.408
463.109,56.595,-74.394,0.000,84.079,-88.487,3.969,-1.512,0.320,-0.804
463.115,50.452,-68.250,0.000,81.875,-84.876,3.990,-1.728,0.311,-0.862
463.121,43.596,-61.395,0.000,80.223,-81.508,4.430,-2.014,0.301,-0.799
463.126,36.272,-54.070,0.000,78.802,-77.839,6.340,-2.339,0.290,-0.749
463.132,29.245,-46.746,0.000,77.640,-78.117,4.584,-2.662,0.276,-0.645
463.139,21.920,-39.421,0.000,73.495,-72.376,2.658,-2.837,0.260,-0.941
463.145,14.596,-32.097,0.000,73.190,-67.316,3.722,-3.223,0.241,-0.766
463.152,7.271,-24.772,0.000,72.280,-62.178,4.122,-3.575,0.221,-0.663
463.158,-0.057,-17.444,0.000,66.977,-57.907,4.470,-3.687,0.200,-0.965
463.164,-7.426,-10.075,0.000,58.186,-52.279,2.375,-3.609,0.178,-1.615
463.171,-14.795,-2.706,0.000,57.524,-49.644,2.288,-3.978,0.155,-1.320
463.178,-22.164,4.663,0.000,50.839,-42.512,2.217,-4.015,0.132,-1.586
463.184,-29.533,12.032,0.000,44.165,-43.016,4.734,-4.053,0.108,-1.780
463.191,-36.902,19.401,0.000,34.875,-32.480,5.459,-3.948,0.085,-2.243
463.197,-44.106,26.605,0.000,27.125,-23.510,2.688,-3.918,0.061,-2.466
463.204,-50.427,32.926,0.000,21.892,-14.816,3.434,-3.978,0.038,-2.336
463.210,-56.749,39.248,0.000,10.357,-4.593,1.135,-3.691,0.016,-2.856
463.217,-63.219,46.404,0.000,4.751,0.031,2.997,-3.738,-0.007,-2.703
463.223,-69.838,53.535,0.000,-3.613,4.854,3.159,-3.642,-0.027,-2.931
463.228,-76.159,59.857,0.000,-12.519,14.835,1.737,-3.500,-0.045,-3.170
463.234,-80.885,65.367,0.000,-23.518,21.455,2.626,-3.155,-0.062,-3.593
463.240,-85.575,69.537,0.000,-32.133,32.375,1.659,-2.939,-0.077,-3.651
463.245,-90.266,74.227,0.000,-40.470,40.762,2.453,-2.739,-0.092,-3.677
463.251,-94.956,78.918,0.000,-44.091,44.674,3.081,-2.798,-0.106,-3.137
463.257,-98.689,82.913,0.000,-48.038,53.368,3.790,-2.786,-0.121,-2.827
463.262,-101.604,85.827,0.000,-52.890,58.280,5.764,-2.679,-0.135,-2.700
463.268,-104.517,89.760,0.000,-57.631,65.389,5.049,-2.579,-0.148,-2.545
463.273,-107.427,92.671,0.000,-61.040,73.138,3.203,-2.551,-0.161,-2.296
463.279,-108.823,94.315,0.000,-63.032,77.228,1.582,-2.518,-0.175,-1.991
463.285,-109.924,95.416,0.000,-66.030,81.998,0.896,-2.414,-0.187,-1.868
463.290,-111.025,96.517,0.000,-69.496,84.728,0.220,-2.284,-0.199,-1.819
463.296,-111.867,97.358,0.000,-72.478,88.089,1.025,-2.166,-0.211,-1.678
463.302,-111.086,96.578,0.000,-78.094,88.900,1.376,-1.815,-0.221,-1.872
463.307,-110.305,95.797,0.000,-85.588,91.322,2.740,-1.359,-0.229,-2.232
463.313,-109.524,95.016,0.000,-91.187,98.265,4.174,-1.009,-0.235,-2.296
463.319,-107.940,96.008,0.000,-94.151,99.481,3.578,-0.758,-0.239,-2.075
463.324,-105.326,93.833,0.000,-96.121,99.043,1.187,-0.506,-0.242,-1.837
463.330,-102.711,91.219,0.000,-99.831,101.147,0.936,-0.158,-0.244,-1.848
463.335,-100.097,88.605,0.000,-102.529,105.270,-0.064,0.134,-0.244,-1.744
463.341,-96.145,84.868,0.000,-103.094,106.006,1.640,0.382,-0.243,-1.436
463.347,-91.717,80.441,0.000,-106.986,108.768,1.889,0.840,-0.240,-1.528
463.352,-87.290,76.013,0.000,-109.777,110.863,2.032,1.237,-0.234,-1.449
463.358,-82.862,71.586,0.000,-110.174,112.069,5.468,1.502,-0.227,-1.102
463.364,-77.935,66.659,0.000,-108.413,107.167,4.857,1.676,-0.219,-0.638
463.369,-71.946,61.778,0.000,-110.726,111.126,4.266,2.133,-0.208,-0.724
463.375,-65.805,56.240,0.000,-110.540,112.774,3.423,2.460,-0.197,-0.532
463.381,-59.664,50.100,0.000,-107.749,110.499,3.202,2.645,-0.183,-0.063
463.386,-53.524,43.959,0.000,-106.749,108.630,1.443,2.927,-0.168,0.054
463.392,-47.250,37.685,0.000,-105.190,107.733,3.097,3.187,-0.152,0.209
463.398,-39.925,30.360,0.000,-103.934,103.504,0.822,3.520,-0.135,0.349
463.403,-32.601,23.036,0.000,-101.856,98.531,-2.313,3.809,-0.115,0.517
463.409,-25.276,15.311,0.000,-98.029,97.023,-0.374,4.001,-0.095,0.830
463.414,-17.952,7.987,0.000,-94.726,94.422,1.891,4.223,-0.074,0.999
463.420,-10.628,0.663,0.000,-87.887,87.018,3.058,4.249,-0.052,1.432
463.426,-3.155,-6.662,0.000,-80.480,83.844,4.972,4.253,-0.030,1.878
463.432,4.195,-14.011,0.000,-74.079,74.019,2.389,4.305,-0.008,2.151
463.437,11.563,-21.582,0.000,-69.799,68.053,-0.665,4.475,0.014,2.102
463.443,18.931,-28.950,0.000,-63.198,63.214,0.333,4.517,0.037,2.315
463.448,26.299,-36.318,0.000,-57.525,55.028,2.792,4.610,0.060,2.329
463.454,33.668,-43.484,0.000,-51.256,45.511,3.543,4.671,0.083,2.406
463.459,41.036,-50.852,0.000,-43.198,37.195,4.208,4.633,0.108,2.809
463.465,47.722,-57.538,0.000,-39.785,27.275,2.290,4.813,0.132,2.608
463.470,54.041,-63.857,0.000,-35.996,22.807,2.579,4.952,0.157,2.350
463.476,60.360,-70.176,0.000,-30.687,21.608,5.037,5.008,0.182,2.366
463.482,66.679,-76.495,0.000,-25.667,13.554,4.302,5.079,0.207,2.271
463.487,72.998,-82.814,0.000,-18.522,4.740,1.069,5.034,0.233,2.486
463.493,78.549,-88.365,0.000,-12.332,-2.544,-2.117,4.998,0.258,2.619
463.498,83.236,-93.255,0.000,-3.704,-11.860,-5.463,4.782,0.283,2.980
463.504,87.923,-97.942,0.000,2.695,-14.837,-3.748,4.688,0.308,2.952
463.509,92.610,-102.426,0.000,6.051,-12.678,1.359,4.761,0.331,2.590
463.515,97.242,-107.058,0.000,12.498,-19.602,2.156,4.661,0.350,2.615
463.520,100.152,-109.969,0.000,19.263,-24.334,3.351,4.449,0.350,2.712
463.526,103.063,-112.678,0.000,25.798,-31.867,4.446,4.250,0.350,2.857
463.531,105.973,-115.789,0.000,31.629,-38.686,2.643,4.089,0.350,2.900
463.537,108.282,-118.098,0.000,35.041,-44.467,0.485,4.028,0.350,2.596
463.543,109.379,-119.195,0.000,38.999,-48.565,-0.726,3.871,0.350,2.425
463.548,110.475,-120.292,0.000,43.579,-48.729,3.992,3.679,0.350,2.332
463.554,111.572,-121.388,0.000,48.126,-53.795,4.332,3.490,0.350,2.193
463.559,111.480,-121.296,0.000,52.197,-56.702,1.613,3.261,0.350,2.110
463.565,110.694,-120.511,0.000,55.224,-57.465,2.113,3.051,0.350,1.966
463.571,109.909,-119.726,0.000,58.270,-60.386,2.327,2.840,0.350,1.826
463.576,109.124,-118.940,0.000,62.045,-65.504,0.739,2.589,0.350,1.758
463.582,106.630,-116.446,0.000,67.291,-69.358,0.064,2.164,0.350,1.875
463.587,104.012,-113.828,0.000,75.097,-71.995,-0.801,1.590,0.350,2.213
463.593,101.393,-111.210,0.000,79.416,-74.235,0.008,1.209,0.350,2.124
463.598,98.352,-108.168,0.000,83.508,-78.713,-0.398,0.816,0.350,2.039
463.604,93.914,-103.731,0.000,85.646,-80.783,2.697,0.455,0.350,1.779
463.610,89.477,-99.293,0.000,85.999,-83.747,2.898,0.191,0.350,1.343
463.615,85.040,-94.856,0.000,89.561,-88.311,2.788,-0.249,0.349,1.384
463.621,80.602,-90.419,0.000,90.705,-88.690,4.774,-0.556,0.347,1.153
463.627,74.812,-84.628,0.000,90.115,-90.135,3.225,-0.842,0.343,0.745
463.632,68.669,-78.485,0.000,87.262,-87.182,0.613,-1.023,0.337,0.185
463.638,62.525,-72.342,0.000,82.404,-84.058,-1.372,-1.093,0.332,-0.466
463.643,56.382,-66.198,0.000,79.921,-80.699,-1.181,-1.295,0.325,-0.677
463.649,50.239,-60.055,0.000,77.421,-79.170,0.238,-1.495,0.317,-0.861
463.654,43.370,-53.187,0.000,74.244,-75.518,0.144,-1.698,0.309,-1.060
463.660,36.046,-46.065,0.000,70.583,-66.948,0.346,-1.900,0.299,-1.264
463.666,28.721,-38.741,0.000,66.536,-62.581,-0.491,-2.080,0.288,-1.437
463.671,21.397,-31.416,0.000,61.205,-60.462,-0.056,-2.189,0.277,-1.684
463.677,14.072,-24.092,0.000,58.945,-55.505,-0.505,-2.468,0.265,-1.523
463.683,6.748,-16.564,0.000,57.320,-53.076,0.358,-2.781,0.251,-1.340
463.688,-0.581,-9.236,0.000,54.437,-50.250,0.490,-3.026,0.236,-1.338
463.694,-7.950,-1.867,0.000,50.510,-44.599,1.916,-3.215,0.220,-1.427
463.700,-15.319,5.300,0.000,47.179,-37.685,1.880,-3.437,0.203,-1.432
463.705,-22.688,12.669,0.000,42.269,-30.659,2.652,-3.573,0.186,-1.600
463.711,-30.057,20.038,0.000,34.235,-19.814,2.120,-3.536,0.167,-2.068
463.716,-37.426,27.407,0.000,27.686,-9.382,1.008,-3.581,0.149,-2.290
463.722,-44.619,34.599,0.000,22.161,-4.273,1.075,-3.673,0.130,-2.362
463.728,-50.940,40.921,0.000,17.553,1.018,0.269,-3.767,0.111,-2.363
463.733,-57.261,47.242,0.000,13.551,2.875,0.390,-3.895,0.091,-2.292
463.739,-63.583,53.564,0.000,9.407,5.178,1.463,-4.014,0.070,-2.239
463.744,-69.904,59.885,0.000,2.468,11.191,0.145,-3.980,0.050,-2.478
463.750,-76.226,66.206,0.000,-3.929,16.538,0.250,-3.976,0.029,-2.581
463.756,-80.934,70.915,0.000,-9.123,22.686,-1.062,-3.950,0.009,-2.504
463.761,-85.625,75.605,0.000,-14.948,29.996,-0.469,-3.887,-0.011,-2.529
463.767,-90.315,80.296,0.000,-22.304,35.618,0.498,-3.741,-0.030,-2.676
463.772,-95.006,84.986,0.000,-30.889,41.187,1.219,-3.526,-0.048,-2.920
463.778,-98.720,88.701,0.000,-39.346,46.943,1.874,-3.266,-0.064,-3.100
463.783,-101.635,91.615,0.000,-46.156,55.402,1.855,-3.051,-0.080,-3.040
463.789,-104.549,94.530,0.000,-52.173,61.312,1.170,-2.881,-0.095,-2.898
463.795,-107.464,97.240,0.000,-58.574,64.432,0.252,-2.689,-0.109,-2.893
463.800,-108.837,98.613,0.000,-64.331,68.779,-0.996,-2.448,-0.122,-2.794
463.806,-109.938,99.714,0.000,-68.590,78.670,-0.543,-2.274,-0.133,-2.560
463.812,-111.039,100.815,0.000,-73.645,88.209,-0.997,-2.057,-0.144,-2.488
463.817,-111.857,101.426,0.000,-78.195,93.114,-0.074,-1.851,-0.154,-2.365
463.823,-111.076,100.646,0.000,-81.976,94.872,0.630,-1.601,-0.163,-2.214
463.829,-110.296,99.657,0.000,-87.237,97.070,0.925,-1.268,-0.170,-2.231
463.834,-109.516,98.877,0.000,-92.159,101.878,2.421,-0.955,-0.176,-2.232
463.840,-107.912,97.273,0.000,-96.896,106.839,2.686,-0.606,-0.180,-2.226
463.846,-105.298,94.659,0.000,-101.392,110.674,0.676,-0.215,-0.182,-2.198
463.851,-102.684,92.045,0.000,-105.290,112.612,-2.140,0.143,-0.182,-2.132
463.856,-100.070,89.220,0.000,-108.643,117.877,-1.608,0.472,-0.180,-2.093
463.861,-96.092,85.242,0.000,-107.617,118.961,-2.008,0.634,-0.178,-1.483
463.867,-91.658,80.809,0.000,-107.607,119.265,-0.540,0.877,-0.175,-1.182
463.872,-87.224,76.375,0.000,-107.978,116.627,0.804,1.141,-0.170,-1.002
463.877,-82.791,71.941,0.000,-110.442,116.043,1.069,1.521,-0.164,-1.070
463.882,-77.827,66.978,0.000,-109.929,113.817,-0.489,1.766,-0.156,-0.726
463.887,-71.687,60.837,0.000,-109.371,110.176,-3.220,2.073,-0.147,-0.471
463.892,-65.546,55.322,0.000,-109.800,109.140,-0.843,2.434,-0.136,-0.384
463.898,-59.405,49.181,0.000,-108.353,108.075,-0.256,2.692,-0.123,-0.160
463.904,-53.264,43.041,0.000,-106.807,106.319,2.704,2.945,-0.108,-0.063
463.909,-46.969,36.539,0.000,-107.167,102.724,3.526,3.311,-0.092,-0.072
463.915,-39.645,29.214,0.000,-105.696,100.352,2.583,3.633,-0.074,0.158
463.920,-32.320,21.890,0.000,-102.702,92.661,1.590,3.871,-0.054,0.497
463.926,-24.996,14.565,0.000,-99.282,87.613,-0.515,4.086,-0.033,0.752
463.932,-17.678,6.186,0.000,-91.157,84.158,1.149,4.041,-0.013,1.435
463.937,-10.364,-1.128,0.000,-85.648,81.977,1.599,4.141,0.008,1.627
463.943,-3.050,-8.443,0.000,-82.861,78.075,2.615,4.390,0.030,1.499
463.949,4.300,-15.362,0.000,-78.585,73.256,3.321,4.559,0.054,1.695
463.954,11.668,-23.823,0.000,-73.914,64.431,1.791,4.707,0.078,1.837
463.960,19.036,-31.191,0.000,-69.571,61.466,0.772,4.873,0.102,1.880
463.965,26.404,-38.559,0.000,-64.647,61.283,1.238,5.008,0.127,1.938
463.971,33.762,-48.519,0.000,-57.580,57.965,2.059,5.024,0.152,2.201
463.977,41.120,-55.877,0.000,-50.334,48.501,0.066,5.030,0.178,2.467
463.982,47.786,-62.542,0.000,-43.901,38.543,-2.235,5.043,0.203,2.532
463.988,54.105,-70.143,0.000,-35.379,31.868,-1.220,4.922,0.228,2.832
463.993,60.424,-76.462,0.000,-31.396,27.051,1.730,5.050,0.254,2.632
463.999,66.743,-82.260,0.000,-24.165,23.629,5.619,5.000,0.279,2.764
464.005,73.062,-88.579,0.000,-15.583,12.296,4.828,4.875,0.305,3.061
464.010,78.596,-94.635,0.000,-7.608,2.732,4.357,4.741,0.329,3.248
464.016,83.283,-99.322,0.000,-0.453,-0.692,3.919,4.605,0.350,3.280
464.021,87.970,-104.810,0.000,5.243,-3.361,5.749,4.550,0.350,3.118
464.027,92.657,-109.497,0.000,6.260,-5.821,6.607,4.752,0.350,2.428
464.033,97.271,-114.111,0.000,14.632,-18.475,4.370,4.545,0.350,2.700
464.038,100.182,-117.021,0.000,21.432,-28.138,0.625,4.331,0.350,2.783
464.044,103.092,-119.931,0.000,24.944,-34.999,0.279,4.298,0.350,2.432
464.049,106.002,-123.114,0.000,30.909,-42.036,2.493,4.130,0.350,2.492
464.055,108.293,-125.405,0.000,33.750,-45.804,3.295,4.100,0.350,2.133
464.060,109.390,-126.502,0.000,43.760,-53.064,4.452,3.610,0.350,2.684
464.066,110.486,-127.598,0.000,51.155,-63.241,1.868,3.263,0.350,2.909
464.072,111.583,-128.695,0.000,52.421,-67.904,1.516,3.254,0.350,2.316
464.077,111.472,-128.584,0.000,59.075,-74.318,0.975,2.882,0.350,2.490
464.083,110.687,-129.788,0.000,61.662,-78.033,1.953,2.696,0.350,2.172
464.089,109.901,-129.003,0.000,64.712,-80.180,3.668,2.485,0.350,1.898
464.094,109.116,-128.218,0.000,69.826,-83.160,3.942,2.161,0.350,1.946
464.100,106.603,-127.530,0.000,72.932,-87.618,2.183,1.852,0.350,1.859
464.105,103.985,-124.912,0.000,75.065,-89.499,0.736,1.591,0.350,1.710
464.111,101.367,-122.610,0.000,77.893,-93.384,-1.631,1.291,0.350,1.665
464.117,98.307,-119.550,0.000,79.269,-93.937,-0.859,1.047,0.350,1.435
464.122,93.870,-116.741,0.000,82.044,-94.850,-0.454,0.650,0.350,1.377
464.128,89.432,-112.303,0.000,82.956,-96.086,1.004,0.356,0.350,1.095
464.133,84.995,-107.204,0.000,84.586,-95.989,1.110,0.022,0.350,0.994
464.139,80.558,-103.096,0.000,82.572,-94.260,3.015,-0.111,0.350,0.527
464.144,74.750,-99.337,0.000,79.542,-92.605,2.319,-0.264,0.349,0.081
464.150,68.607,-93.193,0.000,79.074,-93.255,2.853,-0.576,0.347,0.073
464.156,62.463,-87.050,0.000,77.983,-89.885,2.221,-0.854,0.343,0.018
464.161,56.320,-82.346,0.000,77.339,-90.842,0.996,-1.156,0.339,0.006
464.167,50.177,-76.203,0.000,73.835,-89.988,2.333,-1.301,0.332,-0.362
464.173,43.297,-69.322,0.000,72.328,-88.236,3.677,-1.597,0.325,-0.451
464.178,35.972,-61.998,0.000,69.597,-83.785,3.804,-1.849,0.316,-0.630
464.184,28.651,-67.094,0.000,66.273,-80.852,4.292,-2.069,0.305,-0.834
464.189,21.337,-59.780,0.000,65.039,-78.686,3.223,-2.404,0.294,-0.776
464.195,14.022,-52.465,0.000,63.587,-75.038,2.065,-2.726,0.280,-0.732
464.201,6.701,-52.571,0.000,61.038,-69.356,1.921,-2.989,0.266,-0.830
464.206,-0.627,-44.117,0.000,58.305,-65.045,3.922,-3.241,0.250,-0.923
464.212,-7.996,-36.748,0.000,55.089,-61.049,3.943,-3.470,0.232,-1.056
464.218,-15.366,-29.379,0.000,50.844,-57.234,2.716,-3.642,0.214,-1.289
464.223,-22.735,-23.135,0.000,46.826,-52.805,3.019,-3.826,0.195,-1.411
464.229,-30.104,-15.766,0.000,40.961,-47.714,3.758,-3.909,0.175,-1.719
464.235,-37.473,-8.396,0.000,34.072,-44.266,1.537,-3.935,0.154,-2.059
464.240,-44.659,-3.526,0.000,29.422,-39.384,1.251,-4.074,0.133,-2.093
464.246,-50.980,1.603,0.000,21.149,-33.118,0.064,-3.967,0.112,-2.532
464.252,-57.302,7.924,0.000,13.012,-26.265,-0.876,-3.867,0.092,-2.830
464.257,-63.623,14.246,0.000,3.906,-19.508,-0.669,-3.714,0.073,-3.164
464.263,-69.939,21.160,0.000,-4.359,-12.225,0.446,-3.607,0.054,-3.347
464.268,-76.254,28.069,0.000,-11.195,-7.319,1.554,-3.578,0.035,-3.363
464.274,-80.955,32.770,0.000,-16.038,-4.061,2.332,-3.570,0.017,-3.128
464.280,-85.646,36.867,0.000,-21.847,0.532,0.280,-3.509,-0.002,-3.025
464.285,-90.336,41.558,0.000,-28.223,6.418,-0.732,-3.416,-0.020,-3.050
464.291,-95.027,46.248,0.000,-33.234,10.529,-1.078,-3.399,-0.038,-2.886
464.297,-98.733,49.955,0.000,-39.074,15.667,1.031,-3.281,-0.055,-2.805
464.302,-101.648,52.270,0.000,-45.851,20.158,2.680,-3.069,-0.072,-2.862
464.308,-104.562,55.185,0.000,-52.098,22.397,3.184,-2.886,-0.087,-2.826
464.314,-107.328,58.099,0.000,-57.281,28.354,3.237,-2.753,-0.101,-2.676
464.320,-108.693,59.464,0.000,-62.969,33.290,2.112,-2.515,-0.115,-2.622
464.325,-109.794,60.565,0.000,-71.580,43.008,1.943,-2.102,-0.126,-2.902
464.331,-110.895,61.667,0.000,-77.765,47.312,1.135,-1.822,-0.136,-2.849
464.337,-111.705,62.476,0.000,-84.681,50.473,0.324,-1.486,-0.144,-2.886
464.342,-110.924,61.695,0.000,-88.486,55.782,-1.118,-1.234,-0.151,-2.614
464.348,-109.994,60.310,0.000,-91.560,58.803,-0.549,-1.014,-0.157,-2.288
464.354,-109.214,58.919,0.000,-95.469,63.937,0.833,-0.756,-0.162,-2.203
464.360,-107.598,57.303,0.000,-94.041,64.735,2.046,-0.746,-0.167,-1.541
464.367,-104.984,54.689,0.000,-95.174,63.412,0.113,-0.540,-0.170,-1.193
464.373,-102.221,51.458,0.000,-102.669,69.460,1.381,0.025,-0.171,-1.636
464.379,-99.607,48.844,0.000,-103.609,74.124,1.996,0.220,-0.170,-1.313
464.386,-95.617,44.855,0.000,-107.560,70.987,1.882,0.657,-0.167,-1.339
464.393,-91.035,39.799,0.000,-112.350,66.954,-1.367,1.172,-0.161,-1.467
464.399,-86.601,35.365,0.000,-112.999,64.558,-2.849,1.452,-0.153,-1.207
464.405,-82.167,30.931,0.000,-109.921,65.054,1.094,1.526,-0.145,-0.592
464.411,-77.193,26.580,0.000,-110.862,63.216,3.326,1.852,-0.135,-0.521
464.417,-71.053,20.439,0.000,-112.330,59.998,1.337,2.270,-0.123,-0.507
464.424,-64.912,14.298,0.000,-112.421,60.520,1.368,2.613,-0.109,-0.402
464.430,-58.473,8.157,0.000,-112.214,62.242,2.367,2.956,-0.093,-0.284
464.436,-52.332,2.017,0.000,-109.069,58.060,2.822,3.121,-0.074,0.089
464.443,-46.029,-4.286,0.000,-110.297,55.298,1.748,3.535,-0.055,-0.064
464.450,-38.256,-12.233,0.000,-106.172,51.987,3.898,3.735,-0.032,0.369
464.456,-30.932,-19.557,0.000,-98.578,46.049,2.186,3.721,-0.009,0.962
464.463,-23.607,-26.882,0.000,-97.601,51.165,4.177,4.070,0.015,0.782
464.470,-15.832,-36.109,0.000,-90.875,47.697,3.459,4.127,0.040,1.208
464.476,-8.357,-43.433,0.000,-89.238,41.157,1.493,4.448,0.065,1.023
464.483,-1.032,-50.758,0.000,-84.690,33.677,4.488,4.601,0.093,1.211
464.490,6.318,-58.108,0.000,-74.774,20.669,1.110,4.460,0.120,1.829
464.496,13.990,-66.123,0.000,-68.347,18.113,-0.203,4.529,0.148,2.033
464.503,21.358,-72.845,0.000,-53.517,5.668,-1.001,4.118,0.174,2.912
464.510,29.031,-80.859,0.000,-52.740,2.306,-2.684,4.497,0.201,2.267
464.516,36.707,-88.227,0.000,-49.304,-3.337,3.021,4.731,0.229,2.001
464.523,44.075,-95.596,0.000,-44.039,-11.436,-0.385,4.846,0.257,1.970
464.530,50.890,-102.256,0.000,-38.395,-15.807,2.473,4.911,0.287,2.020
464.536,57.209,-108.575,0.000,-25.059,-20.819,3.731,4.525,0.315,2.781
464.543,63.528,-114.894,0.000,-22.666,-29.958,1.870,4.741,0.343,2.286
464.550,69.847,-121.213,0.000,-19.107,-34.565,7.162,4.892,0.350,2.008
464.556,76.634,-127.532,0.000,-11.529,-45.045,2.548,4.849,0.350,2.231
464.563,82.145,-133.044,0.000,-1.260,-53.683,5.802,4.587,0.350,2.651
464.570,86.989,-138.383,0.000,11.795,-65.125,5.106,4.136,0.350,3.202
464.576,91.834,-142.418,0.000,16.526,-73.529,2.780,4.142,0.350,2.874
464.583,96.521,-147.105,0.000,20.964,-79.151,4.802,4.156,0.350,2.556
464.589,101.109,-151.693,0.000,23.369,-88.095,0.286,4.276,0.350,2.147
464.596,104.337,-155.256,0.000,30.630,-91.938,2.040,4.054,0.350,2.290
464.603,107.569,-158.167,0.000,37.887,-102.507,1.116,3.833,0.350,2.369
464.609,110.479,-161.077,0.000,43.718,-110.893,0.934,3.672,0.350,2.358
464.616,112.744,-163.342,0.000,49.180,-111.206,3.793,3.496,0.350,2.264
464.623,114.827,-164.439,0.000,53.770,-117.013,1.539,3.358,0.350,2.160
464.629,115.924,-165.535,0.000,60.348,-117.179,4.298,3.057,0.350,2.231
464.636,117.020,-166.632,0.000,66.300,-119.416,6.977,2.790,0.350,2.246
464.643,118.257,-169.850,0.000,69.307,-124.459,4.003,2.692,0.350,1.953
464.650,117.472,-169.065,0.000,72.812,-118.910,4.961,2.456,0.350,1.811
464.656,116.687,-168.280,0.000,80.121,-123.489,2.590,2.011,0.350,2.070
464.663,116.988,-169.585,0.000,82.058,-125.297,0.755,1.921,0.350,1.748
464.670,114.449,-167.046,0.000,82.235,-126.131,2.151,1.772,0.350,1.336
464.676,111.831,-164.428,0.000,85.907,-131.258,-0.103,1.426,0.350,1.294
464.683,109.212,-161.810,0.000,90.139,-135.750,1.984,1.049,0.350,1.389
464.690,106.880,-159.434,0.000,92.368,-134.174,2.637,0.798,0.350,1.216
464.697,102.443,-154.996,0.000,92.165,-137.905,3.688,0.565,0.350,0.920
464.703,98.785,-151.276,0.000,94.924,-136.550,4.914,0.212,0.350,0.911
464.710,94.348,-146.838,0.000,95.678,-141.425,4.792,-0.073,0.350,0.766
464.717,89.910,-142.401,0.000,95.015,-146.242,1.198,-0.281,0.348,0.470
464.723,85.093,-136.569,0.000,95.136,-146.578,3.950,-0.552,0.345,0.380
464.730,79.368,-130.426,0.000,95.124,-141.258,3.452,-0.867,0.341,0.281
464.736,73.225,-124.282,0.000,96.587,-143.678,3.059,-1.285,0.335,0.376
464.742,67.082,-118.139,0.000,92.507,-139.980,2.431,-1.398,0.327,-0.102
464.749,61.365,-111.996,0.000,91.371,-135.700,3.304,-1.650,0.318,-0.199
464.755,54.910,-105.105,0.000,86.514,-132.783,4.239,-1.738,0.307,-0.603
464.762,47.596,-97.791,0.000,85.465,-134.170,3.702,-2.083,0.296,-0.539
464.769,42.106,-90.473,0.000,78.808,-137.223,2.967,-2.019,0.283,-1.009
464.775,34.781,-83.149,0.000,76.461,-119.156,5.372,-2.292,0.270,-0.995
464.782,27.456,-75.824,0.000,72.228,-111.434,5.595,-2.462,0.255,-1.137
464.789,20.855,-68.500,0.000,65.697,-107.758,4.262,-2.466,0.240,-1.434
464.796,13.526,-61.171,0.000,62.024,-105.875,1.348,-2.667,0.224,-1.452
464.802,6.157,-53.802,0.000,57.545,-96.177,2.816,-2.826,0.207,-1.488
464.809,0.564,-46.432,0.000,51.090,-85.656,4.626,-2.779,0.190,-1.736
464.816,-6.805,-39.063,0.000,46.971,-79.225,3.279,-2.958,0.172,-1.697
464.822,-14.174,-31.694,0.000,40.337,-72.151,2.128,-2.998,0.154,-1.892
464.829,-21.543,-24.325,0.000,37.767,-66.749,2.528,-3.262,0.134,-1.678
464.836,-28.182,-17.155,0.000,31.180,-61.807,3.055,-3.265,0.114,-1.859
464.843,-34.504,-10.117,0.000,24.581,-50.012,2.715,-3.250,0.094,-1.963
464.849,-40.825,-3.085,0.000,17.333,-40.127,2.390,-3.199,0.074,-2.170
464.856,-47.414,3.939,0.000,10.614,-32.868,4.988,-3.191,0.055,-2.272
464.863,-53.735,10.261,0.000,5.151,-31.256,4.263,-3.239,0.035,-2.209
464.870,-59.773,17.953,0.000,-2.143,-26.488,4.295,-3.170,0.016,-2.308
464.876,-64.463,23.327,0.000,-12.557,-14.908,3.994,-2.855,-0.003,-2.729
464.883,-69.154,28.018,0.000,-16.403,-8.492,2.803,-2.901,-0.021,-2.422
464.890,-73.844,32.708,0.000,-24.844,-2.794,2.192,-2.695,-0.038,-2.555
464.897,-78.535,39.413,0.000,-26.881,-1.063,2.132,-2.841,-0.055,-2.125
464.903,-82.479,43.748,0.000,-33.723,6.543,2.163,-2.682,-0.071,-2.198
464.910,-85.394,46.663,0.000,-39.497,10.497,2.734,-2.524,-0.087,-2.208
464.917,-88.041,50.877,0.000,-46.061,17.078,1.770,-2.309,-0.101,-2.246
464.924,-91.221,53.790,0.000,-51.397,24.154,2.061,-2.190,-0.115,-2.205
464.930,-92.555,55.124,0.000,-55.933,29.762,2.062,-2.014,-0.128,-2.056
464.937,-93.655,56.223,0.000,-60.105,31.130,1.421,-1.845,-0.140,-1.936
464.944,-94.755,57.323,0.000,-63.970,34.578,1.626,-1.693,-0.151,-1.819
464.951,-95.275,60.013,0.000,-67.511,42.600,2.588,-1.527,-0.161,-1.732
464.957,-94.494,59.232,0.000,-68.875,44.547,2.474,-1.409,-0.169,-1.404
464.964,-93.713,61.504,0.000,-72.252,46.324,4.519,-1.180,-0.177,-1.352
464.971,-92.932,60.723,0.000,-75.649,50.820,2.895,-0.951,-0.183,-1.344
464.977,-91.295,59.086,0.000,-77.779,57.442,2.083,-0.743,-0.188,-1.231
464.984,-89.474,57.652,0.000,-84.445,62.179,2.911,-0.277,-0.191,-1.515
464.991,-86.860,55.038,0.000,-85.406,66.191,4.087,-0.080,-0.192,-1.239
464.998,-84.245,52.424,0.000,-90.896,70.696,2.956,0.366,-0.190,-1.460
465.005,-80.234,48.413,0.000,-89.716,70.988,1.185,0.521,-0.188,-0.980
465.011,-77.565,44.567,0.000,-95.308,70.481,1.904,0.976,-0.182,-1.223
465.018,-73.137,40.140,0.000,-97.044,80.731,4.439,1.315,-0.175,-1.070
465.025,-68.710,35.712,0.000,-93.562,76.373,1.508,1.367,-0.166,-0.446
465.032,-65.815,50.601,0.000,-93.421,78.910,-2.012,1.518,-0.157,-0.309
465.038,-59.674,44.461,0.000,-92.750,79.222,1.802,1.819,-0.147,-0.177
465.045,-54.826,41.229,0.000,-92.077,75.349,1.621,2.049,-0.134,-0.047
465.052,-48.685,35.088,0.000,-92.738,79.213,4.839,2.423,-0.120,-0.087
465.059,-43.173,28.956,0.000,-86.688,77.345,5.161,2.393,-0.106,0.481
465.065,-36.874,22.657,0.000,-88.664,73.455,3.036,2.848,-0.089,0.197
465.072,-29.560,15.342,0.000,-81.066,68.674,3.705,2.833,-0.072,0.857
465.079,-24.001,11.331,0.000,-74.899,63.964,3.577,2.799,-0.055,1.216
465.086,-16.677,4.007,0.000,-70.352,59.390,-2.057,2.952,-0.036,1.374
465.092,-10.456,-0.338,0.000,-65.366,54.789,-1.051,3.020,-0.018,1.470
465.099,-3.132,-7.662,0.000,-63.740,50.365,-1.518,3.333,0.002,1.272
465.106,4.193,-14.986,0.000,-56.917,48.420,3.650,3.361,0.022,1.599
465.113,11.543,-22.337,0.000,-50.058,43.995,5.378,3.388,0.043,1.825
465.119,19.092,-27.796,0.000,-44.806,37.103,2.182,3.514,0.064,1.895
465.126,26.460,-34.903,0.000,-42.079,42.655,6.332,3.770,0.087,1.660
465.133,33.828,-42.271,0.000,-31.295,32.259,6.485,3.582,0.108,2.233
465.139,41.196,-49.901,0.000,-27.322,32.051,3.731,3.769,0.131,2.061
465.146,48.565,-57.269,0.000,-24.896,24.075,2.576,4.040,0.155,1.740
465.153,55.223,-63.928,0.000,-22.754,15.629,-1.818,4.289,0.180,1.514
465.159,61.542,-68.471,0.000,-17.601,15.976,5.153,4.353,0.207,1.615
465.166,67.861,-74.790,0.000,-7.756,5.450,1.870,4.159,0.232,2.116
465.173,74.180,-81.109,0.000,-2.945,2.192,2.428,4.242,0.258,2.055
465.179,80.319,-84.227,0.000,4.728,-6.462,3.231,4.157,0.283,2.243
465.186,85.827,-89.735,0.000,8.416,-13.056,0.936,4.258,0.309,2.018
465.193,90.514,-94.422,0.000,14.996,-18.639,4.244,4.153,0.335,2.181
465.199,95.381,-98.686,0.000,25.294,-28.680,0.776,3.855,0.350,2.614
465.206,100.068,-103.373,0.000,30.170,-36.701,-3.007,3.844,0.350,2.420
465.213,104.652,-107.958,0.000,38.995,-39.462,0.899,3.611,0.350,2.601
465.219,107.383,-110.453,0.000,40.413,-43.785,1.903,3.683,0.350,2.050
465.226,110.473,-112.956,0.000,49.782,-44.629,5.466,3.338,0.350,2.420
465.233,113.384,-115.866,0.000,57.383,-49.736,6.372,3.080,0.350,2.508
465.239,115.645,-118.127,0.000,64.734,-64.012,1.732,2.800,0.350,2.559
465.246,116.741,-118.824,0.000,70.148,-62.242,7.201,2.563,0.350,2.421
465.253,117.838,-119.921,0.000,77.736,-68.592,1.800,2.206,0.350,2.543
465.259,118.935,-121.017,0.000,80.317,-63.953,2.468,2.124,0.350,2.158
465.266,118.792,-120.875,0.000,84.713,-63.736,3.705,1.874,0.350,2.014
465.273,118.007,-120.090,0.000,89.663,-69.731,1.895,1.559,0.350,1.965
465.279,118.525,-117.587,0.000,100.265,-76.778,5.109,1.004,0.350,2.467
465.286,118.126,-116.801,0.000,103.436,-79.645,3.731,0.808,0.350,2.164
465.292,115.583,-114.259,0.000,105.658,-84.717,-1.343,0.546,0.350,1.845
465.299,112.965,-111.640,0.000,107.381,-85.659,-1.335,0.307,0.350,1.522
465.305,110.347,-109.022,0.000,111.080,-86.124,0.716,-0.040,0.350,1.480
465.312,108.665,-105.568,0.000,111.095,-88.465,2.785,-0.134,0.349,1.108
465.318,104.436,-100.950,0.000,112.183,-87.313,4.557,-0.426,0.348,0.961
465.325,100.636,-96.513,0.000,109.503,-83.476,4.637,-0.488,0.345,0.438
465.332,97.077,-92.075,0.000,112.547,-83.698,4.330,-0.851,0.340,0.558
465.338,92.640,-87.638,0.000,107.869,-85.978,2.950,-0.838,0.335,0.002
465.345,86.804,-81.802,0.000,107.362,-76.081,7.028,-1.131,0.328,-0.055
465.352,82.044,-75.659,0.000,104.889,-71.415,5.859,-1.256,0.321,-0.296
465.359,76.624,-69.696,0.000,104.250,-72.680,3.582,-1.519,0.313,-0.254
465.365,70.727,-63.553,0.000,101.960,-66.821,3.082,-1.718,0.302,-0.435
465.372,65.594,-57.409,0.000,100.235,-62.002,3.492,-1.905,0.291,-0.466
465.379,59.746,-50.510,0.000,97.972,-63.149,1.292,-2.102,0.278,-0.596
465.385,52.421,-43.185,0.000,95.130,-67.211,-0.293,-2.349,0.264,-0.714
465.392,46.758,-35.861,0.000,94.201,-58.948,1.919,-2.609,0.249,-0.621
465.399,39.434,-28.536,0.000,92.627,-57.027,2.593,-2.926,0.232,-0.603
465.406,34.184,-21.031,0.000,88.129,-53.217,1.578,-2.967,0.214,-0.882
465.412,26.859,-13.707,0.000,83.248,-46.354,2.860,-3.101,0.195,-1.156
465.419,24.165,-6.377,0.000,80.529,-42.956,3.568,-3.100,0.176,-1.117
465.426,18.250,0.992,0.000,75.394,-42.246,3.605,-3.143,0.157,-1.306
465.433,10.881,8.361,0.000,71.795,-35.217,1.967,-3.350,0.136,-1.327
465.439,6.207,15.730,0.000,67.638,-25.457,0.113,-3.379,0.115,-1.392
465.446,-0.761,23.099,0.000,61.145,-16.966,0.742,-3.405,0.095,-1.622
465.453,-8.130,30.468,0.000,54.184,-10.312,0.722,-3.427,0.074,-1.866
465.459,-15.295,37.633,0.000,48.915,-5.522,1.694,-3.532,0.053,-1.926
465.466,-21.616,43.954,0.000,41.282,5.705,1.758,-3.459,0.031,-2.184
465.473,-24.574,50.276,0.000,37.217,16.562,3.557,-3.399,0.010,-2.045
465.479,-30.896,56.597,0.000,32.362,25.606,5.270,-3.479,-0.011,-1.974
465.486,-37.217,62.919,0.000,25.239,34.133,5.338,-3.435,-0.032,-2.116
465.493,-41.726,69.215,0.000,16.671,42.578,3.597,-3.212,-0.052,-2.384
465.500,-46.416,73.905,0.000,13.123,49.538,1.552,-3.275,-0.072,-2.156
465.506,-51.106,78.596,0.000,8.075,53.598,1.411,-3.255,-0.092,-2.051
465.513,-54.875,83.106,0.000,0.363,62.079,1.697,-3.038,-0.110,-2.222
465.520,-59.566,87.796,0.000,-8.244,72.592,1.446,-2.823,-0.128,-2.511
465.527,-63.233,91.464,0.000,-10.532,77.620,3.073,-2.899,-0.146,-2.107
465.533,-66.148,94.378,0.000,-16.050,81.564,3.571,-2.755,-0.163,-2.059
465.540,-69.062,97.293,0.000,-22.133,86.446,4.238,-2.581,-0.179,-2.118
465.547,-71.977,100.207,0.000,-27.294,94.108,2.626,-2.458,-0.194,-2.116
465.553,-73.302,101.532,0.000,-27.073,95.594,2.657,-2.543,-0.210,-1.567
465.560,-73.463,102.634,0.000,-35.827,100.597,3.424,-2.070,-0.223,-1.981
465.567,-74.564,103.735,0.000,-40.714,108.141,3.836,-1.862,-0.235,-1.959
465.573,-75.804,104.683,0.000,-44.862,111.767,3.758,-1.702,-0.246,-1.877
465.580,-75.024,103.902,0.000,-48.749,112.656,2.882,-1.445,-0.256,-1.776
465.587,-73.770,103.121,0.000,-49.780,112.577,3.840,-1.319,-0.264,-1.379
465.594,-72.990,102.341,0.000,-56.400,117.940,5.601,-0.912,-0.270,-1.642
465.600,-70.856,100.685,0.000,-58.726,117.455,4.268,-0.667,-0.275,-1.473
465.607,-68.242,98.071,0.000,-62.844,120.708,4.269,-0.297,-0.277,-1.504
465.614,-65.628,95.457,0.000,-64.792,126.624,8.179,-0.046,-0.278,-1.283
465.620,-63.014,92.842,0.000,-66.824,123.420,3.287,0.210,-0.277,-1.138
465.627,-59.462,88.813,0.000,-68.747,128.005,-0.128,0.511,-0.275,-1.084
465.634,-55.028,84.379,0.000,-69.542,124.694,2.428,0.798,-0.271,-0.911
465.641,-50.594,79.945,0.000,-70.032,118.336,0.035,1.069,-0.265,-0.735
465.647,-46.633,75.512,0.000,-71.353,125.127,3.151,1.360,-0.257,-0.660
465.654,-41.621,70.500,0.000,-65.286,126.074,3.285,1.302,-0.250,0.016
465.661,-35.481,64.359,0.000,-68.830,124.756,1.531,1.834,-0.240,-0.331
465.668,-29.340,58.219,0.000,-63.885,127.230,5.245,1.900,-0.228,0.208
465.675,-23.199,52.078,0.000,-59.637,122.329,5.342,2.004,-0.216,0.566
465.681,-17.058,45.937,0.000,-59.057,119.666,2.638,2.310,-0.202,0.466
465.688,-11.197,39.608,0.000,-53.383,115.845,2.701,2.320,-0.188,0.875
465.695,-5.697,32.284,0.000,-52.407,109.024,0.099,2.569,-0.173,0.767
465.701,1.627,24.959,0.000,-50.706,110.885,3.760,2.878,-0.156,0.713
465.708,8.951,17.635,0.000,-44.308,102.743,1.969,2.929,-0.138,1.139
465.715,16.276,10.311,0.000,-37.071,98.463,4.749,2.934,-0.121,1.513
465.722,23.600,2.986,0.000,-32.724,92.847,5.311,3.098,-0.102,1.531
465.728,30.924,-4.338,0.000,-30.296,88.554,1.486,3.367,-0.082,1.360
465.735,28.426,-11.157,0.000,-29.143,83.494,4.693,3.166,-0.064,1.089
465.742,35.794,-18.525,0.000,-25.458,71.987,1.184,3.369,-0.044,1.181
465.748,43.162,-25.893,0.000,-18.092,66.132,2.264,3.369,-0.023,1.612
465.755,38.573,-32.399,0.000,-9.658,53.614,1.458,2.653,-0.005,1.967
465.762,43.228,-39.431,0.000,-4.287,42.871,-1.924,2.613,0.011,1.985
465.768,50.596,-46.799,0.000,-1.914,40.398,3.489,2.888,0.028,1.688
465.775,57.234,-53.436,0.000,1.999,31.664,3.360,3.038,0.046,1.641
465.782,59.923,-58.932,0.000,6.122,29.465,3.957,2.959,0.064,1.640
465.788,65.251,-65.251,0.000,11.587,21.754,6.327,2.951,0.081,1.687
465.795,71.570,-71.570,0.000,14.968,12.959,2.341,3.113,0.100,1.572
465.801,79.737,-77.889,0.000,21.416,13.988,4.942,3.208,0.119,1.801
465.808,85.212,-83.364,0.000,31.411,3.390,3.482,2.959,0.137,2.259
465.815,89.899,-88.051,0.000,36.680,-2.079,-0.539,2.927,0.154,2.208
465.822,95.656,-93.395,0.000,40.498,-3.937,3.067,3.034,0.173,1.990
465.828,100.526,-98.082,0.000,41.393,-12.574,0.894,3.252,0.192,1.589
465.834,105.075,-102.631,0.000,47.157,-11.964,0.591,3.185,0.211,1.762
465.841,107.985,-105.542,0.000,51.372,-22.056,1.615,3.114,0.229,1.702
465.847,110.896,-108.452,0.000,54.350,-29.873,2.537,3.110,0.247,1.580
465.854,113.806,-111.363,0.000,61.333,-35.538,2.389,2.886,0.264,1.849
465.860,116.031,-113.588,0.000,66.641,-36.352,1.564,2.716,0.280,1.874
465.866,117.128,-114.684,0.000,72.355,-45.806,0.852,2.462,0.295,2.030
465.873,118.224,-115.781,0.000,76.161,-45.742,1.235,2.313,0.310,1.904
465.879,119.321,-116.878,0.000,82.665,-47.081,5.384,2.016,0.322,2.034
465.886,118.240,-118.064,0.000,84.918,-53.599,2.129,1.833,0.333,1.778
465.892,117.455,-117.279,0.000,90.127,-55.167,2.313,1.503,0.343,1.810
465.899,116.670,-116.493,0.000,94.445,-60.042,3.015,1.222,0.350,1.732
465.906,115.884,-115.708,0.000,95.357,-67.115,2.363,1.129,0.350,1.366
465.912,112.437,-113.129,0.000,101.745,-70.932,2.919,0.588,0.350,1.631
465.919,109.819,-110.511,0.000,106.850,-76.882,2.697,0.163,0.350,1.726
465.926,107.030,-107.893,0.000,108.046,-79.040,0.459,-0.056,0.350,1.427
465.933,103.904,-104.767,0.000,110.929,-78.676,3.224,-0.386,0.348,1.315
465.939,99.467,-100.329,0.000,112.215,-78.029,2.756,-0.701,0.345,1.144
465.946,95.030,-95.892,0.000,111.758,-77.412,1.430,-0.920,0.339,0.790
465.953,90.592,-91.455,0.000,108.021,-77.181,3.246,-0.959,0.334,0.251
465.959,86.325,-87.017,0.000,109.139,-77.952,4.691,-1.255,0.326,0.241
465.966,80.455,-81.148,0.000,104.779,-78.026,1.696,-1.338,0.318,-0.154
465.973,74.312,-75.004,0.000,103.705,-71.990,1.413,-1.617,0.309,-0.252
465.980,67.999,-69.037,0.000,101.426,-71.025,2.405,-1.838,0.298,-0.386
465.986,61.686,-62.894,0.000,98.515,-67.421,2.666,-2.026,0.286,-0.560
465.993,55.543,-56.751,0.000,95.396,-65.869,2.731,-2.192,0.273,-0.735
466.000,48.620,-49.828,0.000,92.352,-55.049,1.627,-2.405,0.259,-0.833
466.006,41.465,-42.681,0.000,90.539,-53.795,0.916,-2.699,0.243,-0.809
466.013,34.140,-35.356,0.000,88.055,-49.105,1.588,-2.965,0.226,-0.819
466.020,27.157,-28.210,0.000,82.512,-43.359,1.504,-3.045,0.207,-1.170
466.027,20.005,-20.886,0.000,78.772,-38.327,1.897,-3.232,0.188,-1.203
466.033,12.680,-13.561,0.000,71.385,-37.206,2.188,-3.229,0.168,-1.588
466.040,5.350,-6.231,0.000,66.182,-39.006,1.871,-3.346,0.148,-1.698
466.047,-0.958,1.138,0.000,60.718,-27.636,2.415,-3.392,0.127,-1.802
466.053,-8.327,8.507,0.000,58.131,-17.951,1.645,-3.655,0.105,-1.594
466.060,-15.696,15.876,0.000,50.508,-13.656,0.804,-3.641,0.084,-1.850
466.067,-23.065,23.245,0.000,43.608,-9.845,0.306,-3.667,0.060,-2.079
466.074,-29.511,29.885,0.000,38.665,-3.994,1.449,-3.750,0.038,-2.014
466.080,-36.655,37.029,0.000,32.266,2.049,3.445,-3.791,0.015,-2.065
466.087,-42.977,43.350,0.000,23.953,7.589,3.823,-3.681,-0.007,-2.325
466.094,-49.486,49.298,0.000,17.023,16.213,0.912,-3.658,-0.030,-2.393
466.100,-55.807,55.619,0.000,9.372,22.971,-0.435,-3.585,-0.052,-2.547
466.107,-62.129,61.941,0.000,1.656,28.635,1.528,-3.508,-0.073,-2.609
466.114,-68.392,67.242,0.000,-8.192,35.756,2.618,-3.311,-0.094,-2.831
466.121,-72.895,71.735,0.000,-15.923,38.275,3.111,-3.133,-0.114,-2.857
466.127,-77.586,76.426,0.000,-24.797,44.756,2.818,-2.903,-0.132,-2.979
466.134,-82.276,80.513,0.000,-29.357,52.972,0.712,-2.911,-0.149,-2.669
466.141,-86.962,85.200,0.000,-34.675,59.095,0.438,-2.876,-0.167,-2.474
466.147,-90.592,88.829,0.000,-42.278,67.443,-0.019,-2.657,-0.183,-2.546
466.154,-93.504,91.121,0.000,-48.986,70.404,-0.795,-2.448,-0.199,-2.572
466.161,-96.418,94.036,0.000,-54.155,76.113,-0.624,-2.324,-0.213,-2.408
466.168,-99.333,96.950,0.000,-60.684,84.766,-0.755,-2.126,-0.227,-2.402
466.174,-100.628,98.245,0.000,-64.986,90.468,-0.046,-1.960,-0.239,-2.218
466.181,-101.915,98.922,0.000,-68.451,95.292,1.302,-1.841,-0.251,-1.982
466.188,-102.828,98.930,0.000,-72.644,102.167,2.566,-1.660,-0.261,-1.889
466.194,-103.568,99.669,0.000,-78.109,105.925,1.909,-1.400,-0.270,-1.889
466.201,-102.975,98.207,0.000,-83.942,106.654,1.070,-1.047,-0.277,-1.970
466.208,-102.194,96.724,0.000,-88.739,110.133,0.083,-0.740,-0.282,-1.915
466.215,-101.413,95.944,0.000,-91.543,115.902,1.245,-0.543,-0.286,-1.695
466.221,-99.729,94.260,0.000,-95.061,115.887,1.285,-0.257,-0.288,-1.560
466.228,-97.115,89.666,0.000,-98.055,118.585,0.016,0.052,-0.288,-1.441
466.235,-94.687,86.793,0.000,-103.193,121.365,-0.646,0.468,-0.286,-1.566
466.242,-92.073,84.179,0.000,-102.072,118.064,0.035,0.550,-0.283,-1.083
466.248,-88.384,79.329,0.000,-104.064,109.972,-1.038,0.862,-0.278,-0.939
466.255,-83.950,74.895,0.000,-105.230,121.933,0.867,1.170,-0.272,-0.824
466.262,-79.516,70.462,0.000,-104.696,121.798,1.567,1.385,-0.263,-0.564
466.269,-75.082,66.028,0.000,-105.888,118.074,-1.117,1.694,-0.254,-0.538
466.275,-70.045,60.448,0.000,-103.977,115.994,-0.780,1.866,-0.243,-0.252
466.282,-63.904,54.307,0.000,-102.582,113.601,2.036,2.127,-0.231,-0.083
466.289,-57.763,48.166,0.000,-99.406,108.614,-1.526,2.290,-0.217,0.266
466.296,-51.623,42.026,0.000,-99.480,108.390,0.278,2.632,-0.201,0.169
466.302,-45.482,35.885,0.000,-92.938,104.259,3.416,2.610,-0.185,0.735
466.309,-39.135,29.262,0.000,-90.821,96.913,0.705,2.843,-0.168,0.759
466.316,-31.810,21.938,0.000,-90.531,94.001,0.603,3.230,-0.149,0.595
466.323,-24.486,14.614,0.000,-81.906,85.205,0.068,3.158,-0.129,1.256
466.330,-17.343,6.159,0.000,-80.919,82.233,-0.223,3.497,-0.109,1.036
466.336,-10.019,-1.166,0.000,-78.157,82.033,3.256,3.748,-0.086,1.014
466.343,-2.695,-8.490,0.000,-72.040,71.391,-1.501,3.814,-0.063,1.356
466.350,4.630,-15.814,0.000,-65.721,62.414,-5.377,3.869,-0.040,1.574
466.357,10.238,-23.457,0.000,-61.581,56.959,-0.441,3.950,-0.015,1.591
466.363,17.606,-30.825,0.000,-56.532,48.047,0.011,4.078,0.009,1.742
466.369,24.474,-38.783,0.000,-51.938,43.722,1.281,4.203,0.033,1.784
466.376,31.842,-46.151,0.000,-46.293,42.082,2.512,4.297,0.059,1.850
466.383,39.210,-53.519,0.000,-40.285,31.167,1.135,4.372,0.085,2.007
466.389,46.578,-60.887,0.000,-34.800,28.025,-1.334,4.476,0.112,2.014
466.396,53.200,-68.417,0.000,-31.008,23.096,0.733,4.631,0.139,1.866
466.402,59.519,-74.736,0.000,-21.496,12.431,-1.050,4.456,0.167,2.311
466.409,65.838,-81.992,0.000,-16.425,5.534,-1.348,4.524,0.195,2.214
466.416,71.992,-88.630,0.000,-10.322,2.920,-0.910,4.527,0.221,2.206
466.422,78.311,-94.949,0.000,-6.170,-6.102,-1.250,4.646,0.247,2.064
466.428,83.762,-100.399,0.000,0.260,-9.631,1.028,4.593,0.272,2.165
466.434,88.449,-105.734,0.000,8.801,-13.353,0.550,4.381,0.297,2.479
466.440,92.809,-110.750,0.000,15.839,-20.032,2.854,4.233,0.320,2.572
466.447,97.659,-115.770,0.000,21.586,-28.762,0.996,4.184,0.346,2.486
466.454,102.181,-120.292,0.000,30.269,-38.127,-0.541,3.955,0.350,2.643
466.460,105.256,-123.202,0.000,38.289,-45.442,-0.648,3.683,0.350,2.767
466.466,108.166,-126.113,0.000,43.132,-54.761,-3.023,3.577,0.350,2.614
466.472,111.076,-129.359,0.000,45.652,-60.514,-2.835,3.598,0.350,2.239
466.478,113.438,-131.896,0.000,49.673,-60.774,0.419,3.507,0.350,2.095
466.485,114.535,-133.336,0.000,58.395,-65.600,1.387,3.088,0.350,2.368
466.491,115.632,-134.433,0.000,59.138,-72.926,3.550,3.107,0.350,1.874
466.498,116.894,-138.408,0.000,65.767,-75.773,3.503,2.812,0.350,1.972
466.505,116.686,-138.199,0.000,68.297,-81.013,2.408,2.661,0.350,1.717
466.511,115.901,-137.414,0.000,74.149,-89.287,-1.098,2.296,0.350,1.880
466.518,115.282,-154.051,0.000,74.008,-90.004,-0.745,2.270,0.350,1.401
466.525,114.497,-155.516,0.000,83.621,-92.899,0.298,1.698,0.350,1.955
466.531,111.890,-152.909,0.000,78.916,-98.546,1.685,1.814,0.350,1.055
466.538,109.272,-150.290,0.000,86.280,-99.018,3.278,1.265,0.350,1.460
466.545,106.821,-150.609,0.000,88.353,-100.587,6.051,1.016,0.350,1.314
466.552,103.837,-147.456,0.000,89.157,-110.125,0.062,0.807,0.350,1.024
466.558,99.399,-143.018,0.000,93.727,-113.179,-0.668,0.312,0.350,1.185
466.565,95.824,-137.982,0.000,95.756,-116.983,0.152,0.004,0.350,1.079
466.572,91.387,-133.545,0.000,93.574,-121.160,0.392,-0.120,0.349,0.611
466.578,88.966,-131.538,0.000,93.073,-118.531,1.256,-0.226,0.348,0.405
466.585,83.652,-128.168,0.000,90.586,-114.348,0.120,-0.381,0.346,0.057
466.592,77.509,-122.024,0.000,88.252,-122.517,1.679,-0.591,0.342,-0.206
466.599,71.366,-115.881,0.000,86.033,-129.972,0.735,-0.807,0.338,-0.346
466.605,67.066,-110.384,0.000,83.205,-124.691,1.224,-0.888,0.333,-0.493
466.612,62.468,-104.894,0.000,81.283,-119.499,-1.733,-1.035,0.327,-0.546
466.619,56.222,-97.953,0.000,77.375,-117.855,0.561,-1.163,0.321,-0.750
466.625,48.897,-90.628,0.000,74.596,-116.535,0.537,-1.413,0.312,-0.857
466.632,43.278,-83.304,0.000,73.142,-115.156,2.200,-1.642,0.303,-0.796
466.639,35.954,-75.979,0.000,69.174,-110.871,2.532,-1.827,0.292,-0.967
466.645,28.629,-68.655,0.000,65.757,-105.007,2.550,-2.042,0.279,-1.057
466.652,21.815,-61.330,0.000,60.865,-98.450,1.710,-2.148,0.266,-1.270
466.659,14.227,-53.999,0.000,59.938,-93.302,2.495,-2.514,0.252,-1.053
466.666,6.858,-46.630,0.000,54.241,-86.331,2.111,-2.606,0.236,-1.309
466.672,-0.511,-39.261,0.000,51.201,-83.846,0.812,-2.844,0.219,-1.284
466.679,-7.624,-31.892,0.000,46.465,-79.105,3.060,-2.975,0.201,-1.381
466.686,-14.993,-24.522,0.000,38.389,-65.054,0.855,-2.936,0.183,-1.793
466.693,-20.214,-17.153,0.000,33.197,-54.654,-0.504,-2.938,0.165,-1.811
466.699,-27.342,-10.025,0.000,24.763,-49.579,3.001,-2.866,0.147,-2.130
466.706,-32.811,-3.704,0.000,18.112,-44.591,2.517,-2.801,0.130,-2.221
466.713,-38.253,2.618,0.000,11.315,-29.023,1.752,-2.726,0.113,-2.306
466.720,-44.574,8.939,0.000,6.227,-17.345,-1.206,-2.794,0.096,-2.191
466.726,-47.423,15.260,0.000,0.303,-12.971,2.324,-2.625,0.080,-2.164
466.733,-53.661,21.499,0.000,-10.229,-8.620,5.566,-2.389,0.065,-2.611
466.740,-58.352,26.190,0.000,-14.604,-5.682,3.235,-2.406,0.050,-2.371
466.747,-62.024,30.880,0.000,-21.232,7.033,2.211,-2.244,0.035,-2.398
466.753,-66.714,35.571,0.000,-23.398,13.146,1.614,-2.382,0.021,-2.006
466.760,-71.058,40.261,0.000,-32.117,16.803,1.761,-2.142,0.008,-2.287
466.767,-74.663,43.866,0.000,-37.766,23.121,1.417,-2.029,-0.005,-2.295
466.773,-77.227,46.781,0.000,-41.506,27.385,2.356,-1.965,-0.017,-2.074
466.780,-80.142,49.695,0.000,-46.855,30.367,3.967,-1.831,-0.028,-2.020
466.787,-83.056,52.610,0.000,-53.582,29.486,2.687,-1.621,-0.038,-2.135
466.794,-84.318,53.871,0.000,-59.834,35.083,2.426,-1.347,-0.048,-2.223
466.800,-85.419,54.973,0.000,-62.875,37.788,2.498,-1.240,-0.056,-1.971
466.807,-86.518,56.072,0.000,-67.620,40.531,3.997,-1.039,-0.062,-1.892
466.814,-87.224,56.778,0.000,-71.597,43.388,4.094,-0.859,-0.068,-1.798
466.820,-86.444,55.998,0.000,-76.083,48.171,3.505,-0.570,-0.072,-1.793
466.827,-85.665,55.219,0.000,-77.624,50.663,3.683,-0.442,-0.076,-1.540
466.834,-84.884,54.438,0.000,-82.524,52.954,3.329,-0.130,-0.077,-1.613
466.841,-82.821,52.729,0.000,-85.282,57.795,4.659,0.135,-0.077,-1.460
466.847,-80.207,50.115,0.000,-89.403,59.119,2.340,0.506,-0.075,-1.480
466.854,-77.593,47.501,0.000,-90.306,60.698,1.451,0.699,-0.071,-1.196
466.861,-75.333,44.887,0.000,-91.492,63.680,2.142,0.889,-0.066,-1.016
466.867,-71.251,40.804,0.000,-90.939,67.248,5.381,1.083,-0.060,-0.708
466.874,-66.817,37.023,0.000,-90.921,66.672,4.097,1.326,-0.052,-0.481
466.881,-62.383,32.589,0.000,-94.688,72.415,4.324,1.777,-0.042,-0.715
466.888,-57.595,28.156,0.000,-96.708,75.521,4.137,2.151,-0.029,-0.729
466.894,-52.534,23.095,0.000,-95.288,74.710,3.002,2.351,-0.015,-0.437
466.901,-46.393,16.954,0.000,-94.438,72.733,2.861,2.642,0.000,-0.233
466.908,-40.253,10.813,0.000,-93.921,71.775,5.180,2.952,0.018,-0.163
466.915,-34.112,4.672,0.000,-92.830,66.097,4.338,3.229,0.037,-0.002
466.921,-27.613,-1.468,0.000,-91.691,68.679,5.315,3.524,0.058,0.090
466.928,-21.250,-7.832,0.000,-82.818,57.884,2.948,3.386,0.079,0.896
466.935,-13.564,-14.510,0.000,-80.148,55.561,0.928,3.662,0.101,0.924
466.942,-6.240,-21.834,0.000,-76.202,47.222,3.540,3.848,0.125,1.069
466.948,1.085,-29.158,0.000,-70.901,35.698,2.037,3.959,0.148,1.276
466.955,8.409,-36.483,0.000,-67.499,38.551,9.646,4.175,0.174,1.293
466.962,15.733,-43.807,0.000,-55.861,30.577,7.475,3.938,0.198,2.055
466.969,23.058,-51.131,0.000,-51.884,29.131,8.314,4.122,0.223,1.918
466.975,30.049,-58.484,0.000,-42.915,22.973,9.024,4.013,0.248,2.269
466.982,37.417,-65.852,0.000,-42.888,16.653,3.615,4.417,0.274,1.699
466.989,44.785,-73.220,0.000,-37.101,9.456,5.515,4.504,0.301,1.865
466.995,52.153,-80.589,0.000,-28.134,-2.360,2.676,4.416,0.328,2.251
467.002,59.522,-86.682,0.000,-18.929,-8.236,3.213,4.315,0.350,2.582
467.009,66.890,-94.051,0.000,-10.874,-16.507,2.386,4.277,0.350,2.656
467.015,73.497,-100.658,0.000,-7.639,-25.374,0.222,4.463,0.350,2.300
467.022,79.816,-106.977,0.000,-9.228,-23.728,6.053,4.897,0.350,1.558
467.029,86.135,-110.214,0.000,-2.303,-34.089,4.364,4.864,0.350,1.806
467.035,92.454,-115.341,0.000,3.808,-36.115,6.519,4.876,0.350,1.935
467.042,98.773,-121.660,0.000,13.676,-46.343,5.088,4.680,0.350,2.355
467.049,104.201,-128.280,0.000,15.526,-55.463,-0.126,4.877,0.350,1.966
467.055,108.530,-131.775,0.000,21.645,-56.023,7.150,4.779,0.350,2.014
467.062,113.217,-136.462,0.000,25.801,-61.587,5.197,4.808,0.350,1.920
467.069,117.904,-141.149,0.000,32.486,-57.008,10.687,4.698,0.350,2.033
467.075,122.048,-145.059,0.000,39.572,-62.840,11.566,4.536,0.350,2.167
467.082,124.261,-147.969,0.000,46.501,-67.287,6.803,4.277,0.350,2.277
467.089,127.172,-150.880,0.000,46.735,-68.771,9.588,4.424,0.350,1.735
467.095,130.082,-153.790,0.000,54.070,-78.697,4.585,4.181,0.350,2.006
467.102,128.365,-156.550,0.000,63.109,-79.823,7.179,3.589,0.350,2.359
467.109,127.693,-157.647,0.000,73.067,-91.502,4.618,3.004,0.350,2.717
467.115,128.789,-158.743,0.000,83.635,-92.217,9.530,2.483,0.350,3.017
467.122,129.886,-159.840,0.000,92.574,-101.366,6.570,2.052,0.350,3.100
467.129,125.682,-160.199,0.000,95.011,-107.863,3.738,1.687,0.350,2.595
467.136,123.937,-158.820,0.000,94.444,-109.158,6.070,1.622,0.350,1.885
467.142,123.152,-158.035,0.000,97.043,-116.439,6.761,1.436,0.350,1.641
467.149,120.544,-157.236,0.000,100.059,-115.414,7.166,1.127,0.350,1.489
467.156,117.925,-154.618,0.000,103.949,-117.488,8.606,0.769,0.350,1.457
467.162,115.307,-152.000,0.000,101.904,-120.702,8.286,0.737,0.350,0.901
467.169,112.689,-149.381,0.000,100.632,-121.573,7.937,0.663,0.350,0.574
467.176,110.172,-146.203,0.000,103.532,-124.175,7.692,0.365,0.350,0.655
467.182,105.735,-141.765,0.000,101.283,-128.368,5.615,0.245,0.350,0.314
467.189,101.297,-137.328,0.000,97.055,-124.271,7.648,0.233,0.350,-0.144
467.196,96.860,-132.303,0.000,97.232,-127.023,4.102,-0.020,0.350,-0.082
467.203,92.423,-127.866,0.000,94.314,-123.438,7.046,-0.104,0.350,-0.292
467.209,86.504,-121.947,0.000,89.508,-116.644,7.856,-0.165,0.349,-0.671
467.216,80.360,-115.803,0.000,87.053,-117.788,6.846,-0.368,0.347,-0.716
467.223,74.217,-109.660,0.000,84.100,-114.770,4.918,-0.544,0.344,-0.854
467.229,68.074,-103.517,0.000,80.476,-110.818,6.956,-0.682,0.340,-0.957
467.236,61.931,-97.374,0.000,80.578,-109.996,7.429,-1.026,0.334,-0.726
467.243,55.198,-90.416,0.000,76.056,-104.591,7.534,-1.147,0.328,-0.938
467.250,48.101,-83.092,0.000,74.067,-95.884,7.040,-1.428,0.320,-0.874
467.256,40.776,-75.767,0.000,72.560,-92.438,6.344,-1.748,0.311,-0.743
467.263,33.452,-68.443,0.000,66.085,-89.922,7.237,-1.795,0.300,-1.178
467.270,26.127,-61.118,0.000,64.854,-80.118,5.335,-2.130,0.287,-1.048
467.276,18.803,-53.794,0.000,61.509,-75.942,5.837,-2.349,0.273,-1.107
467.283,11.471,-46.462,0.000,58.496,-76.677,4.746,-2.586,0.257,-1.156
467.290,0.518,-28.477,0.000,54.786,-70.349,6.847,-2.985,0.240,-1.169
467.296,-7.991,-10.894,0.000,51.982,-63.709,4.576,-3.298,0.220,-1.193
467.303,-15.360,-3.525,0.000,48.002,-61.570,3.404,-3.485,0.200,-1.222
467.310,-25.523,8.074,0.000,39.400,-53.963,3.935,-3.571,0.178,-1.763
467.316,-34.026,15.772,0.000,35.394,-43.210,6.069,-3.818,0.155,-1.709
467.323,-41.140,22.886,0.000,28.137,-31.309,7.295,-3.810,0.132,-1.956
467.330,-47.461,29.207,0.000,20.158,-26.877,9.354,-3.719,0.109,-2.211
467.336,-55.945,37.432,0.000,10.169,-21.692,7.819,-3.636,0.087,-2.621
467.343,-62.717,44.661,0.000,1.698,-10.200,6.464,-3.543,0.065,-2.809
467.350,-69.039,50.983,0.000,-4.605,-0.435,5.130,-3.544,0.044,-2.660
467.356,-76.448,59.485,0.000,-17.323,6.657,4.833,-3.252,0.024,-3.160
467.362,-81.139,64.176,0.000,-24.940,13.864,3.807,-3.091,0.008,-3.215
467.368,-85.829,68.866,0.000,-35.540,19.629,4.763,-2.766,-0.007,-3.588
467.373,-90.520,73.557,0.000,-43.892,27.373,3.731,-2.565,-0.021,-3.633
467.379,-95.359,80.602,0.000,-52.373,35.547,4.862,-2.364,-0.034,-3.684
467.385,-98.940,84.183,0.000,-57.971,44.208,5.062,-2.253,-0.046,-3.423
467.390,-101.854,87.098,0.000,-64.580,55.849,5.043,-2.050,-0.057,-3.315
467.396,-104.769,90.012,0.000,-71.140,66.000,2.438,-1.850,-0.066,-3.212
467.402,-107.683,96.407,0.000,-75.846,76.117,3.055,-1.751,-0.076,-2.925
467.407,-108.920,97.643,0.000,-78.325,83.886,3.024,-1.683,-0.084,-2.480
467.413,-110.021,99.382,0.000,-82.201,90.473,3.161,-1.530,-0.092,-2.260
467.419,-111.122,101.306,0.000,-85.739,95.937,2.200,-1.396,-0.099,-2.056
467.424,-111.798,101.982,0.000,-87.833,98.364,2.877,-1.318,-0.106,-1.783
467.430,-111.017,101.201,0.000,-91.698,102.521,5.082,-1.063,-0.112,-1.756
467.435,-110.237,102.168,0.000,-95.362,105.807,5.116,-0.818,-0.117,-1.719
467.441,-109.456,101.573,0.000,-97.177,108.837,3.512,-0.675,-0.120,-1.477
467.447,-107.710,99.827,0.000,-100.674,111.659,2.093,-0.387,-0.123,-1.555
467.452,-105.096,97.213,0.000,-102.501,115.230,1.596,-0.143,-0.125,-1.396
467.458,-102.482,94.784,0.000,-105.172,117.649,4.230,0.148,-0.125,-1.391
467.463,-99.868,92.170,0.000,-105.654,118.757,5.434,0.318,-0.124,-1.136
467.469,-95.749,88.051,0.000,-107.925,121.164,7.292,0.670,-0.121,-1.144
467.474,-91.316,83.617,0.000,-110.757,123.817,6.820,1.069,-0.116,-1.171
467.480,-86.882,79.184,0.000,-112.322,120.881,5.250,1.399,-0.110,-1.023
467.485,-82.448,74.750,0.000,-113.026,117.371,3.137,1.682,-0.102,-0.794
467.491,-77.353,69.655,0.000,-115.028,113.142,1.236,2.072,-0.092,-0.750
467.496,-71.212,63.514,0.000,-117.548,113.886,0.673,2.548,-0.079,-0.805
467.502,-65.072,57.189,0.000,-119.732,116.254,2.617,3.006,-0.066,-0.866
467.507,-58.931,51.048,0.000,-118.658,116.866,3.354,3.285,-0.049,-0.545
467.513,-52.790,44.907,0.000,-117.174,117.915,3.687,3.541,-0.032,-0.261
467.519,-46.403,38.521,0.000,-115.562,113.619,2.211,3.804,-0.013,-0.080
467.524,-39.079,31.196,0.000,-110.299,108.887,1.174,3.917,0.007,0.475
467.530,-31.755,23.872,0.000,-107.840,103.982,3.031,4.185,0.028,0.643
467.536,-24.430,16.548,0.000,-102.147,100.894,2.203,4.274,0.050,1.109
467.541,-17.106,9.223,0.000,-98.998,98.496,4.017,4.504,0.073,1.178
467.547,-9.782,1.899,0.000,-95.328,97.804,6.923,4.705,0.096,1.227
467.553,-2.457,-5.426,0.000,-87.776,90.267,5.781,4.693,0.120,1.734
467.558,4.896,-12.779,0.000,-81.280,80.860,3.417,4.740,0.145,2.110
467.564,12.264,-20.147,0.000,-79.473,76.409,2.971,5.046,0.170,1.752
467.569,19.633,-27.515,0.000,-74.370,72.483,0.384,5.170,0.196,1.876
467.575,27.001,-34.884,0.000,-70.020,68.294,2.382,5.336,0.222,1.858
467.581,34.369,-42.252,0.000,-56.318,59.835,2.767,4.988,0.249,2.864
467.586,41.737,-49.994,0.000,-48.897,51.787,2.602,4.985,0.274,3.102
467.592,48.324,-56.580,0.000,-42.595,44.459,2.302,5.001,0.300,3.061
467.597,54.643,-62.899,0.000,-33.913,36.026,0.136,4.871,0.324,3.283
467.603,60.962,-69.407,0.000,-28.075,30.778,2.311,4.897,0.349,3.131
467.608,67.281,-75.726,0.000,-21.680,29.154,4.026,4.893,0.350,2.950
467.614,73.600,-82.045,0.000,-16.453,23.401,3.580,4.953,0.350,2.753
467.620,78.995,-87.441,0.000,-13.400,17.844,2.894,5.082,0.350,2.430
467.625,83.682,-92.511,0.000,-7.521,10.107,-0.451,5.016,0.350,2.412
467.631,88.369,-97.198,0.000,-6.578,5.432,-0.821,5.222,0.350,1.911
467.636,93.056,-101.885,0.000,-4.619,3.333,3.136,5.372,0.350,1.640
467.642,97.519,-106.542,0.000,2.386,-4.272,4.411,5.232,0.350,1.994
467.648,100.429,-109.452,0.000,10.987,-13.039,1.721,4.919,0.350,2.544
467.653,103.340,-112.363,0.000,15.513,-22.096,1.312,4.830,0.350,2.392
467.659,106.250,-115.273,0.000,20.537,-26.702,3.422,4.714,0.350,2.298
467.665,108.386,-117.409,0.000,24.671,-27.447,4.839,4.604,0.350,2.153
467.670,109.483,-118.506,0.000,30.610,-35.662,5.437,4.338,0.350,2.205
467.676,110.580,-119.603,0.000,43.961,-44.081,1.625,3.664,0.350,3.206
467.681,111.677,-120.699,0.000,50.224,-51.391,-0.762,3.380,0.350,3.177
467.687,111.405,-120.428,0.000,56.856,-60.767,-2.092,3.000,0.350,3.164
467.692,110.620,-119.643,0.000,60.592,-59.735,0.328,2.751,0.350,2.758
467.698,109.834,-118.857,0.000,63.960,-58.289,2.924,2.523,0.350,2.429
467.704,108.850,-118.022,0.000,65.990,-61.440,4.144,2.357,0.350,2.022
467.709,106.232,-115.403,0.000,66.620,-63.716,6.121,2.179,0.350,1.614
467.715,103.614,-112.785,0.000,70.747,-71.287,4.896,1.808,0.350,1.757
467.721,100.995,-110.167,0.000,73.108,-74.988,4.115,1.534,0.350,1.658
467.726,97.780,-106.952,0.000,73.491,-73.636,2.997,1.336,0.350,1.318
467.732,93.343,-102.515,0.000,75.037,-72.150,1.263,1.007,0.350,1.161
467.737,88.906,-98.077,0.000,77.393,-68.949,2.550,0.633,0.350,1.151
467.743,84.468,-93.640,0.000,79.182,-67.891,0.712,0.291,0.350,1.001
467.749,80.031,-89.203,0.000,81.887,-66.436,1.268,-0.102,0.350,1.027
467.754,74.078,-83.250,0.000,81.754,-65.915,2.913,-0.422,0.348,0.741
467.760,67.935,-77.302,0.000,81.921,-66.962,5.701,-0.769,0.345,0.540
467.766,61.792,-71.159,0.000,80.966,-65.638,6.786,-1.055,0.339,0.252
467.771,55.648,-65.016,0.000,77.922,-63.326,7.059,-1.225,0.333,-0.206
467.777,49.505,-58.872,0.000,77.012,-61.163,4.201,-1.513,0.325,-0.328
467.782,42.524,-51.892,0.000,75.022,-58.652,1.661,-1.787,0.316,-0.529
467.788,35.200,-44.567,0.000,70.498,-57.362,1.311,-1.941,0.306,-0.955
467.794,27.875,-37.243,0.000,68.634,-57.417,1.454,-2.242,0.295,-0.969
467.799,20.551,-29.918,0.000,64.938,-55.543,2.251,-2.441,0.283,-1.155
467.805,13.226,-22.594,0.000,60.480,-52.118,2.038,-2.599,0.270,-1.315
467.811,5.902,-15.269,0.000,56.616,-47.503,1.681,-2.789,0.256,-1.382
467.816,-1.431,-7.936,0.000,51.356,-41.977,0.930,-2.903,0.242,-1.572
467.822,-8.800,-0.567,0.000,46.852,-36.713,0.486,-3.061,0.227,-1.635
467.828,-16.169,6.802,0.000,39.775,-29.003,0.875,-3.077,0.211,-1.928
467.833,-23.538,14.171,0.000,33.062,-22.505,2.594,-3.113,0.196,-2.143
467.839,-30.907,21.540,0.000,27.149,-15.742,4.188,-3.193,0.180,-2.206
467.844,-38.276,28.909,0.000,17.601,-5.390,4.007,-3.073,0.165,-2.666
467.850,-45.369,36.002,0.000,11.900,0.251,4.016,-3.150,0.149,-2.629
467.856,-51.691,42.323,0.000,5.922,6.540,3.904,-3.169,0.133,-2.650
467.861,-58.012,48.645,0.000,-0.410,13.020,3.678,-3.168,0.116,-2.705
467.867,-64.334,54.966,0.000,-4.208,19.736,5.091,-3.307,0.100,-2.455
467.873,-70.655,61.288,0.000,-9.798,25.893,4.667,-3.347,0.082,-2.458
467.878,-76.839,67.472,0.000,-15.173,32.897,3.096,-3.392,0.065,-2.475
467.884,-81.529,72.162,0.000,-20.637,38.865,3.195,-3.349,0.048,-2.503
467.889,-86.220,77.626,0.000,-27.045,45.896,3.141,-3.255,0.031,-2.616
467.895,-90.910,83.064,0.000,-31.803,50.588,1.995,-3.251,0.014,-2.495
467.900,-95.601,87.754,0.000,-35.668,55.935,0.288,-3.296,-0.002,-2.321
467.906,-99.146,91.299,0.000,-43.037,63.397,1.414,-3.086,-0.018,-2.643
467.911,-102.061,94.579,0.000,-47.885,68.552,1.358,-2.980,-0.033,-2.516
467.917,-104.975,97.493,0.000,-52.582,74.027,1.744,-2.882,-0.048,-2.434
467.922,-107.890,100.408,0.000,-56.031,80.135,3.083,-2.852,-0.063,-2.265
467.928,-109.090,101.608,0.000,-62.682,88.643,2.027,-2.552,-0.077,-2.461
467.934,-110.191,102.889,0.000,-69.357,97.217,0.115,-2.246,-0.089,-2.612
467.939,-111.293,103.991,0.000,-77.526,104.826,-0.562,-1.857,-0.099,-2.880
467.945,-111.931,104.629,0.000,-85.678,113.589,-1.646,-1.444,-0.108,-3.083
467.951,-111.150,103.849,0.000,-91.302,118.586,-1.034,-1.092,-0.114,-2.932
467.957,-110.370,103.068,0.000,-98.427,126.555,-0.371,-0.657,-0.118,-2.990
467.962,-109.589,102.287,0.000,-103.114,130.044,1.699,-0.356,-0.121,-2.746
467.968,-107.807,100.505,0.000,-106.514,130.170,2.619,-0.071,-0.121,-2.410
467.973,-105.193,97.891,0.000,-108.971,126.955,0.570,0.208,-0.120,-2.033
467.979,-102.579,95.456,0.000,-110.546,128.094,0.492,0.438,-0.118,-1.626
467.985,-99.965,92.842,0.000,-115.858,125.324,-0.520,0.874,-0.114,-1.776
467.990,-95.810,88.687,0.000,-117.115,124.115,-0.363,1.172,-0.109,-1.536
467.996,-91.525,84.607,0.000,-118.215,126.607,1.415,1.468,-0.102,-1.304
468.003,-87.091,80.173,0.000,-114.253,126.611,1.593,1.494,-0.094,-0.574
468.009,-82.658,75.739,0.000,-112.826,126.261,0.347,1.659,-0.085,-0.275
468.015,-77.529,71.132,0.000,-109.490,124.587,-0.713,1.758,-0.075,0.158
468.021,-71.388,64.991,0.000,-107.319,124.048,-2.614,1.976,-0.064,0.352
468.027,-65.247,58.850,0.000,-107.743,124.511,-1.229,2.337,-0.052,0.226
468.033,-59.106,52.709,0.000,-103.807,120.930,-0.552,2.459,-0.038,0.471
468.040,-52.966,46.569,0.000,-99.810,118.554,-1.286,2.576,-0.024,0.760
468.046,-46.704,41.660,0.000,-100.086,110.268,-2.368,2.936,-0.008,0.555
468.052,-39.380,34.819,0.000,-100.592,120.456,2.323,3.367,0.012,0.404
468.059,-32.055,27.495,0.000,-93.491,114.158,1.271,3.379,0.032,1.019
468.065,-24.880,21.115,0.000,-90.977,111.890,-1.288,3.635,0.052,0.992
468.072,-17.556,13.791,0.000,-85.469,108.221,-0.584,3.735,0.073,1.281
468.078,-10.231,6.467,0.000,-80.618,101.511,-0.713,3.871,0.095,1.426
468.084,-3.504,1.120,0.000,-78.333,93.348,-3.401,4.116,0.117,1.370
468.090,3.551,-6.085,0.000,-72.989,90.676,-1.410,4.210,0.139,1.669
468.096,10.919,-13.453,0.000,-68.235,85.916,2.844,4.353,0.165,1.653
468.103,17.835,-20.672,0.000,-66.510,74.658,-0.770,4.639,0.192,1.428
468.109,25.203,-28.040,0.000,-65.061,77.497,-0.279,4.965,0.221,1.228
468.116,32.571,-35.409,0.000,-52.520,58.671,-3.065,4.680,0.249,2.150
468.122,39.939,-42.777,0.000,-46.230,49.188,-4.418,4.739,0.275,2.161
468.129,46.354,-49.342,0.000,-40.740,44.419,-1.621,4.790,0.304,2.138
468.135,52.673,-55.661,0.000,-37.480,33.891,-3.022,4.958,0.333,1.947
468.142,58.992,-61.980,0.000,-33.038,32.721,0.344,5.062,0.350,1.869
468.148,65.311,-68.300,0.000,-22.584,21.922,1.837,4.834,0.350,2.441
468.154,71.630,-74.619,0.000,-18.794,16.141,-2.670,4.973,0.350,2.161
468.161,76.993,-79.982,0.000,-15.057,12.748,2.111,5.063,0.350,1.977
468.167,81.680,-84.669,0.000,-3.066,0.361,-0.743,4.661,0.350,2.693
468.174,86.367,-89.356,0.000,6.026,1.202,4.063,4.419,0.350,2.902
468.180,91.205,-94.043,0.000,11.835,-6.256,4.658,4.365,0.350,2.724
468.187,95.633,-98.470,0.000,14.736,-12.307,-2.623,4.449,0.350,2.339
468.193,98.543,-101.380,0.000,19.419,-13.097,1.891,4.352,0.350,2.229
468.199,101.453,-104.291,0.000,29.881,-22.411,-4.119,3.936,0.350,2.718
468.206,104.364,-107.201,0.000,34.943,-22.591,-6.287,3.818,0.350,2.534
468.212,106.464,-109.302,0.000,38.872,-32.399,-5.536,3.718,0.350,2.280
468.219,107.561,-110.398,0.000,40.603,-39.653,-7.836,3.683,0.350,1.866
468.225,108.506,-111.495,0.000,50.160,-42.693,-4.018,3.209,0.350,2.293
468.232,109.603,-112.592,0.000,57.656,-45.290,-2.086,2.857,0.350,2.443
468.238,109.294,-112.133,0.000,60.342,-52.708,-3.100,2.692,0.350,2.135
468.245,108.508,-111.348,0.000,62.595,-56.491,1.402,2.525,0.350,1.772
468.252,107.723,-110.563,0.000,70.475,-59.769,1.831,2.049,0.350,2.066
468.258,106.851,-109.691,0.000,70.990,-58.462,0.716,1.972,0.350,1.606
468.265,104.233,-107.073,0.000,71.253,-57.934,2.804,1.814,0.350,1.219
468.272,101.615,-104.604,0.000,77.857,-62.618,-3.972,1.307,0.350,1.535
468.278,98.996,-101.985,0.000,81.417,-60.895,-4.867,0.967,0.350,1.490
468.285,95.745,-98.734,0.000,83.005,-59.737,-0.035,0.701,0.350,1.267
468.291,91.460,-94.148,0.000,87.367,-69.078,-1.597,0.225,0.350,1.391
468.298,87.022,-89.711,0.000,87.474,-73.392,-2.265,-0.025,0.350,1.014
468.305,82.585,-85.273,0.000,87.723,-68.380,-1.921,-0.283,0.348,0.774
468.311,78.148,-80.985,0.000,91.142,-67.940,-3.743,-0.715,0.345,0.922
468.318,72.161,-74.998,0.000,91.378,-66.784,-2.320,-1.057,0.339,0.698
468.324,66.017,-68.855,0.000,88.068,-62.644,-0.897,-1.213,0.333,0.218
468.331,60.176,-62.712,0.000,86.011,-60.165,-1.403,-1.421,0.325,-0.066
468.337,54.033,-56.568,0.000,83.542,-63.162,-2.101,-1.623,0.316,-0.269
468.344,47.889,-50.425,0.000,77.707,-52.966,-2.509,-1.640,0.306,-0.797
468.350,41.485,-43.421,0.000,75.870,-48.803,-2.477,-1.891,0.296,-0.738
468.357,34.160,-36.096,0.000,70.787,-45.734,-1.721,-2.014,0.284,-1.041
468.363,26.836,-28.772,0.000,65.100,-52.735,-3.481,-2.105,0.272,-1.297
468.370,19.511,-21.447,0.000,59.295,-43.092,-2.822,-2.188,0.259,-1.540
468.376,12.187,-14.123,0.000,54.299,-31.860,-3.367,-2.316,0.246,-1.642
468.383,5.608,-6.798,0.000,49.790,-29.348,-2.015,-2.430,0.232,-1.670
468.388,-1.577,0.535,0.000,44.714,-27.767,-1.006,-2.546,0.219,-1.787
468.394,-8.946,7.904,0.000,41.417,-24.837,-1.396,-2.770,0.206,-1.659
468.399,-16.167,15.124,0.000,36.144,-20.035,0.249,-2.877,0.192,-1.798
468.405,-23.536,22.493,0.000,31.055,-16.097,-0.523,-3.002,0.177,-1.925
468.411,-30.905,29.862,0.000,28.346,-14.106,-1.202,-3.259,0.161,-1.678
468.416,-38.274,37.231,0.000,24.136,-9.541,-0.918,-3.433,0.144,-1.682
468.422,-45.346,44.303,0.000,18.308,-2.672,-0.459,-3.501,0.127,-1.845
468.427,-51.667,50.625,0.000,14.279,4.571,-0.992,-3.627,0.108,-1.834
468.433,-57.989,56.946,0.000,7.837,11.956,-3.423,-3.620,0.089,-2.151
468.439,-64.310,63.268,0.000,0.886,19.789,-6.181,-3.586,0.071,-2.466
468.444,-70.632,69.589,0.000,-3.157,29.256,-4.909,-3.711,0.051,-2.391
468.450,-76.783,75.741,0.000,-11.107,35.993,-2.984,-3.612,0.032,-2.695
468.456,-81.474,80.431,0.000,-17.666,45.642,-2.600,-3.509,0.014,-2.740
468.461,-86.164,85.122,0.000,-23.192,51.926,0.052,-3.463,-0.003,-2.620
468.467,-90.855,89.812,0.000,-30.417,56.732,-0.727,-3.324,-0.020,-2.711
468.473,-95.545,94.503,0.000,-38.682,61.605,-0.972,-3.127,-0.036,-2.898
468.478,-99.055,98.013,0.000,-44.348,68.322,-0.902,-3.009,-0.051,-2.774
468.484,-101.970,100.927,0.000,-50.585,73.070,0.257,-2.826,-0.066,-2.743
468.490,-104.885,103.842,0.000,-53.770,79.798,-0.157,-2.811,-0.081,-2.406
468.495,-107.799,106.756,0.000,-61.326,84.645,-1.021,-2.556,-0.095,-2.683
468.501,-108.963,107.921,0.000,-68.576,88.198,-2.400,-2.221,-0.107,-2.831
468.506,-110.065,109.022,0.000,-72.816,93.295,-3.281,-2.049,-0.117,-2.635
468.512,-111.165,109.069,0.000,-76.566,97.101,-3.466,-1.903,-0.128,-2.463
468.518,-111.768,109.521,0.000,-80.559,99.435,-4.071,-1.717,-0.137,-2.343
468.523,-110.988,108.740,0.000,-84.830,107.587,-2.074,-1.439,-0.145,-2.280
468.529,-110.207,107.959,0.000,-89.084,113.625,-1.305,-1.162,-0.152,-2.128
468.535,-109.426,106.412,0.000,-94.056,118.889,-0.034,-0.845,-0.156,-2.089
468.540,-107.611,104.286,0.000,-98.324,122.488,0.368,-0.511,-0.159,-1.993
468.546,-104.997,101.672,0.000,-103.862,125.752,-0.345,-0.062,-0.160,-2.070
468.552,-102.383,99.058,0.000,-103.620,130.546,1.308,0.068,-0.160,-1.478
468.557,-99.769,96.287,0.000,-104.598,129.495,0.875,0.266,-0.158,-1.183
468.563,-95.582,92.100,0.000,-105.079,130.382,1.123,0.522,-0.156,-0.932
468.569,-91.148,87.666,0.000,-107.344,129.316,-2.417,0.891,-0.153,-1.036
468.574,-86.714,83.232,0.000,-108.422,133.055,-2.469,1.194,-0.148,-1.004
468.580,-82.280,78.642,0.000,-107.565,134.568,-3.012,1.391,-0.141,-0.724
468.585,-77.121,73.482,0.000,-107.179,134.526,-3.375,1.653,-0.134,-0.536
468.591,-70.980,67.341,0.000,-109.069,132.295,-2.149,2.095,-0.125,-0.637
468.596,-64.839,61.043,0.000,-109.682,128.279,-0.908,2.466,-0.112,-0.496
468.602,-58.699,54.902,0.000,-107.868,126.608,0.507,2.704,-0.098,-0.085
468.608,-52.558,48.761,0.000,-105.618,117.091,-1.151,2.918,-0.083,0.235
468.614,-46.126,41.852,0.000,-103.444,114.374,-1.076,3.152,-0.067,0.427
468.619,-38.809,34.211,0.000,-100.031,110.846,-2.199,3.367,-0.051,0.659
468.625,-31.494,26.897,0.000,-96.196,105.599,0.234,3.559,-0.034,0.819
468.630,-24.180,19.583,0.000,-88.875,95.455,-2.700,3.558,-0.016,1.413
468.636,-16.859,11.605,0.000,-86.512,90.485,-5.168,3.831,0.004,1.363
468.642,-9.535,4.280,0.000,-82.608,79.412,-8.946,4.019,0.024,1.462
468.647,-2.211,-3.044,0.000,-79.402,82.051,-4.652,4.246,0.046,1.503
468.653,5.144,-10.399,0.000,-73.894,76.035,-1.591,4.347,0.068,1.720
468.659,12.661,-18.785,0.000,-64.392,69.770,0.901,4.238,0.090,2.346
468.664,20.029,-26.153,0.000,-55.251,63.028,0.454,4.140,0.112,2.851
468.670,27.398,-33.521,0.000,-49.737,56.388,-1.062,4.242,0.133,2.846
468.675,34.766,-41.238,0.000,-45.714,54.606,-1.920,4.426,0.155,2.616
468.681,42.134,-48.606,0.000,-42.711,53.042,-2.588,4.666,0.178,2.289
468.686,48.685,-55.157,0.000,-38.540,47.405,-2.991,4.797,0.202,2.094
468.692,55.004,-61.476,0.000,-32.685,45.734,-1.243,4.823,0.227,2.126
468.698,61.323,-67.971,0.000,-24.162,38.177,-2.882,4.702,0.251,2.566
468.703,67.642,-74.290,0.000,-21.310,31.596,-3.762,4.892,0.276,2.255
468.709,73.961,-80.609,0.000,-16.402,28.346,-2.223,4.970,0.300,2.193
468.714,79.302,-85.950,0.000,-9.915,24.360,-1.107,4.907,0.325,2.397
468.720,83.989,-90.637,0.000,-5.622,20.522,-1.919,4.929,0.350,2.271
468.726,88.676,-95.324,0.000,1.529,13.549,-3.389,4.793,0.350,2.443
468.731,93.363,-100.011,0.000,7.764,3.113,-7.219,4.708,0.350,2.505
468.737,97.766,-104.591,0.000,13.585,-3.827,-6.555,4.630,0.350,2.487
468.743,100.676,-107.502,0.000,21.872,-11.768,-5.199,4.334,0.350,2.765
468.748,103.586,-110.412,0.000,28.244,-18.899,-2.492,4.144,0.350,2.752
468.754,106.497,-113.322,0.000,34.347,-25.616,1.962,3.968,0.350,2.695
468.759,108.572,-115.398,0.000,41.854,-34.652,0.352,3.669,0.350,2.841
468.765,109.669,-116.494,0.000,48.330,-45.531,-4.784,3.374,0.350,2.922
468.770,110.765,-117.591,0.000,52.297,-53.850,-8.404,3.216,0.350,2.680
468.776,111.862,-118.688,0.000,58.831,-56.627,-7.718,2.917,0.350,2.757
468.782,111.676,-118.532,0.000,64.814,-57.385,-5.088,2.577,0.350,2.687
468.788,110.891,-117.746,0.000,74.972,-66.698,-5.042,1.976,0.350,3.037
468.794,110.105,-116.961,0.000,80.293,-72.016,-3.554,1.640,0.350,2.876
468.800,109.208,-116.064,0.000,83.982,-73.776,-3.762,1.387,0.350,2.519
468.806,106.739,-113.446,0.000,87.749,-74.965,-2.464,1.044,0.350,2.263
468.813,104.120,-110.827,0.000,88.910,-72.278,-1.485,0.837,0.350,1.789
468.819,101.502,-108.209,0.000,92.118,-75.547,-3.287,0.516,0.350,1.707
468.826,98.226,-104.933,0.000,88.869,-75.906,-6.299,0.515,0.350,0.969
468.832,93.789,-100.496,0.000,91.268,-77.170,-5.168,0.139,0.350,0.933
468.839,89.351,-96.058,0.000,94.383,-74.148,-6.357,-0.277,0.349,0.999
468.845,84.914,-91.621,0.000,93.870,-70.902,-7.972,-0.493,0.347,0.712
468.852,80.924,-87.546,0.000,91.547,-71.504,-8.007,-0.584,0.344,0.347
468.858,75.212,-81.535,0.000,87.728,-71.357,-6.939,-0.688,0.339,-0.174
468.864,69.069,-75.392,0.000,90.442,-70.308,-6.698,-1.176,0.334,0.170
468.870,62.926,-69.249,0.000,86.584,-65.515,-6.206,-1.301,0.327,-0.249
468.877,58.296,-63.847,0.000,88.957,-64.559,-5.488,-1.686,0.318,0.039
468.883,52.153,-57.703,0.000,81.212,-64.862,-3.085,-1.598,0.308,-0.705
468.890,45.132,-50.683,0.000,79.285,-58.998,-6.416,-1.878,0.297,-0.729
468.897,39.862,-45.121,0.000,74.377,-50.553,-5.169,-1.898,0.285,-1.048
468.904,32.538,-37.797,0.000,75.126,-50.539,-3.413,-2.342,0.272,-0.686
468.910,26.042,-32.164,0.000,68.661,-51.627,-7.036,-2.344,0.257,-1.136
468.917,18.718,-24.840,0.000,62.217,-45.896,-7.052,-2.392,0.243,-1.474
468.924,11.393,-17.515,0.000,61.101,-40.166,-7.770,-2.734,0.227,-1.225
468.930,6.353,-12.488,0.000,52.286,-37.383,-7.282,-2.526,0.212,-1.689
468.937,-0.071,-6.108,0.000,46.380,-38.789,-6.063,-2.555,0.196,-1.867
468.944,-7.050,0.751,0.000,43.359,-27.093,-7.205,-2.772,0.180,-1.704
468.950,-14.419,8.120,0.000,39.929,-18.409,-8.391,-2.989,0.162,-1.600
468.957,-19.945,13.619,0.000,34.303,-14.737,-6.481,-2.984,0.144,-1.721
468.964,-27.314,20.988,0.000,32.609,-10.871,-4.768,-3.296,0.124,-1.424
468.971,-34.371,28.046,0.000,24.244,-2.244,-5.212,-3.224,0.104,-1.895
468.977,-40.043,33.236,0.000,20.862,1.253,-7.930,-3.350,0.084,-1.750
468.984,-46.144,39.268,0.000,18.426,9.723,-8.630,-3.551,0.063,-1.558
468.990,-52.466,45.589,0.000,10.764,19.269,-8.690,-3.478,0.043,-1.910
468.997,-58.787,51.911,0.000,8.822,22.452,-6.022,-3.718,0.021,-1.636
469.003,-64.916,58.040,0.000,5.326,26.305,-3.693,-3.863,-0.001,-1.573
469.010,-69.607,62.730,0.000,-1.577,29.500,-7.788,-3.742,-0.024,-1.868
469.016,-72.690,67.421,0.000,-6.373,35.943,-8.998,-3.647,-0.046,-1.875
469.023,-77.381,72.111,0.000,-12.496,42.073,-9.448,-3.569,-0.067,-2.055
469.029,-80.349,75.913,0.000,-19.037,47.762,-7.551,-3.372,-0.087,-2.150
469.036,-83.319,78.481,0.000,-27.266,52.017,-7.203,-3.083,-0.106,-2.370
469.043,-86.234,81.395,0.000,-34.650,54.587,-6.500,-2.837,-0.124,-2.470
469.049,-87.813,82.715,0.000,-45.292,65.507,-6.324,-2.339,-0.140,-2.833
469.056,-90.727,85.630,0.000,-50.885,65.127,-7.414,-2.191,-0.154,-2.638
469.063,-91.313,86.108,0.000,-57.167,69.763,-6.442,-1.878,-0.166,-2.587
469.070,-92.414,87.209,0.000,-61.024,75.900,-6.726,-1.726,-0.176,-2.265
469.076,-92.950,88.643,0.000,-64.379,84.581,-6.219,-1.571,-0.186,-2.030
469.083,-93.525,89.218,0.000,-70.444,91.079,-4.157,-1.269,-0.195,-2.074
469.090,-92.744,88.437,0.000,-71.632,92.650,-7.273,-1.161,-0.202,-1.697
469.096,-91.964,87.656,0.000,-76.098,97.803,-9.188,-0.873,-0.208,-1.687
469.103,-91.183,86.876,0.000,-75.942,102.441,-7.249,-0.838,-0.213,-1.250
469.110,-89.339,85.032,0.000,-79.894,107.132,-8.078,-0.519,-0.217,-1.287
469.117,-86.148,79.296,0.000,-79.304,108.558,-7.971,-0.376,-0.220,-0.915
469.123,-83.534,76.682,0.000,-79.130,109.027,-8.000,-0.242,-0.221,-0.690
469.130,-80.920,74.068,0.000,-77.840,111.246,-6.298,-0.169,-0.223,-0.417
469.136,-75.512,66.021,0.000,-79.312,114.809,-7.065,0.209,-0.222,-0.456
469.143,-71.078,61.587,0.000,-80.008,111.615,-3.765,0.491,-0.220,-0.399
469.150,-66.030,43.003,0.000,-78.493,106.699,-4.539,0.685,-0.216,-0.143
469.156,-61.596,38.569,0.000,-81.027,111.035,-5.447,1.069,-0.211,-0.374
469.163,-56.719,33.383,0.000,-78.101,105.643,-4.646,1.176,-0.204,-0.014
469.170,-50.578,27.242,0.000,-74.842,100.459,-3.578,1.335,-0.196,0.284
469.177,-44.128,17.727,0.000,-72.245,92.970,-5.415,1.546,-0.187,0.488
469.183,-37.675,11.005,0.000,-71.277,93.371,-4.490,1.848,-0.176,0.447
469.190,-31.535,7.157,0.000,-67.120,85.423,-8.968,1.957,-0.164,0.742
469.197,-25.084,0.707,0.000,-67.545,80.150,-9.797,2.335,-0.150,0.557
469.204,-17.444,-10.091,0.000,-63.787,73.506,-4.068,2.549,-0.135,0.763
469.211,-10.436,-19.230,0.000,-61.842,67.095,-3.226,2.827,-0.118,0.763
469.217,-3.111,-26.554,0.000,-59.961,60.973,-2.400,3.127,-0.099,0.761
469.224,4.213,-33.878,0.000,-51.498,55.143,-1.793,3.064,-0.080,1.331
469.231,11.537,-41.203,0.000,-48.025,44.479,-3.788,3.276,-0.061,1.319
469.238,19.177,-51.028,0.000,-44.723,31.452,-6.448,3.515,-0.040,1.274
469.244,26.533,-58.384,0.000,-36.493,28.301,-0.690,3.466,-0.019,1.730
469.251,34.220,-67.039,0.000,-29.299,23.945,-0.622,3.494,0.003,1.944
469.258,41.270,-74.408,0.000,-22.406,15.291,-1.317,3.502,0.024,2.130
469.264,48.638,-82.428,0.000,-13.515,7.576,0.078,3.418,0.045,2.429
469.271,56.006,-89.797,0.000,-2.312,-3.153,-0.391,3.207,0.064,2.869
469.278,63.374,-97.165,0.000,2.385,-13.206,-1.271,3.354,0.085,2.654
469.284,69.904,-103.695,0.000,7.094,-13.198,2.209,3.455,0.106,2.423
469.291,76.542,-112.687,0.000,17.945,-23.749,1.662,3.223,0.126,2.863
469.298,83.184,-121.077,0.000,23.233,-26.632,0.136,3.297,0.146,2.654
469.305,89.503,-127.396,0.000,26.238,-31.587,0.275,3.480,0.167,2.267
469.311,95.822,-133.715,0.000,33.079,-41.750,-3.779,3.451,0.188,2.314
469.318,101.130,-139.023,0.000,40.519,-47.263,-0.669,3.334,0.209,2.466
469.325,109.232,-147.293,0.000,47.359,-52.416,0.814,3.403,0.229,2.488
469.331,115.388,-162.098,0.000,52.617,-63.790,-2.180,3.452,0.250,2.361
469.338,120.075,-166.785,0.000,60.493,-71.162,0.135,3.277,0.270,2.488
469.344,125.586,-179.777,0.000,67.979,-80.071,4.235,3.168,0.290,2.558
469.351,128.885,-182.687,0.000,74.071,-92.265,0.937,3.015,0.308,2.463
469.358,131.795,-185.597,0.000,80.268,-99.183,3.098,2.834,0.326,2.419
469.365,134.706,-189.412,0.000,88.553,-111.626,1.158,2.538,0.342,2.632
469.371,136.745,-191.452,0.000,91.144,-111.599,2.461,2.508,0.350,2.223
469.378,137.842,-192.548,0.000,95.751,-115.712,5.054,2.315,0.350,2.061
469.385,139.729,-196.407,0.000,104.268,-128.016,3.115,1.950,0.350,2.368
469.391,140.825,-197.504,0.000,112.244,-136.149,1.178,1.572,0.350,2.546
469.398,140.453,-197.132,0.000,112.327,-141.249,3.042,1.547,0.350,1.965
469.405,139.668,-196.346,0.000,116.652,-152.338,-1.296,1.266,0.350,1.920
469.411,139.284,-196.498,0.000,119.635,-153.086,0.971,1.081,0.350,1.698
469.418,138.350,-195.564,0.000,125.783,-155.698,2.827,0.691,0.350,1.849
469.425,135.732,-192.946,0.000,128.859,-162.171,2.887,0.378,0.350,1.717
469.431,132.712,-192.226,0.000,129.117,-165.417,2.086,0.198,0.350,1.284
469.438,130.097,-188.657,0.000,133.318,-168.373,3.035,-0.177,0.349,1.301
469.445,127.193,-186.306,0.000,133.054,-174.917,0.971,-0.322,0.348,0.994
469.451,122.357,-181.870,0.000,133.793,-176.591,1.427,-0.629,0.345,0.815
469.458,117.920,-177.433,0.000,134.354,-175.405,1.702,-0.904,0.340,0.649
469.465,113.482,-172.996,0.000,135.508,-175.155,3.417,-1.211,0.333,0.595
469.471,109.045,-168.558,0.000,134.928,-176.066,4.664,-1.424,0.325,0.403
469.478,103.005,-162.519,0.000,132.487,-172.726,4.283,-1.621,0.315,0.066
469.485,96.862,-155.423,0.000,131.788,-167.007,5.759,-1.921,0.304,-0.033
469.492,90.719,-149.279,0.000,129.969,-164.427,4.488,-2.159,0.292,-0.151
469.498,84.576,-138.492,0.000,124.999,-161.202,2.539,-2.223,0.278,-0.593
469.505,78.432,-131.444,0.000,125.098,-156.499,0.043,-2.567,0.263,-0.448
469.512,71.392,-124.403,0.000,123.498,-150.505,-0.734,-2.866,0.247,-0.494
469.518,64.067,-117.079,0.000,122.432,-149.458,1.105,-3.210,0.228,-0.474
469.525,56.743,-108.857,0.000,118.898,-150.711,3.757,-3.419,0.208,-0.645
469.532,49.418,-100.644,0.000,114.195,-140.662,5.171,-3.563,0.186,-0.934
469.538,42.094,-93.319,0.000,109.109,-131.393,2.612,-3.686,0.164,-1.169
469.545,34.769,-85.995,0.000,105.387,-126.346,3.332,-3.884,0.140,-1.243
469.552,27.434,-75.180,0.000,100.629,-122.166,3.839,-4.026,0.116,-1.372
469.559,20.065,-67.811,0.000,93.296,-115.666,3.117,-4.028,0.091,-1.714
469.565,12.696,-58.748,0.000,88.493,-104.595,1.319,-4.169,0.066,-1.768
469.572,5.327,-51.379,0.000,84.436,-97.223,0.117,-4.351,0.040,-1.718
469.579,-2.042,-41.524,0.000,81.192,-89.670,1.377,-4.578,0.013,-1.539
469.585,-9.411,-34.155,0.000,70.522,-81.944,2.224,-4.396,-0.014,-2.036
469.592,-16.451,-24.696,0.000,59.370,-76.238,2.964,-4.170,-0.040,-2.663
469.599,-22.772,-18.374,0.000,59.487,-71.564,3.654,-4.524,-0.067,-1.984
469.605,-29.094,-12.053,0.000,51.405,-60.588,1.900,-4.427,-0.094,-2.220
469.612,-35.014,-2.605,0.000,46.250,-55.140,1.509,-4.470,-0.121,-2.148
469.619,-41.335,3.716,0.000,39.131,-54.138,3.417,-4.426,-0.147,-2.249
469.625,-47.437,9.817,0.000,33.277,-50.470,5.190,-4.439,-0.175,-2.281
469.632,-52.127,14.508,0.000,25.393,-45.113,2.377,-4.264,-0.201,-2.384
469.639,-56.818,21.470,0.000,16.210,-35.543,-0.584,-4.017,-0.226,-2.691
469.646,-61.508,26.160,0.000,10.329,-29.297,0.944,-3.951,-0.250,-2.552
469.652,-66.199,30.851,0.000,-1.372,-21.257,2.158,-3.565,-0.273,-2.979
469.659,-69.654,34.306,0.000,-9.471,-12.884,1.749,-3.310,-0.294,-3.006
469.666,-72.569,37.221,0.000,-15.639,-6.612,0.779,-3.131,-0.313,-2.844
469.672,-75.483,40.135,0.000,-20.958,-3.686,0.478,-2.999,-0.332,-2.642
469.679,-78.398,46.699,0.000,-28.313,10.070,2.766,-2.755,-0.349,-2.647
469.686,-79.907,48.517,0.000,-31.479,16.875,3.832,-2.664,-0.350,-2.258
469.693,-81.008,49.618,0.000,-39.552,21.302,5.043,-2.280,-0.350,-2.434
469.699,-82.110,52.810,0.000,-43.253,24.376,4.249,-2.137,-0.350,-2.206
469.706,-83.443,54.037,0.000,-45.906,33.028,3.334,-2.064,-0.350,-1.880
469.713,-82.662,53.256,0.000,-50.857,39.713,3.360,-1.749,-0.350,-1.866
469.719,-84.156,53.153,0.000,-56.617,45.180,1.445,-1.515,-0.350,-1.923
469.726,-83.375,52.373,0.000,-59.379,52.685,0.266,-1.320,-0.350,-1.767
469.733,-81.500,50.498,0.000,-60.021,57.765,0.787,-1.181,-0.350,-1.335
469.740,-78.886,47.884,0.000,-63.896,56.544,2.868,-0.824,-0.350,-1.387
469.746,-77.711,46.606,0.000,-65.623,61.417,1.916,-0.665,-0.350,-1.218
469.753,-75.097,43.992,0.000,-66.191,65.916,2.310,-0.490,-0.350,-0.978
469.760,-70.850,39.745,0.000,-69.204,64.779,0.723,-0.091,-0.350,-0.966
469.766,-66.416,35.311,0.000,-70.905,65.442,0.351,0.247,-0.349,-0.873
469.773,-62.333,30.212,0.000,-72.199,65.110,2.462,0.543,-0.347,-0.802
469.780,-57.899,25.778,0.000,-70.922,62.988,3.390,0.716,-0.342,-0.445
469.787,-52.333,19.892,0.000,-75.642,67.474,0.923,1.282,-0.336,-0.774
469.794,-46.192,13.073,0.000,-75.862,66.550,2.027,1.632,-0.326,-0.618
469.800,-40.051,6.933,0.000,-72.532,64.637,6.092,1.786,-0.316,-0.157
469.807,-33.911,0.792,0.000,-71.941,57.883,2.557,2.092,-0.303,-0.045
469.814,-27.770,-5.349,0.000,-71.592,55.872,3.807,2.410,-0.290,-0.004
469.820,-21.300,-11.819,0.000,-62.902,48.155,0.535,2.288,-0.276,0.781
469.827,-13.975,-19.144,0.000,-61.155,44.816,0.344,2.595,-0.260,0.736
469.834,-6.651,-26.468,0.000,-58.897,40.202,1.961,2.874,-0.243,0.756
469.841,0.673,-34.476,0.000,-55.085,30.906,1.353,3.067,-0.224,0.951
469.847,8.352,-43.188,0.000,-51.112,24.396,3.324,3.271,-0.205,1.062
469.854,15.676,-49.815,0.000,-46.068,18.628,3.902,3.396,-0.184,1.266
469.861,23.001,-57.140,0.000,-42.818,11.076,0.936,3.620,-0.163,1.263
469.868,30.357,-65.896,0.000,-36.727,8.131,4.281,3.690,-0.140,1.489
469.874,37.725,-73.265,0.000,-28.378,1.747,5.611,3.636,-0.118,1.931
469.881,45.094,-80.633,0.000,-21.803,-5.946,3.868,3.679,-0.095,2.089
469.888,52.462,-88.001,0.000,-20.990,-7.855,6.191,4.040,-0.072,1.651
469.894,59.830,-95.369,0.000,-12.658,-20.489,1.787,3.987,-0.048,2.045
469.901,67.198,-102.738,0.000,-9.274,-20.370,1.583,4.206,-0.023,1.824
469.908,74.430,-112.866,0.000,2.723,-30.966,0.990,3.944,0.001,2.490
469.914,80.749,-118.448,0.000,9.447,-35.327,0.367,3.922,0.025,2.528
469.921,87.068,-124.767,0.000,9.457,-36.618,4.110,4.269,0.051,1.922
469.928,93.387,-133.316,0.000,19.905,-49.816,0.477,4.041,0.076,2.360
469.934,99.706,-139.635,0.000,26.864,-55.899,3.588,4.006,0.100,2.453
469.941,104.987,-144.916,0.000,36.260,-60.314,3.454,3.780,0.124,2.745
469.948,109.674,-149.603,0.000,40.715,-69.137,-0.070,3.793,0.147,2.507
469.954,114.726,-155.811,0.000,47.056,-70.219,2.763,3.722,0.170,2.467
469.961,119.413,-161.269,0.000,55.996,-79.547,4.055,3.488,0.191,2.693
469.968,123.750,-165.606,0.000,64.692,-88.086,3.468,3.248,0.212,2.831
469.974,126.661,-169.294,0.000,63.699,-90.149,8.488,3.463,0.232,2.004
469.981,129.571,-172.205,0.000,71.610,-102.180,4.570,3.188,0.252,2.254
469.988,132.481,-175.115,0.000,76.634,-103.018,5.675,3.072,0.271,2.177
469.994,134.490,-177.123,0.000,87.553,-115.087,3.514,2.582,0.288,2.670
470.001,135.586,-178.220,0.000,90.516,-118.992,0.711,2.479,0.303,2.266
470.008,136.683,-179.317,0.000,94.300,-123.444,2.815,2.331,0.318,2.057
470.014,137.780,-180.413,0.000,99.117,-134.455,1.646,2.126,0.331,1.968
470.021,137.375,-180.794,0.000,107.489,-140.344,4.773,1.644,0.342,2.301
470.028,136.590,-180.009,0.000,111.339,-143.649,4.854,1.389,0.350,2.044
470.034,135.805,-179.224,0.000,113.569,-151.004,2.086,1.223,0.350,1.743
470.041,134.840,-178.259,0.000,118.425,-149.437,1.041,0.903,0.350,1.756
470.048,132.222,-175.640,0.000,120.084,-153.145,2.435,0.668,0.350,1.489
470.054,129.238,-173.022,0.000,121.295,-159.494,1.731,0.437,0.350,1.200
470.061,126.620,-170.404,0.000,124.848,-165.975,2.700,0.097,0.350,1.253
470.068,123.276,-166.276,0.000,125.007,-161.965,4.222,-0.095,0.350,0.960
470.075,118.839,-161.838,0.000,126.202,-158.903,4.379,-0.405,0.348,0.815
470.081,114.402,-157.401,0.000,126.055,-155.271,1.794,-0.641,0.345,0.625
470.088,109.964,-152.964,0.000,124.952,-153.742,3.000,-0.824,0.340,0.338
470.095,105.527,-146.977,0.000,127.679,-154.083,3.663,-1.218,0.333,0.499
470.101,99.454,-140.904,0.000,124.850,-153.267,0.949,-1.397,0.325,0.147
470.108,93.310,-134.761,0.000,121.950,-144.136,0.568,-1.575,0.316,-0.187
470.115,87.167,-127.096,0.000,120.460,-138.816,1.084,-1.831,0.305,-0.291
470.122,81.024,-120.953,0.000,119.082,-135.476,3.216,-2.093,0.293,-0.327
470.128,74.881,-114.060,0.000,113.708,-132.652,0.921,-2.135,0.280,-0.762
470.135,67.816,-106.995,0.000,109.177,-126.707,1.266,-2.275,0.266,-0.990
470.142,60.492,-99.671,0.000,105.942,-122.017,1.707,-2.500,0.251,-1.062
470.148,53.167,-92.346,0.000,102.777,-120.453,1.937,-2.729,0.235,-1.093
470.155,45.843,-82.089,0.000,99.391,-116.832,0.105,-2.945,0.217,-1.155
470.162,38.518,-74.765,0.000,93.739,-111.973,0.814,-3.037,0.199,-1.390
470.169,31.194,-67.440,0.000,90.476,-110.404,2.632,-3.260,0.179,-1.373
470.175,23.139,-55.903,0.000,85.027,-107.335,1.972,-3.404,0.159,-1.501
470.182,15.415,-48.534,0.000,77.199,-97.885,0.324,-3.398,0.138,-1.858
470.189,8.046,-41.165,0.000,70.279,-91.433,0.968,-3.423,0.117,-2.042
470.195,0.677,-33.796,0.000,65.028,-87.820,1.102,-3.539,0.096,-2.050
470.202,-8.072,-24.413,0.000,58.744,-85.836,0.645,-3.675,0.074,-2.099
470.209,-17.721,-15.086,0.000,48.537,-74.619,1.178,-3.644,0.051,-2.508
470.216,-24.740,-8.067,0.000,41.703,-69.012,-0.953,-3.654,0.028,-2.530
470.223,-31.061,-1.746,0.000,34.559,-59.977,-1.893,-3.609,0.006,-2.546
470.229,-46.377,9.531,0.000,27.218,-53.675,-1.150,-4.048,-0.018,-2.550
470.236,-52.699,15.853,0.000,15.991,-46.305,1.805,-3.778,-0.041,-2.919
470.243,-59.020,22.174,0.000,10.109,-36.944,0.873,-3.802,-0.064,-2.758
470.249,-65.089,28.243,0.000,6.178,-32.386,-1.933,-3.920,-0.088,-2.446
470.256,-74.197,40.211,0.000,-0.980,-22.239,-3.321,-4.027,-0.112,-2.487
470.263,-78.887,44.902,0.000,-8.834,-12.201,-0.252,-3.853,-0.136,-2.557
470.270,-86.818,67.203,0.000,-17.656,2.120,1.278,-3.804,-0.160,-2.761
470.276,-91.509,71.894,0.000,-24.056,8.945,0.761,-3.710,-0.182,-2.659
470.283,-94.929,75.314,0.000,-32.751,16.016,0.724,-3.420,-0.204,-2.807
470.290,-97.843,78.228,0.000,-40.922,24.195,0.609,-3.131,-0.223,-2.880
470.296,-100.758,81.143,0.000,-47.174,36.891,-0.125,-2.947,-0.242,-2.773
470.303,-103.644,84.028,0.000,-54.210,46.768,0.071,-2.719,-0.259,-2.707
470.310,-108.275,89.918,0.000,-64.313,51.735,-0.743,-2.418,-0.275,-3.017
470.316,-109.525,91.019,0.000,-73.075,55.953,-1.417,-2.005,-0.288,-3.128
470.322,-110.626,92.120,0.000,-79.913,65.187,-1.443,-1.689,-0.298,-3.038
470.329,-111.281,93.209,0.000,-87.620,75.283,-3.061,-1.301,-0.306,-3.084
470.335,-110.500,93.835,0.000,-89.991,81.942,-0.794,-1.128,-0.313,-2.541
470.342,-109.720,93.054,0.000,-95.554,88.276,1.076,-0.779,-0.318,-2.389
470.348,-109.088,92.546,0.000,-100.828,91.783,0.954,-0.454,-0.322,-2.353
470.354,-107.176,90.634,0.000,-104.585,96.433,-1.081,-0.143,-0.323,-2.170
470.360,-104.711,89.083,0.000,-108.613,99.341,-0.018,0.215,-0.323,-2.082
470.366,-102.097,86.469,0.000,-111.360,104.802,-1.832,0.509,-0.321,-1.863
470.371,-99.483,83.855,0.000,-113.370,107.394,-2.903,0.764,-0.317,-1.634
470.377,-95.348,84.709,0.000,-114.516,110.857,-2.119,1.054,-0.313,-1.396
470.383,-90.915,80.276,0.000,-115.125,112.347,-1.664,1.332,-0.307,-1.164
470.388,-86.481,75.842,0.000,-114.517,113.530,-0.986,1.542,-0.299,-0.823
470.394,-82.047,74.714,0.000,-111.445,110.309,-1.096,1.617,-0.291,-0.239
470.400,-76.798,69.824,0.000,-108.178,108.375,-1.939,1.726,-0.282,0.241
470.405,-70.657,63.683,0.000,-108.007,105.716,-1.583,2.054,-0.272,0.218
470.411,-64.516,57.542,0.000,-108.559,105.030,0.906,2.422,-0.260,0.083
470.416,-58.376,53.287,0.000,-110.043,103.380,0.212,2.842,-0.246,-0.130
470.422,-52.235,47.637,0.000,-107.156,106.922,1.225,3.021,-0.231,0.206
470.428,-45.741,41.143,0.000,-105.703,107.510,2.111,3.298,-0.215,0.317
470.433,-38.417,33.819,0.000,-101.469,101.978,1.097,3.468,-0.197,0.704
470.439,-31.241,30.050,0.000,-96.081,95.212,0.072,3.566,-0.178,1.143
470.445,-23.917,22.725,0.000,-94.005,90.734,0.391,3.855,-0.159,1.127
470.450,-16.890,15.550,0.000,-91.935,86.265,0.923,4.127,-0.138,1.100
470.457,-9.565,8.226,0.000,-90.151,84.028,1.510,4.432,-0.113,0.993
470.463,-2.390,1.051,0.000,-85.297,80.152,4.034,4.560,-0.089,1.169
470.469,4.967,-6.307,0.000,-78.434,73.893,4.094,4.587,-0.063,1.580
470.475,11.589,-13.526,0.000,-78.882,66.876,0.339,4.976,-0.036,1.145
470.481,18.657,-20.745,0.000,-71.984,61.387,0.777,4.985,-0.008,1.561
470.488,26.025,-28.113,0.000,-66.812,56.788,3.664,5.106,0.021,1.663
470.494,32.940,-35.333,0.000,-59.683,47.365,0.427,5.094,0.050,2.041
470.500,40.308,-42.701,0.000,-51.587,41.125,-2.433,5.054,0.078,2.423
470.506,46.800,-49.193,0.000,-46.689,42.820,-0.099,5.142,0.107,2.345
470.512,53.119,-55.512,0.000,-38.331,36.937,2.694,5.030,0.134,2.605
470.518,59.438,-61.831,0.000,-34.896,26.807,1.178,5.188,0.164,2.398
470.524,65.757,-68.150,0.000,-27.815,25.939,0.651,5.146,0.192,2.523
470.530,72.076,-74.469,0.000,-21.966,22.750,2.857,5.172,0.221,2.498
470.536,76.250,-79.568,0.000,-13.330,11.749,3.240,4.927,0.249,2.802
470.542,80.937,-84.255,0.000,-7.502,2.836,1.415,4.864,0.274,2.741
470.548,85.312,-88.942,0.000,-0.739,-2.178,1.058,4.733,0.298,2.812
470.553,89.684,-93.480,0.000,5.201,-6.234,3.410,4.647,0.322,2.806
470.559,93.986,-97.782,0.000,9.581,-10.234,3.974,4.642,0.345,2.543
470.564,96.896,-100.693,0.000,19.178,-19.354,4.161,4.274,0.350,2.976
470.570,99.648,-103.603,0.000,24.467,-25.782,1.048,4.135,0.350,2.806
470.576,102.558,-106.513,0.000,30.731,-30.878,-2.009,3.951,0.350,2.752
470.581,105.316,-108.486,0.000,36.758,-31.383,1.774,3.771,0.350,2.736
470.587,106.413,-109.582,0.000,43.253,-34.306,3.158,3.474,0.350,2.684
470.592,108.126,-110.679,0.000,49.454,-41.189,1.847,3.227,0.350,2.621
470.598,109.223,-111.776,0.000,54.207,-46.810,2.989,3.026,0.350,2.484
470.603,108.781,-111.334,0.000,55.831,-50.366,2.854,2.912,0.350,1.977
470.609,109.356,-110.549,0.000,59.812,-55.471,1.479,2.725,0.350,1.852
470.614,108.870,-109.763,0.000,61.198,-54.391,0.750,2.622,0.350,1.462
470.619,107.869,-108.762,0.000,62.171,-52.913,1.670,2.513,0.350,1.120
470.625,105.250,-106.144,0.000,63.147,-54.626,1.685,2.316,0.350,0.825
470.630,102.930,-103.526,0.000,63.148,-54.696,3.176,2.188,0.350,0.542
470.635,100.312,-100.907,0.000,64.279,-53.137,4.675,1.982,0.350,0.502
470.640,96.933,-97.528,0.000,65.538,-52.201,4.610,1.727,0.350,0.479
470.645,92.495,-93.091,0.000,69.229,-58.251,3.864,1.280,0.350,0.865
470.650,88.058,-88.653,0.000,70.821,-62.389,3.538,0.948,0.350,0.931
470.657,82.142,-82.737,0.000,71.253,-64.348,2.910,0.599,0.350,0.706
470.662,77.172,-77.767,0.000,71.355,-61.084,0.691,0.320,0.350,0.556
470.667,71.028,-71.624,0.000,68.594,-61.125,-0.555,0.134,0.350,0.070
470.672,64.885,-65.480,0.000,66.493,-63.070,-0.204,-0.088,0.350,-0.258
470.678,58.742,-58.891,0.000,65.393,-58.058,3.015,-0.366,0.348,-0.342
470.684,52.599,-52.450,0.000,63.214,-53.270,4.576,-0.584,0.345,-0.453
470.690,46.298,-46.149,0.000,61.889,-52.985,5.800,-0.857,0.341,-0.418
470.696,38.974,-38.825,0.000,59.123,-50.688,5.858,-1.108,0.335,-0.620
470.702,31.500,-31.052,0.000,56.206,-46.312,6.812,-1.359,0.328,-0.772
470.709,24.176,-23.877,0.000,54.890,-43.903,3.478,-1.689,0.318,-0.738
470.715,16.702,-16.403,0.000,52.671,-46.185,-1.913,-1.978,0.308,-0.705
470.721,9.079,-8.929,0.000,46.547,-38.749,-0.162,-2.061,0.297,-1.151
470.727,1.754,-1.605,0.000,40.357,-30.873,4.401,-2.123,0.285,-1.505
470.733,-5.597,5.747,0.000,36.456,-25.169,3.376,-2.313,0.273,-1.505
470.740,-14.327,14.480,0.000,26.083,-18.735,2.427,-2.223,0.260,-2.105
470.746,-21.696,21.849,0.000,20.085,-16.347,1.074,-2.298,0.246,-2.183
470.753,-30.467,30.787,0.000,15.395,-5.633,3.874,-2.522,0.231,-2.093
470.760,-37.836,38.156,0.000,9.528,-0.827,3.712,-2.605,0.215,-2.107
470.766,-45.206,45.525,0.000,4.974,6.980,2.965,-2.760,0.199,-2.000
470.773,-51.854,52.174,0.000,-0.995,18.113,3.208,-2.797,0.182,-2.105
470.780,-59.810,63.439,0.000,-4.359,25.009,3.510,-3.050,0.164,-1.871
470.786,-66.131,69.761,0.000,-8.567,36.180,2.430,-3.166,0.145,-1.789
470.793,-73.484,78.356,0.000,-18.034,44.305,4.112,-3.050,0.126,-2.212
470.800,-79.806,84.678,0.000,-19.455,53.197,3.724,-3.319,0.106,-1.813
470.807,-85.298,90.171,0.000,-28.607,62.237,4.738,-3.118,0.086,-2.229
470.813,-92.005,95.523,0.000,-35.925,79.270,3.933,-3.084,0.068,-2.326
470.820,-97.082,100.895,0.000,-41.030,85.030,1.959,-3.083,0.049,-2.244
470.827,-101.772,105.586,0.000,-50.238,85.004,-0.537,-2.834,0.031,-2.586
470.833,-106.341,110.155,0.000,-56.809,100.836,2.982,-2.724,0.014,-2.525
470.840,-110.252,114.251,0.000,-63.476,107.269,3.332,-2.573,-0.002,-2.427
470.847,-113.371,117.166,0.000,-69.186,114.077,4.853,-2.430,-0.018,-2.442
470.854,-116.286,120.080,0.000,-73.239,121.125,3.245,-2.368,-0.032,-2.213
470.860,-118.531,122.326,0.000,-80.907,124.834,0.448,-2.069,-0.045,-2.359
470.867,-119.632,123.427,0.000,-86.893,131.711,2.425,-1.801,-0.057,-2.345
470.874,-123.116,127.897,0.000,-93.477,132.015,2.865,-1.630,-0.067,-2.391
470.881,-124.217,128.998,0.000,-105.178,136.103,0.925,-1.047,-0.075,-2.813
470.887,-124.288,128.839,0.000,-115.022,147.886,8.089,-0.510,-0.079,-3.045
470.894,-123.507,128.058,0.000,-123.667,148.421,0.034,0.009,-0.080,-3.088
470.901,-122.727,127.278,0.000,-131.119,151.178,1.225,0.462,-0.078,-3.007
470.907,-121.946,126.497,0.000,-129.940,148.792,-0.285,0.440,-0.075,-2.173
470.914,-119.387,123.938,0.000,-135.595,154.910,1.494,0.891,-0.071,-2.121
470.921,-116.543,121.324,0.000,-137.660,150.701,3.208,1.161,-0.064,-1.797
470.928,-113.929,117.099,0.000,-141.479,141.012,-1.156,1.515,-0.056,-1.741
470.934,-110.823,113.993,0.000,-145.757,146.362,3.335,1.921,-0.045,-1.714
470.941,-106.390,109.559,0.000,-149.332,142.738,-2.265,2.362,-0.032,-1.627
470.948,-101.504,104.866,0.000,-153.169,143.173,3.550,2.842,-0.015,-1.582
470.955,-97.070,100.433,0.000,-150.462,133.131,-0.329,2.937,0.003,-0.921
470.961,-91.120,93.088,0.000,-153.811,142.960,4.898,3.448,0.023,-0.993
470.968,-85.268,87.236,0.000,-145.813,131.991,0.806,3.330,0.044,0.006
470.975,-79.127,81.095,0.000,-137.546,137.918,3.810,3.213,0.064,0.756
470.982,-69.322,71.176,0.000,-128.696,129.306,0.508,3.266,0.083,1.374
470.988,-63.181,65.036,0.000,-131.002,128.629,6.394,3.730,0.105,0.801
470.995,-56.166,56.338,0.000,-122.124,120.475,2.881,3.628,0.127,1.417
471.002,-49.254,49.426,0.000,-119.191,127.929,4.493,3.847,0.150,1.339
471.009,-37.172,37.925,0.000,-116.609,115.963,4.987,4.369,0.176,1.274
471.015,-28.952,28.952,0.000,-115.071,103.502,-2.800,4.737,0.204,1.096
471.021,-21.627,21.627,0.000,-111.101,102.089,2.733,4.921,0.232,1.223
471.028,-13.857,13.708,0.000,-115.864,97.390,-0.314,5.610,0.263,0.475
471.034,-4.091,3.942,0.000,-111.131,93.826,4.768,5.887,0.295,0.981
471.040,5.709,-6.006,0.000,-100.648,79.015,0.414,5.850,0.329,1.938
471.047,15.533,-15.831,0.000,-91.144,80.758,2.194,5.867,0.350,2.451
471.054,25.357,-25.655,0.000,-76.117,69.782,6.247,5.581,0.350,3.533
471.060,35.182,-35.479,0.000,-71.715,66.631,-0.302,5.879,0.350,2.946
471.065,42.550,-42.847,0.000,-63.381,63.344,0.001,5.826,0.350,3.155
471.070,49.021,-49.318,0.000,-53.214,55.568,-0.260,5.623,0.350,3.478
471.075,55.340,-55.786,0.000,-41.716,47.384,-1.680,5.338,0.350,4.020
471.081,61.659,-62.105,0.000,-31.727,41.246,1.456,5.136,0.350,4.264
471.086,67.978,-68.424,0.000,-23.643,35.498,0.835,5.039,0.350,4.095
471.091,74.297,-74.743,0.000,-17.205,36.863,5.669,5.033,0.350,3.851
471.097,79.512,-79.959,0.000,-14.604,36.850,7.682,5.176,0.350,3.158
471.102,84.199,-84.646,0.000,-5.612,31.454,8.946,4.940,0.350,3.302
471.107,88.886,-89.333,0.000,-0.059,26.786,5.237,4.892,0.350,3.128
471.113,93.573,-94.020,0.000,5.657,24.151,3.741,4.835,0.350,2.914
471.118,97.840,-98.286,0.000,7.160,23.032,-1.715,4.987,0.350,2.333
471.124,100.750,-101.197,0.000,8.456,20.200,0.957,5.076,0.350,1.807
471.129,103.661,-104.107,0.000,18.006,5.592,-0.141,4.711,0.350,2.438
471.134,106.571,-107.017,0.000,26.916,-4.778,1.524,4.381,0.350,2.842
471.140,108.507,-108.954,0.000,31.835,-7.284,-0.275,4.217,0.350,2.663
471.145,109.604,-110.199,0.000,35.607,-12.919,1.646,4.070,0.350,2.502
471.150,110.701,-111.296,0.000,41.988,-18.707,5.126,3.779,0.350,2.548
471.157,111.842,-112.437,0.000,51.764,-31.402,-0.080,3.304,0.350,2.846
471.162,111.056,-111.652,0.000,57.831,-32.969,-3.012,2.927,0.350,2.899
471.168,110.010,-110.605,0.000,62.169,-32.427,6.056,2.631,0.350,2.431
471.173,109.224,-109.820,0.000,67.406,-35.353,6.890,2.300,0.350,2.370
471.178,106.965,-107.560,0.000,75.620,-39.705,8.596,1.724,0.350,2.863
471.183,104.346,-104.941,0.000,82.326,-42.588,7.241,1.211,0.350,3.053
471.188,101.728,-102.323,0.000,88.458,-51.222,2.497,0.730,0.350,3.018
471.195,97.440,-98.035,0.000,92.263,-47.137,7.082,0.285,0.350,2.513
471.200,93.002,-93.598,0.000,95.093,-50.301,8.781,-0.115,0.350,2.202
471.205,88.565,-89.160,0.000,96.055,-56.603,7.700,-0.412,0.348,1.762
471.210,84.128,-84.723,0.000,95.281,-62.213,7.954,-0.613,0.346,1.282
471.215,79.690,-80.286,0.000,93.390,-62.727,8.230,-0.753,0.343,0.818
471.220,73.549,-74.144,0.000,90.659,-58.294,6.086,-0.941,0.340,0.389
471.225,67.406,-68.001,0.000,88.202,-55.629,7.236,-1.144,0.335,0.090
471.230,61.263,-61.858,0.000,88.036,-56.861,3.208,-1.472,0.329,0.031
471.235,55.120,-55.715,0.000,85.220,-59.248,-0.388,-1.656,0.321,-0.358
471.242,46.748,-47.343,0.000,76.302,-51.653,-0.023,-1.625,0.311,-1.371
471.247,39.424,-40.019,0.000,71.719,-47.743,2.781,-1.776,0.303,-1.707
471.252,32.099,-32.694,0.000,67.283,-44.765,3.710,-1.935,0.294,-1.890
471.257,24.775,-25.370,0.000,61.910,-42.709,6.860,-2.042,0.285,-2.083
471.262,17.450,-18.045,0.000,56.828,-41.017,7.377,-2.166,0.275,-2.183
471.267,10.126,-10.721,0.000,49.867,-38.744,6.534,-2.186,0.264,-2.526
471.272,2.801,-3.396,0.000,42.275,-34.931,5.767,-2.171,0.254,-2.848
471.277,-4.551,3.956,0.000,37.534,-28.110,5.067,-2.315,0.244,-2.701
471.284,-14.377,13.782,0.000,33.436,-20.276,-0.478,-2.630,0.229,-2.317
471.289,-21.746,21.151,0.000,28.411,-14.399,-2.472,-2.759,0.217,-2.355
471.294,-29.115,28.520,0.000,22.516,-6.256,-2.208,-2.840,0.204,-2.448
471.299,-36.484,35.889,0.000,17.462,1.433,-1.187,-2.967,0.191,-2.440
471.304,-43.811,43.215,0.000,9.927,14.900,3.322,-2.956,0.177,-2.729
471.309,-50.132,49.537,0.000,4.882,26.320,5.861,-3.026,0.163,-2.707
471.316,-58.561,57.965,0.000,-2.954,37.432,7.739,-3.058,0.145,-2.811
471.321,-64.882,64.287,0.000,-10.329,42.996,8.033,-3.000,0.131,-3.056
471.326,-71.203,70.608,0.000,-17.030,48.083,9.054,-2.980,0.117,-3.128
471.331,-77.208,76.612,0.000,-21.327,53.790,8.814,-3.073,0.103,-2.923
471.336,-81.898,81.303,0.000,-25.160,58.167,6.544,-3.121,0.088,-2.767
471.341,-86.589,85.993,0.000,-30.568,63.873,3.981,-3.081,0.074,-2.806
471.346,-91.279,90.684,0.000,-30.263,68.232,-2.170,-3.356,0.058,-2.134
471.351,-95.970,95.374,0.000,-36.436,73.949,-2.709,-3.274,0.043,-2.369
471.356,-99.319,98.724,0.000,-40.672,77.001,1.878,-3.226,0.028,-2.332
471.361,-102.234,101.638,0.000,-41.905,74.477,3.807,-3.318,0.012,-1.966
471.367,-105.148,104.553,0.000,-43.318,70.995,5.235,-3.401,-0.004,-1.713
471.372,-107.962,107.367,0.000,-47.905,72.850,9.242,-3.303,-0.019,-1.925
471.377,-109.063,108.468,0.000,-52.637,77.839,10.578,-3.103,-0.034,-2.078
471.382,-110.164,109.569,0.000,-56.721,82.140,10.345,-2.939,-0.049,-2.117
471.387,-111.265,110.670,0.000,-61.297,89.232,8.430,-2.748,-0.062,-2.187
471.392,-111.696,111.101,0.000,-64.938,97.836,9.758,-2.572,-0.074,-2.099
471.397,-110.916,110.321,0.000,-67.996,105.645,9.291,-2.361,-0.085,-1.953
471.402,-110.135,109.540,0.000,-72.690,108.666,7.515,-2.059,-0.095,-2.026
471.407,-109.354,108.759,0.000,-77.725,112.380,5.329,-1.740,-0.103,-2.065
471.412,-107.370,106.775,0.000,-83.309,117.614,3.815,-1.323,-0.109,-2.117
471.417,-104.756,104.161,0.000,-89.225,125.291,6.321,-0.854,-0.113,-2.153
471.422,-102.142,101.547,0.000,-95.005,130.573,7.796,-0.393,-0.115,-2.224
471.427,-99.528,98.933,0.000,-104.520,136.503,8.487,0.275,-0.114,-2.782
471.433,-95.172,94.577,0.000,-108.186,140.644,5.787,0.716,-0.111,-2.443
471.438,-90.739,90.143,0.000,-111.058,144.244,2.340,1.118,-0.106,-2.071
471.443,-86.305,85.710,0.000,-113.597,148.811,1.618,1.501,-0.099,-1.795
471.448,-81.871,81.276,0.000,-113.157,151.755,2.743,1.721,-0.092,-1.304
471.453,-76.554,75.959,0.000,-115.968,149.382,5.719,2.168,-0.083,-1.366
471.458,-70.413,69.818,0.000,-115.515,145.743,10.016,2.481,-0.071,-0.882
471.463,-64.273,63.677,0.000,-114.729,142.182,11.235,2.775,-0.058,-0.452
471.468,-58.132,57.537,0.000,-118.693,138.567,9.341,3.331,-0.043,-0.793
471.473,-51.991,51.396,0.000,-118.071,133.757,7.819,3.634,-0.027,-0.450
471.478,-45.450,44.855,0.000,-117.124,127.896,6.353,3.942,-0.009,-0.126
471.483,-38.126,37.531,0.000,-112.488,121.919,5.934,4.090,0.009,0.295
471.489,-30.801,30.206,0.000,-106.629,110.241,5.285,4.170,0.029,1.043
471.494,-23.477,22.733,0.000,-101.092,109.164,3.606,4.269,0.051,1.445
471.500,-16.153,15.409,0.000,-98.265,114.504,8.745,4.516,0.074,1.427
471.505,-8.828,7.935,0.000,-84.803,105.254,3.846,4.179,0.096,2.574
471.511,-1.504,0.611,0.000,-79.879,94.465,1.991,4.311,0.117,2.543
471.516,5.855,-6.898,0.000,-76.305,95.596,2.347,4.519,0.140,2.312
471.522,13.223,-14.266,0.000,-71.353,87.799,8.662,4.652,0.162,2.157
471.527,20.592,-21.634,0.000,-65.559,80.865,6.157,4.738,0.186,2.295
471.533,28.109,-30.207,0.000,-59.101,84.019,5.868,4.797,0.211,2.478
471.539,35.626,-39.125,0.000,-57.367,86.246,10.172,5.115,0.236,2.013
471.545,42.994,-46.493,0.000,-49.694,76.880,-0.193,5.098,0.264,2.312
471.551,52.006,-56.480,0.000,-41.501,79.989,2.623,5.143,0.292,2.552
471.558,58.325,-62.799,0.000,-28.177,68.416,-2.516,4.758,0.321,3.143
471.564,64.644,-69.118,0.000,-26.585,72.140,3.316,5.018,0.350,2.545
471.571,70.963,-75.437,0.000,-19.591,55.805,1.364,4.980,0.350,2.584
471.578,81.756,-88.200,0.000,-20.951,52.358,10.490,5.649,0.350,1.792
471.584,87.862,-95.644,0.000,-11.894,39.613,3.838,5.487,0.350,2.177
471.591,94.109,-103.101,0.000,-6.055,26.808,10.850,5.509,0.350,2.148
471.597,98.796,-107.788,0.000,-0.410,13.507,1.915,5.456,0.350,2.232
471.604,103.483,-112.475,0.000,10.217,8.806,5.101,5.130,0.350,2.679
471.610,107.714,-116.706,0.000,13.585,2.886,2.030,5.177,0.350,2.403
471.617,114.585,-124.698,0.000,31.365,-5.211,6.464,4.577,0.350,3.590
471.623,117.496,-127.608,0.000,41.646,-11.536,1.358,4.172,0.350,3.691
471.630,120.406,-130.519,0.000,50.738,-28.598,-2.172,3.832,0.350,3.599
471.637,127.048,-156.714,0.000,61.548,-38.199,-3.952,3.602,0.350,3.658
471.643,129.626,-157.811,0.000,68.863,-49.026,-4.444,3.342,0.350,3.435
471.650,130.723,-158.908,0.000,66.936,-39.866,3.691,3.508,0.350,2.421
471.657,131.819,-160.005,0.000,76.774,-49.801,8.681,3.028,0.350,2.713
471.663,137.328,-164.396,0.000,78.345,-56.681,5.901,3.244,0.350,2.173
471.670,137.286,-164.898,0.000,72.629,-62.744,7.572,3.556,0.350,1.102
471.677,138.425,-166.089,0.000,73.367,-73.017,1.282,3.578,0.350,0.904
471.683,138.149,-168.435,0.000,72.931,-68.072,6.135,3.587,0.350,0.639
471.690,135.531,-165.817,0.000,78.125,-82.852,-2.793,3.157,0.350,0.984
471.697,132.913,-163.198,0.000,79.705,-85.025,1.981,2.926,0.350,0.882
471.703,130.295,-161.284,0.000,86.841,-96.327,-0.918,2.390,0.350,1.314
471.710,127.248,-159.981,0.000,99.514,-100.160,-0.015,1.525,0.350,2.259
471.716,122.811,-155.544,0.000,106.076,-107.346,2.414,0.920,0.350,2.320
471.722,118.374,-151.107,0.000,110.351,-112.378,1.022,0.441,0.350,2.178
471.728,113.936,-147.399,0.000,118.420,-115.988,3.324,-0.247,0.349,2.436
471.734,109.467,-142.930,0.000,124.348,-114.399,4.039,-0.818,0.346,2.407
471.740,103.324,-136.787,0.000,127.876,-117.439,1.227,-1.350,0.339,2.190
471.747,97.181,-130.644,0.000,127.049,-120.250,-1.324,-1.643,0.331,1.599
471.753,91.038,-124.500,0.000,125.163,-115.596,-0.359,-1.877,0.321,0.953
471.759,84.894,-119.094,0.000,123.645,-113.811,1.301,-2.131,0.309,0.528
471.765,78.751,-112.950,0.000,122.538,-111.858,1.652,-2.408,0.296,0.285
471.771,71.616,-105.816,0.000,115.189,-108.225,-0.051,-2.396,0.283,-0.472
471.777,64.292,-98.491,0.000,108.981,-104.389,-2.552,-2.458,0.269,-0.990
471.783,56.967,-91.167,0.000,104.099,-100.391,-2.087,-2.592,0.255,-1.277
471.790,49.643,-83.842,0.000,101.127,-96.467,-0.069,-2.832,0.239,-1.276
471.796,42.318,-76.518,0.000,95.518,-90.085,0.855,-2.926,0.223,-1.512
471.802,34.994,-69.193,0.000,89.734,-85.101,0.750,-3.011,0.207,-1.674
471.808,27.655,-61.855,0.000,82.214,-81.923,-0.728,-3.001,0.190,-2.005
471.814,20.286,-54.486,0.000,75.366,-78.144,0.375,-3.029,0.172,-2.223
471.821,12.512,-43.501,0.000,70.514,-68.469,1.686,-3.190,0.155,-2.218
471.827,5.143,-36.132,0.000,65.766,-62.336,-0.471,-3.334,0.135,-2.088
471.834,-2.628,-26.672,0.000,58.420,-54.270,0.886,-3.358,0.115,-2.242
471.841,-9.997,-19.303,0.000,53.089,-51.843,0.160,-3.470,0.093,-2.193
471.847,-19.648,-8.337,0.000,47.755,-40.080,0.300,-3.707,0.072,-2.132
471.854,-25.970,-2.016,0.000,43.272,-34.335,1.286,-3.808,0.049,-2.013
471.861,-39.288,9.908,0.000,32.647,-28.515,0.592,-3.956,0.024,-2.461
471.868,-48.438,16.229,0.000,31.382,-23.530,0.337,-4.390,-0.001,-1.981
471.874,-54.759,22.551,0.000,23.542,-16.342,0.379,-4.307,-0.028,-2.211
471.881,-60.731,28.522,0.000,17.837,-13.033,0.630,-4.321,-0.054,-2.179
471.888,-70.715,36.122,0.000,10.451,-1.262,0.006,-4.464,-0.082,-2.352
471.894,-76.043,45.704,0.000,5.791,6.702,-1.176,-4.501,-0.109,-2.200
471.901,-80.733,50.394,0.000,-2.508,11.804,1.329,-4.302,-0.135,-2.432
471.908,-85.839,53.502,0.000,-8.450,8.339,2.384,-4.256,-0.162,-2.380
471.915,-88.946,59.935,0.000,-19.710,27.341,0.418,-3.808,-0.187,-2.870
471.921,-91.861,62.850,0.000,-26.351,36.642,0.180,-3.603,-0.209,-2.770
471.928,-94.567,66.763,0.000,-35.250,42.380,0.127,-3.262,-0.230,-2.908
471.935,-97.345,69.541,0.000,-42.254,44.186,-2.683,-3.030,-0.249,-2.834
471.941,-98.446,73.984,0.000,-51.451,52.015,-0.895,-2.585,-0.265,-2.985
471.948,-99.547,75.085,0.000,-57.638,60.610,1.427,-2.305,-0.280,-2.828
471.955,-100.648,76.186,0.000,-63.570,66.912,2.528,-2.039,-0.293,-2.654
471.962,-101.042,84.155,0.000,-70.876,70.930,2.434,-1.659,-0.304,-2.663
471.968,-100.261,83.374,0.000,-74.218,72.664,5.040,-1.432,-0.313,-2.309
471.975,-99.480,82.208,0.000,-79.149,78.864,4.430,-1.118,-0.320,-2.177
471.982,-98.700,81.428,0.000,-83.107,84.838,-0.303,-0.858,-0.326,-2.029
471.988,-96.679,79.018,0.000,-87.673,92.065,-1.607,-0.495,-0.330,-1.937
471.995,-94.065,76.404,0.000,-91.756,96.008,-0.403,-0.127,-0.331,-1.866
472.002,-91.451,73.790,0.000,-91.928,89.556,-1.509,0.026,-0.332,-1.416
472.009,-85.699,62.972,0.000,-97.862,99.840,0.508,0.669,-0.329,-1.621
472.015,-81.307,58.580,0.000,-94.858,103.003,2.018,0.745,-0.325,-0.944
472.022,-76.873,54.146,0.000,-94.763,102.768,2.652,0.984,-0.319,-0.678
472.028,-69.105,42.575,0.000,-92.894,101.992,2.402,1.308,-0.312,-0.327
472.035,-64.671,38.141,0.000,-96.084,102.344,2.888,1.728,-0.302,-0.536
472.042,-59.320,32.790,0.000,-92.692,95.521,1.056,1.835,-0.291,-0.109
472.049,-49.677,23.851,0.000,-90.977,91.448,1.908,2.272,-0.277,0.081
472.056,-43.536,17.711,0.000,-90.184,91.530,2.701,2.566,-0.263,0.103
472.062,-37.395,11.570,0.000,-88.861,84.628,-1.067,2.831,-0.246,0.203
472.069,-29.660,4.853,0.000,-88.193,82.888,1.993,3.219,-0.227,0.213
472.076,-23.095,-1.711,0.000,-81.648,73.735,0.429,3.220,-0.207,0.778
472.083,-14.434,-11.397,0.000,-74.297,64.721,-0.509,3.292,-0.187,1.273
472.089,-7.109,-18.721,0.000,-74.810,60.265,2.382,3.723,-0.165,0.925
472.096,0.558,-27.877,0.000,-67.640,47.821,1.358,3.751,-0.142,1.357
472.103,7.882,-35.202,0.000,-62.316,43.977,6.210,3.861,-0.118,1.519
472.110,15.554,-43.148,0.000,-55.657,37.202,6.096,3.917,-0.094,1.757
472.116,22.878,-51.101,0.000,-52.601,29.165,3.730,4.151,-0.069,1.594
472.123,30.238,-58.461,0.000,-46.598,25.112,3.899,4.226,-0.044,1.747
472.130,37.606,-67.750,0.000,-38.343,14.217,0.829,4.177,-0.018,2.101
472.136,44.974,-75.118,0.000,-26.688,6.633,1.560,3.941,0.006,2.670
472.143,52.343,-82.487,0.000,-22.184,1.105,4.795,4.099,0.031,2.452
472.150,59.711,-89.855,0.000,-17.616,-8.697,1.752,4.253,0.057,2.331
472.157,67.784,-97.876,0.000,-8.087,-13.100,2.980,4.173,0.083,2.648
472.163,74.562,-104.296,0.000,5.698,-21.850,1.532,3.787,0.106,3.305
472.170,80.872,-110.606,0.000,7.459,-29.821,0.220,4.038,0.130,2.631
472.176,87.550,-118.246,0.000,15.193,-32.107,2.387,3.980,0.154,2.708
472.183,93.507,-125.236,0.000,22.495,-37.340,1.373,3.906,0.178,2.727
472.190,99.826,-131.555,0.000,28.407,-42.436,1.143,3.928,0.202,2.593
472.196,104.982,-136.711,0.000,34.317,-50.568,3.767,3.887,0.225,2.488
472.203,109.669,-142.076,0.000,40.649,-58.174,2.045,3.796,0.249,2.465
472.210,114.356,-146.763,0.000,46.790,-59.504,4.653,3.716,0.273,2.473
472.217,118.685,-151.450,0.000,53.245,-61.863,4.131,3.599,0.295,2.447
472.223,122.887,-155.652,0.000,56.814,-71.720,1.850,3.634,0.317,2.236
472.230,125.797,-158.562,0.000,62.975,-73.066,4.006,3.455,0.338,2.227
472.237,128.708,-161.472,0.000,70.857,-81.028,4.803,3.182,0.350,2.401
472.243,131.618,-164.383,0.000,77.557,-88.624,1.700,2.973,0.350,2.438
472.250,133.488,-166.253,0.000,77.075,-94.765,3.261,3.103,0.350,1.792
472.257,134.585,-167.350,0.000,87.668,-105.773,2.582,2.580,0.350,2.327
472.263,135.682,-168.446,0.000,91.912,-112.309,2.718,2.407,0.350,2.181
472.270,136.778,-169.543,0.000,96.245,-113.378,5.284,2.229,0.350,2.025
472.277,136.231,-168.995,0.000,103.039,-122.999,3.340,1.826,0.350,2.203
472.283,135.445,-168.210,0.000,106.941,-124.173,2.611,1.568,0.350,1.985
472.290,134.306,-167.425,0.000,112.736,-127.004,1.558,1.186,0.350,1.982
472.297,133.201,-166.320,0.000,114.646,-134.129,0.831,1.021,0.350,1.652
472.304,130.583,-163.702,0.000,119.226,-141.129,3.222,0.625,0.350,1.676
472.310,127.615,-161.084,0.000,123.614,-142.385,3.876,0.220,0.350,1.645
472.317,124.996,-158.466,0.000,127.911,-148.014,3.077,-0.160,0.350,1.669
472.324,121.514,-154.984,0.000,124.697,-149.248,0.032,-0.175,0.349,0.957
472.330,116.730,-149.198,0.000,128.605,-147.718,1.761,-0.653,0.346,1.059
472.337,111.950,-143.436,0.000,128.567,-147.488,2.194,-0.914,0.341,0.819
472.344,107.513,-138.999,0.000,125.556,-149.078,2.056,-0.992,0.334,0.296
472.351,103.015,-134.502,0.000,125.273,-147.825,3.417,-1.224,0.327,0.173
472.357,94.887,-127.059,0.000,122.270,-142.709,2.127,-1.506,0.318,-0.148
472.364,88.425,-120.916,0.000,124.339,-138.858,6.255,-1.975,0.307,0.095
472.371,82.281,-114.773,0.000,121.302,-133.694,6.607,-2.146,0.295,-0.165
472.377,71.735,-104.273,0.000,119.025,-129.486,1.119,-2.601,0.280,-0.369
472.384,65.592,-98.130,0.000,115.220,-121.325,-1.302,-2.730,0.263,-0.667
472.391,58.437,-90.975,0.000,111.973,-116.226,0.407,-2.944,0.245,-0.776
472.398,51.113,-80.713,0.000,107.938,-114.995,1.610,-3.125,0.226,-0.954
472.404,43.788,-73.389,0.000,103.613,-108.422,1.676,-3.290,0.207,-1.124
472.411,36.736,-65.494,0.000,97.177,-102.499,0.333,-3.324,0.186,-1.465
472.418,29.412,-58.169,0.000,93.356,-97.220,3.004,-3.517,0.166,-1.432
472.425,22.641,-51.415,0.000,84.823,-89.278,4.870,-3.420,0.145,-1.822
472.431,15.583,-44.652,0.000,78.474,-85.431,5.067,-3.459,0.124,-2.000
472.438,9.076,-37.283,0.000,74.739,-84.407,3.495,-3.611,0.102,-1.869
472.445,1.707,-29.914,0.000,69.189,-80.151,3.180,-3.712,0.080,-1.923
472.451,-5.662,-22.545,0.000,62.024,-73.347,1.565,-3.723,0.058,-2.134
472.458,-13.032,-15.176,0.000,56.259,-65.206,1.007,-3.811,0.036,-2.141
472.464,-20.401,-7.231,0.000,50.978,-57.616,2.276,-3.926,0.013,-2.080
472.471,-27.340,-0.868,0.000,43.544,-52.081,4.454,-3.899,-0.010,-2.258
472.477,-33.661,5.454,0.000,34.579,-45.570,1.953,-3.753,-0.032,-2.582
472.483,-39.983,12.351,0.000,30.167,-40.141,0.559,-3.858,-0.055,-2.387
472.490,-46.304,18.673,0.000,24.518,-33.962,-0.041,-3.895,-0.078,-2.303
472.497,-52.625,24.994,0.000,17.869,-27.280,1.912,-3.877,-0.101,-2.320
472.503,-58.570,30.939,0.000,9.954,-20.602,1.269,-3.769,-0.123,-2.496
472.510,-63.551,34.471,0.000,4.212,-13.162,1.343,-3.727,-0.146,-2.440
472.517,-68.241,39.743,0.000,-1.483,-7.876,-0.137,-3.672,-0.169,-2.318
472.523,-72.932,44.434,0.000,-9.868,-0.606,-1.440,-3.468,-0.191,-2.536
472.530,-77.622,48.543,0.000,-14.224,7.561,-1.882,-3.487,-0.212,-2.285
472.537,-80.907,51.827,0.000,-24.232,13.466,1.645,-3.117,-0.232,-2.638
472.544,-83.822,54.742,0.000,-29.480,19.252,2.905,-2.989,-0.250,-2.461
472.550,-86.736,57.657,0.000,-37.056,27.897,2.249,-2.732,-0.268,-2.574
472.557,-89.771,60.404,0.000,-40.458,33.495,1.736,-2.712,-0.285,-2.280
472.564,-90.872,62.087,0.000,-45.611,40.234,-1.483,-2.489,-0.300,-2.127
472.570,-91.973,63.188,0.000,-56.079,44.581,-0.386,-1.974,-0.313,-2.584
472.577,-93.074,64.289,0.000,-61.525,43.599,-0.198,-1.735,-0.324,-2.465
472.584,-93.437,63.483,0.000,-68.212,53.340,0.525,-1.387,-0.334,-2.491
472.591,-92.656,62.702,0.000,-70.989,59.417,-0.799,-1.192,-0.341,-2.095
472.597,-91.875,61.921,0.000,-78.821,64.851,-0.304,-0.718,-0.346,-2.262
472.604,-91.660,60.547,0.000,-83.892,64.731,-0.019,-0.427,-0.350,-2.186
472.611,-89.609,58.496,0.000,-86.790,67.579,0.930,-0.155,-0.350,-1.929
472.618,-86.995,56.475,0.000,-88.229,75.406,0.551,0.068,-0.350,-1.574
472.624,-84.381,53.861,0.000,-88.775,77.399,0.721,0.242,-0.349,-1.228
472.631,-81.767,51.247,0.000,-89.511,79.277,0.986,0.426,-0.346,-0.959
472.638,-77.345,46.825,0.000,-89.054,78.303,0.280,0.644,-0.343,-0.705
472.645,-73.190,42.392,0.000,-88.250,80.219,0.445,0.828,-0.338,-0.445
472.651,-68.756,37.958,0.000,-85.898,78.219,0.177,0.943,-0.332,-0.112
472.658,-64.322,33.524,0.000,-85.969,81.890,1.520,1.191,-0.325,-0.096
472.665,-58.943,28.732,0.000,-81.878,83.015,2.440,1.261,-0.318,0.272
472.672,-52.802,22.592,0.000,-83.492,75.678,0.294,1.688,-0.309,0.075
472.679,-47.746,17.033,0.000,-80.093,68.728,0.099,1.779,-0.298,0.380
472.685,-41.605,10.310,0.000,-76.710,68.524,0.387,1.931,-0.287,0.529
472.692,-35.465,4.169,0.000,-77.367,62.256,-0.694,2.305,-0.273,0.356
472.699,-30.426,-2.415,0.000,-76.452,63.855,0.487,2.531,-0.258,0.332
472.706,-23.597,-9.157,0.000,-73.217,54.254,0.571,2.729,-0.242,0.556
472.712,-16.272,-16.482,0.000,-70.820,46.640,-1.240,3.000,-0.224,0.646
472.719,-8.948,-23.806,0.000,-66.409,40.635,2.397,3.160,-0.204,0.909
472.726,-2.108,-31.130,0.000,-61.570,34.173,4.311,3.270,-0.184,1.154
472.733,5.216,-38.455,0.000,-57.534,24.641,1.030,3.451,-0.163,1.299
472.740,12.781,-45.779,0.000,-57.100,24.806,2.483,3.843,-0.140,1.008
472.746,20.142,-53.140,0.000,-49.004,16.314,1.807,3.803,-0.117,1.524
472.753,27.511,-60.508,0.000,-48.640,13.732,1.039,4.188,-0.092,1.158
472.760,35.122,-67.876,0.000,-45.479,11.518,1.760,4.433,-0.066,1.164
472.766,42.491,-75.245,0.000,-40.789,2.820,1.328,4.580,-0.038,1.311
472.773,49.859,-82.613,0.000,-33.949,-8.978,-1.407,4.609,-0.011,1.610
472.780,57.227,-89.981,0.000,-23.977,-11.325,2.889,4.466,0.017,2.156
472.786,63.633,-96.387,0.000,-14.500,-15.784,2.745,4.297,0.044,2.537
472.793,69.949,-102.127,0.000,-10.974,-20.278,4.976,4.451,0.071,2.241
472.800,76.514,-109.022,0.000,-2.850,-22.902,7.285,4.365,0.097,2.442
472.806,83.081,-117.103,0.000,6.171,-29.551,6.139,4.230,0.123,2.697
472.813,89.400,-123.422,0.000,12.090,-36.315,3.219,4.252,0.149,2.578
472.820,94.526,-128.548,0.000,20.213,-43.867,4.083,4.087,0.174,2.696
472.826,99.213,-133.235,0.000,22.837,-53.920,-1.278,4.201,0.200,2.298
472.833,103.900,-139.126,0.000,31.116,-57.824,3.545,4.003,0.225,2.475
472.840,108.587,-145.662,0.000,38.468,-67.559,3.675,3.857,0.249,2.577
472.847,113.008,-149.209,0.000,46.256,-72.293,3.147,3.671,0.272,2.661
472.853,115.918,-152.741,0.000,49.936,-75.189,5.839,3.629,0.294,2.331
472.860,118.828,-155.652,0.000,58.769,-87.032,3.141,3.303,0.315,2.590
472.867,121.739,-158.562,0.000,66.298,-93.432,4.477,3.049,0.334,2.643
472.873,123.575,-161.661,0.000,68.701,-98.207,7.007,3.018,0.350,2.184
472.880,124.672,-163.398,0.000,76.014,-109.808,3.048,2.676,0.350,2.308
472.887,125.769,-164.495,0.000,80.648,-117.824,0.768,2.482,0.350,2.159
472.894,127.119,-166.238,0.000,88.238,-126.016,1.395,2.138,0.350,2.341
472.900,126.537,-165.656,0.000,90.316,-133.444,0.689,1.992,0.350,1.963
472.907,125.751,-164.870,0.000,95.228,-136.291,3.301,1.679,0.350,1.911
472.914,125.481,-167.410,0.000,98.884,-135.219,4.912,1.463,0.350,1.791
472.920,124.343,-166.272,0.000,104.000,-137.621,6.172,1.119,0.350,1.839
472.927,121.725,-163.654,0.000,102.774,-138.239,5.447,1.042,0.350,1.258
472.934,120.442,-165.236,0.000,105.932,-135.955,3.240,0.798,0.350,1.199
472.941,117.823,-162.618,0.000,106.931,-137.616,3.194,0.599,0.350,1.013
472.947,114.308,-159.103,0.000,107.961,-141.377,4.118,0.349,0.350,0.837
472.954,109.871,-154.665,0.000,109.320,-139.660,2.236,0.030,0.350,0.779
472.961,105.433,-150.228,0.000,109.238,-132.771,4.669,-0.209,0.349,0.591
472.967,100.996,-145.791,0.000,113.179,-133.757,4.054,-0.670,0.346,0.824
472.974,96.467,-141.262,0.000,111.022,-133.066,3.086,-0.800,0.342,0.426
472.981,89.514,-138.051,0.000,112.266,-131.611,3.380,-1.251,0.334,0.361
472.988,83.371,-131.908,0.000,112.558,-128.556,3.374,-1.605,0.325,0.299
472.994,77.228,-125.765,0.000,112.652,-125.935,4.894,-1.948,0.314,0.254
473.001,71.085,-120.372,0.000,108.422,-126.081,4.961,-2.054,0.301,-0.229
473.008,64.941,-114.228,0.000,107.702,-127.207,3.272,-2.352,0.288,-0.235
473.015,57.765,-107.052,0.000,103.444,-123.359,2.259,-2.512,0.273,-0.593
473.021,50.441,-99.728,0.000,99.367,-117.406,-1.307,-2.691,0.257,-0.822
473.028,43.116,-92.403,0.000,93.749,-119.951,1.528,-2.785,0.239,-1.129
473.035,35.792,-85.079,0.000,87.885,-120.018,3.014,-2.865,0.222,-1.423
473.041,28.467,-77.754,0.000,85.030,-117.776,1.060,-3.111,0.204,-1.319
473.048,21.143,-70.430,0.000,78.128,-111.939,0.217,-3.134,0.185,-1.588
473.055,13.803,-63.090,0.000,72.626,-106.675,-0.476,-3.235,0.166,-1.690
473.062,5.649,-55.721,0.000,65.803,-101.928,2.994,-3.308,0.146,-1.878
473.068,-1.720,-48.352,0.000,58.871,-94.900,1.863,-3.333,0.125,-2.043
473.075,-9.346,-36.583,0.000,50.033,-86.723,4.665,-3.266,0.105,-2.346
473.082,-16.715,-29.214,0.000,45.110,-81.466,2.508,-3.400,0.084,-2.270
473.089,-24.837,-20.432,0.000,38.576,-74.746,1.674,-3.488,0.062,-2.318
473.095,-32.003,-12.815,0.000,32.330,-67.917,1.500,-3.538,0.041,-2.317
473.102,-38.324,-6.494,0.000,23.707,-58.943,1.218,-3.412,0.020,-2.547
473.109,-45.840,1.880,0.000,17.094,-50.536,0.886,-3.461,-0.001,-2.493
473.116,-53.071,10.193,0.000,9.952,-42.584,-0.846,-3.466,-0.022,-2.519
473.123,-59.384,16.506,0.000,0.734,-34.119,1.149,-3.306,-0.043,-2.698
473.129,-65.295,22.417,0.000,-3.552,-28.450,4.449,-3.396,-0.064,-2.441
473.136,-69.979,27.101,0.000,-13.788,-14.631,2.164,-3.090,-0.084,-2.801
473.143,-76.805,33.090,0.000,-20.351,-5.891,1.473,-3.105,-0.102,-2.685
473.149,-81.496,37.781,0.000,-25.662,1.344,-0.682,-3.071,-0.121,-2.521
473.156,-87.377,47.427,0.000,-33.979,14.625,-1.714,-2.937,-0.139,-2.657
473.163,-90.637,50.687,0.000,-38.929,20.805,0.572,-2.844,-0.157,-2.463
473.170,-93.551,53.602,0.000,-45.402,29.351,0.306,-2.648,-0.174,-2.398
473.177,-98.141,57.697,0.000,-49.833,32.775,1.900,-2.657,-0.190,-2.198
473.183,-100.864,60.419,0.000,-57.656,38.882,0.845,-2.376,-0.205,-2.396
473.190,-101.965,61.521,0.000,-59.855,45.392,0.240,-2.316,-0.219,-1.989
473.197,-105.131,71.777,0.000,-65.401,50.958,-1.716,-2.185,-0.233,-2.026
473.203,-106.232,72.878,0.000,-67.612,54.531,1.079,-2.124,-0.246,-1.710
473.210,-106.568,73.214,0.000,-74.071,59.679,1.713,-1.787,-0.257,-1.873
473.217,-109.384,88.993,0.000,-78.508,63.722,4.439,-1.698,-0.268,-1.831
473.224,-108.604,88.212,0.000,-81.707,67.358,2.437,-1.479,-0.278,-1.672
473.230,-109.166,92.476,0.000,-85.419,70.343,1.504,-1.306,-0.286,-1.617
473.236,-107.090,90.399,0.000,-91.125,74.766,0.707,-0.878,-0.292,-1.864
473.242,-104.625,90.847,0.000,-94.357,78.078,0.629,-0.565,-0.295,-1.772
473.247,-102.010,88.233,0.000,-97.164,83.837,-1.023,-0.267,-0.297,-1.670
473.253,-99.383,90.360,0.000,-99.083,87.877,-0.703,-0.017,-0.298,-1.471
473.259,-94.950,85.927,0.000,-101.393,89.775,0.653,0.354,-0.297,-1.364
473.264,-90.516,81.493,0.000,-103.205,97.074,-0.085,0.698,-0.293,-1.217
473.270,-86.082,78.929,0.000,-105.426,103.154,-1.032,1.064,-0.288,-1.135
473.276,-81.648,74.851,0.000,-108.366,102.553,-1.493,1.469,-0.281,-1.149
473.281,-76.245,69.449,0.000,-110.015,106.804,-1.014,1.857,-0.272,-1.008
473.287,-70.105,63.308,0.000,-111.746,107.572,-0.842,2.290,-0.261,-0.917
473.292,-63.964,59.040,0.000,-111.205,105.603,-1.566,2.598,-0.248,-0.557
473.298,-57.823,52.899,0.000,-107.071,105.508,0.062,2.709,-0.236,0.121
473.303,-51.682,47.408,0.000,-104.609,104.975,2.116,2.911,-0.221,0.373
473.309,-45.082,40.807,0.000,-100.652,101.136,1.857,3.056,-0.206,0.754
473.314,-37.758,34.743,0.000,-96.678,98.952,0.857,3.241,-0.189,1.021
473.320,-30.433,27.419,0.000,-92.364,96.710,-0.709,3.406,-0.172,1.243
473.326,-23.109,21.467,0.000,-91.296,94.066,-3.927,3.750,-0.154,1.061
473.331,-15.785,14.891,0.000,-90.618,95.861,-1.982,4.116,-0.133,0.840
473.337,-8.460,7.567,0.000,-84.918,91.244,-0.301,4.205,-0.113,1.219
473.342,-1.136,0.243,0.000,-80.601,85.159,0.994,4.371,-0.092,1.312
473.348,6.226,-7.119,0.000,-75.380,81.468,1.397,4.488,-0.070,1.591
473.353,13.594,-14.487,0.000,-71.198,76.215,1.214,4.664,-0.048,1.672
473.358,20.962,-21.855,0.000,-64.395,69.553,-0.007,4.695,-0.026,2.049
473.363,28.330,-29.223,0.000,-59.760,64.010,-1.131,4.845,-0.002,2.110
473.369,35.698,-36.592,0.000,-55.352,58.899,-0.995,5.008,0.022,2.146
473.374,43.067,-43.960,0.000,-50.565,52.443,-3.606,5.150,0.046,2.159
473.380,49.464,-50.357,0.000,-46.214,46.036,-3.790,5.262,0.073,2.086
473.385,55.783,-56.378,0.000,-40.915,38.507,-2.589,5.318,0.098,2.130
473.390,62.102,-62.697,0.000,-33.193,30.557,-1.124,5.241,0.122,2.546
473.395,68.421,-68.867,0.000,-26.466,22.082,1.768,5.219,0.146,2.723
473.400,74.740,-75.186,0.000,-19.304,16.360,2.914,5.172,0.171,2.841
473.406,79.841,-80.287,0.000,-13.869,9.977,3.409,5.154,0.196,2.700
473.411,84.528,-84.974,0.000,-4.297,2.963,2.071,4.885,0.221,3.165
473.416,89.215,-89.661,0.000,5.184,-2.805,3.309,4.622,0.243,3.506
473.422,93.902,-94.199,0.000,14.439,-9.541,0.658,4.370,0.266,3.751
473.428,99.014,-99.312,0.000,20.507,-15.405,-2.035,4.318,0.292,3.281
473.435,102.895,-103.192,0.000,28.751,-19.221,-0.383,4.078,0.316,3.125
473.440,105.805,-106.102,0.000,30.062,-19.843,-0.275,4.166,0.335,2.494
473.445,108.219,-108.516,0.000,35.204,-26.590,-0.163,4.016,0.350,2.491
473.452,109.681,-109.978,0.000,41.876,-40.661,-6.870,3.729,0.350,2.450
473.457,110.778,-111.075,0.000,48.191,-45.899,-5.988,3.442,0.350,2.638
473.462,111.874,-112.172,0.000,54.020,-45.810,-1.931,3.182,0.350,2.692
473.467,111.263,-111.561,0.000,58.341,-48.591,0.462,2.911,0.350,2.478
473.472,110.478,-110.775,0.000,61.806,-55.295,2.596,2.677,0.350,2.284
473.477,109.693,-109.990,0.000,67.174,-62.336,2.788,2.339,0.350,2.389
473.484,107.654,-107.951,0.000,70.573,-59.801,0.509,2.039,0.350,2.048
473.489,105.035,-105.333,0.000,69.401,-59.860,-0.164,1.960,0.350,1.361
473.494,102.417,-102.715,0.000,72.035,-61.299,-3.101,1.671,0.350,1.342
473.499,99.799,-100.096,0.000,77.928,-63.108,-3.338,1.203,0.350,1.751
473.504,95.650,-95.947,0.000,76.876,-63.662,-2.965,1.033,0.350,1.195
473.509,91.212,-91.510,0.000,77.655,-64.938,-2.461,0.746,0.350,0.979
473.514,86.775,-87.072,0.000,80.750,-67.266,-0.167,0.331,0.350,1.133
473.519,82.338,-82.635,0.000,81.820,-70.834,-0.658,0.028,0.350,0.989
473.524,77.214,-77.511,0.000,82.291,-75.115,-1.623,-0.279,0.349,0.836
473.529,71.071,-71.368,0.000,82.928,-78.449,-2.902,-0.652,0.347,0.731
473.534,64.927,-65.225,0.000,83.661,-77.812,-2.021,-1.030,0.343,0.659
473.539,58.784,-59.082,0.000,82.228,-77.979,-0.612,-1.289,0.338,0.389
473.544,52.641,-52.938,0.000,81.488,-68.926,-0.067,-1.587,0.331,0.223
473.549,46.235,-46.532,0.000,78.869,-59.842,0.502,-1.795,0.323,-0.138
473.554,38.910,-39.207,0.000,76.048,-53.950,-0.411,-2.043,0.314,-0.466
473.560,31.586,-31.883,0.000,73.929,-53.854,-1.613,-2.329,0.304,-0.609
473.565,24.261,-24.558,0.000,71.567,-52.130,-1.395,-2.602,0.292,-0.773
473.570,16.937,-17.234,0.000,68.399,-51.222,-0.527,-2.830,0.280,-0.967
473.575,9.612,-9.909,0.000,65.796,-46.342,-1.701,-3.090,0.265,-1.042
473.580,2.288,-2.585,0.000,61.020,-46.066,-1.109,-3.230,0.251,-1.368
473.585,-5.068,4.771,0.000,55.046,-43.899,-1.615,-3.306,0.236,-1.739
473.590,-12.437,12.140,0.000,50.696,-36.711,-1.038,-3.472,0.220,-1.783
473.595,-19.806,19.509,0.000,46.635,-28.866,-0.837,-3.654,0.204,-1.814
473.600,-27.175,26.729,0.000,38.294,-18.330,0.034,-3.601,0.187,-2.383
473.606,-34.544,34.098,0.000,28.266,-6.511,-1.568,-3.455,0.169,-2.975
473.611,-41.914,41.467,0.000,19.962,4.225,-3.070,-3.403,0.152,-3.233
473.617,-48.468,48.022,0.000,13.928,12.972,-2.011,-3.432,0.135,-3.121
473.622,-54.790,54.343,0.000,10.710,20.263,0.235,-3.602,0.118,-2.716
473.627,-61.111,60.665,0.000,6.293,28.424,0.086,-3.707,0.100,-2.531
473.633,-67.432,66.986,0.000,0.440,33.467,-0.341,-3.733,0.082,-2.548
473.638,-73.754,73.308,0.000,-6.168,38.040,-1.939,-3.717,0.064,-2.641
473.643,-79.100,78.654,0.000,-14.477,45.957,-1.918,-3.554,0.047,-2.900
473.649,-83.790,83.344,0.000,-21.141,53.466,-2.340,-3.446,0.030,-2.902
473.654,-88.481,88.035,0.000,-26.068,59.586,-1.857,-3.433,0.013,-2.672
473.660,-93.171,92.725,0.000,-32.652,62.966,-0.960,-3.329,-0.003,-2.732
473.665,-97.580,97.134,0.000,-39.732,66.259,0.408,-3.182,-0.019,-2.850
473.670,-100.495,100.049,0.000,-45.729,65.245,0.206,-3.012,-0.033,-2.793
473.676,-103.409,102.963,0.000,-50.380,68.776,-0.820,-2.917,-0.048,-2.595
473.681,-106.324,105.878,0.000,-56.705,74.890,-2.454,-2.729,-0.061,-2.671
473.687,-108.406,107.960,0.000,-61.959,79.389,-2.360,-2.555,-0.074,-2.592
473.692,-109.507,109.061,0.000,-67.794,84.010,-2.216,-2.294,-0.086,-2.597
473.697,-110.608,110.162,0.000,-71.456,91.700,-1.122,-2.153,-0.096,-2.362
473.703,-111.709,111.263,0.000,-74.571,97.101,-0.525,-2.043,-0.106,-2.093
473.708,-111.381,110.935,0.000,-76.640,103.897,-1.039,-1.911,-0.115,-1.759
473.714,-110.601,110.154,0.000,-79.767,111.061,-1.627,-1.696,-0.124,-1.628
473.719,-109.821,109.375,0.000,-84.723,113.857,-1.040,-1.380,-0.130,-1.750
473.724,-108.937,108.490,0.000,-88.956,116.464,0.578,-1.099,-0.136,-1.754
473.730,-106.325,105.879,0.000,-94.838,120.876,-0.842,-0.632,-0.140,-1.927
473.735,-103.711,103.265,0.000,-98.352,123.827,-1.489,-0.295,-0.141,-1.801
473.741,-101.097,100.651,0.000,-102.305,126.971,-0.733,0.066,-0.141,-1.754
473.746,-97.834,97.388,0.000,-107.049,129.661,0.548,0.507,-0.139,-1.796
473.751,-93.400,92.954,0.000,-111.283,135.944,-0.219,0.984,-0.135,-1.778
473.757,-88.966,88.520,0.000,-115.810,140.674,0.373,1.476,-0.128,-1.775
473.762,-84.533,84.086,0.000,-119.011,144.325,0.198,1.896,-0.119,-1.662
473.768,-80.099,79.653,0.000,-121.137,146.871,0.587,2.257,-0.108,-1.437
473.773,-74.099,73.653,0.000,-117.922,143.657,0.742,2.410,-0.096,-0.658
473.779,-67.959,67.512,0.000,-117.025,138.801,0.392,2.699,-0.083,-0.313
473.784,-61.818,61.372,0.000,-117.061,134.845,0.338,3.038,-0.068,-0.215
473.790,-55.677,55.231,0.000,-115.580,129.993,0.329,3.295,-0.052,0.044
473.795,-49.536,49.090,0.000,-110.974,127.185,-1.555,3.379,-0.036,0.546
473.800,-42.522,42.076,0.000,-108.767,120.884,-0.879,3.643,-0.018,0.715
473.806,-35.198,34.752,0.000,-106.258,119.149,2.894,3.908,0.002,0.809
473.811,-27.874,27.427,0.000,-102.165,114.242,4.088,4.086,0.021,1.056
473.817,-20.549,20.103,0.000,-94.763,108.018,4.599,4.082,0.041,1.629
473.822,-13.225,12.779,0.000,-87.792,101.106,4.571,4.101,0.062,2.060
473.828,-5.901,5.454,0.000,-86.838,97.835,0.498,4.452,0.083,1.700
473.833,1.432,-1.878,0.000,-82.732,95.359,-2.068,4.629,0.106,1.778
473.838,8.800,-9.247,0.000,-75.442,86.980,-4.641,4.633,0.128,2.149
473.844,16.169,-16.615,0.000,-71.789,81.356,-6.036,4.838,0.152,2.055
473.849,23.537,-23.983,0.000,-67.832,75.322,-2.967,5.025,0.176,1.964
473.855,30.905,-31.351,0.000,-61.030,64.803,-0.313,5.056,0.200,2.251
473.860,38.273,-38.720,0.000,-54.186,57.133,4.303,5.085,0.224,2.498
473.865,45.353,-45.799,0.000,-50.165,49.877,5.527,5.253,0.249,2.333
473.870,51.672,-52.118,0.000,-44.244,42.348,2.995,5.275,0.275,2.457
473.876,57.991,-58.437,0.000,-35.820,30.697,1.951,5.160,0.301,2.914
473.881,64.310,-64.756,0.000,-29.191,20.306,-1.003,5.143,0.327,3.074
473.887,70.629,-71.075,0.000,-25.754,13.329,-3.291,5.301,0.350,2.781
473.892,76.792,-77.238,0.000,-22.848,14.401,-1.574,5.480,0.350,2.466
473.897,81.479,-81.925,0.000,-20.380,13.861,-1.025,5.602,0.350,2.133
473.903,86.166,-86.612,0.000,-18.346,13.870,0.067,5.748,0.350,1.839
473.908,90.853,-91.299,0.000,-11.194,8.029,1.013,5.613,0.350,2.182
473.913,95.540,-95.986,0.000,-6.217,8.006,1.471,5.597,0.350,2.160
473.919,99.057,-99.503,0.000,0.982,5.596,2.715,5.394,0.350,2.447
473.924,101.963,-102.410,0.000,8.878,1.005,4.346,5.120,0.350,2.806
473.930,104.870,-105.316,0.000,16.470,-5.445,2.724,4.862,0.350,3.068
473.935,107.776,-108.222,0.000,20.424,-8.821,1.370,4.804,0.350,2.757
473.940,108.961,-109.407,0.000,27.683,-16.174,-1.237,4.470,0.350,2.883
473.946,110.058,-110.504,0.000,33.610,-21.445,-0.880,4.205,0.350,2.876
473.951,111.154,-111.601,0.000,42.109,-28.791,0.042,3.797,0.350,3.100
473.956,111.779,-112.225,0.000,48.562,-37.869,3.159,3.477,0.350,3.020
473.962,110.994,-111.440,0.000,52.020,-45.867,3.158,3.244,0.350,2.639
473.967,110.208,-110.655,0.000,57.777,-53.548,3.089,2.884,0.350,2.687
473.973,109.423,-109.869,0.000,60.664,-55.867,4.264,2.682,0.350,2.393
473.978,107.627,-108.073,0.000,62.487,-60.203,1.128,2.483,0.350,2.008
473.983,105.009,-105.455,0.000,64.470,-64.630,-0.503,2.230,0.350,1.714
473.989,102.391,-102.837,0.000,64.463,-64.135,-2.154,2.086,0.350,1.292
473.994,99.773,-100.219,0.000,68.576,-69.776,-3.863,1.716,0.350,1.436
473.999,95.605,-96.051,0.000,71.799,-74.623,-4.620,1.309,0.350,1.419
474.005,91.167,-91.614,0.000,73.666,-78.083,-4.361,0.963,0.350,1.194
474.010,86.730,-87.176,0.000,73.039,-79.656,-1.444,0.753,0.350,0.803
474.016,82.293,-82.739,0.000,72.826,-81.020,-1.133,0.521,0.350,0.545
474.021,77.152,-77.598,0.000,70.317,-80.744,0.739,0.376,0.350,0.076
474.026,71.009,-71.455,0.000,67.590,-79.433,0.890,0.188,0.350,-0.313
474.032,64.865,-65.312,0.000,65.141,-78.340,-0.126,-0.015,0.350,-0.564
474.037,58.722,-59.168,0.000,61.996,-73.485,-0.343,-0.180,0.349,-0.850
474.043,52.579,-53.025,0.000,59.791,-68.503,-0.800,-0.397,0.347,-0.938
474.048,46.161,-46.607,0.000,59.644,-70.095,-1.384,-0.742,0.344,-0.743
474.053,38.836,-39.282,0.000,59.906,-68.319,-1.827,-1.159,0.339,-0.558
474.059,31.512,-31.958,0.000,57.932,-65.601,-3.064,-1.453,0.332,-0.686
474.064,24.187,-24.633,0.000,57.603,-59.813,-3.099,-1.838,0.324,-0.549
474.069,16.863,-17.309,0.000,57.467,-56.887,0.323,-2.233,0.314,-0.405
474.075,9.538,-9.984,0.000,57.531,-52.796,0.184,-2.640,0.302,-0.286
474.080,2.214,-2.660,0.000,60.088,-46.156,0.472,-3.183,0.287,0.091
474.086,-5.142,4.696,0.000,59.529,-40.179,2.018,-3.557,0.270,0.003
474.091,-12.512,12.065,0.000,57.801,-35.455,2.404,-3.867,0.252,-0.181
474.096,-19.881,19.434,0.000,49.361,-26.950,2.772,-3.808,0.233,-1.155
474.102,-27.250,26.804,0.000,41.866,-18.760,3.562,-3.801,0.214,-1.759
474.107,-34.619,34.173,0.000,32.137,-7.239,2.229,-3.672,0.196,-2.493
474.112,-41.988,41.542,0.000,25.389,-2.495,1.004,-3.706,0.177,-2.702
474.118,-48.532,48.086,0.000,19.807,5.324,1.072,-3.759,0.159,-2.710
474.123,-54.853,54.407,0.000,15.663,13.711,0.047,-3.878,0.140,-2.549
474.129,-61.175,60.729,0.000,10.104,18.868,-0.164,-3.920,0.120,-2.593
474.134,-67.496,67.050,0.000,3.092,27.391,-1.261,-3.882,0.101,-2.769
474.139,-73.818,73.371,0.000,-5.939,36.564,-1.710,-3.733,0.083,-3.071
474.145,-79.147,78.701,0.000,-16.358,43.879,-2.306,-3.453,0.066,-3.436
474.150,-83.838,83.392,0.000,-26.900,50.302,-0.830,-3.132,0.051,-3.757
474.156,-88.528,88.082,0.000,-35.310,57.875,-1.039,-2.927,0.036,-3.739
474.161,-93.219,92.773,0.000,-42.439,66.138,-0.312,-2.793,0.022,-3.583
474.167,-97.610,97.164,0.000,-49.024,75.576,-0.555,-2.672,0.009,-3.388
474.172,-100.524,100.078,0.000,-53.561,82.807,0.971,-2.583,-0.004,-3.052
474.177,-103.439,102.993,0.000,-58.154,91.314,-0.825,-2.491,-0.016,-2.812
474.183,-106.353,105.907,0.000,-62.345,98.467,-2.655,-2.420,-0.028,-2.598
474.188,-108.417,107.971,0.000,-66.480,103.680,-3.059,-2.307,-0.039,-2.442
474.193,-109.518,109.072,0.000,-71.790,106.669,-2.568,-2.075,-0.050,-2.453
474.199,-110.620,110.173,0.000,-75.938,113.333,-0.597,-1.907,-0.060,-2.353
474.204,-111.721,111.274,0.000,-81.108,114.938,1.148,-1.684,-0.069,-2.323
474.210,-111.374,110.927,0.000,-82.681,118.268,0.814,-1.578,-0.076,-1.914
474.215,-110.593,110.147,0.000,-83.144,118.663,-0.629,-1.510,-0.084,-1.460
474.221,-109.812,109.366,0.000,-86.540,117.010,0.750,-1.280,-0.090,-1.447
474.226,-108.903,108.457,0.000,-88.867,117.212,-0.413,-1.102,-0.096,-1.303
474.231,-106.289,105.694,0.000,-95.478,118.738,0.159,-0.595,-0.099,-1.752
474.237,-103.675,103.080,0.000,-97.894,119.524,-0.240,-0.318,-0.101,-1.580
474.242,-101.061,100.466,0.000,-100.045,115.906,3.129,-0.056,-0.102,-1.494
474.247,-97.773,97.177,0.000,-101.311,108.595,4.969,0.195,-0.102,-1.340
474.252,-93.339,92.744,0.000,-100.104,106.442,1.363,0.372,-0.100,-0.823
474.257,-88.905,88.310,0.000,-97.965,104.686,-2.151,0.498,-0.098,-0.380
474.262,-84.471,83.876,0.000,-91.927,96.113,-1.373,0.410,-0.096,0.424
474.267,-80.037,79.442,0.000,-81.945,86.759,2.130,0.105,-0.095,1.570
474.272,-74.014,73.419,0.000,-69.509,74.938,2.946,-0.248,-0.096,2.682
474.277,-69.921,69.326,0.000,-58.051,65.198,2.721,-0.653,-0.098,3.677
474.284,-69.921,69.326,0.000,-58.051,65.198,2.721,-0.653,-0.098,3.677
474.289,-69.921,69.326,0.000,-58.051,65.198,2.721,-0.653,-0.098,3.677
474.295,-69.921,69.326,0.000,-58.051,65.198,2.721,-0.653,-0.098,3.677
474.300,-69.921,69.326,0.000,-58.051,65.198,2.721,-0.653,-0.098,3.677
474.306,-69.921,69.326,0.000,-58.051,65.198,2.721,-0.653,-0.098,3.677
474.312,-69.921,69.326,0.000,-58.051,65.198,2.721,-0.653,-0.098,3.677
474.317,-69.921,69.326,0.000,-58.051,65.198,2.721,-0.653,-0.098,3.677
474.323,-69.921,69.326,0.000,-58.051,65.198,2.721,-0.653,-0.098,3.677
474.329,-69.921,69.326,0.000,-58.051,65.198,2.721,-0.653,-0.098,3.677
474.336,-69.921,69.326,0.000,-58.051,65.198,2.721,-0.653,-0.098,3.677
474.341,-69.921,69.326,0.000,-58.051,65.198,2.721,-0.653,-0.098,3.677
474.346,-69.921,69.326,0.000,-58.051,65.198,2.721,-0.653,-0.098,3.677
474.351,-69.921,69.326,0.000,-58.051,65.198,2.721,-0.653,-0.098,3.677
474.356,-69.921,69.326,0.000,-58.051,65.198,2.721,-0.653,-0.098,3.677
474.361,-69.921,69.326,0.000,-58.051,65.198,2.721,-0.653,-0.098,3.677
474.367,-69.921,69.326,0.000,-58.051,65.198,2.721,-0.653,-0.098,3.677
474.373,-69.921,69.326,0.000,-58.051,65.198,2.721,-0.653,-0.098,3.677
474.379,-69.921,69.326,0.000,-58.051,65.198,2.721,-0.653,-0.098,3.677
474.385,-69.921,69.326,0.000,-58.051,65.198,2.721,-0.653,-0.098,3.677
474.392,-69.921,69.326,0.000,-58.051,65.198,2.721,-0.653,-0.098,3.677
474.397,-69.921,69.326,0.000,-58.051,65.198,2.721,-0.653,-0.098,3.677
474.403,-69.921,69.326,0.000,-58.051,65.198,2.721,-0.653,-0.098,3.677
474.409,-69.921,69.326,0.000,-58.051,65.198,2.721,-0.653,-0.098,3.677
474.415,-69.921,69.326,0.000,-58.051,65.198,2.721,-0.653,-0.098,3.677
474.421,-69.921,69.326,0.000,-58.051,65.198,2.721,-0.653,-0.098,3.677
474.427,-69.921,69.326,0.000,-58.051,65.198,2.721,-0.653,-0.098,3.677
474.433,-69.921,69.326,0.000,-58.051,65.198,2.721,-0.653,-0.098,3.677
474.440,-69.921,69.326,0.000,-58.051,65.198,2.721,-0.653,-0.098,3.677
474.445,-69.921,69.326,0.000,-58.051,65.198,2.721,-0.653,-0.098,3.677
474.451,-69.921,69.326,0.000,-58.051,65.198,2.721,-0.653,-0.098,3.677
474.457,-69.921,69.326,0.000,-58.051,65.198,2.721,-0.653,-0.098,3.677
474.463,-69.921,69.326,0.000,-58.051,65.198,2.721,-0.653,-0.098,3.677
474.469,-69.921,69.326,0.000,-58.051,65.198,2.721,-0.653,-0.098,3.677
474.475,-69.921,69.326,0.000,-58.051,65.198,2.721,-0.653,-0.098,3.677
474.481,-69.921,69.326,0.000,-58.051,65.198,2.721,-0.653,-0.098,3.677
474.486,-69.921,69.326,0.000,-58.051,65.198,2.721,-0.653,-0.098,3.677
474.493,-69.921,69.326,0.000,-58.051,65.198,2.721,-0.653,-0.098,3.677
474.499,-69.921,69.326,0.000,-58.051,65.198,2.721,-0.653,-0.098,3.677
474.505,-69.921,69.326,0.000,-58.051,65.198,2.721,-0.653,-0.098,3.677
474.511,-69.921,69.326,0.000,-58.051,65.198,2.721,-0.653,-0.098,3.677
474.517,-69.921,69.326,0.000,-58.051,65.198,2.721,-0.653,-0.098,3.677
474.523,-69.921,69.326,0.000,-58.051,65.198,2.721,-0.653,-0.098,3.677
474.528,-69.921,69.326,0.000,-58.051,65.198,2.721,-0.653,-0.098,3.677
474.534,-69.921,69.326,0.000,-58.051,65.198,2.721,-0.653,-0.098,3.677
474.540,-69.921,69.326,0.000,-58.051,65.198,2.721,-0.653,-0.098,3.677
474.546,-69.921,69.326,0.000,-58.051,65.198,2.721,-0.653,-0.098,3.677
474.552,-69.921,69.326,0.000,-58.051,65.198,2.721,-0.653,-0.098,3.677
474.558,-69.921,69.326,0.000,-58.051,65.198,2.721,-0.653,-0.098,3.677
474.564,-69.921,69.326,0.000,-58.051,65.198,2.721,-0.653,-0.098,3.677
474.570,-69.921,69.326,0.000,-58.051,65.198,2.721,-0.653,-0.098,3.677
474.575,-69.921,69.326,0.000,-58.051,65.198,2.721,-0.653,-0.098,3.677
474.581,-69.921,69.326,0.000,-58.051,65.198,2.721,-0.653,-0.098,3.677
474.587,-69.921,69.326,0.000,-58.051,65.198,2.721,-0.653,-0.098,3.677
474.593,-69.921,69.326,0.000,-58.051,65.198,2.721,-0.653,-0.098,3.677
474.600,-69.921,69.326,0.000,-58.051,65.198,2.721,-0.653,-0.098,3.677
474.606,-69.921,69.326,0.000,-58.051,65.198,2.721,-0.653,-0.098,3.677
474.612,-69.921,69.326,0.000,-58.051,65.198,2.721,-0.653,-0.098,3.677
474.617,-69.921,69.326,0.000,-58.051,65.198,2.721,-0.653,-0.098,3.677
474.623,-69.921,69.326,0.000,-58.051,65.198,2.721,-0.653,-0.098,3.677
474.629,-69.921,69.326,0.000,-58.051,65.198,2.721,-0.653,-0.098,3.677
474.635,-69.921,69.326,0.000,-58.051,65.198,2.721,-0.653,-0.098,3.677
474.641,-69.921,69.326,0.000,-58.051,65.198,2.721,-0.653,-0.098,3.677
474.647,-69.921,69.326,0.000,-58.051,65.198,2.721,-0.653,-0.098,3.677
474.653,-69.921,69.326,0.000,-58.051,65.198,2.721,-0.653,-0.098,3.677
474.658,-69.921,69.326,0.000,-58.051,65.198,2.721,-0.653,-0.098,3.677
474.664,-69.921,69.326,0.000,-58.051,65.198,2.721,-0.653,-0.098,3.677
474.670,-69.921,69.326,0.000,-58.051,65.198,2.721,-0.653,-0.098,3.677
474.676,-69.921,69.326,0.000,-58.051,65.198,2.721,-0.653,-0.098,3.677
474.682,-69.921,69.326,0.000,-58.051,65.198,2.721,-0.653,-0.098,3.677
474.688,-69.921,69.326,0.000,-58.051,65.198,2.721,-0.653,-0.098,3.677
474.694,-69.921,69.326,0.000,-58.051,65.198,2.721,-0.653,-0.098,3.677
474.700,-69.921,69.326,0.000,-58.051,65.198,2.721,-0.653,-0.098,3.677
474.706,-69.921,69.326,0.000,-58.051,65.198,2.721,-0.653,-0.098,3.677
474.712,-69.921,69.326,0.000,-58.051,65.198,2.721,-0.653,-0.098,3.677
474.719,-69.921,69.326,0.000,-58.051,65.198,2.721,-0.653,-0.098,3.677
474.725,-69.921,69.326,0.000,-58.051,65.198,2.721,-0.653,-0.098,3.677
474.731,-69.921,69.326,0.000,-58.051,65.198,2.721,-0.653,-0.098,3.677
474.737,-69.921,69.326,0.000,-58.051,65.198,2.721,-0.653,-0.098,3.677
