R
Px,Ix,Dx,Py,Iy,Dy,Pz,Iz,FFrx,FFry,FFdrx,FFdry,satI,satPID,KFQAng,KFQbias,KFRmeas,CPx,CIx,CPy,CIy,CsatI,CsatPID,CFFdrx,CFFdry,CFalpha,iRelaxX,IRelaxY,DmaxR,DmaxE,DMx,DMy
58,80,47,58,80,47,250,0,0,0,10,0,500000,3000000,1024,16,32768,0,0,0,0,0,0,0,0,0.995,1024,1024,0,0,0,0
sysTickMs,GPT1X,aPT1R,aKFPT11R,PIDRefXi,PIDSensXi,PIDPoutXi,PIDIoutXi,PIDDoutXi,PIDFFoutXi,PIDUXi
7327,0,-1432,-1432.000,0,0,0,0,0,0,0
7332,0,-1432,-1432.000,0,0,0,0,0,0,0
7337,0,-1432,-1432.000,0,0,0,0,0,0,0
7342,0,-1432,-4294967.295,0,0,0,0,0,0,0
7347,0,-1432,4294967.295,0,0,0,0,0,0,0
7352,0,-1432,-4294967.295,0,0,0,0,0,0,0
7357,0,-1432,4294967.295,0,0,0,0,0,0,0
7362,0,-1432,-4294967.295,0,0,0,0,0,0,0
7367,0,-1432,-4294967.295,0,0,0,0,0,0,0
7372,0,-1432,4294967.295,0,0,0,0,0,0,0
7377,0,-1432,-1432.000,0,0,0,0,0,0,0
7382,0,-1432,-1432.000,0,0,0,0,0,0,0
7387,0,-1432,4294967.295,0,0,0,0,0,0,0
7392,0,-1432,-1432.000,0,0,0,0,0,0,0
7397,0,-1432,-1432.000,0,0,0,0,0,0,0
7402,0,-1432,-4294967.295,0,0,0,0,0,0,0
7407,0,-1432,-4294967.295,0,0,0,0,0,0,0
7412,0,-1432,4294967.295,0,0,0,0,0,0,0
7417,0,-1432,-1432.000,0,0,0,0,0,0,0
7422,0,-1432,-1432.000,0,0,0,0,0,0,0
7427,0,-1432,-1432.000,0,0,0,0,0,0,0
7432,0,-1432,4294967.295,0,0,0,0,0,0,0
7438,0,-1432,-1432.000,0,0,0,0,0,0,0
7443,0,-1432,4294967.295,0,0,0,0,0,0,0
7448,0,-1432,-4294967.295,0,0,0,0,0,0,0
7453,0,-1432,-1432.000,0,0,0,0,0,0,0
7458,0,-1432,-1432.000,0,0,0,0,0,0,0
7463,0,-1432,-1432.000,0,0,0,0,0,0,0
7468,0,-1432,-1432.000,0,0,0,0,0,0,0
7473,0,-1432,-1432.000,0,0,0,0,0,0,0
7478,0,-1432,-1432.000,0,0,0,0,0,0,0
7483,0,-1432,-1432.000,0,0,0,0,0,0,0
7488,0,-1432,-1432.000,0,0,0,0,0,0,0
7493,0,-1432,-1432.000,0,0,0,0,0,0,0
7498,0,-1432,-1432.000,0,0,0,0,0,0,0
7503,0,-1432,-1432.000,0,0,0,0,0,0,0
7508,0,-1432,-4294967.295,0,0,0,0,0,0,0
7513,0,-1432,-1432.000,0,0,0,0,0,0,0
7518,0,-1432,-1432.000,0,0,0,0,0,0,0
7523,0,-1432,-1432.000,0,0,0,0,0,0,0
7528,0,-1432,4294967.295,0,0,0,0,0,0,0
7533,0,-1432,4294967.295,0,0,0,0,0,0,0
7538,0,-1432,4294967.295,0,0,0,0,0,0,0
7543,0,-1432,4294967.295,0,0,0,0,0,0,0
7548,0,-1432,-1432.000,0,0,0,0,0,0,0
7553,0,-1432,-1432.000,0,0,0,0,0,0,0
7558,0,-1432,-1432.000,0,0,0,0,0,0,0
7563,0,-1432,4294967.295,0,0,0,0,0,0,0
7568,0,-1432,4294967.295,0,0,0,0,0,0,0
7573,0,-1432,-1432.000,0,0,0,0,0,0,0
7578,0,-1432,559406.016,0,0,0,0,0,0,0
7583,0,-1432,-1432.000,0,0,0,0,0,0,0
7588,0,-1432,-1432.000,0,0,0,0,0,0,0
7593,0,-1432,1687783.936,0,0,0,0,0,0,0
7598,0,-1432,4294967.295,0,0,0,0,0,0,0
7603,0,-1432,4294967.295,0,0,0,0,0,0,0
7608,0,-1432,-4294967.295,0,0,0,0,0,0,0
7613,0,-1432,-4294967.295,0,0,0,0,0,0,0
7618,0,-1432,-1432.000,0,0,0,0,0,0,0
7623,0,-1432,-4294967.295,0,0,0,0,0,0,0
7628,0,-1432,-1432.000,0,0,0,0,0,0,0
7633,0,-1432,-1432.000,0,0,0,0,0,0,0
7638,0,-1432,-1432.000,0,0,0,0,0,0,0
7643,0,-1432,4294967.295,0,0,0,0,0,0,0
7648,0,-1432,-1432.000,0,0,0,0,0,0,0
7653,0,-1432,-1432.000,0,0,0,0,0,0,0
7658,0,-1432,-4294967.295,0,0,0,0,0,0,0
7663,0,-1432,-4294967.295,0,0,0,0,0,0,0
7668,0,-1432,4294967.295,0,0,0,0,0,0,0
7673,0,-1432,-1432.000,0,0,0,0,0,0,0
7678,0,-1432,-1432.000,0,0,0,0,0,0,0
7683,0,-1432,-1432.000,0,0,0,0,0,0,0
7688,0,-1432,4294967.295,0,0,0,0,0,0,0
7693,0,-1432,4294967.295,0,0,0,0,0,0,0
7698,0,-1432,-1432.000,0,0,0,0,0,0,0
7703,0,-1432,-1432.000,0,0,0,0,0,0,0
7708,0,-1432,-1432.000,0,0,0,0,0,0,0
7713,0,-1432,-1432.000,0,0,0,0,0,0,0
7718,0,-1432,-1432.000,0,0,0,0,0,0,0
7723,0,-1432,-4294967.295,0,0,0,0,0,0,0
7728,0,-1432,4294967.295,0,0,0,0,0,0,0
7733,0,-1432,4294967.295,0,0,0,0,0,0,0
7738,0,-1432,-1432.000,0,0,0,0,0,0,0
7743,0,-1432,-654609.984,0,0,0,0,0,0,0
7748,0,-1432,-1156883.968,0,0,0,0,0,0,0
7753,0,-1432,-1385328.000,0,0,0,0,0,0,0
7758,0,-1432,-3881688.064,0,0,0,0,0,0,0
7763,0,-1432,800003.968,0,0,0,0,0,0,0
7768,0,-1432,-3148407.040,0,0,0,0,0,0,0
7773,0,-1432,-4294967.295,0,0,0,0,0,0,0
7778,0,-1432,-4294967.295,0,0,0,0,0,0,0
7783,0,-1432,-1432.000,0,0,0,0,0,0,0
7788,0,-1432,4294967.295,0,0,0,0,0,0,0
7793,0,-1432,4294967.295,0,0,0,0,0,0,0
7798,0,-1432,-1432.000,0,0,0,0,0,0,0
7803,0,-1432,-1432.000,0,0,0,0,0,0,0
7808,0,-1432,-4294967.295,0,0,0,0,0,0,0
7813,0,-1432,-1432.000,0,0,0,0,0,0,0
7818,0,-1432,-1432.000,0,0,0,0,0,0,0
7823,0,-1432,-1432.000,0,0,0,0,0,0,0
7828,0,-1432,-1432.000,0,0,0,0,0,0,0
7833,0,-1432,4294967.295,0,0,0,0,0,0,0
7838,0,-1432,4294967.295,0,0,0,0,0,0,0
7843,0,-1432,4294967.295,0,0,0,0,0,0,0
7848,0,-1432,-1432.000,0,0,0,0,0,0,0
7853,0,-1432,4294967.295,0,0,0,0,0,0,0
7858,0,-1432,-1432.000,0,0,0,0,0,0,0
7863,0,-1432,4294967.295,0,0,0,0,0,0,0
7868,0,-1432,4294967.295,0,0,0,0,0,0,0
7873,0,-1432,4294967.295,0,0,0,0,0,0,0
7878,0,-1432,4294967.295,0,0,0,0,0,0,0
7883,0,-1432,4294967.295,0,0,0,0,0,0,0
7888,0,-1432,4294967.295,0,0,0,0,0,0,0
7893,0,-1432,-429900.000,0,0,0,0,0,0,0
7898,0,-1432,-1432.000,0,0,0,0,0,0,0
7903,0,-1432,-1432.000,0,0,0,0,0,0,0
7908,0,-1432,-4294967.295,0,0,0,0,0,0,0
7913,0,-1432,-1432.000,0,0,0,0,0,0,0
7918,0,-1432,4294967.295,0,0,0,0,0,0,0
7923,0,-1432,4294967.295,0,0,0,0,0,0,0
7928,0,-1432,-1432.000,0,1024,-232,-34,-1286,0,1020
7933,0,-1432,-4294967.295,0,7168,-1624,-63,1812,0,-3499
7938,0,-1432,-1432.000,0,7168,-1624,-85,1354,0,-3063
7943,0,-1432,-1432.000,0,4096,-928,-111,-1389,0,350
7948,0,-1432,-4294967.295,0,6144,-1392,-138,34,0,-1564
7953,0,-1432,-1432.000,0,8192,-1856,-177,80,0,-2113
7958,0,-1432,-1432.000,0,11264,-2552,-216,1686,0,-4454
7963,0,-1432,-30194.000,0,8192,-1856,-254,-540,0,-1570
7968,0,-1432,-25344.000,0,12288,-2784,-292,2203,0,-5279
7973,0,-1432,-1432.000,0,7168,-1624,-332,-1928,0,-2078
7978,0,-1432,-1432.000,0,8192,-1856,-372,-1091,0,-1137
7983,0,-1432,-1432.000,0,6144,-1392,-402,-1940,0,146
7988,0,-1432,-1432.000,0,10240,-2320,-439,1078,0,-3837
7993,0,-1432,-1757.000,0,10240,-2320,-466,1755,0,-4541
7998,0,-1432,-1432.000,0,6144,-1392,-490,-827,0,-1055
8003,0,-1432,-1432.000,0,8192,-1856,-522,-1802,0,118
8008,0,-1432,-1432.000,0,3072,-696,-545,-2674,0,1433
8013,0,-1432,-1432.000,0,8192,-1856,-572,1009,0,-3437
8018,0,-1432,-1432.000,0,6144,-1392,-605,-1010,0,-2980
8023,0,-1432,-1432.000,0,9216,-2088,-641,929,0,-3658
8028,0,-1432,-1017.000,0,5120,-1160,-665,-1527,0,-298
8033,0,-1432,-187.000,0,5120,-1160,-690,-1412,0,-7288
8038,0,-1432,-1432.000,0,10240,-2320,-724,2088,0,-5132
8043,0,-1790,-1790.000,0,10240,-2320,-759,1445,0,-4524
8048,0,-1879,-14788.000,0,16384,-3944,-807,5576,0,-10327
8053,0,-2148,-2148.000,0,0,0,-822,-6518,0,5696
8058,0,-2685,8348.000,0,14336,-3248,-864,3201,0,-7313
8063,0,-2327,10652.000,0,12288,-2784,-919,309,0,-4012
8068,0,-1790,-1790.000,0,11264,-2552,-949,872,0,-4373
8073,0,-4296,9547.000,0,3072,-696,-917,-1469,0,-144
8078,0,-3938,-3938.000,0,14336,-3248,-962,4670,0,-8880
8083,0,-2595,-2595.000,0,12288,-2784,-1015,1354,0,-5153
8088,0,-4654,-4654.000,0,2048,-464,-1036,-4097,0,2597
8093,0,-5012,120476.000,0,6144,-1392,-1040,172,0,-2604
8098,0,-2685,-36475.000,0,15360,-3480,-1091,4429,0,-9000
8103,0,-4296,-4296.000,0,-7168,1624,-1075,-9444,0,9993
8108,0,-8067,-8067.000,0,20480,-4640,-1129,8640,0,-14409
8113,0,-4564,-4564.000,0,11264,-2552,-1211,-2376,0,-1387
8118,0,-2506,-2903.000,0,-21504,4872,-1041,-18211,0,22042
8123,0,-7771,-7771.000,0,-11264,2552,-780,-3466,0,5238
8128,0,-6891,-6891.000,0,33792,-7656,-848,20447,0,-28951
8133,0,-5191,-5191.000,0,-8192,1856,-947,-10718,0,9771
8138,0,-3580,-2718.000,0,7168,-1624,-861,45,0,-2530
8143,0,-7845,-7845.000,0,-30720,6960,-633,-22043,0,28370
8148,0,-5817,-5817.000,0,24576,-5568,-641,31681,0,-43477
8153,0,-5101,-5101.000,0,5120,-1160,-765,-8434,0,6509
8158,0,-7607,-7607.000,0,3072,-696,-738,-5336,0,3902
8163,0,-6712,-6712.000,0,6144,-1392,-766,6379,0,-11321
8168,0,-3401,88273.000,0,13312,-3016,-843,-907,0,-2952
8173,0,-4385,-4385.000,0,7168,-1624,-878,-3454,0,952
8178,0,-7070,-7070.000,0,45056,-10208,-981,19747,0,-22947
8183,0,-5459,2625508.096,0,28672,-6496,-1122,1927,0,-9545
8188,0,-5459,-5459.000,0,19456,-4408,-1211,-3925,0,-1694
8193,0,-5817,-5817.000,0,37888,-8584,-1340,6437,0,-16361
8198,0,-4385,-4743.000,0,32768,-7424,-1557,-5084,0,-3897
8203,0,-8732,-4294967.295,0,19456,-4408,-1648,-9329,0,3273
8208,0,-6444,-4294967.295,0,50176,-11368,-1853,6414,0,-19635
8213,0,-6981,-4294967.295,0,-7168,1624,-1954,-24407,0,22453
8218,0,-5012,-5012.000,0,53248,-12064,-2094,13540,0,-27698
8223,0,-5549,-5549.000,0,-9216,2088,-2189,-30156,0,30055
8228,0,-8474,-8474.000,0,20480,-4640,-2182,1835,0,-8657
8233,0,-3938,-4294967.295,0,-8192,1856,-2268,-20460,0,20048
8238,0,-11358,-11358.000,0,-22528,5104,-1777,-13162,0,16489
8243,0,-1074,-4294967.295,0,-17408,3944,-1731,-11165,0,26269
8249,0,-14285,4294967.295,0,-63488,14384,-806,-25623,0,39201
8254,0,0,0.000,0,-13312,3016,-420,10074,0,-7478
8259,0,-16818,-4294967.295,0,-89088,20184,174,-34000,0,42602
8264,0,268,4294967.295,0,-21504,4872,373,17016,0,-11771
8269,0,-15836,-4294967.295,0,-84992,19256,632,-22766,0,42654
8274,0,358,-4294967.295,0,-4096,928,792,32737,0,-31017
8279,0,-13524,-4294967.295,0,-49152,11136,996,-918,0,13050
8284,0,-89,-4294967.295,0,7168,-1624,1020,29111,0,-29715
8289,0,-10507,-10507.000,0,-30720,6960,1085,-4613,0,12658
8294,0,-3401,4294967.295,0,22528,-5104,889,21503,0,-25718
8299,0,-3222,-4294967.295,0,22528,-5104,793,17166,0,-21477
8304,0,-8141,-8141.000,0,24576,-5568,162,3935,0,-9341
8309,0,-447,-4294967.295,0,71680,-16240,-102,33792,0,-50134
8314,0,-10137,-10137.000,0,19456,-4408,-303,-14034,0,9323
8319,0,-1342,-4294967.295,0,66560,-15080,-454,20585,0,-36119
8324,0,-8030,-8030.000,0,7168,-1624,-641,-24774,0,22509
8329,0,-4654,-607825.024,0,65536,-14848,-774,20516,0,-36138
8334,0,-6802,-6802.000,0,-1024,232,-883,-24900,0,24249
8339,0,-5280,-3004125.952,0,51200,-11600,-1023,11566,0,-24189
8344,0,-7993,122843.000,0,-15360,3480,-918,-25681,0,28243
8349,0,-2148,-2148.000,0,19456,-4408,-1031,-4682,0,-757
8354,0,-11103,-11103.000,0,1024,-1856,-723,3040,0,-5619
8359,0,-1074,-1074.000,0,-9216,2088,-808,-17052,0,18332
8364,0,-8659,-4294967.295,0,24576,-5568,-514,17820,0,-23902
8369,0,-9879,-9879.000,0,-44032,9976,-334,-30764,0,47270
8374,0,-268,-268.000,0,17408,-3944,-108,16362,0,-20414
8379,0,-12914,4294967.295,0,-17408,3944,111,-655,0,4710
8384,0,-2327,-2327.000,0,-41984,9512,36,-24820,0,36703
8389,0,-6086,4294967.295,0,28672,-6496,-18,27952,0,-34466
8394,0,-8732,-8732.000,0,-28672,6496,63,-13127,0,19686
8399,0,-1879,-4294967.295,0,6144,-1392,-78,699,0,-2169
8404,0,-4564,-4564.000,0,31744,-7192,-13,26001,0,-33206
8409,0,-9805,-4294967.295,0,-21504,4872,-71,-22801,0,25244
8414,0,-2058,-2058.000,0,35840,-8120,-72,18026,0,-26218
8419,0,-4206,-4206.000,0,-16384,3712,-1,-18050,0,21761
8424,0,-7518,-4294967.295,0,20480,-4640,-80,5542,0,-10262
8429,0,-3490,-4294967.295,0,-14336,3248,98,-6816,0,10162
8434,0,-3311,-3311.000,0,-11264,2552,-89,-14298,0,16761
8439,0,-179,-179.000,0,75776,-17168,-67,54687,0,-72386
8444,0,-11669,-11669.000,0,-30720,6960,106,-20506,0,27572
8449,0,-12574,4294967.295,0,12288,-2784,-333,-15365,0,12248
8454,0,7518,-4294967.295,0,173056,-38512,-352,92152,0,-131016
8459,0,-2327,-2327.000,0,45056,-10208,-235,9133,0,-19576
8464,0,-25696,4294967.295,0,-39936,9048,-631,-80977,0,89394
8469,0,7956,7956.000,0,126976,-28768,-786,34722,0,-64276
8474,0,14095,14095.000,0,120832,-27376,-490,55319,0,-83185
8479,0,-17190,-1403913.984,0,-94208,21344,-88,-87999,0,109255
8484,0,-14832,4294967.295,0,-66560,15080,89,-60059,0,75228
8489,0,-895,1435984.000,0,-38912,8816,48,-28917,0,37781
8494,0,1253,438041.984,0,14336,-3248,166,23144,0,-26226
8499,0,-447,-360990.016,0,-14336,-696,289,20711,0,-21118
8504,0,-2237,-2237.000,0,-5120,1160,309,13218,0,-11749
8509,0,-10877,4294967.295,0,-18432,4176,259,-2410,0,6845
8514,0,-16233,-4294967.295,0,-52224,11832,100,-31280,0,43212
8519,0,-11301,897856.000,0,-45056,10208,-27,-33885,0,44066
8524,0,9472,9472.000,0,89088,-20184,-128,63431,0,-83743
8529,0,11867,-4294967.295,0,101376,-22968,-73,70867,0,-93908
8534,0,-8178,4294967.295,0,6144,-1392,-38,-4315,0,2885
8539,0,-19119,-4294967.295,0,-35840,8120,-197,-49227,0,57150
8544,0,-9435,4294967.295,0,19456,-4408,-318,-13105,0,8379
8549,0,-5817,-4294967.295,0,31744,-7192,-374,-1963,0,-5603
8554,0,-5191,-5191.000,0,47104,-10672,-498,9558,0,-20728
8559,0,0,-4294967.295,0,68608,-15544,-699,16856,0,-32171
8564,0,6712,-4294967.295,0,112640,-25520,-911,47355,0,-73786
8569,0,6712,6712.000,0,92160,-20880,-1113,31830,0,-53823
8574,0,-14237,-14237.000,0,58368,-13224,-1468,-3282,0,-11410
8579,0,-20790,-4294967.295,0,45056,-10208,-1954,-34115,0,21953
8584,0,-15331,-4294967.295,0,155648,-35264,-2515,28204,0,-65983
8589,0,447,-4294967.295,0,192512,-43616,-3015,49765,0,-82715
8594,0,2685,2685.000,0,186368,-42224,-3580,42456,0,-88260
8599,0,179,179.000,0,166912,-37816,-4141,23924,0,-65881
8604,0,-89,-4294967.295,0,130048,-29464,-4762,-6174,0,-28052
8609,0,716,-734972.992,0,147456,-33408,-5365,1468,0,-40241
8614,0,3222,-4294967.295,0,147456,-33408,-5879,6712,0,-45999
8619,0,0,0.000,0,84992,-19256,-6398,-31441,0,5787
8624,0,-16985,-4294967.295,0,25600,-5800,-6856,-71028,0,58372
8629,0,-18114,-4294967.295,0,60416,-13688,-7246,-39255,0,18321
8634,0,-3132,-4294967.295,0,100352,-22736,-7461,8112,0,-38309
8639,0,-89,-4294967.295,0,118784,-26912,-7529,38394,0,-72835
8644,0,4296,-4294967.295,0,93184,-21112,-7633,29627,0,-58372
8649,0,179,4294967.295,0,67584,-19256,-7889,22352,0,-49497
8654,0,-1074,-1074.000,0,60416,-13688,-8190,-2077,0,-19801
8659,0,89,89.000,0,61440,-13920,-8518,-8216,0,-14222
8664,0,2953,2953.000,0,107520,-24360,-8866,20619,0,-56458
8669,0,1969,1969.000,0,92160,-20880,-9210,10177,0,-40267
8674,0,-18736,-4294967.295,0,5120,-1160,-9560,-57374,0,46654
8679,0,-22152,4294967.295,0,-1024,232,-9955,-66220,0,56497
8684,0,-12942,-4294967.295,0,93184,-21112,-10186,5507,0,-36805
8689,0,7734,-4294967.295,0,145408,-32944,-10043,63064,0,-106051
8694,0,9028,-4294967.295,0,66560,-15080,-9699,52450,0,-86087
8699,0,358,358.000,0,2048,-464,-9358,-9788,0,-34
8704,0,-11075,-4294967.295,0,-58368,13224,-9202,-54448,0,58470
8709,0,-2685,-4294967.295,0,4096,-928,-9201,-13724,0,3595
8714,0,626,-4294967.295,0,54272,-12296,-9394,14228,0,-35918
8719,0,1700,1700.000,0,77824,-17632,-9630,22444,0,-49706
8724,0,-10248,-10248.000,0,67584,-15312,-9950,2994,0,-28256
8729,0,-20517,-17850.000,0,71680,-16240,-10404,-10029,0,-16615
8734,0,-21352,-4294967.295,0,91136,-20648,-10862,-7838,0,-23672
8739,0,-626,-4294967.295,0,163840,-37120,-11253,44831,0,-93204
8744,0,5370,4294967.295,0,192512,-43616,-11631,70178,0,-125425
8749,0,13140,13140.000,0,148480,-33640,-11895,47022,0,-92557
8754,0,895,-4294967.295,0,61440,-13920,-12184,-14229,0,-11875
8759,0,-11641,-4294967.295,0,-11264,-3944,-12527,-45979,0,29508
8764,0,-11782,-4294967.295,0,-10240,2320,-12872,-69227,0,58675
8769,0,-9472,-9472.000,0,26624,-6032,-13191,-41963,0,22740
8774,0,-179,-179.000,0,77824,-17632,-13476,-1928,0,-10956
8779,0,358,358.000,0,82944,-18792,-13793,2708,0,-35293
8784,0,0,4294967.295,0,95232,-21576,-14165,5220,0,-40961
8789,0,-4206,-4206.000,0,111616,-25288,-14634,8215,0,-48137
8794,0,-8622,-8622.000,0,143360,-32480,-15124,22008,0,-69612
8799,0,-11782,-11782.000,0,160768,-36424,-15641,27240,0,-79305
8804,0,-9361,-9361.000,0,228352,-51736,-16175,49857,0,-112047
8809,0,-895,4294967.295,0,233472,-52896,-16757,74286,0,-143939
8814,0,0,0.000,0,168960,-38280,-17193,35181,0,-90654
8819,0,0,-4294967.295,0,134144,-30392,-17663,16190,0,-64245
8824,0,0,-4294967.295,0,81920,-18560,-18017,-13127,0,-23450
8829,0,89,-4294967.295,0,72704,-16472,-18334,-12657,0,-22149
8834,0,0,0.000,0,72704,-16472,-18621,-6874,0,-28219
8839,0,-895,-895.000,0,89088,-20184,-18939,7986,0,-47109
8844,0,-2864,-1321821.056,0,94208,-21344,-19192,16030,0,-56566
8849,0,-2416,-2416.000,0,103424,-23432,-19408,28778,0,-71618
8854,0,-1521,4294967.295,0,114688,-25984,-19586,44005,0,-89575
8859,0,0,0.000,0,103424,-23432,-19522,46713,0,-89667
8864,0,179,179.000,0,61440,-13920,-19200,30086,0,-63206
8869,0,179,104343.000,0,48128,-10904,-18740,31991,0,-61635
8874,0,0,0.000,0,0,0,-18301,4624,0,-22925
8879,0,0,-4294967.295,0,-21504,4872,-17909,-6082,0,-6955
8884,0,358,1808455.040,0,13312,-3016,-17642,20103,0,-40761
8889,0,895,895.000,0,26624,-6032,-17479,27435,0,-50946
8894,0,626,626.000,0,38912,-8816,-17450,30327,0,-56593
8899,0,716,716.000,0,71680,-16240,-17584,41159,0,-74983
8904,0,-89,513937.984,0,94208,-21344,-17777,45416,0,-84537
8909,0,-626,-626.000,0,114688,-25984,-18020,49398,0,-93402
8914,0,-447,-4294967.295,0,117760,-26680,-18340,40493,0,-85513
8919,0,-358,-4294967.295,0,119808,-27144,-18652,34871,0,-80667
8924,0,0,4294967.295,0,103424,-23432,-18953,20183,0,-62568
8929,0,0,0.000,0,80896,-18328,-19262,2031,0,-27913
8934,0,0,0.000,0,37888,-8584,-19552,-26449,0,-1687
8939,0,-89,4294967.295,0,-5120,1160,-19792,-54941,0,36309
8944,0,-89,-4294967.295,0,-24576,5568,-19909,-73977,0,63580
8949,0,-626,-626.000,0,-68608,15544,-19909,-87896,0,83531
8954,0,-179,-179.000,0,-71680,16240,-19796,-83995,0,80439
8959,0,-358,4294967.295,0,-71680,16240,-19566,-74505,0,71179
8964,0,0,4294967.295,0,-65536,14848,-19417,-64947,0,60378
8969,0,0,0.000,0,-48128,10904,-19253,-46404,0,38055
8974,0,0,0.000,0,-28672,6496,-19035,-23271,0,10732
8979,0,0,4294967.295,0,-3072,696,-18740,3006,0,-21050
8984,0,0,-4294967.295,0,24576,-5568,-18193,31314,0,-55075
8989,0,358,358.000,0,24576,-5568,-17454,36041,0,-59063
8994,0,358,120531.000,0,47104,-10672,-16602,58015,0,-85289
8999,0,1074,197076.992,0,63488,-14384,-15624,76455,0,-106463
9004,0,1790,1790.000,0,55296,-12528,-14711,67987,0,-95226
9009,0,2327,2327.000,0,48128,-10904,-13846,63489,0,-88239
9014,0,2058,2058.000,0,38912,-8816,-13130,54653,0,-76599
9019,0,1969,1074.000,0,7168,-1624,-12552,25989,0,-40165
9024,0,984,2156730.880,0,-2048,464,-12038,17693,0,-29267
9029,0,984,984.000,0,-13312,3016,-11581,8548,0,-17113
9035,0,895,-4294967.295,0,-32768,12064,-11019,-19473,0,20518
9040,0,0,0.000,0,-74752,16936,-10368,-32198,0,38766
9045,0,89,4294967.295,0,-78848,17864,-9771,-33105,0,41198
9050,0,0,0.000,0,-49152,11136,-9006,-6208,0,8338
9055,0,0,1456529.024,0,-56320,12760,-8417,-12588,0,16931
9060,0,89,89.000,0,-48128,10904,-7924,-8710,0,11690
9065,0,89,-4294967.295,0,-17408,3944,-7486,11348,0,-14890
9070,0,358,358.000,0,2048,-464,-7273,20069,0,-27806
9075,0,268,268.000,0,21504,-4872,-7088,29765,0,-41725
9080,0,89,4294967.295,0,37888,-8584,-6922,34423,0,-49929
9085,0,537,537.000,0,61440,-13920,-6677,47126,0,-67723
9090,0,537,4294967.295,0,80896,-18328,-6288,59702,0,-84318
9095,0,626,626.000,0,93184,-21112,-5749,22903,0,-36308
9100,0,2058,2058.000,0,55296,-12528,-5031,40895,0,-58454
9105,0,2506,4294967.295,0,53248,-12064,-4261,43454,0,-59779
9110,0,2685,4294967.295,0,41984,-9512,-3540,39644,0,-52696
9115,0,1342,1342.000,0,20480,-4640,-2928,27194,0,-34762
9120,0,1342,-4294967.295,0,-3072,696,-2379,13126,0,-14809
9125,0,895,-4294967.295,0,-28672,7656,-1719,-5061,0,10998
9130,0,0,-4294967.295,0,-43008,9744,-1056,-7585,0,16273
9135,0,0,0.000,0,-54272,12296,-277,-10683,0,22702
9140,0,-89,-89.000,0,-34816,7888,156,8674,0,-630
9145,0,0,-4294967.295,0,-44032,9976,358,4199,0,6135
9150,0,0,0.000,0,-48128,10904,517,1434,0,9987
9155,0,0,0.000,0,-44032,9976,640,1526,0,-20760
9160,0,0,4294967.295,0,-1024,232,723,27998,0,-27043
9165,0,0,0.000,0,1024,-232,745,23913,0,-23400
9170,0,89,-4294967.295,0,24576,-5568,692,33379,0,-38255
9175,0,179,179.000,0,32768,-7424,560,32404,0,-39268
9180,0,179,179.000,0,52224,-11832,249,38680,0,-50263
9185,0,179,716.000,0,74752,-16936,-151,48388,0,-65475
9190,0,537,537.000,0,102400,-23200,-235,64097,0,-87532
9195,0,268,4294967.295,0,118784,-26912,-188,73781,0,-100881
9200,0,447,4294967.295,0,19456,-4408,-170,-2054,0,-2524
9205,0,984,984.000,0,53248,-12064,-188,22386,0,-34638
9210,0,805,805.000,0,57344,-12992,-135,-20953,0,23602
9215,0,447,447.000,0,2048,-464,-157,-4740,0,4119
9220,0,447,447.000,0,-4096,928,-37,-4166,0,5057
9225,0,0,-4294967.295,0,-11264,2552,-7,-4567,0,22342
9230,0,0,-4294967.295,0,-19456,4408,83,-6426,0,10917
9235,0,0,0.000,0,-18432,4176,165,-2743,0,7084
9240,0,-179,-4294967.295,0,-24576,5568,217,608,0,2863
9245,0,-179,-179.000,0,-20480,4640,250,-3087,0,7977
9250,0,-626,-4294967.295,0,-21504,4872,270,-2272,0,7414
9255,0,-358,-4294967.295,0,-37888,8584,348,-10580,0,19512
9260,0,-358,-358.000,0,-47104,10672,435,-14321,0,25428
9265,0,-447,-447.000,0,-58368,13224,545,-19358,0,33127
9270,0,-358,4294967.295,0,-56320,464,622,22582,0,-21496
9275,0,-89,3757721.088,-4096,3072,-1624,700,26047,-625,-26971
9280,0,0,0.000,-4096,13312,-3944,700,30924,-335,-34168
9285,0,0,0.000,-4096,33792,-10672,500,43695,-174,-53867
9290,0,89,-4294967.295,-65536,60416,-28536,-35,46724,-8890,-75295
9295,0,268,-4294967.295,-65536,77824,-32480,-434,46931,-4671,-79845
9300,0,447,447.000,-65536,101376,-37816,-974,31061,-2305,-64515
9305,0,716,716.000,-163840,87040,-56840,-1565,26483,-15281,-84888
9310,0,895,895.000,-163840,95232,-58696,-2430,26334,-8023,-87460
9315,0,984,984.000,-206848,104448,-70528,-3366,31635,-8411,-42756
9320,0,626,-4294967.295,-206848,43008,-56608,-4416,-11073,-4419,-49951
9325,0,984,482923.008,-206848,46080,-57304,-5307,-1722,-2325,-60889
9330,0,984,984.000,-270336,26624,-67280,-6253,-3581,-7803,-69952
9335,0,0,-9970.000,-295936,-2048,-66584,-7307,-9134,-7508,-64757
9340,0,0,0.000,-295936,-56320,-54288,-8152,-25990,-3948,-36450
9345,0,89,89.000,-295936,-115712,-40832,-8932,-41676,-1951,-8088
9350,0,0,-17234.000,-377856,-126976,-56840,-9588,-25532,-12750,-40896
9355,0,0,0.000,-377856,-149504,-51736,-10358,-17488,-6697,-44606
9360,0,0,0.000,-377856,-153600,-50808,-11126,2868,-3301,-64802
9365,0,0,0.000,-377856,-167936,-47560,-11705,14033,-1741,-73298
9370,0,-268,-268.000,-377856,-184320,-43848,-12224,20424,-923,-76496
9375,0,0,0.000,-377856,-166912,-47792,-12762,47390,-462,-107944
9380,0,0,-205412.000,-377856,-190464,-42456,-13126,45600,-252,-101182
9385,0,0,0.000,-377856,-223232,-35032,-13418,35135,-140,-83585
9390,0,0,0.000,-606208,-226304,-86072,-14405,41951,-22256,-142428
9395,0,268,268.000,-606208,-253952,-79808,-15491,30694,-11683,-125993
9400,0,716,-347708.992,-606208,-277504,-74472,-16567,21606,-6136,-112645
9405,0,895,895.000,-606208,-311296,-66816,-17693,7619,-3025,-92128
9410,0,984,952.000,-690176,-343040,-78648,-18690,-2353,-12857,-94985
9415,0,716,1012.000,-690176,-386048,-68904,-19792,-17958,-6751,-70738
9420,0,268,55.000,-690176,-437248,-57304,-20823,-86840,-3331,25881
9425,0,0,16103.000,-768000,-559104,-47328,-21688,-95045,-12193,26029
9430,0,89,-7958.000,-768000,-599040,-38280,-22590,-96605,-6402,35735
9435,0,358,358.000,-817152,-651264,-37584,-23533,-98751,-7632,37634
9440,0,0,6724.000,-817152,-689152,-29000,-24262,-94609,-4012,41347
9445,0,89,-6822.000,-817152,-718848,-22272,-24838,-84614,-2115,37504
9450,0,0,25952.000,-930816,-745472,-41992,-25568,-72520,-11399,-1576
9455,0,0,0.000,-948224,-765952,-41296,-26357,-54493,-8177,-13160
9460,0,0,0.000,-948224,-773120,-39672,-27026,-35170,-4295,-31528
9465,0,0,-1765.000,-948224,-771072,-40136,-27675,-10236,-2125,-57575
9470,0,0,0.000,-1063936,-774144,-65656,-28317,7848,-15672,-101821
9475,0,0,55138.000,-1063936,-787456,-62640,-29141,20723,-8228,-112504
9480,0,268,5366.000,-1128448,-789504,-76792,-30209,38589,-9561,-145590
9485,0,268,43388.000,-1128448,-806912,-72848,-31070,47768,-5022,-151686
9490,0,0,-616.000,-1128448,-838656,-65656,-31932,45875,-2479,-143927
9495,0,805,805.000,-1128448,-863232,-60088,-32538,51119,-1307,-143745
9500,0,447,447.000,-1128448,-908288,-49880,-32974,46885,-696,-129739
9505,0,0,238439.008,-1128448,-957440,-33640,-33207,22444,-355,-89291
9510,0,1074,1074.000,-1325056,-1021952,-68672,-34008,22834,-16978,-125514
9515,0,626,626.000,-1338368,-1078272,-58928,-34702,13058,-10481,-106688
9520,0,1342,-509520.000,-1338368,-1162240,-39904,-35327,-15434,-5164,-59797
9525,0,984,984.000,-1366016,-1217536,-33640,-35801,-22365,-5079,-47076
9530,0,268,551369.984,-1423360,-1281024,-32248,-36192,-33265,-9432,-35175
9535,0,0,0.000,-1423360,-1339392,-19024,-36560,-38750,-4646,-16834
9540,0,0,-261787.008,-1453056,-1391616,-13920,-36817,-42537,-4981,-8200
9545,0,-179,512969.984,-1482752,-1439744,-9744,-36984,-45865,-6119,-863
9550,0,-179,243808.000,-1482752,-1460224,-5104,-37098,-31131,-3021,-11071
9555,0,0,-65524.000,-1482752,-1492992,2320,-36932,-31120,-1592,-3492
9560,0,0,-212610.000,-1482752,-1531904,11136,-36444,-39117,-845,13809
9565,0,0,-1122555.008,-1482752,-1573888,20648,-35670,-19748,-425,-3775
9570,0,0,4294967.295,-1482752,-1573888,20648,-34478,-30374,-230,16544
9575,0,-89,-89.000,-1482752,-1606656,28072,-33115,-39783,-132,34740
9580,0,-179,-179.000,-1482752,-1603584,27376,-31335,-22525,-74,18566
9585,0,-179,-179.000,-1482752,-1629184,33176,-29458,-29456,-49,33174
9590,0,-89,-89.000,-1482752,-1653760,38744,-27411,-37672,-37,49005
9595,0,-89,4294967.295,-1482752,-1643520,36424,-24876,-18876,-37,30424
9600,0,0,0.000,-1482752,-1651712,38280,-22551,-19083,-37,34812
9605,0,179,4294967.295,-1453056,-1654784,45704,-19948,-18693,3249,44449
9610,0,268,268.000,-1453056,-1630208,56840,-16902,-1997,12834,41935
9615,0,0,0.000,-1379328,-1615872,53592,-13328,2122,6726,38142
9620,0,89,89.000,-1379328,-1593344,48488,-10055,8158,3518,30275
9625,0,179,4294967.295,-1351680,-1561600,47560,-6809,15502,5673,25249
9630,0,0,0.000,-1351680,-1526784,39672,-3907,24681,2966,11084
9635,0,0,0.000,-1351680,-1485824,30392,-1456,36764,1545,-7828
9640,0,179,179.000,-1351680,-1441792,25984,298,28020,751,-1738
9645,0,0,0.000,-1351680,-1432576,18328,683,32725,388,-13714
9650,0,89,-1240830.976,-1366016,-1393664,6264,950,43477,-1392,-36263
9655,0,0,0.000,-1366016,-1363968,-464,1096,34217,-696,-29867
9660,0,0,0.000,-1366016,-1356800,-2088,1156,38898,-376,-39830
9665,0,0,152923.008,-1366016,-1338368,-6264,1156,43328,-206,-48436
9670,0,-268,-170912.000,-1379328,-1331200,-10904,1040,41033,-2015,-50897
9675,0,-805,-805.000,-1379328,-1330176,-11136,808,38141,-1065,-48469
9680,0,-537,-537.000,-1379328,-1319936,-13456,532,41710,-567,-54634
9685,0,-1074,4294967.295,-1393664,-1328128,-14848,96,35284,-2339,-51428
9690,0,-447,-447.000,-1393664,-1326080,-15312,-82,30855,-1238,-46249
9695,0,-358,-358.000,-1393664,-1334272,-13456,-186,24085,-660,-37727
9700,0,-447,-4294967.295,-1393664,-1337344,-12760,-297,21847,-335,-34904
9705,0,-1074,-1074.000,-1393664,-1351680,-9512,-410,10981,-184,-20903
9710,0,-984,4294967.295,-1393664,-1355776,-8584,-533,7240,-105,-16357
9715,0,-895,-4294967.295,-1393664,-1353728,-9048,-718,3270,-64,-13036
9720,0,-537,-4294967.295,-1393664,-1354752,-8816,-927,-3913,-40,-5830
9725,0,-447,-447.000,-1393664,-1345536,-10904,-1174,-4200,-37,-7878
9730,0,0,0.000,-1393664,-1359872,-7656,-1469,-21481,-37,12356
9735,0,0,0.000,-1393664,-1351680,-9512,-1768,-21332,-37,10052
9740,0,0,0.000,-1393664,-1348608,-10208,-2092,-25245,-37,12945
9745,0,0,4294967.295,-1351680,-1377280,5800,-2363,-50122,5595,53559
9750,0,0,3535915.008,-1351680,-1368064,3712,-2474,-51281,2927,52519
9755,0,0,-4294967.295,-1351680,-1346560,-1160,-2563,-40104,1528,36381
9760,0,0,4294967.295,-1106944,-1324032,49184,-1562,-67483,33559,129025
9765,0,-89,-89.000,-1106944,-1361920,57768,402,-51579,17590,109749
9770,0,0,0.000,-1033216,-1328128,66816,1301,-28997,16376,97114
9775,0,0,0.000,-871424,-1318912,101384,2551,-25554,28386,129489
9780,0,-358,-358.000,-871424,-1287168,94192,3970,-12347,14875,110509
9785,0,0,-4294967.295,-621568,-1232896,138504,5869,8938,32060,135435
9790,0,716,4294967.295,-595968,-1160192,127832,8085,23327,18969,115606
9796,0,2774,4294967.295,-595968,-1092608,112520,9966,45118,9941,77368
9801,0,8659,-4294967.295,-595968,-1005568,92800,11617,64579,5205,39838
9806,0,9509,-4294967.295,-302080,-946176,145928,13460,53632,39499,105756
9811,0,537,-4294967.295,-302080,-862208,126904,15464,60207,20705,82161
9816,0,-5549,-4294967.295,-302080,-754688,102544,17264,81951,10849,37857
9821,0,-3043,-5549.000,-302080,-686080,87000,18968,69983,5324,35985
9826,0,0,-4294967.295,-302080,-553984,57072,20252,116501,2783,-39177
9831,0,5101,-4294967.295,-302080,-472064,38512,21328,129054,1450,-69214
9836,0,0,4294967.295,-302080,-428032,28536,22222,109789,703,-59031
9841,0,-5012,4294967.295,-302080,-419840,26680,22829,74309,363,-24800
9846,0,-4833,4294967.295,-302080,-385024,18792,23236,60574,180,-18546
9851,0,-179,-179.000,-302080,-327680,5800,23485,62777,80,-33492
9856,0,16463,16463.000,-302080,-280576,-4872,23523,65428,34,-46777
9861,0,18774,-3606145.024,-302080,-269312,-7424,23304,49467,9,-33587
9866,0,2237,2237.000,-7168,-260096,57304,23089,26976,34758,53417
9871,0,0,0.000,-7168,-271360,59856,23867,-6380,18220,90103
9876,0,-1074,-1074.000,-4096,-228352,50808,24575,849,9809,74534
9881,0,0,4294967.295,0,-185344,41992,25305,11118,5297,56179
9886,0,0,4294967.295,0,-133120,30160,25905,33115,2768,22950
9891,0,-13168,-4294967.295,0,-117760,26680,26385,25117,1442,27948
9896,0,-11782,-11782.000,0,-89088,22040,26777,16833,700,31984
9901,0,-1700,-1700.000,0,-33792,7656,26988,39989,361,-5345
9906,0,21191,21191.000,0,62464,-14152,26997,93781,180,-80936
9911,0,19846,-4294967.295,0,63488,-14384,26957,104786,80,-100956
9916,0,6265,-4294967.295,0,46080,-10440,26369,48973,34,-33044
9921,0,-8289,-4294967.295,0,-23552,5336,25358,-27367,9,58061
9926,0,89,89.000,0,30720,-6960,23897,-20402,0,39393
9931,0,13904,13904.000,0,99328,-22504,22217,17395,0,-17682
9936,0,10729,-4294967.295,0,124928,-28304,20393,21388,0,-29299
9941,0,-1969,4294967.295,3072,131072,-29000,18313,12025,334,-21187
9946,0,-5459,4294967.295,3072,116736,-25752,15804,-11991,168,2043
9951,0,-1163,4294967.295,3072,164864,-36656,13351,12805,80,-36110
9956,0,984,-4294967.295,24576,203776,-40600,11225,39323,2568,-40376
9961,0,-179,4294967.295,43008,179200,-30856,9163,21503,4064,-43196
9966,0,-7845,4294967.295,43008,176128,-30160,7439,17429,2124,-40150
9971,0,895,895.000,43008,200704,-35728,5737,35146,1105,-65137
9976,0,11047,-4294967.295,159744,233472,-16704,3982,57269,18347,-69991
9981,0,13714,13714.000,159744,240640,-18328,3820,65806,9614,-80314
9986,0,-626,-4294967.295,224256,195584,6496,3749,31555,11398,-47363
9991,0,-9990,-4294967.295,224256,196608,6264,3863,19896,5969,-9769
9996,0,-8659,4294967.295,224256,209920,3248,3949,18416,3122,-11219
10001,0,8067,8067.000,321536,264192,12992,4221,43936,11606,-26004
10006,0,15188,978019.008,352256,317440,7888,4635,77591,10766,-65068
10011,0,10618,3278615.040,352256,326656,5800,5075,76466,5639,-65591
10016,0,-3490,1973139.968,352256,299008,12064,5387,57866,2766,-46669
10021,0,-6444,3890392.064,352256,328704,5336,5567,40539,1440,-29636
10026,0,-1163,4294967.295,352256,377856,-5800,5587,55823,747,-56036
10031,0,6086,6086.000,405504,434176,-6496,5655,71119,5876,-70837
10036,0,11132,-4294967.295,405504,452608,-10672,5613,72611,3076,-77670
10041,0,7339,7339.000,405504,446464,-9280,5552,56225,1608,-59953
10046,0,-358,-4294967.295,509952,425984,19024,5787,21170,11604,5497
10051,0,-1611,-1611.000,540672,414720,28536,6162,7607,10473,27091
10056,0,0,4294967.295,540672,442368,22272,6574,16179,5485,12667
10061,0,10359,4294967.295,594944,458752,30856,7083,17315,8491,20624
10066,0,11330,4294967.295,610304,437248,39208,7684,-8641,6362,55533
10071,0,10100,-4294967.295,610304,428032,41296,8194,-26564,3330,76054
10076,0,3490,-4294967.295,610304,427008,41528,8720,-41837,1628,93709
10081,0,89,4294967.295,676864,448512,51736,9156,-32703,10363,93595
10086,0,-1074,-1074.000,676864,509952,37816,9718,-769,5427,48303
10091,0,-447,4294967.295,695296,572416,27840,10290,27940,4448,10190
10096,0,-89,-89.000,695296,649216,10440,10734,69708,2324,-48534
10101,0,2327,2327.000,695296,694272,232,11073,85451,1210,-74146
10106,0,5549,5549.000,726016,716800,2088,11253,101251,3569,-95566
10111,0,7160,7160.000,801792,777216,5568,11426,99232,12026,-82238
10116,0,3401,47233.000,801792,772096,6728,11743,70706,6301,-52235
10121,0,8030,46003.000,801792,804864,-696,11923,65015,3088,-53788
10126,0,3311,3311.000,912384,813056,22504,12130,48044,16442,-13410
10131,0,805,805.000,912384,857088,12528,12517,57820,8615,-32775
10136,0,1342,1342.000,920576,889856,6960,12839,61802,4978,-5254
10141,0,1969,151218.000,920576,885760,7888,13115,37935,2602,-16932
10146,0,1611,1611.000,920576,912384,1856,13270,40402,1354,-25276
10151,0,2416,-1487777.024,984064,917504,15080,13511,30235,6437,-3477
10156,0,3580,3580.000,984064,921600,14152,13732,11313,3369,16571
10161,0,1879,1879.000,984064,906240,17632,13729,-16099,1757,47460
10166,0,1432,-4294967.295,984064,893952,20416,13363,-12244,856,37207
10171,0,1163,-2332652.032,1116160,933888,41296,12821,-29203,17053,83320
10176,0,1253,1253.000,1116160,959488,35496,13093,-28630,8935,77219
10181,0,1074,1074.000,1116160,1005568,25056,13302,-13690,4384,23206
10186,0,2864,2864.000,1270784,1077248,43848,13677,20229,21730,37296
10191,0,1432,1432.000,1270784,1130496,31784,14287,39690,11389,6381
10196,0,1342,-2635002.880,1364992,1162240,45936,15185,42811,14167,18310
10201,0,2774,-2325138.944,1364992,1205248,36192,15997,56282,7421,-4093
10206,0,4922,1436107.008,1364992,1236992,29000,16739,62467,3884,-16728
10211,0,3490,3490.000,1364992,1255424,24824,17370,50947,1899,-8753
10216,0,5191,5191.000,1497088,1267712,51968,18004,35490,17597,34482
10221,0,6623,6623.000,1497088,1288192,47328,18764,22719,9221,43373
10226,0,3759,3759.000,1497088,1285120,48024,19458,-9387,4523,76869
10231,0,4475,-62963.000,1888256,1317888,129224,20368,-15514,51545,165106
10236,0,3580,49781.000,1888256,1338368,124584,21966,-32302,27023,178852
10241,0,1521,94766.000,1888256,1389568,112984,23702,-24292,13281,160978
10246,0,89,89.000,1888256,1470464,94656,25082,-414,6958,120152
10251,0,-89,-89.000,1888256,1570816,71920,26268,35031,3640,63157
10256,0,-358,-784284.992,2267136,1669120,135488,28439,60872,34123,103055
10261,0,0,-4294967.295,2267136,1766400,113448,30429,87585,17890,56292
10266,0,895,-4294967.295,2267136,1832960,98368,32248,89960,9375,18407
10271,0,2506,2506.000,2582528,1933312,147088,34847,108894,31525,73041
10276,0,6175,6175.000,2527232,1994752,120640,37101,100288,10007,57453
10281,0,7993,7993.000,2527232,2080768,101152,38962,105566,17722,50283
10286,0,8363,4294967.295,2611200,2166784,100688,40902,93747,9287,47843
10291,0,4385,4385.000,2668544,2277376,88624,42358,98911,11621,32071
10296,0,716,-4294967.295,2668544,2402304,60320,43574,116995,6083,-13101
10301,0,358,4294967.295,2668544,2478080,43152,44568,97465,2985,-9745
10306,0,805,805.000,2638848,2580480,13224,45123,112313,-1941,-53966
10311,0,5459,5459.000,2638848,2661376,-5104,45295,120253,-1028,-80062
10316,0,9768,9768.000,2638848,2686976,-10904,44998,85026,-516,-50932
10321,0,9657,9657.000,2582528,2708480,-28536,43646,60666,-6504,-45556
10326,0,10433,4294967.295,2582528,2718720,-30856,41139,26575,-3418,-16292
10331,0,7956,4294967.295,2582528,2695168,-25520,37777,-27448,-1690,39705
10336,0,5191,5191.000,2697216,2691072,1392,35205,-60150,11777,96747
10341,0,3311,4294967.295,2697216,2721792,-5568,33124,-59393,10314,112208
10346,0,1253,4294967.295,2726912,2748416,-4872,31259,-53369,5400,79756
10351,0,447,447.000,2726912,2799616,-16472,29324,-26954,2824,39806
10356,0,179,4294967.295,2756608,2863104,-24128,27297,5266,5629,-628
10361,0,447,447.000,2756608,2897920,-32016,25400,29352,2941,-35968
10366,0,2148,-4294967.295,2756608,2935808,-40600,23649,53770,1535,-70721
10371,0,5280,5280.000,2756608,2945024,-42688,22034,68124,744,-92110
10376,0,8030,4294967.295,2756608,2950144,-43848,20214,66426,383,-90060
10381,0,7956,7956.000,2756608,2944000,-42456,18685,64567,192,-88338
10386,0,7845,4294967.295,2756608,2931712,-39672,17011,51968,87,-75370
10391,0,8622,-4294967.295,2756608,2917376,-36424,14909,35720,36,-57235
10396,0,9805,4294967.295,2756608,2912256,-35264,12894,26448,12,-48818
10401,0,10027,10027.000,2756608,2874368,-26680,10689,-6851,0,-9140
10406,0,9176,9176.000,2756608,2873344,-26448,8572,-12646,0,-5230
10412,0,9435,9435.000,2697216,2865152,-38048,5810,-21688,-6158,-10550
10417,0,8585,8585.000,2668544,2856960,-42688,2784,-43202,-7139,8376
10422,0,5549,4294967.295,2668544,2839552,-38744,-426,-37580,-3753,-1590
10427,0,4922,4922.000,2697216,2845696,-33640,-1157,-29307,993,-5490
10432,0,5101,5101.000,2697216,2868224,-38744,-1805,-14608,478,-22987
10437,0,4206,4294967.295,2697216,2867200,-38512,-2483,929,241,-41924
10442,0,3490,3490.000,2697216,2871296,-39440,-3025,15123,117,-57588
10447,0,1790,1790.000,2697216,2890752,-43848,-3591,39151,48,-86590
10452,0,2416,2416.000,2697216,2884608,-42456,-4033,45565,19,-92054
10457,0,1969,4294967.295,2697216,2875392,-40368,-4437,49076,0,-93881
10462,0,1700,4294967.295,2697216,2896896,-45240,-4827,72049,0,-122116
10467,0,4385,4385.000,2697216,2871296,-39440,-5078,62341,0,-106859
10472,0,4564,4564.000,2697216,2831360,-30392,-5318,40643,0,-76353
10477,0,5638,5638.000,2697216,2785280,-19952,-5596,33115,0,-65159
10482,0,7993,7993.000,2697216,2765824,-15544,-5788,5806,0,-27138
10487,0,6086,-1433817.984,2554880,2715648,-36424,-6388,-26048,-13831,-16764
10492,0,4743,4743.000,2554880,2678784,-28072,-7068,-49789,-6812,16228
10497,0,4027,4027.000,2554880,2637824,-18792,-7735,-66691,-3582,40164
10502,0,4027,4294967.295,2554880,2609152,-12296,-8282,-77351,-1890,56773
10507,0,5012,5012.000,1790976,2576384,-177944,-9275,-90352,-103448,-84361
10512,0,3311,-4294967.295,1790976,2535424,-168664,-12100,-98808,-50872,-81956
10517,0,4743,4743.000,1452032,2493440,-235944,-15414,-111212,-59610,-140146
10522,0,5907,5907.000,1062912,2452480,-314824,-19304,-115332,-83458,-218796
10527,0,7070,4294967.295,1062912,2375680,-297424,-24307,-125338,-41043,-196393
10532,0,2864,4294967.295,1012736,2292736,-290000,-29069,-130696,-26404,-188373
10537,0,2685,4294967.295,1012736,2190336,-266800,-33642,-130960,-13855,-165537
10542,0,3759,3759.000,1012736,2034688,-231536,-38159,-147897,-6824,-121798
10547,0,4743,4294967.295,419840,1881088,-331064,-42520,-148620,-57574,-224964
10552,0,5817,5817.000,342016,1704960,-308792,-46995,-155080,-40645,-200707
10557,0,8585,-4294967.295,342016,1432576,-247080,-51644,-213772,-19996,-84952
10562,0,7993,7993.000,342016,1226752,-200448,-55301,-228162,-10499,-27587
10567,0,984,984.000,178176,1014784,-189544,-58433,-245959,-27488,-2018
10572,0,89,89.000,178176,806912,-142448,-61526,-247726,-13526,43752
10577,0,89,89.000,132096,641024,-115304,-63927,-251260,-11297,72029
10582,0,0,0.000,132096,521216,-88160,-65839,-217169,-5933,63170
10587,0,268,268.000,132096,420864,-65424,-67392,-170834,-2928,38018
10592,0,1163,-52989.000,132096,344064,-48024,-68365,-132911,-1546,16522
10597,0,1879,1879.000,55296,292864,-53824,-69085,-89422,-10474,-33487
10602,0,1700,-472262.016,55296,194560,-31552,-69746,-89147,-5157,-12151
10607,0,1969,79275.000,55296,166912,-25288,-70096,-53392,-2713,-41992
10612,0,2416,2416.000,55296,152576,-22040,-70042,-17063,-1429,-75019
10617,0,4027,2411919.872,55296,72704,-3944,-69577,-35732,-711,-37789
10622,0,2058,2058.000,3072,40960,-8584,-69238,-24820,-4837,-53002
10627,0,2774,2774.000,3072,4096,-232,-68525,-17901,-2544,-50856
10632,0,2506,4294967.295,3072,-29696,7424,-67438,-43157,-1258,-6761
10637,0,537,4294967.295,0,-98304,22272,-65759,-33736,-931,-9751
10642,0,537,537.000,-4096,-121856,26680,-63737,-25164,-1011,-11893
10647,0,179,-4294967.295,-4096,-166912,36888,-60993,-30970,-511,6865
10652,0,0,0.000,-4096,-191488,42456,-58034,-26404,-276,10826
10657,0,0,-4294967.295,-4096,-221184,49184,-54698,-26220,-154,20706
10662,0,0,-4294967.295,-4096,-251904,56144,-51083,-30443,-86,4958
10667,0,0,4294967.295,-4096,-249856,55680,-46830,-11452,-57,20302
10672,0,0,-4294967.295,-4096,-276480,61712,-42837,-20391,-37,39266
10677,0,89,-1311259.008,-4096,-296960,66352,-38338,-1527,-37,21885
10682,0,0,0.000,-4096,-288768,64496,-34211,-16076,-37,46361
10687,0,0,4294967.295,-4096,-296960,66352,-30114,-20758,-37,56996
10692,0,89,89.000,-4096,-290816,64960,-26118,-2594,-975,35811
10697,0,0,4294967.295,-10240,-254976,55448,-22026,2237,-516,31185
10702,0,0,4294967.295,-10240,-235520,51040,-18540,8020,-279,24480
10707,0,89,4294967.295,-10240,-196608,42224,-15312,21778,-147,6360
10712,0,0,-4294967.295,-10240,-172032,36656,-12082,30866,-86,-6292
10717,0,0,4294967.295,-10240,-132096,27608,-9424,47963,-57,-29779
10722,0,89,-4294967.295,-10240,-93184,19952,-6953,55548,-37,-42549
10727,0,0,4294967.295,-10240,-72704,14152,-5045,58887,-37,-49780
10732,0,0,0.000,-10240,-37888,6264,-3398,71062,-37,-68196
10737,0,0,-4294967.295,-10240,-18432,928,-2009,66759,-975,-67840
10742,0,0,-4294967.295,-16384,1024,-3944,-858,73448,-516,-78250
10747,0,0,-4294967.295,-19456,14336,-7656,-15,75697,-621,-83368
10752,0,-268,-268.000,-19456,12288,-7192,136,65485,-315,-72541
10757,0,-179,-4294967.295,-19456,20480,-9048,270,69937,-174,-78715
10762,0,-537,-4294967.295,-37888,12288,-11368,337,64923,-2137,-75954
10767,0,-1342,-1342.000,-37888,2048,-9048,353,61721,-1131,-61772
10772,0,-895,-4294967.295,-37888,-9216,-6496,436,53196,-567,-59256
10777,0,-895,4294967.295,-59392,-33792,-5800,573,40551,-2681,-45778
10782,0,-716,-716.000,-71680,-54272,-3944,699,30074,-3086,-15978
10787,0,-895,-895.000,-71680,-90112,4176,838,6265,-1624,-1251
10792,0,-626,-626.000,-71680,-99328,6264,984,1916,-860,5332
10797,0,-626,-626.000,-71680,-147456,17168,1159,-31728,-428,50055
10802,0,-984,-984.000,-71680,-141312,15776,1222,-28653,-232,45651
10807,0,-805,-805.000,-71680,-139264,15312,1240,-28125,-132,44677
10812,0,-805,-4294967.295,-71680,-169984,22272,1214,-50787,-74,74273
10817,0,-1521,-1521.000,-71680,-175104,23432,1134,-55285,-49,79851
10822,0,-1611,-4294967.295,-71680,-160768,20184,1049,-45256,-37,66489
10827,0,-2685,-4294967.295,-71680,-207872,30856,1104,-73736,-37,105696
10832,0,-1521,-1521.000,-71680,-194560,27840,1210,-58785,-37,87835
10837,0,-805,-805.000,-154624,-181248,6032,826,-40919,-8626,47777
10842,0,-716,-4294967.295,-176128,-219136,9744,484,-57683,-7134,67911
10847,0,-1700,-4294967.295,-176128,-222208,10440,120,-54574,-3748,65134
10852,0,-2864,-2864.000,-176128,-227328,11600,51,-47494,-1973,59145
10857,0,-4475,4294967.295,-279552,-232448,-10672,-139,-55721,-14849,50702
10862,0,-5459,-5459.000,-279552,-265216,-3248,-392,-50535,-7796,46895
10867,0,-6444,-4294967.295,-349184,-276480,-16472,-757,-47746,-11312,30517
10872,0,-6086,-6086.000,-349184,-290816,-13224,-1183,-44878,-5572,30471
10877,0,-8104,-8104.000,-349184,-316416,-7424,-1530,-52761,-2930,43807
10882,0,-6712,-1432062.976,-429056,-351232,-17632,-2038,-65980,-9305,46310
10887,0,-7160,-7160.000,-537600,-387072,-34104,-2642,-81103,-20416,24740
10892,0,-7845,-7845.000,-537600,-416768,-27376,-3520,-83559,-10047,52663
10897,0,-8141,2572101.888,-537600,-474112,-14384,-4249,-108917,-5279,90284
10902,0,-8141,-4294967.295,-595968,-520192,-17168,-4918,-102859,-10435,76329
10907,0,-9990,-2343809.024,-595968,-562176,-7656,-5622,-124741,-5481,111463
10912,0,-10174,-360902.016,-616448,-604160,-2784,-6213,-131373,-4871,122376
10917,0,-9916,-877009.984,-616448,-630784,3248,-6564,-116938,-2408,113622
10922,0,-11471,67740.000,-616448,-664576,10904,-6708,-113530,-1272,117726
10927,0,-10433,645292.992,-666624,-697344,6960,-6889,-109514,-5550,109585
10932,0,-10174,-10174.000,-677888,-704512,6032,-6936,-81769,-4156,80865
10937,0,-11217,-11217.000,-677888,-736256,13224,-6804,-80070,-2190,86490
10942,0,-10692,1338446.976,-677888,-762880,19256,-6415,-75825,-1158,88666
10947,0,-10359,4294967.295,-753664,-785408,7192,-6047,-58211,-10105,56804
10952,0,-10877,-10877.000,-753664,-796672,9744,-5856,-55446,-5311,59334
10957,0,-11415,-11415.000,-774144,-822272,10904,-5586,-51980,-4659,57298
10962,0,-11075,4294967.295,-774144,-838656,14616,-5015,-42824,-2300,34364
10967,0,-12150,-12150.000,-774144,-835584,13920,-3988,-19599,-1216,29531
10972,0,-12942,4294967.295,-887808,-847872,-9048,-3981,-9949,-10994,-3080
10977,0,-13055,-13055.000,-921600,-852992,-15544,-3957,5507,-9664,-25008
10982,0,-13714,-13714.000,-921600,-870400,-11600,-3868,10659,-5079,-26127
10987,0,-13334,-13334.000,-921600,-912384,-2088,-3462,-1091,-2674,-4459
10992,0,-13857,4294967.295,-948224,-960512,2784,-2826,-15847,-4466,-31582
10997,0,-14404,4294967.295,-948224,-960512,2784,-1952,6345,-2352,-5513
11002,0,-13357,-4294967.295,-975872,-1015808,9048,-1031,-12783,-3763,20800
11007,0,-13690,-13690.000,-975872,-1076224,22736,77,7733,-1861,1872
11012,0,-12744,-4294967.295,-975872,-1069056,21112,474,-11051,-989,32637
11017,0,-13253,-13253.000,-975872,-1118208,32248,936,-30730,-528,63914
11022,0,-14570,-4294967.295,-985088,-1153024,27608,1503,-5554,-1355,34665
11027,0,-13253,-4294967.295,-985088,-1148928,37120,2071,-23523,-723,62714
11033,0,-13809,-13809.000,-985088,-1171456,42224,2707,-27459,-389,72390
11038,0,-14237,-14237.000,-985088,-1187840,45936,3461,-7172,-203,50305
11043,0,-13225,-13225.000,-985088,-1169408,41760,4183,-5830,-115,51773
11048,0,-13140,-13140.000,-985088,-1169408,41760,4922,-58,-71,46740
11053,0,-12433,578753.024,-985088,-1168384,41528,5672,19529,-44,22862
11058,0,-11697,-11697.000,-985088,-1136640,34336,6479,29030,-37,11785
11063,0,-11386,-11386.000,-975872,-1130496,35032,7243,32725,759,9550
11068,0,-11301,-4294967.295,-975872,-1116160,31784,7980,46678,366,-9648
11073,0,-10581,-10581.000,-975872,-1079296,23432,8738,61021,183,-28851
11078,0,-11245,-11245.000,-975872,-1067008,20648,9436,67539,87,-37455
11083,0,-11754,-11754.000,-975872,-1058816,18792,10106,75250,34,-49341
11088,0,-12603,-12603.000,-975872,-1039360,14384,10771,76237,9,-51082
11093,0,-12942,-12942.000,-975872,-1029120,12064,11385,80620,0,-57171
11098,0,-12687,-4294967.295,-975872,-1035264,13456,11971,75560,0,-52434
11103,0,-13762,-13762.000,-985088,-1041408,12760,12551,60987,-1407,-35676
11108,0,-13476,-4294967.295,-985088,-1063936,17864,13081,44234,-748,-13289
11113,0,-13881,-13881.000,-985088,-1105920,27376,13609,36167,-379,-2571
11118,0,-15331,-15331.000,-985088,-1115136,29464,14184,6632,-208,37016
11123,0,-15260,-4294967.295,-985088,-1156096,38744,14745,-20655,-118,74144
11128,0,-14499,-14499.000,-985088,-1193984,47328,15414,-28102,-69,86436
11133,0,-16003,-16003.000,-985088,-1212416,51504,16030,-52428,-44,119962
11138,0,-15773,-4294967.295,-985088,-1233920,56376,16659,-65463,-37,138498
11143,0,-15585,-15585.000,-985088,-1232896,56144,17400,-58303,-37,131847
11148,0,-16546,-16546.000,-985088,-1245184,58928,18049,-66530,-37,143507
11153,0,-15648,4294967.295,-985088,-1256448,61480,18721,-72990,-37,153191
11158,0,-15022,-15022.000,-985088,-1260544,58928,19500,-59519,-37,137947
11163,0,-15212,-15212.000,-985088,-1256448,61480,20207,-68068,-37,149755
11168,0,-13643,-4294967.295,-985088,-1259520,62176,20912,-68906,-37,151994
11173,0,-11811,4294967.295,-985088,-1248256,59624,21713,-43432,-37,120593
11178,0,-11443,-11443.000,-985088,-1230848,55680,22401,-46564,-37,124645
11183,0,-10507,-10507.000,-985088,-1200128,48720,23048,-29089,-37,100857
11188,0,-10803,4294967.295,-1013760,-1165312,34336,23627,-11326,-3003,69289
11193,0,-9879,-4294967.295,-1024000,-1131520,24360,24018,1835,-3047,46543
11198,0,-9546,4294967.295,-1024000,-1096704,16472,24334,16741,-1607,24065
11203,0,-11018,2670176.000,-1024000,-1054720,6960,24626,18359,-801,18563
11208,0,-9546,-9546.000,-1024000,-1041408,3944,24837,36443,-428,-7662
11213,0,-11018,-13833.000,-1024000,-1026048,464,25060,44211,-232,-18687
11218,0,-11273,-67409.000,-1024000,-1053696,6728,25313,21790,-125,10251
11223,0,-11160,-11160.000,-1043456,-1051648,1856,25553,25668,-2857,1741
11228,0,-11273,-425927.008,-1043456,-1046528,696,25752,33161,-1507,-6713
11233,0,-11754,-11754.000,-1053696,-1101824,10904,25978,-4326,-1749,41208
11238,0,-12772,546595.968,-1053696,-1104896,11600,26233,-804,-928,38637
11243,0,-12687,-12687.000,-1053696,-1108992,12528,26514,1549,-496,37493
11248,0,-12574,-12574.000,-1053696,-1137664,19024,26851,-14034,-257,59909
11253,0,-14047,-14047.000,-1150976,-1145856,-1160,26926,-17844,-13189,43610
11258,0,-15069,-4294967.295,-1150976,-1137664,-3016,26525,-10523,-6927,34032
11263,0,-14047,3905043.968,-1185792,-1144832,-9280,25628,-16019,-6795,32367
11268,0,-14427,-14427.000,-1351680,-1122304,-51968,23758,-2536,-25818,-25674
11273,0,-15438,-15438.000,-1351680,-1131520,-49880,20204,-7390,-13553,-22286
11278,0,-16233,-2098384.000,-1366016,-1139712,-52200,16311,-4281,-8067,-31608
11283,0,-13714,-13714.000,-1366016,-1164288,-45704,13124,-13288,-4241,-19292
11288,0,-14332,3171333.888,-1366016,-1206272,-36192,10465,-25612,-2234,-115
11293,0,-13952,3548993.024,-1514496,-1258496,-58000,6586,-40127,-14627,-32580
11298,0,-12546,-12546.000,-1514496,-1292288,-50344,2576,-34241,-7679,-13527
11303,0,-13225,-13225.000,-1514496,-1351680,-36888,-73,-46576,-4036,9615
11308,0,-13524,1214840.064,-1579008,-1410048,-38280,-756,-45279,-7869,4319
11313,0,-12970,-12970.000,-1579008,-1464320,-25984,-1319,-52830,-4136,25527
11318,0,-13310,473440.000,-1579008,-1514496,-14616,-1599,-49892,-2178,33677
11323,0,-13928,-13928.000,-1579008,-1567744,-2552,-1673,-49858,-1080,47352
11328,0,-13881,207664.000,-1579008,-1620992,9512,-1227,-50408,-579,58693
11333,0,-14047,-14047.000,-1579008,-1667072,19952,-86,-50145,-313,70011
11338,0,-13429,-13429.000,-1579008,-1716224,31088,472,-57041,-174,96698
11343,0,-14380,1233387.008,-1595392,-1762304,37816,1062,-60082,-2156,98960
11348,0,-14071,-14071.000,-1595392,-1795072,45240,1651,-61390,-1138,108281
11353,0,-14570,4294967.295,-1611776,-1815552,46168,2333,-54780,-2061,103281
11358,0,-14451,-14451.000,-1595392,-1836032,54520,3011,-55721,969,113252
11363,0,-15093,-4294967.295,-1595392,-1857536,59392,3759,-61355,500,124506
11368,0,-15627,-2341253.888,-1629184,-1827840,45008,4472,-30133,-2645,79613
11373,0,-13282,-13282.000,-1629184,-1827840,45008,5094,-27563,-1395,77665
11378,0,-13690,-13690.000,-1629184,-1821696,43616,5733,-20609,-740,69958
11383,0,-11386,4294967.295,-1629184,-1802240,39208,6377,15525,-376,23853
11388,0,-12320,-12320.000,-1646592,-1776640,29464,7043,13815,-2393,22692
11393,0,-12518,4294967.295,-1646592,-1781760,30624,7617,10384,-1265,27857
11398,0,-12603,4294967.295,-1646592,-1802240,35264,8210,-3156,-630,38762
11403,0,-12772,-12772.000,-1646592,-1831936,41992,8913,-20219,-337,71124
11408,0,-13762,4294967.295,-1646592,-1859584,48256,9581,-36134,-184,93971
11413,0,-14166,-14166.000,-1646592,-1882112,53360,10360,-45819,-101,109539
11418,0,-14237,4294967.295,-1646592,-1897472,56840,11073,-53415,-64,121328
11423,0,-14261,-14261.000,-1646592,-1917952,61480,11794,-66117,-40,139391
11428,0,-14451,-4294967.295,-1664000,-1913856,56608,12557,-57029,-1514,126194
11433,0,-12603,-12603.000,-1664000,-1909760,55680,13190,-55882,-801,124752
11438,0,-12801,-12801.000,-1664000,-1892352,51736,13802,-46209,-428,111747
11443,0,-12376,-540379.008,-1664000,-1853440,42920,14479,-18532,-220,75931
11448,0,-11018,-379300.992,-1664000,-1845248,41064,15074,-14745,-125,70883
11453,0,-11301,-11301.000,-1664000,-1830912,37816,15652,-7470,-74,60938
11458,0,-11980,-40214.000,-1664000,-1807360,32480,16270,6563,-47,42187
11463,0,-11584,-149448.992,-1646592,-1813504,37816,16869,309,2019,54376
11468,0,-12291,-12291.000,-1646592,-1837056,43152,17522,-16730,1052,77404
11473,0,-12178,-12178.000,-1646592,-1843200,44544,18262,-25084,510,89514
11478,0,-13112,-13112.000,-1646592,-1879040,52664,18958,-43237,256,114859
11483,0,-13500,-13500.000,-1646592,-1902592,58000,19667,-58257,126,135924
11488,0,-13197,-13197.000,-1611776,-1921024,70064,20653,-64144,2836,154861
11493,0,-13524,4294967.295,-1611776,-1931264,72384,21534,-69445,1477,163363
11498,0,-13381,-13381.000,-1611776,-1925120,70992,22382,-67230,764,160604
11503,0,-13197,-13197.000,-1595392,-1905664,70296,23363,-54952,1677,148611
11508,0,-11613,-11613.000,-1595392,-1880064,64496,24147,-46392,871,135035
11513,0,-11018,-11018.000,-1595392,-1853440,58464,24853,-39921,446,123238
11518,0,-10618,-4294967.295,-1595392,-1819648,44312,25548,-7539,209,77399
11523,0,-9324,4294967.295,-1595392,-1767424,38976,26074,-6357,102,71407
11528,0,-9509,4294967.295,-1595392,-1738752,32480,26515,-1664,43,60659
11533,0,-9139,-9139.000,-1595392,-1716224,27376,26889,7240,14,44749
11538,0,-9916,-9916.000,-1595392,-1708032,25520,27244,-7826,0,60590
11543,0,-9620,-4294967.295,-1595392,-1711104,26216,27523,-20529,0,74268
11548,0,-9250,-9250.000,-1595392,-1712128,26448,27771,-30259,0,90376
11553,0,-11273,4294967.295,-1595392,-1730560,30624,28070,-46851,0,105545
11559,0,-10618,3165773.056,-1595392,-1738752,32480,28318,-55457,0,116255
11564,0,-10211,-10211.000,-1595392,-1746944,34336,28571,-73599,0,141446
11569,0,-12518,-12518.000,-1595392,-1778688,41528,28914,-79382,0,149824
11574,0,-12037,-7114.000,-1482752,-1792000,70064,29313,-85440,16113,184817
11579,0,-11556,5855.000,-1482752,-1793024,70296,30094,-80082,7915,181520
11584,0,-12914,-27265.000,-1393664,-1788928,89552,31227,-75412,13371,196191
11589,0,-12376,-22720.000,-1233920,-1773568,122264,32387,-67632,29855,222283
11594,0,-11217,-55326.000,-1233920,-1720320,110200,34128,-32531,14670,176859
11599,0,-10507,-68100.000,-1233920,-1683456,101848,35625,-19852,7690,157325
11604,0,-9139,-9139.000,-1233920,-1636352,91176,37006,-5657,4025,133839
11609,0,-8363,-8363.000,-1233920,-1581056,78648,38344,34894,1970,73514
11614,0,-7339,-17965.000,-654336,-1484800,188152,40592,47906,57312,180838
11619,0,-6175,-6175.000,-654336,-1401856,169360,43250,69788,30048,142822
11624,0,-6354,-6354.000,-654336,-1306624,142216,46076,106794,14763,81498
11629,0,-6891,-6891.000,-654336,-1175552,118088,48364,127218,7731,39234
11634,0,-7249,-4294967.295,-654336,-1068032,93728,50307,140965,4047,3070
11639,0,-6712,-6712.000,-654336,-955392,68208,51859,152830,1982,-15353
11644,0,-8363,-4294967.295,-241664,-859136,139896,54063,144086,41110,49873
11649,0,-7808,-4294967.295,-111616,-783360,152192,56323,129066,38994,79449
11654,0,-6981,-4294967.295,-111616,-723968,138736,58633,103305,19162,76580
11659,0,-8806,4294967.295,-80896,-652288,129456,60975,81986,13024,108445
11664,0,-8474,4294967.295,-80896,-594944,116464,62824,57063,6821,122225
11669,0,-8437,4294967.295,-80896,-522240,99992,64363,68468,3344,87692
11674,0,-8585,-8585.000,-80896,-412672,75168,65689,55525,1748,85332
11679,0,-8806,4294967.295,0,-332800,75400,66606,48732,11755,93274
11684,0,-9361,-4294967.295,0,-247808,49184,67539,69754,5769,46969
11689,0,-7808,-7808.000,0,-145408,32944,68136,68985,3020,32095
11694,0,-8511,4294967.295,0,-71680,16240,68530,76202,1574,8568
11699,0,-8806,4294967.295,0,-4096,928,68745,92209,764,-26501
11704,0,-5638,-4294967.295,6144,72704,-15080,68623,99955,952,-46412
11709,0,-5996,-5996.000,6144,128000,-27608,68149,110569,490,-70028
11714,0,-2506,-4294967.295,6144,179200,-39208,67041,115721,234,-87888
11719,0,-2237,-2237.000,104448,219136,-25984,66649,122950,9064,-82285
11724,0,-2237,-2237.000,187392,237568,-11368,66523,116650,15173,-61495
11729,0,-2237,-4294967.295,187392,260096,-16472,66422,106484,7448,-56534
11734,0,-716,-4294967.295,187392,277504,-20416,66203,99645,3896,-53858
11739,0,-1074,-1074.000,187392,296960,-24824,65740,93059,2033,-52143
11744,0,-1074,-4294967.295,187392,305152,-25984,64817,70522,991,-31689
11749,0,-1253,-1253.000,331776,304128,6264,64924,52060,13659,19128
11754,0,-895,-895.000,331776,315392,3712,65099,41411,7153,27400
11759,0,-2237,-4294967.295,331776,311296,4640,65173,18003,3505,51810
11764,0,-2058,-2058.000,331776,311296,4640,65079,1778,1831,67941
11769,0,-1969,349870.016,376832,326656,11368,64892,-3041,6618,79301
11774,0,-4296,-4296.000,376832,343040,7656,64703,-8365,3249,80724
11779,0,-3490,-4294967.295,376832,367616,2088,64139,-9834,1691,76061
11784,0,-2506,-2506.000,384000,397312,-3016,63191,-8916,1779,69091
11789,0,-5459,-4294967.295,384000,417792,-7656,61856,-13713,866,67913
11794,0,-4385,-4294967.295,384000,441344,-12992,60145,-16145,446,63298
11799,0,-3490,-4294967.295,416768,466944,-11368,58436,-14321,3830,62351
11804,0,-5370,-4294967.295,416768,483328,-15080,56563,-16994,1999,58477
11809,0,-3490,-3490.000,432128,507904,-17168,54783,-12611,2348,50226
11814,0,-2685,-4294967.295,439296,532480,-21112,52766,-5038,1936,36692
11819,0,-2148,4294967.295,439296,552960,-25752,50838,1606,1005,23480
11824,0,-1521,-1521.000,439296,564224,-28304,48840,3350,515,17186
11829,0,-716,-4294967.295,439296,563200,-28072,46607,-2663,241,21198
11834,0,-447,-447.000,439296,578560,-31552,44410,2157,117,10701
11839,0,-89,-89.000,439296,602112,-36888,42159,14343,53,-9072
11844,0,-89,-4294967.295,653312,564224,20184,41473,-18440,23666,80097
11849,0,0,0.000,653312,589824,14384,41606,-4177,12404,60167
11854,0,0,0.000,653312,618496,7888,41667,11302,6496,38253
11859,0,0,0.000,653312,638976,15544,41706,-19966,3186,77216
11864,0,-89,-89.000,653312,608256,10208,41622,-11337,1662,63167
11869,0,-716,-716.000,653312,629760,5336,41403,-6874,866,53613
11874,0,-1342,-3999469.056,816128,653312,36888,41696,-3374,17285,81958
11879,0,-1521,-4294967.295,816128,680960,30624,42120,2053,9057,70691
11884,0,-1969,-4294967.295,816128,698368,26680,42448,-1836,4741,70964
11889,0,-2058,-2058.000,816128,782336,7656,42613,40780,2321,9489
11894,0,-537,-4294967.295,1094656,805888,65424,42483,36512,43708,71395
11899,0,-626,-4294967.295,1094656,814080,63568,43421,20780,22915,86209
11904,0,-447,-447.000,1094656,830464,38512,44334,75904,11257,6942
11909,0,179,179.000,1337344,949248,87928,45195,67378,40610,65745
11914,0,716,4294967.295,1337344,970752,83056,46584,54538,21291,75102
11919,0,1074,1074.000,1337344,1027072,70296,47875,64877,11159,53294
11924,0,2595,-4294967.295,1337344,1092608,55448,49081,71704,5478,32825
11929,0,3043,-4294967.295,1337344,1147904,42920,49969,72060,2861,20829
11934,0,2953,-4294967.295,1662976,1212416,102080,51251,77338,37473,75993
11939,0,1521,1521.000,1734656,1249280,109968,52990,54206,28666,108752
11944,0,984,-909105.984,1734656,1347584,87696,54535,76478,15029,65753
11949,0,895,895.000,1908736,1437696,106720,56231,91441,25908,71510
11954,0,0,-4294967.295,1971200,1520640,102080,58046,93850,21665,66276
11959,0,0,4294967.295,1971200,1626112,78184,59570,111590,11354,26164
11964,0,0,3889783.040,1992704,1719296,61944,60851,119106,8171,3689
11969,0,-89,-89.000,1992704,1823744,38280,61882,124545,4008,-24383
11974,0,0,0.000,1992704,1913856,17864,62482,127987,2089,-47641
11979,0,268,268.000,1992704,1981440,2552,62762,116191,1088,-50877
11984,0,1253,1253.000,1992704,2088960,-21808,62367,129594,524,-89035
11989,0,2416,2416.000,1992704,2142208,-33872,61084,113174,268,-85962
11994,0,3938,3938.000,2242560,2195456,10672,60653,101033,26018,-29708
11999,0,4833,-1827298.048,2267136,2210816,12760,60897,61836,16076,11821
12004,0,5370,-413132.992,2267136,2246656,4640,60915,49627,8422,15928
12009,0,4922,-87692.000,2267136,2278400,-2552,60461,37544,4406,20365
12014,0,4564,-181268.000,2291712,2263040,6496,59624,-6920,5454,73040
12019,0,626,889998.976,2291712,2335744,-9976,58558,17498,2854,31084
12024,0,0,0.000,2317312,2404352,-19720,57393,40413,3974,-2740
12029,0,0,0.000,2317312,2476032,-35960,55509,64292,1945,-44743
12034,0,537,105792.000,2317312,2556928,-54288,53175,97086,1015,-98199
12039,0,2953,2953.000,2317312,2623488,-69368,50422,123650,524,-142596
12044,0,6354,6354.000,2291712,2654208,-83288,46574,120655,-3184,-157369
12049,0,8659,8659.000,2291712,2658304,-83056,42554,100219,-1678,-140721
12054,0,8030,-31657.000,2291712,2624512,-75400,38175,57017,-889,-94242
12059,0,6981,6981.000,2291712,2568192,-62640,33611,1675,-447,-34894
12064,0,1700,-31910.000,2291712,2539520,-56144,28567,-26013,-245,-1564
12069,0,1253,-628438.976,2393088,2525184,-29928,25311,-37109,9709,32492
12074,0,268,268.000,2367488,2512896,-32944,22306,-44671,1650,34033
12079,0,895,4206.000,2367488,2572288,-46400,18789,2857,803,-30468
12084,0,6086,6086.000,2419712,2572288,-34568,16320,4406,5485,-22654
12089,0,8104,8104.000,2472960,2575360,-23200,14426,9581,10007,-18355
12094,0,8695,8695.000,2472960,2564096,-7656,13276,-35480,4909,41100
12099,0,3669,3669.000,2499584,2487296,2784,12645,-44488,4990,59917
12104,0,1432,1432.000,2499584,2503680,-928,12005,-29513,2607,40590
12109,0,537,537.000,2499584,2527232,-9280,11140,-4212,1271,6072
12114,0,358,358.000,2527232,2575360,-10904,10509,16328,3178,-16723
12119,0,1253,-21056.000,2527232,2623488,-21808,9696,44968,1657,-57080
12124,0,4654,-9599.000,2527232,2666496,-31552,8339,61664,805,-84877
12129,0,8917,148122.000,2499584,2644992,-32944,6710,36695,-2103,-62929
12134,0,8880,8880.000,2527232,2604032,-17400,5068,-2330,2365,-10002
12139,0,8030,3063549.952,2527232,2568192,-10208,3517,-30741,1157,24050
12144,0,1521,1521.000,2527232,2545664,-4176,1895,-56031,600,53750
12149,0,2774,2774.000,2527232,2556928,-6728,269,-50420,307,43961
12154,0,2506,2506.000,2527232,2585600,-13224,-453,-8905,144,-10605
12159,0,8400,8400.000,2527232,2635776,-24592,-907,5416,68,-30915
12164,0,9139,4294967.295,2527232,2647040,-27144,-1306,11956,29,-40406
12169,0,10905,10905.000,2527232,2675712,-33640,-1660,34504,2,6736
12174,0,9842,4294967.295,2499584,2596864,-22040,-2057,-17683,-2369,-6414
12179,0,6623,6623.000,2499584,2604032,-23664,-2383,-2628,-1250,-23419
12184,0,2864,2864.000,2499584,2591744,-20880,-2670,-723,-662,-22827
12189,0,2058,2058.000,2499584,2626560,-28768,-2980,33689,-335,-65437
12194,0,2327,59591.000,2446336,2641920,-44312,-3253,54768,-6880,-102333
12199,0,3759,3759.000,2446336,2637824,-43384,-3590,62559,-3392,-145333
12204,0,8178,8178.000,2446336,2635776,-42920,-3980,65336,-1788,-112236
12209,0,8141,8141.000,2446336,2568192,-27608,-4297,22536,-948,-54441
12214,0,8400,-798462.976,2446336,2489344,-9744,-4563,-27631,-477,1918
12219,0,3132,3132.000,1888256,2443264,-125744,-6477,-49307,-47896,-82914
12224,0,358,358.000,1771520,2381824,-138272,-8695,-82767,-38887,-64200
12229,0,0,80323.000,1771520,2329600,-139432,-11387,-59760,-19126,-91059
12234,0,716,716.000,1771520,2356224,-132472,-13835,-63857,-10040,-82450
12239,0,3311,189530.000,1042432,2312192,-287680,-16773,-70982,-91216,-233471
12245,0,8178,1119970.944,855040,2201600,-305080,-21086,-107804,-73453,-218362
12250,0,6265,4294967.295,855040,2050048,-270744,-25431,-164420,-38533,-131755
12255,0,6086,6086.000,855040,1926144,-242672,-29752,-184811,-20218,-87613
12260,0,1074,1074.000,855040,1776640,-309720,-34168,-197869,-77920,-146019
12265,0,1074,4294967.295,409600,1679360,-287680,-38536,-169802,-40875,-156414
12270,0,4027,-746726.976,324608,1558528,-279560,-42855,-152475,-31463,-169940
12275,0,3938,558960.000,324608,1394688,-242440,-46893,-193784,-15481,-81772
12280,0,4117,4117.000,324608,1118208,-179800,-50685,-226555,-8128,-3930
12285,0,0,3078977.024,138240,937984,-181192,-53761,-231811,-24866,-3142
12290,0,0,0.000,138240,762880,-141520,-56559,-236607,-13050,38528
12295,0,447,4294967.295,89088,659456,-129224,-59241,-183124,-10359,-5341
12300,0,4385,4385.000,58368,545792,-110432,-61252,-159142,-8836,-12542
12305,0,6354,6354.000,58368,441344,-86768,-62844,-176641,-3418,43613
12310,0,537,537.000,64512,246784,-41296,-64064,-180978,-1802,75618
12315,0,268,268.000,64512,177152,-25520,-64803,-152406,-953,62083
12320,0,89,4294967.295,73728,144384,-16008,-65214,-104247,837,57096
12325,0,89,-1058710.976,73728,106496,-7424,-65331,-63845,429,-8910
12330,0,805,805.000,64512,117760,-12064,-64949,-5944,-801,-71069
12335,0,4385,4385.000,64512,120832,-12760,-63962,36661,-403,-100476
12340,0,5996,4294967.295,64512,86016,-4872,-62516,40574,-220,-107962
12345,0,2148,2148.000,49152,13312,8120,-60836,13815,-1822,-66531
12350,0,179,-4294967.295,49152,-40960,20416,-58888,-5038,-906,-33434
12355,0,-268,-268.000,49152,-73728,27840,-56810,-11096,-484,-17874
12360,0,-89,4294967.295,49152,-114688,37120,-54499,-24935,-262,7556
12365,0,0,0.000,3072,-123904,28768,-52064,32920,-6731,-71669
12370,0,1700,1700.000,3072,-61440,14616,-50133,36477,-3538,-71994
12375,0,1521,4294967.295,3072,-91136,21344,-48211,19323,-1868,-46190
12380,0,2058,2058.000,0,-129024,29232,-46128,-18429,-1368,6407
12385,0,358,4294967.295,0,-215040,48720,-43470,-57523,-728,62773
12390,0,0,0.000,0,-246784,55912,-40740,-68871,-391,84043
12395,0,-895,4294967.295,0,-246784,55912,-37838,-47046,-203,63170
12400,0,-358,4294967.295,0,-194560,44080,-34615,-10775,-115,20240
12405,0,-179,4294967.295,0,-149504,33872,-31772,25072,-71,-22972
12410,0,0,4294967.295,0,-122880,27840,-28935,65772,-44,-73916
12415,0,1074,1074.000,0,-96256,21808,-26038,60276,-37,-64506
12420,0,89,4294967.295,0,-135168,30624,-23326,29111,-37,-21813
12425,0,0,4294967.295,0,-184320,38048,-20411,2662,-37,14975
12430,0,-1342,4294967.295,0,-175104,39672,-17878,-4556,-37,26350
12435,0,-2148,4294967.295,0,-179200,40600,-15530,-10947,-37,36017
12440,0,-2595,-2595.000,0,-177152,40136,-13296,-11326,-37,-57119
12445,0,-89,4294967.295,0,-84992,19256,-11391,42639,-37,-34774
12450,0,179,179.000,0,-87040,19720,-9819,28904,-37,-19003
12455,0,358,358.000,0,-137216,31088,-8037,-15916,-37,38967
12460,0,-268,-268.000,0,-187392,42456,-6350,-55125,-37,91231
12465,0,-2058,-2058.000,0,-210944,47792,-4598,-71614,-37,114808
12470,0,-3311,4294967.295,0,-212992,48256,-2483,-31602,-37,66703
12475,0,-716,4294967.295,0,-121856,27608,-706,1308,-37,25594
12480,0,0,0.000,0,-108544,24592,346,9019,-37,15919
12485,0,179,179.000,0,-88064,19952,776,13104,-37,9750
12490,0,358,358.000,0,-132096,29928,1269,-14091,-37,45288
12495,0,0,0.000,0,-146432,33176,1731,-24499,-37,59406
12500,0,-268,-268.000,0,-141312,32016,2196,-19301,-37,50429
12505,0,-716,-716.000,0,-87040,19720,2686,21629,-37,777
12510,0,-89,-4294967.295,0,-27648,6264,3096,63477,-37,-54117
12515,0,89,-4294967.295,0,7168,-1624,3494,87620,-37,-87630
12520,0,1521,1521.000,0,3072,-696,3875,78165,-37,-74986
12525,0,179,179.000,0,-49152,11136,4327,42111,-37,-26648
12530,0,0,4294967.295,0,-84992,19256,4803,20333,-37,-6567
12535,0,-1700,-1700.000,0,-86016,19488,5318,23385,-37,1421
12540,0,-1611,-1611.000,0,-83968,19024,5842,32897,-37,-8031
12545,0,0,0.000,0,-14336,3248,6365,84430,-37,-74817
12550,0,358,358.000,0,-13312,3016,6867,85382,-37,-75499
12555,0,358,4294967.295,0,-58368,13224,7354,49444,-37,-28866
12560,0,-537,-537.000,0,-114688,25984,7843,1721,-37,32106
12565,0,-1700,4294967.295,0,-137216,31088,8253,-19817,-37,59158
12570,0,-2058,-2058.000,0,-152576,34568,8658,-33736,-37,64287
12575,0,-1521,-1521.000,0,-107520,24360,9096,-1228,-37,34684
12580,0,-89,-4294967.295,0,-69632,15776,9443,21193,-37,4026
12585,0,0,4294967.295,0,-57344,22968,9804,-9834,-37,42606
12590,0,-89,-13009.000,0,-136192,30856,10110,-39840,-37,80806
12595,0,-358,-46283.000,0,-154624,35032,10286,-57133,-37,102451
12600,0,-895,-38380.000,0,-174080,39440,10606,-69078,-37,119124
12605,0,-4833,-4833.000,0,-117760,26680,10911,-29226,-37,66817
12610,0,-4743,-4743.000,0,-56320,12760,11199,14228,-37,9731
12615,0,-2685,-221240.992,0,-12288,2784,11494,36053,-37,-19687
12620,0,0,-9580.000,0,-19456,4408,11797,38313,-37,-22108
12625,0,-179,-179.000,0,-68608,15544,12143,4739,-37,22948
12630,0,-447,-447.000,0,-116736,26448,12527,-36972,-37,80175
12635,0,-5280,4504.000,0,-153600,34800,13000,-42755,-37,90555
12640,0,-5907,-14086.000,0,-166912,37816,13442,-45165,-37,96423
12645,0,-4385,194.000,0,-151552,34336,13881,-29157,-37,34049
12650,0,-805,-805.000,0,-98304,22272,14337,10315,-37,26294
12655,0,0,0.000,0,-104448,23664,14722,1055,-37,37331
12660,0,-89,-27.000,0,-144384,32712,15105,-32887,-37,80704
12665,0,-2506,-677.000,0,-209920,47560,15555,-81206,-37,144321
12670,0,-5280,-5280.000,0,-197632,44776,15803,-77385,-37,137964
12675,0,-5817,-5817.000,0,-158720,35960,16049,-55044,-37,107053
12680,0,-5101,-653552.000,46080,-79872,28536,16460,-1182,5058,46178
12685,0,-4564,-775270.976,67584,-21504,20184,16867,34653,5925,2398
12690,0,-1879,-3696528.896,67584,10240,12992,17347,52978,3098,-22639
12695,0,-626,-626.000,67584,5120,14152,17822,1904,1508,43109
12700,0,-1253,-4294967.295,67584,-71680,31552,18369,-12909,783,62830
12705,0,-7249,-4294967.295,67584,-80896,33640,18837,-20988,402,73465
12710,0,-6802,-6802.000,110592,-93184,46168,19365,-11544,4643,71113
12715,0,-4922,-4922.000,113664,-45056,35960,19964,-1309,2897,57233
12720,0,-537,-537.000,113664,-21504,30624,20439,6402,1508,44661
12725,0,0,0.000,113664,-1024,26680,20900,6265,732,41315
12730,0,-626,-626.000,113664,-44032,35728,21272,-35824,375,92824
12735,0,-3132,24258.000,113664,-77824,43384,21538,-72371,190,137293
12740,0,-7070,-7070.000,113664,-74752,42688,21689,-75985,85,140362
12745,0,-7249,-17896.000,110592,-17408,29000,21697,-48010,-403,98707
12750,0,-4027,-26119.000,110592,68608,9512,21740,2524,-220,15370
12755,0,-3222,-3222.000,92160,129024,-8352,21648,35708,-2027,-22412
12760,0,-984,-54895.000,92160,140288,-10904,21412,37980,-1072,-27472
12765,0,-1253,-57261.000,92160,64512,6264,21271,-18681,-538,46216
12770,0,-6265,-6265.000,92160,37888,12296,21278,-32565,-293,66139
12775,0,-7919,-7919.000,12288,18432,-1392,21285,-39313,-11590,59206
12780,0,-8511,-8511.000,12288,28672,-3712,20526,-21928,-5706,38742
12785,0,-5191,-5191.000,3072,29696,-6032,19804,-12703,-3897,26475
12790,0,-2595,-2595.000,0,39936,-9048,19223,3052,-2493,7123
12795,0,-1074,-1074.000,0,28672,-6496,18776,413,-1238,11867
12800,0,-1700,-4294967.295,0,-14336,3248,18641,-24178,-660,46067
12805,0,-3669,4294967.295,0,-64512,14616,18492,-54080,-357,87188
12810,0,-8732,-4294967.295,0,-120832,27376,18340,-84511,-184,130227
12815,0,-8806,-8806.000,0,-122880,27840,18141,-80242,-105,126223
12820,0,-7160,-7160.000,0,-112640,25520,18049,-67552,-66,111121
12825,0,-4654,-4654.000,0,-67584,15312,18116,-28721,-40,62149
12830,0,-1879,-1879.000,0,-22528,5104,18204,3006,-37,20302
12835,0,-805,-643078.016,0,11264,-2552,18216,24509,-37,12990
12840,0,-716,-716.000,0,0,0,18108,12243,-37,5865
12846,0,-626,-626.000,-7168,-3072,-928,17840,7974,-684,8938
12851,0,-805,-123616.000,-7168,-68608,13920,17676,-36995,-345,68591
12856,0,-5370,-76486.000,-7168,-53248,10440,17702,-19060,-191,47202
12861,0,-7249,-7249.000,-7168,-40960,7656,17887,-1538,-110,27081
12866,0,-5817,-5817.000,-93184,-34816,-13224,17786,21905,-10879,-20359
12871,0,-3401,-3401.000,-93184,5120,-22272,17321,50247,-5713,-55198
12876,0,-1700,-1700.000,-114688,20480,-30624,16676,71865,-4961,-85813
12881,0,-1521,2105501.952,-114688,34816,-33872,15793,87482,-2449,-105561
12886,0,-805,-805.000,-114688,-2048,-25520,15317,70522,-1294,-80725
12891,0,-1969,-1969.000,-114688,-54272,-13688,15049,40379,-687,-39018
12896,0,-2058,-4294967.295,-114688,-121856,1624,15034,-2272,-347,18930
12901,0,-4206,-4294967.295,-114688,-184320,15776,15171,-38004,-191,68951
12906,0,-5549,-5549.000,-250880,-236544,-3248,13940,-65842,-12510,76534
12911,0,-6802,-6802.000,-264192,-275456,2552,12717,-77018,-7728,91823
12916,0,-8769,4294967.295,-264192,-307200,9744,11550,-91809,-4063,113103
12921,0,-8880,-8880.000,-267264,-333824,15080,10547,-101115,-2403,126742
12926,0,-8474,-4294967.295,-267264,-305152,8584,9820,-71143,-1272,89547
12931,0,-8400,-2487183.872,-267264,-286720,4408,9392,-42525,-638,56325
12936,0,-9694,-9694.000,-325632,-269312,-12760,8345,-18899,-5323,14484
12941,0,-9879,-9879.000,-338944,-259072,-18096,7496,573,-4476,-11173
12946,0,-8585,-8843.000,-338944,-248832,-20416,6753,23224,-2210,-36887
12951,0,-7518,-761086.016,-338944,-258048,-18328,6407,35961,-1170,-47882
12956,0,-6265,-1819662.976,-338944,-301056,-8584,6280,26494,-623,-28798
12961,0,-5370,1458872.960,-338944,-311296,-6264,6253,39128,-315,-39139
12966,0,-6802,-4294967.295,-356352,-373760,3944,6333,11118,-1661,-841
12971,0,-6086,-4294967.295,-356352,-408576,11832,6512,-2617,-879,20961
12976,0,-4296,-4294967.295,-356352,-402432,10440,6782,9282,-442,7940
12981,0,-8178,-8178.000,-353280,-423936,16008,7057,-2433,24,25498
12986,0,-12716,-12716.000,-353280,-444416,20648,7347,-14562,0,42557
12991,0,-15543,-15543.000,-353280,-453632,22736,7684,-18521,0,48941
12996,0,-15141,-15141.000,-353280,-433152,18096,8027,1250,0,24873
13001,0,-8917,-8917.000,-373760,-422912,11136,8371,15123,-2417,4384
13006,0,-5817,-5817.000,-395264,-428032,7424,8725,17831,-4480,-1682
13011,0,-626,-626.000,-395264,-449536,12296,9000,8319,-2359,12977
13016,0,-2327,-2327.000,-395264,-482304,19720,9245,-13804,-1246,42769
13021,0,-6712,-6712.000,-472064,-482304,2320,9452,-15376,-12342,27148
13026,0,-13140,-13140.000,-472064,-486400,3248,8921,-23099,-6482,35268
13031,0,-15307,-15307.000,-505856,-490496,-3480,8066,-32095,-7144,36681
13036,0,-13738,-13738.000,-505856,-475136,-6960,6979,-22560,-3523,22579
13041,0,-6175,-4294967.295,-505856,-467968,-8584,6048,-16960,-1856,14424
13046,0,-447,-447.000,-505856,-461824,-9976,5233,-9697,-984,4954
13051,0,0,0.000,-505856,-488448,-3944,4642,-21091,-491,21789
13056,0,-8289,4294967.295,-505856,-518144,2784,4325,-34344,-267,41453
13061,0,-20822,-4294967.295,-740352,-510976,-51968,1979,-42216,-24432,-423
13066,0,-23856,-23856.000,-802816,-528384,-62176,-591,-19152,-21756,-43615
13071,0,-25298,-4294967.295,-802816,-506880,-67048,-1531,12082,-11419,-80661
13076,0,-16860,-16860.000,-994304,-503808,-107880,-2884,24119,-25464,-134883
13081,0,-13833,-13833.000,-994304,-553984,-99760,-4230,24704,-13362,-128694
13086,0,-6086,-6086.000,-994304,-633856,-81664,-5476,-5807,-7020,-81333
13091,0,-7882,3788750.080,-1221632,-731136,-111128,-7001,-17878,-27010,-108560
13096,0,-11386,-11386.000,-1338368,-811008,-119480,-8921,-67586,-30875,-60815
13101,0,-16212,4294967.295,-1338368,-888832,-101848,-10809,-88676,-16202,-23981
13106,0,-16902,4294967.295,-1338368,-948224,-88392,-12480,-90948,-8509,-13819
13111,0,-17153,-17153.000,-1338368,-1017856,-72616,-14006,-84936,-4192,-1686
13116,0,-14261,4294967.295,-1338368,-1087488,-56840,-15103,-82377,-2205,10434
13121,0,-8585,-8585.000,-1453056,-1178624,-64032,-16308,-84442,-12232,4102
13126,0,-5280,-1589696.000,-1453056,-1253376,-45240,-17283,-95664,-6424,33141
13131,0,-2148,-1754054.016,-1453056,-1313792,-31552,-18065,-95343,-3377,45726
13136,0,-9065,310910.016,-1453056,-1382400,-16008,-18644,-104821,-1670,79070
13141,0,-10962,820686.976,-1698816,-1431552,-60552,-19253,-94230,-33841,14425
13146,0,-23431,-23431.000,-1698816,-1445888,-57304,-20278,-67024,-17757,-10558
13151,0,-30587,4294967.295,-1698816,-1455104,-55216,-21248,-63926,-8741,-3722
13156,0,-30004,-30004.000,-1909760,-1492992,-94424,-22161,-28526,-32884,-88059
13161,0,-22257,-22257.000,-1909760,-1507328,-91176,-23412,-1492,-17256,-113096
13166,0,-18302,-18302.000,-2015232,-1564672,-102080,-24900,-2995,-18736,-123985
13171,0,-8806,-8806.000,-2125824,-1642496,-109504,-26234,-16386,-24668,-119352
13176,0,-8474,-3223037.952,-2125824,-1751040,-84912,-27622,-49513,-12945,-63021
13181,0,-10990,-4294967.295,-2125824,-1840128,-64728,-28934,-64465,-6373,-29197
13186,0,-16755,4294967.295,-2318336,-1948672,-83752,-30051,-96938,-29168,-16865
13191,0,-19483,-4294967.295,-2318336,-2032640,-64728,-31377,-110031,-15308,13926
13196,0,-20678,4294967.295,-2342912,-2096128,-55912,-32603,-97592,-9776,9077
13201,0,-16087,-2623592.960,-2368512,-2144256,-50808,-33494,-79921,-8567,-4381
13206,0,-13857,293852.000,-2368512,-2206720,-36656,-34197,-74035,-4502,3182
13211,0,-8326,358872.000,-2368512,-2282496,-19488,-34700,-75515,-2222,21327
13216,0,-6891,-792435.008,-2342912,-2345984,696,-34821,-74092,2045,39967
13221,0,-7070,3329498.112,-2342912,-2436096,21112,-34375,-96858,1062,83595
13226,0,-15093,-15093.000,-2342912,-2482176,31552,-32927,-102549,512,106510
13231,0,-17132,-4294967.295,-2342912,-2524160,41064,-30780,-77408,258,87692
13236,0,-26350,-4294967.295,-2342912,-2510848,38048,-27872,-30741,126,40917
13241,0,-30788,-30788.000,-2342912,-2537472,44080,-23959,-14573,53,34694
13246,0,-29298,-29298.000,-2342912,-2524160,41064,-19887,24555,21,-3378
13251,0,-23416,4294967.295,-2342912,-2570240,51504,-15431,15593,0,20480
13256,0,-21957,-21957.000,-2342912,-2594816,57072,-10520,13402,0,33150
13261,0,-15982,-4294967.295,-2342912,-2651136,69832,-6010,-19748,0,83570
13266,0,-12886,-12886.000,-2342912,-2675712,75400,-1700,-38027,0,111727
13271,0,-13714,-13714.000,-2342912,-2665472,73080,816,-35560,0,109456
13276,0,-15188,4294967.295,-2342912,-2643968,68208,1761,-30982,0,100951
13281,0,-17153,-17153.000,-2342912,-2607104,59856,2646,-16340,0,78842
13286,0,-18208,-18208.000,-2342912,-2558976,55680,3594,-12668,0,71942
13291,0,-17982,-17982.000,-2342912,-2544640,45704,4392,9891,0,40205
13296,0,-14951,4294967.295,-2342912,-2523136,40832,5139,16190,0,29781
13301,0,-10729,4294967.295,-2342912,-2524160,41064,5910,5450,0,41524
13306,0,-9287,-4294967.295,-2342912,-2505728,36888,6571,11566,0,31893
13311,0,-9657,-4294967.295,-2342912,-2510848,38048,7214,1434,0,43828
13316,0,-14713,-14713.000,-2342912,-2479104,30856,7827,18921,0,55813
13321,0,-15093,-15093.000,-1849344,-2475008,141752,9225,17452,58173,133525
13326,0,-18843,4294967.295,-1849344,-2418688,128992,11439,57556,30502,82875
13331,0,-19604,-19604.000,-1849344,-2367488,117392,13818,95916,14987,68558
13336,0,-19033,1941510.016,-1095680,-2340864,282112,17020,105486,96684,193646
13341,0,-17737,-434668.000,-1095680,-2307072,274456,21166,117695,50695,177927
13346,0,-13595,912334.976,-1095680,-2287616,270048,25639,104556,26582,191131
13351,0,-8585,-470576.992,-595968,-2176000,357976,30756,133770,68283,254962
13356,0,-6891,-6891.000,-595968,-2078720,335936,35960,139668,35803,232228
13361,0,-6444,2041297.024,-392192,-1943552,351480,41346,153117,36164,239709
13366,0,-9916,-623292.992,-286720,-1757184,333152,47177,174746,29426,205583
13371,0,-12093,696942.976,-286720,-1561600,288840,52140,195584,15422,145396
13376,0,-14951,-14951.000,-108544,-1338368,278632,56860,226107,23291,109385
13381,0,-16170,555049.024,-62464,-1123328,240352,61525,215734,16535,90087
13386,0,-16881,-16881.000,-62464,-954368,202072,65130,206187,8664,61015
13391,0,-15069,-4294967.295,-62464,-757760,157528,68077,208103,4536,17502
13396,0,-14951,-14951.000,-28672,-588800,126904,70662,186267,5957,11299
13401,0,-15480,408744.992,-37888,-442368,91640,72447,171258,1711,-7171
13406,0,-15627,-15627.000,-37888,-313344,62408,73722,157764,891,-21634
13411,0,-13476,218746.000,-37888,-194560,35496,74608,153885,429,-60196
13416,0,-11867,-11867.000,-59392,-72704,3016,75175,158154,-3062,-79963
13421,0,-10692,-1419282.944,-59392,-10240,-11136,75298,143960,-1614,-79798
13426,0,-9842,-9842.000,-59392,28672,-19952,74901,154562,-801,-111898
13431,0,-8585,-4294967.295,-65536,106496,-38976,73712,133885,-1365,-99149
13436,0,-9583,-9583.000,-65536,105472,-38744,72295,102491,-728,-68940
13441,0,-8991,-4294967.295,-71680,153600,-51040,70213,109616,-1001,-90443
13446,0,-10211,-10211.000,-71680,136192,-47096,68276,82215,-535,-61035
13451,0,-10766,-10766.000,-71680,113664,-41992,66275,56592,-291,-32309
13456,0,-10877,-10877.000,-83968,101376,-48488,63756,59381,-1424,-44113
13461,0,-10840,-10840.000,-87040,113664,-45472,61544,45427,-1194,-29355
13466,0,-11499,-11499.000,-87040,95232,-41296,59304,31256,-638,-13248
13471,0,-11669,-4294967.295,-87040,89088,-39904,56808,26724,-325,-10284
13476,0,-11952,-11952.000,-83968,84992,-38280,54605,22421,258,-6096
13481,0,-12037,-12037.000,-83968,76800,-36424,52422,16110,126,-112
13486,0,-11924,-4294967.295,-83968,78848,-36888,50112,14848,53,-1917
13491,0,-12122,-4294967.295,-77824,75776,-34800,47501,9225,900,3476
13496,0,-12065,-4294967.295,-77824,68608,-33176,45121,562,463,11383
13501,0,-12093,4294967.295,-74752,52224,-28768,42550,-3764,512,14762
13507,0,-11160,-11160.000,-74752,51200,-28536,40286,-12737,258,24487
13512,0,-10692,-10692.000,-74752,33792,-24592,38102,-23340,126,36850
13517,0,-9768,-9768.000,-62464,22528,-19256,36119,-24556,1245,41419
13522,0,-8585,-8585.000,-44032,13312,-12992,34523,-26071,3283,47602
13527,0,-8104,-8104.000,-44032,2048,-10440,33269,-29720,1716,52549
13532,0,-7845,-7845.000,-44032,-3072,-8584,32068,-29284,834,52768
13537,0,-6444,-4294967.295,-44032,-5120,-8816,31035,-24430,429,46649
13542,0,-5012,-5012.000,-44032,-8192,-8120,30167,-21183,219,43230
13547,0,-5191,-5191.000,-44032,-13312,-6960,29436,-23351,100,47683
13552,0,-4475,-4294967.295,0,-21504,4872,29020,-18199,5949,52091
13557,0,-3580,-4294967.295,0,-24576,5568,29007,-16180,3112,50755
13562,0,-2237,-2237.000,0,-50176,11368,29076,-27918,1523,68362
13567,0,-3938,-4294967.295,0,-56320,12760,29112,-28480,788,70352
13572,0,-1969,-1969.000,0,-59392,13456,29137,-27505,405,70098
13577,0,-1253,-1253.000,0,-55296,21576,29164,-50190,190,100930
13582,0,-3759,-3759.000,0,-96256,21808,29092,-51292,92,102192
13587,0,-2864,4294967.295,0,-80896,18328,28933,-42629,39,89890
13592,0,-6175,4294967.295,0,-72704,16472,28735,-39244,14,131341
13597,0,-4922,-4922.000,0,-115712,26216,28528,-70971,0,125715
13602,0,-3669,-3669.000,0,-92160,20880,28226,-57236,0,106342
13607,0,-5459,-5459.000,0,-71680,24360,27912,-69502,0,121774
13612,0,-3848,-3848.000,0,-98304,22272,27514,-67781,0,117567
13617,0,-2685,-2685.000,0,-77824,17632,27071,-58108,0,102811
13622,0,-3043,4294967.295,0,-64512,14616,26589,-61068,0,105784
13627,0,-1432,-1432.000,0,-68608,15544,26187,-55033,0,96764
13632,0,-2416,151971.008,0,-66560,15080,25797,-55182,0,96059
13637,0,-1163,59439.000,3072,-62464,14848,25520,-49043,273,89411
13642,0,-447,-447.000,3072,-56320,13456,25282,-44258,136,82996
13647,0,-716,-716.000,3072,-47104,11368,25108,-36570,63,73046
13652,0,-179,1687117.952,3072,-40960,9976,24976,-30546,24,65498
13657,0,-895,984001.024,61440,-29696,20648,24971,-23042,7341,68661
13662,0,-358,567278.976,61440,-10240,16240,25205,-9490,3842,50935
13667,0,-268,4294967.295,61440,-25600,19720,25478,-20850,1879,66048
13672,0,-1879,-1830049.024,61440,-9216,16008,25683,-12037,976,53728
13677,0,-1879,-4294967.295,61440,0,13920,25818,-10029,507,49767
13682,0,-1521,-1521.000,202752,10240,51736,26512,-34057,12302,112305
13687,0,-4117,4294967.295,202752,-19456,50344,27141,-37454,6445,114939
13692,0,-3311,-3311.000,202752,-8192,47792,27741,-37098,3374,112631
13697,0,-2148,-2148.000,202752,-38912,54752,28377,-66852,1647,149981
13702,0,-2953,-2953.000,281600,-14336,67048,28986,-61057,10148,157091
13707,0,-1342,-1342.000,281600,29696,57072,29661,-43099,5312,129832
13712,0,-447,4294967.295,301056,36864,59856,30420,-51430,4265,141706
13717,0,-358,-358.000,334848,89088,55680,31019,-33059,6213,119758
13722,0,0,-4294967.295,334848,150528,41760,31550,-10683,3249,83993
13727,0,0,0.000,372736,200704,38976,32149,803,4619,70322
13732,0,0,-4294967.295,372736,267264,23896,32526,23006,2412,33416
13737,0,0,0.000,372736,310272,14152,32791,29960,1257,16983
13742,0,-179,-179.000,398336,335872,14152,33044,27286,2653,19910
13747,0,-268,-4294967.295,423936,359424,14616,33208,23557,4401,24267
13752,0,-179,4294967.295,423936,376832,10672,33280,17166,2302,26786
13757,0,0,0.000,462848,391168,16240,33466,-41011,4238,106780
13762,0,-1074,-1074.000,462848,326656,30856,33594,-49651,2214,114101
13767,0,-805,2599757.056,462848,333824,29232,33552,-55457,1154,118241
13772,0,-626,4294967.295,615424,354304,59160,34313,-63662,12770,162239
13777,0,-2506,4294967.295,615424,344064,61480,34928,-65417,6691,161825
13782,0,-1790,-1790.000,615424,377856,53824,35487,-52256,3500,141567
13787,0,-1432,-2168550.912,615424,409600,46632,36071,-38050,1716,120753
13792,0,-895,-895.000,615424,443392,38976,36473,-27700,891,103149
13797,0,-805,-805.000,615424,487424,29000,36728,-13988,458,79716
13802,0,-268,-268.000,615424,513024,23200,36837,14515,219,36706
13807,0,0,0.000,1208320,576512,143144,37774,12702,65625,168216
13812,0,0,2376108.032,1208320,607232,136184,39722,16144,34409,159762
13817,0,0,0.000,1208320,658432,124584,41706,32209,16911,134285
13822,0,0,0.000,1208320,710656,112752,43813,45577,8862,110988
13827,0,0,771500.992,1645568,777216,196736,45654,64315,71357,178075
13832,0,0,0.000,1645568,832512,184208,48675,64475,35078,168408
13837,0,-179,-179.000,1645568,912384,166112,51388,82135,18388,135365
13842,0,-984,-234871.008,1971200,999424,220168,53951,93311,59323,180808
13847,0,-984,-984.000,1971200,1103872,196504,57289,102456,29157,151337
13852,0,-1342,-1342.000,2148352,1219584,210424,60405,119152,33637,151677
13857,0,-1611,-1611.000,2148352,1347584,181424,63441,139072,17631,105793
13862,0,-805,-805.000,2148352,1515520,143376,66380,172601,8657,37155
13867,0,-268,-268.000,2148352,1635328,116232,68615,176295,4531,8552
13872,0,0,0.000,2148352,1754112,89320,70430,178705,2370,-18955
13877,0,984,-4294967.295,2148352,1888256,58928,71920,183387,1157,-52539
13882,0,716,-4294967.295,2419712,1980416,99528,73470,172394,28710,604
13887,0,1253,1253.000,2419712,2040832,85840,75032,143237,15051,17635
13892,0,1521,1521.000,2419712,2089984,74704,76461,110707,7390,40458
13897,0,0,4294967.295,2419712,2130944,65424,77478,77086,3867,65816
13902,0,268,268.000,2419712,2191360,51736,78245,63844,2021,66137
13907,0,-179,1101056.000,2419712,2231296,42688,78869,39231,988,82326
13912,0,-89,-89.000,2419712,2263040,35496,79235,21136,512,93595
13917,0,0,4294967.295,2419712,2291712,29000,79274,1216,258,107058
13922,0,0,0.000,2419712,2301952,15312,79044,12059,117,82297
13927,0,0,4294967.295,2419712,2349056,16008,78525,-17327,53,111860
13932,0,0,4294967.295,2446336,2357248,20184,77868,-32531,3830,130583
13937,0,0,4294967.295,2446336,2368512,17632,77362,5656,1872,75425
13942,0,89,89.000,2446336,2432000,3248,76797,-6426,974,86471
13947,0,0,4294967.295,2472960,2456576,3712,76214,-58,4074,79984
13952,0,0,0.000,2472960,2483200,-8816,75640,26494,1992,40330
13957,0,179,4294967.295,2472960,2531328,-13224,74868,27584,1037,34060
13962,0,0,4294967.295,2472960,2551808,-17864,73718,27562,537,28292
13967,0,0,4294967.295,2472960,2569216,-21808,72011,23385,256,26818
13972,0,0,-4294967.295,2446336,2579456,-30160,69772,14239,-2461,25373
13977,0,0,-4294967.295,2446336,2595840,-33872,67150,10510,-1302,22768
13982,0,0,-4294967.295,2446336,2608128,-30624,64132,-13345,-650,46853
13987,0,0,0.000,2472960,2577408,-23664,61567,-27356,2075,65259
13992,0,0,-4294967.295,2472960,2590720,-26680,58898,-26656,1081,58874
13997,0,0,0.000,2472960,2605056,-29928,55903,-22674,522,48649
14002,0,-89,-4294967.295,2472960,2627584,-35032,52861,-15193,266,33022
14007,0,-268,-268.000,2472960,2646016,-39208,49631,-10901,131,21324
14012,0,-89,-4294967.295,2472960,2675712,-45936,45872,493,56,-325
14017,0,0,-4294967.295,2472960,2706432,-52896,42145,13161,21,-23912
14022,0,-89,-89.000,2472960,2721792,-56376,38316,15857,0,-33917
14027,0,-358,4294967.295,2472960,2731008,-58464,34450,25060,0,-52281
14032,0,0,0.000,2419712,2754560,-75864,29421,30361,-4856,-76804
14037,0,-179,-4294967.295,2393088,2740224,-78648,24783,22513,-5901,-76378
14042,0,0,1693698.944,2393088,2731008,-76560,20096,21721,-2913,-78713
14047,0,-447,-447.000,2393088,2697216,-68904,15149,4784,-1539,-58539
14052,0,-1163,-1163.000,2291712,2668544,-85376,10369,-5371,-13563,-69636
14057,0,-89,-89.000,2291712,2698240,-92104,4395,30292,-6675,-118001
14062,0,-179,-179.000,2195456,2668544,-107184,-487,27068,-11727,-134739
14067,0,0,-4294967.295,2195456,2620416,-96280,-1905,11623,-6158,-109808
14072,0,0,0.000,2195456,2551808,-80736,-3329,15536,-3038,-108649
14077,0,-716,-2294078.976,1466368,2521088,-238960,-6193,-6736,-63838,-238417
14082,0,-179,-179.000,1350656,2434048,-245456,-9466,-36524,-48038,-218398
14087,0,-268,373088.000,1350656,2327552,-221328,-13327,-39726,-23628,-204441
14092,0,0,-569195.008,1350656,2258944,-205784,-16680,-69560,-12400,-152904
14097,0,358,-2955601.920,1245184,2139136,-202536,-19836,-94987,-18943,-127385
14102,0,89,-2122662.016,1245184,2008064,-172840,-22800,-120610,-9947,-105083
14107,0,268,-4294967.295,1245184,1896448,-147552,-25619,-116548,-4903,-56623
14112,0,0,4294967.295,1270784,1761280,-111128,-27676,-134448,439,-4356
14117,0,537,4294967.295,1270784,1652736,-86536,-29252,-132234,222,16446
14122,0,895,895.000,1270784,1561600,-65888,-30531,-119509,102,23090
14127,0,1521,1521.000,1270784,1473536,-45936,-31279,-107013,43,29798
14132,0,716,2077417.984,1270784,1374208,-23432,-31730,-112004,17,56842
14137,0,805,179.000,1258496,1355776,-22040,-32066,-63512,-989,9406
14142,0,1342,4294967.295,1245184,1302528,-12992,-32233,-58750,-2095,13525
14147,0,6712,4294967.295,1245184,1254400,-2088,-32230,-59221,-1106,24903
14152,0,8548,8548.000,1220608,1261568,-9280,-32317,-25772,-2522,-15825
14157,0,9176,3082435.072,1220608,1236992,-3712,-32275,-26851,-1331,-9136
14163,0,1879,4294967.295,1220608,1196032,5568,-32248,-46782,-706,20102
14168,0,-1342,-4294967.295,1184768,1164288,4640,-32403,-45371,-3223,12968
14173,0,-1700,-4294967.295,1184768,1144832,9048,-32504,-69376,-1700,45920
14178,0,-7734,-4294967.295,1184768,1168384,3712,-32579,-48228,-904,19361
14183,0,-5370,-5370.000,993280,1211392,-49416,-33337,-41045,-15779,-31332
14188,0,-7518,-4294967.295,993280,1191936,-45008,-34114,-11613,-8284,-67509
14193,0,-537,-537.000,993280,1198080,-46400,-34715,9558,-4356,-90673
14198,0,4206,-4294967.295,855040,1166336,-70528,-35777,7883,-13216,-114188
14203,0,7518,-4294967.295,824320,1123328,-67744,-36673,5060,-10335,-109477
14208,0,10322,-4294967.295,824320,1032192,-47096,-37449,-29857,-5428,-54688
14213,0,7956,7956.000,824320,968704,-32712,-38142,-41653,-2679,-29201
14218,0,2148,2148.000,824320,867328,-9744,-38578,-83318,-1414,34996
14223,0,0,4294967.295,870400,796672,16704,-38720,-104683,5886,68499
14228,0,984,984.000,870400,760832,24824,-38136,-94792,3076,81480
14233,0,-1879,4294967.295,870400,763904,24128,-37081,-63042,1608,50089
14238,0,-11499,-11499.000,878592,762880,26216,-35443,-54379,1953,51874
14243,0,-14309,-14309.000,878592,741376,31088,-33074,-28538,1018,26552
14248,0,-8511,4294967.295,878592,749568,29232,-30544,-1309,524,-3
14253,0,2595,4294967.295,878592,727040,34336,-27626,9374,251,-4763
14258,0,4922,-4294967.295,878592,712704,37584,-24236,8364,124,4984
14263,0,12150,-4294967.295,870400,679936,43152,-21129,-5267,-792,27290
14268,0,7845,4294967.295,870400,642048,51736,-18064,-12278,-401,41868
14273,0,3669,3669.000,870400,655360,48720,-14786,-17534,-218,51468
14278,0,-8178,-4294967.295,773120,659456,25752,-12918,-16662,-10203,29496
14283,0,-20822,4294967.295,665600,675840,-2320,-11918,-17121,-19446,5904
14288,0,-21716,-21716.000,665600,700416,-7888,-12039,6001,-10208,-25928
14293,0,-11613,-11613.000,665600,702464,-8352,-12161,4727,-5362,-25240
14298,0,3580,3580.000,531456,730112,-45008,-12471,11176,-20635,-65639
14303,0,8363,8363.000,531456,718848,-42456,-13089,14090,-10831,-69635
14308,0,10248,4239502.080,451584,694272,-54984,-13883,275,-13965,-69142
14313,0,0,1033817.024,409600,667648,-58464,-14872,-12416,-12505,-60920
14318,0,-268,-268.000,409600,628736,-49648,-15813,-31361,-6568,-34100
14323,0,-12122,-4294967.295,409600,591872,-41296,-16649,-43306,-3453,-14639
14328,0,-14499,4294967.295,305152,569344,-59856,-17509,-36065,-15716,-41300
14333,0,-21624,-4294967.295,305152,535552,-52200,-18405,-34585,-8250,-36020
14338,0,-15919,-4294967.295,305152,478208,-39208,-19154,-48136,-4332,-10226
14343,0,-11132,-4294967.295,305152,421888,-26448,-19775,-55205,-2139,8982
14348,0,3043,3043.000,305152,390144,-19256,-20120,-44556,-1131,5180
14353,0,8917,8917.000,305152,331776,-6032,-20244,-47861,-604,21585
14358,0,-268,-3317433.088,305152,272384,7424,-19860,-50558,-306,38122
14363,0,-5370,-5370.000,305152,215040,20416,-18949,-58969,-171,60436
14368,0,-19448,-2113901.952,6144,167936,-36656,-19255,-64407,-29141,8496
14373,0,-22002,4294967.295,3072,150528,-33408,-19902,-58177,-14722,7833
14378,0,-22137,-22137.000,3072,128000,-28304,-20495,-40712,-7728,-8087
14383,0,-11895,-4294967.295,0,105472,-23896,-20965,-38016,-4361,-6845
14388,0,0,4294967.295,0,90112,-17632,-21376,-36180,-2156,-2828
14393,0,1253,4294967.295,0,72704,-16472,-21637,-19484,-1138,-18625
14398,0,0,0.000,0,37888,-8584,-21748,-20712,-606,-9620
14403,0,-14356,4294967.295,0,-7168,1624,-21595,-28079,-308,8108
14408,0,-19171,-19171.000,0,-54272,12296,-21079,-39886,-171,31103
14413,0,-22513,-22513.000,0,-88064,19952,-20139,-43524,-101,43337
14418,0,-20277,-20277.000,0,-121856,27608,-18468,-43042,-62,52182
14423,0,-12178,-12178.000,0,-147456,33408,-16440,-40299,-37,57267
14428,0,-4206,-1338465.024,0,-176128,39904,-14006,-39450,-37,65348
14433,0,-1969,751644.992,0,-198656,45008,-11002,-37052,-37,71058
14438,0,-2237,4294967.295,0,-185344,41992,-8065,-14240,-37,48167
14443,0,-11811,370628.992,-4096,-173056,38280,-4962,6873,-403,26445
14448,0,-18265,3037244.928,-4096,-174080,38512,-1392,17028,-208,20092
14453,0,-19379,-19379.000,-4096,-197632,43848,620,7951,-118,36517
14458,0,-18998,-18998.000,-4096,-242688,54056,1450,-21722,-71,77228
14463,0,-15459,-15459.000,-10240,-260096,56608,2270,-25772,-770,82889
14468,0,-15165,-15165.000,-10240,-250880,54520,3135,-28320,-413,85975
14473,0,-4385,4294967.295,-10240,-221184,47792,3887,-11188,-228,62867
14478,0,-89,-89.000,-10240,-145408,30624,4654,21216,-123,20389
14483,0,89,89.000,-10240,-123904,25752,5494,59323,-74,-28077
14488,0,-16024,-1893897.984,-10240,-175104,37352,6272,24257,-49,19367
14493,0,-24921,-4294967.295,-10240,-227328,49184,7055,-17580,-37,73819
14498,0,-32346,-32346.000,-10240,-261120,56840,7687,-52543,-37,117070
14503,0,-28652,-28652.000,-120832,-202752,18560,7763,-21928,-9473,48251
14508,0,-8585,-4294967.295,-120832,-104448,3480,7838,22926,-4671,-11608
14513,0,2237,2237.000,-120832,-75776,-10208,7963,70798,-2457,-73043
14518,0,89,89.000,-120832,-119808,-232,8181,44246,-1299,-36297
14523,0,-15648,-4294967.295,-151552,-194560,9744,8238,-8159,-4043,26141
14528,0,-24530,-24530.000,-151552,-263168,25288,8076,-60609,-2127,93973
14533,0,-32217,-32217.000,-151552,-264192,25520,8014,-62996,-1126,96530
14538,0,-24026,-24026.000,-151552,-210944,13456,8081,-22594,-599,81414
14543,0,-15418,-1285502.976,-241664,-191488,-11368,8232,2730,-14056,-5866
14548,0,716,1295363.968,-241664,-157696,-19024,7955,43569,-7381,-54638
14553,0,-895,-895.000,-257024,-207872,-11136,7897,51463,-5337,-63423
14558,0,-13405,684686.016,-325632,-281600,-9976,7565,-15617,-13277,13206
14563,0,-36363,-556521.024,-325632,-368640,9744,6615,-74299,-6973,90658
14568,0,-38352,-38352.000,-356352,-356352,0,5663,-69250,-6832,78863
14573,0,-33871,-1207357.056,-356352,-332800,-5336,4870,-32818,-3592,32352
14578,0,-15397,-3335619.072,-356352,-299008,-12992,4545,11027,-1895,-19474
14583,0,-2327,-2327.000,-420864,-352256,-15544,4200,2753,-7623,-16773
14588,0,-3669,-3669.000,-489472,-408576,-18328,3610,-26392,-14478,11674
14593,0,-7808,-7808.000,-489472,-492544,696,2511,-71155,-7603,74362
14598,0,-15212,-15212.000,-489472,-529408,9048,1634,-90638,-3743,104800
14603,0,-15731,-15731.000,-580608,-563200,-3944,999,-90615,-15877,87670
14608,0,-19725,-19725.000,-580608,-514048,-15080,-199,-42330,-8335,27051
14613,0,-21336,4294967.295,-590848,-472064,-26912,-276,10499,-5513,-37687
14618,0,-20157,4294967.295,-590848,-504832,-19488,-204,8812,-2718,-28504
14623,0,-20191,-4294967.295,-590848,-501760,-20184,-131,36833,-1434,-57148
14628,0,-18774,-18774.000,-637952,-535552,-23200,-146,37602,-5967,-60948
14633,0,-17132,-18698.000,-637952,-583680,-12296,-41,24899,-2945,-37236
14638,0,-17454,-4294967.295,-637952,-623616,-3248,273,22650,-1551,-25625
14643,0,-18095,-18095.000,-637952,-680960,9744,599,6965,-826,3378
14648,0,-17027,4294967.295,-637952,-729088,20648,1117,-2135,-416,23900
14653,0,-19119,-19119.000,-637952,-794624,35496,1755,-24005,-228,61256
14658,0,-17794,-17794.000,-637952,-836608,45008,2493,-31843,-130,79344
14663,0,-15459,-4294967.295,-637952,-863232,51040,3407,-29984,-74,84431
14668,0,-16463,-4294967.295,-637952,-880640,54984,4308,-27367,-49,86659
14673,0,-14784,-4294967.295,-637952,-885760,56144,5229,-21447,-37,82820
14678,0,-14190,-4294967.295,-637952,-882688,60320,6269,-28882,-37,95471
14683,0,-16045,4294967.295,-637952,-904192,60320,7224,-24246,-37,91790
14688,0,-16149,-16149.000,-637952,-887808,56608,8206,-7551,-37,72365
14693,0,-17247,-17247.000,-637952,-882688,55448,9201,-414,-37,88338
14698,0,-18284,-18284.000,-637952,-903168,60088,10320,-11349,-37,81757
14703,0,-19275,-19275.000,-632832,-907264,62176,11365,-10442,500,83983
14708,0,-20105,-4294967.295,-649216,-931840,64032,12531,-23317,-1959,99880
14713,0,-20453,-20453.000,-649216,-947200,67512,13558,-30282,-1031,111352
14718,0,-21255,-21255.000,-649216,-968704,72384,14607,-43122,-550,130113
14723,0,-22197,-22197.000,-649216,-985088,76096,15654,-53426,-279,142936
14728,0,-22934,-22934.000,-649216,-996352,78648,16836,-57936,-154,153420
14733,0,-23020,152126.000,-671744,-988160,71688,17790,-54126,-2278,143604
14738,0,-23771,-23771.000,-671744,-976896,69136,18730,-50397,-1131,140241
14743,0,-24840,1181472.000,-671744,-972800,68208,19776,-44488,-604,132472
14748,0,-24961,4294967.295,-671744,-944128,61712,20690,-26105,-325,108507
14753,0,-23671,-2712380.928,-671744,-920576,56376,21622,-10615,-181,88613
14759,0,-23827,-23827.000,-671744,-906240,53128,22645,596,-101,75177
14764,0,-22634,4294967.295,-740352,-897024,35496,23378,11095,-6727,47779
14769,0,-21656,4294967.295,-740352,-899072,35960,24099,15593,-3318,35834
14774,0,-21175,-21175.000,-740352,-887808,33408,24922,30097,-1753,28233
14779,0,-19967,-19967.000,-740352,-888832,33640,25715,36558,-928,22797
14784,0,-19016,-19016.000,-740352,-857088,26448,26568,62915,-467,-9899
14789,0,-18076,-18076.000,-740352,-886784,33176,27393,48480,-257,12089
14794,0,-18434,-18434.000,-957440,-927744,-6728,27324,18669,-21226,1927
14799,0,-17662,4294967.295,-975872,-908288,-15312,26740,33586,-12764,-22158
14804,0,-16442,4294967.295,-975872,-957440,-4176,26238,-666,-6702,22728
14809,0,-17511,4294967.295,-1033216,-992256,-9280,25243,-22020,-8748,37983
14814,0,-18912,4294967.295,-1074176,-1019904,-12296,24143,-32979,-9461,44826
14819,0,-18076,-18076.000,-1074176,-1065984,-1856,23151,-54413,-4971,75708
14824,0,-18152,-18152.000,-1085440,-1094656,2088,22512,-60059,-3641,84659
14829,0,-18642,-4202377.984,-1085440,-1131520,10440,22422,-80151,-1800,120205
14834,0,-18964,-4294967.295,-1085440,-1205248,27144,22625,-81929,-953,131698
14839,0,-18947,4294967.295,-1085440,-1243136,35728,23045,-77867,-513,136640
14844,0,-19206,4294967.295,-1085440,-1258496,52432,23723,-96112,-259,172267
14849,0,-19690,4294967.295,-1085440,-1328128,54984,24484,-74849,-147,154317
14854,0,-20053,-4294967.295,-1074176,-1326080,57072,25411,-48882,937,131365
14859,0,-22333,-22333.000,-1074176,-1394688,72616,26622,-67884,446,167122
14864,0,-23416,-4294967.295,-1074176,-1378304,68904,27805,-32783,224,129492
14869,0,-25594,-4294967.295,-1162240,-1375232,48256,28711,-12944,-7911,89911
14874,0,-25015,-4294967.295,-1162240,-1362944,45472,29716,-11808,-3899,93492
14879,0,-26562,-4294967.295,-1162240,-1389568,51504,30659,-1068,-2056,83231
14884,0,-25414,-25414.000,-1162240,-1382400,49880,31610,10499,-1089,70991
14889,0,-24275,-24275.000,-1325056,-1398784,12296,32288,14159,-19737,30425
14894,0,-25015,18918.000,-1325056,-1390592,14848,32532,4429,-10359,42951
14899,0,-22949,3180.000,-1325056,-1406976,18560,32712,-12175,-5442,63447
14904,0,-22784,-961604.992,-1338368,-1393664,12528,32841,-4900,-4156,50269
14909,0,-22287,-310163.008,-1338368,-1418240,18096,32924,-23512,-2190,74532
14914,0,-22498,-22498.000,-1351680,-1437696,19488,33035,-35182,-2295,87705
14919,0,-21656,4294967.295,-1338368,-1433600,21576,33309,-23730,332,78615
14924,0,-22679,4294967.295,-1338368,-1445888,24360,33691,-20460,166,78511
14929,0,-21881,-21881.000,-1338368,-1453056,25984,34144,-11785,78,71913
14934,0,-21496,4294967.295,-1325056,-1438720,25752,34746,13964,1501,46534
14939,0,-20565,4294967.295,-1325056,-1466368,32016,35412,8823,781,58605
14944,0,-19327,-19327.000,-1325056,-1509376,41760,36140,-8652,402,86552
14949,0,-17643,-17643.000,-1325056,-1500160,39672,36969,9214,190,67427
14954,0,-16463,-16463.000,-1325056,-1546240,50112,37766,-16604,92,104482
14959,0,-16087,-16087.000,-1325056,-1573888,56376,38572,-32095,39,127043
14964,0,-17511,-4294967.295,-1325056,-1562624,53824,39469,-20425,12,113718
14969,0,-16567,-16567.000,-1325056,-1568768,55216,40287,-24396,0,119899
14974,0,-17662,-4294967.295,-1325056,-1554432,51968,41107,-14745,0,107820
14979,0,-18791,-18791.000,-1325056,-1538048,48256,42005,-4866,0,95127
14984,0,-17794,-17794.000,-1338368,-1484800,33176,42783,30430,-2032,45529
14989,0,-19517,4294967.295,-1338368,-1442816,23664,43508,59174,-1075,7998
14994,0,-21480,-4294967.295,-1338368,-1442816,23664,44225,51693,-540,16196
14999,0,-20549,-4294967.295,-1338368,-1417216,17864,44875,66116,-293,-3377
15004,0,-21271,-4294967.295,-1338368,-1415168,17400,45482,62100,-164,782
15009,0,-20421,-20421.000,-1325056,-1419264,22040,46107,46850,1289,21297
15014,0,-20501,-4294967.295,-1338368,-1413120,16936,46637,45049,-1236,18524
15019,0,-19223,-4294967.295,-1338368,-1412096,16704,47089,38198,-657,25595
15024,0,-18642,-2766882.048,-1338368,-1408000,18792,47527,21434,-333,44885
15029,0,-19604,-19604.000,-1325056,-1421312,21808,47908,14905,1721,54811
15034,0,-18895,-18895.000,-1325056,-1404928,18096,48323,21675,893,44744
15039,0,-18453,-1067705.024,-1325056,-1390592,14848,48717,27504,458,36061
15044,0,-19880,-19880.000,-1310720,-1418240,24360,49156,2948,2270,70568
15049,0,-19811,-504291.008,-1310720,-1402880,20880,49611,13689,1184,56802
15054,0,-19483,-19483.000,-1310720,-1389568,17864,50071,23867,612,44068
15059,0,-18929,-19949.000,-1310720,-1400832,20416,50587,16695,292,54308
15064,0,-20261,-25943.000,-1310720,-1395712,19256,51067,23706,146,46617
15069,0,-20902,-48508.000,-1310720,-1394688,19024,51562,27711,68,42875
15074,0,-20951,-20951.000,-1271808,-1404928,22736,52128,46495,5593,28369
15079,0,-19949,-20232.000,-1271808,-1378304,24128,52768,44028,2924,32868
15084,0,-19638,-17706.000,-1233920,-1387520,34800,53504,39116,5454,49188
15089,0,-19362,18103.000,-1209344,-1408000,45008,54302,65588,5969,20552
15094,0,-17586,-17586.000,-1209344,-1366016,35496,55248,56432,3122,34312
15099,0,-17794,2780336.896,-1209344,-1369088,36192,56143,57579,1630,34756
15104,0,-17228,-17228.000,-994304,-1382400,87928,57154,45703,31604,75305
15109,0,-17718,-17718.000,-994304,-1359872,82824,58857,54596,15529,87085
15114,0,-17266,-17266.000,-994304,-1366016,84216,60450,44200,8137,100466
15119,0,-17048,-17048.000,-913408,-1355776,100224,62031,40344,15830,121911
15124,0,-18895,4294967.295,-913408,-1349632,98832,63889,25427,7775,137294
15129,0,-18585,4294967.295,-864256,-1324032,104168,65572,20837,8845,148903
15134,0,-18095,-18095.000,-856064,-1294336,99296,67126,12518,5805,153904
15139,0,-18208,-4294967.295,-856064,-1231872,85144,68672,23958,2846,129858
15144,0,-17737,-17737.000,-856064,-1167360,70528,69856,35708,1484,104676
15149,0,-17473,-17473.000,-817152,-1093632,62640,70971,64234,5937,64969
15154,0,-15815,-4294967.295,-817152,-997376,40832,71895,85003,3105,27724
15159,0,-15940,-15940.000,-788480,-925696,31088,72726,103202,4404,612
15164,0,-14951,-14951.000,-788480,-862208,16704,73464,111406,2158,-21238
15169,0,-15093,-15093.000,-788480,-834560,10440,74046,109444,1125,-24958
15174,0,-15564,-15564.000,-720896,-829440,24592,74730,89697,7145,9625
15179,0,-15836,-4294967.295,-702464,-840704,31320,75414,75170,5822,26272
15184,0,-17586,-4294967.295,-702464,-844800,32248,76131,40310,3044,68069
15189,0,-17963,-17963.000,-702464,-867328,37352,76751,11394,1584,102709
15194,0,-18284,-18284.000,-660480,-886784,51272,77377,-12485,6047,108537
15199,0,-18208,-4294967.295,-660480,-858112,44776,78151,872,3164,122055
15204,0,-18453,-18453.000,-649216,-871424,50344,78871,-14631,2675,143846
15209,0,-17567,-17567.000,-649216,-869376,49880,79554,-19909,1303,98885
15214,0,-16003,-16003.000,-649216,-801792,34568,80246,21423,673,93391
15219,0,-14546,4294967.295,-601088,-771072,38512,80956,32484,4724,86984
15224,0,-13857,-4294967.295,-590848,-750592,29232,81657,52438,3603,58451
15229,0,-13405,-13405.000,-590848,-687104,21808,82213,57292,1882,46729
15234,0,-13055,-13055.000,-590848,-662528,16240,82650,53770,976,45120
15239,0,-13453,-13453.000,-570368,-651264,18328,83013,37281,2888,64060
15244,0,-14832,-4294967.295,-570368,-635904,14848,83272,24727,1506,73393
15249,0,-14380,-14380.000,-570368,-611328,9280,83436,21790,781,70926
15254,0,-15585,-15585.000,-570368,-589824,4408,83529,18795,375,69142
15259,0,-15397,-4294967.295,-570368,-560128,-2320,83550,28089,190,53141
15264,0,-16003,-16003.000,-570368,-547840,-5104,83398,26127,92,52167
15269,0,-14237,-14237.000,-570368,-496640,-16704,82956,53678,36,12574
15274,0,-13833,4294967.295,-570368,-481280,-20184,82473,61997,12,292
15279,0,-14047,-14047.000,-570368,-482304,-19952,81838,56661,0,5225
15284,0,-14023,-4294967.295,-570368,-428032,-32248,80886,88974,0,-40336
15289,0,-12772,-4294967.295,-570368,-440320,-29464,80136,78337,0,-27665
15294,0,-13643,-13643.000,-570368,-461824,-24592,79434,61836,0,-6994
15299,0,-13976,-13809.000,-570368,-459776,-25056,78615,58887,0,-5328
15304,0,-14665,4294967.295,-570368,-483328,-19720,78076,42077,0,16279
15309,0,-15093,4294967.295,-570368,-503808,-15080,77554,25749,0,36725
15314,0,-15480,-4294967.295,-570368,-518144,-11832,76898,527,0,68251
15319,0,-15522,-4294967.295,-570368,-541696,-6496,76294,-6323,0,76121
15324,0,-14903,4294967.295,-565248,-543744,-4872,75697,-9880,429,80705
15329,0,-14118,-14118.000,-570368,-529408,-9280,74824,-3535,-364,69079
15334,0,-12942,4294967.295,-570368,-528384,-9512,73917,-6541,-201,70946
15339,0,-12065,-12065.000,-570368,-523264,-10672,72975,-5623,-113,67926
15344,0,-10544,-10544.000,-556032,-517120,-8816,72153,-10178,1518,75790
15349,0,-9583,-4294967.295,-556032,-527360,-6496,71361,-13059,788,77924
15354,0,-10100,-4294967.295,-556032,-519168,-8352,70567,-9995,405,72210
15359,0,-8954,-4294967.295,-556032,-507904,-2784,69682,-30764,190,97662
15364,0,-7993,-7993.000,-463872,-541696,17632,68834,-31946,14155,118412
15369,0,-10962,-10962.000,-463872,-553984,20416,68809,-41917,7414,131142
15374,0,-10470,-10470.000,-463872,-544768,18328,68849,-71602,3637,171307
15379,0,-13197,-13197.000,-463872,-600064,30856,68854,-70191,1896,169901
15384,0,-12037,-12037.000,-463872,-587776,28072,68871,-60862,988,157805
15389,0,-11726,-11726.000,-463872,-576512,25520,68945,-51969,512,163534
15394,0,-11217,4294967.295,-417792,-567296,33872,69081,-42606,7272,145559
15399,0,-10766,4294967.295,-417792,-541696,28072,69389,-27322,3806,124783
15404,0,-10248,-10248.000,-417792,-506880,20184,69647,15559,1862,67102
15409,0,-8437,-8437.000,-417792,-431104,3016,69847,38416,966,34447
15414,0,-8732,4294967.295,-417792,-386048,-7192,69820,58359,500,4269
15419,0,-8695,-8695.000,-420864,-355328,-14848,69534,69042,-86,-39172
15424,0,-9102,-4294967.295,-420864,-297984,-27840,68701,87620,-54,-46759
15429,0,-8991,-4294967.295,-420864,-282624,-31320,67727,80769,-37,-44362
15434,0,-9879,-1437571.968,-424960,-279552,-32944,66351,70740,-455,-40831
15440,0,-9842,-9842.000,-424960,-262144,-36888,64508,60046,-247,-32426
15445,0,-10840,-10840.000,-424960,-275456,-33872,62728,39598,-140,-10742
15450,0,-11754,-11754.000,-424960,-295936,-29232,60765,26804,-76,2177
15455,0,-10766,-10766.000,-424960,-308224,-26448,59163,11417,-52,21298
15460,0,-10618,-10618.000,-424960,-327680,-22040,57697,424,-37,35233
15465,0,-10655,-10655.000,-580608,-355328,-51040,54687,-4189,-15149,4446
15470,0,-8991,-603764.992,-580608,-370688,-47560,50713,-19679,-7955,22832
15475,0,-8474,-8474.000,-580608,-403456,-40136,47315,-36662,-4183,43841
15480,0,-7697,-7697.000,-580608,-424960,-35264,43854,-53254,-2063,65092
15485,0,-8030,-8030.000,-580608,-468992,-25288,40954,-65016,-1094,80682
15490,0,-7771,2774735.104,-580608,-498688,-18560,38304,-76548,-584,96292
15495,0,-6802,-654585.024,-580608,-519168,-13920,36029,-80575,-315,87883
15500,0,-9028,-9028.000,-580608,-524288,-12760,33916,-66530,-164,87686
15505,0,-8141,-107629.000,-580608,-540672,-9048,32327,-63168,-96,86447
15510,0,-7734,-7734.000,-580608,-542720,-8584,31114,-48343,-62,70873
15515,0,-9139,-9139.000,-580608,-574464,-1392,30246,-52738,-37,81592
15520,0,-8695,-8695.000,-580608,-570368,-2320,29664,-36054,-37,63398
15525,0,-8215,115784.000,-809984,-559104,-56840,26762,-16490,-23794,-13588
15530,0,-7808,-7808.000,-809984,-562176,-56144,22489,-11085,-11709,-22570
15535,0,-7734,-3624.000,-809984,-560128,-56608,18859,206,-6150,-37955
15540,0,-6802,-2189.000,-809984,-567296,-54984,15538,6770,-3233,-46216
15545,0,-5459,-5459.000,-802816,-586752,-40832,12453,-16616,-638,-11763
15550,0,-3669,30722.000,-802816,-661504,-32016,10356,-23650,-345,1990
15555,0,-2237,5963.000,-802816,-704512,-22272,8937,-28917,-191,15582
15560,0,-2058,-1375542.016,-802816,-753664,-11136,8158,-68860,-105,76784
15565,0,-1969,-2163684.096,-802816,-838656,8120,7904,-70133,-66,86157
15570,0,-2685,-2685.000,-832512,-880640,10904,7772,-71235,-2930,89911
15575,0,-3401,3074885.120,-832512,-898048,14848,7896,-56456,-1451,67968
15580,0,-3043,-624473.984,-832512,-877568,10208,8103,-18532,-770,36843
15585,0,-3401,-3401.000,-905216,-868352,-8352,7975,2122,-7471,-2499
15590,0,-3938,-3938.000,-940032,-858112,-22736,7405,31061,-8060,-46392
15595,0,-3759,-3759.000,-940032,-833536,-24128,6667,41847,-4234,-59308
15600,0,-4296,4294967.295,-948224,-830464,-26680,5864,49627,-3025,-70443
15605,0,-4564,4294967.295,-966656,-842752,-28072,4962,45083,-4068,-68193
15610,0,-3132,-4294967.295,-966656,-823296,-32480,3786,61308,-2012,-90002
15615,0,-3759,-3759.000,-957440,-849920,-24360,3056,47447,-225,-68751
15620,0,-2148,4294967.295,-957440,-875520,-18560,2407,33827,-120,-49980
15625,0,-3222,-3222.000,-957440,-914432,-9744,2099,12541,-71,-20186
15630,0,-3401,-3401.000,-957440,-946176,-2552,1982,-4303,-47,3733
15635,0,-3043,-4294967.295,-921600,-984064,14152,1981,-26863,4470,42996
15640,0,-2685,-2685.000,-921600,-1012736,20648,2133,-43845,2333,66626
15645,0,-2864,-2864.000,-887808,-1032192,32712,2387,-56846,4291,91945
15650,0,-2953,-2953.000,-887808,-1019904,29928,2674,-45635,2102,78237
15655,0,-3401,-3401.000,-887808,-1018880,29696,2795,-48779,1093,81270
15660,0,-3132,-3132.000,-887808,-998400,25056,2798,-40093,566,67947
15665,0,-2506,-2506.000,-740352,-920576,40832,2967,9879,17648,33920
15670,0,-2506,4294967.295,-740352,-918528,40368,3587,4325,9245,39630
15675,0,-2058,-4294967.295,-740352,-902144,36656,4175,8697,4841,32134
15680,0,-1432,-1432.000,-611328,-888832,62872,4971,42215,17578,14956
15685,0,-805,4294967.295,-611328,-815104,46168,5901,49512,9211,2557
15690,0,-358,-4294967.295,-590848,-792576,45704,6829,50522,6569,2011
15695,0,-89,-89.000,-590848,-770048,40600,7664,47068,3222,801
15700,0,-179,-4294967.295,-590848,-748544,35728,8431,38990,1682,5169
15705,0,0,-4294967.295,-590848,-718848,29000,8988,35949,871,2039
15710,0,0,4294967.295,-590848,-697344,24128,9409,1296,417,39487
15715,0,0,0.000,-590848,-712704,27608,9780,-9375,209,46763
15720,0,0,0.000,-590848,-697344,24128,9975,-16260,102,50363
15725,0,0,-4294967.295,-590848,-736256,32944,10209,-53793,39,96946
15730,0,0,-4294967.295,-590848,-730112,31552,10404,-54138,14,96094
15735,0,89,89.000,-590848,-716800,28536,10643,-46197,0,85376
15740,0,0,0.000,-590848,-722944,29928,10958,-47230,0,88116
15745,0,89,4294967.295,-590848,-715776,28304,11229,-41229,0,80762
15750,0,716,4294967.295,-96256,-707584,138504,13045,-34436,42211,185985
15755,0,179,4294967.295,-96256,-672768,130616,15231,-10247,20744,156094
15760,0,984,4294967.295,0,-636928,144304,17234,5209,25559,156329
15765,0,447,4294967.295,0,-579584,131312,19386,26242,13393,124456
15770,0,716,4294967.295,0,-503808,114144,21354,34366,6574,104578
15775,0,1074,1074.000,0,-448512,101616,23241,40367,3442,84490
15780,0,0,0.000,0,-365568,82824,24609,47206,1796,60227
15785,0,89,-4294967.295,0,-275456,62408,25661,37177,871,55880
15790,0,0,-4294967.295,0,-203776,46168,26485,48445,446,24208
15795,0,89,-4294967.295,0,-116736,26448,26907,55812,224,-2457
15800,0,89,89.000,0,-48128,10904,27074,53976,109,-31941
15805,0,1253,4294967.295,0,46080,-10440,26778,73322,43,-56984
15810,0,1790,1790.000,0,104448,-23664,25726,75066,17,-73004
15815,0,3580,-4294967.295,3072,158720,-35264,24201,82353,314,-105931
15820,0,7160,7160.000,3072,193536,-43152,22078,78474,156,-99548
15825,0,8178,-4294967.295,3072,210944,-47096,20078,74871,73,-101889
15830,0,9065,9065.000,3072,204800,-45704,17987,61033,31,-88750
15835,0,4654,4654.000,52224,132096,-18096,16007,1790,7036,-3879
15840,0,4296,4296.000,52224,104448,-11832,14977,-16960,3679,20105
15845,0,2685,2685.000,89088,78848,2320,14307,-34126,5993,76671
15850,0,-89,-89.000,89088,35840,12064,13804,-60070,2937,85938
15855,0,0,-4294967.295,89088,33792,12528,13314,-58762,1535,84604
15860,0,0,4294967.295,218112,45056,39208,13384,-48859,15053,101451
15865,0,179,179.000,218112,96256,27608,13807,-11991,7392,53406
15870,0,716,-4294967.295,218112,119808,22272,14125,-1986,3867,38383
15875,0,2058,4294967.295,318464,149504,38280,14605,6609,12416,46276
15880,0,3938,4294967.295,362496,150528,48024,15205,-9616,12395,72845
15885,0,2595,4294967.295,362496,156672,46632,15784,-22456,6491,84872
15890,0,2148,2148.000,394240,168960,51040,16335,-32944,6687,100319
15895,0,1342,-4294967.295,394240,192512,45704,16819,-12875,3278,69201
15900,0,179,179.000,394240,267264,28768,17238,1055,1713,44951
15905,0,268,268.000,394240,320512,16704,17427,17785,891,16346
15910,0,984,984.000,518144,434176,19024,17568,77419,17045,-40827
15915,0,3222,-4294967.295,518144,474112,9976,17961,77924,8930,-49987
15920,0,4743,-2221122.048,574464,501760,16472,18379,70442,10510,-35591
15925,0,4564,-2469385.984,574464,513024,20416,18773,27252,5156,11937
15930,0,2506,2506.000,574464,484352,20416,18970,11,2700,39375
15935,0,1700,1700.000,855040,503808,79576,19715,-12783,30473,112074
15940,0,805,805.000,912384,526336,87464,20679,-24143,24174,99021
15945,0,626,-169002.000,912384,625664,64960,21768,19437,11877,67291
15950,0,1253,170476.000,1105920,701440,91640,23055,42536,25014,72159
15955,0,1163,-404521.984,1105920,784384,72848,24334,67952,12290,-50500
15960,0,8548,8548.000,1105920,937984,38048,25519,137236,6437,-73669
15965,0,9028,671808.000,1105920,999424,24128,26418,142158,3369,-91612
15970,0,9509,9509.000,1809408,1040384,174232,27448,117086,95991,86198
15975,0,9398,-48110.000,1809408,1059840,169824,30165,92691,50334,107298
15980,0,8363,8363.000,2057216,1095680,217848,33155,72060,50461,178943
15985,0,6354,6354.000,2195456,1166336,233160,36720,66747,42182,203133
15990,0,3222,3222.000,2195456,1284096,206480,39964,82720,22114,163724
15995,0,3043,3043.000,2527232,1424384,249864,43410,101389,43808,191885
16000,0,5996,-4294967.295,2582528,1677312,205088,47109,178831,28483,73366
16005,0,6802,4294967.295,2582528,1869824,161472,50089,207816,14934,3745
16010,0,8104,4294967.295,2638848,2062336,130616,52630,229251,13293,-46005
16015,0,9879,-4294967.295,2668544,2297856,83984,54807,265235,10261,-126444
16020,0,9435,9435.000,2668544,2436096,52664,56304,249905,5373,-140937
16025,0,9102,9102.000,2668544,2555904,25520,57259,225739,2810,-142960
16030,0,11301,11301.000,2668544,2671616,-696,57715,194299,1372,-137280
16035,0,11556,-4294967.295,2668544,2748416,-18096,57498,160460,710,-121058
16040,0,11952,-4294967.295,2668544,2814976,-33176,56181,131040,366,-108035
16045,0,13738,-4294967.295,2611200,2835456,-50808,53200,75916,-7039,-73524
16050,0,13476,13476.000,2611200,2859008,-56144,49137,44326,-3702,-51333
16055,0,12970,-4294967.295,2638848,2880512,-54752,45032,25519,566,-35239
16060,0,13453,-4294967.295,2638848,2924544,-64728,40326,34412,268,-58814
16065,0,13282,-4294967.295,2638848,2934784,-67048,36018,30453,134,-61483
16070,0,13357,-4294967.295,2582528,2948096,-82824,30910,34033,-5069,-85947
16075,0,14237,16296.000,2582528,2978816,-89784,25191,52496,-2500,-117089
16080,0,16965,16965.000,2582528,2989056,-92104,20070,58520,-1319,-130554
16085,0,18340,18340.000,2582528,2996224,-93728,14962,62605,-701,-141371
16090,0,19068,483110.016,2582528,2934784,-79808,9215,13081,-357,-83674
16096,0,16944,16944.000,2582528,2906112,-73312,4191,-7264,-196,-61857
16101,0,15794,1034326.016,2582528,2862080,-63336,-422,-37259,-110,-26499
16106,0,14309,14309.000,2582528,2821120,-54056,-1734,-60127,-66,4337
16111,0,8400,4294967.295,2582528,2829312,-55912,-2954,-50890,-42,-7976
16116,0,7956,7956.000,2582528,2836480,-57536,-4150,-40758,-37,-20928
16121,0,8917,9657.000,2582528,2894848,-70760,-5433,9053,-37,-85246
16126,0,12207,12207.000,2582528,2888704,-69368,-6544,10981,-37,-86893
16131,0,13714,13714.000,2582528,2866176,-64264,-7601,1365,-37,-73230
16136,0,14855,14095.000,2582528,2795520,-48256,-8679,-40839,-37,-16096
16141,0,12857,12857.000,2582528,2759680,-40136,-9590,-55710,-37,5984
16146,0,11358,4294967.295,2582528,2735104,-34568,-10430,-60655,-37,15657
16151,0,10618,10618.000,2582528,2757632,-39672,-11295,-29571,-37,-21396
16156,0,10990,10990.000,2582528,2780160,-44776,-12065,-4372,-37,-52469
16161,0,13168,13168.000,2582528,2801664,-49648,-12791,19082,-37,-81521
16166,0,19206,4294967.295,2582528,2806784,-50808,-13600,25106,-37,-89514
16171,0,19050,4294967.295,2582528,2752512,-38512,-14264,-10764,-37,-42012
16176,0,17756,-4294967.295,2582528,2693120,-25056,-14872,-47700,-37,7772
16181,0,14546,-4294967.295,2582528,2668544,-19488,-15472,-54011,-37,19051
16186,0,13500,13500.000,2554880,2681856,-28768,-16057,-40035,-4256,-4790
16191,0,15648,4294967.295,2554880,2718720,-37120,-16704,-7218,-2239,-46606
16196,0,17511,17511.000,2554880,2743296,-42688,-17437,11704,-1109,-71829
16201,0,18661,4294967.295,2554880,2740224,-41992,-18100,8663,-586,-68755
16206,0,18510,4294967.295,2554880,2718720,-37120,-18748,-7952,-315,-47916
16211,0,16755,4294967.295,2554880,2623488,-15544,-19413,-74608,-164,39651
16216,0,11471,11471.000,2554880,2629632,-16936,-20040,-67884,-96,30908
16221,0,12178,12178.000,2554880,2641920,-19720,-20688,-58819,-62,18411
16226,0,13999,13999.000,2554880,2677760,-30856,-21385,-19886,-37,-32355
16231,0,16526,16526.000,2527232,2702336,-39672,-22023,-10810,-4256,-50885
16236,0,16944,2086509.952,2527232,2693120,-37584,-22721,-15663,-2239,-44642
16241,0,15982,-423841.984,2527232,2638848,-25288,-23342,-49215,-1109,45805
16246,0,9398,610550.976,2527232,2545664,-4176,-23882,-101230,-586,73172
16251,0,8215,1115710.976,2527232,2523136,928,-24324,-103559,-315,80163
16256,0,8695,1197970.048,2341888,2528256,-42224,-25169,-61929,-19366,-11264
16261,0,12801,12801.000,2242560,2578432,-76096,-26238,-31969,-24375,-70365
16266,0,13667,-73852.000,2242560,2552832,-70296,-27524,-39324,-12791,-58496
16271,0,14475,14475.000,2242560,2514944,-61712,-28730,-53874,-6299,569
16276,0,9546,4116.000,1697792,2413568,-162168,-30174,-103938,-81246,-88404
16281,0,7070,7070.000,1697792,2386944,-156136,-32719,-101321,-42620,-87534
16286,0,4117,15995.000,1697792,2331648,-143608,-35432,-119864,-22361,-59176
16291,0,8769,5084.000,1697792,2364416,-151032,-38389,-63971,-11006,-125450
16296,0,11358,11358.000,1697792,2312192,-139200,-40927,-69319,-5782,-110808
16301,0,12291,12291.000,1753088,2215936,-104864,-43063,-112761,2519,-29071
16306,0,9472,8419.000,1753088,2064384,-70528,-44905,-152624,1313,37191
16311,0,6981,-2492.000,1753088,1992704,-54288,-46259,-144053,681,43506
16316,0,5191,5191.000,1753088,1974272,-50112,-47434,-93530,324,-4016
16321,0,11386,-17776.000,2148352,1951744,44544,-46982,-60162,53171,57724
16326,0,14095,-36569.000,2148352,1922048,51272,-43309,-38578,27875,46541
16331,0,15046,15046.000,2148352,1851392,67280,-38604,-54448,13696,83124
16336,0,12942,12942.000,2219008,1802240,94424,-33522,-64247,16650,125149
16341,0,10990,10688.000,2219008,1828864,88392,-27233,-33128,8171,94287
16346,0,10544,11158.000,2219008,1878016,77256,-22098,-1309,4277,56467
16351,0,10174,15966.000,2219008,1942528,62640,-17644,29650,2231,15346
16356,0,15307,16573.000,2219008,2092032,28768,-13844,107471,1088,-92547
16361,0,15773,52403.000,2171904,2159616,2784,-11916,121688,-3729,-130820
16366,0,15898,15898.000,2171904,2209792,-8584,-10813,117614,-1844,-138171
16371,0,16254,27072.000,2171904,2215936,-9976,-10224,85623,-975,-105823
16376,0,14095,2852.000,2171904,2203648,-7192,-10007,51773,-516,-68972
16381,0,11811,-4309.000,2124800,2213888,-20184,-10109,40425,-6185,-70718
16386,0,10692,-8519.000,2124800,2214912,-20416,-10342,33000,-3255,-63758
16391,0,10544,10544.000,2124800,2223104,-22272,-10539,36558,-1717,-69369
16396,0,10544,10544.000,2124800,2285568,-36424,-10678,80322,-853,-127424
16401,0,14475,9552.000,2124800,2292736,-38048,-10685,87080,-455,-135813
16406,0,15331,6565.000,2102272,2300928,-45008,-10803,94390,-2298,-150201
16411,0,16024,12481.000,2102272,2294784,-43616,-10931,91544,-1138,-116271
16416,0,15307,16997.000,2102272,2233344,-29696,-11095,42697,-606,-83488
16421,0,13809,9545.000,2102272,2193408,-20648,-11186,17888,-328,-49722
16426,0,12687,-41771.000,2035712,2161664,-28536,-11405,-16880,-8018,-17493
16431,0,9361,-134724.000,2035712,2132992,-22040,-11763,-10534,-4214,-23269
16436,0,8880,8880.000,1908736,2120704,-48024,-12521,-8664,-13060,-51881
16441,0,8326,-373263.008,1771520,2108416,-76328,-13414,3144,-22603,-95565
16446,0,10137,10137.000,1771520,2126848,-80504,-14681,21537,-11863,-116722
16451,0,10934,10934.000,1790976,2120704,-74704,-15670,34194,-4571,-124568
16456,0,12433,-136148.000,1790976,2070528,-63336,-16635,17016,-2259,-96987
16461,0,12801,12801.000,1790976,2030592,-54288,-17322,12725,-1194,-84335
16466,0,13453,-34539.000,1828864,1989632,-36424,-17659,11520,2600,-65603
16471,0,11839,11839.000,1828864,1883136,-12296,-17703,-37729,1269,7730
16476,0,12772,-2151267.072,1828864,1857536,-6496,-17402,-28939,659,5041
16481,0,11697,11697.000,1828864,1833984,-1160,-16962,-27069,339,73075
16486,0,9102,9102.000,1828864,1764352,14616,-16192,-54080,156,52504
16491,0,8178,8178.000,1828864,1770496,13224,-15382,-32416,73,30258
16496,0,8178,4294967.295,1662976,1774592,-25288,-15762,-14424,-13250,3374
16501,0,5280,-4294967.295,1662976,1755136,-20880,-16157,-17040,-6956,-19997
16506,0,4206,-4294967.295,1062912,1743872,-154280,-16612,-13311,-95220,-157581
16511,0,5101,4294967.295,1062912,1743872,-154280,-18662,-12554,-46829,-157131
16516,0,3401,4294967.295,846848,1713152,-196272,-21423,-10936,-48445,-206759
16521,0,5817,5817.000,846848,1673216,-187224,-24261,-16398,-25416,-195087
16526,0,4743,4294967.295,846848,1602560,-171216,-27028,-23810,-12505,-177042
16531,0,4206,4294967.295,439296,1515520,-243832,-30335,-43627,-51602,-230540
16536,0,626,4294967.295,352256,1383424,-233624,-33657,-76490,-40352,-190791
16541,0,0,4294967.295,352256,1256448,-204856,-37286,-88298,-19849,-153844
16546,0,0,0.000,352256,1115136,-172840,-40226,-107185,-10418,-105881
16551,0,179,179.000,141312,987136,-191632,-42755,-107896,-37659,-126491
16556,0,0,0.000,141312,819200,-153584,-45335,-133863,-18528,-115241
16561,0,0,0.000,79872,696320,-139664,-47848,-115573,-16094,-71939
16566,0,0,0.000,79872,536576,-103472,-49743,-136422,-8448,-16793
16571,0,89,4294967.295,79872,398336,-73080,-51319,-132670,-4163,8271
16576,0,268,268.000,79872,284672,-46400,-52285,-129836,-2195,31151
16581,0,179,-4294967.295,79872,190464,-25056,-52874,-118533,-1163,40603
16586,0,0,0.000,79872,109568,-6728,-53153,-106932,-584,47979
16591,0,0,641326.976,-28672,46080,-16936,-53428,-90179,-11561,19815
16596,0,0,428769.984,-53248,24576,-17632,-53670,-57637,-9590,-13665
16601,0,447,4030887.936,-53248,7168,-13688,-53846,-32462,-4727,-16812
16606,0,626,626.000,-53248,-6144,-10672,-53896,-11062,-2488,-53506
16611,0,0,-4294967.295,-114688,-33792,-18328,-53685,-6553,-10103,-65460
16616,0,-179,-4294967.295,-114688,-37888,-18328,-53801,13723,-4981,-85852
16621,0,-1163,-4294967.295,-130048,-58368,-16240,-53779,15605,-4112,-85624
16626,0,-1432,-1432.000,-130048,-84992,-10208,-53507,15846,-2164,-79561
16631,0,-537,-537.000,-130048,-132096,464,-52904,23958,-1075,-83601
16636,0,-537,-537.000,-273408,-152576,-27376,-53093,9466,-14495,-89935
16641,0,-268,-268.000,-273408,-225280,-10904,-53074,-18027,-7613,-45951
16646,0,-1163,-4294967.295,-273408,-320512,10672,-52652,-11590,-3753,-45245
16651,0,-2506,-2506.000,-273408,-360448,19720,-51696,-60357,-1976,28381
16656,0,-3490,-3490.000,-476160,-446464,-6728,-51246,-94758,-28235,36784
16661,0,-1700,-1700.000,-476160,-515072,8816,-51430,-84740,-13895,34006
16667,0,-1342,-1342.000,-476160,-537600,13920,-51337,-98659,-7298,61242
16672,0,-626,-626.000,-476160,-579584,23432,-50950,-100048,-3836,72530
16677,0,-1521,-1521.000,-476160,-615424,31552,-50087,-96307,-1897,75849
16682,0,-1700,4294967.295,-476160,-652288,39904,-48229,-86599,-1001,78274
16687,0,-2416,4294967.295,-476160,-670720,44080,-45934,-69743,-535,67889
16692,0,-4117,4294967.295,-476160,-700416,50808,-42498,-75492,-274,90066
16697,0,-2774,-2774.000,-720896,-742400,4872,-42026,-53748,-22437,16594
16702,0,-3311,4294967.295,-720896,-765952,10208,-41443,-40930,-11778,9695
16707,0,-895,-4294967.295,-720896,-803840,18792,-40084,-36146,-5799,14854
16712,0,-358,-4294967.295,-720896,-848896,29000,-38237,-40403,-3052,31166
16717,0,-716,-716.000,-985088,-880640,-23664,-36995,-35354,-34827,-25305
16722,0,-537,-537.000,-985088,-930816,-12296,-37284,-42158,-17137,-7422
16727,0,-1074,-4294967.295,-985088,-975872,-2088,-37406,-47333,-8997,7839
16732,0,-1163,-1163.000,-1379328,-1035264,-77952,-37887,-62594,-54297,-53245
16737,0,-2327,-2327.000,-1379328,-1079296,-67976,-39188,-68883,-26709,-36425
16742,0,-1342,892048.000,-1379328,-1141760,-53824,-40265,-77075,-14014,-17014
16747,0,-2864,-2864.000,-1379328,-1193984,-41992,-41141,-78005,-7361,-5128
16752,0,-7607,-822867.008,-1379328,-1278976,-22736,-41808,-92245,-3628,27701
16757,0,-6623,838454.976,-1698816,-1328128,-83984,-43186,-79818,-29185,-47352
16762,0,-9620,776729.984,-1717248,-1383424,-75632,-44380,-66324,-17632,-53688
16767,0,-11415,-1553720.064,-1717248,-1481728,-53360,-45425,-76330,-8680,-22455
16772,0,-9657,-1744493.952,-1717248,-1546240,-38744,-46033,-62101,-4561,-22676
16777,0,-10174,-10174.000,-1930240,-1609728,-72616,-46611,-46576,-29183,-72651
16782,0,-12687,-4294967.295,-1930240,-1700864,-51968,-47468,-50305,-14356,-49131
16787,0,-13084,-13084.000,-1972224,-1773568,-45008,-48105,-44717,-11124,-48396
16792,0,-17417,-17417.000,-2103296,-1871872,-52432,-48747,-63834,-21290,-37345
16797,0,-18095,-18095.000,-2103296,-1931264,-38976,-49472,-54631,-10474,-33817
16802,0,-18095,-4294967.295,-2149376,-2014208,-30624,-50045,-65991,-9434,-14678
16807,0,-16484,-16484.000,-2149376,-2099200,-11368,-50392,-80747,-4954,18987
16812,0,-13643,-4294967.295,-2149376,-2178048,2088,-50339,-70764,-2447,22513
16817,0,-15773,-15773.000,-2149376,-2247680,22272,-49579,-89342,-1292,62035
16822,0,-14427,-14427.000,-2420736,-2327552,-21112,-49433,-105670,-32669,35125
16827,0,-12518,-4294967.295,-2420736,-2387968,-7424,-49901,-107334,-16070,50009
16832,0,-13857,4294967.295,-2420736,-2440192,4408,-50162,-109973,-8436,64219
16837,0,-10027,4294967.295,-2757632,-2493440,-59856,-50786,-113209,-44146,2567
16842,0,-8215,-4294967.295,-2757632,-2527232,-45472,-51919,-113565,-21714,16174
16847,0,-9731,4294967.295,-2757632,-2618368,-31552,-52774,-116399,-11397,32073
16852,0,-10962,-10962.000,-2757632,-2667520,-20416,-53387,-106795,-5987,32992
16857,0,-12518,-4294967.295,-2757632,-2719744,-8584,-53897,-121815,-110923,-90770
16862,0,-13027,-13027.000,-3465216,-2818048,-146624,-56002,-110283,-58187,-92343
16867,0,-12235,-4294967.295,-3579904,-2859008,-163328,-58301,-84350,-43199,-137279
16872,0,-12065,-4294967.295,-3579904,-2976768,-136648,-60817,-103008,-21248,-94457
16877,0,-12235,-4294967.295,-3579904,-3063808,-116928,-62782,-93851,-11150,-85859
16882,0,-15117,-4294967.295,-3904512,-3181568,-163792,-64851,-99198,-41729,-129445
16887,0,-16045,4294967.295,-3904512,-3315712,-127136,-67198,-123490,-20528,-70844
16892,0,-14784,-14784.000,-3904512,-3454976,-101848,-68924,-113955,-10777,-56817
16897,0,-14023,-4294967.295,-3904512,-3591168,-70992,-70146,-116273,-5665,-24865
16902,0,-14071,4294967.295,-4076544,-3729408,-78648,-71032,-110019,-27403,-39661
16907,0,-17473,-17473.000,-4076544,-3885056,-43384,-71798,-124477,-14380,9295
16912,0,-19171,4294967.295,-4120576,-4014080,-24128,-72222,-123502,-12415,27152
16917,0,-17643,4294967.295,-4120576,-4136960,3712,-72140,-115906,-6116,47478
16922,0,-16860,-4294967.295,-4120576,-4225024,23664,-70583,-96364,-3218,49445
16927,0,-17069,4294967.295,-4120576,-4326400,46632,-67526,-92979,-1697,72085
16932,0,-19483,4294967.295,-4120576,-4429824,70064,-62713,-79520,-845,82695
16937,0,-18895,-18895.000,-4120576,-4484096,82360,-57272,-74723,-452,99811
16942,0,-19604,-19604.000,-4165632,-4536320,83984,-51511,-64660,-4913,97133
16947,0,-19275,-19275.000,-4120576,-4557824,99064,-45196,-39599,4020,97492
16952,0,-19240,-4294967.295,-4120576,-4559872,99528,-37097,-8457,2099,70888
16957,0,-19759,-19759.000,-4120576,-4562944,100224,-29383,12105,1093,58736
16962,0,-19500,-4294967.295,-4076544,-4549632,107184,-21489,37430,7285,48265
16967,0,-19119,4294967.295,-4076544,-4523008,101152,-12278,62789,3574,26085
16972,0,-15543,-4294967.295,-4076544,-4526080,101848,-4056,59943,1865,37849
16977,0,-11160,-11160.000,-4076544,-4534272,103704,1283,44269,908,17268
16982,0,-9879,-9879.000,-4076544,-4506624,97440,3256,45519,468,55177
16987,0,-9102,4294967.295,-3946496,-4497408,124816,5196,31314,13708,98698
16992,0,-13225,3781445.120,-3946496,-4485120,122032,7179,17969,7177,111242
16997,0,-13310,-13310.000,-3946496,-4447232,113448,9226,15731,3520,106943
17002,0,-16755,3326996.992,-3946496,-4379648,98136,10933,35250,1833,73819
17007,0,-19310,-19310.000,-3390464,-4287488,203232,12766,74011,80495,141987
17012,0,-17925,-17925.000,-3390464,-4242432,193024,16038,75250,39570,133812
17017,0,-18642,-18642.000,-2669568,-4152320,335936,19856,113013,90761,242779
17022,0,-18302,-18302.000,-2669568,-4063232,315752,24667,144970,47590,195449
17027,0,-17586,-4294967.295,-2669568,-3987456,298584,30222,146737,23391,182069
17032,0,-18843,-18843.000,-2669568,-3885056,275384,35163,156548,12258,153999
17037,0,-15752,-4294967.295,-2669568,-3774464,250328,39727,157443,6418,132612
17042,0,-14071,-14071.000,-2669568,-3639296,219704,44145,152336,3149,111513
17047,0,-16045,-4294967.295,-1106944,-3512320,544968,47853,141963,153405,450858
17052,0,-15773,-15773.000,-856064,-3366912,568864,53594,137442,114091,485016
17057,0,-15877,-4294967.295,-856064,-3103744,509240,61147,196089,56088,374298
17062,0,-13571,-4294967.295,-856064,-2843648,450312,68335,244627,29406,274020
17067,0,-13140,-13140.000,-585728,-2555904,446368,75073,290364,51669,231077
17072,0,-10905,-10905.000,-585728,-2265088,380480,81991,311742,25397,146321
17077,0,-9324,-9324.000,-550912,-1984512,324800,87651,307335,16691,105116
17082,0,-9139,-2803497.984,-550912,-1745920,270744,92486,283962,8750,79268
17087,0,-8880,-2327055.872,-550912,-1525760,220864,96395,248643,4294,64112
17092,0,-11217,1915769.984,-392192,-1298432,205320,100033,210960,16696,94393
17097,0,-13140,-13140.000,-359424,-1073152,161704,102660,201310,13144,63054
17102,0,-11867,-11867.000,-359424,-873472,116464,104928,180426,6452,40966
17107,0,-11047,-11047.000,-359424,-687104,74240,106371,181459,3376,-848
17112,0,-11811,-4294967.295,-359424,-539648,40832,107408,180323,1762,-32083
17117,0,-12263,-12263.000,-359424,-486400,28768,108149,121998,856,14919
17122,0,-13225,-4294967.295,-105472,-425984,72616,109307,97350,23562,84573
17127,0,-13357,-4294967.295,-105472,-388096,64032,110413,71624,12348,102821
17132,0,-13168,-4294967.295,-105472,-301056,44312,111436,86966,6062,68782
17137,0,-13809,-4294967.295,0,-238592,54056,112513,94195,12775,72374
17142,0,-9361,-4294967.295,0,-168960,38280,113449,106358,6694,-1081
17147,0,-9139,-9139.000,0,-53248,12064,114202,143444,3281,-17178
17152,0,-4922,-4922.000,0,10240,-2320,114666,147127,1716,-34781
17157,0,-5012,-4028272.128,0,68608,-15544,114770,145498,891,-46272
17162,0,-6712,-6712.000,0,72704,-16472,114346,96903,429,971
17167,0,-11245,-2074354.944,0,86016,-19488,113484,65554,219,28442
17172,0,-12716,-970564.992,0,100352,-22736,111894,38497,107,50661
17177,0,-14071,-14071.000,0,121856,-27608,109488,20470,43,61410
17182,0,-14356,-14356.000,0,147456,-33408,106737,12989,17,60340
17187,0,-13714,-13714.000,0,193536,-43848,103485,22604,0,-3471
17192,0,-8215,-8215.000,0,262144,-59392,99550,51853,0,-11695
17197,0,-7734,4294967.295,0,262144,-59392,95855,37739,0,-1276
17202,0,-7919,3898621.952,9216,224256,-48720,91872,298,1015,42854
17207,0,-9250,-9250.000,9216,197632,-42688,88327,-22996,524,68635
17212,0,-11301,2126567.040,27648,192512,-37352,85077,-27563,1835,75288
17217,0,-11386,4294967.295,79872,250880,-38744,81955,15834,6665,27377
17222,0,-9287,-9287.000,79872,283648,-46168,79343,37223,3488,-4048
17227,0,-7160,-7160.000,79872,305152,-51040,76637,48216,1821,-22619
17232,0,-4564,4294967.295,79872,297984,-49416,73655,7251,888,26036
17237,0,-8991,4294967.295,79872,196608,-26448,71159,-37568,456,82279
17242,0,-10990,4294967.295,79872,164864,-19256,68689,-59255,231,108688
17247,0,-11839,-11839.000,79872,156672,-17400,66154,-51384,104,96981
17252,0,-10027,-10027.000,135168,203776,-15544,63450,-27976,8483,75882
17257,0,-6891,-4294967.295,135168,229376,-21344,61597,-12382,4438,52635
17262,0,-5996,-4294967.295,135168,208896,-16704,59776,-55125,2172,106491
17267,0,-8400,909036.992,135168,168960,-7656,57909,-58601,1132,108854
17272,0,-9361,-9361.000,135168,191488,-12760,55886,-46427,585,89553
17277,0,-7734,4294967.295,135168,257024,-27608,53609,37556,278,-25061
17283,0,-2148,4294967.295,122880,360448,-53824,50650,58095,-1739,-61269
17288,0,-2237,-2237.000,122880,313344,-43152,47796,13379,-921,-8735
17293,0,-3669,-3669.000,82944,263168,-40832,44368,-26140,-4600,29676
17298,0,-8178,-8178.000,82944,256000,-39208,41050,-31292,-2417,33134
17303,0,-5638,-5638.000,82944,286720,-46168,37826,-5531,-1277,-2811
17308,0,-2864,1554332.032,73728,251904,-40368,34369,-27207,-1592,21208
17313,0,-5549,-5549.000,73728,145408,-16240,31616,-95940,-845,111316
17318,0,-7771,4294967.295,73728,132096,-13224,29062,-93691,-452,109529
17323,0,-7070,-7070.000,79872,191488,-25288,26449,-36949,405,38110
17328,0,-1432,-1432.000,86016,230400,-32712,23908,-7516,1083,-1288
17333,0,-716,4948.000,86016,197632,-25288,21676,-28894,561,25282
17338,0,-3490,16268.000,86016,157696,-16240,19621,-47976,268,51357
17343,0,-2774,-2774.000,89088,176128,-19720,17749,-27918,573,25947
17348,0,-1163,74137.000,89088,248832,-36192,15738,25886,292,-46340
17353,0,-89,-1465088.000,89088,199680,-25056,13447,-14699,136,3090
17358,0,-2506,4294967.295,61440,153600,-20880,11461,-49284,-3892,39865
17363,0,-4027,3605011.968,61440,145408,-19024,9013,-57110,-2051,47099
17368,0,-3132,4183230.976,55296,182272,-28768,6149,-16512,-1614,-10283
17373,0,-1521,-3504186.112,55296,219136,-37120,3280,-8561,-853,-25279
17378,0,-716,-716.000,55296,155648,-22736,753,-53116,-455,31133
17383,0,-1432,-4294967.295,3072,108544,-24360,-827,-71361,-5308,46174
17388,0,-3222,4294967.295,0,133120,-30160,-1511,-42663,-3204,10992
17393,0,-1342,-1342.000,0,179200,-40600,-2179,699,-1688,-43478
17398,0,-89,-89.000,0,176128,-39904,-2779,7733,-894,-50416
17403,0,-2595,-2595.000,-4096,90112,-21344,-3317,-41894,-1001,17233
17408,0,-4027,4294967.295,-4096,59392,-14384,-3743,-50626,-535,32499
17413,0,-5101,4294967.295,-4096,47104,-11600,-4121,-47081,-274,-1568
17418,0,-3580,4294967.295,-10240,95232,-23896,-4521,-1240,-977,-27177
17423,0,-2774,-2774.000,-10240,49152,-13456,-4836,-26977,-516,8685
17428,0,-3669,-3669.000,-22528,-18432,-928,-5092,-61126,-1385,55106
17433,0,-6265,-4294967.295,-22528,-14336,-1856,-5259,-46874,-733,39759
17438,0,-6265,-6265.000,-22528,38912,-13920,-5348,458,-396,-19726
17443,0,-3759,-3759.000,-151552,142336,-66584,-6076,77740,-11951,-150400
17448,0,0,0.000,-151552,104448,-58000,-6796,50040,-6280,-114836
17453,0,-89,-4294967.295,-151552,55296,-46864,-7447,20183,-3301,-74494
17458,0,-1074,-1074.000,-151552,17408,-38280,-8086,-10787,-1634,-31403
17463,0,-1700,-4294967.295,-289792,-3072,-64960,-8773,1296,-18248,-75029
17468,0,-716,4294967.295,-289792,11264,-68208,-9726,23626,-9581,-101560
17473,0,0,-4294967.295,-289792,8192,-67512,-10624,3373,-4722,-72793
17478,0,268,4294967.295,-380928,-128000,-57304,-11629,-53656,-13943,-15277
17483,0,0,4294967.295,-380928,-166912,-48488,-12640,-63386,-7325,2258
17488,0,-179,-179.000,-417792,-189440,-55216,-13771,-45624,-6968,-23363
17493,0,-537,-537.000,-417792,-144384,-61944,-14774,-5749,-3663,-70969
17498,0,-89,-89.000,-417792,-149504,-60784,-15684,7642,-1932,-84110
17503,0,0,4294967.295,-448512,-192512,-58000,-16591,-7184,-3582,-19616
17508,0,-1521,4294967.295,-444416,-304128,-31784,-17411,-64752,-1375,15557
17513,0,-4385,-4385.000,-444416,-346112,-22272,-18046,-73427,-728,33109
17518,0,-5549,-5549.000,-444416,-353280,-20648,-18605,-51154,-367,11901
17523,0,-2774,-4294967.295,-413696,-324608,-20184,-18975,-10110,3662,-29049
17528,0,-358,-4294967.295,-413696,-310272,-23432,-19081,20011,1911,-62524
17533,0,179,4294967.295,-413696,-340992,-16472,-19030,14171,930,-49673
17538,0,895,4294967.295,-413696,-396288,-3944,-18761,-8216,478,-14489
17543,0,89,4294967.295,-413696,-427008,3016,-18400,-15801,241,417
17548,0,-1163,-4294967.295,-289792,-484352,44080,-15793,-42216,10683,70503
17553,0,-1253,4294967.295,-289792,-474112,41760,-13307,-27207,5595,55660
17558,0,-626,-626.000,-289792,-462848,39208,-10929,-17098,2927,45377
17563,0,0,594777.984,-289792,-411648,27608,-8736,12840,1430,6032
17568,0,89,89.000,-289792,-396288,24128,-7169,10120,737,6839
17573,0,0,0.000,-289792,-385024,18328,-5852,12553,354,-77
17578,0,-1253,-1253.000,-289792,-357376,15312,-5099,5014,178,5199
17583,0,-2148,-2148.000,-4096,-354304,79344,-2341,-7631,33762,84634
17588,0,-179,-179.000,-4096,-275456,61480,815,35100,16589,27195
17593,0,89,89.000,-4096,-222208,49416,1831,58864,8688,-7617
17598,0,1700,-4294967.295,3072,-171008,39440,2791,79760,5393,-37529
17603,0,6265,-3097838.080,9216,-169984,40600,3757,57981,3579,-13624
17608,0,4385,-4294967.295,9216,-188416,44776,4603,27080,1867,22299
17613,0,1700,-4294967.295,9216,-203776,48256,5361,-1825,971,55442
17618,0,-1969,-1969.000,86016,-249856,76096,6158,-50248,12189,132502
17623,0,-3759,-3759.000,86016,-219136,69136,6995,-44052,6384,120183
17628,0,-4833,4294967.295,129024,-174080,68672,7813,-28584,8090,105069
17633,0,-447,-447.000,129024,-14336,32480,8634,67906,3969,-26792
17638,0,89,89.000,129024,61440,15312,9237,99140,2072,-74591
17643,0,1611,1611.000,321536,133120,42688,10095,125658,22351,-72875
17648,0,5728,-4294967.295,321536,164864,35496,11220,78796,10981,-20944
17653,0,3938,3938.000,321536,97280,50808,12180,39220,5749,23768
17658,0,0,-4294967.295,321536,77824,55216,13020,-884,3005,69120
17663,0,-89,-89.000,423936,81920,85608,13888,-48309,16115,147805
17668,0,-447,4294967.295,423936,99328,73544,14778,-34860,8444,123182
17673,0,-537,-537.000,423936,175104,56376,15516,-6013,4421,77905
17678,0,0,146908.992,600064,272384,74240,16137,82938,27355,-8013
17683,0,1163,1163.000,600064,404480,44312,17224,96914,14338,-35378
17688,0,2058,-142402.000,620544,458752,36656,18143,103994,9631,-49195
17693,0,3132,3132.000,620544,495616,28304,18928,100838,5041,-53606
17698,0,4654,4654.000,620544,464896,35264,19669,42513,2470,12420
17703,0,4296,4296.000,904192,479232,96280,20864,25290,30671,91854
17708,0,3938,3938.000,904192,526336,85608,22246,30706,16076,77148
17713,0,805,4294967.295,904192,575488,74472,23627,33138,7895,64961
17718,0,626,4294967.295,904192,646144,58464,24673,48962,4130,34175
17723,0,358,358.000,1481728,697344,177712,25775,45806,84775,157681
17728,0,358,358.000,1481728,777216,159616,28302,56891,41672,131027
17733,0,1074,-2899963.904,1545216,877568,151264,30664,79794,28425,102134
17738,0,2148,2148.000,1929216,994304,211816,33025,115836,65466,124185
17743,0,5280,-4294967.295,1929216,1142784,178176,36223,140632,34328,73767
17748,0,5012,5012.000,2148352,1265664,199984,39299,155790,40698,83493
17753,0,4296,4296.000,2148352,1381376,173768,42358,158498,20002,79424
17758,0,1969,2169089.024,2148352,1473536,152888,45344,128641,10483,69591
17763,0,1611,3928857.088,2148352,1586176,127368,47595,118899,5490,56064
17768,0,1432,1432.000,2817024,1709056,251024,49910,109651,92365,191515
17773,0,3759,3759.000,2817024,1849344,219240,52932,115055,48432,157117
17778,0,4743,-4294967.295,2817024,2003968,184208,55853,130236,25393,109825
17783,0,5459,5459.000,2817024,2155520,149872,58660,165544,12475,32548
17788,0,7518,7518.000,2817024,2344960,106952,60729,169239,6530,-1558
17793,0,5638,-4294967.295,3464192,2459648,227592,63483,152325,66269,138750
17798,0,5191,5191.000,3464192,2592768,197432,66887,143421,32575,120898
17803,0,3669,3669.000,3464192,2688000,175856,69730,115365,17075,130221
17808,0,4027,4294967.295,3464192,2805760,149176,72170,103546,8945,117800
17813,0,4654,4654.000,3464192,2983936,108808,74294,126530,4392,56572
17818,0,7428,-4294967.295,3464192,3115008,79112,75647,120104,2294,34655
17823,0,8622,-4294967.295,3464192,3247104,49184,76493,117419,1193,8258
17828,0,8622,-4294967.295,4789248,3372032,321088,77636,157925,167175,224095
17833,0,8991,8991.000,4789248,3558400,278864,80801,149296,87668,210369
17838,0,8732,8732.000,4789248,3690496,248936,84450,152990,45969,180396
17843,0,8695,2535444.992,4789248,3828736,217616,88357,169422,22592,128895
17848,0,8806,8806.000,4789248,3999744,178872,91522,164500,11840,105894
17853,0,9620,9620.000,4892672,4142080,170056,94394,156525,15615,107925
17858,0,10840,-4294967.295,4892672,4299776,134328,96735,165039,7666,59511
17863,0,11556,-4294967.295,4892672,4475904,94424,98622,151522,4013,41524
17868,0,11895,11895.000,4892672,4612096,63568,99686,132153,2092,31101
17873,0,12857,4294967.295,4892672,4760576,29928,100186,161080,1020,-42302
17878,0,13429,4294967.295,4892672,4933632,-9280,99753,139829,524,-49356
17883,0,13857,4294967.295,4892672,5037056,-32712,97556,116513,268,-51669
17888,0,14641,-4294967.295,4892672,5124096,-52432,93972,108871,124,-73533
17893,0,14118,-4294967.295,4892672,5224448,-75168,88693,93804,58,-80279
17898,0,14998,-4294967.295,4892672,5279744,-87696,82911,76914,24,-81699
17903,0,15438,-4294967.295,4892672,5315584,-95816,76531,49111,0,-66955
17908,0,14237,-4294967.295,4892672,5336064,-100456,69172,42215,0,-73499
17913,0,14237,-4294967.295,4892672,5335040,-100224,62260,21400,0,-59364
17918,0,16316,16316.000,4892672,5345280,-102544,55349,18359,0,-51563
17924,0,14475,14475.000,4892672,5331968,-99528,47761,2662,0,-54429
17929,0,16296,16296.000,4840448,5316608,-107880,40229,-7310,-4466,-60341
17934,0,16505,4294967.295,4840448,5304320,-105096,32990,-18348,-2205,-51213
17939,0,14309,14309.000,4840448,5258240,-94656,25443,-29272,-1167,-39941
17944,0,14309,4294967.295,4789248,5222400,-98136,18220,-39324,-4991,-40592
17949,0,14927,14927.000,4789248,5196800,-92336,10800,-45222,-2466,-33994
17954,0,13833,4294967.295,4789248,5155840,-83056,4512,-48240,-1302,-30304
17959,0,15627,15627.000,4789248,5133312,-77952,-453,-43134,-691,-35271
17964,0,16316,4294967.295,4789248,5092352,-68672,-1738,-47643,-350,-24890
17969,0,13643,-4294967.295,4789248,5047296,-58464,-3001,-52577,-193,-8888
17974,0,13253,13253.000,4789248,5011456,-50344,-4030,-55056,-110,682
17979,0,13253,13253.000,4789248,4976640,-42456,-4967,-60070,-69,12647
17984,0,13027,13027.000,4789248,4960256,-38744,-5873,-49766,-42,5149
17989,0,14927,14927.000,4789248,4946944,-35728,-6616,-42066,-37,-278
17994,0,14285,16073.000,773120,4934656,-942848,-6983,-31693,80459,-918138
17999,0,12914,15755.000,773120,4885504,-931712,-8345,-49364,-232776,-890693
18004,0,9546,9481.000,773120,4706304,-891112,-15948,-123089,-114461,-786120
18009,0,2864,3453.000,773120,4409344,-823832,-28028,-241530,-60037,-610330
18014,0,3043,3043.000,305152,4045824,-847496,-39654,-339603,-102903,-547547
18019,0,12744,12744.000,305152,3666944,-761656,-50273,-376368,-50608,-430861
18024,0,17982,20000.000,178176,3135488,-670016,-61684,-455256,-39708,-276444
18029,0,10396,10396.000,178176,2603008,-549376,-71065,-518182,-20833,-102259
18034,0,268,367.000,178176,2048000,-412496,-79765,-583806,-10252,91545
18039,0,-179,19971.000,27648,1587200,-353336,-86218,-552664,-20980,113110
18044,0,10618,19949.000,12288,1299456,-291624,-91470,-449381,-13355,66287
18049,0,14570,-187144.000,12288,1014784,-227128,-95543,-387360,-7015,64689
18054,0,9583,9583.000,0,708608,-160544,-98939,-337618,-4732,78135
18059,0,626,626.000,0,471040,-106720,-101258,-314233,-2491,106255
18064,0,4027,4027.000,0,359424,-81432,-103011,-241323,-1316,56880
18069,0,4206,4206.000,0,247808,-56144,-104408,-189710,-657,29158
18074,0,5370,19361.000,0,182272,-41296,-105375,-148149,-355,1478
18079,0,2595,2595.000,0,123904,-28072,-106168,-127438,-193,-6802
18084,0,1163,1163.000,0,67584,-15312,-106844,-115378,-105,-6778
18089,0,805,202316.000,0,16384,-3712,-107350,-118671,-66,7609
18094,0,3401,1605112.064,0,-18432,4176,-107690,-114207,-42,5521
18099,0,1879,726577.024,0,-70656,16008,-107644,-114792,-37,23156
18104,0,2327,315504.992,0,-130048,29464,-107213,-125969,-37,48220
18109,0,358,358.000,0,-188416,42688,-106172,-134162,-37,58725
18114,0,89,1089341.056,0,-256000,58000,-103962,-137547,-37,91585
18119,0,716,4294967.295,-4096,-305152,68208,-101168,-134644,-623,101684
18124,0,179,179.000,-4096,-334848,74936,-97558,-117374,-315,102457
18129,0,1074,1074.000,-4096,-378880,84912,-92539,-104878,-174,97251
18134,0,2148,2148.000,-4096,-407552,91408,-87351,-91511,-101,95568
18139,0,1253,4294967.295,-4096,-427008,95816,-81551,-74517,-62,92540
18144,0,1342,1342.000,-4096,-446464,100224,-74655,-60185,-37,85754
18149,0,895,-4294967.295,-4096,-430080,96512,-68237,-31395,-37,59670
18154,0,1074,4294967.295,-4096,-408576,91640,-61178,-17935,-37,51877
18159,0,1521,4294967.295,-4096,-387072,86768,-54997,8169,-37,23602
18164,0,716,716.000,-10240,-344064,75632,-49101,33758,-860,-7227
18169,0,1074,1074.000,-10240,-302080,66120,-43658,53184,-455,-17258
18174,0,447,-544006.976,-10240,-276480,60320,-38161,54791,-232,-32632
18179,0,358,358.000,-62464,-249856,42456,-33705,60344,-7137,-51593
18184,0,447,2975252.992,-62464,-223232,36424,-29931,61480,-3516,-54987
18189,0,0,1315869.056,-80896,-212992,29928,-27003,55261,-3533,-52336
18194,0,268,268.000,-80896,-225280,32712,-24318,34813,-1863,-26419
18199,0,89,89.000,-80896,-207872,28768,-21604,36902,-928,-29738
18204,0,0,0.000,-191488,-235520,9976,-20712,10143,-10564,-20879
18209,0,0,0.000,-235520,-266240,6960,-20286,-16352,-11087,3026
18214,0,0,0.000,-235520,-285696,11368,-20045,-31911,-5462,-935
18219,0,-89,4294967.295,-399360,-284672,-25984,-20495,-27287,-17793,-19192
18224,0,0,0.000,-399360,-299008,-22736,-21027,-33357,-9339,-10406
18229,0,-268,-4294967.295,-399360,-308224,-20648,-21537,-29582,-4600,-12603
18234,0,-447,-447.000,-585728,-329728,-58000,-22508,-34218,-19393,-46290
18239,0,-984,-4294967.295,-585728,-351232,-53128,-23492,-35641,-10179,-40979
18244,0,-1253,-4294967.295,-585728,-362496,-50576,-24460,-23260,-5015,-51776
18249,0,-1253,-1253.000,-585728,-397312,-42688,-25184,-24809,-2640,-43063
18254,0,-537,-4294967.295,-671744,-430080,-54752,-25857,-19909,-12205,-60700
18259,0,-895,4294967.295,-671744,-474112,-44776,-26607,-4705,-6009,-70622
18264,0,-626,-626.000,-684032,-506880,-40136,-27110,-4579,-4209,-62667
18269,0,-2506,-2506.000,-740352,-566272,-39440,-27509,-10787,-9300,-56162
18274,0,-1879,831705.984,-740352,-594944,-32944,-27905,5461,-4581,-66310
18279,0,-4654,-4654.000,-768000,-657408,-25056,-28101,-4292,-4771,-48865
18284,0,-5907,-5907.000,-768000,-720896,-10672,-27912,-16271,-2510,-22313
18289,0,-4206,494252.992,-768000,-737280,-6960,-27232,7148,-1243,-41340
18294,0,-4922,4294967.295,-768000,-802816,7888,-26102,-9616,-660,-8598
18299,0,-4922,4294967.295,-768000,-869376,22968,-24575,-30007,-357,28400
18304,0,-3848,4294967.295,-768000,-877568,24824,-22470,-9077,-184,11431
18309,0,-4654,-4654.000,-768000,-936960,38280,-19998,-29375,-105,47657
18314,0,-6981,4294967.295,-1325056,-967680,-80968,-19613,-6989,-61619,-101248
18319,0,-5817,-5817.000,-1325056,-972800,-79808,-20828,-20368,-32327,-80268
18324,0,-6802,-6802.000,-1325056,-999424,-73776,-22052,-24109,-16961,-71719
18329,0,-7771,-4294967.295,-1379328,-1025024,-80272,-23300,-27769,-14349,-74542
18334,0,-6444,-6444.000,-1408000,-1075200,-75400,-24619,-34355,-11910,-65664
18339,0,-7607,-7607.000,-1408000,-1113088,-66816,-25693,-28538,-6255,-63971
18344,0,-8585,-8585.000,-1437696,-1166336,-61480,-26571,-25554,-6158,-32292
18349,0,-8437,-4294967.295,-1467392,-1260544,-46864,-27284,-43363,-7769,-30785
18354,0,-9583,-9583.000,-1467392,-1331200,-30856,-27699,-41206,-4085,-17349
18359,0,-10433,-4294967.295,-1482752,-1405952,-17400,-27863,-54826,-3609,14646
18364,0,-9694,4294967.295,-1482752,-1492992,2320,-27435,-48630,-1902,23515
18369,0,-10905,-10905.000,-1482752,-1564672,18560,-26110,-52830,-1006,45280
18374,0,-11188,4294967.295,-1529856,-1625088,21576,-24529,-55021,-5384,53152
18379,0,-11613,1217648.000,-1562624,-1666048,23432,-22779,-52198,-7522,52851
18384,0,-11867,-11867.000,-1562624,-1711104,33640,-21400,-65027,-3956,77267
18389,0,-12065,-511816.992,-1562624,-1734656,38976,-19937,-46232,-1956,59467
18394,0,-12235,-12235.000,-1562624,-1736704,39440,-18192,-60024,-1031,81272
18399,0,-12518,-14595.000,-1562624,-1748992,42224,-16658,-64740,-550,90306
18404,0,-13357,-13976.000,-1562624,-1771520,47328,-15005,-76949,-279,60264
18409,0,-13571,-13571.000,-1562624,-1733632,38744,-12933,-40070,-154,65881
18414,0,-13027,-13027.000,-1562624,-1729536,37816,-10977,-31877,-91,58716
18419,0,-12122,-178084.992,-1562624,-1709056,33176,-8819,-9903,-59,34260
18424,0,-10840,-229426.000,-1562624,-1660928,22272,-6356,30924,-37,-15008
18429,0,-10655,-603020.992,-1562624,-1640448,17632,-3902,52209,-37,-38479
18434,0,-10359,1165681.024,-2975744,-1623040,-306472,-5051,45554,-137278,-350813
18439,0,-9953,-385196.000,-2975744,-1673216,-295104,-8411,36431,-72005,-339946
18444,0,-9509,-566505.024,-2975744,-1724416,-283504,-12325,17854,-37769,-313683
18449,0,-9213,-1680524.032,-3503104,-1840128,-376768,-16681,-27195,-74451,-287259
18454,0,-12772,-4294967.295,-3820544,-2052096,-400664,-22120,-111522,-79188,-311262
18459,0,-14071,-4294967.295,-3820544,-2235392,-359136,-27431,-153267,-41539,-233300
18464,0,-14641,-14641.000,-3820544,-2462720,-307632,-32552,-185499,-20433,-155415
18470,0,-13738,-13738.000,-4256768,-2683904,-356352,-37639,-202791,-69224,-191200
18475,0,-12801,-4294967.295,-4256768,-2922496,-302296,-42220,-216997,-36312,-127519
18480,0,-12065,-12065.000,-4638720,-3162112,-334544,-46645,-220393,-58619,-99641
18485,0,-14142,-14142.000,-4638720,-3547136,-247312,-51305,-307004,-28831,8387
18490,0,-16275,-65073.000,-4638720,-3828736,-183512,-54864,-329850,-15130,91474
18495,0,-18642,-4294967.295,-4638720,-4063232,-130384,-57666,-323481,-7942,135431
18500,0,-21480,-4294967.295,-5272576,-4273152,-226432,-60269,-293659,-88921,6958
18505,0,-19431,4294967.295,-5272576,-4408320,-195808,-63315,-243756,-46646,-15367
18510,0,-18246,-4294967.295,-5328896,-4533248,-180264,-66244,-200003,-28069,-39950
18515,0,-17549,4294967.295,-5328896,-4690944,-144536,-69092,-182619,-14730,-31009
18520,0,-16358,4294967.295,-5328896,-4833280,-112288,-71199,-174690,-7730,-8797
18525,0,-15022,4294967.295,-5328896,-4969472,-81432,-72805,-168138,-3809,75771
18530,0,-18152,-18152.000,-5328896,-5184512,-32712,-73975,-213623,-2007,106936
18535,0,-17567,-17567.000,-5328896,-5297152,-7192,-74552,-199360,-1063,117616
18540,0,-18265,-18265.000,-4790272,-5437440,146624,-67261,-197123,48510,276486
18545,0,-20935,2202332.928,-4790272,-5523456,166112,-57428,-173588,25432,282272
18550,0,-20036,3407162.880,-4790272,-5572608,177248,-46365,-136319,13327,267202
18555,0,-20018,-20018.000,-4638720,-5564416,209728,-31308,-72313,20339,250733
18560,0,-18698,4294967.295,-4589568,-5525504,212048,-16933,-18555,16838,213670
18565,0,-18246,-18246.000,-4589568,-5457920,196736,-2719,30097,8823,163920
18570,0,-19586,-19586.000,-4589568,-5362688,175160,2840,68377,4326,109623
18575,0,-20614,-4294967.295,-4491264,-5245952,170984,5726,101768,14619,74942
18580,0,-22739,4294967.295,-4491264,-5133312,145464,8403,118980,7658,34887
18585,0,-23133,4294967.295,-4491264,-5006336,116696,10891,130925,3757,-3338
18590,0,-22889,-22889.000,-4396032,-4905984,115536,12854,129800,13933,-1410
18595,0,-22002,-22002.000,-4396032,-4835328,99528,14671,110902,7299,3297
18600,0,-20838,-20838.000,-4348928,-4736000,87696,16511,115434,7600,-11227
18605,0,-20001,-4294967.295,-4348928,-4716544,83288,18015,79105,3979,22198
18610,0,-18039,-18039.000,-4348928,-4714496,82824,19384,40608,2080,61600
18615,0,-18076,-4294967.295,-4348928,-4704256,72384,20799,43454,1015,49729
18620,0,-16316,-16316.000,-4348928,-4677632,74472,22057,18164,524,78365
18625,0,-16609,4294967.295,-4348928,-4669440,72616,23308,13046,268,82878
18630,0,-16776,-3985122.048,-2788352,-4656128,423168,26196,-1871,133337,457467
18635,0,-15689,-15689.000,-2788352,-4630528,417368,31789,30281,69921,418876
18640,0,-16024,-16024.000,-2788352,-4526080,393704,37817,86208,36660,345313
18645,0,-19068,-4294967.295,-2880512,-4380672,339880,43910,148447,11352,250994
18650,0,-22122,-22122.000,-2912256,-4212736,294640,50081,185900,1831,158821
18655,0,-25284,-4294967.295,-2912256,-4026368,252416,55018,221976,952,85458
18660,0,-23431,-4294967.295,-2912256,-3833856,208800,59198,230318,458,37111
18665,0,-22739,-22739.000,-2975744,-3667968,156832,62803,223445,-7249,-3810
18670,0,-17643,4294967.295,-2975744,-3554304,131080,65250,182205,-3809,14125
18675,0,-15397,-15397.000,-2975744,-3464192,110664,67120,130225,-2007,47559
18680,0,-14903,4294967.295,-2975744,-3321856,78416,68597,118165,-997,28848
18685,0,-14118,-14118.000,-2975744,-3236864,59160,69522,88847,-533,39835
18690,0,-15459,-15459.000,-3008512,-3166208,35728,70057,69042,-3086,36743
18695,0,-16923,4294967.295,-3008512,-3085312,17400,70456,71154,-1524,16702
18700,0,-16379,4294967.295,-3008512,-3038208,6728,70708,68698,-806,8738
18705,0,-14760,-14760.000,-3008512,-3004416,-928,70931,71670,-428,-1667
18710,0,-13881,-4294967.295,-3008512,-3005440,2784,71172,46104,-220,27852
18715,0,-14190,-4294967.295,-3008512,-3021824,3016,71469,45255,-125,29230
18720,0,-14784,-14784.000,-3008512,-3040256,7192,71791,33574,-74,45409
18725,0,-15093,-15093.000,-3008512,-3065856,12992,72160,17441,-47,67711
18730,0,-16045,-16045.000,-3008512,-3068928,13688,72526,18359,-37,67855
18735,0,-16191,-17027.000,-3008512,-3055616,10672,72890,30499,-37,53063
18740,0,-16860,-16860.000,-2555904,-3060736,109736,74076,40195,49985,143617
18745,0,-14760,-33107.000,-2342912,-3019776,153352,75985,54251,58706,175086
18750,0,-15397,-1508262.016,-2342912,-2993152,147320,78463,68055,30781,157728
18755,0,-14855,-1362258.048,-2342912,-2952192,138040,81018,87069,15124,132216
18760,0,-13168,-13168.000,-1698816,-2897920,271672,83802,106507,106206,248967
18765,0,-13168,-13168.000,-1698816,-2851840,261232,87492,110810,55693,237914
18770,0,-13571,-212764.992,-1698816,-2802688,250096,91475,145314,27373,182477
18775,0,-15752,-348903.008,-1698816,-2679808,222256,95733,142445,14350,175544
18780,0,-14713,-184598.000,-1698816,-2597888,203696,99283,133472,7517,169507
18785,0,-12659,18884.000,-847872,-2499584,374216,103001,160793,91840,303413
18790,0,-10285,210295.008,-847872,-2313216,331992,108138,166312,48156,273818
18795,0,-8659,-8659.000,-847872,-2157568,296728,112846,181344,25249,228230
18800,0,-8400,-18983.000,-524288,-1993728,332920,117460,205739,45927,237002
18805,0,-9287,-28345.000,-524288,-1813504,292088,122567,194288,24074,220367
18810,0,-11839,-11839.000,-524288,-1653760,255896,126809,189790,12617,192915
18815,0,-15331,-15331.000,-133120,-1480704,305312,130869,186818,46721,246792
18820,0,-15307,-15307.000,-90112,-1276928,268888,135353,195458,30646,208783
18825,0,-14499,-14499.000,-90112,-1056768,219008,139060,226187,16064,131881
18830,0,-12376,-82673.000,-90112,-838656,169592,142548,257409,7888,54731
18835,0,-11499,1935075.968,0,-625664,141752,145116,285396,17019,1472
18840,0,-7845,-3685363.968,0,-459776,104168,147336,283331,8918,-31827
18845,0,-5459,-5459.000,0,-355328,80504,149078,211316,4375,27001
18850,0,-8437,-8437.000,0,-289792,65656,150480,181688,2287,34448
18855,0,-4833,4294967.295,0,-206848,46864,151322,148183,1188,50003
18860,0,-2416,-3944406.016,0,-122880,27840,151805,138544,578,34874
18865,0,-1611,-4294967.295,0,-33792,7656,151994,111980,295,47670
18870,0,-2237,-2237.000,0,34816,-7888,151461,97878,146,45695
18875,0,-2774,-2774.000,12288,89088,-17400,150040,59885,1257,77073
18880,0,-5638,-5638.000,113664,100352,3016,148127,30694,14245,120449
18885,0,-6802,-6802.000,113664,132096,-4176,146719,11451,7465,131092
18890,0,-9028,-1163072.000,187392,155648,7192,145574,-7688,10820,160454
18895,0,-11613,-11613.000,187392,190464,-696,144061,-15250,5666,158615
18900,0,-10729,-10729.000,187392,244736,-12992,141979,-6966,2963,135953
18905,0,-9509,-9509.000,187392,310272,-27840,139137,11313,1445,99984
18910,0,-7607,-7607.000,555008,390144,37352,136870,40792,50053,133430
18915,0,-7428,-7428.000,555008,440320,25984,137303,50235,26242,113052
18920,0,-6802,2391533.056,794624,503808,68208,138319,58222,34709,148305
18925,0,-4564,-4294967.295,929792,542720,87696,139366,57384,36323,169678
18930,0,-3311,-3311.000,929792,623616,69368,140462,69616,19040,140214
18935,0,-1342,-1342.000,929792,760832,38280,141299,106954,9353,72625
18940,0,0,4294967.295,929792,877568,11832,141603,123202,4895,30233
18945,0,-89,-89.000,929792,948224,-4176,140881,99243,2558,37462
18950,0,-805,-805.000,1161216,1017856,32480,141095,71693,22321,101882
18955,0,-8843,-8843.000,1258496,1122304,30856,140860,79128,23928,92588
18960,0,-8880,-8880.000,1258496,1266688,-1856,140554,117281,12539,21417
18965,0,-6981,3377865.984,1406976,1423360,-3712,140310,163685,19672,-90443
18970,0,-447,-447.000,1406976,1569792,-36888,139359,191121,10310,-88650
18975,0,-268,-4294967.295,1406976,1591296,-41760,137706,144304,5397,-48358
18980,0,-984,-984.000,1406976,1606656,-45240,134836,102112,2644,-12516
18985,0,-1253,-1253.000,1662976,1648640,3248,132754,83672,33566,52330
18990,0,-626,-626.000,1662976,1731584,-15544,132129,97660,17595,18925
18995,0,0,0.000,1868800,1825792,9744,132285,123948,27961,34554
19000,0,89,4294967.295,1868800,1853440,3480,132247,85279,13737,50448
19005,0,-447,4294967.295,1868800,1898496,-6728,131495,66851,7197,57916
19010,0,-626,-4294967.295,2527232,1965056,127368,132858,62766,63720,197460
19015,0,-984,-984.000,2638848,2098176,122496,134681,98727,44477,158450
19020,0,-1521,-1521.000,2638848,2240512,90248,136287,140391,23317,86144
19025,0,-895,-895.000,2638848,2376704,59392,137564,170145,12221,26811
19030,0,-268,268.000,2638848,2540544,22272,138469,200748,6003,-40007
19035,0,1700,4294967.295,2638848,2647040,-1856,138846,197776,3139,-60786
19040,0,3848,3203953.920,3040256,2731008,70064,140034,180552,38186,29546
19045,0,4027,4027.000,3040256,2797568,63800,141260,118819,18764,86241
19050,0,0,0.000,3040256,2800640,54288,142108,83661,9833,112735
19055,0,-984,-995398.016,3040256,2849792,43152,142641,55743,5148,130050
19061,0,-2148,-2148.000,3040256,2932736,24360,142740,54412,2524,112688
19066,0,0,2792999.936,3040256,3062784,-5104,141987,89547,1318,47336
19071,0,1611,1611.000,3040256,3222528,-41296,139808,142445,686,-43933
19076,0,4564,6623.000,2847744,3369984,-118320,134213,172830,-22364,-156937
19081,0,3848,3848.000,2847744,3381248,-120872,126428,116880,-11741,-111324
19086,0,1342,2057223.040,2756608,3401728,-146160,116320,75537,-13946,-105377
19091,0,0,1127947.008,2726912,3425280,-158224,104019,41331,-10147,-95536
19096,0,268,268.000,2726912,3503104,-175856,91794,58509,-5330,-142571
19101,0,1432,4294967.295,2726912,3518464,-179336,79361,43580,-2806,-143555
19106,0,1879,-4294967.295,2446336,3501056,-238960,63391,17934,-32393,-193503
19111,0,1342,-4294967.295,2446336,3456000,-228752,47417,-11142,-16995,-170193
19116,0,1790,317798.016,2267136,3396608,-255896,29753,-32324,-24219,-193819
19121,0,6354,6354.000,2267136,3331072,-236872,11820,-51636,-11915,-173416
19126,0,6981,-527588.000,1790976,3075072,-290928,-1531,-166577,-78912,-125882
19131,0,2416,-417680.992,1790976,2883584,-247544,-5549,-228104,-41395,-24989
19136,0,1074,1581255.040,1610752,2759680,-260304,-10047,-231512,-40279,-38839
19141,0,2237,4294967.295,1610752,2664448,-238728,-14167,-210479,-21133,-42416
19146,0,3311,-3949602.048,1610752,2505728,-202768,-17892,-228873,-11092,8213
19151,0,2864,2864.000,1310720,2399232,-246616,-21795,-187404,-38621,-81007
19156,0,8843,8843.000,1208320,2328576,-253808,-25364,-134185,-35889,-144987
19161,0,10990,-1586822.016,1208320,2230272,-231536,-28884,-110065,-18831,-150355
19166,0,11301,-849843.968,1208320,2024448,-169128,-32364,-210089,-9268,8597
19171,0,5012,-59930.000,1084416,1828864,-168664,-35204,-225786,-23777,21918
19176,0,4027,-146654.000,1084416,1761280,-153352,-38039,-191546,-12481,155
19181,0,5638,5638.000,984064,1683456,-158456,-41050,-162492,-16546,-37014
19186,0,5280,-391798.016,1012736,1564672,-125048,-43625,-173956,-4312,5283
19191,0,3848,3848.000,1012736,1534976,-118320,-45879,-121104,-2269,-43095
19196,0,3669,4294967.295,665600,1572864,-205552,-48756,-27735,-37088,-226573
19201,0,11443,11443.000,665600,1577984,-206712,-51653,25232,-19461,-283597
19206,0,13334,13334.000,665600,1459200,-179800,-54442,-18004,-10218,-216238
19211,0,11924,11924.000,665600,1309696,-131080,-57184,-118441,-5035,-69823
19216,0,6623,-4294967.295,665600,1128448,-104864,-59348,-142687,-2649,-21525
19221,0,6265,6265.000,665600,1058816,-89088,-61158,-126910,-1397,-23336
19226,0,7697,4294967.295,665600,937984,-61712,-62697,-138189,-696,13780
19231,0,8548,4294967.295,665600,845824,-40832,-63684,-132624,-376,28108
19236,0,8252,4294967.295,665600,799744,-30392,-64334,-101080,-206,6354
19241,0,9250,-4294967.295,113664,783360,-151728,-65854,-25222,-53716,-199083
19246,0,13548,384964.992,113664,751616,-144536,-68090,-18211,-28182,-194415
19251,0,14190,997187.008,113664,627712,-116464,-69982,-61895,-14791,-124551
19256,0,11499,11499.000,12288,465920,-102776,-71863,-149125,-17127,-17549
19261,0,2327,2327.000,12288,363520,-79576,-73797,-146210,-8992,-7163
19266,0,1611,1611.000,12288,366592,-80272,-75401,-94391,-4727,-61282
19271,0,4654,4654.000,12288,382976,-83984,-76934,-4315,-2334,-165651
19276,0,12659,12659.000,18432,312320,-66584,-78039,-40471,-408,-104152
19281,0,12093,92756.000,18432,226304,-47096,-78842,-54551,-223,-71387
19286,0,10359,89694.000,43008,128000,-19256,-79313,-82790,2268,-12791
19291,0,6533,64550.000,43008,82944,-9048,-79565,-61826,1181,-26787
19296,0,7160,7160.000,43008,48128,-1160,-79634,-50558,610,-30236
19301,0,8030,-19268.000,86016,-28672,25984,-78752,-72876,4467,20108
19306,0,7845,-1079943.936,86016,-41984,29000,-77390,-56880,2333,8490
19311,0,7956,7956.000,86016,-39936,28536,-75807,-36054,1213,-11217
19316,0,10285,10285.000,110592,12288,22272,-73698,14595,2824,-66021
19321,0,12150,-117428.000,125952,22528,23432,-71548,28560,3535,-76676
19326,0,14166,14166.000,125952,40960,19256,-69283,43511,1845,-93538
19331,0,15141,15141.000,125952,1024,28304,-67040,6724,898,-45460
19336,0,12914,12914.000,168960,-30720,45240,-64845,-21848,6230,2243
19341,0,10766,26571.000,168960,-51200,49880,-62264,-41022,3256,28638
19346,0,8252,8252.000,193536,-57344,56840,-59119,-48114,3828,45835
19351,0,1521,-31.000,252928,-28672,63800,-56012,-28871,9467,36659
19356,0,1521,3942.000,252928,12288,54520,-52436,-1010,4953,3094
19361,0,8548,-5579.000,281600,74752,46864,-48147,42295,5036,-43578
19366,0,10803,-13107.000,281600,75776,46632,-44077,41354,2634,-38799
19371,0,12207,23211.000,281600,61440,49880,-40085,26907,1372,-17112
19376,0,13690,13690.000,281600,22528,58696,-35847,-8285,664,31134
19381,0,12631,15888.000,281600,41984,54288,-32354,-3913,341,25847
19386,0,11980,11980.000,281600,81920,45240,-29408,8697,170,7135
19391,0,8769,8769.000,281600,142336,31552,-26867,29248,73,-24563
19396,0,9213,9213.000,659456,207872,102312,-23007,49053,47536,30252
19401,0,9287,6164.000,659456,276480,86768,-16281,69467,24924,1020
19406,0,9250,9250.000,863232,319488,123192,-6564,63741,29641,52887
19411,0,10396,2864015.872,1258496,375808,199984,918,69203,65231,131699
19416,0,9768,1169671.040,1258496,417792,190472,3804,58968,34204,135308
19421,0,9472,9472.000,1610752,467968,258912,7658,45026,46877,221544
19426,0,9361,9361.000,1610752,576512,234320,11288,67849,24580,177759
19431,0,9694,9694.000,1610752,700416,206248,14661,84831,12883,136078
19436,0,9990,4294967.295,1610752,920576,156368,17852,151040,6328,23180
19441,0,11330,11330.000,2035712,1084416,215528,20626,171373,53398,64781
19446,0,11047,4294967.295,2035712,1241088,180032,23631,180369,28000,23294
19451,0,10322,-4294967.295,2035712,1429504,137344,26514,199382,13759,-35524
19456,0,11415,11415.000,2035712,1552384,109504,28688,185360,7209,-47168
19461,0,10905,10905.000,1497088,1721344,-50808,30051,205097,-78653,-225854
19466,0,14166,14166.000,1497088,1817600,-72616,26557,179749,-41260,-225808
19471,0,13976,13976.000,1497088,1903616,-92104,21606,160197,-21644,-230695
19476,0,14427,4294967.295,1497088,1937408,-183280,14430,119450,-65337,-288300
19481,0,17006,17006.000,1138688,1939456,-181424,2500,72117,-34275,-251041
19486,0,16484,16484.000,1138688,1878016,-167504,-2912,11818,-17986,-182234
19491,0,15331,15331.000,625664,1788928,-263552,-5844,-41263,-87137,-228133
19496,0,13643,13643.000,625664,1698816,-243136,-9381,-75251,-45706,-177266
19501,0,12886,12886.000,625664,1583104,-216920,-12984,-107323,-23982,-122581
19506,0,12772,4294967.295,625664,1456128,-190936,-16667,-114850,-11802,-92753
19511,0,12829,12829.000,625664,1332224,-160080,-19579,-132085,-6197,-47574
19516,0,13785,13785.000,387072,1210368,-186528,-22378,-131580,-29627,-77326
19521,0,13225,2983427.072,387072,1063936,-153352,-25065,-146348,-14576,-29300
19526,0,13310,13310.000,387072,906240,-117624,-27564,-164271,-7654,19083
19531,0,11443,-2016803.968,387072,791552,-91640,-29400,-155527,-4024,34487
19536,0,10840,-4294967.295,311296,707584,-89784,-31074,-102457,-12830,-26057
19541,0,11839,-4294967.295,311296,690176,-85840,-32531,-73174,-6739,-45197
19546,0,12574,4294967.295,314368,648192,-75632,-33770,-47459,-3201,-61943
19551,0,13055,13055.000,314368,654336,-77024,-34970,3534,-1583,-115528
19556,0,16965,16965.000,314368,620544,-69368,-35874,15697,-840,-120939
19561,0,17153,-4294967.295,311296,599040,-65192,-36685,28697,-792,-130574
19566,0,18265,-4294967.295,311296,558080,-55912,-37510,18715,-401,-112137
19571,0,18265,4294967.295,311296,525312,-48488,-38146,12840,-218,-99474
19576,0,17812,17812.000,311296,487424,-39904,-38709,527,-125,-79140
19581,0,18227,-4294967.295,311296,396288,-19256,-39224,-49881,-71,-8599
19586,0,14427,-4294967.295,311296,366592,-12528,-39597,-54585,-47,2460
19591,0,14309,4294967.295,301056,324608,-5336,-39874,-65360,-1094,20150
19596,0,13690,13690.000,301056,279552,4872,-40017,-76605,-550,41460
19601,0,10137,203299.008,301056,258048,9744,-40002,-71671,-296,41413
19606,0,10137,272563.008,294912,239616,12528,-39826,-66209,-801,38911
19611,0,9805,2621818.880,294912,229376,14848,-39434,-39496,-403,10502
19616,0,9250,4294967.295,294912,237568,12992,-38893,-33093,-220,7192
19621,0,9805,9805.000,294912,224256,16008,-38179,-30546,-125,8375
19626,0,10507,10507.000,291840,203776,19952,-37301,3281,-481,-32462
19631,0,10766,10766.000,291840,240640,11600,-36445,-1825,-259,-23020
19636,0,11273,-4294967.295,294912,229376,14848,-35500,-6059,173,-14593
19641,0,10544,-4247921.920,294912,206848,19952,-34638,18852,73,-46762
19646,0,10507,10507.000,294912,251904,9744,-33924,4750,31,-28930
19651,0,9879,9879.000,294912,233472,13920,-33346,-15824,7,-3602
19656,0,9768,4294967.295,294912,214016,6728,-32834,1193,0,-27299
19661,0,9250,9250.000,294912,241664,12064,-32383,-21906,0,1587
19666,0,11499,11499.000,294912,218112,17400,-32031,-45038,0,30407
19671,0,13738,13738.000,281600,209920,16240,-31723,-54688,-1905,13646
19676,0,14095,14095.000,281600,208896,16472,-31497,-58292,-948,43267
19681,0,15438,-4294967.295,281600,210944,16008,-31349,-60644,-508,45303
19686,0,16505,16505.000,246784,209920,8352,-31266,-62204,-4944,39290
19691,0,17228,17228.000,246784,197632,11136,-31227,-67253,-2442,47162
19696,0,17850,4294967.295,234496,204800,6728,-31209,-58601,-2481,34120
19701,0,14832,4294967.295,234496,259072,-5568,-31090,-11911,-1309,-24747
19706,0,13112,4294967.295,234496,247808,-3016,-30822,-9823,-655,-24015
19711,0,805,805.000,234496,265216,-6960,-30562,11818,-355,-49340
19716,0,0,-4294967.295,234496,262144,-6264,-30266,18439,-193,-54969
19721,0,11839,11839.000,234496,258048,-3712,-29932,15880,-105,-49524
19726,0,17680,17680.000,234496,261120,-6032,-29374,32564,-66,-67970
19731,0,29174,29174.000,291840,246784,10208,-28326,33150,7648,-51268
19736,0,24854,4294967.295,291840,194560,22040,-26605,26288,3750,-38741
19741,0,22197,4294967.295,318464,169984,33640,-24712,-15985,4382,24913
19746,0,6891,6891.000,318464,158720,36192,-22992,-29433,2287,42633
19751,0,-5549,-4294967.295,318464,163840,35032,-21671,-38004,1188,51365
19756,0,-8474,-8474.000,384000,181248,45936,-19517,-38165,6545,64584
19761,0,895,4294967.295,384000,276480,24360,-17806,16489,3422,-9935
19766,0,22934,4294967.295,384000,358400,5800,-16212,65336,1784,-75748
19771,0,26042,-4294967.295,405504,375808,6728,-14467,65451,2827,-73190
19776,0,20999,20999.000,405504,350208,12528,-12987,38623,1474,-39082
19781,0,3132,3132.000,405504,326656,17864,-11992,7355,764,-1483
19786,0,179,179.000,405504,333824,16240,-11127,-1159,366,6272
19791,0,3848,4294967.295,416768,349184,15312,-10430,-781,1599,5663
19796,0,12037,4294967.295,416768,380928,8120,-9643,16879,832,-18402
19801,0,13168,-4294967.295,416768,379904,8352,-8842,11979,400,-12469
19806,0,11301,4294967.295,416768,346112,16008,-8230,-17832,202,25610
19811,0,8400,8400.000,416768,366592,11368,-7741,-7941,97,11568
19816,0,6175,4294967.295,416768,372736,9976,-7245,-8503,36,11234
19821,0,15773,15773.000,412672,425984,-3016,-6871,25278,-503,-35165
19827,0,22408,-4294967.295,412672,452608,-9048,-6423,45324,-274,-60795
19832,0,20790,20790.000,412672,428032,-3480,-5997,48594,-145,-65282
19837,0,716,716.000,412672,381952,6960,-5704,-13311,-86,14567
19842,0,-2685,-2685.000,412672,348160,14616,-5675,-52290,-57,61231
19847,0,0,4294967.295,412672,387072,5800,-5622,-32956,-37,33134
19852,0,20389,20389.000,412672,478208,-14848,-5528,27975,-37,-48351
19857,0,28023,-4294967.295,412672,532480,-27144,-5419,70236,-37,-102799
19862,0,28777,-4294967.295,412672,473088,-13688,-5383,30074,-37,-88859
19867,0,7808,-4294967.295,412672,434176,-4872,-5397,-907,-37,-9362
19872,0,-4027,-4027.000,412672,372736,9048,-5418,-51912,-37,55542
19877,0,-18284,40180.000,412672,372736,9048,-5583,-79508,-37,89577
19882,0,-11443,-11443.000,412672,439296,-6032,-5573,-16857,-37,5252
19887,0,24153,64644.000,412672,536576,-28072,-5367,59094,-37,-92533
19892,0,40690,26035.000,412672,550912,-34800,-5149,87184,-37,-127133
19897,0,33011,33011.000,409600,491520,-18560,-4978,42410,-396,-65948
19902,0,89,89.000,409600,386048,5336,-4994,-41321,-218,41663
19907,0,-25042,-25042.000,409600,369664,9048,-5214,-72784,-118,79951
19912,0,-26905,-26905.000,409600,398336,2552,-5394,-52956,-71,50114
19917,0,-358,-4294967.295,409600,498688,-20184,-5546,15180,-47,-40910
19922,0,30375,30375.000,409600,573440,-37120,-5621,53356,-37,-91280
19927,0,33697,33697.000,412672,569344,-35496,-5740,72542,307,-113778
19932,0,16965,-1122534.016,412672,492544,-18096,-5873,18795,153,-42764
19937,0,-12914,-12914.000,419840,393216,6032,-6046,-19702,642,8543
19942,0,-16944,-16944.000,428032,400384,6264,-6309,-60541,1235,60496
19947,0,-8067,-4294967.295,428032,464896,-8352,-6526,-16145,642,1267
19952,0,9916,9916.000,428032,499712,-16240,-6656,9397,307,-30927
19957,0,14689,14689.000,428032,489472,-13920,-6793,12828,153,-33541
19962,0,16128,16128.000,439296,466944,-6264,-6920,-230,1791,-12954
19967,0,4922,4922.000,439296,465920,-6032,-7012,6299,871,-20735
19972,0,0,0.000,439296,441344,-464,-7089,-14860,446,7307
19977,0,-268,4294967.295,443392,449536,-1392,-7160,-8320,849,-232
19982,0,8141,8141.000,443392,476160,-7424,-7138,15467,439,-30029
19987,0,9472,9472.000,443392,468992,-5800,-7044,14687,207,-27531
19992,0,5280,4294967.295,443392,404480,8816,-6906,-31429,102,33339
19997,0,4743,4294967.295,443392,414720,6496,-6917,-29192,39,47319
20002,0,9953,9953.000,443392,476160,-7424,-6796,14320,14,-28540
20007,0,13197,13197.000,405504,495616,-20416,-6635,31520,-5420,-58571
20012,0,5101,923372.032,405504,487424,-18560,-6805,28261,-2852,-55758
20017,0,626,626.000,398336,463872,-14848,-7071,7251,-2156,-29170
20022,0,268,268.000,376832,418816,-9512,-7371,-31177,-4214,14294
20027,0,7070,4111136.000,376832,420864,-9976,-7755,-41103,-2083,25911
20032,0,10962,10962.000,365568,437248,-16240,-8157,-23191,-2269,-1206
20037,0,18133,-15150.000,365568,507904,-32248,-8490,34102,-1199,-74840
20042,0,12461,5346.000,365568,486400,-27376,-8740,33551,-599,-71806
20047,0,1790,-8954.000,376832,449536,-16472,-8904,12048,769,-37424
20052,0,-11075,-11075.000,365568,363520,464,-8976,-43581,-1221,35069
20057,0,-179,-179.000,365568,316416,11136,-9101,-76628,-650,78663
20062,0,9879,-3888.000,365568,344064,4872,-9077,-47345,-330,43140
20067,0,24194,24194.000,355328,417792,-14152,-8850,19816,-1648,-42818
20072,0,14951,14951.000,355328,404480,-11136,-8532,26276,-821,-45944
20077,0,6981,6981.000,348160,353280,-1160,-8123,3281,-1136,-12564
20082,0,-9620,-4294967.295,348160,306176,9512,-7624,-20953,-604,22841
20087,0,-12659,-12659.000,348160,280576,15312,-7066,-21802,-306,27351
20092,0,-9657,-4294967.295,318464,269312,11136,-6659,-34814,-3057,39291
20097,0,7993,7993.000,308224,287744,4640,-6492,-19140,-2986,17288
20102,0,21448,4294967.295,308224,312320,-928,-6283,-4590,-1478,-525
20107,0,21686,2255621.120,308224,318464,-2320,-5996,11738,-784,-20054
20112,0,12348,4294967.295,297984,312320,-3248,-5753,11405,-1795,-20406
20117,0,-1074,-1074.000,297984,287744,2320,-5633,-46,-894,-4891
20122,0,-3580,-3580.000,291840,274432,3944,-5613,-15583,-1036,13914
20127,0,-9213,4294967.295,291840,293888,-464,-5611,-1194,-550,-4881
20132,0,-8215,-4294967.295,291840,297984,-1392,-5458,5278,-279,-12128
20137,0,-1700,-1700.000,291840,305152,-3016,-5226,15238,-154,-23480
20142,0,2506,2506.000,291840,279552,2784,-4933,183,-91,-2332
20147,0,11895,-4294967.295,291840,264192,6264,-4644,-9352,-57,10972
20152,0,13904,4294967.295,294912,242688,11832,-4330,-24338,241,31840
20157,0,14499,14499.000,288768,252928,8120,-3998,-15331,-655,19453
20162,0,13225,-4294967.295,288768,253952,7888,-3555,-11096,-333,15429
20167,0,1521,-4294967.295,288768,252928,8120,-3138,-10247,-184,15229
20172,0,-2953,-2953.000,275456,253952,4872,-2675,-6116,-1780,8313
20177,0,-6175,-6175.000,275456,263168,2784,-2266,3166,-882,-2648
20182,0,-5728,-5728.000,269312,285696,-3712,-1804,25324,-1031,-30840
20187,0,-1611,4294967.295,269312,278528,-2088,-1276,25749,-550,-29113
20192,0,1074,1074.000,269312,252928,3712,-692,10499,-279,-7479
20197,0,2774,886913.024,256000,210944,10208,-320,-19450,-1290,29338
20202,0,14309,14309.000,249856,194560,12528,-11,-31923,-1456,44440
20207,0,14570,1336518.016,249856,211968,8584,27,-21355,-774,29966
20212,0,13140,13140.000,249856,214016,8120,34,-20150,-391,28304
20217,0,358,358.000,221184,221184,0,-61,-17522,-3819,17461
20222,0,-6891,-6891.000,221184,242688,-4872,-123,-16386,-1890,15335
20227,0,-6354,24609.000,190464,254976,-14616,-379,516,-3624,-15511
20232,0,-4385,-4385.000,190464,316416,-28536,-632,44005,-1907,-73173
20237,0,-179,-29416.000,190464,334848,-32712,-845,52232,-948,-84451
20242,0,-179,-179.000,110592,333824,-50576,-1404,63030,-7325,-115010
20247,0,537,537.000,110592,275456,-37352,-1888,25576,-3851,-64816
20252,0,4117,31799.000,110592,198656,-19952,-2356,-25440,-2027,3132
20257,0,4564,-3065.000,64512,174080,-24824,-2999,-35790,-4942,7967
20262,0,6086,-115468.000,58368,123904,-14848,-3547,-63753,-3326,45358
20267,0,1253,-104855.000,58368,86016,-6264,-4035,-81126,-1753,70827
20272,0,89,-561929.984,58368,41984,3712,-4391,-95355,-872,94676
20277,0,0,0.000,58368,9216,11136,-4586,-109790,-467,116340
20282,0,0,0.000,58368,7168,11600,-4563,-94356,-257,101393
20287,0,895,1739875.968,58368,-16384,16936,-4123,-87999,-137,100812
20292,0,1521,1521.000,6144,10240,-928,-3682,-49961,-6238,45351
20297,0,895,895.000,6144,43008,-8352,-3351,-6369,-3284,-5334
20302,0,179,227659.008,3072,2048,232,-2860,-19301,-1871,16673
20307,0,0,-487212.992,3072,9216,-1392,-2184,1709,-992,-5285
20312,0,268,268.000,3072,36864,-7656,-1307,36087,-528,-45050
20317,0,1790,1790.000,0,-10240,2320,-173,15100,-516,-12953
20322,0,1074,1074.000,0,7168,-1624,207,40516,-279,-41933
20327,0,2237,2237.000,0,2048,-464,566,51417,-154,-51315
20332,0,1969,-4294967.295,0,-41984,9512,1005,29271,-86,-18754
20337,0,805,805.000,0,-38912,8816,1461,41870,-57,-31593
20342,0,537,537.000,0,-50176,11368,1957,42857,-37,-29532
20347,0,716,716.000,0,-77824,17632,2509,27539,-37,-7398
20352,0,0,0.000,0,-68608,15544,3005,36546,-37,-17997
20357,0,89,-4294967.295,0,-65536,14848,3486,38772,-37,15858
20362,0,-89,-89.000,0,-90112,20416,3969,16156,-37,8229
20367,0,0,-1049635.968,0,-82944,18792,4373,17625,-37,5540
20372,0,89,89.000,0,-81920,18560,4764,14630,-37,8694
20377,0,0,993971.008,0,-91136,20648,5158,2742,-37,23064
20382,0,0,1262588.032,0,-94208,21344,5507,-2376,-37,29227
20387,0,0,0.000,0,-86016,19488,5837,573,-37,24752
20392,0,0,0.000,0,-90112,20416,6218,-2364,-37,28998
20397,0,0,4294967.295,0,-92160,20880,6563,-3477,-37,30920
20402,0,0,0.000,0,-87040,19720,6903,390,-37,26233
20407,0,0,-4294967.295,0,-75776,17168,7258,7389,-37,17037
20412,0,0,-4294967.295,0,-78848,17864,7577,4635,-37,20806
20417,0,0,0.000,0,-76800,17400,7870,3648,-37,21622
20422,0,0,0.000,0,-43008,9744,8138,22822,-37,-4940
20427,0,89,89.000,0,-34816,7888,8345,22708,-37,-6475
20432,0,179,179.000,-4096,-33792,6728,8518,17338,-623,-25159
20437,0,0,-4294967.295,-4096,-12288,1856,8664,27045,-315,-16525
20442,0,0,-4294967.295,-4096,1024,-1160,8753,30912,-174,-23319
20447,0,89,-4294967.295,0,10240,-2320,8801,23190,454,-14622
20452,0,0,0.000,0,4096,-928,8837,20918,229,-13009
20457,0,0,-4294967.295,0,3072,-696,8881,19174,109,-10989
20462,0,0,0.000,0,4096,-928,8961,20229,48,-12196
20467,0,-447,4294967.295,0,-34816,7888,9111,-5485,17,22484
20472,0,-89,-4294967.295,0,-44032,9976,9285,-7608,0,26869
20478,0,0,0.000,0,-61440,13920,9496,-14780,0,38196
20483,0,-984,-984.000,0,-111616,25288,9803,-42411,0,77502
20488,0,-984,-4294967.295,0,-119808,27144,10102,-41883,0,79129
20493,0,-537,-537.000,-4096,-124928,27376,10439,-38785,-550,76600
20498,0,-716,4294967.295,-4096,-160768,35496,10850,-56765,-279,103111
20503,0,-1879,-1879.000,-4096,-154624,34104,11226,-49525,-154,94855
20508,0,-2148,-2148.000,-10240,-149504,31552,11610,-41091,-916,84253
20513,0,-1790,4294967.295,-10240,-166912,35496,12060,-47069,-455,94625
20518,0,-2416,-2416.000,-13312,-160768,33408,12445,-39829,-550,85682
20523,0,-1969,-1969.000,-13312,-164864,34336,12840,-40540,-296,87716
20528,0,-1790,4294967.295,-13312,-162816,33872,13300,-34906,-154,82078
20533,0,-1432,-4294967.295,-13312,-161792,33640,13693,-34000,-91,81333
20538,0,-1163,4294967.295,-13312,-153600,31784,14069,-29490,-59,75343
20543,0,-805,-4294967.295,-13312,-121856,24592,14468,-7803,-37,46863
20548,0,-537,-537.000,-56320,-110592,12296,14617,-5176,-3948,32089
20553,0,-626,4294967.295,-68608,-89088,4640,14684,3144,-3729,16180
20558,0,-626,-626.000,-68608,-61440,-1624,14567,21790,-1844,-11895
20563,0,0,-4294967.295,-68608,-17408,-11600,14095,31474,-975,-28979
20568,0,-179,4294967.295,-87040,6144,-21112,13329,37085,-2835,-44868
20573,0,-1163,-1163.000,-87040,16384,-23432,12281,35961,-1404,-50832
20578,0,-447,-447.000,-99328,34816,-30392,10724,41079,-1868,-60747
20583,0,-1521,-1521.000,-126976,34816,-36656,9221,38302,-4466,-65737
20588,0,-3490,-3490.000,-126976,29696,-35496,7620,37131,-2352,-65007
20593,0,-5638,4294967.295,-130048,7168,-31088,6015,26162,-1448,-51235
20598,0,-3759,4294967.295,-157696,-18432,-31552,4847,20390,-4246,-47095
20603,0,-7070,-7070.000,-157696,-53248,-23664,3855,11979,-2234,-31788
20608,0,-4922,4294967.295,-157696,-75776,-18560,3085,13540,-1106,-29015
20613,0,-9028,782820.992,-241664,-115712,-28536,2387,7538,-11146,-33687
20618,0,-10877,-10877.000,-241664,-164864,-17400,1514,-6025,-5857,-9861
20623,0,-10470,-4294967.295,-260096,-208896,-18792,617,6712,-4466,-24887
20628,0,-10285,-4294967.295,-332800,-229376,-23432,-58,-10913,-11495,-12577
20633,0,-8843,-4294967.295,-332800,-278528,-12296,-311,-27092,-6041,14485
20638,0,-6981,-8991.000,-356352,-293888,-14152,-566,-17109,-4991,2391
20643,0,-7993,-7993.000,-356352,-352256,-928,-635,-41389,-2630,39826
20648,0,-6533,-4294967.295,-356352,-399360,9744,-459,-57626,-1387,66911
20653,0,-4027,4294967.295,-353280,-427008,16704,5,-57718,-428,74427
20658,0,-4564,4294967.295,-349184,-463872,25984,151,-69651,251,95786
20663,0,-1790,-1790.000,-349184,-492544,32480,408,-74826,124,107714
20668,0,-1700,4294967.295,-349184,-486400,37352,807,-71820,53,109979
20673,0,-1611,4294967.295,-349184,-510976,36656,1232,-55629,21,93517
20678,0,-4385,4294967.295,-349184,-496640,33408,1709,-33552,0,68669
20683,0,-5549,4294967.295,-343040,-482304,31552,2241,-30362,478,69555
20688,0,-8695,-8695.000,-343040,-486400,32480,2841,-12554,241,47875
20693,0,-9583,4294967.295,-343040,-482304,31552,3378,-6920,117,41850
20698,0,-9953,4294967.295,-343040,-476160,30160,3952,-2513,48,36625
20703,0,-9028,-9028.000,-343040,-448512,23896,4413,12679,19,15630
20708,0,-9176,-4294967.295,-343040,-429056,19488,4831,20413,0,3906
20713,0,-5817,4294967.295,-338944,-425984,19720,5261,14767,319,10214
20718,0,-2416,-4294967.295,-338944,-405504,15080,5619,23603,158,-2904
20723,0,-2864,-2864.000,-338944,-397312,13224,5942,23408,73,-4242
20728,0,-805,-4294967.295,-338944,-379904,9280,6241,19598,29,-1525
20733,0,-626,-626.000,-346112,-382976,8352,6470,19552,-787,-4730
20738,0,-89,-89.000,-346112,-371712,5800,6667,23063,-423,-10596
20743,0,-537,-537.000,-346112,-374784,6496,6868,16167,-218,-2803
20748,0,-537,453336.000,-363520,-358400,-1160,6990,25645,-2049,-19815
20753,0,-5996,-5996.000,-370688,-360448,-2320,7091,23855,-2176,-19084
20758,0,-12518,-12518.000,-370688,-362496,-1856,7177,23809,-1080,-18488
20763,0,-12348,-12348.000,-370688,-369664,-232,7288,22272,-579,-15216
20768,0,-14618,-14618.000,-370688,-395264,5568,7437,7607,-313,5398
20773,0,-13524,-13524.000,-370688,-408576,8584,7647,4280,-164,11951
20778,0,-12518,-12518.000,-467968,-427008,-9280,7568,-1159,-10845,-553
20783,0,-10507,-11221.000,-472064,-459776,-2784,7108,-18440,-6324,22764
20788,0,-10211,-148714.000,-472064,-468992,-696,6714,-16317,-3118,22335
20793,0,-9583,-9583.000,-472064,-503808,7192,6516,-32382,-1646,46090
20798,0,-8843,4294967.295,-480256,-527360,10672,6487,-40380,-2122,57539
20803,0,-7771,-4294967.295,-480256,-537600,12992,6521,-36559,-1055,56072
20808,0,-6354,-4294967.295,-480256,-555008,16936,6667,-38922,-562,62525
20813,0,-4027,-4294967.295,-480256,-549888,15776,6856,-25968,-306,48600
20818,0,-7070,-3938.000,-480256,-565248,19256,7109,-28205,-162,54570
20823,0,-8252,-4294967.295,-476160,-567296,20648,7371,-23237,329,51256
20828,0,-12093,-12093.000,-476160,-585728,24824,7648,-32887,166,65359
20833,0,-13643,-1963448.960,-476160,-592896,26448,7973,-34929,73,69350
20838,0,-14404,-14404.000,-476160,-611328,30624,8264,-47264,31,86152
20843,0,-13334,-13334.000,-476160,-582656,24128,8560,-25313,7,58001
20848,0,-10322,-13405.000,-476160,-579584,23432,8898,-22284,0,54614
20853,0,-11641,306223.008,-476160,-562176,19488,9199,-9329,0,38016
20858,0,-9842,-9842.000,-467968,-557056,20184,9503,-5990,1171,35677
20863,0,-10905,-10905.000,-467968,-563200,21576,9874,-10144,566,41594
20868,0,-5370,4294967.295,-467968,-538624,16008,10203,7676,288,18535
20873,0,-1432,-4294967.295,-467968,-523264,12528,10550,20424,144,2654
20878,0,-1611,4294967.295,-467968,-546816,17864,10950,5209,63,23605
20883,0,-1342,65495.000,-456704,-540672,19024,11382,14262,1118,16144
20888,0,-6086,-6086.000,-456704,-531456,16936,11868,28284,578,520
20893,0,-12433,-12433.000,-456704,-549888,21112,12409,19311,275,14210
20898,0,-12886,-39122.000,-456704,-572416,26216,12944,8651,136,30509
20903,0,-15331,-69466.000,-448512,-577536,29232,13500,9478,1162,33254
20908,0,-13595,-100219.000,-448512,-582656,30392,14144,9409,561,35127
20913,0,-12405,-12405.000,-448512,-571392,27840,14731,18979,288,23592
20918,0,-8806,-1150633.984,-444416,-572416,29000,15318,18634,693,25684
20923,0,-4654,-4654.000,-444416,-568320,24824,15921,27768,332,12977
20928,0,-2864,-4294967.295,-436224,-544768,24592,16474,30706,961,10360
20933,0,-3043,-4294967.295,-436224,-536576,22736,16968,29340,495,10364
20938,0,-8104,-4294967.295,-436224,-542720,24128,17408,24635,234,13921
20943,0,-7993,-4294967.295,-420864,-521216,22736,17888,23109,1508,17515
20948,0,-13168,-13168.000,-417792,-520192,23200,18283,13643,1196,27840
20953,0,-18020,-18020.000,-417792,-501760,19024,18688,17911,578,19801
20958,0,-18736,-188768.000,-417792,-495616,17632,19020,14905,295,21747
20963,0,-20549,-20549.000,-370688,-491520,27376,19377,11922,6462,34831
20968,0,-17027,-17027.000,-370688,-518144,33408,19868,8617,3164,38906
20973,0,-16985,3872459.008,-359424,-528384,38280,20471,-16719,2675,75470
20978,0,-10618,-10618.000,-359424,-562176,45936,21058,-38681,1391,105675
20983,0,-3490,4294967.295,-359424,-601088,54752,21704,-62640,720,120776
20988,0,-2953,-2953.000,-338944,-611328,61712,22526,-62744,2204,146982
20993,0,-2953,-4294967.295,-332800,-613376,63568,23298,-61619,1921,148485
20998,0,-9065,4294967.295,-332800,-580608,56144,24117,-34046,993,114307
21003,0,-11075,-11075.000,-332800,-586752,57536,25058,-34539,478,117133
21008,0,-16526,-16526.000,-332800,-565248,52664,25916,-16673,241,95253
21013,0,-19033,4294967.295,-332800,-526336,43848,26783,13826,117,56805
21018,0,-16107,4294967.295,-328704,-518144,42920,27714,16821,397,53813
21023,0,-15418,-15418.000,-328704,-475136,33176,28547,47160,200,14563
21028,0,-8400,-8400.000,-328704,-464896,30856,29323,49891,95,10288
21033,0,-1521,4294967.295,-299008,-449536,34104,30148,47103,2570,17149
21038,0,-1879,4294967.295,-299008,-451584,34568,30798,29306,1340,36060
21043,0,-2237,-2237.000,-299008,-467968,38280,31352,-609,690,70241
21048,0,-8141,-8141.000,-299008,-451584,41296,31934,-23455,329,96685
21053,0,-10174,-10174.000,-241664,-467968,51272,32545,-22927,6923,106744
21058,0,-15069,-15069.000,-241664,-441344,45240,33336,-1848,3623,80424
21063,0,-18698,4294967.295,-241664,-459776,49416,34268,-10798,1772,94482
21068,0,-19102,-19102.000,-241664,-434176,43616,35166,14985,922,63797
21073,0,-18434,4294967.295,-241664,-408576,37816,36086,40367,476,33535
21078,0,-13690,-4294967.295,-169984,-436224,60320,37369,25358,6340,72331
21083,0,-12518,-4294967.295,-163840,-443392,63336,38625,26644,4040,75317
21088,0,-8141,4294967.295,-163840,-452608,65424,39864,20998,2111,84290
21093,0,-7518,-4294967.295,-151552,-463872,70760,41073,6047,2145,106287
21098,0,-9139,-9139.000,-136192,-465920,74704,42337,-8274,2856,125315
21103,0,-11273,-4294967.295,-136192,-443392,69600,43456,-3649,1486,116705
21108,0,-12659,-12659.000,-136192,-440320,68904,44684,-9559,720,123147
21113,0,-16776,-16776.000,-123904,-407552,64264,45754,5209,1813,104809
21118,0,-19292,4294967.295,-123904,-389120,60088,46788,8996,942,97880
21123,0,-19292,20668.000,-102400,-381952,63336,47911,298,2172,110949
21128,0,-17586,13753.000,-99328,-342016,54984,48774,8502,1472,95256
21133,0,-17944,-17944.000,-99328,-284672,41992,49442,21652,764,69782
21138,0,-19050,-19050.000,-99328,-216064,26448,49883,31624,366,44243
21143,0,-16588,170162.000,-62464,-128000,14848,50091,51107,4255,13832
21148,0,-13928,39405.000,-62464,-64512,464,50171,57923,2224,-7288
21153,0,-7919,-7919.000,-62464,21504,-19024,49700,81538,1086,-50862
21158,0,-4833,-4833.000,-62464,32768,-21576,48793,62238,561,-35021
21163,0,-5370,-5370.000,-44032,39936,-19024,47287,39541,3100,-11278
21168,0,-9953,-9953.000,-44032,18432,-14152,45485,33873,1511,-14552
21173,0,-10064,-17187.000,-50176,30720,-18328,43110,-17442,107,42224
21178,0,-16567,-16567.000,-50176,14336,-14616,40818,-42904,48,69106
21183,0,-19846,-19846.000,-50176,15360,-14848,38800,-40517,17,64133
21188,0,-18912,-18912.000,-47104,16384,-14384,36879,-39198,336,61693
21193,0,-15501,-15501.000,-47104,33792,-18328,35292,-21183,168,38147
21198,0,-8806,640348.032,-47104,49152,-21808,33774,-6874,80,18840
21203,0,-5280,25219.000,-44032,75776,-27144,32116,15123,349,-10151
21208,0,-1074,9868.000,-37888,97280,-30624,30272,24199,1113,-24551
21213,0,-2416,-134.000,-37888,135168,-39208,27983,37785,578,-49010
21218,0,-2953,-2953.000,-37888,156672,-44080,24870,32771,275,-51981
21223,0,-10174,-10174.000,-28672,154624,-41528,21489,8422,1542,-28461
21228,0,-13357,-8323.000,-28672,190464,-49648,17969,16397,803,-48076
21233,0,-13282,-13851.000,-28672,224256,-57304,13815,24590,388,-68079
21238,0,-15982,-18521.000,-19456,235520,-57768,10061,25244,1511,-72951
21243,0,-16275,-16275.000,-19456,202752,-50344,6626,2008,786,-45726
21248,0,-11528,-15731.000,-19456,182272,-45704,3280,-2536,375,-39888
21253,0,-10322,-118475.000,-19456,131072,-34104,783,-23914,190,-9407
21258,0,-1790,4294967.295,-19456,103424,-27840,-426,-24602,92,-3664
21263,0,-805,4294967.295,-19456,74752,-21344,-822,-20414,36,-1752
21268,0,-1342,-4294967.295,-19456,25600,-10208,-1028,-31487,12,20251
21273,0,-5728,4294967.295,-19456,-25600,1392,-1086,-46564,0,46870
21278,0,-8548,-8548.000,-19456,-58368,9280,-889,-47574,0,55965
21283,0,-7808,-7808.000,-19456,-76800,12992,-299,-38257,0,50950
21288,0,-8252,4294967.295,-19456,-65536,10440,146,-12760,0,23346
21293,0,-10877,-4294967.295,-19456,-87040,15312,419,-14413,0,14773
21298,0,-13667,4294967.295,-19456,-118784,22504,632,-33828,0,56964
21303,0,-16003,-4294967.295,-19456,-118784,22504,632,-33828,0,56964
21308,0,-7518,-4294967.295,-19456,-118784,22504,632,-33828,0,56964
21314,0,-8880,-8880.000,-19456,-118784,22504,632,-33828,0,56964
21319,0,-9213,-9213.000,-19456,-118784,22504,632,-33828,0,56964
21324,0,-15188,-15188.000,-19456,-118784,22504,632,-33828,0,56964
21329,0,-31726,-31726.000,-19456,-118784,22504,632,-33828,0,56964
21334,0,-28306,4294967.295,-19456,-118784,22504,632,-33828,0,56964
21339,0,-44223,4294967.295,-19456,-118784,22504,632,-33828,0,56964
21344,0,-53497,-53497.000,-19456,-118784,22504,632,-33828,0,56964
21349,0,-37644,4294967.295,-19456,-118784,22504,632,-33828,0,56964
21354,0,-50650,4294967.295,-19456,-118784,22504,632,-33828,0,56964
21359,0,-54884,-54884.000,-19456,-118784,22504,632,-33828,0,56964
21364,0,-41928,-4294967.295,-19456,-118784,22504,632,-33828,0,56964
21369,0,-55826,-4294967.295,-19456,-118784,22504,632,-33828,0,56964
21374,0,-50073,-50073.000,-19456,-118784,22504,632,-33828,0,56964
21379,0,-45997,-45997.000,-19456,-118784,22504,632,-33828,0,56964
21384,0,-60535,-60535.000,-19456,-118784,22504,632,-33828,0,56964
21389,0,-55161,-55161.000,-19456,-118784,22504,632,-33828,0,56964
21394,0,-63975,-63975.000,-19456,-118784,22504,632,-33828,0,56964
21399,0,-58179,-58179.000,-19456,-118784,22504,632,-33828,0,56964
21404,0,-65930,4294967.295,-19456,-118784,22504,632,-33828,0,56964
21409,0,-65067,4294967.295,-19456,-118784,22504,632,-33828,0,56964
21414,0,-68575,-68575.000,-19456,-118784,22504,632,-33828,0,56964
21419,0,-70291,-70291.000,-19456,-118784,22504,632,-33828,0,56964
21424,0,-68636,-68636.000,-19456,-118784,22504,632,-33828,0,56964
21429,0,-68379,-68379.000,-19456,-118784,22504,632,-33828,0,56964
21434,0,-73788,-73788.000,-19456,-118784,22504,632,-33828,0,56964
21439,0,-72388,584571.008,-19456,-118784,22504,632,-33828,0,56964
21444,0,-73154,-5755.000,-19456,-118784,22504,632,-33828,0,56964
21449,0,-69308,-69308.000,-19456,-118784,22504,632,-33828,0,56964
21454,0,-75894,301192.000,-19456,-118784,22504,632,-33828,0,56964
21459,0,-73974,-1413581.952,-19456,-118784,22504,632,-33828,0,56964
21464,0,-78747,-78747.000,-19456,-118784,22504,632,-33828,0,56964
21469,0,-77812,-77812.000,-19456,-118784,22504,632,-33828,0,56964
21474,0,-75850,1116124.032,-19456,-118784,22504,632,-33828,0,56964
21479,0,-78747,2417767.936,-19456,-118784,22504,632,-33828,0,56964
21484,0,-78747,-1228855.040,-19456,-118784,22504,632,-33828,0,56964
21489,0,-78747,-78747.000,-19456,-118784,22504,632,-33828,0,56964
21494,0,-78747,-78747.000,-19456,-118784,22504,632,-33828,0,56964
21499,0,-78747,4294967.295,-19456,-118784,22504,632,-33828,0,56964
21504,0,-78747,-4294967.295,-19456,-118784,22504,632,-33828,0,56964
21509,0,-78747,-4294967.295,-19456,-118784,22504,632,-33828,0,56964
21514,0,-78747,-78747.000,-19456,-118784,22504,632,-33828,0,56964
21519,0,-78642,4294967.295,-19456,-118784,22504,632,-33828,0,56964
21524,0,-72481,-72481.000,-19456,-118784,22504,632,-33828,0,56964
21529,0,-68470,-68470.000,-19456,-118784,22504,632,-33828,0,56964
21534,0,-59086,-4294967.295,-19456,-118784,22504,632,-33828,0,56964
21539,0,-49125,-2924107.008,-19456,-118784,22504,632,-33828,0,56964
21544,0,-42186,-42186.000,-19456,-118784,22504,632,-33828,0,56964
21549,0,-37936,1645688.960,-19456,-118784,22504,632,-33828,0,56964
21554,0,-35264,-35264.000,-19456,-118784,22504,632,-33828,0,56964
21559,0,-32095,1979943.040,-19456,-118784,22504,632,-33828,0,56964
21564,0,-29807,3206855.936,-19456,-118784,22504,632,-33828,0,56964
21569,0,-28607,109815.000,-19456,-118784,22504,632,-33828,0,56964
21574,0,-27858,130886.000,-19456,-118784,22504,632,-33828,0,56964
21579,0,-25632,603145.984,-19456,-118784,22504,632,-33828,0,56964
21584,0,-22829,781918.016,-19456,-118784,22504,632,-33828,0,56964
21589,0,-19483,181266.000,-19456,-118784,22504,632,-33828,0,56964
21594,0,-16672,-16672.000,-19456,-118784,22504,632,-33828,0,56964
21599,0,-15117,-1445.000,-19456,-118784,22504,632,-33828,0,56964
21604,0,-14142,-14142.000,-19456,-118784,22504,632,-33828,0,56964
21609,0,-13595,-13595.000,-19456,-118784,22504,632,-33828,0,56964
21614,0,-12659,83662.000,-19456,-118784,22504,632,-33828,0,56964
21619,0,-11811,345630.016,-19456,-118784,22504,632,-33828,0,56964
21624,0,-11358,125934.000,-19456,-118784,22504,632,-33828,0,56964
21629,0,-11160,-308408.000,-19456,-118784,22504,632,-33828,0,56964
21634,0,-10174,374083.008,-19456,-118784,22504,632,-33828,0,56964
21639,0,-9213,-9213.000,-19456,-118784,22504,632,-33828,0,56964
21644,0,-8363,-8363.000,-19456,-118784,22504,632,-33828,0,56964
21649,0,-8363,-8363.000,-19456,-118784,22504,632,-33828,0,56964
21654,0,-8363,-8363.000,-19456,-118784,22504,632,-33828,0,56964
21659,0,-8363,1842712.960,-19456,-118784,22504,632,-33828,0,56964
21664,0,-8326,-8326.000,-19456,-118784,22504,632,-33828,0,56964
21669,0,-7808,298326.016,-19456,-118784,22504,632,-33828,0,56964
21674,0,-7808,4294967.295,-19456,-118784,22504,632,-33828,0,56964
21679,0,-7808,-7808.000,-19456,-118784,22504,632,-33828,0,56964
21684,0,-7845,-7845.000,-19456,-118784,22504,632,-33828,0,56964
21689,0,-7882,-7882.000,-19456,-118784,22504,632,-33828,0,56964
21694,0,-7919,-4294967.295,-19456,-118784,22504,632,-33828,0,56964
21699,0,-7919,-4294967.295,-19456,-118784,22504,632,-33828,0,56964
21704,0,-7919,-7919.000,-19456,-118784,22504,632,-33828,0,56964
21709,0,-7882,-7882.000,-19456,-118784,22504,632,-33828,0,56964
21714,0,-7845,-7845.000,-19456,-118784,22504,632,-33828,0,56964
21719,0,-7070,4294967.295,-19456,-118784,22504,632,-33828,0,56964
21724,0,-6802,-6802.000,-19456,-118784,22504,632,-33828,0,56964
21729,0,-6802,-4294967.295,-19456,-118784,22504,632,-33828,0,56964
21734,0,-6802,-6802.000,-19456,-118784,22504,632,-33828,0,56