R
Px,Ix,Dx,Py,Iy,Dy,Pz,Iz,FFrx,FFry,FFdrx,FFdry,satI,satPID,DTermC,GparamC,AparamC,KFQAng,KFQbias,KFRmeas,CPx,CIx,CPy,CIy,CsatI,CsatPID,CFFdrx,CFFdry,CFalpha,FFDTermC,IRelaxR,IRelaxE,DmaxR,DmaxE,DMx,DMy
45,15,20,45,5,25,350,10,0,0,0,0,7,200,10,10.0,64.0,0.000100,0.003000,50,30,0,30,0,75,300,0,0,0.995,10.000,300,100,300,100,25,25
sysTime,PIDRefX,PIDRefY,PIDRefZ,PIDSensX,PIDSensY,PIDSensZ,PIDPoutX,PIDIoutX,PIDDoutX
382.062,0.149,-0.595,1.000,0.375,105.222,10.823,-0.010,0.284,-1.129
382.068,0.149,-0.595,1.000,0.375,105.222,10.823,-0.010,0.284,-1.129
382.074,0.149,-0.595,1.000,0.375,105.222,10.823,-0.010,0.284,-1.129
382.080,0.149,-0.595,1.000,0.375,105.222,10.823,-0.010,0.284,-1.129
382.086,0.149,-0.595,1.000,0.375,105.222,10.823,-0.010,0.284,-1.129
382.092,0.149,-0.595,1.000,0.375,105.222,10.823,-0.010,0.284,-1.129
382.098,0.149,-0.595,1.000,0.375,105.222,10.823,-0.010,0.284,-1.129
382.104,0.149,-0.595,1.000,0.375,105.222,10.823,-0.010,0.284,-1.129
382.110,0.149,-0.595,1.000,0.375,105.222,10.823,-0.010,0.284,-1.129
382.115,0.149,-0.595,1.000,0.375,105.222,10.823,-0.010,0.284,-1.129
382.122,0.149,-0.595,1.000,0.375,105.222,10.823,-0.010,0.284,-1.129
382.128,0.149,-0.595,1.000,0.375,105.222,10.823,-0.010,0.284,-1.129
382.134,0.149,-0.595,1.000,0.375,105.222,10.823,-0.010,0.284,-1.129
382.140,0.149,-0.595,1.000,0.375,105.222,10.823,-0.010,0.284,-1.129
382.146,0.149,-0.595,1.000,0.375,105.222,10.823,-0.010,0.284,-1.129
382.152,0.149,-0.595,1.000,0.375,105.222,10.823,-0.010,0.284,-1.129
382.158,0.149,-0.595,1.000,0.375,105.222,10.823,-0.010,0.284,-1.129
382.163,0.149,-0.595,1.000,0.375,105.222,10.823,-0.010,0.284,-1.129
382.170,0.149,-0.595,1.000,0.375,105.222,10.823,-0.010,0.284,-1.129
382.176,0.149,-0.595,1.000,0.375,105.222,10.823,-0.010,0.284,-1.129
382.182,0.149,-0.595,1.000,0.375,105.222,10.823,-0.010,0.284,-1.129
382.188,0.149,-0.595,1.000,0.375,105.222,10.823,-0.010,0.284,-1.129
382.194,0.149,-0.595,1.000,0.375,105.222,10.823,-0.010,0.284,-1.129
382.200,0.149,-0.595,1.000,0.375,105.222,10.823,-0.010,0.284,-1.129
382.205,0.149,-0.595,1.000,0.375,105.222,10.823,-0.010,0.284,-1.129
382.211,0.149,-0.595,1.000,0.375,105.222,10.823,-0.010,0.284,-1.129
382.218,0.149,-0.595,1.000,0.375,105.222,10.823,-0.010,0.284,-1.129
382.224,0.149,-0.595,1.000,0.375,105.222,10.823,-0.010,0.284,-1.129
382.230,0.149,-0.595,1.000,0.375,105.222,10.823,-0.010,0.284,-1.129
382.236,0.149,-0.595,1.000,0.375,105.222,10.823,-0.010,0.284,-1.129
382.242,0.149,-0.595,1.000,0.375,105.222,10.823,-0.010,0.284,-1.129
382.248,0.149,-0.595,1.000,0.375,105.222,10.823,-0.010,0.284,-1.129
382.253,0.149,-0.595,1.000,0.375,105.222,10.823,-0.010,0.284,-1.129
382.259,0.149,-0.595,1.000,0.375,105.222,10.823,-0.010,0.284,-1.129
382.266,0.149,-0.595,1.000,0.375,105.222,10.823,-0.010,0.284,-1.129
382.272,0.149,-0.595,1.000,0.375,105.222,10.823,-0.010,0.284,-1.129
382.278,0.149,-0.595,1.000,0.375,105.222,10.823,-0.010,0.284,-1.129
382.284,0.149,-0.595,1.000,0.375,105.222,10.823,-0.010,0.284,-1.129
382.290,0.149,-0.595,1.000,0.375,105.222,10.823,-0.010,0.284,-1.129
382.296,0.149,-0.595,1.000,0.375,105.222,10.823,-0.010,0.284,-1.129
382.301,0.149,-0.595,1.000,0.375,105.222,10.823,-0.010,0.284,-1.129
382.308,0.149,-0.595,1.000,0.375,105.222,10.823,-0.010,0.284,-1.129
382.314,0.149,-0.595,1.000,0.375,105.222,10.823,-0.010,0.284,-1.129
382.320,0.149,-0.595,1.000,0.375,105.222,10.823,-0.010,0.284,-1.129
382.325,0.149,-0.595,1.000,0.375,105.222,10.823,-0.010,0.284,-1.129
382.331,0.149,-0.595,1.000,0.375,105.222,10.823,-0.010,0.284,-1.129
382.337,0.149,-0.595,1.000,0.375,105.222,10.823,-0.010,0.284,-1.129
382.342,0.149,-0.595,1.000,0.375,105.222,10.823,-0.010,0.284,-1.129
382.348,0.149,-0.595,1.000,0.375,105.222,10.823,-0.010,0.284,-1.129
382.354,0.149,-0.595,1.000,0.375,105.222,10.823,-0.010,0.284,-1.129
382.361,0.149,-0.595,1.000,0.375,105.222,10.823,-0.010,0.284,-1.129
382.367,0.149,-0.595,1.000,0.375,105.222,10.823,-0.010,0.284,-1.129
382.373,0.149,-0.595,1.000,0.375,105.222,10.823,-0.010,0.284,-1.129
382.379,0.149,-0.595,1.000,0.375,105.222,10.823,-0.010,0.284,-1.129
382.385,0.149,-0.595,1.000,0.375,105.222,10.823,-0.010,0.284,-1.129
382.390,0.149,-0.595,1.000,0.375,105.222,10.823,-0.010,0.284,-1.129
382.396,0.149,-0.595,1.000,0.375,105.222,10.823,-0.010,0.284,-1.129
382.403,0.149,-0.595,1.000,0.375,105.222,10.823,-0.010,0.284,-1.129
382.409,0.149,-0.595,1.000,0.375,105.222,10.823,-0.010,0.284,-1.129
382.415,0.149,-0.595,1.000,0.375,105.222,10.823,-0.010,0.284,-1.129
382.421,0.149,-0.595,1.000,0.375,105.222,10.823,-0.010,0.284,-1.129
382.427,0.149,-0.595,1.000,0.375,105.222,10.823,-0.010,0.284,-1.129
382.432,0.149,-0.595,1.000,0.375,105.222,10.823,-0.010,0.284,-1.129
382.438,0.149,-0.595,1.000,0.375,105.222,10.823,-0.010,0.284,-1.129
382.444,0.149,-0.595,1.000,0.375,105.222,10.823,-0.010,0.284,-1.129
382.451,0.149,-0.595,1.000,0.375,105.222,10.823,-0.010,0.284,-1.129
382.457,0.149,-0.595,1.000,0.375,105.222,10.823,-0.010,0.284,-1.129
382.463,0.149,-0.595,1.000,0.375,105.222,10.823,-0.010,0.284,-1.129
382.469,0.149,-0.595,1.000,0.375,105.222,10.823,-0.010,0.284,-1.129
382.475,0.149,-0.595,1.000,0.375,105.222,10.823,-0.010,0.284,-1.129
382.480,0.149,-0.595,1.000,0.375,105.222,10.823,-0.010,0.284,-1.129
382.486,0.149,-0.595,1.000,0.375,105.222,10.823,-0.010,0.284,-1.129
382.493,0.149,-0.595,1.000,0.375,105.222,10.823,-0.010,0.284,-1.129
382.499,0.149,-0.595,1.000,0.375,105.222,10.823,-0.010,0.284,-1.129
382.505,0.149,-0.595,1.000,0.375,105.222,10.823,-0.010,0.284,-1.129
382.511,0.149,-0.595,1.000,0.375,105.222,10.823,-0.010,0.284,-1.129
382.517,0.149,-0.595,1.000,0.375,105.222,10.823,-0.010,0.284,-1.129
382.522,0.149,-0.595,1.000,0.375,105.222,10.823,-0.010,0.284,-1.129
382.528,0.149,-0.595,1.000,0.375,105.222,10.823,-0.010,0.284,-1.129
382.534,0.149,-0.595,1.000,0.375,105.222,10.823,-0.010,0.284,-1.129
382.541,0.149,-0.595,1.000,0.375,105.222,10.823,-0.010,0.284,-1.129
382.547,0.149,-0.595,1.000,0.375,105.222,10.823,-0.010,0.284,-1.129
382.553,0.149,-0.595,1.000,0.375,105.222,10.823,-0.010,0.284,-1.129
382.559,0.149,-0.595,1.000,0.375,105.222,10.823,-0.010,0.284,-1.129
382.565,0.149,-0.595,1.000,0.375,105.222,10.823,-0.010,0.284,-1.129
382.570,0.149,-0.595,1.000,0.375,105.222,10.823,-0.010,0.284,-1.129
382.576,0.149,-0.595,1.000,0.375,105.222,10.823,-0.010,0.284,-1.129
382.583,0.149,-0.595,1.000,0.375,105.222,10.823,-0.010,0.284,-1.129
382.589,0.149,-0.595,1.000,0.375,105.222,10.823,-0.010,0.284,-1.129
382.595,0.149,-0.595,1.000,0.375,105.222,10.823,-0.010,0.284,-1.129
382.601,0.149,-0.595,1.000,0.375,105.222,10.823,-0.010,0.284,-1.129
382.607,0.149,-0.595,1.000,0.375,105.222,10.823,-0.010,0.284,-1.129
382.612,0.149,-0.595,1.000,0.375,105.222,10.823,-0.010,0.284,-1.129
382.618,0.149,-0.595,1.000,0.375,105.222,10.823,-0.010,0.284,-1.129
382.624,0.149,-0.595,1.000,0.375,105.222,10.823,-0.010,0.284,-1.129
382.631,0.149,-0.595,1.000,0.375,105.222,10.823,-0.010,0.284,-1.129
382.637,0.149,-0.595,1.000,0.375,105.222,10.823,-0.010,0.284,-1.129
382.643,0.149,-0.595,1.000,0.375,105.222,10.823,-0.010,0.284,-1.129
382.649,0.149,-0.595,1.000,0.375,105.222,10.823,-0.010,0.284,-1.129
382.655,0.149,-0.595,1.000,0.375,105.222,10.823,-0.010,0.284,-1.129
382.660,0.149,-0.595,1.000,0.375,105.222,10.823,-0.010,0.284,-1.129
382.666,0.149,-0.595,1.000,0.375,105.222,10.823,-0.010,0.284,-1.129
382.672,0.149,-0.595,1.000,0.375,105.222,10.823,-0.010,0.284,-1.129
382.679,0.149,-0.595,1.000,0.375,105.222,10.823,-0.010,0.284,-1.129
382.685,0.149,-0.595,1.000,0.375,105.222,10.823,-0.010,0.284,-1.129
382.691,0.149,-0.595,1.000,0.375,105.222,10.823,-0.010,0.284,-1.129
382.697,0.149,-0.595,1.000,0.375,105.222,10.823,-0.010,0.284,-1.129
382.702,0.149,-0.595,1.000,0.375,105.222,10.823,-0.010,0.284,-1.129
382.708,0.149,-0.595,1.000,0.375,105.222,10.823,-0.010,0.284,-1.129
382.714,0.149,-0.595,1.000,0.375,105.222,10.823,-0.010,0.284,-1.129
382.720,0.149,-0.595,1.000,0.375,105.222,10.823,-0.010,0.284,-1.129
382.727,0.149,-0.595,1.000,0.375,105.222,10.823,-0.010,0.284,-1.129
382.733,0.149,-0.595,1.000,0.375,105.222,10.823,-0.010,0.284,-1.129
382.739,0.149,-0.595,1.000,0.375,105.222,10.823,-0.010,0.284,-1.129
382.745,0.149,-0.595,1.000,0.375,105.222,10.823,-0.010,0.284,-1.129
382.750,0.149,-0.595,1.000,0.375,105.222,10.823,-0.010,0.284,-1.129
382.756,0.149,-0.595,1.000,0.375,105.222,10.823,-0.010,0.284,-1.129
382.763,0.149,-0.595,1.000,0.375,105.222,10.823,-0.010,0.284,-1.129
382.769,0.149,-0.595,1.000,0.375,105.222,10.823,-0.010,0.284,-1.129
382.775,0.149,-0.595,1.000,0.375,105.222,10.823,-0.010,0.284,-1.129
382.781,0.149,-0.595,1.000,0.375,105.222,10.823,-0.010,0.284,-1.129
382.787,0.149,-0.595,1.000,0.375,105.222,10.823,-0.010,0.284,-1.129
382.792,0.149,-0.595,1.000,0.375,105.222,10.823,-0.010,0.284,-1.129
382.798,0.149,-0.595,1.000,0.375,105.222,10.823,-0.010,0.284,-1.129
382.805,0.149,-0.595,1.000,0.375,105.222,10.823,-0.010,0.284,-1.129
382.810,0.000,-0.446,1.000,-0.586,0.417,0.831,0.026,0.000,-0.062
382.816,0.000,-0.446,1.000,0.132,-0.113,-0.294,-0.006,0.000,0.019
382.821,0.000,-0.446,1.000,0.009,0.036,-0.578,-0.000,0.000,0.011
382.826,0.000,-0.446,1.000,-0.103,0.091,-0.398,0.005,0.000,-0.005
382.831,0.000,-0.446,1.000,-0.345,0.843,-0.518,0.016,0.000,-0.033
382.837,0.000,-0.446,1.000,-1.076,0.900,-0.460,0.048,0.001,-0.093
382.842,0.000,-0.446,1.000,-0.274,0.472,0.021,0.012,0.002,0.010
382.847,0.000,-0.446,1.000,0.223,0.433,0.232,-0.010,0.001,0.044
382.852,0.000,-0.446,1.000,0.610,1.034,0.169,-0.027,0.001,0.063
382.857,0.000,-0.446,1.000,-0.022,0.460,0.336,0.001,0.001,-0.008
382.863,0.000,-0.446,1.000,-0.645,0.985,0.925,0.029,0.001,-0.069
382.868,0.000,-0.446,1.000,0.896,1.050,1.298,-0.040,0.001,0.102
382.873,0.000,-0.446,1.000,0.632,0.856,1.774,-0.028,0.000,0.054
382.878,0.000,-0.446,1.000,0.607,0.309,1.998,-0.027,-0.000,0.045
382.883,0.000,-0.446,1.000,0.546,1.113,1.440,-0.025,-0.000,0.026
382.889,0.000,-0.446,1.000,0.240,1.233,0.543,-0.011,-0.001,-0.007
382.894,0.000,-0.446,1.000,-0.055,1.662,-0.151,0.002,-0.001,-0.033
382.899,0.000,-0.446,1.000,0.411,1.766,0.372,-0.018,-0.001,0.020
382.904,0.000,-0.446,1.000,-0.113,1.231,-0.763,0.005,-0.001,-0.033
382.909,0.000,-0.446,1.000,-0.023,1.428,0.055,0.001,-0.001,-0.023
382.915,0.000,-0.446,1.000,0.553,2.142,-0.207,-0.025,-0.001,0.043
382.920,0.000,-0.446,1.000,0.700,1.859,0.183,-0.032,-0.002,0.027
382.925,0.000,-0.446,1.000,0.096,1.250,-1.024,-0.004,-0.002,-0.036
382.930,0.000,-0.446,1.000,1.105,0.442,-1.265,-0.050,-0.003,0.072
382.935,0.000,-0.446,1.000,-0.293,1.222,-1.966,0.013,-0.003,-0.079
382.941,0.000,-0.446,1.000,0.059,0.687,-1.740,-0.003,-0.003,-0.027
382.946,0.000,-0.446,1.000,0.758,0.400,-0.858,-0.034,-0.003,0.051
382.951,0.000,-0.446,1.000,0.841,-0.127,-0.675,-0.038,-0.004,0.046
382.956,0.000,-0.446,1.000,0.569,-1.067,-0.506,-0.026,-0.004,0.015
382.962,0.000,-0.446,1.000,0.707,-0.864,-2.192,-0.032,-0.005,0.031
382.967,0.000,-0.446,1.000,0.209,0.089,-4.044,-0.009,-0.005,-0.020
382.972,0.000,-0.446,1.000,0.249,0.084,-1.414,-0.011,-0.005,0.004
382.977,0.000,-0.446,1.000,1.030,-0.691,1.994,-0.046,-0.005,0.075
382.982,0.000,-0.446,1.000,1.933,-0.266,1.867,-0.087,-0.007,0.146
382.987,0.000,-0.446,1.000,3.281,-0.329,-1.041,-0.148,-0.009,0.226
382.993,0.000,-0.446,1.000,3.034,0.567,-2.558,-0.137,-0.011,0.146
382.998,0.000,-0.446,1.000,2.682,1.299,-2.950,-0.121,-0.013,0.088
383.003,0.000,-0.446,1.000,2.356,0.469,1.898,-0.106,-0.015,0.033
383.008,0.000,-0.446,1.000,2.664,0.710,4.004,-0.120,-0.017,0.056
383.013,0.000,-0.446,1.000,1.564,1.198,1.776,-0.070,-0.019,-0.066
383.019,0.000,-0.446,1.000,0.446,0.918,-1.891,-0.020,-0.019,-0.142
383.024,0.000,-0.446,1.000,-0.335,1.009,-1.457,0.015,-0.019,-0.187
383.029,0.000,-0.446,1.000,0.198,0.067,-0.866,-0.009,-0.019,-0.088
383.034,0.000,-0.446,1.000,0.416,1.153,1.536,-0.019,-0.020,-0.045
383.040,0.000,-0.446,1.000,1.550,1.619,1.754,-0.070,-0.021,0.064
383.045,0.000,-0.446,1.000,1.181,2.087,1.508,-0.053,-0.022,0.012
383.050,0.000,-0.446,1.000,0.606,1.728,1.609,-0.027,-0.022,-0.049
383.055,0.000,-0.446,1.000,-0.505,2.061,0.364,0.023,-0.022,-0.141
383.060,0.000,-0.446,1.000,-0.629,0.956,1.009,0.028,-0.022,-0.129
383.065,0.000,-0.446,1.000,-0.426,0.327,0.292,0.019,-0.022,-0.077
383.071,0.000,-0.446,1.000,0.552,2.155,-0.101,-0.025,-0.022,0.029
383.076,0.000,-0.446,1.000,-1.019,1.565,1.075,0.046,-0.021,-0.126
383.081,0.000,-0.446,1.000,-1.228,3.027,0.783,0.055,-0.020,-0.081
383.086,0.000,-0.446,1.000,-0.675,2.905,0.867,0.030,-0.019,0.004
383.092,0.000,-0.446,1.000,-1.832,3.072,0.388,0.082,-0.018,-0.100
383.097,0.000,-0.446,1.000,-1.907,1.976,-0.774,0.086,-0.017,-0.102
383.102,0.000,-0.446,1.000,-1.445,2.987,-0.727,0.065,-0.016,-0.053
383.107,0.000,-0.446,1.000,-0.384,1.615,-1.505,0.017,-0.015,0.065
383.112,0.000,-0.446,1.000,0.776,3.324,0.032,-0.035,-0.016,0.144
383.118,0.000,-0.446,1.000,1.103,0.915,1.869,-0.050,-0.016,0.159
383.123,0.000,-0.446,1.000,2.529,3.223,0.896,-0.114,-0.017,0.288
383.128,0.000,-0.446,1.000,1.783,2.748,0.047,-0.080,-0.019,0.121
383.133,0.000,-0.446,1.000,2.299,3.034,-1.361,-0.103,-0.021,0.133
383.139,0.000,-0.446,1.000,1.865,2.752,-0.506,-0.084,-0.023,0.040
383.144,0.000,-0.446,1.000,2.311,0.751,0.118,-0.104,-0.025,0.074
383.149,0.000,-0.446,1.000,1.921,0.944,0.622,-0.086,-0.026,0.024
383.154,0.000,-0.446,1.000,1.419,-0.033,-0.905,-0.064,-0.028,-0.040
383.159,0.000,-0.446,1.000,0.358,1.312,-0.911,-0.016,-0.028,-0.125
383.165,0.000,-0.446,1.000,-0.005,1.149,-0.467,0.000,-0.029,-0.149
383.170,0.000,-0.446,1.000,-2.095,1.098,-0.309,0.094,-0.028,-0.333
383.175,0.000,-0.446,1.000,-0.356,0.454,0.020,0.016,-0.028,-0.103
383.180,0.000,-0.446,1.000,-2.209,1.237,-0.202,0.099,-0.026,-0.263
383.185,0.000,-0.446,1.000,-2.483,-1.425,0.366,0.112,-0.025,-0.221
383.191,0.000,-0.446,1.000,-0.645,-0.568,0.831,0.029,-0.023,0.020
383.196,0.000,-0.446,1.000,-1.117,-1.245,0.771,0.050,-0.023,-0.023
383.201,0.000,-0.446,1.000,1.478,-3.325,1.866,-0.067,-0.023,0.238
383.206,0.000,-0.446,1.000,0.237,-1.749,0.091,-0.011,-0.023,0.086
383.212,0.000,-0.446,1.000,0.876,-1.807,0.321,-0.039,-0.023,0.117
383.217,0.000,-0.446,1.000,0.478,-1.494,-1.284,-0.021,-0.023,0.075
383.222,0.000,-0.446,1.000,-0.183,0.472,-0.525,0.008,-0.023,0.005
383.227,0.000,-0.446,1.000,0.121,0.260,0.434,-0.005,-0.023,0.032
383.232,0.000,-0.446,1.000,-0.248,0.947,0.519,0.011,-0.023,-0.017
383.238,0.000,-0.446,1.000,0.317,-0.426,0.171,-0.014,-0.023,0.048
383.243,0.000,-0.446,1.000,-1.041,1.682,-1.635,0.047,-0.023,-0.112
383.248,0.000,-0.446,1.000,-3.339,2.013,-1.243,0.150,-0.022,-0.337
383.253,0.000,-0.446,1.000,-1.641,1.379,-0.405,0.074,-0.020,-0.090
383.259,0.000,-0.446,1.000,-3.434,-1.262,0.561,0.155,-0.018,-0.231
383.264,0.000,-0.446,1.000,0.253,-1.627,1.682,-0.011,-0.017,0.162
383.269,0.000,-0.446,1.000,-0.595,-1.205,-0.352,0.027,-0.017,0.060
383.274,0.000,-0.446,1.000,-2.056,0.673,-1.911,0.092,-0.016,-0.102
383.280,0.000,-0.446,1.000,-1.678,0.290,-1.027,0.075,-0.014,-0.047
383.285,0.000,-0.446,1.000,-1.823,-0.172,1.466,0.082,-0.013,-0.048
383.290,0.000,-0.446,1.000,-1.282,0.321,1.243,0.058,-0.012,0.014
383.295,0.000,-0.446,1.000,-1.195,1.291,-0.545,0.054,-0.011,0.024
383.300,0.000,-0.446,1.000,-0.811,1.437,-1.475,0.037,-0.010,0.054
383.305,0.000,-0.446,1.000,-0.767,1.003,0.158,0.035,-0.010,0.038
383.311,0.000,-0.446,1.000,-1.405,1.056,1.981,0.063,-0.009,-0.026
383.316,0.000,-0.446,1.000,-1.005,0.344,2.625,0.045,-0.008,0.017
383.321,0.000,-0.446,1.000,-0.115,1.635,0.920,0.005,-0.007,0.103
383.326,0.000,-0.446,1.000,-0.040,0.808,0.050,0.002,-0.007,0.081
383.332,0.000,-0.446,1.000,0.322,0.629,0.790,-0.014,-0.007,0.097
383.337,0.000,-0.446,1.000,0.211,0.656,1.447,-0.009,-0.008,0.055
383.342,0.000,-0.446,1.000,0.001,1.752,1.187,-0.000,-0.008,0.017
383.347,0.000,-0.446,1.000,-0.808,1.919,-0.559,0.036,-0.007,-0.065
383.352,0.000,-0.446,1.000,0.295,1.811,-1.244,-0.013,-0.007,0.060
383.358,0.000,-0.446,1.000,0.228,1.842,0.450,-0.010,-0.007,0.042
383.363,0.000,-0.446,1.000,-0.804,1.724,2.113,0.036,-0.007,-0.060
383.368,0.000,-0.446,1.000,-1.063,1.409,1.641,0.048,-0.006,-0.068
383.373,0.000,-0.446,1.000,-0.892,1.511,-0.332,0.040,-0.006,-0.041
383.378,0.000,-0.446,1.000,0.264,0.597,-0.447,-0.012,-0.006,0.068
383.384,0.000,-0.446,1.000,0.896,-1.041,1.664,-0.040,-0.006,0.118
383.389,0.000,-0.446,1.000,1.487,-0.980,2.102,-0.067,-0.007,0.141
383.394,0.000,-0.446,1.000,1.746,-1.232,0.372,-0.079,-0.009,0.123
383.399,0.000,-0.446,1.000,1.644,-0.399,0.583,-0.074,-0.010,0.089
383.404,0.000,-0.446,1.000,1.075,0.275,-0.532,-0.048,-0.011,0.010
383.410,0.000,-0.446,1.000,0.794,0.135,0.276,-0.036,-0.012,-0.027
383.415,0.000,-0.446,1.000,0.588,-0.715,0.939,-0.026,-0.012,-0.043
383.420,0.000,-0.446,1.000,0.710,-0.715,0.732,-0.032,-0.013,-0.030
383.425,0.000,-0.446,1.000,-0.613,-0.033,-0.782,0.028,-0.013,-0.152
383.430,0.000,-0.446,1.000,-0.901,-0.263,-0.858,0.041,-0.012,-0.148
383.436,0.000,-0.446,1.000,1.142,-0.757,0.185,-0.051,-0.013,0.100
383.441,0.000,-0.446,1.000,0.697,-0.358,1.419,-0.031,-0.013,0.038
383.446,0.000,-0.446,1.000,0.908,0.427,0.537,-0.041,-0.014,0.056
383.451,0.000,-0.446,1.000,0.847,1.499,0.419,-0.038,-0.014,0.031
383.456,0.000,-0.446,1.000,-0.952,1.086,1.011,0.043,-0.014,-0.155
383.462,0.000,-0.446,1.000,0.383,0.330,0.931,-0.017,-0.014,0.026
383.467,0.000,-0.446,1.000,0.145,-0.512,1.745,-0.007,-0.014,-0.004
383.472,0.000,-0.446,1.000,0.652,-0.727,1.942,-0.029,-0.015,0.038
383.477,0.000,-0.446,1.000,1.039,-0.260,1.186,-0.047,-0.015,0.072
383.483,0.000,-0.446,1.000,0.088,-0.671,-0.681,-0.004,-0.015,-0.032
383.488,0.000,-0.446,1.000,-0.406,-0.547,-0.685,0.018,-0.015,-0.076
383.493,0.000,-0.595,1.000,-0.169,-0.487,0.125,0.008,-0.015,-0.044
383.499,0.000,-0.595,1.000,-0.103,-1.006,-0.165,0.005,-0.016,-0.042
383.506,0.000,-0.595,1.000,-0.597,-0.405,-1.189,0.027,-0.015,-0.065
383.513,0.000,-0.595,1.000,0.191,2.051,-1.747,-0.009,-0.015,0.038
383.519,0.000,-0.595,1.000,0.608,0.591,-0.368,-0.027,-0.015,0.066
383.524,0.000,-0.744,1.000,-0.001,1.806,-0.813,0.000,-0.015,-0.003
383.530,0.000,-0.744,1.000,-0.012,1.951,-1.718,0.001,-0.015,0.000
383.535,0.000,-0.744,1.000,0.037,2.031,-0.060,-0.002,-0.015,0.004
383.541,0.000,-1.043,1.000,-0.256,1.333,-0.850,0.011,-0.015,-0.022
383.546,0.000,-1.043,1.000,0.571,1.305,-0.346,-0.026,-0.014,0.086
383.551,0.000,-1.043,1.000,1.017,-0.330,0.578,-0.046,-0.015,0.095
383.557,0.000,-1.043,1.000,2.036,0.560,-0.020,-0.092,-0.017,0.167
383.562,0.000,-2.096,1.000,1.192,2.093,1.407,-0.054,-0.017,0.067
383.568,0.000,-2.096,1.000,0.747,0.210,1.681,-0.034,-0.018,0.010
383.573,0.000,-1.944,1.000,1.514,1.500,0.315,-0.068,-0.019,0.064
383.579,0.000,-2.248,1.000,1.433,2.058,0.048,-0.064,-0.020,0.049
383.584,0.000,-3.169,1.000,0.401,-0.438,2.796,-0.018,-0.021,-0.073
383.589,0.000,-3.169,1.000,0.072,1.864,-0.098,-0.003,-0.021,-0.081
383.595,0.000,-3.169,1.000,-0.118,3.337,-1.543,0.005,-0.021,-0.069
383.600,0.000,-4.598,1.000,0.943,0.425,1.793,-0.042,-0.022,0.046
383.606,0.000,-4.598,1.000,1.498,1.791,0.021,-0.067,-0.023,0.091
383.611,0.000,-4.598,1.000,-0.539,4.016,-2.982,0.024,-0.023,-0.123
383.617,0.000,-5.928,1.000,1.107,-0.392,2.469,-0.050,-0.024,0.037
383.622,0.000,-5.928,1.000,2.298,-0.329,5.015,-0.103,-0.025,0.165
383.627,0.000,-5.928,1.000,0.344,2.486,-2.753,-0.015,-0.026,-0.067
383.633,0.000,-5.928,1.000,0.764,0.115,0.540,-0.034,-0.027,-0.049
383.638,0.000,-6.797,1.000,2.234,-2.174,5.020,-0.101,-0.028,0.115
383.644,0.000,-6.797,1.000,-0.183,2.468,-1.430,0.008,-0.029,-0.133
383.649,0.000,-6.797,1.000,-2.205,2.868,-3.074,0.099,-0.028,-0.321
383.655,0.000,-6.797,1.000,-1.116,-1.291,1.421,0.050,-0.027,-0.153
383.660,0.000,-7.153,1.000,-4.290,-1.330,1.996,0.193,-0.024,-0.392
383.666,0.000,-7.153,1.000,-3.461,4.987,-0.368,0.156,-0.022,-0.227
383.671,0.000,-7.153,1.000,-5.571,4.874,-0.068,0.251,-0.017,-0.343
383.677,0.000,-7.153,1.000,-4.280,-0.463,2.609,0.193,-0.014,-0.184
383.682,0.000,-7.153,1.000,-2.589,-2.153,1.827,0.117,-0.011,0.048
383.687,0.000,-7.698,1.000,-3.141,1.263,-0.214,0.141,-0.008,0.001
383.692,0.000,-7.698,1.000,-3.014,6.227,-1.280,0.136,-0.006,-0.012
383.698,0.000,-7.698,1.000,-3.164,1.950,-0.030,0.142,-0.004,-0.035
383.703,0.000,-10.019,1.000,-2.522,-3.652,-0.259,0.114,-0.003,0.003
383.709,0.000,-10.430,1.000,-2.670,-5.733,-0.665,0.120,-0.000,-0.007
383.714,0.000,-10.430,1.000,-2.431,-3.317,-0.373,0.109,0.002,0.049
383.720,0.000,-10.430,1.000,-4.088,2.601,-0.477,0.184,0.005,-0.132
383.725,0.000,-13.539,1.000,-4.681,2.440,-0.547,0.211,0.009,-0.118
383.730,0.000,-13.777,1.000,-6.677,1.098,-1.528,0.300,0.013,-0.326
383.736,0.000,-13.777,1.000,-4.635,-2.268,-1.382,0.209,0.018,-0.025
383.741,0.000,-15.008,1.000,-5.711,-3.292,-1.087,0.257,0.022,-0.142
383.747,0.000,-14.508,1.000,-5.706,-3.091,0.643,0.257,0.027,-0.096
383.752,0.000,-14.508,1.000,-6.010,-2.279,0.295,0.270,0.031,-0.120
383.758,0.000,-14.508,1.000,-10.557,1.736,-1.169,0.475,0.038,-0.537
383.763,0.000,-16.569,1.000,-8.031,2.121,-2.319,0.361,0.046,-0.140
383.769,0.000,-16.038,1.000,-4.298,-1.613,-3.693,0.193,0.051,0.256
383.774,0.000,-16.038,1.000,-8.604,0.508,-6.254,0.387,0.057,-0.178
383.780,0.000,-16.038,1.000,-12.449,0.575,-6.315,0.560,0.068,-0.431
383.785,0.000,-16.839,1.000,-9.289,0.227,-4.544,0.418,0.077,-0.004
383.791,0.000,-16.839,1.000,-8.149,-0.615,-1.047,0.367,0.083,0.055
383.796,0.000,-17.387,1.000,-12.069,-0.768,1.392,0.543,0.091,-0.360
383.801,0.000,-17.666,1.000,-9.964,-2.255,1.077,0.448,0.099,-0.079
383.807,0.000,-17.666,1.000,-7.304,-4.295,0.394,0.329,0.105,0.142
383.812,0.000,-17.666,1.000,-5.071,-6.590,0.193,0.228,0.110,0.313
383.818,0.000,-17.666,1.000,-3.505,-6.251,-1.913,0.158,0.112,0.351
383.823,0.000,-20.000,1.000,-5.124,-6.044,-2.914,0.231,0.116,0.104
383.829,0.000,-20.000,1.000,-5.937,-5.140,-3.832,0.267,0.120,-0.000
383.834,0.000,-20.000,1.000,-5.585,-6.124,-3.939,0.251,0.125,0.022
383.840,0.000,-20.000,1.000,-6.008,-4.349,-2.795,0.270,0.129,-0.035
383.845,0.000,-21.243,1.000,-5.742,-3.913,-3.270,0.258,0.134,0.016
383.850,0.000,-21.243,1.000,-6.246,-3.704,-4.252,0.281,0.140,-0.010
383.856,0.000,-21.243,1.000,-6.563,-4.767,-2.797,0.295,0.146,0.010
383.862,0.000,-22.538,1.000,-7.111,-8.515,-1.212,0.320,0.152,-0.023
383.867,0.000,-22.538,1.000,-6.766,-12.856,-0.753,0.304,0.157,-0.004
383.873,0.000,-22.538,1.000,-9.057,-15.803,0.667,0.408,0.164,-0.230
383.878,0.000,-26.395,1.000,-10.769,-14.344,0.687,0.485,0.171,-0.366
383.883,0.000,-30.306,1.000,-11.753,-12.883,1.199,0.529,0.180,-0.397
383.889,0.000,-30.306,1.000,-10.713,-7.935,0.596,0.482,0.188,-0.233
383.894,0.000,-30.306,1.000,-9.514,-4.024,1.675,0.428,0.195,-0.102
383.900,0.000,-34.642,1.000,-8.974,-1.564,1.898,0.404,0.201,-0.069
383.905,0.000,-34.642,1.000,-10.543,1.947,0.711,0.474,0.208,-0.233
383.911,0.000,-34.642,1.000,-12.551,4.900,-0.846,0.565,0.217,-0.392
383.916,0.000,-42.028,1.000,-12.111,6.530,-0.759,0.545,0.226,-0.285
383.922,0.000,-42.028,1.000,-12.164,7.973,0.417,0.547,0.234,-0.271
383.927,0.000,-43.642,1.000,-12.300,10.986,-1.218,0.554,0.243,-0.268
383.933,0.000,-43.642,1.000,-11.518,11.220,0.357,0.518,0.251,-0.198
383.938,0.000,-48.778,1.000,-13.541,16.730,-1.945,0.609,0.260,-0.388
383.944,0.000,-48.778,1.000,-13.541,14.360,-0.398,0.609,0.269,-0.390
383.949,0.000,-48.185,1.000,-13.268,12.068,3.578,0.597,0.279,-0.340
383.955,0.000,-48.185,1.000,-11.178,14.102,5.250,0.503,0.287,-0.127
383.960,0.000,-48.185,1.000,-8.467,12.594,6.220,0.381,0.294,0.114
383.966,0.000,-47.598,1.000,-3.603,13.374,5.182,0.162,0.298,0.534
383.971,0.000,-46.440,1.000,-0.512,11.166,5.284,0.023,0.302,0.766
383.977,0.000,-46.440,1.000,1.215,7.800,4.861,-0.055,0.303,0.837
383.982,0.000,-46.440,1.000,0.935,3.831,4.780,-0.042,0.304,0.669
383.988,0.000,-47.016,1.000,0.436,-0.321,3.874,-0.020,0.303,0.438
383.993,0.000,-47.016,1.000,0.484,3.356,3.064,-0.022,0.301,0.272
383.998,0.000,-47.016,1.000,2.332,6.604,2.370,-0.105,0.298,0.305
384.004,0.000,-49.377,1.000,3.967,4.589,1.465,-0.178,0.293,0.295
384.009,0.000,-49.377,1.000,3.622,0.761,4.566,-0.163,0.288,0.117
384.015,0.000,-51.831,1.000,2.039,0.794,5.675,-0.092,0.285,-0.114
384.020,0.000,-51.831,1.000,1.944,-0.321,5.101,-0.087,0.283,-0.107
384.025,0.000,-52.459,1.000,2.972,-4.642,5.116,-0.134,0.283,0.082
384.031,0.000,-52.459,1.000,3.081,-11.816,6.966,-0.139,0.283,0.189
384.036,0.000,-52.459,1.000,0.975,-18.526,6.742,-0.044,0.283,0.019
384.042,0.000,-53.094,1.000,-1.332,-21.223,6.638,0.060,0.284,-0.158
384.047,0.000,-53.734,1.000,-5.193,-16.297,6.120,0.234,0.288,-0.447
384.053,0.000,-53.734,1.000,-7.034,-13.022,4.099,0.317,0.292,-0.531
384.058,0.000,-53.734,1.000,-6.571,-9.242,3.647,0.296,0.296,-0.412
384.064,0.000,-55.692,1.000,-6.186,-7.731,2.920,0.278,0.300,-0.354
384.069,0.000,-55.692,1.000,-8.593,-9.336,5.069,0.387,0.306,-0.554
384.075,0.000,-55.692,1.000,-8.003,-9.730,9.531,0.360,0.312,-0.394
384.080,0.000,-55.692,1.000,-13.982,-4.627,8.254,0.629,0.323,-0.770
384.086,0.000,-59.777,1.000,-14.137,-2.440,9.667,0.636,0.336,-0.551
384.091,0.000,-59.777,1.000,-15.487,-2.191,10.369,0.697,0.349,-0.495
384.096,0.000,-60.480,1.000,-18.312,-1.721,7.719,0.824,0.362,-0.648
384.102,0.000,-60.480,1.000,-20.454,1.860,5.914,0.920,0.378,-0.714
384.107,0.000,-60.480,1.000,-19.221,5.266,5.901,0.865,0.393,-0.452
384.113,0.000,-60.480,1.000,-18.544,3.672,7.493,0.834,0.407,-0.331
384.118,0.000,-64.096,1.000,-17.459,1.401,7.318,0.786,0.422,-0.152
384.124,0.000,-62.630,1.000,-16.944,-4.672,6.075,0.762,0.438,0.029
384.129,0.000,-62.630,1.000,-19.471,-3.572,4.242,0.876,0.457,-0.085
384.135,0.000,-62.630,1.000,-20.212,-3.414,1.040,0.910,0.474,-0.067
384.140,0.000,-64.096,1.000,-20.949,-2.337,0.635,0.943,0.492,-0.085
384.146,0.000,-64.839,1.000,-21.747,-2.584,1.274,0.979,0.510,-0.108
384.151,0.000,-64.839,1.000,-17.904,-3.871,5.043,0.806,0.525,0.192
384.157,0.000,-64.839,1.000,-16.606,-6.827,9.413,0.747,0.538,0.202
384.162,0.000,-68.660,1.000,-14.836,-4.840,12.480,0.668,0.549,0.260
384.168,0.000,-68.660,1.000,-10.118,-7.106,13.043,0.455,0.558,0.575
384.173,0.000,-68.660,1.000,-7.373,-12.976,12.620,0.332,0.565,0.708
384.178,0.000,-68.660,1.000,-5.788,-19.872,10.495,0.260,0.571,0.692
384.184,0.000,-72.656,1.000,-10.177,-21.372,5.854,0.458,0.576,0.063
384.189,0.000,-72.656,1.000,-9.078,-23.196,5.046,0.409,0.582,0.085
384.195,0.000,-73.478,1.000,-11.455,-23.296,1.100,0.515,0.590,-0.212
384.200,0.000,-73.478,-2.000,-11.090,-25.104,4.144,0.499,0.598,-0.190
384.206,0.000,-73.478,-2.000,-10.476,-26.796,6.341,0.471,0.606,-0.114
384.211,0.000,-75.142,-3.000,-9.345,-27.487,7.423,0.421,0.616,0.080
384.217,0.000,-75.142,-3.000,-6.171,-30.285,8.193,0.278,0.623,0.403
384.222,0.000,-75.142,-3.000,-7.865,-30.046,12.155,0.354,0.631,0.213
384.227,0.000,-77.695,-1.000,-7.469,-30.791,11.985,0.336,0.638,0.237
384.233,0.000,-77.695,-1.000,-8.708,-27.397,5.822,0.392,0.644,0.053
384.238,0.000,-77.695,-1.000,-9.322,-24.846,1.997,0.419,0.650,-0.073
384.244,0.000,-77.695,-1.000,-11.826,-18.965,-0.129,0.532,0.657,-0.352
384.249,0.149,-81.205,-2.000,-12.803,-15.778,-1.034,0.583,0.666,-0.421
384.255,0.149,-81.205,-2.000,-8.877,-17.153,0.658,0.406,0.674,0.016
384.260,0.149,-81.205,-2.000,-5.131,-20.488,3.362,0.238,0.681,0.440
384.266,0.149,-81.205,-2.000,-5.375,-21.656,5.670,0.249,0.688,0.423
384.271,0.149,-81.205,-2.000,-7.110,-21.715,6.668,0.327,0.696,0.272
384.277,0.149,-81.205,-2.000,-6.534,-22.551,5.435,0.301,0.704,0.337
384.282,0.149,-81.205,-2.000,-5.899,-24.288,7.178,0.272,0.710,0.357
384.288,0.744,-85.769,-13.000,-5.050,-23.406,6.081,0.261,0.716,0.336
384.295,1.342,-85.769,-10.000,-2.129,-30.975,7.266,0.156,0.719,0.445
384.301,1.793,-85.769,-10.000,-7.418,-36.276,-0.980,0.414,0.729,0.016
384.308,1.793,-85.769,-10.000,-8.471,-31.831,-3.785,0.462,0.738,-0.075
384.314,1.793,-85.769,-10.000,-4.336,-40.716,-2.582,0.276,0.745,0.274
384.320,2.860,-85.769,-10.000,-7.555,-46.109,-6.728,0.469,0.757,0.054
384.327,3.325,-85.769,-11.000,-8.495,-43.330,-6.543,0.532,0.767,-0.075
384.333,3.325,-85.769,-11.000,-6.285,-46.223,-2.107,0.432,0.776,0.100
384.340,3.639,-85.769,-11.000,-7.886,-48.472,-1.019,0.519,0.788,0.002
384.346,3.639,-85.769,-12.000,-10.792,-42.859,-5.130,0.649,0.800,-0.249
384.352,3.639,-85.769,-12.000,-13.194,-37.207,-4.166,0.757,0.814,-0.411
384.359,3.639,-85.769,-12.000,-11.986,-39.661,0.486,0.703,0.829,-0.237
384.365,3.639,-85.769,-12.000,-11.110,-44.233,1.894,0.664,0.843,-0.117
384.372,5.089,-85.769,-29.000,-12.609,-40.683,-2.882,0.796,0.859,-0.187
384.378,5.589,-85.769,-32.000,-14.099,-34.382,-2.441,0.886,0.876,-0.304
384.384,7.333,-85.769,-33.000,-10.559,-39.838,-4.379,0.805,0.895,0.086
384.391,7.333,-85.769,-33.000,-12.820,-33.524,-12.473,0.907,0.914,-0.107
384.397,9.023,-85.769,-33.000,-8.088,-31.778,-11.543,0.770,0.931,0.238
384.404,10.019,-85.769,-34.000,-8.442,-37.622,-15.826,0.831,0.951,0.228
384.410,10.019,-85.769,-34.000,-10.484,-23.367,-21.991,0.923,0.970,0.013
384.417,11.276,-83.007,-36.000,-1.343,-32.655,-19.189,0.568,0.987,0.779
384.423,12.155,-82.102,-36.000,-7.122,-24.047,-21.706,0.867,1.002,0.116
384.430,12.155,-82.102,-36.000,0.659,-24.459,-15.927,0.517,1.016,0.675
384.436,12.380,-81.205,-35.000,0.667,-27.488,-16.744,0.527,1.028,0.533
384.443,13.302,-80.316,-37.000,2.551,-16.286,-23.734,0.484,1.039,0.528
384.449,14.262,-79.434,-39.000,2.691,-16.271,-18.064,0.521,1.049,0.387
384.456,14.508,-77.695,-40.000,7.820,-26.007,-20.078,0.301,1.050,0.669
384.462,14.508,-77.695,-40.000,7.937,-20.384,-21.494,0.296,1.050,0.488
384.469,14.508,-77.695,-40.000,12.881,-29.678,-19.760,0.073,1.050,0.739
384.475,14.508,-77.695,-40.000,12.504,-27.959,-28.417,0.090,1.050,0.517
384.482,14.508,-77.695,-40.000,11.838,-27.200,-24.293,0.120,1.050,0.320
384.488,14.508,-77.695,-40.000,16.279,-33.988,-26.496,-0.080,1.049,0.592
384.495,17.112,-74.306,-43.000,16.994,-27.340,-29.509,0.005,1.050,0.529
384.501,17.112,-74.306,-43.000,21.788,-32.917,-27.454,-0.210,1.046,0.746
384.508,17.112,-74.306,-43.000,18.306,-34.493,-32.711,-0.054,1.046,0.377
384.514,17.112,-74.306,-43.000,19.093,-32.638,-31.338,-0.089,1.044,0.325
384.521,17.112,-71.036,-45.000,21.622,-41.421,-29.678,-0.203,1.041,0.457
384.527,16.839,-70.237,-46.000,18.921,-42.491,-33.581,-0.094,1.040,0.197
384.534,16.839,-70.237,-46.000,17.981,-37.928,-33.033,-0.051,1.037,0.028
384.540,16.839,-70.237,-46.000,26.438,-47.768,-31.078,-0.432,1.031,0.696
384.547,16.839,-70.237,-46.000,16.373,-50.487,-36.594,0.021,1.029,-0.221
384.553,16.839,-70.237,-46.000,17.811,-45.648,-35.765,-0.044,1.028,-0.083
384.560,16.839,-70.237,-46.000,19.172,-48.736,-32.576,-0.105,1.026,0.044
384.566,16.302,-64.839,-50.000,18.575,-47.485,-34.304,-0.102,1.023,-0.020
384.573,15.518,-63.360,-50.000,15.661,-40.498,-35.223,-0.006,1.022,-0.254
384.579,15.518,-63.360,-50.000,19.433,-44.534,-33.354,-0.176,1.019,0.065
384.586,13.068,-59.080,-51.000,20.845,-45.401,-37.751,-0.350,1.016,0.225
384.592,13.068,-59.080,-51.000,18.052,-35.643,-41.250,-0.224,1.010,-0.048
384.599,13.068,-59.080,-51.000,21.316,-29.500,-36.279,-0.371,1.002,0.169
384.605,13.068,-59.080,-51.000,21.021,-32.897,-36.300,-0.358,0.995,0.146
384.612,13.068,-59.080,-51.000,22.603,-20.409,-38.209,-0.429,0.986,0.220
384.618,10.019,-53.734,-53.000,24.635,-21.821,-34.635,-0.658,0.973,0.305
384.625,10.019,-53.734,-53.000,21.955,-23.652,-39.032,-0.537,0.960,0.022
384.631,10.019,-53.734,-53.000,21.758,-13.885,-45.130,-0.528,0.948,-0.024
384.638,10.019,-53.734,-53.000,23.777,-20.793,-41.047,-0.619,0.934,0.095
384.644,10.224,-53.734,-55.000,24.843,-26.656,-42.752,-0.658,0.920,0.155
384.651,10.224,-53.734,-55.000,25.204,-20.180,-45.747,-0.674,0.906,0.173
384.657,10.224,-53.734,-55.000,24.079,-25.636,-40.942,-0.623,0.892,0.019
384.663,10.224,-51.209,-56.000,20.504,-24.634,-43.798,-0.463,0.883,-0.213
384.670,10.224,-51.209,-56.000,15.546,-18.791,-48.544,-0.240,0.875,-0.566
384.676,10.224,-51.209,-56.000,16.363,-19.388,-47.174,-0.276,0.868,-0.421
384.683,10.224,-51.209,-56.000,16.363,-24.983,-48.000,-0.276,0.866,-0.179
384.689,9.816,-51.209,-56.000,11.072,-13.749,-49.554,-0.056,0.862,-0.543
384.696,9.816,-50.592,-56.000,11.997,-12.140,-46.664,-0.098,0.860,-0.357
384.702,9.816,-50.592,-56.000,10.345,-18.298,-48.342,-0.024,0.861,-0.343
384.709,10.019,-47.598,-56.000,6.786,-12.810,-53.495,0.146,0.861,-0.560
384.715,10.019,-47.598,-56.000,5.020,-11.475,-50.305,0.225,0.864,-0.616
384.722,10.019,-47.598,-56.000,7.458,-18.185,-47.068,0.115,0.867,-0.274
384.728,10.019,-47.598,-56.000,4.976,-20.578,-50.165,0.227,0.872,-0.361
384.735,10.430,-45.869,-56.000,6.320,-17.259,-48.926,0.185,0.876,-0.198
384.741,10.639,-47.016,-55.000,7.839,-23.475,-46.423,0.126,0.879,-0.038
384.748,10.639,-46.440,-56.000,8.018,-22.488,-49.352,0.118,0.883,0.033
384.754,10.224,-47.016,-56.000,7.088,-15.730,-50.156,0.141,0.885,-0.079
384.761,10.224,-47.016,-56.000,13.237,-20.320,-48.524,-0.136,0.885,0.441
384.767,10.019,-48.185,-56.000,11.699,-19.768,-51.100,-0.076,0.883,0.212
384.774,10.019,-47.016,-56.000,13.849,-14.347,-51.562,-0.172,0.879,0.299
384.780,10.019,-47.016,-56.000,15.892,-17.268,-49.573,-0.264,0.872,0.323
384.787,8.636,-45.304,-56.000,16.709,-17.788,-51.085,-0.363,0.868,0.376
384.793,8.069,-48.185,-56.000,16.290,-16.609,-52.742,-0.370,0.859,0.232
384.800,7.515,-47.598,-54.000,20.999,-14.428,-51.305,-0.607,0.847,0.493
384.806,7.515,-47.598,-54.000,22.460,-20.997,-51.105,-0.673,0.835,0.540
384.813,7.515,-47.598,-54.000,18.184,-18.130,-53.490,-0.480,0.823,0.067
384.819,5.589,-42.560,-46.000,16.604,-9.143,-49.393,-0.496,0.811,-0.092
384.826,5.589,-42.560,-46.000,20.972,-14.226,-46.070,-0.692,0.797,0.245
384.832,5.589,-42.560,-46.000,18.892,-14.306,-48.686,-0.599,0.784,0.034
384.839,4.275,-37.951,-33.000,15.699,-13.259,-48.229,-0.514,0.774,-0.204
384.845,4.275,-37.951,-33.000,16.763,-16.607,-42.158,-0.562,0.761,-0.106
384.851,4.275,-37.951,-31.000,12.868,-15.048,-44.109,-0.387,0.753,-0.337
384.858,4.275,-37.951,-31.000,8.832,-9.310,-43.640,-0.205,0.748,-0.546
384.864,4.275,-37.464,-25.000,6.141,-4.686,-41.679,-0.084,0.744,-0.652
384.871,4.275,-37.464,-25.000,6.345,-5.734,-36.760,-0.093,0.742,-0.507
384.877,4.275,-37.464,-25.000,4.730,-7.833,-33.419,-0.020,0.741,-0.489
384.884,4.275,-37.464,-25.000,2.083,-4.431,-32.119,0.099,0.744,-0.522
384.890,3.796,-31.561,-15.000,-0.005,0.306,-29.719,0.171,0.745,-0.614
384.897,3.796,-31.561,-15.000,3.425,-0.685,-28.206,0.017,0.747,-0.180
384.903,3.796,-31.561,-15.000,-1.712,-0.392,-28.185,0.248,0.752,-0.498
384.910,2.706,-25.299,-1.000,-1.182,8.665,-29.810,0.175,0.756,-0.348
384.916,2.553,-24.236,-1.000,-4.309,11.701,-25.766,0.309,0.761,-0.539
384.923,2.553,-24.236,-1.000,-0.521,3.359,-21.538,0.138,0.765,-0.109
384.929,2.553,-24.236,-1.000,-4.668,-0.665,-22.353,0.325,0.771,-0.407
384.936,2.553,-22.871,0.000,-2.499,11.135,-17.177,0.227,0.776,-0.162
384.942,2.553,-22.871,0.000,-1.326,8.964,-11.319,0.175,0.780,-0.029
384.949,2.706,-21.884,0.000,0.010,1.024,-9.523,0.121,0.783,0.090
384.955,2.706,-21.884,0.000,-1.121,1.394,-12.964,0.172,0.787,0.002
384.961,2.706,-21.884,0.000,-1.320,5.157,-13.653,0.181,0.790,-0.034
384.968,2.706,-21.884,0.000,1.809,9.259,-12.192,0.040,0.792,0.195
384.974,2.706,-21.884,0.000,4.204,9.889,-12.003,-0.067,0.794,0.415
384.981,2.400,-21.561,0.000,-0.385,12.266,-12.566,0.125,0.794,-0.101
384.987,2.400,-21.561,0.000,0.658,16.608,-11.692,0.078,0.794,-0.050
384.993,2.096,-20.927,0.000,0.247,20.375,-9.238,0.083,0.795,-0.094
384.999,2.096,-20.927,0.000,1.637,23.037,-8.427,0.021,0.796,0.007
385.005,2.096,-20.615,0.000,2.767,23.255,-7.186,-0.030,0.798,0.169
385.012,2.248,-20.927,0.000,-3.448,25.412,-7.988,0.256,0.801,-0.353
385.018,2.096,-20.615,0.000,-2.719,32.594,-8.658,0.217,0.805,-0.244
385.025,2.096,-20.615,0.000,-4.944,32.760,-6.321,0.317,0.810,-0.404
385.031,2.096,-20.615,0.000,-3.060,30.034,-5.780,0.232,0.817,-0.125
385.038,2.096,-20.615,0.000,-8.010,29.533,-7.060,0.455,0.825,-0.479
385.044,83.425,-20.000,0.000,-6.927,36.234,-4.887,4.066,0.914,-0.313
385.051,77.407,-19.102,0.000,-6.139,35.537,-3.829,3.760,1.000,-0.163
385.058,71.264,-19.102,0.000,-10.243,31.493,-6.362,3.668,1.050,-0.413
385.064,62.861,-18.231,0.000,-8.094,32.512,-8.713,3.193,1.050,-0.129
385.070,56.724,-17.947,0.000,-4.158,31.257,-3.093,2.740,1.050,0.218
385.076,50.580,-17.947,0.000,4.212,28.090,-0.594,2.087,1.050,0.907
385.082,43.663,-17.947,0.000,5.474,28.911,-1.710,1.719,1.050,0.843
385.088,36.346,-17.947,0.000,8.794,33.560,-5.025,1.240,1.050,0.885
385.095,29.031,-17.947,0.000,14.898,29.555,-2.190,0.636,1.050,1.097
385.101,21.717,-17.947,0.000,25.305,22.749,-0.975,-0.161,1.049,1.695
385.107,14.403,-17.947,0.000,30.819,21.382,-5.278,-0.739,1.039,1.775
385.113,7.238,-17.947,0.000,33.775,31.934,-6.626,-1.194,1.016,1.551
385.120,-0.082,-17.947,0.000,40.419,24.233,-2.992,-1.823,0.981,1.672
385.127,-7.441,-17.947,0.000,40.127,20.956,-1.179,-2.141,0.936,1.238
385.133,-14.800,-17.947,0.000,40.731,25.661,-1.791,-2.499,0.883,0.956
385.140,-22.162,-16.839,0.000,40.012,28.972,-2.581,-2.798,0.824,0.636
385.146,-29.531,-16.839,0.000,37.693,25.712,-3.122,-3.025,0.761,0.350
385.153,-36.900,-16.839,0.000,30.112,28.864,-3.007,-3.016,0.693,-0.323
385.160,-43.913,-17.112,0.000,23.474,32.875,-3.581,-3.032,0.626,-0.783
385.166,-50.225,-17.112,0.000,15.240,35.962,-3.234,-2.946,0.561,-1.275
385.172,-56.538,-17.112,0.000,11.081,26.174,0.025,-3.043,0.497,-1.271
385.179,-62.850,-17.112,0.000,4.896,24.672,-3.093,-3.049,0.431,-1.425
385.185,-69.014,-16.839,0.000,-4.912,22.657,-4.042,-2.885,0.369,-1.805
385.192,-75.307,-16.839,0.000,-14.878,27.380,-0.586,-2.719,0.307,-2.125
385.198,-79.841,-17.112,0.000,-22.665,26.901,0.176,-2.573,0.252,-2.250
385.205,-84.525,-17.112,0.000,-31.626,23.530,-0.320,-2.380,0.202,-2.335
385.211,-89.209,-17.112,0.000,-42.810,20.457,-2.265,-2.088,0.159,-2.589
385.217,-93.596,-16.839,0.000,-56.432,17.796,-2.913,-1.672,0.122,-3.056
385.223,-97.279,-16.839,0.000,-64.542,23.344,-2.738,-1.473,0.086,-2.973
385.230,-100.194,-16.839,0.000,-72.674,22.750,-1.272,-1.238,0.055,-2.888
385.237,-103.254,-16.839,0.000,-77.689,17.325,0.805,-1.150,0.031,-2.516
385.243,-106.165,-16.839,0.000,-89.055,12.161,-0.451,-0.770,0.012,-2.720
385.250,-107.509,-16.569,0.000,-94.790,26.820,-0.842,-0.572,-0.003,-2.474
385.256,-108.760,-16.569,0.000,-99.935,31.636,0.921,-0.397,-0.013,-2.245
385.262,-109.861,-16.569,0.000,-104.133,31.121,1.076,-0.258,-0.018,-1.997
385.269,-110.655,-16.569,0.000,-110.837,29.213,0.703,0.008,-0.019,-2.030
385.275,-110.620,-16.302,0.000,-113.414,31.425,-3.704,0.126,-0.019,-1.763
385.281,-109.839,-16.302,0.000,-118.387,36.249,-1.363,0.385,-0.012,-1.698
385.288,-109.058,-16.302,0.000,-117.099,33.315,-2.195,0.362,-0.004,-1.164
385.294,-107.725,-16.569,0.000,-126.119,35.722,-3.899,0.828,0.011,-1.541
385.300,-105.111,-16.569,0.000,-127.512,39.100,-2.937,1.008,0.027,-1.342
385.306,-102.497,-16.569,0.000,-128.221,40.854,-1.490,1.158,0.046,-1.125
385.311,-100.031,-14.757,0.000,-131.731,45.013,-4.151,1.426,0.069,-1.215
385.317,-96.027,-14.757,0.000,-133.489,47.121,-6.728,1.686,0.097,-1.140
385.322,-91.593,-14.757,0.000,-129.382,41.389,-1.457,1.700,0.129,-0.497
385.328,-87.159,-14.757,0.000,-126.711,37.324,-1.253,1.780,0.164,-0.067
385.334,-82.725,-14.018,0.000,-124.834,34.418,2.313,1.895,0.201,0.196
385.339,-77.737,-12.607,0.000,-123.494,31.608,4.568,2.059,0.239,0.313
385.345,-71.596,-12.607,0.000,-122.337,33.807,1.345,2.283,0.280,0.344
385.350,-65.456,-12.836,0.000,-123.764,37.102,0.372,2.624,0.327,0.132
385.356,-59.315,-12.836,0.000,-121.383,35.560,0.650,2.793,0.376,0.245
385.362,-53.174,-12.836,0.000,-118.926,32.612,1.371,2.959,0.428,0.330
385.367,-46.861,-12.836,0.000,-115.420,35.250,1.964,3.085,0.484,0.517
385.373,-39.537,-12.836,0.000,-112.095,34.625,5.093,3.265,0.544,0.686
385.379,-32.213,-9.816,0.000,-110.863,32.190,2.304,3.539,0.611,0.648
385.384,-24.888,-9.816,0.000,-107.836,32.131,0.523,3.733,0.677,0.729
385.390,-17.564,-9.816,0.000,-104.816,34.052,-1.971,3.926,0.747,0.750
385.395,-10.240,-9.816,0.000,-103.038,37.749,-3.015,4.176,0.820,0.629
385.401,-2.915,-7.698,0.000,-98.294,39.204,-0.788,4.292,0.897,0.811
385.406,4.436,-7.698,0.000,-89.237,36.714,3.309,4.215,0.972,1.393
385.412,11.804,-7.698,0.000,-82.872,30.159,4.117,4.260,1.048,1.641
385.417,19.172,-7.698,0.000,-75.858,24.533,5.409,4.276,1.050,1.936
385.422,26.540,-7.698,0.000,-70.414,25.228,4.327,4.363,1.050,2.026
385.428,33.908,-7.515,0.000,-62.869,21.808,5.889,4.355,1.050,2.234
385.433,41.277,-7.515,0.000,-56.907,20.888,4.375,4.418,1.050,2.201
385.439,47.929,-7.515,0.000,-51.247,23.475,1.596,4.463,1.050,2.121
385.444,54.248,-7.698,0.000,-46.274,28.394,0.213,4.523,1.050,1.947
385.449,60.567,-7.883,0.000,-36.961,24.728,0.603,4.389,1.050,2.227
385.455,66.886,-7.883,0.000,-27.236,21.592,0.148,4.235,1.050,2.524
385.461,73.205,-7.883,0.000,-17.544,20.281,5.432,4.084,1.050,2.828
385.466,78.702,-8.069,0.000,-9.479,18.759,7.083,3.968,1.050,2.906
385.472,83.389,-8.069,0.000,-2.935,18.248,6.435,3.885,1.050,2.817
385.477,88.076,-8.069,0.000,0.930,21.945,2.231,3.922,1.050,2.472
385.483,92.763,-8.069,0.000,5.920,30.951,-0.449,3.908,1.050,2.311
385.488,97.334,-8.829,0.000,10.206,39.443,-3.569,3.921,1.050,2.072
385.494,100.391,-8.636,0.000,17.961,38.912,0.460,3.709,1.050,2.236
385.499,103.301,-8.636,0.000,22.866,40.166,0.549,3.620,1.050,2.184
385.505,106.211,-8.636,0.000,27.223,42.939,2.289,3.554,1.050,2.123
385.511,109.808,-13.302,0.000,28.148,42.755,0.012,3.675,1.050,1.720
385.517,111.965,-15.261,0.000,32.037,53.400,-1.175,3.597,1.050,1.578
385.524,113.062,-15.261,0.000,40.397,44.806,2.768,3.270,1.050,1.841
385.531,114.159,-15.261,0.000,43.497,45.389,-1.695,3.180,1.050,1.617
385.537,114.008,-15.261,0.000,47.402,42.575,0.329,2.997,1.050,1.448
385.544,116.092,-18.518,0.000,56.568,34.261,2.457,2.679,1.050,1.828
385.550,115.306,-18.518,0.000,58.563,39.013,-2.660,2.553,1.050,1.551
385.557,114.521,-18.518,0.000,62.786,45.941,2.589,2.328,1.050,1.459
385.563,113.704,-18.518,0.000,71.574,32.604,4.855,1.896,1.050,1.763
385.570,111.089,-18.518,0.000,75.911,30.072,1.437,1.583,1.050,1.631
385.577,108.474,-18.518,0.000,82.351,26.312,4.763,1.176,1.050,1.700
385.583,105.389,-18.518,0.000,85.055,18.120,3.218,0.915,1.050,1.555
385.590,108.555,-20.000,0.000,84.688,26.284,-1.562,1.074,1.050,1.151
385.597,105.403,-19.697,0.000,93.145,23.212,1.211,0.552,1.050,1.443
385.603,100.972,-19.697,0.000,93.718,18.038,0.438,0.326,1.050,1.170
385.610,104.390,-19.697,0.000,95.949,21.675,-1.484,0.380,1.050,1.025
385.616,100.331,-19.697,0.000,99.276,18.051,4.002,0.047,1.050,1.007
385.623,94.188,-19.697,0.000,104.775,13.760,2.993,-0.476,1.044,1.193
385.629,88.045,-19.697,0.000,102.113,11.252,-0.025,-0.633,1.033,0.731
385.636,84.541,-19.697,0.000,101.467,18.881,-0.483,-0.762,1.016,0.445
385.642,79.595,-19.697,0.000,104.624,20.229,1.885,-1.126,0.995,0.604
385.649,72.704,-19.697,0.000,97.380,22.531,1.892,-1.110,0.971,-0.068
385.656,65.379,-19.697,0.000,94.795,28.793,0.277,-1.324,0.943,-0.274
385.662,62.303,-19.697,0.000,91.695,29.863,2.198,-1.323,0.911,-0.482
385.669,54.978,-19.697,0.000,95.321,25.107,5.369,-1.815,0.874,-0.106
385.675,47.654,-19.697,0.000,91.034,20.017,4.720,-1.952,0.835,-0.341
385.682,40.329,-19.697,0.000,84.564,25.895,-0.470,-1.991,0.791,-0.754
385.689,37.704,-19.697,0.000,77.605,33.742,-2.477,-1.796,0.748,-1.142
385.695,31.333,-19.697,0.000,73.534,31.307,0.869,-1.899,0.708,-1.110
385.702,23.964,-19.697,0.000,63.292,29.965,1.626,-1.770,0.667,-1.631
385.709,18.131,-19.398,0.000,61.258,34.729,2.757,-1.941,0.625,-1.405
385.715,10.762,-19.398,0.000,54.180,38.602,3.564,-1.954,0.580,-1.648
385.722,4.443,-19.697,0.000,49.279,30.067,1.763,-2.018,0.536,-1.620
385.728,-2.727,-19.697,0.000,45.493,31.142,-1.387,-2.170,0.489,-1.522
385.735,-9.048,-19.697,0.000,39.061,34.889,-0.004,-2.165,0.442,-1.606
385.741,-13.756,-19.398,0.000,38.097,29.998,3.270,-2.333,0.392,-1.280
385.748,-20.077,-19.398,0.000,28.976,24.886,2.731,-2.207,0.345,-1.544
385.755,-26.399,-19.398,0.000,23.828,31.955,2.462,-2.260,0.294,-1.559
385.761,-32.703,-19.398,0.000,18.275,33.527,5.000,-2.294,0.245,-1.579
385.768,-37.937,-19.102,0.000,12.202,28.074,2.573,-2.256,0.196,-1.613
385.774,-42.627,-19.102,0.000,2.753,25.652,-0.295,-2.042,0.148,-1.985
385.781,-47.318,-19.102,0.000,-3.969,26.505,-0.547,-1.951,0.103,-2.051
385.787,-54.129,-18.808,0.000,-10.101,22.625,3.335,-1.981,0.060,-2.034
385.794,-58.321,-18.808,0.000,-16.213,16.425,3.984,-1.895,0.019,-1.933
385.800,-61.231,-18.808,0.000,-26.927,15.371,1.042,-1.544,-0.016,-2.272
385.807,-64.142,-18.808,0.000,-32.677,14.464,1.870,-1.416,-0.049,-2.188
385.813,-67.052,-18.808,0.000,-39.101,10.394,2.706,-1.258,-0.077,-2.160
385.820,-78.958,-18.231,0.000,-44.287,6.540,1.589,-1.560,-0.106,-1.985
385.826,-80.059,-18.231,0.000,-54.473,7.255,-0.118,-1.151,-0.131,-2.248
385.832,-85.397,-17.387,0.000,-62.959,10.121,-1.888,-1.010,-0.151,-2.370
385.839,-86.184,-17.387,0.000,-70.520,11.821,3.207,-0.705,-0.170,-2.353
385.845,-86.476,-17.947,0.000,-76.175,11.541,7.438,-0.464,-0.182,-2.184
385.852,-87.744,-17.947,0.000,-83.759,10.335,5.181,-0.179,-0.189,-2.225
385.859,-86.963,-17.947,0.000,-92.379,14.594,-0.331,0.244,-0.188,-2.325
385.865,-90.199,-16.302,0.000,-94.988,12.950,1.625,0.216,-0.184,-1.969
385.872,-87.863,-16.302,0.000,-98.753,6.328,3.308,0.490,-0.173,-1.711
385.878,-85.249,-16.302,0.000,-105.296,11.179,1.367,0.902,-0.156,-1.775
385.885,-82.358,-16.038,0.000,-109.043,16.080,4.392,1.201,-0.131,-1.591
385.892,-78.353,-16.038,0.000,-109.948,16.055,8.068,1.422,-0.101,-1.275
385.898,-73.926,-16.038,0.000,-114.951,16.722,5.138,1.846,-0.064,-1.324
385.905,-69.498,-16.038,0.000,-118.112,20.086,5.201,2.188,-0.018,-1.240
385.912,-65.071,-16.038,0.000,-113.935,14.499,5.042,2.199,0.031,-0.626
385.918,-60.368,-16.038,0.000,-120.661,13.572,-0.266,2.713,0.087,-0.963
385.925,-54.227,-16.038,0.000,-121.194,19.184,-0.285,3.014,0.151,-0.786
385.932,-47.808,-16.302,0.000,-118.195,12.650,5.387,3.167,0.221,-0.403
385.938,-41.667,-16.302,0.000,-118.702,14.405,2.301,3.467,0.295,-0.334
385.945,-35.805,-16.038,0.000,-116.025,14.672,6.602,3.610,0.372,-0.088
385.952,-29.495,-16.038,0.000,-113.196,10.735,4.878,3.767,0.456,0.182
385.958,-21.893,-16.302,0.000,-113.298,15.177,-1.441,4.113,0.544,0.118
385.965,-14.575,-16.302,0.000,-111.167,11.770,3.090,4.347,0.637,0.212
385.972,-7.261,-16.302,0.000,-107.460,5.723,0.791,4.509,0.736,0.458
385.978,0.053,-16.302,0.000,-102.856,9.549,1.530,4.631,0.837,0.698
385.985,7.367,-16.302,0.000,-90.778,6.065,9.456,4.417,0.938,1.404
385.992,19.235,-16.302,0.000,-90.391,4.335,6.919,4.933,1.045,1.114
385.998,26.585,-16.302,0.000,-81.361,0.116,11.043,4.858,1.050,1.500
386.005,33.954,-16.302,0.000,-65.331,-14.425,10.690,4.468,1.050,2.362
386.011,44.047,-16.302,0.000,-62.958,-13.055,1.880,4.815,1.050,1.954
386.018,51.405,-16.302,0.000,-51.805,-10.390,9.730,4.644,1.050,2.301
386.024,58.763,-16.302,0.000,-42.550,-20.981,15.968,4.559,1.050,2.447
386.031,66.121,-16.302,0.000,-33.656,-18.230,10.085,4.490,1.050,2.532
386.037,72.778,-16.302,0.000,-21.261,-23.386,12.451,4.232,1.050,2.815
386.044,79.088,-16.302,0.000,-12.855,-26.856,8.207,4.137,1.050,2.829
386.051,85.398,-16.302,0.000,-4.381,-17.691,7.078,4.040,1.050,2.735
386.057,91.708,-16.302,0.000,9.321,-28.790,10.363,3.707,1.050,3.086
386.064,101.380,-17.947,0.000,15.953,-22.539,6.284,3.844,1.050,2.821
386.070,106.910,-17.947,0.000,28.374,-20.558,12.843,3.534,1.050,3.086
386.077,111.597,-17.947,0.000,43.845,-24.734,13.580,3.049,1.050,3.506
386.083,116.284,-17.947,0.000,51.621,-19.059,9.991,2.910,1.050,3.204
386.090,120.971,-17.947,0.000,62.391,-11.969,10.493,2.636,1.050,3.191
386.097,125.580,-17.947,0.000,71.536,-19.799,11.791,2.432,1.050,3.077
386.103,128.490,-17.947,0.000,78.447,-16.419,8.851,2.252,1.050,2.821
386.110,131.400,-17.947,0.000,89.500,-14.206,14.018,1.886,1.050,2.952
386.116,134.311,-17.947,0.000,102.024,-19.757,12.480,1.453,1.050,3.175
386.123,150.857,-19.102,0.000,104.746,-15.927,7.418,2.075,1.050,2.628
386.129,151.954,-19.102,0.000,109.423,-10.129,8.874,1.914,1.050,2.266
386.136,160.472,-19.102,0.000,118.540,-14.418,9.657,1.887,1.050,2.421
386.142,162.795,-19.102,0.000,121.711,-14.248,8.048,1.849,1.050,2.091
386.149,162.678,-19.102,0.000,128.063,-5.499,11.002,1.558,1.050,2.061
386.156,161.893,-19.102,0.000,133.248,-9.137,15.327,1.289,1.050,1.939
386.162,161.108,-19.102,0.000,132.049,-11.196,14.392,1.308,1.050,1.349
386.169,168.891,-18.808,0.000,134.482,-1.726,8.439,1.548,1.050,1.173
386.175,166.373,-18.808,0.000,139.901,1.531,10.366,1.191,1.050,1.269
386.182,163.754,-18.808,0.000,147.238,-6.723,12.332,0.743,1.050,1.530
386.188,161.136,-18.808,0.000,149.391,-8.260,9.898,0.529,1.050,1.328
386.194,195.852,-17.387,0.000,151.346,-4.179,10.781,2.003,1.050,1.113
386.201,196.692,-16.839,0.000,157.707,-8.773,10.045,1.754,1.050,1.297
386.208,192.255,-16.839,0.000,156.055,-7.997,3.998,1.629,1.050,0.915
386.214,187.817,-16.839,0.000,155.392,-4.117,2.881,1.459,1.050,0.629
386.221,198.175,-17.666,0.000,164.620,-9.213,6.975,1.510,1.050,1.161
386.227,193.572,-17.112,0.000,165.094,-14.609,6.439,1.281,1.050,0.992
386.234,187.428,-17.112,0.000,168.589,-6.686,4.776,0.848,1.050,0.983
386.241,181.285,-17.112,0.000,172.886,-6.126,5.567,0.378,1.050,1.047
386.247,175.142,-17.112,0.000,174.260,-8.879,5.132,0.040,1.050,0.893
386.254,168.999,-17.112,0.000,178.961,-6.836,2.589,-0.448,1.042,0.987
386.260,159.729,-16.839,0.000,181.340,-2.182,6.498,-0.973,1.024,0.898
386.267,152.408,-16.569,0.000,190.553,-6.516,8.334,-1.717,0.991,1.373
386.273,145.083,-16.569,0.000,191.050,-6.721,6.607,-2.069,0.950,1.143
386.280,137.759,-16.569,0.000,190.490,3.065,5.103,-2.373,0.899,0.801
386.287,130.434,-16.569,0.000,196.062,2.635,6.319,-2.953,0.839,1.020
386.293,123.110,-16.569,0.000,192.322,-2.185,5.321,-3.115,0.774,0.525
386.300,91.850,-13.539,0.000,188.023,-1.541,0.227,-4.328,0.679,0.044
386.306,84.481,-13.539,0.000,184.500,1.098,-0.476,-4.501,0.580,-0.273
386.313,77.112,-13.539,0.000,176.342,3.202,-0.079,-4.465,0.480,-0.860
386.320,69.743,-13.539,0.000,172.175,0.187,2.427,-4.609,0.378,-0.958
386.326,31.068,-6.974,0.000,161.493,-4.856,2.363,-5.869,0.269,-1.539
386.333,23.709,-6.974,0.000,152.451,-4.121,1.405,-5.793,0.142,-1.817
386.339,16.533,-6.974,0.000,137.024,-0.180,-0.870,-5.422,0.021,-2.502
386.346,2.756,-6.621,0.000,125.087,1.464,-1.221,-5.505,-0.102,-2.781
386.353,-5.468,-6.446,0.000,112.772,0.486,-0.688,-5.321,-0.220,-3.008
386.359,-13.023,-6.272,0.000,96.501,-0.247,1.128,-4.929,-0.330,-3.465
386.366,-19.335,-6.272,0.000,81.128,1.026,1.949,-4.521,-0.432,-3.754
386.373,-35.779,-4.114,0.000,63.995,5.274,-2.529,-4.490,-0.535,-4.076
386.379,-42.990,-3.014,0.000,47.447,11.484,-5.992,-4.070,-0.628,-4.358
386.386,-47.680,-3.014,0.000,32.587,12.796,-6.701,-3.612,-0.712,-4.415
386.393,-52.371,-3.014,0.000,18.368,9.305,-4.703,-3.183,-0.786,-4.374
386.399,-64.292,-1.043,0.000,5.484,7.021,-4.357,-3.140,-0.857,-4.223
386.405,-68.827,-1.043,0.000,-7.307,6.534,-2.109,-2.768,-0.916,-4.178
386.411,-71.742,-1.043,0.000,-18.784,4.496,-0.589,-2.383,-0.967,-4.076
386.418,-74.245,-0.893,0.000,-26.961,6.154,-1.550,-2.128,-1.014,-3.717
386.424,-77.156,-0.893,0.000,-35.330,12.133,-3.743,-1.882,-1.050,-3.443
386.430,-78.938,-0.744,0.000,-45.885,15.819,-6.189,-1.487,-1.050,-3.424
386.436,-80.037,-0.744,0.000,-51.559,19.543,-7.192,-1.282,-1.050,-3.061
386.442,-81.138,-0.595,0.000,-58.751,26.123,-9.646,-1.007,-1.050,-2.891
386.448,-81.963,-0.595,0.000,-65.714,27.096,-7.709,-0.731,-1.050,-2.822
386.454,-81.184,-0.595,0.000,-70.623,25.856,-7.040,-0.475,-1.050,-2.554
386.460,-79.994,-0.595,0.000,-73.549,21.636,-5.210,-0.290,-1.050,-2.161
386.466,-79.215,-0.595,0.000,-75.250,19.602,-3.878,-0.178,-1.050,-1.712
386.472,-78.841,-0.595,0.000,-79.624,16.342,-4.169,0.035,-1.050,-1.609
386.478,-76.227,-0.595,0.000,-83.897,15.172,-5.191,0.345,-1.044,-1.538
386.484,-73.613,-0.595,0.000,-83.776,16.131,-7.566,0.457,-1.037,-1.176
386.490,-75.148,-0.595,0.000,-87.528,13.000,-9.874,0.557,-1.029,-1.257
386.497,-74.882,-0.595,0.000,-87.408,11.725,-9.509,0.564,-1.019,-0.972
386.503,-76.432,-0.744,0.000,-87.490,7.743,-7.340,0.498,-1.007,-0.772
386.510,-72.004,-0.744,0.000,-88.810,5.261,-8.744,0.756,-0.993,-0.698
386.516,-67.577,-0.744,0.000,-91.563,5.668,-7.998,1.079,-0.970,-0.704
386.523,-70.560,-0.893,0.000,-98.853,4.267,-8.569,1.273,-0.948,-1.110
386.529,-67.001,-0.893,0.000,-100.961,2.799,-8.335,1.528,-0.917,-0.997
386.536,-60.869,-0.893,0.000,-105.127,5.240,-9.275,1.992,-0.878,-1.064
386.542,-59.491,-0.595,0.000,-111.289,9.904,-12.351,2.331,-0.834,-1.360
386.547,-53.350,-0.595,0.000,-115.097,11.473,-12.050,2.779,-0.790,-1.419
386.552,-47.071,-0.595,0.000,-117.378,14.477,-10.451,3.164,-0.737,-1.318
386.557,-39.747,-0.595,0.000,-120.457,16.998,-11.501,3.632,-0.678,-1.302
386.562,-32.423,-0.595,0.000,-121.637,19.911,-10.456,4.015,-0.612,-1.080
386.567,-25.098,-0.595,0.000,-121.609,25.282,-12.089,4.343,-0.538,-0.768
386.573,-17.774,-0.595,0.000,-123.886,28.519,-13.114,4.775,-0.460,-0.794
386.578,-10.450,-0.595,0.000,-124.701,33.818,-14.878,5.141,-0.373,-0.647
386.583,-3.125,-0.595,0.000,-119.732,33.154,-15.151,5.247,-0.282,0.096
386.588,4.224,-0.446,0.000,-113.226,31.521,-14.359,5.285,-0.187,0.743
386.593,11.592,-0.446,0.000,-108.686,30.118,-12.809,5.412,-0.092,0.984
386.599,18.961,-0.446,0.000,-103.011,30.786,-14.196,5.489,0.004,1.269
386.604,26.329,-0.446,0.000,-96.191,29.001,-15.382,5.513,0.101,1.564
386.609,33.697,-0.446,0.000,-91.713,27.643,-16.928,5.643,0.200,1.598
386.615,41.065,-0.446,0.000,-84.147,29.302,-18.297,5.635,0.299,1.890
386.620,47.741,-0.446,0.000,-77.504,31.196,-17.710,5.636,0.398,1.980
386.625,54.052,-0.446,0.000,-71.257,33.191,-20.086,5.639,0.502,2.012
386.631,60.362,-0.446,0.000,-60.654,34.498,-21.751,5.446,0.598,2.452
386.636,66.681,-0.297,0.000,-47.589,30.577,-21.139,5.142,0.688,3.159
386.642,75.106,-0.297,0.000,-37.896,26.395,-23.166,5.085,0.799,3.069
386.648,80.111,-0.149,0.000,-30.417,24.019,-24.097,4.974,0.883,3.033
386.654,86.351,-0.149,0.000,-21.531,26.943,-23.695,4.855,0.979,2.889
386.659,92.598,-0.149,0.000,-9.207,25.575,-19.838,4.581,1.050,3.222
386.665,98.205,-0.149,0.000,1.683,20.271,-18.275,4.343,1.050,3.408
386.671,102.085,-0.149,0.000,7.086,23.261,-21.234,4.275,1.050,2.906
386.677,105.966,-0.149,0.000,14.359,25.835,-25.609,4.122,1.050,2.749
386.683,108.643,-0.149,0.000,19.749,19.023,-24.021,4.000,1.050,2.473
386.689,110.103,-0.149,0.000,27.157,16.489,-22.294,3.733,1.050,2.473
386.695,111.564,-0.149,0.000,27.616,16.026,-20.473,3.778,1.050,1.681
386.701,111.223,-0.149,0.000,35.290,14.586,-19.795,3.417,1.050,2.050
386.707,110.177,-0.149,0.000,40.368,7.468,-22.871,3.141,1.050,2.009
386.713,109.130,-0.149,0.000,42.796,10.683,-27.648,2.985,1.050,1.672
386.719,105.925,-0.149,0.000,49.696,12.244,-24.709,2.530,1.050,1.803
386.725,102.434,-0.149,0.000,51.525,9.106,-21.059,2.291,1.050,1.448
386.731,98.532,-0.149,0.000,53.409,12.254,-23.609,2.031,1.050,1.285
386.736,94.392,0.000,0.000,52.834,16.403,-22.541,1.870,1.050,0.944
386.742,89.959,0.000,0.000,55.473,21.512,-23.168,1.552,1.050,0.959
386.747,85.528,0.000,0.000,54.639,13.601,-25.253,1.390,1.050,0.671
386.753,81.097,0.000,0.000,53.834,7.813,-28.388,1.227,1.050,0.357
386.758,75.333,0.000,0.000,56.904,6.516,-29.118,0.829,1.050,0.577
386.763,69.345,0.744,0.000,54.025,1.480,-29.559,0.689,1.050,0.213
386.769,63.201,0.744,0.000,62.828,3.047,-25.582,0.017,1.050,0.881
386.775,57.058,0.744,0.000,60.264,-5.430,-23.574,-0.144,1.049,0.500
386.781,50.915,1.192,0.000,55.633,0.880,-24.804,-0.212,1.046,0.003
386.787,44.809,1.192,0.000,55.986,1.971,-23.947,-0.503,1.038,0.022
386.793,37.485,1.192,0.000,51.941,-3.671,-22.196,-0.651,1.024,-0.356
386.799,30.160,1.192,0.000,48.478,5.591,-24.762,-0.824,1.008,-0.569
386.805,22.836,1.192,0.000,50.651,6.000,-26.560,-1.252,0.986,-0.243
386.811,17.657,1.192,0.000,52.761,-1.347,-30.666,-1.580,0.954,-0.071
386.818,10.343,1.192,0.000,49.682,1.032,-30.626,-1.770,0.918,-0.322
386.824,3.026,1.192,0.000,56.156,1.327,-27.931,-2.391,0.875,0.318
386.830,-4.333,1.192,0.000,57.357,-5.040,-28.698,-2.776,0.822,0.380
386.836,-10.084,1.192,0.000,50.272,0.030,-27.634,-2.716,0.767,-0.290
386.842,-17.443,1.192,0.000,50.168,1.180,-25.576,-3.042,0.708,-0.219
386.848,-24.802,1.192,0.000,49.650,-0.549,-29.977,-3.350,0.639,-0.227
386.854,-32.161,1.192,0.000,41.871,1.628,-30.158,-3.331,0.571,-0.831
386.860,-38.709,1.192,0.000,35.943,-0.956,-26.794,-3.359,0.504,-1.074
386.867,-44.517,1.043,0.000,31.726,-2.842,-29.311,-3.431,0.434,-1.124
386.873,-50.838,1.043,0.000,22.799,0.600,-28.394,-3.314,0.360,-1.518
386.880,-57.160,1.043,0.000,11.573,-3.161,-27.559,-3.093,0.289,-2.022
386.886,-63.481,1.043,0.000,-4.932,3.321,-32.878,-2.635,0.228,-2.768
386.893,-69.802,1.043,0.000,-19.056,-1.387,-29.266,-2.284,0.174,-3.154
386.899,-72.753,-0.149,0.000,-25.021,-2.875,-28.923,-2.148,0.131,-2.862
386.905,-77.444,-0.297,0.000,-37.758,1.896,-27.700,-1.786,0.094,-3.250
386.911,-82.134,-0.297,0.000,-44.894,4.709,-24.638,-1.676,0.060,-3.005
386.917,-86.825,-0.297,0.000,-50.975,5.122,-27.606,-1.613,0.026,-2.787
386.923,-90.582,-0.297,0.000,-61.767,13.164,-29.075,-1.297,-0.004,-3.009
386.929,-95.637,-0.297,0.000,-72.537,10.803,-25.133,-1.039,-0.028,-3.142
386.936,-98.551,-0.297,0.000,-74.604,9.795,-28.376,-1.078,-0.050,-2.512
386.942,-101.466,-0.297,0.000,-82.657,16.400,-29.429,-0.846,-0.069,-2.535
386.948,-105.329,-0.297,0.000,-94.669,14.401,-23.268,-0.480,-0.079,-2.857
386.954,-106.430,-0.297,0.000,-99.501,17.890,-25.586,-0.312,-0.085,-2.498
386.960,-107.531,-0.297,0.000,-106.944,25.544,-27.461,-0.026,-0.088,-2.497
386.966,-108.394,-0.297,0.000,-118.034,23.588,-23.185,0.434,-0.082,-2.779
386.972,-107.613,-0.297,0.000,-125.337,27.613,-24.791,0.798,-0.068,-2.663
386.979,-109.719,-0.149,0.000,-127.211,31.797,-26.202,0.787,-0.051,-2.187
386.984,-108.940,-0.149,0.000,-133.678,29.829,-27.239,1.113,-0.034,-2.261
386.989,-107.383,-0.149,0.000,-140.459,22.328,-24.897,1.488,-0.012,-2.385
386.994,-105.219,1.192,0.000,-144.644,19.079,-21.189,1.774,0.017,-2.218
386.999,-102.609,1.192,0.000,-147.643,15.842,-18.776,2.027,0.049,-1.968
387.004,-99.998,2.248,0.000,-148.144,22.024,-19.841,2.167,0.087,-1.526
387.010,-96.378,7.515,0.000,-146.749,26.565,-21.746,2.267,0.126,-1.109
387.016,-91.950,7.515,0.000,-145.161,29.218,-21.907,2.394,0.172,-0.660
387.021,-87.367,12.155,0.000,-142.466,24.808,-22.851,2.479,0.218,-0.265
387.027,-82.934,15.261,0.000,-136.081,25.938,-24.963,2.392,0.263,0.386
387.032,-78.026,15.261,0.000,-130.489,26.666,-21.875,2.361,0.306,0.771
387.038,-71.885,15.261,0.000,-122.938,22.068,-19.965,2.297,0.350,1.253
387.044,-66.047,23.207,0.000,-121.002,18.723,-18.811,2.473,0.397,1.097
387.050,-60.058,28.300,0.000,-114.851,23.731,-21.864,2.466,0.448,1.311
387.057,-53.918,28.300,0.000,-111.374,25.538,-20.894,2.586,0.505,1.281
387.063,-47.662,28.300,0.000,-103.316,25.354,-20.246,2.504,0.560,1.593
387.070,-40.338,28.300,0.000,-91.757,30.467,-17.792,2.314,0.611,2.071
387.076,-34.360,53.734,0.000,-88.264,26.509,-17.462,2.426,0.661,1.805
387.083,-27.036,53.734,0.000,-85.173,33.281,-16.452,2.616,0.714,1.510
387.089,-19.863,64.839,0.000,-78.739,28.507,-13.611,2.649,0.771,1.645
387.096,-12.236,66.347,0.000,-77.861,39.421,-14.913,2.953,0.835,1.318
387.102,-4.912,66.347,0.000,-75.292,39.328,-12.403,3.167,0.904,1.206
387.109,2.437,66.347,0.000,-68.339,45.811,-16.173,3.185,0.972,1.433
387.115,9.805,66.347,0.000,-61.462,47.740,-17.567,3.207,1.041,1.652
387.121,18.667,62.630,0.000,-51.604,45.597,-16.436,3.162,1.050,2.085
387.127,26.035,62.630,0.000,-45.131,44.910,-16.179,3.202,1.050,2.232
387.132,33.403,62.630,0.000,-44.369,51.650,-15.881,3.500,1.050,1.782
387.138,40.771,62.630,0.000,-38.596,60.865,-14.412,3.572,1.050,1.853
387.143,47.623,53.094,0.000,-35.336,62.857,-13.448,3.733,1.050,1.736
387.149,53.939,48.185,0.000,-27.633,60.822,-13.577,3.671,1.050,1.978
387.154,60.249,48.185,0.000,-25.127,65.654,-13.515,3.842,1.050,1.779
387.160,66.568,36.032,0.000,-23.287,72.076,-12.878,4.043,1.050,1.530
387.165,72.887,29.491,0.000,-19.837,76.415,-15.107,4.173,1.050,1.494
387.171,78.467,29.491,0.000,-19.014,71.641,-11.376,4.387,1.050,1.189
387.176,83.154,29.491,0.000,-9.215,66.012,-10.641,4.157,1.050,1.734
387.182,87.841,29.491,0.000,-4.327,68.498,-11.813,4.148,1.050,1.814
387.187,92.528,13.068,0.000,1.822,70.229,-11.412,4.082,1.050,1.916
387.193,97.191,13.068,0.000,7.801,68.563,-10.492,4.023,1.050,2.058
387.199,100.101,13.068,0.000,13.653,65.711,-8.794,3.890,1.050,2.135
387.204,103.009,0.149,0.000,26.048,64.500,-3.591,3.463,1.050,2.928
387.210,106.884,0.149,0.000,40.305,59.392,-4.920,2.996,1.050,3.663
387.216,108.989,0.149,0.000,43.302,59.287,-9.412,2.956,1.050,2.888
387.222,110.449,0.149,0.000,51.037,59.480,-12.331,2.674,1.050,2.734
387.228,112.357,-0.446,0.000,59.001,53.092,-10.138,2.401,1.050,2.588
387.234,111.684,-0.446,0.000,71.611,43.939,-8.700,1.803,1.050,2.921
387.240,110.899,-0.446,0.000,71.856,40.722,-8.624,1.757,1.050,2.256
387.247,110.113,-0.446,0.000,73.210,37.270,-6.243,1.661,1.050,1.776
387.253,108.887,-0.446,0.000,79.795,30.906,-4.941,1.309,1.050,1.871
387.259,106.269,-0.446,0.000,81.405,29.389,-6.380,1.119,1.050,1.498
387.265,103.650,-0.446,0.000,87.712,33.469,-6.690,0.717,1.050,1.597
387.271,101.182,-0.446,0.000,88.728,30.452,-3.411,0.560,1.050,1.294
387.277,97.587,-0.446,0.000,91.958,24.434,0.075,0.253,1.050,1.245
387.283,93.156,-0.446,0.000,93.665,19.985,-0.502,-0.023,1.050,1.108
387.289,88.725,-0.446,0.000,90.855,17.103,-3.175,-0.096,1.049,0.630
387.295,84.291,-0.595,0.000,89.888,20.437,-4.935,-0.252,1.043,0.343
387.301,79.690,-0.595,0.000,89.178,20.807,-6.380,-0.427,1.035,0.126
387.307,73.556,-0.595,0.000,87.144,22.475,-7.546,-0.611,1.023,-0.123
387.312,67.421,-0.595,0.000,87.487,23.653,-5.303,-0.903,1.008,-0.080
387.318,64.646,-1.944,0.000,89.187,22.452,-2.868,-1.104,0.987,0.059
387.325,58.511,-1.944,0.000,92.237,22.589,-0.611,-1.518,0.955,0.249
387.331,52.377,-1.944,0.000,88.657,25.375,-2.031,-1.633,0.921,-0.060
387.338,45.169,-1.944,0.000,87.472,29.271,-2.540,-1.904,0.881,-0.147
387.344,47.195,-6.621,0.000,85.753,29.205,1.843,-1.735,0.841,-0.257
387.351,42.086,-6.797,0.000,84.644,31.078,2.636,-1.915,0.800,-0.294
387.358,34.762,-6.797,0.000,84.774,33.052,2.318,-2.251,0.755,-0.146
387.364,27.437,-6.797,0.000,79.545,37.495,1.302,-2.345,0.703,-0.519
387.371,20.113,-6.797,0.000,77.941,41.979,3.228,-2.602,0.648,-0.517
387.378,25.947,-14.757,0.000,78.647,40.546,4.426,-2.372,0.597,-0.331
387.384,19.376,-15.008,0.000,69.971,37.524,2.728,-2.277,0.548,-0.883
387.391,12.007,-15.008,0.000,68.392,48.699,6.320,-2.537,0.493,-0.787
387.397,7.565,-16.038,0.000,67.790,38.008,7.521,-2.710,0.435,-0.658
387.404,1.075,-16.839,0.000,59.109,33.924,5.230,-2.612,0.376,-1.144
387.411,-6.283,-16.839,0.000,54.626,40.244,5.502,-2.741,0.317,-1.187
387.417,-13.161,-16.839,0.000,55.015,31.820,7.404,-3.068,0.253,-0.865
387.424,-19.483,-16.302,0.000,46.530,35.472,1.734,-2.971,0.184,-1.291
387.431,-26.244,-16.569,0.000,40.124,34.226,7.429,-2.987,0.118,-1.445
387.437,-32.566,-16.569,0.000,30.831,29.297,9.029,-2.853,0.057,-1.725
387.444,-38.887,-16.569,0.000,29.809,33.888,10.247,-3.091,-0.011,-1.403
387.450,-45.619,-16.038,0.000,22.965,21.535,14.177,-3.086,-0.079,-1.590
387.457,-50.310,-16.038,0.000,8.143,13.199,8.246,-2.630,-0.139,-2.266
387.464,-55.000,-16.038,0.000,-2.740,20.061,11.602,-2.352,-0.194,-2.577
387.470,-59.691,-16.038,0.000,-9.916,13.748,10.011,-2.240,-0.244,-2.431
387.477,-64.381,-19.398,0.000,-20.105,22.047,5.552,-1.992,-0.290,-2.604
387.484,-67.148,-19.697,0.000,-25.722,13.676,13.490,-1.864,-0.333,-2.417
387.490,-70.063,-19.697,0.000,-33.867,10.840,11.812,-1.629,-0.371,-2.441
387.497,-72.977,-19.697,0.000,-45.262,13.078,16.116,-1.247,-0.401,-2.697
387.503,-76.495,-20.000,0.000,-50.702,1.766,14.255,-1.161,-0.426,-2.405
387.510,-77.596,-20.000,0.000,-57.578,7.547,11.334,-0.901,-0.448,-2.331
387.517,-78.697,-20.000,0.000,-57.628,-4.862,17.723,-0.948,-0.468,-1.727
387.523,-79.798,-20.000,0.000,-67.653,-2.239,11.155,-0.547,-0.483,-2.059
387.530,-84.862,-19.697,0.000,-71.150,-13.062,20.981,-0.617,-0.499,-1.841
387.536,-85.189,-19.398,0.000,-74.250,-20.103,18.018,-0.492,-0.511,-1.619
387.543,-84.408,-19.398,0.000,-77.533,-13.728,20.340,-0.309,-0.519,-1.459
387.550,-83.627,-19.398,0.000,-86.188,-10.129,10.171,0.115,-0.519,-1.728
387.556,-84.276,-17.947,0.000,-86.672,2.565,13.269,0.108,-0.517,-1.348
387.563,-81.662,-17.947,0.000,-84.506,-8.175,12.245,0.128,-0.511,-0.774
387.570,-79.710,-18.231,0.000,-84.622,-4.076,17.409,0.221,-0.508,-0.601
387.576,-77.019,-18.231,0.000,-77.027,-17.295,21.732,0.000,-0.507,0.105
387.583,-72.586,-18.518,0.000,-85.035,-7.302,16.824,0.560,-0.499,-0.532
387.590,-68.152,-18.518,0.000,-80.707,-17.503,14.226,0.565,-0.487,-0.113
387.596,-63.718,-18.518,0.000,-90.648,-0.741,5.863,1.212,-0.465,-0.833
387.603,-59.286,-18.808,0.000,-87.885,-11.306,10.109,1.287,-0.437,-0.425
387.610,-53.833,-18.808,0.000,-95.634,-1.713,7.047,1.881,-0.401,-0.899
387.616,-47.363,-20.306,0.000,-94.847,-16.726,19.228,2.137,-0.355,-0.621
387.623,-41.223,-20.306,0.000,-101.230,-18.744,14.718,2.700,-0.298,-0.904
387.630,-35.082,-20.306,0.000,-106.218,-0.645,15.633,3.201,-0.230,-1.045
387.636,-28.941,-20.306,0.000,-109.043,-3.044,10.876,3.605,-0.154,-1.013
387.643,-21.969,-21.243,0.000,-114.463,5.804,11.636,4.162,-0.067,-1.177
387.649,-14.645,-21.243,0.000,-104.125,-11.717,16.839,4.027,0.024,-0.109
387.656,-7.321,-21.243,0.000,-104.350,0.750,21.246,4.366,0.121,-0.068
387.663,0.004,-21.243,0.000,-100.651,-5.370,16.861,4.529,0.220,0.206
387.670,7.328,-21.243,0.000,-101.949,0.456,16.833,4.917,0.324,0.038
387.676,14.642,-29.491,0.000,-91.790,-3.123,8.975,4.789,0.432,0.778
387.683,22.299,-38.443,0.000,-89.597,3.010,10.363,5.035,0.542,0.764
387.689,29.662,-45.304,0.000,-88.607,5.744,6.373,5.322,0.658,0.681
387.696,37.030,-45.304,0.000,-78.896,-2.771,17.064,5.217,0.772,1.231
387.703,45.428,-48.185,0.000,-70.731,-5.136,13.949,5.227,0.888,1.574
387.709,52.796,-48.185,0.000,-52.414,-17.514,21.594,4.734,0.996,2.513
387.716,61.227,-47.598,0.000,-42.641,-8.407,9.140,4.674,1.050,2.636
387.722,68.595,-47.598,0.000,-28.269,-26.267,14.351,4.359,1.050,3.058
387.729,77.961,-49.377,0.000,-18.799,-20.537,12.248,4.354,1.050,3.031
387.735,84.673,-48.778,0.000,-4.165,-35.564,17.122,3.998,1.050,3.412
387.742,90.992,-48.778,0.000,1.456,-21.965,13.541,4.029,1.050,2.985
387.749,100.605,-53.094,0.000,12.529,-33.449,13.464,3.963,1.050,3.092
387.755,106.924,-53.094,0.000,16.984,-24.129,13.121,4.047,1.050,2.670
387.762,113.275,-54.380,0.000,28.134,-41.539,15.919,3.831,1.050,2.845
387.768,117.956,-54.380,0.000,32.186,-25.593,14.606,3.860,1.050,2.439
387.775,122.200,-55.033,0.000,42.029,-35.902,15.778,3.608,1.050,2.593
387.781,126.887,-55.033,0.000,44.451,-24.135,12.947,3.710,1.050,2.115
387.788,130.980,-55.033,0.000,54.927,-30.956,8.100,3.422,1.050,2.350
387.795,133.889,-58.390,0.000,51.261,-17.445,9.369,3.718,1.050,1.503
387.801,136.795,-58.390,0.000,61.026,-29.626,13.980,3.410,1.050,1.858
387.808,139.701,-59.777,0.000,63.322,-19.404,13.604,3.437,1.050,1.538
387.814,142.349,-61.907,0.000,71.781,-31.291,16.040,3.176,1.050,1.828
387.821,143.895,-63.360,0.000,70.869,-18.370,12.578,3.286,1.050,1.315
387.828,145.445,-64.096,0.000,83.854,-33.484,15.458,2.772,1.050,1.974
387.834,146.542,-64.096,0.000,82.606,-18.532,7.629,2.877,1.050,1.397
387.841,145.888,-64.096,0.000,94.182,-36.369,14.686,2.327,1.050,1.917
387.847,145.102,-64.839,0.000,93.610,-33.244,8.272,2.317,1.050,1.372
387.854,144.317,-64.839,0.000,102.177,-45.511,9.417,1.896,1.050,1.635
387.861,143.109,-64.839,0.000,103.079,-29.144,7.229,1.801,1.050,1.326
387.867,139.588,-64.096,0.000,110.470,-43.574,16.145,1.310,1.050,1.522
387.874,136.525,-61.907,0.000,111.020,-38.816,8.723,1.148,1.050,1.185
387.880,133.907,-61.907,0.000,120.429,-48.659,12.857,0.607,1.050,1.580
387.887,130.322,-61.907,0.000,116.284,-43.727,6.339,0.632,1.050,0.901
387.893,124.578,-59.777,0.000,116.800,-40.175,11.254,0.350,1.050,0.717
387.900,118.873,-58.390,0.000,125.595,-50.300,6.789,-0.302,1.047,1.173
387.907,114.436,-58.390,0.000,122.475,-38.317,5.918,-0.362,1.039,0.642
387.913,107.033,-54.380,0.000,125.515,-42.837,7.123,-0.832,1.027,0.758
387.920,100.505,-54.380,0.000,125.910,-32.747,4.485,-1.143,1.004,0.613
387.926,94.361,-54.380,0.000,126.564,-45.047,8.944,-1.449,0.974,0.483
387.933,88.218,-54.380,0.000,117.965,-41.461,3.863,-1.339,0.944,-0.266
387.940,81.694,-51.831,0.000,124.532,-28.659,8.988,-1.928,0.906,0.279
387.946,75.932,-51.209,0.000,126.488,-34.532,13.965,-2.275,0.859,0.377
387.953,68.711,-51.209,0.000,120.010,-28.193,8.901,-2.308,0.807,-0.181
387.959,61.386,-51.209,0.000,121.234,-36.175,11.761,-2.693,0.750,-0.089
387.966,54.062,-51.209,0.000,115.731,-39.288,2.282,-2.775,0.691,-0.460
387.973,46.737,-51.209,0.000,103.864,-22.943,-1.611,-2.571,0.632,-1.262
387.979,39.413,-51.209,0.000,99.206,-32.106,1.309,-2.691,0.573,-1.308
387.986,32.088,-51.209,0.000,97.445,-27.315,-0.412,-2.941,0.510,-1.123
387.992,24.746,-51.831,0.000,88.298,-31.634,6.002,-2.860,0.446,-1.557
387.999,17.388,-51.831,0.000,79.464,-39.839,10.259,-2.793,0.385,-1.805
388.006,10.022,-51.831,0.000,73.121,-37.416,6.438,-2.839,0.323,-1.814
388.012,2.653,-52.459,0.000,65.081,-36.262,5.516,-2.809,0.260,-2.006
388.019,-4.716,-52.459,0.000,57.935,-46.741,5.189,-2.819,0.199,-2.050
388.025,-11.700,-54.380,0.000,50.247,-42.090,-3.636,-2.788,0.137,-2.099
388.032,-18.582,-54.380,0.000,43.571,-32.629,-1.754,-2.797,0.075,-2.112
388.039,-24.515,-55.033,0.000,35.036,-39.374,2.105,-2.680,0.016,-2.209
388.045,-30.836,-55.033,0.000,31.128,-38.908,-0.310,-2.788,-0.045,-1.946
388.052,-37.158,-60.480,0.000,23.991,-38.465,2.819,-2.752,-0.106,-2.017
388.058,-43.479,-63.360,0.000,18.957,-43.769,8.657,-2.810,-0.166,-1.878
388.065,-49.335,-63.360,0.000,11.623,-41.167,5.555,-2.743,-0.227,-1.953
388.072,-54.025,-63.360,0.000,1.709,-36.962,2.118,-2.508,-0.284,-2.250
388.078,-58.709,-83.919,0.000,-2.861,-43.951,4.240,-2.513,-0.339,-2.033
388.085,-63.400,-87.651,0.000,-16.528,-37.645,-3.542,-2.109,-0.388,-2.529
388.092,-68.090,-87.651,0.000,-23.554,-29.782,-3.644,-2.004,-0.435,-2.458
388.098,-71.280,-99.643,0.000,-29.000,-40.033,4.033,-1.903,-0.478,-2.242
388.105,-74.195,-99.643,0.000,-38.751,-43.020,-2.768,-1.595,-0.514,-2.379
388.111,-77.109,-99.643,0.000,-43.034,-39.083,1.803,-1.533,-0.550,-2.148
388.118,-79.761,-101.762,0.000,-44.224,-47.401,4.681,-1.599,-0.583,-1.663
388.125,-80.862,-101.762,0.000,-52.013,-50.257,2.541,-1.298,-0.614,-1.850
388.131,-81.963,-101.762,0.000,-56.763,-53.362,7.374,-1.134,-0.641,-1.784
388.138,-83.064,-101.762,0.000,-56.465,-65.868,4.506,-1.197,-0.667,-1.303
388.144,-83.326,-101.762,0.000,-63.192,-58.810,-2.133,-0.906,-0.690,-1.515
388.151,-82.546,-101.762,0.000,-66.593,-66.493,4.589,-0.718,-0.708,-1.407
388.158,-81.765,-101.762,0.000,-75.126,-69.929,-1.429,-0.299,-0.717,-1.663
388.164,-80.986,-101.762,0.000,-77.703,-68.452,0.978,-0.148,-0.722,-1.462
388.171,-78.844,-101.762,0.000,-75.770,-74.560,7.051,-0.138,-0.725,-0.948
388.177,-76.234,-101.762,0.000,-84.724,-74.148,2.833,0.382,-0.720,-1.359
388.184,-73.623,-101.762,0.000,-87.892,-78.917,7.945,0.642,-0.708,-1.281
388.191,-70.938,-101.762,0.000,-85.140,-89.453,8.315,0.639,-0.693,-0.740
388.197,-66.504,-101.762,0.000,-94.298,-82.955,-3.066,1.251,-0.670,-1.242
388.204,-62.461,-101.762,0.000,-96.458,-83.018,-0.307,1.530,-0.640,-1.143
388.211,-58.033,-101.762,0.000,-99.411,-83.095,-2.968,1.862,-0.601,-1.082
388.217,-53.606,-101.762,0.000,-105.666,-74.333,-6.514,2.343,-0.552,-1.271
388.224,-48.161,-101.762,0.000,-100.136,-76.044,1.486,2.339,-0.500,-0.527
388.231,-42.029,-101.762,0.000,-99.855,-74.896,1.481,2.602,-0.444,-0.376
388.237,-38.509,-100.698,0.000,-102.901,-67.600,4.156,2.898,-0.383,-0.515
388.244,-32.377,-100.698,0.000,-93.980,-75.792,8.152,2.772,-0.320,0.294
388.250,-26.245,-100.698,0.000,-90.050,-77.435,4.383,2.871,-0.258,0.533
388.257,-19.628,-100.698,0.000,-87.613,-75.658,8.217,3.059,-0.193,0.552
388.264,-12.313,-100.698,0.000,-85.284,-76.281,-0.277,3.284,-0.123,0.585
388.270,-15.531,-78.561,0.000,-82.445,-69.276,-0.627,3.011,-0.058,0.645
388.277,-8.207,-78.561,0.000,-71.960,-83.109,4.974,2.869,0.009,1.296
388.284,-0.883,-78.561,0.000,-73.329,-70.625,2.288,3.260,0.078,0.871
388.290,6.442,-78.561,0.000,-65.359,-77.947,10.391,3.231,0.151,1.231
388.297,13.766,-78.561,0.000,-61.044,-76.065,1.803,3.366,0.225,1.246
388.304,14.437,-49.377,0.000,-55.214,-70.942,4.978,3.134,0.299,1.386
388.310,21.795,-49.377,0.000,-49.348,-74.051,2.323,3.201,0.369,1.525
388.317,29.153,-49.377,0.000,-43.285,-73.449,4.070,3.260,0.438,1.562
388.323,36.511,-49.377,0.000,-32.771,-82.555,2.484,3.118,0.510,1.983
388.330,43.869,-49.377,0.000,-31.542,-67.653,-0.214,3.393,0.583,1.595
388.337,51.421,-44.191,0.000,-27.887,-78.721,8.964,3.569,0.659,1.476
388.343,57.804,-45.869,0.000,-18.040,-88.800,6.431,3.413,0.735,1.842
388.350,64.123,-45.869,0.000,-14.606,-75.856,4.921,3.543,0.810,1.590
388.356,70.442,-45.869,0.000,-7.284,-79.166,6.208,3.498,0.890,1.799
388.363,76.761,-45.869,0.000,-3.224,-70.875,-0.157,3.599,0.967,1.659
388.369,83.081,-29.897,0.000,1.591,-60.185,2.801,3.667,1.041,1.542
388.376,88.349,-27.526,0.000,13.288,-65.114,1.213,3.378,1.050,2.053
388.382,93.036,-27.526,0.000,14.363,-58.079,-1.347,3.540,1.050,1.607
388.389,98.106,-22.209,0.000,23.901,-60.332,8.062,3.339,1.050,1.922
388.395,102.793,-22.209,0.000,27.559,-52.018,6.399,3.386,1.050,1.710
388.402,106.912,-22.209,0.000,32.268,-45.056,7.256,3.359,1.050,1.671
388.408,109.822,-22.209,0.000,43.576,-48.708,10.502,2.981,1.050,2.077
388.415,116.972,-21.243,0.000,43.370,-40.627,3.720,3.312,1.050,1.515
388.422,121.819,-20.615,0.000,50.404,-32.972,7.705,3.214,1.050,1.647
388.428,123.604,-20.615,0.000,56.394,-34.623,4.655,3.024,1.050,1.758
388.435,124.699,-20.615,0.000,65.229,-21.036,3.514,2.676,1.050,1.984
388.441,131.093,-18.231,0.000,73.474,-30.163,5.644,2.593,1.050,2.103
388.448,132.190,-18.231,0.000,79.196,-20.321,0.935,2.385,1.050,1.997
388.455,131.562,-18.231,0.000,86.557,-22.019,6.047,2.025,1.050,2.046
388.461,133.678,-16.038,0.000,87.841,-29.959,5.171,2.063,1.050,1.681
388.468,132.893,-16.038,0.000,94.210,-17.971,5.459,1.741,1.050,1.727
388.475,131.711,-16.038,0.000,100.302,-30.643,8.841,1.413,1.050,1.713
388.481,129.092,-16.038,0.000,101.667,-32.892,1.480,1.234,1.050,1.424
388.488,132.759,-12.607,0.000,103.976,-19.509,2.768,1.295,1.050,1.211
388.494,130.140,-12.607,0.000,106.930,-22.350,5.811,1.044,1.050,1.186
388.501,126.581,-12.607,0.000,110.496,-17.163,4.508,0.724,1.050,1.150
388.507,126.841,-8.446,0.000,113.308,-15.154,6.983,0.609,1.050,1.017
388.514,122.404,-8.446,0.000,118.431,-19.663,7.166,0.179,1.050,1.219
388.521,117.967,-8.446,0.000,116.598,-10.143,2.192,0.062,1.050,0.766
388.527,116.193,-6.797,0.000,115.761,-8.835,8.888,0.019,1.049,0.491
388.534,110.538,-6.797,0.000,117.498,-11.243,7.443,-0.313,1.045,0.515
388.540,104.394,-6.797,0.000,113.170,-4.920,1.806,-0.395,1.038,0.088
388.547,100.745,-6.621,0.000,115.757,-5.277,5.471,-0.676,1.025,0.224
388.554,94.610,-6.621,0.000,112.825,-8.982,2.916,-0.820,1.009,-0.015
388.560,88.475,-6.621,0.000,109.327,-1.158,-0.826,-0.938,0.989,-0.294
388.567,81.288,-6.621,0.000,109.515,-9.787,4.128,-1.270,0.962,-0.236
388.574,90.378,-4.760,0.000,105.180,-11.476,-0.767,-0.666,0.939,-0.461
388.580,83.054,-4.760,0.000,97.192,-3.323,-2.864,-0.636,0.924,-0.981
388.587,75.729,-4.760,0.000,97.051,-1.406,0.994,-0.959,0.904,-0.777
388.593,68.405,-4.760,0.000,93.820,-3.349,3.894,-1.144,0.882,-0.782
388.600,68.083,-2.553,0.000,87.578,-3.768,1.085,-0.877,0.864,-1.022
388.607,61.479,-1.944,0.000,81.873,4.011,3.435,-0.918,0.843,-1.230
388.613,54.110,-1.944,0.000,84.829,3.994,5.983,-1.382,0.816,-0.709
388.620,46.740,-1.944,0.000,77.477,4.705,1.007,-1.383,0.785,-1.062
388.627,43.935,-1.043,0.000,75.574,5.542,-0.301,-1.424,0.752,-0.945
388.633,36.566,-1.043,0.000,76.538,2.084,3.111,-1.799,0.715,-0.655
388.640,29.197,-1.043,0.000,73.085,-5.153,3.839,-1.975,0.674,-0.734
388.646,28.785,-1.043,0.000,68.954,-0.839,-0.285,-1.808,0.634,-0.859
388.653,26.765,-1.043,0.000,66.108,-3.879,2.233,-1.770,0.594,-0.885
388.659,20.452,-1.043,0.000,62.703,-11.636,2.953,-1.901,0.554,-0.910
388.666,23.309,-1.043,0.000,55.085,-17.460,-0.806,-1.430,0.515,-1.223
388.673,16.996,-1.043,0.000,49.598,-1.502,-2.019,-1.467,0.482,-1.361
388.679,11.103,-1.043,0.000,45.592,-2.427,-0.024,-1.552,0.448,-1.332
388.686,13.318,-1.043,0.000,38.999,-4.206,1.822,-1.156,0.423,-1.477
388.693,8.627,-1.043,0.000,32.330,-2.335,-0.213,-1.067,0.399,-1.608
388.699,7.024,-1.043,-2.000,26.399,3.436,-1.682,-0.872,0.377,-1.694
388.706,2.333,-1.192,-1.000,23.218,8.927,-1.123,-0.940,0.357,-1.526
388.712,-0.905,-1.192,-1.000,17.624,9.454,-0.160,-0.834,0.340,-1.560
388.718,-3.820,-1.342,-3.000,12.371,8.586,0.254,-0.729,0.325,-1.569
388.725,-6.734,-1.342,-3.000,6.866,7.887,-0.562,-0.612,0.310,-1.591
388.731,-9.433,-1.492,-3.000,2.390,17.100,0.086,-0.532,0.297,-1.561
388.738,-10.534,-1.492,-4.000,4.110,17.120,0.133,-0.659,0.284,-1.028
388.745,-11.635,-2.096,-5.000,-5.500,15.875,-2.074,-0.276,0.276,-1.483
388.751,-12.737,-2.400,-5.000,-9.429,16.814,-6.195,-0.149,0.270,-1.505
388.757,-13.053,-2.400,-5.000,-12.525,17.900,-3.301,-0.024,0.268,-1.399
388.763,-12.272,-2.400,-5.000,-11.212,11.947,2.251,-0.048,0.267,-0.951
388.770,-11.491,-2.400,-5.000,-13.739,9.514,1.278,0.101,0.270,-0.854
388.776,-11.748,-3.325,-7.000,-17.522,9.647,-2.174,0.260,0.275,-0.909
388.783,-9.652,-3.325,-7.000,-19.486,15.158,-0.493,0.443,0.282,-0.862
388.789,-9.087,-5.255,-7.000,-18.730,9.305,4.371,0.434,0.293,-0.577
388.796,-9.483,-6.100,-7.000,-23.219,7.837,-1.970,0.618,0.308,-0.737
388.802,-6.836,-6.100,-7.000,-28.641,10.366,-6.197,0.981,0.326,-0.966
388.809,-11.895,-6.621,-7.000,-28.463,3.235,-4.794,0.746,0.341,-0.734
388.816,-7.461,-6.621,-7.000,-37.532,4.825,-7.228,1.353,0.368,-1.186
388.822,-20.444,-7.515,-7.000,-37.677,6.001,-2.774,0.775,0.388,-0.925
388.829,-27.220,-9.219,-7.000,-35.922,1.063,-0.234,0.392,0.399,-0.578
388.836,-21.798,-9.219,-7.000,-38.362,-0.322,-4.479,0.745,0.415,-0.574
388.842,-15.657,-9.219,-7.000,-41.613,10.808,-2.316,1.168,0.436,-0.703
388.849,-31.910,-13.068,-7.000,-39.733,7.992,-0.007,0.352,0.457,-0.405
388.856,-25.769,-13.068,-7.000,-43.228,3.265,-4.535,0.786,0.473,-0.530
388.863,-22.124,-13.068,-7.000,-42.861,9.360,-7.232,0.933,0.492,-0.371
388.869,-15.511,-13.068,-7.000,-38.788,6.897,-5.296,1.047,0.513,0.011
388.876,-17.988,-13.777,-8.000,-42.901,9.140,-8.594,1.121,0.538,-0.267
388.882,-13.525,-13.539,-5.000,-43.678,12.291,-7.026,1.357,0.565,-0.287
388.889,-6.200,-13.539,-5.000,-37.130,1.449,-2.907,1.392,0.596,0.248
388.896,-5.902,-15.261,-2.000,-37.659,-7.136,-5.386,1.429,0.631,0.192
388.902,1.412,-15.261,-2.000,-36.524,7.732,-3.882,1.707,0.666,0.200
388.909,7.556,-15.518,-2.000,-32.982,11.508,-0.266,1.824,0.706,0.416
388.916,14.918,-15.518,-2.000,-29.236,5.640,-5.468,1.987,0.750,0.610
388.922,20.095,-16.038,-1.000,-25.903,7.261,-7.145,2.070,0.794,0.708
388.929,26.776,-16.038,-1.000,-18.048,9.607,-1.034,2.017,0.838,1.105
388.936,34.144,-16.038,-1.000,-11.508,4.396,2.020,2.054,0.884,1.379
388.942,41.513,-16.038,-1.000,-9.007,4.447,-1.271,2.273,0.932,1.232
388.948,48.881,-16.038,-1.000,-3.357,3.145,-0.274,2.351,0.980,1.330
388.955,54.933,-16.038,-1.000,6.530,-4.149,-0.328,2.178,1.030,1.763
388.962,61.411,-16.038,-1.000,6.562,-6.959,-3.141,2.468,1.050,1.350
388.968,67.721,-16.038,-1.000,10.172,-1.234,-3.959,2.590,1.050,1.294
388.975,74.032,-17.387,-1.000,14.970,-5.564,-0.965,2.658,1.050,1.286
388.981,80.342,-17.387,-1.000,21.019,-9.923,-0.586,2.670,1.050,1.466
388.988,85.268,-17.112,-1.000,19.198,-0.935,-4.516,2.973,1.050,0.946
388.994,89.955,-17.112,-1.000,32.396,-1.567,2.005,2.590,1.050,1.694
389.001,94.475,-16.839,-1.000,37.107,-7.402,6.187,2.582,1.050,1.655
389.008,99.162,-16.839,-1.000,39.346,-9.468,1.984,2.692,1.050,1.415
389.014,103.302,-16.839,-1.000,43.791,-3.021,-0.295,2.678,1.050,1.385
389.021,106.044,-16.839,-1.000,50.436,-6.496,-0.641,2.502,1.050,1.547
389.027,108.951,-16.839,-1.000,52.595,-6.760,-2.600,2.536,1.050,1.362
389.034,111.862,-16.839,-1.000,56.512,-1.534,-2.929,2.491,1.050,1.289
389.040,113.672,-16.839,-1.000,66.545,-9.223,0.370,2.121,1.050,1.712
389.047,114.769,-16.839,-1.000,64.197,-7.845,-1.546,2.276,1.050,1.127
389.053,115.701,-16.569,-1.000,70.231,3.862,-4.354,2.046,1.050,1.313
389.059,116.798,-16.569,-1.000,74.718,7.973,0.922,1.894,1.050,1.346
389.066,115.861,-15.777,-1.000,79.656,5.058,6.290,1.629,1.050,1.372
389.072,115.076,-15.777,-1.000,85.207,0.081,4.598,1.344,1.050,1.482
389.079,114.130,-15.518,0.000,84.958,1.529,-0.169,1.313,1.050,1.110
389.085,112.971,-15.518,0.000,91.488,4.574,1.381,0.967,1.050,1.269
389.092,109.246,-13.777,0.000,96.355,-1.690,1.863,0.580,1.050,1.417
389.098,106.319,-13.777,0.000,96.793,6.126,-1.175,0.429,1.050,1.080
389.105,103.700,-13.777,0.000,94.274,10.646,0.238,0.424,1.050,0.578
389.112,98.197,-11.932,0.000,98.775,3.547,1.270,-0.026,1.050,0.794
389.118,93.766,-11.932,0.000,97.001,-1.678,-1.010,-0.146,1.048,0.494
389.124,88.881,-11.711,0.000,97.765,1.991,1.302,-0.400,1.041,0.390
389.130,84.444,-11.711,0.000,98.958,2.336,4.921,-0.653,1.029,0.393
389.137,79.758,-10.639,0.000,99.939,-2.913,5.672,-0.908,1.014,0.399
389.143,73.621,-10.639,0.000,94.061,-4.068,0.945,-0.920,0.995,-0.116
389.149,67.478,-10.639,0.000,90.974,-3.207,-1.414,-1.057,0.971,-0.395
389.156,61.334,-10.639,0.000,88.800,-3.602,-0.664,-1.236,0.945,-0.495
389.162,55.191,-10.639,0.000,89.060,-7.989,1.158,-1.524,0.915,-0.356
389.169,49.048,-10.639,0.000,83.044,-12.444,-0.213,-1.530,0.885,-0.676
389.175,41.865,-10.639,0.000,78.033,-9.777,-1.818,-1.628,0.851,-0.893
389.181,34.540,-10.639,0.000,72.045,-2.391,-2.793,-1.688,0.814,-1.164
389.188,27.216,-10.639,0.000,71.561,-7.795,0.450,-1.996,0.773,-0.944
389.194,19.891,-10.849,0.000,66.722,-11.200,2.028,-2.107,0.732,-1.071
389.200,12.567,-10.849,0.000,61.983,-14.469,2.318,-2.224,0.688,-1.177
389.206,5.242,-11.276,-1.000,55.480,-15.095,2.110,-2.261,0.643,-1.398
389.212,-2.098,-11.276,-1.000,49.947,-13.084,-1.033,-2.342,0.594,-1.462
389.219,-9.467,-11.276,-1.000,42.760,-5.787,-2.912,-2.350,0.543,-1.680
389.225,-16.836,-11.276,-1.000,40.751,-7.273,-0.549,-2.591,0.489,-1.432
389.232,-24.205,-11.932,0.000,35.494,-8.982,-0.024,-2.686,0.435,-1.442
389.238,-31.575,-11.932,0.000,27.707,-7.332,-0.394,-2.668,0.377,-1.693
389.244,-38.944,-11.932,0.000,21.734,-5.469,-2.470,-2.730,0.318,-1.743
389.251,-45.854,-12.380,-1.000,14.874,-5.580,-3.226,-2.733,0.259,-1.876
389.257,-52.170,-13.068,-1.000,10.656,-5.536,-3.115,-2.827,0.200,-1.730
389.264,-58.491,-13.068,-1.000,2.958,-7.260,1.420,-2.765,0.141,-1.879
389.270,-64.812,-13.068,-1.000,-5.672,-8.061,1.033,-2.661,0.084,-2.074
389.276,-71.128,-14.018,0.000,-12.714,-5.693,-0.218,-2.629,0.028,-2.105
389.283,-77.030,-14.018,0.000,-22.875,-4.024,-1.313,-2.437,-0.027,-2.422
389.289,-81.865,-15.261,-1.000,-28.717,-6.241,-0.371,-2.392,-0.080,-2.297
389.295,-86.555,-15.261,-1.000,-37.147,-7.172,0.433,-2.223,-0.126,-2.381
389.302,-91.246,-15.261,-1.000,-45.685,-10.336,0.065,-2.050,-0.168,-2.428
389.307,-96.234,-14.757,-1.000,-51.281,-14.437,0.571,-2.023,-0.205,-2.227
389.313,-99.483,-14.757,-1.000,-59.461,-16.386,0.384,-1.801,-0.239,-2.342
389.319,-102.398,-14.757,-1.000,-70.210,-15.702,-1.336,-1.448,-0.268,-2.682
389.324,-105.312,-14.757,-1.000,-76.089,-15.080,-0.071,-1.315,-0.294,-2.551
389.330,-108.024,-17.112,-1.000,-81.921,-16.901,-0.476,-1.175,-0.318,-2.457
389.336,-109.125,-17.112,-1.000,-89.976,-12.628,-1.797,-0.862,-0.338,-2.623
389.341,-110.226,-17.112,-1.000,-97.421,-10.796,-1.575,-0.576,-0.352,-2.713
389.347,-111.327,-17.112,-1.000,-105.422,-8.758,-1.462,-0.266,-0.362,-2.857
389.352,-111.653,-18.231,-1.000,-112.206,-6.688,-1.745,0.025,-0.365,-2.847
389.358,-110.873,-18.231,0.000,-116.800,-4.528,-1.848,0.267,-0.364,-2.632
389.363,-110.092,-18.231,0.000,-123.244,-2.430,-0.625,0.592,-0.357,-2.639
389.369,-109.312,-18.231,0.000,-126.165,-2.546,1.108,0.758,-0.344,-2.282
389.375,-107.228,-18.808,0.000,-134.380,-2.299,2.213,1.222,-0.324,-2.438
389.380,-104.614,-18.808,0.000,-136.606,-4.888,4.341,1.440,-0.299,-2.029
389.386,-101.999,-18.808,0.000,-141.057,-1.901,6.462,1.758,-0.269,-1.926
389.391,-99.365,-18.808,0.000,-144.577,-1.788,7.378,2.035,-0.233,-1.724
389.396,-94.931,-18.231,0.000,-147.168,-3.538,7.593,2.351,-0.191,-1.479
389.402,-90.497,-18.231,0.000,-148.844,-5.735,5.472,2.626,-0.142,-1.203
389.408,-86.070,-17.947,0.000,-148.458,-5.791,-1.964,2.807,-0.088,-0.808
389.413,-81.642,-17.947,0.000,-145.441,-4.949,-2.996,2.871,-0.035,-0.350
389.419,-76.242,-17.947,0.000,-145.539,-2.276,-5.811,3.118,0.020,-0.335
389.425,-70.102,-17.947,0.000,-142.319,-3.389,-0.220,3.250,0.078,-0.024
389.430,-63.961,-17.947,0.000,-139.042,-5.772,1.954,3.379,0.140,0.241
389.436,-57.820,-17.947,0.000,-137.244,-5.911,1.045,3.574,0.207,0.388
389.441,-51.679,-17.947,0.000,-132.125,-9.402,2.330,3.620,0.277,0.840
389.447,-45.078,-17.666,0.000,-131.579,-8.261,0.884,3.893,0.351,0.721
389.453,-37.754,-17.666,0.000,-126.184,-5.640,1.110,3.979,0.424,0.999
389.458,-30.430,-17.666,0.000,-121.902,-3.316,-1.265,4.116,0.499,1.088
389.464,-23.105,-17.666,0.000,-117.637,-0.119,-3.310,4.254,0.575,1.098
389.470,-15.930,-16.839,0.000,-110.572,2.021,1.214,4.259,0.654,1.410
389.475,-8.605,-16.839,0.000,-105.878,-0.808,3.154,4.377,0.736,1.529
389.481,-1.430,-16.302,0.000,-99.113,-3.740,3.079,4.396,0.821,1.855
389.487,5.932,-16.302,0.000,-97.847,-0.739,1.639,4.670,0.917,1.535
389.493,13.300,-16.302,0.000,-92.487,3.242,2.005,4.760,1.011,1.579
389.499,20.370,-14.262,0.000,-86.455,4.244,4.425,4.807,1.050,1.620
389.505,26.235,-13.302,0.000,-75.070,0.221,8.340,4.559,1.050,2.121
389.512,33.139,-12.380,0.000,-73.023,-1.541,4.233,4.777,1.050,1.833
389.518,40.507,-12.380,0.000,-68.262,6.608,2.395,4.895,1.050,1.697
389.525,46.905,-12.380,0.000,-57.292,1.995,2.908,4.689,1.050,2.129
389.531,52.917,-12.155,-1.000,-53.792,0.512,0.407,4.802,1.050,1.909
389.538,59.390,-11.493,0.000,-45.188,4.236,2.500,4.706,1.050,2.055
389.545,65.709,-11.493,0.000,-33.382,-5.523,4.548,4.459,1.050,2.438
389.551,72.028,-11.493,0.000,-32.638,0.278,-0.183,4.710,1.050,1.893
389.558,77.131,-9.816,0.000,-25.564,11.757,0.595,4.621,1.050,1.952
389.564,81.818,-9.816,0.000,-17.029,4.172,4.337,4.448,1.050,2.097
389.571,86.505,-9.615,0.000,-10.188,2.412,1.591,4.351,1.050,2.130
389.577,91.192,-9.615,0.000,-4.394,5.634,4.275,4.301,1.050,2.028
389.584,95.335,-9.615,0.000,8.610,1.261,6.116,3.903,1.050,2.512
389.591,98.704,-7.153,0.000,9.685,3.141,2.902,4.006,1.050,1.987
389.597,101.615,-7.153,0.000,17.293,3.584,5.930,3.794,1.050,2.068
389.604,106.177,-6.974,0.000,30.553,-7.519,6.917,3.403,1.050,2.578
389.610,107.988,-6.974,0.000,33.901,-10.309,3.346,3.334,1.050,2.274
389.616,109.232,-6.974,0.000,35.838,-0.600,0.141,3.303,1.050,1.838
389.622,110.327,-6.974,0.000,43.170,2.621,2.975,3.022,1.050,1.905
389.628,111.870,-6.974,0.000,48.769,-0.515,3.878,2.840,1.050,2.060
389.634,111.266,-6.974,0.000,50.522,-2.944,2.235,2.733,1.050,1.794
389.640,110.481,-6.974,0.000,53.227,-1.885,1.755,2.576,1.050,1.578
389.645,109.696,-6.974,0.000,57.953,-0.444,1.996,2.328,1.050,1.586
389.651,108.537,-6.974,-1.000,60.590,0.302,2.932,2.158,1.050,1.404
389.656,105.919,-6.974,-1.000,62.869,0.661,3.834,1.937,1.050,1.217
389.662,103.301,-6.974,0.000,65.492,3.901,3.578,1.701,1.050,1.115
389.667,100.683,-6.974,0.000,67.595,5.760,3.213,1.489,1.050,1.029
389.673,97.149,-6.797,0.000,71.288,4.385,6.327,1.164,1.050,1.148
389.679,92.718,-6.797,0.000,71.541,2.171,6.121,0.953,1.050,0.974
389.684,88.281,-6.797,0.000,67.885,1.263,4.546,0.918,1.050,0.458
389.690,83.843,-6.797,0.000,65.858,1.422,4.768,0.809,1.050,0.168
389.695,79.299,-6.797,0.000,65.308,2.520,4.603,0.630,1.050,0.078
389.701,73.156,-6.974,0.000,65.240,5.205,2.722,0.356,1.050,0.036
389.706,67.012,-6.797,0.000,62.621,5.169,-0.986,0.198,1.050,-0.262
389.712,60.869,-6.797,0.000,59.903,7.823,-1.978,0.043,1.050,-0.511
389.718,54.726,-6.797,0.000,58.935,6.838,2.685,-0.189,1.047,-0.511
389.723,48.583,-6.797,0.000,55.920,5.893,2.937,-0.330,1.043,-0.609
389.729,41.396,-6.797,0.000,55.881,4.001,5.562,-0.652,1.035,-0.385
389.734,34.071,-6.797,0.000,54.931,1.434,6.493,-0.939,1.020,-0.311
389.740,26.747,-6.797,0.000,51.860,1.016,5.184,-1.130,1.002,-0.457
389.746,19.422,-6.797,0.000,47.550,0.335,2.446,-1.266,0.980,-0.706
389.751,12.098,-6.797,0.000,43.918,2.069,1.267,-1.432,0.954,-0.864
389.757,4.773,-6.797,0.000,40.310,1.990,1.258,-1.599,0.924,-1.013
389.762,-2.567,-6.797,0.000,36.005,1.897,-2.337,-1.736,0.891,-1.196
389.768,-9.936,-6.797,0.000,32.395,4.005,-2.427,-1.905,0.855,-1.268
389.774,-17.305,-6.797,0.000,29.749,3.980,0.528,-2.117,0.816,-1.229
389.779,-24.675,-6.797,0.000,25.321,4.770,3.082,-2.250,0.775,-1.329
389.785,-32.044,-6.797,0.000,20.269,7.020,3.707,-2.354,0.732,-1.440
389.790,-39.406,-6.797,-1.000,13.682,11.130,3.734,-2.389,0.689,-1.654
389.796,-46.308,-6.797,-1.000,6.687,14.586,3.917,-2.385,0.645,-1.849
389.801,-52.621,-6.797,-1.000,0.570,17.487,3.688,-2.394,0.601,-1.909
389.807,-58.933,-6.797,0.000,-5.209,17.468,2.047,-2.418,0.557,-1.873
389.813,-65.246,-6.797,0.000,-11.346,15.250,3.173,-2.426,0.513,-1.913
389.818,-71.558,-6.797,0.000,-18.333,11.932,2.558,-2.395,0.469,-2.025
389.824,-77.464,-6.797,0.000,-25.584,8.601,3.399,-2.335,0.426,-2.145
389.830,-82.153,-6.974,0.000,-34.288,5.769,1.701,-2.154,0.384,-2.436
389.835,-86.843,-6.797,0.000,-43.160,5.659,0.479,-1.966,0.344,-2.662
389.841,-91.534,-6.797,0.000,-49.683,6.014,0.205,-1.883,0.307,-2.649
389.846,-96.224,-6.797,0.000,-59.238,6.100,-1.629,-1.664,0.272,-2.895
389.852,-99.475,-6.974,0.000,-68.165,8.465,-1.590,-1.409,0.243,-3.003
389.858,-102.386,-6.974,0.000,-74.686,8.525,-2.359,-1.247,0.218,-2.860
389.863,-105.301,-6.974,0.000,-79.470,4.381,0.020,-1.162,0.196,-2.599
389.869,-108.020,-6.797,0.000,-85.010,1.446,0.928,-1.035,0.176,-2.461
389.874,-109.121,-6.974,0.000,-90.457,-0.111,1.551,-0.840,0.159,-2.331
389.880,-110.222,-6.974,0.000,-98.337,2.604,2.312,-0.535,0.148,-2.426
389.885,-111.323,-6.974,0.000,-104.465,4.607,4.076,-0.309,0.143,-2.301
389.891,-111.655,-6.974,0.000,-109.672,4.489,3.190,-0.089,0.141,-2.102
389.897,-110.875,-6.797,0.000,-115.450,4.815,3.594,0.206,0.145,-2.049
389.902,-110.094,-6.797,0.000,-119.831,4.479,5.549,0.438,0.152,-1.893
389.908,-109.313,-6.797,0.000,-123.656,4.765,5.791,0.645,0.163,-1.756
389.913,-107.233,-6.974,0.000,-130.707,7.869,4.113,1.056,0.180,-1.951
389.919,-104.619,-6.974,0.000,-135.852,12.299,4.742,1.405,0.203,-1.953
389.925,-102.005,-6.974,0.000,-139.596,11.854,4.336,1.692,0.231,-1.895
389.930,-99.374,-6.974,0.000,-139.716,11.333,6.974,1.815,0.264,-1.466
389.936,-94.940,-6.974,0.000,-142.629,7.820,9.641,2.146,0.304,-1.284
389.942,-90.506,-6.974,0.000,-149.323,10.386,2.775,2.647,0.351,-1.524
389.947,-86.072,-6.974,0.000,-152.639,15.890,-0.607,2.996,0.405,-1.460
389.953,-81.639,-6.974,0.000,-153.932,19.051,1.164,3.253,0.462,-1.288
389.958,-76.235,-6.974,-1.000,-150.581,17.468,4.348,3.346,0.522,-0.726
389.964,-70.103,-6.974,-1.000,-147.700,12.537,5.788,3.492,0.588,-0.213
389.970,-63.970,-6.974,0.000,-151.997,20.773,1.247,3.961,0.660,-0.556
389.975,-57.838,-6.974,0.000,-152.589,29.708,-3.679,4.264,0.737,-0.477
389.981,-51.703,-6.974,0.000,-150.479,35.821,-2.011,4.445,0.818,-0.217
389.987,-45.107,-6.974,0.000,-141.465,22.822,1.904,4.336,0.899,0.608
389.992,-37.783,-6.974,0.000,-137.812,23.639,0.544,4.501,0.982,0.791
389.998,-30.458,-6.974,-1.000,-133.645,25.149,2.685,4.643,1.050,0.929
390.003,-23.134,-6.974,-1.000,-126.098,23.474,7.356,4.633,1.050,1.287
390.009,-15.820,-6.974,0.000,-116.918,13.541,10.434,4.549,1.050,1.755
390.015,-8.506,-6.974,0.000,-113.165,10.727,2.788,4.710,1.050,1.710
390.020,-1.188,-7.153,0.000,-108.298,16.605,0.283,4.820,1.050,1.667
390.026,6.173,-7.153,0.000,-102.009,16.365,4.027,4.868,1.050,1.744
390.031,13.541,-7.153,0.000,-92.495,8.360,7.139,4.772,1.050,2.094
390.037,20.909,-7.153,0.000,-84.219,1.883,8.468,4.731,1.050,2.379
390.042,28.278,-7.153,0.000,-80.720,5.219,2.574,4.905,1.050,2.124
390.048,35.646,-7.153,0.000,-72.613,10.202,2.120,4.872,1.050,2.330
390.053,43.014,-7.153,0.000,-71.133,15.408,4.615,5.137,1.050,1.845
390.059,49.419,-7.153,0.000,-59.515,10.301,8.771,4.902,1.050,2.399
390.064,55.738,-7.153,0.000,-53.445,5.419,10.289,4.913,1.050,2.441
390.070,62.057,-7.153,0.000,-50.452,5.588,6.343,5.063,1.050,2.148
390.076,68.376,-7.153,0.000,-49.032,18.894,4.542,5.283,1.050,1.716
390.081,74.695,-7.153,0.000,-42.422,25.042,5.097,5.270,1.050,1.803
390.086,79.808,-7.153,0.000,-31.751,15.973,8.430,5.020,1.050,2.342
390.092,84.495,-7.153,0.000,-25.542,10.907,5.418,4.952,1.050,2.439
390.098,89.182,-7.153,0.000,-24.734,23.051,-1.517,5.126,1.050,1.883
390.103,93.869,-7.153,0.000,-16.609,22.565,5.494,4.971,1.050,2.108
390.109,98.023,-7.153,0.000,-7.146,16.095,6.692,4.733,1.050,2.441
390.114,100.934,-7.153,0.000,0.379,16.563,3.987,4.525,1.050,2.606
390.120,103.844,-7.153,0.000,5.364,20.680,-1.836,4.432,1.050,2.423
390.125,106.754,-7.153,0.000,9.373,30.583,-3.671,4.382,1.050,2.133
390.131,108.577,-7.153,0.000,14.018,27.522,3.692,4.255,1.050,1.929
390.136,109.673,-7.153,0.000,21.955,27.963,10.505,3.947,1.050,2.090
390.142,110.768,-7.153,0.000,29.277,21.828,9.550,3.667,1.050,2.243
390.148,111.863,-7.153,0.000,33.135,22.163,3.557,3.543,1.050,2.076
390.153,111.272,-7.153,0.000,39.029,23.778,4.403,3.251,1.050,2.047
390.159,110.488,-7.153,0.000,43.018,23.617,6.230,3.036,1.050,1.809
390.164,109.703,-7.153,0.000,48.025,18.899,6.936,2.775,1.050,1.761
390.170,108.560,-7.153,0.000,51.646,16.725,6.441,2.561,1.050,1.674
390.175,105.941,-7.153,0.000,55.420,12.168,8.072,2.273,1.050,1.622
390.181,103.323,-7.153,0.000,56.096,13.277,5.866,2.125,1.050,1.271
390.186,100.709,-7.333,0.000,54.726,15.097,5.190,2.069,1.050,0.784
390.192,97.197,-7.333,0.000,56.265,14.908,7.791,1.842,1.050,0.680
390.198,92.766,-7.698,0.000,60.509,10.557,9.203,1.452,1.050,0.829
390.203,88.335,-7.698,0.000,64.489,11.907,9.780,1.073,1.050,0.959
390.208,83.898,-7.698,0.000,69.133,11.049,10.661,0.664,1.050,1.188
390.214,79.374,-7.698,0.000,69.338,10.815,5.159,0.452,1.050,0.976
390.219,73.231,-7.698,0.000,67.426,5.542,5.399,0.261,1.050,0.662
390.224,67.088,-7.698,0.000,63.105,10.629,1.799,0.179,1.050,0.125
390.230,61.391,-8.069,0.000,61.701,18.206,1.398,-0.014,1.049,0.014
390.237,55.247,-8.069,0.000,67.335,16.716,6.048,-0.544,1.042,0.454
390.243,51.364,-9.615,0.000,64.904,11.557,5.881,-0.609,1.030,0.193
390.249,44.192,-9.615,0.000,60.428,17.794,2.614,-0.731,1.013,-0.235
390.256,37.800,-10.224,0.000,62.572,18.257,7.455,-1.115,0.991,-0.045
390.262,30.475,-10.224,0.000,63.796,15.767,8.899,-1.499,0.961,0.036
390.269,24.933,-11.276,0.000,60.475,15.603,4.591,-1.599,0.928,-0.173
390.276,17.946,-11.062,0.000,53.616,20.993,3.776,-1.605,0.892,-0.671
390.282,10.621,-11.062,0.000,52.922,17.465,6.787,-1.904,0.852,-0.600
390.289,3.281,-11.062,0.000,46.999,14.406,2.701,-1.967,0.812,-0.842
390.295,-2.502,-11.062,0.000,36.222,17.701,-0.223,-1.743,0.773,-1.433
390.302,-9.312,-11.711,0.000,31.837,16.227,2.872,-1.852,0.732,-1.444
390.308,-16.671,-11.711,0.000,26.942,11.234,6.305,-1.963,0.691,-1.436
390.315,-22.304,-12.836,0.000,17.792,14.769,3.566,-1.804,0.649,-1.784
390.322,-29.673,-12.836,0.000,9.752,18.344,5.163,-1.774,0.609,-1.978
390.328,-36.601,-12.836,0.000,8.308,14.843,8.631,-2.021,0.565,-1.635
390.335,-42.922,-12.836,0.000,2.092,11.998,9.524,-2.026,0.522,-1.656
390.341,-48.626,-13.068,0.000,-5.590,10.607,8.847,-1.937,0.480,-1.796
390.348,-54.939,-13.068,0.000,-10.766,11.694,11.703,-1.988,0.435,-1.792
390.355,-61.251,-13.068,0.000,-14.120,6.241,7.665,-2.121,0.391,-1.575
390.361,-67.179,-13.068,0.000,-25.392,12.554,2.088,-1.880,0.348,-2.025
390.368,-72.067,-13.302,0.000,-33.246,16.873,3.481,-1.747,0.307,-2.120
390.375,-76.751,-13.302,0.000,-39.331,11.391,5.080,-1.684,0.271,-2.019
390.381,-81.435,-13.302,0.000,-51.415,13.578,2.954,-1.351,0.239,-2.455
390.388,-86.119,-13.302,0.000,-55.234,21.932,4.945,-1.390,0.208,-2.160
390.394,-89.196,-13.539,0.000,-61.838,24.969,9.705,-1.231,0.178,-2.161
390.401,-92.106,-13.539,0.000,-68.896,22.744,12.535,-1.044,0.154,-2.151
390.407,-94.605,-13.777,0.000,-75.586,22.082,7.307,-0.856,0.133,-2.133
390.414,-97.359,-13.777,0.000,-79.513,18.292,8.255,-0.803,0.114,-1.940
390.421,-98.037,-14.508,0.000,-84.799,10.226,5.125,-0.596,0.100,-1.817
390.427,-99.138,-14.508,0.000,-93.613,15.128,2.463,-0.249,0.092,-2.021
390.434,-100.239,-14.508,0.000,-96.930,13.513,4.943,-0.149,0.087,-1.810
390.441,-98.369,-15.008,0.000,-103.995,9.343,2.435,0.253,0.092,-1.862
390.447,-97.352,-14.757,0.000,-110.788,16.567,3.224,0.605,0.102,-1.920
390.454,-96.571,-14.757,0.000,-110.289,16.214,7.707,0.617,0.115,-1.414
390.460,-95.790,-14.757,0.000,-116.473,9.527,8.690,0.931,0.135,-1.460
390.467,-92.778,-15.518,0.000,-118.679,12.248,7.896,1.166,0.158,-1.304
390.474,-90.167,-15.518,0.000,-123.673,12.573,12.026,1.508,0.187,-1.393
390.480,-87.557,-15.518,0.000,-121.800,1.090,10.146,1.541,0.222,-0.883
390.487,-84.946,-15.518,0.000,-121.443,2.687,6.068,1.642,0.258,-0.620
390.494,-79.786,-16.302,0.000,-117.139,-7.953,9.845,1.681,0.294,-0.175
390.500,-75.353,-16.302,0.000,-117.203,-14.891,3.878,1.883,0.336,-0.080
390.507,-70.919,-16.302,0.000,-115.591,-8.613,6.991,2.010,0.379,0.046
390.514,-64.907,-18.518,0.000,-113.317,-18.630,7.742,2.178,0.428,0.255
390.520,-59.542,-18.518,0.000,-109.191,-12.121,5.826,2.234,0.475,0.467
390.527,-53.402,-18.518,0.000,-102.904,-17.043,10.413,2.228,0.524,0.791
390.533,-44.702,-18.808,0.000,-107.442,-14.113,6.221,2.823,0.583,0.294
390.540,-38.561,-18.808,0.000,-105.862,-4.499,7.259,3.029,0.645,0.295
390.546,-32.421,-18.808,0.000,-94.531,-11.681,13.731,2.795,0.707,1.094
390.553,-24.630,-20.306,0.000,-94.133,-6.833,11.546,3.128,0.772,0.854
390.560,-16.997,-20.306,0.000,-90.513,-6.193,19.043,3.308,0.845,0.893
390.566,-9.682,-20.306,0.000,-86.407,-13.676,15.433,3.453,0.920,1.000
390.573,-2.368,-20.306,0.000,-83.413,-1.245,15.224,3.647,0.999,0.949
390.580,6.890,-20.927,0.000,-81.425,-4.351,8.958,3.974,1.050,0.887
390.586,14.890,-21.243,0.000,-81.281,12.569,8.480,4.328,1.050,0.674
390.593,22.214,-21.243,0.000,-67.822,-1.956,12.093,4.052,1.050,1.513
390.599,34.328,-22.871,0.000,-61.578,5.598,13.456,4.316,1.050,1.626
390.606,42.089,-23.890,0.000,-52.948,-5.318,14.675,4.277,1.050,1.931
390.612,49.457,-23.890,0.000,-46.588,11.843,17.286,4.322,1.050,1.946
390.619,56.825,-23.890,0.000,-36.588,-0.328,15.298,4.204,1.050,2.220
390.625,64.194,-23.890,0.000,-26.387,4.100,17.162,4.076,1.050,2.460
390.632,71.562,-23.890,0.000,-15.126,-7.780,12.794,3.901,1.050,2.663
390.638,91.316,-45.869,0.000,-8.198,0.375,11.466,4.478,1.050,2.535
390.645,99.243,-46.440,0.000,1.629,-7.958,7.195,4.393,1.050,2.630
390.652,105.562,-46.440,0.000,6.159,8.045,5.693,4.473,1.050,2.317
390.658,111.881,-46.440,0.000,16.413,-8.037,9.748,4.296,1.050,2.521
390.665,118.200,-46.440,0.000,23.731,-4.458,13.456,4.251,1.050,2.441
390.671,129.084,-46.440,0.000,35.300,-19.509,18.064,4.220,1.050,2.775
390.678,134.375,-45.869,0.000,40.603,-5.697,17.337,4.220,1.050,2.495
390.685,139.062,-45.869,0.000,52.159,-23.926,21.839,3.911,1.050,2.737
390.691,147.502,-47.016,0.000,57.555,-14.668,10.462,4.048,1.050,2.472
390.698,152.341,-47.016,0.000,71.229,-31.116,16.027,3.650,1.050,2.869
390.704,155.251,-47.016,0.000,77.331,-26.170,9.658,3.506,1.050,2.641
390.711,158.162,-47.016,0.000,91.306,-39.499,7.800,3.009,1.050,3.030
390.717,173.038,-48.185,0.000,90.554,-23.376,6.499,3.712,1.050,2.263
390.724,178.790,-48.778,0.000,102.518,-31.464,13.357,3.432,1.050,2.613
390.730,179.886,-48.778,0.000,104.299,-22.804,8.685,3.401,1.050,2.088
390.737,180.983,-48.778,0.000,111.890,-34.271,19.153,3.109,1.050,2.148
390.743,183.686,-48.185,0.000,116.468,-33.358,11.813,3.025,1.050,1.997
390.750,183.128,-48.185,0.000,124.642,-19.866,9.409,2.632,1.050,2.111
390.757,182.343,-48.185,0.000,134.299,-26.059,6.688,2.162,1.050,2.299
390.763,181.558,-48.185,0.000,144.413,-17.522,11.877,1.672,1.050,2.496
390.770,179.638,-47.598,0.000,158.475,-27.851,17.301,0.952,1.050,2.906
390.777,177.019,-47.598,0.000,165.633,-26.504,7.149,0.512,1.050,2.746
390.783,174.401,-47.598,0.000,176.757,-33.027,13.609,-0.106,1.049,2.858
390.790,171.783,-44.745,0.000,171.600,-22.237,6.644,0.008,1.048,1.762
390.796,168.292,-44.745,0.000,179.091,-18.049,15.870,-0.486,1.042,1.892
390.803,163.855,-44.745,0.000,181.125,-25.754,16.332,-0.777,1.028,1.608
390.810,160.224,-47.598,0.000,181.513,-16.547,10.755,-0.958,1.006,1.186
390.816,155.787,-47.598,0.000,187.673,-25.489,12.187,-1.435,0.978,1.329
390.823,151.281,-47.598,0.000,182.655,-18.855,4.273,-1.412,0.946,0.613
390.829,145.137,-46.440,0.000,178.637,-17.046,11.146,-1.507,0.914,0.175
390.836,138.997,-47.598,0.000,182.536,-27.871,10.988,-1.959,0.876,0.469
390.843,132.862,-47.598,0.000,178.162,-22.861,9.556,-2.038,0.830,-0.036
390.849,126.728,-47.598,0.000,185.779,-33.543,11.856,-2.657,0.776,0.547
390.856,119.778,-47.016,0.000,176.838,-31.660,8.728,-2.568,0.718,-0.245
390.863,111.030,-47.016,0.000,176.459,-27.418,10.652,-2.944,0.655,-0.229
390.869,103.706,-47.016,0.000,172.076,-33.304,8.197,-3.077,0.589,-0.492
390.876,88.127,-48.778,0.000,168.964,-21.920,7.060,-3.638,0.514,-0.650
390.882,80.802,-48.778,0.000,168.198,-21.541,13.655,-3.933,0.429,-0.578
390.889,73.478,-48.778,0.000,166.613,-23.804,13.119,-4.191,0.340,-0.488
390.896,66.153,-48.778,0.000,162.313,-18.979,10.456,-4.327,0.243,-0.676
390.902,46.402,-42.028,0.000,163.970,-25.552,14.851,-5.291,0.129,-0.405
390.909,32.815,-38.443,0.000,156.440,-28.558,9.139,-5.563,0.010,-0.783
390.916,25.446,-38.443,0.000,149.773,-24.813,5.769,-5.595,-0.115,-1.128
390.922,6.237,-28.300,0.000,149.445,-34.502,6.580,-6.444,-0.245,-0.857
390.929,-2.762,-27.145,0.000,135.821,-31.034,1.862,-6.236,-0.381,-1.647
390.935,-10.131,-27.145,0.000,125.512,-25.121,2.888,-6.104,-0.515,-2.025
390.942,-20.133,-23.546,0.000,117.589,-27.689,4.735,-6.198,-0.653,-2.092
390.949,-26.455,-23.546,0.000,108.807,-30.086,7.416,-6.087,-0.785,-2.216
390.955,-37.875,-22.209,0.000,96.822,-30.654,6.359,-6.061,-0.918,-2.540
390.962,-44.196,-22.209,0.000,84.381,-29.135,5.171,-5.786,-1.050,-2.879
390.968,-50.518,-22.209,0.000,71.501,-24.769,6.349,-5.491,-1.050,-3.162
390.975,-56.459,-22.209,0.000,55.863,-24.722,4.471,-5.054,-1.050,-3.571
390.982,-63.559,-21.243,0.000,40.946,-31.842,3.499,-4.703,-1.050,-3.798
390.989,-68.249,-21.243,0.000,25.508,-33.283,2.096,-4.219,-1.050,-3.981
390.995,-72.940,-21.243,0.000,11.446,-29.938,0.623,-3.797,-1.050,-4.103
391.002,-77.630,-21.243,0.000,-0.528,-27.973,2.051,-3.470,-1.050,-4.001
391.008,-80.912,-21.243,0.000,-13.523,-25.072,2.350,-3.033,-1.050,-3.960
391.015,-83.826,-21.243,0.000,-27.375,-22.388,1.394,-2.540,-1.050,-3.999
391.021,-90.250,-20.615,0.000,-39.081,-17.251,0.488,-2.303,-1.050,-3.920
391.028,-92.995,-20.306,0.000,-48.839,-11.806,2.224,-1.987,-1.050,-3.717
391.035,-94.096,-20.306,0.000,-52.254,-14.975,1.484,-1.883,-1.050,-3.025
391.041,-95.197,-20.306,0.000,-65.374,-15.834,0.947,-1.342,-1.050,-3.233
391.048,-97.042,-20.000,0.000,-70.363,-4.462,-0.818,-1.201,-1.050,-2.829
391.055,-97.651,-20.000,0.000,-73.433,-2.033,2.298,-1.090,-1.050,-2.363
391.061,-96.870,-20.000,0.000,-77.271,-4.939,3.100,-0.882,-1.050,-2.016
391.068,-97.501,-20.000,0.000,-84.583,1.589,-0.880,-0.581,-1.050,-2.069
391.074,-97.616,-19.697,0.000,-86.531,13.481,-0.189,-0.499,-1.050,-1.728
391.081,-95.567,-19.697,0.000,-86.945,10.009,1.238,-0.388,-1.050,-1.258
391.088,-92.953,-19.697,0.000,-91.195,12.755,1.366,-0.079,-1.050,-1.286
391.094,-92.031,-19.697,0.000,-97.911,16.626,5.676,0.265,-1.046,-1.486
391.101,-90.414,-17.947,0.000,-92.838,8.387,4.515,0.109,-1.042,-0.704
391.108,-86.572,-17.387,0.000,-97.854,13.104,1.666,0.508,-1.034,-0.920
391.114,-83.610,-15.777,0.000,-98.245,8.177,8.855,0.659,-1.020,-0.726
391.121,-79.176,-15.777,0.000,-101.723,6.698,3.452,1.015,-1.000,-0.803
391.127,-74.742,-15.777,0.000,-105.196,12.265,-2.539,1.370,-0.973,-0.873
391.134,-71.251,-12.607,0.000,-102.094,4.474,0.957,1.388,-0.942,-0.422
391.141,-67.030,-10.849,0.000,-106.775,8.080,0.507,1.789,-0.907,-0.643
391.147,-63.463,-7.153,0.000,-107.550,13.953,5.092,1.984,-0.869,-0.591
391.153,-57.471,-6.797,0.000,-104.076,8.903,11.847,2.097,-0.826,-0.155
391.159,-51.331,-6.797,0.000,-103.333,2.771,13.135,2.340,-0.777,-0.047
391.166,-44.748,-6.797,0.000,-101.304,8.806,11.006,2.545,-0.724,0.137
391.172,-37.870,-6.100,0.000,-100.268,11.023,11.322,2.808,-0.672,0.093
391.177,-30.553,-5.928,0.000,-101.101,11.063,4.978,3.175,-0.613,0.065
391.183,-23.239,-5.928,0.000,-102.433,15.947,2.505,3.564,-0.548,-0.042
391.189,-15.924,-5.928,0.000,-102.830,17.019,1.215,3.911,-0.479,-0.102
391.194,-8.600,-5.089,0.000,-100.698,22.354,4.681,4.144,-0.404,0.079
391.200,-1.276,-4.760,0.000,-91.650,12.166,11.926,4.067,-0.328,0.827
391.205,6.085,-4.760,0.000,-88.314,14.119,9.899,4.248,-0.250,0.998
391.211,13.453,-4.760,0.000,-83.247,13.006,8.541,4.352,-0.170,1.249
391.216,20.811,-4.275,0.000,-78.235,17.339,9.537,4.457,-0.086,1.429
391.222,28.172,-3.796,0.000,-66.844,15.374,14.059,4.276,-0.007,2.094
391.227,35.541,-3.796,0.000,-58.012,7.930,15.281,4.210,0.071,2.361
391.233,42.909,-3.796,0.000,-50.150,9.449,10.698,4.188,0.151,2.610
391.238,49.328,-3.639,0.000,-46.396,18.214,5.211,4.308,0.230,2.349
391.244,55.647,-3.482,0.000,-39.652,24.630,7.975,4.288,0.306,2.388
391.249,61.966,-3.482,0.000,-32.592,21.487,13.692,4.255,0.384,2.396
391.255,68.285,-3.482,0.000,-20.649,10.423,16.322,4.002,0.460,2.915
391.261,74.604,-3.482,0.000,-17.047,18.159,11.652,4.124,0.538,2.545
391.266,79.741,-3.482,0.000,-12.203,29.548,5.602,4.137,0.612,2.295
391.272,84.428,-2.248,0.000,-10.407,38.151,8.312,4.268,0.688,1.799
391.277,89.115,-2.248,0.000,1.047,32.278,15.081,3.963,0.763,2.362
391.283,93.799,-1.944,0.000,12.329,26.619,16.071,3.666,0.833,2.845
391.288,97.976,-1.944,0.000,16.743,31.464,10.485,3.655,0.899,2.506
391.294,100.883,-2.096,0.000,20.184,40.005,10.110,3.631,0.965,2.143
391.299,103.789,-2.096,0.000,30.845,35.769,13.452,3.282,1.027,2.530
391.305,106.695,-2.096,0.000,30.885,33.003,9.500,3.411,1.050,1.951
391.310,108.554,-1.793,0.000,38.220,33.156,4.474,3.165,1.050,2.190
391.316,109.651,-1.793,0.000,45.422,37.551,5.735,2.890,1.050,2.305
391.321,110.748,-1.793,0.000,57.116,27.500,13.883,2.413,1.050,2.790
391.326,111.844,-1.793,0.000,61.365,25.605,17.728,2.272,1.050,2.634
391.332,111.285,-1.642,0.000,65.384,18.946,17.677,2.066,1.050,2.461
391.337,110.500,-1.492,0.000,69.181,26.305,12.831,1.859,1.050,2.239
391.343,109.714,-1.492,0.000,74.994,26.928,14.879,1.562,1.050,2.075
391.348,108.598,-1.043,0.000,81.233,24.546,12.388,1.231,1.050,2.172
391.354,105.982,-1.043,0.000,83.826,32.519,7.573,0.997,1.050,1.922
391.360,103.368,-1.043,0.000,88.483,41.631,9.890,0.670,1.050,1.819
391.365,100.753,-1.043,0.000,91.994,40.154,17.057,0.394,1.050,1.587
391.370,97.267,-1.043,0.000,96.208,32.118,18.595,0.048,1.050,1.537
391.376,92.832,-1.043,0.000,98.592,31.965,15.163,-0.259,1.048,1.422
391.382,88.401,-1.043,0.000,93.678,38.854,10.878,-0.237,1.044,0.648
391.387,83.969,-1.043,0.000,93.233,46.071,9.322,-0.417,1.036,0.396
391.393,79.476,-1.043,0.000,99.516,37.287,16.091,-0.902,1.022,0.824
391.398,73.336,-1.043,0.000,102.490,27.786,15.824,-1.312,1.002,0.966
391.404,67.201,-1.043,0.000,97.410,31.016,9.356,-1.359,0.979,0.322
391.409,61.066,-1.043,0.000,98.985,37.335,12.973,-1.706,0.949,0.350
391.415,54.926,-1.043,0.000,93.582,42.400,18.031,-1.740,0.916,-0.280
391.420,48.783,-1.043,0.000,92.768,34.674,17.084,-1.979,0.881,-0.299
391.426,41.634,-1.043,0.000,93.942,30.249,17.848,-2.354,0.839,-0.061
391.432,34.310,-1.043,0.000,88.930,33.904,12.073,-2.458,0.794,-0.538
391.437,27.134,-1.043,0.000,83.309,42.260,9.897,-2.528,0.746,-0.983
391.443,19.810,-1.043,0.000,81.463,43.801,13.446,-2.774,0.693,-1.020
391.448,12.485,-1.043,0.000,80.139,36.858,17.854,-3.044,0.639,-0.895
391.454,5.316,-1.043,0.000,75.807,35.792,12.550,-3.172,0.581,-1.011
391.460,-2.016,-1.043,0.000,69.860,46.836,12.698,-3.234,0.516,-1.242
391.466,-9.385,-1.043,0.000,65.309,43.719,16.179,-3.361,0.447,-1.404
391.472,-16.754,-1.043,0.000,57.744,41.146,9.711,-3.352,0.379,-1.591
391.478,-24.123,-1.192,0.000,53.518,49.335,7.058,-3.494,0.311,-1.522
391.484,-31.492,-1.342,0.000,46.653,48.634,13.465,-3.517,0.246,-1.749
391.490,-38.861,-1.342,0.000,43.039,37.702,15.974,-3.686,0.173,-1.590
391.496,-45.808,-1.342,0.000,32.978,39.715,9.404,-3.545,0.099,-2.039
391.502,-52.129,-1.192,0.000,26.046,46.554,10.801,-3.518,0.031,-2.139
391.507,-58.450,-1.342,0.000,21.002,41.753,13.950,-3.575,-0.038,-2.057
391.514,-64.772,-1.342,0.000,10.340,34.772,11.763,-3.380,-0.109,-2.339
391.520,-71.093,-1.342,0.000,0.054,38.597,8.900,-3.202,-0.177,-2.667
391.526,-77.043,-1.342,0.000,-3.244,35.666,13.056,-3.321,-0.244,-2.319
391.532,-81.731,-1.342,0.000,-6.520,24.510,14.125,-3.384,-0.311,-1.971
391.538,-86.421,-1.342,0.000,-18.246,23.918,8.861,-3.068,-0.374,-2.387
391.544,-91.112,-1.342,0.000,-28.512,28.806,10.786,-2.817,-0.434,-2.654
391.550,-95.802,-1.342,0.000,-32.775,22.850,12.978,-2.836,-0.491,-2.337
391.556,-99.251,-1.492,0.000,-40.823,17.509,14.394,-2.629,-0.541,-2.280
391.562,-102.166,-1.492,0.000,-51.398,22.020,7.675,-2.285,-0.585,-2.605
391.567,-105.079,-1.342,0.000,-57.908,25.001,7.623,-2.123,-0.627,-2.577
391.573,-107.842,-1.342,0.000,-65.290,28.209,7.696,-1.915,-0.666,-2.721
391.578,-108.941,-1.342,0.000,-72.641,29.136,8.143,-1.634,-0.699,-2.761
391.584,-110.041,-1.342,0.000,-79.641,30.188,11.581,-1.368,-0.725,-2.681
391.590,-111.140,-1.342,0.000,-86.626,29.080,10.354,-1.103,-0.748,-2.658
391.595,-111.532,-1.793,0.000,-92.385,34.858,4.466,-0.862,-0.767,-2.572
391.601,-110.751,-2.248,0.000,-101.187,41.653,0.418,-0.430,-0.780,-2.823
391.606,-109.971,-2.248,0.000,-108.364,50.973,0.730,-0.072,-0.785,-2.842
391.612,-109.190,-2.248,0.000,-110.086,48.735,8.761,0.040,-0.786,-2.313
391.617,-107.169,-2.248,0.000,-110.543,42.531,14.151,0.152,-0.782,-1.736
391.623,-104.558,-3.169,0.000,-115.948,41.078,11.170,0.513,-0.773,-1.733
391.628,-101.947,-3.169,0.000,-120.854,40.580,6.510,0.851,-0.759,-1.720
391.634,-99.333,-3.325,0.000,-122.490,39.062,2.214,1.042,-0.742,-1.462
391.640,-94.946,-3.325,0.000,-123.027,42.068,4.878,1.264,-0.719,-1.142
391.645,-90.363,-4.275,0.000,-120.190,35.338,7.504,1.342,-0.694,-0.566
391.652,-85.930,-4.275,0.000,-121.258,31.186,7.546,1.590,-0.661,-0.439
391.658,-81.496,-4.598,0.000,-124.025,36.818,3.507,1.914,-0.625,-0.560
391.664,-76.149,-4.598,0.000,-121.367,36.330,6.866,2.035,-0.585,-0.237
391.670,-70.014,-5.589,0.000,-120.282,29.781,7.379,2.262,-0.539,-0.076
391.676,-63.882,-5.589,0.000,-119.884,32.192,3.362,2.520,-0.490,-0.030
391.682,-57.750,-5.589,0.000,-119.776,37.063,6.339,2.791,-0.433,0.003
391.688,-51.617,-5.589,0.000,-114.772,31.285,10.377,2.842,-0.376,0.397
391.695,-45.072,-6.446,0.000,-113.406,30.107,8.239,3.075,-0.313,0.456
391.701,-37.751,-6.621,0.000,-115.270,36.003,5.697,3.488,-0.244,0.200
391.707,-30.427,-6.621,0.000,-111.789,39.289,7.701,3.661,-0.174,0.341
391.713,-23.102,-6.621,0.000,-102.817,32.438,6.190,3.587,-0.099,1.028
391.719,-15.629,-7.153,0.000,-104.330,38.207,-3.565,3.992,-0.016,0.658
391.726,-8.305,-7.153,0.000,-99.647,47.535,0.756,4.110,0.073,0.848
391.732,-0.981,-7.153,0.000,-96.832,41.321,7.059,4.313,0.165,0.875
391.739,6.379,-7.153,0.000,-91.564,45.796,5.433,4.407,0.256,1.042
391.745,13.896,-10.019,0.000,-87.444,46.127,9.189,4.560,0.350,1.061
391.751,21.264,-10.019,0.000,-76.884,41.333,9.607,4.417,0.439,1.672
391.757,28.633,-10.019,0.000,-71.161,41.436,4.741,4.491,0.531,1.797
391.763,36.001,-10.019,0.000,-66.570,47.611,1.462,4.616,0.622,1.720
391.769,44.870,-13.302,0.000,-49.424,40.290,4.337,4.243,0.712,2.674
391.776,51.308,-13.302,0.000,-51.098,47.097,-0.977,4.608,0.811,1.925
391.782,57.627,-13.302,0.000,-44.665,58.040,0.324,4.603,0.911,1.935
391.789,63.946,-13.302,0.000,-33.709,46.065,8.253,4.394,1.007,2.266
391.795,70.714,-15.008,0.000,-25.365,44.650,1.751,4.324,1.050,2.331
391.802,77.024,-15.008,0.000,-15.005,46.387,6.796,4.141,1.050,2.535
391.808,82.188,-15.008,0.000,-3.810,38.295,2.820,3.870,1.050,2.749
391.815,86.868,-15.008,0.000,2.363,48.639,-0.624,3.803,1.050,2.530
391.821,92.324,-17.947,0.000,15.086,36.103,4.522,3.476,1.050,2.861
391.828,97.011,-17.947,0.000,24.822,38.204,-2.210,3.248,1.050,2.909
391.835,101.391,-18.518,0.000,34.465,34.218,4.399,3.012,1.050,2.898
391.841,104.301,-18.518,0.000,41.212,29.935,-0.120,2.839,1.050,2.746
391.848,108.982,-20.615,0.000,48.372,37.224,0.818,2.727,1.050,2.603
391.854,112.395,-20.615,0.000,57.890,31.511,7.078,2.453,1.050,2.695
391.861,114.290,-20.615,0.000,65.778,22.464,7.782,2.183,1.050,2.604
391.867,116.426,-21.561,0.000,70.761,23.473,2.085,2.055,1.050,2.342
391.874,117.522,-21.561,0.000,79.327,16.898,2.615,1.719,1.050,2.364
391.881,118.974,-21.884,0.000,78.477,19.347,-2.891,1.822,1.050,1.732
391.887,118.456,-21.884,0.000,84.209,25.848,0.884,1.541,1.050,1.731
391.894,118.401,-22.538,0.000,91.398,21.992,5.819,1.215,1.050,1.859
391.900,117.989,-22.871,0.000,94.331,19.639,3.091,1.065,1.050,1.603
391.907,116.916,-22.871,0.000,94.391,22.065,-3.446,1.014,1.050,1.200
391.913,114.298,-22.871,0.000,100.283,17.472,0.156,0.631,1.050,1.335
391.920,113.442,-26.395,0.000,99.014,17.687,-1.550,0.649,1.050,0.952
391.926,111.029,-27.145,0.000,99.821,27.047,0.819,0.504,1.050,0.796
391.933,107.578,-27.145,0.000,104.032,22.426,4.695,0.160,1.050,0.905
391.940,103.556,-32.419,0.000,108.947,14.080,7.777,-0.243,1.048,1.058
391.946,99.544,-32.419,0.000,109.339,9.285,1.168,-0.441,1.039,0.812
391.953,95.112,-32.419,0.000,109.502,14.760,1.994,-0.648,1.026,0.624
391.959,90.656,-32.419,0.000,112.866,7.998,3.699,-0.999,1.008,0.759
391.966,84.521,-32.419,0.000,106.313,13.345,-0.840,-0.981,0.986,0.101
391.973,78.809,-31.988,0.000,105.650,15.802,-0.021,-1.208,0.961,0.003
391.979,72.666,-31.988,0.000,108.668,8.669,4.354,-1.620,0.928,0.222
391.986,66.523,-31.988,0.000,108.513,2.826,0.450,-1.890,0.889,0.161
391.992,60.163,-32.419,0.000,103.302,3.306,0.703,-1.941,0.846,-0.297
391.999,53.035,-32.419,0.000,104.017,-3.450,3.598,-2.294,0.798,-0.201
392.005,45.710,-32.419,0.000,101.562,-8.969,2.181,-2.513,0.747,-0.281
392.012,38.386,-32.855,0.000,96.845,-6.548,-0.639,-2.631,0.691,-0.560
392.019,31.061,-32.855,0.000,92.274,-0.880,-0.369,-2.755,0.629,-0.769
392.025,23.736,-32.855,0.000,90.072,-7.673,4.801,-2.985,0.566,-0.749
392.032,16.412,-37.464,0.000,85.114,-11.630,2.477,-3.092,0.499,-0.933
392.038,9.077,-37.951,0.000,77.619,-10.858,-0.640,-3.084,0.432,-1.269
392.045,1.718,-37.951,0.000,72.570,-11.833,-0.845,-3.188,0.362,-1.389
392.051,-5.640,-37.951,0.000,67.832,-16.049,-0.601,-3.306,0.294,-1.312
392.058,-13.214,-45.869,0.000,58.009,-11.470,-0.953,-3.205,0.223,-1.726
392.065,-20.572,-45.304,0.000,49.681,-4.663,-1.401,-3.161,0.152,-1.923
392.071,-27.931,-45.304,0.000,42.502,-7.329,0.420,-3.170,0.080,-2.026
392.078,-34.898,-47.598,0.000,38.674,-11.648,2.776,-3.311,0.009,-1.790
392.084,-41.220,-47.598,0.000,28.281,-11.454,-0.185,-3.128,-0.060,-2.104
392.091,-47.541,-47.598,0.000,18.009,-3.626,-2.760,-2.950,-0.127,-2.398
392.098,-53.862,-47.598,0.000,16.429,-4.114,-1.320,-3.163,-0.196,-1.933
392.104,-60.184,-46.440,0.000,8.279,-9.683,2.469,-3.081,-0.264,-2.046
392.111,-66.177,-46.440,0.000,3.288,-10.946,2.048,-3.126,-0.333,-1.904
392.118,-70.867,-48.778,0.000,-7.997,-11.055,2.106,-2.829,-0.398,-2.315
392.124,-75.558,-49.982,0.000,-10.517,-17.046,3.989,-2.927,-0.462,-1.943
392.131,-80.246,-51.209,0.000,-17.239,-23.626,2.333,-2.835,-0.522,-1.911
392.137,-84.930,-53.094,0.000,-27.139,-21.050,-1.508,-2.601,-0.581,-2.171
392.144,-88.267,-53.094,0.000,-32.382,-21.814,0.946,-2.515,-0.638,-2.043
392.150,-91.178,-53.094,0.000,-39.781,-27.997,2.306,-2.313,-0.690,-2.103
392.157,-94.088,-53.094,0.000,-46.421,-29.110,0.052,-2.145,-0.739,-2.060
392.164,-96.899,-53.094,0.000,-54.895,-27.512,-0.435,-1.890,-0.782,-2.178
392.170,-97.999,-54.380,0.000,-59.691,-27.351,-0.860,-1.724,-0.823,-2.050
392.177,-99.098,-54.380,0.000,-64.819,-31.656,0.673,-1.543,-0.856,-1.888
392.183,-100.198,-54.380,0.000,-72.067,-27.322,-1.295,-1.266,-0.885,-1.943
392.190,-100.640,-54.380,0.000,-80.229,-21.496,-3.429,-0.918,-0.908,-2.069
392.197,-99.859,-55.033,0.000,-84.605,-23.584,0.961,-0.686,-0.926,-1.919
392.203,-99.078,-55.033,0.000,-85.554,-31.153,2.950,-0.609,-0.941,-1.507
392.210,-98.297,-55.033,0.000,-91.151,-36.452,-1.872,-0.322,-0.948,-1.507
392.217,-97.163,-55.033,0.000,-96.198,-31.072,-1.901,-0.043,-0.954,-1.573
392.223,-94.753,-55.033,0.000,-95.355,-37.752,2.540,0.027,-0.953,-1.097
392.230,-92.139,-55.033,0.000,-100.100,-39.229,3.886,0.358,-0.947,-1.174
392.237,-89.525,-55.033,0.000,-104.836,-34.572,0.579,0.689,-0.935,-1.258
392.243,-85.785,-55.033,0.000,-105.907,-33.540,0.517,0.905,-0.918,-1.065
392.250,-81.744,-55.033,0.000,-107.294,-37.531,0.809,1.150,-0.893,-0.854
392.257,-77.310,-55.033,0.000,-110.815,-35.694,-1.540,1.508,-0.862,-0.910
392.263,-72.876,-55.033,0.000,-111.759,-31.769,-0.761,1.750,-0.826,-0.781
392.270,-69.440,-55.033,0.000,-109.011,-39.823,-1.022,1.781,-0.787,-0.388
392.277,-63.832,-54.380,0.000,-111.616,-47.683,-5.071,2.150,-0.741,-0.461
392.283,-57.691,-54.380,0.000,-108.644,-39.065,-3.339,2.293,-0.692,-0.155
392.290,-51.550,-54.380,0.000,-106.502,-40.961,-0.206,2.473,-0.638,0.052
392.297,-46.441,-54.380,0.000,-107.339,-40.508,-1.182,2.740,-0.578,-0.014
392.303,-39.918,-53.734,0.000,-103.428,-35.462,-3.197,2.858,-0.516,0.269
392.310,-32.938,-53.734,0.000,-98.715,-29.044,-0.449,2.960,-0.452,0.554
392.317,-25.624,-53.734,0.000,-97.314,-28.989,0.479,3.226,-0.381,0.564
392.323,-18.804,-53.734,0.000,-94.374,-28.454,-2.366,3.401,-0.307,0.645
392.330,-11.487,-53.734,0.000,-90.247,-26.214,-1.576,3.544,-0.231,0.766
392.336,-4.162,-53.734,0.000,-83.099,-27.480,0.889,3.552,-0.152,1.138
392.343,3.162,-53.734,0.000,-81.266,-24.847,-3.603,3.799,-0.068,1.010
392.350,10.521,-53.734,0.000,-79.266,-25.450,-0.201,4.040,0.018,0.892
392.356,17.403,-54.380,0.000,-67.344,-35.257,-0.398,3.814,0.103,1.555
392.363,24.771,-54.380,0.000,-68.853,-36.435,-5.671,4.213,0.193,1.063
392.369,31.504,-53.094,0.000,-62.775,-22.364,-5.646,4.243,0.285,1.256
392.376,38.711,-53.094,0.000,-55.186,-26.072,0.870,4.225,0.376,1.547
392.382,46.069,-53.094,0.000,-47.435,-34.252,-0.622,4.208,0.468,1.772
392.389,52.526,-53.094,0.000,-46.542,-27.473,-5.419,4.458,0.563,1.380
392.396,58.223,-52.459,0.000,-37.218,-28.694,-1.141,4.295,0.659,1.700
392.402,64.082,-49.982,0.000,-28.441,-33.644,0.341,4.164,0.750,1.981
392.408,70.243,-51.209,0.000,-19.303,-32.981,-2.902,4.030,0.835,2.247
392.415,76.250,-48.185,0.000,-13.498,-28.616,-0.586,4.039,0.922,2.108
392.421,81.459,-48.778,0.000,0.512,-33.786,1.332,3.643,1.006,2.685
392.428,86.146,-48.778,0.000,8.529,-34.072,-1.437,3.493,1.050,2.600
392.434,90.682,-48.185,0.000,16.130,-33.901,0.330,3.355,1.050,2.506
392.441,95.218,-47.598,0.000,25.523,-39.933,0.083,3.136,1.050,2.635
392.448,99.333,-47.598,0.000,29.585,-36.132,-2.512,3.139,1.050,2.292
392.454,101.944,-47.598,0.000,37.704,-39.571,3.559,2.891,1.050,2.295
392.460,104.854,-47.598,0.000,48.465,-45.773,5.468,2.537,1.050,2.590
392.466,107.765,-47.598,0.000,56.179,-48.674,2.914,2.321,1.050,2.641
392.473,109.549,-47.016,0.000,55.912,-42.032,-2.404,2.414,1.050,1.958
392.479,110.794,-45.869,0.000,64.882,-33.051,0.611,2.066,1.050,2.156
392.485,111.889,-45.869,0.000,72.129,-37.674,2.585,1.789,1.050,2.234
392.492,112.985,-45.869,0.000,71.763,-37.287,1.723,1.855,1.050,1.672
392.498,112.514,-45.869,0.000,76.680,-33.651,0.423,1.613,1.050,1.625
392.504,111.729,-45.869,0.000,79.338,-30.838,1.730,1.458,1.050,1.373
392.510,110.944,-45.869,0.000,86.045,-31.541,3.191,1.120,1.050,1.534
392.516,110.365,-47.598,0.000,91.050,-34.507,3.297,0.869,1.050,1.582
392.523,107.898,-47.016,0.000,87.696,-27.135,0.778,0.909,1.050,0.928
392.529,105.284,-47.016,0.000,90.662,-23.032,1.240,0.658,1.050,0.917
392.536,102.820,-46.440,0.000,94.520,-30.586,2.033,0.373,1.050,0.962
392.542,99.425,-46.440,0.000,96.282,-34.084,-1.572,0.141,1.050,0.866
392.549,95.750,-47.598,0.000,95.261,-29.619,-0.335,0.022,1.050,0.536
392.555,91.312,-47.598,0.000,100.218,-31.587,3.452,-0.401,1.045,0.783
392.562,86.875,-47.598,0.000,100.091,-32.184,3.587,-0.595,1.034,0.611
392.569,82.438,-45.869,0.000,98.022,-25.898,4.559,-0.701,1.019,0.291
392.575,76.312,-45.869,0.000,101.460,-31.515,5.244,-1.132,0.996,0.427
392.582,70.169,-45.869,0.000,99.879,-34.963,3.058,-1.337,0.969,0.265
392.589,64.188,-47.016,0.000,96.955,-29.616,1.391,-1.474,0.938,-0.023
392.595,58.054,-46.440,0.000,97.036,-28.941,6.790,-1.754,0.901,-0.012
392.602,51.919,-46.440,0.000,94.429,-31.040,8.090,-1.913,0.861,-0.190
392.608,44.834,-43.099,0.000,90.181,-24.921,-0.278,-2.041,0.816,-0.484
392.615,37.520,-43.099,0.000,87.432,-25.696,2.148,-2.246,0.767,-0.595
392.622,30.205,-43.099,0.000,85.054,-29.921,1.695,-2.468,0.715,-0.588
392.628,22.891,-43.099,0.000,76.575,-28.817,-0.527,-2.416,0.662,-1.065
392.635,15.577,-43.099,0.000,72.206,-23.936,1.045,-2.548,0.604,-1.206
392.642,8.263,-43.099,0.000,72.788,-27.607,4.050,-2.904,0.545,-0.796
392.648,0.936,-43.099,0.000,64.114,-23.791,2.975,-2.843,0.482,-1.249
392.655,-5.015,-36.032,0.000,60.445,-18.981,3.491,-2.946,0.418,-1.219
392.661,-12.384,-35.101,0.000,57.416,-18.321,5.145,-3.141,0.350,-1.189
392.668,-19.753,-35.101,0.000,52.922,-22.957,5.662,-3.270,0.281,-1.176
392.675,-27.122,-35.101,0.000,47.262,-24.576,4.933,-3.347,0.209,-1.279
392.681,-34.651,-30.306,0.000,40.893,-17.061,6.153,-3.399,0.132,-1.451
392.688,-41.653,-30.306,0.000,40.441,-22.482,5.863,-3.694,0.054,-1.091
392.694,-47.975,-30.306,0.000,29.465,-24.847,2.175,-3.485,-0.024,-1.663
392.701,-54.296,-28.693,0.000,23.180,-20.314,2.612,-3.486,-0.101,-1.748
392.708,-60.618,-28.300,0.000,14.657,-24.398,4.176,-3.387,-0.177,-1.976
392.714,-66.939,-28.300,0.000,6.487,-28.615,0.954,-3.304,-0.251,-2.103
392.721,-72.982,-28.300,0.000,-3.623,-29.434,-1.989,-3.121,-0.321,-2.353
392.727,-77.672,-28.300,0.000,-12.105,-24.329,2.823,-2.951,-0.389,-2.425
392.734,-82.363,-28.300,0.000,-19.900,-24.930,1.830,-2.811,-0.450,-2.375
392.741,-87.053,-28.300,0.000,-33.924,-20.860,1.795,-2.391,-0.505,-2.804
392.747,-91.744,-28.300,0.000,-42.027,-15.683,2.782,-2.237,-0.556,-2.719
392.754,-94.326,-26.768,0.000,-52.258,-9.472,4.104,-1.893,-0.601,-2.845
392.760,-97.240,-26.768,0.000,-60.128,-4.989,6.224,-1.670,-0.638,-2.825
392.766,-99.990,-26.768,0.000,-67.226,-6.616,6.087,-1.474,-0.670,-2.651
392.773,-102.847,-26.768,0.000,-75.351,-5.133,1.704,-1.237,-0.700,-2.592
392.780,-103.782,-26.768,-1.000,-83.933,-1.720,5.225,-0.893,-0.722,-2.601
392.786,-104.883,-26.768,-1.000,-82.907,-6.616,6.079,-0.989,-0.743,-1.872
392.793,-105.984,-27.526,0.000,-91.471,-3.399,0.181,-0.653,-0.758,-2.011
392.799,-106.460,-27.526,0.000,-96.975,-0.325,-0.899,-0.427,-0.770,-1.946
392.806,-105.680,-27.526,0.000,-101.164,-7.340,2.141,-0.203,-0.776,-1.775
392.813,-104.899,-27.526,0.000,-108.176,-4.259,-1.028,0.147,-0.776,-1.878
392.819,-104.118,-27.526,0.000,-114.875,1.576,-1.841,0.484,-0.767,-1.919
392.826,-102.343,-27.911,-1.000,-112.211,-4.182,2.390,0.444,-0.759,-1.269
392.832,-99.729,-28.300,-1.000,-116.721,-8.170,2.326,0.765,-0.742,-1.233
392.839,-97.115,-28.300,-1.000,-119.204,-2.999,2.125,0.994,-0.722,-1.113
392.846,-94.501,-28.300,-1.000,-117.218,-7.135,5.710,1.022,-0.700,-0.687
392.852,-90.189,-28.300,-1.000,-118.773,-12.600,6.070,1.286,-0.673,-0.618
392.859,-85.755,-28.300,-1.000,-119.400,-12.693,-0.371,1.514,-0.643,-0.548
392.865,-81.321,-28.300,-1.000,-117.139,-11.915,1.804,1.612,-0.607,-0.242
392.872,-76.887,-28.300,-1.000,-114.981,-13.151,-1.177,1.714,-0.569,0.005
392.879,-71.611,-28.300,-1.000,-117.660,-7.732,-3.539,2.072,-0.526,-0.203
392.885,-65.473,-28.300,-1.000,-116.965,-1.053,-0.743,2.317,-0.478,-0.116
392.892,-59.338,-28.300,-1.000,-114.345,-4.053,3.362,2.475,-0.423,0.126
392.898,-53.197,-28.300,-1.000,-113.189,-4.814,2.151,2.700,-0.366,0.197
392.905,-47.056,-28.300,-1.000,-112.517,1.882,2.314,2.946,-0.302,0.207
392.912,-40.555,-28.300,-1.000,-108.627,-0.877,4.394,3.063,-0.236,0.388
392.918,-33.241,-28.300,-1.000,-106.288,-3.932,3.431,3.287,-0.163,0.534
392.925,-25.927,-28.300,-1.000,-100.927,0.734,2.916,3.375,-0.091,0.786
392.932,-18.606,-28.693,-1.000,-94.420,-2.824,7.196,3.412,-0.015,1.071
392.938,-11.282,-28.693,-1.000,-90.586,-12.219,3.986,3.569,0.063,1.112
392.945,-3.958,-28.693,-1.000,-87.422,-7.791,0.837,3.756,0.144,1.063
392.951,3.367,-28.693,-1.000,-77.738,-15.103,3.785,3.650,0.224,1.511
392.958,10.550,-28.693,-1.000,-77.324,-15.918,0.370,3.954,0.308,1.299
392.964,17.914,-28.693,-1.000,-72.732,-13.076,-0.791,4.079,0.389,1.321
392.970,25.283,-28.693,-1.000,-69.545,-13.446,1.110,4.267,0.473,1.208
392.976,32.651,-28.693,-1.000,-60.327,-18.889,4.093,4.184,0.559,1.684
392.982,40.019,-28.693,-1.000,-53.085,-21.250,2.904,4.190,0.644,1.898
392.988,47.387,-28.693,-1.000,-49.128,-21.294,-0.819,4.343,0.730,1.737
392.994,53.870,-28.693,-1.000,-45.396,-17.025,-1.455,4.467,0.818,1.576
393.000,60.189,-28.693,-1.000,-38.583,-14.601,1.700,4.445,0.908,1.659
393.006,66.508,-28.693,-1.000,-31.399,-15.160,2.551,4.406,0.998,1.897
393.013,72.827,-28.693,-1.000,-31.778,-8.225,1.244,4.707,1.050,1.369
393.019,79.146,-28.693,-1.000,-22.810,-1.558,1.523,4.588,1.050,1.758
393.025,84.381,-28.693,-1.000,-14.672,-2.713,5.028,4.457,1.050,1.950
393.031,89.068,-28.693,-1.000,-2.613,-9.682,7.938,4.126,1.050,2.436
393.037,93.755,-28.693,-1.000,5.449,-11.443,2.489,3.974,1.050,2.520
393.043,98.442,-28.693,-1.000,13.604,-9.029,-1.520,3.818,1.050,2.558
393.049,102.730,-28.693,-1.000,24.836,-10.564,2.817,3.505,1.050,2.781
393.055,105.640,-28.693,-1.000,34.961,-15.966,3.406,3.181,1.050,2.960
393.061,108.551,-28.693,-1.000,40.048,-14.384,0.981,3.083,1.050,2.652
393.067,111.461,-28.693,-1.000,46.253,-8.230,0.882,2.934,1.050,2.510
393.073,113.419,-28.693,-1.000,53.955,-5.129,4.151,2.676,1.050,2.488
393.079,114.514,-28.693,-1.000,62.045,-8.644,7.324,2.361,1.050,2.528
393.086,115.609,-28.693,-1.000,69.785,-12.269,9.083,2.062,1.050,2.582
393.092,116.705,-28.693,-1.000,76.161,-10.546,3.616,1.824,1.050,2.453
393.098,116.256,-28.693,-1.000,82.246,-7.945,1.638,1.530,1.050,2.293
393.104,115.635,-28.693,-1.000,92.277,-12.675,-1.019,1.051,1.050,2.520
393.111,114.850,-28.693,-2.000,92.087,-16.827,-4.289,1.024,1.050,1.934
393.117,113.843,-28.693,-2.000,94.200,-6.703,-5.429,0.884,1.050,1.597
393.124,111.391,-28.693,-2.000,95.798,-7.752,-1.394,0.702,1.050,1.327
393.130,108.774,-28.693,-1.000,99.304,-8.204,2.892,0.426,1.050,1.266
393.137,106.159,-28.693,-1.000,100.284,-4.846,4.082,0.264,1.050,1.013
393.144,102.784,-28.693,-2.000,99.852,-0.646,3.220,0.132,1.050,0.682
393.150,98.353,-28.693,-2.000,102.628,0.601,4.908,-0.192,1.048,0.724
393.157,94.084,-28.693,-3.000,99.965,-2.970,2.337,-0.265,1.044,0.376
393.163,89.647,-28.693,-3.000,97.782,5.635,0.511,-0.366,1.037,0.117
393.170,85.210,-28.693,-3.000,97.244,8.548,2.624,-0.542,1.026,0.046
393.176,79.787,-28.300,-3.000,99.788,3.425,2.751,-0.900,1.010,0.252
393.183,73.652,-28.300,-3.000,94.727,4.283,-0.864,-0.948,0.988,-0.240
393.190,67.518,-28.300,-3.000,96.546,3.100,4.330,-1.306,0.960,-0.076
393.196,61.383,-28.300,-3.000,98.164,-5.558,7.610,-1.655,0.926,0.052
393.203,55.589,-27.526,-7.000,95.968,-10.469,4.422,-1.817,0.888,-0.109
393.209,48.510,-27.145,-9.000,88.854,-2.807,1.232,-1.815,0.849,-0.616
393.216,41.185,-27.145,-9.000,90.808,-6.493,3.206,-2.233,0.802,-0.344
393.223,34.215,-26.768,-10.000,83.799,-8.130,-1.077,-2.231,0.755,-0.708
393.229,26.901,-26.768,-10.000,81.768,-2.167,1.452,-2.469,0.702,-0.713
393.236,19.400,-26.395,-10.000,81.253,-7.034,2.867,-2.783,0.643,-0.555
393.242,12.076,-26.395,-10.000,75.655,-8.415,-0.968,-2.861,0.581,-0.815
393.249,4.739,-26.395,-10.000,73.711,-2.237,1.813,-3.104,0.514,-0.758
393.256,-2.630,-24.587,-10.000,74.242,-6.042,4.379,-3.459,0.440,-0.545
393.262,-9.999,-24.236,-10.000,65.938,-9.617,2.233,-3.417,0.365,-1.023
393.269,-17.543,-23.890,-10.000,62.048,-5.240,-2.270,-3.582,0.286,-1.108
393.275,-24.912,-23.890,-10.000,57.896,-5.506,-1.535,-3.726,0.205,-1.152
393.282,-32.281,-23.890,-10.000,48.519,-6.733,-0.627,-3.636,0.122,-1.574
393.289,-39.289,-23.890,-10.000,40.171,-1.709,-4.929,-3.576,0.042,-1.833
393.295,-45.435,-23.207,-10.000,33.139,1.281,-1.465,-3.536,-0.037,-1.948
393.302,-51.757,-23.207,-10.000,26.293,-7.302,1.383,-3.512,-0.114,-1.951
393.309,-57.902,-22.209,-10.000,19.125,-9.103,0.126,-3.466,-0.191,-2.008
393.315,-64.223,-21.884,-10.000,9.176,-1.769,-2.444,-3.303,-0.265,-2.261
393.322,-70.275,-21.884,-10.000,1.966,-3.044,0.179,-3.251,-0.337,-2.255
393.329,-74.965,-22.209,-10.000,-7.980,-5.941,-1.112,-3.014,-0.405,-2.406
393.335,-79.656,-22.209,-10.000,-16.562,-4.627,-6.177,-2.839,-0.470,-2.444
393.342,-84.169,-22.209,-10.000,-24.141,-2.353,-3.034,-2.701,-0.531,-2.406
393.349,-88.680,-22.209,-10.000,-33.855,-4.797,-2.791,-2.467,-0.586,-2.501
393.355,-92.081,-22.209,-10.000,-43.217,-4.736,-4.711,-2.199,-0.636,-2.577
393.362,-94.995,-22.538,-10.000,-51.013,-2.650,-2.992,-1.979,-0.683,-2.551
393.368,-97.905,-22.538,-10.000,-56.682,-7.461,0.596,-1.855,-0.722,-2.287
393.375,-100.775,-22.538,-10.000,-68.477,-10.116,-0.032,-1.453,-0.758,-2.565
393.382,-101.876,-22.209,-10.000,-74.295,-4.981,0.365,-1.241,-0.787,-2.386
393.388,-102.977,-22.209,-10.000,-74.650,-10.112,3.089,-1.275,-0.814,-1.799
393.395,-104.078,-22.538,-10.000,-88.255,-8.440,-0.865,-0.712,-0.835,-2.377
393.402,-104.747,-22.538,-10.000,-92.482,-0.311,-2.646,-0.552,-0.849,-2.138
393.408,-103.967,-22.538,-10.000,-90.964,-2.848,1.412,-0.585,-0.863,-1.525
393.415,-103.009,-22.209,-9.000,-96.596,-6.456,0.799,-0.289,-0.872,-1.557
393.422,-102.229,-22.209,-9.000,-103.189,1.194,0.698,0.043,-0.873,-1.674
393.428,-100.311,-22.209,-9.000,-101.115,-5.481,1.976,0.036,-0.873,-1.129
393.435,-97.697,-22.209,-9.000,-105.180,-4.857,-3.334,0.337,-0.867,-1.115
393.442,-95.083,-22.209,-9.000,-104.942,-3.298,-0.516,0.444,-0.858,-0.829
393.448,-91.924,-22.538,-9.000,-99.188,-15.102,3.120,0.327,-0.849,-0.159
393.455,-87.634,-22.209,-10.000,-102.229,-16.654,-2.963,0.657,-0.838,-0.353
393.461,-83.200,-22.209,-10.000,-102.101,-12.024,3.056,0.851,-0.821,-0.269
393.468,-78.766,-22.209,-10.000,-99.551,-21.410,7.562,0.935,-0.800,0.050
393.474,-74.332,-22.209,-10.000,-105.851,-14.707,0.858,1.418,-0.773,-0.440
393.481,-68.706,-22.871,-9.000,-106.748,-7.314,0.221,1.712,-0.738,-0.406
393.487,-62.565,-22.871,-9.000,-101.639,-15.044,4.360,1.758,-0.699,0.087
393.494,-56.425,-22.871,-9.000,-101.915,-8.650,-1.641,2.047,-0.656,0.047
393.501,-50.284,-23.207,-9.000,-99.582,-11.914,1.837,2.218,-0.610,0.160
393.507,-44.143,-23.207,-9.000,-94.667,-18.831,2.980,2.274,-0.559,0.484
393.514,-37.645,-23.207,-9.000,-95.575,-15.592,-0.351,2.607,-0.503,0.321
393.521,-30.320,-23.207,-9.000,-91.208,-18.186,4.260,2.740,-0.444,0.550
393.527,-22.996,-23.207,-9.000,-91.025,-21.147,-0.312,3.061,-0.376,0.491
393.534,-15.672,-22.871,-9.000,-92.239,-11.354,0.921,3.446,-0.303,0.280
393.541,-8.347,-22.871,-10.000,-86.004,-19.273,3.372,3.495,-0.226,0.707
393.547,-1.023,-22.871,-10.000,-89.438,-17.202,-3.379,3.979,-0.141,0.272
393.554,6.301,-22.871,-10.000,-86.484,-12.491,-3.005,4.175,-0.051,0.402
393.561,13.659,-22.871,-10.000,-79.365,-18.117,1.775,4.186,0.042,0.795
393.567,21.027,-22.209,-10.000,-76.372,-13.890,-3.038,4.383,0.136,0.825
393.574,28.395,-22.209,-10.000,-67.914,-15.491,1.076,4.334,0.229,1.208
393.580,35.764,-22.209,-10.000,-60.439,-20.277,0.320,4.329,0.326,1.556
393.587,43.132,-22.209,-10.000,-52.845,-13.006,-1.278,4.319,0.420,1.749
393.593,51.068,-22.209,-11.000,-39.589,-16.115,1.544,4.080,0.511,2.323
393.600,57.555,-22.209,-11.000,-37.672,-12.702,-5.385,4.285,0.604,1.899
393.607,63.874,-22.209,-11.000,-29.361,-6.799,-5.181,4.196,0.697,2.028
393.613,70.193,-22.209,-11.000,-11.662,-16.671,-0.881,3.683,0.782,2.862
393.620,77.094,-21.561,-10.000,-1.230,-17.712,-4.014,3.525,0.861,2.962
393.626,83.408,-21.884,-11.000,10.464,-13.971,-0.529,3.282,0.932,3.069
393.633,88.645,-21.884,-11.000,25.599,-21.828,-0.318,2.837,1.000,3.498
393.639,93.522,-21.561,-11.000,28.947,-13.980,-5.314,2.906,1.050,2.862
393.646,98.205,-21.561,-9.000,39.121,-17.435,-1.224,2.659,1.050,2.885
393.653,102.892,-21.561,-9.000,50.864,-25.216,-1.750,2.341,1.050,3.025
393.659,107.196,-21.561,-10.000,56.328,-22.673,-5.890,2.289,1.050,2.701
393.666,110.106,-21.561,-10.000,63.670,-22.055,-3.895,2.090,1.050,2.516
393.672,113.016,-21.243,-10.000,69.810,-24.475,-5.737,1.944,1.050,2.418
393.679,115.927,-21.243,-11.000,74.087,-14.035,-6.838,1.883,1.050,2.142
393.685,117.901,-21.243,-11.000,81.027,-12.881,-1.932,1.659,1.050,2.123
393.692,118.997,-21.561,-13.000,86.953,-17.595,-1.374,1.442,1.050,2.031
393.699,120.094,-21.561,-13.000,91.254,-19.612,-5.785,1.298,1.050,1.896
393.705,121.390,-21.243,-13.000,96.323,-14.240,-9.337,1.128,1.050,1.728
393.712,121.152,-20.927,-15.000,105.354,-12.613,-9.641,0.711,1.050,1.969
393.718,120.368,-20.927,-15.000,105.768,-8.069,-11.121,0.657,1.050,1.539
393.725,119.584,-20.927,-15.000,110.650,1.627,-11.703,0.402,1.050,1.520
393.732,119.002,-20.927,-16.000,113.097,7.776,-8.703,0.266,1.050,1.289
393.738,116.383,-20.927,-16.000,119.981,4.600,-9.521,-0.162,1.049,1.490
393.745,113.765,-20.927,-16.000,123.292,4.247,-11.693,-0.429,1.043,1.418
393.752,111.147,-20.927,-16.000,124.816,7.027,-12.872,-0.615,1.030,1.147
393.758,108.200,-20.927,-17.000,133.013,5.276,-8.999,-1.117,1.009,1.486
393.765,103.764,-20.927,-17.000,133.966,3.304,-10.535,-1.359,0.983,1.238
393.771,99.327,-20.615,-17.000,134.203,4.038,-14.612,-1.569,0.949,0.916
393.778,94.681,-20.306,-17.000,134.366,6.104,-14.469,-1.786,0.910,0.659
393.784,90.244,-20.306,-17.000,136.354,-1.910,-12.631,-2.075,0.867,0.644
393.791,84.150,-20.306,-17.000,134.677,-4.124,-15.942,-2.274,0.820,0.401
393.798,78.007,-20.306,-17.000,132.247,-0.698,-16.255,-2.441,0.766,0.085
393.804,72.291,-19.697,-17.000,132.700,-0.897,-15.041,-2.718,0.710,0.020
393.810,66.156,-19.697,-17.000,131.866,-3.440,-13.509,-2.957,0.652,-0.028
393.816,60.022,-19.697,-17.000,129.782,-5.063,-12.909,-3.139,0.592,-0.123
393.822,52.959,-19.697,-17.000,125.849,-7.309,-13.011,-3.280,0.528,-0.349
393.829,46.277,-19.697,-17.000,119.775,-3.371,-14.140,-3.307,0.458,-0.703
393.835,39.392,-19.697,-17.000,114.617,1.181,-15.401,-3.385,0.383,-0.954
393.842,32.068,-19.697,-17.000,110.022,5.620,-15.173,-3.508,0.305,-1.070
393.849,24.743,-19.102,-17.000,104.997,5.598,-13.310,-3.611,0.226,-1.184
393.855,17.419,-18.518,-17.000,99.863,7.543,-14.317,-3.710,0.146,-1.265
393.862,10.083,-18.518,-17.000,91.596,10.563,-15.778,-3.668,0.064,-1.628
393.868,2.713,-18.518,-17.000,88.655,8.173,-13.914,-3.867,-0.019,-1.456
393.875,-4.876,-17.947,-17.000,83.865,6.303,-13.699,-3.993,-0.105,-1.432
393.882,-12.025,-18.231,-17.000,75.784,1.693,-14.766,-3.951,-0.191,-1.643
393.888,-19.394,-18.231,-17.000,69.178,1.994,-15.443,-3.986,-0.281,-1.742
393.895,-26.984,-17.387,-17.000,63.790,5.987,-12.302,-4.085,-0.370,-1.703
393.902,-33.996,-16.839,-18.000,58.992,6.664,-13.097,-4.184,-0.461,-1.629
393.908,-40.317,-16.302,-17.000,49.141,5.831,-13.042,-4.026,-0.549,-1.944
393.915,-46.639,-16.302,-17.000,39.250,4.359,-16.062,-3.865,-0.638,-2.264
393.921,-52.960,-16.569,-17.000,31.719,7.616,-15.719,-3.811,-0.723,-2.308
393.928,-59.281,-16.569,-17.000,22.396,5.925,-16.500,-3.675,-0.805,-2.447
393.935,-65.336,-15.261,-17.000,14.315,3.316,-15.454,-3.584,-0.886,-2.416
393.941,-70.019,-15.261,-17.000,3.905,2.668,-14.464,-3.327,-0.962,-2.610
393.948,-74.706,-15.518,-18.000,-4.496,4.188,-15.431,-3.159,-1.032,-2.604
393.954,-79.396,-15.008,-18.000,-12.136,6.301,-16.039,-3.027,-1.050,-2.543
393.961,-84.087,-15.008,-18.000,-19.203,2.943,-15.270,-2.920,-1.050,-2.416
393.968,-87.501,-15.008,-18.000,-26.616,-1.949,-13.523,-2.740,-1.050,-2.335
393.974,-90.416,-15.008,-18.000,-37.069,3.704,-16.302,-2.401,-1.050,-2.546
393.981,-93.330,-14.757,-16.000,-44.140,11.623,-18.668,-2.214,-1.050,-2.419
393.988,-96.210,-14.757,-16.000,-51.140,11.684,-17.135,-2.028,-1.050,-2.340
393.994,-97.530,-13.777,-13.000,-57.420,11.825,-14.823,-1.805,-1.050,-2.230
394.001,-98.631,-13.539,-11.000,-63.933,14.483,-17.675,-1.561,-1.050,-2.170
394.007,-99.732,-13.539,-11.000,-67.828,15.352,-15.684,-1.436,-1.050,-1.950
394.014,-100.233,-13.539,-10.000,-71.071,15.852,-12.461,-1.312,-1.050,-1.716
394.021,-99.454,-13.539,-10.000,-76.219,14.622,-13.131,-1.046,-1.050,-1.621
394.027,-98.889,-12.380,-15.000,-84.697,20.686,-15.929,-0.639,-1.050,-1.842
394.034,-98.323,-12.380,-17.000,-89.749,24.973,-15.746,-0.386,-1.050,-1.799
394.041,-96.411,-12.380,-17.000,-92.068,25.720,-13.967,-0.195,-1.050,-1.535
394.047,-94.009,-11.932,-2.000,-95.277,21.878,-15.125,0.057,-1.049,-1.389
394.053,-91.395,-11.932,-2.000,-98.336,22.169,-15.884,0.312,-1.045,-1.295
394.060,-88.992,-11.711,-2.000,-98.038,20.918,-13.497,0.407,-1.038,-0.965
394.066,-84.708,-11.711,-2.000,-98.747,20.748,-8.076,0.632,-1.026,-0.784
394.073,-81.097,-10.430,-2.000,-97.221,18.194,-7.999,0.726,-1.008,-0.419
394.080,-76.864,-10.430,-1.000,-101.764,17.073,-7.928,1.120,-0.985,-0.609
394.086,-72.430,-10.430,-1.000,-98.512,20.762,-7.250,1.174,-0.960,-0.216
394.093,-68.727,-8.069,-1.000,-99.756,25.651,-3.989,1.396,-0.931,-0.288
394.100,-62.586,-8.069,-1.000,-95.878,21.319,-5.057,1.498,-0.898,0.095
394.106,-57.181,-7.515,-1.000,-97.817,17.786,-10.178,1.829,-0.860,-0.052
394.113,-51.753,-7.153,-1.000,-96.583,18.836,-10.150,2.017,-0.816,0.035
394.120,-46.987,-6.974,-1.000,-87.988,16.977,-7.050,1.845,-0.773,0.698
394.126,-40.992,-6.974,-1.000,-89.258,16.007,-8.389,2.172,-0.727,0.467
394.133,-33.992,-6.974,-1.000,-88.320,17.510,-8.496,2.445,-0.677,0.369
394.139,-26.668,-6.974,-1.000,-83.852,18.043,-4.032,2.573,-0.622,0.591
394.146,-20.610,-6.974,-1.000,-76.770,16.014,-4.191,2.527,-0.565,0.982
394.153,-13.285,-6.974,-1.000,-73.275,17.534,-5.699,2.700,-0.506,1.018
394.159,-6.731,-6.797,-1.000,-68.883,19.578,-6.567,2.797,-0.447,1.102
394.165,0.594,-6.797,-1.000,-63.154,20.191,-4.160,2.869,-0.389,1.256
394.172,8.104,-6.797,-1.000,-54.384,15.418,-1.217,2.812,-0.330,1.623
394.178,15.472,-6.797,-1.000,-48.726,13.194,-2.790,2.889,-0.267,1.652
394.185,22.840,-6.797,-1.000,-47.073,13.340,-8.247,3.146,-0.199,1.379
394.191,30.209,-6.797,-1.000,-43.482,21.468,-6.848,3.316,-0.129,1.281
394.198,37.720,-6.797,-1.000,-36.882,20.392,-1.415,3.357,-0.056,1.445
394.204,45.088,-6.797,-1.000,-30.438,16.114,2.845,3.399,0.019,1.613
394.211,51.583,-6.797,-1.000,-28.358,13.995,-1.364,3.597,0.099,1.393
394.218,57.902,-6.797,-1.000,-22.150,23.846,-3.631,3.602,0.176,1.463
394.224,64.221,-6.797,-1.000,-10.569,21.329,-0.847,3.366,0.252,2.011
394.231,70.540,-6.797,-1.000,-6.313,22.260,-3.623,3.458,0.326,1.825
394.237,76.859,-6.797,-1.000,1.118,25.306,-3.263,3.408,0.400,1.932
394.244,82.259,-6.797,-1.000,8.772,26.687,-1.292,3.307,0.472,1.984
394.250,86.792,-6.797,-1.000,15.321,21.409,-1.231,3.216,0.545,2.033
394.257,91.479,-6.797,-1.000,21.290,28.881,-2.072,3.159,0.615,1.964
394.264,96.166,-6.797,-1.000,28.613,32.109,0.329,3.040,0.683,2.039
394.270,100.476,-6.797,-1.000,38.448,27.385,3.840,2.791,0.747,2.293
394.277,103.386,-6.797,-1.000,44.096,28.688,0.086,2.668,0.806,2.161
394.283,106.296,-6.797,-1.000,51.639,31.783,-0.991,2.460,0.860,2.169
394.290,109.207,-6.797,-1.000,64.689,26.401,0.191,2.003,0.908,2.629
394.297,111.341,-6.621,-1.000,65.107,31.553,-3.715,2.081,0.953,2.000
394.303,112.438,-6.621,-1.000,75.883,36.187,0.762,1.645,0.993,2.348
394.310,113.533,-6.621,-1.000,83.526,32.027,5.341,1.350,1.024,2.298
394.316,114.629,-6.621,-1.000,89.715,29.154,0.119,1.121,1.050,2.208
394.323,114.199,-6.621,-1.000,93.710,32.616,-0.571,0.922,1.050,1.937
394.329,113.413,-6.621,-1.000,103.486,28.506,0.132,0.447,1.050,2.192
394.336,112.628,-6.621,-1.000,106.170,23.961,-1.296,0.291,1.050,1.926
394.343,111.638,-6.621,-1.000,109.901,28.400,-2.322,0.078,1.050,1.738
394.349,109.020,-6.621,-1.000,115.101,27.469,1.763,-0.274,1.046,1.690
394.356,106.402,-6.621,-1.000,116.505,26.369,2.317,-0.455,1.038,1.373
394.362,103.783,-6.621,-1.000,117.177,25.908,-0.535,-0.603,1.024,1.053
394.369,100.415,-6.621,-1.000,118.424,28.676,2.874,-0.810,1.008,0.871
394.376,95.978,-6.621,-1.000,120.615,25.769,4.198,-1.109,0.986,0.817
394.382,91.541,-6.621,-1.000,118.955,20.696,1.908,-1.234,0.961,0.531
394.389,87.103,-6.621,-1.000,117.587,25.412,-0.804,-1.372,0.931,0.275
394.395,82.666,-6.621,-1.000,119.402,28.654,1.065,-1.653,0.897,0.340
394.402,76.415,-6.621,-1.000,117.339,28.354,0.206,-1.842,0.859,0.134
394.409,70.272,-6.621,-1.000,111.362,32.884,-1.070,-1.849,0.817,-0.373
394.415,64.129,-6.621,-1.000,108.797,37.422,1.223,-2.010,0.773,-0.525
394.422,57.985,-6.621,-1.000,110.673,36.942,6.666,-2.371,0.723,-0.269
394.428,51.842,-6.621,-1.000,108.448,36.318,6.900,-2.547,0.670,-0.318
394.435,44.762,-6.446,-1.000,103.488,38.999,4.046,-2.643,0.613,-0.605
394.442,37.444,-6.446,-1.000,100.477,41.825,6.812,-2.836,0.551,-0.723
394.448,30.130,-6.446,-1.000,101.362,35.407,7.707,-3.205,0.484,-0.474
394.455,22.812,-6.446,-1.000,93.973,29.154,5.152,-3.202,0.414,-0.878
394.461,15.488,-6.446,-1.000,86.086,34.563,2.570,-3.177,0.343,-1.281
394.468,8.020,-6.621,-1.000,82.218,34.589,1.992,-3.339,0.270,-1.264
394.475,0.694,-6.621,-1.000,71.040,33.129,-0.595,-3.166,0.201,-1.750
394.481,-6.672,-6.621,-1.000,63.595,39.811,-0.371,-3.162,0.130,-1.900
394.488,-14.187,-6.621,-1.000,56.901,44.399,2.604,-3.199,0.061,-1.962
394.494,-21.545,-6.621,-1.000,53.370,40.793,4.578,-3.371,-0.006,-1.746
394.500,-28.904,-6.621,-1.000,47.918,36.559,6.157,-3.457,-0.075,-1.669
394.506,-36.426,-6.797,-1.000,38.652,33.402,5.298,-3.379,-0.147,-1.952
394.513,-43.441,-6.797,-1.000,31.612,41.460,6.423,-3.377,-0.223,-2.008
394.520,-49.762,-6.797,-1.000,27.092,39.396,4.962,-3.458,-0.298,-1.841
394.526,-56.387,-6.974,-1.000,15.233,34.934,2.039,-3.223,-0.368,-2.231
394.533,-62.860,-6.974,-1.000,2.647,37.023,-1.588,-2.948,-0.436,-2.634
394.539,-69.181,-6.974,-1.000,-3.881,39.618,1.605,-2.938,-0.500,-2.503
394.546,-75.244,-6.974,-1.000,-9.708,36.273,1.828,-2.949,-0.563,-2.278
394.552,-79.935,-6.974,-1.000,-18.826,34.506,2.882,-2.750,-0.623,-2.411
394.559,-85.519,-8.829,-1.000,-26.854,37.986,0.646,-2.640,-0.681,-2.458
394.565,-90.356,-9.416,-1.000,-33.714,40.613,3.049,-2.549,-0.738,-2.379
394.572,-95.340,-10.224,-1.000,-39.429,40.416,7.293,-2.516,-0.792,-2.211
394.578,-98.755,-10.224,-1.000,-50.074,39.365,5.354,-2.191,-0.842,-2.485
394.585,-101.665,-10.224,-1.000,-60.465,44.264,0.705,-1.854,-0.885,-2.699
394.591,-104.576,-10.224,-1.000,-67.011,48.247,3.069,-1.690,-0.925,-2.568
394.597,-107.615,-10.430,-1.000,-71.911,45.717,4.529,-1.607,-0.959,-2.345
394.603,-108.865,-10.430,-1.000,-76.806,42.107,4.598,-1.443,-0.987,-2.119
394.609,-109.966,-10.430,-1.000,-82.390,37.338,3.747,-1.241,-1.011,-2.067
394.614,-111.067,-10.430,-1.000,-87.595,32.192,2.252,-1.056,-1.031,-2.001
394.620,-111.583,-10.639,-1.000,-92.703,30.995,0.290,-0.850,-1.048,-1.952
394.626,-110.802,-10.639,-1.000,-99.606,35.721,-1.177,-0.504,-1.050,-2.094
394.631,-110.021,-10.639,-1.000,-106.872,34.083,1.406,-0.142,-1.050,-2.260
394.637,-109.241,-10.639,-1.000,-110.780,34.589,0.877,0.069,-1.050,-2.114
394.642,-107.339,-10.639,-1.000,-114.391,38.160,0.569,0.317,-1.046,-1.927
394.648,-104.725,-10.639,-1.000,-117.199,38.489,1.223,0.561,-1.036,-1.678
394.653,-102.111,-10.639,-1.000,-119.176,33.010,2.758,0.768,-1.022,-1.388
394.659,-99.497,-10.639,-1.000,-124.027,33.061,3.296,1.104,-1.003,-1.459
394.665,-95.224,-10.639,-1.000,-128.139,33.510,3.265,1.481,-0.979,-1.503
394.670,-90.790,-10.639,-1.000,-129.398,34.450,2.250,1.737,-0.951,-1.346
394.676,-86.356,-10.639,-1.000,-131.065,37.314,-0.486,2.012,-0.918,-1.258
394.681,-82.077,-14.757,-1.000,-131.696,38.695,1.524,2.233,-0.879,-1.069
394.687,-76.848,-14.757,-1.000,-128.960,32.983,2.650,2.345,-0.838,-0.625
394.693,-70.716,-16.839,-1.000,-125.454,26.487,2.942,2.463,-0.792,-0.174
394.698,-64.584,-16.839,-1.000,-121.529,22.626,4.320,2.563,-0.743,0.296
394.704,-58.446,-17.947,-1.000,-117.954,18.107,5.115,2.678,-0.692,0.654
394.710,-52.308,-18.808,-1.000,-120.329,18.525,2.067,3.061,-0.635,0.322
394.715,-45.839,-18.808,-1.000,-120.381,19.712,2.740,3.354,-0.577,0.212
394.720,-38.524,-18.808,-1.000,-119.774,25.108,0.069,3.656,-0.514,0.193
394.726,-31.210,-20.306,-1.000,-116.439,28.145,-1.051,3.835,-0.446,0.396
394.732,-23.893,-20.615,-1.000,-114.406,24.105,0.810,4.073,-0.372,0.435
394.737,-16.568,-20.615,-1.000,-109.476,19.114,3.098,4.181,-0.293,0.825
394.743,-9.244,-20.927,-1.000,-104.071,13.117,5.915,4.267,-0.211,1.246
394.749,-1.920,-21.243,-1.000,-104.284,12.089,2.999,4.606,-0.122,1.015
394.754,5.437,-21.243,-1.000,-100.159,14.111,2.903,4.752,-0.034,1.150
394.760,12.805,-21.243,-1.000,-93.026,14.291,2.666,4.762,0.052,1.472
394.765,20.173,-21.561,-1.000,-83.538,14.562,3.595,4.667,0.136,1.897
394.771,27.538,-23.207,-1.000,-75.624,14.074,4.465,4.642,0.219,2.052
394.776,34.896,-23.207,-1.000,-69.490,13.393,2.710,4.697,0.304,2.072
394.782,42.254,-23.207,-1.000,-61.250,14.162,0.798,4.658,0.392,2.360
394.787,48.758,-23.207,-1.000,-52.613,16.204,1.432,4.562,0.478,2.630
394.793,55.068,-28.693,-1.000,-43.108,12.018,3.725,4.418,0.564,2.856
394.798,61.378,-28.693,-1.000,-36.599,10.545,5.002,4.409,0.644,2.715
394.804,67.695,-35.564,-1.000,-30.131,12.665,3.032,4.402,0.723,2.563
394.809,74.014,-36.982,-1.000,-23.732,17.167,-0.357,4.399,0.803,2.445
394.815,79.302,-36.982,-1.000,-14.430,19.495,0.189,4.218,0.880,2.618
394.820,83.989,-36.982,-1.000,-3.128,17.787,2.058,3.920,0.954,2.959
394.826,88.676,-36.982,-1.000,9.564,11.586,5.474,3.560,1.022,3.402
394.831,93.363,-44.191,-1.000,16.248,12.422,5.226,3.470,1.050,3.174
394.837,97.710,-44.191,-1.000,24.334,12.437,4.822,3.302,1.050,3.100
394.842,100.620,-44.191,-1.000,32.033,11.012,3.487,3.086,1.050,2.975
394.848,103.530,-46.440,-1.000,37.154,9.434,1.709,2.987,1.050,2.625
394.854,106.441,-46.440,-1.000,41.247,6.263,1.169,2.934,1.050,2.267
394.859,108.458,-45.869,-1.000,49.656,-0.395,0.909,2.646,1.050,2.470
394.865,109.555,-45.869,-1.000,56.189,-6.218,3.789,2.401,1.050,2.528
394.870,110.652,-46.440,-1.000,61.114,-10.559,5.483,2.229,1.050,2.431
394.876,111.748,-46.440,-1.000,62.303,-9.356,4.027,2.225,1.050,1.922
394.881,111.353,-46.440,-1.000,64.327,-5.906,2.021,2.116,1.050,1.616
394.887,110.568,-45.869,-1.000,68.625,-5.497,3.331,1.887,1.050,1.567
394.892,109.783,-45.869,-1.000,72.899,-4.275,4.188,1.660,1.050,1.499
394.898,108.827,-46.440,-1.000,75.588,-3.828,3.551,1.496,1.050,1.313
394.903,106.209,-46.440,-1.000,81.441,-4.940,3.958,1.115,1.050,1.494
394.909,103.591,-46.440,-1.000,84.140,-7.630,2.771,0.875,1.050,1.409
394.915,100.973,-46.440,-1.000,88.343,-11.335,3.373,0.568,1.050,1.558
394.920,97.639,-46.440,-1.000,91.097,-11.326,1.817,0.294,1.050,1.496
394.926,93.201,-46.440,-1.000,94.461,-7.454,2.111,-0.057,1.050,1.460
394.932,88.764,-46.440,-1.000,99.746,-4.395,2.547,-0.494,1.043,1.559
394.937,84.327,-46.440,-1.000,99.823,-0.804,0.393,-0.697,1.030,1.130
394.943,79.889,-46.440,-1.000,100.461,3.056,-0.491,-0.926,1.013,0.849
394.948,73.825,-46.440,-1.000,103.525,-0.581,2.824,-1.337,0.990,0.876
394.954,67.681,-46.440,-1.000,103.896,-2.841,2.469,-1.630,0.961,0.672
394.960,61.547,-46.440,-1.000,105.991,-5.227,6.260,-2.000,0.926,0.699
394.965,55.412,-46.440,-1.000,106.358,-6.330,8.192,-2.293,0.886,0.573
394.971,49.277,-47.016,-1.000,105.822,-8.196,7.629,-2.544,0.841,0.398
394.976,42.234,-47.016,-1.000,105.120,-9.339,3.019,-2.830,0.789,0.211
394.982,34.910,-46.440,-1.000,103.398,-7.348,0.072,-3.082,0.733,-0.012
394.987,27.585,-46.440,-1.000,101.573,-10.208,-0.207,-3.329,0.671,-0.198
394.993,20.261,-46.440,-1.000,96.475,-10.900,-3.501,-3.430,0.607,-0.625
394.999,12.936,-46.440,-1.000,91.602,-11.646,-1.315,-3.540,0.540,-0.954
395.004,5.612,-46.440,-1.000,87.673,-12.207,1.159,-3.693,0.471,-1.102
395.010,-1.724,-46.440,-1.000,79.562,-12.089,2.212,-3.658,0.403,-1.556
395.015,-9.093,-46.440,-1.000,72.411,-13.993,4.099,-3.668,0.335,-1.828
395.021,-16.462,-46.440,-1.000,65.360,-11.040,5.431,-3.682,0.267,-2.004
395.027,-23.831,-46.440,-1.000,59.741,-11.231,6.051,-3.761,0.197,-2.002
395.032,-31.200,-46.440,-1.000,55.409,-16.088,7.457,-3.897,0.127,-1.853
395.038,-38.569,-46.440,-1.000,48.855,-18.633,5.823,-3.934,0.052,-1.950
395.043,-45.599,-46.440,-1.000,42.791,-19.296,3.826,-3.978,-0.021,-1.978
395.049,-51.921,-46.440,-1.000,37.332,-18.087,2.955,-4.016,-0.095,-1.959
395.055,-58.242,-45.869,-1.000,31.328,-21.036,4.292,-4.031,-0.170,-2.021
395.060,-64.563,-45.869,-1.000,22.982,-18.920,3.947,-3.940,-0.244,-2.264
395.066,-70.885,-45.869,-1.000,15.964,-18.145,4.211,-3.908,-0.317,-2.348
395.071,-76.969,-45.304,-1.000,9.515,-16.769,4.117,-3.892,-0.391,-2.410
395.077,-81.653,-45.304,-1.000,-0.510,-14.911,3.446,-3.651,-0.463,-2.746
395.083,-86.343,-45.304,-1.000,-7.290,-15.431,4.352,-3.557,-0.530,-2.698
395.088,-91.034,-45.304,-1.000,-11.002,-17.714,5.756,-3.601,-0.597,-2.362
395.094,-95.724,-44.745,-1.000,-18.554,-20.141,4.788,-3.473,-0.661,-2.383
395.099,-99.167,-44.745,-1.000,-27.110,-20.641,5.165,-3.243,-0.720,-2.467
395.105,-102.077,-44.745,-1.000,-36.257,-17.161,5.090,-2.962,-0.774,-2.556
395.110,-104.988,-44.745,-1.000,-43.579,-15.952,8.440,-2.763,-0.824,-2.479
395.116,-107.898,-44.745,-1.000,-52.979,-16.377,6.767,-2.471,-0.872,-2.623
395.122,-108.999,-44.745,-1.000,-60.042,-18.633,3.697,-2.203,-0.915,-2.611
395.127,-110.099,-44.745,-1.000,-65.998,-17.664,4.717,-1.985,-0.955,-2.536
395.133,-111.198,-44.745,-1.000,-73.661,-18.647,4.302,-1.689,-0.990,-2.650
395.139,-111.745,-44.745,-1.000,-81.417,-19.605,3.456,-1.365,-1.020,-2.770
395.144,-110.965,-44.745,-1.000,-87.966,-16.902,5.111,-1.035,-1.043,-2.730
395.150,-110.185,-44.745,-1.000,-90.686,-17.607,7.426,-0.877,-1.050,-2.349
395.155,-109.404,-44.745,-1.000,-95.969,-17.807,7.229,-0.605,-1.050,-2.219
395.161,-107.537,-44.745,-1.000,-99.606,-16.525,7.339,-0.357,-1.050,-1.959
395.167,-104.923,-44.745,-1.000,-102.986,-19.551,6.104,-0.087,-1.050,-1.712
395.172,-102.309,-44.745,-1.000,-107.349,-18.896,6.051,0.227,-1.047,-1.639
395.178,-99.695,-44.745,-1.000,-111.619,-18.045,5.324,0.537,-1.040,-1.636
395.184,-95.456,-44.745,-1.000,-115.172,-16.390,3.231,0.887,-1.027,-1.612
395.189,-91.022,-44.745,-1.000,-116.592,-16.758,4.516,1.151,-1.008,-1.374
395.195,-86.588,-44.745,-1.000,-117.636,-19.671,5.557,1.397,-0.983,-1.139
395.200,-82.154,-44.745,-1.000,-117.349,-24.677,8.160,1.584,-0.953,-0.763
395.206,-76.955,-45.869,-1.000,-120.358,-29.753,7.376,1.953,-0.917,-0.730
395.212,-70.817,-47.016,-1.000,-123.100,-32.299,4.875,2.353,-0.873,-0.711
395.217,-64.676,-47.016,-1.000,-120.602,-30.142,4.746,2.517,-0.827,-0.305
395.223,-58.536,-47.016,-1.000,-119.855,-29.878,2.854,2.759,-0.778,-0.209
395.229,-52.395,-47.016,-1.000,-119.619,-31.777,6.196,3.025,-0.724,-0.256
395.234,-45.932,-51.209,-1.000,-119.118,-32.783,7.315,3.293,-0.665,-0.187
395.240,-38.607,-51.209,-1.000,-116.010,-31.845,12.097,3.483,-0.599,0.202
395.245,-31.283,-51.209,-1.000,-113.911,-32.411,15.285,3.718,-0.528,0.444
395.251,-23.969,-52.459,-1.000,-108.237,-32.725,9.245,3.792,-0.456,0.896
395.257,-16.648,-53.094,-1.000,-102.805,-26.153,6.567,3.877,-0.385,1.160
395.262,-9.324,-53.094,-1.000,-98.140,-25.042,6.384,3.997,-0.312,1.236
395.268,-1.999,-53.094,-1.000,-94.589,-27.716,9.156,4.167,-0.235,1.156
395.274,5.357,-53.094,-1.000,-88.774,-34.527,7.257,4.236,-0.157,1.373
395.279,12.725,-54.380,-1.000,-80.742,-38.336,7.863,4.206,-0.080,1.739
395.285,20.093,-54.380,-1.000,-78.484,-35.013,4.467,4.436,-0.002,1.458
395.290,27.462,-54.380,-1.000,-74.990,-32.057,-0.310,4.610,0.080,1.354
395.296,34.830,-53.734,-1.000,-66.330,-28.645,0.040,4.552,0.163,1.759
395.301,42.198,-53.734,-1.000,-57.255,-32.464,3.941,4.475,0.244,2.086
395.307,48.719,-53.734,-1.000,-48.668,-36.939,8.091,4.382,0.325,2.342
395.312,55.038,-53.734,-1.000,-40.261,-38.603,10.773,4.288,0.409,2.603
395.318,61.351,-53.094,-1.000,-32.115,-43.865,12.622,4.206,0.491,2.846
395.323,67.661,-53.094,-1.000,-22.207,-49.998,13.535,4.044,0.570,3.155
395.329,73.980,-53.734,-1.000,-18.011,-50.101,8.589,4.140,0.646,2.794
395.335,79.278,-53.734,-1.000,-14.591,-47.245,2.076,4.224,0.723,2.384
395.340,83.965,-53.734,-1.000,-7.141,-40.018,3.022,4.100,0.798,2.381
395.346,88.652,-53.734,-1.000,1.432,-42.763,7.350,3.925,0.870,2.504
395.351,93.332,-53.734,-1.000,7.227,-42.085,6.201,3.875,0.946,2.504
395.357,97.686,-53.734,-1.000,12.981,-39.360,6.073,3.812,1.019,2.484
395.362,100.592,-53.734,-1.000,18.060,-41.884,6.915,3.714,1.050,2.354
395.368,103.499,-53.734,-1.000,22.027,-38.928,7.020,3.666,1.050,2.139
395.373,106.408,-53.734,-1.000,27.808,-35.422,5.913,3.537,1.050,2.091
395.379,108.446,-53.734,-1.000,34.154,-28.894,7.253,3.343,1.050,2.078
395.384,109.543,-53.734,-1.000,44.139,-28.143,10.133,2.943,1.050,2.399
395.390,110.639,-53.734,-1.000,52.295,-29.651,9.392,2.625,1.050,2.574
395.396,111.736,-53.734,-1.000,58.318,-28.382,7.917,2.404,1.050,2.485
395.401,111.362,-53.094,-1.000,65.068,-25.735,4.946,2.083,1.050,2.432
395.407,110.577,-53.094,-1.000,76.598,-26.110,4.227,1.529,1.050,2.814
395.412,109.792,-53.094,-1.000,85.839,-30.959,7.118,1.078,1.050,2.864
395.418,108.857,-53.094,-1.000,93.827,-37.227,7.882,0.676,1.050,2.827
395.423,106.239,-53.094,-1.000,100.469,-41.400,9.720,0.260,1.050,2.772
395.429,103.624,-52.459,-1.000,104.316,-47.023,10.159,-0.031,1.050,2.563
395.435,101.010,-51.831,-1.000,104.838,-46.713,5.049,-0.172,1.048,2.006
395.440,97.707,-51.831,-1.000,106.836,-46.136,4.943,-0.411,1.042,1.693
395.446,93.276,-51.831,-1.000,107.480,-45.562,3.198,-0.639,1.031,1.297
395.451,88.839,-51.209,-1.000,108.276,-43.670,3.218,-0.875,1.015,0.992
395.457,84.402,-50.592,-1.000,108.291,-42.595,4.051,-1.075,0.996,0.712
395.462,79.964,-50.592,-1.000,109.149,-37.999,4.203,-1.313,0.974,0.625
395.468,73.928,-50.592,-1.000,111.373,-35.313,6.408,-1.685,0.945,0.679
395.474,67.785,-50.592,-1.000,113.306,-39.725,7.982,-2.048,0.909,0.687
395.479,61.642,-50.592,-1.000,110.275,-38.636,6.157,-2.189,0.869,0.262
395.485,55.499,-50.592,-1.000,107.473,-37.496,5.223,-2.339,0.826,-0.072
395.490,49.355,-50.592,-1.000,103.522,-37.489,3.677,-2.438,0.781,-0.444
395.496,42.317,-49.377,-1.000,101.084,-38.481,4.851,-2.644,0.732,-0.613
395.501,34.993,-49.377,-1.000,97.648,-38.280,4.136,-2.820,0.679,-0.810
395.507,27.668,-49.377,-1.000,93.158,-41.137,4.651,-2.947,0.624,-1.044
395.513,20.354,-48.778,-1.000,88.451,-40.912,3.836,-3.064,0.565,-1.238
395.518,13.040,-47.598,-1.000,85.203,-40.425,4.184,-3.247,0.505,-1.256
395.524,5.725,-47.598,-1.000,83.105,-40.018,3.763,-3.482,0.442,-1.170
395.529,-1.599,-48.185,-1.000,78.744,-35.312,1.770,-3.615,0.376,-1.284
395.535,-8.965,-47.598,-1.000,74.843,-33.584,2.961,-3.771,0.307,-1.287
395.541,-16.334,-47.598,-1.000,71.078,-35.792,4.184,-3.934,0.236,-1.265
395.546,-23.703,-47.598,-1.000,64.521,-34.791,3.278,-3.970,0.164,-1.472
395.552,-31.072,-47.598,-1.000,59.338,-32.262,5.195,-4.068,0.088,-1.511
395.558,-38.441,-47.598,-1.000,53.414,-31.823,6.287,-4.133,0.013,-1.634
395.563,-45.489,-47.598,-1.000,44.532,-32.550,5.420,-4.051,-0.064,-2.013
395.569,-51.811,-47.598,-1.000,35.119,-33.727,3.453,-3.912,-0.137,-2.361
395.574,-58.132,-47.598,-1.000,28.924,-36.319,1.470,-3.918,-0.211,-2.379
395.580,-64.454,-46.440,-1.000,20.675,-36.390,0.556,-3.831,-0.284,-2.558
395.585,-70.775,-46.440,-1.000,10.590,-39.320,-0.520,-3.661,-0.354,-2.853
395.591,-76.890,-46.440,-1.000,0.954,-37.629,-2.174,-3.503,-0.424,-3.055
395.597,-81.580,-46.440,-1.000,-9.258,-35.528,-0.596,-3.254,-0.488,-3.299
395.602,-86.271,-45.869,-1.000,-18.688,-33.914,0.683,-3.041,-0.548,-3.380
395.608,-90.961,-45.869,-1.000,-28.725,-30.914,-1.059,-2.801,-0.602,-3.501
395.614,-95.652,-47.016,-1.000,-39.139,-29.306,-1.161,-2.543,-0.653,-3.619
395.619,-99.122,-47.016,-1.000,-46.973,-30.562,2.048,-2.347,-0.699,-3.447
395.625,-102.036,-47.016,-1.000,-55.386,-30.495,4.939,-2.099,-0.740,-3.369
395.631,-104.951,-47.016,-1.000,-61.227,-27.919,5.504,-1.968,-0.778,-3.021
395.636,-107.865,-47.016,-1.000,-67.568,-28.154,5.308,-1.813,-0.812,-2.795
395.642,-108.988,-47.016,-1.000,-74.730,-32.484,5.393,-1.542,-0.841,-2.690
395.647,-110.090,-47.016,-1.000,-81.547,-36.981,5.370,-1.284,-0.865,-2.591
395.653,-111.191,-44.191,-1.000,-87.950,-39.463,1.753,-1.046,-0.885,-2.472
395.658,-111.749,-44.191,-1.000,-94.660,-38.538,1.656,-0.769,-0.900,-2.426
395.664,-110.969,-43.642,-1.000,-99.768,-37.188,1.263,-0.504,-0.911,-2.222
395.670,-110.189,-43.642,-1.000,-106.377,-31.651,-0.198,-0.172,-0.916,-2.242
395.675,-109.410,-43.642,-1.000,-111.446,-31.714,-0.560,0.092,-0.918,-2.198
395.681,-107.557,-39.442,-1.000,-115.906,-32.310,-0.900,0.376,-0.915,-2.127
395.687,-104.943,-39.442,-1.000,-117.669,-32.858,-0.123,0.573,-0.907,-1.829
395.692,-102.329,-39.442,-1.000,-120.297,-32.313,-0.080,0.809,-0.895,-1.671
395.698,-99.715,-39.442,-1.000,-119.379,-33.487,1.706,0.885,-0.879,-1.193
395.703,-95.489,-35.564,-1.000,-121.380,-33.818,2.815,1.165,-0.858,-1.005
395.709,-91.056,-29.897,-1.000,-121.922,-36.095,6.040,1.389,-0.831,-0.717
395.714,-86.622,-29.897,-1.000,-123.763,-33.729,5.956,1.671,-0.803,-0.650
395.719,-82.188,-28.693,-1.000,-125.149,-34.354,7.796,1.933,-0.768,-0.571
395.725,-76.993,-27.145,-1.000,-126.444,-34.550,6.230,2.225,-0.727,-0.471
395.731,-70.852,-27.145,-1.000,-128.972,-31.273,0.891,2.615,-0.680,-0.547
395.736,-64.712,-27.145,-1.000,-129.021,-27.806,-2.993,2.894,-0.628,-0.395
395.742,-58.577,-23.546,-1.000,-124.500,-25.552,-2.801,2.967,-0.574,0.051
395.748,-52.441,-23.207,-1.000,-122.080,-22.444,-1.428,3.134,-0.518,0.144
395.753,-45.987,-23.207,-1.000,-116.949,-22.596,2.458,3.193,-0.460,0.500
395.759,-38.663,-23.207,-1.000,-115.037,-19.601,3.245,3.437,-0.397,0.554
395.764,-31.339,-23.207,-1.000,-112.901,-17.178,2.739,3.670,-0.327,0.672
395.770,-24.014,-23.207,-1.000,-110.699,-19.959,3.807,3.901,-0.254,0.781
395.776,-16.690,-23.207,-1.000,-109.975,-18.885,1.707,4.198,-0.176,0.680
395.781,-9.366,-23.207,-1.000,-106.979,-14.559,1.322,4.393,-0.096,0.727
395.787,-2.041,-23.207,-1.000,-101.086,-6.167,1.446,4.457,-0.011,0.999
395.793,5.315,-23.207,-1.000,-94.784,-8.472,2.503,4.504,0.071,1.275
395.798,12.683,-23.207,-1.000,-82.332,-12.253,5.261,4.276,0.150,2.045
395.804,20.051,-23.207,-1.000,-73.562,-14.403,3.680,4.213,0.230,2.432
395.809,27.419,-19.697,-1.000,-68.199,-12.228,1.096,4.303,0.311,2.395
395.815,34.788,-19.697,-1.000,-63.647,-10.577,-0.594,4.430,0.393,2.241
395.820,42.156,-19.697,-1.000,-56.469,-10.802,0.663,4.438,0.474,2.316
395.826,48.680,-19.398,-1.000,-47.465,-9.299,-0.831,4.327,0.555,2.449
395.832,54.990,-19.398,-1.000,-39.146,-7.896,1.984,4.236,0.632,2.488
395.837,61.309,-19.102,-1.000,-30.020,-10.475,5.242,4.110,0.707,2.644
395.843,67.628,-19.102,-1.000,-22.001,-14.061,6.766,4.033,0.783,2.752
395.848,73.947,-19.102,-1.000,-14.237,-17.025,4.766,3.968,0.858,2.830
395.854,79.253,-19.102,-1.000,-6.867,-17.169,3.025,3.875,0.931,2.820
395.859,83.940,-16.302,-1.000,1.331,-16.875,3.029,3.717,1.000,2.862
395.865,88.627,-16.302,-1.000,9.105,-15.401,3.438,3.578,1.050,2.797
395.870,93.314,-16.302,-1.000,15.452,-13.641,0.599,3.504,1.050,2.596
395.876,97.675,-14.508,-1.000,22.907,-12.250,-0.254,3.365,1.050,2.561
395.882,100.581,-14.508,-1.000,33.287,-15.759,1.321,3.028,1.050,2.846
395.887,103.489,-13.777,-1.000,44.495,-17.966,4.048,2.655,1.050,3.215
395.893,106.399,-13.777,-1.000,51.297,-19.466,5.152,2.480,1.050,3.142
395.898,108.443,-13.777,-1.000,55.944,-19.857,7.016,2.362,1.050,2.867
395.904,109.539,-12.380,-1.000,58.576,-16.938,4.777,2.293,1.050,2.406
395.909,110.636,-12.607,-1.000,61.387,-14.560,5.009,2.216,1.050,2.055
395.915,111.733,-12.607,-1.000,65.544,-13.184,5.075,2.078,1.050,1.887
395.920,111.365,-11.711,-1.000,70.035,-11.110,4.220,1.860,1.050,1.752
395.926,110.580,-10.849,-1.000,73.165,-8.401,3.648,1.684,1.050,1.525
395.931,109.796,-10.849,-1.000,77.029,-9.225,-0.035,1.474,1.050,1.508
395.936,108.873,-10.849,-1.000,81.109,-4.144,-1.635,1.249,1.050,1.462
395.941,106.257,-10.224,-1.000,83.644,0.790,-1.092,1.018,1.050,1.314
395.947,103.639,-10.224,-1.000,86.142,2.211,3.041,0.787,1.050,1.228
395.952,101.021,-10.224,-1.000,91.987,2.129,6.734,0.406,1.050,1.478
395.958,97.720,-8.446,-1.000,96.858,2.942,9.182,0.039,1.050,1.591
395.963,93.283,-8.069,-1.000,99.276,3.395,10.674,-0.270,1.048,1.476
395.969,88.846,-8.069,-1.000,101.749,3.283,9.445,-0.581,1.041,1.392
395.975,84.408,-8.069,-1.000,102.294,0.460,6.081,-0.805,1.028,1.145
395.980,79.971,-7.153,-1.000,103.626,-0.324,2.569,-1.064,1.010,0.963
395.986,73.938,-7.153,-1.000,101.230,2.747,-1.480,-1.228,0.987,0.446
395.991,67.795,-7.153,-1.000,102.251,1.063,1.221,-1.551,0.958,0.362
395.997,61.651,-6.974,-1.000,102.326,-3.113,2.817,-1.830,0.925,0.239
396.002,55.508,-6.974,-1.000,101.021,-2.518,2.709,-2.048,0.888,0.050
396.008,49.365,-6.974,-1.000,98.539,-2.842,2.540,-2.213,0.848,-0.165
396.014,42.477,-6.797,-1.000,97.192,-4.288,3.523,-2.462,0.806,-0.170
396.019,35.153,-6.797,-1.000,94.323,-7.723,5.334,-2.663,0.760,-0.294
396.025,27.828,-6.621,-1.000,91.536,-7.454,6.324,-2.867,0.711,-0.377
396.030,20.504,-6.621,-1.000,90.348,-9.684,7.913,-3.143,0.655,-0.294
396.036,13.328,-6.621,-1.000,85.353,-10.816,6.490,-3.241,0.593,-0.613
396.042,6.003,-6.621,-1.000,80.234,-10.601,3.163,-3.340,0.524,-0.886
396.049,-1.034,-6.621,-1.000,73.502,-4.950,1.979,-3.354,0.455,-1.241
396.055,-8.403,-6.621,-1.000,70.105,-2.677,2.103,-3.533,0.384,-1.230
396.061,-15.772,-6.621,-1.000,65.851,-2.729,3.413,-3.673,0.311,-1.237
396.067,-23.141,-6.621,-1.000,59.464,-3.477,2.810,-3.717,0.237,-1.372
396.073,-29.606,-6.621,-1.000,50.855,-0.588,1.441,-3.621,0.160,-1.632
396.080,-36.965,-6.621,-1.000,44.404,9.174,0.187,-3.662,0.078,-1.712
396.087,-44.002,-6.621,-1.000,37.881,13.451,2.630,-3.685,-0.004,-1.783
396.093,-50.315,-6.621,-1.000,30.071,14.238,3.328,-3.617,-0.084,-1.929
396.100,-56.486,-6.446,-1.000,21.158,15.249,-0.451,-3.494,-0.162,-2.112
396.107,-62.807,-6.446,-1.000,13.979,14.580,-2.090,-3.455,-0.239,-2.129
396.113,-69.273,-6.100,-1.000,6.541,15.567,-0.803,-3.412,-0.314,-2.173
396.120,-75.384,-6.100,-1.000,-0.218,14.752,3.401,-3.382,-0.388,-2.102
396.127,-80.070,-5.928,-1.000,-11.018,13.464,1.330,-3.107,-0.459,-2.332
396.133,-84.610,-5.758,-1.000,-21.578,15.565,-2.801,-2.836,-0.525,-2.549
396.140,-89.301,-5.758,-1.000,-28.516,14.308,-0.628,-2.735,-0.586,-2.453
396.147,-93.991,-5.758,-1.000,-34.790,11.431,4.187,-2.664,-0.646,-2.317
396.153,-97.614,-4.598,-1.000,-41.515,11.313,5.930,-2.524,-0.703,-2.249
396.160,-100.525,-4.760,-1.000,-49.476,9.010,4.865,-2.297,-0.756,-2.327
396.166,-103.435,-4.760,-1.000,-56.127,10.901,4.801,-2.129,-0.805,-2.275
396.173,-106.346,-4.598,-1.000,-60.336,6.709,6.367,-2.070,-0.852,-1.985
396.180,-107.484,-4.598,-1.000,-70.204,2.962,3.614,-1.678,-0.890,-2.168
396.186,-108.584,-4.275,-1.000,-78.105,5.414,-0.030,-1.372,-0.923,-2.244
396.193,-109.686,-4.275,-1.000,-79.846,5.649,2.726,-1.343,-0.953,-1.811
396.200,-110.266,-4.275,-1.000,-86.787,0.277,4.304,-1.057,-0.977,-1.851
396.206,-109.636,-3.955,-1.000,-96.255,2.351,1.113,-0.602,-0.994,-2.121
396.213,-108.855,-3.955,-1.000,-102.498,9.396,0.067,-0.286,-1.005,-2.104
396.220,-108.074,-3.955,-1.000,-102.017,5.783,3.787,-0.273,-1.011,-1.558
396.226,-106.386,-3.639,-1.000,-108.270,0.688,2.554,0.085,-1.011,-1.622
396.232,-103.772,-3.639,-1.000,-113.570,3.786,0.692,0.441,-1.005,-1.675
396.238,-101.161,-3.482,-1.000,-118.000,8.916,1.099,0.758,-0.993,-1.649
396.244,-98.551,-3.482,-1.000,-118.677,12.288,3.044,0.906,-0.976,-1.317
396.251,-94.347,-3.482,-1.000,-117.442,11.840,3.873,1.039,-0.954,-0.822
396.257,-89.914,-3.482,-1.000,-123.851,14.727,1.685,1.527,-0.924,-1.087
396.263,-85.480,-3.482,-1.000,-126.201,22.026,1.295,1.832,-0.889,-1.035
396.269,-81.046,-3.482,-1.000,-126.410,21.055,5.029,2.041,-0.851,-0.860
396.275,-75.879,-3.325,-1.000,-122.418,12.080,7.346,2.094,-0.808,-0.330
396.282,-69.741,-3.325,-1.000,-121.859,13.919,2.393,2.345,-0.760,-0.156
396.288,-63.603,-3.482,-1.000,-122.180,21.164,-0.663,2.636,-0.707,-0.108
396.294,-57.471,-3.482,-1.000,-115.563,15.232,3.001,2.614,-0.652,0.480
396.300,-51.330,-3.482,-1.000,-119.888,16.683,-1.021,3.085,-0.591,0.041
396.306,-44.892,-3.482,-1.000,-118.768,23.852,-1.271,3.324,-0.524,0.081
396.313,-37.567,-3.169,-1.000,-108.707,14.682,3.266,3.201,-0.458,0.850
396.319,-30.243,-3.169,-1.000,-107.398,10.243,2.136,3.472,-0.385,0.841
396.325,-22.919,-3.169,-1.000,-105.495,24.251,0.127,3.716,-0.311,0.786
396.331,-15.594,-3.169,-1.000,-100.302,20.440,5.319,3.812,-0.234,0.971
396.337,-8.270,-3.169,-1.000,-94.027,11.855,4.935,3.859,-0.156,1.216
396.344,-0.946,-3.169,-1.000,-88.366,12.639,-2.663,3.934,-0.075,1.366
396.350,6.410,-3.169,-1.000,-81.375,16.379,2.106,3.950,0.007,1.556
396.356,13.778,-3.169,-1.000,-72.218,12.733,0.292,3.870,0.087,1.971
396.362,21.146,-3.169,-1.000,-66.587,19.176,-4.539,3.948,0.166,1.931
396.368,28.514,-3.169,-1.000,-61.061,19.376,1.537,4.031,0.245,1.814
396.374,35.883,-3.169,-1.000,-46.902,14.578,1.314,3.725,0.323,2.557
396.380,43.251,-3.325,-1.000,-45.335,24.056,-2.857,3.986,0.402,2.050
396.386,49.791,-3.325,-1.000,-31.423,35.705,-2.054,3.655,0.478,2.694
396.392,56.110,-3.325,-1.000,-25.918,33.458,2.891,3.691,0.553,2.490
396.398,62.429,-3.325,-1.000,-18.861,35.619,-3.121,3.658,0.632,2.566
396.405,68.743,-3.325,-1.000,-11.572,50.788,-4.623,3.614,0.704,2.456
396.411,75.206,-3.325,-1.000,1.240,50.695,0.766,3.328,0.772,2.849
396.417,80.533,-3.325,-1.000,9.872,53.074,-0.794,3.180,0.844,2.830
396.424,85.220,-3.169,-1.000,17.962,58.649,-1.304,3.027,0.910,2.716
396.430,89.907,-3.169,-1.000,29.591,50.034,-0.455,2.714,0.972,2.943
396.437,94.594,-3.169,-1.000,35.679,59.418,-5.412,2.651,1.030,2.669
396.444,98.982,-3.169,-1.000,37.612,53.884,3.480,2.762,1.050,2.107
396.450,101.893,-3.169,-1.000,40.166,39.744,0.270,2.778,1.050,1.776
396.457,105.104,-3.169,-1.000,45.031,48.502,3.768,2.703,1.050,1.715
396.463,108.014,-3.169,-1.000,51.014,39.667,0.839,2.565,1.050,1.770
396.470,110.073,-3.169,-1.000,56.770,39.706,3.167,2.399,1.050,1.781
396.476,111.168,-3.169,-1.000,68.834,28.550,-0.997,1.905,1.050,2.238
396.483,113.022,-3.169,-1.000,68.469,43.439,-11.889,2.005,1.050,1.615
396.489,114.119,-3.169,-1.000,73.126,42.224,-5.621,1.845,1.050,1.557
396.495,113.774,-3.169,-1.000,77.019,32.130,-1.518,1.654,1.050,1.471
396.501,112.989,-3.169,-1.000,80.282,34.786,-4.224,1.472,1.050,1.395
396.508,113.287,-3.169,-1.000,82.870,44.186,-1.174,1.369,1.050,1.229
396.514,112.387,-3.169,-1.000,87.774,36.859,0.785,1.108,1.050,1.338
396.521,109.772,-3.169,-1.000,92.991,43.797,-3.650,0.755,1.050,1.389
396.527,107.788,-3.325,-1.000,103.570,44.895,-0.800,0.190,1.050,1.814
396.534,105.170,-3.325,-1.000,102.572,49.499,-5.412,0.117,1.050,1.302
396.541,102.217,-3.325,-1.000,105.332,51.472,-2.271,-0.140,1.049,1.180
396.547,97.785,-3.325,-1.000,115.972,41.612,-3.917,-0.818,1.038,1.744
396.554,93.510,-3.325,-1.000,120.517,55.440,-6.684,-1.215,1.013,1.617
396.560,89.242,-3.325,-1.000,122.972,45.847,-0.108,-1.518,0.981,1.390
396.567,84.811,-3.325,-1.000,128.857,36.156,-5.332,-1.982,0.943,1.529
396.574,79.311,-3.325,-1.000,126.580,45.650,-9.580,-2.127,0.896,0.968
396.580,73.508,-3.325,-1.000,128.709,42.582,-6.354,-2.484,0.845,0.898
396.587,67.364,-3.325,-1.000,123.125,38.501,-9.227,-2.509,0.788,0.256
396.593,61.221,-3.325,-1.000,121.523,44.822,-9.748,-2.714,0.730,0.062
396.600,55.769,-3.639,-1.000,123.531,44.603,-7.448,-3.049,0.668,0.235
396.607,49.293,-3.955,-1.000,115.936,44.586,-2.354,-2.999,0.603,-0.371
396.613,41.979,-3.955,-1.000,109.271,44.912,-6.422,-3.028,0.537,-0.796
396.620,35.195,-4.114,-1.000,103.274,48.654,-5.708,-3.064,0.468,-1.085
396.626,27.870,-3.955,-1.000,100.028,46.662,-9.022,-3.247,0.399,-1.028
396.633,20.546,-3.955,-1.000,87.984,45.893,-11.103,-3.035,0.330,-1.682
396.640,13.221,-3.955,-1.000,80.010,49.285,-9.492,-3.005,0.262,-1.918
396.646,6.252,-3.955,-1.000,78.216,46.895,-8.038,-3.238,0.195,-1.558
396.653,-1.107,-3.955,-1.000,71.604,48.648,-6.516,-3.272,0.125,-1.645
396.659,-8.465,-3.955,-1.000,63.636,47.871,-6.968,-3.245,0.056,-1.859
396.665,-15.643,-3.955,-1.000,54.156,47.605,-2.274,-3.141,-0.013,-2.161
396.672,-23.012,-3.796,-1.000,56.369,43.833,-4.046,-3.572,-0.089,-1.479
396.679,-30.381,-3.796,-1.000,44.889,40.972,-8.322,-3.387,-0.164,-1.971
396.685,-37.455,-3.796,-1.000,38.900,43.342,-8.136,-3.436,-0.241,-1.939
396.692,-43.022,-3.955,-1.000,37.682,34.688,-5.589,-3.632,-0.320,-1.562
396.699,-49.344,-3.955,-1.000,29.312,31.846,-8.840,-3.539,-0.398,-1.779
396.705,-54.479,-4.598,-1.000,22.126,37.369,-10.916,-3.447,-0.476,-1.913
396.712,-60.592,-4.760,-1.000,15.048,36.832,-7.130,-3.404,-0.552,-1.986
396.718,-66.749,-4.760,-1.000,10.082,30.948,-11.740,-3.457,-0.626,-1.820
396.725,-71.439,-4.760,-1.000,-2.598,35.786,-14.457,-3.098,-0.698,-2.351
396.732,-75.510,-5.421,-1.000,-9.714,41.259,-11.794,-2.961,-0.765,-2.301
396.738,-80.403,-5.589,-1.000,-14.269,33.607,-4.869,-2.976,-0.830,-2.071
396.745,-85.093,-5.255,-1.000,-24.547,35.627,-9.426,-2.725,-0.890,-2.288
396.751,-88.612,-5.255,-1.000,-33.326,43.504,-9.758,-2.488,-0.948,-2.425
396.758,-91.733,-5.589,-1.000,-42.713,47.055,-6.799,-2.206,-0.998,-2.539
396.765,-94.646,-5.589,-1.000,-44.142,43.535,-6.732,-2.273,-1.046,-1.973
396.771,-97.556,-5.589,-1.000,-50.415,43.925,-6.766,-2.121,-1.050,-1.922
396.778,-98.937,-5.421,-1.000,-59.020,47.126,-8.662,-1.796,-1.050,-2.092
396.784,-100.037,-5.421,-1.000,-64.288,47.597,-4.872,-1.609,-1.050,-2.006
396.791,-101.136,-5.421,-1.000,-62.462,43.336,-7.020,-1.740,-1.050,-1.317
396.798,-101.756,-5.421,-1.000,-69.880,48.264,-9.071,-1.434,-1.050,-1.584
396.804,-100.976,-5.421,-1.000,-76.931,51.262,-8.628,-1.082,-1.050,-1.744
396.811,-100.195,-5.589,-1.000,-77.459,44.472,-4.902,-1.023,-1.050,-1.372
396.817,-99.415,-5.589,-1.000,-84.099,49.753,-12.503,-0.689,-1.050,-1.516
396.824,-97.617,-5.589,-1.000,-88.680,57.088,-11.790,-0.402,-1.050,-1.476
396.831,-95.003,-5.758,-1.000,-89.715,50.159,-4.366,-0.238,-1.050,-1.229
396.837,-92.393,-5.758,-1.000,-101.202,47.274,-8.909,0.396,-1.045,-1.748
396.844,-89.783,-5.758,-1.000,-100.730,59.027,-7.761,0.493,-1.035,-1.281
396.851,-85.622,-6.100,-1.000,-103.908,52.040,-1.458,0.823,-1.019,-1.201
396.857,-81.188,-6.100,-1.000,-108.405,42.556,-2.698,1.225,-0.993,-1.187
396.864,-76.755,-6.100,-1.000,-115.433,44.309,-6.783,1.741,-0.960,-1.449
396.871,-72.321,-6.100,-1.000,-113.607,32.900,0.109,1.858,-0.919,-0.963
396.877,-67.193,-6.621,-1.000,-116.055,30.642,-7.739,2.199,-0.872,-0.872
396.884,-61.061,-6.797,-1.000,-117.251,34.336,-1.984,2.529,-0.819,-0.760
396.891,-54.929,-6.797,-1.000,-113.926,26.955,2.044,2.655,-0.760,-0.293
396.897,-48.592,-6.974,-1.000,-114.875,28.805,-5.451,2.983,-0.697,-0.298
396.904,-42.250,-7.153,-1.000,-107.953,27.146,-4.767,2.957,-0.633,0.255
396.910,-35.842,-7.153,-1.000,-106.333,36.048,-9.265,3.172,-0.563,0.336
396.917,-28.518,-7.153,-1.000,-106.942,44.238,-5.906,3.529,-0.487,0.221
396.924,-21.193,-7.333,-1.000,-97.135,35.671,-4.054,3.417,-0.410,0.930
396.930,-14.076,-7.515,-1.000,-92.336,50.231,-6.469,3.522,-0.333,1.053
396.937,-6.751,-7.515,-1.000,-85.944,41.688,2.528,3.564,-0.255,1.284
396.943,0.368,-9.816,-1.000,-75.926,29.120,2.016,3.433,-0.177,1.759
396.950,7.689,-10.224,-1.000,-66.419,40.921,-0.575,3.335,-0.104,2.008
396.957,15.033,-10.224,-1.000,-58.826,36.638,1.449,3.324,-0.031,2.062
396.963,22.391,-10.224,-1.000,-53.478,39.223,-7.632,3.414,0.044,1.966
396.970,29.759,-11.062,-1.000,-40.752,38.357,-0.166,3.173,0.113,2.415
396.976,37.128,-11.493,-1.000,-35.590,39.656,-3.885,3.272,0.185,2.251
396.983,44.496,-11.493,-1.000,-27.364,48.027,-4.567,3.234,0.256,2.334
396.989,52.069,-13.068,-1.000,-18.633,41.028,4.713,3.182,0.324,2.395
396.996,58.640,-13.068,-1.000,-7.811,33.598,-0.300,2.990,0.392,2.646
397.002,65.374,-15.261,-1.000,-2.039,38.868,-5.653,3.034,0.458,2.449
397.009,71.693,-15.261,-1.000,9.674,35.830,-0.739,2.791,0.521,2.726
397.016,78.012,-16.569,-1.000,13.171,29.504,-3.058,2.918,0.585,2.329
397.022,84.331,-16.569,-1.000,21.373,27.979,-1.809,2.833,0.646,2.343
397.029,90.121,-18.518,-1.000,32.804,19.013,-1.551,2.579,0.705,2.616
397.035,95.021,-18.518,-1.000,35.507,14.538,-4.985,2.678,0.764,2.197
397.042,99.708,-18.518,-1.000,42.262,20.806,-3.635,2.585,0.820,2.147
397.049,104.395,-18.518,-1.000,50.678,14.218,5.293,2.417,0.874,2.237
397.055,109.937,-20.615,-1.000,55.810,10.422,2.108,2.436,0.930,2.125
397.062,113.071,-20.927,-1.000,56.436,19.694,-0.037,2.549,0.985,1.621
397.068,115.977,-20.927,-1.000,64.888,17.988,2.020,2.299,1.037,1.858
397.075,120.787,-21.243,-1.000,70.396,15.168,3.219,2.268,1.050,1.834
397.081,123.659,-21.243,-1.000,72.506,19.922,1.818,2.302,1.050,1.546
397.088,125.270,-21.561,-1.000,82.488,18.252,1.674,1.925,1.050,1.881
397.095,126.365,-21.561,-1.000,82.503,25.159,-5.027,1.974,1.050,1.428
397.101,127.986,-22.209,-1.000,93.402,33.447,0.269,1.556,1.050,1.895
397.108,127.703,-22.209,-1.000,100.880,27.037,3.841,1.207,1.050,1.978
397.115,128.562,-22.871,-1.000,108.666,26.715,0.109,0.895,1.050,2.113
397.121,127.777,-22.871,-1.000,116.499,28.421,4.552,0.508,1.050,2.134
397.128,128.985,-23.546,-1.000,122.205,22.673,1.677,0.305,1.050,2.067
397.134,126.672,-23.890,-1.000,128.877,33.040,-3.401,-0.099,1.049,2.054
397.141,124.054,-23.890,-1.000,133.443,31.996,0.749,-0.422,1.042,1.885
397.147,122.373,-24.236,-1.000,140.561,21.130,1.846,-0.818,1.027,1.957
397.154,119.148,-24.236,-1.000,143.533,22.146,-0.823,-1.097,1.005,1.674
397.161,115.678,-25.299,-1.000,151.073,15.281,-0.225,-1.593,0.973,1.798
397.167,111.240,-25.299,-1.000,150.358,16.847,-5.392,-1.760,0.938,1.357
397.174,106.803,-26.026,-1.000,150.140,22.609,-6.711,-1.950,0.896,1.005
397.180,102.365,-26.395,-1.000,152.647,19.326,-0.502,-2.263,0.848,0.913
397.187,96.403,-26.026,-1.000,154.223,12.095,0.686,-2.602,0.793,0.824
397.194,90.260,-26.026,-1.000,151.240,12.223,0.257,-2.744,0.734,0.401
397.200,84.117,-26.395,-1.000,149.548,16.710,1.438,-2.944,0.671,0.177
397.207,77.974,-26.395,-1.000,148.518,15.964,3.050,-3.175,0.604,0.104
397.214,72.159,-26.395,-1.000,140.968,12.151,4.329,-3.096,0.537,-0.454
397.220,65.505,-26.395,-1.000,138.645,19.356,1.644,-3.291,0.464,-0.566
397.227,58.180,-26.395,-1.000,131.835,18.385,2.420,-3.314,0.390,-0.977
397.233,50.856,-26.395,-1.000,128.938,11.366,4.644,-3.514,0.315,-0.958
397.240,43.531,-26.395,-1.000,122.330,10.128,2.058,-3.546,0.237,-1.207
397.246,36.543,-26.395,-1.000,113.132,13.091,1.194,-3.446,0.160,-1.626
397.253,29.218,-26.395,-1.000,112.539,7.049,3.451,-3.749,0.079,-1.283
397.260,21.885,-26.395,-1.000,104.567,-1.037,5.353,-3.721,-0.001,-1.527
397.266,14.516,-26.768,-1.000,93.117,7.177,2.078,-3.537,-0.081,-2.017
397.273,7.147,-26.768,-1.000,91.584,8.156,1.995,-3.800,-0.163,-1.648
397.280,-0.222,-26.768,-1.000,81.249,3.582,2.509,-3.666,-0.245,-2.010
397.286,-7.591,-26.768,-1.000,75.161,9.529,-0.748,-3.724,-0.327,-1.998
397.293,-14.950,-26.768,-1.000,66.153,16.043,0.403,-3.650,-0.409,-2.216
397.299,-22.030,-26.768,-1.000,62.356,9.208,4.552,-3.797,-0.493,-1.962
397.306,-28.684,-26.768,-1.000,57.041,7.902,2.406,-3.858,-0.577,-1.833
397.313,-35.006,-26.768,-1.000,46.996,10.487,-0.630,-3.690,-0.662,-2.186
397.319,-41.327,-26.768,-1.000,43.203,7.975,4.131,-3.804,-0.745,-1.940
397.326,-47.648,-26.768,-1.000,39.928,3.586,7.129,-3.941,-0.828,-1.652
397.333,-53.829,-26.768,-1.000,29.984,6.527,3.745,-3.772,-0.913,-2.003
397.339,-58.519,-26.768,-1.000,27.332,5.515,5.440,-3.863,-0.999,-1.747
397.346,-63.210,-26.768,-1.000,22.199,2.994,10.407,-3.843,-1.050,-1.724
397.353,-67.901,-26.768,-1.000,12.437,0.825,1.798,-3.615,-1.050,-1.993
397.359,-72.591,-26.768,-1.000,2.713,3.842,-2.621,-3.389,-1.050,-2.237
397.366,-76.133,-26.768,-1.000,0.533,0.304,3.183,-3.450,-1.050,-1.861
397.372,-79.380,-26.768,-1.000,-9.015,-1.479,3.159,-3.166,-1.050,-2.048
397.379,-82.294,-26.768,-1.000,-17.593,-1.676,0.886,-2.912,-1.050,-2.179
397.386,-85.209,-26.768,-1.000,-25.428,-0.376,5.046,-2.690,-1.050,-2.239
397.392,-86.405,-26.768,-1.000,-30.210,-4.471,7.195,-2.529,-1.050,-2.005
397.399,-87.836,-27.145,-1.000,-42.302,-6.264,3.077,-2.049,-1.050,-2.373
397.406,-88.937,-27.145,-1.000,-48.602,-1.228,3.865,-1.815,-1.050,-2.286
397.412,-90.220,-29.090,-1.000,-57.900,0.308,7.209,-1.454,-1.050,-2.445
397.419,-89.439,-29.090,-1.000,-64.427,-3.439,4.464,-1.126,-1.050,-2.317
397.425,-88.658,-29.090,-1.000,-70.441,-3.580,0.903,-0.820,-1.050,-2.214
397.432,-88.824,-29.491,-1.000,-75.377,-8.324,4.029,-0.605,-1.050,-2.042
397.439,-87.042,-29.491,-1.000,-76.390,-14.466,4.177,-0.479,-1.050,-1.580
397.446,-84.737,-29.491,-1.000,-86.501,-6.994,0.290,0.079,-1.049,-1.938
397.452,-82.123,-30.306,-1.000,-87.850,-4.178,1.990,0.258,-1.045,-1.569
397.459,-79.511,-30.720,-1.000,-91.188,-8.366,3.297,0.525,-1.035,-1.406
397.465,-75.361,-31.561,-1.000,-94.710,-5.245,-0.074,0.871,-1.020,-1.355
397.472,-70.927,-35.101,-1.000,-97.100,-10.669,4.375,1.178,-0.997,-1.225
397.479,-66.493,-35.101,-1.000,-93.645,-19.554,7.733,1.222,-0.970,-0.650
397.485,-62.060,-37.464,-1.000,-94.473,-17.693,3.777,1.459,-0.939,-0.546
397.492,-56.933,-37.464,-1.000,-91.303,-7.756,3.403,1.547,-0.905,-0.179
397.499,-50.792,-42.560,-1.000,-90.280,-13.342,3.455,1.777,-0.865,-0.021
397.506,-44.957,-44.191,-1.000,-87.126,-10.816,-1.487,1.898,-0.825,0.196
397.512,-38.819,-44.745,-1.000,-83.631,-12.770,3.199,2.017,-0.781,0.396
397.519,-32.378,-46.440,-1.000,-81.169,-17.439,0.331,2.196,-0.731,0.539
397.526,-25.971,-46.440,-1.000,-79.793,-7.674,1.916,2.422,-0.679,0.519
397.532,-18.647,-46.440,-1.000,-74.354,-13.757,7.885,2.507,-0.624,0.784
397.539,-11.322,-46.440,-1.000,-71.593,-21.963,2.976,2.712,-0.564,0.801
397.546,-4.304,-45.869,-1.000,-69.804,-17.951,-0.906,2.948,-0.499,0.758
397.553,2.418,-47.016,-1.000,-61.972,-26.323,-0.164,2.898,-0.433,1.173
397.559,9.743,-47.016,-1.000,-62.725,-25.073,-4.816,3.261,-0.364,0.814
397.566,17.067,-47.016,-1.000,-58.203,-24.506,0.106,3.387,-0.291,0.908
397.573,22.689,-48.185,-1.000,-49.921,-31.347,-1.561,3.267,-0.216,1.302
397.579,30.057,-48.185,-1.000,-47.453,-30.349,-4.719,3.488,-0.140,1.186
397.586,37.426,-48.185,-1.000,-41.877,-26.036,0.872,3.569,-0.063,1.245
397.593,44.794,-48.185,-1.000,-33.277,-35.718,5.547,3.513,0.015,1.583
397.599,52.162,-48.185,-1.000,-27.064,-40.930,2.673,3.565,0.094,1.685
397.606,59.530,-48.185,-1.000,-22.322,-28.910,1.608,3.683,0.174,1.614
397.612,60.813,-48.185,-1.000,-12.321,-32.405,3.470,3.291,0.253,2.010
397.619,67.132,-48.185,-1.000,-4.886,-30.954,2.357,3.241,0.324,2.073
397.625,73.451,-48.185,-1.000,1.945,-29.193,3.011,3.218,0.394,2.079
397.632,79.545,-47.016,-1.000,15.677,-34.883,5.410,2.874,0.461,2.593
397.639,85.864,-47.598,-1.000,21.439,-28.483,-1.050,2.899,0.524,2.379
397.645,91.231,-47.598,-1.000,27.644,-23.964,2.034,2.861,0.587,2.248
397.652,95.918,-47.598,-1.000,36.873,-28.052,5.220,2.657,0.646,2.365
397.659,100.828,-47.598,-1.000,41.386,-27.512,-1.556,2.675,0.706,2.128
397.665,105.508,-47.598,-1.000,50.096,-17.540,1.347,2.494,0.761,2.240
397.672,109.940,-47.598,-1.000,57.582,-22.399,2.704,2.356,0.816,2.303
397.678,112.850,-47.598,-1.000,62.034,-17.981,-1.649,2.287,0.866,2.069
397.685,115.988,-47.598,-1.000,70.372,-26.462,3.624,2.053,0.913,2.127
397.692,118.898,-47.598,-1.000,78.593,-38.866,4.628,1.814,0.956,2.258
397.698,121.009,-47.016,-1.000,79.772,-33.790,-1.745,1.856,0.996,1.781
397.705,122.106,-47.016,-1.000,86.597,-29.209,1.551,1.598,1.033,1.854
397.711,123.432,-47.016,-1.000,92.526,-34.392,2.737,1.391,1.050,1.850
397.718,124.528,-47.016,-1.000,98.472,-32.809,-0.051,1.173,1.050,1.842
397.725,124.230,-47.016,-1.000,104.392,-33.949,4.258,0.893,1.050,1.815
397.731,123.445,-47.016,-1.000,113.974,-37.757,4.412,0.426,1.050,2.106
397.738,122.660,-45.869,-1.000,116.621,-32.456,1.551,0.272,1.050,1.806
397.744,121.799,-45.869,-1.000,119.805,-27.716,1.614,0.090,1.050,1.575
397.751,119.180,-45.869,-1.000,126.617,-34.866,2.182,-0.335,1.046,1.691
397.758,116.562,-45.869,-1.000,127.907,-40.684,-0.733,-0.510,1.037,1.397
397.764,113.944,-45.869,-1.000,128.075,-34.557,-2.877,-0.636,1.024,1.060
397.771,110.704,-44.191,-1.000,130.136,-28.914,0.220,-0.874,1.006,0.941
397.778,106.266,-47.016,-1.000,129.291,-29.491,0.638,-1.036,0.985,0.687
397.784,101.833,-47.016,-1.000,127.545,-26.836,1.654,-1.157,0.960,0.350
397.791,97.402,-47.016,-1.000,128.608,-21.983,2.963,-1.404,0.930,0.318
397.797,93.200,-47.598,-1.000,130.638,-20.454,2.437,-1.685,0.894,0.368
397.804,87.232,-48.185,-1.000,129.224,-23.742,1.868,-1.890,0.855,0.214
397.811,81.097,-48.185,-1.000,125.023,-22.901,-1.555,-1.977,0.813,-0.149
397.817,74.954,-48.778,-1.000,123.522,-20.407,0.461,-2.186,0.765,-0.266
397.824,68.811,-44.191,-1.000,124.396,-23.313,1.182,-2.501,0.711,-0.128
397.831,62.676,-43.642,-1.000,119.160,-21.852,0.039,-2.542,0.656,-0.503
397.837,55.690,-39.949,-1.000,116.148,-20.656,-0.806,-2.721,0.596,-0.655
397.844,48.365,-39.949,-1.000,115.172,-21.173,3.544,-3.006,0.532,-0.592
397.850,41.041,-37.464,-1.000,112.988,-23.418,5.098,-3.238,0.463,-0.591
397.857,33.716,-37.464,-1.000,109.957,-27.147,3.729,-3.431,0.390,-0.641
397.863,26.392,-30.720,-1.000,105.375,-25.009,2.734,-3.554,0.312,-0.858
397.870,19.067,-30.720,-1.000,102.918,-24.686,2.027,-3.773,0.228,-0.834
397.876,11.745,-29.897,-1.000,99.099,-29.827,-0.595,-3.931,0.149,-0.863
397.883,4.379,-29.491,-1.000,93.125,-31.832,-0.752,-3.994,0.067,-1.083
397.889,-2.990,-29.491,-1.000,84.908,-32.459,-1.409,-3.955,-0.021,-1.456
397.896,-10.359,-29.491,-1.000,79.032,-30.710,1.557,-4.023,-0.111,-1.567
397.903,-17.728,-29.491,-1.000,70.308,-25.160,2.915,-3.962,-0.198,-1.846
397.909,-25.097,-29.491,-1.000,60.637,-20.925,3.191,-3.858,-0.285,-2.149
397.916,-31.951,-25.660,-1.000,53.173,-27.644,2.349,-3.831,-0.371,-2.179
397.922,-38.506,-25.299,-1.000,43.795,-29.416,0.942,-3.704,-0.453,-2.337
397.929,-44.828,-25.299,-1.000,34.096,-27.608,-0.959,-3.552,-0.533,-2.495
397.936,-50.915,-24.941,-1.000,25.950,-23.110,-3.806,-3.459,-0.609,-2.513
397.942,-57.237,-24.941,-1.000,17.291,-21.621,-3.554,-3.354,-0.682,-2.510
397.949,-63.412,-24.941,-1.000,8.205,-22.773,-1.448,-3.223,-0.752,-2.519
397.955,-68.103,-24.941,-1.000,-1.655,-20.237,0.398,-2.990,-0.819,-2.635
397.962,-72.793,-24.941,-1.000,-10.984,-13.064,-2.451,-2.781,-0.884,-2.675
397.969,-77.484,-24.941,-1.000,-19.523,-10.682,-1.725,-2.608,-0.944,-2.682
397.975,-82.174,-24.587,-1.000,-23.543,-14.455,0.079,-2.638,-1.002,-2.313
397.982,-85.710,-24.587,-1.000,-32.341,-19.707,1.761,-2.402,-1.050,-2.357
397.989,-88.625,-24.587,-1.000,-42.772,-21.590,-2.488,-2.063,-1.050,-2.559
397.995,-91.539,-24.587,-1.000,-49.705,-18.485,-4.141,-1.883,-1.050,-2.508
398.002,-94.454,-25.299,-1.000,-53.506,-14.358,-1.433,-1.843,-1.050,-2.154
398.009,-95.643,-25.299,-1.000,-61.079,-11.638,0.109,-1.555,-1.050,-2.140
398.015,-96.744,-25.299,-1.000,-72.289,-11.772,0.434,-1.100,-1.050,-2.478
398.022,-98.079,-26.026,-1.000,-76.486,-11.547,-1.152,-0.972,-1.050,-2.242
398.028,-98.712,-26.026,-1.000,-82.990,-10.022,-2.177,-0.707,-1.050,-2.155
398.035,-97.931,-26.026,-1.000,-87.207,-12.075,-2.508,-0.483,-1.050,-1.936
398.041,-97.150,-26.026,-1.000,-94.121,-13.545,-3.450,-0.136,-1.050,-1.915
398.048,-96.371,-26.395,-1.000,-99.861,-13.305,-4.921,0.157,-1.049,-1.871
398.055,-94.817,-26.395,-1.000,-102.736,-9.323,-5.885,0.356,-1.043,-1.622
398.061,-92.203,-26.395,-1.000,-104.987,-13.101,-3.430,0.575,-1.032,-1.404
398.068,-89.818,-26.395,-1.000,-105.292,-20.231,-0.875,0.696,-1.017,-1.062
398.075,-88.100,-26.768,-1.000,-110.034,-26.085,-1.623,0.987,-0.997,-1.141
398.081,-83.942,-26.768,-1.000,-112.291,-18.739,-3.664,1.276,-0.972,-1.062
398.088,-81.200,-27.526,-1.000,-111.028,-16.532,-2.695,1.342,-0.942,-0.695
398.095,-76.766,-27.526,-1.000,-111.399,-18.180,-0.913,1.558,-0.909,-0.543
398.101,-72.332,-27.526,-1.000,-114.412,-16.139,-5.138,1.894,-0.867,-0.581
398.108,-69.886,-27.526,-1.000,-114.423,-8.087,-5.698,2.004,-0.826,-0.462
398.115,-65.321,-27.526,-1.000,-111.557,-2.268,-3.870,2.081,-0.781,-0.149
398.121,-59.180,-27.526,-1.000,-110.748,-4.706,-2.641,2.321,-0.730,-0.012
398.128,-53.039,-27.526,-1.000,-110.093,-6.251,-6.122,2.567,-0.675,0.039
398.135,-50.104,-27.526,-1.000,-109.581,-4.501,-7.308,2.676,-0.615,0.071
398.141,-43.691,-27.526,-1.000,-105.253,-5.199,-5.641,2.770,-0.555,0.369
398.148,-36.367,-27.526,-1.000,-108.621,-7.496,-3.551,3.251,-0.485,0.034
398.154,-31.000,-26.026,-1.000,-104.826,-9.727,-3.430,3.322,-0.419,0.274
398.160,-23.676,-26.026,-1.000,-101.291,-9.740,-2.478,3.493,-0.349,0.490
398.166,-16.351,-26.026,-1.000,-97.203,-9.811,-1.378,3.638,-0.276,0.674
398.173,-9.474,-21.561,-1.000,-90.202,-11.013,-1.093,3.633,-0.201,1.081
398.178,-2.149,-21.561,-1.000,-84.548,-13.737,-0.234,3.708,-0.130,1.404
398.184,5.205,-21.561,-1.000,-78.741,-15.910,-0.743,3.778,-0.058,1.663
398.190,12.425,-21.884,-1.000,-75.631,-17.183,-2.220,3.963,0.017,1.567
398.195,19.793,-21.884,-1.000,-70.262,-17.900,-2.973,4.052,0.090,1.670
398.201,27.161,-21.884,-1.000,-64.688,-18.675,-4.022,4.133,0.165,1.740
398.206,34.523,-21.884,-1.000,-62.387,-15.025,-6.798,4.361,0.243,1.463
398.212,41.881,-21.561,-1.000,-58.241,-11.631,-8.429,4.505,0.324,1.407
398.217,48.438,-21.561,-1.000,-52.440,-6.724,-7.268,4.539,0.407,1.519
398.223,54.748,-21.561,-1.000,-43.379,-8.952,-0.737,4.416,0.489,1.900
398.229,61.064,-21.561,-1.000,-35.761,-12.066,0.881,4.357,0.572,2.064
398.234,67.383,-21.561,-1.000,-28.327,-14.127,1.664,4.307,0.652,2.223
398.240,73.693,-21.561,-1.000,-18.132,-14.646,6.593,4.132,0.730,2.647
398.245,79.058,-21.561,-1.000,-10.860,-14.552,8.809,4.046,0.808,2.715
398.251,83.739,-21.561,-1.000,-4.861,-15.153,7.789,3.987,0.884,2.648
398.256,88.419,-21.561,-1.000,1.099,-16.216,4.826,3.929,0.958,2.579
398.262,93.100,-21.561,-1.000,3.606,-12.131,-3.077,4.027,1.032,2.191
398.267,97.542,-21.561,-1.000,7.529,-7.314,-7.839,4.051,1.050,2.016
398.273,100.449,-21.243,-1.000,16.272,-7.356,-6.933,3.788,1.050,2.198
398.278,103.360,-21.243,-1.000,25.505,-6.613,-3.978,3.503,1.050,2.451
398.284,106.270,-21.243,-1.000,33.623,-8.434,-0.424,3.269,1.050,2.548
398.290,108.394,-21.243,-1.000,39.073,-9.576,3.167,3.119,1.050,2.435
398.295,109.491,-21.243,-1.000,45.086,-11.604,4.863,2.898,1.050,2.411
398.301,110.587,-21.243,-1.000,49.926,-14.074,0.544,2.730,1.050,2.280
398.306,111.683,-20.927,-1.000,54.228,-15.666,-3.783,2.585,1.050,2.134
398.312,111.401,-21.243,-1.000,57.615,-12.244,-5.268,2.420,1.050,1.865
398.318,110.616,-21.243,-1.000,64.589,-16.387,-7.469,2.071,1.050,1.992
398.323,109.832,-21.243,-1.000,69.027,-15.474,-8.700,1.836,1.050,1.868
398.329,108.990,-20.927,-1.000,74.015,-9.298,-5.635,1.574,1.050,1.793
398.334,106.372,-20.927,-1.000,78.400,-9.269,-3.113,1.259,1.050,1.686
398.340,103.754,-20.927,-1.000,82.749,-9.859,0.265,0.945,1.050,1.635
398.345,101.138,-20.615,-1.000,86.590,-8.897,1.588,0.655,1.050,1.580
398.351,97.923,-20.927,-1.000,90.576,-8.904,1.170,0.331,1.050,1.600
398.357,93.486,-20.927,-1.000,94.479,-9.153,-0.039,-0.045,1.050,1.633
398.362,89.049,-20.927,-1.000,97.544,-10.587,-1.555,-0.382,1.047,1.575
398.368,84.611,-20.927,-1.000,98.855,-8.659,-1.985,-0.641,1.038,1.353
398.373,80.174,-20.927,-1.000,102.960,-12.544,-1.891,-1.025,1.022,1.418
398.379,74.219,-20.927,-1.000,106.504,-15.137,-1.649,-1.453,0.998,1.396
398.385,68.075,-20.927,-1.000,108.102,-10.711,-1.821,-1.801,0.966,1.188
398.390,61.932,-20.927,-1.000,109.702,-11.014,-1.644,-2.150,0.926,1.003
398.396,55.792,-20.927,-1.000,105.610,-12.951,-5.131,-2.242,0.884,0.362
398.402,49.657,-20.927,-1.000,102.237,-7.581,-5.908,-2.366,0.840,-0.050
398.407,42.677,-20.927,-1.000,98.696,-5.036,-5.353,-2.521,0.793,-0.386
398.413,35.352,-20.927,-1.000,95.190,-6.192,-4.877,-2.693,0.743,-0.640
398.418,28.028,-20.927,-1.000,92.704,-8.187,-5.021,-2.910,0.689,-0.746
398.424,20.703,-20.927,-1.000,88.589,-8.669,-5.799,-3.055,0.632,-0.964
398.429,13.386,-20.927,-1.000,83.696,-9.068,-4.995,-3.164,0.573,-1.217
398.435,6.072,-20.927,-1.000,78.055,-8.526,-3.255,-3.239,0.510,-1.435
398.441,-1.251,-20.927,-1.000,73.247,-8.472,-1.329,-3.352,0.448,-1.534
398.446,-8.620,-20.927,-1.000,67.650,-8.581,-2.487,-3.432,0.384,-1.697
398.452,-15.982,-20.927,-1.000,60.652,-9.787,-3.609,-3.449,0.319,-1.959
398.457,-23.344,-20.927,-1.000,55.859,-6.205,-4.155,-3.564,0.253,-1.924
398.463,-30.713,-20.927,-1.000,51.139,-5.131,-2.782,-3.683,0.185,-1.874
398.469,-38.082,-20.927,-1.000,45.050,-3.141,-2.867,-3.741,0.117,-1.954
398.474,-45.182,-20.927,-1.000,35.573,-3.040,-3.708,-3.634,0.049,-2.270
398.480,-51.503,-20.927,-1.000,29.501,-3.127,-3.174,-3.645,-0.018,-2.245
398.485,-57.816,-20.927,-1.000,19.771,-2.294,-3.102,-3.491,-0.083,-2.564
398.491,-64.128,-20.927,-1.000,12.996,-2.059,-3.640,-3.471,-0.147,-2.543
398.496,-70.444,-20.615,-1.000,3.945,-1.481,-4.053,-3.347,-0.210,-2.719
398.502,-76.644,-20.615,-1.000,-4.456,-0.677,-3.884,-3.248,-0.270,-2.804
398.507,-81.334,-20.615,-1.000,-11.981,-3.183,-3.229,-3.121,-0.329,-2.774
398.513,-86.025,-20.615,-1.000,-19.925,-2.574,-3.755,-2.974,-0.387,-2.744
398.519,-90.715,-20.615,-1.000,-28.077,-1.725,-1.775,-2.819,-0.440,-2.781
398.525,-95.406,-20.615,-1.000,-33.495,-4.047,-1.644,-2.786,-0.492,-2.549
398.530,-98.969,-20.615,-1.000,-44.193,-5.087,-3.670,-2.465,-0.539,-2.794
398.536,-101.883,-20.615,-1.000,-49.291,-5.547,-2.246,-2.367,-0.582,-2.486
398.541,-104.798,-20.615,-1.000,-54.483,-7.162,-1.052,-2.264,-0.623,-2.249
398.547,-107.712,-20.615,-1.000,-60.957,-11.227,-1.522,-2.104,-0.662,-2.208
398.553,-108.931,-20.927,-1.000,-67.142,-10.237,-1.506,-1.880,-0.699,-2.146
398.558,-110.032,-20.927,-1.000,-73.398,-13.323,-1.640,-1.648,-0.730,-2.135
398.564,-111.133,-20.927,-1.000,-82.489,-17.170,-3.715,-1.289,-0.757,-2.405
398.570,-111.790,-20.927,-1.000,-87.272,-15.620,-4.713,-1.103,-0.779,-2.243
398.575,-111.010,-20.927,-1.000,-92.210,-19.730,-4.445,-0.846,-0.797,-2.139
398.581,-110.231,-20.927,-1.000,-98.329,-21.354,-3.640,-0.536,-0.809,-2.159
398.587,-109.451,-20.927,-1.000,-101.201,-21.546,-4.543,-0.371,-0.818,-1.878
398.592,-107.694,-20.615,-1.000,-106.013,-22.881,-4.150,-0.076,-0.821,-1.837
398.598,-105.080,-20.927,-1.000,-111.850,-19.657,-6.226,0.305,-0.818,-1.924
398.604,-102.466,-20.927,-1.000,-117.583,-15.886,-7.245,0.680,-0.809,-1.979
398.609,-99.852,-20.927,-1.000,-120.199,-14.967,-5.726,0.916,-0.794,-1.780
398.615,-95.726,-20.927,-1.000,-124.401,-13.751,-4.092,1.290,-0.774,-1.767
398.620,-91.298,-20.927,-1.000,-126.973,-13.063,-2.073,1.605,-0.747,-1.595
398.626,-86.871,-20.927,-1.000,-126.048,-9.460,-3.417,1.763,-0.715,-1.166
398.632,-82.443,-20.927,-1.000,-128.172,-7.514,-4.560,2.058,-0.678,-1.049
398.637,-77.349,-20.927,-1.000,-129.419,-4.092,-4.864,2.343,-0.635,-0.842
398.643,-71.208,-20.927,-1.000,-130.535,-2.289,-5.339,2.670,-0.585,-0.655
398.648,-65.068,-20.927,-1.000,-130.604,-1.238,-4.892,2.949,-0.530,-0.410
398.654,-58.935,-20.927,-1.000,-133.469,-0.116,-5.006,3.354,-0.468,-0.502
398.660,-52.803,-20.927,-1.000,-136.027,0.490,-4.463,3.745,-0.400,-0.570
398.665,-46.429,-20.927,-1.000,-135.454,2.152,-4.727,4.006,-0.325,-0.385
398.671,-39.115,-20.927,-1.000,-131.564,4.012,-4.406,4.160,-0.249,0.041
398.677,-31.791,-20.927,-1.000,-125.530,2.454,-1.592,4.218,-0.171,0.553
398.682,-24.466,-20.927,-1.000,-123.587,3.311,-3.124,4.460,-0.089,0.551
398.688,-17.142,-20.927,-1.000,-118.717,-1.115,-0.564,4.571,-0.005,0.810
398.694,-9.818,-20.927,-1.000,-111.852,-6.716,1.165,4.592,0.081,1.198
398.699,-2.493,-20.927,-1.000,-104.650,-9.568,0.998,4.597,0.170,1.598
398.705,4.860,-20.927,-1.000,-97.610,-13.013,0.186,4.611,0.260,1.882
398.710,12.228,-20.927,-1.000,-93.522,-9.197,-1.991,4.759,0.349,1.841
398.716,19.597,-20.927,-1.000,-88.321,-6.997,-2.146,4.856,0.438,1.851
398.722,26.965,-20.927,-1.000,-80.578,-7.340,-2.252,4.839,0.527,2.054
398.727,34.333,-20.927,-1.000,-72.053,-7.526,-1.589,4.787,0.613,2.231
398.733,41.701,-20.927,-1.000,-64.797,-8.486,-2.154,4.792,0.700,2.258
398.738,48.293,-20.927,-1.000,-56.434,-9.990,-2.160,4.713,0.787,2.451
398.744,54.612,-20.927,-1.000,-47.924,-13.040,-0.207,4.614,0.876,2.743
398.749,60.931,-20.927,-1.000,-44.027,-12.674,-2.798,4.723,0.968,2.506
398.755,67.250,-20.927,-1.000,-38.131,-9.554,-2.785,4.742,1.050,2.431
398.761,73.569,-20.927,-1.000,-31.299,-7.563,-3.923,4.719,1.050,2.431
398.766,78.972,-20.927,-1.000,-22.227,-8.156,-3.006,4.554,1.050,2.594
398.772,83.659,-20.927,-1.000,-14.006,-4.400,-3.244,4.395,1.050,2.618
398.777,88.346,-20.927,-1.000,-6.355,1.075,-3.047,4.262,1.050,2.598
398.783,93.033,-20.927,-1.000,3.152,-0.956,1.280,4.045,1.050,2.764
398.789,97.505,-20.927,-1.000,10.663,-4.451,-0.868,3.908,1.050,2.708
398.794,100.415,-20.927,-1.000,19.097,-5.963,2.252,3.659,1.050,2.810
398.800,103.325,-20.927,-1.000,26.028,-8.317,2.682,3.478,1.050,2.734
398.805,106.236,-20.927,-1.000,33.471,-10.316,2.492,3.274,1.050,2.712
398.811,108.381,-20.927,-1.000,39.674,-11.619,1.177,3.092,1.050,2.560
398.816,109.478,-21.243,-1.000,44.929,-12.922,-1.764,2.905,1.050,2.356
398.822,110.574,-21.243,-1.000,50.783,-11.291,-2.800,2.691,1.050,2.262
398.827,111.671,-20.615,-1.000,61.146,-12.370,-1.587,2.274,1.050,2.520
398.833,111.409,-20.615,-1.000,67.555,-12.367,-1.094,1.973,1.050,2.412
398.838,110.624,-20.615,-1.000,72.752,-11.666,1.784,1.704,1.050,2.262
398.844,109.838,-20.615,-1.000,78.761,-10.796,3.863,1.398,1.050,2.274
398.850,109.012,-20.615,-1.000,83.033,-9.962,5.267,1.169,1.050,2.152
398.855,106.397,-20.615,-1.000,86.761,-12.114,2.297,0.884,1.050,2.008
398.861,103.782,-20.615,-1.000,87.940,-12.117,-0.002,0.713,1.050,1.669
398.866,101.168,-20.615,-1.000,89.215,-7.633,-1.636,0.538,1.050,1.404
398.872,97.976,-20.615,-1.000,90.025,-9.602,-2.024,0.358,1.050,1.139
398.878,93.545,-20.615,-1.000,91.634,-8.631,-3.004,0.086,1.050,1.010
398.883,89.109,-20.615,-1.000,95.838,-8.054,-2.296,-0.303,1.046,1.091
398.889,84.672,-20.615,-1.000,99.906,-7.673,-2.785,-0.686,1.035,1.145
398.894,80.235,-20.615,-1.000,101.842,-6.919,-1.913,-0.972,1.018,1.015
398.900,74.303,-20.306,-1.000,100.742,-6.131,-1.329,-1.190,0.998,0.647
398.906,68.159,-20.306,-1.000,100.750,-3.849,-0.163,-1.467,0.972,0.492
398.911,62.016,-20.000,-1.000,100.615,-5.978,2.676,-1.737,0.942,0.390
398.917,55.873,-20.000,-1.000,96.445,-3.377,1.849,-1.826,0.910,-0.021
398.922,49.730,-20.000,-1.000,94.873,-3.622,5.765,-2.031,0.875,-0.088
398.928,42.763,-20.000,-1.000,91.675,-3.068,5.837,-2.201,0.836,-0.298
398.934,35.439,-20.000,-1.000,86.780,-4.701,2.729,-2.310,0.795,-0.615
398.939,28.114,-19.697,-1.000,81.381,-6.489,-0.452,-2.397,0.751,-0.923
398.945,20.790,-19.697,-1.000,77.513,-4.575,-2.016,-2.553,0.705,-1.023
398.950,13.469,-20.000,-1.000,70.889,-6.482,-3.069,-2.584,0.656,-1.374
398.956,6.154,-20.000,-1.000,65.690,-6.184,-3.837,-2.679,0.606,-1.556
398.962,-1.178,-20.000,-1.000,60.591,-4.595,-3.218,-2.780,0.552,-1.693
398.967,-8.547,-19.697,-1.000,55.343,-2.850,-3.537,-2.875,0.497,-1.815
398.973,-15.916,-19.697,-1.000,52.289,-4.374,-3.646,-3.069,0.439,-1.725
398.978,-23.275,-19.697,-1.000,49.140,-5.492,-3.456,-3.259,0.377,-1.653
398.984,-30.640,-19.697,-1.000,44.044,-5.441,-4.669,-3.361,0.313,-1.770
398.990,-38.009,-19.697,-1.000,38.633,-5.589,-3.258,-3.449,0.247,-1.848
398.995,-45.119,-19.697,-1.000,32.642,-7.646,-4.918,-3.499,0.181,-1.947
399.001,-51.432,-19.398,-1.000,27.005,-6.693,-3.607,-3.530,0.115,-1.975
399.006,-57.744,-19.398,-1.000,21.186,-6.273,-0.595,-3.552,0.049,-1.997
399.012,-64.057,-19.398,-1.000,15.763,-7.083,0.868,-3.592,-0.017,-1.974
399.018,-70.369,-19.398,-1.000,7.906,-9.305,-0.491,-3.522,-0.082,-2.159
399.023,-76.582,-19.398,-1.000,0.793,-10.537,-1.364,-3.482,-0.146,-2.213
399.029,-81.266,-19.398,-1.000,-5.124,-9.166,-3.717,-3.426,-0.210,-2.120
399.035,-85.950,-19.398,-1.000,-11.714,-9.021,-4.473,-3.341,-0.272,-2.128
399.040,-90.634,-19.398,-1.000,-20.450,-8.716,-3.750,-3.158,-0.330,-2.300
399.046,-95.324,-19.398,-1.000,-28.811,-6.946,-4.859,-2.993,-0.385,-2.406
399.051,-98.918,-19.398,-1.000,-38.997,-5.636,-3.559,-2.696,-0.435,-2.653
399.057,-101.833,-19.398,-1.000,-48.017,-4.680,-3.398,-2.422,-0.480,-2.740
399.062,-104.747,-19.398,-1.000,-54.720,-3.931,-3.069,-2.251,-0.521,-2.616
399.068,-107.662,-19.398,-1.000,-62.499,-3.413,-4.473,-2.032,-0.560,-2.624
399.074,-108.912,-19.102,-1.000,-69.219,-2.907,-2.847,-1.786,-0.594,-2.546
399.079,-110.013,-19.102,-1.000,-75.866,-1.945,-3.667,-1.537,-0.623,-2.466
399.085,-111.114,-18.231,-1.000,-80.806,-1.648,-3.458,-1.364,-0.648,-2.231
399.090,-111.804,-18.231,-1.000,-83.464,-3.398,-2.533,-1.275,-0.671,-1.851
399.096,-111.023,-18.231,-1.000,-88.292,-4.203,-1.626,-1.023,-0.690,-1.745
399.101,-110.242,-17.387,-1.000,-93.962,-4.138,-2.984,-0.733,-0.704,-1.761
399.107,-109.462,-17.666,-1.000,-98.673,-4.982,-2.219,-0.485,-0.714,-1.653
399.113,-107.729,-17.666,-1.000,-103.142,-6.838,-3.395,-0.206,-0.718,-1.586
399.118,-105.115,-17.666,-1.000,-110.302,-6.095,-5.734,0.233,-0.716,-1.815
399.124,-102.501,-16.302,-1.000,-114.338,-6.200,-7.185,0.533,-0.709,-1.743
399.130,-99.887,-16.302,-1.000,-115.857,-6.160,-5.245,0.719,-0.698,-1.489
399.135,-95.782,-15.518,-1.000,-118.200,-9.590,-5.207,1.009,-0.682,-1.369
399.141,-91.348,-15.518,-1.000,-120.465,-12.410,-5.933,1.310,-0.661,-1.273
399.147,-86.915,-15.261,-1.000,-123.803,-9.087,-4.722,1.660,-0.632,-1.284
399.152,-82.481,-15.261,-1.000,-125.502,-9.261,-6.153,1.936,-0.598,-1.142
399.158,-77.399,-14.757,-1.000,-123.849,-5.651,-3.816,2.090,-0.560,-0.703
399.163,-71.258,-14.757,-1.000,-123.371,-5.959,-3.649,2.345,-0.517,-0.487
399.169,-65.117,-14.757,-1.000,-122.912,-6.439,-2.680,2.601,-0.469,-0.307
399.175,-58.976,-14.508,-1.000,-122.506,-1.292,-1.944,2.859,-0.416,-0.169
399.180,-52.836,-14.508,-1.000,-122.713,-0.751,1.673,3.144,-0.358,-0.135
399.186,-46.468,-14.508,-1.000,-120.680,2.509,2.350,3.340,-0.294,0.123
399.192,-39.154,-14.508,-1.000,-117.366,0.707,2.146,3.520,-0.229,0.424
399.197,-31.836,-14.018,-1.000,-114.715,4.118,-1.026,3.730,-0.159,0.597
399.203,-24.512,-14.018,-1.000,-110.536,7.039,-2.593,3.871,-0.087,0.861
399.209,-17.198,-14.018,-1.000,-106.841,5.505,-2.584,4.034,-0.013,0.991
399.214,-9.877,-13.539,-1.000,-104.387,5.298,-2.856,4.253,0.065,0.946
399.220,-2.552,-13.539,-1.000,-100.490,6.106,-3.233,4.407,0.146,1.053
399.225,4.801,-13.539,-1.000,-92.006,5.120,-1.792,4.356,0.227,1.431
399.231,12.169,-13.539,-1.000,-85.632,2.406,-0.171,4.401,0.306,1.571
399.236,19.537,-12.607,-1.000,-77.719,0.873,1.653,4.376,0.385,1.841
399.242,26.905,-12.607,-1.000,-73.079,-0.726,-0.555,4.499,0.466,1.817
399.247,34.273,-12.607,-1.000,-66.788,-3.480,-0.616,4.548,0.551,1.982
399.253,41.642,-11.276,-1.000,-59.374,-7.427,1.182,4.546,0.637,2.231
399.258,48.242,-11.276,-1.000,-50.549,-11.953,0.244,4.446,0.720,2.525
399.264,54.561,-11.276,-1.000,-46.561,-6.908,-3.376,4.550,0.805,2.235
399.270,60.880,-11.276,-1.000,-42.295,-0.784,-5.279,4.643,0.889,2.009
399.275,67.199,-11.711,-1.000,-34.364,-2.522,-3.976,4.570,0.973,2.172
399.281,73.518,-11.493,-1.000,-23.745,-4.987,-2.405,4.377,1.050,2.544
399.286,78.935,-11.493,-1.000,-13.662,-6.725,-0.671,4.167,1.050,2.798
399.292,83.622,-10.849,-1.000,-7.396,-4.434,-4.366,4.096,1.050,2.627
399.297,88.309,-10.639,-1.000,-0.475,-4.600,-2.697,3.995,1.050,2.688
399.302,92.996,-10.639,-1.000,10.652,-7.593,1.349,3.705,1.050,3.053
399.308,97.481,-10.639,-1.000,20.639,-6.259,2.029,3.458,1.050,3.232
399.313,100.392,-10.639,-1.000,28.916,-6.049,2.203,3.216,1.050,3.233
399.319,103.302,-10.639,-1.000,35.814,-5.022,2.247,3.037,1.050,3.081
399.324,106.212,-10.639,-1.000,39.815,-2.735,1.897,2.988,1.050,2.688
399.330,108.372,-10.639,-1.000,45.123,-1.078,0.031,2.846,1.050,2.481
399.335,109.469,-10.224,-1.000,49.361,1.578,-1.695,2.705,1.050,2.215
399.341,110.566,-10.224,-1.000,52.026,5.246,-1.550,2.634,1.050,1.853
399.347,111.662,-10.224,-1.000,55.585,7.889,-1.288,2.523,1.050,1.610
399.352,111.415,-9.816,-1.000,61.258,6.641,1.555,2.257,1.050,1.634
399.358,110.630,-9.816,-1.000,68.265,3.719,4.190,1.906,1.050,1.791
399.363,109.845,-9.816,-1.000,73.711,0.720,3.177,1.626,1.050,1.838
399.369,109.033,-9.816,-1.000,78.689,-1.379,1.228,1.365,1.050,1.870
399.374,106.415,-9.816,-1.000,83.984,-1.321,0.719,1.009,1.050,1.949
399.380,103.796,-9.816,-1.000,88.346,-3.220,4.494,0.695,1.050,1.909
399.385,101.178,-9.816,-1.000,92.766,-3.587,5.221,0.379,1.050,1.852
399.391,97.987,-6.974,-1.000,96.478,-2.994,2.027,0.068,1.050,1.742
399.397,93.549,-7.153,-1.000,97.938,-0.829,1.420,-0.197,1.048,1.438
399.402,89.112,-7.153,-1.000,97.232,2.609,0.013,-0.365,1.041,0.964
399.408,84.675,-7.153,-1.000,96.814,6.628,-1.761,-0.546,1.030,0.608
399.413,80.237,-6.797,-1.000,96.743,9.888,-3.832,-0.743,1.015,0.358
399.419,74.307,-6.797,-1.000,98.901,8.685,-1.306,-1.107,0.995,0.384
399.425,68.163,-6.797,-1.000,99.424,7.003,-0.449,-1.407,0.970,0.270
399.430,62.020,-6.797,-1.000,100.837,9.600,2.793,-1.747,0.938,0.291
399.436,55.877,-6.621,-1.000,102.239,5.404,5.090,-2.086,0.901,0.340
399.442,49.734,-6.621,-1.000,102.430,1.042,4.210,-2.371,0.859,0.271
399.447,42.768,-6.621,-1.000,100.570,-0.225,1.516,-2.601,0.812,0.051
399.453,35.444,-6.272,-1.000,98.488,-1.480,-0.111,-2.837,0.761,-0.126
399.458,28.119,-6.100,-1.000,97.034,-2.329,-1.129,-3.101,0.705,-0.227
399.464,20.795,-6.100,-1.000,93.099,-3.243,-1.047,-3.254,0.646,-0.504
399.470,13.470,-6.100,-1.000,86.259,-2.337,-0.159,-3.275,0.585,-1.026
399.475,6.145,-4.924,-1.000,83.170,-3.471,-0.549,-3.466,0.522,-1.090
399.480,-1.187,-4.924,-1.000,76.739,0.428,0.034,-3.507,0.463,-1.442
399.485,-8.556,-4.924,-1.000,73.226,-1.154,-0.344,-3.680,0.401,-1.398
399.490,-15.925,-4.924,-1.000,68.036,5.995,-0.256,-3.778,0.339,-1.508
399.495,-23.294,-4.924,-1.000,61.852,15.233,-1.857,-3.832,0.276,-1.689
399.501,-30.663,-3.955,-1.000,56.953,16.244,-1.002,-3.943,0.206,-1.693
399.506,-38.032,-3.955,-1.000,51.803,16.044,0.903,-4.043,0.131,-1.716
399.512,-45.138,-3.482,-1.000,43.960,17.328,0.817,-4.009,0.055,-1.905
399.518,-51.460,-3.482,-1.000,36.060,17.580,1.117,-3.938,-0.017,-2.094
399.523,-57.781,-3.482,-1.000,28.706,17.600,1.786,-3.892,-0.089,-2.200
399.529,-64.097,-3.169,-1.000,22.261,18.018,0.857,-3.886,-0.160,-2.198
399.535,-70.409,-3.014,-1.000,11.211,17.114,-1.771,-3.673,-0.231,-2.635
399.540,-76.612,-3.014,-1.000,2.232,14.838,-4.201,-3.548,-0.298,-2.793
399.546,-81.296,-3.014,-1.000,-3.441,11.532,-3.710,-3.503,-0.365,-2.643
399.552,-85.982,-2.248,-1.000,-11.677,12.250,-5.322,-3.344,-0.432,-2.764
399.557,-90.672,-2.248,-1.000,-19.553,13.570,-4.704,-3.200,-0.494,-2.834
399.563,-95.363,-2.096,-1.000,-28.071,14.640,-4.428,-3.028,-0.553,-2.927
399.568,-98.942,-2.096,-1.000,-37.186,15.773,-5.008,-2.779,-0.607,-3.031
399.574,-101.857,-1.342,-1.000,-46.844,12.228,-5.059,-2.476,-0.655,-3.152
399.579,-104.771,-1.342,-1.000,-53.331,9.519,-3.646,-2.315,-0.699,-2.980
399.585,-107.686,-1.342,-1.000,-59.911,8.652,-2.711,-2.150,-0.740,-2.860
399.591,-108.921,-1.043,-1.000,-66.404,12.128,-3.386,-1.913,-0.779,-2.775
399.596,-110.022,-1.043,-1.000,-72.159,14.941,-4.397,-1.704,-0.813,-2.656
399.602,-111.123,-1.043,-1.000,-79.444,15.696,-2.750,-1.426,-0.842,-2.704
399.607,-111.797,-1.043,-1.000,-83.469,16.951,-1.897,-1.275,-0.867,-2.430
399.613,-111.017,-0.893,-1.000,-86.997,19.920,-2.128,-1.081,-0.889,-2.180
399.618,-110.236,-0.893,-1.000,-91.012,21.251,-1.960,-0.865,-0.907,-2.057
399.624,-109.455,-0.893,-1.000,-92.266,22.046,-1.211,-0.774,-0.923,-1.725
399.629,-107.708,-0.893,-1.000,-95.094,22.372,-1.644,-0.568,-0.936,-1.604
399.635,-105.094,-0.893,-1.000,-96.970,24.093,-2.097,-0.366,-0.945,-1.422
399.640,-102.480,-0.893,-1.000,-98.767,22.745,0.311,-0.167,-0.950,-1.286
399.646,-99.866,-0.893,-1.000,-101.876,21.739,2.051,0.090,-0.951,-1.275
399.651,-95.748,-0.744,-1.000,-105.032,26.231,1.893,0.418,-0.946,-1.272
399.657,-91.320,-0.744,-1.000,-107.115,25.851,4.379,0.711,-0.934,-1.148
399.662,-86.893,-0.744,-1.000,-110.623,25.983,1.979,1.068,-0.915,-1.142
399.668,-82.465,-0.744,-1.000,-111.961,23.377,0.879,1.327,-0.891,-0.959
399.674,-77.385,-0.744,-1.000,-114.248,23.255,0.391,1.659,-0.862,-0.912
399.679,-71.253,-0.744,-1.000,-116.968,25.897,-1.817,2.057,-0.826,-0.918
399.685,-65.112,-0.595,-1.000,-117.098,28.039,-3.567,2.339,-0.787,-0.681
399.690,-58.972,-0.595,-1.000,-116.767,26.336,-3.513,2.601,-0.745,-0.473
399.695,-52.831,-0.595,-1.000,-114.332,21.311,-2.243,2.768,-0.698,-0.095
399.700,-46.452,-0.595,-1.000,-109.428,16.812,1.443,2.834,-0.649,0.460
399.705,-39.131,-0.446,-1.000,-108.212,18.404,1.084,3.109,-0.596,0.467
399.711,-31.817,-0.446,-1.000,-105.959,18.071,-0.215,3.336,-0.537,0.535
399.716,-24.493,-0.446,-1.000,-102.890,20.230,-2.835,3.528,-0.475,0.669
399.722,-17.175,-0.446,-1.000,-98.689,22.941,-2.129,3.668,-0.410,0.859
399.727,-9.861,-0.446,-1.000,-95.780,26.887,-3.649,3.866,-0.342,0.865
399.732,-2.537,-0.446,-1.000,-92.300,31.339,-2.938,4.039,-0.270,0.922
399.738,4.816,-0.446,-1.000,-85.926,32.653,-0.188,4.083,-0.197,1.276
399.743,12.185,-0.446,-1.000,-78.226,30.181,2.274,4.068,-0.124,1.707
399.749,19.553,-0.446,-1.000,-71.711,28.955,2.937,4.107,-0.047,1.957
399.754,26.921,-0.446,-1.000,-64.772,27.712,3.587,4.126,0.029,2.192
399.759,34.289,-0.446,-1.000,-58.359,24.639,6.701,4.169,0.104,2.289
399.765,41.658,-0.446,-1.000,-51.703,22.244,7.191,4.201,0.180,2.361
399.770,48.255,-0.446,-1.000,-46.954,22.504,2.490,4.284,0.256,2.212
399.775,54.574,-0.446,-1.000,-41.357,23.953,-1.765,4.317,0.331,2.116
399.781,60.893,-0.446,-1.000,-33.976,26.620,-3.842,4.269,0.407,2.243
399.786,67.212,-0.446,-1.000,-26.607,29.847,-4.656,4.222,0.483,2.286
399.792,73.526,-0.446,-1.000,-17.315,26.239,-1.057,4.088,0.555,2.502
399.797,78.934,-0.446,-1.000,-9.437,21.958,1.988,3.977,0.626,2.578
399.802,83.614,-0.446,-1.000,-4.749,20.351,1.522,3.976,0.698,2.389
399.808,88.301,-0.446,-1.000,4.446,18.037,5.184,3.773,0.768,2.679
399.813,92.988,-0.446,-1.000,12.931,15.651,5.366,3.603,0.835,2.861
399.819,97.477,-0.446,-1.000,20.929,15.162,5.468,3.445,0.899,2.966
399.824,100.387,-0.446,-1.000,26.915,13.299,6.305,3.306,0.961,2.857
399.829,103.297,-0.446,-1.000,30.508,16.073,1.088,3.276,1.022,2.499
399.835,106.208,-0.446,-1.000,36.172,15.781,-1.045,3.152,1.050,2.411
399.840,108.371,-0.446,-1.000,40.894,20.052,-1.498,3.036,1.050,2.243
399.845,109.467,-0.446,-1.000,48.315,23.820,-0.052,2.752,1.050,2.342
399.851,110.564,-0.446,-1.000,55.384,29.429,-0.184,2.483,1.050,2.365
399.856,111.661,-0.446,-1.000,59.748,32.196,-3.292,2.336,1.050,2.121
399.861,111.416,-0.446,-1.000,63.224,29.863,-0.471,2.169,1.050,1.864
399.867,110.631,-0.446,-1.000,66.749,27.876,0.792,1.975,1.050,1.756
399.872,109.847,-0.446,-1.000,70.786,27.609,3.394,1.758,1.050,1.785
399.878,109.042,-0.446,-1.000,75.659,24.256,6.600,1.502,1.050,1.838
399.883,106.423,-0.446,-1.000,81.285,20.845,8.992,1.131,1.050,1.956
399.888,103.805,-0.446,-1.000,84.206,20.965,6.645,0.882,1.050,1.775
399.894,101.187,-0.446,-1.000,87.149,22.689,3.378,0.632,1.050,1.592
399.899,98.002,-0.446,-1.000,88.861,22.798,1.462,0.411,1.050,1.320
399.905,93.565,-0.446,-1.000,89.898,25.609,-1.520,0.165,1.050,1.047
399.910,89.127,-0.446,-1.000,89.907,29.405,-2.988,-0.035,1.049,0.710
399.916,84.690,-0.446,-1.000,92.432,29.390,-2.044,-0.348,1.043,0.685
399.921,80.253,-0.446,-1.000,96.833,23.324,0.764,-0.746,1.031,0.891
399.926,74.328,-0.446,-1.000,97.763,18.865,2.688,-1.055,1.014,0.761
399.932,68.184,-0.446,-1.000,98.371,19.256,4.955,-1.358,0.992,0.628
399.937,62.041,-0.446,-1.000,98.767,17.486,6.051,-1.653,0.965,0.535
399.942,55.898,-0.446,-1.000,96.196,16.191,3.216,-1.813,0.935,0.228
399.948,49.755,-0.446,-1.000,96.689,12.889,2.745,-2.112,0.900,0.349
399.953,42.793,-0.446,-1.000,95.847,15.326,1.511,-2.387,0.860,0.264
399.959,35.469,-0.446,-1.000,91.848,18.100,0.931,-2.537,0.816,-0.142
399.964,28.144,-0.446,-1.000,89.367,14.997,-0.072,-2.755,0.769,-0.286
399.970,20.820,-0.446,-1.000,85.337,13.524,-1.115,-2.903,0.718,-0.586
399.975,13.502,-0.446,-1.000,79.463,15.459,-3.219,-2.968,0.664,-1.051
399.980,6.188,-0.446,-1.000,77.857,16.958,-1.625,-3.225,0.605,-1.021
399.986,-1.134,-0.446,-1.000,72.487,20.502,-0.770,-3.313,0.545,-1.367
399.991,-8.500,-0.595,-1.000,66.983,23.242,0.638,-3.397,0.481,-1.688
399.996,-15.869,-0.595,-1.000,63.581,21.778,1.908,-3.575,0.419,-1.703
400.001,-23.238,-0.595,-1.000,60.842,19.715,2.960,-3.784,0.354,-1.648
400.006,-30.607,-0.595,-1.000,56.223,22.342,5.285,-3.907,0.287,-1.776
400.012,-37.976,-0.595,-1.000,50.991,27.574,2.341,-4.004,0.218,-1.917
400.017,-45.090,-0.595,-1.000,45.491,30.616,-1.299,-4.076,0.148,-2.048
400.022,-51.412,-0.595,-1.000,42.738,27.069,1.504,-4.237,0.077,-1.807
400.027,-57.733,-0.595,-1.000,37.698,29.625,0.280,-4.294,0.002,-1.828
400.032,-64.055,-0.595,-1.000,29.646,29.045,1.822,-4.217,-0.070,-2.142
400.037,-70.376,-0.595,-1.000,24.068,26.604,4.240,-4.250,-0.141,-2.143
400.042,-76.594,-0.595,-1.000,18.853,24.984,4.123,-4.295,-0.213,-2.086
400.047,-81.284,-0.595,-1.000,13.528,22.667,6.732,-4.267,-0.284,-2.051
400.053,-85.975,-0.744,-1.000,6.492,22.662,8.353,-4.161,-0.356,-2.173
400.058,-90.665,-0.744,-1.000,0.731,18.158,2.806,-4.113,-0.430,-2.065
400.064,-95.356,-0.744,-1.000,-8.287,18.084,-0.763,-3.918,-0.506,-2.284
400.070,-98.938,-0.744,-1.000,-16.571,14.288,-5.652,-3.706,-0.577,-2.452
400.075,-101.852,-0.893,-1.000,-26.796,14.913,-7.283,-3.378,-0.642,-2.813
400.080,-104.767,-0.893,-1.000,-34.306,15.241,-3.829,-3.171,-0.702,-2.873
400.086,-107.681,-0.893,-1.000,-43.209,13.710,-0.865,-2.901,-0.757,-3.056
400.091,-108.919,-1.043,-1.000,-50.699,13.421,0.842,-2.620,-0.806,-3.010
400.097,-110.020,-1.043,-1.000,-59.048,13.297,2.487,-2.294,-0.849,-2.991
400.103,-111.121,-1.043,-1.000,-65.824,13.917,4.697,-2.038,-0.888,-2.749
400.108,-111.800,-2.248,-1.000,-71.615,11.065,5.459,-1.808,-0.920,-2.489
400.114,-111.019,-3.325,-1.000,-80.184,10.116,0.711,-1.388,-0.948,-2.593
400.119,-110.239,-3.325,-1.000,-87.192,14.133,-0.502,-1.037,-0.970,-2.572
400.125,-109.458,-3.325,-1.000,-92.126,17.792,-1.983,-0.780,-0.987,-2.404
400.130,-107.717,-5.589,-1.000,-97.667,22.119,-5.353,-0.452,-0.998,-2.327
400.136,-105.103,-5.589,-1.000,-102.097,25.358,-5.852,-0.135,-1.003,-2.158
400.142,-102.489,-5.589,-1.000,-101.898,20.148,-4.956,-0.027,-1.004,-1.593
400.148,-99.878,-6.797,-1.000,-103.194,19.994,-2.103,0.149,-1.001,-1.243
400.153,-95.769,-6.974,-1.000,-110.420,19.324,-2.080,0.659,-0.992,-1.584
400.159,-91.335,-6.974,-1.000,-113.801,20.518,-2.455,1.011,-0.977,-1.534
400.164,-86.902,-6.974,-1.000,-115.248,22.042,-0.311,1.276,-0.956,-1.316
400.170,-82.468,-6.974,-1.000,-116.225,23.244,1.012,1.519,-0.930,-1.109
400.175,-77.381,-7.883,-1.000,-117.565,25.721,0.126,1.808,-0.899,-1.006
400.181,-71.240,-7.883,-1.000,-114.082,19.601,1.212,1.928,-0.863,-0.443
400.187,-65.099,-7.883,-1.000,-115.862,18.317,-2.461,2.284,-0.819,-0.323
400.192,-58.958,-7.883,-1.000,-119.092,17.616,-3.279,2.706,-0.768,-0.423
400.198,-52.818,-7.883,-1.000,-120.603,14.210,-5.041,3.050,-0.715,-0.497
400.204,-46.436,-7.883,-1.000,-122.635,16.593,-8.392,3.429,-0.656,-0.631
400.209,-39.112,-9.219,-1.000,-120.241,18.920,-2.709,3.651,-0.589,-0.287
400.215,-31.787,-9.219,-1.000,-118.052,12.064,0.057,3.882,-0.518,-0.044
400.221,-24.463,-9.219,-1.000,-112.850,7.202,5.426,3.977,-0.442,0.425
400.226,-17.139,-9.219,-1.000,-111.040,3.735,0.928,4.226,-0.363,0.561
400.232,-9.824,-10.019,-1.000,-109.219,5.685,-2.495,4.473,-0.280,0.594
400.237,-2.510,-10.019,-1.000,-107.420,9.932,-2.836,4.721,-0.196,0.523
400.243,4.836,-10.849,-1.000,-104.084,14.667,-4.288,4.901,-0.109,0.554
400.248,12.204,-10.849,-1.000,-95.043,9.150,-2.627,4.826,-0.027,1.261
400.253,19.572,-10.849,-1.000,-89.994,6.324,-3.590,4.930,0.055,1.423
400.258,26.941,-11.062,-1.000,-80.467,6.026,-0.362,4.833,0.139,1.987
400.264,34.309,-11.062,-1.000,-73.626,5.292,-2.273,4.857,0.230,2.205
400.269,41.667,-10.849,-1.000,-67.817,6.631,-2.618,4.927,0.317,2.305
400.274,48.106,-11.711,-1.000,-62.825,10.518,-3.206,4.992,0.402,2.290
400.280,54.416,-11.711,-1.000,-57.809,9.535,-5.930,5.050,0.495,2.192
400.285,60.726,-11.711,-1.000,-50.416,10.321,-4.240,5.001,0.585,2.265
400.291,67.036,-11.711,-1.000,-42.815,12.725,-0.285,4.943,0.675,2.323
400.296,73.346,-11.711,-1.000,-33.679,9.641,-0.545,4.816,0.764,2.546
400.302,78.763,-11.711,-1.000,-26.436,8.879,-1.486,4.734,0.854,2.555
400.308,83.299,-11.493,-1.000,-20.280,10.980,-4.359,4.661,0.943,2.461
400.314,87.986,-11.493,-1.000,-10.210,15.039,-4.958,4.419,1.034,2.698
400.320,92.673,-11.493,-1.000,-1.990,12.916,0.101,4.260,1.050,2.656
400.326,97.164,-12.380,-1.000,6.836,7.831,-0.189,4.065,1.050,2.834
400.332,100.074,-12.607,-1.000,11.765,14.465,-5.724,3.974,1.050,2.498
400.338,102.985,-12.607,-1.000,20.692,17.642,-1.765,3.703,1.050,2.579
400.344,105.895,-13.068,-1.000,32.657,7.111,3.217,3.296,1.050,2.863
400.350,108.067,-13.068,-1.000,42.212,8.372,-0.477,2.963,1.050,3.012
400.356,109.164,-12.836,-1.000,49.506,16.092,-4.065,2.685,1.050,2.845
400.362,110.261,-12.836,-1.000,59.760,15.673,0.509,2.273,1.050,2.981
400.368,111.357,-12.836,-1.000,68.008,7.242,0.472,1.951,1.050,2.947
400.374,111.123,-13.068,-1.000,73.909,7.890,-5.464,1.675,1.050,2.715
400.381,110.338,-13.068,-1.000,79.457,11.030,-3.401,1.390,1.050,2.470
400.386,109.702,-13.302,-1.000,88.029,7.205,-2.799,0.975,1.050,2.557
400.392,108.909,-13.302,-1.000,93.754,2.052,2.171,0.682,1.050,2.498
400.397,106.295,-13.302,-1.000,100.510,-3.392,6.229,0.260,1.050,2.545
400.403,103.680,-13.302,-1.000,105.213,-5.488,6.490,-0.069,1.050,2.368
400.409,101.210,-14.262,-1.000,109.010,-5.379,3.484,-0.351,1.045,2.138
400.414,98.042,-14.262,-1.000,108.997,3.813,-2.423,-0.493,1.037,1.592
400.420,93.604,-14.262,-1.000,110.204,11.990,-3.877,-0.747,1.023,1.263
400.425,89.167,-15.008,-1.000,111.637,13.830,-1.279,-1.011,1.005,1.040
400.431,84.730,-15.261,-1.000,113.027,14.932,0.111,-1.273,0.982,0.857
400.437,80.292,-15.261,-1.000,116.685,11.977,-1.027,-1.638,0.955,1.011
400.442,74.383,-15.261,-1.000,115.684,13.186,-0.534,-1.859,0.924,0.771
400.448,68.248,-15.518,-1.000,113.030,15.433,-0.076,-2.015,0.889,0.415
400.453,62.108,-16.038,-1.000,111.061,16.645,1.396,-2.203,0.851,0.172
400.459,55.964,-16.038,-1.000,109.069,18.040,2.872,-2.390,0.807,-0.056
400.464,49.821,-16.038,-1.000,105.003,14.696,0.217,-2.483,0.761,-0.443
400.470,42.872,-16.038,-1.000,102.554,15.400,1.394,-2.686,0.709,-0.618
400.476,35.548,-16.038,-1.000,100.772,15.472,3.652,-2.935,0.655,-0.670
400.481,28.223,-16.038,-1.000,96.088,15.500,3.452,-3.054,0.599,-0.955
400.487,20.899,-16.038,-1.000,93.600,14.651,5.804,-3.272,0.540,-0.924
400.493,13.574,-17.947,-1.000,90.927,8.161,6.737,-3.481,0.478,-0.896
400.498,6.250,-17.947,-1.000,86.145,4.641,6.469,-3.595,0.412,-1.069
400.504,-1.082,-17.947,-1.000,78.111,5.371,5.166,-3.564,0.346,-1.499
400.509,-8.451,-18.231,-1.000,72.392,2.570,5.317,-3.638,0.276,-1.664
400.515,-15.820,-18.231,-1.000,65.972,1.379,4.332,-3.681,0.206,-1.879
400.521,-23.189,-18.231,-1.000,61.309,3.091,4.883,-3.802,0.135,-1.881
400.526,-30.558,-18.231,-1.000,58.360,-1.268,5.698,-4.001,0.060,-1.734
400.532,-37.917,-18.808,-1.000,52.610,-4.399,6.513,-4.074,-0.014,-1.871
400.537,-45.037,-18.231,-1.000,49.141,-2.235,5.407,-4.238,-0.091,-1.775
400.543,-51.358,-18.231,-1.000,45.706,-5.290,5.650,-4.368,-0.171,-1.658
400.548,-57.679,-18.231,-1.000,40.809,-8.122,6.875,-4.432,-0.252,-1.642
400.554,-64.001,-18.231,-1.000,33.298,-6.616,7.639,-4.378,-0.334,-1.804
400.560,-70.322,-18.231,-1.000,24.817,-5.961,7.640,-4.281,-0.415,-2.109
400.565,-76.554,-18.231,-1.000,15.496,-6.475,6.806,-4.142,-0.496,-2.481
400.571,-81.089,-20.306,-1.000,6.966,-6.384,6.620,-3.962,-0.573,-2.733
400.576,-85.773,-20.306,-1.000,0.954,-7.022,4.785,-3.903,-0.650,-2.703
400.582,-90.457,-20.306,-1.000,-7.833,-7.926,2.161,-3.718,-0.722,-2.881
400.588,-95.141,-20.306,-1.000,-15.867,-6.405,3.543,-3.567,-0.791,-2.905
400.594,-98.301,-22.209,-1.000,-22.736,-8.115,6.527,-3.400,-0.860,-2.720
400.600,-101.216,-22.209,-1.000,-30.788,-10.035,6.879,-3.169,-0.925,-2.634
400.606,-102.630,-27.526,-1.000,-40.788,-10.133,5.994,-2.783,-0.984,-2.755
400.613,-105.544,-27.526,-1.000,-51.506,-3.656,5.490,-2.432,-1.041,-2.887
400.619,-106.808,-27.526,-1.000,-57.122,-2.260,8.484,-2.236,-1.050,-2.602
400.626,-107.909,-27.526,-1.000,-63.368,-6.962,10.248,-2.004,-1.050,-2.403
400.632,-106.181,-44.745,-1.000,-71.026,-11.592,9.242,-1.582,-1.050,-2.390
400.639,-106.052,-45.869,-1.000,-79.738,-7.179,6.928,-1.184,-1.050,-2.456
400.645,-105.272,-45.869,-1.000,-84.321,-11.219,8.348,-0.943,-1.050,-2.220
400.652,-104.493,-45.869,-1.000,-92.611,-16.030,6.358,-0.535,-1.050,-2.311
400.658,-101.403,-47.598,-1.000,-97.688,-11.477,1.613,-0.167,-1.050,-2.128
400.665,-99.697,-47.598,-1.000,-103.854,-17.086,5.743,0.187,-1.048,-2.086
400.672,-97.087,-47.598,-1.000,-105.856,-21.363,3.750,0.395,-1.041,-1.713
400.678,-94.476,-47.598,-1.000,-111.896,-18.018,1.560,0.784,-1.026,-1.738
400.685,-91.866,-47.598,-1.000,-108.208,-24.458,5.682,0.735,-1.009,-1.055
400.692,-87.800,-47.598,-1.000,-113.562,-30.161,5.262,1.159,-0.985,-1.147
400.698,-83.183,-49.982,-1.000,-115.977,-22.657,3.088,1.476,-0.956,-1.056
400.705,-78.749,-49.982,-1.000,-112.083,-30.923,5.469,1.500,-0.923,-0.516
400.712,-74.315,-49.982,-1.000,-113.280,-33.927,5.675,1.753,-0.886,-0.470
400.718,-69.276,-51.209,-1.000,-113.978,-30.341,3.250,2.012,-0.844,-0.422
400.725,-63.136,-52.459,-1.000,-107.975,-34.418,4.814,2.018,-0.799,0.111
400.732,-56.995,-52.459,-1.000,-108.950,-30.205,0.106,2.338,-0.747,0.058
400.739,-51.048,-52.459,-1.000,-106.869,-23.333,3.839,2.512,-0.693,0.199
400.745,-44.915,-53.094,-1.000,-102.974,-26.240,8.710,2.613,-0.636,0.433
400.752,-38.573,-53.734,-1.000,-100.228,-27.752,2.590,2.774,-0.576,0.516
400.759,-31.248,-53.734,-1.000,-94.904,-25.331,5.762,2.864,-0.512,0.808
400.765,-23.924,-53.734,-1.000,-86.592,-32.670,7.627,2.820,-0.449,1.226
400.772,-16.600,-53.734,-1.000,-88.267,-29.021,2.435,3.225,-0.381,0.797
400.779,-9.275,-53.734,-1.000,-83.734,-23.416,4.779,3.351,-0.306,0.914
400.786,-1.951,-53.734,-1.000,-82.366,-29.223,0.641,3.619,-0.227,0.781
400.792,5.373,-53.734,-1.000,-76.694,-27.298,0.202,3.693,-0.146,1.027
400.799,12.725,-53.734,-1.000,-71.394,-33.005,6.220,3.785,-0.065,1.125
400.805,19.355,-53.734,-1.000,-69.216,-32.858,2.299,3.986,0.023,1.043
400.812,26.713,-53.734,-1.000,-64.528,-27.892,0.750,4.106,0.110,1.113
400.818,33.901,-53.734,-1.000,-56.861,-33.324,3.659,4.084,0.199,1.395
400.825,41.269,-53.734,-1.000,-50.190,-40.674,-0.795,4.116,0.291,1.539
400.832,48.637,-53.734,-1.000,-43.207,-36.016,0.514,4.133,0.382,1.694
400.838,55.081,-55.033,-1.000,-30.038,-42.921,2.160,3.830,0.469,2.304
400.845,61.400,-55.033,-1.000,-21.916,-39.985,1.445,3.749,0.552,2.362
400.851,67.719,-55.033,-1.000,-12.424,-43.262,6.095,3.606,0.631,2.460
400.858,74.038,-55.033,-1.000,1.271,-49.074,4.878,3.275,0.706,2.903
400.865,80.357,-63.360,-1.000,6.774,-48.935,-2.931,3.311,0.779,2.586
400.871,85.809,-63.360,-1.000,17.001,-41.430,0.065,3.096,0.848,2.665
400.878,90.496,-63.360,-1.000,25.689,-45.323,1.534,2.916,0.914,2.666
400.884,95.178,-68.660,-1.000,36.277,-39.817,-1.200,2.651,0.974,2.796
400.891,99.859,-68.660,-1.000,42.867,-33.682,1.491,2.565,1.030,2.572
400.898,104.382,-68.660,-1.000,55.680,-34.723,4.299,2.192,1.050,2.941
400.904,107.289,-68.660,-1.000,61.454,-32.203,3.973,2.063,1.050,2.644
400.911,110.199,-68.660,-1.000,66.907,-28.990,5.687,1.948,1.050,2.379
400.917,113.109,-68.660,-1.000,78.354,-35.995,7.725,1.564,1.050,2.640
400.924,115.317,-68.660,-1.000,80.981,-38.210,0.338,1.545,1.050,2.197
400.931,116.412,-68.660,-1.000,84.346,-32.685,0.263,1.443,1.050,1.837
400.937,117.507,-69.445,-1.000,94.039,-41.885,1.737,1.056,1.050,2.181
400.944,118.604,-69.445,-1.000,94.399,-35.360,-0.595,1.089,1.050,1.662
400.950,118.413,-69.445,-1.000,100.764,-35.810,4.268,0.794,1.050,1.715
400.957,117.808,-69.445,-1.000,108.837,-42.610,7.174,0.404,1.050,1.877
400.964,117.023,-68.660,-1.000,110.089,-47.464,1.278,0.312,1.050,1.501
400.970,116.239,-68.660,-1.000,112.646,-47.298,0.369,0.162,1.050,1.299
400.977,113.838,-68.660,-1.000,118.073,-52.392,1.747,-0.191,1.049,1.399
400.984,111.220,-68.660,-1.000,115.014,-47.409,-1.554,-0.171,1.045,0.839
400.990,108.602,-68.660,-1.000,115.883,-39.601,-5.276,-0.328,1.038,0.666
400.997,105.473,-68.660,-1.000,120.759,-43.303,0.274,-0.688,1.025,0.847
401.003,102.921,-65.590,-1.000,125.951,-47.424,4.872,-1.036,1.006,1.045
401.010,98.483,-65.590,-1.000,123.996,-48.669,1.491,-1.148,0.984,0.692
401.017,94.046,-65.590,-1.000,123.873,-44.558,1.824,-1.342,0.952,0.422
401.023,94.172,-64.096,-1.000,129.911,-49.650,3.222,-1.608,0.920,0.800
401.030,88.309,-64.096,-1.000,129.217,-50.122,3.165,-1.841,0.882,0.553
401.036,82.175,-64.096,-1.000,129.599,-46.282,3.085,-2.134,0.837,0.444
401.043,76.040,-64.096,-1.000,130.439,-52.997,4.774,-2.448,0.785,0.364
401.049,74.928,-59.777,-1.000,132.264,-61.541,5.994,-2.580,0.732,0.413
401.056,68.785,-58.390,-1.000,131.050,-58.678,-0.295,-2.802,0.674,0.238
401.062,61.866,-58.390,-1.000,127.765,-51.468,-3.052,-2.965,0.610,-0.078
401.069,54.548,-55.033,-1.000,127.241,-52.131,0.129,-3.271,0.542,-0.119
401.075,46.940,-54.380,-1.000,125.118,-51.685,0.634,-3.518,0.471,-0.175
401.082,39.616,-54.380,-1.000,119.553,-47.425,0.788,-3.597,0.391,-0.576
401.088,32.291,-54.380,-1.000,116.555,-39.541,0.485,-3.792,0.309,-0.672
401.095,24.967,-53.094,-1.000,110.584,-34.301,1.052,-3.853,0.223,-0.979
401.102,17.637,-53.094,-1.000,106.345,-36.063,2.175,-3.992,0.135,-1.071
401.109,10.268,-52.459,-1.000,104.436,-42.420,1.939,-4.238,0.042,-0.924
401.115,2.898,-52.459,-1.000,96.355,-40.508,-0.598,-4.206,-0.052,-1.321
401.122,-4.471,-52.459,-1.000,90.121,-38.267,0.262,-4.257,-0.147,-1.504
401.129,-12.127,-52.459,-1.000,86.038,-39.187,1.028,-4.417,-0.242,-1.413
401.135,-19.496,-52.459,-1.000,78.189,-38.448,-1.143,-4.396,-0.338,-1.621
401.142,-26.646,-52.459,-1.000,67.501,-37.754,-0.740,-4.237,-0.434,-2.065
401.148,-32.680,-52.459,-1.000,61.649,-36.293,2.144,-4.245,-0.529,-2.023
401.155,-39.001,-52.459,-1.000,57.765,-36.416,0.539,-4.354,-0.627,-1.830
401.162,-45.317,-52.459,-1.000,47.536,-38.276,0.738,-4.178,-0.719,-2.090
401.168,-51.630,-52.459,-1.000,38.291,-37.912,0.063,-4.046,-0.809,-2.254
401.175,-57.899,-52.459,-1.000,26.221,-33.784,-3.583,-3.785,-0.896,-2.630
401.182,-62.583,-52.459,-1.000,22.588,-33.759,-3.834,-3.833,-0.979,-2.233
401.188,-67.267,-52.459,-1.000,11.456,-36.964,-1.059,-3.543,-1.050,-2.455
401.195,-72.238,-52.459,-1.000,3.799,-38.811,-0.001,-3.422,-1.050,-2.403
401.202,-76.922,-52.459,-1.000,-7.859,-36.553,-2.229,-3.108,-1.050,-2.694
401.208,-80.577,-52.459,-1.000,-17.151,-35.656,-1.350,-2.854,-1.050,-2.738
401.215,-83.487,-52.459,-1.000,-24.452,-39.752,-1.268,-2.657,-1.050,-2.615
401.222,-86.683,-52.459,-1.000,-34.862,-46.709,-1.132,-2.332,-1.050,-2.694
401.228,-89.598,-52.459,-1.000,-40.897,-45.750,-1.584,-2.192,-1.050,-2.485
401.235,-90.920,-52.459,-1.000,-48.067,-37.258,-1.821,-1.928,-1.050,-2.411
401.242,-91.736,-54.380,-1.000,-54.335,-35.460,-2.488,-1.683,-1.050,-2.256
401.248,-92.835,-54.380,-1.000,-57.618,-40.058,-2.131,-1.585,-1.050,-1.959
401.255,-93.607,-54.380,-1.000,-62.009,-44.660,-3.679,-1.422,-1.050,-1.770
401.262,-92.827,-55.033,-1.000,-66.742,-43.647,-3.597,-1.174,-1.050,-1.716
401.268,-92.046,-55.033,-1.000,-68.873,-41.213,0.393,-1.043,-1.050,-1.459
401.275,-91.265,-55.033,-1.000,-71.372,-41.031,0.168,-0.895,-1.050,-1.246
401.282,-89.616,-55.033,-1.000,-79.516,-39.306,-3.136,-0.454,-1.050,-1.552
401.288,-87.289,-55.033,-1.000,-80.885,-38.204,-2.544,-0.288,-1.050,-1.329
401.295,-84.679,-55.033,-1.000,-84.017,-38.325,-1.268,-0.030,-1.050,-1.243
401.302,-82.347,-55.033,-1.000,-83.783,-39.854,-2.959,0.065,-1.048,-0.888
401.308,-78.608,-55.033,-1.000,-89.622,-40.210,-3.878,0.496,-1.040,-1.103
401.315,-74.174,-55.033,-1.000,-87.287,-36.512,-1.611,0.590,-1.028,-0.648
401.321,-70.288,-55.033,-1.000,-89.296,-38.578,0.975,0.855,-1.011,-0.658
401.328,-65.855,-55.033,-1.000,-85.457,-42.292,3.462,0.882,-0.992,-0.197
401.335,-61.391,-55.033,-1.000,-89.419,-44.329,-0.704,1.261,-0.967,-0.437
401.342,-55.515,-55.033,-1.000,-88.810,-32.650,-3.516,1.498,-0.936,-0.316
401.348,-50.656,-55.033,-1.000,-85.683,-32.762,-1.700,1.576,-0.900,0.025
401.355,-45.969,-55.033,-1.000,-87.242,-37.357,-2.888,1.857,-0.862,-0.100
401.361,-39.829,-55.033,-1.000,-85.362,-39.752,-3.954,2.049,-0.818,0.061
401.368,-33.507,-55.033,-1.000,-83.339,-36.372,-2.398,2.242,-0.771,0.163
401.375,-28.423,-55.033,-1.000,-76.660,-37.953,-0.997,2.171,-0.719,0.723
401.381,-21.099,-55.033,-1.000,-77.482,-35.899,-0.940,2.537,-0.668,0.449
401.388,-13.775,-55.033,-1.000,-74.464,-34.655,2.539,2.731,-0.609,0.544
401.395,-6.450,-55.033,-1.000,-66.878,-39.126,3.617,2.719,-0.548,0.987
401.401,0.243,-55.033,-1.000,-63.844,-42.366,-0.176,2.884,-0.484,1.012
401.408,7.567,-55.033,-1.000,-57.528,-34.691,0.671,2.929,-0.422,1.191
401.414,13.900,-55.033,-1.000,-49.287,-38.364,4.930,2.843,-0.358,1.530
401.421,21.258,-55.033,-1.000,-43.361,-43.748,2.699,2.908,-0.295,1.590
401.428,28.616,-55.033,-1.000,-40.868,-39.678,-1.048,3.127,-0.228,1.404
401.434,35.974,-55.033,-1.000,-31.949,-42.862,-0.520,3.057,-0.161,1.654
401.441,43.332,-55.033,-1.000,-32.223,-41.019,-6.552,3.400,-0.087,1.270
401.447,50.690,-55.033,-1.000,-24.218,-37.155,-3.768,3.371,-0.014,1.556
401.454,56.369,-54.380,-1.000,-16.447,-47.679,3.547,3.277,0.059,1.753
401.460,62.685,-54.380,-1.000,-9.125,-56.513,4.631,3.231,0.129,1.869
401.467,68.995,-54.380,-1.000,-7.562,-55.974,-0.659,3.445,0.203,1.517
401.474,75.305,-54.380,-1.000,-2.790,-53.900,-1.388,3.514,0.278,1.454
401.480,81.239,-54.380,-1.000,2.045,-60.138,-2.395,3.564,0.360,1.482
401.487,86.745,-53.734,-1.000,7.145,-58.251,-6.443,3.582,0.437,1.481
401.494,91.432,-53.734,-1.000,14.408,-55.785,-6.729,3.466,0.514,1.655
401.500,96.119,-53.734,-1.000,23.126,-53.565,-4.911,3.285,0.588,1.923
401.507,100.806,-53.734,-1.000,26.384,-52.501,-5.404,3.349,0.661,1.700
401.513,105.390,-53.734,-1.000,34.941,-50.306,-5.843,3.170,0.732,1.932
401.520,108.300,-53.734,-1.000,41.442,-42.799,-6.024,3.009,0.799,1.920
401.527,111.211,-53.734,-1.000,50.813,-41.735,-2.238,2.718,0.864,2.196
401.533,114.309,-53.734,-1.000,60.735,-42.521,-5.577,2.411,0.920,2.413
401.540,116.568,-53.734,-1.000,63.529,-33.970,-8.543,2.387,0.972,1.991
401.547,117.853,-53.094,-1.000,77.924,-34.777,-4.092,1.797,1.017,2.590
401.553,118.949,-53.094,-1.000,86.696,-37.710,-0.598,1.451,1.050,2.653
401.560,120.046,-53.094,-1.000,92.180,-32.993,-5.862,1.254,1.050,2.433
401.566,119.905,-53.094,-1.000,101.957,-22.890,-7.479,0.808,1.050,2.522
401.573,119.120,-53.094,-1.000,109.739,-24.419,-2.824,0.422,1.050,2.476
401.580,118.335,-50.592,-1.000,115.074,-27.898,-5.144,0.147,1.050,2.259
401.586,117.550,-50.592,-1.000,117.856,-25.836,-7.771,-0.014,1.050,1.921
401.593,115.009,-49.982,-1.000,123.683,-22.488,-6.130,-0.390,1.043,1.843
401.600,112.391,-50.592,-1.000,131.853,-26.281,-4.574,-0.876,1.028,2.020
401.606,109.773,-50.592,-1.000,136.608,-29.964,-7.871,-1.208,1.005,1.906
401.613,106.685,-50.592,-1.000,137.061,-33.160,-10.946,-1.367,0.975,1.444
401.619,102.248,-48.778,-1.000,140.971,-29.922,-8.602,-1.743,0.939,1.362
401.626,97.810,-48.778,-1.000,140.643,-31.671,-5.281,-1.927,0.897,1.016
401.633,93.373,-48.778,-1.000,139.993,-35.791,-1.191,-2.098,0.852,0.709
401.640,88.940,-46.440,-1.000,138.846,-37.358,-1.956,-2.246,0.804,0.446
401.646,83.116,-46.440,-1.000,136.735,-34.249,-3.144,-2.413,0.752,0.170
401.653,76.981,-46.440,-1.000,137.300,-27.987,-4.570,-2.714,0.694,0.169
401.659,70.847,-46.440,-1.000,132.876,-28.612,-1.677,-2.791,0.635,-0.188
401.666,64.712,-46.440,-1.000,129.483,-25.233,-2.209,-2.915,0.571,-0.404
401.673,58.380,-45.869,-1.000,120.682,-27.936,-9.046,-2.804,0.508,-0.925
401.679,51.489,-45.869,-1.000,115.296,-22.500,-8.505,-2.871,0.444,-1.146
401.686,44.171,-27.911,-1.000,112.363,-15.145,-9.651,-3.069,0.378,-1.069
401.692,36.857,-27.911,-1.000,104.695,-12.382,-11.396,-3.053,0.313,-1.343
401.699,29.543,-27.911,-1.000,97.633,-13.368,-7.849,-3.064,0.246,-1.534
401.706,21.487,-21.884,-1.000,91.502,-12.579,-5.240,-3.151,0.177,-1.638
401.712,14.173,-21.884,-1.000,83.545,-13.817,-9.165,-3.122,0.109,-1.820
401.719,5.774,-20.000,-1.000,75.649,-9.670,-8.315,-3.144,0.037,-1.983
401.725,-1.595,-20.000,-1.000,69.716,-6.592,-8.278,-3.209,-0.032,-1.918
401.732,-8.964,-20.000,-1.000,59.645,-9.590,-6.549,-3.087,-0.101,-2.186
401.739,-18.504,-10.224,-1.000,52.910,-11.637,-3.777,-3.214,-0.172,-2.176
401.745,-25.873,-10.224,-1.000,46.190,-11.920,-7.094,-3.243,-0.242,-2.118
401.752,-35.724,-4.436,-1.000,37.168,-3.507,-10.942,-3.280,-0.315,-2.323
401.758,-42.903,-4.436,-1.000,32.644,0.870,-10.574,-3.400,-0.387,-2.089
401.765,-49.676,-1.793,-1.000,23.989,4.054,-10.912,-3.315,-0.460,-2.238
401.771,-55.997,-1.793,-1.000,16.951,6.942,-10.863,-3.283,-0.530,-2.190
401.778,-63.066,-0.446,-1.000,10.042,9.216,-8.702,-3.290,-0.597,-2.173
401.783,-69.387,-0.446,-1.000,3.536,16.074,-7.574,-3.282,-0.662,-2.173
401.789,-75.706,-0.446,-1.000,-3.729,22.393,-7.590,-3.239,-0.725,-2.225
401.795,-80.397,-0.446,-1.000,-11.092,25.796,-8.040,-3.119,-0.788,-2.273
401.801,-85.087,-0.446,-1.000,-22.598,28.335,-6.443,-2.812,-0.847,-2.686
401.807,-89.778,-0.297,-1.000,-32.179,29.101,-4.332,-2.592,-0.902,-2.897
401.813,-94.468,-0.297,-1.000,-41.665,30.821,-2.964,-2.376,-0.949,-3.069
401.818,-98.161,-0.297,-1.000,-50.058,30.024,-5.875,-2.165,-0.991,-3.063
401.824,-101.075,-0.297,-1.000,-61.399,29.905,-6.709,-1.785,-1.028,-3.319
401.830,-104.137,-0.149,-1.000,-71.743,29.391,-7.478,-1.458,-1.050,-3.425
401.835,-107.048,-0.149,-1.000,-81.594,26.988,-7.604,-1.145,-1.050,-3.536
401.840,-108.551,-0.149,-1.000,-91.929,27.161,-8.710,-0.748,-1.050,-3.754
401.846,-109.652,-0.149,-1.000,-101.727,24.767,-7.217,-0.357,-1.050,-3.844
401.851,-110.753,-0.149,-1.000,-109.779,25.225,-4.850,-0.044,-1.050,-3.720
401.857,-111.590,0.000,-1.000,-119.220,23.751,-5.272,0.343,-1.047,-3.555
401.863,-110.549,0.149,-1.000,-128.366,24.710,-7.261,0.802,-1.034,-3.391
401.869,-109.509,0.297,-1.000,-136.535,25.010,-8.412,1.216,-1.012,-3.145
401.874,-107.892,0.297,-1.000,-141.127,24.859,-8.887,1.496,-0.989,-2.849
401.879,-105.278,0.297,-1.000,-144.859,24.907,-7.878,1.781,-0.962,-2.555
401.885,-102.664,0.297,-1.000,-147.709,26.018,-7.538,2.027,-0.929,-2.264
401.890,-100.050,0.297,-1.000,-151.841,27.323,-9.590,2.331,-0.892,-2.133
401.895,-96.058,0.297,-1.000,-154.611,26.461,-10.708,2.635,-0.849,-1.895
401.900,-91.624,0.297,-1.000,-153.804,25.349,-7.367,2.798,-0.803,-1.392
401.905,-87.190,0.297,-1.000,-154.217,29.408,-7.089,3.016,-0.753,-1.090
401.910,-82.757,0.744,-1.000,-156.787,34.690,-7.163,3.331,-0.695,-1.063
401.916,-77.786,0.595,-1.000,-155.989,42.494,-8.294,3.519,-0.633,-0.782
401.921,-71.654,0.595,-1.000,-152.335,45.925,-9.057,3.631,-0.572,-0.346
401.926,-65.522,0.595,-1.000,-146.221,41.937,-7.927,3.631,-0.511,0.251
401.932,-59.384,0.446,-1.000,-141.125,45.486,-5.572,3.678,-0.447,0.612
401.937,-53.243,0.446,-1.000,-136.725,46.491,-4.491,3.757,-0.380,0.829
401.943,-46.944,0.446,-1.000,-134.569,47.121,-4.880,3.943,-0.311,0.773
401.949,-37.178,0.149,-1.000,-125.563,47.630,-3.905,3.977,-0.224,1.516
401.955,-27.412,0.149,-1.000,-118.175,46.811,-3.979,4.084,-0.141,1.850
401.961,-17.646,0.149,-1.000,-113.352,48.890,-4.232,4.307,-0.054,1.737
401.967,-7.880,0.149,-1.000,-106.640,49.998,-4.985,4.444,0.034,1.808
401.974,1.897,0.149,-1.000,-98.963,52.082,-5.079,4.539,0.125,1.954
401.980,11.721,0.000,-1.000,-91.870,51.030,-2.840,4.662,0.217,2.067
401.986,21.545,0.000,-1.000,-85.093,49.896,-3.364,4.799,0.312,2.137
401.992,31.370,0.000,-1.000,-79.656,48.075,-3.513,4.996,0.411,2.051
401.998,41.194,0.000,-1.000,-76.785,45.643,-4.686,5.309,0.514,1.712
402.004,49.964,0.000,-1.000,-70.805,43.946,-4.216,5.435,0.622,1.803
402.010,58.389,0.000,-1.000,-64.044,41.862,-5.054,5.510,0.734,1.963
402.016,66.815,-0.446,0.000,-55.258,45.046,-4.727,5.493,0.849,2.286
402.021,73.134,-0.446,0.000,-51.435,43.304,-5.665,5.606,0.948,2.038
402.027,78.650,-0.446,0.000,-45.369,44.177,-6.285,5.581,1.047,2.097
402.032,83.337,-0.446,0.000,-36.889,47.240,-5.597,5.410,1.050,2.331
402.037,88.024,-0.446,0.000,-30.332,45.454,-5.313,5.326,1.050,2.342
402.043,92.711,-0.446,0.000,-20.708,41.824,-2.642,5.104,1.050,2.611
402.048,97.304,-0.446,0.000,-12.840,40.181,0.040,4.956,1.050,2.667
402.054,100.215,-0.446,0.000,-2.141,34.924,1.881,4.606,1.050,2.965
402.059,103.125,-0.446,0.000,7.782,38.744,0.198,4.290,1.050,3.190
402.064,106.035,-0.446,0.000,14.948,41.786,-5.605,4.099,1.050,3.058
402.070,108.305,-0.446,0.000,24.358,38.419,-4.731,3.778,1.050,3.132
402.075,109.400,-0.446,0.000,33.270,34.755,-1.070,3.426,1.050,3.181
402.081,110.495,-0.446,0.000,40.984,35.930,-1.091,3.128,1.050,3.138
402.086,111.591,-0.446,0.000,47.173,34.573,-0.336,2.899,1.050,2.921
402.091,111.466,-0.446,0.000,54.969,30.890,0.461,2.542,1.050,2.890
402.097,110.681,-0.446,0.000,62.140,30.832,-3.395,2.184,1.050,2.861
402.102,109.896,-0.446,0.000,67.094,29.995,-7.134,1.926,1.050,2.620
402.107,109.372,-0.446,0.000,70.967,29.234,-5.351,1.728,1.050,2.526
402.113,109.372,-0.446,0.000,70.967,29.234,-5.351,1.728,1.050,2.526
402.118,109.372,-0.446,0.000,70.967,29.234,-5.351,1.728,1.050,2.526
402.123,109.372,-0.446,0.000,70.967,29.234,-5.351,1.728,1.050,2.526
402.128,109.372,-0.446,0.000,70.967,29.234,-5.351,1.728,1.050,2.526
402.133,109.372,-0.446,0.000,70.967,29.234,-5.351,1.728,1.050,2.526
402.138,109.372,-0.446,0.000,70.967,29.234,-5.351,1.728,1.050,2.526
402.143,109.372,-0.446,0.000,70.967,29.234,-5.351,1.728,1.050,2.526
402.148,109.372,-0.446,0.000,70.967,29.234,-5.351,1.728,1.050,2.526
402.153,109.372,-0.446,0.000,70.967,29.234,-5.351,1.728,1.050,2.526
402.158,109.372,-0.446,0.000,70.967,29.234,-5.351,1.728,1.050,2.526
402.164,109.372,-0.446,0.000,70.967,29.234,-5.351,1.728,1.050,2.526
402.169,109.372,-0.446,0.000,70.967,29.234,-5.351,1.728,1.050,2.526
402.174,109.372,-0.446,0.000,70.967,29.234,-5.351,1.728,1.050,2.526
402.179,109.372,-0.446,0.000,70.967,29.234,-5.351,1.728,1.050,2.526
402.184,109.372,-0.446,0.000,70.967,29.234,-5.351,1.728,1.050,2.526
402.190,109.372,-0.446,0.000,70.967,29.234,-5.351,1.728,1.050,2.526
402.195,109.372,-0.446,0.000,70.967,29.234,-5.351,1.728,1.050,2.526
402.200,109.372,-0.446,0.000,70.967,29.234,-5.351,1.728,1.050,2.526
402.205,109.372,-0.446,0.000,70.967,29.234,-5.351,1.728,1.050,2.526
402.210,109.372,-0.446,0.000,70.967,29.234,-5.351,1.728,1.050,2.526
402.217,109.372,-0.446,0.000,70.967,29.234,-5.351,1.728,1.050,2.526
402.222,109.372,-0.446,0.000,70.967,29.234,-5.351,1.728,1.050,2.526
402.227,109.372,-0.446,0.000,70.967,29.234,-5.351,1.728,1.050,2.526
402.232,109.372,-0.446,0.000,70.967,29.234,-5.351,1.728,1.050,2.526
402.238,109.372,-0.446,0.000,70.967,29.234,-5.351,1.728,1.050,2.526
402.244,109.372,-0.446,0.000,70.967,29.234,-5.351,1.728,1.050,2.526
402.249,109.372,-0.446,0.000,70.967,29.234,-5.351,1.728,1.050,2.526
402.255,109.372,-0.446,0.000,70.967,29.234,-5.351,1.728,1.050,2.526
402.261,109.372,-0.446,0.000,70.967,29.234,-5.351,1.728,1.050,2.526
402.268,109.372,-0.446,0.000,70.967,29.234,-5.351,1.728,1.050,2.526
402.274,109.372,-0.446,0.000,70.967,29.234,-5.351,1.728,1.050,2.526
402.280,109.372,-0.446,0.000,70.967,29.234,-5.351,1.728,1.050,2.526
402.286,109.372,-0.446,0.000,70.967,29.234,-5.351,1.728,1.050,2.526
402.291,109.372,-0.446,0.000,70.967,29.234,-5.351,1.728,1.050,2.526
402.297,109.372,-0.446,0.000,70.967,29.234,-5.351,1.728,1.050,2.526
402.303,109.372,-0.446,0.000,70.967,29.234,-5.351,1.728,1.050,2.526
402.309,109.372,-0.446,0.000,70.967,29.234,-5.351,1.728,1.050,2.526
402.316,109.372,-0.446,0.000,70.967,29.234,-5.351,1.728,1.050,2.526
402.322,109.372,-0.446,0.000,70.967,29.234,-5.351,1.728,1.050,2.526
402.328,109.372,-0.446,0.000,70.967,29.234,-5.351,1.728,1.050,2.526
402.334,109.372,-0.446,0.000,70.967,29.234,-5.351,1.728,1.050,2.526
402.339,109.372,-0.446,0.000,70.967,29.234,-5.351,1.728,1.050,2.526
402.345,109.372,-0.446,0.000,70.967,29.234,-5.351,1.728,1.050,2.526
402.351,109.372,-0.446,0.000,70.967,29.234,-5.351,1.728,1.050,2.526
402.357,109.372,-0.446,0.000,70.967,29.234,-5.351,1.728,1.050,2.526
402.364,109.372,-0.446,0.000,70.967,29.234,-5.351,1.728,1.050,2.526
402.370,109.372,-0.446,0.000,70.967,29.234,-5.351,1.728,1.050,2.526
402.376,109.372,-0.446,0.000,70.967,29.234,-5.351,1.728,1.050,2.526
402.381,109.372,-0.446,0.000,70.967,29.234,-5.351,1.728,1.050,2.526
402.387,109.372,-0.446,0.000,70.967,29.234,-5.351,1.728,1.050,2.526
402.393,109.372,-0.446,0.000,70.967,29.234,-5.351,1.728,1.050,2.526
402.399,109.372,-0.446,0.000,70.967,29.234,-5.351,1.728,1.050,2.526
402.406,109.372,-0.446,0.000,70.967,29.234,-5.351,1.728,1.050,2.526
402.412,109.372,-0.446,0.000,70.967,29.234,-5.351,1.728,1.050,2.526
402.418,109.372,-0.446,0.000,70.967,29.234,-5.351,1.728,1.050,2.526
402.424,109.372,-0.446,0.000,70.967,29.234,-5.351,1.728,1.050,2.526
402.429,109.372,-0.446,0.000,70.967,29.234,-5.351,1.728,1.050,2.526
402.435,109.372,-0.446,0.000,70.967,29.234,-5.351,1.728,1.050,2.526
402.441,109.372,-0.446,0.000,70.967,29.234,-5.351,1.728,1.050,2.526
402.447,109.372,-0.446,0.000,70.967,29.234,-5.351,1.728,1.050,2.526
402.454,109.372,-0.446,0.000,70.967,29.234,-5.351,1.728,1.050,2.526
402.460,109.372,-0.446,0.000,70.967,29.234,-5.351,1.728,1.050,2.526
402.466,109.372,-0.446,0.000,70.967,29.234,-5.351,1.728,1.050,2.526
402.472,109.372,-0.446,0.000,70.967,29.234,-5.351,1.728,1.050,2.526
402.477,109.372,-0.446,0.000,70.967,29.234,-5.351,1.728,1.050,2.526
402.483,109.372,-0.446,0.000,70.967,29.234,-5.351,1.728,1.050,2.526
402.489,109.372,-0.446,0.000,70.967,29.234,-5.351,1.728,1.050,2.526
402.495,109.372,-0.446,0.000,70.967,29.234,-5.351,1.728,1.050,2.526
402.501,109.372,-0.446,0.000,70.967,29.234,-5.351,1.728,1.050,2.526
402.507,109.372,-0.446,0.000,70.967,29.234,-5.351,1.728,1.050,2.526
402.514,109.372,-0.446,0.000,70.967,29.234,-5.351,1.728,1.050,2.526
402.519,109.372,-0.446,0.000,70.967,29.234,-5.351,1.728,1.050,2.526
402.525,109.372,-0.446,0.000,70.967,29.234,-5.351,1.728,1.050,2.526
402.531,109.372,-0.446,0.000,70.967,29.234,-5.351,1.728,1.050,2.526
402.537,109.372,-0.446,0.000,70.967,29.234,-5.351,1.728,1.050,2.526
402.543,109.372,-0.446,0.000,70.967,29.234,-5.351,1.728,1.050,2.526
402.549,109.372,-0.446,0.000,70.967,29.234,-5.351,1.728,1.050,2.526
402.555,109.372,-0.446,0.000,70.967,29.234,-5.351,1.728,1.050,2.526
402.561,109.372,-0.446,0.000,70.967,29.234,-5.351,1.728,1.050,2.526
402.566,109.372,-0.446,0.000,70.967,29.234,-5.351,1.728,1.050,2.526
402.572,109.372,-0.446,0.000,70.967,29.234,-5.351,1.728,1.050,2.526
402.578,109.372,-0.446,0.000,70.967,29.234,-5.351,1.728,1.050,2.526
402.584,109.372,-0.446,0.000,70.967,29.234,-5.351,1.728,1.050,2.526
402.590,109.372,-0.446,0.000,70.967,29.234,-5.351,1.728,1.050,2.526
402.596,109.372,-0.446,0.000,70.967,29.234,-5.351,1.728,1.050,2.526
402.602,109.372,-0.446,0.000,70.967,29.234,-5.351,1.728,1.050,2.526
402.609,109.372,-0.446,0.000,70.967,29.234,-5.351,1.728,1.050,2.526
402.615,109.372,-0.446,0.000,70.967,29.234,-5.351,1.728,1.050,2.526
402.621,109.372,-0.446,0.000,70.967,29.234,-5.351,1.728,1.050,2.526
402.627,109.372,-0.446,0.000,70.967,29.234,-5.351,1.728,1.050,2.526
402.633,109.372,-0.446,0.000,70.967,29.234,-5.351,1.728,1.050,2.526
402.639,109.372,-0.446,0.000,70.967,29.234,-5.351,1.728,1.050,2.526
402.645,109.372,-0.446,0.000,70.967,29.234,-5.351,1.728,1.050,2.526
402.651,109.372,-0.446,0.000,70.967,29.234,-5.351,1.728,1.050,2.526
402.656,109.372,-0.446,0.000,70.967,29.234,-5.351,1.728,1.050,2.526
402.662,109.372,-0.446,0.000,70.967,29.234,-5.351,1.728,1.050,2.526
402.668,109.372,-0.446,0.000,70.967,29.234,-5.351,1.728,1.050,2.526
402.674,109.372,-0.446,0.000,70.967,29.234,-5.351,1.728,1.050,2.526
402.680,109.372,-0.446,0.000,70.967,29.234,-5.351,1.728,1.050,2.526
402.686,109.372,-0.446,0.000,70.967,29.234,-5.351,1.728,1.050,2.526
402.692,109.372,-0.446,0.000,70.967,29.234,-5.351,1.728,1.050,2.526
402.697,109.372,-0.446,0.000,70.967,29.234,-5.351,1.728,1.050,2.526
402.703,109.372,-0.446,0.000,70.967,29.234,-5.351,1.728,1.050,2.526
402.709,109.372,-0.446,0.000,70.967,29.234,-5.351,1.728,1.050,2.526
402.716,109.372,-0.446,0.000,70.967,29.234,-5.351,1.728,1.050,2.526
402.722,109.372,-0.446,0.000,70.967,29.234,-5.351,1.728,1.050,2.526
402.728,109.372,-0.446,0.000,70.967,29.234,-5.351,1.728,1.050,2.526
402.734,109.372,-0.446,0.000,70.967,29.234,-5.351,1.728,1.050,2.526
402.740,109.372