R
Px,Ix,Dx,Py,Iy,Dy,Pz,Iz,FFrx,FFry,FFdrx,FFdry,satI,satPID,DTermC,GparamC,AparamC,KFQAng,KFQbias,KFRmeas,CPx,CIx,CPy,CIy,CsatI,CsatPID,CFFdrx,CFFdry,CFalpha,FFDTermC,IRelaxR,IRelaxE,DmaxR,DmaxE,DMx,DMy
50,15,25,45,5,25,350,10,0,0,0,0,20,200,10,10.0,64.0,0.000100,0.003000,50,30,0,30,0,75,300,0,0,0.995,10.000,300,100,300,100,25,25
sysTime,PIDRefX,PIDRefY,PIDRefZ,PIDSensX,PIDSensY,PIDSensZ,PIDPoutX,PIDIoutX,PIDDoutX
117.576,0.000,-0.446,0.000,-0.258,0.212,-0.731,0.012,0.004,-0.022
117.583,0.000,-0.446,0.000,-0.258,0.212,-0.731,0.012,0.004,-0.022
117.588,0.000,-0.446,0.000,-0.258,0.212,-0.731,0.012,0.004,-0.022
117.594,0.000,-0.446,0.000,-0.258,0.212,-0.731,0.012,0.004,-0.022
117.600,0.000,-0.446,0.000,-0.258,0.212,-0.731,0.012,0.004,-0.022
117.606,0.000,-0.446,0.000,-0.258,0.212,-0.731,0.012,0.004,-0.022
117.612,0.000,-0.446,0.000,-0.258,0.212,-0.731,0.012,0.004,-0.022
117.618,0.000,-0.446,0.000,-0.258,0.212,-0.731,0.012,0.004,-0.022
117.624,0.000,-0.446,0.000,-0.258,0.212,-0.731,0.012,0.004,-0.022
117.631,0.000,-0.446,0.000,-0.258,0.212,-0.731,0.012,0.004,-0.022
117.636,0.000,-0.446,0.000,-0.258,0.212,-0.731,0.012,0.004,-0.022
117.642,0.000,-0.446,0.000,-0.258,0.212,-0.731,0.012,0.004,-0.022
117.648,0.000,-0.446,0.000,-0.258,0.212,-0.731,0.012,0.004,-0.022
117.654,0.000,-0.446,0.000,-0.258,0.212,-0.731,0.012,0.004,-0.022
117.660,0.000,-0.446,0.000,-0.258,0.212,-0.731,0.012,0.004,-0.022
117.666,0.000,-0.446,0.000,-0.258,0.212,-0.731,0.012,0.004,-0.022
117.673,0.000,-0.446,0.000,-0.258,0.212,-0.731,0.012,0.004,-0.022
117.678,0.000,-0.446,0.000,-0.258,0.212,-0.731,0.012,0.004,-0.022
117.684,0.000,-0.446,0.000,-0.258,0.212,-0.731,0.012,0.004,-0.022
117.690,0.000,-0.446,0.000,-0.258,0.212,-0.731,0.012,0.004,-0.022
117.696,0.000,-0.446,0.000,-0.258,0.212,-0.731,0.012,0.004,-0.022
117.702,0.000,-0.446,0.000,-0.258,0.212,-0.731,0.012,0.004,-0.022
117.708,0.000,-0.446,0.000,-0.258,0.212,-0.731,0.012,0.004,-0.022
117.714,0.000,-0.446,0.000,-0.258,0.212,-0.731,0.012,0.004,-0.022
117.721,0.000,-0.446,0.000,-0.258,0.212,-0.731,0.012,0.004,-0.022
117.726,0.000,-0.446,0.000,-0.258,0.212,-0.731,0.012,0.004,-0.022
117.732,0.000,-0.446,0.000,-0.258,0.212,-0.731,0.012,0.004,-0.022
117.738,0.000,-0.446,0.000,-0.258,0.212,-0.731,0.012,0.004,-0.022
117.744,0.000,-0.446,0.000,-0.258,0.212,-0.731,0.012,0.004,-0.022
117.750,0.000,-0.446,0.000,-0.258,0.212,-0.731,0.012,0.004,-0.022
117.756,0.000,-0.446,0.000,-0.258,0.212,-0.731,0.012,0.004,-0.022
117.763,0.000,-0.446,0.000,-0.258,0.212,-0.731,0.012,0.004,-0.022
117.769,0.000,-0.446,0.000,-0.258,0.212,-0.731,0.012,0.004,-0.022
117.774,0.000,-0.446,0.000,-0.258,0.212,-0.731,0.012,0.004,-0.022
117.780,0.000,-0.446,0.000,-0.258,0.212,-0.731,0.012,0.004,-0.022
117.786,0.000,-0.446,0.000,-0.258,0.212,-0.731,0.012,0.004,-0.022
117.792,0.000,-0.446,0.000,-0.258,0.212,-0.731,0.012,0.004,-0.022
117.798,0.000,-0.446,0.000,-0.258,0.212,-0.731,0.012,0.004,-0.022
117.804,0.000,-0.446,0.000,-0.258,0.212,-0.731,0.012,0.004,-0.022
117.811,0.000,-0.446,0.000,-0.258,0.212,-0.731,0.012,0.004,-0.022
117.817,0.000,-0.446,0.000,-0.258,0.212,-0.731,0.012,0.004,-0.022
117.822,0.000,-0.446,0.000,-0.258,0.212,-0.731,0.012,0.004,-0.022
117.828,0.000,-0.446,0.000,-0.258,0.212,-0.731,0.012,0.004,-0.022
117.834,0.000,-0.446,0.000,-0.258,0.212,-0.731,0.012,0.004,-0.022
117.840,0.000,-0.446,0.000,-0.258,0.212,-0.731,0.012,0.004,-0.022
117.846,0.000,-0.446,0.000,-0.258,0.212,-0.731,0.012,0.004,-0.022
117.853,0.000,-0.446,0.000,-0.258,0.212,-0.731,0.012,0.004,-0.022
117.859,0.000,-0.446,0.000,-0.258,0.212,-0.731,0.012,0.004,-0.022
117.864,0.000,-0.446,0.000,-0.258,0.212,-0.731,0.012,0.004,-0.022
117.870,0.000,-0.446,0.000,-0.258,0.212,-0.731,0.012,0.004,-0.022
117.876,0.000,-0.446,0.000,-0.258,0.212,-0.731,0.012,0.004,-0.022
117.882,0.000,-0.446,0.000,-0.258,0.212,-0.731,0.012,0.004,-0.022
117.888,0.000,-0.446,0.000,-0.258,0.212,-0.731,0.012,0.004,-0.022
117.894,0.000,-0.446,0.000,-0.258,0.212,-0.731,0.012,0.004,-0.022
117.901,0.000,-0.446,0.000,-0.258,0.212,-0.731,0.012,0.004,-0.022
117.907,0.000,-0.446,0.000,-0.258,0.212,-0.731,0.012,0.004,-0.022
117.912,0.000,-0.446,0.000,-0.258,0.212,-0.731,0.012,0.004,-0.022
117.918,0.000,-0.446,0.000,-0.258,0.212,-0.731,0.012,0.004,-0.022
117.924,0.000,-0.446,0.000,-0.258,0.212,-0.731,0.012,0.004,-0.022
117.930,0.000,-0.446,0.000,-0.258,0.212,-0.731,0.012,0.004,-0.022
117.936,0.000,-0.446,0.000,-0.258,0.212,-0.731,0.012,0.004,-0.022
117.943,0.000,-0.446,0.000,-0.258,0.212,-0.731,0.012,0.004,-0.022
117.949,0.000,-0.446,0.000,-0.258,0.212,-0.731,0.012,0.004,-0.022
117.955,0.000,-0.446,0.000,-0.258,0.212,-0.731,0.012,0.004,-0.022
117.960,0.000,-0.446,0.000,-0.258,0.212,-0.731,0.012,0.004,-0.022
117.966,0.000,-0.446,0.000,-0.258,0.212,-0.731,0.012,0.004,-0.022
117.972,0.000,-0.446,0.000,-0.258,0.212,-0.731,0.012,0.004,-0.022
117.978,0.000,-0.446,0.000,-0.258,0.212,-0.731,0.012,0.004,-0.022
117.984,0.000,-0.446,0.000,-0.258,0.212,-0.731,0.012,0.004,-0.022
117.991,0.000,-0.446,0.000,-0.258,0.212,-0.731,0.012,0.004,-0.022
117.997,0.000,-0.446,0.000,-0.258,0.212,-0.731,0.012,0.004,-0.022
118.003,0.000,-0.446,0.000,-0.258,0.212,-0.731,0.012,0.004,-0.022
118.008,0.000,-0.446,0.000,-0.258,0.212,-0.731,0.012,0.004,-0.022
118.014,0.000,-0.446,0.000,-0.258,0.212,-0.731,0.012,0.004,-0.022
118.020,0.000,-0.446,0.000,-0.258,0.212,-0.731,0.012,0.004,-0.022
118.026,0.000,-0.446,0.000,-0.258,0.212,-0.731,0.012,0.004,-0.022
118.033,0.000,-0.446,0.000,-0.258,0.212,-0.731,0.012,0.004,-0.022
118.039,0.000,-0.446,0.000,-0.258,0.212,-0.731,0.012,0.004,-0.022
118.045,0.000,-0.446,0.000,-0.258,0.212,-0.731,0.012,0.004,-0.022
118.051,0.000,-0.446,0.000,-0.258,0.212,-0.731,0.012,0.004,-0.022
118.056,0.000,-0.446,0.000,-0.258,0.212,-0.731,0.012,0.004,-0.022
118.062,0.000,-0.446,0.000,-0.258,0.212,-0.731,0.012,0.004,-0.022
118.068,0.000,-0.446,0.000,-0.258,0.212,-0.731,0.012,0.004,-0.022
118.074,0.000,-0.446,0.000,-0.258,0.212,-0.731,0.012,0.004,-0.022
118.081,0.000,-0.446,0.000,-0.258,0.212,-0.731,0.012,0.004,-0.022
118.087,0.000,-0.446,0.000,-0.258,0.212,-0.731,0.012,0.004,-0.022
118.093,0.000,-0.446,0.000,-0.258,0.212,-0.731,0.012,0.004,-0.022
118.098,0.000,-0.446,0.000,-0.258,0.212,-0.731,0.012,0.004,-0.022
118.104,0.000,-0.446,0.000,-0.258,0.212,-0.731,0.012,0.004,-0.022
118.110,0.000,-0.446,0.000,-0.258,0.212,-0.731,0.012,0.004,-0.022
118.116,0.000,-0.446,0.000,-0.258,0.212,-0.731,0.012,0.004,-0.022
118.122,0.000,-0.446,0.000,-0.258,0.212,-0.731,0.012,0.004,-0.022
118.129,0.000,-0.446,0.000,-0.258,0.212,-0.731,0.012,0.004,-0.022
118.135,0.000,-0.446,0.000,-0.258,0.212,-0.731,0.012,0.004,-0.022
118.141,0.000,-0.446,0.000,-0.258,0.212,-0.731,0.012,0.004,-0.022
118.146,0.000,-0.446,0.000,-0.258,0.212,-0.731,0.012,0.004,-0.022
118.152,0.000,-0.446,0.000,-0.258,0.212,-0.731,0.012,0.004,-0.022
118.158,0.000,-0.446,0.000,-0.258,0.212,-0.731,0.012,0.004,-0.022
118.164,0.000,-0.446,0.000,-0.258,0.212,-0.731,0.012,0.004,-0.022
118.170,0.000,-0.446,0.000,-0.258,0.212,-0.731,0.012,0.004,-0.022
118.177,0.000,-0.446,0.000,-0.258,0.212,-0.731,0.012,0.004,-0.022
118.183,0.000,-0.446,0.000,-0.258,0.212,-0.731,0.012,0.004,-0.022
118.189,0.000,-0.446,0.000,-0.258,0.212,-0.731,0.012,0.004,-0.022
118.194,0.000,-0.446,0.000,-0.258,0.212,-0.731,0.012,0.004,-0.022
118.200,0.000,-0.446,0.000,-0.258,0.212,-0.731,0.012,0.004,-0.022
118.207,0.000,-0.446,0.000,0.152,-0.334,1.188,-0.008,-0.000,0.043
118.212,0.000,-0.446,0.000,0.798,-1.339,0.590,-0.040,-0.000,0.116
118.217,0.000,-0.446,0.000,1.359,-0.216,0.868,-0.068,-0.001,0.159
118.222,0.000,-0.446,0.000,1.635,-0.240,0.545,-0.082,-0.003,0.153
118.227,0.000,-0.446,0.000,1.084,-0.067,0.071,-0.054,-0.004,0.040
118.233,0.000,-0.446,0.000,0.509,-0.310,0.074,-0.025,-0.004,-0.037
118.238,0.000,-0.446,0.000,0.365,-0.262,0.576,-0.018,-0.004,-0.031
118.243,0.000,-0.446,0.000,0.935,0.076,1.889,-0.047,-0.005,0.049
118.248,0.000,-0.446,0.000,1.574,0.837,1.525,-0.079,-0.006,0.118
118.254,0.000,-0.446,0.000,0.620,0.567,0.500,-0.031,-0.006,-0.023
118.259,0.000,-0.446,0.000,1.631,-0.555,0.726,-0.082,-0.007,0.103
118.264,0.000,-0.446,0.000,1.324,-0.084,1.949,-0.066,-0.008,0.054
118.269,0.000,-0.446,0.000,0.613,-0.194,0.933,-0.031,-0.009,-0.037
118.274,0.000,-0.446,0.000,-0.860,-0.218,-0.984,0.043,-0.008,-0.175
118.280,0.000,-0.446,0.000,-0.487,-0.348,-0.669,0.024,-0.008,-0.081
118.285,0.000,-0.446,0.000,0.096,-1.251,-0.606,-0.005,-0.007,0.017
118.290,0.000,-0.595,0.000,0.189,-0.751,0.652,-0.009,-0.008,0.006
118.296,0.000,-0.595,0.000,0.136,-1.056,-1.199,-0.007,-0.008,-0.006
118.303,0.000,-0.595,0.000,1.051,-0.072,0.739,-0.053,-0.008,0.130
118.309,0.000,-0.595,0.000,1.087,0.557,0.143,-0.054,-0.009,0.087
118.316,0.000,-0.595,0.000,-0.043,0.730,-0.032,0.002,-0.010,-0.067
118.321,0.000,-0.595,0.000,0.611,0.417,-0.065,-0.031,-0.010,0.031
118.327,0.000,-0.595,0.000,-0.087,0.326,-0.469,0.004,-0.010,-0.071
118.334,0.000,-0.595,0.000,-0.465,1.474,-0.724,0.023,-0.010,-0.084
118.340,0.000,-0.595,0.000,0.682,1.688,-0.167,-0.034,-0.010,0.100
118.347,0.000,-0.297,0.000,1.794,0.469,-0.421,-0.090,-0.011,0.203
118.353,0.000,-0.297,0.000,1.437,1.621,1.147,-0.072,-0.012,0.114
118.360,0.000,-0.297,0.000,-0.143,1.526,-3.288,0.007,-0.012,-0.094
118.366,0.000,-0.297,0.000,-0.308,1.516,-5.328,0.015,-0.012,-0.083
118.371,0.000,-0.297,0.000,-0.979,1.343,-0.077,0.049,-0.012,-0.153
118.378,0.000,-0.297,0.000,-0.521,1.059,5.761,0.026,-0.011,-0.042
118.384,0.000,-0.297,0.000,-0.007,1.785,3.223,0.000,-0.011,0.016
118.391,0.000,-0.297,0.000,-0.352,1.208,-2.571,0.018,-0.011,-0.028
118.397,0.000,-0.297,0.000,0.083,-0.898,0.291,-0.004,-0.010,0.040
118.404,0.000,-0.297,0.000,-0.367,-1.672,2.136,0.018,-0.010,-0.040
118.410,0.000,-0.297,0.000,0.483,-0.282,2.076,-0.024,-0.010,0.083
118.415,0.000,-0.297,0.000,1.505,0.027,2.390,-0.075,-0.011,0.197
118.422,0.000,-0.297,0.000,1.011,0.344,1.954,-0.051,-0.012,0.077
118.428,0.000,-0.297,0.000,0.270,0.583,0.475,-0.014,-0.013,-0.053
118.435,0.000,-0.297,0.000,-0.093,0.101,2.624,0.005,-0.014,-0.103
118.441,0.000,-0.297,0.000,1.370,-0.138,1.994,-0.068,-0.014,0.122
118.448,0.000,-0.297,0.000,0.747,0.174,-0.569,-0.037,-0.014,0.042
118.454,0.000,-0.297,0.000,-1.390,-0.186,-0.646,0.070,-0.014,-0.245
118.460,0.000,-0.297,0.000,0.723,-0.280,0.625,-0.036,-0.014,0.076
118.466,0.000,-0.297,0.000,0.483,-0.190,0.521,-0.024,-0.015,0.034
118.472,0.000,-0.297,0.000,1.657,1.253,0.456,-0.083,-0.016,0.175
118.478,0.000,-0.297,0.000,0.856,-0.035,0.854,-0.043,-0.017,0.017
118.485,0.000,-0.297,0.000,0.686,0.610,0.082,-0.034,-0.018,-0.004
118.491,0.000,-0.297,0.000,-0.107,-0.222,0.896,0.005,-0.017,-0.050
118.498,0.000,-0.297,0.000,-0.703,0.435,0.837,0.035,-0.016,-0.112
118.504,0.000,-0.297,0.000,-1.641,0.477,-1.878,0.082,-0.015,-0.199
118.511,0.000,-0.297,0.000,-1.360,0.025,-2.058,0.068,-0.014,-0.105
118.516,0.000,-0.297,0.000,-0.818,0.048,0.353,0.041,-0.013,-0.012
118.522,0.000,-0.297,0.000,-1.043,1.222,1.799,0.052,-0.013,-0.074
118.529,0.000,-0.297,0.000,-0.713,1.292,0.185,0.036,-0.012,-0.016
118.535,0.000,-0.297,0.000,-0.777,1.501,0.751,0.039,-0.011,-0.009
118.542,0.000,-0.297,0.000,-1.738,1.016,0.160,0.087,-0.010,-0.141
118.548,0.000,-0.297,0.000,-1.366,-0.101,0.537,0.068,-0.009,-0.047
118.555,0.000,-0.297,0.000,-0.622,0.667,-1.720,0.031,-0.008,0.063
118.561,0.000,-0.297,0.000,0.268,-0.375,-0.022,-0.013,-0.008,0.132
118.566,0.000,-0.297,0.000,-0.337,-1.604,-1.092,0.017,-0.008,0.029
118.573,0.000,-0.297,0.000,-1.379,-1.836,0.029,0.069,-0.007,-0.109
118.579,0.000,-0.297,0.000,-0.681,-1.701,-0.243,0.034,-0.006,0.000
118.586,0.000,-0.297,0.000,-1.032,-0.833,0.397,0.052,-0.005,-0.034
118.592,0.000,-0.297,0.000,1.486,-1.888,0.081,-0.074,-0.006,0.279
118.599,0.000,-0.297,0.000,2.121,-1.676,0.222,-0.106,-0.007,0.297
118.605,0.000,-0.297,0.000,1.417,-0.497,0.160,-0.071,-0.009,0.092
118.610,0.000,-0.297,0.000,1.349,-1.538,0.701,-0.067,-0.010,0.053
118.617,0.000,-0.297,0.000,2.326,-0.482,0.256,-0.116,-0.012,0.133
118.623,0.000,-0.297,0.000,1.690,0.055,1.418,-0.085,-0.014,0.038
118.630,0.149,-0.297,0.000,1.679,-0.056,0.701,-0.077,-0.016,0.012
118.636,0.149,-0.297,0.000,1.351,1.143,-0.014,-0.060,-0.017,-0.027
118.642,0.149,-0.297,0.000,0.157,1.692,1.474,-0.000,-0.017,-0.158
118.649,0.149,-0.297,0.000,0.310,1.078,-1.138,-0.008,-0.018,-0.095
118.655,0.149,-0.297,0.000,-0.153,0.521,0.036,0.015,-0.017,-0.101
118.661,0.149,-0.297,0.000,-0.480,0.459,0.044,0.031,-0.017,-0.118
118.667,0.149,-0.297,0.000,-0.761,-0.221,0.592,0.045,-0.016,-0.114
118.674,0.149,-0.297,0.000,-0.566,0.234,0.446,0.036,-0.015,-0.063
118.679,0.149,-0.446,0.000,0.265,0.423,0.297,-0.006,-0.015,0.064
118.684,0.149,-0.446,0.000,-0.232,0.866,-0.550,0.019,-0.014,0.017
118.689,0.149,-0.446,0.000,-0.333,1.005,-0.195,0.024,-0.014,0.003
118.694,0.149,-0.446,0.000,0.324,1.554,0.949,-0.009,-0.014,0.083
118.699,0.149,-0.446,0.000,1.398,0.617,1.091,-0.062,-0.014,0.198
118.705,0.149,-0.446,0.000,1.614,1.262,1.095,-0.073,-0.016,0.176
118.710,0.149,-0.446,0.000,0.776,1.360,-0.723,-0.031,-0.016,0.039
118.715,0.149,-0.446,0.000,0.963,-0.370,0.830,-0.041,-0.017,0.063
118.720,0.149,-0.446,0.000,1.495,0.487,1.569,-0.067,-0.018,0.106
118.726,0.149,-0.446,0.000,1.707,0.110,1.321,-0.078,-0.018,0.128
118.731,0.149,-0.446,0.000,0.885,-1.601,0.451,-0.037,-0.019,0.023
118.736,0.149,-0.446,0.000,-0.351,1.157,0.834,0.025,-0.018,-0.114
118.741,0.149,-0.446,0.000,1.541,-1.102,1.124,-0.070,-0.019,0.158
118.747,0.149,-0.446,0.000,0.513,-0.742,0.258,-0.018,-0.019,0.020
118.752,0.149,-0.446,0.000,-0.099,-0.315,-0.821,0.012,-0.019,-0.069
118.757,0.149,-0.446,0.000,-0.535,0.086,0.671,0.034,-0.019,-0.091
118.762,0.149,-0.446,0.000,-0.057,-0.196,0.291,0.010,-0.019,-0.025
118.767,0.149,-0.446,0.000,0.586,0.181,0.243,-0.022,-0.019,0.051
118.773,0.149,-0.446,0.000,0.555,-0.277,0.198,-0.020,-0.019,0.032
118.778,0.149,-0.446,0.000,-0.426,-0.942,-0.415,0.029,-0.019,-0.083
118.783,0.149,-0.446,0.000,-0.697,-0.915,-0.839,0.042,-0.018,-0.092
118.788,0.149,-0.446,0.000,0.260,0.827,-0.141,-0.006,-0.018,0.037
118.793,0.149,-0.446,0.000,-0.612,1.385,-1.598,0.038,-0.018,-0.068
118.799,0.149,-0.446,0.000,-0.512,0.761,0.238,0.033,-0.017,-0.042
118.804,0.149,-0.446,0.000,-0.607,1.068,0.034,0.038,-0.017,-0.036
118.809,0.000,-0.446,0.000,1.163,0.936,0.065,-0.058,-0.017,0.183
118.814,0.000,-0.446,0.000,0.003,1.542,-1.807,-0.000,-0.018,-0.017
118.819,0.000,-0.446,0.000,-0.251,-0.320,-0.562,0.013,-0.018,-0.050
118.825,0.000,-0.446,0.000,-0.682,0.226,0.382,0.034,-0.017,-0.096
118.830,0.000,-0.446,0.000,-1.038,0.372,0.648,0.052,-0.017,-0.137
118.835,0.000,-0.446,0.000,0.356,-0.318,0.363,-0.018,-0.017,0.070
118.840,0.000,-0.446,0.000,0.187,0.084,-0.622,-0.009,-0.017,0.045
118.846,0.000,-0.446,0.000,0.606,0.674,0.685,-0.030,-0.017,0.077
118.851,0.000,-0.446,0.000,1.463,0.499,-0.708,-0.073,-0.018,0.146
118.856,0.000,-2.096,0.000,2.246,0.225,0.076,-0.112,-0.020,0.206
118.861,0.000,-2.096,0.000,2.643,-0.291,0.660,-0.132,-0.022,0.204
118.867,0.000,-2.096,0.000,2.510,0.932,-0.352,-0.125,-0.024,0.133
118.872,0.000,-2.096,0.000,1.756,1.435,0.130,-0.088,-0.026,0.002
118.878,0.000,-2.096,0.000,0.130,1.070,0.909,-0.006,-0.027,-0.193
118.883,0.000,-2.096,0.000,-0.546,1.842,-1.640,0.027,-0.026,-0.222
118.888,0.000,-2.096,0.000,-0.990,0.478,0.757,0.049,-0.026,-0.226
118.894,0.000,-5.421,0.000,-1.346,0.820,0.437,0.067,-0.025,-0.215
118.899,0.000,-5.421,0.000,-0.851,2.073,-1.879,0.043,-0.023,-0.065
118.905,0.000,-5.421,0.000,-2.449,1.123,-0.292,0.122,-0.022,-0.233
118.911,0.297,-5.255,0.000,-2.457,2.629,0.273,0.138,-0.020,-0.206
118.917,0.297,-5.255,0.000,-2.193,4.898,-1.650,0.124,-0.018,-0.121
118.922,0.297,-4.114,0.000,-1.269,5.622,-1.435,0.078,-0.015,0.032
118.928,0.297,-4.114,0.000,-1.966,4.623,-1.727,0.113,-0.013,-0.033
118.935,0.297,-3.482,0.000,-3.587,2.288,-0.603,0.194,-0.010,-0.207
118.940,0.297,-3.482,0.000,-3.555,3.487,-0.364,0.193,-0.008,-0.181
118.946,0.149,-1.642,0.000,-2.811,3.774,-1.684,0.148,-0.005,-0.097
118.952,0.149,-1.342,0.000,-0.517,4.357,-1.495,0.033,-0.005,0.167
118.957,0.149,-1.342,0.000,-1.081,5.641,-0.858,0.061,-0.003,0.109
118.963,0.149,-1.342,0.000,0.583,5.046,0.072,-0.022,-0.003,0.255
118.968,0.149,-1.043,0.000,1.234,3.077,-0.193,-0.054,-0.003,0.303
118.974,0.149,-1.043,0.000,-0.088,3.913,0.353,0.012,-0.005,0.002
118.979,0.149,-1.043,0.000,0.053,4.972,0.159,0.005,-0.005,0.013
118.985,0.000,-1.043,0.000,1.484,5.193,-0.444,-0.074,-0.005,0.176
118.990,0.000,-1.043,0.000,-0.778,8.820,-0.637,0.039,-0.005,-0.102
118.996,0.000,-1.043,0.000,-2.588,9.901,0.863,0.129,-0.002,-0.206
119.001,0.000,-1.043,0.000,-2.928,9.999,2.047,0.146,0.000,-0.196
119.007,0.000,-1.492,0.000,-5.080,11.974,1.772,0.254,0.004,-0.387
119.012,0.000,-1.492,0.000,-2.338,10.598,2.832,0.117,0.006,-0.006
119.017,0.000,-1.793,0.000,-2.954,9.463,-0.721,0.148,0.007,-0.128
119.023,0.000,-2.096,0.000,-2.937,12.717,-2.550,0.147,0.010,-0.073
119.028,0.000,-2.096,0.000,-1.157,13.229,-2.532,0.058,0.012,0.161
119.034,0.000,-2.096,0.000,0.355,14.302,-1.008,-0.018,0.012,0.318
119.039,0.000,-2.096,0.000,-0.686,16.348,1.460,0.034,0.013,0.146
119.045,0.000,-3.482,0.000,-2.128,19.769,4.147,0.106,0.014,-0.050
119.050,0.000,-3.482,0.000,-2.099,22.151,4.303,0.105,0.017,0.003
119.056,0.000,-3.482,0.000,0.414,21.057,5.024,-0.021,0.017,0.260
119.061,0.000,-3.482,0.000,1.172,20.189,4.039,-0.059,0.015,0.236
119.067,0.000,-3.482,0.000,-0.860,23.747,3.823,0.043,0.015,-0.101
119.072,0.000,-5.421,0.000,-4.144,25.476,1.810,0.207,0.016,-0.526
119.077,0.000,-5.589,0.000,-6.407,26.462,-0.058,0.320,0.019,-0.721
119.083,0.000,-5.589,0.000,-8.494,27.318,-2.303,0.425,0.024,-0.885
119.089,0.000,-5.589,0.000,-9.842,28.842,-2.431,0.492,0.030,-0.917
119.094,0.000,-6.621,0.000,-9.799,29.109,-0.727,0.490,0.037,-0.741
119.099,0.000,-6.621,0.000,-9.163,30.319,0.674,0.458,0.043,-0.541
119.105,0.000,-6.621,0.000,-6.072,28.359,2.081,0.304,0.048,-0.102
119.110,0.000,-6.974,0.000,-3.139,26.908,3.152,0.157,0.051,0.227
119.116,0.000,-6.974,0.000,-0.997,24.592,2.743,0.050,0.052,0.395
119.121,0.000,-6.974,0.000,0.542,22.906,1.827,-0.027,0.052,0.471
119.127,0.000,-6.974,0.000,0.547,19.541,3.022,-0.027,0.053,0.397
119.132,0.000,-7.333,0.000,1.831,17.316,2.797,-0.092,0.052,0.468
119.138,0.000,-7.333,0.000,4.019,15.555,4.179,-0.201,0.049,0.592
119.143,0.000,-7.333,0.000,2.563,14.727,3.527,-0.128,0.046,0.264
119.149,0.000,-7.333,0.000,3.594,14.242,2.441,-0.180,0.044,0.337
119.154,0.000,-9.816,0.000,3.468,13.001,0.835,-0.173,0.040,0.183
119.159,0.000,-9.816,0.000,2.455,10.851,0.176,-0.123,0.037,-0.046
119.165,0.000,-9.816,0.000,2.575,8.379,1.259,-0.129,0.033,-0.104
119.170,0.000,-9.816,0.000,1.875,7.049,1.323,-0.094,0.030,-0.241
119.176,0.000,-16.038,0.000,1.273,7.640,0.614,-0.064,0.027,-0.346
119.181,0.000,-16.038,0.000,2.132,4.871,2.383,-0.107,0.024,-0.252
119.187,0.000,-16.038,0.000,4.261,1.537,4.543,-0.213,0.019,-0.038
119.192,0.000,-20.000,0.000,6.024,-1.799,5.544,-0.301,0.013,0.085
119.198,0.000,-20.000,0.000,6.873,-3.680,4.628,-0.344,0.006,0.082
119.203,0.000,-21.884,0.000,8.670,-5.801,4.752,-0.433,-0.001,0.220
119.209,0.000,-27.526,0.000,9.969,-6.209,3.307,-0.498,-0.009,0.274
119.214,0.000,-38.443,0.000,10.989,-7.054,3.128,-0.549,-0.018,0.294
119.220,0.000,-38.443,0.000,10.519,-6.593,5.374,-0.526,-0.027,0.174
119.225,0.000,-38.443,0.000,8.620,-4.933,3.371,-0.431,-0.034,-0.096
119.230,0.000,-48.185,0.000,6.731,-4.417,1.614,-0.337,-0.040,-0.288
119.236,0.000,-48.185,0.000,4.836,-4.757,-0.462,-0.242,-0.045,-0.437
119.241,0.000,-47.598,0.000,3.201,-4.731,-2.885,-0.160,-0.047,-0.496
119.247,0.000,-47.598,0.000,3.012,-8.071,-1.942,-0.151,-0.050,-0.376
119.252,0.000,-57.028,0.000,1.217,-10.642,-1.454,-0.061,-0.051,-0.454
119.258,0.000,-57.028,0.000,-0.600,-14.131,-1.885,0.030,-0.050,-0.535
119.263,0.000,-62.630,0.000,-2.856,-17.267,-2.410,0.143,-0.049,-0.649
119.269,0.000,-62.630,0.000,-4.479,-20.562,-2.053,0.224,-0.046,-0.674
119.274,0.000,-62.630,0.000,-4.842,-24.239,-0.724,0.242,-0.042,-0.557
119.280,0.000,-83.919,0.000,-5.259,-28.344,4.193,0.263,-0.039,-0.482
119.285,0.000,-83.919,0.000,-6.544,-31.729,5.898,0.327,-0.035,-0.539
119.291,0.000,-97.558,0.000,-5.730,-35.557,5.605,0.286,-0.030,-0.337
119.296,0.000,-97.558,0.000,-5.284,-40.034,3.324,0.264,-0.026,-0.217
119.302,0.000,-99.643,0.000,-6.073,-44.500,1.592,0.304,-0.022,-0.273
119.307,0.000,-99.643,0.000,-7.132,-48.239,0.292,0.357,-0.016,-0.327
119.313,0.000,-99.643,0.000,-5.481,-52.471,0.803,0.274,-0.011,-0.047
119.318,0.000,-101.762,0.000,-5.406,-53.959,2.543,0.270,-0.006,0.008
119.323,0.000,-101.762,0.000,-3.676,-57.988,5.645,0.184,-0.002,0.215
119.329,0.000,-101.762,0.000,-4.275,-62.336,7.212,0.214,0.001,0.090
119.335,0.000,-101.762,0.000,-4.109,-65.650,7.932,0.205,0.004,0.061
119.340,0.000,-105.009,0.000,-3.914,-67.625,8.163,0.196,0.007,0.031
119.345,0.000,-107.218,0.000,-4.039,-66.948,7.367,0.202,0.009,-0.023
119.351,0.000,-107.218,0.000,-3.442,-65.193,4.956,0.172,0.012,0.019
119.356,0.000,-117.624,0.000,-2.696,-65.116,3.910,0.135,0.014,0.067
119.362,0.000,-121.266,0.000,0.053,-66.923,1.424,-0.003,0.014,0.335
119.367,0.000,-121.266,0.000,3.089,-69.157,0.680,-0.154,0.011,0.552
119.373,0.000,-121.266,0.000,2.993,-71.662,-2.998,-0.150,0.007,0.340
119.378,0.000,-124.997,0.000,2.572,-73.136,-2.958,-0.129,0.004,0.142
119.384,0.000,-124.997,0.000,3.844,-74.260,0.063,-0.192,-0.000,0.197
119.389,0.000,-124.997,0.000,4.976,-76.299,4.595,-0.249,-0.004,0.253
119.395,0.000,-124.997,0.000,5.834,-77.141,5.724,-0.292,-0.009,0.277
119.400,0.000,-124.997,0.000,1.268,-77.150,2.302,-0.063,-0.011,-0.316
119.405,0.000,-124.997,0.000,0.777,-76.911,2.836,-0.039,-0.012,-0.297
119.411,0.000,-115.245,0.000,1.753,-78.831,2.314,-0.088,-0.014,-0.114
119.417,0.000,-115.245,0.000,-0.954,-80.191,1.562,0.048,-0.014,-0.421
119.422,0.000,-108.337,0.000,-1.968,-81.957,2.004,0.098,-0.013,-0.456
119.427,0.000,-108.337,0.000,-3.479,-86.445,1.217,0.174,-0.012,-0.559
119.433,0.000,-105.009,0.000,-6.333,-90.660,-0.754,0.317,-0.008,-0.803
119.438,0.000,-105.009,0.000,-9.380,-93.201,-1.422,0.469,-0.002,-0.977
119.444,0.000,-105.009,0.000,-10.373,-95.556,-2.276,0.519,0.005,-0.900
119.449,0.000,-83.007,0.000,-8.419,-99.553,-1.300,0.421,0.012,-0.479
119.455,0.000,-83.007,0.000,-9.080,-100.984,-0.533,0.454,0.019,-0.451
119.460,0.000,-56.357,0.000,-10.302,-100.013,1.710,0.515,0.028,-0.457
119.466,0.000,-56.357,0.000,-10.921,-97.064,4.515,0.546,0.037,-0.378
119.471,0.000,-54.380,0.000,-10.404,-93.932,4.814,0.520,0.046,-0.201
119.477,0.000,-54.380,0.000,-10.705,-92.709,5.331,0.535,0.055,-0.176
119.482,0.000,-54.380,0.000,-11.102,-90.026,4.425,0.555,0.064,-0.206
119.488,0.000,-54.380,0.000,-11.531,-88.593,3.662,0.577,0.072,-0.245
119.493,0.000,-42.560,0.000,-10.630,-84.363,6.870,0.532,0.081,-0.133
119.499,0.000,-42.560,0.000,-9.465,-82.013,4.240,0.473,0.088,-0.004
119.504,0.000,-42.560,0.000,-7.350,-78.264,-0.057,0.367,0.094,0.217
119.510,0.000,-22.871,0.000,-5.100,-74.530,-1.617,0.255,0.098,0.386
119.515,0.000,-20.615,0.000,-2.025,-68.917,1.036,0.101,0.100,0.629
119.520,0.000,-20.615,0.000,-0.009,-62.757,0.432,0.000,0.101,0.678
119.526,0.000,-20.615,0.000,-0.218,-57.694,-1.641,0.011,0.100,0.436
119.531,0.000,-13.068,0.000,0.893,-52.486,-1.188,-0.045,0.099,0.446
119.537,0.000,-11.276,0.000,-1.724,-49.062,-3.784,0.086,0.100,0.014
119.542,0.000,-11.276,0.000,-2.406,-47.568,-5.154,0.120,0.101,-0.104
119.548,0.000,-11.276,0.000,-0.915,-47.036,-5.638,0.046,0.101,0.056
119.553,0.000,-8.069,0.000,-0.452,-44.603,-3.535,0.023,0.101,0.063
119.559,0.000,-8.069,0.000,-0.640,-42.518,-1.759,0.032,0.101,0.002
119.564,0.000,-7.515,0.000,-1.841,-38.471,-2.438,0.092,0.102,-0.122
119.569,0.000,-7.515,0.000,-3.401,-36.247,-2.115,0.170,0.105,-0.221
119.575,0.000,-7.515,0.000,-3.073,-32.332,2.449,0.154,0.109,-0.042
119.581,0.000,-6.797,0.000,-1.953,-30.401,4.348,0.098,0.112,0.145
119.586,0.000,-6.621,0.000,-2.873,-26.612,4.749,0.144,0.115,0.038
119.591,0.000,-4.760,0.000,-2.648,-25.776,1.689,0.132,0.118,0.095
119.597,0.000,-4.760,0.000,-3.315,-24.979,1.736,0.166,0.120,-0.010
119.602,0.000,-3.796,0.000,-4.809,-20.518,4.521,0.240,0.123,-0.215
119.608,0.000,-3.796,0.000,-5.394,-16.444,7.562,0.270,0.126,-0.277
119.613,0.000,-3.796,0.000,-6.958,-12.332,6.856,0.348,0.131,-0.402
119.619,0.000,-1.342,0.000,-9.617,-9.188,4.152,0.481,0.138,-0.632
119.624,0.000,-1.342,0.000,-8.817,-9.339,1.447,0.441,0.145,-0.391
119.630,0.000,-1.342,0.000,-8.132,-12.332,-2.949,0.407,0.152,-0.224
119.635,0.000,-1.342,0.000,-7.137,-15.395,-6.719,0.357,0.158,-0.061
119.641,0.000,-1.342,0.000,-5.809,-15.726,-8.692,0.290,0.164,0.133
119.646,0.000,-1.342,0.000,-2.887,-14.347,-5.654,0.144,0.167,0.459
119.652,0.000,-1.342,0.000,-0.218,-13.575,-3.156,0.011,0.169,0.680
119.657,0.000,-0.893,0.000,2.018,-13.992,0.141,-0.101,0.168,0.799
119.662,0.000,-0.744,0.000,1.206,-14.747,0.949,-0.060,0.168,0.565
119.668,0.000,-0.744,0.000,0.167,-12.669,2.718,-0.008,0.169,0.365
119.673,0.000,-0.744,0.000,-0.780,-9.303,3.469,0.039,0.170,0.208
119.679,0.000,-0.446,0.000,1.530,-6.636,3.958,-0.076,0.170,0.457
119.684,0.000,-0.446,0.000,5.676,-4.764,2.499,-0.284,0.167,0.845
119.689,0.000,-0.446,0.000,5.976,-4.478,1.258,-0.299,0.162,0.625
119.694,0.000,-0.297,0.000,4.432,-4.145,-0.277,-0.222,0.158,0.236
119.699,0.000,-0.297,0.000,7.808,-2.879,0.215,-0.390,0.152,0.560
119.706,0.000,-0.297,0.000,7.388,-1.199,1.476,-0.369,0.143,0.240
119.712,0.000,-0.149,0.000,6.489,0.193,0.839,-0.324,0.137,0.023
119.718,0.000,-0.149,0.000,7.421,2.034,0.544,-0.371,0.131,0.149
119.724,0.000,-0.149,0.000,6.693,5.515,0.369,-0.335,0.125,0.008
119.730,0.000,0.000,0.000,6.381,7.055,-0.692,-0.319,0.119,-0.027
119.735,0.000,0.000,0.000,4.930,7.556,1.431,-0.246,0.115,-0.150
119.741,0.000,0.000,0.000,4.107,9.224,2.008,-0.205,0.112,-0.177
119.747,0.000,0.000,0.000,1.971,12.268,3.256,-0.099,0.109,-0.438
119.753,0.000,0.000,0.000,1.260,13.873,2.609,-0.063,0.108,-0.378
119.759,0.000,0.000,0.000,-0.726,14.904,2.701,0.036,0.108,-0.533
119.765,0.000,0.000,0.000,-1.042,15.394,4.137,0.052,0.109,-0.389
119.771,0.000,0.000,0.000,-2.371,13.788,2.091,0.119,0.111,-0.466
119.776,0.000,0.446,0.000,-3.450,15.198,4.010,0.172,0.113,-0.466
119.782,0.000,0.446,0.000,-3.696,14.063,2.258,0.185,0.115,-0.418
119.787,0.000,0.595,0.000,-5.584,13.297,1.697,0.279,0.119,-0.583
119.792,0.000,1.043,0.000,-2.719,10.767,1.757,0.136,0.121,-0.125
119.797,0.000,1.043,0.000,-3.283,8.992,1.231,0.164,0.123,-0.189
119.803,0.000,1.043,0.000,-4.500,8.245,0.556,0.225,0.125,-0.297
119.808,0.000,3.325,0.000,-4.796,9.119,-1.933,0.240,0.128,-0.315
119.814,0.000,3.325,0.000,-2.410,8.141,-1.906,0.120,0.130,0.032
119.819,0.000,3.955,0.000,-0.592,8.792,0.626,0.030,0.132,0.257
119.825,0.000,3.955,0.000,0.668,10.232,3.744,-0.033,0.132,0.387
119.830,0.000,9.615,0.000,0.615,12.295,4.981,-0.031,0.133,0.333
119.836,0.000,9.615,0.000,0.067,11.845,5.281,-0.003,0.133,0.211
119.841,0.000,10.639,0.000,1.229,10.131,6.048,-0.061,0.132,0.297
119.846,0.000,12.836,0.000,1.064,11.028,6.124,-0.053,0.131,0.193
119.852,0.000,12.836,0.000,1.525,11.689,3.022,-0.076,0.130,0.190
119.857,0.000,13.777,0.000,1.071,12.079,1.335,-0.054,0.129,0.079
119.863,0.000,13.777,0.000,0.518,12.969,-0.596,-0.026,0.128,-0.029
119.868,0.000,13.777,0.000,-1.133,13.893,-0.792,0.057,0.128,-0.217
119.874,0.000,13.777,0.000,-0.688,13.772,-3.031,0.034,0.128,-0.137
119.879,0.000,20.000,0.000,0.070,15.235,-1.448,-0.004,0.128,-0.061
119.885,0.000,25.660,0.000,-0.923,14.860,-0.300,0.046,0.128,-0.178
119.890,0.000,25.660,0.000,-1.079,15.801,-0.097,0.054,0.129,-0.132
119.896,0.000,34.642,0.000,-2.328,18.304,0.895,0.116,0.131,-0.198
119.901,0.000,34.642,0.000,-1.445,20.757,3.466,0.072,0.133,-0.026
119.906,0.000,43.642,0.000,-3.882,23.168,4.807,0.194,0.136,-0.281
119.912,0.000,43.642,0.000,-8.293,26.434,4.803,0.415,0.142,-0.714
119.918,0.000,48.778,0.000,-10.025,30.807,4.205,0.501,0.149,-0.746
119.923,0.000,48.778,0.000,-10.801,34.744,6.009,0.540,0.158,-0.659
119.928,0.000,48.778,0.000,-10.888,39.718,5.154,0.544,0.166,-0.529
119.934,0.000,65.590,0.000,-9.439,40.700,4.193,0.472,0.174,-0.250
119.939,0.000,65.590,0.000,-6.781,41.522,3.130,0.339,0.180,0.105
119.945,0.000,70.237,0.000,-6.526,42.786,1.606,0.326,0.184,0.056
119.950,0.000,70.237,0.000,-6.744,44.823,-0.001,0.337,0.189,-0.041
119.956,0.000,70.237,0.000,-5.779,47.673,1.031,0.289,0.193,0.038
119.961,0.000,69.445,0.000,-4.169,50.848,1.258,0.208,0.196,0.178
119.967,0.000,69.445,0.000,-1.157,54.275,1.759,0.058,0.198,0.460
119.972,0.000,69.445,0.000,1.363,58.399,1.131,-0.068,0.197,0.642
119.978,0.000,69.445,0.000,3.430,62.554,2.004,-0.172,0.196,0.744
119.983,0.000,62.630,0.000,5.329,65.666,2.851,-0.266,0.192,0.811
119.989,0.000,62.630,0.000,5.959,70.764,3.878,-0.298,0.188,0.716
119.994,0.000,54.380,0.000,5.623,76.978,4.186,-0.281,0.185,0.572
120.000,0.000,54.380,0.000,4.143,82.283,3.825,-0.207,0.183,0.341
120.005,0.000,54.380,0.000,3.645,84.347,3.039,-0.182,0.181,0.266
120.011,0.000,54.380,0.000,1.426,85.657,2.022,-0.071,0.179,-0.019
120.016,0.000,54.380,0.000,-0.201,85.806,0.771,0.010,0.179,-0.206
120.022,0.000,54.380,0.000,-0.674,84.636,-0.480,0.034,0.180,-0.211
120.027,0.000,54.380,0.000,-2.421,82.121,-0.212,0.121,0.181,-0.378
120.033,0.000,17.666,0.000,-2.546,78.518,-1.695,0.127,0.182,-0.323
120.038,0.000,17.666,0.000,-2.623,78.448,0.354,0.131,0.184,-0.276
120.044,0.000,17.666,0.000,-2.218,73.685,0.053,0.111,0.186,-0.171
120.049,0.000,4.924,0.000,-3.409,71.722,1.441,0.170,0.188,-0.256
120.055,0.000,4.924,0.000,-3.772,67.702,-0.862,0.189,0.193,-0.161
120.062,0.000,0.446,0.000,-4.838,69.921,2.791,0.242,0.197,-0.227
120.067,0.000,0.446,0.000,-2.465,67.698,1.225,0.123,0.200,0.120
120.073,0.000,0.446,0.000,-3.882,66.957,2.886,0.194,0.203,-0.053
120.078,0.000,0.446,0.000,-2.993,64.892,4.760,0.150,0.207,0.129
120.083,0.000,0.446,0.000,-3.150,62.782,5.588,0.157,0.210,0.116
120.088,0.000,-0.297,0.000,-3.520,61.079,6.116,0.176,0.214,0.100
120.093,0.000,-0.297,0.000,-5.511,56.960,2.642,0.276,0.217,-0.183
120.100,0.000,-0.595,0.000,-2.807,52.154,3.851,0.140,0.221,0.191
120.107,0.000,-0.744,0.000,-1.332,50.906,3.267,0.067,0.223,0.310
120.112,0.000,-0.744,0.000,-1.962,48.159,2.616,0.098,0.223,0.133
120.117,0.000,-0.744,0.000,-0.522,45.135,1.005,0.026,0.224,0.273
120.123,0.000,-0.744,0.000,1.903,43.255,1.631,-0.095,0.223,0.478
120.128,0.000,-0.744,0.000,4.097,42.385,2.832,-0.205,0.221,0.639
120.134,0.000,-0.744,0.000,6.052,42.781,3.201,-0.303,0.218,0.762
120.139,0.000,-0.744,0.000,8.101,41.373,4.589,-0.405,0.213,0.884
120.145,0.000,-0.744,0.000,6.565,40.175,5.090,-0.328,0.208,0.524
120.150,0.000,-0.744,0.000,5.971,39.890,4.149,-0.299,0.203,0.343
120.156,0.000,-0.744,0.000,3.374,38.599,2.595,-0.169,0.199,-0.043
120.161,0.000,-0.744,0.000,1.624,34.614,1.752,-0.081,0.198,-0.223
120.167,0.000,-0.744,0.000,-1.681,32.645,0.257,0.084,0.197,-0.581
120.172,0.000,-0.744,0.000,-3.219,31.326,-0.342,0.161,0.199,-0.630
120.178,0.000,-0.744,0.000,-3.617,30.001,0.901,0.181,0.202,-0.521
120.183,0.000,-0.744,0.000,-1.751,29.020,1.326,0.088,0.204,-0.168
120.188,0.000,-0.595,0.000,-0.229,32.028,4.693,0.011,0.206,0.120
120.195,0.000,-0.595,0.000,-0.771,32.986,3.374,0.039,0.208,0.119
120.202,0.000,-0.595,0.000,-1.465,29.182,3.656,0.073,0.210,0.062
120.208,0.000,-0.595,0.000,-2.608,29.917,2.914,0.130,0.212,-0.098
120.215,0.000,-0.595,0.000,-4.548,30.400,0.139,0.227,0.215,-0.354
120.221,0.000,-0.595,0.000,-2.509,28.924,-0.614,0.125,0.217,-0.060
120.226,0.000,-0.595,0.000,-1.241,27.713,-3.731,0.062,0.218,0.094
120.233,0.000,-0.595,0.000,0.841,26.576,-1.493,-0.042,0.217,0.287
120.239,0.000,-0.595,0.000,-0.824,28.918,3.522,0.041,0.218,-0.008
120.246,0.000,-0.595,0.000,1.863,27.322,5.458,-0.093,0.217,0.353
120.253,0.000,-0.595,0.000,-0.055,29.996,7.347,0.003,0.216,-0.029
120.258,0.000,-0.595,0.000,-1.119,27.289,7.485,0.056,0.215,-0.222
120.264,0.000,-0.595,0.000,0.101,24.986,6.534,-0.005,0.215,-0.039
120.271,0.000,-0.595,0.000,-0.308,23.958,4.460,0.015,0.215,-0.079
120.276,0.000,-0.595,0.000,-1.044,22.503,0.370,0.052,0.216,-0.174
120.282,0.000,-0.595,0.000,1.167,19.355,2.056,-0.058,0.215,0.147
120.289,0.000,-0.595,0.000,1.940,23.310,2.394,-0.097,0.214,0.222
120.296,0.000,-0.595,0.000,3.426,24.800,4.549,-0.171,0.212,0.334
120.302,0.000,-0.595,0.000,4.500,24.842,4.687,-0.225,0.208,0.364
120.309,0.000,-0.595,0.000,7.485,19.364,7.508,-0.374,0.201,0.587
120.315,0.000,-0.595,0.000,8.470,16.842,6.223,-0.423,0.196,0.691
120.322,0.000,-0.595,0.000,8.431,15.787,2.262,-0.422,0.189,0.543
120.327,0.000,-0.595,0.000,9.643,14.884,2.372,-0.482,0.181,0.532
120.334,0.000,-0.595,0.000,9.968,14.550,-5.698,-0.498,0.170,0.363
120.340,0.000,-0.595,0.000,11.709,13.415,-4.013,-0.585,0.159,0.412
120.347,0.000,-0.595,0.000,11.273,13.370,0.669,-0.564,0.148,0.234
120.353,0.000,-0.595,0.000,10.822,16.632,5.329,-0.541,0.137,0.141
120.360,0.000,-0.595,0.000,8.377,17.963,8.201,-0.419,0.128,-0.220
120.366,0.000,-0.595,0.000,7.975,15.650,6.066,-0.399,0.120,-0.225
120.371,0.000,-0.595,0.000,7.693,17.736,4.477,-0.385,0.114,-0.181
120.378,0.000,-0.595,0.000,8.645,12.819,1.140,-0.432,0.106,0.028
120.385,0.000,-0.595,0.000,9.189,12.250,-3.885,-0.459,0.099,0.193
120.391,0.000,-0.595,0.000,5.817,12.863,-6.607,-0.291,0.092,-0.304
120.398,0.000,-0.595,0.000,2.552,12.471,-3.541,-0.128,0.086,-0.698
120.404,0.000,-0.595,0.000,2.042,13.018,2.183,-0.102,0.083,-0.562
120.411,0.000,-0.595,0.000,2.371,14.413,4.532,-0.119,0.080,-0.417
120.417,0.000,-0.595,0.000,0.918,15.349,4.878,-0.046,0.079,-0.454
120.423,0.000,-0.595,0.000,1.187,16.965,6.052,-0.059,0.078,-0.291
120.429,0.000,-0.595,0.000,1.872,9.254,5.509,-0.094,0.077,-0.120
120.436,0.000,-0.595,0.000,3.426,6.563,1.848,-0.171,0.075,0.192
120.442,0.000,-0.595,0.000,2.365,8.580,-3.255,-0.118,0.072,-0.003
120.449,0.000,-0.595,0.000,2.471,12.907,-4.091,-0.124,0.068,-0.089
120.455,0.000,-0.595,0.000,1.173,12.823,-0.669,-0.059,0.066,-0.268
120.462,0.000,-0.595,0.000,3.117,12.511,3.452,-0.156,0.062,-0.000
120.468,0.000,-0.744,0.000,5.301,13.071,6.329,-0.265,0.059,0.318
120.474,0.000,-0.744,0.000,5.052,13.131,6.992,-0.253,0.056,0.265
120.479,0.000,-0.744,0.000,4.461,12.996,5.869,-0.223,0.052,0.165
120.485,0.000,-0.893,0.000,4.456,13.760,2.953,-0.223,0.049,0.142
120.490,0.000,-0.893,0.000,4.736,15.579,1.997,-0.237,0.045,0.139
120.495,0.000,-0.893,0.000,3.010,14.198,-1.171,-0.150,0.042,-0.088
120.501,0.000,-1.043,0.000,1.980,15.322,-0.245,-0.099,0.040,-0.202
120.506,0.000,-1.043,0.000,2.112,16.185,0.815,-0.106,0.039,-0.135
120.511,0.000,-1.192,0.000,4.322,13.713,0.250,-0.216,0.035,0.121
120.517,0.000,-1.192,0.000,4.030,11.248,-2.898,-0.201,0.032,0.039
120.523,0.000,-2.860,0.000,1.842,8.415,1.534,-0.092,0.028,-0.272
120.528,0.000,-2.860,0.000,3.155,5.738,-0.353,-0.158,0.025,-0.140
120.534,0.000,-2.860,0.000,3.195,4.994,-1.477,-0.160,0.021,-0.164
120.539,0.000,-2.860,0.000,1.849,1.826,-1.802,-0.092,0.018,-0.308
120.545,0.000,-2.860,0.000,1.966,0.208,-0.891,-0.098,0.017,-0.230
120.550,0.000,-5.928,0.000,3.438,-1.053,-1.786,-0.172,0.014,-0.034
120.556,0.000,-5.928,0.000,4.666,-0.713,-0.712,-0.233,0.010,0.087
120.561,0.000,-7.515,0.000,4.648,-1.678,-0.599,-0.232,0.005,0.030
120.567,0.000,-7.515,0.000,3.325,0.180,-0.636,-0.166,0.002,-0.133
120.572,0.000,-7.515,0.000,3.443,1.697,0.464,-0.172,-0.001,-0.090
120.578,0.149,-10.224,0.000,3.398,3.412,0.100,-0.162,-0.004,-0.097
120.583,0.149,-10.224,0.000,2.283,7.336,0.086,-0.107,-0.007,-0.214
120.589,0.297,-10.430,0.000,1.149,12.156,-1.223,-0.043,-0.008,-0.308
120.595,0.297,-10.430,0.000,2.733,16.406,-1.651,-0.122,-0.011,-0.110
120.601,0.446,-13.068,0.000,2.504,17.061,-1.220,-0.103,-0.015,-0.189
120.607,0.446,-14.262,0.000,4.997,14.481,0.624,-0.228,-0.020,0.039
120.614,0.446,-14.262,0.000,6.215,16.035,3.253,-0.288,-0.023,0.210
120.620,0.446,-14.262,0.000,3.282,13.337,-0.962,-0.142,-0.025,-0.076
120.626,0.446,-14.262,0.000,1.414,14.429,-3.356,-0.048,-0.026,-0.228
120.632,0.446,-14.262,0.000,1.626,14.633,-0.625,-0.059,-0.028,-0.168
120.639,0.446,-14.262,0.000,4.039,15.510,1.796,-0.180,-0.031,0.077
120.645,0.446,-14.262,0.000,3.926,16.519,1.862,-0.174,-0.034,0.074
120.651,0.595,-16.839,0.000,2.154,13.366,1.069,-0.078,-0.037,-0.161
120.657,0.595,-17.112,0.000,3.675,9.905,2.417,-0.154,-0.040,0.016
120.663,0.595,-17.387,0.000,4.757,9.858,3.128,-0.208,-0.043,0.124
120.669,0.595,-17.387,0.000,6.006,8.711,1.142,-0.271,-0.046,0.282
120.675,0.595,-17.387,0.000,5.775,6.568,1.036,-0.259,-0.049,0.255
120.681,0.595,-17.112,0.000,1.143,3.158,-1.169,-0.027,-0.050,-0.246
120.687,0.595,-17.112,0.000,-0.280,2.391,-2.048,0.044,-0.050,-0.342
120.694,0.595,-17.112,0.000,-1.484,1.923,-1.547,0.104,-0.050,-0.422
120.700,0.595,-17.112,0.000,-0.583,2.487,-1.037,0.059,-0.049,-0.277
120.706,0.595,-17.112,0.000,-1.317,1.983,-1.864,0.096,-0.048,-0.284
120.712,0.595,-17.112,0.000,-1.053,1.859,-2.529,0.082,-0.046,-0.185
120.718,0.595,-18.518,0.000,-0.705,3.272,-1.639,0.065,-0.045,-0.089
120.724,0.595,-18.518,0.000,-2.019,1.924,1.226,0.131,-0.044,-0.242
120.730,0.595,-18.518,0.000,-2.858,1.178,2.168,0.173,-0.042,-0.317
120.736,0.595,-18.518,0.000,-1.044,1.726,3.823,0.082,-0.041,-0.082
120.742,1.192,-19.102,0.000,-2.017,4.651,2.248,0.160,-0.037,-0.088
120.748,1.192,-19.102,0.000,0.564,1.297,2.375,0.031,-0.033,0.290
120.754,10.430,-18.808,0.000,0.166,1.363,0.896,0.513,-0.029,0.234
120.760,10.430,-18.808,0.000,1.930,3.221,-0.257,0.425,-0.021,0.323
120.766,22.871,-19.398,0.000,1.045,5.330,-0.402,1.091,-0.000,0.151
120.773,22.871,-19.398,0.000,3.706,9.715,0.324,0.958,0.019,0.367
120.779,70.237,-18.808,0.000,2.957,8.187,0.099,3.364,0.068,0.192
120.786,108.337,-18.518,0.000,5.026,4.090,0.389,5.166,0.142,0.339
120.792,108.337,-18.518,0.000,6.946,-0.782,0.234,5.070,0.244,0.472
120.799,108.337,-18.518,0.000,7.994,1.057,-2.618,5.017,0.342,0.467
120.805,152.266,-15.261,0.000,9.018,3.567,-1.344,7.162,0.482,0.463
120.812,158.247,-15.008,0.000,15.337,0.127,2.004,7.146,0.623,0.960
120.818,177.320,-12.836,0.000,26.003,-6.143,-0.279,7.566,0.766,1.729
120.825,177.320,-12.836,0.000,38.006,-8.012,-1.224,6.966,0.906,2.487
120.831,177.320,-12.836,0.000,50.085,-5.792,-1.662,6.362,1.035,3.066
120.838,189.263,-10.849,0.000,63.672,-6.323,2.098,6.280,1.156,3.597
120.844,189.263,-10.849,0.000,79.536,-6.138,4.098,5.486,1.259,4.305
120.850,189.263,-10.019,0.000,95.343,-5.515,2.636,4.696,1.351,4.774
120.857,184.069,-8.829,0.000,113.977,-2.706,-0.909,3.505,1.427,5.363
120.863,159.772,-8.256,0.000,131.211,0.379,-0.927,1.428,1.469,5.659
120.870,153.744,-8.069,0.000,147.472,-1.755,-0.540,0.314,1.484,5.811
120.876,153.744,-8.069,0.000,159.646,-1.882,0.215,-0.295,1.482,5.529
120.882,153.744,-8.069,0.000,172.418,1.100,-1.271,-0.934,1.468,5.393
120.889,153.744,-8.069,0.000,176.965,2.798,-0.674,-1.161,1.447,4.500
120.896,153.744,-8.069,0.000,181.741,4.018,-0.425,-1.400,1.420,3.807
120.902,108.337,-7.698,0.000,183.821,3.354,0.510,-3.774,1.363,3.041
120.908,100.698,-7.515,0.000,184.194,3.277,2.084,-4.175,1.289,2.318
120.915,100.698,-7.515,0.000,184.322,4.381,0.995,-4.181,1.208,1.782
120.921,100.698,-7.515,0.000,176.233,3.026,-2.435,-3.777,1.134,0.590
120.928,73.478,-7.333,0.000,165.427,-1.318,-2.298,-4.597,1.040,-0.591
120.934,62.630,-7.153,0.000,159.962,-0.490,-1.710,-4.867,0.940,-0.999
120.941,62.630,-7.153,0.000,146.817,1.736,-2.719,-4.209,0.853,-2.042
120.947,51.831,-6.974,0.000,134.722,0.883,-1.356,-4.145,0.775,-2.682
120.954,40.978,-6.797,0.000,124.192,-0.981,1.588,-4.161,0.697,-3.030
120.960,40.978,-6.797,0.000,110.726,0.816,1.163,-3.487,0.625,-3.567
120.967,40.978,-6.797,0.000,99.463,3.641,-0.022,-2.924,0.564,-3.783
120.973,26.026,-5.758,0.000,88.020,2.660,1.727,-3.100,0.499,-3.966
120.980,26.026,-5.758,0.000,82.006,1.657,4.131,-2.799,0.443,-3.544
120.987,26.026,-5.758,0.000,71.045,-0.237,-1.507,-2.251,0.396,-3.603
120.993,8.069,-3.796,0.000,64.224,1.113,-1.801,-2.808,0.352,-3.336
121.000,6.974,-3.796,0.000,56.995,0.095,-1.397,-2.501,0.301,-3.203
121.006,6.974,-3.796,0.000,55.684,5.102,-0.036,-2.435,0.253,-2.536
121.013,6.974,-3.796,0.000,53.901,4.948,2.872,-2.346,0.208,-2.044
121.019,4.760,-3.955,0.000,47.699,4.257,2.974,-2.147,0.163,-2.146
121.026,4.760,-3.955,0.000,48.516,0.552,1.331,-2.188,0.119,-1.585
121.032,3.014,-3.955,0.000,50.406,-1.727,-1.101,-2.370,0.075,-1.002
121.039,2.860,-3.955,0.000,48.972,-2.708,-5.730,-2.306,0.031,-0.826
121.045,2.860,-3.955,0.000,43.446,0.913,-3.420,-2.029,-0.011,-1.162
121.052,2.706,-3.955,0.000,41.210,3.243,1.009,-1.925,-0.049,-1.081
121.058,2.706,-3.955,0.000,39.350,2.466,5.372,-1.832,-0.086,-1.031
121.064,2.706,-3.955,0.000,39.133,3.193,4.783,-1.821,-0.122,-0.810
121.071,2.706,-3.955,0.000,35.220,3.105,2.772,-1.626,-0.154,-0.973
121.077,2.706,-3.955,0.000,32.244,2.560,1.135,-1.477,-0.183,-0.998
121.084,2.706,-3.955,0.000,29.359,1.034,-0.546,-1.333,-0.210,-0.998
121.090,2.706,-3.955,0.000,25.912,-0.366,-2.380,-1.160,-0.234,-1.077
121.097,2.706,-3.955,0.000,21.988,2.061,-2.822,-0.964,-0.254,-1.187
121.103,2.860,-3.955,0.000,16.632,2.018,-2.131,-0.689,-0.269,-1.407
121.110,2.860,-3.955,0.000,11.611,2.817,-1.308,-0.438,-0.281,-1.596
121.116,2.860,-3.955,0.000,9.238,3.851,0.264,-0.319,-0.289,-1.475
121.123,2.860,-3.955,0.000,4.645,4.526,1.109,-0.089,-0.291,-1.531
121.129,2.860,-3.955,0.000,4.698,3.569,3.314,-0.092,-0.292,-1.107
121.136,2.706,-3.955,0.000,1.764,2.037,1.467,0.047,-0.292,-1.095
121.142,2.553,-3.955,0.000,1.023,2.168,1.545,0.076,-0.291,-0.906
121.149,2.553,-3.955,0.000,0.189,0.750,1.136,0.118,-0.289,-0.769
121.155,2.248,-3.796,0.000,-0.703,4.876,-0.986,0.147,-0.286,-0.657
121.162,2.248,-3.796,0.000,-0.186,1.074,-0.084,0.122,-0.284,-0.468
121.168,2.248,-3.796,0.000,2.405,1.183,0.125,-0.008,-0.283,-0.097
121.175,2.248,-3.796,0.000,1.885,-1.376,1.240,0.018,-0.282,-0.082
121.181,2.248,-3.796,0.000,3.347,0.018,-0.652,-0.055,-0.282,0.112
121.188,2.400,-3.955,0.000,2.598,2.630,-1.521,-0.010,-0.282,-0.014
121.194,2.400,-3.955,0.000,2.281,3.602,-1.802,0.006,-0.283,-0.057
121.200,2.400,-3.955,0.000,2.249,3.668,-0.253,0.008,-0.283,-0.049
121.206,2.400,-3.955,0.000,0.673,2.608,-0.313,0.086,-0.283,-0.266
121.212,2.248,-3.955,0.000,2.116,-0.710,0.998,0.007,-0.284,-0.095
121.218,1.793,-4.760,0.000,5.161,0.136,2.128,-0.168,-0.285,0.281
121.225,1.793,-4.760,0.000,2.437,1.443,-0.117,-0.032,-0.284,0.021
121.231,0.595,-4.924,0.000,-0.725,0.922,-1.965,0.066,-0.284,-0.317
121.237,0.595,-4.924,0.000,-4.581,-0.516,-1.202,0.259,-0.281,-0.686
121.242,0.595,-4.924,0.000,-7.719,0.470,-0.810,0.416,-0.276,-0.891
121.248,0.297,-5.089,0.000,-9.355,0.576,-0.218,0.483,-0.269,-0.860
121.254,0.149,-5.089,0.000,-9.863,-0.936,-0.671,0.501,-0.260,-0.696
121.259,0.149,-5.089,0.000,-10.830,-0.510,-1.557,0.549,-0.251,-0.632
121.265,0.149,-5.089,0.000,-10.371,-1.389,-0.499,0.526,-0.242,-0.392
121.270,0.000,-5.421,0.000,-11.966,-0.969,-0.395,0.598,-0.232,-0.449
121.276,0.000,-5.421,0.000,-14.320,-0.532,0.999,0.716,-0.220,-0.555
121.281,0.000,-5.758,0.000,-16.462,-1.029,1.080,0.823,-0.206,-0.608
121.287,0.000,-6.797,0.000,-17.510,-1.588,0.111,0.875,-0.190,-0.514
121.292,0.000,-6.974,0.000,-18.515,-1.812,0.331,0.926,-0.174,-0.439
121.298,0.000,-6.974,0.000,-18.296,-2.085,0.190,0.915,-0.158,-0.232
121.303,0.000,-6.974,0.000,-16.709,-4.237,-0.248,0.835,-0.143,0.038
121.308,0.000,-7.153,0.000,-16.387,-5.280,0.524,0.819,-0.129,0.096
121.314,0.000,-7.153,0.000,-16.284,-6.858,-0.322,0.814,-0.114,0.124
121.319,0.000,-7.153,0.000,-16.094,-7.121,-2.609,0.805,-0.100,0.158
121.325,0.000,-7.153,0.000,-16.152,-8.383,-2.127,0.808,-0.086,0.179
121.330,0.000,-7.153,0.000,-16.200,-10.982,0.968,0.810,-0.071,0.187
121.336,-0.149,-10.430,0.000,-15.387,-13.370,3.162,0.762,-0.058,0.295
121.341,-0.297,-11.493,0.000,-14.173,-12.241,0.087,0.694,-0.044,0.385
121.347,-0.297,-11.493,0.000,-13.352,-10.991,-3.068,0.653,-0.032,0.400
121.353,-10.430,-13.068,0.000,-12.903,-7.338,-5.240,0.124,-0.023,0.361
121.360,-10.430,-13.068,0.000,-13.323,-4.051,-4.574,0.145,-0.020,0.249
121.367,-10.430,-13.068,0.000,-16.589,-3.636,-0.684,0.308,-0.015,-0.138
121.373,-10.430,-13.068,0.000,-15.897,-6.694,1.561,0.273,-0.011,-0.087
121.379,-34.189,-11.062,0.000,-14.194,-10.265,0.795,-1.000,-0.022,0.117
121.386,-34.189,-11.062,0.000,-19.527,-7.702,-3.903,-0.733,-0.036,-0.373
121.392,-54.380,-10.639,0.000,-21.466,-2.734,-2.320,-1.646,-0.056,-0.476
121.399,-54.380,-10.639,0.000,-23.210,-3.471,1.576,-1.558,-0.087,-0.507
121.405,-61.190,-10.849,0.000,-28.235,-4.096,2.057,-1.648,-0.121,-0.956
121.411,-61.190,-10.849,0.000,-32.954,-5.493,1.859,-1.412,-0.149,-1.259
121.417,-86.706,-10.849,0.000,-33.116,-7.420,2.222,-2.679,-0.190,-0.982
121.423,-86.706,-10.849,0.000,-35.685,-7.292,1.363,-2.551,-0.236,-0.992
121.429,-86.706,-10.849,0.000,-39.789,-8.025,0.529,-2.346,-0.278,-1.105
121.436,-107.218,-10.430,0.000,-47.686,-12.617,-2.287,-2.977,-0.336,-1.602
121.442,-112.905,-9.816,0.000,-54.872,-14.852,-3.921,-2.902,-0.393,-1.900
121.449,-112.905,-9.816,0.000,-61.527,-12.602,-3.051,-2.569,-0.447,-2.083
121.455,-153.744,-7.515,0.000,-68.283,-11.542,-2.025,-4.273,-0.506,-2.216
121.462,-169.163,-7.153,0.000,-79.046,-8.752,0.847,-4.506,-0.587,-2.707
121.468,-169.163,-7.153,0.000,-87.779,-13.686,4.684,-4.069,-0.670,-2.902
121.475,-169.163,-7.153,0.000,-92.573,-17.526,6.727,-3.829,-0.747,-2.659
121.481,-200.001,-7.333,0.000,-102.736,-18.515,-0.010,-4.863,-0.842,-2.867
121.488,-200.001,-7.333,0.000,-115.707,-17.316,-8.187,-4.215,-0.929,-3.433
121.494,-200.001,-7.333,0.000,-126.086,-16.319,-5.785,-3.696,-1.006,-3.566
121.501,-226.948,-7.153,0.000,-139.517,-14.906,-3.391,-4.372,-1.079,-4.021
121.507,-226.948,-7.153,0.000,-151.691,-9.807,1.079,-3.763,-1.156,-4.189
121.514,-228.978,-7.153,0.000,-163.994,-10.680,3.316,-3.249,-1.224,-4.321
121.520,-228.978,-7.153,0.000,-174.514,-10.505,3.391,-2.723,-1.280,-4.250
121.527,-228.978,-7.333,0.000,-185.235,-11.692,2.630,-2.187,-1.324,-4.134
121.533,-228.978,-7.153,0.000,-199.116,-9.666,-1.690,-1.493,-1.357,-4.417
121.540,-228.978,-7.153,0.000,-209.800,-8.388,-3.840,-0.959,-1.381,-4.355
121.546,-228.978,-7.153,0.000,-221.740,-7.570,-4.340,-0.362,-1.393,-4.466
121.553,-228.978,-7.153,0.000,-228.935,-10.334,-3.193,-0.002,-1.396,-4.082
121.559,-228.978,-7.333,0.000,-238.339,-10.397,0.186,0.468,-1.390,-3.952
121.566,-228.978,-7.333,0.000,-243.883,-10.797,0.858,0.745,-1.376,-3.444
121.572,-228.978,-7.333,0.000,-248.261,-10.573,-0.324,0.964,-1.358,-2.983
121.579,-226.948,-7.333,0.000,-250.485,-10.241,1.278,1.177,-1.337,-2.467
121.585,-226.948,-7.333,0.000,-252.128,-10.719,0.295,1.259,-1.313,-2.018
121.592,-226.948,-7.333,0.000,-249.100,-12.075,1.239,1.108,-1.289,-1.184
121.598,-226.948,-7.333,0.000,-250.869,-12.651,-1.377,1.196,-1.266,-1.047
121.605,-224.932,-7.153,0.000,-249.238,-9.515,-2.190,1.215,-1.243,-0.649
121.611,-220.944,-7.333,0.000,-248.193,-10.256,-1.861,1.362,-1.218,-0.403
121.618,-211.219,-7.153,0.000,-248.275,-12.243,0.036,1.853,-1.186,-0.345
121.624,-203.686,-7.153,0.000,-245.422,-11.895,1.241,2.087,-1.148,0.025
121.631,-203.686,-7.153,0.000,-247.104,-9.146,-1.311,2.171,-1.106,-0.128
121.637,-203.686,-7.153,0.000,-246.937,-6.833,-2.186,2.163,-1.063,-0.067
121.644,-203.686,-7.153,0.000,-246.845,-7.144,-1.184,2.158,-1.022,-0.027
121.650,-203.686,-7.153,0.000,-248.126,-9.982,0.391,2.222,-0.980,-0.194
121.657,-203.686,-7.153,0.000,-246.237,-10.989,0.113,2.128,-0.938,0.020
121.663,-130.112,-7.153,0.000,-243.844,-12.408,-2.179,5.687,-0.873,0.302
121.670,-130.112,-7.153,0.000,-246.992,-9.934,-1.608,5.844,-0.761,-0.060
121.676,-130.112,-7.153,0.000,-246.777,-13.273,1.340,5.833,-0.645,-0.050
121.683,-130.112,-7.153,0.000,-243.266,-15.951,-0.285,5.658,-0.534,0.257
121.689,-58.390,-7.333,0.000,-238.689,-16.407,-3.534,9.015,-0.355,0.659
121.696,-58.390,-7.333,0.000,-236.437,-10.040,-1.145,8.902,-0.179,0.750
121.702,-58.390,-7.333,0.000,-229.621,-9.274,3.389,8.562,-0.011,1.217
121.709,-10.019,-7.153,0.000,-221.980,-13.910,5.164,10.598,0.166,1.616
121.715,-10.019,-7.153,0.000,-208.467,-11.699,-0.524,9.922,0.362,2.516
121.722,-6.797,-7.333,0.000,-192.645,-8.430,-2.803,9.292,0.553,3.406
121.728,-0.149,-7.153,0.000,-179.767,-5.812,-1.265,8.981,0.712,3.932
121.733,0.000,-7.333,0.000,-165.198,-6.034,-0.176,8.260,0.850,4.647
121.739,0.149,-6.797,0.000,-145.447,-10.142,1.638,7.280,0.975,5.699
121.744,0.149,-6.797,0.000,-129.306,-13.708,3.284,6.473,1.085,6.120
121.749,0.149,-6.621,0.000,-113.493,-15.840,2.201,5.682,1.184,6.456
121.755,0.297,-6.621,0.000,-95.234,-13.725,0.150,4.777,1.267,6.984
121.761,0.297,-6.621,0.000,-79.081,-11.947,-2.609,3.969,1.345,6.872
121.767,0.297,-6.621,0.000,-64.470,-11.888,-2.010,3.238,1.408,6.692
121.773,4.275,-6.974,0.000,-53.261,-13.691,0.350,2.877,1.463,6.153
121.780,6.272,-6.974,0.000,-43.080,-14.640,2.219,2.468,1.514,5.608
121.786,6.272,-6.974,0.000,-34.279,-15.245,1.353,2.028,1.556,5.064
121.793,22.209,-9.615,0.000,-29.089,-11.350,0.487,2.565,1.597,4.295
121.799,22.209,-9.615,0.000,-25.907,-11.349,1.021,2.406,1.644,3.504
121.806,24.587,-9.615,0.000,-23.916,-13.870,0.088,2.425,1.691,2.799
121.812,24.587,-9.615,0.000,-20.834,-12.169,-2.416,2.271,1.737,2.401
121.819,24.587,-9.615,0.000,-19.621,-12.677,-4.394,2.210,1.782,1.961
121.825,24.587,-9.615,0.000,-19.799,-10.239,-3.801,2.219,1.825,1.484
121.832,24.587,-9.615,0.000,-20.500,-10.495,-1.245,2.254,1.868,1.006
121.838,24.587,-9.615,0.000,-18.229,-13.269,0.150,2.141,1.909,0.941
121.844,24.587,-9.615,0.000,-16.877,-12.500,-1.014,2.073,1.950,0.855
121.851,55.033,-10.224,0.000,-12.457,-7.988,-2.406,3.374,2.018,1.101
121.857,61.907,-9.816,0.000,-10.594,-11.710,2.524,3.625,2.087,0.999
121.864,64.839,-7.883,0.000,-5.856,-14.902,3.665,3.535,2.155,1.168
121.870,64.839,-7.883,0.000,1.024,-12.700,1.308,3.191,2.220,1.530
121.877,64.839,-7.883,0.000,8.650,-10.911,1.811,2.809,2.279,1.955
121.883,67.111,-7.153,0.000,15.464,-13.693,2.096,2.582,2.331,2.082
121.890,67.882,-7.153,0.000,25.903,-13.785,0.040,2.099,2.375,2.562
121.896,67.882,-7.153,0.000,36.119,-12.379,1.466,1.588,2.409,2.918
121.903,67.882,-6.974,0.000,48.168,-15.897,1.981,0.986,2.432,3.357
121.909,67.882,-6.621,0.000,58.554,-13.387,-1.165,0.466,2.445,3.493
121.916,67.882,-6.621,0.000,68.705,-10.586,-0.196,-0.041,2.448,3.618
121.922,67.882,-6.621,0.000,78.271,-14.227,0.732,-0.519,2.440,3.594
121.929,67.882,-6.621,0.000,88.214,-14.263,-0.247,-1.017,2.424,3.678
121.935,68.660,-6.272,0.000,95.423,-9.560,-1.145,-1.338,2.400,3.453
121.942,68.660,-6.272,0.000,99.511,-11.471,1.840,-1.543,2.370,2.950
121.948,68.660,-6.272,0.000,106.152,-16.372,5.373,-1.875,2.335,2.824
121.955,68.660,-6.272,0.000,106.538,-11.164,0.882,-1.894,2.299,2.190
121.961,68.660,-6.272,0.000,105.713,-8.152,-1.291,-1.853,2.262,1.541
121.968,68.660,-6.272,0.000,104.247,-10.894,2.614,-1.779,2.226,0.966
121.974,67.882,-6.272,0.000,105.137,-10.155,2.501,-1.863,2.191,0.873
121.981,67.882,-6.272,0.000,100.277,-8.008,-2.631,-1.620,2.158,0.201
121.987,67.882,-6.272,0.000,96.503,-7.153,1.335,-1.431,2.129,-0.225
121.994,67.111,-6.446,0.000,94.840,-7.670,5.219,-1.386,2.102,-0.347
122.000,67.882,-6.446,0.000,91.657,-9.891,1.861,-1.189,2.077,-0.548
122.007,67.882,-6.446,0.000,89.416,-8.075,0.846,-1.077,2.054,-0.670
122.013,67.882,-6.446,0.000,91.294,-7.551,1.629,-1.171,2.033,-0.291
122.020,67.882,-6.446,0.000,88.708,-11.359,1.569,-1.041,2.012,-0.454
122.026,67.882,-6.272,0.000,89.007,-14.439,0.902,-1.056,1.991,-0.336
122.033,67.882,-6.272,0.000,91.463,-13.732,0.132,-1.179,1.968,-0.030
122.039,67.882,-6.272,0.000,92.268,-13.637,1.438,-1.219,1.947,0.142
122.046,67.882,-6.272,0.000,94.294,-16.422,3.206,-1.321,1.921,0.266
122.052,68.660,-6.621,0.000,97.560,-16.320,2.933,-1.445,1.893,0.479
122.059,68.660,-6.621,0.000,102.170,-12.806,2.286,-1.675,1.863,0.846
122.065,69.445,-6.974,0.000,103.666,-16.471,3.660,-1.711,1.830,0.791
122.072,69.445,-6.974,0.000,106.515,-19.648,3.040,-1.854,1.795,0.861
122.078,70.237,-6.974,0.000,110.760,-15.704,1.918,-2.026,1.756,1.042
122.085,70.237,-6.974,0.000,112.978,-13.762,0.955,-2.137,1.717,1.039
122.091,70.237,-6.974,0.000,114.292,-17.840,3.038,-2.203,1.674,0.884
122.098,70.237,-6.974,0.000,115.707,-16.084,3.024,-2.273,1.629,0.779
122.104,70.237,-6.974,0.000,118.007,-10.213,-1.091,-2.389,1.584,0.834
122.111,70.237,-6.974,0.000,118.294,-10.925,1.239,-2.403,1.536,0.641
122.117,70.237,-6.974,0.000,117.941,-12.131,3.194,-2.385,1.489,0.414
122.124,70.237,-6.974,0.000,119.874,-10.976,1.071,-2.482,1.443,0.529
122.130,70.237,-6.974,0.000,117.144,-8.690,0.332,-2.345,1.396,0.144
122.137,70.237,-6.974,0.000,115.546,-9.442,2.902,-2.265,1.351,-0.060
122.143,114.070,-6.974,0.000,118.193,-8.872,5.889,-0.206,1.348,0.194
122.150,114.070,-6.974,0.000,115.964,-9.585,1.418,-0.095,1.347,0.003
122.156,114.070,-6.974,0.000,113.520,-7.369,0.537,0.027,1.346,-0.236
122.163,132.732,-6.974,0.000,114.114,-6.511,0.848,0.931,1.353,-0.111
122.169,132.732,-6.974,0.000,114.144,-7.842,2.296,0.929,1.371,-0.073
122.176,134.057,-6.974,0.000,118.660,-13.164,1.789,0.770,1.387,0.366
122.182,134.057,-6.974,0.000,119.260,-10.083,0.090,0.740,1.402,0.333
122.189,134.057,-6.974,0.000,125.428,-6.011,1.369,0.431,1.413,0.869
122.195,135.393,-6.974,0.000,125.915,-11.120,2.736,0.474,1.422,0.711
122.202,135.393,-6.974,0.000,132.708,-15.174,2.873,0.134,1.427,1.171
122.208,138.097,-6.974,0.000,138.910,-6.603,0.708,-0.041,1.425,1.452
122.214,138.097,-6.974,0.000,147.035,-8.771,1.848,-0.447,1.420,1.908
122.221,138.097,-6.974,0.000,152.554,-11.513,3.908,-0.723,1.408,1.959
122.227,138.097,-6.974,0.000,158.447,-12.752,2.585,-1.018,1.390,2.056
122.234,138.097,-6.974,0.000,165.757,-7.505,-0.946,-1.383,1.365,2.210
122.240,138.097,-6.974,0.000,170.659,-7.723,2.056,-1.628,1.336,2.184
122.247,135.393,-6.974,0.000,175.072,-10.141,3.151,-1.984,1.299,2.043
122.253,135.393,-6.974,0.000,178.337,-8.757,1.923,-2.147,1.258,1.816
122.260,134.057,-6.974,0.000,182.904,-5.779,-0.426,-2.442,1.212,1.811
122.266,134.057,-6.974,0.000,181.235,-6.247,1.784,-2.359,1.166,1.225
122.273,134.057,-6.974,0.000,179.959,-6.119,3.435,-2.295,1.120,0.755
122.279,134.057,-6.974,0.000,183.903,-6.872,0.491,-2.492,1.073,0.936
122.286,130.112,-7.153,0.000,182.110,-8.461,-0.802,-2.600,1.026,0.580
122.292,130.112,-7.153,0.000,179.074,-7.770,0.468,-2.448,0.977,0.173
122.299,131.417,-7.153,0.000,174.635,-6.541,-0.926,-2.161,0.935,-0.371
122.305,131.417,-7.153,0.000,170.491,-9.522,-1.020,-1.954,0.897,-0.756
122.311,131.417,-7.515,0.000,167.564,-12.542,1.989,-1.807,0.863,-0.883
122.317,131.417,-8.069,0.000,165.113,-13.478,3.052,-1.685,0.833,-0.902
122.322,131.417,-8.069,0.000,161.594,-13.197,-0.579,-1.509,0.806,-1.000
122.328,131.417,-8.069,0.000,158.487,-11.537,-3.070,-1.353,0.781,-1.043
122.335,130.112,-9.816,0.000,154.704,-11.103,-0.769,-1.230,0.757,-1.150
122.341,130.112,-10.224,0.000,153.277,-11.029,0.589,-1.158,0.734,-1.012
122.348,112.905,-12.155,0.000,152.456,-13.641,1.128,-1.978,0.707,-0.833
122.354,112.905,-12.155,0.000,151.386,-16.282,-1.204,-1.924,0.670,-0.719
122.360,98.596,-13.068,0.000,154.733,-8.471,-2.377,-2.807,0.617,-0.220
122.367,98.596,-13.068,0.000,153.670,-13.503,0.076,-2.754,0.563,-0.267
122.373,98.596,-13.068,0.000,154.661,-17.181,1.673,-2.803,0.509,-0.114
122.380,50.592,-13.777,0.000,155.494,-13.193,-2.584,-5.245,0.424,-0.019
122.386,50.592,-13.777,0.000,154.319,-7.906,-5.787,-5.186,0.320,-0.107
122.393,50.592,-13.777,0.000,151.265,-13.716,0.916,-5.034,0.221,-0.380
122.399,50.592,-13.777,0.000,150.975,-14.133,1.070,-5.019,0.124,-0.335
122.406,33.739,-11.062,0.000,148.299,-15.471,-2.711,-5.728,0.014,-0.475
122.412,33.739,-11.062,0.000,139.218,-14.822,-1.681,-5.274,-0.091,-1.207
122.419,33.739,-11.062,0.000,133.702,-10.813,-1.137,-4.998,-0.189,-1.431
122.425,20.615,-7.333,0.000,123.284,-13.986,0.973,-5.133,-0.284,-2.097
122.432,18.231,-7.153,0.000,115.613,-15.628,2.618,-4.869,-0.382,-2.297
122.438,18.231,-7.153,0.000,103.277,-16.334,-3.226,-4.252,-0.466,-2.858
122.445,18.231,-7.153,0.000,90.749,-14.429,-3.656,-3.626,-0.542,-3.372
122.451,5.928,-5.758,0.000,81.880,-12.495,-2.055,-3.798,-0.619,-3.387
122.458,5.928,-5.758,0.000,70.128,-14.671,-2.922,-3.210,-0.685,-3.666
122.464,0.297,-2.096,0.000,59.463,-16.288,0.559,-2.958,-0.742,-3.813
122.470,0.000,-1.192,0.000,53.563,-16.353,0.777,-2.678,-0.791,-3.442
122.475,0.000,-1.192,0.000,45.650,-16.535,3.417,-2.282,-0.826,-3.443
122.482,0.000,-1.192,0.000,36.219,-16.524,-1.283,-1.811,-0.863,-3.385
122.488,0.000,-3.325,0.000,27.790,-12.277,0.417,-1.389,-0.894,-3.275
122.494,0.000,-3.325,0.000,22.974,-10.507,-1.351,-1.149,-0.915,-3.059
122.499,0.000,-3.325,0.000,18.545,-6.455,-3.092,-0.927,-0.932,-2.837
122.505,0.000,-5.089,0.000,18.220,-6.304,-4.008,-0.911,-0.947,-2.189
122.510,0.000,-6.272,0.000,19.007,-6.828,-4.132,-0.950,-0.962,-1.555
122.516,0.000,-6.272,0.000,19.416,-7.191,-5.191,-0.971,-0.978,-1.130
122.521,0.000,-6.272,0.000,18.655,-9.354,-4.777,-0.933,-0.994,-0.937
122.527,0.000,-7.515,0.000,18.177,-12.764,-3.487,-0.909,-1.008,-0.733
122.532,0.000,-7.883,0.000,18.710,-11.484,-3.044,-0.935,-1.023,-0.467
122.538,0.000,-7.883,0.000,20.779,-8.484,-2.070,-1.039,-1.039,-0.094
122.543,0.000,-7.883,0.000,20.959,-7.941,-2.262,-1.048,-1.056,-0.034
122.548,0.000,-11.062,0.000,19.270,-8.302,-2.543,-0.963,-1.071,-0.180
122.554,0.000,-11.062,0.000,18.399,-9.961,-3.120,-0.920,-1.085,-0.155
122.559,0.000,-11.062,0.000,17.169,-12.115,-2.078,-0.858,-1.100,-0.240
122.565,0.000,-11.062,0.000,14.965,-14.358,-0.895,-0.748,-1.113,-0.438
122.570,-0.149,-17.387,0.000,12.352,-13.947,-1.350,-0.625,-1.124,-0.669
122.576,-0.149,-17.387,0.000,9.587,-14.054,-1.291,-0.487,-1.134,-0.893
122.581,-0.149,-17.387,0.000,6.499,-13.104,-0.187,-0.332,-1.142,-1.122
122.586,-0.744,-19.102,0.000,3.946,-12.033,-0.767,-0.235,-1.148,-1.214
122.593,-2.096,-18.808,0.000,2.423,-13.466,-4.246,-0.226,-1.152,-1.066
122.599,-2.096,-18.808,0.000,-0.248,-12.731,-4.254,-0.092,-1.155,-1.069
122.606,-2.096,-18.808,0.000,-3.332,-11.141,-1.070,0.062,-1.154,-1.108
122.612,-3.639,-20.306,0.000,-7.803,-11.831,-0.886,0.208,-1.152,-1.288
122.618,-3.639,-20.306,0.000,-10.530,-13.014,-1.621,0.345,-1.147,-1.283
122.624,-3.796,-21.243,0.000,-12.199,-13.334,-2.234,0.420,-1.140,-1.138
122.631,-3.796,-21.243,0.000,-14.229,-9.131,-4.378,0.522,-1.129,-1.014
122.637,-3.955,-21.884,0.000,-21.318,-13.080,-1.391,0.868,-1.115,-1.440
122.644,-3.955,-21.884,0.000,-22.500,-18.215,-1.147,0.927,-1.097,-1.204
122.650,-3.955,-21.884,0.000,-22.479,-13.213,-6.339,0.926,-1.079,-0.912
122.657,-4.760,-23.207,0.000,-25.529,-16.360,-3.460,1.038,-1.059,-0.954
122.663,-5.255,-23.890,0.000,-27.031,-23.081,3.491,1.089,-1.038,-0.865
122.670,-5.255,-23.890,0.000,-25.854,-20.830,-2.524,1.030,-1.018,-0.526
122.676,-5.255,-23.890,0.000,-26.824,-18.839,-3.778,1.078,-0.997,-0.470
122.683,-7.698,-24.236,0.000,-29.049,-21.804,-1.682,1.068,-0.978,-0.586
122.689,-8.256,-23.890,0.000,-25.198,-22.821,-2.949,0.847,-0.960,-0.091
122.696,-8.256,-23.890,0.000,-26.037,-20.712,-5.715,0.889,-0.942,-0.119
122.702,-10.849,-24.941,0.000,-25.899,-22.607,-2.995,0.752,-0.926,-0.070
122.708,-10.849,-24.941,0.000,-26.483,-24.363,0.501,0.782,-0.913,-0.171
122.714,-10.849,-24.941,0.000,-23.895,-24.285,0.290,0.652,-0.902,0.091
122.720,-12.380,-24.587,0.000,-22.226,-22.402,-4.131,0.492,-0.892,0.225
122.727,-13.302,-25.299,0.000,-22.683,-22.101,-2.944,0.469,-0.882,0.161
122.733,-13.302,-25.299,0.000,-24.387,-22.894,0.748,0.554,-0.872,-0.071
122.740,-16.038,-23.890,0.000,-23.666,-23.044,-3.570,0.381,-0.863,-0.003
122.746,-16.038,-23.890,0.000,-22.698,-21.189,-3.039,0.333,-0.856,0.102
122.753,-17.112,-23.207,0.000,-26.568,-21.445,2.086,0.473,-0.848,-0.280
122.759,-22.209,-22.209,0.000,-28.033,-21.384,-0.419,0.291,-0.843,-0.363
122.765,-24.236,-21.561,0.000,-30.811,-20.335,-3.128,0.329,-0.838,-0.576
122.772,-26.026,-21.561,0.000,-33.098,-20.033,-1.299,0.354,-0.830,-0.628
122.778,-33.295,-21.243,0.000,-36.904,-21.359,1.249,0.180,-0.822,-0.819
122.785,-33.295,-21.243,0.000,-41.997,-21.773,-1.997,0.435,-0.815,-1.107
122.791,-37.951,-21.243,0.000,-44.598,-21.038,-2.296,0.332,-0.811,-1.113
122.798,-37.951,-21.243,0.000,-46.967,-20.014,-1.146,0.451,-0.802,-1.049
122.804,-49.377,-20.306,0.000,-50.184,-21.610,-0.226,0.040,-0.798,-1.081
122.811,-52.459,-19.398,0.000,-52.849,-23.343,-0.656,0.019,-0.799,-1.096
122.817,-64.096,-16.569,0.000,-53.017,-20.363,0.378,-0.554,-0.802,-0.858
122.824,-75.985,-15.261,0.000,-53.850,-20.971,0.004,-1.107,-0.815,-0.668
122.831,-75.985,-15.261,0.000,-57.454,-22.675,-0.868,-0.927,-0.835,-0.859
122.837,-75.985,-15.261,0.000,-59.796,-21.476,-2.734,-0.809,-0.851,-0.865
122.844,-75.985,-15.261,0.000,-61.844,-17.816,-4.346,-0.707,-0.866,-0.849
122.850,-93.494,-13.777,0.000,-67.614,-21.654,-2.291,-1.294,-0.887,-1.187
122.856,-93.494,-13.777,0.000,-70.333,-23.470,-1.962,-1.158,-0.910,-1.151
122.863,-93.494,-14.018,0.000,-74.279,-18.865,-3.538,-0.961,-0.930,-1.248
122.869,-93.494,-14.018,0.000,-80.563,-18.255,-3.334,-0.647,-0.944,-1.499
122.876,-93.494,-14.262,0.000,-85.548,-19.347,0.028,-0.397,-0.954,-1.631
122.882,-94.497,-14.262,0.000,-90.870,-15.296,-1.607,-0.181,-0.959,-1.726
122.889,-94.497,-14.262,0.000,-94.926,-14.023,-1.715,0.021,-0.960,-1.666
122.895,-94.497,-14.018,0.000,-100.861,-16.112,1.009,0.318,-0.956,-1.846
122.902,-94.497,-14.262,0.000,-105.206,-15.243,-1.240,0.535,-0.947,-1.796
122.908,-94.497,-14.262,0.000,-109.846,-10.868,-5.458,0.767,-0.933,-1.798
122.915,-93.494,-14.262,0.000,-114.734,-11.224,-2.095,1.062,-0.914,-1.826
122.921,-93.494,-14.262,0.000,-116.055,-9.978,-1.702,1.128,-0.894,-1.542
122.928,-93.494,-14.262,0.000,-117.934,-8.813,-5.293,1.222,-0.871,-1.326
122.934,-95.509,-14.262,0.000,-118.438,-10.232,-2.260,1.146,-0.847,-1.009
122.941,-95.509,-14.262,0.000,-121.018,-13.248,4.385,1.275,-0.823,-1.008
122.947,-97.558,-14.018,0.000,-122.641,-13.727,-2.026,1.254,-0.798,-0.903
122.954,-97.558,-14.018,0.000,-122.446,-8.513,-5.682,1.244,-0.774,-0.679
122.960,-97.558,-13.539,0.000,-123.410,-11.431,-0.690,1.293,-0.748,-0.585
122.967,-99.643,-12.836,0.000,-122.123,-14.163,1.398,1.124,-0.726,-0.314
122.973,-99.643,-12.607,0.000,-124.123,-12.289,-3.098,1.224,-0.703,-0.429
122.980,-99.643,-12.607,0.000,-123.878,-13.767,0.699,1.212,-0.680,-0.315
122.986,-99.643,-12.607,0.000,-122.359,-15.603,-1.091,1.136,-0.658,-0.106
122.992,-99.643,-12.607,0.000,-121.953,-15.747,-4.228,1.116,-0.636,-0.012
122.999,-103.917,-11.493,0.000,-122.378,-14.555,-4.349,0.923,-0.617,-0.025
123.006,-103.917,-11.493,0.000,-123.831,-19.498,0.265,0.996,-0.598,-0.169
123.012,-109.465,-10.639,0.000,-122.232,-20.778,-0.754,0.638,-0.585,0.001
123.018,-111.749,-10.019,0.000,-123.052,-16.830,-3.839,0.565,-0.574,-0.110
123.025,-111.749,-10.019,0.000,-123.931,-18.185,-2.283,0.609,-0.562,-0.164
123.031,-111.749,-10.019,0.000,-124.356,-18.906,-0.324,0.630,-0.550,-0.159
123.038,-116.430,-8.829,0.000,-127.173,-16.503,-3.816,0.537,-0.540,-0.376
123.044,-116.430,-8.829,0.000,-129.100,-13.911,-3.803,0.634,-0.529,-0.493
123.051,-116.430,-8.829,0.000,-132.055,-15.892,-0.394,0.781,-0.515,-0.676
123.057,-115.245,-7.515,0.000,-133.931,-14.241,-1.710,0.934,-0.497,-0.649
123.064,-115.245,-7.153,0.000,-138.611,-9.746,-3.658,1.168,-0.476,-0.921
123.070,-115.245,-7.153,0.000,-143.407,-7.863,-2.753,1.408,-0.450,-1.169
123.077,-115.245,-7.153,0.000,-141.831,-8.991,-1.106,1.329,-0.425,-0.752
123.083,-115.245,-7.153,0.000,-142.998,-7.686,-5.270,1.388,-0.397,-0.626
123.090,-115.245,-7.153,0.000,-146.095,-1.936,-6.939,1.542,-0.368,-0.747
123.096,-115.245,-7.153,0.000,-150.383,-4.829,-1.820,1.757,-0.334,-0.977
123.103,-115.245,-7.153,0.000,-149.655,-8.833,-0.244,1.720,-0.301,-0.681
123.109,-115.245,-7.153,0.000,-149.720,-4.764,-3.973,1.724,-0.268,-0.528
123.116,-115.245,-7.153,0.000,-150.697,-8.500,0.352,1.773,-0.234,-0.483
123.122,-115.245,-7.153,0.000,-148.076,-9.762,0.558,1.642,-0.202,-0.125
123.129,-115.245,-7.153,0.000,-148.912,-6.998,-3.308,1.683,-0.169,-0.159
123.135,-115.245,-6.974,0.000,-150.014,-10.391,-1.312,1.738,-0.135,-0.216
123.142,-115.245,-6.974,0.000,-148.090,-15.139,3.317,1.642,-0.103,-0.022
123.148,-115.245,-6.974,0.000,-144.772,-13.216,-1.590,1.476,-0.073,0.301
123.155,-115.245,-6.974,0.000,-142.286,-5.402,-4.723,1.352,-0.046,0.476
123.161,-112.905,-6.797,0.000,-144.953,-7.217,-3.773,1.602,-0.015,0.116
123.167,-112.905,-6.797,0.000,-139.092,-9.795,-2.640,1.309,0.012,0.634
123.174,-112.905,-6.797,0.000,-140.041,-4.893,-4.050,1.357,0.038,0.407
123.180,-87.651,-6.621,0.000,-138.005,-3.365,-3.330,2.518,0.079,0.505
123.187,-80.316,-6.621,0.000,-136.828,-7.602,-3.688,2.826,0.131,0.458
123.194,-80.316,-6.621,0.000,-133.504,-4.248,-2.825,2.659,0.184,0.679
123.200,-80.316,-6.621,0.000,-132.303,-1.347,-0.091,2.599,0.235,0.639
123.206,-48.778,-6.797,0.000,-130.692,-4.780,-1.190,4.096,0.315,0.641
123.213,-48.778,-6.797,0.000,-128.231,-3.717,-3.193,3.973,0.394,0.713
123.219,-48.778,-6.797,0.000,-124.040,-2.038,-1.270,3.763,0.469,0.942
123.226,-48.778,-6.797,0.000,-120.050,-2.556,-0.877,3.564,0.539,1.092
123.232,-48.778,-6.797,0.000,-115.492,0.208,-3.592,3.336,0.606,1.250
123.239,-48.778,-6.797,0.000,-109.963,1.393,-2.613,3.059,0.669,1.481
123.246,-48.778,-6.797,0.000,-108.015,-2.020,0.306,2.962,0.726,1.276
123.252,-14.757,-6.797,0.000,-101.463,-0.896,-1.650,4.335,0.813,1.587
123.259,-13.777,-6.446,0.000,-93.268,3.542,-5.314,3.975,0.894,1.987
123.265,-13.777,-6.100,0.000,-89.757,-1.068,-2.200,3.799,0.969,1.832
123.272,-13.777,-6.100,0.000,-82.649,-1.521,-0.718,3.444,1.038,2.050
123.278,-11.711,-5.089,0.000,-74.067,2.562,0.688,3.118,1.101,2.389
123.285,-11.711,-5.089,0.000,-68.986,-0.322,4.153,2.864,1.160,2.322
123.291,-10.019,-5.089,0.000,-61.118,-3.253,2.427,2.555,1.212,2.508
123.298,-10.019,-5.089,0.000,-51.881,-1.235,-0.079,2.093,1.255,2.748
123.304,-4.436,-5.421,0.000,-44.825,-0.934,-0.768,2.019,1.295,2.778
123.310,-1.642,-6.100,0.000,-38.892,-2.521,-4.277,1.862,1.332,2.664
123.317,-1.642,-6.100,0.000,-32.489,0.293,-3.364,1.542,1.364,2.622
123.323,-1.642,-6.100,0.000,-27.768,0.317,-1.903,1.306,1.391,2.442
123.329,0.000,-6.797,0.000,-22.732,-0.531,0.063,1.137,1.412,2.362
123.335,0.000,-6.797,0.000,-20.147,-1.102,2.120,1.007,1.429,2.024
123.340,0.000,-6.797,0.000,-17.888,-0.480,1.249,0.894,1.444,1.765
123.346,0.000,-6.797,0.000,-15.581,-1.053,3.111,0.779,1.457,1.602
123.351,0.000,-5.758,0.000,-13.402,0.740,1.607,0.670,1.469,1.474
123.356,0.000,-5.758,0.000,-11.088,1.123,-0.641,0.554,1.480,1.411
123.362,0.000,-5.758,0.000,-9.970,0.185,-3.916,0.498,1.489,1.209
123.367,0.149,-4.760,0.000,-10.257,1.403,-6.052,0.520,1.498,0.916
123.373,0.297,-4.760,0.000,-11.363,3.129,-6.614,0.583,1.508,0.616
123.379,0.297,-4.760,0.000,-11.845,2.497,-2.516,0.607,1.519,0.425
123.385,0.297,-4.760,0.000,-11.289,3.382,1.455,0.579,1.530,0.374
123.391,2.706,-4.760,0.000,-12.605,2.524,2.949,0.766,1.543,0.121
123.398,5.758,-4.760,0.000,-11.765,2.571,-0.433,0.876,1.559,0.165
123.404,5.758,-4.760,0.000,-7.560,3.992,0.105,0.666,1.573,0.543
123.411,10.849,-4.760,0.000,-7.220,4.582,1.569,0.903,1.588,0.454
123.416,10.849,-4.760,0.000,-5.609,3.068,1.161,0.823,1.603,0.492
123.423,10.849,-4.760,0.000,-2.313,3.009,-0.024,0.658,1.616,0.713
123.429,10.849,-4.760,0.000,1.648,2.208,-3.028,0.460,1.626,0.985
123.435,25.660,-4.760,0.000,3.003,5.332,-3.584,1.133,1.643,0.885
123.441,27.911,-4.760,0.000,5.042,5.593,-0.734,1.143,1.664,0.848
123.448,27.911,-4.760,0.000,11.021,4.945,-0.198,0.844,1.681,1.196
123.454,27.911,-4.760,0.000,16.545,5.670,-1.805,0.568,1.696,1.488
123.460,39.442,-4.760,0.000,19.158,10.331,-3.105,1.014,1.716,1.384
123.467,42.560,-4.760,0.000,19.295,7.440,2.633,1.163,1.737,1.029
123.473,42.560,-4.760,0.000,27.043,2.680,4.460,0.776,1.754,1.491
123.480,42.560,-4.760,0.000,32.093,5.825,-1.581,0.523,1.767,1.643
123.486,42.560,-4.760,0.000,34.569,9.332,-0.843,0.400,1.776,1.502
123.493,42.560,-4.760,0.000,40.019,7.409,1.347,0.127,1.780,1.634
123.499,89.565,-4.760,0.000,45.932,5.250,2.119,2.182,1.823,1.783
123.506,95.509,-4.760,0.000,48.822,7.344,-0.612,2.334,1.870,1.650
123.512,95.509,-4.760,0.000,52.368,9.752,-2.654,2.157,1.912,1.563
123.518,117.624,-4.436,0.000,57.306,9.065,0.516,3.016,1.957,1.622
123.525,117.624,-4.436,0.000,62.931,7.589,2.545,2.735,2.012,1.714
123.531,117.624,-4.436,0.000,69.300,7.342,-0.937,2.416,2.062,1.937
123.538,136.740,-3.796,0.000,73.379,8.680,-0.147,3.168,2.126,1.883
123.544,136.740,-3.796,0.000,77.423,7.123,2.881,2.966,2.184,1.781
123.551,139.465,-3.325,0.000,85.437,5.162,2.940,2.701,2.238,2.095
123.557,139.465,-2.860,0.000,95.148,6.654,-2.632,2.216,2.284,2.515
123.564,139.465,-2.860,0.000,101.843,12.144,-1.242,1.881,2.324,2.577
123.570,139.465,-2.860,0.000,105.975,8.516,3.035,1.674,2.357,2.327
123.577,139.465,-2.860,0.000,118.165,5.011,3.357,1.065,2.382,2.891
123.583,143.633,-1.642,0.000,125.037,13.163,-2.050,0.930,2.401,2.818
123.590,143.633,-1.492,0.000,134.186,19.300,-2.492,0.472,2.414,3.026
123.596,143.633,-1.492,0.000,138.852,16.633,-2.397,0.239,2.420,2.727
123.603,143.633,-1.492,0.000,147.348,14.343,0.013,-0.186,2.419,2.859
123.609,152.266,-1.492,0.000,154.549,18.045,-0.305,-0.114,2.414,2.845
123.616,152.266,-1.492,0.000,160.802,20.329,0.008,-0.427,2.409,2.775
123.622,152.266,-1.492,0.000,164.089,17.330,2.077,-0.591,2.398,2.400
123.629,152.266,-1.492,0.000,169.446,18.288,-0.820,-0.859,2.383,2.304
123.635,164.414,-1.642,0.000,173.207,20.878,-2.249,-0.440,2.372,2.099
123.642,164.414,-1.642,0.000,174.127,20.451,-0.956,-0.486,2.364,1.722
123.648,174.021,-1.642,0.000,174.067,18.168,2.088,-0.002,2.356,1.246
123.655,174.021,-1.642,0.000,177.733,17.933,2.094,-0.186,2.353,1.241
123.661,174.021,-1.642,0.000,178.590,18.101,-0.372,-0.228,2.349,1.036
123.668,172.390,-1.642,0.000,179.520,18.902,0.568,-0.357,2.343,0.905
123.674,172.390,-1.642,0.000,181.313,20.333,2.895,-0.446,2.335,0.847
123.681,172.390,-1.642,0.000,183.655,18.192,2.951,-0.563,2.325,0.856
123.687,172.390,-1.492,0.000,185.636,16.795,-0.084,-0.662,2.313,0.867
123.694,172.390,-1.492,0.000,186.060,18.356,-1.659,-0.684,2.300,0.682
123.700,172.390,-1.342,0.000,191.387,18.224,0.301,-0.950,2.283,1.031
123.706,172.390,-1.342,0.000,193.146,17.451,2.112,-1.038,2.264,0.967
123.713,172.390,-1.192,0.000,196.740,15.610,2.295,-1.218,2.241,1.015
123.719,172.390,-1.192,0.000,201.753,12.931,2.253,-1.468,2.216,1.261
123.725,172.390,-1.192,0.000,207.354,14.204,0.338,-1.748,2.186,1.507
123.731,172.390,-1.192,0.000,211.021,17.792,-1.137,-1.932,2.152,1.524
123.737,172.390,-1.192,0.000,212.951,19.627,-3.208,-2.028,2.118,1.393
123.743,172.390,-1.192,0.000,211.796,20.498,-2.955,-1.970,2.083,0.956
123.749,172.390,-1.192,0.000,210.205,19.877,-0.270,-1.891,2.047,0.506
123.755,172.390,-1.192,0.000,211.066,18.177,2.817,-1.934,2.012,0.418
123.761,170.770,-1.192,0.000,213.343,18.798,3.181,-2.129,1.973,0.545
123.767,170.770,-1.192,0.000,216.138,17.689,0.702,-2.268,1.934,0.733
123.773,170.770,-1.192,0.000,214.305,16.991,-1.288,-2.177,1.895,0.384
123.779,170.770,-1.192,0.000,213.646,19.578,-1.027,-2.144,1.855,0.203
123.785,170.770,-1.192,0.000,215.266,22.750,-0.584,-2.225,1.815,0.297
123.791,170.770,-1.192,0.000,215.990,25.177,-0.793,-2.261,1.776,0.349
123.797,92.499,-1.043,0.000,214.598,25.663,-0.233,-6.105,1.688,0.140
123.804,92.499,-1.043,0.000,213.231,23.815,2.058,-6.037,1.566,-0.074
123.810,51.831,-1.043,0.000,212.688,23.663,2.016,-8.043,1.437,-0.145
123.816,51.831,-1.043,0.000,208.883,22.466,-2.104,-7.853,1.285,-0.423
123.823,40.978,-1.043,0.000,201.993,22.219,-2.141,-8.051,1.128,-0.941
123.829,40.978,-1.043,0.000,194.501,23.206,-0.660,-7.676,0.975,-1.454
123.836,26.395,-0.893,0.000,185.969,23.888,-1.216,-7.979,0.822,-1.972
123.842,24.587,-0.893,0.000,175.547,20.162,4.418,-7.548,0.676,-2.540
123.848,24.587,-0.893,0.000,164.442,22.535,5.436,-6.993,0.540,-3.023
123.855,24.587,-0.893,0.000,151.167,20.906,2.617,-6.329,0.414,-3.540
123.861,10.224,-0.893,0.000,135.465,17.942,4.245,-6.262,0.290,-4.211
123.867,8.446,-0.893,0.000,123.623,20.385,2.816,-5.759,0.179,-4.291
123.874,8.446,-0.893,0.000,107.363,21.014,0.098,-4.946,0.082,-4.784
123.880,3.169,-0.893,0.000,92.066,20.365,0.294,-4.445,-0.003,-5.091
123.886,3.169,-0.893,0.000,79.803,19.853,-0.669,-3.832,-0.079,-5.040
123.893,3.169,-0.893,0.000,66.472,17.941,-2.038,-3.165,-0.143,-5.097
123.898,0.000,-0.744,0.000,57.406,15.791,-3.108,-2.870,-0.196,-4.735
123.904,0.000,-0.744,0.000,49.255,14.075,-3.422,-2.463,-0.238,-4.439
123.909,0.000,-0.744,0.000,42.262,11.025,-0.991,-2.113,-0.274,-4.084
123.915,0.000,-0.744,0.000,37.489,13.519,2.439,-1.874,-0.305,-3.571
123.920,0.000,-0.744,0.000,33.984,11.943,7.099,-1.699,-0.332,-2.981
123.926,0.000,-0.744,0.000,30.617,15.152,6.314,-1.531,-0.355,-2.524
123.931,0.000,-0.744,0.000,29.406,17.065,3.547,-1.470,-0.378,-1.931
123.936,-0.149,-0.893,0.000,27.958,17.415,3.251,-1.405,-0.399,-1.525
123.942,-0.297,-0.893,0.000,27.435,18.034,4.386,-1.387,-0.421,-1.150
123.948,-1.642,-0.893,0.000,28.622,19.354,2.267,-1.513,-0.445,-0.700
123.954,-1.642,-0.893,0.000,30.618,20.331,-4.312,-1.613,-0.475,-0.315
123.960,-3.639,-0.893,0.000,33.652,21.191,-5.789,-1.864,-0.509,0.066
123.966,-4.114,-0.893,0.000,34.041,23.040,-5.599,-1.908,-0.544,0.069
123.973,-4.114,-0.893,0.000,35.309,24.556,-2.818,-1.971,-0.581,0.180
123.979,-4.114,-0.893,0.000,34.224,28.739,0.092,-1.917,-0.618,0.024
123.986,-4.114,-0.893,0.000,30.846,25.323,5.198,-1.748,-0.654,-0.327
123.992,-10.019,-0.744,0.000,28.785,22.462,4.343,-1.940,-0.692,-0.436
123.998,-10.849,-0.744,0.000,26.917,24.461,2.759,-1.888,-0.725,-0.402
124.004,-10.849,-0.744,0.000,20.836,24.312,0.105,-1.584,-0.752,-0.807
124.010,-15.261,-0.744,0.000,11.527,23.550,-1.933,-1.339,-0.775,-1.520
124.017,-15.261,-0.744,0.000,4.617,18.598,-3.250,-0.994,-0.796,-1.782
124.023,-18.808,-0.744,0.000,-0.520,15.630,-2.735,-0.914,-0.815,-1.842
124.030,-18.808,-0.744,0.000,-7.049,14.726,-3.921,-0.588,-0.830,-2.038
124.036,-22.871,-0.744,0.000,-13.247,16.172,-2.633,-0.481,-0.840,-2.135
124.043,-23.890,-0.744,0.000,-18.414,16.398,1.544,-0.274,-0.847,-2.123
124.049,-23.890,-0.744,0.000,-22.025,18.213,4.829,-0.093,-0.850,-1.939
124.055,-23.890,-0.744,0.000,-26.311,20.750,3.063,0.121,-0.849,-1.863
124.062,-31.138,-0.744,0.000,-31.938,15.478,2.392,0.040,-0.850,-1.924
124.068,-36.504,-0.744,0.000,-33.733,11.120,0.064,-0.139,-0.854,-1.635
124.075,-39.442,-0.744,0.000,-33.877,11.276,-1.022,-0.278,-0.857,-1.201
124.082,-43.099,-0.744,0.000,-37.132,11.284,-4.404,-0.298,-0.861,-1.139
124.088,-43.099,-0.744,0.000,-39.373,14.334,-5.965,-0.186,-0.867,-1.123
124.095,-48.778,-0.744,0.000,-40.783,17.472,-1.353,-0.400,-0.871,-0.967
124.101,-48.778,-0.744,0.000,-45.239,15.349,2.492,-0.177,-0.876,-1.152
124.108,-51.209,-0.744,0.000,-45.072,14.237,5.078,-0.307,-0.884,-0.920
124.114,-55.692,-0.744,0.000,-46.417,15.526,3.480,-0.464,-0.893,-0.815
124.121,-59.080,-0.744,0.000,-46.293,13.056,-0.689,-0.639,-0.904,-0.585
124.127,-59.080,-0.744,0.000,-49.556,9.329,-2.519,-0.476,-0.914,-0.723
124.134,-59.080,-0.744,0.000,-50.349,9.219,-4.229,-0.437,-0.923,-0.613
124.140,-59.080,-0.744,0.000,-54.950,11.231,-2.316,-0.207,-0.928,-0.902
124.147,-59.080,-0.744,0.000,-59.011,13.255,-1.289,-0.003,-0.929,-1.042
124.153,-59.080,-0.744,0.000,-63.429,16.653,2.090,0.217,-0.928,-1.239
124.160,-82.102,-0.595,0.000,-67.893,14.332,5.659,-0.710,-0.937,-1.436
124.166,-85.769,-0.595,0.000,-69.365,12.832,6.822,-0.820,-0.952,-1.288
124.172,-87.651,-0.595,0.000,-71.840,13.260,8.254,-0.791,-0.967,-1.242
124.178,-87.651,-0.595,0.000,-74.492,15.072,7.863,-0.658,-0.978,-1.149
124.184,-91.513,-0.595,0.000,-77.325,16.612,5.830,-0.709,-0.990,-1.095
124.190,-91.513,-0.595,0.000,-82.733,17.436,4.514,-0.439,-0.999,-1.351
124.196,-91.513,-0.595,0.000,-87.057,17.154,2.558,-0.223,-1.004,-1.434
124.202,-91.513,-0.595,0.000,-91.014,17.956,0.730,-0.025,-1.005,-1.475
124.208,-91.513,-0.595,0.000,-95.950,17.761,0.510,0.222,-1.003,-1.639
124.214,-106.109,-0.595,0.000,-99.475,18.249,0.546,-0.332,-1.010,-1.565
124.220,-109.465,-0.595,0.000,-101.706,17.714,1.937,-0.388,-1.015,-1.381
124.226,-109.465,-0.595,0.000,-103.984,17.982,2.500,-0.274,-1.019,-1.193
124.232,-109.465,-0.595,0.000,-107.113,16.831,2.986,-0.118,-1.020,-1.128
124.238,-115.245,-0.595,0.000,-109.487,16.530,3.560,-0.288,-1.024,-1.004
124.244,-115.245,-0.595,0.000,-112.703,17.255,5.002,-0.127,-1.027,-1.072
124.250,-123.743,-0.595,0.000,-117.028,16.698,4.133,-0.336,-1.029,-1.232
124.256,-131.417,-0.446,0.000,-120.479,14.815,3.091,-0.547,-1.034,-1.246
124.262,-131.417,-0.446,0.000,-124.134,16.001,3.710,-0.364,-1.041,-1.298
124.268,-131.417,-0.446,0.000,-129.515,16.793,3.108,-0.095,-1.044,-1.532
124.274,-143.633,-0.446,0.000,-132.685,14.354,2.496,-0.547,-1.051,-1.470
124.280,-149.344,-0.446,0.000,-136.003,13.489,1.899,-0.667,-1.060,-1.398
124.286,-149.344,-0.446,0.000,-137.688,13.560,1.172,-0.583,-1.071,-1.193
124.293,-156.735,-0.446,0.000,-139.474,10.905,0.889,-0.863,-1.087,-1.021
124.299,-156.735,-0.446,0.000,-145.827,8.903,-0.009,-0.545,-1.099,-1.379
124.305,-156.735,-0.446,0.000,-150.614,6.106,-0.532,-0.306,-1.107,-1.520
124.312,-156.735,-0.446,0.000,-155.515,6.302,-1.225,-0.061,-1.111,-1.680
124.318,-178.989,-0.446,0.000,-160.242,4.815,-1.120,-0.937,-1.118,-1.776
124.324,-178.989,-0.446,0.000,-166.227,5.088,-0.710,-0.638,-1.132,-1.950
124.330,-178.989,-0.446,0.000,-169.957,5.210,0.744,-0.452,-1.141,-1.818
124.337,-191.020,-0.446,0.000,-176.572,7.593,0.884,-0.722,-1.153,-2.020
124.343,-191.020,-0.446,0.000,-179.988,8.841,1.778,-0.552,-1.165,-1.841
124.350,-191.020,-0.446,0.000,-187.842,13.519,2.539,-0.159,-1.171,-2.188
124.356,-203.686,-0.446,0.000,-193.220,9.892,4.430,-0.523,-1.175,-2.193
124.362,-203.686,-0.446,0.000,-197.460,10.386,6.528,-0.311,-1.183,-2.094
124.369,-203.686,-0.446,0.000,-199.711,12.496,5.697,-0.199,-1.186,-1.720
124.375,-203.686,-0.446,0.000,-202.757,14.730,5.422,-0.046,-1.185,-1.494
124.381,-209.315,-0.446,0.000,-210.500,14.155,4.508,0.059,-1.183,-1.845
124.387,-209.315,-0.446,0.000,-217.456,15.086,1.437,0.407,-1.179,-2.099
124.394,-209.315,-0.446,0.000,-221.704,16.267,-2.014,0.619,-1.170,-2.047
124.400,-209.315,-0.446,0.000,-226.532,18.597,-1.958,0.861,-1.156,-2.047
124.406,-209.315,-0.446,0.000,-228.360,18.317,1.496,0.952,-1.139,-1.719
124.413,-209.315,-0.446,0.000,-232.532,16.131,2.134,1.161,-1.117,-1.661
124.419,-209.315,-0.446,0.000,-238.211,19.645,5.530,1.445,-1.091,-1.794
124.425,-209.315,-0.446,0.000,-239.565,21.548,5.321,1.513,-1.063,-1.501
124.432,-209.315,-0.446,0.000,-242.441,20.299,5.554,1.656,-1.033,-1.459
124.438,-209.315,-0.446,0.000,-242.819,16.883,3.796,1.675,-1.002,-1.139
124.444,-207.425,-0.446,0.000,-241.703,14.000,3.671,1.714,-0.969,-0.722
124.451,-207.425,-0.446,0.000,-241.259,12.960,3.038,1.692,-0.936,-0.449
124.457,-189.263,-0.446,0.000,-241.260,7.999,-2.434,2.600,-0.897,-0.308
124.463,-189.263,-0.446,0.000,-241.233,4.958,-3.968,2.598,-0.847,-0.193
124.469,-189.263,-0.446,0.000,-239.797,6.944,-2.544,2.527,-0.799,0.003
124.476,-189.263,-0.446,0.000,-239.452,8.708,-2.409,2.509,-0.752,0.024
124.482,-158.247,-0.446,0.000,-237.260,10.984,-1.024,3.951,-0.687,0.198
124.488,-150.799,-0.446,0.000,-237.703,10.991,0.690,4.345,-0.611,0.055
124.495,-150.799,-0.446,0.000,-234.518,5.293,2.045,4.186,-0.531,0.347
124.501,-150.799,-0.446,0.000,-229.700,6.753,4.305,3.945,-0.455,0.748
124.507,-112.905,-0.595,0.000,-228.464,7.197,3.561,5.778,-0.347,0.769
124.513,-112.905,-0.595,0.000,-225.016,9.570,1.879,5.606,-0.244,0.982
124.519,-75.985,-0.595,0.000,-220.255,13.691,0.537,7.213,-0.135,1.249
124.525,-75.985,-0.595,0.000,-215.936,16.542,-0.988,6.998,-0.005,1.363
124.531,-75.985,-0.595,0.000,-209.793,15.423,0.435,6.690,0.117,1.630
124.538,-48.185,-0.744,0.000,-200.640,14.489,2.789,7.623,0.265,2.090
124.544,-44.745,-0.893,0.000,-191.099,15.075,2.343,7.318,0.408,2.483
124.550,-34.642,-0.893,0.000,-180.022,17.247,1.283,7.269,0.546,2.967
124.557,-34.642,-0.893,0.000,-168.423,18.717,2.778,6.689,0.677,3.415
124.563,-34.642,-0.893,0.000,-154.777,17.431,1.959,6.007,0.794,3.895
124.569,-15.261,-1.043,0.000,-140.040,16.417,1.083,6.239,0.922,4.351
124.576,-15.261,-1.043,0.000,-126.571,18.710,0.521,5.565,1.035,4.580
124.582,-9.219,-1.192,0.000,-114.849,20.394,2.101,5.282,1.136,4.593
124.588,-8.446,-1.043,0.000,-100.228,18.129,2.544,4.589,1.222,4.951
124.595,-8.446,-1.043,0.000,-86.356,20.008,-2.840,3.896,1.302,5.057
124.601,-8.446,-1.043,0.000,-73.352,21.841,-3.391,3.245,1.369,5.055
124.608,-4.760,-1.342,0.000,-60.593,20.611,-0.310,2.792,1.428,5.034
124.614,-3.169,-1.793,0.000,-49.783,20.198,1.083,2.331,1.476,4.840
124.620,-3.169,-1.793,0.000,-42.496,20.748,-1.051,1.966,1.517,4.374
124.627,-3.169,-1.793,0.000,-34.588,23.681,-1.104,1.571,1.549,4.067
124.633,-3.169,-1.793,0.000,-29.685,20.477,2.148,1.326,1.575,3.500
124.639,-3.169,-1.793,0.000,-23.812,19.578,-0.065,1.032,1.596,3.210
124.646,-3.169,-1.793,0.000,-19.602,20.830,-5.383,0.822,1.613,2.820
124.652,-3.169,-1.793,0.000,-15.133,21.256,-3.296,0.598,1.626,2.583
124.658,0.149,-2.860,0.000,-12.972,23.278,0.416,0.656,1.638,2.206
124.663,0.149,-2.860,0.000,-10.676,22.765,3.011,0.541,1.648,1.911
124.669,0.297,-3.014,0.000,-9.951,20.273,2.930,0.512,1.657,1.503
124.675,0.297,-3.014,0.000,-9.135,18.341,2.462,0.472,1.665,1.201
124.681,2.400,-3.014,0.000,-8.915,18.914,0.892,0.566,1.675,0.925
124.687,2.400,-3.014,0.000,-9.907,24.242,-1.029,0.615,1.685,0.566
124.693,2.400,-3.014,0.000,-9.901,28.291,-3.215,0.615,1.696,0.429
124.699,2.400,-3.014,0.000,-10.996,26.870,-1.668,0.670,1.707,0.192
124.705,6.797,-3.014,0.000,-9.322,22.586,0.674,0.806,1.721,0.292
124.712,7.333,-3.014,0.000,-6.742,22.922,0.498,0.704,1.737,0.504
124.718,9.023,-3.014,0.000,-3.781,26.103,-0.285,0.640,1.749,0.669
124.725,9.023,-3.014,0.000,-1.179,21.872,4.152,0.510,1.759,0.733
124.731,10.849,-3.014,0.000,2.865,19.603,5.833,0.399,1.767,0.915
124.737,12.380,-3.014,0.000,7.416,21.100,0.578,0.248,1.774,1.158
124.744,12.380,-3.014,0.000,13.989,20.032,0.330,-0.080,1.775,1.535
124.750,14.262,-3.014,0.000,16.823,19.959,3.478,-0.128,1.772,1.405
124.757,15.518,-3.014,0.000,24.164,17.992,-0.299,-0.432,1.765,1.757
124.763,15.518,-3.014,0.000,29.270,18.033,-1.776,-0.688,1.754,1.860
124.770,15.518,-3.014,0.000,31.586,19.452,1.684,-0.803,1.740,1.640
124.776,17.387,-3.014,0.000,35.282,18.835,4.633,-0.895,1.724,1.592
124.783,17.387,-3.014,0.000,39.318,16.524,0.041,-1.097,1.704,1.575
124.789,17.387,-3.014,0.000,42.364,17.756,1.281,-1.249,1.681,1.480
124.796,26.768,-5.421,0.000,49.228,20.626,2.721,-1.123,1.655,1.780
124.802,26.768,-5.421,0.000,47.299,15.672,3.056,-1.027,1.634,1.154
124.809,28.693,-6.100,0.000,49.771,13.449,3.007,-1.054,1.614,1.079
124.815,33.739,-6.974,0.000,52.783,13.770,-2.545,-0.952,1.597,1.113
124.822,37.951,-7.153,0.000,52.993,16.491,-4.425,-0.752,1.581,0.881
124.828,37.951,-7.153,0.000,47.772,16.856,2.178,-0.491,1.569,0.136
124.835,37.951,-7.153,0.000,52.914,15.558,1.080,-0.748,1.556,0.579
124.841,51.831,-7.333,0.000,50.039,15.204,-1.091,0.090,1.549,0.202
124.848,51.831,-7.333,0.000,48.729,16.157,2.253,0.155,1.552,0.038
124.854,51.831,-7.333,0.000,50.422,18.663,3.440,0.070,1.554,0.198
124.861,63.360,-8.069,0.000,49.601,12.519,1.919,0.688,1.568,0.063
124.867,72.656,-9.416,0.000,51.417,14.060,2.260,1.062,1.587,0.257
124.874,72.656,-9.416,0.000,53.230,18.618,0.944,0.971,1.606,0.375
124.880,92.499,-10.224,0.000,56.045,15.750,0.992,1.823,1.630,0.570
124.887,92.499,-10.224,0.000,60.288,12.821,2.308,1.611,1.662,0.793
124.893,100.698,-9.816,0.000,66.713,11.946,0.701,1.699,1.698,1.266
124.899,100.698,-9.816,0.000,71.970,14.479,0.005,1.436,1.728,1.490
124.906,110.602,-10.639,0.000,76.478,11.423,3.609,1.706,1.759,1.530
124.912,115.245,-10.639,0.000,86.899,7.276,4.591,1.417,1.788,2.092
124.919,115.245,-10.639,0.000,95.346,8.981,2.897,0.995,1.811,2.427
124.925,115.245,-10.639,0.000,102.446,8.677,1.022,0.640,1.826,2.536
124.932,115.245,-10.639,0.000,109.857,2.587,3.312,0.269,1.833,2.609
124.938,124.997,-11.276,0.000,119.641,-0.621,3.625,0.268,1.841,2.895
124.945,124.997,-11.276,0.000,127.892,4.330,-3.072,-0.145,1.841,2.967
124.951,124.997,-11.276,0.000,135.181,4.294,0.436,-0.509,1.834,2.954
124.958,124.997,-11.276,0.000,138.337,1.521,6.667,-0.667,1.822,2.512
124.964,132.732,-10.849,0.000,146.909,3.619,2.079,-0.709,1.805,2.689
124.970,132.732,-10.849,0.000,152.410,5.063,1.464,-0.984,1.789,2.609
124.976,135.393,-11.493,0.000,156.797,5.288,0.165,-1.070,1.771,2.417
124.983,135.393,-11.493,0.000,159.046,6.564,3.185,-1.183,1.750,2.058
124.989,135.393,-11.711,0.000,160.272,10.693,3.713,-1.244,1.726,1.645
124.996,135.393,-12.155,0.000,164.109,5.487,0.660,-1.436,1.699,1.580
125.002,135.393,-12.155,0.000,167.590,3.514,-0.590,-1.610,1.669,1.527
125.009,135.393,-12.155,0.000,167.596,5.188,-2.589,-1.610,1.637,1.155
125.015,135.393,-12.155,0.000,166.423,8.998,-1.327,-1.551,1.606,0.739
125.021,135.393,-12.155,0.000,166.616,3.897,5.068,-1.561,1.576,0.561
125.028,135.393,-12.155,0.000,165.742,3.065,7.848,-1.517,1.545,0.289
125.034,135.393,-12.155,0.000,164.546,2.486,5.019,-1.458,1.517,0.131
125.041,135.393,-12.155,0.000,165.700,0.550,1.946,-1.515,1.489,0.221
125.047,135.393,-12.380,0.000,165.741,2.006,0.180,-1.517,1.459,0.168
125.054,135.393,-12.380,0.000,165.746,3.291,-0.551,-1.518,1.430,0.171
125.060,135.393,-12.380,0.000,165.920,2.907,-0.283,-1.526,1.400,0.120
125.067,135.393,-12.380,0.000,167.921,0.205,1.134,-1.626,1.368,0.251
125.073,135.393,-12.380,0.000,172.727,0.268,1.444,-1.867,1.334,0.674
125.080,135.393,-12.380,0.000,173.932,3.146,-0.974,-1.927,1.299,0.671
125.086,135.393,-12.380,0.000,175.304,6.968,1.496,-1.996,1.261,0.647
125.093,135.393,-12.380,0.000,177.075,4.218,6.928,-2.084,1.220,0.640
125.099,135.393,-12.380,0.000,183.157,4.292,3.358,-2.388,1.176,1.051
125.106,147.899,-12.380,0.000,186.735,1.679,-1.396,-1.942,1.135,1.161
125.112,147.899,-12.380,0.000,185.966,2.893,0.185,-1.903,1.098,0.792
125.119,147.899,-12.607,0.000,189.145,7.412,1.337,-2.062,1.058,0.884
125.125,147.899,-12.607,0.000,189.523,4.728,3.402,-2.081,1.018,0.703
125.131,147.899,-12.607,0.000,187.551,0.878,5.434,-1.983,0.978,0.312
125.138,147.899,-12.607,0.000,190.581,-1.116,6.491,-2.134,0.937,0.506
125.144,131.417,-12.380,0.000,191.551,-0.185,3.343,-3.007,0.888,0.563
125.150,124.997,-12.155,0.000,190.538,-1.947,0.847,-3.277,0.832,0.372
125.157,124.997,-12.155,0.000,189.392,-4.190,0.395,-3.220,0.769,0.162
125.163,124.997,-12.155,0.000,188.892,-2.273,-0.199,-3.195,0.706,0.061
125.170,73.478,-9.615,0.000,186.317,-2.434,-0.866,-5.642,0.596,-0.211
125.176,64.096,-9.219,0.000,183.893,-2.911,0.505,-5.990,0.477,-0.423
125.183,64.096,-9.219,0.000,183.435,-2.337,3.561,-5.967,0.360,-0.383
125.189,44.745,-7.515,0.000,178.500,-2.544,2.468,-6.688,0.243,-0.731
125.196,44.191,-7.515,0.000,170.063,-2.977,3.809,-6.294,0.115,-1.328
125.202,44.191,-7.515,0.000,165.442,-0.857,2.329,-6.063,-0.004,-1.420
125.209,44.191,-7.515,0.000,154.237,1.202,-0.946,-5.502,-0.115,-2.156
125.215,48.778,-8.069,0.000,145.970,0.041,1.573,-4.860,-0.214,-2.452
125.222,53.094,-8.446,0.000,136.561,0.309,0.052,-4.173,-0.300,-2.737
125.228,53.094,-8.446,0.000,125.569,-0.981,2.214,-3.624,-0.375,-3.109
125.235,56.357,-8.446,0.000,117.730,0.301,3.546,-3.069,-0.439,-3.095
125.241,57.706,-8.636,0.000,108.012,0.472,0.745,-2.515,-0.491,-3.202
125.248,57.706,-8.636,0.000,97.005,-1.862,0.353,-1.965,-0.533,-3.419
125.255,57.706,-8.636,0.000,92.380,0.104,-0.021,-1.734,-0.569,-3.019
125.261,57.706,-9.219,0.000,87.895,3.980,-0.726,-1.509,-0.599,-2.695
125.267,57.706,-9.219,0.000,81.506,2.728,3.468,-1.190,-0.624,-2.630
125.274,57.706,-9.219,0.000,77.636,5.098,5.737,-0.997,-0.646,-2.383
125.280,55.692,-9.219,0.000,78.380,2.101,2.816,-1.134,-0.667,-1.746
125.287,55.692,-9.219,0.000,80.292,0.083,3.516,-1.230,-0.689,-1.098
125.293,55.692,-9.219,0.000,78.409,0.638,2.250,-1.136,-0.711,-0.959
125.300,47.598,-9.219,0.000,80.374,3.949,0.189,-1.639,-0.742,-0.534
125.306,47.598,-9.219,0.000,84.747,3.191,3.743,-1.857,-0.777,0.019
125.313,47.598,-9.219,0.000,86.691,0.542,5.912,-1.955,-0.815,0.191
125.319,47.598,-9.219,0.000,89.600,-0.180,6.063,-2.100,-0.856,0.382
125.326,47.598,-9.219,0.000,89.718,-0.718,2.002,-2.106,-0.895,0.345
125.332,47.598,-9.219,0.000,90.049,-3.274,1.273,-2.123,-0.936,0.317
125.339,29.491,-7.698,0.000,88.889,-4.957,1.206,-2.970,-0.992,0.138
125.345,28.693,-7.515,0.000,86.042,-2.896,-0.624,-2.867,-1.050,-0.178
125.352,27.911,-7.333,0.000,84.821,-1.384,-1.180,-2.845,-1.106,-0.272
125.358,27.911,-7.333,0.000,79.617,-5.016,1.929,-2.585,-1.158,-0.727
125.365,27.911,-7.333,0.000,77.328,-1.604,6.451,-2.471,-1.208,-0.798
125.371,27.911,-7.333,0.000,71.991,-4.794,6.224,-2.204,-1.253,-1.112
125.378,18.518,-7.333,0.000,65.322,-8.309,5.892,-2.340,-1.300,-1.458
125.384,10.849,-6.974,0.000,58.682,-10.325,3.116,-2.392,-1.346,-1.708
125.390,7.515,-6.797,0.000,47.916,-11.264,0.895,-2.020,-1.386,-2.343
125.397,7.515,-6.797,0.000,40.208,-11.120,-0.030,-1.635,-1.421,-2.526
125.403,2.706,-6.272,0.000,33.580,-9.319,0.945,-1.544,-1.451,-2.534
125.409,2.706,-6.272,0.000,26.311,-5.669,0.138,-1.180,-1.476,-2.617
125.416,1.192,-6.272,0.000,18.444,-3.206,1.929,-0.863,-1.495,-2.813
125.422,0.595,-6.446,0.000,13.094,-3.366,3.704,-0.625,-1.509,-2.706
125.428,2.096,-6.974,0.000,7.293,-3.359,2.136,-0.260,-1.517,-2.661
125.434,3.955,-7.333,0.000,4.584,-1.979,3.218,-0.031,-1.519,-2.231
125.441,3.955,-7.333,0.000,0.432,-3.235,-1.066,0.176,-1.517,-2.062
125.447,3.955,-7.333,0.000,0.720,-3.718,1.357,0.162,-1.514,-1.545
125.454,3.955,-7.333,0.000,1.916,-2.398,4.121,0.102,-1.511,-1.018
125.460,10.639,-13.539,0.000,0.557,-0.107,5.042,0.504,-1.503,-0.866
125.467,10.639,-13.539,0.000,1.218,-2.521,5.342,0.471,-1.495,-0.643
125.473,16.839,-15.777,0.000,5.842,-3.981,3.215,0.550,-1.488,-0.071
125.480,16.839,-15.777,0.000,8.498,-6.985,2.513,0.417,-1.477,0.267
125.486,17.666,-16.569,0.000,6.082,-4.780,3.342,0.579,-1.466,-0.024
125.493,17.666,-16.569,0.000,8.065,-4.751,7.057,0.480,-1.457,0.145
125.499,17.947,-17.387,0.000,10.981,-9.355,5.861,0.348,-1.451,0.345
125.506,17.947,-17.387,0.000,12.080,-11.553,2.822,0.293,-1.444,0.361
125.512,17.666,-17.947,0.000,10.251,-13.395,0.081,0.371,-1.436,0.150
125.519,17.387,-17.666,0.000,9.345,-14.296,-0.450,0.402,-1.429,0.025
125.525,17.387,-17.666,0.000,8.610,-16.359,-1.158,0.439,-1.421,-0.064
125.532,17.387,-17.666,0.000,8.287,-14.768,-0.491,0.455,-1.412,-0.065
125.538,16.302,-18.808,0.000,4.922,-15.439,3.040,0.569,-1.402,-0.376
125.545,14.757,-17.947,0.000,2.406,-15.518,4.352,0.618,-1.392,-0.570
125.551,14.757,-17.947,0.000,0.890,-16.269,3.884,0.693,-1.380,-0.612
125.557,9.219,-17.666,0.000,1.107,-16.649,1.741,0.406,-1.366,-0.355
125.564,9.219,-17.666,0.000,-3.306,-17.978,1.205,0.626,-1.354,-0.645
125.570,9.219,-17.666,0.000,-6.374,-17.452,2.670,0.780,-1.340,-0.796
125.577,9.219,-17.666,0.000,-6.947,-16.381,3.426,0.808,-1.325,-0.674
125.584,9.219,-17.666,0.000,-8.714,-19.330,2.847,0.897,-1.308,-0.657
125.590,9.219,-17.666,0.000,-9.257,-20.060,2.180,0.924,-1.290,-0.548
125.596,9.219,-17.666,0.000,-9.073,-21.046,0.774,0.915,-1.272,-0.381
125.603,0.000,-15.518,0.000,-8.775,-16.925,-1.255,0.439,-1.257,-0.247
125.608,0.000,-15.518,0.000,-8.528,-18.696,-0.492,0.426,-1.249,-0.104
125.614,0.000,-15.518,0.000,-9.048,-19.079,-0.724,0.452,-1.241,-0.068
125.619,-0.149,-17.112,0.000,-10.178,-19.577,-1.608,0.501,-1.231,-0.104
125.625,-0.149,-17.112,0.000,-12.929,-20.149,-0.562,0.639,-1.220,-0.293
125.630,-0.149,-17.112,0.000,-13.170,-20.574,-0.222,0.651,-1.209,-0.205
125.636,-0.149,-17.112,0.000,-14.585,-20.128,-0.467,0.722,-1.197,-0.278
125.641,-0.149,-17.112,0.000,-14.528,-18.918,0.144,0.719,-1.186,-0.195
125.647,-0.149,-18.231,0.000,-15.644,-17.527,-0.083,0.775,-1.174,-0.297
125.652,-0.149,-18.231,0.000,-15.891,-16.282,-3.391,0.787,-1.161,-0.247
125.658,-0.149,-18.231,0.000,-15.900,-15.926,-4.597,0.788,-1.149,-0.184
125.663,-0.149,-18.231,0.000,-16.851,-15.992,-2.999,0.835,-1.136,-0.283
125.669,-0.149,-20.000,0.000,-19.227,-14.656,-0.731,0.954,-1.122,-0.527
125.674,-0.297,-19.697,0.000,-20.941,-13.521,1.465,1.032,-1.106,-0.598
125.680,-0.595,-19.697,0.000,-21.663,-11.237,3.129,1.053,-1.087,-0.531
125.686,-0.595,-19.697,0.000,-21.147,-11.241,4.532,1.028,-1.068,-0.331
125.692,-0.595,-19.697,0.000,-24.897,-14.306,4.544,1.215,-1.047,-0.665
125.698,-0.595,-19.697,0.000,-24.069,-15.634,4.073,1.174,-1.026,-0.429
125.704,-5.589,-19.102,0.000,-24.470,-17.376,4.158,0.944,-1.006,-0.378
125.711,-8.256,-18.808,0.000,-24.709,-17.723,1.308,0.823,-0.987,-0.266
125.717,-8.256,-18.808,0.000,-26.672,-17.128,-0.577,0.921,-0.970,-0.377
125.724,-9.219,-18.518,0.000,-29.454,-15.698,-0.723,1.012,-0.952,-0.572
125.730,-11.711,-17.947,0.000,-31.064,-17.963,2.276,0.968,-0.934,-0.617
125.737,-13.777,-17.947,0.000,-27.324,-19.660,-0.148,0.677,-0.919,-0.101
125.743,-15.261,-17.387,0.000,-27.245,-21.177,-4.514,0.599,-0.905,-0.019
125.750,-15.261,-17.387,0.000,-31.771,-17.851,-1.784,0.825,-0.890,-0.440
125.756,-15.261,-17.387,0.000,-34.304,-18.678,3.648,0.952,-0.873,-0.609
125.763,-23.207,-14.757,0.000,-31.121,-19.466,4.412,0.396,-0.865,-0.175
125.769,-23.207,-14.757,0.000,-27.688,-22.777,0.045,0.224,-0.858,0.250
125.776,-23.207,-14.757,0.000,-29.797,-21.400,-0.259,0.330,-0.851,0.021
125.782,-33.295,-11.711,0.000,-32.946,-19.006,2.158,-0.017,-0.850,-0.299
125.789,-33.295,-11.711,0.000,-34.785,-17.951,3.000,0.075,-0.850,-0.443
125.795,-33.295,-11.711,0.000,-32.879,-21.662,0.930,-0.021,-0.850,-0.147
125.802,-33.295,-11.711,0.000,-35.940,-23.654,0.172,0.132,-0.846,-0.323
125.808,-33.295,-11.711,0.000,-41.733,-20.077,-2.498,0.422,-0.841,-0.830
125.815,-33.295,-11.711,0.000,-42.953,-14.278,-3.260,0.483,-0.832,-0.755
125.821,-45.869,-9.615,0.000,-46.401,-15.978,-1.760,0.027,-0.829,-0.903
125.828,-45.869,-9.615,0.000,-47.069,-21.574,0.656,0.060,-0.828,-0.766
125.834,-45.869,-9.615,0.000,-50.025,-21.498,-0.139,0.208,-0.824,-0.828
125.841,-45.869,-9.615,0.000,-52.670,-14.384,-1.833,0.340,-0.819,-0.872
125.847,-45.869,-9.615,0.000,-57.219,-13.374,-1.602,0.567,-0.809,-1.106
125.854,-45.869,-9.615,0.000,-57.488,-19.229,2.779,0.581,-0.799,-0.885
125.860,-64.096,-6.974,0.000,-57.794,-23.536,2.430,-0.315,-0.799,-0.676
125.867,-72.656,-6.974,0.000,-59.923,-17.580,-3.872,-0.637,-0.806,-0.709
125.873,-78.561,-6.797,0.000,-64.457,-13.437,-3.394,-0.705,-0.817,-0.962
125.880,-78.561,-6.797,0.000,-66.648,-17.592,0.609,-0.596,-0.831,-0.973
125.886,-78.561,-6.797,0.000,-65.585,-17.553,-0.341,-0.649,-0.843,-0.624
125.893,-105.009,-4.760,0.000,-66.620,-13.422,-4.670,-1.919,-0.880,-0.537
125.899,-110.602,-4.275,0.000,-70.956,-9.470,-4.504,-1.982,-0.918,-0.811
125.906,-126.260,-3.325,0.000,-77.525,-11.154,0.433,-2.437,-0.963,-1.283
125.912,-131.417,-2.860,0.000,-78.525,-12.151,0.760,-2.645,-1.012,-1.067
125.918,-131.417,-2.860,0.000,-82.306,-11.386,-1.408,-2.456,-1.055,-1.149
125.924,-135.393,-2.553,0.000,-89.599,-9.913,-3.790,-2.290,-1.100,-1.567
125.931,-135.393,-2.553,0.000,-96.992,-9.719,-2.195,-1.920,-1.140,-1.904
125.937,-145.044,-1.642,0.000,-104.464,-7.730,-0.313,-2.029,-1.181,-2.203
125.944,-145.044,-1.642,0.000,-111.492,-9.373,0.619,-1.678,-1.216,-2.344
125.950,-147.899,-1.793,0.000,-120.518,-10.715,0.653,-1.369,-1.243,-2.588
125.957,-147.899,-1.793,0.000,-131.865,-11.509,-0.633,-0.802,-1.261,-3.048
125.963,-146.466,-1.793,0.000,-139.498,-8.574,-2.910,-0.348,-1.271,-3.065
125.969,-146.466,-1.793,0.000,-149.300,-7.647,-5.152,0.142,-1.271,-3.280
125.975,-146.466,-1.793,0.000,-157.515,-10.678,-0.372,0.552,-1.264,-3.283
125.982,-146.466,-1.944,0.000,-165.624,-13.679,1.896,0.958,-1.249,-3.313
125.988,-146.466,-1.944,0.000,-169.032,-13.638,2.143,1.128,-1.228,-2.796
125.995,-146.466,-1.944,0.000,-172.838,-11.953,-1.856,1.319,-1.203,-2.448
126.001,-146.466,-1.944,0.000,-176.628,-8.945,-2.736,1.508,-1.176,-2.218
126.008,-152.266,-1.944,0.000,-179.698,-11.537,-1.537,1.372,-1.151,-2.005
126.014,-152.266,-1.944,0.000,-177.294,-13.809,2.968,1.251,-1.125,-1.252
126.021,-152.266,-1.944,0.000,-177.819,-11.334,-2.341,1.278,-1.100,-0.963
126.027,-152.266,-1.944,0.000,-177.337,-9.084,-3.797,1.254,-1.074,-0.661
126.034,-152.266,-1.944,0.000,-176.658,-10.877,-2.646,1.220,-1.051,-0.453
126.040,-153.744,-1.793,0.000,-173.622,-9.631,-3.604,0.994,-1.032,-0.068
126.046,-153.744,-1.793,0.000,-172.921,-4.022,-4.281,0.959,-1.013,0.028
126.053,-152.266,-1.944,0.000,-171.345,-0.684,-2.409,0.954,-0.993,0.221
126.059,-152.266,-1.944,0.000,-171.239,-4.538,0.721,0.949,-0.975,0.173
126.066,-150.799,-1.793,0.000,-168.075,-7.293,0.370,0.864,-0.959,0.401
126.072,-150.799,-1.793,0.000,-167.390,-4.007,-2.236,0.830,-0.943,0.356
126.078,-150.799,-1.793,0.000,-165.692,0.503,-2.748,0.745,-0.928,0.455
126.085,-150.799,-1.793,0.000,-166.173,-0.936,-2.418,0.769,-0.913,0.327
126.091,-134.057,-1.192,0.000,-167.025,-2.637,-0.987,1.648,-0.888,0.144
126.097,-134.057,-1.192,0.000,-166.974,-2.533,-2.100,1.646,-0.860,0.097
126.103,-134.057,-1.192,0.000,-170.687,-4.899,-0.778,1.831,-0.828,-0.306
126.109,-100.698,-1.793,0.000,-174.307,-0.832,-4.173,3.680,-0.761,-0.599
126.115,-100.698,-1.793,0.000,-176.752,-0.164,-3.406,3.803,-0.687,-0.638
126.122,-67.882,-3.325,0.000,-178.915,-3.378,-0.673,5.552,-0.593,-0.700
126.128,-37.951,-4.598,0.000,-176.654,-6.477,-0.910,6.935,-0.477,-0.346
126.135,-22.871,-5.589,0.000,-172.605,-7.219,-2.286,7.487,-0.340,0.140
126.141,-22.871,-5.589,0.000,-168.043,-6.833,-1.183,7.259,-0.197,0.573
126.148,-22.871,-5.589,0.000,-163.957,-10.815,0.528,7.054,-0.059,0.820
126.154,-22.871,-5.589,0.000,-154.781,-11.454,-1.247,6.596,0.071,1.498
126.161,-5.589,-6.446,0.000,-144.423,-10.257,-2.899,6.942,0.207,2.102
126.167,-0.297,-6.621,0.000,-133.992,-10.573,-1.292,6.685,0.337,2.682
126.173,-0.297,-6.621,0.000,-120.469,-12.049,-0.548,6.009,0.450,3.430
126.179,-0.297,-6.621,0.000,-107.049,-12.199,-2.312,5.338,0.550,3.956
126.185,0.149,-4.760,0.000,-92.055,-13.244,-4.126,4.610,0.633,4.622
126.190,0.149,-4.760,0.000,-76.324,-12.663,-5.506,3.824,0.699,5.314
126.196,0.149,-4.760,0.000,-64.472,-12.560,-2.424,3.231,0.756,5.405
126.201,0.297,-3.955,0.000,-54.589,-11.978,1.264,2.744,0.808,5.137
126.208,1.192,-4.114,0.000,-46.543,-11.527,0.044,2.387,0.854,4.677
126.214,1.192,-4.114,0.000,-37.493,-7.724,-1.147,1.934,0.891,4.441
126.220,10.224,-6.100,0.000,-29.691,-5.646,-3.870,1.996,0.923,4.095
126.226,10.224,-6.100,0.000,-23.994,-3.553,-4.042,1.711,0.958,3.626
126.232,15.261,-6.974,0.000,-20.871,-7.271,0.163,1.807,0.993,2.996
126.239,15.261,-6.974,0.000,-15.925,-6.836,-0.165,1.559,1.025,2.733
126.245,15.261,-6.974,0.000,-16.577,-3.877,-5.007,1.592,1.056,2.004
126.252,31.138,-7.153,0.000,-15.593,-1.288,-3.629,2.337,1.097,1.605
126.258,31.138,-7.153,0.000,-16.009,-5.329,1.325,2.357,1.142,1.152
126.265,31.138,-7.153,0.000,-13.229,-5.718,-0.529,2.218,1.185,1.111
126.271,40.461,-7.153,0.000,-14.613,-5.353,-3.157,2.754,1.239,0.726
126.278,40.461,-7.153,0.000,-13.090,-5.792,0.743,2.678,1.293,0.724
126.284,51.831,-7.333,0.000,-10.103,-8.557,2.901,3.097,1.350,0.805
126.291,61.907,-7.333,0.000,-4.861,-8.395,-1.944,3.338,1.413,1.104
126.297,73.478,-7.333,0.000,-1.320,-5.902,-5.773,3.740,1.480,1.177
126.304,73.478,-7.333,0.000,5.301,-6.382,-1.818,3.409,1.550,1.538
126.310,73.478,-7.333,0.000,10.512,-10.811,4.299,3.148,1.612,1.641
126.317,95.509,-7.333,0.000,21.034,-10.799,1.532,3.724,1.688,2.245
126.323,115.245,-7.515,0.000,29.132,-8.369,-1.924,4.306,1.774,2.480
126.330,115.245,-7.515,0.000,38.596,-7.642,-1.333,3.832,1.852,2.816
126.336,146.466,-7.883,0.000,45.716,-11.395,1.163,5.038,1.931,2.782
126.343,153.744,-7.883,0.000,59.434,-12.182,-0.797,4.715,2.023,3.374
126.349,153.744,-7.883,0.000,70.205,-11.104,0.166,4.177,2.109,3.584
126.356,172.390,-8.069,0.000,79.582,-11.673,3.493,4.640,2.203,3.599
126.362,177.320,-8.256,0.000,91.273,-11.828,3.219,4.302,2.289,3.807
126.369,177.320,-8.256,0.000,104.088,-9.376,0.029,3.662,2.365,4.079
126.375,177.320,-8.256,0.000,117.392,-7.418,-0.320,2.996,2.427,4.354
126.382,192.790,-8.069,0.000,129.818,-9.379,-0.875,3.149,2.482,4.423
126.388,192.790,-8.069,0.000,142.697,-6.863,-2.959,2.505,2.536,4.574
126.395,192.790,-8.069,0.000,153.813,-4.141,-3.267,1.949,2.578,4.532
126.401,200.001,-8.256,0.000,163.416,-6.369,0.114,1.829,2.618,4.343
126.408,200.001,-8.256,0.000,175.474,-9.608,-1.718,1.226,2.645,4.394
126.414,200.001,-8.256,0.000,186.676,-9.798,-1.811,0.666,2.662,4.398
126.421,201.837,-8.256,0.000,194.380,-6.146,-0.552,0.373,2.671,4.057
126.427,201.837,-8.256,0.000,200.270,-6.165,1.171,0.078,2.674,3.625
126.434,201.837,-8.256,0.000,205.429,-5.522,0.279,-0.180,2.672,3.207
126.440,207.425,-8.256,0.000,209.866,-3.901,-0.914,-0.122,2.672,2.851
126.447,207.425,-8.256,0.000,213.459,-2.575,1.267,-0.302,2.666,2.459
126.453,207.425,-8.256,0.000,215.416,-2.960,0.461,-0.400,2.659,2.036
126.460,207.425,-8.256,0.000,217.388,-6.172,-3.236,-0.498,2.650,1.709
126.466,220.944,-8.256,0.000,221.050,-7.771,-3.609,-0.005,2.643,1.648
126.473,220.944,-8.256,0.000,223.610,-5.476,-3.127,-0.133,2.641,1.495
126.479,220.944,-8.256,0.000,224.612,-4.310,-1.979,-0.183,2.639,1.258
126.486,220.944,-8.446,0.000,223.691,-6.278,0.726,-0.137,2.635,0.811
126.492,220.944,-8.446,0.000,227.429,-10.206,1.380,-0.324,2.629,0.940
126.499,218.971,-8.446,0.000,228.000,-3.406,-1.719,-0.451,2.621,0.747
126.505,217.012,-8.256,0.000,230.424,-0.190,-0.708,-0.671,2.611,0.833
126.512,217.012,-8.256,0.000,232.434,-3.371,1.669,-0.771,2.597,0.833
126.518,217.012,-8.256,0.000,238.827,-7.149,3.127,-1.091,2.577,1.206
126.525,217.012,-8.256,0.000,242.710,-7.838,1.044,-1.285,2.554,1.295
126.531,217.012,-8.256,0.000,246.223,-3.275,-1.816,-1.461,2.527,1.330
126.537,217.012,-8.256,0.000,249.405,-3.596,-2.296,-1.620,2.497,1.314
126.544,169.163,-8.256,0.000,250.929,-6.143,0.292,-4.088,2.448,1.088
126.551,169.163,-8.256,0.000,256.317,-8.163,1.619,-4.358,2.365,1.330
126.557,169.163,-8.256,0.000,259.095,-6.806,-1.437,-4.497,2.279,1.295
126.563,135.393,-8.256,0.000,257.991,-4.562,-1.512,-6.130,2.160,0.875
126.570,123.743,-8.256,0.000,256.245,-3.837,-0.486,-6.625,2.030,0.460
126.576,123.743,-8.256,0.000,257.296,-4.948,4.413,-6.678,1.901,0.422
126.583,96.529,-8.069,0.000,255.057,-5.176,2.800,-7.926,1.757,0.119
126.589,96.529,-8.069,0.000,246.700,-6.281,0.654,-7.509,1.605,-0.692
126.596,96.529,-8.069,0.000,236.951,-6.098,-1.680,-7.021,1.464,-1.482
126.602,45.304,-7.333,0.000,225.740,-2.414,-3.477,-9.022,1.284,-2.185
126.609,32.855,-7.153,0.000,213.154,-2.337,-3.803,-9.015,1.105,-2.858
126.615,32.855,-7.153,0.000,197.447,-2.118,-0.109,-8.230,0.938,-3.690
126.622,32.855,-7.153,0.000,184.966,2.010,0.969,-7.606,0.787,-3.985
126.628,21.561,-6.974,0.000,169.641,2.110,2.270,-7.404,0.646,-4.472
126.635,21.561,-6.974,0.000,152.235,1.712,5.368,-6.534,0.512,-5.043
126.641,21.561,-6.974,0.000,138.484,-1.117,2.413,-5.846,0.392,-5.060
126.648,21.561,-6.974,0.000,117.914,-2.681,0.257,-4.818,0.292,-5.741
126.654,21.561,-6.974,0.000,104.041,-4.166,-1.508,-4.124,0.207,-5.630
126.661,21.561,-6.974,0.000,87.497,-3.676,-4.164,-3.297,0.136,-5.859
126.667,20.927,-7.153,0.000,77.176,-3.955,-4.802,-2.812,0.078,-5.419
126.674,19.102,-7.515,0.000,66.289,-5.891,-3.095,-2.359,0.031,-5.093
126.680,19.102,-7.515,0.000,57.793,-2.255,1.146,-1.935,-0.010,-4.636
126.687,19.102,-7.515,0.000,52.123,-5.965,1.505,-1.651,-0.045,-4.051
126.693,9.615,-8.829,0.000,50.904,-8.185,1.728,-2.064,-0.086,-3.164
126.700,6.621,-9.219,0.000,49.426,-5.815,-0.705,-2.140,-0.127,-2.504
126.706,6.621,-9.219,0.000,48.103,-4.059,-0.626,-2.074,-0.166,-1.967
126.713,0.446,-8.446,0.000,45.716,-5.761,-0.017,-2.263,-0.208,-1.722
126.719,0.149,-7.515,0.000,47.383,-8.788,-1.380,-2.362,-0.253,-1.174
126.725,0.149,-7.515,0.000,49.534,-9.724,-0.474,-2.469,-0.294,-0.679
126.730,-0.149,-7.333,0.000,50.729,-11.666,-1.021,-2.544,-0.335,-0.394
126.736,-0.149,-7.515,0.000,51.006,-9.568,0.378,-2.558,-0.377,-0.256
126.741,-0.149,-7.515,0.000,48.881,-8.349,0.246,-2.451,-0.418,-0.443
126.746,-0.149,-7.515,0.000,46.062,-8.956,1.606,-2.311,-0.456,-0.666
126.752,-0.149,-7.515,0.000,42.021,-9.746,2.490,-2.108,-0.491,-0.947
126.757,-0.149,-7.515,0.000,37.655,-9.557,1.571,-1.890,-0.522,-1.160
126.763,-0.149,-7.515,0.000,32.900,-8.515,0.999,-1.652,-0.549,-1.339
126.768,-0.595,-7.515,0.000,29.344,-7.642,-0.562,-1.497,-0.574,-1.376
126.775,-0.595,-7.515,0.000,25.330,-8.470,-4.489,-1.296,-0.599,-1.406
126.781,-0.595,-7.515,0.000,20.433,-8.107,-5.570,-1.051,-0.619,-1.566
126.787,-7.883,-6.974,0.000,15.134,-6.178,-6.526,-1.151,-0.643,-1.692
126.793,-7.883,-6.974,0.000,9.219,-4.275,-6.185,-0.855,-0.662,-1.851
126.800,-13.777,-6.797,0.000,3.037,-4.236,-3.942,-0.841,-0.679,-2.027
126.806,-17.112,-6.797,0.000,0.724,-7.728,-2.141,-0.892,-0.697,-1.776
126.813,-17.112,-6.797,0.000,-5.325,-9.469,-1.538,-0.589,-0.709,-1.876
126.820,-23.546,-6.797,0.000,-10.640,-4.871,-4.080,-0.645,-0.719,-1.890
126.826,-23.546,-6.797,0.000,-16.743,-7.005,-0.274,-0.340,-0.728,-2.012
126.832,-24.587,-6.797,0.000,-20.562,-10.027,1.908,-0.201,-0.735,-1.946
126.839,-24.587,-6.797,0.000,-20.309,-11.538,-1.095,-0.214,-0.739,-1.427
126.845,-31.988,-6.621,0.000,-22.476,-10.472,-3.626,-0.476,-0.745,-1.221
126.852,-34.189,-6.621,0.000,-27.147,-8.878,-2.865,-0.352,-0.751,-1.340
126.858,-42.560,-6.621,0.000,-30.581,-10.068,-1.108,-0.599,-0.761,-1.395
126.865,-42.560,-6.621,0.000,-31.391,-11.673,-1.513,-0.558,-0.772,-1.144
126.871,-42.560,-6.621,0.000,-33.213,-12.749,-3.545,-0.467,-0.781,-0.989
126.878,-49.982,-6.446,0.000,-34.695,-11.115,-1.597,-0.764,-0.796,-0.866
126.884,-59.777,-6.100,0.000,-39.129,-13.015,1.669,-1.032,-0.815,-1.095
126.891,-59.777,-6.100,0.000,-40.493,-14.653,0.974,-0.964,-0.834,-0.971
126.897,-59.777,-6.100,0.000,-43.034,-14.999,-1.257,-0.837,-0.850,-0.944
126.904,-59.777,-6.100,0.000,-46.961,-12.688,-2.137,-0.641,-0.864,-1.086
126.910,-87.651,-3.955,0.000,-51.087,-9.826,-2.332,-1.828,-0.901,-1.226
126.917,-97.558,-3.482,0.000,-56.135,-10.435,-0.218,-2.071,-0.945,-1.434
126.923,-97.558,-3.482,0.000,-59.312,-11.957,-0.178,-1.912,-0.982,-1.374
126.930,-114.070,-2.248,0.000,-65.362,-12.813,-2.084,-2.435,-1.026,-1.610
126.936,-121.266,-1.492,0.000,-71.511,-9.776,-2.075,-2.488,-1.071,-1.806
126.943,-121.266,-1.492,0.000,-77.731,-3.901,-2.513,-2.177,-1.115,-1.956
126.949,-121.266,-1.492,0.000,-88.174,-5.419,1.256,-1.655,-1.151,-2.478
126.956,-126.260,-1.342,0.000,-94.837,-9.716,3.178,-1.571,-1.184,-2.515
126.962,-128.818,-1.342,0.000,-104.430,-10.660,-0.534,-1.219,-1.211,-2.798
126.969,-128.818,-1.342,0.000,-112.790,-3.896,-4.527,-0.801,-1.229,-2.898
126.975,-128.818,-1.492,0.000,-124.554,-3.621,-0.093,-0.213,-1.236,-3.296
126.981,-131.417,-1.492,0.000,-132.777,-7.278,1.879,0.068,-1.237,-3.318
126.987,-131.417,-1.492,0.000,-137.637,-8.206,0.959,0.311,-1.233,-3.011
126.993,-131.417,-1.492,0.000,-142.924,-7.605,-0.944,0.575,-1.224,-2.790
127.000,-132.732,-1.642,0.000,-149.845,-6.603,-3.288,0.856,-1.209,-2.772
127.006,-136.740,-1.642,0.000,-155.933,-3.869,-4.174,0.960,-1.190,-2.632
127.013,-136.740,-1.642,0.000,-159.409,-2.283,-1.349,1.133,-1.170,-2.334
127.019,-136.740,-1.642,0.000,-161.844,-6.350,1.687,1.255,-1.147,-2.005
127.025,-146.466,-1.192,0.000,-162.958,-6.746,1.920,0.825,-1.132,-1.597
127.031,-146.466,-1.192,0.000,-165.638,-6.056,-1.158,0.959,-1.114,-1.436
127.037,-153.744,-1.043,0.000,-167.070,-3.022,-2.253,0.666,-1.100,-1.211
127.044,-153.744,-1.043,0.000,-168.920,-1.592,-1.549,0.759,-1.087,-1.110
127.050,-153.744,-1.043,0.000,-168.452,-2.520,-1.088,0.735,-1.073,-0.832
127.057,-153.744,-1.043,0.000,-169.041,-4.123,-1.464,0.765,-1.057,-0.617
127.063,-153.744,-1.043,0.000,-171.251,-0.238,-3.136,0.875,-1.040,-0.658
127.070,-158.247,-1.492,0.000,-172.537,1.304,-0.901,0.714,-1.026,-0.635
127.076,-158.247,-1.492,0.000,-172.630,-2.646,1.402,0.719,-1.013,-0.537
127.083,-156.735,-1.492,0.000,-173.200,-3.508,0.179,0.823,-0.997,-0.410
127.089,-156.735,-1.492,0.000,-177.051,2.496,-3.018,1.016,-0.978,-0.663
127.096,-156.735,-1.492,0.000,-180.242,2.211,-1.225,1.175,-0.955,-0.786
127.102,-156.735,-1.492,0.000,-184.288,-3.163,0.290,1.378,-0.931,-1.038
127.109,-156.735,-1.492,0.000,-185.089,-4.425,-0.085,1.418,-0.904,-0.827
127.115,-156.735,-1.492,0.000,-190.445,0.303,-3.514,1.685,-0.872,-1.112
127.122,-156.735,-1.492,0.000,-194.448,2.506,-4.693,1.886,-0.837,-1.213
127.128,-156.735,-1.342,0.000,-200.701,-1.757,-0.690,2.198,-0.796,-1.519
127.134,-156.735,-1.342,0.000,-200.771,-6.564,3.013,2.202,-0.754,-1.152
127.141,-156.735,-1.342,0.000,-203.861,-2.189,-1.621,2.356,-0.708,-1.157
127.148,-156.735,-1.043,0.000,-205.183,3.192,-4.123,2.422,-0.661,-0.987
127.154,-156.735,-1.043,0.000,-208.337,-2.409,-1.595,2.580,-0.613,-1.069
127.160,-156.735,-1.043,0.000,-205.564,-5.945,-2.190,2.441,-0.565,-0.533
127.167,-153.744,-1.043,0.000,-204.502,-1.001,-3.264,2.538,-0.516,-0.282
127.173,-153.744,-1.043,0.000,-204.600,-0.779,-0.163,2.543,-0.467,-0.201
127.180,-153.744,-1.043,0.000,-203.167,-3.152,0.285,2.471,-0.419,-0.017
127.186,-153.744,-1.043,0.000,-201.804,-2.200,-4.012,2.403,-0.371,0.110
127.193,-152.266,-1.043,0.000,-199.581,0.546,-3.553,2.366,-0.325,0.275
127.199,-152.266,-1.043,0.000,-197.954,-1.400,-0.236,2.284,-0.280,0.392
127.206,-150.799,-1.043,0.000,-196.551,-2.818,-0.368,2.288,-0.236,0.446
127.212,-150.799,-1.043,0.000,-195.112,-0.475,-2.134,2.216,-0.193,0.467
127.219,-150.799,-1.043,0.000,-193.582,-1.868,-0.627,2.139,-0.151,0.496
127.225,-152.266,-1.043,0.000,-193.555,-5.091,1.111,2.064,-0.111,0.363
127.232,-152.266,-1.043,0.000,-190.518,-7.489,-1.052,1.913,-0.072,0.584
127.238,-152.266,-1.043,0.000,-189.211,-3.850,-2.371,1.847,-0.036,0.561
127.245,-152.266,-1.043,0.000,-188.986,-4.581,-2.244,1.836,-0.000,0.439
127.251,-150.799,-0.893,0.000,-186.671,-7.296,-2.277,1.794,0.034,0.529
127.257,-150.799,-0.893,0.000,-185.909,-9.358,-3.238,1.755,0.068,0.495
127.264,-150.799,-0.893,0.000,-186.753,-5.707,-2.554,1.798,0.101,0.296
127.270,-147.899,-0.893,0.000,-186.942,-4.561,0.709,1.952,0.139,0.243
127.276,-145.044,-0.893,0.000,-187.945,-7.619,5.013,2.145,0.179,0.072
127.283,-145.044,-0.893,0.000,-186.267,-8.359,1.694,2.061,0.217,0.184
127.289,-120.042,-0.893,0.000,-185.909,-3.070,-2.190,3.293,0.263,0.162
127.295,-120.042,-0.893,0.000,-184.436,0.889,-3.234,3.220,0.325,0.292
127.302,-103.917,-1.043,0.000,-186.034,0.072,-1.750,4.106,0.403,0.071
127.308,-71.036,-1.192,0.000,-185.676,-1.514,-0.350,5.732,0.500,0.052
127.314,-54.380,-1.342,0.000,-184.011,0.092,-3.418,6.482,0.615,0.211
127.321,-54.380,-1.342,0.000,-178.617,0.262,-1.944,6.212,0.740,0.654
127.327,-54.380,-1.342,0.000,-172.693,-1.290,0.267,5.916,0.857,1.092
127.334,-54.380,-1.342,0.000,-165.127,-2.447,-1.502,5.537,0.969,1.569
127.340,-15.518,-2.553,0.000,-156.037,2.410,-2.039,7.026,1.109,2.074
127.347,-15.518,-2.553,0.000,-147.925,-2.093,-1.308,6.620,1.240,2.350
127.353,-15.518,-2.553,0.000,-137.231,-3.371,-1.293,6.086,1.361,2.774
127.359,-15.518,-2.553,0.000,-121.419,-2.737,-2.295,5.295,1.469,3.610
127.366,-0.149,-2.553,0.000,-109.010,-2.990,2.438,5.443,1.569,3.911
127.371,-0.149,-2.553,0.000,-95.855,-1.578,-0.566,4.785,1.652,4.396
127.377,0.000,-2.553,0.000,-83.341,-1.849,-1.955,4.167,1.723,4.724
127.382,0.000,-2.553,0.000,-70.873,-1.488,-3.928,3.544,1.784,4.981
127.388,0.000,-2.553,0.000,-59.606,-1.511,-2.641,2.980,1.836,5.025
127.393,0.000,-1.043,0.000,-50.095,-3.801,-2.431,2.505,1.879,4.885
127.399,0.000,-1.043,0.000,-40.898,-6.307,-1.771,2.045,1.915,4.755
127.404,0.000,-1.043,0.000,-30.968,-7.207,-1.778,1.548,1.944,4.745
127.410,0.149,-1.043,0.000,-22.170,-5.872,-0.732,1.116,1.966,4.613
127.415,0.446,-1.043,0.000,-15.994,-6.240,1.992,0.822,1.983,4.157
127.422,0.446,-1.043,0.000,-11.954,-6.983,3.419,0.620,1.995,3.517
127.428,5.589,-2.553,0.000,-10.479,-7.278,-0.998,0.803,2.008,2.803
127.434,5.589,-2.553,0.000,-7.552,-3.367,-3.360,0.657,2.021,2.365
127.441,7.698,-3.482,0.000,-4.729,-2.931,-3.361,0.621,2.034,2.059
127.447,7.698,-3.482,0.000,-3.972,-2.755,-1.933,0.584,2.045,1.599
127.453,21.884,-6.100,0.000,-2.479,-2.203,-0.173,1.218,2.064,1.340
127.460,24.236,-6.446,0.000,-4.855,-3.639,-2.375,1.455,2.090,0.796
127.466,24.236,-6.446,0.000,-4.345,-1.449,-3.156,1.429,2.118,0.644
127.473,24.236,-6.446,0.000,-4.000,0.044,0.463,1.412,2.146,0.523
127.479,30.720,-6.974,0.000,-3.068,-0.693,4.378,1.689,2.178,0.448
127.486,33.295,-6.974,0.000,-0.461,-0.951,0.117,1.688,2.212,0.602
127.492,33.295,-6.974,0.000,0.889,0.018,0.569,1.620,2.244,0.600
127.499,40.461,-7.153,0.000,5.245,-0.995,1.356,1.761,2.275,0.878
127.505,48.185,-7.153,0.000,12.032,-1.737,-0.541,1.808,2.308,1.316
127.512,48.185,-7.153,0.000,19.680,-1.857,-3.951,1.425,2.339,1.714
127.518,48.185,-7.153,0.000,25.977,2.454,-5.777,1.110,2.363,1.914
127.525,48.185,-7.153,0.000,28.041,3.670,-1.119,1.007,2.383,1.620
127.531,48.185,-7.153,0.000,36.596,-3.161,3.678,0.579,2.396,2.019
127.538,48.185,-7.153,0.000,45.778,-6.229,2.412,0.120,2.403,2.436
127.544,63.360,-7.153,0.000,50.751,0.713,-0.462,0.630,2.407,2.326
127.551,63.360,-7.153,0.000,57.387,-3.732,2.688,0.299,2.415,2.393
127.557,63.360,-7.153,0.000,65.484,-8.596,3.205,-0.106,2.415,2.563
127.564,63.360,-7.153,0.000,73.695,-11.377,-0.491,-0.517,2.409,2.732
127.570,74.306,-6.797,0.000,78.072,-5.197,-3.204,-0.188,2.407,2.472
127.577,75.985,-6.797,0.000,79.961,-3.292,-0.753,-0.199,2.403,2.033
127.583,83.919,-6.974,0.000,85.009,-8.330,-0.608,-0.054,2.397,1.976
127.590,85.769,-6.974,0.000,92.014,-9.330,-3.567,-0.312,2.392,2.156
127.596,85.769,-6.974,0.000,94.446,-2.604,-4.002,-0.434,2.385,1.854
127.603,85.769,-6.974,0.000,96.926,-0.009,0.506,-0.558,2.376,1.668
127.609,98.596,-6.974,0.000,96.065,-2.328,5.887,0.127,2.377,1.161
127.616,101.762,-6.974,0.000,100.635,-5.078,3.749,0.056,2.379,1.313
127.622,101.762,-6.974,0.000,102.738,-0.137,-1.746,-0.049,2.378,1.174
127.629,109.465,-6.974,0.000,106.571,3.891,-4.040,0.145,2.378,1.266
127.635,109.465,-6.974,0.000,109.062,2.629,-1.867,0.020,2.380,1.226
127.642,111.749,-6.974,0.000,110.235,0.497,0.000,0.076,2.381,1.015
127.648,112.905,-6.974,0.000,113.935,0.872,1.122,-0.052,2.381,1.116
127.654,112.905,-6.974,0.000,116.940,2.515,-0.866,-0.202,2.379,1.159
127.661,121.266,-6.974,0.000,120.519,3.813,-2.788,0.037,2.379,1.235
127.667,121.266,-6.974,0.000,122.477,2.396,0.342,-0.061,2.378,1.107
127.674,121.266,-6.974,0.000,127.284,0.338,2.065,-0.301,2.372,1.261
127.680,121.266,-6.974,0.000,132.784,-2.465,-0.498,-0.576,2.364,1.499
127.687,121.266,-6.974,0.000,136.187,-0.252,-1.764,-0.746,2.351,1.476
127.693,121.266,-6.974,0.000,138.563,-0.573,1.197,-0.865,2.335,1.347
127.700,121.266,-6.974,0.000,142.722,-3.680,3.089,-1.073,2.314,1.373
127.706,143.633,-6.974,0.000,149.483,-6.163,-0.125,-0.293,2.296,1.659
127.713,143.633,-6.974,0.000,154.007,-3.243,-4.859,-0.519,2.288,1.726
127.719,143.633,-6.974,0.000,153.697,-0.166,-2.583,-0.503,2.279,1.289
127.726,158.247,-6.974,0.000,154.257,-1.907,3.121,0.200,2.282,0.975
127.732,158.247,-6.974,0.000,160.723,-3.436,5.498,-0.124,2.281,1.327
127.739,158.247,-6.974,0.000,163.765,-4.246,-0.764,-0.276,2.277,1.323
127.745,158.247,-6.974,0.000,166.210,0.834,0.001,-0.398,2.271,1.261
127.752,178.989,-7.153,0.000,166.276,1.594,3.401,0.636,2.270,0.956
127.758,178.989,-7.153,0.000,170.836,0.563,5.716,0.408,2.279,1.113
127.765,178.989,-7.153,0.000,174.464,1.233,0.255,0.226,2.286,1.244
127.771,178.989,-7.153,0.000,177.821,2.959,-6.365,0.058,2.288,1.251
127.778,185.788,-7.153,0.000,182.132,6.110,-5.186,0.183,2.291,1.362
127.784,185.788,-7.153,0.000,187.625,6.049,1.544,-0.092,2.291,1.567
127.791,185.788,-7.153,0.000,193.012,5.343,4.863,-0.361,2.286,1.698
127.797,185.788,-7.153,0.000,196.689,2.656,0.366,-0.545,2.277,1.640
127.804,185.788,-7.153,0.000,202.679,4.665,-1.425,-0.845,2.262,1.770
127.810,185.788,-7.153,0.000,207.737,4.912,-0.487,-1.097,2.242,1.831
127.817,182.363,-7.153,0.000,211.252,5.412,1.575,-1.444,2.215,1.709
127.823,161.307,-7.153,0.000,214.691,2.189,1.619,-2.669,2.171,1.604
127.830,161.307,-7.153,0.000,218.727,-2.713,-1.249,-2.871,2.117,1.597
127.836,140.843,-7.153,0.000,220.412,1.153,-2.413,-3.978,2.053,1.340
127.843,140.843,-7.153,0.000,222.425,5.644,-0.389,-4.079,1.976,1.224
127.849,140.843,-7.153,0.000,223.054,2.158,2.936,-4.111,1.896,0.975
127.856,140.843,-7.153,0.000,223.386,-2.615,3.689,-4.127,1.813,0.720
127.862,97.558,-6.974,0.000,223.306,-5.317,2.601,-6.287,1.706,0.541
127.869,85.769,-6.974,0.000,216.526,-3.785,-5.175,-6.538,1.581,-0.225
127.875,85.769,-6.974,0.000,212.367,-1.866,-3.372,-6.330,1.456,-0.589
127.882,45.304,-6.621,0.000,206.214,1.364,1.296,-8.045,1.322,-1.041
127.888,45.304,-6.621,0.000,196.704,1.374,2.835,-7.570,1.171,-1.704
127.895,45.304,-6.621,0.000,186.206,0.561,4.765,-7.045,1.030,-2.306
127.901,45.304,-6.621,0.000,178.596,0.608,7.072,-6.665,0.893,-2.501
127.908,28.693,-6.100,0.000,168.058,1.077,2.048,-6.968,0.762,-2.836
127.914,28.693,-6.100,0.000,151.863,-0.103,-3.561,-6.158,0.639,-3.671
127.921,28.693,-6.100,0.000,139.703,2.598,-4.447,-5.551,0.528,-3.920
127.927,28.693,-6.100,0.000,126.593,1.749,-7.005,-4.895,0.429,-4.217
127.933,26.395,-6.272,0.000,113.545,-0.095,-5.590,-4.357,0.340,-4.439
127.940,26.395,-6.272,0.000,102.046,4.417,-0.002,-3.783,0.262,-4.442
127.947,26.395,-6.272,0.000,91.786,7.798,-0.443,-3.270,0.194,-4.273
127.953,19.697,-6.272,0.000,80.487,4.404,3.298,-3.039,0.132,-4.313
127.960,19.697,-6.272,0.000,74.143,3.314,8.189,-2.722,0.077,-3.870
127.966,19.697,-6.272,0.000,68.611,1.246,2.962,-2.446,0.028,-3.420
127.973,12.607,-6.272,0.000,59.659,-0.478,-2.680,-2.353,-0.020,-3.415
127.979,8.256,-6.272,0.000,54.052,3.930,-1.387,-2.290,-0.067,-3.109
127.986,8.256,-6.272,0.000,52.186,6.595,1.160,-2.196,-0.110,-2.507
127.992,8.256,-6.272,0.000,47.829,5.931,4.213,-1.979,-0.150,-2.295
127.999,8.256,-6.272,0.000,47.409,2.255,3.598,-1.958,-0.190,-1.786
128.005,8.256,-6.272,0.000,45.489,0.260,0.820,-1.862,-0.227,-1.532
128.012,8.256,-6.272,0.000,46.997,0.720,-2.814,-1.937,-0.264,-1.005
128.018,-0.297,-4.598,0.000,46.274,-0.117,-3.224,-2.329,-0.306,-0.759
128.024,-0.297,-4.598,0.000,45.377,-1.406,-2.524,-2.284,-0.347,-0.639
128.030,-0.297,-4.598,0.000,43.676,-0.408,-3.244,-2.199,-0.387,-0.655
128.036,-0.595,-4.598,0.000,40.729,-0.226,-0.445,-2.066,-0.426,-0.839
128.042,-0.595,-4.598,0.000,37.690,0.483,2.125,-1.914,-0.464,-1.050
128.048,-0.595,-4.598,0.000,35.253,0.689,1.497,-1.792,-0.497,-1.063
128.054,-0.595,-4.598,0.000,32.883,2.248,1.435,-1.674,-0.527,-1.022
128.060,-10.639,-2.248,0.000,29.610,4.003,1.801,-2.012,-0.558,-1.095
128.066,-10.639,-2.248,0.000,25.573,4.327,0.074,-1.811,-0.593,-1.163
128.072,-15.008,-1.192,0.000,18.291,9.678,-1.574,-1.665,-0.626,-1.619
128.078,-15.008,-1.192,0.000,12.953,11.513,-3.844,-1.398,-0.653,-1.757
128.085,-25.660,-1.043,0.000,8.274,11.876,-4.224,-1.697,-0.684,-1.797
128.091,-25.660,-1.043,0.000,4.963,13.271,-0.969,-1.531,-0.716,-1.731
128.098,-25.660,-1.043,0.000,4.211,15.242,2.219,-1.494,-0.746,-1.390
128.104,-25.660,-1.043,0.000,-1.421,13.505,1.462,-1.212,-0.770,-1.536
128.111,-48.778,-0.893,0.000,-8.564,8.612,-0.489,-2.011,-0.810,-1.808
128.117,-48.778,-0.893,0.000,-14.312,12.177,-1.645,-1.723,-0.845,-1.961
128.123,-61.190,-0.893,0.000,-18.534,14.982,-4.182,-2.133,-0.883,-1.885
128.129,-61.190,-0.893,0.000,-23.828,18.709,-3.180,-1.868,-0.920,-1.948
128.136,-79.434,-0.744,0.000,-29.042,16.496,-0.543,-2.520,-0.959,-2.012
128.142,-79.434,-0.744,0.000,-32.815,15.774,1.514,-2.331,-1.006,-1.893
128.149,-79.434,-0.744,0.000,-40.064,13.586,0.171,-1.969,-1.045,-2.073
128.155,-79.434,-0.744,0.000,-44.044,11.240,-0.387,-1.769,-1.082,-1.944
128.162,-79.434,-0.744,0.000,-48.919,14.811,-3.012,-1.526,-1.113,-1.936
128.168,-120.042,-0.446,0.000,-55.846,14.515,-3.947,-3.210,-1.151,-2.071
128.175,-123.743,-0.446,0.000,-62.751,14.310,-0.714,-3.050,-1.209,-2.271
128.181,-123.743,-0.446,0.000,-67.316,13.243,2.483,-2.821,-1.267,-2.208
128.187,-132.732,-0.446,0.000,-71.004,13.990,-1.091,-3.086,-1.325,-2.014
128.194,-136.740,-0.446,0.000,-80.318,12.439,-1.620,-2.821,-1.380,-2.395
128.200,-136.740,-0.446,0.000,-86.546,10.055,-1.539,-2.510,-1.429,-2.402
128.206,-145.044,-0.446,0.000,-93.714,13.841,-2.368,-2.566,-1.474,-2.512
128.213,-145.044,-0.446,0.000,-101.637,14.422,-3.909,-2.170,-1.518,-2.682
128.219,-150.799,-0.446,0.000,-110.287,14.138,0.673,-2.026,-1.560,-2.880
128.225,-152.266,-0.446,0.000,-117.214,14.748,0.815,-1.753,-1.598,-2.936
128.232,-155.234,-0.446,0.000,-123.258,15.611,0.377,-1.599,-1.629,-2.808
128.238,-158.247,-0.446,0.000,-131.085,10.383,-2.756,-1.358,-1.656,-2.856
128.244,-158.247,-0.446,0.000,-139.382,7.514,-2.100,-0.943,-1.675,-2.910
128.251,-158.247,-0.446,0.000,-147.118,10.023,-2.690,-0.556,-1.688,-2.955
128.257,-167.568,-0.446,0.000,-152.259,12.249,-5.099,-0.765,-1.705,-2.754
128.263,-170.770,-0.446,0.000,-160.038,12.449,-2.592,-0.537,-1.718,-2.852
128.269,-170.770,-0.446,0.000,-165.396,11.371,0.536,-0.269,-1.725,-2.712
128.276,-170.770,-0.446,0.000,-169.324,10.818,3.028,-0.072,-1.728,-2.434
128.282,-191.020,-0.446,0.000,-172.796,10.957,-0.337,-0.911,-1.733,-2.162
128.288,-191.020,-0.446,0.000,-177.857,9.879,-1.098,-0.658,-1.746,-2.088
128.295,-191.020,-0.446,0.000,-181.955,12.880,-2.380,-0.453,-1.757,-2.011
128.301,-191.020,-0.446,0.000,-183.724,15.051,-2.138,-0.365,-1.765,-1.695
128.307,-194.573,-0.446,0.000,-187.415,16.483,-1.686,-0.358,-1.770,-1.600
128.314,-194.573,-0.446,0.000,-191.177,14.174,-0.855,-0.170,-1.776,-1.597
128.320,-194.573,-0.446,0.000,-191.293,11.170,3.230,-0.164,-1.779,-1.203
128.326,-194.573,-0.446,0.000,-196.189,11.140,0.675,0.081,-1.778,-1.359
128.332,-194.573,-0.446,0.000,-198.561,12.564,-2.535,0.199,-1.775,-1.242
128.339,-192.790,-0.446,0.000,-205.374,12.667,-3.411,0.629,-1.766,-1.599
128.345,-192.790,-0.446,0.000,-208.160,14.475,-1.604,0.768,-1.753,-1.527
128.351,-189.263,-0.446,0.000,-210.552,14.748,-0.032,1.064,-1.737,-1.412
128.358,-189.263,-0.446,0.000,-212.823,13.436,-0.363,1.178,-1.714,-1.256
128.364,-187.519,-0.446,0.000,-215.943,10.386,0.983,1.421,-1.688,-1.214
128.370,-187.519,-0.446,0.000,-221.312,12.149,-1.390,1.690,-1.657,-1.427
128.377,-184.069,-0.446,0.000,-223.335,14.297,-2.832,1.963,-1.623,-1.302
128.383,-184.069,-0.446,0.000,-225.149,14.652,-3.125,2.054,-1.584,-1.160
128.389,-184.069,-0.446,0.000,-228.461,12.416,-3.195,2.220,-1.545,-1.243
128.396,-180.670,-0.446,0.000,-227.427,10.393,-2.602,2.338,-1.500,-0.828
128.402,-178.989,-0.446,0.000,-226.955,9.797,-5.017,2.398,-1.453,-0.542
128.408,-178.989,-0.446,0.000,-226.917,13.054,-6.480,2.396,-1.407,-0.377
128.415,-169.163,-0.446,0.000,-227.679,11.437,-3.635,2.926,-1.358,-0.362
128.421,-153.744,-0.595,0.000,-227.190,6.397,1.603,3.672,-1.300,-0.286
128.427,-153.744,-0.595,0.000,-224.559,5.603,-0.568,3.541,-1.236,0.066
128.433,-139.465,-0.744,0.000,-222.359,8.000,-3.898,4.145,-1.155,0.296
128.440,-115.245,-1.043,0.000,-220.287,9.878,-4.527,5.252,-1.061,0.431
128.446,-115.245,-1.043,0.000,-218.866,7.055,-1.996,5.181,-0.958,0.449
128.453,-64.096,-2.860,0.000,-214.039,7.262,-3.508,7.497,-0.845,0.839
128.459,-64.096,-2.860,0.000,-210.606,12.116,-4.110,7.325,-0.701,0.981
128.466,-64.096,-2.860,0.000,-205.772,9.619,1.612,7.084,-0.562,1.195
128.472,-45.304,-3.955,0.000,-196.164,5.451,1.993,7.543,-0.412,1.818
128.478,-45.304,-3.955,0.000,-186.612,12.500,-3.730,7.065,-0.272,2.291
128.485,-25.660,-4.598,0.000,-176.994,12.747,-5.144,7.567,-0.127,2.678
128.491,-18.231,-4.760,0.000,-164.030,8.936,-4.649,7.290,0.013,3.249
128.498,-18.231,-4.760,0.000,-149.986,13.260,-4.185,6.588,0.149,3.755
128.504,-18.231,-4.760,0.000,-137.305,11.036,-1.061,5.954,0.267,4.040
128.511,-8.446,-5.089,0.000,-122.785,12.134,-2.428,5.717,0.383,4.455
128.517,-7.153,-5.089,0.000,-109.676,14.178,-1.717,5.126,0.486,4.616
128.524,-3.014,-5.758,0.000,-94.608,8.624,1.130,4.580,0.578,4.894
128.530,-3.014,-5.758,0.000,-81.815,11.366,-5.949,3.940,0.659,4.922
128.537,-3.014,-5.758,0.000,-70.105,14.838,-7.793,3.354,0.729,4.866
128.543,-3.014,-5.758,0.000,-63.196,8.044,-2.664,3.009,0.791,4.294
128.549,0.000,-7.153,0.000,-53.637,6.431,-0.209,2.682,0.838,4.114
128.555,0.000,-7.153,0.000,-46.293,3.891,0.378,2.315,0.877,3.897
128.560,0.000,-6.974,0.000,-38.899,5.442,-0.919,1.945,0.911,3.771
128.566,0.000,-6.974,0.000,-33.575,8.253,-2.497,1.679,0.941,3.451
128.571,0.000,-6.974,0.000,-28.348,10.971,-3.677,1.417,0.966,3.215
128.576,0.000,-6.974,0.000,-24.955,9.631,-3.564,1.248,0.987,2.836
128.582,0.000,-6.974,0.000,-23.563,10.027,-6.689,1.178,1.007,2.328
128.587,0.000,-6.974,0.000,-21.851,9.479,-5.580,1.093,1.026,1.941
128.593,0.000,-6.974,0.000,-22.126,9.854,-4.150,1.106,1.044,1.421
128.598,0.149,-7.153,0.000,-21.487,11.254,-5.682,1.082,1.061,1.101
128.604,0.149,-7.153,0.000,-21.698,11.585,-3.718,1.092,1.077,0.739
128.609,0.149,-7.153,0.000,-22.979,11.150,-2.094,1.156,1.095,0.352
128.614,0.149,-7.153,0.000,-23.406,11.501,-2.244,1.178,1.114,0.190
128.620,0.149,-7.153,0.000,-21.346,10.756,-1.980,1.075,1.131,0.351
128.626,0.446,-7.333,0.000,-17.994,8.053,-2.647,0.922,1.150,0.603
128.632,0.446,-7.333,0.000,-18.530,9.706,-1.976,0.949,1.168,0.426
128.639,3.482,-8.069,0.000,-15.747,11.991,-1.052,0.961,1.186,0.601
128.645,3.482,-8.069,0.000,-13.651,8.363,-0.708,0.857,1.203,0.635
128.652,5.089,-9.615,0.000,-9.526,6.010,-1.332,0.731,1.218,0.878
128.658,5.089,-9.615,0.000,-5.334,11.363,-3.215,0.521,1.229,1.062
128.665,7.153,-9.816,0.000,-4.759,10.133,-3.706,0.596,1.241,0.861
128.671,7.153,-9.816,0.000,0.982,4.714,-0.986,0.309,1.248,1.190
128.678,7.153,-9.816,0.000,3.980,9.394,-3.178,0.159,1.252,1.158
128.684,9.615,-10.430,0.000,7.215,11.406,-4.606,0.120,1.254,1.183
128.691,9.615,-10.430,0.000,12.955,8.459,-1.471,-0.167,1.252,1.406
128.697,9.615,-10.430,0.000,16.379,12.931,-2.151,-0.338,1.247,1.407
128.703,13.539,-13.539,0.000,19.185,18.423,-2.942,-0.282,1.243,1.345
128.710,13.539,-13.539,0.000,21.169,11.604,2.968,-0.382,1.235,1.184
128.716,16.839,-14.508,0.000,23.230,16.042,-3.873,-0.320,1.229,1.106
128.723,19.398,-15.777,0.000,25.140,18.874,-6.027,-0.287,1.223,1.014
128.729,19.398,-15.777,0.000,26.715,15.303,-0.021,-0.366,1.216,0.899
128.736,19.398,-15.777,0.000,30.681,12.272,-0.451,-0.564,1.206,1.057
128.742,27.145,-15.777,0.000,29.060,15.482,-1.850,-0.096,1.204,0.640
128.749,28.300,-16.839,0.000,32.920,16.793,0.015,-0.231,1.200,0.826
128.755,32.419,-19.697,0.000,34.128,10.793,-1.911,-0.085,1.197,0.733
128.762,32.419,-19.697,0.000,35.156,6.818,-1.420,-0.137,1.195,0.657
128.768,32.419,-19.697,0.000,36.126,8.896,-2.990,-0.185,1.191,0.576
128.775,53.734,-22.209,0.000,36.667,4.013,-1.384,0.853,1.194,0.491
128.781,53.734,-22.209,0.000,40.563,2.791,0.925,0.659,1.208,0.714
128.788,53.734,-22.209,0.000,42.567,4.264,-6.417,0.558,1.219,0.739
128.794,81.205,-24.941,0.000,44.157,1.495,-0.048,1.852,1.247,0.733
128.801,92.499,-27.145,0.000,46.095,1.021,4.499,2.320,1.288,0.725
128.807,92.499,-27.145,0.000,52.247,1.099,0.682,2.013,1.329,1.119
128.814,92.499,-27.145,0.000,58.741,1.771,-0.644,1.688,1.364,1.484
128.820,92.499,-27.145,0.000,63.384,3.097,0.629,1.456,1.394,1.582
128.827,114.070,-30.720,0.000,70.634,1.039,-1.967,2.172,1.439,1.856
128.833,122.500,-30.306,0.000,78.493,-0.901,-4.005,2.200,1.484,2.151
128.839,123.743,-31.138,0.000,87.422,1.254,-1.686,1.816,1.522,2.491
128.846,123.743,-31.138,0.000,94.698,-1.415,-0.304,1.452,1.553,2.612
128.852,130.112,-30.720,0.000,103.781,-5.415,-0.696,1.317,1.578,2.854
128.859,130.112,-30.720,0.000,110.627,-2.319,-1.201,0.974,1.598,2.790
128.865,132.732,-31.138,0.000,120.412,-3.051,-1.212,0.616,1.613,3.048
128.872,136.740,-30.720,0.000,130.406,-6.020,-1.610,0.317,1.623,3.224
128.878,136.740,-30.720,0.000,135.010,-3.620,-0.631,0.087,1.627,2.895
128.885,136.740,-30.720,0.000,142.687,-1.471,0.161,-0.297,1.624,2.934
128.891,138.097,-30.306,0.000,148.833,-4.520,0.846,-0.537,1.615,2.803
128.898,138.097,-30.306,0.000,153.588,-7.094,2.040,-0.775,1.600,2.526
128.904,136.740,-30.306,0.000,160.128,-5.615,-1.408,-1.169,1.580,2.544
128.910,136.740,-30.306,0.000,163.606,-7.131,-0.830,-1.343,1.556,2.282
128.917,136.740,-30.306,0.000,164.544,-10.347,1.713,-1.390,1.529,1.769
128.923,136.740,-30.306,0.000,167.809,-10.285,-1.004,-1.553,1.499,1.615
128.930,135.393,-26.395,0.000,169.406,-12.552,-6.599,-1.701,1.468,1.379
128.936,135.393,-26.395,0.000,170.306,-13.099,-2.372,-1.746,1.435,1.127
128.943,132.732,-26.026,0.000,170.176,-13.796,0.165,-1.872,1.398,0.831
128.949,132.732,-26.026,0.000,170.796,-18.574,2.247,-1.903,1.360,0.644
128.956,115.245,-24.236,0.000,172.214,-17.048,1.527,-2.848,1.312,0.644
128.962,115.245,-24.236,0.000,171.223,-13.109,-1.804,-2.799,1.258,0.401
128.969,99.643,-22.871,0.000,167.228,-14.797,4.285,-3.379,1.200,-0.083
128.975,99.643,-22.871,0.000,172.426,-14.518,1.108,-3.639,1.130,0.401
128.982,99.643,-22.871,0.000,171.810,-14.062,-1.705,-3.608,1.062,0.315
128.988,99.643,-22.871,0.000,167.357,-11.331,-1.897,-3.386,0.994,-0.182
128.995,71.036,-21.243,0.000,167.415,-7.148,-1.982,-4.819,0.910,-0.143
129.001,61.190,-20.927,0.000,166.009,-7.285,-0.527,-5.241,0.811,-0.256
129.007,48.185,-20.306,0.000,163.629,-7.748,3.046,-5.772,0.707,-0.408
129.014,48.185,-20.306,0.000,161.519,-3.243,-2.984,-5.667,0.593,-0.500
129.021,48.185,-20.306,0.000,157.316,-1.370,-1.231,-5.457,0.486,-0.784
129.027,48.185,-20.306,0.000,153.298,-1.244,0.974,-5.256,0.382,-0.976
129.034,48.185,-20.306,0.000,148.458,-5.637,0.516,-5.014,0.282,-1.209
129.040,27.145,-19.697,0.000,144.240,-4.210,0.464,-5.855,0.174,-1.289
129.047,26.768,-19.398,0.000,135.744,-3.499,-2.638,-5.449,0.067,-1.749
129.053,28.300,-19.398,0.000,126.775,-2.412,0.041,-4.924,-0.033,-2.193
129.060,30.306,-19.697,0.000,121.175,-3.351,2.156,-4.543,-0.126,-2.174
129.066,30.306,-19.697,0.000,110.424,-7.373,3.811,-4.006,-0.208,-2.673
129.073,30.306,-19.697,0.000,105.342,-5.548,3.315,-3.752,-0.283,-2.528
129.079,31.561,-21.243,0.000,100.656,-6.966,0.656,-3.455,-0.351,-2.341
129.086,32.419,-21.243,0.000,91.365,-10.896,2.568,-2.947,-0.410,-2.572
129.092,32.419,-21.243,0.000,84.017,-3.914,-0.352,-2.580,-0.463,-2.648
129.098,31.988,-21.243,0.000,77.956,-2.590,1.179,-2.298,-0.510,-2.588
129.105,31.988,-21.243,0.000,74.521,-3.120,4.152,-2.127,-0.552,-2.292
129.112,31.988,-21.243,0.000,72.009,-0.141,3.405,-2.001,-0.592,-1.954
129.118,31.988,-21.243,0.000,69.686,0.409,0.308,-1.885,-0.629,-1.667
129.124,31.561,-21.243,0.000,69.065,2.318,1.137,-1.875,-0.665,-1.309
129.131,31.561,-21.243,0.000,68.863,5.440,0.291,-1.865,-0.701,-0.965
129.137,31.561,-21.243,0.000,66.360,5.842,3.518,-1.740,-0.736,-0.976
129.144,31.561,-21.243,0.000,69.211,6.394,7.362,-1.883,-0.772,-0.479
129.150,31.561,-20.927,0.000,67.738,5.782,4.110,-1.809,-0.806,-0.444
129.157,31.561,-20.927,0.000,66.471,6.622,3.375,-1.745,-0.841,-0.453
129.163,37.951,-22.209,0.000,67.276,8.623,3.517,-1.466,-0.872,-0.282
129.170,45.869,-23.890,0.000,66.705,7.162,3.201,-1.042,-0.894,-0.252
129.176,45.869,-23.890,0.000,64.711,4.242,6.634,-0.942,-0.915,-0.432
129.183,45.869,-23.890,0.000,67.138,3.152,6.481,-1.063,-0.934,-0.089
129.189,61.907,-26.768,0.000,66.982,-3.169,2.358,-0.254,-0.938,-0.044
129.196,67.111,-29.491,0.000,62.869,-7.280,3.374,0.212,-0.935,-0.412
129.202,67.111,-29.491,0.000,63.635,-5.440,4.489,0.174,-0.932,-0.252
129.209,73.478,-27.911,0.000,65.009,-8.455,5.540,0.423,-0.924,-0.031
129.215,73.478,-27.911,0.000,62.163,-10.706,8.117,0.566,-0.915,-0.320
129.222,77.695,-28.693,0.000,65.401,-10.021,12.875,0.615,-0.906,0.043
129.228,77.695,-28.693,0.000,68.476,-17.098,9.333,0.461,-0.895,0.348
129.235,77.695,-28.693,0.000,67.969,-20.124,6.399,0.486,-0.886,0.223
129.241,77.695,-28.693,0.000,71.177,-16.132,7.160,0.326,-0.879,0.439
129.248,77.695,-24.941,0.000,74.015,-19.020,9.631,0.184,-0.875,0.605
129.254,77.695,-24.941,0.000,72.727,-19.007,12.125,0.248,-0.870,0.324
129.261,77.695,-24.941,0.000,77.327,-22.139,14.686,0.018,-0.869,0.655
129.267,77.695,-24.941,0.000,80.970,-26.946,10.095,-0.164,-0.870,0.886
129.274,74.306,-21.561,0.000,77.976,-24.600,1.586,-0.183,-0.875,0.368
129.280,74.306,-21.561,0.000,79.951,-21.772,3.102,-0.282,-0.881,0.448
129.287,67.882,-20.000,0.000,78.230,-23.629,6.633,-0.517,-0.889,0.162
129.293,65.590,-20.306,0.000,78.502,-20.211,7.812,-0.646,-0.901,0.133
129.300,65.590,-20.306,0.000,79.102,-23.370,9.661,-0.676,-0.915,0.144
129.306,65.590,-18.808,0.000,77.759,-24.770,11.450,-0.608,-0.927,0.004
129.313,65.590,-18.808,0.000,77.790,-19.720,7.327,-0.610,-0.938,-0.002
129.319,65.590,-18.808,0.000,75.111,-17.375,5.185,-0.476,-0.948,-0.254
129.325,65.590,-18.808,0.000,72.712,-17.311,5.445,-0.356,-0.956,-0.440
129.331,66.347,-18.808,0.000,71.400,-16.891,6.766,-0.253,-0.961,-0.465
129.337,66.347,-18.808,0.000,67.955,-17.036,8.692,-0.080,-0.964,-0.733
129.344,66.347,-18.808,0.000,65.351,-16.349,9.323,0.050,-0.965,-0.838
129.350,66.347,-18.808,0.000,66.884,-14.460,9.275,-0.027,-0.964,-0.456
129.356,65.590,-18.808,0.000,64.412,-16.774,6.429,0.059,-0.963,-0.571
129.362,65.590,-18.808,0.000,61.501,-16.822,6.913,0.204,-0.960,-0.708
129.369,65.590,-18.808,0.000,62.125,-13.454,6.789,0.173,-0.957,-0.499
129.375,65.590,-18.808,0.000,62.186,-13.830,8.595,0.170,-0.954,-0.355
129.381,65.590,-18.808,0.000,60.597,-13.768,8.411,0.250,-0.949,-0.415
129.388,39.442,-18.518,0.000,62.024,-16.761,10.164,-1.129,-0.972,-0.212
129.394,36.032,-18.231,0.000,66.139,-16.797,7.588,-1.505,-0.997,0.285
129.401,36.032,-18.231,0.000,64.206,-19.325,4.286,-1.409,-1.024,0.087
129.407,24.941,-15.518,0.000,64.968,-16.022,1.264,-2.001,-1.056,0.116
129.414,24.941,-15.518,0.000,65.949,-15.881,4.842,-2.050,-1.096,0.160
129.420,23.546,-15.261,0.000,66.172,-15.547,8.383,-2.131,-1.137,0.136
129.427,23.546,-15.261,0.000,64.677,-16.577,9.191,-2.057,-1.178,-0.064
129.433,9.615,-11.276,0.000,62.726,-22.116,8.250,-2.656,-1.225,-0.218
129.440,9.615,-11.276,0.000,57.039,-16.135,3.136,-2.371,-1.274,-0.699
129.446,9.615,-11.276,0.000,51.779,-10.989,0.404,-2.108,-1.317,-1.065
129.453,3.482,-7.515,0.000,46.774,-14.812,5.652,-2.165,-1.357,-1.294
129.459,3.482,-7.515,0.000,39.235,-12.637,7.020,-1.788,-1.395,-1.734
129.465,0.000,-6.974,0.000,32.558,-10.087,9.797,-1.628,-1.426,-2.114
129.470,0.000,-6.974,0.000,26.970,-10.638,9.414,-1.348,-1.450,-2.253
129.476,0.000,-6.974,0.000,21.906,-9.896,7.680,-1.095,-1.470,-2.289
129.481,0.000,-6.974,0.000,15.912,-9.837,6.935,-0.796,-1.486,-2.424
129.487,-0.595,-7.153,0.000,8.702,-12.998,8.185,-0.465,-1.496,-2.586
129.493,-0.595,-7.153,0.000,7.218,-11.474,7.878,-0.391,-1.504,-2.125
129.499,-0.595,-7.153,0.000,6.198,-9.897,4.680,-0.340,-1.508,-1.609
129.505,-0.595,-7.153,0.000,-0.597,-13.216,0.530,0.000,-1.508,-1.836
129.511,-5.255,-6.974,0.000,-5.115,-12.482,-0.762,-0.007,-1.509,-1.809
129.518,-5.255,-6.974,0.000,-6.575,-9.769,2.209,0.066,-1.509,-1.515
129.524,-9.416,-6.797,0.000,-7.920,-8.971,3.903,-0.075,-1.509,-1.266
129.531,-9.416,-6.797,0.000,-7.732,-10.939,4.086,-0.084,-1.511,-0.937
129.537,-9.416,-6.797,0.000,-9.508,-7.447,3.343,0.005,-1.511,-0.861
129.544,-9.416,-6.797,0.000,-8.933,-2.856,2.372,-0.024,-1.511,-0.600
129.550,-9.416,-6.797,0.000,-8.967,-1.750,1.906,-0.022,-1.511,-0.424
129.557,-10.430,-6.974,0.000,-9.397,-3.370,3.960,-0.052,-1.513,-0.395
129.563,-10.639,-6.974,0.000,-10.545,-2.056,2.130,-0.005,-1.514,-0.407
129.570,-11.062,-6.974,0.000,-10.828,3.384,0.136,-0.012,-1.513,-0.321
129.576,-11.062,-6.974,0.000,-11.345,4.785,0.997,0.014,-1.514,-0.290
129.583,-11.062,-6.974,0.000,-13.819,4.761,4.030,0.138,-1.513,-0.522
129.589,-11.493,-6.974,0.000,-13.603,6.904,2.577,0.106,-1.510,-0.332
129.596,-11.932,-6.974,0.000,-16.970,9.636,1.690,0.252,-1.506,-0.566
129.602,-11.932,-6.974,0.000,-19.741,11.202,3.526,0.390,-1.500,-0.691
129.609,-11.932,-6.974,0.000,-20.937,10.056,4.019,0.450,-1.492,-0.654
129.615,-16.038,-6.621,0.000,-22.259,7.701,4.497,0.311,-1.484,-0.623
129.622,-20.000,-6.100,0.000,-27.644,6.168,4.272,0.382,-1.475,-0.950
129.628,-20.000,-6.100,0.000,-28.104,9.582,1.985,0.405,-1.467,-0.751
129.635,-20.000,-6.100,0.000,-30.712,7.337,2.013,0.536,-1.456,-0.777
129.641,-20.000,-6.100,0.000,-35.357,5.053,4.419,0.768,-1.444,-1.070
129.648,-28.300,-3.482,0.000,-35.168,5.019,4.387,0.343,-1.435,-0.805
129.654,-28.300,-3.482,0.000,-35.729,0.938,0.183,0.371,-1.427,-0.623
129.660,-44.191,-1.043,0.000,-41.071,4.228,2.515,-0.156,-1.422,-0.973
129.667,-44.191,-1.043,0.000,-43.059,9.185,5.310,-0.057,-1.424,-0.935
129.673,-49.982,-0.893,0.000,-47.678,7.768,6.162,-0.115,-1.428,-1.176
129.680,-49.982,-0.893,0.000,-49.055,4.768,6.798,-0.046,-1.430,-1.023
129.686,-59.777,-0.744,0.000,-52.543,2.959,5.244,-0.362,-1.434,-1.089
129.693,-59.777,-0.744,0.000,-54.491,7.634,1.602,-0.264,-1.440,-1.027
129.699,-68.660,-0.595,0.000,-56.270,7.585,1.318,-0.619,-1.446,-0.897
129.705,-68.660,-0.595,0.000,-58.034,7.754,1.667,-0.531,-1.455,-0.820
129.711,-68.660,-0.595,0.000,-61.773,8.622,2.735,-0.344,-1.464,-1.057
129.717,-68.660,-0.595,0.000,-64.786,10.596,4.211,-0.194,-1.470,-1.187
129.723,-68.660,-0.595,0.000,-67.637,10.084,5.137,-0.051,-1.473,-1.219
129.729,-68.660,-0.595,0.000,-69.056,12.319,3.884,0.020,-1.472,-1.042
129.735,-68.660,-0.595,0.000,-72.605,11.959,4.166,0.197,-1.468,-1.082
129.741,-94.497,-0.297,0.000,-75.777,11.062,3.623,-0.936,-1.484,-1.070
129.747,-97.558,-0.297,0.000,-79.035,13.356,4.168,-0.926,-1.502,-1.170
129.753,-97.558,-0.297,0.000,-83.166,13.237,2.787,-0.720,-1.517,-1.369
129.759,-97.558,-0.297,0.000,-85.643,14.901,0.999,-0.596,-1.529,-1.264
129.765,-114.070,-0.297,0.000,-90.607,15.740,1.235,-1.173,-1.551,-1.415
129.771,-123.743,-0.297,0.000,-96.460,15.878,2.545,-1.364,-1.574,-1.660
129.777,-123.743,-0.297,0.000,-102.835,17.118,3.848,-1.045,-1.596,-1.958
129.783,-138.097,-0.297,0.000,-107.527,17.553,5.947,-1.528,-1.617,-2.018
129.789,-138.097,-0.297,0.000,-112.488,17.021,6.078,-1.280,-1.642,-2.063
129.795,-140.843,-0.297,0.000,-117.933,14.914,4.844,-1.146,-1.664,-2.106
129.802,-140.843,-0.297,0.000,-122.468,12.867,5.054,-0.919,-1.682,-2.020
129.807,-143.633,-0.297,0.000,-128.823,12.478,5.973,-0.740,-1.695,-2.168
129.813,-143.633,-0.297,0.000,-134.780,12.513,5.099,-0.443,-1.705,-2.229
129.819,-143.633,-0.297,0.000,-141.124,13.045,3.058,-0.125,-1.708,-2.302
129.825,-145.044,-0.297,0.000,-147.700,12.451,0.996,0.133,-1.706,-2.384
129.831,-145.044,-0.297,0.000,-153.674,10.569,-0.440,0.431,-1.699,-2.368
129.837,-145.044,-0.297,0.000,-159.113,11.221,-0.386,0.703,-1.688,-2.337
129.843,-145.044,-0.297,0.000,-162.731,12.918,0.349,0.884,-1.674,-2.134
129.850,-145.044,-0.297,0.000,-167.353,13.758,1.608,1.115,-1.655,-2.081
129.856,-155.234,-0.297,0.000,-169.655,13.848,2.379,0.721,-1.640,-1.823
129.862,-156.735,-0.297,0.000,-171.037,16.692,1.972,0.715,-1.626,-1.494
129.868,-156.735,-0.297,0.000,-175.185,16.107,1.804,0.922,-1.611,-1.556
129.874,-162.855,-0.297,0.000,-178.427,14.395,3.867,0.779,-1.599,-1.565
129.879,-162.855,-0.297,0.000,-177.043,11.614,5.918,0.709,-1.587,-1.057
129.885,-170.770,-0.297,0.000,-176.999,10.934,6.435,0.311,-1.578,-0.770
129.892,-175.665,-0.297,0.000,-178.270,10.708,5.935,0.130,-1.571,-0.610
129.898,-175.665,-0.297,0.000,-181.473,12.979,0.874,0.290,-1.565,-0.736
129.904,-175.665,-0.297,0.000,-183.299,14.704,-2.400,0.382,-1.560,-0.776
129.909,-177.320,-0.297,0.000,-185.515,15.993,-2.746,0.410,-1.553,-0.829
129.915,-177.320,-0.297,0.000,-187.028,14.872,-0.466,0.485,-1.545,-0.778
129.921,-177.320,-0.297,0.000,-189.268,15.859,2.620,0.597,-1.536,-0.841
129.927,-174.021,-0.297,0.000,-192.271,17.275,3.595,0.912,-1.521,-0.967
129.933,-174.021,-0.297,0.000,-193.715,16.788,4.005,0.985,-1.504,-0.902
129.939,-174.021,-0.297,0.000,-196.574,16.834,3.116,1.128,-1.484,-0.951
129.945,-159.772,-0.297,0.000,-200.146,16.185,2.423,2.019,-1.457,-1.066
129.951,-159.772,-0.297,0.000,-203.601,14.051,2.323,2.191,-1.418,-1.158
129.957,-159.772,-0.297,0.000,-205.235,14.614,0.444,2.273,-1.378,-1.043
129.963,-128.818,-0.297,0.000,-206.452,18.248,-0.194,3.882,-1.318,-0.921
129.969,-112.905,-0.446,0.000,-208.145,20.395,-1.473,4.762,-1.242,-0.848
129.976,-112.905,-0.446,0.000,-211.785,19.878,-0.502,4.944,-1.146,-0.921
129.982,-112.905,-0.446,0.000,-213.874,16.443,3.628,5.048,-1.053,-0.935
129.989,-77.695,-0.446,0.000,-210.246,14.029,4.305,6.628,-0.928,-0.388
129.995,-77.695,-0.446,0.000,-206.134,14.627,2.546,6.422,-0.803,0.170
130.001,-77.695,-0.446,0.000,-201.932,19.094,0.274,6.212,-0.684,0.573
130.007,-18.518,-0.595,0.000,-194.857,20.055,1.148,8.817,-0.553,1.157
130.013,-18.518,-0.595,0.000,-186.656,15.599,2.779,8.407,-0.400,1.715
130.019,-18.518,-0.595,0.000,-176.842,13.606,3.113,7.916,-0.252,2.258
130.026,-3.955,-0.744,0.000,-163.826,15.618,-0.385,7.994,-0.105,2.993
130.032,-3.955,-0.744,0.000,-152.351,17.236,-1.287,7.420,0.044,3.363
130.039,-3.955,-0.744,0.000,-142.449,15.861,2.920,6.925,0.183,3.498
130.045,0.000,-0.744,0.000,-128.302,14.491,2.557,6.415,0.310,3.989
130.051,0.000,-0.744,0.000,-111.813,12.021,2.213,5.591,0.407,4.901
130.056,0.000,-0.744,0.000,-96.602,12.334,1.535,4.830,0.491,5.453
130.062,0.000,-0.446,0.000,-85.174,15.962,0.528,4.259,0.566,5.359
130.067,0.000,-0.446,0.000,-73.195,15.762,-0.288,3.660,0.626,5.469
130.072,0.149,-0.446,0.000,-63.663,16.784,0.544,3.191,0.679,5.243
130.077,0.149,-0.446,0.000,-53.711,19.165,-1.208,2.693,0.723,5.125
130.083,0.149,-0.446,0.000,-45.309,17.158,-4.031,2.273,0.761,4.848
130.088,2.096,-0.595,0.000,-39.446,19.193,-1.757,2.077,0.799,4.281
130.094,5.589,-0.595,0.000,-35.758,20.522,1.743,2.067,0.836,3.621
130.100,5.589,-0.595,0.000,-32.324,18.964,4.173,1.896,0.871,3.077
130.106,5.589,-0.595,0.000,-29.650,18.044,3.800,1.762,0.904,2.580
130.113,20.927,-1.043,0.000,-28.934,18.698,0.683,2.493,0.951,2.002
130.119,20.927,-1.043,0.000,-27.636,23.776,-0.162,2.428,0.998,1.599
130.126,30.720,-1.043,0.000,-26.092,24.547,-0.886,2.841,1.051,1.374
130.132,30.720,-1.043,0.000,-28.066,23.029,0.066,2.939,1.107,0.844
130.138,30.720,-1.043,0.000,-25.753,20.109,3.291,2.824,1.161,0.825
130.145,30.720,-1.043,0.000,-24.387,16.558,1.777,2.755,1.216,0.779
130.151,45.304,-1.642,0.000,-23.111,19.703,-2.537,3.421,1.283,0.723
130.158,45.304,-1.642,0.000,-21.128,20.973,-2.405,3.322,1.349,0.750
130.164,57.706,-1.944,0.000,-18.383,16.718,0.584,3.804,1.419,0.801
130.171,65.590,-2.096,0.000,-11.607,12.079,3.053,3.860,1.493,1.249
130.177,68.660,-2.096,0.000,-5.191,17.116,-0.222,3.693,1.566,1.579
130.184,86.706,-2.400,0.000,2.186,18.533,-1.490,4.226,1.639,1.912
130.190,86.706,-2.400,0.000,9.423,16.024,1.816,3.864,1.710,2.168
130.196,86.706,-2.400,0.000,19.029,13.863,2.078,3.384,1.772,2.583
130.202,86.706,-2.400,0.000,29.307,11.461,-0.535,2.870,1.829,2.993
130.208,115.245,-2.706,0.000,39.144,13.377,-1.877,3.805,1.883,3.270
130.214,115.245,-2.706,0.000,50.577,14.641,-1.964,3.233,1.951,3.617
130.221,135.393,-3.325,0.000,58.717,13.868,0.549,3.834,2.029,3.496
130.227,135.393,-3.325,0.000,68.733,14.218,-1.573,3.333,2.096,3.584
130.234,155.234,-3.482,0.000,79.202,15.121,-0.740,3.802,2.167,3.696
130.240,169.163,-3.482,0.000,88.983,15.926,3.957,4.009,2.242,3.701
130.247,169.163,-3.482,0.000,100.960,13.931,1.945,3.410,2.312,3.930
130.253,178.989,-3.639,0.000,108.953,13.793,-4.540,3.502,2.378,3.731
130.260,178.989,-3.639,0.000,117.780,18.063,-4.623,3.060,2.438,3.671
130.266,178.989,-3.639,0.000,127.306,17.696,-1.421,2.584,2.489,3.668
130.272,196.369,-3.796,0.000,135.742,13.700,0.190,3.031,2.544,3.576
130.279,198.179,-3.796,0.000,144.852,17.848,-2.592,2.666,2.599,3.580
130.285,198.179,-3.796,0.000,152.023,20.066,0.294,2.308,2.646,3.382
130.292,203.686,-3.796,0.000,160.586,14.317,4.539,2.155,2.686,3.333
130.298,203.686,-3.796,0.000,171.793,12.839,2.658,1.595,2.720,3.573
130.305,207.425,-3.796,0.000,179.807,14.450,-3.038,1.381,2.751,3.464
130.311,207.425,-3.796,0.000,188.539,18.800,-4.352,0.944,2.772,3.432
130.318,224.932,-3.796,0.000,193.464,15.348,0.612,1.573,2.798,3.060
130.324,228.978,-3.796,0.000,201.552,13.291,3.076,1.371,2.823,3.041
130.330,235.155,-3.796,0.000,209.783,11.458,0.622,1.269,2.847,3.104
130.337,235.155,-3.796,0.000,215.716,13.724,-1.411,0.972,2.869,2.924
130.343,239.346,-3.796,0.000,220.669,14.787,-0.244,0.934,2.888,2.669
130.350,239.346,-3.955,0.000,225.945,13.837,1.793,0.670,2.902,2.461
130.356,239.346,-3.955,0.000,232.299,13.417,0.843,0.352,2.912,2.491
130.363,239.346,-3.955,0.000,236.325,15.395,-0.395,0.151,2.916,2.263
130.369,239.346,-3.955,0.000,240.969,14.154,3.847,-0.081,2.916,2.147
130.376,239.346,-3.955,0.000,246.600,13.251,3.938,-0.363,2.910,2.130
130.382,239.346,-3.955,0.000,253.265,12.660,1.781,-0.696,2.899,2.235
130.389,237.243,-3.955,0.000,258.038,10.038,-1.663,-1.040,2.880,2.124
130.396,235.155,-3.796,0.000,262.170,10.776,1.675,-1.351,2.856,1.998
130.402,228.978,-3.796,0.000,265.366,11.893,2.585,-1.819,2.823,1.820
130.408,222.931,-3.796,0.000,268.555,10.536,0.144,-2.281,2.784,1.660
130.415,201.837,-3.325,0.000,271.272,8.804,-0.261,-3.472,2.731,1.501
130.421,201.837,-3.325,0.000,274.211,6.022,-1.308,-3.619,2.663,1.450
130.428,187.519,-3.014,0.000,276.537,9.594,-2.085,-4.451,2.577,1.312
130.434,165.985,-2.706,0.000,277.659,10.843,-2.256,-5.584,2.469,1.087
130.441,145.044,-2.096,0.000,278.847,10.147,-0.137,-6.690,2.345,0.903
130.447,145.044,-2.096,0.000,279.122,9.114,1.996,-6.704,2.213,0.693
130.454,112.905,-1.342,0.000,275.467,10.521,0.571,-8.128,2.077,0.222
130.460,112.905,-1.342,0.000,268.576,11.478,-0.549,-7.784,1.924,-0.482
130.466,90.535,-1.192,0.000,260.022,12.350,0.812,-8.474,1.764,-1.261
130.473,90.535,-1.192,0.000,252.617,13.368,-0.737,-8.104,1.615,-1.749
130.479,58.390,-1.043,0.000,244.012,13.158,-2.177,-9.281,1.450,-2.200
130.485,58.390,-1.043,0.000,228.201,10.526,-0.266,-8.491,1.280,-3.153
130.492,58.390,-1.043,0.000,215.423,13.703,1.035,-7.852,1.120,-3.600
130.498,58.390,-1.043,0.000,199.537,13.788,0.090,-7.057,0.978,-4.236
130.505,36.032,-1.043,0.000,185.007,12.732,3.706,-7.449,0.828,-4.574
130.511,36.032,-1.043,0.000,167.113,13.253,1.903,-6.554,0.697,-5.109
130.518,28.300,-0.893,0.000,152.334,7.732,1.037,-6.202,0.575,-5.249
130.524,28.300,-0.893,0.000,138.807,9.490,1.266,-5.525,0.467,-5.236
130.530,24.941,-0.893,0.000,125.279,9.516,-0.305,-5.017,0.372,-5.198
130.537,24.941,-0.893,0.000,110.839,7.444,-4.462,-4.295,0.285,-5.371
130.543,24.941,-0.893,0.000,99.563,10.455,-1.650,-3.731,0.208,-5.183
130.549,24.587,-0.893,0.000,92.223,12.409,-0.111,-3.382,0.142,-4.607
130.556,24.587,-0.893,0.000,82.518,11.483,1.149,-2.897,0.085,-4.382
130.562,23.207,-0.893,0.000,75.995,7.171,2.946,-2.639,0.033,-3.957
130.568,23.207,-0.893,0.000,73.300,7.127,3.729,-2.505,-0.016,-3.295
130.575,23.207,-0.893,0.000,73.673,5.889,0.416,-2.523,-0.063,-2.416
130.581,23.207,-0.893,0.000,72.049,4.599,-1.674,-2.442,-0.109,-1.926
130.587,16.569,-0.893,0.000,68.597,6.228,0.751,-2.601,-0.158,-1.755
130.594,16.569,-0.893,0.000,67.425,8.748,2.205,-2.543,-0.207,-1.454
130.600,9.219,-1.043,0.000,66.892,9.267,3.253,-2.884,-0.257,-1.170
130.606,9.219,-1.043,0.000,66.340,8.011,2.449,-2.856,-0.313,-0.963
130.613,7.515,-1.043,0.000,66.270,6.614,2.917,-2.938,-0.369,-0.694
130.619,3.796,-1.043,0.000,64.915,8.391,1.814,-3.056,-0.429,-0.631
130.626,0.297,-1.043,0.000,61.414,11.544,-0.439,-3.056,-0.487,-0.841
130.632,0.297,-1.043,0.000,58.785,12.341,-0.906,-2.924,-0.540,-0.914
130.638,0.297,-1.043,0.000,54.793,12.535,-1.187,-2.725,-0.592,-1.126
130.643,-0.149,-1.043,0.000,48.728,13.382,-3.073,-2.444,-0.636,-1.564
130.649,-0.149,-1.043,0.000,43.013,11.481,-2.218,-2.158,-0.673,-1.860
130.654,-0.149,-1.043,0.000,37.762,11.143,-0.053,-1.896,-0.705,-2.015
130.660,-0.149,-1.043,0.000,32.677,9.571,0.061,-1.641,-0.734,-2.106
130.665,-0.149,-1.043,0.000,28.549,8.524,1.708,-1.435,-0.758,-2.035
130.670,-0.149,-1.043,0.000,22.956,8.035,2.435,-1.155,-0.778,-2.142
130.676,-0.149,-1.043,0.000,18.512,7.013,2.435,-0.933,-0.795,-2.093
130.681,-0.149,-1.043,0.000,14.389,6.977,2.534,-0.727,-0.808,-2.031
130.687,-3.639,-1.043,0.000,8.649,8.961,2.585,-0.614,-0.819,-2.100
130.693,-4.924,-1.043,0.000,5.240,8.627,3.902,-0.508,-0.829,-1.940
130.699,-4.924,-1.043,0.000,3.952,9.184,1.793,-0.444,-0.839,-1.657
130.706,-8.256,-1.043,0.000,2.257,9.729,2.578,-0.526,-0.849,-1.400
130.712,-14.262,-0.893,0.000,-1.017,8.306,0.983,-0.662,-0.862,-1.323
130.718,-21.243,-0.893,0.000,-3.695,8.636,1.613,-0.877,-0.876,-1.204
130.725,-21.243,-0.893,0.000,-7.371,11.807,3.784,-0.694,-0.891,-1.312
130.731,-41.500,-0.744,0.000,-7.785,14.289,5.194,-1.686,-0.911,-1.034
130.737,-41.500,-0.744,0.000,-9.885,12.633,4.958,-1.581,-0.942,-0.983
130.744,-41.500,-0.744,0.000,-8.843,8.921,4.498,-1.633,-0.974,-0.656
130.750,-41.500,-0.744,0.000,-10.675,4.196,2.426,-1.541,-1.004,-0.646
130.757,-61.190,-0.595,0.000,-15.746,9.868,-3.025,-2.272,-1.042,-0.996
130.763,-61.190,-0.595,0.000,-18.788,8.650,-4.303,-2.120,-1.082,-1.073
130.769,-91.513,-0.595,0.000,-23.353,10.019,-1.397,-3.408,-1.128,-1.301
130.775,-91.513,-0.595,0.000,-27.670,10.371,1.975,-3.192,-1.187,-1.456
130.781,-96.529,-0.595,0.000,-34.871,9.649,4.045,-3.083,-1.246,-1.883
130.787,-96.529,-0.595,0.000,-41.193,9.520,5.583,-2.767,-1.297,-2.073
130.793,-96.529,-0.595,0.000,-49.230,8.228,4.054,-2.365,-1.342,-2.392
130.799,-96.529,-0.595,0.000,-58.297,6.897,4.690,-1.912,-1.380,-2.765
130.805,-117.624,-0.595,0.000,-64.231,7.340,4.483,-2.670,-1.430,-2.693
130.811,-117.624,-0.595,0.000,-71.174,8.476,4.520,-2.322,-1.473,-2.653
130.817,-135.393,-0.595,0.000,-81.607,8.358,2.514,-2.689,-1.517,-2.990
130.823,-135.393,-0.595,0.000,-92.832,5.674,-0.647,-2.128,-1.558,-3.373
130.829,-135.393,-0.595,0.000,-102.446,5.845,-2.754,-1.647,-1.591,-3.540
130.835,-146.466,-0.595,0.000,-110.691,5.150,-3.052,-1.789,-1.626,-3.561
130.841,-150.799,-0.595,0.000,-119.522,7.900,-2.612,-1.564,-1.656,-3.589
130.847,-150.799,-0.595,0.000,-128.650,10.336,-4.203,-1.107,-1.679,-3.655
130.853,-150.799,-0.595,0.000,-137.409,9.863,-3.990,-0.670,-1.693,-3.603
130.859,-155.234,-0.595,0.000,-143.726,10.044,-0.948,-0.575,-1.706,-3.377
130.865,-159.772,-0.595,0.000,-152.613,8.242,2.014,-0.358,-1.717,-3.525
130.871,-165.985,-0.595,0.000,-155.968,4.692,4.478,-0.501,-1.726,-3.068
130.877,-167.568,-0.595,0.000,-158.719,5.258,4.099,-0.442,-1.734,-2.582
130.883,-167.568,-0.595,0.000,-164.369,3.665,0.722,-0.160,-1.737,-2.495
130.889,-167.568,-0.595,0.000,-170.766,2.016,-2.530,0.160,-1.736,-2.508
130.895,-177.320,-0.595,0.000,-172.528,2.486,-3.389,-0.240,-1.737,-2.054
130.901,-177.320,-0.595,0.000,-176.949,2.617,-2.838,-0.019,-1.739,-1.985
130.907,-177.320,-0.595,0.000,-178.414,2.177,-1.349,0.055,-1.738,-1.639
130.913,-177.320,-0.595,0.000,-181.713,1.691,0.142,0.220,-1.735,-1.572
130.919,-187.519,-0.595,0.000,-184.295,0.068,1.098,-0.161,-1.739,-1.451
130.925,-189.263,-0.595,0.000,-188.387,-1.509,0.403,-0.044,-1.741,-1.560
130.931,-192.790,-0.595,0.000,-189.600,-2.422,-0.237,-0.159,-1.743,-1.330
130.937,-192.790,-0.595,0.000,-192.746,0.212,-0.750,-0.002,-1.744,-1.317
130.943,-192.790,-0.595,0.000,-194.924,0.592,-0.084,0.107,-1.742,-1.184
130.949,-192.790,-0.595,0.000,-198.757,2.764,0.249,0.298,-1.736,-1.242
130.955,-198.179,-0.595,0.000,-203.219,1.395,0.989,0.252,-1.729,-1.366
130.961,-198.179,-0.595,0.000,-209.799,0.286,-0.434,0.581,-1.722,-1.756
130.967,-200.001,-0.595,0.000,-213.460,-0.413,-0.218,0.673,-1.713,-1.774
130.973,-200.001,-0.595,0.000,-215.929,-1.325,-1.583,0.796,-1.700,-1.614
130.979,-200.001,-0.595,0.000,-218.005,-0.709,-2.091,0.900,-1.683,-1.391
130.985,-201.837,-0.595,0.000,-222.012,2.015,-2.387,1.009,-1.664,-1.405
130.991,-201.837,-0.595,0.000,-225.308,2.195,-2.401,1.174,-1.642,-1.324
130.997,-201.837,-0.595,0.000,-232.253,0.369,-0.148,1.521,-1.617,-1.712
131.003,-201.837,-0.595,0.000,-236.198,-2.402,1.816,1.718,-1.589,-1.755
131.009,-201.837,-0.595,0.000,-237.865,-4.917,1.558,1.801,-1.559,-1.544
131.015,-201.837,-0.595,0.000,-238.903,-5.501,-1.069,1.853,-1.525,-1.255
131.021,-192.790,-0.744,0.000,-241.916,-5.115,-4.061,2.456,-1.479,-1.202
131.028,-182.363,-0.744,0.000,-244.920,-3.221,-2.188,3.128,-1.418,-1.175
131.034,-182.363,-0.744,0.000,-246.425,-5.030,0.784,3.203,-1.357,-1.069
131.040,-162.855,-0.744,0.000,-246.266,-7.203,2.008,4.171,-1.284,-0.805
131.047,-145.044,-0.744,0.000,-246.934,-7.161,0.324,5.094,-1.196,-0.644
131.053,-145.044,-0.744,0.000,-245.234,-4.199,-1.803,5.010,-1.099,-0.305
131.060,-145.044,-0.744,0.000,-244.913,-5.266,-2.001,4.993,-1.002,-0.231
131.066,-89.565,-1.043,0.000,-238.396,-10.108,-1.941,7.442,-0.857,0.437
131.073,-89.565,-1.043,0.000,-234.505,-6.299,-3.728,7.247,-0.711,0.718
131.079,-57.028,-1.642,0.000,-228.412,-5.267,-1.913,8.569,-0.554,1.117
131.086,-44.191,-2.248,0.000,-221.898,-5.675,-0.920,8.885,-0.388,1.439
131.092,-44.191,-2.248,0.000,-212.662,-4.227,-0.189,8.424,-0.221,1.946
131.099,-44.191,-2.248,0.000,-201.465,-3.474,0.877,7.864,-0.064,2.547
131.105,-17.947,-3.796,0.000,-187.334,-6.957,0.890,8.469,0.106,3.281
131.112,-17.947,-3.796,0.000,-175.149,-3.821,-2.309,7.860,0.265,3.651
131.118,-2.400,-4.598,0.000,-160.567,-2.893,-2.322,7.908,0.417,4.158
131.124,-0.149,-4.760,0.000,-147.273,-6.660,-1.059,7.356,0.553,4.506
131.130,-0.149,-4.760,0.000,-132.484,-8.885,-1.826,6.617,0.665,5.063
131.135,-0.149,-4.760,0.000,-118.412,-8.200,-3.258,5.913,0.765,5.440
131.141,0.000,-3.482,0.000,-103.354,-8.283,-2.719,5.168,0.855,5.824
131.146,0.000,-3.169,0.000,-89.538,-7.293,-1.406,4.477,0.932,5.970
131.152,0.000,-3.169,0.000,-77.323,-6.983,-0.906,3.866,0.998,5.859
131.157,0.000,-1.944,0.000,-68.195,-7.626,0.045,3.410,1.057,5.428
131.163,0.000,-1.944,0.000,-59.254,-8.425,0.724,2.963,1.108,5.113
131.168,0.000,-1.944,0.000,-50.972,-6.809,-0.525,2.549,1.152,4.798
131.173,0.000,-1.642,0.000,-44.301,-5.793,-0.269,2.215,1.191,4.375
131.179,0.000,-1.793,0.000,-41.568,-5.490,-0.353,2.078,1.225,3.614
131.184,0.000,-1.793,0.000,-39.116,-7.607,-0.857,1.956,1.256,2.975
131.189,0.000,-1.793,0.000,-39.064,-5.547,-1.018,1.953,1.287,2.224
131.195,0.297,-1.944,0.000,-39.050,-7.322,-1.515,1.967,1.319,1.662
131.201,0.297,-1.944,0.000,-39.936,-11.201,1.856,2.012,1.354,1.114
131.207,0.297,-1.944,0.000,-39.904,-12.048,3.973,2.010,1.391,0.837
131.213,0.744,-2.553,0.000,-39.422,-13.405,-0.743,2.008,1.430,0.706
131.220,2.706,-3.482,0.000,-39.609,-11.034,-0.961,2.116,1.471,0.531
131.226,2.706,-3.482,0.000,-39.704,-9.982,-1.146,2.120,1.512,0.402
131.233,8.256,-5.089,0.000,-39.244,-12.301,0.810,2.375,1.556,0.316
131.239,8.256,-5.089,0.000,-35.015,-14.761,-2.282,2.164,1.599,0.629
131.246,8.256,-5.089,0.000,-32.429,-12.469,-2.572,2.034,1.640,0.745
131.252,8.256,-5.089,0.000,-29.969,-8.765,1.247,1.911,1.679,0.815
131.259,19.102,-6.974,0.000,-26.985,-12.884,2.738,2.304,1.724,0.868
131.265,22.209,-6.974,0.000,-18.507,-14.077,-1.805,2.036,1.765,1.467
131.272,27.526,-7.333,0.000,-11.177,-10.537,-0.531,1.935,1.803,1.810
131.278,28.300,-7.153,0.000,-7.794,-11.416,1.641,1.805,1.839,1.693
131.285,28.300,-7.153,0.000,1.395,-12.031,-0.006,1.345,1.868,2.152
131.291,28.300,-7.153,0.000,5.374,-9.170,-3.184,1.146,1.892,2.000
131.298,34.642,-7.515,0.000,10.362,-6.052,-2.738,1.214,1.917,1.965
131.304,34.642,-7.515,0.000,16.456,-9.766,0.907,0.909,1.936,2.037
131.311,34.642,-7.515,0.000,25.294,-14.706,-0.027,0.467,1.949,2.387
131.317,61.907,-9.416,0.000,30.173,-10.188,-2.874,1.587,1.964,2.276
131.323,61.907,-9.416,0.000,34.026,-6.317,-1.006,1.394,1.993,2.122
131.330,61.907,-9.416,0.000,36.382,-13.309,1.449,1.276,2.017,1.777
131.336,88.604,-9.615,0.000,45.296,-16.327,-2.690,2.165,2.062,2.177
131.343,103.917,-10.430,0.000,47.192,-12.076,-4.193,2.836,2.118,1.835
131.350,103.917,-10.430,0.000,52.611,-7.442,-1.398,2.565,2.171,1.903
131.356,134.057,-10.639,0.000,54.009,-13.456,2.110,4.002,2.239,1.570
131.362,139.465,-11.062,0.000,60.659,-15.950,2.203,3.940,2.313,1.789
131.369,139.465,-11.062,0.000,65.454,-15.060,1.437,3.701,2.387,1.825
131.375,139.465,-11.062,0.000,71.360,-13.797,1.191,3.405,2.453,1.939
131.382,162.855,-11.932,0.000,79.334,-16.193,2.260,4.176,2.537,2.227
131.388,174.021,-12.836,0.000,85.726,-17.180,-0.129,4.415,2.622,2.315
131.395,174.021,-12.836,0.000,94.443,-13.624,-1.806,3.979,2.703,2.566
131.401,189.263,-13.777,0.000,103.947,-13.548,-1.595,4.266,2.778,2.832
131.408,189.263,-13.777,0.000,115.549,-16.557,-1.388,3.686,2.853,3.240
131.414,189.263,-13.777,0.000,127.702,-19.240,-1.424,3.078,2.917,3.604
131.421,198.179,-13.777,0.000,140.895,-14.582,-2.473,2.864,2.977,3.990
131.427,198.179,-13.777,0.000,152.171,-17.885,0.795,2.300,3.000,4.106
131.433,201.837,-14.018,0.000,164.292,-16.917,-2.162,1.877,3.000,4.264
131.440,201.837,-14.262,0.000,176.743,-11.913,-1.371,1.255,3.000,4.373
131.447,201.837,-14.262,0.000,187.697,-14.350,0.951,0.707,3.000,4.324
131.453,201.837,-14.262,0.000,198.661,-18.427,3.833,0.159,3.000,4.315
131.460,205.549,-14.757,0.000,209.638,-20.209,1.822,-0.204,2.999,4.301
131.466,207.425,-14.757,0.000,216.932,-16.499,-1.673,-0.475,2.992,3.923
131.472,207.425,-14.757,0.000,221.884,-14.701,-0.603,-0.723,2.979,3.401
131.479,207.425,-14.757,0.000,225.577,-18.918,-0.323,-0.908,2.961,2.882
131.485,207.425,-14.757,0.000,231.704,-22.079,-0.291,-1.214,2.939,2.747
131.492,207.425,-14.757,0.000,232.489,-21.411,-3.055,-1.253,2.916,2.186
131.499,207.425,-14.757,0.000,233.759,-20.604,-1.808,-1.317,2.891,1.784
131.505,198.179,-14.757,0.000,233.688,-19.450,-0.241,-1.775,2.856,1.311
131.512,198.179,-14.757,0.000,233.754,-21.859,1.077,-1.779,2.820,0.936
131.518,162.855,-14.757,0.000,235.434,-21.432,-0.702,-3.629,2.762,0.867
131.525,153.744,-14.508,0.000,235.900,-18.949,-5.161,-4.108,2.690,0.760
131.531,123.743,-11.276,0.000,231.516,-16.748,-3.396,-5.389,2.603,0.168
131.538,123.743,-11.276,0.000,228.321,-17.811,0.292,-5.229,2.497,-0.244
131.544,123.743,-11.276,0.000,227.996,-18.085,-1.198,-5.213,2.395,-0.250
131.550,123.743,-11.276,0.000,223.344,-19.509,-0.998,-4.980,2.299,-0.602
131.557,38.940,-9.416,0.000,218.707,-18.991,0.360,-8.988,2.152,-0.886
131.563,38.940,-9.416,0.000,213.263,-17.449,1.087,-8.716,1.981,-1.210
131.570,20.000,-7.883,0.000,206.063,-16.407,-1.766,-9.303,1.810,-1.582
131.576,20.000,-7.883,0.000,197.433,-19.146,-2.794,-8.872,1.633,-2.052
131.583,9.816,-7.515,0.000,189.642,-16.798,-0.044,-8.991,1.452,-2.247
131.590,9.816,-7.515,0.000,175.039,-15.695,-2.771,-8.261,1.287,-3.025
131.596,0.297,-6.974,0.000,160.385,-15.528,-4.054,-8.004,1.133,-3.777
131.602,-0.149,-6.974,0.000,145.551,-15.689,-5.235,-7.285,0.996,-4.407
131.607,-0.149,-6.974,0.000,130.709,-15.085,-4.051,-6.543,0.885,-5.042
131.613,-0.149,-7.153,0.000,116.161,-15.622,-4.000,-5.815,0.786,-5.439
131.618,-0.149,-7.153,0.000,101.626,-15.273,-5.961,-5.089,0.700,-5.659
131.624,-0.149,-7.153,0.000,88.135,-13.939,-3.802,-4.414,0.623,-5.661
131.629,-0.149,-7.153,0.000,78.527,-14.160,-1.829,-3.934,0.557,-5.254
131.635,0.000,-7.515,0.000,69.546,-12.756,0.659,-3.477,0.498,-4.904
131.640,0.000,-7.515,0.000,63.841,-14.438,0.224,-3.192,0.445,-4.311
131.646,0.000,-7.515,0.000,57.015,-12.659,-0.584,-2.851,0.397,-3.984
131.651,0.000,-7.515,0.000,53.487,-13.556,-1.379,-2.674,0.352,-3.396
131.657,-0.446,-7.698,0.000,50.189,-15.254,-2.201,-2.532,0.308,-2.929
131.663,-0.446,-7.698,0.000,45.537,-16.569,-6.328,-2.299,0.266,-2.628
131.669,-0.446,-7.698,0.000,43.477,-13.535,-6.924,-2.196,0.224,-2.163
131.676,-8.446,-7.153,0.000,38.680,-13.037,-5.996,-2.356,0.178,-2.085
131.682,-11.932,-6.974,0.000,37.747,-16.889,-1.853,-2.484,0.128,-1.690
131.688,-21.561,-6.974,0.000,37.806,-18.181,-2.316,-2.968,0.073,-1.294
131.695,-25.299,-6.621,0.000,38.220,-17.778,-3.520,-3.176,0.014,-0.893
131.701,-25.299,-6.621,0.000,37.904,-15.753,-2.546,-3.160,-0.047,-0.701
131.708,-25.299,-6.621,0.000,34.353,-17.182,-0.317,-2.983,-0.107,-0.895
131.715,-25.299,-6.621,0.000,35.561,-18.362,-2.248,-3.043,-0.167,-0.582
131.721,-34.189,-6.621,0.000,32.011,-19.385,-6.207,-3.310,-0.232,-0.748
131.727,-34.189,-6.621,0.000,28.393,-17.542,-6.426,-3.129,-0.295,-0.928
131.734,-38.940,-6.621,0.000,21.747,-16.356,-5.489,-3.034,-0.355,-1.347
131.740,-40.461,-6.446,0.000,17.375,-14.584,-4.556,-2.892,-0.412,-1.452
131.747,-40.461,-6.446,0.000,10.282,-15.692,-3.347,-2.537,-0.464,-1.787
131.753,-40.461,-6.446,0.000,4.874,-16.642,-2.101,-2.267,-0.509,-1.821
131.760,-50.592,-6.446,0.000,-5.408,-11.851,-3.073,-2.259,-0.557,-2.321
131.767,-50.592,-6.272,0.000,-13.162,-10.184,-3.884,-1.872,-0.597,-2.492
131.773,-59.080,-4.760,0.000,-20.321,-10.692,-1.715,-1.938,-0.635,-2.621
131.780,-59.080,-4.760,0.000,-24.465,-8.943,-2.231,-1.731,-0.669,-2.341
131.786,-77.695,-3.325,0.000,-32.633,-11.164,-5.130,-2.253,-0.702,-2.477
131.792,-81.205,-3.169,0.000,-40.265,-8.848,-6.418,-2.047,-0.742,-2.598
131.799,-81.205,-3.169,0.000,-46.336,-6.552,-4.447,-1.743,-0.780,-2.580
131.806,-81.205,-3.169,0.000,-51.637,-11.143,-3.716,-1.478,-0.811,-2.443
131.812,-96.529,-3.014,0.000,-55.231,-13.146,-3.186,-2.065,-0.852,-2.182
131.819,-99.643,-3.014,0.000,-61.922,-10.890,-3.103,-1.886,-0.889,-2.254
131.825,-99.643,-3.014,0.000,-67.154,-5.300,-6.601,-1.624,-0.922,-2.174
131.832,-112.905,-3.014,0.000,-71.902,-6.310,-5.698,-2.050,-0.955,-2.111
131.838,-112.905,-3.014,0.000,-73.953,-9.184,-2.566,-1.948,-0.995,-1.829
131.845,-115.245,-3.014,0.000,-78.350,-8.562,-3.689,-1.845,-1.031,-1.752
131.851,-115.245,-3.014,0.000,-83.427,-6.551,-1.448,-1.591,-1.064,-1.768
131.858,-131.417,-3.014,0.000,-90.609,-8.512,0.759,-2.040,-1.101,-2.075
131.864,-131.417,-3.014,0.000,-92.917,-8.861,-1.095,-1.925,-1.138,-1.872
131.869,-131.417,-3.014,0.000,-94.776,-6.856,-2.281,-1.832,-1.172,-1.631
131.876,-131.417,-3.014,0.000,-101.231,-6.354,-1.148,-1.509,-1.201,-1.881
131.882,-143.633,-3.014,0.000,-105.199,-7.924,-2.161,-1.922,-1.238,-1.781
131.888,-146.466,-3.014,0.000,-111.891,-7.113,-1.892,-1.729,-1.272,-1.971
131.895,-149.344,-3.014,0.000,-116.702,-6.384,-2.361,-1.632,-1.306,-1.980
131.901,-152.266,-3.014,0.000,-122.617,-6.856,-4.271,-1.482,-1.335,-2.055
131.908,-152.266,-3.014,0.000,-129.217,-6.990,-4.775,-1.152,-1.360,-2.202
131.914,-152.266,-3.014,0.000,-133.260,-7.664,-5.519,-0.950,-1.379,-1.995
131.921,-155.234,-3.014,0.000,-141.679,-5.543,-6.849,-0.678,-1.394,-2.294
131.927,-159.772,-2.706,0.000,-146.608,-5.088,-4.664,-0.658,-1.407,-2.206
131.934,-159.772,-2.706,0.000,-153.319,-8.857,-0.483,-0.323,-1.417,-2.351
131.940,-170.770,-1.793,0.000,-156.635,-9.499,-0.656,-0.707,-1.424,-2.062
131.947,-170.770,-1.793,0.000,-160.730,-5.256,-5.851,-0.502,-1.434,-1.928
131.953,-170.770,-1.793,0.000,-165.931,-4.322,-5.037,-0.242,-1.440,-1.938
131.959,-170.770,-1.793,0.000,-173.346,-5.402,0.231,0.129,-1.440,-2.191
131.965,-174.021,-2.096,0.000,-175.993,-7.533,0.774,0.099,-1.439,-1.942
131.972,-167.568,-3.325,0.000,-178.674,-8.429,-2.082,0.555,-1.430,-1.674
131.978,-159.772,-3.325,0.000,-182.807,-5.883,-5.600,1.152,-1.413,-1.635
131.985,-143.633,-4.436,0.000,-185.067,-6.297,0.507,2.072,-1.383,-1.412
131.991,-143.633,-4.436,0.000,-186.580,-6.646,1.998,2.147,-1.343,-1.242
131.998,-108.337,-6.797,0.000,-188.037,-7.491,-0.556,3.985,-1.266,-1.054
132.004,-95.509,-7.153,0.000,-190.471,-6.483,-4.365,4.748,-1.179,-1.027
132.011,-95.509,-7.153,0.000,-187.663,-4.815,-4.412,4.608,-1.089,-0.511
132.017,-95.509,-7.153,0.000,-188.187,-6.093,-2.541,4.634,-0.999,-0.423
132.024,-95.509,-7.153,0.000,-184.064,-8.420,-0.900,4.428,-0.912,0.085
132.030,-95.509,-7.153,0.000,-180.671,-6.807,-1.868,4.258,-0.826,0.421
132.037,-95.509,-7.153,0.000,-175.065,-4.619,-2.158,3.978,-0.747,0.841
132.043,-11.932,-11.932,0.000,-167.892,-9.682,-0.228,7.798,-0.593,1.299
132.050,-9.219,-11.932,0.000,-158.709,-10.627,-1.217,7.475,-0.443,1.893
132.056,-5.928,-11.932,0.000,-151.147,-8.432,-2.929,7.261,-0.303,2.172
132.063,-1.043,-11.711,0.000,-141.850,-10.009,-1.135,7.040,-0.167,2.528
132.069,-1.043,-11.711,0.000,-131.453,-13.231,-1.160,6.520,-0.039,2.843
132.075,0.000,-10.019,0.000,-120.047,-11.590,-1.153,6.002,0.072,3.320
132.081,0.000,-10.019,0.000,-109.827,-8.506,-1.321,5.491,0.163,3.623
132.086,0.000,-10.019,0.000,-97.279,-10.852,-1.114,4.864,0.245,4.134
132.091,0.000,-10.019,0.000,-82.437,-10.797,-2.780,4.122,0.316,4.800
132.097,0.000,-7.153,0.000,-71.751,-9.683,-3.666,3.588,0.378,4.813
132.102,0.000,-6.974,0.000,-61.691,-9.745,-2.866,3.085,0.431,4.768
132.108,0.000,-6.974,0.000,-52.444,-12.074,-1.292,2.622,0.476,4.618
132.113,0.000,-6.974,0.000,-44.280,-17.187,0.380,2.214,0.514,4.380
132.119,0.149,-6.797,0.000,-37.969,-19.272,2.736,1.906,0.547,3.941
132.124,0.297,-6.797,0.000,-33.026,-19.380,3.648,1.666,0.574,3.476
132.130,0.297,-6.797,0.000,-29.161,-20.111,1.928,1.473,0.601,3.002
132.136,1.793,-6.974,0.000,-26.384,-19.860,-0.969,1.409,0.628,2.519
132.143,3.955,-7.153,0.000,-24.341,-17.658,-0.589,1.415,0.655,2.082
132.149,3.955,-7.153,0.000,-22.411,-17.370,-0.316,1.318,0.682,1.787
132.156,8.256,-7.333,0.000,-23.495,-18.791,0.234,1.588,0.709,1.230
132.162,9.219,-7.515,0.000,-24.500,-18.509,-0.852,1.686,0.740,0.783
132.169,9.219,-7.515,0.000,-24.441,-17.290,-2.957,1.683,0.773,0.573
132.175,9.219,-7.515,0.000,-22.914,-14.979,-0.453,1.607,0.805,0.610
132.182,9.219,-7.515,0.000,-25.491,-13.698,2.276,1.735,0.838,0.242
132.188,16.038,-8.069,0.000,-26.499,-15.323,3.827,2.127,0.877,0.074
132.195,16.038,-8.069,0.000,-24.181,-16.957,-1.162,2.011,0.917,0.277
132.201,16.038,-8.069,0.000,-21.421,-12.972,-2.662,1.873,0.953,0.452
132.208,16.038,-8.069,0.000,-18.087,-11.579,-1.612,1.706,0.989,0.694
132.214,23.890,-9.615,0.000,-16.057,-12.032,-0.508,1.997,1.029,0.702
132.221,23.890,-9.615,0.000,-10.756,-14.150,-0.489,1.732,1.064,1.039
132.227,31.561,-13.302,0.000,-6.133,-10.823,-2.576,1.885,1.100,1.227
132.234,31.561,-13.302,0.000,-1.296,-10.931,1.765,1.643,1.133,1.392
132.240,31.561,-13.302,0.000,3.988,-10.207,3.770,1.379,1.162,1.568
132.247,31.561,-13.302,0.000,10.567,-11.074,0.580,1.050,1.184,1.794
132.253,47.016,-14.262,0.000,14.088,-8.794,-2.823,1.646,1.217,1.700
132.260,47.016,-14.262,0.000,16.841,-7.880,-1.938,1.509,1.248,1.526
132.266,64.096,-15.777,0.000,21.463,-9.716,1.746,2.132,1.285,1.571
132.273,76.836,-16.839,0.000,29.281,-11.919,3.387,2.378,1.330,1.928
132.279,76.836,-16.839,0.000,35.244,-15.811,0.098,2.080,1.373,2.049
132.286,106.109,-18.808,0.000,39.676,-13.383,-4.157,3.322,1.421,1.980
132.292,106.109,-18.808,0.000,42.033,-9.499,-3.254,3.204,1.483,1.738
132.298,114.070,-20.306,0.000,46.506,-13.349,0.362,3.378,1.549,1.704
132.305,114.070,-20.306,0.000,55.402,-18.969,1.734,2.933,1.608,2.106
132.312,128.818,-20.306,0.000,63.359,-25.170,1.182,3.273,1.672,2.378
132.318,128.818,-20.306,0.000,68.344,-21.690,-2.878,3.024,1.733,2.297
132.324,139.465,-21.243,0.000,73.279,-14.648,-0.351,3.309,1.792,2.218
132.331,139.465,-21.243,0.000,80.112,-18.480,3.390,2.968,1.851,2.312
132.337,139.465,-21.243,0.000,89.061,-21.480,1.482,2.520,1.902,2.566
132.344,150.799,-23.207,0.000,96.077,-20.176,-2.687,2.736,1.958,2.630
132.350,152.266,-23.890,0.000,104.876,-15.595,-0.546,2.369,2.006,2.801
132.357,155.234,-23.546,0.000,111.227,-13.542,2.771,2.200,2.051,2.704
132.363,155.234,-23.546,0.000,121.487,-16.424,3.329,1.687,2.086,3.012
132.370,155.234,-23.546,0.000,133.338,-18.682,1.914,1.095,2.112,3.438
132.376,158.247,-24.587,0.000,139.829,-17.777,-1.157,0.921,2.133,3.238
132.383,158.247,-24.587,0.000,147.293,-16.051,-0.846,0.548,2.145,3.135
132.389,158.247,-24.941,0.000,154.111,-14.911,-1.293,0.207,2.151,2.997
132.396,158.247,-24.941,0.000,159.540,-16.769,0.691,-0.065,2.151,2.764
132.402,158.247,-24.941,0.000,163.973,-15.384,1.203,-0.286,2.147,2.496
132.409,147.899,-25.299,0.000,167.581,-17.222,0.305,-0.984,2.136,2.251
132.415,147.899,-25.299,0.000,168.058,-16.251,-0.216,-1.008,2.117,1.747
132.422,146.466,-25.299,0.000,169.549,-15.602,-1.418,-1.154,2.095,1.429
132.428,136.740,-24.587,0.000,171.496,-17.305,-1.496,-1.738,2.065,1.259
132.434,136.740,-24.587,0.000,171.615,-16.178,0.307,-1.744,2.031,0.942
132.441,123.743,-22.871,0.000,171.753,-17.963,-0.350,-2.401,1.993,0.723
132.447,123.743,-22.871,0.000,173.370,-20.832,0.288,-2.481,1.946,0.715
132.454,123.743,-22.871,0.000,171.361,-25.818,-0.758,-2.381,1.898,0.367
132.460,109.465,-21.243,0.000,170.527,-29.892,-2.370,-3.053,1.839,0.205
132.467,96.529,-20.927,0.000,168.281,-27.500,-1.670,-3.588,1.768,-0.089
132.473,88.604,-20.615,0.000,166.496,-22.242,0.716,-3.895,1.694,-0.250
132.480,88.604,-20.615,0.000,163.874,-22.218,3.599,-3.764,1.619,-0.467
132.486,54.380,-19.102,0.000,160.716,-27.988,4.167,-5.317,1.536,-0.677
132.493,54.380,-19.102,0.000,160.194,-29.054,2.858,-5.291,1.433,-0.558
132.500,54.380,-19.102,0.000,156.639,-31.603,1.260,-5.113,1.331,-0.680
132.506,31.561,-16.302,0.000,148.497,-30.002,-4.048,-5.847,1.216,-1.256
132.512,31.561,-16.302,0.000,141.406,-24.306,-7.708,-5.492,1.105,-1.689
132.519,17.947,-13.068,0.000,137.532,-22.289,-4.404,-5.979,0.992,-1.653
132.525,7.698,-11.062,0.000,128.243,-22.191,2.278,-6.027,0.879,-2.146
132.532,4.275,-8.829,0.000,118.428,-19.654,3.732,-5.708,0.770,-2.600
132.538,4.275,-8.829,0.000,107.964,-14.731,2.830,-5.184,0.665,-2.995
132.544,0.297,-7.333,0.000,101.396,-15.359,3.596,-5.055,0.566,-2.933
132.550,0.297,-7.333,0.000,94.114,-16.684,3.539,-4.691,0.479,-3.000
132.556,-0.149,-7.153,0.000,85.005,-15.113,3.682,-4.258,0.400,-3.190
132.562,-0.149,-7.153,0.000,74.040,-13.472,1.272,-3.709,0.338,-3.602
132.567,-0.149,-7.153,0.000,66.979,-11.591,1.973,-3.356,0.281,-3.527
132.573,0.000,-7.333,0.000,60.096,-9.563,2.754,-3.005,0.230,-3.440
132.578,0.000,-7.333,0.000,51.749,-9.921,0.778,-2.587,0.187,-3.527
132.584,0.000,-7.333,0.000,43.741,-10.408,-1.289,-2.187,0.149,-3.484
132.589,0.000,-7.333,0.000,36.227,-10.028,-4.529,-1.811,0.117,-3.439
132.595,0.000,-7.333,0.000,29.876,-8.621,-6.213,-1.494,0.091,-3.291
132.600,0.000,-7.333,0.000,27.070,-7.542,-5.829,-1.353,0.069,-2.761
132.605,0.000,-7.333,0.000,24.012,-6.809,-3.360,-1.201,0.050,-2.385
132.611,-0.297,-7.333,0.000,21.903,-6.821,-0.577,-1.110,0.031,-1.988
132.617,-0.297,-7.333,0.000,19.353,-6.527,-0.425,-0.983,0.013,-1.751
132.623,-0.297,-7.333,0.000,21.280,-6.252,-0.358,-1.079,-0.006,-1.112
132.629,-0.297,-7.515,0.000,25.099,-5.539,1.152,-1.270,-0.029,-0.483
132.635,-0.297,-7.698,0.000,25.786,-7.905,0.583,-1.304,-0.052,-0.314
132.641,-0.297,-7.698,0.000,26.971,-10.444,-1.029,-1.363,-0.076,-0.134
132.647,-0.297,-7.698,0.000,25.525,-10.515,-3.597,-1.291,-0.099,-0.274
132.652,-0.297,-7.698,0.000,24.691,-9.590,-2.113,-1.249,-0.122,-0.298
132.658,-0.297,-7.698,0.000,23.721,-7.960,-0.410,-1.201,-0.143,-0.338
132.664,-0.446,-7.883,0.000,23.074,-8.026,0.085,-1.176,-0.164,-0.342
132.671,-0.446,-8.069,0.000,23.037,-7.424,2.673,-1.174,-0.186,-0.245
132.677,-0.446,-8.069,0.000,18.601,-8.623,2.372,-0.952,-0.207,-0.641
132.683,-0.446,-8.069,0.000,18.476,-11.143,2.389,-0.946,-0.224,-0.486
132.689,-1.192,-8.069,0.000,15.733,-13.398,2.596,-0.846,-0.240,-0.604
132.695,-1.192,-8.069,0.000,12.943,-13.284,1.713,-0.707,-0.252,-0.688
132.701,-1.192,-8.069,0.000,9.841,-11.501,0.020,-0.552,-0.262,-0.787
132.707,-1.192,-8.069,0.000,4.972,-8.281,-2.654,-0.308,-0.269,-1.081
132.713,-4.924,-8.256,0.000,1.565,-5.938,-5.272,-0.324,-0.276,-1.192
132.720,-8.636,-8.636,0.000,-1.443,-1.610,-2.530,-0.360,-0.284,-1.176
132.726,-10.639,-8.256,0.000,-4.886,-1.313,-0.981,-0.288,-0.291,-1.251
132.733,-10.639,-8.256,0.000,-6.522,-5.932,0.577,-0.206,-0.296,-1.143
132.739,-10.639,-8.256,0.000,-7.981,-7.588,0.882,-0.133,-0.298,-0.984
132.746,-10.639,-8.256,0.000,-11.089,-7.900,1.495,0.022,-0.298,-0.988
132.752,-10.639,-8.256,0.000,-13.060,-8.444,2.316,0.121,-0.295,-0.905
132.758,-24.587,-6.974,0.000,-16.096,-7.495,1.292,-0.425,-0.300,-0.997
132.765,-35.564,-6.974,0.000,-15.520,-4.976,1.016,-1.002,-0.317,-0.711
132.772,-35.564,-6.974,0.000,-16.020,-7.134,-0.451,-0.977,-0.336,-0.577
132.778,-44.745,-6.621,0.000,-17.286,-6.821,-0.814,-1.373,-0.356,-0.545
132.785,-44.745,-6.621,0.000,-17.500,-7.479,-0.230,-1.362,-0.383,-0.432
132.791,-44.745,-6.621,0.000,-17.979,-8.092,0.722,-1.338,-0.409,-0.348
132.797,-55.033,-5.928,0.000,-19.366,-7.140,1.020,-1.783,-0.445,-0.426
132.804,-57.706,-5.758,0.000,-21.669,-6.199,0.015,-1.802,-0.479,-0.518
132.811,-67.111,-4.760,0.000,-25.334,-5.131,-0.645,-2.089,-0.516,-0.741
132.817,-71.843,-4.598,0.000,-29.371,-7.267,-0.568,-2.124,-0.555,-0.946
132.824,-71.843,-4.598,0.000,-32.442,-7.299,1.079,-1.970,-0.595,-1.029
132.830,-81.205,-3.796,0.000,-36.686,-4.928,0.072,-2.226,-0.638,-1.133
132.837,-81.205,-3.796,0.000,-46.717,-2.894,-1.884,-1.724,-0.675,-1.795
132.843,-101.762,-2.248,0.000,-57.800,-1.320,-1.976,-2.198,-0.716,-2.444
132.849,-101.762,-2.248,0.000,-62.444,-1.136,-1.417,-1.966,-0.757,-2.337
132.856,-118.828,-1.192,0.000,-67.039,-1.857,1.770,-2.589,-0.798,-2.200
132.862,-118.828,-1.192,0.000,-74.226,-0.283,1.208,-2.230,-0.840,-2.388
132.868,-118.828,-1.192,0.000,-80.773,0.883,0.434,-1.903,-0.876,-2.505
132.874,-131.417,-1.043,0.000,-88.464,3.433,1.404,-2.148,-0.913,-2.685
132.880,-138.097,-1.043,0.000,-98.864,6.559,1.424,-1.962,-0.951,-3.076
132.887,-150.799,-1.043,0.000,-104.561,4.190,2.630,-2.312,-0.990,-2.876
132.893,-150.799,-1.043,0.000,-108.533,1.713,1.241,-2.113,-1.033,-2.571
132.900,-155.234,-1.043,0.000,-114.666,-0.297,1.232,-2.028,-1.073,-2.425
132.906,-155.234,-1.043,0.000,-122.980,1.198,-0.760,-1.613,-1.107,-2.603
132.913,-177.320,-0.893,0.000,-131.308,4.046,-3.292,-2.301,-1.147,-2.773
132.919,-177.320,-0.893,0.000,-136.757,5.518,-3.557,-2.028,-1.188,-2.672
132.925,-192.790,-0.893,0.000,-142.558,4.338,-2.196,-2.512,-1.229,-2.618
132.932,-192.790,-0.893,0.000,-146.253,6.434,0.374,-2.327,-1.275,-2.346
132.938,-192.790,-0.893,0.000,-156.013,8.344,1.742,-1.839,-1.312,-2.727
132.944,-200.001,-0.893,0.000,-160.450,6.092,1.804,-1.978,-1.352,-2.469
132.951,-198.179,-0.893,0.000,-166.339,5.531,1.694,-1.592,-1.384,-2.419
132.957,-198.179,-0.893,0.000,-171.057,1.772,2.001,-1.356,-1.411,-2.276
132.963,-198.179,-0.893,0.000,-178.558,2.402,0.417,-0.981,-1.431,-2.411
132.970,-198.179,-0.893,0.000,-185.813,5.245,-4.771,-0.618,-1.445,-2.517
132.976,-198.179,-0.893,0.000,-189.862,5.433,-7.127,-0.416,-1.455,-2.338
132.982,-198.179,-0.893,0.000,-196.171,5.605,-4.066,-0.100,-1.459,-2.365
132.989,-198.179,-0.893,0.000,-200.215,3.686,-2.923,0.102,-1.460,-2.242
132.995,-198.179,-0.893,0.000,-205.899,1.162,1.194,0.386,-1.456,-2.290
133.001,-198.179,-0.893,0.000,-208.390,0.055,4.539,0.511,-1.447,-1.986
133.007,-198.179,-0.893,0.000,-210.645,0.819,1.926,0.623,-1.436,-1.710
133.014,-198.179,-0.893,0.000,-215.522,0.671,1.018,0.867,-1.420,-1.721
133.020,-189.263,-0.893,0.000,-219.551,1.456,-3.550,1.514,-1.396,-1.694
133.026,-189.263,-0.893,0.000,-221.248,4.659,-3.531,1.599,-1.366,-1.457
133.033,-189.263,-0.893,0.000,-221.092,6.237,-1.825,1.591,-1.336,-1.053
133.039,-189.263,-0.893,0.000,-224.063,8.632,0.717,1.740,-1.303,-1.076
133.045,-153.744,-1.043,0.000,-224.482,8.598,2.474,3.537,-1.236,-0.862
133.052,-153.744,-1.043,0.000,-222.454,6.146,0.929,3.435,-1.169,-0.463
133.058,-86.706,-3.325,0.000,-222.794,7.184,2.009,6.804,-1.060,-0.391
133.065,-71.843,-4.275,0.000,-219.481,8.735,0.157,7.382,-0.920,0.047
133.071,-71.843,-4.275,0.000,-219.527,11.125,-0.711,7.384,-0.776,0.064
133.078,-71.843,-4.275,0.000,-213.639,11.511,-0.235,7.090,-0.638,0.613
133.084,-71.843,-4.275,0.000,-203.943,10.200,1.088,6.605,-0.504,1.346
133.091,-13.777,-7.153,0.000,-195.453,10.265,0.393,9.084,-0.323,1.871
133.097,-8.446,-7.153,0.000,-182.476,10.820,0.949,8.701,-0.151,2.681
133.104,-6.446,-7.153,0.000,-168.920,11.406,1.111,8.124,0.011,3.321
133.110,-0.893,-7.153,0.000,-155.440,8.157,1.257,7.727,0.162,3.778
133.117,-0.446,-7.153,0.000,-141.966,7.579,-0.198,7.076,0.301,4.186
133.123,-0.446,-7.153,0.000,-126.863,10.993,-1.556,6.321,0.426,4.666
133.129,-0.446,-7.153,0.000,-108.877,9.110,2.282,5.422,0.538,5.274
133.135,0.000,-6.446,0.000,-92.846,3.770,4.688,4.642,0.627,5.628
133.141,0.000,-5.421,0.000,-77.433,3.423,3.366,3.872,0.694,5.990
133.146,0.000,-5.421,0.000,-63.878,2.784,1.390,3.194,0.750,6.052
133.152,0.000,-3.796,0.000,-52.184,2.564,2.423,2.609,0.795,5.870
133.157,0.000,-3.796,0.000,-42.686,1.962,2.811,2.134,0.833,5.489
133.163,0.000,-3.796,0.000,-33.183,0.173,2.852,1.659,0.862,5.164
133.168,0.000,-3.796,0.000,-26.818,1.388,2.918,1.341,0.884,4.533
133.174,1.642,-3.639,0.000,-23.007,0.155,2.946,1.232,0.905,3.753
133.181,2.860,-4.436,0.000,-17.822,-1.481,-0.259,1.034,0.926,3.283
133.187,2.860,-4.436,0.000,-15.550,-1.360,-2.733,0.921,0.945,2.703
133.193,2.860,-4.436,0.000,-17.968,-0.188,-2.821,1.041,0.965,1.827
133.200,2.860,-4.436,0.000,-22.180,5.528,-1.208,1.252,0.988,0.952
133.206,2.860,-4.436,0.000,-23.337,8.983,2.008,1.310,1.012,0.601
133.213,17.666,-6.272,0.000,-25.093,7.903,5.986,2.138,1.048,0.270
133.219,23.890,-6.797,0.000,-26.042,4.192,4.671,2.497,1.093,0.048
133.226,23.890,-6.797,0.000,-23.388,4.814,4.630,2.364,1.141,0.294
133.233,23.890,-6.797,0.000,-21.556,4.151,-0.647,2.272,1.188,0.489
133.239,23.890,-6.797,0.000,-24.582,4.622,-4.915,2.424,1.235,0.114
133.245,34.189,-7.153,0.000,-24.053,3.632,-4.367,2.912,1.290,0.101
133.252,34.189,-7.153,0.000,-18.438,7.043,-0.971,2.631,1.343,0.617
133.258,49.982,-7.153,0.000,-16.071,6.311,0.345,3.303,1.403,0.708
133.265,49.982,-7.153,0.000,-10.285,7.725,0.955,3.013,1.462,1.060
133.271,59.777,-7.333,0.000,-1.430,4.542,2.224,3.060,1.518,1.623
133.278,59.777,-7.333,0.000,7.537,2.704,-1.130,2.612,1.573,2.085
133.284,59.777,-7.333,0.000,13.718,5.610,-1.233,2.303,1.620,2.175
133.291,59.777,-7.333,0.000,22.669,6.855,1.540,1.855,1.660,2.496
133.297,85.769,-7.515,0.000,33.930,2.145,4.352,2.592,1.704,2.917
133.304,85.769,-7.515,0.000,46.876,-3.072,3.925,1.945,1.746,3.408
133.310,109.465,-7.515,0.000,56.693,-1.914,1.245,2.639,1.787,3.549
133.317,116.430,-7.883,0.000,61.838,0.235,-0.285,2.730,1.837,3.150
133.324,116.430,-7.883,0.000,70.290,3.766,-0.246,2.307,1.885,3.175
133.330,121.266,-8.069,0.000,77.418,2.863,3.505,2.192,1.930,3.062
133.337,121.266,-8.069,0.000,85.022,0.293,4.909,1.812,1.967,2.989
133.343,121.266,-8.069,0.000,95.616,-4.523,2.791,1.282,1.995,3.272
133.349,121.266,-8.069,0.000,102.820,-8.603,-1.805,0.922,2.017,3.189
133.356,150.799,-10.849,0.000,110.419,-5.548,-5.998,2.019,2.040,3.137
133.362,150.799,-10.849,0.000,115.338,-2.657,-5.329,1.773,2.073,2.875
133.368,153.744,-11.062,0.000,119.780,0.337,-2.487,1.698,2.106,2.600
133.375,164.414,-11.276,0.000,123.877,-3.511,0.885,2.027,2.143,2.279
133.381,175.665,-11.062,0.000,131.677,-6.736,2.857,2.199,2.184,2.455
133.388,175.665,-11.062,0.000,135.696,-5.675,2.023,1.998,2.224,2.258
133.394,184.069,-11.062,0.000,142.685,-2.829,1.983,2.069,2.263,2.421
133.401,184.069,-11.062,0.000,147.001,1.963,2.453,1.853,2.300,2.276
133.407,185.788,-11.062,0.000,150.767,2.284,2.941,1.751,2.335,2.038
133.413,185.788,-11.062,0.000,158.508,-0.094,3.523,1.364,2.363,2.269
133.420,198.179,-11.276,0.000,164.756,-0.871,0.261,1.671,2.394,2.298
133.426,200.001,-11.062,0.000,172.409,3.656,-0.943,1.380,2.422,2.469
133.433,201.837,-11.062,0.000,178.578,7.661,0.355,1.163,2.446,2.461
133.439,201.837,-11.062,0.000,185.443,8.456,3.739,0.820,2.464,2.509
133.446,203.686,-11.276,0.000,190.894,8.243,4.160,0.640,2.477,2.372
133.452,203.686,-11.276,0.000,200.269,6.448,-1.605,0.171,2.484,2.694
133.459,207.425,-11.276,0.000,206.770,6.365,-3.298,0.033,2.486,2.678
133.465,207.425,-11.276,0.000,211.443,11.135,-0.248,-0.201,2.484,2.461
133.472,211.219,-11.062,0.000,215.403,14.457,1.515,-0.209,2.479,2.249
133.478,213.136,-11.062,0.000,218.808,13.918,5.130,-0.284,2.472,1.958
133.485,213.136,-11.062,0.000,229.368,5.972,5.702,-0.812,2.458,2.446
133.491,218.971,-11.276,0.000,237.059,1.936,1.885,-0.904,2.445,2.660
133.498,220.944,-11.062,0.000,239.849,1.932,-5.353,-0.945,2.428,2.284
133.504,220.944,-11.062,0.000,243.016,3.292,-5.744,-1.104,2.407,2.012
133.511,218.971,-8.829,0.000,245.090,3.598,-4.528,-1.306,2.383,1.709
133.517,218.971,-8.829,0.000,247.328,0.923,2.798,-1.418,2.355,1.456
133.524,218.971,-8.829,0.000,251.676,-0.490,3.277,-1.635,2.324,1.487
133.530,217.012,-8.636,0.000,253.267,-1.961,-1.649,-1.813,2.290,1.289
133.537,217.012,-8.636,0.000,253.782,-3.516,-2.272,-1.839,2.255,1.044
133.543,194.573,-8.256,0.000,252.226,-6.347,-1.480,-2.883,2.207,0.657
133.550,184.069,-8.069,0.000,254.471,-4.120,-0.914,-3.520,2.145,0.688
133.556,184.069,-8.069,0.000,252.423,-1.454,-0.340,-3.418,2.078,0.336
133.563,184.069,-8.069,0.000,250.677,-0.184,0.338,-3.330,2.012,0.040
133.569,127.534,-7.333,0.000,252.230,-3.109,0.795,-6.235,1.887,0.116
133.576,108.337,-7.153,0.000,253.437,-0.664,2.694,-7.255,1.749,0.251
133.582,108.337,-7.153,0.000,249.323,-0.019,1.541,-7.049,1.614,-0.098
133.589,58.390,-6.974,0.000,242.475,-0.888,-1.898,-9.204,1.448,-0.759
133.595,40.978,-6.797,0.000,236.134,3.208,2.403,-9.758,1.266,-1.209
133.602,40.978,-6.797,0.000,225.056,5.813,-0.859,-9.204,1.082,-1.999
133.608,40.978,-6.797,0.000,216.051,5.192,-2.607,-8.754,0.909,-2.376
133.615,14.262,-4.760,0.000,203.417,1.881,0.609,-9.458,0.716,-2.967
133.621,10.019,-3.796,0.000,189.840,6.436,-0.518,-8.991,0.538,-3.541
133.628,10.019,-3.796,0.000,174.077,5.920,-2.421,-8.203,0.373,-4.199
133.634,10.019,-3.796,0.000,156.331,3.991,1.373,-7.316,0.226,-4.865
133.641,10.019,-3.796,0.000,138.604,4.315,2.620,-6.429,0.097,-5.347
133.647,10.019,-3.796,0.000,119.427,6.684,0.530,-5.470,-0.015,-5.837
133.653,-0.297,-0.893,0.000,100.896,7.880,0.471,-5.060,-0.113,-6.340
133.659,-0.446,-0.893,0.000,85.975,8.709,0.469,-4.321,-0.197,-6.302
133.665,-1.342,-0.893,0.000,70.345,10.814,0.974,-3.584,-0.268,-6.271
133.672,-3.325,-0.893,0.000,55.349,10.104,2.648,-2.934,-0.327,-6.164
133.678,-3.325,-0.893,0.000,45.167,6.922,2.931,-2.425,-0.376,-5.632
133.685,-3.325,-0.893,0.000,37.998,7.770,2.651,-2.066,-0.418,-4.926
133.691,-9.615,-0.893,0.000,31.077,10.173,2.329,-2.035,-0.456,-4.281
133.697,-10.639,-0.893,0.000,26.864,8.739,0.653,-1.875,-0.491,-3.584
133.703,-15.518,-0.744,0.000,22.117,8.314,-1.561,-1.882,-0.525,-3.180
133.710,-19.398,-0.595,0.000,22.227,8.429,-2.881,-2.081,-0.564,-2.391
133.716,-19.398,-0.595,0.000,20.027,10.369,-3.072,-1.971,-0.600,-2.027
133.722,-19.398,-0.595,0.000,21.071,9.626,-3.615,-2.023,-0.637,-1.437
133.728,-26.026,-0.446,0.000,22.571,11.264,-2.728,-2.430,-0.679,-0.924
133.734,-26.026,-0.446,0.000,21.919,14.786,-0.523,-2.397,-0.725,-0.784
133.741,-26.026,-0.446,0.000,18.693,12.943,1.788,-2.236,-0.768,-0.933
133.747,-26.026,-0.446,0.000,18.956,11.929,2.508,-2.249,-0.811,-0.695
133.753,-41.500,-0.446,0.000,18.195,11.613,2.469,-2.985,-0.868,-0.554
133.759,-41.500,-0.446,0.000,15.964,14.141,1.655,-2.873,-0.922,-0.593
133.766,-54.380,-0.297,0.000,11.760,16.564,-0.743,-3.307,-0.981,-0.932
133.772,-55.692,-0.297,0.000,7.832,18.163,-0.444,-3.176,-1.040,-1.155
133.778,-55.692,-0.297,0.000,3.350,18.041,0.127,-2.952,-1.095,-1.353
133.784,-59.777,-0.297,0.000,-1.140,17.865,1.607,-2.932,-1.149,-1.504
133.790,-59.777,-0.297,0.000,-9.467,19.069,0.011,-2.515,-1.196,-1.958
133.796,-59.777,-0.297,0.000,-16.532,20.448,0.284,-2.162,-1.238,-2.151
133.802,-67.111,-0.297,0.000,-26.877,21.856,-0.371,-2.012,-1.273,-2.717
133.808,-67.111,-0.297,0.000,-36.521,22.968,2.224,-1.529,-1.305,-3.106
133.814,-70.237,-0.297,0.000,-43.207,23.620,4.674,-1.351,-1.333,-3.088
133.820,-70.237,-0.297,0.000,-49.252,20.267,4.265,-1.049,-1.354,-2.958
133.826,-74.306,-0.297,0.000,-55.263,16.222,4.212,-0.952,-1.370,-2.828
133.832,-74.306,-0.297,0.000,-62.868,14.132,4.597,-0.572,-1.382,-2.896
133.838,-74.306,-0.297,0.000,-68.226,15.433,5.005,-0.304,-1.388,-2.684
133.844,-83.919,-0.297,0.000,-76.316,14.427,0.686,-0.380,-1.393,-2.771
133.850,-83.919,-0.297,0.000,-82.891,14.160,-3.747,-0.051,-1.396,-2.774
133.856,-83.919,-0.297,0.000,-86.665,15.830,-6.118,0.137,-1.395,-2.488
133.862,-83.919,-0.297,0.000,-88.560,14.471,-6.669,0.232,-1.391,-2.047
133.868,-83.919,-0.297,0.000,-92.998,14.120,-2.940,0.454,-1.384,-1.969
133.874,-92.499,-0.297,0.000,-95.718,14.401,1.024,0.161,-1.379,-1.738
133.880,-92.499,-0.297,0.000,-96.274,16.383,3.095,0.189,-1.376,-1.369
133.886,-92.499,-0.297,0.000,-98.380,13.984,3.373,0.294,-1.371,-1.260
133.892,-95.509,-0.297,0.000,-98.098,13.843,5.145,0.129,-1.370,-0.958
133.898,-96.529,-0.297,0.000,-100.294,9.990,4.566,0.188,-1.367,-0.947
133.904,-96.529,-0.297,0.000,-99.939,11.549,2.376,0.170,-1.363,-0.665
133.910,-96.529,-0.297,0.000,-102.092,14.190,2.061,0.278,-1.359,-0.716
133.916,-96.529,-0.297,0.000,-103.518,14.429,1.208,0.349,-1.352,-0.653
133.922,-96.529,-0.297,0.000,-104.887,15.598,-1.951,0.418,-1.345,-0.611
133.928,-96.529,-0.297,0.000,-107.304,17.321,-5.248,0.539,-1.335,-0.674
133.934,-93.494,-0.297,0.000,-111.195,17.424,-1.513,0.885,-1.324,-0.972
133.940,-93.494,-0.297,0.000,-114.336,17.360,3.035,1.042,-1.308,-1.166
133.946,-93.494,-0.297,0.000,-114.504,17.266,5.939,1.050,-1.291,-0.940
133.952,-93.494,-0.297,0.000,-118.172,18.260,7.862,1.234,-1.270,-1.080
133.958,-93.494,-0.297,0.000,-121.553,17.184,6.303,1.403,-1.244,-1.124
133.964,-93.494,-0.297,0.000,-123.895,16.819,4.663,1.520,-1.217,-1.044
133.970,-93.494,-0.297,0.000,-125.854,17.322,0.766,1.618,-1.187,-0.953
133.976,-96.529,-0.446,0.000,-128.939,18.869,-1.948,1.620,-1.158,-1.031
133.983,-96.529,-0.446,0.000,-129.268,18.152,-2.964,1.637,-1.127,-0.814
133.989,-96.529,-0.446,0.000,-128.519,16.466,-2.606,1.600,-1.097,-0.543
133.995,-86.706,-0.446,0.000,-131.019,13.229,-0.507,2.216,-1.063,-0.709
134.002,-86.706,-0.446,0.000,-128.163,12.787,2.439,2.073,-1.023,-0.267
134.008,-79.434,-0.595,0.000,-128.398,11.186,2.579,2.448,-0.977,-0.178
134.014,-59.777,-1.043,0.000,-127.984,14.221,0.383,3.410,-0.910,-0.081
134.021,-59.777,-1.043,0.000,-129.291,17.300,1.539,3.476,-0.843,-0.173
134.027,-59.777,-1.043,0.000,-129.322,12.800,3.819,3.477,-0.777,-0.189
134.034,-4.760,-8.636,0.000,-124.673,8.741,1.996,5.996,-0.695,0.303
134.040,-4.760,-8.636,0.000,-125.162,16.914,-1.020,6.020,-0.578,0.218
134.046,-4.760,-8.636,0.000,-121.636,18.253,1.989,5.844,-0.463,0.533
134.053,-4.760,-8.636,0.000,-118.057,16.195,4.026,5.665,-0.352,0.739
134.059,0.000,-12.155,0.000,-112.300,14.639,3.497,5.615,-0.249,1.106
134.065,0.000,-12.155,0.000,-104.751,16.721,1.424,5.238,-0.160,1.637
134.070,0.000,-12.155,0.000,-95.500,17.681,-0.319,4.775,-0.080,2.271
134.076,0.000,-9.219,0.000,-86.089,17.970,-0.933,4.304,-0.007,2.775
134.081,0.000,-8.446,0.000,-77.200,17.918,-0.070,3.860,0.059,3.112
134.086,0.000,-8.446,0.000,-70.033,17.754,-0.103,3.502,0.118,3.169
134.092,0.000,-8.446,0.000,-64.379,17.322,-0.868,3.219,0.172,3.033
134.097,0.149,-7.333,0.000,-56.995,16.833,-0.194,2.857,0.221,3.157
134.103,0.446,-7.333,0.000,-51.698,16.838,-0.166,2.607,0.266,2.968
134.109,0.446,-7.333,0.000,-47.490,16.644,1.865,2.397,0.312,2.633
134.115,3.482,-7.515,0.000,-38.949,12.344,1.878,2.122,0.356,2.823
134.122,3.482,-7.515,0.000,-36.541,11.520,-2.009,2.001,0.396,2.362
134.128,3.482,-7.515,0.000,-33.834,14.979,0.864,1.866,0.432,2.008
134.135,3.482,-7.515,0.000,-29.575,13.630,4.871,1.653,0.465,1.894
134.141,12.836,-7.153,0.000,-27.933,11.752,3.996,2.038,0.499,1.588
134.148,12.836,-7.153,0.000,-26.807,10.372,2.020,1.982,0.538,1.311
134.154,13.777,-6.974,0.000,-27.087,13.170,0.080,2.043,0.578,0.939
134.161,13.777,-6.974,0.000,-25.679,16.475,-0.671,1.973,0.617,0.828
134.167,16.038,-6.621,0.000,-25.721,15.871,-0.705,2.088,0.657,0.619
134.174,16.038,-6.621,0.000,-25.482,11.092,-0.430,2.076,0.697,0.472
134.180,16.038,-6.621,0.000,-22.704,9.205,0.944,1.937,0.736,0.645
134.187,15.777,-6.100,0.000,-24.691,16.231,-1.272,2.023,0.774,0.285
134.193,15.777,-6.100,0.000,-22.850,18.841,-0.628,1.931,0.813,0.405
134.200,15.777,-6.100,0.000,-22.730,14.935,0.742,1.925,0.850,0.306
134.206,15.777,-6.100,0.000,-17.852,14.251,1.847,1.681,0.885,0.698
134.213,9.816,-5.421,0.000,-16.747,16.757,0.723,1.328,0.914,0.641
134.219,9.023,-4.760,0.000,-13.182,18.298,2.235,1.110,0.938,0.869
134.226,6.621,-3.639,0.000,-10.971,14.629,4.040,0.880,0.957,0.857
134.232,6.621,-3.639,0.000,-7.583,13.202,2.925,0.710,0.971,0.962
134.238,5.589,-2.860,0.000,-4.464,14.338,-1.121,0.503,0.981,1.013
134.245,5.589,-2.860,0.000,-0.914,18.009,-0.451,0.325,0.989,1.124
134.251,5.589,-2.860,0.000,-1.235,16.846,1.791,0.341,0.997,0.837
134.258,3.796,-1.342,0.000,2.684,13.453,4.565,0.056,0.999,0.965
134.264,3.796,-1.342,0.000,5.133,8.377,3.344,-0.067,0.999,0.977
134.271,3.796,-1.342,0.000,7.073,17.541,-0.629,-0.164,0.996,0.916
134.277,2.860,-1.043,0.000,7.942,16.619,1.684,-0.254,0.992,0.797
134.283,2.400,-1.043,0.000,8.910,13.206,2.029,-0.325,0.986,0.657
134.290,0.744,-1.043,0.000,10.528,11.159,3.258,-0.489,0.977,0.647
134.296,0.744,-1.043,0.000,8.958,11.807,1.152,-0.411,0.969,0.336
134.303,0.297,-1.043,0.000,9.551,15.800,-1.362,-0.463,0.960,0.307
134.309,0.297,-1.043,0.000,8.196,18.371,-1.957,-0.395,0.953,0.084
134.314,0.000,-0.893,0.000,5.338,19.049,-2.675,-0.267,0.947,-0.247
134.319,0.000,-0.893,0.000,1.433,18.818,-0.693,-0.072,0.946,-0.627
134.324,0.000,-0.893,0.000,-0.242,19.138,-2.054,0.012,0.945,-0.664
134.330,0.000,-0.893,0.000,-3.183,18.713,-1.450,0.159,0.947,-0.837
134.335,0.000,-0.893,0.000,-2.572,19.086,-1.908,0.129,0.949,-0.550
134.340,0.000,-0.893,0.000,-3.644,18.233,-1.177,0.182,0.952,-0.519
134.346,-0.149,-1.043,0.000,-4.559,18.917,0.686,0.221,0.955,-0.504
134.351,-0.149,-1.043,0.000,-3.525,18.694,0.382,0.169,0.958,-0.268
134.357,-0.149,-1.043,0.000,-4.332,18.609,-0.996,0.209,0.961,-0.293
134.362,-0.149,-1.043,0.000,-6.363,18.586,-1.288,0.311,0.965,-0.488
134.368,-0.595,-2.860,0.000,-7.728,19.580,-0.353,0.357,0.969,-0.548
134.374,-9.816,-2.706,0.000,-5.280,19.796,2.044,-0.227,0.968,-0.180
134.380,-9.816,-2.706,0.000,-5.175,18.312,3.796,-0.232,0.964,-0.110
134.387,-46.440,-0.893,0.000,-4.265,16.563,4.426,-2.109,0.947,-0.005
134.393,-46.440,-0.893,0.000,-1.639,14.716,3.699,-2.240,0.904,0.241
134.400,-46.440,-0.893,0.000,-1.418,15.763,1.933,-2.251,0.862,0.213
134.406,-46.440,-0.893,0.000,-1.125,16.614,1.417,-2.266,0.820,0.206
134.412,-46.440,-0.893,0.000,-3.840,19.433,2.216,-2.130,0.778,-0.111
134.419,-46.440,-0.893,0.000,-7.034,16.953,3.726,-1.970,0.738,-0.444
134.425,-46.440,-0.893,0.000,-6.436,14.361,3.947,-2.000,0.700,-0.296
134.431,-268.062,-0.297,0.000,-8.528,13.303,4.021,-12.977,0.461,-0.345
134.437,-268.062,-0.297,0.000,-12.892,13.537,1.387,-12.758,0.227,-0.605
134.443,-268.062,-0.297,0.000,-24.337,12.577,-2.110,-12.186,0.005,-1.618
134.449,-401.974,-0.297,0.000,-39.007,10.446,-3.121,-18.148,-0.247,-2.763
134.455,-401.974,-0.297,0.000,-52.951,10.242,-0.954,-17.451,-0.567,-3.584
134.461,-401.974,-0.297,0.000,-70.485,14.365,-0.078,-16.574,-0.874,-4.613
134.467,-401.974,-0.297,0.000,-96.209,16.807,-1.130,-15.288,-1.157,-6.165
134.474,-462.818,-0.446,0.000,-125.872,18.021,1.084,-16.847,-1.456,-7.622
134.480,-462.818,-0.446,0.000,-157.551,23.168,1.391,-15.263,-1.761,-8.813
134.486,-462.818,-0.446,0.000,-194.595,21.943,2.402,-13.411,-2.026,-10.268
134.493,-477.291,-0.446,0.000,-236.428,21.984,4.715,-12.043,-2.267,-11.839
134.499,-477.291,-0.446,0.000,-276.417,21.090,2.497,-10.044,-2.470,-12.815
134.505,-477.291,-0.446,0.000,-316.800,19.241,3.996,-8.025,-2.635,-13.614
134.512,-470.010,-0.446,0.000,-352.930,20.746,1.865,-5.854,-2.762,-13.816
134.518,-470.010,-0.446,0.000,-383.599,19.626,-1.068,-4.321,-2.854,-13.388
134.524,-470.010,-0.446,0.000,-413.245,16.317,1.624,-2.838,-2.919,-12.927
134.531,-398.791,-0.446,0.000,-435.942,13.937,2.027,1.858,-2.890,-11.897
134.537,-398.791,-0.446,0.000,-454.671,12.481,1.288,2.794,-2.843,-10.786
134.543,-252.278,-0.595,0.000,-463.527,12.118,0.864,10.562,-2.697,-9.016
134.549,-226.948,-0.595,0.000,-465.132,14.154,0.183,11.909,-2.499,-6.956
134.555,-226.948,-0.595,0.000,-458.643,11.732,-0.628,11.585,-2.289,-4.537
134.561,-226.948,-0.595,0.000,-448.140,7.843,1.617,11.060,-2.085,-2.274
134.568,-55.692,-1.492,0.000,-433.471,6.237,3.537,18.889,-1.778,-0.244
134.574,-42.028,-2.860,0.000,-411.757,7.939,1.473,18.486,-1.415,1.924
134.581,-42.028,-2.860,0.000,-383.978,6.916,4.190,17.097,-1.075,4.194
134.587,-42.028,-2.860,0.000,-345.645,6.526,1.438,15.181,-0.771,6.907
134.593,-6.100,-5.758,0.000,-305.769,8.607,1.376,14.983,-0.465,9.032
134.600,-6.100,-5.758,0.000,-263.637,5.319,0.711,12.877,-0.204,10.879
134.606,0.000,-5.421,0.000,-225.091,11.012,-1.942,11.255,0.014,12.083
134.612,0.000,-4.924,0.000,-185.981,13.896,-1.823,9.299,0.180,13.513
134.618,0.000,-3.014,0.000,-140.755,9.873,-0.576,7.038,0.335,14.639
134.624,0.000,-3.014,0.000,-110.460,7.329,-0.590,5.523,0.434,14.472
134.629,0.000,-1.642,0.000,-85.482,6.850,0.892,4.274,0.511,13.769
134.634,0.000,-1.642,0.000,-66.590,8.199,1.215,3.329,0.571,12.512
134.640,0.000,-1.642,0.000,-56.027,7.770,-0.178,2.801,0.619,10.609
134.645,0.000,-1.043,0.000,-50.873,8.589,-1.182,2.544,0.662,8.554
134.651,0.000,-1.043,0.000,-49.747,9.011,-1.168,2.487,0.703,6.539
134.656,0.149,-1.043,0.000,-52.080,12.200,0.035,2.611,0.746,4.663
134.662,0.149,-1.043,0.000,-56.226,15.956,-0.295,2.819,0.792,3.105
134.667,0.149,-1.043,0.000,-65.040,14.829,0.207,3.259,0.844,1.396
134.673,0.149,-1.043,0.000,-72.322,15.277,1.562,3.624,0.901,0.231
134.678,0.149,-1.043,0.000,-80.794,14.619,3.519,4.047,0.964,-0.798
134.683,0.149,-1.043,0.000,-86.364,12.584,1.456,4.326,1.034,-1.225
134.689,0.149,-1.043,0.000,-91.123,9.536,0.002,4.564,1.107,-1.460
134.694,0.149,-1.043,0.000,-94.782,8.029,-4.049,4.747,1.185,-1.514
134.700,3.796,-1.192,0.000,-94.657,10.043,-3.657,4.923,1.270,-1.151
134.706,5.589,-1.192,0.000,-90.335,12.826,-3.589,4.796,1.356,-0.463
134.712,5.589,-1.192,0.000,-83.906,11.947,-0.987,4.475,1.437,0.269
134.718,16.038,-3.796,0.000,-75.387,8.672,0.877,4.571,1.515,1.066
134.725,16.038,-3.796,0.000,-61.985,10.320,-2.572,3.901,1.596,2.113
134.731,22.538,-4.760,0.000,-47.048,16.192,-0.815,3.479,1.669,3.053
134.738,22.538,-4.760,0.000,-32.991,13.493,3.235,2.776,1.728,3.649
134.744,77.695,-8.069,0.000,-18.844,12.431,2.794,4.827,1.808,4.064
134.751,77.695,-8.069,0.000,-2.796,15.264,-3.142,4.025,1.891,4.584
134.757,139.465,-10.430,0.000,12.726,15.916,-1.803,6.337,1.980,4.966
134.764,139.465,-10.430,0.000,27.138,12.240,1.929,5.616,2.092,5.109
134.770,139.465,-10.430,0.000,41.920,12.732,1.905,4.877,2.191,5.247
134.777,301.991,-17.387,0.000,55.988,11.866,-0.001,12.300,2.435,5.322
134.783,336.483,-18.518,0.000,69.977,14.777,-2.040,13.325,2.688,5.344
134.790,336.483,-18.518,0.000,86.693,8.684,-0.058,12.489,2.945,5.560
134.796,336.483,-18.518,0.000,108.838,3.922,0.498,11.382,3.000,6.327
134.803,455.714,-19.697,0.000,129.160,7.228,-4.178,16.328,3.000,6.743
134.809,455.714,-19.697,0.000,153.045,7.436,-3.556,15.133,3.000,7.412
134.816,455.714,-19.697,0.000,177.485,3.657,0.431,13.911,3.000,7.926
134.822,455.714,-20.615,0.000,207.136,5.874,-1.793,12.429,3.000,8.788
134.829,452.195,-20.927,0.000,238.568,6.036,0.481,10.681,3.000,9.626
134.835,452.195,-20.927,0.000,268.858,1.974,0.820,9.167,3.000,10.157
134.842,339.262,-21.243,0.000,301.856,2.876,-3.240,1.870,3.000,10.712
134.848,339.262,-21.243,0.000,332.538,0.680,-1.850,0.336,3.000,11.006
134.855,309.688,-21.243,0.000,361.504,-2.207,-1.929,-2.591,2.959,11.036
134.861,243.596,-20.927,0.000,383.229,-4.072,-1.527,-6.982,2.830,10.372
134.868,243.596,-20.927,0.000,399.305,-4.480,-0.364,-7.785,2.684,9.324
134.874,243.596,-20.927,0.000,406.614,-0.558,-0.989,-8.151,2.527,7.710
134.881,136.740,-19.102,0.000,403.717,-1.625,-1.596,-13.349,2.336,5.498
134.887,136.740,-19.102,0.000,395.193,-1.504,-0.984,-12.923,2.075,3.312
134.894,136.740,-19.102,0.000,377.391,-2.311,-2.844,-12.033,1.838,0.786
134.900,136.740,-19.102,0.000,355.332,-3.297,0.652,-10.930,1.618,-1.546
134.907,34.642,-7.515,0.000,327.689,-2.917,-2.889,-14.652,1.357,-3.804
134.913,34.642,-7.515,0.000,296.603,-4.508,0.588,-13.098,1.092,-5.922
134.920,16.569,-4.436,0.000,265.403,-5.523,-2.581,-12.442,0.852,-7.462
134.926,13.539,-3.169,0.000,227.088,-8.144,2.092,-10.677,0.633,-9.299
134.933,13.539,-3.169,0.000,194.590,-8.202,-0.819,-9.053,0.440,-10.084
134.939,13.539,-3.169,0.000,160.513,-8.736,0.440,-7.349,0.285,-10.852
134.946,1.944,-0.595,0.000,133.592,-5.636,-3.176,-6.582,0.154,-10.912
134.951,0.595,-0.595,0.000,109.919,-3.862,-4.938,-5.466,0.052,-10.739
134.957,0.595,-0.595,0.000,92.151,-0.657,-3.694,-4.578,-0.028,-10.048
134.962,0.595,-0.595,0.000,77.689,-0.499,-0.486,-3.855,-0.095,-9.134
134.968,0.000,-0.446,0.000,67.384,0.020,3.572,-3.369,-0.152,-8.016
134.973,0.000,-0.446,0.000,61.999,2.572,4.208,-3.100,-0.203,-6.659
134.978,0.000,-0.446,0.000,60.412,5.070,3.467,-3.021,-0.252,-5.181
134.984,0.000,-0.446,0.000,61.784,5.547,6.778,-3.089,-0.300,-3.743
134.989,0.000,-0.595,0.000,65.255,7.683,3.583,-3.263,-0.350,-2.382
134.996,0.000,-0.595,0.000,70.502,8.850,-2.743,-3.525,-0.417,-0.986
135.002,0.000,-0.595,0.000,75.114,16.943,-7.632,-3.756,-0.489,-0.093
135.009,0.000,-0.595,0.000,81.628,12.874,-0.120,-4.081,-0.567,0.712
135.015,0.000,-0.595,0.000,90.950,7.477,8.794,-4.547,-0.652,1.619
135.020,0.000,-0.744,0.000,94.247,9.615,8.289,-4.712,-0.724,1.667
135.026,0.000,-0.744,0.000,94.197,9.729,4.245,-4.710,-0.800,1.292
135.031,0.000,-0.744,0.000,90.365,10.395,0.747,-4.518,-0.875,0.571
135.037,0.000,-0.744,0.000,85.460,11.515,-1.999,-4.273,-0.947,-0.151
135.042,0.000,-0.744,0.000,78.467,12.430,-2.475,-3.923,-1.015,-0.982
135.048,0.000,-0.744,0.000,71.807,13.990,-3.077,-3.590,-1.076,-1.531
135.053,0.000,-0.744,0.000,63.567,14.070,-2.105,-3.178,-1.130,-2.088
135.059,0.000,-0.744,0.000,53.479,14.727,-1.820,-2.674,-1.177,-2.701
135.064,0.000,-0.744,0.000,43.610,18.378,-1.340,-2.180,-1.217,-3.163
135.070,0.000,-0.744,0.000,34.816,19.821,0.671,-1.741,-1.249,-3.450
135.075,0.000,-0.744,0.000,23.760,21.802,1.302,-1.188,-1.274,-3.966
135.081,0.000,-0.744,0.000,17.893,20.673,-0.063,-0.895,-1.291,-3.696
135.086,0.000,-0.744,0.000,12.097,17.186,-0.507,-0.605,-1.303,-3.442
135.091,0.000,-0.595,0.000,8.875,17.145,-4.178,-0.444,-1.309,-2.924
135.098,0.000,-0.744,0.000,2.744,12.579,1.114,-0.137,-1.315,-2.692
135.103,0.000,-0.744,0.000,0.325,13.916,3.829,-0.016,-1.317,-2.363
135.109,0.000,-0.744,0.000,1.718,13.213,3.552,-0.086,-1.319,-1.668
135.114,0.000,-0.744,0.000,2.040,11.901,4.660,-0.102,-1.321,-1.269
135.120,0.000,-0.744,0.000,1.106,11.282,4.123,-0.055,-1.323,-1.107
135.125,0.000,-0.744,0.000,4.606,10.331,3.837,-0.230,-1.327,-0.469
135.131,0.000,-0.744,0.000,8.177,9.309,3.395,-0.409,-1.332,0.059
135.136,0.000,-0.744,0.000,11.684,9.045,2.422,-0.584,-1.340,0.480
135.141,0.000,-0.744,0.000,14.712,10.944,2.512,-0.736,-1.350,0.762
135.147,0.000,-0.744,0.000,19.152,10.811,1.779,-0.958,-1.364,1.115
135.152,0.000,-0.744,0.000,20.492,11.919,0.475,-1.025,-1.379,1.026
135.158,0.000,-0.744,0.000,22.889,11.837,0.974,-1.144,-1.397,1.059
135.163,0.000,-0.744,0.000,23.991,13.952,-3.492,-1.200,-1.416,0.926
135.169,0.000,-1.043,0.000,25.631,13.299,-4.827,-1.282,-1.437,0.867
135.174,0.000,-1.043,0.000,25.128,11.147,-4.749,-1.256,-1.458,0.573
135.180,0.000,-1.043,0.000,25.529,9.955,-2.868,-1.276,-1.478,0.486
135.186,6.974,-6.974,0.000,24.767,12.810,-0.727,-0.890,-1.495,0.299
135.192,6.974,-6.974,0.000,20.251,13.084,1.198,-0.664,-1.509,-0.188
135.199,6.974,-6.974,0.000,17.850,10.997,6.110,-0.544,-1.522,-0.418
135.205,6.974,-6.974,0.000,16.782,11.191,5.968,-0.490,-1.531,-0.395
135.212,167.568,-21.561,0.000,9.851,10.340,4.284,7.886,-1.484,-0.920
135.218,167.568,-21.561,0.000,7.028,13.322,3.788,8.027,-1.329,-0.979
135.225,167.568,-21.561,0.000,5.746,12.452,0.166,8.091,-1.172,-0.832
135.231,277.428,-20.927,0.000,5.615,9.059,0.834,13.591,-0.907,-0.653
135.238,277.428,-20.927,0.000,17.244,9.399,-0.478,13.009,-0.643,0.624
135.244,277.428,-20.927,0.000,27.984,11.648,1.615,12.472,-0.395,1.535
135.251,353.429,-19.697,0.000,42.746,2.571,7.940,15.534,-0.137,2.615
135.257,368.065,-19.398,0.000,72.017,1.093,4.168,14.802,0.151,4.779
135.264,368.065,-19.398,0.000,101.686,-0.724,3.655,13.319,0.422,6.439
135.270,368.065,-19.398,0.000,132.532,-3.083,-0.057,11.777,0.662,7.849
135.277,362.154,-19.398,0.000,169.459,-1.900,-1.599,9.635,0.863,9.455
135.283,362.154,-19.398,0.000,201.714,-6.859,1.025,8.022,1.033,10.120
135.290,265.760,-18.808,0.000,237.723,-2.914,1.890,1.402,1.104,11.112
135.296,265.760,-18.808,0.000,277.503,-6.851,2.695,-0.587,1.106,12.246
135.302,265.760,-18.808,0.000,305.910,-8.389,3.409,-2.008,1.076,11.957
135.309,265.760,-18.808,0.000,331.100,-16.393,4.448,-3.267,1.021,11.430
135.315,167.568,-17.387,0.000,340.648,-10.642,-0.949,-8.654,0.857,9.498
135.322,128.818,-16.569,0.000,343.489,-9.620,-2.925,-10.734,0.663,7.370
135.328,55.692,-15.777,0.000,335.536,-10.818,1.306,-13.992,0.411,4.738
135.335,32.419,-13.068,0.000,321.992,-10.621,-0.208,-14.479,0.130,2.269
135.341,32.419,-13.068,0.000,296.047,-7.634,2.657,-13.181,-0.135,-0.823
135.348,32.419,-13.068,0.000,267.291,-8.893,3.511,-11.744,-0.372,-3.403
135.354,14.757,-9.416,0.000,225.400,-3.318,2.226,-10.532,-0.591,-6.618
135.361,8.829,-7.698,0.000,185.476,-3.202,4.390,-8.832,-0.774,-8.873
135.367,8.829,-7.698,0.000,142.720,0.304,0.813,-6.695,-0.914,-10.884
135.373,0.149,-6.272,0.000,103.194,0.495,2.027,-5.152,-1.019,-12.082
135.379,0.149,-6.272,0.000,69.722,2.740,1.914,-3.479,-1.086,-12.770
135.384,0.149,-6.272,0.000,39.628,2.491,1.999,-1.974,-1.126,-12.940
135.390,0.000,-6.100,0.000,17.599,-0.189,2.600,-0.880,-1.146,-12.176
135.395,0.149,-6.797,0.000,3.429,-2.227,1.138,-0.164,-1.153,-10.775
135.401,0.149,-6.797,0.000,-2.151,-5.874,0.903,0.115,-1.153,-8.774
135.406,0.149,-6.797,0.000,-1.864,-9.145,0.378,0.101,-1.152,-6.577
135.412,0.149,-6.974,0.000,3.143,-11.091,1.421,-0.150,-1.153,-4.378
135.417,0.149,-6.974,0.000,9.547,-13.106,0.579,-0.470,-1.159,-2.570
135.423,0.149,-6.974,0.000,18.853,-15.753,1.933,-0.935,-1.173,-0.930
135.428,0.149,-6.974,0.000,29.501,-17.091,4.635,-1.468,-1.195,0.459
135.434,0.149,-6.974,0.000,43.855,-17.592,5.724,-2.185,-1.228,1.915
135.439,0.149,-6.974,0.000,56.721,-16.804,4.890,-2.829,-1.272,2.839
135.444,0.149,-6.974,0.000,67.147,-17.431,3.694,-3.350,-1.324,3.291
135.450,0.149,-6.974,0.000,74.574,-16.115,1.495,-3.721,-1.384,3.292
135.455,0.149,-6.974,0.000,80.121,-13.815,-1.509,-3.999,-1.447,3.082
135.461,0.149,-7.153,0.000,82.676,-14.007,0.603,-4.126,-1.516,2.603
135.466,0.149,-7.153,0.000,83.126,-10.681,4.515,-4.149,-1.582,2.043
135.472,0.149,-7.153,0.000,79.749,-6.202,4.133,-3.980,-1.647,1.205
135.477,0.149,-6.974,0.000,72.589,-1.203,2.971,-3.622,-1.707,0.147
135.483,0.149,-6.974,0.000,61.999,-0.603,2.273,-3.093,-1.760,-1.076
135.488,0.149,-7.153,0.000,49.583,0.607,2.989,-2.472,-1.804,-2.250
135.493,0.149,-7.153,0.000,36.687,0.743,3.518,-1.827,-1.838,-3.185
135.499,0.149,-7.153,0.000,23.817,1.788,4.121,-1.183,-1.861,-3.836
135.505,0.149,-7.153,0.000,11.252,2.978,5.188,-0.555,-1.873,-4.303
135.510,0.149,-7.153,0.000,-1.192,5.344,2.973,0.067,-1.876,-4.654
135.516,0.297,-7.153,0.000,-13.772,4.902,1.676,0.703,-1.867,-4.848
135.522,0.297,-7.153,0.000,-24.507,3.034,1.513,1.240,-1.849,-4.792
135.528,0.595,-6.974,0.000,-32.769,2.577,3.086,1.668,-1.822,-4.480
135.534,0.595,-6.974,0.000,-37.645,-1.737,2.996,1.912,-1.789,-3.855
135.540,0.595,-6.974,0.000,-43.058,-5.863,3.718,2.183,-1.751,-3.449
135.546,4.760,-7.153,0.000,-44.404,-10.995,1.997,2.458,-1.704,-2.722
135.553,6.100,-7.153,0.000,-40.602,-11.252,-0.527,2.335,-1.658,-1.681
135.559,8.069,-7.153,0.000,-34.664,-8.130,-1.730,2.137,-1.615,-0.674
135.566,8.069,-7.153,0.000,-32.787,-11.864,1.228,2.043,-1.574,-0.332
135.572,8.069,-7.153,0.000,-24.274,-17.968,1.815,1.617,-1.541,0.540
135.579,15.518,-7.333,0.000,-16.708,-12.779,-0.531,1.611,-1.507,1.120
135.585,15.518,-7.333,0.000,-8.227,-9.836,-0.631,1.187,-1.481,1.691
135.592,17.112,-7.333,0.000,-2.256,-13.220,-0.388,0.968,-1.461,1.806
135.598,18.808,-7.333,0.000,1.417,-14.636,-0.898,0.870,-1.444,1.697
135.604,18.808,-7.333,0.000,9.066,-10.131,-0.811,0.487,-1.434,1.991
135.611,18.808,-7.333,0.000,13.219,-8.020,2.274,0.279,-1.426,1.962
135.617,28.693,-8.069,0.000,15.801,-10.118,3.833,0.645,-1.413,1.713
135.624,41.500,-9.416,0.000,15.233,-8.996,3.554,1.313,-1.388,1.225
135.630,41.500,-9.416,0.000,19.128,-2.216,0.096,1.119,-1.365,1.282
135.637,41.500,-9.416,0.000,15.547,-2.077,0.833,1.298,-1.341,0.631
135.643,41.500,-9.416,0.000,9.863,-2.805,4.384,1.582,-1.311,-0.066
135.650,170.770,-17.112,0.000,13.288,-2.361,1.327,7.874,-1.243,0.270
135.656,170.770,-17.112,0.000,9.645,-2.490,-4.199,8.056,-1.087,-0.116
135.663,180.670,-17.387,0.000,5.336,1.537,0.282,8.767,-0.918,-0.502
135.669,180.670,-17.387,0.000,6.921,2.087,2.681,8.687,-0.750,-0.235
135.675,205.549,-20.306,0.000,12.528,-2.347,2.579,9.651,-0.570,0.355
135.682,205.549,-20.615,0.000,19.080,-4.425,-0.043,9.323,-0.386,0.934
135.688,205.549,-20.615,0.000,30.649,-5.813,1.274,8.745,-0.214,1.815
135.695,205.549,-20.615,0.000,43.453,-11.600,3.618,8.105,-0.049,2.584
135.701,174.021,-22.871,0.000,60.096,-13.254,0.552,5.696,0.069,3.569
135.708,174.021,-22.871,0.000,81.063,-14.297,1.080,4.648,0.166,4.732
135.714,139.465,-24.236,0.000,94.530,-19.309,1.593,2.247,0.226,4.839
135.721,139.465,-24.236,0.000,116.812,-21.534,1.179,1.133,0.254,5.754
135.727,139.465,-24.236,0.000,131.706,-21.282,0.350,0.388,0.267,5.761
135.734,139.465,-24.236,0.000,146.369,-23.661,2.711,-0.345,0.265,5.753
135.740,49.377,-23.207,0.000,157.908,-23.706,0.699,-5.427,0.161,5.398
135.747,40.978,-22.209,0.000,164.523,-22.457,-1.945,-6.177,0.042,4.688
135.753,40.978,-22.209,0.000,162.476,-21.612,0.597,-6.075,-0.077,3.318
135.760,22.538,-20.927,0.000,156.113,-17.170,0.117,-6.679,-0.204,1.864
135.766,22.538,-20.927,0.000,144.895,-18.310,-0.069,-6.118,-0.328,0.302
135.773,22.538,-20.927,0.000,131.091,-15.772,2.107,-5.428,-0.438,-1.091
135.779,22.538,-20.927,0.000,108.620,-15.245,-1.132,-4.304,-0.527,-2.954
135.786,14.508,-20.615,0.000,90.409,-16.167,1.182,-3.795,-0.608,-3.876
135.792,14.508,-20.615,0.000,63.659,-13.166,-3.766,-2.458,-0.665,-5.480
135.799,9.219,-19.398,0.000,43.519,-11.561,-4.829,-1.715,-0.705,-6.107
135.805,8.636,-19.398,0.000,22.025,-9.518,-4.288,-0.669,-0.724,-6.643
135.812,8.636,-19.398,0.000,2.403,-8.635,-3.724,0.312,-0.724,-6.855
135.818,8.636,-19.398,0.000,-12.675,-12.292,2.412,1.066,-0.710,-6.658
135.824,4.924,-18.518,0.000,-23.395,-13.056,7.459,1.416,-0.688,-6.131
135.831,2.096,-16.302,0.000,-29.334,-11.891,3.880,1.571,-0.658,-5.144
135.837,0.000,-14.018,0.000,-29.316,-13.073,1.464,1.466,-0.630,-3.802
135.842,-0.149,-12.380,0.000,-28.771,-14.884,0.511,1.431,-0.606,-2.780
135.848,-0.149,-12.380,0.000,-23.048,-14.422,-1.348,1.145,-0.586,-1.427
135.853,-0.149,-12.380,0.000,-16.510,-16.220,-1.984,0.818,-0.572,-0.397
135.859,-0.149,-13.539,0.000,-7.453,-19.947,-1.247,0.365,-0.564,0.697
135.864,-0.149,-13.539,0.000,0.429,-22.722,-0.194,-0.029,-0.563,1.400
135.870,-0.149,-13.539,0.000,8.458,-23.293,-0.565,-0.430,-0.568,1.988
135.875,-0.149,-13.539,0.000,14.204,-27.087,2.248,-0.718,-0.578,2.133
135.881,-0.297,-13.539,0.000,19.368,-25.498,0.856,-0.983,-0.593,2.185
135.887,-0.297,-13.539,0.000,23.217,-21.789,0.118,-1.176,-0.613,2.033
135.893,-2.706,-12.155,0.000,24.987,-21.468,-1.096,-1.385,-0.638,1.710
135.899,-3.955,-11.932,0.000,24.209,-23.018,-1.334,-1.408,-0.666,1.185
135.906,-3.955,-11.932,0.000,22.818,-21.597,-2.024,-1.339,-0.692,0.767
135.912,-27.911,-11.062,0.000,16.828,-13.172,-3.503,-2.237,-0.723,-0.018
135.919,-42.028,-11.062,0.000,8.079,-13.387,-2.099,-2.505,-0.766,-0.835
135.925,-42.028,-11.062,0.000,2.114,-18.463,1.101,-2.207,-0.811,-1.221
135.932,-42.028,-11.062,0.000,-5.875,-18.549,1.164,-1.808,-0.848,-1.675
135.938,-153.744,-6.797,0.000,-18.212,-10.479,-3.043,-6.777,-0.984,-2.457
135.945,-211.219,-5.758,0.000,-30.675,-8.225,-1.713,-9.027,-1.144,-3.051
135.951,-211.219,-5.758,0.000,-42.434,-9.766,-0.358,-8.439,-1.312,-3.445
135.958,-287.054,-4.760,0.000,-56.151,-10.008,-2.556,-11.545,-1.490,-3.899
135.964,-287.054,-4.760,0.000,-72.573,-11.618,-1.482,-10.724,-1.709,-4.503
135.971,-294.447,-4.760,0.000,-90.392,-6.843,-3.486,-10.203,-1.913,-5.107
135.977,-294.447,-4.760,0.000,-113.948,-7.018,-4.626,-9.025,-2.096,-6.117
135.984,-294.447,-4.760,0.000,-134.791,-5.697,-3.494,-7.983,-2.260,-6.659
135.990,-301.991,-6.446,0.000,-159.288,-6.678,-3.531,-7.135,-2.405,-7.342
135.997,-301.991,-6.446,0.000,-182.709,-7.567,1.077,-5.964,-2.529,-7.786
136.003,-301.991,-6.446,0.000,-206.633,-6.144,-0.056,-4.768,-2.628,-8.102
136.010,-304.539,-6.446,0.000,-233.253,-5.652,-0.728,-3.564,-2.708,-8.562
136.016,-304.539,-6.446,0.000,-254.663,-0.274,-3.124,-2.494,-2.764,-8.472
136.023,-304.539,-6.446,0.000,-276.694,-0.705,-5.226,-1.392,-2.799,-8.474
136.029,-299.459,-6.272,0.000,-297.698,-4.511,0.117,-0.088,-2.810,-8.392
136.036,-299.459,-6.272,0.000,-310.770,-6.517,-2.243,0.566,-2.803,-7.547
136.042,-299.459,-6.272,0.000,-325.646,-5.719,-5.505,1.309,-2.782,-7.094
136.049,-299.459,-6.272,0.000,-334.765,-5.077,-0.911,1.765,-2.750,-6.190
136.055,-252.278,-6.100,0.000,-340.016,-8.032,0.545,4.387,-2.665,-5.166
136.062,-252.278,-6.100,0.000,-342.534,-9.467,-3.774,4.513,-2.578,-4.106
136.068,-184.069,-6.621,0.000,-342.653,-8.180,-3.460,7.929,-2.447,-3.096
136.075,-142.233,-6.974,0.000,-341.884,-11.934,-2.118,9.983,-2.266,-2.241
136.081,-142.233,-6.974,0.000,-335.094,-9.489,-6.076,9.643,-2.076,-1.033
136.088,-142.233,-6.974,0.000,-327.156,-10.071,-3.473,9.246,-1.893,0.013
136.094,-142.233,-6.974,0.000,-315.817,-14.179,-1.383,8.679,-1.722,1.077
136.101,-142.233,-6.974,0.000,-300.576,-14.903,-2.073,7.917,-1.559,2.219
136.107,-142.233,-6.974,0.000,-290.509,-18.522,0.122,7.414,-1.413,2.649
136.114,-4.924,-8.829,0.000,-273.354,-16.530,-3.217,13.421,-1.198,3.785
136.120,-4.924,-8.829,0.000,-257.247,-13.977,-3.872,12.616,-0.964,4.550
136.126,-4.924,-8.829,0.000,-243.899,-16.074,-1.738,11.949,-0.746,4.832
136.132,-0.297,-7.333,0.000,-225.030,-15.291,-2.526,11.237,-0.539,5.577
136.138,-0.297,-7.333,0.000,-209.921,-13.769,-3.080,10.481,-0.345,5.767
136.144,0.000,-6.974,0.000,-195.855,-16.287,-2.601,9.793,-0.161,5.737
136.149,0.000,-6.974,0.000,-180.018,-18.248,-2.407,9.001,-0.012,6.074
136.155,0.000,-6.974,0.000,-166.439,-16.138,-3.219,8.322,0.126,6.060
136.160,0.000,-6.974,0.000,-153.070,-14.014,-5.029,7.653,0.254,6.024
136.166,0.000,-6.272,0.000,-137.662,-11.546,-4.757,6.883,0.372,6.282
136.171,0.000,-6.272,0.000,-124.543,-14.287,-3.458,6.227,0.476,6.231
136.176,0.000,-6.446,0.000,-113.579,-14.829,-3.479,5.679,0.570,5.855
136.182,0.000,-6.446,0.000,-101.598,-13.095,-3.208,5.080,0.658,5.693
136.187,0.000,-6.446,0.000,-90.968,-10.817,-3.830,4.548,0.734,5.430
136.193,0.000,-6.272,0.000,-80.883,-10.017,-1.111,4.044,0.802,5.195
136.198,0.000,-6.272,0.000,-74.925,-11.909,-0.185,3.746,0.865,4.558
136.204,0.000,-6.272,0.000,-71.956,-15.922,0.069,3.598,0.924,3.740
136.209,0.000,-6.272,0.000,-71.817,-16.099,-1.310,3.591,0.982,2.810
136.215,0.000,-6.272,0.000,-69.766,-17.318,-2.093,3.488,1.038,2.314
136.220,0.000,-6.272,0.000,-68.114,-19.775,-2.634,3.406,1.094,1.904
136.226,0.000,-6.272,0.000,-69.517,-20.616,-2.391,3.476,1.152,1.282
136.231,0.000,-6.272,0.000,-69.645,-19.605,-3.597,3.482,1.210,0.979
136.237,0.000,-5.928,0.000,-69.313,-16.548,-5.069,3.466,1.267,0.803
136.242,0.000,-5.928,0.000,-70.192,-15.841,-5.319,3.510,1.324,0.529
136.247,0.000,-5.928,0.000,-68.522,-15.419,-4.167,3.426,1.382,0.669
136.253,0.000,-5.589,0.000,-66.900,-15.891,-2.969,3.345,1.438,0.743
136.258,0.000,-5.589,0.000,-66.748,-18.538,-2.045,3.337,1.493,0.608
136.264,0.000,-5.589,0.000,-62.788,-16.313,-1.818,3.139,1.546,0.896
136.269,0.000,-4.760,0.000,-60.805,-16.647,-3.015,3.040,1.595,0.885
136.275,0.000,-4.598,0.000,-57.195,-15.303,-5.092,2.860,1.643,1.079
136.280,0.000,-4.598,0.000,-53.398,-12.064,-7.209,2.670,1.687,1.229
136.285,0.000,-4.598,0.000,-47.086,-9.696,-8.097,2.354,1.727,1.650
136.291,0.000,-4.436,0.000,-40.824,-10.431,-4.978,2.041,1.762,1.960
136.296,0.000,-4.436,0.000,-36.051,-12.441,-1.743,1.803,1.792,2.001
136.302,0.000,-4.436,0.000,-33.002,-14.693,0.322,1.650,1.819,1.813
136.307,0.000,-4.436,0.000,-28.876,-12.233,-1.010,1.444,1.845,1.809
136.313,0.000,-4.436,0.000,-24.686,-10.362,-0.532,1.234,1.866,1.834
136.318,0.000,-4.436,0.000,-20.821,-9.746,-1.474,1.041,1.884,1.811
136.323,0.000,-4.436,0.000,-14.147,-8.446,-2.177,0.707,1.897,2.123
136.329,0.000,-4.275,0.000,-10.737,-6.723,-0.989,0.537,1.907,1.998
136.334,0.000,-4.275,0.000,-8.816,-11.044,-0.096,0.441,1.915,1.764
136.340,0.000,-4.275,0.000,-6.664,-13.950,-0.148,0.333,1.921,1.582
136.345,0.000,-4.275,0.000,-4.543,-14.805,-0.712,0.227,1.926,1.452
136.351,0.000,-4.275,0.000,-4.006,-14.085,-2.291,0.200,1.931,1.197
136.356,0.000,-4.275,0.000,-2.205,-15.540,-3.857,0.110,1.934,1.149
136.361,0.000,-4.275,0.000,-1.242,-15.796,-5.252,0.062,1.935,1.003
136.367,0.446,-5.589,0.000,-2.869,-13.312,-6.896,0.166,1.938,0.595
136.373,1.642,-6.446,0.000,-5.394,-12.324,-0.395,0.352,1.943,0.214
136.380,1.642,-6.446,0.000,-3.886,-15.512,2.250,0.276,1.949,0.297
136.386,1.642,-6.446,0.000,-5.784,-12.103,-1.470,0.371,1.955,0.043
136.393,30.720,-13.539,0.000,-4.891,-9.233,-2.650,1.781,1.991,0.122
136.399,30.720,-13.539,0.000,-3.619,-12.814,0.814,1.717,2.024,0.190
136.405,115.245,-19.697,0.000,0.215,-14.864,0.634,5.752,2.083,0.579
136.412,145.044,-20.306,0.000,1.005,-10.730,1.500,7.202,2.204,0.539
136.418,145.044,-20.306,0.000,4.201,-14.769,2.831,7.042,2.341,0.696
136.425,145.044,-20.306,0.000,10.278,-14.020,-1.385,6.738,2.474,1.111
136.431,205.549,-22.871,0.000,21.437,-10.906,-0.821,9.206,2.656,1.919
136.438,205.549,-22.871,0.000,30.128,-13.562,0.273,8.771,2.829,2.297
136.444,205.549,-22.871,0.000,43.872,-10.951,0.025,8.084,2.994,3.010
136.451,275.063,-32.855,0.000,62.358,-14.931,2.526,10.635,3.000,4.028
136.457,275.063,-32.855,0.000,83.354,-16.316,1.068,9.585,3.000,5.076
136.464,317.541,-39.442,0.000,107.254,-17.688,1.588,10.514,3.000,6.130
136.470,317.541,-39.442,0.000,124.915,-20.429,1.516,9.631,3.000,6.345
136.477,347.706,-42.028,0.000,148.233,-19.813,0.617,9.974,3.000,6.979
136.483,344.873,-41.500,0.000,176.073,-21.929,1.843,8.440,3.000,7.900
136.490,344.873,-41.500,0.000,202.742,-24.034,0.613,7.107,3.000,8.450
136.496,344.873,-30.720,0.000,227.763,-24.039,0.157,5.855,3.000,8.738
136.503,344.873,-30.720,0.000,247.256,-27.365,2.628,4.881,3.000,8.414
136.509,344.873,-30.720,0.000,270.743,-29.129,2.786,3.706,3.000,8.598
136.516,336.483,-24.587,0.000,288.122,-25.996,2.207,2.418,3.000,8.137
136.522,301.991,-23.546,0.000,304.585,-31.392,3.441,-0.130,2.999,7.709
136.529,301.991,-23.546,0.000,315.692,-27.573,-1.819,-0.685,2.990,6.863
136.535,268.062,-22.871,0.000,323.137,-26.417,-1.448,-2.754,2.960,5.858
136.542,268.062,-22.871,0.000,326.630,-29.335,2.625,-2.928,2.903,4.694
136.548,268.062,-22.871,0.000,329.100,-31.499,7.665,-3.052,2.844,3.742
136.555,268.062,-22.871,0.000,325.631,-29.334,2.617,-2.878,2.788,2.505
136.561,184.069,-19.697,0.000,318.612,-23.289,-1.874,-6.727,2.682,1.200
136.568,184.069,-19.697,0.000,310.857,-22.157,0.297,-6.339,2.555,0.111
136.574,121.266,-18.808,0.000,300.316,-18.606,2.938,-8.952,2.419,-0.949
136.581,121.266,-18.808,0.000,287.823,-18.051,3.129,-8.328,2.252,-1.933
136.587,121.266,-18.808,0.000,275.443,-17.115,4.302,-7.709,2.103,-2.692
136.593,48.185,-18.518,0.000,260.770,-15.653,2.147,-10.629,1.894,-3.406
136.600,29.897,-16.302,0.000,242.166,-12.982,-0.141,-10.613,1.693,-4.367
136.606,29.897,-16.302,0.000,222.147,-11.612,1.331,-9.612,1.513,-5.366
136.612,9.219,-11.493,0.000,204.092,-7.600,0.735,-9.744,1.343,-5.956
136.618,9.219,-11.493,0.000,187.093,-5.467,-1.660,-8.894,1.164,-6.124
136.624,6.797,-10.849,0.000,167.662,-6.025,0.065,-8.043,1.010,-6.603
136.630,6.797,-10.849,0.000,149.777,-5.549,0.669,-7.149,0.869,-6.859
136.636,-0.149,-6.621,0.000,131.186,-6.969,2.913,-6.567,0.749,-7.102
136.642,-0.149,-6.621,0.000,115.981,-10.386,5.109,-5.806,0.649,-7.072
136.647,-0.149,-6.621,0.000,99.909,-13.464,5.544,-5.003,0.563,-7.146
136.653,-0.446,-6.446,0.000,86.685,-16.110,8.328,-4.357,0.484,-6.807
136.659,-0.446,-6.446,0.000,79.203,-14.080,3.350,-3.982,0.406,-5.866
136.666,-1.793,-6.446,0.000,70.372,-13.578,-1.358,-3.608,0.336,-5.257
136.672,-1.793,-6.446,0.000,63.009,-11.028,-2.044,-3.240,0.273,-4.618
136.678,-4.924,-6.446,0.000,56.189,-9.160,-0.302,-3.056,0.215,-4.138
136.684,-4.924,-6.446,0.000,51.842,-7.223,1.471,-2.838,0.163,-3.574
136.690,-21.243,-5.255,0.000,48.573,-6.472,3.529,-3.491,0.109,-3.045
136.697,-27.526,-4.598,0.000,44.468,-4.456,0.337,-3.600,0.042,-2.699
136.703,-27.526,-4.598,0.000,42.538,-1.918,-3.774,-3.503,-0.027,-2.208
136.710,-61.907,-2.096,0.000,39.451,0.810,1.343,-5.068,-0.127,-1.970
136.716,-94.497,-1.043,0.000,36.185,-0.443,2.455,-6.534,-0.258,-1.800
136.723,-94.497,-1.043,0.000,31.632,-1.704,-1.210,-6.306,-0.381,-1.792
136.729,-175.665,-0.893,0.000,26.558,-0.486,-0.736,-10.111,-0.551,-1.853
136.735,-175.665,-0.893,0.000,20.983,2.204,1.712,-9.832,-0.739,-1.946
136.742,-175.665,-0.893,0.000,10.490,3.102,1.522,-9.308,-0.919,-2.482
136.748,-235.155,-0.893,0.000,-3.817,-1.084,2.426,-11.567,-1.144,-3.311
136.754,-263.474,-0.893,0.000,-18.635,-2.410,4.084,-12.242,-1.379,-3.991
136.761,-294.447,-0.893,0.000,-40.765,-2.335,-1.104,-12.684,-1.615,-5.140
136.767,-304.539,-0.893,0.000,-63.991,-2.998,0.039,-12.027,-1.850,-6.098
136.773,-304.539,-0.893,0.000,-92.117,-1.677,-3.422,-10.621,-2.059,-7.366
136.780,-304.539,-0.893,0.000,-122.301,-3.084,-4.540,-9.112,-2.241,-8.541
136.786,-317.541,-0.893,0.000,-150.579,-1.658,-1.770,-8.348,-2.410,-9.219
136.792,-317.541,-0.893,0.000,-182.776,-1.789,-3.867,-6.738,-2.548,-10.106
136.799,-377.077,-0.893,0.000,-212.767,0.330,-1.996,-8.215,-2.696,-10.572
136.805,-377.077,-0.893,0.000,-237.183,2.178,-1.845,-6.995,-2.841,-10.345
136.812,-377.077,-0.893,0.000,-266.053,2.617,-2.048,-5.551,-2.956,-10.583
136.818,-473.639,-0.595,0.000,-290.990,3.611,0.637,-9.132,-3.000,-10.540
136.824,-511.185,-0.595,0.000,-312.636,7.790,0.553,-9.927,-3.000,-10.225
136.830,-511.185,-0.595,0.000,-335.132,5.052,-0.290,-8.803,-3.000,-10.021
136.836,-518.973,-0.595,0.000,-353.707,4.300,-0.211,-8.263,-3.000,-9.433
136.842,-518.973,-0.595,0.000,-372.902,2.019,3.991,-7.304,-3.000,-9.042
136.848,-518.973,-0.595,0.000,-389.456,1.584,1.340,-6.476,-3.000,-8.390
136.854,-518.973,-0.595,0.000,-406.151,3.083,-3.255,-5.641,-3.000,-8.033
136.860,-455.714,-0.595,0.000,-422.313,3.323,-2.761,-1.670,-3.000,-7.704
136.866,-347.706,-0.893,0.000,-437.774,5.342,-3.699,4.503,-2.973,-7.408
136.872,-347.706,-0.893,0.000,-450.874,6.005,-3.486,5.158,-2.880,-6.842
136.879,-317.541,-0.893,0.000,-462.849,2.750,-0.212,7.265,-2.746,-6.343
136.885,-317.541,-0.893,0.000,-466.975,-0.675,2.614,7.472,-2.606,-5.163
136.891,-172.390,-1.642,0.000,-469.297,4.815,-1.140,14.845,-2.366,-4.087
136.898,-146.466,-1.793,0.000,-468.494,1.397,-0.023,16.101,-2.068,-2.949
136.904,-72.656,-3.014,0.000,-457.493,1.788,-1.830,19.242,-1.749,-1.121
136.911,-72.656,-3.014,0.000,-442.297,2.545,-3.413,18.482,-1.384,0.602
136.917,-45.304,-3.325,0.000,-425.228,-1.085,-3.561,18.996,-1.009,2.152
136.924,-45.304,-3.325,0.000,-396.589,0.989,-3.439,17.564,-0.655,4.380
136.930,-12.380,-3.796,0.000,-367.458,-0.953,-0.910,17.754,-0.311,6.108
136.937,-12.380,-3.796,0.000,-327.357,-0.430,-2.143,15.749,0.008,8.433
136.943,-3.482,-3.639,0.000,-285.812,-0.802,-1.651,14.116,0.295,10.263
136.949,-3.482,-3.639,0.000,-238.565,-1.450,-1.160,11.754,0.532,12.354
136.956,-1.342,-3.482,0.000,-196.381,-3.158,-0.067,9.752,0.734,13.384
136.962,-1.342,-3.482,0.000,-159.367,-3.055,-0.549,7.901,0.899,13.627
136.968,0.000,-3.482,0.000,-127.740,-5.480,-1.057,6.387,1.025,13.425
136.974,0.000,-3.014,0.000,-98.281,-6.239,-3.087,4.914,1.113,13.425
136.979,0.000,-3.014,0.000,-77.625,-4.080,-4.096,3.881,1.182,12.468
136.985,0.000,-3.014,0.000,-65.260,-2.928,-3.717,3.263,1.240,10.735
136.990,0.000,-2.400,0.000,-59.027,-2.187,-2.274,2.951,1.290,8.789
136.997,0.000,-2.400,0.000,-54.395,0.940,-0.128,2.720,1.344,6.554
137.003,0.000,-2.400,0.000,-58.588,-2.036,1.258,2.929,1.400,3.951
137.010,0.000,-2.400,0.000,-65.878,-11.484,3.350,3.294,1.462,1.808
137.015,0.000,-1.793,0.000,-72.578,-9.865,4.752,3.629,1.515,0.500
137.020,0.000,-1.793,0.000,-77.861,-6.471,0.874,3.893,1.574,-0.304
137.026,0.000,-1.793,0.000,-85.049,-5.257,2.269,4.252,1.637,-1.154
137.031,0.000,-1.793,0.000,-89.727,-3.773,0.630,4.486,1.709,-1.429
137.036,0.000,-1.793,0.000,-95.616,-3.026,1.303,4.781,1.782,-1.775
137.041,0.000,-1.793,0.000,-98.847,-4.975,1.970,4.942,1.860,-1.690
137.047,0.000,-1.642,0.000,-99.486,-3.732,-0.516,4.974,1.941,-1.310
137.052,0.000,-1.642,0.000,-98.246,-0.760,-4.753,4.912,2.021,-0.826
137.058,0.000,-1.642,0.000,-93.837,0.191,-4.983,4.692,2.099,-0.128
137.063,0.149,-1.492,0.000,-85.571,0.669,-5.632,4.286,2.171,0.855
137.069,0.149,-1.492,0.000,-73.784,1.287,-3.982,3.697,2.237,2.020
137.074,0.149,-1.492,0.000,-61.709,-1.909,-1.688,3.093,2.293,3.005
137.080,0.149,-1.492,0.000,-48.578,-5.903,0.843,2.436,2.337,3.819
137.086,3.325,-2.860,0.000,-37.292,0.640,-3.210,2.031,2.379,4.021
137.092,7.883,-3.955,0.000,-22.338,0.891,-3.751,1.511,2.412,4.464
137.098,10.849,-4.924,0.000,-9.806,-1.592,-3.102,1.033,2.434,4.597
137.104,10.849,-4.924,0.000,3.149,1.179,-2.850,0.385,2.443,4.910
137.110,13.068,-5.758,0.000,13.467,2.886,-2.862,-0.020,2.445,4.725
137.117,23.546,-7.153,0.000,23.036,2.580,-1.325,0.026,2.450,4.496
137.123,27.145,-7.153,0.000,31.061,1.686,-1.961,-0.196,2.447,4.152
137.130,27.145,-7.153,0.000,35.583,1.781,-3.827,-0.422,2.441,3.559
137.136,85.769,-13.068,0.000,38.322,1.564,-2.170,2.372,2.449,2.910
137.142,85.769,-13.068,0.000,38.148,1.669,-2.694,2.381,2.494,2.168
137.149,85.769,-13.068,0.000,37.998,-0.408,-4.301,2.389,2.541,1.618
137.155,85.769,-13.068,0.000,38.036,-0.305,-2.700,2.387,2.587,1.224
137.162,85.769,-13.068,0.000,39.023,1.053,0.185,2.337,2.633,1.009
137.168,85.769,-13.068,0.000,39.546,-1.955,-0.201,2.311,2.678,0.769
137.175,359.227,-27.526,0.000,43.216,-0.467,-3.327,15.801,2.807,0.901
137.181,380.120,-29.897,0.000,46.757,-0.427,-1.844,16.668,3.000,1.049
137.187,380.120,-29.897,0.000,51.196,-1.508,-1.091,16.446,3.000,1.295
137.194,421.496,-33.295,0.000,65.108,-3.239,-2.397,17.819,3.000,2.370
137.200,424.822,-32.855,0.000,88.065,-4.685,-3.067,16.838,3.000,3.988
137.207,424.822,-32.855,0.000,115.508,-6.724,-0.426,15.466,3.000,5.609
137.213,421.496,-32.419,0.000,149.971,-7.501,-1.028,13.576,3.000,7.481
137.220,421.496,-32.419,0.000,186.104,-9.314,-0.730,11.770,3.000,9.094
137.226,405.176,-32.419,0.000,228.570,-9.651,-1.174,8.830,3.000,10.948
137.232,405.176,-32.419,0.000,272.802,-13.390,-1.687,6.619,3.000,12.477
137.239,309.688,-31.988,0.000,314.843,-13.386,-2.460,-0.258,2.998,13.416
137.245,309.688,-31.988,0.000,350.958,-23.449,-1.283,-2.063,2.969,13.509
137.252,309.688,-31.988,0.000,378.265,-22.602,-3.065,-3.429,2.911,12.772
137.259,174.021,-31.988,0.000,397.468,-22.193,-1.966,-11.172,2.789,11.416
137.265,174.021,-31.988,0.000,404.122,-25.694,-0.447,-11.505,2.566,9.156
137.271,174.021,-31.988,0.000,400.589,-23.099,-0.048,-11.328,2.345,6.475
137.278,174.021,-31.988,0.000,388.834,-25.442,-5.019,-10.741,2.134,3.722
137.284,53.734,-23.890,0.000,360.791,-23.061,-4.901,-15.353,1.866,0.113
137.291,53.734,-23.890,0.000,331.777,-24.134,-4.084,-13.902,1.585,-2.735
137.297,11.062,-16.302,0.000,291.683,-21.310,-0.786,-14.031,1.327,-5.921
137.304,11.062,-16.302,0.000,252.682,-23.666,-0.297,-12.081,1.074,-8.208
137.310,7.515,-14.757,0.000,208.294,-19.537,-1.669,-10.039,0.863,-10.409
137.317,0.595,-7.515,0.000,166.781,-17.375,-1.353,-8.309,0.696,-12.036
137.322,0.149,-7.153,0.000,130.409,-13.444,-2.568,-6.513,0.571,-12.896
137.328,0.000,-6.974,0.000,97.021,-10.298,-2.942,-4.851,0.484,-13.440
137.333,0.000,-6.974,0.000,68.007,-9.232,-1.537,-3.400,0.420,-13.365
137.339,0.000,-6.621,0.000,46.141,-11.023,0.493,-2.307,0.376,-12.538
137.344,0.000,-6.621,0.000,32.316,-9.798,2.016,-1.616,0.344,-11.030
137.350,0.000,-6.621,0.000,26.863,-8.534,0.810,-1.343,0.320,-8.908
137.355,0.000,-6.621,0.000,27.778,-7.800,0.453,-1.389,0.298,-6.588
137.361,0.000,-6.272,0.000,32.325,-4.394,-1.681,-1.616,0.273,-4.432
137.366,0.000,-6.272,0.000,41.577,-3.858,-2.408,-2.079,0.242,-2.251
137.372,0.000,-6.272,0.000,49.142,-3.358,-1.609,-2.457,0.204,-0.832
137.377,0.000,-5.928,0.000,60.908,-3.864,-1.339,-3.045,0.158,0.725
137.383,0.000,-5.758,0.000,74.398,-4.058,-1.204,-3.720,0.101,2.117
137.388,0.000,-5.758,0.000,85.145,-5.657,0.592,-4.257,0.034,2.854
137.394,0.000,-5.758,0.000,94.778,-7.374,3.089,-4.739,-0.039,3.304
137.399,0.000,-5.589,0.000,100.638,-7.623,3.286,-5.032,-0.119,3.183
137.404,0.000,-5.589,0.000,101.779,-7.433,-0.074,-5.089,-0.201,2.533
137.410,0.000,-5.589,0.000,99.092,-7.140,-2.004,-4.955,-0.282,1.593
137.415,0.000,-5.421,0.000,94.264,-7.961,-1.954,-4.713,-0.361,0.610
137.421,0.000,-5.421,0.000,86.114,-7.120,-1.731,-4.306,-0.435,-0.518
137.426,0.000,-5.421,0.000,74.868,-5.556,-1.504,-3.743,-0.504,-1.802
137.432,0.000,-4.760,0.000,63.670,-2.927,-2.737,-3.183,-0.560,-2.719
137.437,0.000,-4.598,0.000,53.394,1.129,-1.359,-2.670,-0.607,-3.264
137.443,0.000,-4.598,0.000,43.460,6.824,-2.312,-2.173,-0.645,-3.581
137.448,0.000,-4.598,0.000,32.522,10.170,-2.759,-1.626,-0.675,-3.914
137.453,0.000,-4.598,0.000,19.888,10.899,-2.404,-0.994,-0.695,-4.411
137.459,0.000,-4.436,0.000,7.716,12.233,-1.697,-0.386,-0.705,-4.762
137.464,0.000,-4.436,0.000,-1.349,12.364,-2.346,0.067,-0.708,-4.693
137.470,0.000,-4.436,0.000,-9.079,14.502,-0.463,0.454,-0.704,-4.448
137.475,-0.149,-4.436,0.000,-13.210,12.383,-1.807,0.653,-0.695,-3.842
137.481,-0.149,-4.436,0.000,-17.312,9.212,-1.144,0.858,-0.682,-3.393
137.486,-0.149,-4.436,0.000,-18.888,10.110,-2.111,0.937,-0.669,-2.790
137.492,-0.297,-4.275,0.000,-18.463,4.747,0.370,0.908,-0.654,-2.085
137.498,-1.192,-3.955,0.000,-14.695,1.973,0.376,0.675,-0.640,-1.177
137.504,-1.192,-3.955,0.000,-12.153,4.948,-1.567,0.548,-0.629,-0.622
137.510,-1.192,-3.955,0.000,-5.783,8.422,-3.634,0.230,-0.622,0.216
137.516,-11.493,-3.014,0.000,-1.812,7.677,-3.088,-0.484,-0.626,0.591
137.522,-16.839,-1.793,0.000,3.417,2.731,-0.425,-1.013,-0.643,0.924
137.529,-50.592,-0.893,0.000,8.630,4.677,-1.651,-2.961,-0.676,1.206
137.535,-50.592,-0.893,0.000,10.912,10.508,-4.877,-3.075,-0.734,1.126
137.541,-50.592,-0.893,0.000,11.427,9.376,-2.696,-3.101,-0.792,0.893
137.547,-140.843,-0.297,0.000,11.227,6.448,1.989,-7.604,-0.933,0.598
137.553,-156.735,-0.297,0.000,12.265,7.973,3.151,-8.450,-1.079,0.550
137.560,-156.735,-0.297,0.000,6.072,7.222,-0.412,-8.140,-1.229,-0.150
137.565,-156.735,-0.297,0.000,-4.228,7.680,-1.416,-7.625,-1.369,-1.181
137.572,-247.907,-0.297,0.000,-17.097,12.132,-4.540,-11.540,-1.584,-2.262
137.578,-275.063,-0.297,0.000,-34.186,13.618,-7.116,-12.044,-1.798,-3.492
137.584,-275.063,-0.297,0.000,-53.046,12.412,-8.929,-11.101,-2.003,-4.607
137.590,-325.552,-0.446,0.000,-76.791,15.028,-4.322,-12.438,-2.206,-5.983
137.596,-325.552,-0.446,0.000,-100.346,14.078,-3.592,-11.260,-2.428,-6.860
137.602,-325.552,-0.446,0.000,-130.655,15.234,-0.353,-9.745,-2.628,-8.087
137.609,-325.552,-0.446,0.000,-162.100,15.757,-0.874,-8.173,-2.793,-9.218
137.615,-325.552,-0.446,0.000,-193.169,17.007,0.105,-6.619,-2.928,-10.000
137.621,-339.262,-0.446,0.000,-220.354,16.932,-1.684,-5.945,-3.000,-10.184
137.628,-339.262,-0.446,0.000,-245.950,17.096,1.969,-4.666,-3.000,-10.184
137.634,-336.483,-0.446,0.000,-266.638,21.099,1.937,-3.492,-3.000,-9.691
137.640,-336.483,-0.446,0.000,-287.672,21.906,0.938,-2.441,-3.000,-9.357
137.647,-336.483,-0.446,0.000,-306.856,21.584,1.777,-1.481,-3.000,-8.930
137.653,-336.483,-0.446,0.000,-317.576,20.697,-1.110,-0.945,-3.000,-7.770
137.659,-336.483,-0.446,0.000,-327.814,19.127,-1.549,-0.433,-3.000,-6.808
137.666,-336.483,-0.446,0.000,-334.005,18.286,-0.375,-0.124,-3.000,-5.678
137.672,-336.483,-0.446,0.000,-339.772,23.831,-0.593,0.164,-2.998,-4.826
137.678,-336.483,-0.446,0.000,-341.061,23.548,-0.175,0.229,-2.993,-3.721
137.685,-333.723,-0.446,0.000,-345.886,19.056,2.501,0.608,-2.985,-3.294
137.691,-333.723,-0.446,0.000,-340.095,16.135,2.916,0.319,-2.977,-1.924
137.697,-245.744,-0.595,0.000,-338.615,19.019,-0.065,4.644,-2.944,-1.288
137.703,-245.744,-0.595,0.000,-334.868,20.226,-2.788,4.456,-2.862,-0.530
137.710,-226.948,-0.744,0.000,-337.209,18.458,-0.112,5.513,-2.758,-0.631
137.716,-124.997,-3.169,0.000,-330.165,13.071,3.623,10.258,-2.591,0.171
137.723,-67.111,-6.272,0.000,-324.215,14.362,-1.895,12.855,-2.358,0.716
137.729,-67.111,-6.272,0.000,-317.994,19.832,-3.048,12.544,-2.112,1.144
137.736,-12.155,-9.615,0.000,-308.237,13.600,0.487,14.804,-1.851,1.774
137.742,-12.155,-9.615,0.000,-294.146,12.325,1.499,14.100,-1.574,2.705
137.749,-7.515,-10.019,0.000,-277.151,15.859,0.066,13.482,-1.307,3.698
137.755,-7.515,-10.019,0.000,-259.876,11.477,2.407,12.618,-1.056,4.460
137.761,-0.149,-10.639,0.000,-235.787,10.183,0.933,11.782,-0.836,5.858
137.767,-0.149,-10.639,0.000,-213.933,10.007,1.823,10.689,-0.656,6.875
137.772,-0.149,-10.639,0.000,-190.828,7.649,1.609,9.534,-0.494,7.826
137.778,0.000,-6.621,0.000,-168.943,6.818,2.550,8.447,-0.344,8.339
137.783,0.000,-6.100,0.000,-146.216,4.765,1.762,7.311,-0.220,8.822
137.789,0.000,-6.100,0.000,-124.625,3.083,1.056,6.231,-0.114,9.075
137.794,0.000,-3.482,0.000,-104.724,1.554,1.555,5.236,-0.024,9.080
137.799,0.000,-1.793,0.000,-89.470,0.735,3.381,4.474,0.053,8.565
137.805,0.000,-1.793,0.000,-75.827,0.801,3.995,3.791,0.118,8.056
137.810,0.000,-1.793,0.000,-66.118,2.906,2.675,3.306,0.173,7.210
137.815,0.595,-1.642,0.000,-59.410,6.272,-1.332,3.000,0.225,6.186
137.822,0.595,-1.642,0.000,-55.768,8.038,-0.936,2.818,0.277,5.017
137.828,0.595,-1.642,0.000,-53.438,8.847,-0.293,2.702,0.326,3.997
137.834,5.589,-2.248,0.000,-55.104,9.539,2.476,3.035,0.382,2.809
137.840,5.589,-2.248,0.000,-55.724,11.302,2.019,3.066,0.440,2.027
137.847,5.589,-2.248,0.000,-58.056,10.961,0.739,3.182,0.502,1.323
137.853,12.607,-2.553,0.000,-60.507,9.127,2.481,3.656,0.571,0.797
137.860,15.777,-2.706,0.000,-62.800,13.314,0.470,3.929,0.643,0.372
137.866,15.777,-2.706,0.000,-64.125,16.790,0.769,3.995,0.721,0.173
137.873,15.777,-2.706,0.000,-62.411,12.526,2.930,3.909,0.798,0.249
137.879,55.033,-6.100,0.000,-59.757,11.982,3.395,5.739,0.911,0.488
137.886,55.033,-6.100,0.000,-56.752,17.334,-0.092,5.589,1.020,0.657
137.892,159.772,-7.515,0.000,-50.545,16.364,0.843,10.516,1.191,1.111
137.899,182.363,-8.069,0.000,-42.619,11.769,2.897,11.249,1.397,1.598
137.905,182.363,-8.069,0.000,-26.492,9.998,2.668,10.443,1.605,2.753
137.911,182.363,-8.069,0.000,-10.219,14.220,0.489,9.629,1.798,3.653
137.918,263.474,-9.816,0.000,6.523,11.052,3.252,12.848,2.057,4.339
137.924,263.474,-9.816,0.000,27.704,9.870,-0.139,11.788,2.292,5.289
137.931,320.193,-10.019,0.000,53.383,15.412,-1.275,13.340,2.541,6.449
137.937,320.193,-10.019,0.000,82.289,7.329,-0.410,11.895,2.782,7.648
137.944,356.318,-8.256,0.000,107.734,11.761,-2.706,12.429,3.000,8.203
137.950,356.318,-8.256,0.000,138.285,7.490,1.197,10.902,3.000,9.138
137.957,365.100,-7.698,0.000,166.404,11.230,-0.676,9.935,3.000,9.595
137.963,365.100,-7.698,0.000,196.640,13.574,-0.612,8.423,3.000,10.186
137.970,365.100,-7.698,0.000,223.537,11.296,1.083,7.078,3.000,10.299
137.976,365.100,-7.698,0.000,254.850,9.566,0.419,5.513,3.000,10.802
137.982,374.054,-7.153,0.000,284.748,10.400,-1.495,4.465,3.000,11.031
137.989,374.054,-7.153,0.000,304.775,7.879,-0.115,3.464,3.000,10.204
137.995,344.873,-6.974,0.000,327.066,5.613,1.304,0.890,3.000,9.784
138.002,314.906,-6.974,0.000,345.145,9.594,-0.157,-1.512,2.977,9.103
138.008,314.906,-6.974,0.000,353.766,11.050,-0.148,-1.943,2.942,7.665
138.015,247.907,-6.797,0.000,361.016,10.965,2.228,-5.655,2.876,6.369
138.021,231.022,-6.797,0.000,366.109,11.869,1.440,-6.754,2.758,5.300
138.028,231.022,-6.797,0.000,362.773,10.387,-0.617,-6.587,2.630,3.727
138.034,196.369,-6.797,0.000,355.810,12.340,-1.113,-7.972,2.471,2.099
138.041,196.369,-6.797,0.000,345.309,13.597,-3.461,-7.447,2.322,0.523
138.047,127.534,-6.797,0.000,331.258,11.617,-0.922,-10.186,2.143,-0.971
138.054,127.534,-6.797,0.000,315.717,12.844,-1.192,-9.409,1.953,-2.266
138.060,90.535,-6.272,0.000,300.292,10.177,-0.276,-10.488,1.764,-3.157
138.067,90.535,-6.272,0.000,283.723,11.608,2.732,-9.659,1.571,-3.935
138.073,90.535,-6.272,0.000,266.774,11.624,2.512,-8.812,1.394,-4.590
138.080,48.185,-3.796,0.000,250.742,12.703,4.101,-10.128,1.191,-4.977
138.086,42.560,-2.860,0.000,231.840,11.051,2.407,-9.464,1.002,-5.520
138.093,42.560,-2.860,0.000,214.644,9.635,4.062,-8.604,0.829,-5.807
138.099,20.306,-0.744,0.000,199.903,10.880,0.744,-8.980,0.667,-5.768
138.106,20.306,-0.744,0.000,180.619,10.512,-1.056,-8.016,0.504,-6.186
138.112,20.306,-0.744,0.000,169.782,15.884,-1.181,-7.474,0.348,-5.709
138.118,6.974,-0.297,0.000,158.507,15.356,-3.321,-7.577,0.205,-5.449
138.124,5.589,-0.297,0.000,146.888,14.583,-1.731,-7.065,0.075,-5.304
138.130,5.589,-0.297,0.000,136.355,13.221,2.230,-6.538,-0.045,-5.081
138.136,0.000,-0.297,0.000,129.321,17.180,1.178,-6.466,-0.160,-4.552
138.143,0.000,-0.297,0.000,121.394,18.506,1.830,-6.070,-0.283,-4.061
138.148,-0.149,-0.446,0.000,114.080,16.802,-0.873,-5.711,-0.373,-3.913
138.153,-0.149,-0.446,0.000,107.052,14.500,-2.653,-5.360,-0.462,-3.736
138.159,-0.149,-0.446,0.000,102.454,14.225,-0.290,-5.130,-0.545,-3.369
138.164,-0.149,-0.446,0.000,100.009,12.237,0.988,-5.008,-0.625,-2.839
138.169,-0.149,-0.446,0.000,96.573,13.319,1.832,-4.836,-0.702,-2.535
138.175,0.000,-0.595,0.000,95.845,13.382,5.444,-4.792,-0.777,-1.909
138.181,0.000,-0.595,0.000,89.378,14.536,1.810,-4.469,-0.867,-2.058
138.188,0.000,-0.595,0.000,88.949,17.655,5.304,-4.447,-0.955,-1.480
138.193,0.000,-0.595,0.000,87.033,16.960,2.073,-4.352,-1.022,-1.364
138.199,0.000,-0.595,0.000,84.210,19.558,1.434,-4.210,-1.107,-1.295
138.206,0.000,-0.595,0.000,78.830,20.870,-1.491,-3.941,-1.187,-1.564
138.213,0.000,-0.595,0.000,73.683,18.526,1.983,-3.684,-1.262,-1.728
138.219,0.000,-0.595,0.000,68.144,18.720,4.537,-3.407,-1.331,-1.836
138.226,0.000,-0.595,0.000,60.762,17.109,7.997,-3.038,-1.393,-2.128
138.232,0.000,-0.595,0.000,58.415,17.181,7.421,-2.921,-1.451,-1.721
138.239,0.000,-0.595,0.000,51.881,16.006,-1.188,-2.594,-1.503,-1.869
138.244,0.000,-0.595,0.000,46.971,17.089,0.136,-2.349,-1.539,-1.954
138.250,0.000,-0.595,0.000,40.600,15.094,-1.230,-2.030,-1.581,-2.042
138.255,0.000,-0.595,0.000,37.116,18.058,3.378,-1.856,-1.610,-2.003
138.262,0.000,-0.595,0.000,35.555,17.971,2.686,-1.778,-1.644,-1.475
138.269,0.000,-0.595,0.000,31.632,16.566,0.737,-1.582,-1.675,-1.382
138.275,47.016,-9.219,0.000,28.595,19.165,3.112,0.921,-1.694,-1.319
138.282,47.016,-9.219,0.000,30.006,20.783,3.235,0.850,-1.676,-0.851
138.288,75.142,-10.639,0.000,26.596,17.691,4.156,2.427,-1.629,-0.943
138.295,180.670,-15.008,0.000,27.018,17.040,7.137,7.683,-1.481,-0.707
138.301,180.670,-15.008,0.000,31.279,18.503,6.404,7.470,-1.335,-0.118
138.308,180.670,-15.008,0.000,35.880,12.718,2.715,7.239,-1.191,0.381
138.314,180.670,-15.008,0.000,42.477,12.103,-0.534,6.910,-1.054,0.963
138.321,307.105,-17.387,0.000,53.621,14.602,-1.443,12.674,-0.886,1.779
138.327,307.105,-17.387,0.000,68.346,14.193,1.759,11.938,-0.647,2.786
138.334,307.105,-17.387,0.000,80.809,8.646,4.620,11.315,-0.425,3.291
138.340,307.105,-17.387,0.000,103.607,3.698,7.731,10.175,-0.215,4.598
138.347,344.873,-16.302,0.000,125.741,3.585,3.054,10.957,-0.006,5.583
138.353,344.873,-16.302,0.000,155.341,2.250,2.702,9.477,0.187,7.061
138.360,330.982,-15.518,0.000,181.813,-4.227,2.221,7.458,0.351,7.856
138.366,330.982,-15.518,0.000,209.227,0.292,-1.818,6.088,0.478,8.536
138.373,301.991,-15.518,0.000,238.640,0.403,0.849,3.168,0.550,9.222
138.379,258.949,-13.068,0.000,261.357,-0.520,1.597,-0.120,0.555,9.106
138.386,258.949,-13.068,0.000,284.013,-3.168,0.958,-1.253,0.538,8.970
138.392,258.949,-13.068,0.000,301.560,-0.612,1.386,-2.131,0.502,8.429
138.399,191.020,-11.062,0.000,312.167,2.142,1.259,-6.057,0.432,7.339
138.405,196.369,-11.276,0.000,314.842,4.117,2.058,-5.924,0.314,5.762
138.412,196.369,-11.276,0.000,318.344,5.787,5.462,-6.099,0.197,4.642
138.418,196.369,-11.276,0.000,314.677,7.754,1.227,-5.915,0.081,3.134
138.425,231.022,-12.155,0.000,302.417,6.231,2.687,-3.570,-0.003,1.182
138.431,231.022,-12.155,0.000,288.755,6.029,-1.369,-2.887,-0.064,-0.411
138.438,231.022,-12.155,0.000,273.218,5.178,-1.403,-2.110,-0.111,-1.795
138.444,245.744,-14.262,0.000,260.855,5.546,0.611,-0.756,-0.140,-2.540
138.451,245.744,-14.262,0.000,246.635,5.920,-1.986,-0.045,-0.145,-3.249
138.457,247.907,-14.757,0.000,229.610,7.968,3.851,0.915,-0.132,-4.064
138.464,245.744,-14.757,0.000,219.041,6.265,2.009,1.335,-0.109,-4.052
138.470,245.744,-14.757,0.000,209.996,0.051,3.325,1.787,-0.077,-3.876
138.477,245.744,-14.757,0.000,205.917,-0.014,2.631,1.991,-0.039,-3.307
138.484,245.744,-14.757,0.000,205.049,1.369,0.933,2.035,0.000,-2.598
138.490,146.466,-15.261,0.000,209.751,1.113,-0.103,-3.164,0.006,-1.490
138.496,146.466,-15.261,0.000,214.446,-1.127,0.905,-3.399,-0.059,-0.677
138.503,138.097,-15.008,0.000,225.287,-1.308,3.122,-4.359,-0.142,0.480
138.509,138.097,-15.008,0.000,235.645,0.089,1.704,-4.877,-0.232,1.385
138.516,138.097,-15.008,0.000,243.054,0.724,1.137,-5.248,-0.331,1.776
138.522,138.097,-15.008,0.000,247.747,1.997,1.932,-5.483,-0.437,1.763
138.529,22.209,-8.636,0.000,252.500,4.709,2.624,-11.515,-0.587,1.714
138.535,22.209,-8.636,0.000,253.729,6.851,1.860,-11.576,-0.813,1.380
138.542,12.836,-6.974,0.000,250.537,4.533,4.956,-11.885,-1.045,0.734
138.548,12.836,-6.974,0.000,243.755,8.491,4.538,-11.546,-1.271,-0.060
138.555,12.836,-6.974,0.000,229.262,6.327,1.104,-10.821,-1.486,-1.420
138.561,5.255,-5.928,0.000,208.300,8.943,2.875,-10.152,-1.687,-3.090
138.568,5.255,-5.928,0.000,185.149,9.384,1.111,-8.995,-1.870,-4.540
138.574,5.255,-5.928,0.000,156.248,11.034,3.640,-7.550,-2.029,-6.142
138.581,5.255,-5.928,0.000,129.634,10.265,1.666,-6.219,-2.159,-7.181
138.587,5.421,-5.758,0.000,99.063,8.876,4.495,-4.682,-2.259,-8.343
138.594,4.924,-5.928,0.000,71.047,9.018,3.582,-3.306,-2.332,-9.062
138.600,4.436,-6.100,0.000,46.354,8.095,1.894,-2.096,-2.377,-9.294
138.606,4.436,-6.100,0.000,21.267,9.321,3.615,-0.842,-2.403,-9.398
138.613,4.436,-6.100,0.000,3.668,12.382,1.999,0.038,-2.408,-8.786
138.619,1.944,-6.100,0.000,-7.626,12.652,3.423,0.479,-2.403,-7.689
138.626,0.595,-6.100,0.000,-18.873,11.497,4.151,0.973,-2.388,-6.899
138.632,0.595,-6.100,0.000,-23.025,11.099,5.839,1.181,-2.368,-5.610
138.637,0.000,-5.928,0.000,-27.050,12.654,6.607,1.352,-2.345,-4.659
138.643,0.000,-5.928,0.000,-25.960,13.058,6.677,1.298,-2.324,-3.390
138.648,0.000,-5.928,0.000,-23.076,13.767,8.040,1.154,-2.305,-2.233
138.654,0.000,-5.928,0.000,-16.757,12.724,8.981,0.838,-2.289,-0.949
138.659,0.000,-5.928,0.000,-10.297,11.362,8.757,0.515,-2.279,0.054
138.664,0.000,-5.928,0.000,-3.059,9.217,5.845,0.153,-2.274,0.885
138.670,0.000,-5.928,0.000,2.759,8.783,4.194,-0.138,-2.275,1.302
138.675,0.000,-5.758,0.000,8.725,8.766,1.962,-0.436,-2.282,1.619
138.681,0.000,-5.758,0.000,15.118,7.620,3.223,-0.756,-2.293,1.902
138.686,0.000,-5.758,0.000,18.082,8.452,4.810,-0.904,-2.308,1.736
138.692,0.000,-5.589,0.000,17.804,11.873,4.915,-0.890,-2.323,1.248
138.697,0.000,-5.589,0.000,15.393,15.707,4.487,-0.770,-2.336,0.630
138.703,0.000,-5.421,0.000,13.034,18.820,2.345,-0.652,-2.348,0.162
138.708,0.000,-5.421,0.000,8.637,19.129,-1.544,-0.432,-2.358,-0.426
138.714,-0.149,-5.255,0.000,2.155,14.490,-2.973,-0.115,-2.362,-1.111
138.719,-0.149,-5.255,0.000,-6.021,8.655,-1.608,0.294,-2.360,-1.797
138.724,-0.149,-5.255,0.000,-12.943,8.648,1.360,0.640,-2.352,-2.156
138.730,-0.149,-5.255,0.000,-19.908,10.999,2.053,0.988,-2.337,-2.400
138.735,-0.149,-5.255,0.000,-28.377,10.971,2.414,1.411,-2.316,-2.743
138.741,-1.043,-4.924,0.000,-36.575,7.848,2.747,1.777,-2.286,-2.913
138.747,-2.096,-4.760,0.000,-46.371,7.608,2.601,2.214,-2.249,-3.181
138.754,-2.096,-4.760,0.000,-49.331,9.570,4.879,2.362,-2.204,-2.699
138.760,-10.019,-3.482,0.000,-52.671,8.815,7.866,2.133,-2.158,-2.342
138.767,-10.019,-3.482,0.000,-56.650,8.803,5.944,2.332,-2.115,-2.158
138.773,-10.019,-3.482,0.000,-57.080,5.783,3.184,2.353,-2.070,-1.678
138.780,-10.019,-3.482,0.000,-57.480,4.653,3.541,2.373,-2.024,-1.295
138.786,-31.561,-3.482,0.000,-58.625,5.875,3.138,1.353,-1.990,-1.051
138.793,-53.094,-3.325,0.000,-59.217,10.541,4.231,0.306,-1.977,-0.844
138.799,-53.094,-3.325,0.000,-58.781,9.648,6.121,0.284,-1.971,-0.587
138.806,-53.094,-3.325,0.000,-58.471,9.989,5.410,0.269,-1.967,-0.450
138.812,-53.094,-3.325,0.000,-54.576,11.135,3.509,0.074,-1.963,0.059
138.819,-53.094,-3.325,0.000,-59.511,17.516,0.796,0.321,-1.958,-0.419
138.825,-488.382,-0.595,0.000,-63.556,22.085,0.794,-21.241,-2.352,-0.721
138.831,-551.084,-0.446,0.000,-68.061,23.248,-0.008,-24.151,-2.777,-1.030
138.837,-551.084,-0.446,0.000,-78.875,22.168,3.589,-23.610,-3.000,-1.894
138.844,-551.084,-0.446,0.000,-101.094,26.607,5.889,-22.499,-3.000,-3.643
138.850,-784.465,-0.446,0.000,-132.465,23.189,9.262,-32.600,-3.000,-5.839
138.856,-858.146,-0.446,0.000,-181.243,25.301,3.374,-33.845,-3.000,-9.230
138.863,-858.146,-0.446,0.000,-235.981,25.269,5.034,-31.108,-3.000,-12.392
138.869,-887.932,-0.595,0.000,-301.144,22.131,4.244,-29.339,-3.000,-15.819
138.875,-887.932,-0.595,0.000,-378.286,24.091,-0.203,-25.482,-3.000,-20.014
138.881,-887.932,-0.595,0.000,-453.799,22.012,4.494,-21.707,-3.000,-22.985
138.887,-887.932,-0.744,0.000,-532.196,18.343,6.142,-17.787,-3.000,-24.823
138.894,-887.932,-0.744,0.000,-608.622,17.863,4.868,-13.966,-3.000,-26.013
138.900,-887.932,-0.744,0.000,-679.964,14.426,7.195,-10.398,-3.000,-26.468
138.907,-881.909,-0.595,0.000,-737.770,9.563,4.069,-7.207,-3.000,-25.437
138.913,-881.909,-0.595,0.000,-787.186,7.970,4.042,-4.736,-3.000,-24.231
138.919,-881.909,-0.595,0.000,-822.207,6.585,6.361,-2.985,-3.000,-21.860
138.925,-829.173,-0.595,0.000,-844.671,1.128,8.296,0.775,-2.993,-18.768
138.931,-829.173,-0.595,0.000,-854.849,-4.924,7.219,1.284,-2.971,-15.067
138.937,-829.173,-0.595,0.000,-854.174,-5.227,3.643,1.250,-2.948,-11.215
138.943,-829.173,-0.595,0.000,-845.421,-8.646,1.763,0.812,-2.930,-7.467
138.949,-515.067,-0.744,0.000,-831.946,-14.858,2.159,15.844,-2.622,-4.298
138.956,-365.100,-0.893,0.000,-808.040,-16.467,3.807,22.147,-2.237,-0.931
138.962,-365.100,-0.893,0.000,-779.829,-15.626,7.231,20.736,-1.835,2.087
138.968,-365.100,-0.893,0.000,-744.033,-18.233,7.623,18.947,-1.468,5.126
138.975,-365.100,-0.893,0.000,-702.520,-16.530,8.418,16.871,-1.127,7.841
138.981,-365.100,-0.893,0.000,-656.193,-15.925,4.476,14.555,-0.838,10.458
138.987,-365.100,-0.893,0.000,-611.125,-13.782,3.207,12.301,-0.593,12.332
138.994,-35.101,-6.100,0.000,-567.724,-14.711,1.426,26.631,-0.181,13.498
139.000,-35.101,-6.100,0.000,-526.117,-8.757,3.983,24.551,0.309,14.116
139.006,-35.101,-6.100,0.000,-486.569,-9.697,3.310,22.573,0.759,14.393
139.013,-35.101,-6.100,0.000,-448.148,-1.273,3.341,20.652,1.171,14.521
139.020,-35.101,-6.100,0.000,-410.203,-1.903,4.510,18.755,1.554,14.523
139.026,-35.101,-6.100,0.000,-372.512,6.863,3.049,16.871,1.892,14.568
139.032,0.000,-5.758,0.000,-331.407,9.182,4.200,16.570,2.200,15.173
139.038,0.000,-5.758,0.000,-295.372,9.096,3.872,14.769,2.450,15.504
139.043,0.000,-5.758,0.000,-262.667,12.699,1.559,13.133,2.672,15.355
139.048,0.000,-4.436,0.000,-231.363,16.347,0.575,11.568,2.869,15.060
139.054,0.000,-4.436,0.000,-203.918,17.358,-1.027,10.196,3.000,14.440
139.059,0.000,-4.436,0.000,-178.641,19.098,-0.374,8.932,3.000,13.790
139.065,0.000,-4.436,0.000,-157.623,20.768,0.275,7.881,3.000,12.789
139.071,3.014,-5.589,0.000,-142.064,21.806,1.343,7.254,3.000,11.306
139.077,8.446,-6.797,0.000,-123.773,21.292,0.643,6.611,3.000,10.241
139.083,8.446,-6.797,0.000,-109.842,23.231,-2.210,5.914,3.000,9.041
139.090,8.446,-6.797,0.000,-96.843,22.489,-2.088,5.264,3.000,8.035
139.096,29.897,-7.515,0.000,-86.518,20.448,-2.893,5.821,3.000,7.033
139.102,38.940,-8.446,0.000,-74.965,14.941,4.438,5.695,3.000,6.427
139.109,38.940,-8.446,0.000,-67.044,15.216,0.953,5.299,3.000,5.623
139.115,152.266,-10.019,0.000,-58.725,16.560,1.226,10.550,3.000,5.013
139.122,152.266,-10.019,0.000,-49.825,16.532,2.729,10.105,3.000,4.619
139.128,152.266,-10.019,0.000,-38.597,16.397,3.354,9.543,3.000,4.556
139.135,152.266,-10.019,0.000,-24.127,17.019,-1.880,8.820,3.000,4.847
139.141,152.266,-10.019,0.000,-9.992,20.712,-2.516,8.113,3.000,5.010
139.148,152.266,-10.019,0.000,6.357,20.749,-0.578,7.295,3.000,5.314
139.154,152.266,-10.019,0.000,28.527,17.045,-0.751,6.187,3.000,6.146
139.161,431.537,-12.836,0.000,45.751,24.591,-1.185,19.289,3.000,6.275
139.167,431.537,-12.836,0.000,67.146,24.131,-0.699,18.220,3.000,6.800
139.174,441.770,-12.155,0.000,87.237,20.105,-0.660,17.727,3.000,7.035
139.180,441.770,-11.062,0.000,111.489,22.589,-1.883,16.514,3.000,7.621
139.186,438.337,-10.224,0.000,140.164,18.414,-0.302,14.909,3.000,8.542
139.193,438.337,-7.333,0.000,176.452,15.646,-2.238,13.094,3.000,9.914
139.199,438.337,-7.153,0.000,212.518,14.236,-2.055,11.291,3.000,10.964
139.206,438.337,-7.153,0.000,247.210,10.749,-2.379,9.556,3.000,11.503
139.213,438.337,-7.153,0.000,284.496,11.405,-4.468,7.692,3.000,12.250
139.219,470.010,-6.974,0.000,321.201,8.966,-1.990,7.440,3.000,12.747
139.225,470.010,-6.974,0.000,357.593,11.290,-1.619,5.621,3.000,13.085
139.232,470.010,-6.974,0.000,388.059,13.682,-1.044,4.098,3.000,12.745
139.238,470.010,-6.974,0.000,414.002,13.615,-0.784,2.800,3.000,12.011
139.245,470.010,-6.974,0.000,437.148,15.310,-0.705,1.643,3.000,11.245
139.252,470.010,-6.974,0.000,456.036,22.025,-1.564,0.699,3.000,10.232
139.258,470.010,-6.974,0.000,466.649,25.153,-1.036,0.168,3.000,8.716
139.265,526.856,-11.493,0.000,471.945,27.942,2.357,2.746,3.000,7.010
139.271,526.856,-11.493,0.000,476.301,32.001,2.177,2.528,3.000,5.650
139.278,459.255,-16.839,0.000,477.057,33.799,2.005,-0.890,2.989,4.370
139.284,459.255,-16.839,0.000,474.686,33.842,4.389,-0.772,2.974,3.094
139.291,459.255,-16.839,0.000,473.076,35.560,3.201,-0.691,2.960,2.166
139.297,459.255,-16.839,0.000,469.530,37.238,1.736,-0.514,2.949,1.270
139.304,247.907,-22.871,0.000,469.987,40.533,5.545,-11.104,2.727,0.983
139.310,205.549,-23.207,0.000,467.094,40.264,5.882,-13.077,2.485,0.470
139.317,205.549,-23.207,0.000,461.898,39.856,8.293,-12.817,2.234,-0.168
139.323,112.905,-19.102,0.000,456.274,39.572,6.749,-17.168,1.958,-0.681
139.330,92.499,-17.947,0.000,444.896,37.532,4.207,-17.620,1.625,-1.602
139.336,92.499,-17.947,0.000,431.401,38.789,6.403,-16.945,1.290,-2.513
139.343,40.978,-11.276,0.000,411.451,38.129,5.020,-18.524,0.923,-3.797
139.349,27.526,-7.883,0.000,388.232,35.745,12.052,-18.035,0.557,-5.039
139.356,27.526,-7.883,0.000,356.220,34.853,10.994,-16.435,0.229,-6.898
139.362,11.276,-4.760,0.000,326.628,34.793,11.650,-15.768,-0.083,-8.038
139.369,9.615,-3.955,0.000,289.652,33.438,13.781,-14.002,-0.365,-9.619
139.375,9.615,-3.955,0.000,255.390,35.089,12.301,-12.289,-0.614,-10.541
139.382,9.816,-4.114,0.000,217.771,33.395,12.494,-10.398,-0.827,-11.518
139.388,12.607,-4.924,0.000,182.039,36.892,12.301,-8.472,-0.994,-12.312
139.394,12.836,-5.589,0.000,149.504,35.136,13.139,-6.833,-1.133,-12.494
139.400,12.836,-5.589,0.000,118.759,33.746,16.683,-5.296,-1.245,-12.328
139.407,12.836,-5.589,0.000,95.936,37.083,17.394,-4.155,-1.332,-11.474
139.413,12.836,-5.589,0.000,79.030,35.401,13.636,-3.310,-1.402,-10.272
139.420,13.068,-5.589,0.000,65.800,37.042,17.236,-2.637,-1.458,-9.002
139.426,13.068,-5.589,0.000,58.741,34.624,15.700,-2.284,-1.505,-7.455
139.433,12.836,-5.255,0.000,52.931,38.898,16.452,-2.005,-1.545,-6.137
139.439,12.836,-5.089,0.000,51.650,37.056,17.829,-1.941,-1.584,-4.737
139.446,12.836,-5.089,0.000,53.757,32.916,20.466,-2.046,-1.623,-3.371
139.452,12.836,-5.089,0.000,59.160,31.486,22.611,-2.316,-1.667,-2.042
139.459,12.836,-5.089,0.000,63.864,30.348,21.245,-2.551,-1.715,-1.088
139.465,12.607,-4.114,0.000,67.062,31.234,22.344,-2.723,-1.766,-0.494
139.471,12.607,-4.114,0.000,71.096,31.348,21.877,-2.924,-1.821,0.039
139.478,12.607,-4.114,0.000,74.193,32.359,21.376,-3.079,-1.881,0.295
139.484,12.155,-3.955,0.000,73.622,36.979,20.591,-3.073,-1.940,0.175
139.491,12.155,-3.955,0.000,72.331,38.998,20.197,-3.009,-2.001,-0.005
139.497,12.155,-3.955,0.000,65.306,47.087,17.671,-2.658,-2.055,-0.682
139.504,12.155,-3.955,0.000,59.742,47.645,17.303,-2.379,-2.103,-1.079
139.510,12.155,-4.114,0.000,50.979,51.898,16.813,-1.941,-2.145,-1.668
139.517,12.155,-4.114,0.000,45.448,52.670,21.733,-1.665,-2.178,-1.768
139.523,12.155,-3.955,0.000,33.521,53.122,21.843,-1.068,-2.202,-2.436
139.530,12.155,-3.955,0.000,20.628,51.100,27.798,-0.424,-2.214,-3.059
139.537,12.155,-3.955,0.000,8.489,50.969,25.631,0.183,-2.214,-3.428
139.543,12.155,-3.955,0.000,-3.435,54.230,23.304,0.779,-2.203,-3.716
139.549,11.276,-3.796,0.000,-16.607,52.055,23.338,1.394,-2.180,-4.036
139.556,11.276,-3.796,0.000,-25.694,51.894,26.150,1.849,-2.147,-3.911
139.562,11.276,-3.796,0.000,-33.539,46.210,24.335,2.241,-2.105,-3.670
139.569,7.333,-3.955,0.000,-35.888,44.201,25.169,2.161,-2.061,-2.970
139.575,7.333,-3.955,0.000,-44.639,44.422,26.372,2.599,-2.013,-3.039
139.582,6.272,-3.796,0.000,-44.372,38.848,27.116,2.532,-1.963,-2.260
139.588,5.589,-3.796,0.000,-47.083,38.636,25.546,2.634,-1.912,-1.945
139.595,3.955,-3.955,0.000,-46.450,37.471,26.440,2.520,-1.863,-1.422
139.601,2.553,-3.955,0.000,-46.668,36.109,25.026,2.461,-1.814,-1.067
139.608,1.642,-4.114,0.000,-49.269,39.191,27.657,2.546,-1.765,-1.054
139.614,0.446,-4.275,0.000,-49.492,38.260,28.262,2.497,-1.716,-0.814
139.621,0.446,-4.275,0.000,-48.544,35.285,28.541,2.450,-1.670,-0.525
139.627,0.446,-4.275,0.000,-47.206,37.590,29.577,2.383,-1.625,-0.269
139.633,0.446,-4.275,0.000,-44.336,37.554,26.627,2.239,-1.580,0.096
139.639,0.000,-4.760,0.000,-45.816,43.195,26.989,2.291,-1.540,-0.103
139.645,0.000,-4.760,0.000,-42.741,42.324,26.300,2.137,-1.504,0.268
139.650,0.000,-4.760,0.000,-44.889,46.048,24.669,2.244,-1.467,-0.007
139.656,0.000,-4.760,0.000,-45.309,43.752,21.344,2.265,-1.430,-0.060
139.661,0.000,-6.446,0.000,-46.584,44.633,20.070,2.329,-1.394,-0.245
139.666,0.000,-6.446,0.000,-47.027,44.269,18.328,2.351,-1.357,-0.284
139.672,0.000,-6.446,0.000,-49.436,44.370,17.467,2.472,-1.315,-0.456
139.678,0.000,-7.153,0.000,-52.807,46.831,17.495,2.640,-1.273,-0.730
139.683,0.000,-7.153,0.000,-52.651,46.090,20.271,2.633,-1.230,-0.557
139.688,0.000,-7.153,0.000,-54.284,46.838,19.745,2.714,-1.186,-0.594
139.694,0.000,-7.153,0.000,-54.692,47.729,19.615,2.735,-1.142,-0.487
139.699,0.000,-9.023,0.000,-54.796,47.744,21.207,2.740,-1.098,-0.415
139.705,0.000,-9.023,0.000,-53.548,45.879,20.432,2.677,-1.053,-0.127
139.710,0.000,-9.816,0.000,-53.106,46.304,19.697,2.655,-1.009,-0.025
139.716,0.000,-10.430,0.000,-51.782,43.799,16.986,2.589,-0.965,0.117
139.721,0.000,-10.430,0.000,-52.867,45.564,13.116,2.643,-0.924,-0.094
139.727,0.000,-10.224,0.000,-51.532,45.823,11.046,2.577,-0.883,0.003
139.732,0.000,-10.224,0.000,-46.733,40.203,8.953,2.337,-0.843,0.544
139.738,0.000,-10.224,0.000,-44.933,35.598,11.655,2.247,-0.807,0.592
139.743,0.000,-10.224,0.000,-43.507,26.831,13.188,2.175,-0.772,0.555
139.748,0.000,-10.639,0.000,-42.540,19.104,13.230,2.127,-0.738,0.502
139.754,0.000,-10.639,0.000,-43.714,18.105,14.620,2.186,-0.703,0.206
139.759,0.000,-10.639,0.000,-43.908,13.011,16.463,2.195,-0.668,0.079
139.764,0.000,-10.849,0.000,-43.324,5.184,14.412,2.166,-0.634,0.148
139.771,0.000,-10.849,0.000,-48.701,-1.454,11.167,2.435,-0.588,-0.539
139.778,0.000,-10.849,0.000,-45.601,-9.829,9.094,2.280,-0.542,-0.002
139.784,0.000,-10.849,0.000,-47.719,-5.690,5.824,2.386,-0.496,-0.247
139.791,0.000,-10.849,0.000,-46.785,-8.756,5.765,2.339,-0.450,-0.063
139.796,0.000,-10.849,0.000,-45.735,-7.250,6.304,2.287,-0.415,0.056
139.801,0.000,-11.493,0.000,-44.795,-5.015,6.984,2.240,-0.381,0.153
139.806,0.000,-11.493,0.000,-42.823,-8.450,6.836,2.141,-0.345,0.377
139.812,0.000,-11.276,0.000,-42.390,-7.055,5.912,2.119,-0.310,0.355
139.817,0.000,-11.276,0.000,-45.630,-4.652,6.267,2.281,-0.275,-0.098
139.822,0.000,-12.380,0.000,-46.240,-1.968,4.832,2.312,-0.240,-0.246
139.828,0.000,-12.380,0.000,-47.257,0.113,3.103,2.363,-0.203,-0.359
139.833,0.000,-12.607,0.000,-44.201,-0.565,2.822,2.210,-0.166,0.094
139.839,0.000,-12.607,0.000,-41.973,-4.149,4.847,2.099,-0.129,0.412
139.844,0.000,-12.607,0.000,-43.507,-6.464,4.313,2.175,-0.094,0.160
139.850,0.000,-13.068,0.000,-45.319,-9.038,1.482,2.266,-0.058,-0.142
139.855,0.000,-13.777,0.000,-43.064,-9.331,-1.341,2.153,-0.023,0.127
139.860,0.000,-13.777,0.000,-42.006,-11.789,-0.802,2.100,0.012,0.221
139.866,0.000,-13.777,0.000,-41.720,-13.146,0.981,2.086,0.046,0.211
139.871,0.000,-18.518,0.000,-42.607,-15.153,1.701,2.130,0.080,0.064
139.877,0.000,-20.000,0.000,-41.132,-18.405,4.706,2.057,0.115,0.192
139.882,0.000,-20.000,0.000,-40.184,-23.347,2.732,2.009,0.148,0.286
139.888,0.000,-20.000,0.000,-38.543,-21.820,-2.392,1.927,0.180,0.400
139.893,0.000,-20.000,0.000,-38.782,-18.931,-5.163,1.939,0.211,0.239
139.899,0.000,-20.000,0.000,-37.187,-23.547,-4.454,1.859,0.242,0.378
139.904,0.000,-28.300,0.000,-35.472,-27.311,-2.814,1.774,0.271,0.465
139.909,0.000,-43.642,0.000,-32.939,-32.921,-0.875,1.647,0.298,0.635
139.915,0.000,-47.016,0.000,-28.087,-35.546,0.613,1.404,0.322,1.041
139.920,0.000,-47.016,0.000,-27.192,-29.162,-1.516,1.360,0.346,0.901
139.926,0.000,-47.016,0.000,-27.169,-26.328,-3.289,1.358,0.368,0.675
139.931,0.000,-47.016,0.000,-25.567,-27.743,-3.103,1.278,0.389,0.696
139.937,0.000,-47.016,0.000,-26.041,-32.884,-2.962,1.302,0.410,0.464
139.942,0.000,-55.033,0.000,-25.399,-35.123,-2.781,1.270,0.431,0.433
139.948,0.000,-55.033,0.000,-26.683,-32.657,-3.001,1.334,0.453,0.179
139.953,0.000,-55.033,0.000,-25.873,-33.628,-1.031,1.294,0.474,0.232
139.958,0.000,-55.033,0.000,-27.544,-37.614,-0.914,1.377,0.497,0.021
139.964,0.000,-107.218,0.000,-27.377,-37.138,-1.621,1.369,0.519,0.039
139.969,0.000,-107.218,0.000,-22.290,-31.825,-3.848,1.115,0.538,0.613
139.975,0.000,-107.218,0.000,-14.205,-19.314,-9.042,0.710,0.552,1.361
139.980,0.000,-159.772,0.000,1.086,-1.979,-16.232,-0.054,0.555,2.774
139.986,0.000,-159.772,0.000,26.126,19.597,-18.044,-1.306,0.542,5.032
139.991,0.000,-159.772,0.000,45.104,38.958,-17.674,-2.255,0.511,5.976
139.996,0.000,-159.772,0.000,62.845,57.838,-18.482,-3.142,0.464,6.498
140.002,0.000,-189.263,0.000,77.496,68.715,-21.180,-3.875,0.403,6.493
140.007,0.000,-191.020,0.000,88.761,79.058,-23.618,-4.438,0.334,6.180
140.013,0.000,-191.020,0.000,97.149,75.347,-27.885,-4.857,0.257,5.607
140.018,0.000,-191.020,0.000,99.200,74.876,-31.255,-4.960,0.177,4.450
140.024,0.000,-198.179,0.000,100.649,61.205,-31.779,-5.032,0.096,3.528
140.029,0.000,-198.179,0.000,94.145,43.868,-32.445,-4.707,0.019,1.995
140.035,0.000,-198.179,0.000,74.184,23.230,-25.767,-3.709,-0.046,-0.762
140.040,0.000,-198.179,0.000,54.623,-4.090,-19.843,-2.731,-0.096,-2.664
140.046,0.000,-200.001,0.000,31.319,-40.139,-21.909,-1.566,-0.127,-4.651
140.051,0.000,-200.001,0.000,2.034,-71.827,-22.846,-0.102,-0.136,-6.823
140.056,0.000,-200.001,0.000,-23.008,-97.475,-19.509,1.150,-0.123,-7.949
140.062,0.000,-200.001,0.000,-44.758,-125.769,-23.788,2.238,-0.091,-8.408
140.067,0.000,-200.001,0.000,-63.018,-146.918,-22.964,3.151,-0.043,-8.332
140.073,0.000,-177.320,0.000,-72.772,-158.909,-20.040,3.639,0.014,-7.334
140.078,0.000,-172.390,0.000,-77.822,-175.531,-23.759,3.891,0.078,-6.024
140.084,0.000,-172.390,0.000,-79.525,-175.520,-26.666,3.976,0.143,-4.683
140.089,0.000,-172.390,0.000,-78.421,-180.229,-19.268,3.921,0.207,-3.355
140.094,0.000,-156.735,0.000,-59.414,-173.347,-20.540,2.971,0.260,-0.341
140.100,0.000,-140.843,0.000,-48.321,-168.035,-16.810,2.416,0.302,1.036
140.105,0.000,-140.843,0.000,-32.654,-156.648,-15.957,1.633,0.332,2.576
140.111,0.000,-140.843,0.000,-10.468,-147.350,-17.548,0.523,0.347,4.535
140.116,-0.149,-106.109,0.000,4.685,-133.543,-18.414,-0.242,0.347,5.083
140.121,-0.149,-106.109,0.000,21.820,-124.505,-20.721,-1.098,0.334,5.816
140.127,-0.149,-106.109,0.000,27.182,-118.790,-19.818,-1.367,0.313,4.975
140.132,-0.149,-79.434,0.000,35.125,-106.006,-19.980,-1.764,0.286,4.630
140.138,-0.149,-79.434,0.000,42.466,-98.168,-19.454,-2.131,0.253,4.289
140.143,-0.149,-79.434,0.000,42.420,-94.588,-18.983,-2.128,0.219,3.247
140.149,-0.149,-79.434,0.000,37.729,-98.730,-19.935,-1.894,0.186,1.874
140.154,-0.149,-54.380,0.000,29.870,-93.147,-18.103,-1.501,0.159,0.560
140.160,-0.149,-54.380,0.000,20.287,-92.243,-17.887,-1.022,0.140,-0.677
140.165,-0.149,-54.380,0.000,11.592,-94.745,-16.178,-0.587,0.129,-1.494
140.170,-0.149,-47.016,0.000,0.474,-95.971,-13.283,-0.031,0.126,-2.380
140.176,-0.149,-47.016,0.000,-12.002,-99.943,-13.106,0.593,0.131,-3.276
140.181,-0.149,-45.304,0.000,-20.338,-100.102,-11.623,1.009,0.145,-3.423
140.187,-0.149,-45.869,0.000,-30.845,-97.550,-13.075,1.535,0.166,-3.799
140.192,0.000,-40.978,0.000,-37.441,-99.088,-14.096,1.872,0.195,-3.619
140.198,0.000,-40.978,0.000,-45.369,-102.352,-15.772,2.268,0.230,-3.612
140.203,0.000,-39.949,0.000,-49.436,-103.272,-15.706,2.472,0.269,-3.211
140.209,0.000,-39.949,0.000,-49.979,-100.368,-15.828,2.499,0.309,-2.472
140.214,0.000,-39.949,0.000,-48.575,-94.611,-14.829,2.429,0.349,-1.717
140.219,0.000,-44.745,0.000,-45.732,-91.082,-10.855,2.287,0.388,-0.902
140.225,0.000,-45.869,0.000,-43.687,-87.156,-12.484,2.184,0.423,-0.462
140.230,0.000,-45.869,0.000,-38.298,-76.826,-14.757,1.915,0.457,0.253
140.236,0.000,-45.869,0.000,-32.399,-77.993,-9.203,1.620,0.486,0.895
140.241,0.000,-47.598,0.000,-29.143,-74.959,-7.799,1.457,0.510,1.040
140.247,0.000,-47.598,0.000,-19.710,-67.446,-8.240,0.985,0.529,1.873
140.252,0.000,-47.598,0.000,-14.637,-64.355,-7.540,0.732,0.543,1.981
140.258,0.000,-47.598,0.000,-6.645,-58.782,-5.792,0.332,0.551,2.453
140.263,0.000,-47.016,0.000,-1.728,-59.255,-5.003,0.086,0.556,2.514
140.268,0.000,-47.016,0.000,-0.502,-59.943,-7.730,0.025,0.557,2.049
140.274,0.000,-47.016,0.000,0.758,-56.742,-11.352,-0.038,0.557,1.681
140.280,0.000,-47.016,0.000,-0.522,-54.401,-12.706,0.026,0.556,1.092
140.285,0.000,-47.016,0.000,-0.441,-52.559,-12.047,0.022,0.555,0.772
140.290,0.000,-47.016,0.000,0.887,-52.253,-9.991,-0.044,0.555,0.709
140.296,0.000,-47.016,0.000,-1.133,-53.301,-7.993,0.057,0.554,0.270
140.301,0.000,-49.982,0.000,-5.511,-54.017,-7.909,0.276,0.557,-0.321
140.307,0.000,-49.982,0.000,-7.811,-53.963,-10.105,0.391,0.563,-0.484
140.312,0.000,-51.209,0.000,-11.431,-51.704,-7.442,0.572,0.572,-0.763
140.318,0.000,-51.209,0.000,-14.438,-49.020,-5.977,0.722,0.583,-0.929
140.323,0.000,-53.094,0.000,-17.197,-46.812,-4.128,0.860,0.596,-1.035
140.328,0.000,-53.094,0.000,-20.201,-47.373,-3.499,1.010,0.612,-1.089
140.334,0.000,-55.033,0.000,-22.022,-49.062,-2.950,1.101,0.630,-1.009
140.339,0.000,-55.033,0.000,-23.339,-52.460,-3.997,1.167,0.648,-0.905
140.345,0.000,-55.033,0.000,-21.408,-54.494,-5.305,1.070,0.667,-0.418
140.351,-0.297,-55.033,0.000,-20.675,-57.321,-6.389,1.019,0.686,-0.206
140.357,-0.297,-54.380,0.000,-20.597,-54.034,-4.752,1.015,0.705,-0.151
140.363,-1.043,-52.459,0.000,-22.119,-59.192,-5.722,1.054,0.723,-0.274
140.369,-2.400,-49.377,0.000,-18.356,-57.569,-6.905,0.798,0.740,0.149
140.375,-2.400,-49.377,0.000,-17.291,-58.857,-5.295,0.745,0.754,0.228
140.381,-2.400,-49.377,0.000,-16.675,-60.456,0.104,0.714,0.768,0.261
140.387,-5.089,-47.598,0.000,-14.242,-63.600,-1.692,0.458,0.779,0.465
140.394,-8.636,-46.440,0.000,-12.469,-59.977,-5.753,0.192,0.784,0.512
140.400,-8.636,-46.440,0.000,-11.117,-63.265,-1.616,0.124,0.787,0.506
140.407,-13.068,-36.982,0.000,-7.464,-62.804,-3.571,-0.280,0.786,0.763
140.413,-13.068,-36.982,0.000,-4.332,-61.597,-4.529,-0.437,0.779,0.884
140.420,-14.018,-31.988,0.000,-6.051,-64.163,-0.782,-0.398,0.770,0.469
140.426,-17.666,-23.207,0.000,-2.506,-62.098,-3.531,-0.758,0.758,0.702
140.433,-19.697,-21.243,0.000,-1.437,-59.761,-3.662,-0.913,0.742,0.657
140.439,-19.697,-21.243,0.000,-7.800,-62.183,0.643,-0.595,0.728,-0.112
140.446,-19.697,-18.808,0.000,-7.493,-57.953,-2.914,-0.610,0.716,-0.072
140.452,-19.697,-18.808,0.000,-8.301,-54.443,-4.052,-0.570,0.706,-0.093
140.459,-19.697,-18.808,0.000,-13.869,-55.543,-1.991,-0.291,0.699,-0.610
140.465,-19.697,-18.808,0.000,-15.245,-49.954,-2.972,-0.223,0.693,-0.617
140.471,-16.038,-14.757,0.000,-16.528,-43.907,-4.091,0.024,0.693,-0.571
140.478,-14.508,-14.018,0.000,-22.946,-43.449,-3.177,0.422,0.698,-1.030
140.484,-14.508,-14.018,0.000,-24.288,-39.383,-3.096,0.489,0.707,-0.928
140.491,-14.508,-14.018,0.000,-22.764,-33.963,-2.354,0.413,0.716,-0.552
140.497,-9.615,-12.380,0.000,-26.047,-34.245,-1.418,0.822,0.731,-0.715
140.504,-7.698,-11.932,0.000,-27.269,-30.346,-2.170,0.979,0.748,-0.689
140.510,-7.698,-11.932,0.000,-25.323,-24.707,-1.124,0.881,0.765,-0.348
140.516,-3.482,-11.062,0.000,-25.150,-26.394,-0.998,1.083,0.784,-0.207
140.523,-2.553,-10.224,0.000,-25.967,-24.632,-3.303,1.171,0.807,-0.185
140.529,-2.553,-10.224,0.000,-25.318,-19.580,-2.733,1.138,0.828,-0.100
140.536,-2.553,-10.224,0.000,-23.180,-20.154,1.200,1.031,0.849,0.118
140.542,-0.595,-7.153,0.000,-22.530,-17.780,-0.376,1.097,0.871,0.229
140.548,-0.595,-7.153,0.000,-19.755,-16.720,-1.940,0.958,0.890,0.506
140.554,-0.595,-7.153,0.000,-16.410,-15.525,-2.143,0.791,0.905,0.727
140.560,-0.595,-7.153,0.000,-14.761,-16.746,-2.020,0.708,0.918,0.694
140.566,-0.595,-5.255,0.000,-13.383,-18.804,0.177,0.639,0.929,0.650
140.572,-0.595,-5.255,0.000,-11.287,-18.594,-1.731,0.535,0.939,0.668
140.578,-1.192,-1.793,0.000,-8.041,-16.389,-5.341,0.342,0.946,0.862
140.584,-1.192,-1.793,0.000,-7.199,-13.039,-7.875,0.300,0.952,0.741
140.590,-1.642,-1.043,0.000,-9.195,-16.522,-2.553,0.378,0.959,0.360
140.596,-1.642,-1.043,0.000,-9.522,-17.515,0.066,0.394,0.966,0.223
140.603,-3.796,-0.595,0.000,-9.326,-12.362,-2.650,0.276,0.971,0.167
140.609,-5.421,-0.297,0.000,-5.651,-6.233,-4.687,0.011,0.973,0.493
140.615,-5.421,-0.297,0.000,-4.823,-5.089,-2.632,-0.030,0.974,0.496
140.620,-7.515,-0.149,0.000,-3.708,-3.248,-2.497,-0.190,0.971,0.525
140.626,-7.515,-0.149,0.000,-2.592,-2.521,-2.753,-0.246,0.968,0.532
140.631,-11.711,0.149,0.000,-2.875,-3.509,-1.622,-0.442,0.963,0.398
140.637,-11.711,0.149,0.000,-2.850,-1.333,-2.262,-0.443,0.956,0.317
140.643,-15.008,1.043,0.000,-4.461,3.230,-2.675,-0.527,0.946,0.066
140.649,-15.008,1.043,0.000,-4.431,7.376,-3.159,-0.529,0.936,0.069
140.656,-21.884,2.860,0.000,-5.713,4.497,-2.229,-0.809,0.922,-0.071
140.662,-21.884,2.860,0.000,-6.317,5.516,-1.763,-0.778,0.907,-0.089
140.669,-34.642,3.325,0.000,-7.448,9.549,-1.642,-1.360,0.889,-0.172
140.675,-34.642,3.325,0.000,-10.436,7.683,-0.565,-1.210,0.864,-0.405
140.682,-39.949,3.014,0.000,-11.268,6.341,-1.496,-1.434,0.836,-0.393
140.688,-45.304,2.553,0.000,-14.082,9.400,-1.928,-1.561,0.805,-0.563
140.695,-51.831,1.642,0.000,-17.140,9.509,-2.685,-1.735,0.773,-0.673
140.701,-54.380,0.893,0.000,-21.959,7.508,-2.284,-1.621,0.741,-0.983
140.708,-59.080,0.149,0.000,-23.920,7.366,-3.079,-1.758,0.710,-0.938
140.713,-59.080,0.149,0.000,-27.166,9.933,-3.703,-1.596,0.682,-1.118
140.719,-59.777,0.000,0.000,-28.570,10.320,-4.566,-1.560,0.655,-1.002
140.724,-59.777,0.000,0.000,-32.719,11.828,-6.690,-1.353,0.633,-1.178
140.730,-59.777,0.000,0.000,-36.861,11.445,-5.003,-1.146,0.615,-1.281
140.735,-68.660,-0.297,0.000,-41.370,8.451,-1.972,-1.364,0.591,-1.420
140.741,-68.660,-0.297,0.000,-45.748,4.150,0.526,-1.146,0.569,-1.526
140.747,-93.494,-0.297,0.000,-49.124,4.424,0.445,-2.218,0.542,-1.513
140.753,-93.494,-0.297,0.000,-50.723,8.280,-3.106,-2.139,0.504,-1.298
140.759,-93.494,-0.297,0.000,-52.345,9.896,-3.940,-2.057,0.466,-1.156
140.765,-110.602,-0.297,0.000,-54.792,9.898,-2.315,-2.790,0.414,-1.121
140.771,-110.602,-0.297,0.000,-58.227,7.335,-1.209,-2.619,0.366,-1.218
140.777,-110.602,-0.297,0.000,-60.365,8.027,-0.380,-2.512,0.320,-1.134
140.783,-110.602,-0.297,0.000,-65.180,9.029,-2.287,-2.271,0.279,-1.338
140.789,-91.513,-0.446,0.000,-70.860,13.267,-4.507,-1.033,0.258,-1.577
140.796,-91.513,-0.446,0.000,-76.417,15.134,-4.524,-0.755,0.241,-1.741
140.802,-39.949,-1.043,0.000,-81.090,14.016,-0.685,2.057,0.262,-1.781
140.809,-28.693,-1.944,0.000,-85.241,13.668,-2.422,2.827,0.309,-1.713
140.815,-28.693,-1.944,0.000,-90.211,16.201,-4.428,3.076,0.367,-1.774
140.822,-28.693,-1.944,0.000,-90.732,15.674,-3.042,3.102,0.427,-1.388
140.828,-7.333,-6.100,0.000,-90.758,13.819,-1.241,4.171,0.507,-1.058
140.834,-2.553,-6.797,0.000,-88.762,13.004,-4.217,4.310,0.591,-0.592
140.841,-0.297,-6.974,0.000,-85.019,13.428,-2.838,4.236,0.672,-0.049
140.847,-0.149,-6.974,0.000,-80.882,13.313,-2.537,4.037,0.746,0.409
140.852,-0.149,-6.974,0.000,-77.013,12.721,-0.898,3.843,0.811,0.687
140.858,-0.149,-6.974,0.000,-69.600,10.652,2.330,3.473,0.870,1.341
140.863,-0.149,-6.974,0.000,-61.350,9.187,3.946,3.060,0.922,1.976
140.869,-0.149,-6.974,0.000,-54.042,8.157,3.761,2.695,0.969,2.341
140.874,-0.149,-6.974,0.000,-46.649,7.848,0.235,2.325,1.009,2.629
140.880,-0.149,-6.100,0.000,-39.151,8.135,-2.558,1.950,1.044,2.871
140.885,-0.149,-5.589,0.000,-32.341,10.435,-4.377,1.610,1.073,2.974
140.890,-0.149,-5.589,0.000,-28.083,9.679,-4.068,1.397,1.097,2.774
140.896,-0.149,-3.955,0.000,-23.922,6.903,-2.645,1.189,1.119,2.584
140.901,0.000,-1.342,0.000,-22.675,4.984,-1.897,1.134,1.138,2.086
140.907,0.000,-1.342,0.000,-20.354,4.352,-1.959,1.018,1.155,1.830
140.912,0.000,-1.342,0.000,-18.164,2.698,-0.948,0.908,1.170,1.626
140.918,0.000,-1.342,0.000,-16.153,2.872,0.026,0.808,1.184,1.475
140.923,3.482,-0.595,0.000,-15.964,2.094,-0.661,0.972,1.199,1.179
140.929,3.482,-0.595,0.000,-14.863,4.203,-0.465,0.917,1.216,1.021
140.935,9.816,-0.744,0.000,-15.235,8.069,-0.980,1.253,1.239,0.702
140.942,9.816,-0.744,0.000,-16.397,8.346,-1.900,1.311,1.265,0.427
140.948,28.300,-0.595,0.000,-16.955,8.309,-2.175,2.263,1.301,0.253
140.954,28.300,-0.595,0.000,-16.895,7.891,-3.088,2.260,1.342,0.208
140.960,28.300,-0.595,0.000,-17.085,9.958,-2.711,2.269,1.383,0.161
140.966,28.300,-0.595,0.000,-16.129,12.396,-2.495,2.221,1.423,0.196
140.972,51.831,-0.446,0.000,-14.700,13.706,-1.618,3.327,1.477,0.303
140.979,54.380,-0.446,0.000,-13.778,12.437,1.703,3.408,1.541,0.316
140.985,54.380,-0.446,0.000,-9.160,11.972,-1.184,3.177,1.603,0.672
140.991,54.380,-0.446,0.000,-1.286,11.014,-1.424,2.783,1.658,1.290
140.997,75.985,-0.297,0.000,5.704,11.191,-1.642,3.514,1.724,1.676
141.003,75.985,-0.297,0.000,11.432,11.888,-2.556,3.228,1.785,1.851
141.010,75.985,-0.297,0.000,18.609,12.605,-2.827,2.869,1.838,2.110
141.016,75.985,-0.297,0.000,25.223,12.576,-2.510,2.538,1.886,2.258
141.022,75.985,-0.297,0.000,31.708,14.863,-1.094,2.214,1.927,2.330
141.028,75.985,-0.297,0.000,36.710,17.169,1.151,1.964,1.962,2.217
141.034,80.316,-0.149,0.000,44.150,17.262,2.551,1.808,1.994,2.352
141.039,80.316,-0.149,0.000,51.557,16.381,3.616,1.438,2.018,2.536
141.044,80.316,-0.149,0.000,58.150,15.043,2.338,1.108,2.038,2.609
141.050,49.982,-0.149,0.000,63.751,15.160,-0.004,-0.688,2.028,2.586
141.055,43.099,-0.149,0.000,68.228,14.315,-3.809,-1.256,2.010,2.456
141.061,43.099,-0.149,0.000,71.924,12.235,-5.870,-1.441,1.988,2.255
141.066,43.099,-0.149,0.000,74.460,9.728,-5.541,-1.568,1.962,1.962
141.072,23.546,0.000,0.000,73.987,8.771,-3.356,-2.522,1.926,1.383
141.077,15.008,0.149,0.000,75.132,7.245,-1.648,-3.006,1.880,1.124
141.083,15.008,0.149,0.000,75.495,7.056,-1.657,-3.024,1.831,0.888
141.088,15.008,0.149,0.000,75.825,7.064,-0.564,-3.041,1.781,0.704
141.094,1.944,3.325,0.000,72.723,8.504,1.529,-3.539,1.723,0.219
141.100,1.944,3.325,0.000,67.516,8.390,-1.209,-3.279,1.659,-0.296
141.107,1.944,3.325,0.000,61.809,8.649,-3.701,-2.993,1.599,-0.743
141.113,-0.149,7.883,0.000,57.514,9.498,-6.905,-2.883,1.548,-0.967
141.119,-0.149,7.883,0.000,52.458,9.157,-7.504,-2.630,1.502,-1.228
141.124,-0.297,8.446,0.000,44.760,8.678,-5.523,-2.253,1.464,-1.736
141.130,-0.297,8.446,0.000,38.268,6.644,-2.522,-1.928,1.428,-1.928
141.136,-0.297,8.446,0.000,32.473,4.649,0.498,-1.638,1.398,-2.003
141.142,-0.297,8.446,0.000,27.557,4.099,0.661,-1.393,1.372,-1.976
141.148,-3.169,10.430,0.000,22.450,4.918,-0.124,-1.281,1.348,-1.980
141.155,-4.598,10.639,0.000,18.767,5.577,-0.468,-1.168,1.326,-1.807
141.161,-11.276,14.018,0.000,14.909,8.028,-0.604,-1.309,1.305,-1.716
141.168,-11.276,14.018,0.000,11.765,10.127,-3.131,-1.152,1.281,-1.571
141.174,-15.777,15.777,0.000,12.421,12.400,-4.425,-1.410,1.253,-1.126
141.181,-15.777,15.777,0.000,12.568,12.431,-2.678,-1.417,1.226,-0.834
141.187,-15.777,15.777,0.000,11.598,14.796,-1.197,-1.369,1.198,-0.723
141.194,-27.145,19.398,0.000,11.048,19.161,0.013,-1.910,1.168,-0.602
141.200,-27.145,19.398,0.000,12.775,23.514,0.410,-1.996,1.130,-0.297
141.207,-27.145,19.398,0.000,14.160,25.522,1.315,-2.065,1.090,-0.096
141.214,-31.561,19.398,0.000,14.407,26.539,-0.041,-2.298,1.044,-0.033
141.220,-31.561,19.398,0.000,15.802,28.556,-1.058,-2.368,0.999,0.136
141.227,-32.419,18.808,0.000,17.605,28.504,-4.408,-2.501,0.953,0.314
141.233,-32.419,18.518,0.000,17.245,29.023,-4.331,-2.483,0.906,0.244
141.239,-32.855,17.387,0.000,14.128,30.048,-3.018,-2.349,0.861,-0.068
141.246,-33.739,16.038,0.000,11.065,29.209,-1.493,-2.240,0.819,-0.288
141.252,-33.739,16.038,0.000,7.227,30.083,-3.548,-2.048,0.779,-0.538
141.259,-34.189,13.539,0.000,3.806,30.182,-3.766,-1.900,0.742,-0.692
141.266,-36.032,12.155,0.000,-1.495,29.775,-2.164,-1.727,0.706,-1.011
141.272,-37.464,11.932,0.000,-7.176,29.238,-0.260,-1.514,0.675,-1.312
141.279,-37.464,11.932,0.000,-11.465,29.186,-0.502,-1.300,0.648,-1.396
141.285,-40.978,11.932,0.000,-15.087,28.009,-1.185,-1.295,0.624,-1.400
141.291,-40.978,11.932,0.000,-17.370,28.507,-1.222,-1.180,0.601,-1.263
141.298,-40.978,11.932,0.000,-21.247,28.045,-0.506,-0.987,0.581,-1.310
141.304,-44.191,12.155,0.000,-27.449,27.283,0.256,-0.837,0.563,-1.547
141.311,-45.304,12.155,0.000,-31.647,27.697,-1.410,-0.683,0.549,-1.508
141.318,-45.304,12.155,0.000,-33.727,28.150,-2.076,-0.579,0.539,-1.292
141.324,-50.592,12.607,0.000,-37.617,28.550,-3.044,-0.649,0.528,-1.332
141.331,-51.831,12.836,0.000,-39.880,29.046,-3.406,-0.598,0.517,-1.219
141.337,-51.831,12.836,0.000,-41.890,30.284,-2.345,-0.497,0.506,-1.110
141.344,-55.033,14.262,0.000,-44.923,31.100,-1.305,-0.505,0.495,-1.149
141.350,-56.357,14.262,0.000,-48.043,30.877,-0.851,-0.416,0.486,-1.162
141.357,-56.357,14.262,0.000,-45.846,30.226,-1.484,-0.526,0.475,-0.704
141.363,-62.630,18.518,0.000,-47.193,29.645,-1.095,-0.772,0.463,-0.693
141.370,-62.630,19.102,0.000,-46.928,28.913,-2.153,-0.785,0.447,-0.518
141.376,-62.630,19.102,0.000,-43.570,26.366,-1.746,-0.953,0.429,-0.082
141.383,-62.630,19.102,0.000,-45.407,26.300,-2.012,-0.861,0.411,-0.241
141.389,-64.839,22.538,0.000,-45.188,25.738,-2.893,-0.983,0.392,-0.173
141.396,-64.839,22.538,0.000,-43.815,26.434,-2.961,-1.051,0.370,-0.037
141.402,-64.839,26.395,0.000,-46.454,27.097,-2.203,-0.919,0.350,-0.325
141.409,-64.096,26.395,0.000,-49.151,27.154,-0.395,-0.747,0.333,-0.514
141.416,-64.096,29.897,0.000,-50.974,28.258,0.236,-0.656,0.319,-0.597
141.422,-64.096,29.897,0.000,-52.638,28.155,-1.260,-0.573,0.307,-0.652
141.428,-63.360,31.138,0.000,-53.288,30.479,-1.221,-0.504,0.297,-0.572
141.434,-62.630,31.138,0.000,-56.211,31.069,-0.955,-0.321,0.289,-0.725
141.441,-62.630,31.138,0.000,-60.204,31.570,-1.308,-0.121,0.285,-0.937
141.447,-55.692,31.138,0.000,-63.900,32.287,-1.016,0.410,0.287,-1.075
141.454,-55.033,30.720,0.000,-66.645,34.760,-0.684,0.581,0.297,-1.078
141.461,-55.033,30.720,0.000,-68.059,36.312,-1.583,0.651,0.309,-0.952
141.467,-52.459,30.306,0.000,-70.658,36.747,-1.975,0.910,0.326,-0.957
141.474,-51.209,30.306,0.000,-71.518,35.954,-1.550,1.015,0.346,-0.787
141.480,-51.209,30.306,0.000,-72.772,34.233,-0.663,1.078,0.367,-0.688
141.487,-48.778,30.306,0.000,-73.002,35.367,0.764,1.211,0.389,-0.519
141.493,-46.440,30.306,0.000,-73.299,37.784,-0.942,1.343,0.414,-0.400
141.500,-46.440,30.306,0.000,-69.220,38.455,-0.997,1.139,0.439,0.114
141.506,-46.440,30.306,0.000,-64.747,37.341,-1.914,0.915,0.458,0.533
141.513,-36.982,24.941,0.000,-62.846,37.808,-0.348,1.293,0.485,0.601
141.519,-36.982,24.941,0.000,-61.835,39.620,-0.574,1.243,0.509,0.554
141.525,-15.008,14.262,0.000,-59.516,41.641,-1.622,2.225,0.546,0.652
141.532,-11.932,12.155,0.000,-54.699,43.337,-1.094,2.138,0.588,0.945
141.538,-11.932,12.155,0.000,-50.355,44.314,-1.113,1.921,0.627,1.134
141.545,-11.932,12.155,0.000,-48.050,45.552,-1.504,1.806,0.664,1.077
141.551,-1.793,4.436,0.000,-45.047,44.885,-0.708,2.163,0.706,1.109
141.558,-0.744,3.796,0.000,-41.010,44.478,-3.120,2.013,0.746,1.242
141.564,-0.744,3.796,0.000,-36.858,43.712,-3.341,1.806,0.783,1.340
141.571,-0.297,1.192,0.000,-35.351,43.617,-3.115,1.753,0.818,1.171
141.576,-0.297,1.192,0.000,-32.802,40.267,-3.484,1.625,0.847,1.227
141.582,-0.297,1.192,0.000,-27.161,40.616,-4.771,1.343,0.870,1.564
141.587,-0.297,1.192,0.000,-25.064,41.900,-4.452,1.238,0.892,1.427
141.593,-0.297,0.446,0.000,-23.386,41.789,-1.129,1.154,0.913,1.294
141.599,-0.297,0.446,0.000,-21.033,40.437,1.657,1.037,0.931,1.225
141.605,-0.297,0.446,0.000,-19.580,36.602,2.165,0.964,0.950,1.102
141.611,-0.297,0.446,0.000,-16.403,33.291,0.200,0.805,0.964,1.124
141.616,-0.297,0.446,0.000,-14.344,30.930,-1.276,0.702,0.976,1.018
141.622,-0.297,0.446,0.000,-13.096,26.462,-1.938,0.640,0.987,0.884
141.628,-0.297,0.446,0.000,-7.782,23.292,-3.714,0.374,0.995,1.214
141.634,-0.297,0.297,0.000,-4.952,20.947,-3.480,0.233,1.000,1.231
141.640,-0.297,0.297,0.000,-2.079,23.758,-2.569,0.089,1.003,1.266
141.645,-0.297,0.297,0.000,-2.998,24.450,-1.959,0.135,1.005,0.846
141.651,-0.297,0.297,0.000,-4.601,22.366,-1.241,0.215,1.008,0.463
141.656,-0.297,0.297,0.000,-3.379,18.755,-1.252,0.154,1.011,0.485
141.662,-0.297,0.297,0.000,-3.347,16.587,-2.059,0.152,1.014,0.384
141.667,-0.297,0.297,0.000,-2.780,16.852,-2.230,0.124,1.015,0.324
141.672,-0.149,0.297,0.000,-3.290,17.565,-2.268,0.157,1.018,0.223
141.679,0.000,0.297,0.000,-2.187,18.524,-1.369,0.109,1.021,0.286
141.684,0.000,0.297,0.000,0.465,16.349,1.112,-0.023,1.021,0.586
141.691,0.000,0.297,0.000,-0.851,15.726,-0.236,0.043,1.023,0.288
141.696,0.000,0.297,0.000,0.068,12.608,-0.853,-0.003,1.024,0.363
141.702,0.000,0.297,0.000,1.879,11.906,-0.414,-0.094,1.023,0.516
141.709,0.000,1.492,0.000,1.409,13.453,-0.377,-0.070,1.022,0.309
141.714,0.000,1.492,0.000,3.173,11.793,-1.548,-0.159,1.020,0.414
141.720,0.000,1.793,0.000,3.499,12.666,-3.117,-0.175,1.016,0.311
141.725,0.000,2.248,0.000,4.922,15.047,-3.936,-0.246,1.012,0.354
141.731,0.000,2.553,0.000,6.224,16.014,-2.164,-0.311,1.008,0.438
141.736,0.000,2.553,0.000,7.947,16.916,-1.328,-0.397,1.002,0.536
141.742,0.000,2.553,0.000,6.459,17.011,-1.129,-0.323,0.997,0.262
141.747,1.342,1.192,0.000,5.400,16.270,-1.498,-0.203,0.992,0.046
141.753,1.342,1.192,0.000,5.408,15.000,0.351,-0.203,0.988,0.013
141.759,3.325,0.595,0.000,5.257,13.979,1.039,-0.097,0.985,-0.041
141.765,11.276,0.000,0.000,5.589,13.665,-1.413,0.284,0.986,-0.076
141.771,15.008,-0.149,0.000,8.734,11.885,-4.596,0.314,0.991,0.298
141.776,15.008,-0.149,0.000,11.641,13.154,-6.251,0.168,0.994,0.536
141.781,15.008,-0.149,0.000,10.908,15.211,-5.050,0.205,0.997,0.344
141.787,15.008,-0.149,0.000,11.879,15.020,-3.483,0.156,1.000,0.386
141.792,33.739,-0.446,0.000,13.693,14.471,-0.625,1.002,1.008,0.526
141.799,33.739,-0.446,0.000,15.548,15.944,3.599,0.910,1.025,0.586
141.805,33.739,-0.446,0.000,15.410,15.124,3.183,0.916,1.043,0.445
141.811,52.459,-0.446,0.000,18.016,14.814,0.968,1.722,1.071,0.610
141.818,67.111,-0.595,0.000,20.054,16.151,-0.251,2.353,1.111,0.658
141.824,67.111,-0.595,0.000,21.149,16.460,-0.304,2.298,1.154,0.632
141.830,67.111,-0.595,0.000,25.218,16.526,1.551,2.095,1.193,0.915
141.836,120.042,-0.893,0.000,26.952,14.804,-1.688,4.655,1.281,0.879
141.842,120.042,-0.893,0.000,31.140,14.934,-5.790,4.445,1.366,1.079
141.848,136.740,-1.043,0.000,38.382,15.725,-7.588,4.918,1.455,1.484
141.855,136.740,-1.043,0.000,44.419,14.986,-6.677,4.616,1.547,1.707
141.861,136.740,-1.043,0.000,52.628,13.919,-2.995,4.206,1.632,2.092
141.868,136.740,-1.043,0.000,61.837,14.415,-2.736,3.745,1.708,2.456
141.874,136.740,-1.043,0.000,74.117,14.288,-1.115,3.131,1.773,3.034
141.881,136.740,-1.043,0.000,88.166,15.765,-1.228,2.429,1.825,3.664
141.887,135.393,-2.248,0.000,97.219,13.391,1.215,1.909,1.866,3.624
141.894,124.997,-2.248,0.000,109.148,12.722,-0.371,0.792,1.892,3.886
141.900,124.997,-2.248,0.000,118.616,15.271,-3.827,0.319,1.902,3.842
141.907,124.997,-2.248,0.000,130.253,17.250,-3.474,-0.263,1.901,4.055
141.913,124.997,-2.248,0.000,135.368,14.663,-0.567,-0.519,1.892,3.503
141.920,88.604,-2.553,0.000,145.109,10.154,0.959,-2.825,1.851,3.522
141.926,69.445,-2.553,0.000,153.140,9.635,-1.909,-4.185,1.779,3.441
141.933,65.590,-2.553,0.000,154.181,12.545,-5.448,-4.430,1.698,2.736
141.939,65.590,-2.553,0.000,153.011,16.435,-4.934,-4.371,1.612,1.932
141.946,65.590,-2.553,0.000,149.560,15.284,-1.857,-4.198,1.529,1.076
141.952,65.590,-2.553,0.000,147.170,16.704,-0.540,-4.079,1.446,0.502
141.959,65.590,-2.553,0.000,139.025,16.141,-0.602,-3.672,1.372,-0.386
141.965,65.590,-2.553,0.000,131.379,12.026,0.883,-3.289,1.304,-1.006
141.972,66.347,-3.169,0.000,125.015,13.309,-1.390,-2.933,1.245,-1.341
141.978,66.347,-3.325,0.000,115.670,15.437,-3.994,-2.466,1.197,-1.899
141.984,66.347,-3.325,0.000,107.365,14.047,-3.698,-2.051,1.155,-2.261
141.991,66.347,-3.325,0.000,98.007,16.452,0.062,-1.583,1.122,-2.631
141.997,64.096,-4.436,0.000,90.753,18.622,-0.382,-1.333,1.094,-2.677
142.003,61.190,-4.436,0.000,81.471,17.840,-1.319,-1.014,1.072,-2.905
142.010,48.778,-4.760,0.000,74.278,15.693,0.613,-1.275,1.048,-2.898
142.017,38.940,-4.760,0.000,72.028,14.629,-0.576,-1.654,1.021,-2.406
142.023,38.940,-4.760,0.000,70.600,14.113,-4.097,-1.583,0.991,-1.904
142.029,38.940,-4.760,0.000,67.194,11.758,-2.856,-1.413,0.964,-1.717
142.036,23.890,-4.275,0.000,65.607,14.839,-1.639,-2.086,0.922,-1.463
142.042,23.890,-4.275,0.000,69.299,14.624,0.129,-2.270,0.879,-0.760
142.049,7.153,-1.192,0.000,69.857,13.898,1.271,-3.135,0.826,-0.484
142.055,5.421,-1.043,0.000,68.476,11.205,0.618,-3.153,0.768,-0.532
142.061,5.421,-1.043,0.000,69.884,9.805,0.483,-3.223,0.706,-0.273
142.068,5.421,-1.043,0.000,70.808,5.751,0.206,-3.269,0.643,-0.104
142.073,-0.149,-0.595,0.000,71.167,5.825,2.396,-3.566,0.585,-0.013
142.080,-0.149,-0.595,0.000,68.004,8.175,-1.700,-3.408,0.517,-0.383
142.086,-0.149,-0.595,0.000,62.791,11.494,-3.965,-3.147,0.452,-0.945
142.093,-0.297,-0.595,0.000,58.476,13.114,-3.524,-2.939,0.391,-1.228
142.098,-0.297,-0.595,0.000,53.503,15.900,-3.269,-2.690,0.344,-1.526
142.104,-0.297,-0.595,0.000,50.845,17.466,-0.624,-2.557,0.299,-1.485
142.110,-0.297,-0.595,0.000,46.122,20.138,0.022,-2.321,0.260,-1.639
142.115,-0.297,-0.595,0.000,39.860,19.274,-0.403,-2.008,0.226,-1.929
142.121,-19.697,-0.595,0.000,33.174,20.534,-2.517,-2.644,0.178,-2.160
142.127,-19.697,-0.595,0.000,28.543,23.472,-5.200,-2.412,0.132,-2.136
142.133,-61.907,-0.297,0.000,25.825,22.973,-3.414,-4.387,0.076,-1.963
142.139,-61.907,-0.297,0.000,20.604,23.663,-0.155,-4.126,-0.001,-2.073
142.145,-61.907,-0.297,0.000,15.857,21.241,3.400,-3.888,-0.075,-2.071
142.151,-61.907,-0.297,0.000,8.313,19.374,3.570,-3.511,-0.140,-2.332
142.157,-143.633,-0.297,0.000,0.961,16.339,2.602,-7.230,-0.247,-2.494
142.163,-155.234,-0.297,0.000,-4.812,13.307,2.384,-7.521,-0.377,-2.450
142.169,-155.234,-0.297,0.000,-9.665,12.131,0.807,-7.278,-0.508,-2.305
142.175,-177.320,-0.297,0.000,-18.115,14.975,-1.689,-7.960,-0.650,-2.507
142.181,-180.670,-0.297,0.000,-28.037,15.033,-2.986,-7.632,-0.787,-2.858
142.187,-192.790,-0.297,0.000,-39.105,11.232,-2.613,-7.684,-0.924,-3.239
142.193,-196.369,-0.297,0.000,-50.481,7.559,0.821,-7.294,-1.060,-3.586
142.199,-196.369,-0.297,0.000,-62.055,7.403,4.267,-6.716,-1.185,-3.894
142.205,-196.369,-0.297,0.000,-77.318,8.323,3.468,-5.953,-1.296,-4.517
142.211,-207.425,-0.297,0.000,-93.673,9.037,-0.080,-5.688,-1.400,-5.063
142.217,-207.425,-0.297,0.000,-113.368,9.763,0.353,-4.703,-1.490,-5.870
142.223,-207.425,-0.297,0.000,-129.541,9.422,-0.166,-3.894,-1.565,-6.106
142.229,-213.136,-0.297,0.000,-142.628,11.996,1.755,-3.525,-1.632,-5.913
142.235,-213.136,-0.297,0.000,-156.788,13.835,2.221,-2.817,-1.687,-5.862
142.241,-213.136,-0.297,0.000,-169.647,16.175,-0.639,-2.174,-1.730,-5.728
142.247,-215.067,-0.446,0.000,-183.685,17.549,-0.103,-1.569,-1.762,-5.759
142.254,-215.067,-0.446,0.000,-192.534,16.552,0.733,-1.127,-1.787,-5.237
142.260,-215.067,-0.446,0.000,-199.659,17.893,1.990,-0.770,-1.804,-4.673
142.266,-207.425,-0.446,0.000,-207.547,16.885,1.749,0.006,-1.806,-4.258
142.272,-191.020,-0.446,0.000,-212.743,15.879,0.711,1.086,-1.792,-3.698
142.279,-191.020,-0.446,0.000,-217.749,14.193,0.469,1.336,-1.767,-3.225
142.285,-135.393,-0.446,0.000,-220.185,11.047,-1.254,4.240,-1.722,-2.642
142.292,-135.393,-0.446,0.000,-221.037,13.810,-3.258,4.282,-1.641,-2.081
142.298,-96.529,-0.595,0.000,-220.571,14.623,-5.100,6.202,-1.529,-1.537
142.304,-35.101,-0.893,0.000,-218.611,16.423,-5.150,9.176,-1.379,-0.949
142.310,-22.871,-1.043,0.000,-215.840,18.082,-2.003,9.648,-1.204,-0.440
142.316,-22.871,-1.043,0.000,-209.529,13.814,0.558,9.333,-1.021,0.276
142.323,-22.871,-1.043,0.000,-196.465,15.385,-2.959,8.680,-0.846,1.431
142.329,0.000,-3.639,0.000,-183.532,16.002,-2.299,9.177,-0.686,2.488
142.334,0.000,-3.169,0.000,-169.778,15.933,-1.097,8.489,-0.547,3.498
142.339,0.000,-0.893,0.000,-152.012,16.024,-0.251,7.601,-0.417,4.654
142.345,0.000,-0.893,0.000,-136.667,15.142,0.426,6.833,-0.304,5.332
142.350,0.000,-0.893,0.000,-122.109,13.544,-0.070,6.105,-0.204,5.732
142.355,0.000,-0.744,0.000,-104.841,14.045,-2.109,5.242,-0.116,6.361
142.361,0.000,-0.744,0.000,-89.170,13.145,-2.591,4.458,-0.038,6.531
142.366,0.000,-0.595,0.000,-74.936,12.985,-3.798,3.747,0.024,6.623
142.373,0.000,-0.595,0.000,-63.160,12.334,3.247,3.158,0.090,5.928
142.379,0.000,-0.595,0.000,-49.426,9.688,4.955,2.471,0.143,5.664
142.386,0.000,-0.595,0.000,-40.492,8.566,-1.509,2.025,0.186,4.934
142.392,0.000,-0.595,0.000,-36.828,7.875,-5.032,1.841,0.223,3.781
142.399,0.000,-0.595,0.000,-32.605,10.460,-3.178,1.630,0.257,3.077
142.404,0.149,-0.446,0.000,-32.494,9.702,-3.432,1.632,0.282,2.312
142.410,0.149,-0.446,0.000,-34.197,10.039,-3.729,1.717,0.309,1.504
142.415,0.149,-0.446,0.000,-34.991,9.805,-5.508,1.757,0.336,1.020
142.420,0.149,-0.446,0.000,-35.708,9.100,-3.757,1.793,0.364,0.687
142.425,0.149,-0.446,0.000,-39.724,10.085,-2.292,1.994,0.396,0.065
142.431,0.149,-0.446,0.000,-40.934,10.503,0.022,2.054,0.429,-0.006
142.436,0.149,-0.446,0.000,-42.673,11.064,4.263,2.141,0.464,-0.090
142.441,0.149,-0.446,0.000,-44.255,10.630,4.607,2.220,0.501,-0.138
142.446,0.149,-0.446,0.000,-44.527,13.549,2.214,2.234,0.538,-0.016
142.452,0.446,-0.446,0.000,-42.207,14.959,-0.915,2.133,0.578,0.272
142.458,0.446,-0.446,0.000,-39.597,16.095,-3.036,2.002,0.616,0.525
142.464,0.446,-0.446,0.000,-36.895,16.532,-4.032,1.867,0.652,0.686
142.471,0.446,-0.446,0.000,-33.441,17.544,-4.145,1.694,0.684,0.879
142.477,0.446,-0.446,0.000,-30.051,20.221,-4.965,1.525,0.713,1.022
142.483,6.797,-0.595,0.000,-25.923,21.415,-4.821,1.636,0.743,1.182
142.489,8.256,-0.744,0.000,-20.360,20.279,-1.609,1.431,0.771,1.450
142.495,8.256,-0.744,0.000,-10.608,16.655,2.511,0.943,0.792,1.978
142.502,22.871,-1.043,0.000,-3.182,14.462,1.907,1.303,0.811,2.215
142.508,27.145,-1.043,0.000,-0.054,14.196,-3.896,1.360,0.836,1.984
142.515,27.145,-1.043,0.000,4.119,18.595,-3.166,1.151,0.859,1.880
142.521,27.145,-1.043,0.000,11.447,15.747,0.154,0.785,0.876,2.088
142.528,69.445,-4.924,0.000,17.132,14.473,1.138,2.616,0.913,2.150
142.534,117.624,-6.797,0.000,19.993,14.290,-0.382,4.882,0.990,1.898
142.540,117.624,-6.797,0.000,24.655,13.265,-2.583,4.648,1.082,1.913
142.547,235.155,-10.430,0.000,27.825,13.148,-2.296,10.366,1.210,1.731
142.553,235.155,-10.430,0.000,34.059,14.441,0.122,10.055,1.407,1.906
142.560,245.744,-10.639,0.000,42.324,13.027,1.319,10.171,1.608,2.253
142.566,245.744,-10.639,0.000,52.500,12.697,-0.010,9.662,1.798,2.660
142.573,294.447,-14.262,0.000,65.069,11.975,-1.259,11.469,2.008,3.164
142.579,294.447,-14.262,0.000,81.429,14.197,-5.186,10.651,2.222,3.925
142.586,294.447,-14.262,0.000,100.922,15.585,-4.237,9.676,2.417,4.823
142.592,294.447,-14.262,0.000,123.438,8.926,-1.597,8.550,2.594,5.709
142.599,294.447,-14.262,0.000,149.401,7.945,-4.800,7.252,2.745,6.836
142.605,294.447,-14.262,0.000,176.751,7.766,-1.796,5.885,2.868,7.773
142.612,301.991,-17.666,0.000,203.041,2.558,1.151,4.947,2.970,8.337
142.618,275.063,-17.387,0.000,225.515,5.143,-2.636,2.477,3.000,8.424
142.625,275.063,-17.387,0.000,250.389,8.840,-2.779,1.234,3.000,8.709
142.631,275.063,-17.387,0.000,272.027,4.106,-1.092,0.152,3.000,8.618
142.638,243.596,-15.261,0.000,290.866,0.187,-3.125,-2.363,2.959,8.255
142.644,211.219,-12.836,0.000,304.600,-4.320,-5.758,-4.669,2.871,7.466
142.651,211.219,-12.836,0.000,312.716,-5.274,-5.974,-5.075,2.773,6.344
142.657,211.219,-12.836,0.000,317.338,-3.474,-3.925,-5.306,2.671,5.177
142.664,118.828,-8.446,0.000,314.340,-2.433,-2.078,-9.776,2.539,3.570
142.670,43.642,-5.589,0.000,308.868,-5.446,0.385,-13.261,2.328,2.123
142.677,43.642,-5.589,0.000,300.930,-4.864,-1.872,-12.864,2.074,0.776
142.683,27.145,-3.482,0.000,284.039,-4.056,-4.930,-12.845,1.818,-1.041
142.690,27.145,-3.482,0.000,261.856,-4.886,-1.595,-11.736,1.578,-2.866
142.696,5.421,-0.893,0.000,238.278,1.309,-2.695,-11.643,1.353,-4.474
142.703,5.421,-0.893,0.000,215.704,1.277,-3.874,-10.514,1.148,-5.608
142.709,-0.149,-0.744,0.000,188.765,1.025,-0.458,-9.446,0.964,-6.880
142.714,-0.149,-0.744,0.000,161.196,1.904,-4.077,-8.067,0.824,-8.315
142.720,-0.446,-0.744,0.000,134.508,4.729,-6.028,-6.748,0.693,-9.005
142.727,-0.446,-0.744,0.000,111.560,5.497,-0.634,-5.600,0.579,-9.065
142.733,-0.446,-1.043,0.000,90.286,7.308,0.087,-4.537,0.483,-8.880
142.739,-0.446,-1.043,0.000,70.708,8.740,-2.916,-3.558,0.410,-8.611
142.746,-0.446,-1.043,0.000,55.724,8.641,-2.886,-2.809,0.352,-7.960
142.752,-0.297,-1.043,0.000,42.650,8.595,-3.489,-2.147,0.308,-7.360
142.758,-0.297,-1.043,0.000,36.306,9.521,-2.544,-1.830,0.273,-6.180
142.764,-0.297,-1.043,0.000,36.076,9.271,-1.583,-1.819,0.241,-4.650
142.770,-0.297,-1.043,0.000,35.791,10.809,-0.310,-1.804,0.210,-3.475
142.776,-0.297,-1.043,0.000,38.784,12.023,0.181,-1.954,0.176,-2.265
142.782,-0.297,-1.192,0.000,42.356,11.194,0.922,-2.133,0.140,-1.342
142.787,-0.297,-1.192,0.000,43.921,11.335,1.788,-2.211,0.104,-0.859
142.793,-0.297,-1.192,0.000,49.333,9.617,2.357,-2.482,0.063,-0.061
142.799,-0.446,-1.944,0.000,56.892,4.097,0.661,-2.867,0.012,0.711
142.805,-0.446,-1.944,0.000,62.440,3.646,0.348,-3.144,-0.045,1.101
142.811,-0.446,-1.944,0.000,65.997,-0.137,-1.915,-3.322,-0.105,1.224
142.818,-0.446,-3.014,0.000,69.110,-1.237,-3.926,-3.478,-0.169,1.265
142.824,-0.446,-3.014,0.000,67.376,2.348,-6.076,-3.391,-0.236,0.788
142.830,-0.446,-3.014,0.000,66.622,1.381,-4.690,-3.353,-0.301,0.500
142.837,-2.400,-3.169,0.000,65.581,0.040,-4.781,-3.399,-0.365,0.189
142.843,-2.400,-3.169,0.000,62.353,0.407,-4.757,-3.238,-0.426,-0.269
142.849,-2.400,-3.169,0.000,56.547,2.604,-3.933,-2.947,-0.483,-0.896
142.855,-2.400,-3.169,0.000,46.779,5.028,0.561,-2.459,-0.530,-1.702
142.861,-2.400,-3.169,0.000,38.811,5.262,2.610,-2.061,-0.570,-2.148
142.867,-2.400,-3.169,0.000,29.301,6.660,3.630,-1.585,-0.603,-2.650
142.873,-10.639,-2.860,0.000,21.116,7.170,4.999,-1.588,-0.634,-2.872
142.879,-12.607,-2.860,0.000,15.762,9.382,4.862,-1.418,-0.662,-2.668
142.886,-12.607,-2.860,0.000,4.509,6.591,1.280,-0.856,-0.681,-3.047
142.892,-12.607,-2.860,0.000,-5.252,4.387,-3.392,-0.368,-0.691,-3.208
142.898,-27.526,-2.400,0.000,-13.025,5.209,-4.290,-0.725,-0.706,-3.193
142.905,-35.101,-1.492,0.000,-16.129,5.949,-2.949,-0.949,-0.722,-2.718
142.911,-35.101,-1.492,0.000,-21.104,9.358,-3.044,-0.700,-0.738,-2.530
142.918,-83.919,-0.893,0.000,-23.513,11.390,1.114,-3.020,-0.766,-2.124
142.924,-83.919,-0.893,0.000,-25.688,10.858,0.487,-2.912,-0.822,-1.804
142.930,-83.919,-0.893,0.000,-28.024,11.659,1.808,-2.795,-0.877,-1.650
142.937,-152.266,-0.744,0.000,-27.630,12.179,4.239,-6.232,-0.998,-1.215
142.943,-152.266,-0.744,0.000,-29.053,10.960,-0.309,-6.161,-1.116,-1.004
142.950,-152.266,-0.744,0.000,-34.349,9.609,-4.112,-5.896,-1.231,-1.244
142.956,-226.948,-0.595,0.000,-39.629,7.430,-2.413,-9.366,-1.366,-1.435
142.962,-226.948,-0.595,0.000,-47.513,7.911,-1.949,-8.972,-1.535,-1.888
142.968,-239.346,-0.595,0.000,-58.226,8.689,-2.300,-9.056,-1.702,-2.531
142.975,-256.710,-0.893,0.000,-71.755,5.825,-4.525,-9.248,-1.879,-3.267
142.981,-256.710,-1.043,0.000,-87.385,3.451,-3.567,-8.466,-2.047,-4.035
142.987,-256.710,-1.043,0.000,-102.756,4.524,-4.630,-7.698,-2.203,-4.535
142.994,-235.155,-1.192,0.000,-123.464,4.107,-5.378,-5.585,-2.333,-5.409
143.000,-235.155,-1.192,0.000,-145.621,3.662,-1.892,-4.477,-2.421,-6.353
143.006,-235.155,-1.192,0.000,-168.156,7.050,0.267,-3.350,-2.491,-7.088
143.012,-235.155,-1.192,0.000,-191.661,9.308,-1.222,-2.175,-2.538,-7.798
143.018,-184.069,-2.706,0.000,-210.936,12.354,-1.738,1.343,-2.551,-7.856
143.025,-161.307,-3.482,0.000,-227.114,11.407,-0.737,3.290,-2.507,-7.443
143.031,-161.307,-3.482,0.000,-242.766,11.192,-2.386,4.073,-2.431,-7.051
143.038,-161.307,-3.482,0.000,-251.625,9.283,-2.499,4.516,-2.346,-6.133
143.044,-103.917,-4.598,0.000,-256.289,12.835,-0.258,7.619,-2.199,-5.046
143.050,-103.917,-4.598,0.000,-256.276,10.793,-1.167,7.618,-2.052,-3.817
143.057,-103.917,-4.598,0.000,-248.765,6.121,0.270,7.242,-1.905,-2.122
143.063,-103.917,-4.598,0.000,-238.976,2.943,0.131,6.753,-1.771,-0.603
143.070,-103.917,-4.598,0.000,-224.479,-0.106,-1.283,6.028,-1.648,0.971
143.076,-24.941,-6.446,0.000,-205.888,0.282,-1.145,9.047,-1.467,2.507
143.083,-16.302,-6.797,0.000,-189.631,-1.456,-0.303,8.666,-1.293,3.463
143.089,-16.302,-6.797,0.000,-169.743,-1.888,-0.232,7.672,-1.138,4.507
143.096,-16.302,-6.797,0.000,-149.195,0.593,-1.255,6.645,-1.001,5.334
143.103,-0.149,-7.153,0.000,-129.119,-2.662,1.379,6.449,-0.876,5.932
143.108,-0.149,-7.153,0.000,-110.276,-3.527,2.265,5.506,-0.780,6.619
143.113,-0.149,-7.153,0.000,-96.160,-3.805,2.965,4.801,-0.699,6.557
143.119,0.000,-6.621,0.000,-83.741,-3.168,3.167,4.187,-0.628,6.286
143.124,0.000,-5.928,0.000,-71.740,-3.227,2.306,3.587,-0.567,6.029
143.130,0.000,-5.928,0.000,-62.634,-3.151,2.535,3.132,-0.514,5.498
143.135,0.000,-5.928,0.000,-54.829,-3.410,3.409,2.741,-0.468,4.982
143.141,0.000,-4.760,0.000,-48.859,-4.322,4.544,2.443,-0.426,4.362
143.146,0.000,-4.760,0.000,-44.336,-6.531,1.699,2.217,-0.390,3.778
143.152,0.000,-4.760,0.000,-42.073,-6.324,-1.279,2.104,-0.355,3.084
143.157,0.000,-4.760,0.000,-42.153,-5.513,-2.958,2.108,-0.321,2.286
143.163,0.000,-4.760,0.000,-41.439,-4.773,-0.889,2.072,-0.287,1.792
143.168,0.000,-4.924,0.000,-42.270,-5.240,-2.020,2.113,-0.255,1.229
143.174,0.000,-4.924,0.000,-46.458,-1.479,-0.993,2.323,-0.211,0.331
143.181,0.000,-5.089,0.000,-49.190,-6.631,0.688,2.460,-0.163,-0.136
143.187,0.000,-5.089,0.000,-49.946,-9.847,2.806,2.497,-0.122,-0.262
143.192,0.000,-5.089,0.000,-50.166,-12.415,4.360,2.508,-0.083,-0.300
143.198,0.000,-5.089,0.000,-49.873,-13.492,3.736,2.494,-0.044,-0.284
143.203,0.000,-5.255,0.000,-49.700,-11.553,2.945,2.485,-0.006,-0.294
143.208,0.000,-5.255,0.000,-49.171,-8.834,1.371,2.459,0.033,-0.233
143.214,0.000,-5.255,0.000,-47.396,-7.219,0.913,2.370,0.070,-0.062
143.219,0.149,-5.255,0.000,-45.592,-7.699,-2.467,2.287,0.107,0.106
143.225,0.297,-5.255,0.000,-43.371,-7.086,-2.953,2.183,0.143,0.270
143.231,0.297,-5.255,0.000,-39.981,-9.478,-1.287,2.014,0.179,0.511
143.237,0.297,-5.255,0.000,-34.222,-8.158,1.668,1.726,0.210,0.945
143.243,0.297,-5.255,0.000,-31.117,-7.720,2.433,1.571,0.240,1.040
143.249,0.297,-5.255,0.000,-24.043,-6.306,0.342,1.217,0.265,1.564
143.254,0.297,-5.255,0.000,-19.409,-4.452,0.002,0.985,0.284,1.679
143.260,0.297,-5.255,0.000,-15.239,-3.985,-2.385,0.777,0.300,1.718
143.267,4.598,-5.928,0.000,-12.716,-2.289,-1.631,0.866,0.315,1.564
143.273,4.598,-5.928,0.000,-8.843,-3.064,0.485,0.672,0.329,1.497
143.280,4.598,-5.928,0.000,-4.334,-6.282,1.918,0.447,0.338,1.534
143.286,7.333,-6.446,0.000,-0.225,-8.015,0.041,0.378,0.346,1.589
143.293,7.333,-6.446,0.000,2.319,-9.185,-2.811,0.251,0.353,1.489
143.299,7.333,-6.446,0.000,5.334,-5.097,-5.209,0.100,0.356,1.409
143.306,12.607,-7.153,0.000,7.574,-6.073,-3.587,0.252,0.361,1.240
143.312,18.231,-7.515,0.000,7.862,-10.376,0.795,0.518,0.368,0.905
143.319,18.231,-7.515,0.000,10.379,-12.058,4.114,0.393,0.377,0.934
143.325,42.560,-12.836,0.000,9.804,-12.125,1.646,1.638,0.395,0.745
143.332,42.560,-12.836,0.000,8.403,-13.167,-2.019,1.708,0.429,0.458
143.338,56.357,-13.539,0.000,8.351,-12.040,-3.152,2.400,0.475,0.326
143.345,56.357,-13.539,0.000,8.335,-10.951,-1.914,2.401,0.521,0.210
143.351,116.430,-19.398,0.000,9.662,-12.181,-1.428,5.338,0.605,0.293
143.358,135.393,-20.615,0.000,12.084,-13.584,-0.764,6.165,0.719,0.467
143.364,207.425,-24.236,0.000,17.246,-15.659,-0.486,9.509,0.859,0.868
143.371,254.486,-32.855,0.000,23.747,-13.845,-1.195,11.537,1.058,1.284
143.377,254.486,-32.855,0.000,32.968,-13.681,0.380,11.076,1.277,1.877
143.384,268.062,-36.032,0.000,44.412,-16.398,-0.411,11.182,1.501,2.531
143.390,268.062,-36.032,0.000,59.957,-18.145,-2.520,10.405,1.708,3.407
143.397,339.262,-40.978,0.000,81.659,-16.270,-1.959,12.880,1.943,4.614
143.403,339.262,-40.978,0.000,104.431,-20.318,0.413,11.742,2.178,5.679
143.410,339.262,-40.978,0.000,132.967,-23.678,-0.157,10.315,2.386,7.000
143.416,339.262,-40.978,0.000,160.349,-23.911,-1.222,8.946,2.568,7.891
143.423,344.873,-44.745,0.000,187.897,-26.325,2.238,7.849,2.735,8.571
143.429,344.873,-44.745,0.000,217.623,-30.708,2.380,6.362,2.867,9.265
143.436,344.873,-44.745,0.000,246.101,-31.748,1.136,4.939,2.973,9.664
143.442,344.873,-44.745,0.000,274.399,-33.582,1.854,3.524,3.000,10.036
143.449,344.873,-44.745,0.000,298.870,-37.491,2.081,2.300,3.000,9.833
143.455,344.873,-44.745,0.000,319.518,-39.543,-0.654,1.268,3.000,9.384
143.462,344.873,-44.745,0.000,334.105,-40.304,-1.912,0.538,3.000,8.442
143.468,344.873,-44.745,0.000,346.851,-39.373,3.203,-0.099,2.999,7.540
143.475,344.873,-44.745,0.000,356.312,-40.243,4.241,-0.572,2.991,6.549
143.481,57.028,-23.207,0.000,359.767,-41.735,0.635,-15.137,2.793,5.254
143.488,45.869,-22.538,0.000,360.303,-42.942,-2.005,-15.722,2.492,3.966
143.495,45.869,-22.538,0.000,355.932,-44.853,-4.065,-15.503,2.187,2.552
143.501,45.869,-22.538,0.000,347.379,-43.398,-2.658,-15.075,1.893,1.110
143.508,12.836,-15.518,0.000,324.426,-42.938,-2.055,-15.579,1.583,-1.330
143.514,5.589,-11.932,0.000,295.559,-42.067,2.683,-14.498,1.284,-3.710
143.521,5.589,-11.932,0.000,266.183,-39.017,-0.669,-13.030,1.023,-5.668
143.527,0.149,-8.636,0.000,229.571,-39.217,-1.830,-11.471,0.802,-8.009
143.532,0.149,-8.636,0.000,194.905,-38.656,-1.021,-9.738,0.632,-10.060
143.538,-0.149,-7.333,0.000,161.790,-33.650,-1.660,-8.097,0.489,-11.387
143.543,0.000,-8.636,0.000,129.817,-29.629,-2.628,-6.491,0.375,-12.149
143.549,0.000,-9.219,0.000,99.794,-28.326,-0.047,-4.990,0.286,-12.465
143.554,0.000,-9.219,0.000,72.855,-27.846,0.676,-3.643,0.217,-12.346
143.560,0.000,-9.219,0.000,52.359,-25.812,-1.046,-2.618,0.169,-11.624
143.565,0.000,-9.615,0.000,37.887,-23.662,-3.217,-1.894,0.135,-10.405
143.570,0.000,-9.615,0.000,27.072,-22.898,-5.714,-1.354,0.110,-9.059
143.576,0.000,-9.615,0.000,22.381,-22.536,-6.683,-1.119,0.091,-7.340
143.581,0.000,-10.430,0.000,24.749,-21.827,-5.406,-1.237,0.072,-5.221
143.587,0.000,-10.430,0.000,29.464,-20.597,-3.207,-1.473,0.049,-3.363
143.592,0.000,-10.430,0.000,35.689,-19.735,-0.539,-1.784,0.023,-1.767
143.598,0.000,-10.430,0.000,43.762,-19.261,-0.895,-2.188,-0.011,-0.365
143.603,0.000,-11.711,0.000,53.501,-20.810,-0.288,-2.675,-0.051,0.886
143.609,0.000,-11.711,0.000,59.934,-22.273,0.253,-2.997,-0.098,1.407
143.614,0.000,-11.711,0.000,68.390,-24.838,0.225,-3.419,-0.152,1.993
143.619,0.000,-11.711,0.000,76.673,-27.750,-0.511,-3.834,-0.213,2.406
143.625,-0.446,-13.539,0.000,80.971,-28.805,1.224,-4.071,-0.280,2.240
143.631,-0.446,-13.539,0.000,82.513,-29.580,2.442,-4.148,-0.360,1.769
143.638,-1.342,-13.539,0.000,80.390,-29.118,2.406,-4.087,-0.440,1.147
143.644,-5.589,-12.380,0.000,76.926,-28.118,-0.706,-4.126,-0.519,0.584
143.651,-9.023,-11.062,0.000,71.034,-27.241,-5.820,-4.003,-0.598,-0.154
143.657,-9.023,-11.062,0.000,61.108,-26.120,-6.488,-3.507,-0.670,-1.087
143.664,-9.023,-11.062,0.000,46.369,-27.234,-4.205,-2.770,-0.729,-2.279
143.670,-9.023,-11.062,0.000,35.093,-25.009,-4.130,-2.206,-0.776,-2.795
143.676,-18.808,-8.256,0.000,18.987,-23.108,-3.991,-1.890,-0.818,-3.691
143.683,-18.808,-8.256,0.000,1.524,-22.619,1.373,-1.017,-0.844,-4.483
143.689,-18.808,-8.256,0.000,-12.697,-20.384,2.667,-0.306,-0.855,-4.800
143.696,-36.032,-7.333,0.000,-23.586,-20.027,0.687,-0.622,-0.859,-4.661
143.702,-59.080,-6.974,0.000,-32.505,-19.607,-1.128,-1.329,-0.871,-4.317
143.709,-59.080,-6.974,0.000,-43.471,-18.832,-2.746,-0.780,-0.890,-4.287
143.715,-91.513,-6.621,0.000,-47.798,-14.393,-4.109,-2.186,-0.934,-3.627
143.722,-112.905,-5.928,0.000,-54.573,-12.780,-4.577,-2.917,-0.992,-3.352
143.728,-112.905,-5.928,0.000,-57.554,-14.348,-3.108,-2.768,-1.049,-2.818
143.735,-265.760,-0.893,0.000,-60.434,-15.327,-1.724,-10.266,-1.198,-2.433
143.741,-265.760,-0.893,0.000,-63.325,-18.136,-2.454,-10.122,-1.392,-2.093
143.747,-265.760,-0.893,0.000,-67.414,-16.244,-6.382,-9.917,-1.582,-1.954
143.754,-380.120,-0.893,0.000,-74.170,-13.926,-8.049,-15.297,-1.874,-2.148
143.760,-380.120,-0.893,0.000,-85.501,-17.168,-6.608,-14.731,-2.157,-2.728
143.766,-380.120,-0.893,0.000,-104.558,-17.923,-1.451,-13.778,-2.425,-3.953
143.773,-438.337,-1.043,0.000,-127.151,-15.854,-3.163,-15.559,-2.697,-5.223
143.779,-438.337,-1.043,0.000,-153.733,-17.163,-3.192,-14.230,-2.986,-6.496
143.786,-438.337,-1.043,0.000,-185.841,-12.306,-4.785,-12.625,-3.000,-7.979
143.792,-353.429,-1.192,0.000,-221.442,-12.768,-6.064,-6.599,-3.000,-9.614
143.798,-314.906,-2.248,0.000,-256.496,-13.396,-4.485,-2.920,-3.000,-10.756
143.805,-247.907,-3.639,0.000,-292.298,-8.693,-5.869,2.220,-2.976,-11.529
143.811,-233.081,-3.955,0.000,-327.543,-6.082,-4.424,4.723,-2.907,-12.139
143.818,-233.081,-3.955,0.000,-354.172,-4.405,-3.607,6.055,-2.794,-11.596
143.824,-233.081,-3.955,0.000,-371.761,1.823,-3.360,6.934,-2.664,-10.368
143.831,-167.568,-4.598,0.000,-381.546,-0.108,-2.283,10.699,-2.459,-8.725
143.837,-139.465,-4.760,0.000,-381.944,2.343,-4.918,12.124,-2.224,-6.581
143.844,-139.465,-4.760,0.000,-372.645,4.865,-4.289,11.659,-1.994,-4.015
143.850,-73.478,-4.760,0.000,-360.767,1.971,-1.557,14.364,-1.754,-1.825
143.856,-53.094,-4.760,0.000,-336.498,4.645,-3.786,14.170,-1.483,0.987
143.863,-53.094,-4.760,0.000,-307.646,1.660,-3.626,12.728,-1.220,3.581
143.869,-53.094,-4.760,0.000,-272.681,1.390,-4.442,10.979,-0.996,6.092
143.876,-16.569,-4.760,0.000,-234.823,-0.715,-4.145,10.913,-0.773,8.220
143.882,-16.569,-4.760,0.000,-203.570,-5.715,-3.061,9.350,-0.582,9.195
143.889,-16.569,-4.760,0.000,-169.712,-2.876,-1.829,7.657,-0.423,10.178
143.895,-0.595,-4.760,0.000,-136.602,-5.533,0.408,6.800,-0.291,10.899
143.901,-0.595,-4.760,0.000,-109.345,-8.772,1.893,5.437,-0.187,10.982
143.907,-0.595,-4.760,0.000,-85.659,-8.416,-0.552,4.253,-0.102,10.601
143.913,0.000,-4.760,0.000,-65.997,-9.175,-1.878,3.300,-0.040,10.044
143.919,0.000,-4.114,0.000,-53.703,-9.323,-4.652,2.685,0.007,8.941
143.924,0.000,-4.114,0.000,-44.409,-10.570,-6.018,2.220,0.046,7.778
143.929,0.000,-3.325,0.000,-39.691,-12.241,-5.627,1.985,0.080,6.387
143.935,0.000,-3.014,0.000,-39.817,-12.788,-2.824,1.991,0.113,4.781
143.940,0.000,-3.014,0.000,-44.750,-10.041,-0.860,2.237,0.148,3.037
143.946,0.000,-3.014,0.000,-50.572,-7.454,1.028,2.529,0.190,1.689
143.952,0.000,-3.014,0.000,-56.802,-5.979,1.443,2.840,0.236,0.625
143.957,0.000,-3.014,0.000,-62.819,-4.861,0.476,3.141,0.286,-0.170
143.962,0.000,-3.014,0.000,-71.282,-5.286,-0.311,3.564,0.343,-1.076
143.968,0.000,-2.860,0.000,-80.682,-4.798,-1.619,4.034,0.406,-1.890
143.973,0.000,-2.860,0.000,-89.444,-4.522,-2.560,4.472,0.476,-2.448
143.979,0.000,-2.860,0.000,-95.892,-4.442,-2.277,4.795,0.552,-2.634
143.984,0.000,-2.860,0.000,-98.593,-5.928,-1.532,4.930,0.630,-2.359
143.990,0.000,-2.860,0.000,-96.063,-7.175,-0.029,4.803,0.710,-1.598
143.995,0.000,-3.014,0.000,-90.787,-6.733,0.573,4.539,0.784,-0.716
144.001,0.000,-3.014,0.000,-84.802,-6.139,1.939,4.240,0.854,0.043
144.006,0.000,-3.014,0.000,-78.093,-6.092,0.240,3.905,0.919,0.739
144.012,0.000,-2.248,0.000,-67.056,-7.005,-0.687,3.353,0.976,1.812
144.017,0.000,-2.248,0.000,-55.052,-7.999,0.207,2.753,1.024,2.733
144.023,0.000,-1.342,0.000,-43.542,-7.628,0.210,2.177,1.062,3.342
144.028,0.000,-1.043,0.000,-34.473,-8.111,-0.176,1.724,1.093,3.544
144.034,0.000,-1.043,0.000,-25.220,-5.912,-2.035,1.261,1.117,3.699
144.039,0.000,-1.043,0.000,-16.045,-7.729,-2.789,0.802,1.132,3.827
144.044,0.000,-0.893,0.000,-7.459,-9.193,-3.978,0.373,1.140,3.873
144.050,0.000,-0.893,0.000,0.228,-11.690,-3.776,-0.011,1.142,3.807
144.055,0.000,-0.893,0.000,6.785,-12.351,-4.115,-0.339,1.138,3.644
144.060,0.000,-0.893,0.000,10.794,-12.167,-1.674,-0.540,1.131,3.226
144.066,0.000,-0.744,0.000,12.642,-12.274,1.218,-0.632,1.121,2.641
144.071,0.000,-0.744,0.000,12.299,-11.772,0.045,-0.615,1.110,1.963
144.077,0.000,-0.744,0.000,11.119,-11.284,-0.249,-0.556,1.101,1.345
144.082,0.000,-0.893,0.000,9.096,-11.634,-0.230,-0.455,1.093,0.779
144.088,0.000,-0.744,0.000,7.993,-12.398,-3.105,-0.400,1.086,0.464
144.093,0.000,-0.744,0.000,7.159,-10.831,-6.106,-0.358,1.081,0.278
144.099,0.000,-0.744,0.000,6.734,-10.604,-6.629,-0.337,1.076,0.189
144.104,0.000,-0.893,0.000,5.127,-10.723,-4.146,-0.256,1.072,0.018
144.109,0.000,-0.893,0.000,-0.342,-8.584,0.997,0.017,1.073,-0.531
144.115,0.000,-0.893,0.000,-2.217,-8.109,4.530,0.111,1.076,-0.485
144.120,0.000,-0.893,0.000,-5.660,-10.141,5.303,0.283,1.082,-0.637
144.125,0.000,-0.893,0.000,-9.226,-8.411,4.442,0.461,1.090,-0.770
144.130,0.000,-0.893,0.000,-11.193,-8.563,3.499,0.560,1.100,-0.716
144.136,-0.297,-0.744,0.000,-11.553,-5.404,1.834,0.563,1.111,-0.551
144.142,-0.595,-0.744,0.000,-10.754,-5.217,-0.429,0.508,1.123,-0.244
144.148,-0.595,-0.744,0.000,-9.594,-4.966,-3.220,0.450,1.132,-0.007
144.154,-0.595,-0.744,0.000,-7.322,-1.145,-4.150,0.336,1.139,0.241
144.160,-0.595,-0.744,0.000,-5.899,0.947,-5.743,0.265,1.145,0.340
144.166,-5.589,-0.744,0.000,-1.726,1.381,-2.289,-0.193,1.144,0.684
144.173,-5.589,-0.744,0.000,2.555,-0.234,1.826,-0.407,1.137,0.910
144.179,-23.207,-0.744,0.000,10.256,-1.284,0.699,-1.673,1.118,1.404
144.186,-23.207,-0.744,0.000,13.617,1.857,-1.967,-1.841,1.084,1.399
144.192,-23.207,-0.744,0.000,14.966,8.115,0.912,-1.909,1.047,1.180
144.199,-55.692,-0.744,0.000,16.550,6.742,3.784,-3.612,0.988,1.035
144.205,-55.692,-0.744,0.000,16.850,2.643,3.930,-3.627,0.915,0.788
144.212,-55.692,-0.744,0.000,18.472,0.432,0.088,-3.708,0.843,0.739
144.218,-132.732,-0.446,0.000,17.821,-1.367,-4.352,-7.528,0.747,0.504
144.225,-132.732,-0.446,0.000,11.720,-1.842,-4.516,-7.223,0.609,-0.194
144.231,-132.732,-0.446,0.000,5.073,-2.299,-4.078,-6.890,0.477,-0.809
144.237,-132.732,-0.446,0.000,-3.465,-2.095,0.220,-6.463,0.352,-1.492
144.243,-132.732,-0.446,0.000,-12.517,-3.731,1.403,-6.011,0.234,-2.069
144.250,-132.732,-0.446,0.000,-20.850,-3.183,-0.668,-5.594,0.126,-2.368
144.256,-132.732,-0.446,0.000,-36.467,-2.283,-0.555,-4.813,0.028,-3.275
144.263,-132.732,-0.446,0.000,-53.339,-2.943,1.192,-3.970,-0.052,-4.144
144.269,-187.519,-0.595,0.000,-67.530,-1.831,-0.374,-5.999,-0.167,-4.581
144.275,-187.519,-0.595,0.000,-78.663,-0.618,-1.004,-5.443,-0.269,-4.599
144.281,-187.519,-0.744,0.000,-94.711,-2.054,-0.482,-4.640,-0.357,-5.123
144.287,-187.519,-0.744,0.000,-105.862,-5.341,0.040,-4.083,-0.441,-4.944
144.294,-187.519,-0.744,0.000,-116.858,-2.580,-2.271,-3.533,-0.513,-4.723
144.300,-187.519,-0.744,0.000,-130.912,-5.919,-6.396,-2.830,-0.572,-4.803
144.307,-187.519,-0.744,0.000,-143.808,-4.605,-6.775,-2.186,-0.620,-4.878
144.313,-187.519,-0.744,0.000,-152.202,-1.354,-5.580,-1.766,-0.656,-4.458
144.320,-187.519,-0.744,0.000,-159.316,1.529,-0.705,-1.410,-0.687,-4.050
144.326,-184.069,-0.744,0.000,-165.899,0.941,2.162,-0.908,-0.709,-3.671
144.333,-184.069,-0.744,0.000,-168.489,-3.259,4.141,-0.779,-0.726,-3.045
144.339,-184.069,-0.744,0.000,-170.524,-3.669,-1.484,-0.677,-0.737,-2.410
144.345,-172.390,-0.595,0.000,-171.364,-0.982,-4.675,-0.051,-0.738,-1.863
144.351,-167.568,-0.595,0.000,-171.963,2.812,-6.222,0.220,-0.735,-1.443
144.357,-167.568,-0.595,0.000,-169.988,4.786,-5.355,0.121,-0.732,-0.860
144.363,-167.568,-0.595,0.000,-169.049,5.724,-2.876,0.074,-0.731,-0.551
144.370,-120.042,-0.744,0.000,-169.304,-0.604,1.420,2.463,-0.685,-0.459
144.376,-120.042,-0.744,0.000,-162.511,-3.811,-0.474,2.123,-0.642,0.277
144.383,-55.033,-1.043,0.000,-159.304,-2.782,-1.160,5.214,-0.561,0.584
144.389,-35.101,-1.492,0.000,-157.740,3.984,-4.524,6.132,-0.445,0.604
144.396,-35.101,-1.492,0.000,-155.410,5.453,-1.638,6.015,-0.326,0.672
144.402,-35.101,-1.492,0.000,-147.963,-0.887,-1.002,5.643,-0.215,1.186
144.409,-10.019,-2.860,0.000,-134.881,-5.998,-2.373,6.243,-0.088,2.151
144.415,-7.883,-2.860,0.000,-126.377,-0.953,-3.561,5.925,0.031,2.464
144.422,-7.883,-2.860,0.000,-118.008,1.765,0.253,5.506,0.141,2.656
144.428,-1.043,-1.492,0.000,-106.255,0.876,3.799,5.261,0.245,3.104
144.435,-0.595,-1.342,0.000,-93.287,-0.201,1.349,4.635,0.341,3.559
144.441,-0.595,-1.342,0.000,-82.082,1.637,-0.738,4.074,0.418,3.831
144.447,-0.595,-1.342,0.000,-70.140,2.820,-0.092,3.477,0.484,4.114
144.453,-0.595,-1.342,0.000,-58.488,2.220,0.140,2.895,0.539,4.274
144.459,0.000,-1.043,0.000,-45.388,-2.955,1.976,2.269,0.582,4.599
144.464,0.000,-1.043,0.000,-33.660,-4.679,-1.196,1.683,0.612,4.794
144.469,0.000,-1.043,0.000,-24.228,-3.369,0.090,1.211,0.633,4.637
144.475,3.169,-1.944,0.000,-14.541,-6.627,0.833,0.886,0.650,4.492
144.482,3.169,-1.944,0.000,-8.502,-6.772,2.037,0.584,0.664,3.980
144.488,3.169,-1.944,0.000,-3.194,-6.058,1.233,0.318,0.673,3.534
144.495,26.768,-6.621,0.000,-0.474,-3.508,-0.576,1.362,0.685,2.916
144.501,26.768,-6.621,0.000,1.380,-1.279,2.036,1.269,0.708,2.309
144.508,26.768,-6.621,0.000,2.952,-3.561,1.943,1.191,0.731,1.829
144.514,51.831,-10.019,0.000,8.222,-3.973,4.791,2.180,0.766,1.848
144.521,80.316,-11.493,0.000,8.595,-4.347,3.101,3.586,0.828,1.515
144.527,80.316,-11.493,0.000,3.244,-7.130,-2.181,3.854,0.902,0.638
144.534,169.163,-15.777,0.000,4.414,-3.658,-1.919,8.237,1.005,0.536
144.540,169.163,-15.777,0.000,6.974,-2.072,-1.743,8.109,1.162,0.657
144.547,169.163,-15.777,0.000,12.436,0.406,3.390,7.836,1.318,1.035
144.553,169.163,-15.777,0.000,16.286,1.181,6.895,7.644,1.466,1.137
144.560,169.163,-15.777,0.000,29.819,-3.017,2.320,6.967,1.606,2.162
144.566,169.163,-15.777,0.000,43.384,-2.099,-2.426,6.289,1.733,2.927
144.573,169.163,-15.777,0.000,59.801,-4.819,-0.439,5.468,1.845,3.780
144.579,169.163,-15.777,0.000,80.729,-12.355,-0.143,4.422,1.940,4.814
144.586,258.949,-20.615,0.000,100.774,-11.816,-1.448,7.909,2.103,5.563
144.592,258.949,-20.927,0.000,121.421,-13.597,0.884,6.876,2.244,6.179
144.599,252.278,-20.927,0.000,142.969,-17.686,3.531,5.465,2.359,6.674
144.605,245.744,-20.615,0.000,166.579,-18.062,1.504,3.958,2.446,7.270
144.612,245.744,-20.615,0.000,188.301,-18.142,3.233,2.872,2.510,7.539
144.618,245.744,-20.615,0.000,209.368,-22.873,4.365,1.819,2.552,7.660
144.625,245.744,-20.615,0.000,230.317,-23.616,2.526,0.771,2.575,7.745
144.631,245.744,-20.615,0.000,246.232,-18.581,1.404,-0.024,2.579,7.329
144.638,277.428,-24.236,0.000,258.671,-22.074,1.439,0.938,2.601,6.692
144.644,277.428,-24.236,0.000,272.734,-22.858,2.727,0.235,2.609,6.332
144.651,277.428,-24.236,0.000,283.038,-21.443,1.349,-0.280,2.608,5.776
144.657,301.991,-30.720,0.000,287.083,-15.904,-0.850,0.745,2.608,4.744
144.664,301.991,-30.720,0.000,290.283,-14.628,0.570,0.585,2.621,3.892
144.670,304.539,-32.419,0.000,291.341,-13.875,3.699,0.660,2.632,2.966
144.677,304.539,-32.419,0.000,293.770,-13.143,-0.729,0.538,2.644,2.465
144.683,277.428,-35.564,0.000,293.613,-15.190,-1.064,-0.809,2.638,1.862
144.690,277.428,-35.564,0.000,293.472,-14.265,0.003,-0.802,2.623,1.390
144.696,277.428,-35.564,0.000,294.591,-12.384,3.821,-0.858,2.606,1.158
144.703,174.021,-27.145,0.000,296.389,-17.649,5.145,-6.118,2.554,1.010
144.709,174.021,-27.145,0.000,298.125,-20.582,5.235,-6.205,2.434,0.891
144.716,174.021,-27.145,0.000,300.979,-20.936,2.648,-6.348,2.313,0.973
144.722,53.734,-21.561,0.000,301.475,-20.149,-0.698,-12.387,2.068,0.795
144.729,30.720,-19.697,0.000,298.849,-20.982,0.071,-13.406,1.814,0.329
144.735,30.720,-19.697,0.000,294.871,-20.064,3.162,-13.208,1.556,-0.162
144.742,15.261,-15.261,0.000,286.753,-21.263,1.593,-13.575,1.300,-0.904
144.748,15.261,-15.261,0.000,271.455,-19.634,3.100,-12.810,1.044,-2.194
144.754,6.272,-10.849,0.000,257.468,-19.771,2.480,-12.560,0.808,-3.074
144.760,6.272,-10.849,0.000,238.196,-20.613,2.651,-11.596,0.592,-4.277
144.766,0.149,-6.621,0.000,217.670,-17.976,5.125,-10.876,0.390,-5.404
144.772,-0.149,-4.275,0.000,197.214,-18.195,3.517,-9.868,0.223,-6.381
144.777,-0.149,-4.275,0.000,174.547,-18.596,0.191,-8.735,0.074,-7.330
144.783,0.000,-4.275,0.000,155.433,-19.959,-4.842,-7.772,-0.055,-7.674
144.788,0.000,-4.436,0.000,133.074,-20.204,-4.862,-6.654,-0.171,-8.345
144.794,0.000,-4.436,0.000,114.950,-18.092,1.188,-5.748,-0.271,-8.386
144.799,0.000,-4.275,0.000,98.008,-14.118,2.727,-4.900,-0.355,-8.259
144.805,0.000,-4.436,0.000,84.806,-11.797,3.725,-4.240,-0.428,-7.655
144.810,0.000,-4.436,0.000,73.861,-8.533,4.169,-3.693,-0.491,-6.960
144.815,-0.149,-5.089,0.000,65.021,-7.844,2.731,-3.258,-0.546,-6.211
144.821,-0.297,-5.421,0.000,58.058,-9.038,0.168,-2.918,-0.596,-5.422
144.827,-0.297,-5.421,0.000,55.124,-11.373,1.968,-2.771,-0.647,-4.381
144.833,-0.297,-5.421,0.000,55.659,-10.489,1.356,-2.798,-0.697,-3.221
144.839,-1.492,-6.272,0.000,53.919,-9.731,-6.324,-2.771,-0.749,-2.566
144.846,-1.492,-6.272,0.000,53.713,-8.318,-2.182,-2.760,-0.802,-1.931
144.852,-1.492,-6.272,0.000,54.452,-10.602,4.078,-2.797,-0.856,-1.359
144.859,-5.421,-6.621,0.000,58.458,-11.858,0.626,-3.194,-0.916,-0.667
144.865,-5.421,-6.621,0.000,59.736,-13.250,-4.557,-3.258,-0.979,-0.391
144.872,-5.421,-6.621,0.000,62.224,-11.937,-2.801,-3.382,-1.044,-0.061
144.878,-9.023,-6.621,0.000,62.885,-9.930,-2.807,-3.595,-1.113,0.035
144.885,-10.639,-6.621,0.000,61.467,-9.446,-2.208,-3.605,-1.184,-0.085
144.891,-10.639,-6.621,0.000,57.731,-11.909,0.518,-3.418,-1.252,-0.474
144.898,-17.666,-6.446,0.000,55.713,-9.912,-3.668,-3.669,-1.323,-0.553
144.904,-23.546,-6.446,0.000,48.103,-9.209,-3.702,-3.582,-1.391,-1.116
144.911,-23.546,-6.446,0.000,39.515,-8.652,2.505,-3.153,-1.455,-1.643
144.917,-23.546,-6.446,0.000,33.352,-6.057,3.184,-2.845,-1.512,-1.841
144.924,-23.546,-6.446,0.000,23.628,-5.638,-0.770,-2.359,-1.562,-2.342
144.930,-23.546,-6.446,0.000,17.341,-6.385,1.611,-2.044,-1.603,-2.350
144.937,-146.466,-1.192,0.000,6.955,-5.344,-1.747,-7.671,-1.710,-2.719
144.943,-146.466,-1.192,0.000,-2.669,-6.577,-3.947,-7.190,-1.845,-2.985
144.949,-146.466,-1.192,0.000,-12.915,-8.616,-2.678,-6.678,-1.967,-3.290
144.955,-146.466,-1.192,0.000,-23.622,-8.044,-3.431,-6.142,-2.081,-3.563
144.961,-146.466,-1.192,0.000,-34.270,-7.773,-6.209,-5.610,-2.185,-3.773
144.967,-291.966,-0.595,0.000,-45.892,-9.498,-3.355,-12.304,-2.364,-4.072
144.973,-333.723,-0.446,0.000,-60.289,-7.388,-3.026,-13.672,-2.592,-4.627
144.979,-333.723,-0.446,0.000,-73.846,-2.285,-3.982,-12.994,-2.844,-4.834
144.985,-333.723,-0.595,0.000,-91.316,-3.757,-0.418,-12.120,-3.000,-5.418
144.991,-333.723,-0.595,0.000,-111.687,-0.379,2.376,-11.102,-3.000,-6.231
144.997,-333.723,-0.744,0.000,-132.718,1.165,0.011,-10.050,-3.000,-6.823
145.004,-333.723,-0.744,0.000,-157.121,-0.157,1.806,-8.830,-3.000,-7.445
145.010,-333.723,-0.744,0.000,-183.816,3.540,-1.247,-7.495,-3.000,-8.148
145.017,-333.723,-0.744,0.000,-210.728,2.649,-3.132,-6.150,-3.000,-8.692
145.023,-333.723,-0.744,0.000,-237.503,6.685,-3.649,-4.811,-3.000,-9.102
145.030,-333.723,-0.744,0.000,-261.369,5.410,-4.327,-3.618,-3.000,-9.116
145.037,-333.723,-0.893,0.000,-286.432,8.235,-4.934,-2.365,-3.000,-9.264
145.043,-333.723,-0.893,0.000,-309.013,7.753,-4.554,-1.236,-3.000,-9.173
145.049,-356.318,-0.893,0.000,-324.673,8.408,1.786,-1.582,-3.000,-8.443
145.056,-356.318,-0.893,0.000,-337.789,10.171,0.505,-0.926,-3.000,-7.657
145.062,-362.154,-0.893,0.000,-348.176,5.831,-0.769,-0.699,-3.000,-6.782
145.068,-368.065,-0.893,0.000,-353.412,1.001,-0.303,-0.733,-3.000,-5.568
145.075,-362.154,-0.893,0.000,-356.591,0.245,-1.863,-0.278,-3.000,-4.457
145.081,-362.154,-0.893,0.000,-355.731,3.387,-4.164,-0.321,-3.000,-3.239
145.087,-362.154,-0.893,0.000,-355.949,0.676,-3.429,-0.310,-3.000,-2.462
145.094,-282.209,-1.944,0.000,-350.498,-6.817,0.145,3.414,-2.933,-1.352
145.100,-282.209,-1.944,0.000,-344.690,-8.134,-0.658,3.124,-2.870,-0.438
145.107,-110.602,-10.430,0.000,-341.617,-3.081,-3.680,11.551,-2.700,-0.009
145.113,-85.769,-11.493,0.000,-336.708,-8.997,0.360,12.547,-2.464,0.477
145.120,-85.769,-11.493,0.000,-325.919,-11.704,0.294,12.008,-2.224,1.341
145.126,-17.112,-18.808,0.000,-312.041,-3.612,-2.863,14.746,-1.977,2.358
145.133,-17.112,-18.808,0.000,-297.536,-2.376,-2.439,14.021,-1.708,3.240
145.139,-8.069,-19.398,0.000,-278.831,-3.979,-0.241,13.538,-1.440,4.239
145.146,-8.069,-19.398,0.000,-260.862,-0.917,-0.879,12.640,-1.189,4.883
145.152,0.000,-19.398,0.000,-235.974,-3.381,1.040,11.799,-0.963,6.219
145.157,0.000,-19.102,0.000,-211.982,-3.290,2.483,10.599,-0.784,7.393
145.163,0.000,-19.102,0.000,-187.263,-1.043,1.467,9.363,-0.621,8.299
145.168,0.149,-17.112,0.000,-162.551,-0.087,-1.056,8.135,-0.482,9.040
145.174,0.297,-13.068,0.000,-139.799,-1.249,-3.002,7.005,-0.362,9.375
145.180,0.297,-13.068,0.000,-116.375,-4.619,-1.786,5.834,-0.250,9.480
145.186,0.297,-13.068,0.000,-97.277,-6.232,-1.781,4.879,-0.156,9.102
145.192,0.297,-13.068,0.000,-78.621,-11.190,0.828,3.946,-0.080,8.723
145.198,7.698,-13.302,0.000,-63.248,-13.608,-0.658,3.547,-0.012,8.124
145.204,7.698,-13.302,0.000,-51.307,-13.882,-2.666,2.950,0.047,7.306
145.210,7.698,-13.302,0.000,-42.670,-12.784,-2.253,2.518,0.100,6.371
145.217,18.231,-13.068,0.000,-40.762,-15.617,1.585,2.950,0.157,4.961
145.223,23.207,-13.302,0.000,-36.870,-19.281,4.736,3.004,0.215,4.065
145.230,23.207,-13.302,0.000,-31.134,-20.087,-0.913,2.717,0.271,3.637
145.236,23.207,-13.302,0.000,-29.785,-17.867,-5.707,2.650,0.323,2.875
145.243,23.207,-13.302,0.000,-31.387,-17.219,-1.446,2.730,0.375,2.001
145.249,23.207,-13.302,0.000,-30.839,-15.294,-0.325,2.702,0.427,1.526
145.256,23.207,-13.302,0.000,-29.394,-17.183,0.877,2.630,0.479,1.281
145.262,23.207,-13.302,0.000,-28.129,-19.491,-1.637,2.567,0.530,1.104
145.269,23.207,-13.302,0.000,-27.729,-16.401,0.165,2.547,0.580,0.875
145.275,174.021,-17.112,0.000,-25.196,-11.348,1.864,9.961,0.725,0.924
145.282,174.021,-17.112,0.000,-24.035,-13.764,2.846,9.903,0.917,0.784
145.288,218.971,-18.518,0.000,-12.709,-12.641,0.165,11.584,1.118,1.695
145.295,218.971,-18.518,0.000,-3.500,-9.986,0.157,11.124,1.338,2.177
145.301,241.464,-18.518,0.000,10.833,-12.652,3.034,11.532,1.572,3.034
145.308,241.464,-18.518,0.000,30.234,-14.826,0.249,10.561,1.785,4.142
145.314,241.464,-18.518,0.000,55.567,-9.730,-1.887,9.295,1.976,5.548
145.321,241.464,-18.518,0.000,82.525,-15.312,0.749,7.947,2.139,6.765
145.327,241.464,-18.518,0.000,111.635,-16.337,0.242,6.491,2.274,7.844
145.334,241.464,-18.518,0.000,139.880,-11.884,0.804,5.079,2.382,8.619
145.340,245.744,-18.231,0.000,168.578,-18.765,3.899,3.858,2.467,9.224
145.347,245.744,-18.231,0.000,194.423,-17.732,1.760,2.566,2.525,9.399
145.353,198.179,-15.518,0.000,221.483,-17.642,1.836,-1.165,2.528,9.593
145.360,189.263,-15.261,0.000,241.096,-18.544,1.307,-2.592,2.487,9.105
145.366,189.263,-15.261,0.000,257.015,-20.626,-1.883,-3.388,2.426,8.355
145.373,114.070,-11.062,0.000,266.979,-19.985,-3.784,-7.645,2.329,7.203
145.379,114.070,-11.062,0.000,274.647,-16.038,-1.068,-8.029,2.176,6.128
145.385,100.698,-10.849,0.000,273.254,-12.950,1.315,-8.628,2.017,4.505
145.391,100.698,-10.849,0.000,265.737,-11.470,1.479,-8.252,1.865,2.580
145.398,100.698,-10.849,0.000,254.368,-11.833,1.165,-7.684,1.718,0.653
145.404,100.698,-10.849,0.000,241.598,-10.446,2.469,-7.045,1.587,-0.866
145.410,100.698,-10.849,0.000,224.488,-9.905,1.517,-6.189,1.470,-2.441
145.416,26.026,-7.333,0.000,204.906,-10.411,4.605,-8.944,1.294,-3.798
145.422,23.207,-7.333,0.000,186.493,-8.462,2.831,-8.164,1.130,-4.595
145.429,23.207,-7.333,0.000,165.038,-8.997,2.714,-7.092,0.984,-5.506
145.435,22.209,-7.333,0.000,146.531,-4.654,5.246,-6.216,0.857,-5.932
145.442,22.209,-7.333,0.000,130.092,-5.001,1.816,-5.394,0.745,-5.977
145.448,22.209,-7.333,0.000,111.442,-2.941,3.377,-4.462,0.653,-6.285
145.455,22.209,-7.333,0.000,101.233,-1.536,2.417,-3.951,0.574,-5.683
145.461,19.102,-7.153,0.000,89.423,-2.908,2.174,-3.516,0.504,-5.343
145.468,19.102,-7.153,0.000,81.758,-4.134,3.813,-3.133,0.442,-4.717
145.474,19.102,-7.153,0.000,76.999,-4.283,2.409,-2.895,0.384,-4.001
145.481,8.636,-5.089,0.000,73.742,-5.379,0.013,-3.255,0.325,-3.352
145.487,8.636,-5.089,0.000,74.705,-5.639,-1.643,-3.303,0.263,-2.394
145.494,8.636,-5.089,0.000,73.961,-6.034,-0.637,-3.266,0.197,-1.910
145.500,3.955,-1.793,0.000,75.820,-5.981,1.652,-3.593,0.129,-1.278
145.506,1.944,-1.192,0.000,80.046,-8.583,2.054,-3.905,0.058,-0.537
145.512,1.944,-1.192,0.000,84.209,-8.846,3.190,-4.113,-0.014,0.051
145.518,1.944,-1.192,0.000,87.106,-12.249,3.370,-4.258,-0.089,0.399
145.524,-0.149,-0.893,0.000,91.003,-14.423,4.976,-4.558,-0.162,0.800
145.529,-0.149,-0.893,0.000,93.678,-11.912,3.454,-4.691,-0.235,0.949
145.535,0.000,-0.893,0.000,93.117,-10.212,2.050,-4.656,-0.309,0.709
145.540,0.000,-0.893,0.000,90.891,-11.005,3.801,-4.545,-0.381,0.327
145.545,0.000,-0.893,0.000,89.296,-6.906,3.693,-4.465,-0.450,0.148
145.550,0.000,-0.893,0.000,84.863,-4.978,3.955,-4.243,-0.517,-0.344
145.556,0.000,-0.893,0.000,79.773,-5.199,1.933,-3.989,-0.580,-0.817
145.561,0.000,-0.893,0.000,75.281,-2.281,2.477,-3.764,-0.641,-1.147
145.566,0.000,-0.893,0.000,69.117,-3.098,1.781,-3.456,-0.697,-1.592
145.571,0.000,-0.893,0.000,64.882,0.365,0.962,-3.244,-0.749,-1.685
145.577,0.000,-0.744,0.000,57.538,-0.712,-1.755,-2.877,-0.799,-2.103
145.582,0.000,-0.744,0.000,49.516,-1.602,-1.847,-2.476,-0.841,-2.500
145.588,0.000,-0.744,0.000,43.994,2.254,-0.802,-2.200,-0.879,-2.531
145.593,0.000,-0.744,0.000,36.998,4.890,-1.317,-1.850,-0.912,-2.715
145.599,0.000,-0.744,0.000,33.183,5.314,-0.913,-1.659,-0.941,-2.492
145.604,0.000,-0.744,0.000,29.673,3.936,0.027,-1.484,-0.966,-2.273
145.610,0.000,-0.744,0.000,24.471,1.751,2.036,-1.224,-0.988,-2.303
145.615,0.000,-0.744,0.000,24.716,1.969,-1.850,-1.236,-1.009,-1.694
145.620,0.000,-0.595,0.000,22.608,2.418,-0.718,-1.130,-1.026,-1.481
145.627,0.000,-0.595,0.000,22.357,4.323,0.774,-1.118,-1.048,-1.021
145.634,0.000,-0.595,0.000,22.612,11.897,1.752,-1.131,-1.070,-0.660
145.640,0.000,-0.595,0.000,22.318,12.763,1.276,-1.116,-1.093,-0.524
145.647,0.000,-0.297,0.000,22.662,6.858,4.628,-1.133,-1.116,-0.328
145.652,0.000,-0.446,0.000,22.938,7.857,3.511,-1.147,-1.133,-0.227
145.657,0.000,-0.446,0.000,23.873,4.890,4.131,-1.194,-1.152,-0.108
145.663,0.000,-0.446,0.000,23.746,2.966,2.639,-1.187,-1.172,-0.132
145.668,0.000,-0.446,0.000,25.633,4.065,4.720,-1.282,-1.192,0.101
145.673,0.149,-0.297,0.000,26.028,4.043,3.491,-1.294,-1.212,0.139
145.680,0.149,-0.297,0.000,22.960,0.539,4.276,-1.141,-1.236,-0.282
145.686,0.149,-0.297,0.000,22.532,-2.091,5.847,-1.119,-1.259,-0.277
145.693,0.149,-0.297,0.000,22.701,-1.605,0.358,-1.128,-1.281,-0.163
145.698,0.595,-0.297,0.000,22.154,-2.089,3.173,-1.078,-1.296,-0.143
145.703,0.595,-0.297,0.000,21.748,-2.289,3.274,-1.058,-1.312,-0.044
145.709,1.192,-0.297,0.000,18.427,-2.221,3.138,-0.862,-1.326,-0.317
145.715,1.192,-0.297,0.000,17.105,0.539,2.474,-0.796,-1.339,-0.345
145.720,2.860,-0.297,0.000,16.137,2.246,3.530,-0.664,-1.350,-0.340
145.726,2.860,-0.297,0.000,13.034,0.815,0.762,-0.509,-1.360,-0.567
145.732,3.169,-0.297,0.000,13.237,1.134,-0.652,-0.503,-1.369,-0.391
145.738,3.639,-0.149,0.000,12.119,0.805,0.632,-0.424,-1.375,-0.295
145.743,3.639,-0.149,0.000,9.824,2.495,1.512,-0.309,-1.379,-0.391
145.748,3.639,-0.149,0.000,8.264,4.322,1.559,-0.231,-1.382,-0.389
145.754,3.639,-0.149,0.000,4.674,4.264,1.184,-0.052,-1.382,-0.635
145.759,3.014,0.149,0.000,2.429,5.003,2.161,0.029,-1.382,-0.718
145.764,3.014,0.149,0.000,0.814,6.499,2.237,0.110,-1.381,-0.736
145.770,3.014,0.149,0.000,0.818,6.768,2.568,0.110,-1.380,-0.592
145.776,2.860,3.014,0.000,1.515,5.622,2.882,0.067,-1.379,-0.378
145.782,3.169,3.325,0.000,2.245,4.508,1.907,0.046,-1.377,-0.183
145.789,3.169,3.325,0.000,4.127,6.546,-2.029,-0.048,-1.377,0.070
145.795,3.169,3.325,0.000,4.293,10.384,-0.110,-0.056,-1.379,0.047
145.802,6.797,4.760,0.000,5.424,11.452,1.646,0.069,-1.379,0.079
145.808,7.333,5.089,0.000,8.641,11.529,1.811,-0.065,-1.378,0.381
145.815,7.333,5.089,0.000,6.797,10.457,0.729,0.027,-1.377,0.164
145.821,11.493,9.219,0.000,5.302,10.063,-1.089,0.310,-1.373,-0.023
145.828,12.380,10.224,0.000,6.690,16.361,-0.040,0.284,-1.368,0.097
145.834,12.380,10.224,0.000,7.293,17.791,0.979,0.254,-1.362,0.156
145.840,12.380,10.224,0.000,6.303,14.863,4.300,0.304,-1.358,0.005
145.847,13.539,12.607,0.000,7.157,15.313,4.218,0.319,-1.351,0.066
145.853,13.539,12.607,0.000,10.552,16.718,-2.480,0.149,-1.347,0.416
145.860,13.539,12.607,0.000,10.326,19.158,-3.608,0.161,-1.343,0.314
145.866,13.539,12.607,0.000,7.967,20.343,2.039,0.279,-1.338,0.019
145.873,13.539,12.607,0.000,10.006,22.502,0.655,0.177,-1.335,0.187
145.879,13.539,12.607,0.000,9.472,20.284,1.579,0.203,-1.332,0.069
145.886,13.539,19.697,0.000,9.885,18.726,3.085,0.183,-1.326,0.144
145.892,13.539,19.697,0.000,9.023,20.802,1.666,0.226,-1.322,0.028
145.899,13.539,32.419,0.000,8.347,25.122,2.261,0.260,-1.318,-0.045
145.905,13.539,33.739,0.000,9.009,20.414,6.705,0.226,-1.314,0.004
145.912,13.539,33.739,0.000,9.782,20.466,6.153,0.188,-1.311,0.056
145.918,13.539,33.739,0.000,9.331,23.466,2.010,0.210,-1.305,0.065
145.925,13.539,39.442,0.000,7.972,24.780,-2.226,0.278,-1.300,-0.091
145.931,13.302,40.461,0.000,7.546,25.976,-1.206,0.288,-1.295,-0.118
145.938,13.302,40.461,0.000,5.484,29.095,-0.343,0.391,-1.288,-0.276
145.944,13.302,40.461,0.000,4.226,31.410,1.067,0.454,-1.279,-0.330
145.951,11.062,43.642,0.000,5.837,31.222,3.664,0.261,-1.274,-0.146
145.957,11.062,43.642,0.000,6.446,33.264,4.140,0.231,-1.267,0.001
145.964,11.062,43.642,0.000,5.171,37.015,0.920,0.295,-1.261,-0.090
145.970,8.829,43.099,0.000,3.739,40.429,-0.352,0.254,-1.257,-0.199
145.977,8.829,43.099,0.000,2.461,42.266,2.149,0.318,-1.252,-0.313
145.983,8.069,39.442,0.000,4.757,42.372,3.973,0.166,-1.248,-0.032
145.989,7.698,39.949,0.000,4.904,44.804,3.243,0.140,-1.244,0.047
145.996,7.698,39.949,0.000,2.897,44.827,0.807,0.240,-1.239,-0.135
146.002,7.698,39.949,0.000,3.553,48.060,1.396,0.207,-1.236,-0.050
146.009,7.153,39.442,0.000,5.688,50.275,1.521,0.073,-1.234,0.151
146.015,7.333,39.442,0.000,6.501,52.730,2.667,0.042,-1.233,0.206
146.022,7.333,39.442,0.000,4.061,53.537,1.507,0.164,-1.231,-0.095
146.028,7.153,38.443,0.000,4.859,50.664,4.397,0.115,-1.229,-0.041
146.035,7.153,38.443,0.000,5.903,51.411,3.759,0.063,-1.226,0.119
146.041,7.153,38.443,0.000,4.419,50.246,0.695,0.137,-1.223,-0.020
146.048,7.333,34.189,0.000,2.941,54.116,0.902,0.220,-1.220,-0.163
146.054,7.333,31.988,0.000,3.474,53.676,3.109,0.193,-1.216,-0.085
146.061,7.333,31.988,0.000,3.971,52.039,1.875,0.168,-1.213,-0.013
146.067,6.974,28.693,0.000,1.621,48.364,-0.536,0.268,-1.208,-0.229
146.074,6.974,28.693,0.000,0.451,44.699,-1.700,0.326,-1.202,-0.276
146.080,6.974,28.693,0.000,1.720,44.976,-2.901,0.263,-1.195,-0.061
146.087,6.100,22.871,0.000,1.403,44.009,-2.838,0.235,-1.190,-0.052
146.093,6.100,22.871,0.000,1.077,45.035,-0.086,0.251,-1.185,-0.033
146.100,4.436,18.808,0.000,-2.466,42.751,6.370,0.345,-1.179,-0.375
146.106,4.436,18.808,0.000,-2.817,43.100,6.228,0.363,-1.174,-0.373
146.112,3.955,18.518,0.000,-2.915,40.924,4.909,0.343,-1.167,-0.289
146.119,3.955,18.518,0.000,-2.564,36.204,1.889,0.326,-1.160,-0.179
146.125,3.955,18.518,0.000,-3.802,30.241,0.513,0.388,-1.152,-0.225
146.132,3.955,17.666,0.000,-5.820,31.041,-4.113,0.489,-1.143,-0.357
146.138,3.955,17.666,0.000,-5.208,37.651,-5.842,0.458,-1.135,-0.235
146.145,3.955,16.302,0.000,-5.730,38.444,-3.940,0.484,-1.126,-0.225
146.151,3.955,16.302,0.000,-5.915,34.519,1.544,0.494,-1.117,-0.233
146.158,4.275,15.008,0.000,-4.497,35.648,4.965,0.439,-1.108,-0.041
146.164,4.275,15.008,0.000,-3.986,35.796,4.026,0.413,-1.098,0.094
146.171,4.275,15.008,0.000,-6.161,34.866,-2.592,0.522,-1.089,-0.144
146.177,4.436,12.155,0.000,-6.362,35.900,-1.594,0.540,-1.079,-0.139
146.184,4.598,11.932,0.000,-5.839,36.455,1.004,0.522,-1.069,-0.049
146.190,4.598,11.932,0.000,-5.005,34.847,4.805,0.480,-1.059,0.054
146.197,5.089,11.276,0.000,-6.945,30.727,5.084,0.602,-1.049,-0.185
146.203,5.089,11.276,0.000,-5.110,28.946,2.658,0.510,-1.039,0.036
146.210,5.089,11.276,0.000,-3.714,26.400,-0.366,0.440,-1.028,0.212
146.216,5.089,11.276,0.000,-8.108,24.746,-2.160,0.660,-1.017,-0.268
146.223,5.928,7.883,0.000,-8.436,25.034,1.184,0.718,-1.004,-0.236
146.229,5.928,7.883,0.000,-6.608,24.032,3.904,0.627,-0.992,-0.027
146.236,8.069,3.955,0.000,-4.811,22.492,2.922,0.644,-0.981,0.132
146.242,8.069,3.955,0.000,-2.811,19.817,2.423,0.544,-0.969,0.305
146.249,9.219,3.482,0.000,-3.280,17.355,1.652,0.625,-0.957,0.189
146.255,9.219,3.482,0.000,-5.656,13.229,0.358,0.744,-0.943,-0.076
146.262,9.219,3.482,0.000,-5.440,12.046,-3.357,0.733,-0.928,-0.034
146.268,9.219,3.482,0.000,-5.205,16.958,-5.534,0.721,-0.914,-0.014
146.275,17.666,0.446,0.000,-6.384,17.151,0.380,1.202,-0.896,-0.089
146.281,17.666,0.446,0.000,-7.591,16.911,2.613,1.263,-0.874,-0.236
146.287,17.666,0.446,0.000,-5.769,14.495,3.787,1.172,-0.853,-0.055
146.294,17.666,0.446,0.000,-4.332,12.906,3.150,1.100,-0.829,0.178
146.300,22.871,0.000,0.000,-4.374,10.715,0.958,1.362,-0.805,0.210
146.305,22.871,0.000,0.000,-4.855,10.090,2.057,1.386,-0.782,0.144
146.311,22.871,0.000,0.000,-5.159,10.201,1.745,1.401,-0.759,0.096
146.316,22.871,0.000,0.000,-4.256,10.539,2.078,1.356,-0.736,0.212
146.322,24.236,0.000,0.000,-2.048,8.835,1.837,1.314,-0.714,0.435
146.327,24.236,0.000,0.000,-0.603,9.457,1.915,1.242,-0.693,0.502
146.332,24.236,0.000,0.000,0.631,9.861,1.881,1.180,-0.674,0.494
146.338,26.395,0.000,0.000,1.831,8.476,0.063,1.228,-0.654,0.489
146.343,26.395,0.000,0.000,3.479,9.873,0.686,1.146,-0.635,0.534
146.349,26.395,0.000,0.000,4.082,8.476,2.584,1.116,-0.618,0.406
146.354,26.395,0.000,0.000,6.985,7.263,3.772,0.970,-0.603,0.557
146.360,26.395,0.000,0.000,10.977,4.739,4.836,0.771,-0.590,0.806
146.365,26.395,0.000,0.000,12.989,2.911,2.051,0.670,-0.580,0.769
146.371,26.395,0.000,0.000,13.118,1.989,-0.082,0.664,-0.571,0.520
146.376,28.693,-0.149,0.000,14.205,0.604,-1.355,0.724,-0.560,0.468
146.382,28.693,-0.297,0.000,15.947,1.596,1.760,0.637,-0.550,0.478
146.388,28.693,-0.297,0.000,18.308,0.397,4.275,0.519,-0.539,0.601
146.394,28.693,-0.297,0.000,19.612,0.162,3.232,0.454,-0.530,0.630
146.400,28.693,-0.297,0.000,19.994,0.790,1.927,0.435,-0.519,0.622
146.406,28.693,-0.297,0.000,20.183,-0.558,0.599,0.425,-0.510,0.558
146.412,28.693,-0.297,0.000,16.748,-0.716,-1.773,0.597,-0.499,0.104
146.418,28.693,-0.297,0.000,15.875,-0.038,-3.952,0.641,-0.488,-0.013
146.424,28.693,-0.297,0.000,16.108,0.067,-5.670,0.629,-0.478,-0.033
146.430,28.300,-0.297,0.000,14.957,2.849,-5.755,0.667,-0.467,-0.175
146.436,28.300,-0.297,0.000,16.711,5.790,-4.066,0.579,-0.456,0.047
146.442,28.300,-0.297,0.000,19.738,6.685,-3.668,0.428,-0.447,0.356
146.448,28.300,-0.297,0.000,20.276,6.287,-1.972,0.401,-0.439,0.347
146.454,28.300,-0.297,0.000,19.917,6.182,-0.286,0.419,-0.432,0.240
146.460,28.300,-0.297,0.000,18.976,5.472,1.278,0.466,-0.424,0.085
146.466,28.300,-0.149,0.000,19.713,7.555,1.912,0.429,-0.416,0.123
146.471,28.300,-0.149,0.000,21.475,9.151,0.807,0.341,-0.411,0.217
146.477,28.300,-0.149,0.000,21.375,9.536,-0.981,0.346,-0.407,0.075
146.482,28.300,-0.149,0.000,23.725,6.293,-1.903,0.229,-0.403,0.278
146.488,28.300,-0.149,0.000,23.786,4.620,-1.140,0.226,-0.401,0.157
146.493,24.236,0.000,0.000,23.108,2.184,-1.615,0.056,-0.401,-0.007
146.498,23.207,0.000,0.000,21.994,2.564,-3.071,0.061,-0.401,-0.163
146.504,23.207,0.000,0.000,22.550,-0.560,-2.739,0.033,-0.401,-0.091
146.509,23.207,0.000,0.000,21.784,-1.020,-2.065,0.071,-0.400,-0.151
146.515,23.207,0.000,0.000,21.208,-2.016,-2.239,0.100,-0.398,-0.159
146.520,23.207,0.000,0.000,18.836,-0.838,-0.962,0.219,-0.395,-0.363
146.526,23.207,0.000,0.000,18.096,-1.033,0.833,0.256,-0.390,-0.310
146.531,23.207,0.000,0.000,16.201,0.271,4.668,0.350,-0.385,-0.483
146.537,18.518,0.000,0.000,18.857,-2.627,4.801,-0.017,-0.384,-0.086
146.542,18.518,0.000,0.000,21.789,-4.500,3.661,-0.164,-0.387,0.222
146.548,18.518,0.000,0.000,21.665,0.202,4.182,-0.157,-0.390,0.095
146.553,17.947,0.149,0.000,21.868,0.862,4.995,-0.196,-0.394,0.028
146.559,17.947,0.149,0.000,22.058,-0.685,3.811,-0.206,-0.399,0.002
146.564,17.947,0.149,0.000,23.098,-1.448,1.489,-0.258,-0.403,0.097
146.570,17.947,0.149,0.000,22.803,-2.489,-2.152,-0.243,-0.408,-0.001
146.575,17.112,0.149,0.000,22.350,-3.555,-5.291,-0.262,-0.413,-0.098
146.581,17.112,0.149,0.000,24.003,-4.093,-7.178,-0.345,-0.419,0.077
146.587,16.302,0.595,0.000,24.293,-3.196,-4.333,-0.400,-0.426,0.069
146.593,15.777,0.893,0.000,24.246,-3.286,-1.772,-0.423,-0.435,0.034
146.599,14.757,0.893,0.000,23.307,-3.035,-0.276,-0.427,-0.444,-0.099
146.605,14.018,0.893,0.000,22.357,-1.063,2.441,-0.417,-0.453,-0.205
146.612,14.018,0.893,0.000,21.621,-0.479,2.912,-0.380,-0.461,-0.257
146.618,14.018,0.893,0.000,21.210,-1.522,3.928,-0.360,-0.468,-0.243
146.624,11.276,1.342,0.000,19.855,1.360,3.441,-0.429,-0.477,-0.307
146.631,10.019,1.342,0.000,17.273,2.774,1.970,-0.363,-0.484,-0.487
146.637,9.615,1.492,0.000,16.537,2.607,-0.043,-0.346,-0.491,-0.442
146.644,9.615,1.492,0.000,13.655,2.291,-0.912,-0.202,-0.496,-0.619
146.650,6.446,2.400,0.000,12.408,2.609,-0.842,-0.298,-0.500,-0.565
146.656,6.446,2.400,0.000,9.878,1.882,1.217,-0.172,-0.504,-0.690
146.663,5.758,2.706,0.000,6.837,0.647,3.157,-0.054,-0.506,-0.809
146.669,5.758,2.706,0.000,7.866,-1.670,3.554,-0.105,-0.507,-0.485
146.676,0.595,3.325,0.000,8.060,-1.745,3.142,-0.373,-0.512,-0.347
146.682,0.595,3.325,0.000,5.986,-1.843,2.003,-0.270,-0.518,-0.489
146.688,0.595,3.325,0.000,4.572,-2.078,1.687,-0.199,-0.522,-0.518
146.693,0.000,3.325,0.000,2.605,-3.298,2.628,-0.130,-0.525,-0.617
146.699,-0.149,3.325,0.000,2.922,-0.576,6.705,-0.154,-0.528,-0.451
146.704,-0.149,3.325,0.000,1.152,1.288,6.277,-0.065,-0.531,-0.604
146.710,-0.149,3.325,0.000,2.058,2.602,3.827,-0.110,-0.532,-0.363
146.715,-0.149,2.553,0.000,2.768,0.504,-0.329,-0.146,-0.535,-0.184
146.721,-0.149,2.096,0.000,3.046,-1.745,-4.356,-0.160,-0.537,-0.115
146.726,-0.149,2.096,0.000,4.102,-4.277,-6.147,-0.213,-0.540,0.035
146.732,-0.149,0.744,0.000,5.017,-7.065,-6.154,-0.258,-0.545,0.127
146.737,-0.149,0.149,0.000,5.167,-7.062,-1.968,-0.266,-0.549,0.139
146.743,-0.149,0.149,0.000,1.909,-2.256,2.228,-0.103,-0.551,-0.276
146.748,-0.149,0.149,0.000,0.253,-1.126,3.672,-0.020,-0.551,-0.379
146.755,-0.149,-0.297,0.000,-1.591,-1.358,2.265,0.072,-0.550,-0.475
146.761,-0.149,-0.297,0.000,-3.886,-1.070,-0.386,0.187,-0.547,-0.579
146.768,-2.553,-0.297,0.000,-4.012,0.915,0.700,0.073,-0.545,-0.397
146.774,-5.255,-0.297,0.000,-5.982,0.647,0.717,0.036,-0.544,-0.528
146.780,-5.255,-0.297,0.000,-6.983,1.456,-0.884,0.086,-0.543,-0.508
146.786,-6.621,-0.297,0.000,-4.651,2.580,-0.590,-0.098,-0.544,-0.146
146.792,-6.621,-0.297,0.000,-3.270,2.256,-0.237,-0.168,-0.546,0.040
146.798,-12.836,-0.297,0.000,-3.097,2.416,0.580,-0.487,-0.551,0.062
146.804,-12.836,-0.297,0.000,-3.865,5.458,0.568,-0.449,-0.559,-0.026
146.810,-12.836,-0.297,0.000,-6.619,6.391,1.351,-0.311,-0.565,-0.301
146.816,-12.836,-0.297,0.000,-8.062,5.847,3.656,-0.239,-0.570,-0.389
146.822,-19.102,-0.297,0.000,-10.290,3.348,4.717,-0.441,-0.579,-0.613
146.829,-19.102,-0.297,0.000,-10.313,0.204,6.654,-0.439,-0.588,-0.521
146.835,-19.102,-0.297,0.000,-11.449,1.189,9.197,-0.383,-0.595,-0.482
146.841,-19.102,-0.297,0.000,-11.911,2.041,7.440,-0.360,-0.600,-0.335
146.847,-19.102,-0.297,0.000,-10.945,0.294,5.936,-0.408,-0.606,-0.093
146.853,-19.102,-0.297,0.000,-13.759,-0.367,0.560,-0.267,-0.612,-0.374
146.859,-19.102,-0.297,0.000,-15.678,-1.252,-4.507,-0.171,-0.616,-0.500
146.865,-19.102,-0.297,0.000,-14.063,-1.966,-4.771,-0.252,-0.621,-0.239
146.871,-19.102,-0.297,0.000,-16.588,-2.594,-4.151,-0.126,-0.624,-0.449
146.877,-33.739,-0.446,0.000,-17.517,-1.618,-2.215,-0.811,-0.635,-0.433
146.883,-35.101,-0.595,0.000,-17.468,-0.339,0.190,-0.882,-0.650,-0.285
146.889,-35.101,-0.595,0.000,-19.485,0.502,0.867,-0.781,-0.665,-0.437
146.895,-35.101,-0.595,0.000,-24.172,-0.335,2.812,-0.546,-0.678,-0.861
146.901,-40.978,-0.744,0.000,-27.081,-4.006,5.454,-0.695,-0.693,-0.972
146.908,-40.978,-0.744,0.000,-27.227,-6.168,6.976,-0.688,-0.706,-0.738
146.914,-40.978,-0.744,0.000,-31.340,-8.625,3.940,-0.482,-0.715,-0.871
146.921,-42.560,-0.744,0.000,-34.794,-9.249,-0.257,-0.388,-0.724,-0.997
146.927,-42.560,-0.744,0.000,-35.614,-10.122,-0.141,-0.347,-0.731,-0.850
146.934,-42.560,-0.744,0.000,-38.051,-9.183,-0.984,-0.225,-0.736,-0.877
146.940,-42.560,-0.744,0.000,-40.641,-9.775,1.143,-0.096,-0.739,-0.916
146.947,-42.560,-0.744,0.000,-41.046,-9.658,1.438,-0.076,-0.741,-0.733
146.953,-42.560,-0.744,0.000,-43.761,-12.107,-2.700,0.060,-0.740,-0.807
146.960,-42.560,-0.744,0.000,-45.203,-12.165,-2.892,0.132,-0.739,-0.769
146.966,-42.560,-1.043,0.000,-46.127,-10.010,-0.473,0.178,-0.735,-0.645
146.973,-42.560,-1.043,0.000,-49.198,-7.500,1.150,0.332,-0.729,-0.762
146.979,-42.560,-1.043,0.000,-50.811,-7.368,2.119,0.413,-0.723,-0.776
146.985,-44.745,-1.192,0.000,-50.830,-6.533,3.406,0.304,-0.719,-0.637
146.992,-44.745,-1.192,0.000,-50.145,-7.972,1.705,0.270,-0.713,-0.397
146.998,-44.745,-1.192,0.000,-50.808,-4.737,-0.655,0.303,-0.707,-0.340
147.004,-44.745,-1.192,0.000,-49.869,-5.988,-0.558,0.256,-0.701,-0.112
147.010,-51.209,-3.014,0.000,-51.085,-3.587,-0.654,-0.006,-0.701,-0.179
147.017,-51.831,-3.014,0.000,-51.987,-3.777,2.245,0.008,-0.702,-0.258
147.023,-54.380,-3.325,0.000,-50.291,-4.918,1.671,-0.204,-0.706,-0.081
147.030,-54.380,-3.325,0.000,-51.897,-4.164,1.359,-0.124,-0.708,-0.169
147.036,-54.380,-3.325,0.000,-51.411,-3.277,-0.683,-0.148,-0.709,-0.025
147.043,-54.380,-3.325,0.000,-52.589,-3.732,0.716,-0.090,-0.711,-0.122
147.049,-54.380,-4.275,0.000,-54.227,-3.358,1.462,-0.008,-0.714,-0.307
147.056,-53.734,-4.598,0.000,-52.529,-5.485,1.928,-0.060,-0.715,-0.107
147.062,-53.734,-4.598,0.000,-53.772,-5.718,-0.240,0.002,-0.714,-0.169
147.069,-51.831,-5.758,0.000,-60.346,-6.279,-1.541,0.426,-0.708,-0.727
147.075,-51.831,-5.758,0.000,-63.170,-2.039,-0.280,0.567,-0.699,-0.857
147.082,-49.377,-6.621,0.000,-62.763,0.541,2.750,0.669,-0.688,-0.611
147.088,-49.377,-6.621,0.000,-65.010,-4.209,2.532,0.782,-0.673,-0.669
147.095,-48.185,-6.974,0.000,-68.314,-7.961,2.251,1.006,-0.654,-0.809
147.101,-48.185,-6.974,0.000,-70.816,-13.521,0.340,1.132,-0.633,-0.849
147.108,-43.099,-7.515,0.000,-71.292,-12.764,-3.284,1.410,-0.607,-0.690
147.114,-40.978,-9.416,0.000,-69.346,-8.388,-4.742,1.418,-0.580,-0.331
147.121,-40.978,-9.416,0.000,-70.874,-7.413,-1.844,1.495,-0.551,-0.366
147.127,-40.978,-9.416,0.000,-72.336,-11.558,4.564,1.568,-0.522,-0.461
147.134,-35.564,-12.607,0.000,-68.256,-17.245,5.908,1.635,-0.490,0.027
147.140,-33.739,-12.607,0.000,-68.262,-15.431,0.785,1.726,-0.455,0.054
147.146,-33.739,-12.607,0.000,-66.670,-12.442,-2.250,1.647,-0.422,0.214
147.153,-33.739,-12.607,0.000,-64.703,-14.072,1.414,1.548,-0.391,0.366
147.159,-19.398,-20.306,0.000,-60.823,-18.985,2.875,2.071,-0.360,0.610
147.166,-19.398,-20.306,0.000,-55.106,-18.860,2.370,1.785,-0.323,1.023
147.172,-13.302,-23.207,0.000,-51.719,-19.756,0.601,1.921,-0.282,1.176
147.179,-10.849,-26.026,0.000,-51.513,-14.284,-2.048,2.033,-0.245,0.915
147.185,-10.019,-27.911,0.000,-49.790,-14.474,-3.902,1.989,-0.208,0.868
147.191,-10.019,-27.911,0.000,-46.678,-12.795,-2.965,1.833,-0.173,0.923
147.198,-8.069,-38.443,0.000,-42.538,-17.749,-0.740,1.723,-0.140,1.007
147.204,-8.069,-38.443,0.000,-38.629,-17.732,1.703,1.528,-0.108,1.169
147.211,-7.333,-41.500,0.000,-36.105,-17.279,-0.969,1.439,-0.078,1.170
147.217,-7.333,-41.500,0.000,-34.310,-17.657,-0.379,1.349,-0.052,1.034
147.224,-6.621,-44.191,0.000,-31.594,-18.896,0.525,1.249,-0.028,1.030
147.230,-6.621,-45.304,0.000,-27.361,-22.876,4.134,1.037,-0.006,1.161
147.237,-6.621,-45.304,0.000,-24.376,-26.090,3.509,0.888,0.012,1.166
147.243,-6.621,-45.304,0.000,-21.147,-30.208,1.439,0.726,0.028,1.219
147.250,-6.621,-45.304,0.000,-19.920,-32.855,-0.822,0.665,0.042,1.034
147.256,-6.621,-44.745,0.000,-18.893,-37.075,-2.446,0.614,0.053,0.853
147.263,-6.621,-44.745,0.000,-17.847,-37.346,-2.304,0.561,0.065,0.732
147.269,-6.272,-43.642,0.000,-16.179,-39.313,-0.872,0.495,0.074,0.690
147.276,-6.272,-43.642,0.000,-13.831,-43.888,0.917,0.378,0.083,0.749
147.282,-4.760,-44.191,0.000,-13.864,-45.457,1.751,0.455,0.091,0.572
147.289,-4.760,-44.191,0.000,-14.006,-47.122,-0.102,0.462,0.101,0.444
147.295,-4.760,-44.191,0.000,-13.560,-44.127,-2.112,0.440,0.109,0.358
147.302,-4.760,-44.191,0.000,-11.691,-44.006,-0.232,0.347,0.117,0.482
147.308,-1.642,-40.978,0.000,-11.963,-45.388,0.708,0.516,0.125,0.321
147.315,-0.893,-38.940,0.000,-10.152,-48.133,1.028,0.463,0.134,0.382
147.321,-0.893,-38.940,0.000,-8.082,-50.602,1.324,0.359,0.142,0.513
147.327,-0.893,-38.940,0.000,-8.573,-51.491,-0.397,0.384,0.151,0.401
147.333,0.000,-34.642,0.000,-7.504,-51.963,0.857,0.375,0.159,0.517
147.339,0.000,-28.693,0.000,-7.867,-51.389,0.027,0.393,0.166,0.410
147.344,0.000,-24.941,0.000,-5.862,-50.957,0.065,0.293,0.172,0.595
147.349,0.000,-24.941,0.000,-4.885,-51.503,-2.944,0.244,0.178,0.633
147.355,0.000,-22.871,0.000,-3.845,-52.774,-0.923,0.192,0.183,0.669
147.360,0.000,-20.615,0.000,-2.947,-53.208,0.644,0.147,0.187,0.678
147.366,0.000,-20.615,0.000,-2.654,-53.380,0.626,0.133,0.190,0.610
147.371,0.000,-18.808,0.000,-1.848,-51.588,-0.483,0.092,0.194,0.637
147.377,0.000,-16.302,0.000,-0.951,-45.775,0.485,0.048,0.196,0.648
147.382,0.000,-16.302,0.000,-0.242,-41.089,1.905,0.012,0.198,0.647
147.388,0.000,-16.302,0.000,1.676,-37.749,2.115,-0.084,0.198,0.781
147.393,0.000,-11.062,0.000,1.612,-33.269,-0.124,-0.081,0.199,0.657
147.398,0.000,-8.636,0.000,1.294,-28.476,-2.326,-0.065,0.199,0.525
147.404,0.000,-8.636,0.000,2.850,-27.637,-2.900,-0.142,0.198,0.614
147.409,0.000,-6.974,0.000,3.705,-26.985,-2.831,-0.185,0.195,0.571
147.415,0.000,-6.974,0.000,3.662,-27.753,-2.071,-0.183,0.192,0.420
147.420,0.000,-6.974,0.000,4.400,-28.288,-0.622,-0.220,0.189,0.386
147.426,0.000,-6.974,0.000,5.822,-28.817,0.146,-0.291,0.184,0.444
147.431,0.000,-4.114,0.000,4.975,-28.116,0.644,-0.249,0.180,0.240
147.437,0.000,-3.169,0.000,4.189,-26.534,-1.381,-0.209,0.176,0.080
147.442,0.000,-3.169,0.000,2.488,-24.925,-2.480,-0.124,0.174,-0.143
147.448,0.000,-3.169,0.000,3.817,-25.305,-2.752,-0.191,0.171,0.026
147.453,0.149,-1.043,0.000,4.403,-26.511,-2.574,-0.213,0.167,0.078
147.458,0.149,-1.043,0.000,4.079,-26.966,-3.222,-0.197,0.164,0.011
147.464,0.149,-0.893,0.000,3.659,-28.348,-2.429,-0.176,0.160,-0.056
147.469,0.297,-0.893,0.000,4.313,-28.764,-4.950,-0.201,0.157,0.018
147.475,0.297,-0.744,0.000,3.272,-29.227,-4.723,-0.149,0.153,-0.113
147.481,0.297,-0.744,0.000,3.157,-27.256,-4.465,-0.143,0.151,-0.096
147.487,0.297,-0.744,0.000,2.217,-23.766,-4.102,-0.096,0.149,-0.165
147.493,0.297,-0.744,0.000,3.140,-23.540,-3.327,-0.142,0.147,-0.011
147.499,0.446,-0.297,0.000,5.769,-23.527,-2.821,-0.266,0.143,0.279
147.505,0.446,-0.297,0.000,5.604,-19.955,0.266,-0.258,0.138,0.192
147.511,0.446,-0.297,0.000,3.981,-16.382,2.838,-0.177,0.135,-0.035
147.517,0.446,-0.297,0.000,3.282,-14.514,1.809,-0.142,0.131,-0.136
147.523,2.096,-0.297,0.000,3.921,-14.428,0.112,-0.091,0.129,-0.063
147.529,2.096,-0.297,0.000,3.892,-14.260,-0.926,-0.090,0.126,-0.081
147.535,2.096,-0.297,0.000,3.627,-12.245,-0.561,-0.077,0.124,-0.104
147.541,2.096,-0.297,0.000,6.881,-9.891,-0.123,-0.239,0.122,0.275
147.547,2.096,-0.297,0.000,10.647,-8.974,0.660,-0.428,0.116,0.631
147.553,2.096,-0.297,0.000,9.341,-8.604,1.075,-0.362,0.110,0.404
147.559,2.860,0.000,0.000,7.917,-7.178,-0.868,-0.253,0.105,0.194
147.564,2.860,0.000,0.000,7.622,-7.914,-1.170,-0.238,0.103,0.186
147.570,2.860,0.149,0.000,7.720,-7.788,-1.533,-0.243,0.100,0.233
147.575,2.860,0.149,0.000,7.826,-7.583,-1.400,-0.248,0.098,0.259
147.581,2.860,0.149,0.000,7.308,-7.631,-0.725,-0.222,0.096,0.229
147.587,2.860,0.893,0.000,8.630,-7.180,-1.874,-0.289,0.093,0.357
147.593,2.860,0.893,0.000,9.333,-8.873,-3.982,-0.324,0.089,0.402
147.599,3.639,2.096,0.000,9.663,-9.568,-4.330,-0.301,0.083,0.356
147.606,3.796,2.096,0.000,8.579,-11.065,-4.257,-0.239,0.077,0.132
147.612,3.796,2.096,0.000,9.274,-9.366,-2.324,-0.274,0.071,0.119
147.619,3.796,2.096,0.000,9.996,-11.739,-1.320,-0.310,0.065,0.133
147.625,5.589,3.325,0.000,10.992,-10.064,1.102,-0.270,0.060,0.204
147.631,5.928,3.639,0.000,9.753,-7.499,3.123,-0.191,0.056,0.058
147.638,5.928,3.639,0.000,10.558,-7.540,2.167,-0.231,0.052,0.121
147.644,6.272,6.446,0.000,11.931,-7.375,1.261,-0.283,0.047,0.230
147.651,6.272,6.446,0.000,11.169,-6.276,-0.194,-0.245,0.042,0.115
147.657,6.272,10.019,0.000,13.226,-8.462,-2.023,-0.348,0.037,0.293
147.664,6.272,10.019,0.000,11.027,-5.814,-3.846,-0.238,0.031,0.004
147.670,6.272,12.155,0.000,11.268,-5.360,-4.533,-0.250,0.026,0.022
147.677,6.272,12.607,0.000,10.883,-3.024,-3.497,-0.231,0.021,-0.019
147.683,6.272,12.607,0.000,10.900,-1.508,-1.766,-0.231,0.016,-0.039
147.690,6.272,12.607,0.000,10.504,-1.659,0.570,-0.212,0.011,-0.098
147.696,6.272,12.607,0.000,11.514,-2.208,0.285,-0.262,0.006,0.022
147.703,6.100,17.666,0.000,12.835,-1.471,-1.345,-0.337,0.002,0.220
147.709,6.100,18.231,0.000,10.321,1.264,-2.935,-0.211,-0.002,-0.070
147.716,6.100,18.231,0.000,8.876,5.843,-2.540,-0.139,-0.006,-0.192
147.722,6.272,19.398,0.000,11.149,7.121,0.458,-0.244,-0.010,0.057
147.729,6.272,19.398,0.000,11.694,5.098,2.325,-0.271,-0.017,0.047
147.735,6.272,19.398,0.000,13.386,5.277,2.251,-0.356,-0.023,0.195
147.742,6.272,19.398,0.000,15.355,6.849,0.495,-0.454,-0.030,0.364
147.748,7.698,21.561,0.000,12.467,9.395,-0.127,-0.238,-0.035,0.048
147.755,7.698,21.561,0.000,13.967,8.018,-1.517,-0.313,-0.040,0.208
147.761,7.698,21.561,0.000,12.602,11.196,-3.203,-0.245,-0.046,-0.012
147.767,10.019,22.538,0.000,10.325,13.528,-3.279,-0.015,-0.049,-0.250
147.774,10.019,22.538,0.000,14.034,12.907,-1.660,-0.201,-0.051,0.168
147.780,10.019,22.538,0.000,13.921,13.043,-1.866,-0.195,-0.055,0.128
147.787,11.711,23.207,0.000,14.246,15.701,-1.592,-0.127,-0.057,0.143
147.793,11.711,23.207,0.000,14.499,16.844,2.414,-0.139,-0.061,0.084
147.800,12.155,23.207,0.000,13.203,17.193,0.848,-0.052,-0.063,-0.083
147.806,12.155,23.207,0.000,17.080,15.934,2.283,-0.246,-0.066,0.315
147.813,12.155,23.207,0.000,15.588,14.421,-0.162,-0.172,-0.068,0.149
147.819,12.155,23.546,0.000,16.556,19.200,0.293,-0.220,-0.073,0.199
147.826,12.155,23.546,0.000,15.369,20.828,-0.827,-0.161,-0.076,0.035
147.832,12.155,23.207,0.000,16.997,18.180,-1.512,-0.242,-0.080,0.204
147.839,12.155,23.207,0.000,17.445,16.915,-2.169,-0.264,-0.086,0.145
147.845,12.155,22.871,0.000,18.570,15.448,-2.661,-0.321,-0.092,0.203
147.852,12.155,22.871,0.000,20.767,16.091,1.087,-0.431,-0.100,0.361
147.858,12.155,22.871,0.000,21.479,15.777,0.937,-0.466,-0.108,0.377
147.865,12.155,22.871,0.000,19.827,15.531,-0.824,-0.384,-0.115,0.155
147.871,13.777,22.871,0.000,19.156,14.929,-1.252,-0.269,-0.121,0.047
147.878,13.777,22.871,0.000,17.613,17.944,-0.567,-0.192,-0.125,-0.118
147.884,16.302,22.209,-7.000,18.518,19.723,2.097,-0.111,-0.128,-0.007
147.891,16.569,22.209,-5.000,17.528,21.530,2.170,-0.048,-0.129,-0.085
147.897,17.666,22.209,-4.000,16.405,26.367,2.937,0.063,-0.129,-0.173
147.904,17.666,22.209,-4.000,16.757,26.823,0.822,0.045,-0.128,-0.103
147.910,17.666,22.209,-4.000,15.727,26.386,-0.908,0.097,-0.127,-0.179
147.917,17.666,22.209,-4.000,18.130,25.036,-2.108,-0.023,-0.126,0.104
147.923,18.231,22.209,-10.000,20.452,21.937,-4.803,-0.111,-0.126,0.335
147.930,18.231,22.209,-10.000,17.573,20.387,-5.812,0.033,-0.126,0.019
147.936,18.231,22.209,-10.000,20.827,20.370,-5.640,-0.130,-0.127,0.316
147.943,18.231,22.209,-10.000,19.678,21.283,-7.364,-0.072,-0.130,0.101
147.950,18.231,22.209,-10.000,20.936,22.564,-7.059,-0.135,-0.133,0.188
147.956,18.231,22.209,-10.000,19.911,23.310,-7.025,-0.084,-0.135,0.043
147.963,18.231,22.209,-10.000,22.228,22.265,-5.445,-0.200,-0.137,0.272
147.969,17.387,19.102,-13.000,20.512,24.432,-3.611,-0.156,-0.141,0.036
147.975,17.387,19.102,-13.000,22.748,24.079,-3.233,-0.268,-0.145,0.245
147.982,17.387,19.102,-13.000,21.579,24.761,-3.706,-0.210,-0.149,0.073
147.988,17.666,18.808,-13.000,23.474,24.435,-6.989,-0.290,-0.154,0.248
147.995,17.666,18.808,-13.000,22.957,23.311,-10.184,-0.265,-0.159,0.133
148.001,17.666,18.808,-13.000,21.731,23.380,-11.743,-0.203,-0.162,0.026
148.008,17.387,18.518,-13.000,23.996,22.220,-11.293,-0.330,-0.168,0.243
148.014,17.666,18.231,-13.000,24.754,21.484,-10.493,-0.354,-0.174,0.269
148.021,17.666,18.231,-13.000,27.506,20.761,-10.654,-0.492,-0.184,0.442
148.027,17.666,18.231,-13.000,25.398,22.614,-10.639,-0.387,-0.192,0.115
148.034,17.387,18.518,-13.000,26.539,23.568,-8.705,-0.458,-0.202,0.176
148.040,17.666,18.518,-13.000,26.583,23.077,-7.546,-0.446,-0.210,0.150
148.047,17.666,18.518,-13.000,26.578,22.069,-5.298,-0.446,-0.219,0.088
148.053,17.947,18.518,-12.000,26.442,23.406,-5.725,-0.425,-0.227,0.071
148.060,17.947,18.518,-12.000,25.487,22.797,-6.529,-0.377,-0.235,-0.041
148.066,17.947,18.518,-12.000,25.596,22.477,-8.571,-0.382,-0.242,-0.014
148.073,17.947,18.518,-12.000,24.891,20.405,-9.777,-0.347,-0.249,-0.084
148.079,18.231,18.808,-13.000,23.483,20.523,-12.657,-0.263,-0.255,-0.188
148.085,18.518,18.808,-12.000,21.396,20.062,-10.736,-0.144,-0.258,-0.332
148.092,18.518,18.808,-12.000,21.432,19.371,-11.012,-0.146,-0.260,-0.237
148.098,18.231,18.808,-12.000,19.626,20.362,-10.401,-0.070,-0.261,-0.331
148.104,18.231,18.808,-12.000,18.591,18.138,-9.934,-0.018,-0.262,-0.363
148.111,18.231,18.518,-12.000,19.212,19.192,-10.580,-0.049,-0.264,-0.238
148.117,18.231,18.518,-12.000,19.252,20.544,-10.805,-0.051,-0.266,-0.203
148.124,18.231,18.518,-12.000,18.317,21.280,-11.223,-0.004,-0.267,-0.267
148.130,18.231,18.518,-12.000,21.235,19.101,-11.239,-0.150,-0.269,0.067
148.137,18.231,18.518,-12.000,20.632,20.115,-10.864,-0.120,-0.271,-0.007
148.143,18.231,18.518,-12.000,22.418,19.743,-8.037,-0.209,-0.274,0.179
148.150,18.231,18.518,-12.000,20.777,21.259,-7.260,-0.127,-0.278,-0.040
148.156,18.231,18.518,-12.000,22.469,21.026,-6.473,-0.212,-0.281,0.150
148.163,18.231,18.518,-12.000,20.740,22.356,-7.136,-0.125,-0.284,-0.034
148.170,17.666,18.518,-12.000,22.853,19.824,-9.954,-0.259,-0.288,0.177
148.176,17.666,18.231,-12.000,22.096,19.582,-13.614,-0.221,-0.293,0.052
148.183,17.666,18.231,-12.000,22.215,22.399,-12.534,-0.227,-0.297,0.042
148.189,17.666,18.231,-12.000,21.624,26.555,-10.957,-0.198,-0.302,-0.030
148.196,17.666,18.231,-12.000,22.704,23.995,-11.443,-0.252,-0.306,0.084
148.202,17.666,18.231,-12.000,22.397,23.119,-10.071,-0.237,-0.311,0.011
148.208,17.666,18.231,-12.000,23.554,22.515,-9.689,-0.294,-0.317,0.096
148.215,17.666,18.518,-11.000,23.121,21.538,-10.185,-0.273,-0.323,0.022
148.222,17.947,17.947,-11.000,23.710,20.114,-10.972,-0.288,-0.328,0.095
148.228,17.947,17.947,-11.000,21.738,20.015,-10.530,-0.190,-0.332,-0.114
148.235,17.947,17.947,-11.000,22.754,18.388,-11.729,-0.240,-0.336,0.033
148.241,17.947,17.666,-11.000,21.648,16.262,-11.837,-0.185,-0.340,-0.072
148.248,17.947,17.666,-11.000,20.355,15.994,-11.350,-0.120,-0.343,-0.184
148.254,17.947,17.666,-11.000,19.796,17.502,-10.027,-0.092,-0.345,-0.224
148.261,17.947,17.112,-11.000,19.904,19.792,-9.627,-0.098,-0.347,-0.152
148.267,17.947,17.112,-11.000,18.578,22.027,-7.472,-0.032,-0.349,-0.253
148.274,17.947,17.112,-11.000,18.546,22.307,-8.099,-0.030,-0.349,-0.174
148.280,17.947,16.839,-11.000,18.166,23.974,-6.039,-0.011,-0.350,-0.213
148.287,18.231,17.112,-11.000,19.838,19.888,-6.913,-0.080,-0.351,-0.001
148.293,18.231,16.839,-11.000,19.813,20.516,-8.370,-0.079,-0.352,0.031
148.300,18.231,16.839,-11.000,21.919,18.280,-10.168,-0.184,-0.353,0.286
148.306,19.102,15.777,-11.000,20.346,20.786,-9.850,-0.062,-0.355,0.084
148.313,19.102,15.777,-11.000,22.174,18.416,-11.045,-0.154,-0.358,0.229
148.319,19.102,15.518,-11.000,22.548,17.956,-11.318,-0.172,-0.361,0.200
148.326,19.697,12.836,-11.000,23.206,17.333,-12.397,-0.175,-0.365,0.176
148.332,19.697,12.836,-11.000,22.342,16.914,-13.642,-0.132,-0.368,0.047
148.339,19.398,11.932,-11.000,23.935,17.401,-13.248,-0.227,-0.372,0.199
148.345,19.398,11.276,-11.000,23.415,17.072,-11.917,-0.201,-0.376,0.095
148.352,19.398,11.062,-11.000,24.894,18.897,-9.384,-0.275,-0.381,0.197
148.358,19.398,11.062,-11.000,21.214,16.876,-7.372,-0.091,-0.385,-0.227
148.365,19.398,11.062,-11.000,23.638,13.283,-7.389,-0.212,-0.388,0.050
148.371,19.398,10.019,-11.000,23.311,15.386,-5.368,-0.196,-0.390,0.062
148.378,19.398,9.816,-11.000,21.695,15.588,-6.916,-0.115,-0.391,-0.043
148.384,19.398,9.816,-11.000,22.350,15.757,-8.803,-0.148,-0.394,0.034
148.391,19.398,9.816,-11.000,20.344,15.962,-11.167,-0.047,-0.397,-0.200
148.397,19.398,9.816,-11.000,19.626,16.337,-12.316,-0.011,-0.398,-0.262
148.404,21.884,6.797,-11.000,20.378,16.226,-10.003,0.075,-0.397,-0.137
148.410,21.884,6.797,-11.000,20.893,16.207,-10.053,0.049,-0.395,-0.043
148.417,21.884,6.797,-11.000,20.303,16.647,-10.562,0.079,-0.394,-0.099
148.424,26.395,3.482,-11.000,19.763,17.396,-9.340,0.332,-0.390,-0.145
148.430,26.395,3.482,-11.000,19.906,15.799,-8.526,0.324,-0.384,-0.097
148.436,26.395,3.482,-11.000,17.940,13.556,-9.448,0.423,-0.376,-0.274
148.443,26.395,3.482,-11.000,19.217,11.492,-8.062,0.359,-0.369,-0.083
148.449,28.693,0.595,-9.000,20.449,12.401,-7.327,0.412,-0.360,0.104
148.455,28.693,0.149,-8.000,20.145,13.168,-6.011,0.427,-0.352,0.091
148.460,28.693,0.149,-8.000,19.633,13.351,-7.018,0.453,-0.344,0.049
148.466,28.693,0.149,-8.000,19.112,12.172,-6.148,0.479,-0.336,-0.008
148.472,28.300,-0.297,-1.000,18.669,12.014,-4.750,0.482,-0.328,-0.056
148.478,28.300,-0.297,-1.000,18.045,11.910,-5.072,0.513,-0.318,-0.091
148.484,22.209,-0.446,-3.000,20.031,9.917,-5.046,0.109,-0.312,0.145
148.490,22.209,-0.446,-3.000,22.602,7.875,-5.430,-0.020,-0.312,0.353
148.496,21.243,-0.446,-2.000,24.457,5.035,-9.227,-0.161,-0.314,0.444
148.503,18.231,-0.446,-2.000,26.175,5.361,-8.962,-0.397,-0.321,0.521
148.509,15.777,-0.446,-2.000,26.723,4.062,-8.091,-0.547,-0.329,0.475
148.515,15.777,-0.446,-2.000,27.421,2.615,-6.833,-0.582,-0.339,0.468
148.521,15.777,-0.446,-2.000,28.887,2.300,-6.226,-0.656,-0.350,0.519
148.528,15.777,-0.446,-2.000,28.741,0.438,-7.468,-0.648,-0.362,0.382
148.534,12.380,-0.744,-2.000,26.227,1.656,-8.087,-0.692,-0.377,0.023
148.541,11.932,-0.893,-2.000,27.076,0.753,-6.872,-0.757,-0.392,0.055
148.547,10.224,-1.192,-1.000,23.666,0.480,-4.512,-0.672,-0.407,-0.350
148.553,9.416,-3.169,-1.000,19.428,-1.471,-4.796,-0.501,-0.417,-0.752
148.559,9.416,-3.169,-1.000,18.088,-3.115,-3.338,-0.434,-0.426,-0.708
148.566,8.636,-5.089,-1.000,15.382,-1.774,-2.068,-0.337,-0.433,-0.754
148.572,8.636,-5.089,-1.000,15.051,0.796,-0.183,-0.321,-0.438,-0.579
148.579,7.515,-7.153,-1.000,11.091,-1.735,-1.560,-0.179,-0.442,-0.797
148.585,6.621,-7.333,-1.000,11.563,-2.264,-2.890,-0.247,-0.447,-0.556
148.592,6.621,-7.333,-1.000,7.985,-4.139,-3.974,-0.068,-0.449,-0.750
148.598,5.589,-10.430,-1.000,8.263,-5.055,-5.080,-0.134,-0.449,-0.480
148.605,5.589,-10.430,-1.000,6.512,-0.609,-4.190,-0.046,-0.452,-0.568
148.611,5.589,-10.430,-1.000,4.875,2.219,-3.754,0.036,-0.452,-0.585
148.618,5.589,-10.430,-1.000,5.498,0.148,-2.961,0.005,-0.453,-0.413
148.624,3.955,-13.302,-1.000,4.412,1.385,-3.139,-0.023,-0.454,-0.455
148.631,3.482,-14.262,-1.000,5.910,0.992,-2.538,-0.121,-0.455,-0.196
148.637,1.944,-17.947,-1.000,5.456,-0.373,-3.587,-0.176,-0.458,-0.173
148.644,1.944,-17.947,-1.000,5.399,-4.146,-5.586,-0.173,-0.460,-0.098
148.650,0.893,-20.000,-1.000,4.447,-4.935,-6.845,-0.178,-0.463,-0.150
148.656,0.893,-20.000,-1.000,4.116,-5.305,-5.627,-0.161,-0.468,-0.189
148.663,0.893,-20.000,-1.000,2.865,-4.705,-4.221,-0.099,-0.470,-0.269
148.669,0.297,-21.243,-1.000,5.776,-3.702,-2.292,-0.274,-0.474,0.095
148.675,0.297,-21.243,-1.000,3.884,-5.441,-1.327,-0.179,-0.478,-0.157
148.681,0.149,-23.546,-1.000,0.612,-4.863,-4.291,-0.023,-0.480,-0.509
148.686,0.000,-23.207,-1.000,-1.118,-4.224,-5.802,0.056,-0.480,-0.625
148.691,0.000,-23.207,-1.000,-1.036,-7.181,-5.588,0.052,-0.480,-0.513
148.697,0.000,-23.207,-1.000,-0.323,-12.284,-3.080,0.016,-0.481,-0.368
148.702,0.000,-24.587,-1.000,1.551,-16.227,-2.531,-0.078,-0.483,-0.115
148.708,0.000,-24.587,-1.000,1.205,-17.017,-0.318,-0.060,-0.485,-0.183
148.713,0.000,-24.587,-1.000,0.109,-18.068,1.920,-0.005,-0.486,-0.306
148.719,0.000,-24.587,-1.000,0.820,-18.440,4.307,-0.041,-0.488,-0.214
148.724,0.000,-27.526,-1.000,-0.366,-19.302,4.493,0.018,-0.488,-0.304
148.729,0.000,-29.090,-1.000,-1.575,-18.155,4.176,0.079,-0.486,-0.356
148.735,0.000,-29.090,-1.000,-1.244,-17.388,2.776,0.062,-0.485,-0.202
148.740,0.000,-29.090,-1.000,0.204,-17.915,-0.624,-0.010,-0.484,0.055
148.746,0.000,-29.090,-1.000,-0.598,-18.766,-2.871,0.030,-0.483,-0.026
148.751,0.000,-29.090,-1.000,-1.210,-19.290,-4.735,0.060,-0.481,-0.053
148.757,0.000,-38.443,-1.000,-2.502,-20.974,-3.945,0.125,-0.480,-0.196
148.762,0.000,-38.443,-1.000,-5.129,-22.050,-3.667,0.256,-0.477,-0.452
148.768,0.000,-44.191,-1.000,-7.290,-21.232,-2.054,0.364,-0.472,-0.616
148.773,0.000,-44.191,-1.000,-10.969,-22.895,-0.790,0.548,-0.465,-0.921
148.778,0.000,-44.191,-1.000,-13.258,-24.457,2.276,0.663,-0.455,-0.989
148.784,0.000,-45.869,-1.000,-13.274,-26.385,4.158,0.664,-0.445,-0.769
148.789,0.000,-45.869,-1.000,-12.302,-25.634,2.512,0.615,-0.434,-0.475
148.795,0.000,-47.016,-1.000,-10.965,-25.664,-0.610,0.548,-0.425,-0.191
148.800,0.000,-47.016,-1.000,-10.583,-26.423,-5.005,0.529,-0.414,-0.022
148.806,0.000,-48.778,-1.000,-11.607,-27.354,-5.254,0.580,-0.404,-0.057
148.811,0.000,-48.778,-1.000,-11.133,-27.975,-3.954,0.557,-0.393,0.093
148.817,0.000,-48.778,-1.000,-9.182,-31.773,-1.735,0.459,-0.383,0.376
148.822,0.000,-50.592,-1.000,-7.786,-34.297,-0.048,0.389,-0.375,0.552
148.827,0.000,-50.592,-1.000,-7.605,-37.521,-0.525,0.380,-0.367,0.525
148.833,0.000,-51.209,-1.000,-8.559,-37.318,-1.830,0.428,-0.359,0.371
148.838,0.000,-51.209,-1.000,-5.722,-40.794,-3.530,0.286,-0.352,0.671
148.844,0.000,-51.209,-1.000,-3.626,-39.895,-4.823,0.181,-0.348,0.776
148.849,0.000,-50.592,-1.000,-2.880,-38.055,-5.341,0.144,-0.345,0.676
148.855,0.000,-50.592,-1.000,-1.620,-38.343,-6.006,0.081,-0.344,0.651
148.860,0.000,-50.592,-1.000,-1.784,-39.002,-5.680,0.089,-0.343,0.450
148.866,0.000,-50.592,-1.000,-1.732,-39.162,-5.211,0.087,-0.342,0.335
148.871,0.000,-50.592,-1.000,-2.202,-40.772,-5.025,0.110,-0.340,0.197
148.877,0.000,-53.094,-1.000,-1.760,-41.375,-2.890,0.088,-0.339,0.174
148.882,0.000,-53.094,-1.000,-2.531,-40.965,-3.821,0.127,-0.337,0.015
148.887,0.000,-55.033,-1.000,-3.037,-43.277,-4.052,0.152,-0.335,-0.044
148.893,0.000,-55.033,-1.000,-5.206,-44.599,-1.677,0.260,-0.331,-0.262
148.898,0.000,-56.357,-1.000,-7.132,-45.239,-0.280,0.357,-0.325,-0.388
148.904,0.000,-56.357,-1.000,-10.046,-44.469,-2.892,0.502,-0.317,-0.597
148.909,0.000,-57.706,-1.000,-14.271,-45.030,-3.404,0.714,-0.306,-0.908
148.915,0.000,-57.706,-1.000,-15.208,-46.335,-5.192,0.760,-0.294,-0.766
148.920,0.000,-57.706,-1.000,-16.378,-48.730,-4.182,0.819,-0.280,-0.686
148.926,-0.149,-63.360,0.000,-17.251,-49.523,-2.878,0.855,-0.267,-0.625
148.931,-0.149,-63.360,0.000,-15.278,-49.316,-2.916,0.756,-0.254,-0.231
148.937,-0.149,-63.360,0.000,-15.135,-47.583,-2.409,0.749,-0.242,-0.166
148.943,-0.446,-64.839,0.000,-15.416,-45.415,-1.645,0.748,-0.229,-0.168
148.949,-0.893,-64.839,0.000,-14.729,-44.303,0.018,0.692,-0.217,-0.100
148.955,-0.893,-64.839,0.000,-10.142,-45.647,3.480,0.462,-0.208,0.353
148.962,-0.893,-64.839,0.000,-7.228,-45.695,-0.097,0.317,-0.200,0.596
148.968,-3.482,-64.839,0.000,-6.929,-45.470,-1.654,0.172,-0.194,0.517
148.974,-3.482,-64.839,0.000,-7.662,-42.527,-2.812,0.209,-0.190,0.314
148.981,-3.482,-64.839,0.000,-5.522,-42.031,0.865,0.102,-0.189,0.389
148.987,-6.797,-64.839,0.000,-2.131,-46.081,4.204,-0.233,-0.193,0.603
148.994,-7.515,-64.839,0.000,0.918,-50.010,1.993,-0.422,-0.199,0.784
149.000,-7.515,-64.839,0.000,-1.682,-51.930,-2.018,-0.292,-0.204,0.375
149.007,-8.829,-64.839,-1.000,-3.413,-51.748,-2.792,-0.271,-0.211,0.072
149.013,-8.829,-64.839,-1.000,-1.901,-53.321,-1.886,-0.346,-0.217,0.187
149.020,-9.023,-64.839,-1.000,-3.450,-55.480,-1.489,-0.279,-0.223,-0.004
149.026,-9.023,-64.839,-1.000,-3.728,-58.631,1.834,-0.265,-0.229,-0.049
149.033,-9.023,-62.630,0.000,-4.985,-62.122,2.791,-0.202,-0.232,-0.132
149.039,-8.829,-59.777,0.000,-5.921,-61.328,0.105,-0.145,-0.235,-0.162
149.046,-8.829,-59.777,0.000,-10.478,-61.886,-1.293,0.082,-0.235,-0.541
149.052,-9.219,-58.390,-1.000,-13.452,-62.480,0.703,0.212,-0.232,-0.726
149.059,-9.219,-58.390,-1.000,-13.050,-66.015,2.086,0.192,-0.229,-0.536
149.065,-9.219,-57.706,-1.000,-12.375,-67.929,1.489,0.158,-0.224,-0.287
149.072,-9.219,-57.706,-1.000,-14.873,-69.021,-0.270,0.283,-0.219,-0.424
149.078,-9.816,-54.380,-1.000,-15.892,-66.763,-1.569,0.304,-0.214,-0.436
149.085,-9.816,-54.380,-1.000,-16.445,-67.785,-2.961,0.331,-0.208,-0.400
149.091,-9.816,-54.380,-1.000,-17.558,-66.599,-3.130,0.387,-0.201,-0.420
149.098,-9.816,-54.380,-1.000,-16.671,-67.447,-1.374,0.343,-0.193,-0.204
149.104,-10.849,-53.094,-1.000,-17.582,-66.673,0.126,0.337,-0.187,-0.212
149.110,-10.849,-53.094,-1.000,-16.339,-67.460,2.602,0.274,-0.181,-0.011
149.116,-11.276,-49.982,-1.000,-16.686,-62.778,0.012,0.270,-0.176,-0.046
149.122,-11.711,-49.377,0.000,-17.412,-57.924,-0.231,0.285,-0.171,-0.097
149.129,-11.711,-49.377,0.000,-16.518,-56.552,1.792,0.240,-0.166,-0.011
149.135,-12.607,-48.778,-3.000,-16.734,-56.288,1.714,0.206,-0.162,0.002
149.142,-13.302,-47.598,-5.000,-17.298,-55.253,-1.857,0.200,-0.158,-0.063
149.148,-13.302,-47.598,-5.000,-18.252,-54.035,-6.160,0.247,-0.154,-0.139
149.155,-13.302,-47.598,-5.000,-19.421,-50.877,-10.052,0.306,-0.149,-0.236
149.161,-18.231,-45.304,-4.000,-19.590,-46.228,-5.093,0.068,-0.144,-0.208
149.168,-20.306,-45.304,-6.000,-20.853,-44.578,0.698,0.027,-0.143,-0.273
149.174,-20.306,-45.304,-6.000,-23.140,-42.236,3.504,0.142,-0.140,-0.409
149.181,-20.306,-45.304,-6.000,-24.175,-42.269,0.185,0.193,-0.138,-0.445
149.187,-26.395,-37.464,-20.000,-24.720,-42.534,-4.345,-0.084,-0.140,-0.392
149.194,-28.300,-36.504,-19.000,-24.430,-44.513,-7.856,-0.193,-0.142,-0.247
149.200,-34.189,-26.395,-18.000,-23.251,-46.015,-9.218,-0.547,-0.150,-0.061
149.207,-37.464,-24.941,-18.000,-27.337,-44.850,-10.708,-0.506,-0.159,-0.425
149.213,-37.464,-24.941,-18.000,-28.844,-41.614,-8.906,-0.431,-0.169,-0.478
149.220,-39.949,-24.941,-19.000,-31.393,-42.525,-10.706,-0.428,-0.179,-0.652
149.226,-39.949,-24.941,-19.000,-30.435,-44.264,-12.160,-0.476,-0.188,-0.398
149.233,-39.949,-24.941,-19.000,-32.204,-43.327,-12.298,-0.387,-0.196,-0.473
149.239,-39.949,-24.941,-19.000,-35.474,-43.789,-13.669,-0.224,-0.202,-0.674
149.246,-57.706,-20.615,-23.000,-37.356,-43.933,-12.479,-1.017,-0.210,-0.675
149.252,-57.706,-20.615,-23.000,-40.666,-42.590,-10.272,-0.852,-0.228,-0.815
149.259,-57.706,-20.615,-23.000,-42.582,-43.079,-9.802,-0.756,-0.242,-0.774
149.265,-64.096,-20.000,-22.000,-46.953,-41.891,-13.681,-0.857,-0.260,-0.999
149.272,-64.096,-20.000,-22.000,-51.100,-38.120,-15.829,-0.650,-0.274,-1.117
149.279,-72.656,-19.398,-21.000,-53.554,-34.152,-17.372,-0.955,-0.291,-1.086
149.285,-72.656,-19.398,-15.000,-57.051,-30.570,-19.271,-0.780,-0.308,-1.179
149.292,-72.656,-19.398,-15.000,-60.438,-27.685,-18.289,-0.611,-0.321,-1.223
149.298,-72.656,-19.398,-15.000,-62.751,-26.765,-15.819,-0.495,-0.332,-1.139
149.304,-75.142,-18.518,-12.000,-66.944,-23.068,-13.918,-0.410,-0.340,-1.236
149.311,-75.142,-18.518,-12.000,-71.579,-16.607,-10.977,-0.178,-0.345,-1.369
149.318,-75.142,-18.518,-12.000,-76.320,-12.143,-8.428,0.059,-0.346,-1.508
149.324,-80.316,-16.302,-12.000,-78.223,-12.551,-7.729,-0.105,-0.348,-1.328
149.331,-80.316,-16.302,-12.000,-79.221,-12.582,-9.275,-0.055,-0.349,-1.083
149.337,-80.316,-16.302,-12.000,-79.887,-12.396,-8.992,-0.021,-0.348,-0.846
149.344,-80.316,-16.302,-12.000,-83.520,-12.559,-10.809,0.160,-0.345,-0.922
149.350,-91.513,-15.008,-12.000,-84.029,-13.130,-13.090,-0.374,-0.352,-0.717
149.357,-91.513,-15.008,-12.000,-83.968,-15.273,-14.514,-0.377,-0.359,-0.534
149.363,-91.513,-15.008,-12.000,-85.022,-17.329,-13.459,-0.325,-0.366,-0.500
149.370,-91.513,-15.008,-12.000,-84.411,-21.090,-10.897,-0.355,-0.372,-0.310
149.376,-91.513,-15.008,-12.000,-85.135,-23.452,-11.156,-0.319,-0.379,-0.305
149.383,-91.513,-15.008,-12.000,-85.230,-25.581,-10.802,-0.314,-0.386,-0.278
149.389,-91.513,-15.008,-12.000,-86.971,-27.170,-10.982,-0.227,-0.392,-0.399
149.396,-134.057,-10.430,-15.000,-87.931,-27.302,-11.246,-2.306,-0.438,-0.415
149.402,-139.465,-9.816,-15.000,-89.985,-25.930,-11.548,-2.474,-0.486,-0.540
149.409,-145.044,-9.023,-16.000,-91.888,-23.922,-12.005,-2.658,-0.538,-0.607
149.416,-147.899,-8.636,-17.000,-95.682,-21.194,-10.762,-2.611,-0.588,-0.818
149.422,-147.899,-8.636,-17.000,-97.744,-18.317,-10.640,-2.508,-0.637,-0.789
149.428,-147.899,-8.636,-17.000,-101.404,-15.386,-10.942,-2.325,-0.683,-0.934
149.435,-147.899,-8.256,-16.000,-107.372,-12.286,-9.051,-2.026,-0.724,-1.271
149.441,-147.899,-8.446,-15.000,-113.047,-8.515,-9.251,-1.743,-0.760,-1.502
149.448,-147.899,-8.446,-15.000,-120.355,-5.987,-10.886,-1.377,-0.791,-1.854
149.455,-147.899,-8.446,-15.000,-129.078,-2.741,-11.674,-0.941,-0.813,-2.258
149.461,-147.899,-8.446,-18.000,-137.132,-0.026,-12.853,-0.538,-0.826,-2.486
149.468,-147.899,-8.446,-18.000,-144.029,2.854,-13.462,-0.194,-0.833,-2.553
149.474,-147.899,-8.446,-18.000,-153.135,4.088,-12.930,0.262,-0.830,-2.786
149.481,-152.266,-7.515,-26.000,-157.410,4.888,-13.511,0.257,-0.827,-2.502
149.487,-153.744,-7.153,-31.000,-162.618,6.511,-15.423,0.444,-0.819,-2.379
149.494,-159.772,-6.974,-32.000,-165.845,6.546,-15.808,0.304,-0.813,-2.123
149.500,-159.772,-6.974,-32.000,-171.120,9.105,-16.525,0.567,-0.804,-2.124
149.507,-194.573,-3.955,-43.000,-172.220,7.863,-18.779,-1.118,-0.804,-1.708
149.513,-194.573,-3.955,-43.000,-175.723,6.441,-20.182,-0.942,-0.824,-1.630
149.520,-203.686,-2.860,-47.000,-176.803,6.070,-23.063,-1.344,-0.851,-1.352
149.526,-203.686,-2.860,-47.000,-176.683,5.054,-25.346,-1.350,-0.878,-1.040
149.533,-203.686,-2.860,-47.000,-178.207,2.217,-27.093,-1.274,-0.903,-0.945
149.539,-222.931,-1.043,-46.000,-182.063,2.165,-28.559,-2.043,-0.933,-1.097
149.546,-222.931,-1.043,-46.000,-177.757,7.480,-28.968,-2.259,-0.973,-0.323
149.552,-222.931,-1.043,-46.000,-105.954,63.866,-35.044,-5.849,-1.058,6.844
149.558,-228.978,-0.893,-47.000,-25.181,124.621,-44.142,-10.190,-1.228,12.997
149.565,-231.022,-0.893,-48.000,11.768,163.073,-43.090,-12.140,-1.446,13.417
149.571,-231.022,-0.893,-48.000,32.605,179.626,-44.685,-13.181,-1.691,12.077
149.577,-231.022,-0.893,-48.000,31.299,190.472,-39.684,-13.116,-1.947,8.887
149.584,-237.243,-0.595,-47.000,17.610,184.143,-39.298,-12.743,-2.190,5.287
149.590,-237.243,-0.595,-47.000,-11.107,170.038,-35.867,-11.307,-2.402,0.922
149.596,-239.346,-0.595,-47.000,-49.938,153.000,-36.842,-9.470,-2.585,-3.359
149.602,-239.346,-0.595,-47.000,-67.388,149.258,-35.805,-8.598,-2.744,-4.304
149.608,-254.486,-0.297,-51.000,-57.688,166.180,-38.841,-9.840,-2.906,-2.153
149.614,-254.486,-0.297,-51.000,-49.813,184.946,-35.982,-10.234,-3.000,-0.810
149.620,-254.486,-0.297,-51.000,-48.216,194.845,-42.343,-10.313,-3.000,-0.465
149.626,-254.486,-0.297,-51.000,-61.279,192.689,-42.963,-9.660,-3.000,-1.759
149.632,-254.486,-0.297,-51.000,-85.203,183.285,-46.832,-8.464,-3.000,-3.824
149.638,-241.464,-0.149,-84.000,-110.604,169.539,-43.972,-6.543,-3.000,-5.531
149.643,-241.464,-0.149,-84.000,-128.513,165.894,-40.238,-5.648,-3.000,-6.203
149.648,-241.464,-0.149,-84.000,-129.946,171.531,-39.568,-5.576,-3.000,-4.741
149.654,-241.464,-0.149,-84.000,-130.776,176.102,-37.279,-5.534,-3.000,-3.674
149.659,-241.464,-0.149,-84.000,-139.919,173.328,-35.345,-5.077,-3.000,-3.800
149.665,-209.315,0.000,-89.000,-153.596,166.611,-35.092,-2.786,-3.000,-4.417
149.670,-209.315,0.000,-89.000,-167.927,159.534,-36.621,-2.069,-3.000,-4.993
149.676,-170.770,0.000,-94.000,-172.245,148.790,-35.212,0.074,-3.000,-4.185
149.681,-170.770,0.000,-94.000,-156.600,125.983,-31.843,-0.708,-3.000,-1.339
149.686,-145.044,0.000,-95.000,-133.322,95.679,-28.582,-0.586,-3.000,1.687
149.692,-145.044,0.000,-95.000,-114.690,70.296,-33.807,-1.518,-3.000,3.384
149.697,-145.044,0.000,-95.000,-102.727,50.676,-42.287,-2.116,-3.000,3.941
149.703,-145.044,0.000,-95.000,-96.315,32.367,-48.037,-2.436,-3.000,3.680
149.708,-145.044,0.000,-95.000,-93.687,21.284,-52.463,-2.568,-3.000,3.062
149.714,-145.044,0.000,-95.000,-98.978,17.020,-58.459,-2.303,-3.000,1.680
149.719,-145.044,0.000,-95.000,-108.601,14.648,-58.905,-1.822,-3.000,0.153
149.725,-31.561,-0.297,-77.000,-125.965,14.815,-46.622,4.720,-2.948,-1.847
149.731,-31.561,-0.297,-77.000,-160.847,17.436,-24.515,6.464,-2.841,-4.962
149.737,-31.561,-0.297,-77.000,-185.184,23.075,-1.104,7.681,-2.711,-6.259
149.743,-31.561,-0.297,-77.000,-199.805,31.662,16.532,8.412,-2.563,-6.182
149.749,0.595,-0.297,-27.000,-203.886,40.551,37.283,10.224,-2.396,-5.066
149.754,0.000,-0.297,-22.000,-199.868,46.107,51.295,9.993,-2.230,-3.338
149.761,0.000,-0.297,-22.000,-189.212,44.536,67.708,9.461,-2.041,-0.958
149.767,0.000,-0.297,-22.000,-169.863,40.276,76.537,8.493,-1.869,1.788
149.772,0.000,-0.297,-22.000,-169.863,40.276,76.537,8.493,-1.869,1.788
149.779,0.000,-0.297,-22.000,-169.863,40.276,76.537,8.493,-1.869,1.788
149.785,0.000,-0.297,-22.000,-169.863,40.276,76.537,8.493,-1.869,1.788
149.790,0.000,-0.297,-22.000,-169.863,40.276,76.537,8.493,-1.869,1.788
149.795,0.000,-0.297,-22.000,-169.863,40.276,76.537,8.493,-1.869,1.788
149.800,0.000,-0.297,-22.000,-169.863,40.276,76.537,8.493,-1.869,1.788
149.805,0.000,-0.297,-22.000,-169.863,40.276,76.537,8.493,-1.869,1.788
149.810,0.000,-0.297,-22.000,-169.863,40.276,76.537,8.493,-1.869,1.788
149.815,0.000,-0.297,-22.000,-169.863,40.276,76.537,8.493,-1.869,1.788
149.820,0.000,-0.297,-22.000,-169.863,40.276,76.537,8.493,-1.869,1.788
149.825,0.000,-0.297,-22.000,-169.863,40.276,76.537,8.493,-1.869,1.788
149.831,0.000,-0.297,-22.000,-169.863,40.276,76.537,8.493,-1.869,1.788
149.836,0.000,-0.297,-22.000,-169.863,40.276,76.537,8.493,-1.869,1.788
149.841,0.000,-0.297,-22.000,-169.863,40.276,76.537,8.493,-1.869,1.788
149.846,0.000,-0.297,-22.000,-169.863,40.276,76.537,8.493,-1.869,1.788
149.851,0.000,-0.297,-22.000,-169.863,40.276,76.537,8.493,-1.869,1.788
149.856,0.000,-0.297,-22.000,-169.863,40.276,76.537,8.493,-1.869,1.788
149.861,0.000,-0.297,-22.000,-169.863,40.276,76.537,8.493,-1.869,1.788
149.867,0.000,-0.297,-22.000,-169.863,40.276,76.537,8.493,-1.869,1.788
149.872,0.000,-0.297,-22.000,-169.863,40.276,76.537,8.493,-1.869,1.788
149.877,0.000,-0.297,-22.000,-169.863,40.276,76.537,8.493,-1.869,1.788
149.882,0.000,-0.297,-22.000,-169.863,40.276,76.537,8.493,-1.869,1.788
149.888,0.000,-0.297,-22.000,-169.863,40.276,76.537,8.493,-1.869,1.788
149.893,0.000,-0.297,-22.000,-169.863,40.276,76.537,8.493,-1.869,1.788
149.898,0.000,-0.297,-22.000,-169.863,40.276,76.537,8.493,-1.869,1.788
149.903,0.000,-0.297,-22.000,-169.863,40.276,76.537,8.493,-1.869,1.788
149.909,0.000,-0.297,-22.000,-169.863,40.276,76.537,8.493,-1.869,1.788
149.914,0.000,-0.297,-22.000,-169.863,40.276,76.537,8.493,-1.869,1.788
149.919,0.000,-0.297,-22.000,-169.863,40.276,76.537,8.493,-1.869,1.788
149.924,0.000,-0.297,-22.000,-169.863,40.276,76.537,8.493,-1.869,1.788
149.930,0.000,-0.297,-22.000,-169.863,40.276,76.537,8.493,-1.869,1.788
149.935,0.000,-0.297,-22.000,-169.863,40.276,76.537,8.493,-1.869,1.788
149.940,0.000,-0.297,-22.000,-169.863,40.276,76.537,8.493,-1.869,1.788
149.945,0.000,-0.297,-22.000,-169.863,40.276,76.537,8.493,-1.869,1.788
149.950,0.000,-0.297,-22.000,-169.863,40.276,76.537,8.493,-1.869,1.788
149.956,0.000,-0.297,-22.000,-169.863,40.276,76.537,8.493,-1.869,1.788
149.961,0.000,-0.297,-22.000,-169.863,40.276,76.537,8.493,-1.869,1.788
149.966,0.000,-0.297,-22.000,-169.863,40.276,76.537,8.493,-1.869,1.788
149.971,0.000,-0.297,-22.000,-169.863,40.276,76.537,8.493,-1.869,1.788
149.977,0.000,-0.297,-22.000,-169.863,40.276,76.537,8.493,-1.869,1.788
149.982,0.000,-0.297,-22.000,-169.863,40.276,76.537,8.493,-1.869,1.788
149.987,0.000,-0.297,-22.000,-169.863,40.276,76.537,8.493,-1.869,1.788
149.992,0.000,-0.297,-22.000,-169.863,40.276,76.537,8.493,-1.869,1.788
149.998,0.000,-0.297,-22.000,-169.863,40.276,76.537,8.493,-1.869,1.788
150.003,0.000,-0.297,-22.000,-169.863,40.276,76.537,8.493,-1.869,1.788
150.008,0.000,-0.297,-22.000,-169.863,40.276,76.537,8.493,-1.869,1.788
150.013,0.000,-0.297,-22.000,-169.863,40.276,76.537,8.493,-1.869,1.788
150.018,0.000,-0.297,-22.000,-169.863,40.276,76.537,8.493,-1.869,1.788
150.024,0.000,-0.297,-22.000,-169.863,40.276,76.537,8.493,-1.869,1.788
150.029,0.000,-0.297,-22.000,-169.863,40.276,76.537,8.493,-1.869,1.788
150.034,0.000,-0.297,-22.000,-169.863,40.276,76.537,8.493,-1.869,1.788
150.039,0.000,-0.297,-22.000,-169.863,40.276,76.537,8.493,-1.869,1.788
150.045,0.000,-0.297,-22.000,-169.863,40.276,76.537,8.493,-1.869,1.788
150.050,0.000,-0.297,-22.000,-169.863,40.276,76.537,8.493,-1.869,1.788
150.055,0.000,-0.297,-22.000,-169.863,40.276,76.537,8.493,-1.869,1.788
150.060,0.000,-0.297,-22.000,-169.863,40.276,76.537,8.493,-1.869,1.788
150.065,0.000,-0.297,-22.000,-169.863,40.276,76.537,8.493,-1.869,1.788
150.071,0.000,-0.297,-22.000,-169.863,40.276,76.537,8.493,-1.869,1.788
150.076,0.000,-0.297,-22.000,-169.863,40.276,76.537,8.493,-1.869,1.788
150.081,0.000,-0.297,-22.000,-169.863,40.276,76.537,8.493,-1.869,1.788
150.087,0.000,-0.297,-22.000,-169.863,40.276,76.537,8.493,-1.869,1.788
150.092,0.000,-0.297,-22.000,-169.863,40.276,76.537,8.493,-1.869,1.788
150.097,0.000,-0.297,-22.000,-169.863,40.276,76.537,8.493,-1.869,1.788
150.102,0.000,-0.297,-22.000,-169.863,40.276,76.537,8.493,-1.869,1.788
150.108,0.000,-0.297,-22.000,-169.863,40.276,76.537,8.493,-1.869,1.788
150.113,0.000,-0.297,-22.000,-169.863,40.276,76.537,8.493,-1.869,1.788
150.118,0.000,-0.297,-22.000,-169.863,40.276,76.537,8.493,-1.869,1.788
150.123,0.000,-0.297,-22.000,-169.863,40.276,76.537,8.493,-1.869,1.788
150.128,0.000,-0.297,-22.000,-169.863,40.276,76.537,8.493,-1.869,1.788
150.134,0.000,-0.297,-22.000,-169.863,40.276,76.537,8.493,-1.869,1.788
150.139,0.000,-0.297,-22.000,-169.863,40.276,76.537,8.493,-1.869,1.788
150.144,0.000,-0.297,-22.000,-169.863,40.276,76.537,8.493,-1.869,1.788
150.149,0.000,-0.297,-22.000,-169.863,40.276,76.537,8.493,-1.869,1.788
150.154,0.000,-0.297,-22.000,-169.863,40.276,76.537,8.493,-1.869,1.788
150.160,0.000,-0.297,-22.000,-169.863,40.276,76.537,8.493,-1.869,1.788
150.165,0.000,-0.297,-22.000,-169.863,40.276,76.537,8.493,-1.869,1.788
150.170,0.000,-0.297,-22.000,-169.863,40.276,76.537,8.493,-1.869,1.788
150.175,0.000,-0.297,-22.000,-169.863,40.276,76.537,8.493,-1.869,1.788
150.180,0.000,-0.297,-22.000,-169.863,40.276,76.537,8.493,-1.869,1.788
150.186,0.000,-0.297,-22.000,-169.863,40.276,76.537,8.493,-1.869,1.788
150.191,0.000,-0.297,-22.000,-169.863,40.276,76.537,8.493,-1.869,1.788
150.196,0.000,-0.297,-22.000,-169.863,40.276,76.537,8.493,-1.869,1.788
150.201,0.000,-0.297,-22.000,-169.863,40.276,76.537,8.493,-1.869,1.788
150.207,0.000,-0.297,-22.000,-169.863,40.276,76.537,8.493,-1.869,1.788
150.212,0.000,-0.297,-22.000,-169.863,40.276,76.537,8.493,-1.869,1.788
150.217,0.000,-0.297,-22.000,-169.863,40.276,76.537,8.493,-1.869,1.788
150.222,0.000,-0.297,-22.000,-169.863,40.276,76.537,8.493,-1.869,1.788
150.228,0.000,-0.297,-22.000,-169.863,40.276,76.537,8.493,-1.869,1.788
150.233,0.000,-0.297,-22.000,-169.863,40.276,76.537,8.493,-1.869,1.788
150.238,0.000,-0.297,-22.000,-169.863,40.276,76.537,8.493,-1.869,1.788
150.243,0.000,-0.297,-22.000,-169.863,40.276,76.537,8.493,-1.869,1.788
150.248,0.000,-0.297,-22.000,-169.863,40.276,76.537,8.493,-1.869,1.788
150.253,0.000,-0.297,-22.000,-169.863,40.276,76.537,8.493,-1.869,1.788
150.259,0.000,-0.297,-22.000,-169.863,40.276,76.537,8.493,-1.869,1.788
150.264,0.000,-0.297,-22.000,-169.863,40.276,76.537,8.493,-1.869,1.788
150.269,0.000,-0.297,-22.000,-169.863,40.276,76.537,8.493,-1.869,1.788
150.274,0.000,-0.297,-22.000,-169.863,40.276,76.537,8.493,-1.869,1.788
150.279,0.000,-0.297,-22.000,-169.863,40.276,76.537,8.493,-1.869,1.788
150.284,0.000,-0.297,-22.000,-169.863,40.276,76.537,8.493,-1.869,1.788
150.289,0.000,-0.297,-22.000,-169.863,40.276,76.537,8.493,-1.869,1.788
150.295,0.000,-0.297,-22.000,-169.863,40.276,76.537,8.493,-1.869,1.788
150.300,0.000,-0.297,-22.000,-169.863,40.276,76.537,8.493,-1.869,1.788
150.305,0.000,-0.297,-22.000,-169.863,40.276,76.537,8.493,-1.869,1.788
150.310,0.000,-0.297,-22.000,-169.863,40.276,76.537,8.493,-1.869,1.788
150.315,0.000,-0.297,-22.000,-169.863,40.276,76.537,8.493,-1.869,1.788
150.320,0.000,-0.297,-22.000,-169.863,40.276,76.537,8.493,-1.869,1.788
150.326,0.000,-0.297,-22.000,-169.863,40.276,76.537,8.493,-1.869,1.788
150.331,0.000,-0.297,-22.000,-169.863,40.276,76.537,8.493,-1.869,1.788
150.336,0.000,-0.297,-22.000,-169.863,40.276,76.537,8.493,-1.869,1.788
150.343,0.000,-0.297,-22.000,-169.863,40.276,76.537,8.493,-1.869,1.788
150.349,0.000,-0.297,-22.000,-169.863,40.276,76.537,8.493,-1.869,1.788
150.355,0.000,-0.297,-22.000,-169.863,40.276,76.537,8.493,-1.869,1.788
150.360,0.000,-0.297,-22.000,-169.863,40.276,76.537,8.493,-1.869,1.788
150.366,0.000,-0.297,-22.000,-169.863,40.276,76.537,8.493,-1.869,1.788
150.372,0.000,-0.297,-22.000,-169.863,40.276,76.537,8.493,-1.869,1.788
150.379,0.000,-0.297,-22.000,-169.863,40.276,76.537,8.493,-1.869,1.788
150.384,0.000,-0.297,-22.000,-169.863,40.276,76.537,8.493,-1.869,1.788
150.390,0.000,-0.297,-22.000,-169.863,40.276,76.537,8.493,-1.869,1.788
150.396,0.000,-0.297,-22.000,-169.863,40.276,76.537,8.493,-1.869,1.788
150.402,0.000,-0.297,-22.000,-169.863,40.276,76.537,8.493,-1.869,1.788
150.408,0.000,-0.297,-22.000,-169.863,40.276,76.537,8.493,-1.869,1.788
150.415,0.000,-0.297,-22.000,-169.863,40.276,76.537,8.493,-1.869,1.788
150.421,0.000,-0.297,-22.000,-169.863,40.276,76.537,8.493,-1.869,1.788
150.426,0.000,-0.297,-22.000,-169.863,40.276,76.537,8.493,-1.869,1.788
150.432,0.000,-0.297,-22.000,-169.863,40.276,76.537,8.493,-1.869,1.788
150.438,0.000,-0.297,-22.000,-169.863,40.276,76.537,8.493,-1.869,1.788
150.444,0.000,-0.297,-22.000,-169.863,40.276,76.537,8.493,-1.869,1.788
150.450,0.000,-0.297,-22.000,-169.863,40.276,76.537,8.493,-1.869,1.788
150.457,0.000,-0.297,-22.000,-169.863,40.276,76.537,8.493,-1.869,1.788
150.463,0.000,-0.297,-22.000,-169.863,40.276,76.537,8.493,-1.869,1.788
150.468,0.000,-0.297,-22.000,-169.863,40.276,76.537,8.493,-1.869,1.788
150.474,0.000,-0.297,-22.000,-169.863,40.276,76.537,8.493,-1.869,1.788
150.480,0.000,-0.297,-22.000,-169.863,40.276,76.537,8.493,-1.869,1.788
150.485,0.000,-0.297,-22.000,-169.863,40.276,76.537,8.493,-1.869,1.788
150.491,0.000,-0.297,-22.000,-169.863,40.276,76.537,8.493,-1.869,1.788
150.498,0.000,-0.297,-22.000,-169.863,40.276,76.537,8.493,-1.869,1.788
150.504,0.000,-0.297,-22.000,-169.863,40.276,76.5