R
Px,Ix,Dx,Py,Iy,Dy,Pz,Iz,FFrx,FFry,FFdrx,FFdry,satI,satPID,DTermC,GparamC,AparamC,KFQAng,KFQbias,KFRmeas,CPx,CIx,CPy,CIy,CsatI,CsatPID,CFFdrx,CFFdry,CFalpha,FFDTermC,IRelaxR,IRelaxE,DmaxR,DmaxE,DMx,DMy
45,15,25,45,5,25,350,10,0,0,0,0,35,200,10,10.0,64.0,0.000100,0.003000,50,30,0,30,0,75,300,0,0,0.995,10.000,6000,200,300,100,25,25
sysTime,PIDRefX,PIDRefY,PIDRefZ,PIDSensX,PIDSensY,PIDSensZ,PIDPoutX,PIDIoutX,PIDDoutX
401.958,0.000,-7.698,2.000,-73.913,194.481,-154.207,3.326,0.555,-6.417
401.964,0.000,-7.698,2.000,-73.913,194.481,-154.207,3.326,0.555,-6.417
401.969,0.000,-7.698,2.000,-73.913,194.481,-154.207,3.326,0.555,-6.417
401.975,0.000,-7.698,2.000,-73.913,194.481,-154.207,3.326,0.555,-6.417
401.981,0.000,-7.698,2.000,-73.913,194.481,-154.207,3.326,0.555,-6.417
401.988,0.000,-7.698,2.000,-73.913,194.481,-154.207,3.326,0.555,-6.417
401.994,0.000,-7.698,2.000,-73.913,194.481,-154.207,3.326,0.555,-6.417
402.000,0.000,-7.698,2.000,-73.913,194.481,-154.207,3.326,0.555,-6.417
402.006,0.000,-7.698,2.000,-73.913,194.481,-154.207,3.326,0.555,-6.417
402.011,0.000,-7.698,2.000,-73.913,194.481,-154.207,3.326,0.555,-6.417
402.017,0.000,-7.698,2.000,-73.913,194.481,-154.207,3.326,0.555,-6.417
402.023,0.000,-7.698,2.000,-73.913,194.481,-154.207,3.326,0.555,-6.417
402.029,0.000,-7.698,2.000,-73.913,194.481,-154.207,3.326,0.555,-6.417
402.036,0.000,-7.698,2.000,-73.913,194.481,-154.207,3.326,0.555,-6.417
402.042,0.000,-7.698,2.000,-73.913,194.481,-154.207,3.326,0.555,-6.417
402.048,0.000,-7.698,2.000,-73.913,194.481,-154.207,3.326,0.555,-6.417
402.053,0.000,-7.698,2.000,-73.913,194.481,-154.207,3.326,0.555,-6.417
402.059,0.000,-7.698,2.000,-73.913,194.481,-154.207,3.326,0.555,-6.417
402.065,0.000,-7.698,2.000,-73.913,194.481,-154.207,3.326,0.555,-6.417
402.071,0.000,-7.698,2.000,-73.913,194.481,-154.207,3.326,0.555,-6.417
402.077,0.000,-7.698,2.000,-73.913,194.481,-154.207,3.326,0.555,-6.417
402.084,0.000,-7.698,2.000,-73.913,194.481,-154.207,3.326,0.555,-6.417
402.090,0.000,-7.698,2.000,-73.913,194.481,-154.207,3.326,0.555,-6.417
402.095,0.000,-7.698,2.000,-73.913,194.481,-154.207,3.326,0.555,-6.417
402.101,0.000,-7.698,2.000,-73.913,194.481,-154.207,3.326,0.555,-6.417
402.107,0.000,-7.698,2.000,-73.913,194.481,-154.207,3.326,0.555,-6.417
402.113,0.000,-7.698,2.000,-73.913,194.481,-154.207,3.326,0.555,-6.417
402.119,0.000,-7.698,2.000,-73.913,194.481,-154.207,3.326,0.555,-6.417
402.125,0.000,-7.698,2.000,-73.913,194.481,-154.207,3.326,0.555,-6.417
402.131,0.000,-7.698,2.000,-73.913,194.481,-154.207,3.326,0.555,-6.417
402.138,0.000,-7.698,2.000,-73.913,194.481,-154.207,3.326,0.555,-6.417
402.143,0.000,-7.698,2.000,-73.913,194.481,-154.207,3.326,0.555,-6.417
402.149,0.000,-7.698,2.000,-73.913,194.481,-154.207,3.326,0.555,-6.417
402.155,0.000,-7.698,2.000,-73.913,194.481,-154.207,3.326,0.555,-6.417
402.161,0.000,-7.698,2.000,-73.913,194.481,-154.207,3.326,0.555,-6.417
402.167,0.000,-7.698,2.000,-73.913,194.481,-154.207,3.326,0.555,-6.417
402.173,0.000,-7.698,2.000,-73.913,194.481,-154.207,3.326,0.555,-6.417
402.179,0.000,-7.698,2.000,-73.913,194.481,-154.207,3.326,0.555,-6.417
402.185,0.000,-7.698,2.000,-73.913,194.481,-154.207,3.326,0.555,-6.417
402.191,0.000,-7.698,2.000,-73.913,194.481,-154.207,3.326,0.555,-6.417
402.197,0.000,-7.698,2.000,-73.913,194.481,-154.207,3.326,0.555,-6.417
402.203,0.000,-7.698,2.000,-73.913,194.481,-154.207,3.326,0.555,-6.417
402.209,0.000,-7.698,2.000,-73.913,194.481,-154.207,3.326,0.555,-6.417
402.215,0.000,-7.698,2.000,-73.913,194.481,-154.207,3.326,0.555,-6.417
402.221,0.000,-7.698,2.000,-73.913,194.481,-154.207,3.326,0.555,-6.417
402.226,0.000,-7.698,2.000,-73.913,194.481,-154.207,3.326,0.555,-6.417
402.233,0.000,-7.698,2.000,-73.913,194.481,-154.207,3.326,0.555,-6.417
402.239,0.000,-7.698,2.000,-73.913,194.481,-154.207,3.326,0.555,-6.417
402.245,0.000,-7.698,2.000,-73.913,194.481,-154.207,3.326,0.555,-6.417
402.251,0.000,-7.698,2.000,-73.913,194.481,-154.207,3.326,0.555,-6.417
402.257,0.000,-7.698,2.000,-73.913,194.481,-154.207,3.326,0.555,-6.417
402.263,0.000,-7.698,2.000,-73.913,194.481,-154.207,3.326,0.555,-6.417
402.268,0.000,-7.698,2.000,-73.913,194.481,-154.207,3.326,0.555,-6.417
402.274,0.000,-7.698,2.000,-73.913,194.481,-154.207,3.326,0.555,-6.417
402.281,0.000,-7.698,2.000,-73.913,194.481,-154.207,3.326,0.555,-6.417
402.287,0.000,-7.698,2.000,-73.913,194.481,-154.207,3.326,0.555,-6.417
402.293,0.000,-7.698,2.000,-73.913,194.481,-154.207,3.326,0.555,-6.417
402.299,0.000,-7.698,2.000,-73.913,194.481,-154.207,3.326,0.555,-6.417
402.305,0.000,-7.698,2.000,-73.913,194.481,-154.207,3.326,0.555,-6.417
402.311,0.000,-7.698,2.000,-73.913,194.481,-154.207,3.326,0.555,-6.417
402.316,0.000,-7.698,2.000,-73.913,194.481,-154.207,3.326,0.555,-6.417
402.322,0.000,-7.698,2.000,-73.913,194.481,-154.207,3.326,0.555,-6.417
402.329,0.000,-7.698,2.000,-73.913,194.481,-154.207,3.326,0.555,-6.417
402.335,0.000,-7.698,2.000,-73.913,194.481,-154.207,3.326,0.555,-6.417
402.341,0.000,-7.698,2.000,-73.913,194.481,-154.207,3.326,0.555,-6.417
402.347,0.000,-7.698,2.000,-73.913,194.481,-154.207,3.326,0.555,-6.417
402.353,0.000,-7.698,2.000,-73.913,194.481,-154.207,3.326,0.555,-6.417
402.358,0.000,-7.698,2.000,-73.913,194.481,-154.207,3.326,0.555,-6.417
402.364,0.000,-7.698,2.000,-73.913,194.481,-154.207,3.326,0.555,-6.417
402.370,0.000,-7.698,2.000,-73.913,194.481,-154.207,3.326,0.555,-6.417
402.377,0.000,-7.698,2.000,-73.913,194.481,-154.207,3.326,0.555,-6.417
402.383,0.000,-7.698,2.000,-73.913,194.481,-154.207,3.326,0.555,-6.417
402.389,0.000,-7.698,2.000,-73.913,194.481,-154.207,3.326,0.555,-6.417
402.395,0.000,-7.698,2.000,-73.913,194.481,-154.207,3.326,0.555,-6.417
402.400,0.000,-7.698,2.000,-73.913,194.481,-154.207,3.326,0.555,-6.417
402.406,0.000,-7.698,2.000,-73.913,194.481,-154.207,3.326,0.555,-6.417
402.412,0.000,-7.698,2.000,-73.913,194.481,-154.207,3.326,0.555,-6.417
402.419,0.000,-7.698,2.000,-73.913,194.481,-154.207,3.326,0.555,-6.417
402.425,0.000,-7.698,2.000,-73.913,194.481,-154.207,3.326,0.555,-6.417
402.431,0.000,-7.698,2.000,-73.913,194.481,-154.207,3.326,0.555,-6.417
402.437,0.000,-7.698,2.000,-73.913,194.481,-154.207,3.326,0.555,-6.417
402.442,0.000,-7.698,2.000,-73.913,194.481,-154.207,3.326,0.555,-6.417
402.448,0.000,-7.698,2.000,-73.913,194.481,-154.207,3.326,0.555,-6.417
402.454,0.000,-7.698,2.000,-73.913,194.481,-154.207,3.326,0.555,-6.417
402.460,0.000,-7.698,2.000,-73.913,194.481,-154.207,3.326,0.555,-6.417
402.467,0.000,-7.698,2.000,-73.913,194.481,-154.207,3.326,0.555,-6.417
402.473,0.000,-7.698,2.000,-73.913,194.481,-154.207,3.326,0.555,-6.417
402.479,0.000,-7.698,2.000,-73.913,194.481,-154.207,3.326,0.555,-6.417
402.484,0.000,-7.698,2.000,-73.913,194.481,-154.207,3.326,0.555,-6.417
402.490,0.000,-7.698,2.000,-73.913,194.481,-154.207,3.326,0.555,-6.417
402.496,0.000,-7.698,2.000,-73.913,194.481,-154.207,3.326,0.555,-6.417
402.502,0.000,-7.698,2.000,-73.913,194.481,-154.207,3.326,0.555,-6.417
402.508,0.000,-7.698,2.000,-73.913,194.481,-154.207,3.326,0.555,-6.417
402.515,0.000,-7.698,2.000,-73.913,194.481,-154.207,3.326,0.555,-6.417
402.521,0.000,-7.698,2.000,-73.913,194.481,-154.207,3.326,0.555,-6.417
402.527,0.000,-7.698,2.000,-73.913,194.481,-154.207,3.326,0.555,-6.417
402.532,0.000,-7.698,2.000,-73.913,194.481,-154.207,3.326,0.555,-6.417
402.538,0.000,-7.698,2.000,-73.913,194.481,-154.207,3.326,0.555,-6.417
402.544,0.000,-7.698,2.000,-73.913,194.481,-154.207,3.326,0.555,-6.417
402.550,0.000,-7.698,2.000,-73.913,194.481,-154.207,3.326,0.555,-6.417
402.557,0.000,-7.698,2.000,-73.913,194.481,-154.207,3.326,0.555,-6.417
402.563,0.000,-7.698,2.000,-73.913,194.481,-154.207,3.326,0.555,-6.417
402.569,0.000,-7.698,2.000,-73.913,194.481,-154.207,3.326,0.555,-6.417
402.574,0.000,-7.698,2.000,-73.913,194.481,-154.207,3.326,0.555,-6.417
402.580,0.000,-7.698,2.000,-73.913,194.481,-154.207,3.326,0.555,-6.417
402.586,0.000,-7.698,2.000,-73.913,194.481,-154.207,3.326,0.555,-6.417
402.592,0.000,-7.698,2.000,-73.913,194.481,-154.207,3.326,0.555,-6.417
402.599,0.000,-7.698,2.000,-73.913,194.481,-154.207,3.326,0.555,-6.417
402.605,0.000,-7.698,2.000,-73.913,194.481,-154.207,3.326,0.555,-6.417
402.611,0.000,-7.698,2.000,-73.913,194.481,-154.207,3.326,0.555,-6.417
402.616,0.000,-7.698,2.000,-73.913,194.481,-154.207,3.326,0.555,-6.417
402.622,0.000,-7.698,2.000,-73.913,194.481,-154.207,3.326,0.555,-6.417
402.628,0.000,-7.698,2.000,-73.913,194.481,-154.207,3.326,0.555,-6.417
402.634,0.000,-7.698,2.000,-73.913,194.481,-154.207,3.326,0.555,-6.417
402.640,0.000,-7.698,2.000,-73.913,194.481,-154.207,3.326,0.555,-6.417
402.647,0.000,-7.698,2.000,-73.913,194.481,-154.207,3.326,0.555,-6.417
402.653,0.000,-7.698,2.000,-73.913,194.481,-154.207,3.326,0.555,-6.417
402.658,0.000,-7.698,2.000,-73.913,194.481,-154.207,3.326,0.555,-6.417
402.664,0.000,-7.698,2.000,-73.913,194.481,-154.207,3.326,0.555,-6.417
402.670,0.000,-7.698,2.000,-73.913,194.481,-154.207,3.326,0.555,-6.417
402.676,0.000,-7.698,2.000,-73.913,194.481,-154.207,3.326,0.555,-6.417
402.682,0.000,-7.698,2.000,-73.913,194.481,-154.207,3.326,0.555,-6.417
402.688,0.000,-7.698,2.000,-73.913,194.481,-154.207,3.326,0.555,-6.417
402.695,0.000,-7.698,2.000,-73.913,194.481,-154.207,3.326,0.555,-6.417
402.700,0.000,-7.698,2.000,-73.913,194.481,-154.207,3.326,0.555,-6.417
402.706,0.000,-7.698,2.000,-73.913,194.481,-154.207,3.326,0.555,-6.417
402.712,0.000,-7.698,2.000,-73.913,194.481,-154.207,3.326,0.555,-6.417
402.718,0.000,-7.698,2.000,-73.913,194.481,-154.207,3.326,0.555,-6.417
402.724,0.000,-7.698,2.000,-73.913,194.481,-154.207,3.326,0.555,-6.417
402.730,0.000,-7.698,2.000,-73.913,194.481,-154.207,3.326,0.555,-6.417
402.736,0.000,-7.698,2.000,-73.913,194.481,-154.207,3.326,0.555,-6.417
402.743,0.000,-7.698,2.000,-73.913,194.481,-154.207,3.326,0.555,-6.417
402.748,0.000,-7.698,2.000,-73.913,194.481,-154.207,3.326,0.555,-6.417
402.754,0.000,-7.698,2.000,-73.913,194.481,-154.207,3.326,0.555,-6.417
402.760,0.000,-7.698,2.000,-73.913,194.481,-154.207,3.326,0.555,-6.417
402.765,0.000,-0.297,2.000,0.386,0.450,0.664,-0.017,-0.000,0.061
402.770,0.000,-0.297,2.000,-1.716,1.533,-0.365,0.077,0.000,-0.221
402.775,0.000,-0.297,2.000,-1.883,1.643,-0.252,0.085,0.002,-0.179
402.781,0.000,-0.297,2.000,-1.977,2.248,-1.028,0.089,0.003,-0.162
402.786,0.000,-0.297,2.000,-2.206,0.919,-0.545,0.099,0.005,-0.151
402.791,0.000,-0.297,2.000,-1.379,-0.285,-0.590,0.062,0.006,-0.001
402.796,0.000,-0.297,2.000,-0.621,-0.372,-0.564,0.028,0.007,0.093
402.801,0.000,-0.297,2.000,0.132,-0.239,0.525,-0.006,0.007,0.155
402.806,0.000,-0.297,2.000,0.813,-0.296,-0.569,-0.037,0.006,0.202
402.811,0.000,-0.297,2.000,0.474,-0.881,0.069,-0.021,0.006,0.106
402.816,0.000,-0.297,2.000,-0.408,-0.370,-0.984,0.018,0.006,-0.030
402.821,0.000,-0.297,2.000,-0.001,-0.166,-0.675,0.000,0.006,0.011
402.827,0.000,-0.297,2.000,0.090,0.593,-1.349,-0.004,0.006,0.023
402.832,0.000,-0.297,2.000,0.452,0.276,-1.160,-0.020,0.006,0.055
402.837,0.000,-0.297,2.000,0.674,-0.380,-1.133,-0.030,0.005,0.053
402.842,0.000,-0.446,2.000,0.926,-0.301,-0.475,-0.042,0.004,0.070
402.847,0.000,-0.446,2.000,1.158,-0.600,-0.326,-0.052,0.003,0.083
402.852,0.000,-0.297,2.000,1.640,0.111,-0.867,-0.074,0.002,0.135
402.857,0.000,-0.446,2.000,1.764,-0.171,-1.125,-0.079,0.001,0.111
402.863,0.000,-0.446,2.000,1.039,-0.067,0.642,-0.047,0.000,-0.000
402.868,0.000,-0.446,2.000,1.056,-1.429,0.582,-0.048,-0.001,0.013
402.874,0.000,-0.446,2.000,0.913,-1.718,0.499,-0.041,-0.001,0.006
402.879,0.000,-0.446,2.000,1.217,-1.761,0.931,-0.055,-0.002,0.058
402.884,0.000,-0.446,2.000,0.789,-1.689,-0.090,-0.035,-0.003,-0.014
402.890,0.000,-0.446,2.000,1.137,-1.853,0.277,-0.051,-0.003,0.029
402.895,0.000,-0.446,2.000,0.893,-1.647,1.823,-0.040,-0.004,-0.017
402.901,0.000,-0.446,2.000,0.825,-1.050,1.264,-0.037,-0.005,-0.015
402.906,0.000,-0.446,2.000,0.751,-0.696,1.110,-0.034,-0.006,-0.020
402.911,0.000,-0.446,2.000,-0.491,-0.189,-0.571,0.022,-0.006,-0.160
402.917,0.000,-0.446,2.000,-0.341,-0.185,1.066,0.015,-0.005,-0.102
402.922,0.000,-0.446,2.000,0.258,0.358,3.373,-0.012,-0.005,0.002
402.928,0.000,-0.446,2.000,1.157,0.535,3.768,-0.052,-0.006,0.108
402.933,0.000,-0.446,2.000,0.471,-0.176,0.023,-0.021,-0.006,0.005
402.938,0.000,-0.446,2.000,0.416,-0.302,-0.703,-0.019,-0.007,-0.004
402.944,0.000,-0.446,2.000,-0.059,0.342,1.369,0.003,-0.007,-0.067
402.949,0.000,-0.446,2.000,0.990,0.840,2.018,-0.045,-0.007,0.081
402.955,0.000,-0.446,2.000,-0.046,0.423,-1.618,0.002,-0.007,-0.045
402.960,0.000,-0.446,2.000,-0.688,0.544,-1.686,0.031,-0.006,-0.089
402.965,0.000,-0.446,2.000,-0.184,0.808,3.188,0.008,-0.006,-0.004
402.971,0.000,-0.446,2.000,0.938,1.433,1.776,-0.042,-0.007,0.115
402.976,0.000,-0.446,2.000,-0.059,0.702,-1.153,0.003,-0.007,-0.054
402.981,0.000,-0.446,2.000,-0.001,-0.321,-0.639,0.000,-0.008,-0.043
402.987,0.000,-0.446,2.000,1.307,-0.585,0.764,-0.059,-0.008,0.141
402.992,0.000,-0.446,2.000,1.622,-1.078,0.355,-0.073,-0.009,0.129
402.998,0.000,-0.446,2.000,1.540,1.124,-0.328,-0.069,-0.011,0.072
403.003,0.000,-0.446,2.000,1.274,1.477,-1.313,-0.057,-0.012,0.032
403.009,0.000,-0.446,2.000,3.703,1.524,-0.351,-0.167,-0.013,0.335
403.014,0.000,-0.446,2.000,3.646,1.644,1.183,-0.164,-0.016,0.278
403.019,0.000,-0.446,2.000,2.204,0.647,-0.124,-0.099,-0.018,0.043
403.025,0.000,-0.446,2.000,1.970,0.294,0.053,-0.089,-0.020,0.003
403.030,0.000,-0.446,2.000,-0.325,-0.005,-0.914,0.015,-0.020,-0.245
403.036,0.000,-0.446,2.000,-0.190,0.587,0.133,0.009,-0.020,-0.183
403.041,0.000,-0.446,2.000,-0.430,-0.685,0.122,0.019,-0.019,-0.153
403.047,0.000,-0.446,2.000,-1.117,1.801,0.020,0.050,-0.019,-0.232
403.052,0.000,-0.446,2.000,-2.209,-0.631,0.787,0.099,-0.018,-0.308
403.057,0.000,-0.446,2.000,-1.909,-0.540,2.080,0.086,-0.016,-0.178
403.063,0.000,-0.446,2.000,-1.121,-0.815,0.981,0.050,-0.015,-0.053
403.068,0.000,-0.446,2.000,0.414,-0.826,-0.528,-0.019,-0.015,0.127
403.074,0.000,-0.446,2.000,-0.084,-0.748,0.121,0.004,-0.015,0.040
403.079,0.000,-0.446,2.000,-1.825,-2.863,0.943,0.082,-0.014,-0.157
403.085,0.000,-0.446,2.000,-0.036,-1.651,0.183,0.002,-0.014,0.064
403.090,0.000,-0.446,2.000,-2.427,0.272,-0.070,0.109,-0.013,-0.243
403.095,0.000,-0.446,2.000,-2.588,0.946,-0.108,0.116,-0.011,-0.229
403.101,0.000,-0.446,2.000,-2.351,-0.784,0.832,0.106,-0.010,-0.173
403.106,0.000,-0.446,2.000,-2.795,0.778,0.044,0.126,-0.008,-0.176
403.111,0.000,-0.446,2.000,-1.171,2.470,-0.608,0.053,-0.006,0.065
403.117,0.000,-0.446,2.000,-1.847,1.914,-2.099,0.083,-0.005,-0.036
403.122,0.000,-0.446,2.000,-1.931,0.254,-1.474,0.087,-0.004,-0.047
403.128,0.000,-0.446,2.000,-1.183,-0.295,-2.036,0.053,-0.002,0.050
403.133,0.000,-0.446,2.000,-1.731,0.244,-2.628,0.078,-0.001,-0.031
403.139,0.000,-0.446,2.000,-0.389,-0.328,-2.315,0.018,-0.001,0.121
403.144,0.000,-0.446,2.000,-0.066,-1.800,-1.376,0.003,-0.000,0.144
403.149,0.000,-0.446,2.000,-0.679,-1.840,-0.585,0.031,0.000,0.057
403.155,0.000,-0.446,2.000,-1.356,-2.248,-0.415,0.061,0.001,-0.023
403.160,0.000,-0.446,2.000,-1.357,-2.061,0.470,0.061,0.002,-0.037
403.166,0.000,-0.446,2.000,-1.041,-1.098,0.535,0.047,0.003,0.020
403.171,0.000,-0.446,2.000,-0.533,-0.761,1.527,0.024,0.004,0.070
403.176,0.000,-0.446,2.000,0.715,-0.340,1.651,-0.032,0.003,0.177
403.182,0.000,-0.446,2.000,-0.153,0.616,0.647,0.007,0.003,0.024
403.187,0.000,-0.446,2.000,0.070,0.753,0.750,-0.003,0.004,0.071
403.192,0.000,-0.446,2.000,1.019,0.375,1.643,-0.046,0.004,0.187
403.198,0.000,-0.446,2.000,0.022,1.480,1.425,-0.001,0.003,0.033
403.203,0.000,-0.446,2.000,-0.025,1.572,-0.554,0.001,0.003,0.026
403.209,0.000,-0.446,2.000,-0.111,0.291,0.371,0.005,0.004,0.015
403.214,0.000,-0.446,2.000,0.105,0.274,-0.857,-0.005,0.003,0.025
403.220,0.000,-0.446,2.000,0.165,0.521,-0.054,-0.007,0.003,0.028
403.225,0.000,-0.446,2.000,0.401,-0.954,-0.593,-0.018,0.003,0.044
403.230,0.000,-0.446,2.000,0.598,-2.106,-0.618,-0.027,0.003,0.065
403.236,0.000,-0.595,2.000,1.000,-0.225,0.072,-0.045,0.002,0.111
403.241,0.000,-0.595,2.000,1.203,-1.218,0.173,-0.054,0.001,0.114
403.246,0.000,-0.595,2.000,-1.132,-0.521,0.802,0.051,0.002,-0.203
403.251,0.000,-0.595,2.000,-1.637,-0.690,-0.052,0.074,0.002,-0.231
403.256,0.000,-0.595,2.000,-1.401,-0.383,-1.636,0.063,0.004,-0.144
403.261,0.000,-0.595,2.000,0.701,-1.499,0.564,-0.032,0.003,0.129
403.266,0.000,-0.595,2.000,-0.635,-1.279,0.365,0.029,0.004,-0.055
403.271,0.000,-0.744,2.000,-0.739,-0.020,-0.792,0.033,0.004,-0.054
403.277,0.000,-0.744,2.000,-1.447,0.533,-0.866,0.065,0.005,-0.121
403.283,0.000,-0.744,2.000,-1.654,0.278,-1.479,0.074,0.006,-0.134
403.288,0.000,-0.744,2.000,-1.065,0.358,-0.653,0.048,0.007,-0.023
403.294,0.000,-0.744,2.000,-1.310,0.949,-0.855,0.059,0.009,-0.044
403.299,0.000,-0.744,2.000,-0.979,1.826,-0.506,0.044,0.010,0.015
403.305,0.000,-0.744,2.000,-0.669,1.244,-0.057,0.030,0.010,0.047
403.310,0.000,-0.893,2.000,-1.043,0.256,0.482,0.047,0.011,-0.024
403.316,0.000,-0.893,2.000,-0.862,1.580,2.156,0.039,0.011,-0.009
403.321,0.000,-0.893,2.000,-2.271,1.159,1.501,0.102,0.012,-0.206
403.327,0.000,-0.893,2.000,-0.823,1.454,2.069,0.037,0.012,-0.053
403.332,0.000,-0.893,2.000,0.667,1.007,3.170,-0.030,0.012,0.104
403.338,0.000,-0.893,2.000,0.188,1.951,2.302,-0.008,0.011,0.022
403.343,0.000,-0.893,2.000,1.154,1.172,2.493,-0.052,0.011,0.146
403.348,0.000,-0.893,2.000,0.845,0.206,1.040,-0.038,0.010,0.080
403.354,0.000,-0.893,2.000,0.186,0.137,1.650,-0.008,0.010,-0.017
403.359,0.000,-0.893,2.000,-0.341,1.387,-0.502,0.015,0.010,-0.066
403.365,0.000,-0.893,2.000,-1.189,1.249,-0.108,0.053,0.011,-0.129
403.370,0.000,-0.893,2.000,0.314,0.541,-0.501,-0.014,0.012,0.078
403.376,0.000,-1.043,2.000,-0.105,0.357,-0.924,0.005,0.012,0.023
403.381,0.000,-0.893,2.000,0.490,0.771,0.395,-0.022,0.011,0.058
403.386,0.000,-0.893,2.000,-0.337,0.366,0.374,0.015,0.011,-0.075
403.392,0.000,-0.893,2.000,2.097,0.184,1.508,-0.094,0.010,0.249
403.397,0.000,-0.893,2.000,1.775,1.843,1.038,-0.080,0.009,0.147
403.403,0.000,-0.893,2.000,-0.162,0.444,-0.103,0.007,0.008,-0.112
403.408,0.000,-0.893,2.000,-0.649,0.605,-0.714,0.029,0.009,-0.121
403.414,0.000,-1.043,2.000,-1.477,0.339,-0.673,0.066,0.010,-0.173
403.419,0.000,-1.043,2.000,-0.474,-0.071,0.123,0.021,0.011,-0.001
403.425,0.000,-1.043,2.000,-1.013,-0.572,-1.526,0.046,0.012,-0.067
403.430,0.000,-1.043,2.000,-0.575,-0.204,-1.891,0.026,0.012,-0.019
403.436,0.000,-1.043,2.000,0.104,-0.557,-1.491,-0.005,0.012,0.055
403.442,0.000,-1.043,2.000,1.116,-0.862,-0.138,-0.050,0.011,0.149
403.447,0.000,-1.043,2.000,0.465,-0.186,-0.983,-0.021,0.010,0.031
403.453,0.000,-1.342,2.000,1.089,-1.172,-1.527,-0.049,0.009,0.077
403.458,0.000,-1.492,2.000,0.834,-1.241,-0.848,-0.038,0.008,0.013
403.464,0.000,-1.492,2.000,0.710,-0.235,-1.798,-0.032,0.008,0.003
403.470,0.000,-1.492,2.000,1.073,-0.461,0.549,-0.048,0.007,0.058
403.475,0.000,-1.492,2.000,1.697,-1.023,-0.029,-0.076,0.007,0.134
403.481,0.000,-1.642,2.000,0.324,-1.111,-0.120,-0.015,0.006,-0.041
403.486,0.000,-1.642,2.000,0.757,-0.737,1.570,-0.034,0.005,0.005
403.492,0.000,-1.642,2.000,0.594,-0.582,-0.327,-0.027,0.005,-0.006
403.498,0.000,-1.642,2.000,-0.454,-0.561,-0.464,0.020,0.005,-0.126
403.503,0.000,-1.642,2.000,0.647,-1.942,0.582,-0.029,0.005,0.048
403.509,0.000,-1.642,2.000,0.755,-0.437,0.124,-0.034,0.005,0.059
403.514,0.000,-1.642,2.000,0.495,-0.439,-0.132,-0.022,0.004,0.006
403.520,0.000,-1.492,2.000,1.604,-1.508,1.806,-0.072,0.003,0.129
403.526,0.000,-1.642,2.000,1.734,1.134,0.050,-0.078,0.002,0.125
403.531,0.000,-1.642,2.000,0.912,0.813,-0.695,-0.041,0.001,0.004
403.537,0.000,-1.642,2.000,0.221,-0.458,-0.347,-0.010,0.000,-0.086
403.543,0.000,-1.642,2.000,-0.489,0.266,-0.180,0.022,0.000,-0.155
403.548,0.000,-1.793,2.000,0.824,1.109,-1.144,-0.037,0.000,0.042
403.554,0.000,-1.793,2.000,0.698,-1.718,1.188,-0.031,-0.000,0.024
403.559,0.000,-1.793,2.000,0.304,-1.525,2.920,-0.014,-0.001,-0.033
403.565,0.000,-2.096,2.000,0.499,1.232,0.619,-0.022,-0.001,0.007
403.570,0.000,-2.096,2.000,-0.370,-2.242,0.566,0.017,-0.001,-0.113
403.576,0.000,-2.096,2.000,-0.858,-4.017,1.941,0.039,-0.001,-0.155
403.581,0.000,-2.248,2.000,-0.862,-0.863,0.790,0.039,-0.000,-0.121
403.587,0.000,-2.096,2.000,-7.767,-26.830,-1.678,0.349,0.002,-0.933
403.593,0.000,-2.096,2.000,-7.117,-20.904,0.542,0.320,0.009,-0.609
403.598,0.000,-2.096,2.000,-4.920,-18.667,3.874,0.221,0.013,-0.259
403.604,0.000,-2.400,2.000,-1.521,-8.365,2.251,0.068,0.015,0.222
403.609,0.000,-2.400,2.000,-1.705,-5.280,1.355,0.077,0.018,0.195
403.614,0.000,-2.400,2.000,-4.221,-7.084,2.535,0.190,0.020,-0.166
403.619,0.000,-2.706,2.000,-2.736,-6.192,1.491,0.123,0.021,0.009
403.625,0.000,-3.014,2.000,-2.792,-1.046,0.089,0.126,0.024,0.007
403.631,0.000,-3.014,2.000,-2.271,2.194,-1.423,0.102,0.026,0.076
403.636,0.000,-3.014,2.000,-1.036,1.808,-0.826,0.047,0.028,0.206
403.642,0.000,-3.325,2.000,0.790,0.753,0.647,-0.036,0.028,0.378
403.648,0.000,-3.325,2.000,1.034,-1.122,1.476,-0.047,0.027,0.307
403.653,0.000,-3.325,2.000,0.505,-2.749,1.374,-0.023,0.026,0.150
403.659,0.000,-3.482,2.000,0.920,-3.535,2.894,-0.041,0.024,0.109
403.665,0.000,-3.796,2.000,0.856,-4.030,1.283,-0.039,0.023,0.035
403.670,0.000,-3.796,2.000,2.246,-6.719,1.524,-0.101,0.022,0.217
403.676,0.000,-3.796,2.000,2.399,-5.973,2.004,-0.108,0.021,0.205
403.682,0.000,-3.955,2.000,-0.181,-4.483,1.428,0.008,0.021,-0.102
403.687,0.000,-3.955,2.000,-1.518,-4.388,2.129,0.068,0.022,-0.206
403.693,0.000,-3.955,2.000,-1.648,-7.653,2.167,0.074,0.023,-0.181
403.699,0.000,-3.955,2.000,-2.725,-7.918,1.967,0.123,0.024,-0.309
403.704,0.000,-4.275,2.000,-3.937,-7.178,1.333,0.177,0.026,-0.399
403.710,0.000,-4.275,2.000,-1.218,-11.333,1.297,0.055,0.028,0.010
403.716,0.000,-4.275,2.000,0.858,-14.441,0.634,-0.039,0.027,0.213
403.721,0.000,-4.275,2.000,-2.654,-11.334,-0.802,0.119,0.029,-0.210
403.727,0.000,-4.275,2.000,-4.692,-12.749,1.762,0.211,0.033,-0.357
403.733,0.000,-4.275,2.000,-0.525,-13.963,5.018,0.024,0.036,0.258
403.738,0.000,-4.275,2.000,3.351,-15.536,5.196,-0.151,0.033,0.594
403.744,0.000,-5.089,2.000,0.643,-13.063,3.129,-0.029,0.032,0.133
403.750,0.000,-5.421,2.000,-1.806,-10.878,2.716,0.081,0.032,-0.172
403.755,0.000,-5.421,2.000,2.448,-12.997,4.505,-0.110,0.033,0.386
403.761,0.000,-5.421,2.000,7.294,-17.008,4.794,-0.328,0.028,0.834
403.767,0.000,-5.589,2.000,8.994,-15.788,5.109,-0.405,0.021,0.830
403.772,0.000,-5.589,2.000,7.763,-11.406,6.480,-0.349,0.015,0.511
403.778,0.000,-5.589,2.000,2.162,-9.621,6.282,-0.097,0.012,-0.193
403.783,0.000,-5.758,2.000,-3.167,-8.922,6.268,0.142,0.014,-0.707
403.789,0.000,-5.758,2.000,-4.964,-8.778,6.418,0.223,0.019,-0.686
403.795,0.000,-5.758,2.000,-5.844,-6.415,6.818,0.263,0.024,-0.590
403.800,0.000,-5.758,2.000,-3.177,-6.686,6.822,0.143,0.027,-0.157
403.806,0.000,-6.100,2.000,-1.472,-6.710,5.004,0.066,0.029,0.075
403.812,0.000,-6.100,2.000,0.755,-2.702,6.150,-0.034,0.029,0.279
403.817,0.000,-6.100,2.000,3.369,-0.697,6.844,-0.152,0.026,0.457
403.823,0.000,-6.272,2.000,2.985,1.020,7.169,-0.134,0.022,0.254
403.829,0.000,-6.100,2.000,0.636,7.008,6.448,-0.029,0.020,-0.137
403.834,0.000,-6.100,2.000,-0.465,10.381,7.170,0.021,0.019,-0.283
403.840,0.000,-6.100,2.000,-4.720,15.378,6.169,0.212,0.020,-0.731
403.846,0.000,-6.100,2.000,-8.839,20.508,2.678,0.398,0.025,-1.089
403.851,0.000,-6.100,2.000,-9.210,23.501,3.186,0.414,0.032,-0.889
403.857,0.000,-6.446,2.000,-9.356,25.877,4.491,0.421,0.039,-0.724
403.863,0.000,-6.446,2.000,-8.844,24.639,5.784,0.398,0.046,-0.547
403.868,0.000,-6.446,2.000,-6.216,26.733,5.022,0.280,0.051,-0.166
403.874,0.000,-6.446,2.000,-6.236,27.712,5.936,0.281,0.056,-0.145
403.880,0.000,-6.446,2.000,-5.786,29.095,5.130,0.260,0.060,-0.085
403.885,0.000,-6.446,2.000,-5.806,30.379,5.512,0.261,0.065,-0.074
403.891,0.000,-6.621,2.000,-7.141,29.455,4.953,0.321,0.070,-0.245
403.897,0.000,-6.621,2.000,-7.241,33.242,4.905,0.326,0.075,-0.254
403.902,0.000,-6.621,2.000,-8.811,34.601,6.348,0.396,0.081,-0.429
403.908,0.000,-6.621,2.000,-9.159,34.566,5.711,0.412,0.087,-0.446
403.914,0.000,-6.621,2.000,-8.043,36.882,4.043,0.362,0.093,-0.289
403.919,0.000,-6.621,2.000,-7.440,36.942,4.205,0.335,0.098,-0.205
403.925,0.000,-6.621,2.000,-8.066,35.559,4.995,0.363,0.104,-0.244
403.930,0.000,-6.621,2.000,-8.481,32.486,6.910,0.382,0.111,-0.221
403.936,0.000,-6.446,2.000,-8.961,27.114,7.103,0.403,0.120,-0.178
403.942,0.000,-6.446,2.000,-10.025,26.347,6.734,0.451,0.128,-0.226
403.947,0.000,-6.446,2.000,-10.923,25.635,7.406,0.492,0.138,-0.238
403.953,0.000,-6.446,2.000,-8.884,23.506,5.946,0.400,0.146,0.062
403.959,0.000,-6.446,2.000,-7.289,25.828,6.150,0.328,0.153,0.242
403.965,0.000,-6.446,2.000,-6.996,25.928,5.882,0.315,0.160,0.236
403.970,0.000,-6.446,2.000,-5.699,25.618,6.300,0.256,0.166,0.347
403.976,0.000,-6.446,2.000,-5.234,25.212,4.303,0.236,0.171,0.353
403.982,0.000,-6.446,2.000,-4.903,24.437,4.543,0.221,0.176,0.348
403.987,0.000,-6.446,2.000,-4.896,24.266,3.546,0.220,0.181,0.316
403.993,0.000,-6.446,2.000,-4.674,24.195,3.984,0.210,0.186,0.308
403.998,0.000,-6.446,2.000,-4.970,24.615,5.334,0.224,0.191,0.254
404.004,0.000,-6.446,2.000,-5.787,25.566,6.022,0.260,0.197,0.143
404.010,0.000,-6.446,2.000,-6.118,24.305,4.905,0.275,0.203,0.104
404.015,0.000,-6.446,2.000,-5.646,24.627,4.876,0.254,0.208,0.153
404.021,0.000,-6.446,2.000,-5.345,25.861,5.942,0.241,0.213,0.161
404.027,0.000,-6.446,2.000,-5.269,25.795,6.405,0.237,0.218,0.161
404.033,0.000,-6.446,2.000,-4.472,25.941,7.378,0.201,0.223,0.242
404.038,0.000,-6.446,2.000,-2.666,23.496,7.310,0.120,0.227,0.439
404.044,0.000,-6.446,2.000,-4.054,25.822,7.716,0.182,0.232,0.255
404.050,0.000,-6.446,2.000,-4.829,25.543,6.090,0.217,0.238,0.197
404.055,0.000,-6.446,2.000,-6.603,25.087,5.627,0.297,0.245,0.031
404.061,0.000,-6.446,2.000,-8.308,27.262,3.829,0.374,0.253,-0.070
404.067,0.000,-6.446,2.000,-9.948,26.311,4.582,0.448,0.263,-0.160
404.072,0.000,-6.446,2.000,-11.503,27.859,3.203,0.518,0.273,-0.247
404.078,0.000,-6.446,2.000,-9.881,26.750,3.922,0.445,0.283,0.041
404.084,0.000,-6.446,2.000,-8.257,26.256,5.847,0.372,0.291,0.231
404.089,0.000,-6.621,2.000,-9.131,25.561,5.619,0.411,0.299,0.106
404.095,0.000,-6.974,2.000,-9.040,22.933,5.830,0.407,0.307,0.118
404.101,0.000,-6.974,2.000,-8.736,23.509,5.839,0.393,0.315,0.148
404.106,0.000,-6.974,2.000,-8.743,21.028,6.689,0.393,0.323,0.135
404.112,0.000,-7.153,2.000,-7.696,22.307,5.688,0.346,0.332,0.281
404.118,0.000,-7.153,2.000,-6.818,19.815,4.107,0.307,0.339,0.352
404.123,0.000,-7.153,2.000,-6.935,19.503,3.065,0.312,0.345,0.300
404.129,0.000,-8.636,2.000,-5.918,19.303,1.825,0.266,0.351,0.361
404.135,0.000,-8.446,2.000,-2.876,15.593,3.053,0.129,0.355,0.620
404.140,0.000,-8.446,2.000,-2.846,14.667,3.554,0.128,0.358,0.485
404.146,0.000,-9.816,2.000,-2.669,13.593,5.387,0.120,0.360,0.385
404.152,0.000,-11.062,2.000,-0.163,11.310,5.912,0.007,0.361,0.580
404.157,0.000,-11.062,2.000,1.729,9.677,5.905,-0.078,0.361,0.641
404.163,0.000,-11.062,2.000,4.324,8.030,6.859,-0.195,0.358,0.777
404.169,0.000,-14.508,2.000,8.391,7.527,6.019,-0.378,0.352,1.032
404.174,0.000,-14.508,2.000,8.307,9.482,6.427,-0.374,0.346,0.805
404.180,0.000,-20.615,2.000,6.779,9.535,4.499,-0.305,0.340,0.451
404.186,0.000,-20.615,2.000,7.132,8.074,3.683,-0.321,0.335,0.403
404.191,0.000,-20.615,2.000,3.997,8.170,3.334,-0.180,0.332,-0.000
404.197,0.000,-20.615,2.000,1.082,7.547,4.339,-0.049,0.331,-0.290
404.203,0.000,-30.306,2.000,-2.206,7.178,3.293,0.099,0.333,-0.505
404.208,0.000,-30.306,2.000,-2.452,8.935,3.886,0.110,0.335,-0.371
404.214,0.000,-30.306,2.000,-3.156,10.679,3.062,0.142,0.338,-0.351
404.220,0.000,-39.442,2.000,-4.493,10.095,2.099,0.202,0.342,-0.406
404.225,0.000,-41.500,2.000,-4.573,9.047,4.062,0.206,0.346,-0.313
404.231,0.000,-41.500,2.000,-3.846,8.145,4.448,0.173,0.349,-0.158
404.237,0.000,-41.500,2.000,-3.272,3.927,2.729,0.147,0.352,-0.066
404.242,0.000,-41.500,2.000,-4.036,-0.446,0.758,0.182,0.355,-0.152
404.248,0.000,-41.500,2.000,-3.828,-2.870,-0.777,0.172,0.357,-0.128
404.254,0.000,-41.500,2.000,-5.933,-4.205,-1.833,0.267,0.361,-0.360
404.259,0.000,-42.560,2.000,-7.697,-2.930,-1.552,0.346,0.366,-0.502
404.265,0.000,-44.191,2.000,-6.427,-1.938,0.250,0.289,0.371,-0.269
404.271,0.000,-44.191,2.000,-6.627,-1.711,1.442,0.298,0.376,-0.282
404.276,0.000,-44.191,2.000,-7.440,-2.304,2.127,0.335,0.381,-0.342
404.282,0.000,-44.191,2.000,-6.856,-3.956,1.883,0.309,0.387,-0.196
404.288,0.000,-44.191,2.000,-4.475,-6.830,4.186,0.201,0.391,0.094
404.293,0.000,-44.191,2.000,-1.482,-9.954,2.418,0.067,0.394,0.415
404.299,0.000,-44.745,2.000,0.965,-10.726,2.838,-0.043,0.394,0.601
404.305,0.000,-44.745,2.000,2.842,-13.133,3.491,-0.128,0.393,0.722
404.311,0.000,-44.745,2.000,4.698,-16.127,2.640,-0.211,0.391,0.801
404.316,0.000,-44.745,2.000,3.893,-19.808,2.469,-0.175,0.388,0.539
404.322,0.000,-47.016,2.000,4.081,-19.743,2.563,-0.184,0.385,0.423
404.328,0.000,-47.016,2.000,3.655,-19.710,3.227,-0.164,0.381,0.267
404.333,0.000,-47.016,2.000,4.205,-22.445,3.280,-0.189,0.378,0.244
404.339,0.000,-47.016,2.000,3.849,-24.849,3.683,-0.173,0.373,0.097
404.345,0.000,-48.185,2.000,2.415,-29.631,2.546,-0.109,0.370,-0.141
404.350,0.000,-48.185,2.000,3.357,-32.454,2.281,-0.151,0.366,-0.049
404.356,0.000,-48.185,2.000,2.297,-33.706,2.562,-0.103,0.363,-0.183
404.362,0.000,-49.377,2.000,1.339,-32.538,2.518,-0.060,0.361,-0.279
404.367,0.000,-49.377,2.000,0.426,-32.804,0.680,-0.019,0.360,-0.319
404.373,0.000,-49.377,2.000,-0.841,-33.006,0.371,0.038,0.361,-0.367
404.379,0.000,-49.377,2.000,-0.603,-34.743,0.299,0.027,0.362,-0.204
404.385,0.000,-48.778,2.000,-0.909,-34.646,0.689,0.041,0.364,-0.152
404.390,0.000,-48.778,2.000,-1.656,-31.534,2.248,0.074,0.366,-0.147
404.396,0.000,-48.778,2.000,-1.134,-30.533,2.347,0.051,0.368,-0.017
404.402,0.000,-48.778,2.000,-2.159,-30.938,2.178,0.097,0.370,-0.073
404.407,0.000,-48.778,2.000,-0.916,-28.745,4.394,0.041,0.373,0.154
404.413,0.000,-48.778,2.000,-0.109,-27.730,4.477,0.005,0.374,0.233
404.419,0.000,-48.778,2.000,-0.954,-25.807,5.351,0.043,0.376,0.141
404.425,0.000,-48.778,2.000,-1.415,-28.435,5.546,0.064,0.377,0.073
404.430,0.000,-48.778,2.000,-1.791,-28.756,5.101,0.081,0.379,0.050
404.436,0.000,-48.778,2.000,-0.545,-27.811,3.959,0.025,0.381,0.201
404.442,0.000,-47.598,2.000,-0.004,-26.459,4.183,0.000,0.381,0.228
404.447,0.000,-47.598,2.000,-0.828,-29.828,2.265,0.037,0.382,0.084
404.453,0.000,-47.598,2.000,-1.811,-34.092,2.887,0.081,0.383,-0.048
404.459,0.000,-47.598,2.000,-2.178,-36.087,2.576,0.098,0.384,-0.096
404.464,0.000,-45.869,2.000,-2.555,-37.955,3.166,0.115,0.387,-0.104
404.470,0.000,-45.869,2.000,-3.011,-37.540,2.424,0.135,0.389,-0.131
404.476,0.000,-45.869,2.000,-3.350,-39.454,0.401,0.151,0.392,-0.121
404.481,0.000,-45.869,2.000,-3.157,-41.751,0.553,0.142,0.395,-0.072
404.487,0.000,-45.869,2.000,-3.153,-43.365,0.974,0.142,0.397,-0.043
404.493,0.000,-44.745,2.000,-2.536,-40.415,2.230,0.114,0.400,0.046
404.498,0.000,-44.745,2.000,-3.241,-37.955,3.925,0.146,0.403,-0.020
404.504,0.000,-42.028,2.000,-2.969,-34.864,4.966,0.134,0.406,0.043
404.510,0.000,-42.028,2.000,-2.875,-32.437,5.435,0.129,0.409,0.073
404.515,0.000,-42.028,2.000,-2.721,-32.244,4.342,0.122,0.412,0.099
404.521,0.000,-42.028,2.000,-1.477,-33.643,3.362,0.066,0.415,0.257
404.527,0.000,-36.982,2.000,-0.567,-32.638,3.724,0.026,0.416,0.332
404.532,0.000,-36.982,2.000,-0.219,-32.274,2.448,0.010,0.417,0.301
404.538,0.000,-36.504,2.000,-0.548,-34.666,1.742,0.025,0.417,0.200
404.544,0.000,-36.504,2.000,0.429,-36.762,2.319,-0.019,0.417,0.247
404.550,0.000,-36.504,2.000,1.800,-38.827,3.449,-0.081,0.416,0.302
404.555,0.000,-36.504,2.000,3.007,-42.965,3.181,-0.135,0.413,0.332
404.561,0.000,-29.491,2.000,2.463,-43.354,2.025,-0.111,0.411,0.176
404.566,0.000,-27.526,2.000,4.126,-40.977,1.843,-0.186,0.407,0.307
404.572,0.000,-27.526,2.000,6.177,-41.054,2.027,-0.278,0.402,0.435
404.578,0.000,-27.526,2.000,5.802,-41.874,0.329,-0.261,0.396,0.250
404.583,0.000,-27.526,2.000,5.617,-40.193,-0.032,-0.253,0.391,0.150
404.589,0.000,-26.026,2.000,4.214,-38.786,0.797,-0.190,0.387,-0.054
404.595,0.000,-22.871,2.000,4.112,-38.319,0.475,-0.185,0.383,-0.074
404.601,0.000,-22.871,2.000,4.841,-36.218,2.918,-0.218,0.378,-0.001
404.606,0.000,-21.243,2.000,4.937,-34.847,5.824,-0.222,0.374,0.002
404.612,0.000,-21.243,2.000,5.006,-31.853,4.406,-0.225,0.370,0.008
404.618,0.000,-21.243,2.000,3.697,-27.970,4.544,-0.166,0.366,-0.124
404.623,0.000,-20.306,2.000,2.790,-25.901,4.530,-0.126,0.364,-0.163
404.629,0.000,-20.000,2.000,0.956,-26.083,4.224,-0.043,0.363,-0.309
404.635,0.000,-19.102,2.000,-0.256,-25.259,3.396,0.011,0.364,-0.316
404.640,0.000,-19.102,2.000,-0.749,-24.658,6.057,0.034,0.365,-0.283
404.646,0.000,-19.102,2.000,1.034,-23.102,4.101,-0.047,0.365,0.021
404.652,0.000,-17.947,2.000,2.466,-21.594,3.475,-0.111,0.364,0.193
404.657,0.000,-17.387,2.000,5.010,-20.747,3.860,-0.225,0.361,0.419
404.663,0.000,-17.387,2.000,6.804,-19.683,1.712,-0.306,0.355,0.506
404.669,0.000,-17.387,2.000,7.025,-20.433,-0.429,-0.316,0.349,0.393
404.674,0.000,-15.008,2.000,7.650,-20.783,-1.930,-0.344,0.342,0.341
404.680,0.000,-13.302,2.000,7.806,-20.260,-1.073,-0.351,0.335,0.232
404.686,0.000,-13.302,2.000,5.713,-20.530,-0.589,-0.257,0.329,-0.076
404.692,0.000,-13.302,2.000,6.261,-18.546,1.875,-0.282,0.323,-0.024
404.697,0.000,-11.062,2.000,6.712,-16.016,2.130,-0.302,0.317,-0.017
404.703,0.000,-11.062,2.000,6.692,-14.386,1.529,-0.301,0.310,-0.058
404.709,0.000,-11.062,2.000,3.903,-10.765,1.141,-0.176,0.305,-0.384
404.714,0.000,-11.062,2.000,0.617,-9.525,2.604,-0.028,0.303,-0.694
404.720,0.000,-11.062,2.000,-2.346,-7.986,1.540,0.106,0.303,-0.863
404.726,0.000,-11.062,2.000,-5.716,-8.596,0.428,0.257,0.307,-1.031
404.731,0.000,-7.883,2.000,-4.236,-9.615,-0.045,0.191,0.311,-0.603
404.737,0.000,-7.515,2.000,-5.012,-8.960,0.951,0.226,0.315,-0.530
404.743,0.000,-7.515,2.000,-3.763,-9.100,1.265,0.169,0.319,-0.238
404.748,0.000,-7.515,2.000,-3.448,-6.597,2.584,0.155,0.323,-0.108
404.754,0.000,-7.333,2.000,-2.224,-6.422,3.584,0.100,0.327,0.117
404.759,0.000,-7.333,2.000,-1.939,-5.678,4.246,0.087,0.329,0.152
404.765,0.000,-7.333,2.000,0.966,-5.952,3.467,-0.043,0.330,0.478
404.771,0.000,-7.333,2.000,2.892,-4.666,2.085,-0.130,0.329,0.608
404.776,0.000,-7.153,2.000,5.733,-3.040,1.783,-0.258,0.325,0.798
404.782,0.000,-7.153,2.000,6.422,-1.010,0.519,-0.289,0.321,0.705
404.788,0.000,-6.797,2.000,9.621,-0.421,3.108,-0.433,0.314,0.913
404.793,0.000,-6.797,2.000,9.633,0.566,2.129,-0.433,0.306,0.706
404.799,0.000,-6.621,2.000,8.817,0.434,0.931,-0.397,0.299,0.470
404.805,0.000,-6.621,2.000,6.922,1.325,1.017,-0.311,0.294,0.189
404.810,0.000,-5.589,2.000,6.029,1.137,0.083,-0.271,0.289,0.077
404.816,0.000,-5.589,2.000,5.732,2.049,0.299,-0.258,0.284,0.035
404.821,0.000,-4.924,2.000,6.897,1.313,0.724,-0.310,0.279,0.195
404.827,0.000,-4.924,2.000,6.659,2.678,0.420,-0.300,0.275,0.163
404.832,0.000,-4.924,2.000,6.442,8.718,1.753,-0.290,0.271,0.146
404.837,0.000,-3.014,2.000,7.014,11.032,1.554,-0.316,0.266,0.196
404.843,0.000,-3.014,2.000,6.932,9.383,2.110,-0.312,0.261,0.171
404.848,0.000,-3.014,2.000,6.927,12.098,1.077,-0.312,0.256,0.180
404.854,0.000,-1.642,2.000,4.499,10.268,1.835,-0.202,0.252,-0.067
404.860,0.000,-1.642,2.000,2.316,8.454,1.826,-0.104,0.251,-0.251
404.865,0.000,-1.642,2.000,2.361,9.544,1.796,-0.106,0.249,-0.161
404.871,0.000,-1.642,2.000,2.908,8.722,3.428,-0.131,0.248,-0.029
404.877,0.000,-1.043,2.000,1.264,11.058,2.031,-0.057,0.246,-0.204
404.882,0.000,-1.043,2.000,-1.561,12.968,1.965,0.070,0.247,-0.447
404.888,0.000,-0.893,2.000,-1.717,13.100,0.051,0.077,0.249,-0.323
404.893,0.000,-0.893,2.000,-2.401,12.877,-1.474,0.108,0.251,-0.287
404.899,0.000,-0.893,2.000,-2.134,11.127,-3.127,0.096,0.253,-0.172
404.904,0.000,-0.893,2.000,-3.441,10.258,-4.347,0.155,0.256,-0.253
404.910,0.000,-0.893,2.000,-3.700,10.502,-1.635,0.166,0.259,-0.207
404.915,0.000,-0.893,2.000,-4.839,11.418,0.367,0.218,0.263,-0.263
404.921,0.000,-0.893,2.000,-6.261,12.797,1.438,0.282,0.268,-0.341
404.926,0.000,-0.744,2.000,-7.028,14.508,1.897,0.316,0.275,-0.312
404.932,0.000,-0.744,2.000,-7.622,14.492,1.538,0.343,0.281,-0.277
404.938,0.000,-0.744,2.000,-5.817,16.945,0.974,0.262,0.287,0.010
404.943,0.000,-0.744,2.000,-6.409,16.578,-0.701,0.288,0.293,-0.050
404.949,0.000,-0.595,2.000,-6.412,14.118,-0.313,0.289,0.298,-0.043
404.954,0.000,-0.595,2.000,-6.118,15.455,-0.317,0.275,0.303,0.006
404.959,0.000,-0.595,2.000,-6.672,14.574,0.380,0.300,0.308,-0.080
404.964,0.000,-0.595,2.000,-5.985,13.448,1.699,0.269,0.312,0.011
404.969,0.000,-0.595,2.000,-4.103,15.188,0.624,0.185,0.316,0.233
404.975,0.000,-0.446,2.000,-4.325,13.562,0.171,0.195,0.319,0.136
404.980,0.000,-0.446,2.000,-5.186,13.262,0.506,0.233,0.322,-0.019
404.986,0.000,-0.446,2.000,-5.335,13.062,0.239,0.240,0.326,-0.052
404.991,0.000,-0.446,2.000,-4.094,12.700,2.042,0.184,0.329,0.069
404.997,0.000,-0.446,2.000,-2.051,13.560,3.657,0.092,0.331,0.240
405.002,0.000,-0.446,2.000,-0.512,13.523,3.127,0.023,0.331,0.317
405.007,0.000,-0.446,2.000,-2.680,12.196,2.416,0.121,0.331,-0.071
405.013,0.000,-0.446,2.000,-2.344,10.470,4.317,0.105,0.333,-0.056
405.018,0.000,-0.446,2.000,-2.767,8.586,4.378,0.124,0.334,-0.125
405.024,0.000,-0.446,2.000,-2.746,9.332,2.650,0.124,0.336,-0.137
405.029,0.000,-0.446,2.000,-2.411,8.294,2.330,0.109,0.337,-0.102
405.035,0.000,-0.446,2.000,-3.310,8.666,2.487,0.149,0.339,-0.233
405.040,0.000,-0.446,2.000,-2.566,9.458,1.632,0.115,0.341,-0.102
405.046,0.000,-0.446,2.000,-1.054,10.314,1.179,0.047,0.343,0.097
405.051,0.000,-0.446,2.000,-0.094,11.129,0.974,0.004,0.343,0.184
405.057,0.000,-0.446,2.000,-0.715,12.426,1.315,0.032,0.344,0.078
405.062,0.000,-0.446,2.000,-1.317,13.141,0.523,0.059,0.345,0.018
405.068,0.000,-0.446,2.000,-2.384,13.804,0.351,0.107,0.347,-0.070
405.073,0.000,-0.446,2.000,-2.314,15.623,0.486,0.104,0.350,-0.034
405.079,0.000,-0.446,2.000,-1.706,15.857,1.093,0.077,0.351,0.052
405.084,0.000,-0.446,2.000,-1.915,16.188,2.459,0.086,0.353,0.022
405.090,0.000,-0.446,2.000,-2.550,18.373,2.548,0.115,0.355,-0.067
405.095,0.000,-0.446,2.000,-3.230,21.590,1.987,0.145,0.357,-0.139
405.100,0.000,-0.446,2.000,-3.674,23.777,-0.401,0.165,0.359,-0.179
405.106,0.000,-0.446,2.000,-3.382,24.729,-1.776,0.152,0.361,-0.146
405.111,0.000,-0.446,2.000,-3.876,25.110,-1.883,0.174,0.363,-0.255
405.117,0.000,-0.446,2.000,-5.298,27.353,-2.854,0.238,0.366,-0.430
405.122,0.000,-0.446,2.000,-6.173,27.024,-1.745,0.278,0.369,-0.507
405.128,0.000,-0.446,2.000,-6.208,24.174,0.946,0.279,0.372,-0.483
405.133,0.000,-0.446,2.000,-6.038,22.483,2.497,0.272,0.376,-0.424
405.139,0.000,-0.446,2.000,-4.295,19.732,4.378,0.193,0.379,-0.180
405.144,0.000,-0.446,2.000,-2.411,19.379,4.487,0.108,0.381,0.041
405.150,0.000,-0.446,2.000,-1.882,16.864,5.497,0.085,0.383,0.099
405.155,0.000,-0.446,2.000,0.103,15.894,5.283,-0.005,0.383,0.297
405.161,0.000,-0.446,2.000,1.197,14.079,4.675,-0.054,0.382,0.351
405.166,0.000,-0.446,2.000,1.721,11.323,2.494,-0.077,0.381,0.338
405.172,0.000,-0.446,2.000,3.189,8.529,2.089,-0.143,0.379,0.408
405.177,0.000,-0.446,2.000,4.288,5.479,2.493,-0.193,0.376,0.426
405.183,0.000,-0.446,2.000,4.467,5.002,3.065,-0.201,0.372,0.318
405.188,0.000,-0.297,2.000,4.643,3.317,3.979,-0.209,0.367,0.230
405.193,0.000,-0.297,2.000,5.129,4.545,2.345,-0.231,0.363,0.183
405.199,0.000,-0.297,2.000,6.373,2.374,2.840,-0.287,0.357,0.244
405.204,0.000,-0.297,2.000,6.925,0.596,1.095,-0.312,0.352,0.252
405.209,0.000,-0.297,2.000,7.336,-2.387,1.249,-0.330,0.347,0.260
405.214,0.000,-0.297,2.000,5.631,-0.274,0.883,-0.253,0.342,0.000
405.219,0.000,-0.297,2.000,4.636,-1.966,1.630,-0.209,0.339,-0.086
405.224,0.000,-0.297,2.000,1.106,-0.791,3.635,-0.050,0.338,-0.436
405.230,0.000,-0.297,2.000,2.386,2.793,5.983,-0.107,0.337,-0.118
405.235,0.000,-0.149,2.000,3.374,6.350,6.361,-0.152,0.336,0.086
405.241,0.000,-0.149,2.000,1.321,7.445,6.455,-0.059,0.336,-0.069
405.247,0.000,-0.149,2.000,-0.872,8.480,5.001,0.039,0.338,-0.243
405.253,0.000,-0.149,2.000,-0.480,8.045,5.258,0.022,0.339,-0.026
405.259,0.000,-0.149,2.000,-1.366,8.170,3.732,0.061,0.341,-0.064
405.266,0.000,0.000,2.000,-1.434,9.950,1.235,0.065,0.343,-0.016
405.272,0.000,0.000,2.000,-1.018,10.564,0.768,0.046,0.344,0.036
405.278,0.000,0.000,2.000,0.906,10.731,0.382,-0.041,0.345,0.328
405.284,0.149,0.000,2.000,0.436,10.720,2.692,-0.013,0.345,0.219
405.290,0.297,0.000,2.000,1.886,9.774,-0.029,-0.071,0.344,0.337
405.295,0.297,0.000,2.000,3.405,12.309,0.946,-0.140,0.342,0.480
405.300,0.297,0.000,2.000,6.032,14.092,3.420,-0.258,0.339,0.725
405.306,1.192,0.000,2.000,5.923,15.099,4.229,-0.213,0.336,0.545
405.311,1.192,0.000,2.000,3.397,14.780,3.030,-0.099,0.333,0.062
405.316,1.192,0.000,2.000,3.790,10.273,1.807,-0.117,0.330,0.057
405.321,1.192,0.000,2.000,4.531,6.809,0.561,-0.150,0.327,0.099
405.326,3.955,0.000,2.000,5.503,7.011,0.538,-0.070,0.324,0.160
405.332,3.955,0.000,2.000,5.087,5.686,1.515,-0.051,0.323,0.085
405.338,4.114,0.000,2.000,5.256,2.830,2.036,-0.051,0.322,0.076
405.343,5.255,0.000,2.000,5.580,1.625,3.010,-0.015,0.321,0.091
405.349,5.758,0.000,2.000,3.775,2.798,3.105,0.089,0.322,-0.121
405.355,5.758,0.000,2.000,4.883,2.555,5.554,0.039,0.324,0.056
405.360,5.758,0.000,2.000,5.566,4.059,5.919,0.009,0.325,0.134
405.366,7.883,0.000,2.000,5.714,4.033,5.022,0.098,0.325,0.121
405.371,7.883,0.000,2.000,5.766,3.932,4.623,0.095,0.328,0.122
405.377,7.883,0.000,2.000,5.885,3.620,5.399,0.090,0.329,0.103
405.383,7.883,0.000,2.000,6.740,4.866,5.383,0.051,0.330,0.158
405.388,7.883,0.000,2.000,6.177,4.815,4.342,0.077,0.331,0.049
405.394,7.883,0.000,2.000,5.273,6.168,4.902,0.117,0.333,-0.098
405.400,12.380,0.000,2.000,4.127,7.910,3.716,0.371,0.338,-0.247
405.405,12.380,0.000,2.000,4.261,5.778,1.703,0.365,0.344,-0.212
405.411,12.380,0.000,2.000,2.206,3.813,1.536,0.458,0.351,-0.438
405.417,12.380,0.000,2.000,1.428,6.886,2.344,0.493,0.360,-0.443
405.422,16.302,0.000,2.000,2.668,6.304,2.214,0.614,0.371,-0.233
405.428,16.302,0.000,2.000,2.560,5.729,1.511,0.618,0.383,-0.197
405.434,21.884,0.000,2.000,2.409,9.486,0.552,0.876,0.396,-0.150
405.439,21.884,0.000,2.000,3.534,10.096,1.466,0.826,0.412,0.019
405.445,23.890,0.000,2.000,3.561,10.394,2.015,0.915,0.429,0.011
405.451,27.145,0.000,2.000,3.673,7.534,3.090,1.056,0.447,0.018
405.456,27.145,0.000,2.000,3.756,8.941,1.203,1.053,0.466,0.009
405.462,27.145,0.000,2.000,6.964,7.144,3.526,0.908,0.484,0.363
405.468,27.145,0.000,2.000,11.677,8.288,1.961,0.696,0.499,0.793
405.473,30.306,0.000,2.000,15.773,10.896,1.596,0.654,0.511,1.063
405.479,30.306,0.000,2.000,18.956,12.086,3.486,0.511,0.521,1.156
405.484,31.988,-0.149,2.000,20.575,12.965,5.183,0.514,0.532,1.056
405.490,32.855,-0.149,2.000,22.532,11.933,5.906,0.464,0.541,1.015
405.496,32.855,-0.149,2.000,24.264,9.972,4.715,0.387,0.548,0.953
405.501,32.855,-0.149,2.000,25.982,8.340,3.574,0.309,0.554,0.894
405.507,37.951,-0.297,2.000,26.613,9.696,3.147,0.510,0.565,0.743
405.514,37.951,-0.297,2.000,28.753,8.947,2.055,0.414,0.575,0.789
405.520,42.028,-0.297,2.000,28.894,4.768,1.427,0.591,0.585,0.623
405.526,44.191,-0.297,2.000,27.805,4.101,3.393,0.737,0.599,0.382
405.532,44.191,-0.297,2.000,30.029,4.937,5.650,0.637,0.614,0.553
405.538,44.191,-0.297,2.000,32.232,3.551,5.985,0.538,0.626,0.663
405.545,47.598,-0.297,2.000,31.770,3.277,5.755,0.712,0.640,0.474
405.551,47.598,-0.297,2.000,31.771,2.063,3.569,0.712,0.655,0.364
405.557,47.598,-0.297,2.000,33.701,-0.289,0.719,0.625,0.669,0.457
405.563,47.598,-0.297,2.000,33.241,0.147,-0.533,0.646,0.682,0.283
405.570,47.598,-0.297,2.000,33.956,1.096,-2.575,0.614,0.695,0.295
405.576,47.598,-0.297,2.000,37.851,1.502,-1.897,0.439,0.705,0.590
405.582,47.598,-0.297,2.000,39.182,3.412,-0.291,0.379,0.712,0.555
405.588,47.598,-0.297,2.000,41.194,3.031,0.829,0.288,0.718,0.603
405.594,47.598,-0.297,2.000,43.069,2.590,1.846,0.204,0.722,0.606
405.601,47.598,-0.446,2.000,46.512,1.680,3.505,0.049,0.724,0.770
405.607,47.598,-0.446,2.000,48.510,3.357,3.240,-0.041,0.723,0.758
405.614,47.598,-0.446,2.000,49.583,1.438,2.823,-0.089,0.722,0.670
405.620,47.598,-0.446,2.000,52.161,0.965,2.097,-0.205,0.719,0.772
405.627,47.598,-0.446,2.000,53.309,-1.259,1.702,-0.257,0.714,0.694
405.633,47.598,-0.446,2.000,52.718,-4.184,0.240,-0.230,0.709,0.476
405.640,47.598,-0.446,2.000,53.567,-3.508,-1.080,-0.269,0.703,0.441
405.646,47.598,-0.446,2.000,52.062,-2.730,-1.319,-0.201,0.698,0.182
405.653,47.598,-0.446,2.000,50.903,-1.219,-0.087,-0.149,0.694,-0.002
405.659,47.598,-0.446,2.000,49.603,1.888,2.555,-0.090,0.690,-0.167
405.666,47.598,-0.446,2.000,52.617,-0.031,4.472,-0.226,0.685,0.114
405.673,47.598,-0.446,2.000,51.301,0.924,6.439,-0.167,0.681,-0.041
405.679,47.598,-0.446,2.000,53.155,-0.305,5.302,-0.250,0.677,0.181
405.686,47.598,-0.446,2.000,52.071,-1.959,3.371,-0.201,0.673,0.053
405.692,47.598,-0.446,2.000,52.484,-0.486,0.237,-0.220,0.668,0.081
405.699,47.598,-0.446,2.000,53.542,4.407,-0.132,-0.267,0.663,0.185
405.705,47.598,-0.446,2.000,49.638,4.594,-0.431,-0.092,0.660,-0.243
405.712,47.598,-0.446,2.000,49.599,7.400,0.820,-0.090,0.656,-0.252
405.718,47.598,-0.446,2.000,51.507,4.601,4.337,-0.176,0.652,-0.026
405.725,45.304,-0.446,2.000,50.401,-0.604,6.055,-0.229,0.648,-0.098
405.731,45.304,-0.446,2.000,49.084,-3.748,5.162,-0.170,0.644,-0.181
405.738,40.978,-0.446,2.000,51.531,-2.578,0.066,-0.475,0.636,0.103
405.744,38.443,-0.446,2.000,52.926,-3.640,-0.460,-0.652,0.623,0.203
405.751,38.940,-0.446,2.000,53.850,-6.129,-1.138,-0.671,0.609,0.237
405.757,38.940,-0.446,2.000,55.148,-6.353,-0.810,-0.729,0.592,0.269
405.764,38.940,-0.446,2.000,55.409,-7.542,0.360,-0.741,0.576,0.229
405.770,38.940,-0.446,2.000,56.559,-4.121,1.137,-0.793,0.560,0.289
405.777,38.940,-0.446,2.000,58.123,-1.414,1.492,-0.863,0.541,0.350
405.783,38.940,-0.446,2.000,60.705,-0.119,2.484,-0.979,0.522,0.548
405.790,39.442,-0.446,2.000,60.553,1.608,1.759,-0.950,0.501,0.403
405.796,39.442,-0.446,2.000,59.717,0.551,1.773,-0.912,0.481,0.242
405.803,39.442,-0.446,2.000,59.989,-1.575,1.529,-0.925,0.462,0.223
405.809,39.442,-0.446,2.000,58.178,1.989,1.350,-0.843,0.443,-0.003
405.816,38.940,-0.446,2.000,57.398,4.207,0.280,-0.831,0.424,-0.089
405.822,38.940,-0.446,2.000,57.418,6.578,-0.974,-0.832,0.405,-0.091
405.829,39.442,-0.446,2.000,54.501,11.574,1.348,-0.678,0.388,-0.397
405.835,39.949,-0.446,2.000,55.058,12.510,1.659,-0.680,0.373,-0.273
405.842,39.949,-0.446,2.000,55.703,11.159,1.978,-0.709,0.359,-0.098
405.848,39.949,-0.446,2.000,53.995,10.257,1.929,-0.632,0.346,-0.210
405.855,39.949,-0.446,2.000,52.455,10.305,2.242,-0.563,0.334,-0.259
405.861,45.869,-0.297,2.000,50.354,6.386,0.130,-0.202,0.329,-0.372
405.867,45.869,-0.297,2.000,49.758,3.768,-0.939,-0.175,0.326,-0.318
405.874,49.377,-0.149,2.000,49.610,-1.794,-1.569,-0.010,0.324,-0.233
405.879,49.377,-0.149,2.000,49.912,-1.024,-0.863,-0.024,0.324,-0.129
405.885,50.592,-0.297,2.000,49.442,-3.001,0.528,0.052,0.325,-0.134
405.891,50.592,-0.297,2.000,48.378,-0.295,-0.756,0.100,0.327,-0.207
405.897,50.592,-0.149,2.000,50.993,-0.234,-1.914,-0.018,0.328,0.114
405.903,50.592,-0.149,2.000,53.925,-0.509,-1.561,-0.150,0.326,0.434
405.909,50.592,-0.149,2.000,53.926,-4.393,-0.986,-0.150,0.323,0.337
405.915,50.592,-0.149,2.000,55.231,-4.156,-2.293,-0.209,0.321,0.440
405.920,50.592,-0.149,2.000,55.474,-5.903,0.862,-0.220,0.317,0.388
405.926,50.592,-0.149,2.000,57.161,-9.459,1.295,-0.296,0.312,0.487
405.932,50.592,-0.149,2.000,55.515,-7.710,-0.669,-0.222,0.308,0.204
405.937,50.592,-0.297,2.000,53.611,-7.253,0.375,-0.136,0.305,-0.029
405.944,50.592,-0.297,2.000,57.690,-5.224,0.049,-0.319,0.300,0.425
405.950,49.982,-0.149,2.000,61.037,-2.524,-0.726,-0.497,0.292,0.669
405.955,49.982,-0.149,2.000,63.434,-0.626,-2.133,-0.605,0.281,0.774
405.961,49.982,-0.149,2.000,62.719,1.036,-2.211,-0.573,0.270,0.503
405.967,49.982,-0.149,2.000,60.641,4.209,-0.407,-0.480,0.261,0.156
405.972,49.982,-0.149,2.000,57.860,2.306,-0.168,-0.355,0.254,-0.168
405.978,44.745,-0.149,2.000,54.128,3.401,0.138,-0.422,0.245,-0.515
405.984,43.099,0.000,2.000,52.076,3.058,0.180,-0.404,0.238,-0.588
405.989,43.099,0.000,2.000,50.713,3.368,1.790,-0.343,0.231,-0.568
405.995,43.099,0.000,2.000,50.352,4.199,2.621,-0.326,0.225,-0.454
406.001,36.504,0.000,2.000,50.165,7.276,3.992,-0.615,0.214,-0.333
406.006,36.504,0.000,2.000,51.722,8.367,4.489,-0.685,0.203,-0.005
406.012,36.504,0.000,2.000,52.662,8.347,3.585,-0.727,0.191,0.153
406.018,36.504,0.000,2.000,52.496,9.254,0.930,-0.720,0.179,0.171
406.023,27.145,0.000,2.000,50.739,10.886,-0.077,-1.062,0.160,-0.009
406.029,27.145,0.000,2.000,49.865,9.892,1.090,-1.022,0.142,-0.048
406.035,23.207,0.000,2.000,47.693,7.958,1.000,-1.102,0.124,-0.216
406.040,23.207,0.000,2.000,46.892,8.399,2.364,-1.066,0.105,-0.184
406.046,23.207,0.000,2.000,44.664,9.101,1.535,-0.966,0.086,-0.363
406.052,10.019,0.000,2.000,41.627,9.573,0.242,-1.422,0.063,-0.602
406.057,10.019,0.000,2.000,38.196,10.129,0.514,-1.268,0.038,-0.828
406.063,10.019,0.000,2.000,34.209,11.221,-0.645,-1.089,0.016,-1.093
406.068,10.019,0.000,2.000,30.139,11.336,-2.667,-0.905,-0.002,-1.300
406.074,0.149,0.149,2.000,26.174,9.582,-3.186,-1.171,-0.021,-1.481
406.080,0.000,0.297,2.000,25.221,7.862,-0.749,-1.135,-0.047,-1.273
406.085,0.000,0.297,2.000,22.888,4.979,-0.538,-1.030,-0.067,-1.344
406.091,0.000,0.297,2.000,23.208,4.236,-3.089,-1.044,-0.086,-1.038
406.096,0.000,0.149,2.000,18.407,4.964,-3.554,-0.828,-0.101,-1.347
406.102,0.000,0.149,2.000,15.764,3.505,-1.611,-0.709,-0.117,-1.267
406.108,0.000,0.149,2.000,12.896,2.464,-1.412,-0.580,-0.130,-1.256
406.114,0.000,0.149,2.000,11.268,1.644,-1.796,-0.507,-0.140,-1.051
406.120,-0.149,0.000,2.000,9.531,0.680,-1.722,-0.436,-0.150,-0.969
406.126,-0.149,0.000,2.000,7.453,-0.929,-2.036,-0.342,-0.159,-0.972
406.132,-0.149,0.000,2.000,6.117,-0.372,-0.288,-0.282,-0.166,-0.921
406.139,-0.149,-0.149,2.000,5.632,1.524,1.119,-0.260,-0.172,-0.699
406.145,-0.149,-0.149,2.000,3.194,1.794,0.394,-0.150,-0.176,-0.804
406.151,-1.793,-0.149,2.000,2.012,1.409,2.187,-0.171,-0.179,-0.725
406.156,-1.793,-0.149,2.000,1.232,1.277,-0.411,-0.136,-0.182,-0.675
406.162,-3.955,-0.149,2.000,-0.655,4.680,-0.981,-0.148,-0.187,-0.785
406.168,-3.955,-0.149,2.000,-4.527,6.295,-0.848,0.026,-0.189,-1.065
406.173,-6.621,-0.149,2.000,-6.294,9.160,-0.071,-0.015,-0.189,-1.066
406.179,-6.621,-0.149,2.000,-8.555,8.418,2.418,0.087,-0.190,-1.144
406.185,-8.069,-0.149,2.000,-10.105,6.519,1.991,0.092,-0.191,-1.108
406.190,-8.069,-0.149,2.000,-9.695,3.176,0.765,0.073,-0.191,-0.862
406.196,-11.493,-0.149,2.000,-9.560,1.563,-0.092,-0.087,-0.192,-0.725
406.202,-11.493,-0.149,2.000,-8.540,-2.359,0.862,-0.133,-0.196,-0.530
406.207,-12.836,-0.149,2.000,-9.026,-3.201,-0.860,-0.171,-0.201,-0.521
406.213,-12.836,-0.149,2.000,-9.458,-4.876,-0.160,-0.152,-0.205,-0.504
406.219,-12.836,-0.149,2.000,-9.881,-6.587,0.644,-0.133,-0.209,-0.471
406.224,-17.947,-0.149,2.000,-10.955,-8.937,-0.755,-0.315,-0.215,-0.499
406.230,-19.398,-0.149,2.000,-11.330,-11.439,-0.499,-0.363,-0.222,-0.436
406.235,-19.398,-0.149,2.000,-11.997,-11.023,-1.810,-0.333,-0.229,-0.404
406.241,-19.398,-0.149,2.000,-11.911,-10.870,-0.355,-0.337,-0.235,-0.299
406.247,-24.236,-0.297,2.000,-15.249,-9.996,0.456,-0.404,-0.245,-0.577
406.253,-24.236,-0.297,2.000,-20.139,-7.368,-0.899,-0.184,-0.250,-0.938
406.259,-24.236,-0.297,2.000,-21.913,-8.128,-0.677,-0.105,-0.253,-0.886
406.266,-29.491,-0.297,2.000,-23.684,-8.693,2.284,-0.261,-0.255,-0.831
406.272,-29.491,-0.297,2.000,-29.243,-8.421,4.338,-0.011,-0.257,-1.172
406.278,-30.306,-0.297,2.000,-32.545,-5.040,4.889,0.101,-0.255,-1.199
406.284,-32.419,-0.297,2.000,-35.903,-0.247,3.154,0.157,-0.253,-1.242
406.290,-32.855,-0.297,2.000,-40.441,2.096,2.587,0.341,-0.247,-1.409
406.296,-34.642,-0.297,2.000,-42.812,-1.099,3.350,0.368,-0.240,-1.308
406.303,-34.642,-0.297,2.000,-46.359,-1.765,2.980,0.527,-0.229,-1.322
406.309,-34.642,-0.297,2.000,-50.231,-1.109,3.333,0.701,-0.217,-1.404
406.315,-40.978,-0.297,2.000,-50.299,3.910,1.350,0.419,-0.206,-1.063
406.321,-40.978,-0.297,2.000,-53.527,6.191,0.769,0.565,-0.195,-1.092
406.327,-40.978,-0.297,2.000,-56.626,6.765,1.998,0.704,-0.181,-1.118
406.333,-40.978,-0.297,2.000,-55.628,1.667,4.030,0.659,-0.167,-0.756
406.340,-51.209,-0.297,2.000,-55.802,-1.713,4.879,0.207,-0.163,-0.586
406.346,-51.209,-0.297,2.000,-55.338,-1.738,5.717,0.186,-0.159,-0.396
406.352,-56.357,-0.297,2.000,-55.477,-0.269,4.433,-0.040,-0.158,-0.299
406.358,-57.028,-0.297,2.000,-56.305,0.237,3.312,-0.033,-0.158,-0.292
406.364,-57.028,-0.297,2.000,-58.072,-1.992,2.656,0.047,-0.158,-0.417
406.371,-57.028,-0.297,2.000,-58.069,-4.350,3.060,0.047,-0.157,-0.313
406.377,-62.630,-0.297,2.000,-58.000,-3.897,3.557,-0.208,-0.160,-0.244
406.383,-63.360,-0.297,2.000,-57.057,-0.184,2.518,-0.284,-0.164,-0.043
406.389,-63.360,-0.297,2.000,-57.846,1.955,1.995,-0.248,-0.168,-0.056
406.395,-63.360,-0.297,2.000,-58.502,1.217,3.841,-0.219,-0.173,-0.130
406.402,-65.590,-0.297,2.000,-59.871,0.122,5.274,-0.257,-0.181,-0.292
406.408,-66.347,-0.297,2.000,-59.491,-0.309,5.869,-0.308,-0.188,-0.236
406.414,-66.347,-0.297,2.000,-59.882,-0.453,7.154,-0.291,-0.194,-0.234
406.420,-67.111,-0.297,2.000,-59.942,3.007,5.877,-0.323,-0.199,-0.161
406.426,-67.111,-0.297,2.000,-62.716,6.867,3.195,-0.198,-0.203,-0.345
406.432,-67.111,-0.297,2.000,-67.803,9.232,2.712,0.031,-0.204,-0.747
406.438,-67.882,-0.297,2.000,-72.906,8.940,3.117,0.226,-0.202,-1.122
406.444,-67.882,-0.297,2.000,-76.901,5.973,5.351,0.406,-0.196,-1.323
406.450,-67.882,-0.297,2.000,-77.449,5.100,4.557,0.431,-0.188,-1.049
406.457,-67.882,-0.297,2.000,-79.022,4.337,3.960,0.501,-0.178,-0.938
406.463,-71.036,-0.297,2.000,-81.156,7.052,3.004,0.455,-0.169,-0.909
406.469,-74.306,-0.297,2.000,-83.440,5.385,4.156,0.411,-0.159,-0.880
406.475,-74.306,-0.297,2.000,-84.982,5.248,3.781,0.480,-0.149,-0.809
406.481,-74.306,-0.297,2.000,-87.616,3.712,5.252,0.599,-0.138,-0.883
406.487,-74.306,-0.297,2.000,-87.480,1.966,4.311,0.593,-0.126,-0.662
406.494,-74.306,-0.297,2.000,-90.548,1.660,2.979,0.731,-0.113,-0.831
406.500,-74.306,-0.297,2.000,-92.053,1.482,3.357,0.799,-0.097,-0.782
406.506,-74.306,-0.297,2.000,-92.726,1.601,2.758,0.829,-0.080,-0.632
406.512,-74.306,-0.297,2.000,-93.404,2.597,2.464,0.859,-0.061,-0.505
406.518,-74.306,-0.297,2.000,-95.178,5.259,1.234,0.939,-0.042,-0.561
406.524,-74.306,-0.297,2.000,-95.994,3.438,2.865,0.976,-0.023,-0.531
406.531,-74.306,-0.297,2.000,-97.246,1.923,3.182,1.032,-0.003,-0.528
406.537,-103.917,-0.297,2.000,-97.866,2.604,4.798,-0.272,0.001,-0.464
406.543,-103.917,-0.297,2.000,-98.398,3.887,3.335,-0.248,-0.004,-0.394
406.549,-103.917,-0.297,2.000,-99.089,5.015,1.865,-0.217,-0.009,-0.367
406.555,-103.917,-0.297,2.000,-99.442,6.263,2.351,-0.201,-0.014,-0.339
406.562,-109.465,-0.297,2.000,-99.187,3.653,2.877,-0.462,-0.021,-0.200
406.568,-109.465,-0.297,2.000,-100.778,1.779,4.671,-0.391,-0.028,-0.270
406.574,-109.465,-0.297,2.000,-102.679,2.598,3.856,-0.305,-0.035,-0.395
406.580,-109.465,-0.297,2.000,-103.773,4.577,3.893,-0.256,-0.041,-0.432
406.586,-117.624,-0.149,2.000,-107.173,3.976,3.903,-0.470,-0.052,-0.724
406.591,-120.042,-0.149,2.000,-108.303,2.622,4.397,-0.528,-0.062,-0.701
406.597,-120.042,-0.149,2.000,-110.984,1.584,4.847,-0.408,-0.071,-0.862
406.603,-120.042,-0.149,2.000,-113.615,1.151,5.633,-0.289,-0.078,-0.980
406.608,-122.500,-0.149,2.000,-115.575,-0.216,5.143,-0.312,-0.085,-0.981
406.614,-122.500,-0.149,2.000,-117.353,0.136,4.471,-0.232,-0.090,-0.962
406.620,-122.500,-0.149,2.000,-121.022,2.685,3.695,-0.066,-0.093,-1.145
406.625,-122.500,-0.149,2.000,-124.447,2.896,5.381,0.088,-0.093,-1.261
406.631,-123.743,-0.149,2.000,-126.180,2.875,7.249,0.110,-0.091,-1.149
406.636,-123.743,-0.149,2.000,-127.821,2.464,8.133,0.183,-0.088,-1.054
406.642,-123.743,-0.149,2.000,-130.239,3.156,6.844,0.292,-0.082,-1.023
406.648,-123.743,-0.149,2.000,-130.199,3.093,6.210,0.291,-0.076,-0.690
406.653,-123.743,0.000,2.000,-129.865,5.605,3.619,0.275,-0.069,-0.428
406.659,-123.743,0.000,2.000,-130.544,5.550,2.900,0.306,-0.062,-0.292
406.664,-123.743,0.000,2.000,-132.315,6.385,3.756,0.386,-0.054,-0.330
406.670,-123.743,0.000,2.000,-134.620,7.985,3.960,0.489,-0.044,-0.443
406.676,-122.500,0.000,2.000,-135.473,10.420,1.727,0.584,-0.033,-0.393
406.681,-123.743,0.000,2.000,-138.356,9.929,1.914,0.658,-0.021,-0.604
406.687,-123.743,0.000,2.000,-138.885,8.454,3.680,0.681,-0.009,-0.554
406.693,-123.743,0.000,2.000,-139.969,8.171,3.940,0.730,0.003,-0.602
406.698,-126.260,0.000,2.000,-141.553,6.619,4.380,0.688,0.015,-0.670
406.704,-126.260,0.000,2.000,-143.768,4.965,5.628,0.788,0.029,-0.773
406.709,-126.260,0.000,2.000,-142.414,3.396,6.470,0.727,0.042,-0.465
406.715,-126.260,0.000,2.000,-141.652,5.286,4.119,0.693,0.055,-0.295
406.721,-131.417,0.000,2.000,-143.431,3.306,6.417,0.541,0.066,-0.453
406.726,-131.417,0.000,2.000,-142.687,4.638,6.201,0.507,0.075,-0.326
406.731,-131.417,0.000,2.000,-144.642,4.028,4.989,0.595,0.084,-0.525
406.736,-131.417,0.000,2.000,-146.170,4.432,5.007,0.664,0.094,-0.644
406.741,-131.417,0.000,2.000,-145.876,4.590,4.497,0.651,0.104,-0.482
406.746,-131.417,0.000,2.000,-145.251,4.483,3.979,0.623,0.114,-0.333
406.752,-131.417,0.000,2.000,-146.878,4.084,4.248,0.696,0.125,-0.489
406.757,-131.417,0.000,2.000,-147.569,5.639,3.492,0.727,0.137,-0.474
406.762,-131.417,0.000,2.000,-147.644,4.200,2.515,0.730,0.149,-0.379
406.767,-147.899,0.000,2.000,-147.831,4.229,3.904,-0.003,0.158,-0.328
406.773,-147.899,0.000,2.000,-146.839,2.924,5.271,-0.048,0.157,-0.133
406.778,-147.899,0.000,2.000,-145.600,3.304,4.482,-0.103,0.156,0.057
406.784,-147.899,0.000,2.000,-146.086,1.505,4.857,-0.082,0.155,0.016
406.789,-147.899,0.000,2.000,-147.130,1.891,5.058,-0.035,0.155,-0.067
406.795,-147.899,0.000,2.000,-149.094,2.384,4.260,0.054,0.156,-0.230
406.801,-147.899,0.000,2.000,-150.250,2.700,2.654,0.106,0.158,-0.276
406.806,-147.899,0.149,2.000,-150.365,2.820,3.793,0.111,0.160,-0.223
406.812,-147.899,0.297,2.000,-150.158,4.434,3.802,0.102,0.162,-0.152
406.818,-147.899,0.297,2.000,-150.768,5.550,4.703,0.129,0.164,-0.182
406.824,-147.899,0.297,2.000,-152.300,8.319,4.315,0.198,0.167,-0.320
406.831,-146.466,1.043,2.000,-152.140,8.166,5.250,0.255,0.172,-0.231
406.837,-145.044,0.893,2.000,-152.437,7.352,6.597,0.333,0.178,-0.203
406.844,-145.044,0.893,2.000,-154.905,6.682,4.686,0.444,0.188,-0.373
406.850,-145.044,0.893,2.000,-156.699,8.135,2.773,0.524,0.199,-0.440
406.856,-130.112,1.192,2.000,-158.609,9.828,1.434,1.282,0.225,-0.542
406.863,-124.997,1.192,2.000,-158.547,9.700,3.595,1.510,0.255,-0.448
406.869,-124.997,1.192,2.000,-156.924,7.395,4.843,1.437,0.285,-0.180
406.875,-100.698,1.192,2.000,-155.775,4.883,6.733,2.478,0.322,0.020
406.881,-90.535,1.192,2.000,-155.954,3.351,6.762,2.944,0.378,0.046
406.887,-90.535,1.192,2.000,-155.045,8.134,5.067,2.903,0.438,0.161
406.894,-90.535,1.192,2.000,-153.266,10.480,3.611,2.823,0.497,0.312
406.900,-61.907,1.043,2.000,-152.424,8.935,2.278,4.073,0.576,0.290
406.907,-55.692,0.893,2.000,-149.146,6.749,3.858,4.205,0.667,0.510
406.913,-55.692,0.893,2.000,-143.086,10.782,3.689,3.933,0.756,0.957
406.920,-23.207,0.000,2.000,-136.391,12.018,4.424,5.093,0.848,1.383
406.925,-23.207,0.000,2.000,-127.613,11.583,4.483,4.698,0.940,2.046
406.931,-23.207,0.000,2.000,-119.390,12.296,3.341,4.328,1.024,2.471
406.937,-6.621,-0.446,2.000,-113.991,13.462,2.867,4.832,1.117,2.446
406.943,-2.706,-0.446,2.000,-103.104,10.487,3.737,4.518,1.215,2.862
406.950,-2.706,-0.446,2.000,-91.914,11.443,4.093,4.014,1.307,3.196
406.956,-2.706,-0.446,2.000,-81.730,12.753,3.552,3.556,1.386,3.399
406.963,-2.706,-0.446,2.000,-70.372,9.603,4.637,3.045,1.455,3.630
406.969,-2.706,-0.446,2.000,-62.173,7.414,3.339,2.676,1.515,3.518
406.976,-2.706,-0.446,2.000,-51.298,9.003,2.312,2.187,1.566,3.692
406.982,0.000,-0.446,2.000,-42.126,10.292,2.195,1.896,1.608,3.671
406.988,0.000,-0.446,2.000,-34.184,9.624,3.651,1.538,1.639,3.655
406.993,0.000,-0.446,2.000,-25.866,12.463,2.161,1.164,1.662,3.634
406.999,0.000,-0.446,2.000,-18.226,13.802,1.102,0.820,1.679,3.579
407.004,0.000,-0.446,2.000,-12.802,13.356,1.576,0.576,1.690,3.267
407.010,0.000,-0.446,2.000,-8.485,11.824,2.603,0.382,1.698,2.922
407.015,0.000,-0.446,2.000,-5.171,9.973,2.625,0.233,1.702,2.531
407.021,0.149,-0.446,2.000,-2.458,10.942,2.219,0.117,1.704,2.173
407.026,0.149,-0.446,2.000,-0.368,11.208,2.723,0.023,1.704,1.804
407.032,0.297,-0.446,2.000,2.443,10.574,1.902,-0.097,1.701,1.614
407.038,0.446,-0.446,2.000,5.497,7.266,2.687,-0.227,1.697,1.486
407.044,0.446,-0.446,2.000,6.607,6.226,2.742,-0.277,1.692,1.232
407.051,3.325,-0.446,2.000,8.378,4.515,4.729,-0.227,1.687,1.128
407.057,3.325,-0.446,2.000,6.408,7.849,3.406,-0.139,1.683,0.678
407.064,3.955,-0.446,2.000,5.390,8.858,1.982,-0.065,1.681,0.380
407.070,3.955,-0.446,2.000,6.730,5.722,2.841,-0.125,1.678,0.395
407.077,6.446,-0.446,2.000,8.210,7.458,3.024,-0.079,1.676,0.415
407.083,7.153,-0.446,2.000,11.049,9.492,0.445,-0.175,1.673,0.623
407.090,7.153,-0.446,2.000,13.532,3.767,4.782,-0.287,1.668,0.703
407.096,7.153,-0.446,2.000,12.741,7.491,4.161,-0.251,1.662,0.438
407.103,8.636,-0.446,2.000,17.089,9.589,1.985,-0.380,1.655,0.736
407.109,8.636,-0.446,2.000,20.004,8.461,2.106,-0.512,1.645,0.832
407.116,9.023,-0.446,2.000,23.065,7.958,5.135,-0.632,1.632,0.926
407.122,9.023,-0.446,2.000,28.678,10.992,2.116,-0.884,1.614,1.218
407.129,8.829,-0.446,2.000,32.042,10.051,2.435,-1.045,1.593,1.258
407.135,8.829,-0.446,2.000,36.149,7.737,3.449,-1.229,1.568,1.335
407.142,8.829,-0.446,2.000,38.955,9.129,3.100,-1.356,1.539,1.273
407.148,8.829,-0.446,2.000,40.090,9.605,2.316,-1.407,1.510,1.085
407.155,9.615,-0.446,2.000,42.686,9.702,1.349,-1.488,1.478,1.060
407.161,9.615,-0.446,2.000,45.086,7.048,-0.128,-1.596,1.445,1.027
407.167,11.493,-0.297,2.000,45.449,5.769,2.436,-1.528,1.412,0.832
407.174,12.836,-0.446,2.000,47.663,10.169,2.193,-1.567,1.379,0.850
407.180,12.836,-0.446,2.000,47.586,5.247,2.002,-1.564,1.345,0.599
407.186,12.836,-0.446,2.000,49.847,1.758,6.124,-1.665,1.310,0.687
407.193,12.836,-0.446,2.000,48.763,10.173,1.263,-1.617,1.274,0.415
407.200,12.836,-0.446,2.000,47.637,6.408,1.694,-1.566,1.240,0.211
407.206,12.836,-0.446,2.000,51.461,3.216,5.499,-1.738,1.204,0.522
407.212,12.836,-0.446,2.000,50.382,3.283,4.438,-1.690,1.168,0.319
407.219,12.836,-0.446,2.000,50.228,4.944,4.431,-1.683,1.131,0.205
407.225,18.518,-0.446,2.000,50.369,5.969,2.270,-1.433,1.101,0.176
407.232,18.518,-0.446,2.000,50.290,4.326,0.402,-1.430,1.071,0.148
407.238,20.000,-0.446,2.000,47.835,1.763,3.672,-1.253,1.042,-0.124
407.245,20.000,-0.446,2.000,50.047,4.948,1.022,-1.352,1.014,0.129
407.251,20.000,-0.446,2.000,49.637,4.680,1.833,-1.334,0.985,0.079
407.258,20.000,-0.446,2.000,50.048,3.078,4.966,-1.352,0.955,0.066
407.264,21.243,-0.446,2.000,51.537,5.122,3.969,-1.363,0.926,0.177
407.271,23.207,-0.446,2.000,51.073,6.038,2.813,-1.254,0.899,0.113
407.277,23.207,-0.446,2.000,51.444,4.611,3.473,-1.271,0.872,0.101
407.284,27.145,-0.446,2.000,51.699,5.333,2.567,-1.105,0.845,0.064
407.290,28.300,-0.446,2.000,52.893,5.694,4.102,-1.107,0.821,0.147
407.297,28.300,-0.446,2.000,54.117,8.261,4.009,-1.162,0.797,0.260
407.303,28.300,-0.446,2.000,54.328,6.294,1.701,-1.171,0.771,0.202
407.310,33.295,-0.446,2.000,56.098,3.163,3.352,-1.026,0.749,0.302
407.316,33.295,-0.446,2.000,58.377,5.481,2.584,-1.129,0.726,0.452
407.323,33.295,-0.446,2.000,60.207,6.537,1.044,-1.211,0.701,0.540
407.329,42.560,-0.446,2.000,59.019,3.517,3.858,-0.741,0.678,0.280
407.336,48.185,-0.446,2.000,61.083,2.182,4.643,-0.580,0.662,0.385
407.342,48.185,-0.446,2.000,65.098,1.801,4.137,-0.761,0.647,0.680
407.349,48.185,-0.446,2.000,63.507,1.777,6.322,-0.689,0.632,0.369
407.355,54.380,-0.446,2.000,63.049,1.549,3.826,-0.390,0.623,0.213
407.361,54.380,-0.446,2.000,68.383,-3.761,6.074,-0.630,0.611,0.654
407.368,54.380,-0.446,2.000,67.777,-3.015,5.916,-0.603,0.598,0.448
407.374,65.590,-0.446,2.000,71.503,0.734,2.121,-0.266,0.587,0.706
407.381,65.590,-0.446,2.000,74.351,-2.236,2.072,-0.394,0.578,0.777
407.387,68.660,-0.446,2.000,79.329,-7.804,5.800,-0.480,0.570,1.075
407.394,68.660,-0.446,2.000,78.724,-3.005,1.473,-0.453,0.560,0.754
407.400,68.660,-0.446,2.000,85.181,-5.951,2.468,-0.743,0.546,1.195
407.407,80.316,-0.446,2.000,86.132,-9.017,3.740,-0.262,0.537,0.982
407.413,80.316,-0.446,2.000,88.436,-11.986,2.326,-0.365,0.530,0.967
407.420,84.840,-0.446,2.000,91.579,-12.210,2.427,-0.303,0.520,0.998
407.426,84.840,-0.446,2.000,96.491,-10.578,3.302,-0.524,0.511,1.242
407.433,85.769,-0.446,2.000,97.775,-9.308,2.051,-0.540,0.501,1.079
407.439,85.769,-0.446,2.000,101.321,-12.966,6.569,-0.700,0.486,1.128
407.446,85.769,-0.446,2.000,105.935,-12.294,7.530,-0.907,0.467,1.271
407.452,85.769,-0.446,2.000,109.009,-8.473,4.687,-1.046,0.447,1.288
407.459,85.769,-0.446,2.000,109.980,-7.738,3.887,-1.089,0.423,1.037
407.465,85.769,-0.446,2.000,114.393,-9.186,3.732,-1.288,0.395,1.143
407.472,85.769,-0.446,2.000,118.231,-7.159,2.122,-1.461,0.365,1.249
407.478,88.604,-0.446,2.000,120.093,-5.757,0.877,-1.417,0.336,1.137
407.485,88.604,-0.446,2.000,121.700,-5.544,2.942,-1.489,0.303,0.974
407.491,88.604,-0.446,2.000,125.252,-7.823,2.762,-1.649,0.269,1.073
407.498,92.499,-0.446,2.000,124.305,-9.928,4.958,-1.431,0.235,0.736
407.504,92.499,-0.446,2.000,125.467,-6.624,4.834,-1.484,0.203,0.642
407.511,93.494,-0.446,2.000,125.709,-3.819,1.225,-1.450,0.172,0.520
407.517,93.494,-0.446,2.000,125.255,-7.640,4.280,-1.429,0.141,0.350
407.524,94.497,-0.446,2.000,125.405,-8.068,4.596,-1.391,0.110,0.255
407.530,94.497,-0.446,2.000,128.168,-7.087,1.616,-1.515,0.078,0.440
407.537,94.497,-0.446,2.000,127.635,-8.353,3.928,-1.491,0.047,0.346
407.543,94.497,-0.446,2.000,126.665,-6.046,3.855,-1.448,0.016,0.174
407.549,94.497,-0.446,2.000,126.333,-8.476,2.921,-1.433,-0.016,0.083
407.556,94.497,-0.446,2.000,129.173,-12.574,4.501,-1.560,-0.048,0.356
407.562,94.497,-0.446,2.000,128.566,-9.866,0.769,-1.533,-0.081,0.222
407.569,94.497,-0.446,2.000,129.406,-9.219,1.546,-1.571,-0.114,0.264
407.575,94.497,-0.446,2.000,130.013,-11.348,5.277,-1.598,-0.149,0.213
407.582,94.497,-0.446,2.000,131.405,-12.208,4.313,-1.661,-0.184,0.287
407.588,94.497,-0.446,2.000,131.099,-14.310,5.105,-1.647,-0.221,0.195
407.595,94.497,-0.446,2.000,131.123,-16.492,6.030,-1.648,-0.256,0.139
407.601,98.596,-0.446,2.000,131.915,-13.479,4.509,-1.499,-0.287,0.218
407.608,98.596,-0.446,2.000,131.483,-12.679,3.996,-1.480,-0.319,0.111
407.614,111.749,-0.446,2.000,133.498,-14.219,5.920,-0.979,-0.350,0.227
407.621,115.245,-0.446,2.000,137.451,-15.400,4.513,-0.999,-0.371,0.581
407.627,115.245,-0.446,2.000,136.420,-14.091,2.684,-0.953,-0.392,0.354
407.634,120.042,-0.446,2.000,137.755,-14.219,2.434,-0.797,-0.409,0.390
407.640,120.042,-0.446,2.000,139.299,-12.567,2.572,-0.867,-0.427,0.434
407.647,126.260,-0.446,2.000,140.097,-11.668,3.091,-0.623,-0.442,0.404
407.653,126.260,-0.446,2.000,139.149,-14.116,4.292,-0.580,-0.455,0.205
407.660,126.260,-0.446,2.000,142.398,-14.622,6.221,-0.726,-0.470,0.444
407.666,126.260,-0.446,2.000,145.308,-11.668,2.852,-0.857,-0.487,0.629
407.672,126.260,-0.446,2.000,144.883,-10.589,2.694,-0.838,-0.505,0.457
407.679,126.260,-0.446,2.000,145.216,-8.238,3.834,-0.853,-0.524,0.346
407.685,126.260,-0.446,2.000,151.445,-9.419,3.931,-1.133,-0.547,0.857
407.692,134.057,-0.446,2.000,153.296,-10.336,2.773,-0.866,-0.566,0.861
407.698,134.057,-0.446,2.000,152.329,-8.277,2.283,-0.822,-0.584,0.559
407.705,134.057,-0.446,2.000,154.947,-5.091,0.900,-0.940,-0.604,0.673
407.711,134.057,-0.446,2.000,156.619,-4.245,2.521,-1.015,-0.625,0.672
407.718,134.057,-0.446,2.000,157.870,-6.602,4.283,-1.072,-0.649,0.580
407.724,134.057,-0.446,2.000,160.503,-7.163,3.311,-1.190,-0.673,0.698
407.731,134.057,-0.446,2.000,161.885,-7.063,1.936,-1.252,-0.699,0.687
407.737,134.057,-0.446,2.000,161.240,-9.136,2.834,-1.223,-0.725,0.488
407.744,134.057,-0.446,2.000,162.109,-6.376,2.594,-1.262,-0.753,0.427
407.750,134.057,-0.446,2.000,163.824,-5.972,1.345,-1.340,-0.782,0.443
407.756,134.057,-0.446,2.000,166.815,-9.808,4.122,-1.474,-0.813,0.621
407.763,134.057,-0.446,2.000,167.579,-13.735,7.108,-1.508,-0.844,0.581
407.769,134.057,-0.446,2.000,166.404,-12.862,4.786,-1.456,-0.877,0.302
407.776,132.732,-0.446,2.000,167.844,-14.911,3.698,-1.580,-0.910,0.358
407.783,130.112,-0.446,2.000,168.615,-13.869,2.714,-1.733,-0.946,0.346
407.789,130.112,-0.446,2.000,167.343,-14.458,3.527,-1.675,-0.983,0.134
407.795,130.112,-0.446,2.000,165.448,-12.940,3.926,-1.590,-1.018,-0.096
407.802,114.070,-0.446,2.000,164.606,-12.638,5.333,-2.274,-1.068,-0.184
407.808,96.529,-0.446,2.000,162.880,-11.998,5.403,-2.986,-1.126,-0.289
407.815,96.529,-0.446,2.000,161.588,-12.480,4.015,-2.928,-1.190,-0.324
407.822,55.692,-0.446,2.000,159.902,-14.988,4.091,-4.689,-1.266,-0.367
407.828,51.831,-0.446,2.000,156.995,-15.006,3.837,-4.732,-1.367,-0.544
407.835,51.831,-0.446,2.000,154.058,-13.347,2.534,-4.600,-1.469,-0.712
407.841,40.978,-0.446,2.000,149.746,-14.379,2.486,-4.895,-1.575,-0.965
407.848,35.564,-0.446,2.000,146.674,-15.239,2.267,-5.000,-1.686,-1.063
407.854,35.564,-0.446,2.000,140.192,-14.363,2.018,-4.708,-1.790,-1.452
407.860,35.564,-0.446,2.000,131.709,-13.144,6.034,-4.327,-1.887,-1.926
407.867,27.911,-0.446,2.000,126.399,-10.297,6.988,-4.432,-1.981,-1.937
407.874,27.911,-0.446,2.000,115.781,-9.643,5.244,-3.954,-2.069,-2.435
407.880,27.911,-0.446,2.000,108.777,-10.610,5.739,-3.639,-2.150,-2.492
407.887,27.911,-0.446,2.000,102.807,-9.126,6.979,-3.370,-2.224,-2.424
407.893,22.538,-0.446,2.000,92.849,-5.517,4.188,-3.164,-2.293,-2.755
407.900,22.538,-0.446,2.000,85.218,-4.375,3.143,-2.821,-2.357,-2.801
407.906,22.538,-0.446,2.000,79.239,-6.447,3.976,-2.552,-2.414,-2.658
407.913,22.538,-0.446,2.000,71.798,-8.028,2.220,-2.217,-2.464,-2.688
407.919,22.538,-0.446,2.000,63.691,-8.111,2.319,-1.852,-2.508,-2.783
407.926,8.256,-0.297,2.000,56.492,-10.248,4.170,-2.171,-2.557,-2.828
407.932,7.698,-0.297,2.000,49.761,-10.588,4.346,-1.893,-2.598,-2.823
407.938,7.698,-0.297,2.000,44.506,-9.421,4.153,-1.656,-2.633,-2.653
407.944,7.698,-0.297,2.000,37.766,-9.328,4.449,-1.353,-2.662,-2.694
407.950,7.698,-0.297,2.000,32.411,-9.110,5.086,-1.112,-2.687,-2.622
407.956,7.698,-0.297,2.000,28.657,-10.039,5.929,-0.943,-2.708,-2.405
407.962,7.698,-0.297,2.000,25.793,-11.171,4.863,-0.814,-2.726,-2.104
407.968,7.333,-0.297,2.000,22.327,-11.643,3.558,-0.675,-2.740,-1.925
407.974,6.974,-0.297,2.000,18.946,-11.002,3.601,-0.539,-2.752,-1.778
407.980,6.974,-0.297,2.000,14.962,-9.863,2.643,-0.359,-2.761,-1.764
407.987,6.797,-0.297,2.000,11.565,-10.642,3.261,-0.215,-2.768,-1.719
407.993,6.797,-0.297,2.000,9.738,-9.801,3.751,-0.132,-2.772,-1.503
407.999,6.797,-0.297,2.000,7.843,-9.590,4.370,-0.047,-2.774,-1.352
408.005,3.639,-0.297,2.000,5.495,-7.030,4.717,-0.084,-2.775,-1.268
408.011,3.639,-0.297,2.000,2.861,-4.348,4.835,0.035,-2.776,-1.256
408.017,3.639,-0.297,2.000,0.949,-4.245,5.445,0.121,-2.775,-1.177
408.023,3.639,-0.297,2.000,-0.185,-4.947,7.043,0.172,-2.772,-1.030
408.029,0.000,-0.297,2.000,-0.428,-6.084,8.224,0.019,-2.769,-0.788
408.035,0.000,-0.297,2.000,-3.738,-3.563,5.766,0.168,-2.767,-0.997
408.040,0.000,-0.297,2.000,-5.980,-3.219,4.457,0.269,-2.763,-1.032
408.045,0.000,-0.297,2.000,-5.639,-5.552,3.669,0.254,-2.759,-0.761
408.050,0.000,-0.297,2.000,-7.069,-7.686,2.262,0.318,-2.754,-0.760
408.055,0.000,-0.297,2.000,-8.785,-7.283,3.889,0.395,-2.748,-0.770
408.061,-0.149,-0.297,2.000,-9.872,-9.178,5.266,0.438,-2.740,-0.695
408.066,-0.149,-0.297,2.000,-12.494,-3.864,6.178,0.556,-2.731,-0.811
408.071,-0.149,-0.297,2.000,-14.171,-2.482,6.548,0.631,-2.720,-0.782
408.076,-0.744,-0.297,2.000,-15.171,-4.623,6.915,0.649,-2.708,-0.731
408.083,-2.706,-0.297,2.000,-17.445,-7.577,6.676,0.663,-2.692,-0.726
408.089,-2.706,-0.297,2.000,-20.242,-8.132,5.304,0.789,-2.675,-0.753
408.095,-3.796,-0.297,2.000,-23.113,-7.247,4.554,0.869,-2.656,-0.791
408.101,-3.796,-0.297,2.000,-27.091,-10.724,3.763,1.048,-2.635,-0.979
408.107,-10.639,-0.297,2.000,-29.603,-10.644,1.583,0.853,-2.617,-1.007
408.114,-10.639,-0.297,2.000,-31.307,-10.618,0.547,0.930,-2.598,-0.939
408.120,-10.639,-0.297,2.000,-33.770,-7.318,-0.215,1.041,-2.577,-0.931
408.126,-21.884,-0.297,2.000,-35.703,-3.929,1.055,0.622,-2.564,-0.870
408.132,-25.660,-0.297,2.000,-37.417,-2.886,1.363,0.529,-2.553,-0.798
408.138,-28.300,-0.297,2.000,-41.420,-4.949,2.482,0.590,-2.543,-1.054
408.145,-28.300,-0.297,2.000,-43.261,-5.494,3.645,0.673,-2.530,-1.013
408.151,-28.300,-0.297,2.000,-44.480,-2.015,3.229,0.728,-2.516,-0.909
408.157,-38.443,-0.297,2.000,-45.899,0.405,2.498,0.336,-2.510,-0.834
408.163,-40.978,-0.297,2.000,-48.184,1.308,4.008,0.324,-2.504,-0.861
408.169,-40.978,-0.297,2.000,-50.989,-0.156,4.721,0.450,-2.495,-0.910
408.176,-44.191,-0.297,2.000,-52.151,-1.025,4.779,0.358,-2.485,-0.762
408.182,-44.191,-0.297,2.000,-57.712,-3.285,3.877,0.608,-2.474,-1.109
408.188,-45.304,-0.297,2.000,-59.744,-4.678,2.698,0.650,-2.461,-1.037
408.194,-48.185,-0.297,2.000,-61.583,-2.399,1.800,0.603,-2.449,-0.943
408.200,-49.377,-0.297,2.000,-63.334,-0.009,0.988,0.628,-2.436,-0.854
408.207,-50.592,-0.297,2.000,-65.052,0.204,2.243,0.651,-2.422,-0.824
408.213,-50.592,-0.297,2.000,-68.872,-1.017,3.305,0.823,-2.407,-1.033
408.219,-52.459,-0.297,2.000,-72.360,-1.466,1.600,0.895,-2.391,-1.184
408.225,-54.380,-0.297,2.000,-75.222,0.894,1.120,0.938,-2.373,-1.201
408.231,-54.380,-0.297,2.000,-78.938,0.459,2.374,1.105,-2.351,-1.284
408.238,-55.692,-0.297,2.000,-81.442,-2.356,5.035,1.159,-2.327,-1.216
408.244,-55.692,-0.297,2.000,-84.121,-1.871,5.769,1.279,-2.301,-1.145
408.250,-55.692,-0.297,2.000,-88.473,-3.198,5.767,1.475,-2.271,-1.295
408.256,-55.692,-0.297,2.000,-92.045,-2.561,4.394,1.636,-2.238,-1.324
408.263,-57.028,-0.297,2.000,-93.261,-2.983,3.544,1.630,-2.204,-1.105
408.269,-57.706,-0.149,2.000,-94.135,-1.919,2.523,1.639,-2.171,-0.899
408.274,-57.706,-0.149,2.000,-93.361,-1.974,2.094,1.604,-2.140,-0.583
408.280,-57.706,-0.149,2.000,-92.765,-2.336,1.699,1.578,-2.111,-0.390
408.286,-59.777,0.000,2.000,-92.622,-1.615,2.786,1.478,-2.083,-0.289
408.291,-59.777,0.000,2.000,-93.962,-2.707,3.898,1.538,-2.055,-0.373
408.297,-59.777,0.000,2.000,-94.564,-0.368,2.619,1.565,-2.026,-0.346
408.302,-60.480,0.000,2.000,-95.205,1.857,3.093,1.563,-1.996,-0.318
408.308,-59.777,0.000,2.000,-95.156,0.894,3.386,1.592,-1.967,-0.235
408.314,-60.480,0.000,2.000,-96.300,-0.243,3.573,1.612,-1.935,-0.258
408.319,-60.480,0.000,2.000,-98.877,-0.259,2.600,1.728,-1.902,-0.448
408.325,-59.777,0.000,2.000,-99.573,1.318,0.670,1.791,-1.868,-0.382
408.331,-59.777,0.000,2.000,-100.523,0.237,2.542,1.834,-1.833,-0.357
408.336,-59.777,0.000,2.000,-100.791,-0.063,2.430,1.846,-1.798,-0.244
408.342,-59.777,0.000,2.000,-99.726,-1.235,1.841,1.798,-1.762,-0.011
408.348,-59.777,1.192,2.000,-100.370,0.212,1.768,1.827,-1.725,-0.062
408.354,-59.777,1.192,2.000,-104.150,-0.680,1.824,1.997,-1.686,-0.442
408.361,-59.777,1.192,2.000,-104.351,-0.898,3.984,2.006,-1.645,-0.429
408.367,-59.777,1.192,2.000,-105.247,-1.620,5.591,2.046,-1.605,-0.465
408.373,-59.777,1.192,2.000,-105.216,-2.784,5.405,2.045,-1.562,-0.347
408.379,-59.777,1.342,2.000,-106.304,-1.264,6.305,2.094,-1.516,-0.323
408.386,-59.777,1.342,2.000,-108.393,1.910,3.661,2.188,-1.468,-0.413
408.393,-59.777,1.342,2.000,-110.916,3.857,4.905,2.301,-1.417,-0.531
408.399,-59.777,1.642,2.000,-111.750,5.669,4.458,2.339,-1.367,-0.534
408.406,-59.777,1.944,2.000,-110.614,2.622,5.072,2.288,-1.315,-0.305
408.413,-59.777,2.096,2.000,-109.863,2.178,3.829,2.254,-1.264,-0.137
408.419,-59.777,2.096,2.000,-110.136,3.124,1.069,2.266,-1.214,-0.112
408.426,-59.777,2.400,2.000,-109.199,3.778,1.269,2.224,-1.166,0.003
408.432,-59.777,2.400,2.000,-109.280,3.179,2.957,2.228,-1.121,-0.032
408.438,-59.777,2.400,2.000,-108.791,5.184,4.324,2.206,-1.076,0.019
408.444,-59.777,2.400,2.000,-107.353,5.709,5.231,2.141,-1.032,0.134
408.451,-59.777,2.400,2.000,-104.895,4.600,4.570,2.030,-0.990,0.331
408.457,-60.480,2.553,2.000,-103.083,2.605,5.055,1.917,-0.946,0.433
408.464,-60.480,2.553,2.000,-102.103,-0.028,5.096,1.873,-0.904,0.450
408.470,-60.480,2.553,2.000,-101.488,0.943,5.637,1.845,-0.863,0.386
408.477,-60.480,2.553,2.000,-100.091,2.359,7.115,1.782,-0.824,0.390
408.484,-60.480,2.553,2.000,-98.976,2.715,5.953,1.732,-0.786,0.376
408.490,-71.843,4.436,2.000,-96.569,0.502,4.237,1.113,-0.752,0.527
408.497,-71.843,4.436,2.000,-98.046,1.170,2.453,1.179,-0.726,0.278
408.504,-71.843,4.436,2.000,-97.389,1.814,2.735,1.150,-0.700,0.255
408.511,-71.843,4.436,2.000,-97.883,3.372,3.960,1.172,-0.674,0.133
408.517,-71.843,4.436,2.000,-97.511,3.853,5.452,1.155,-0.649,0.100
408.524,-80.316,5.421,2.000,-95.736,1.081,5.624,0.694,-0.630,0.244
408.531,-80.316,5.421,2.000,-98.247,1.187,4.126,0.807,-0.612,-0.023
408.537,-80.316,5.421,2.000,-98.401,2.928,2.010,0.814,-0.594,-0.029
408.544,-80.316,5.421,2.000,-98.553,3.902,3.407,0.821,-0.577,-0.059
408.551,-80.316,5.421,2.000,-98.310,2.810,6.533,0.810,-0.560,-0.068
408.558,-84.840,5.589,2.000,-99.061,0.101,5.588,0.640,-0.544,-0.055
408.564,-84.840,5.589,2.000,-102.051,1.109,3.736,0.774,-0.527,-0.309
408.571,-85.769,6.446,2.000,-102.185,6.218,4.608,0.739,-0.510,-0.229
408.578,-86.706,6.621,2.000,-106.009,9.278,3.987,0.869,-0.493,-0.552
408.584,-86.706,6.621,2.000,-105.537,5.057,4.835,0.847,-0.473,-0.350
408.591,-85.769,9.023,2.000,-109.001,2.560,5.241,1.045,-0.450,-0.545
408.598,-85.769,9.023,2.000,-111.201,4.851,4.448,1.144,-0.425,-0.615
408.605,-85.769,9.023,2.000,-114.249,6.115,2.677,1.282,-0.397,-0.742
408.611,-85.769,9.023,2.000,-113.515,6.677,4.089,1.249,-0.370,-0.538
408.618,-85.769,10.224,2.000,-111.813,5.051,4.589,1.172,-0.343,-0.227
408.625,-85.769,10.430,2.000,-111.575,4.539,5.331,1.161,-0.316,-0.121
408.631,-85.769,10.430,2.000,-113.701,4.361,4.468,1.257,-0.289,-0.266
408.638,-85.769,12.155,2.000,-113.851,7.162,5.126,1.264,-0.261,-0.223
408.645,-85.769,12.155,2.000,-113.767,10.892,4.114,1.260,-0.234,-0.183
408.651,-85.769,12.155,2.000,-113.317,6.855,5.778,1.240,-0.205,-0.078
408.658,-85.769,12.155,2.000,-113.727,8.195,4.476,1.258,-0.177,-0.086
408.665,-85.769,16.038,2.000,-111.429,11.267,2.796,1.155,-0.150,0.159
408.672,-85.769,17.947,2.000,-109.868,10.924,2.633,1.084,-0.125,0.251
408.678,-85.769,18.231,2.000,-105.884,10.784,3.316,0.905,-0.103,0.568
408.685,-85.769,18.231,2.000,-105.091,9.604,4.030,0.869,-0.083,0.514
408.692,-84.840,19.398,2.000,-104.774,8.874,4.626,0.897,-0.064,0.400
408.698,-84.840,19.398,2.000,-102.980,10.527,5.124,0.816,-0.046,0.472
408.705,-84.840,19.398,2.000,-102.947,11.577,3.422,0.815,-0.027,0.345
408.712,-82.102,21.561,2.000,-102.284,11.803,4.367,0.908,-0.008,0.293
408.719,-82.102,21.561,2.000,-100.541,10.488,5.083,0.830,0.012,0.411
408.725,-82.102,21.561,2.000,-100.730,9.049,6.187,0.838,0.031,0.311
408.732,-74.306,26.026,2.000,-100.664,14.304,5.905,1.186,0.055,0.234
408.739,-70.237,26.395,2.000,-99.393,17.092,5.300,1.312,0.083,0.294
408.745,-70.237,26.395,2.000,-98.343,17.538,6.052,1.265,0.111,0.302
408.752,-59.777,27.526,2.000,-97.596,17.493,4.406,1.702,0.143,0.302
408.759,-59.777,27.526,2.000,-98.559,16.557,3.097,1.745,0.181,0.146
408.765,-58.390,27.145,2.000,-97.640,18.603,3.411,1.766,0.220,0.186
408.772,-58.390,27.145,2.000,-95.072,20.516,4.704,1.651,0.258,0.389
408.778,-52.459,27.145,2.000,-94.857,22.671,4.555,1.908,0.298,0.308
408.785,-52.459,27.145,2.000,-91.657,22.813,5.355,1.764,0.338,0.526
408.792,-51.209,27.526,2.000,-88.207,18.436,5.690,1.665,0.375,0.733
408.798,-49.377,27.911,2.000,-85.476,22.601,4.537,1.624,0.411,0.796
408.805,-49.377,27.911,2.000,-80.639,25.640,3.810,1.407,0.444,1.020
408.812,-48.778,27.145,2.000,-75.801,22.584,6.509,1.216,0.473,1.224
408.819,-48.778,27.145,2.000,-71.388,21.215,7.370,1.017,0.497,1.336
408.825,-48.778,27.145,2.000,-68.904,21.899,4.733,0.906,0.518,1.247
408.832,-48.778,27.145,2.000,-65.514,23.645,4.086,0.753,0.536,1.239
408.839,-48.778,27.145,2.000,-61.056,24.912,5.136,0.552,0.549,1.352
408.845,-48.778,27.145,2.000,-59.129,25.496,5.554,0.466,0.560,1.186
408.852,-48.778,27.526,2.000,-55.406,25.796,5.605,0.298,0.568,1.209
408.859,-48.778,27.526,2.000,-51.806,24.237,4.670,0.136,0.572,1.267
408.865,-48.778,27.911,2.000,-50.647,28.199,3.118,0.084,0.574,1.053
408.872,-48.778,27.911,2.000,-49.866,29.632,2.838,0.049,0.576,0.864
408.879,-47.598,27.526,2.000,-48.562,33.037,3.583,0.043,0.577,0.770
408.885,-47.016,27.911,2.000,-48.449,29.811,4.353,0.064,0.578,0.602
408.892,-47.016,27.911,2.000,-48.711,26.839,2.689,0.076,0.580,0.439
408.899,-37.951,27.145,2.000,-47.708,25.027,2.585,0.439,0.584,0.424
408.906,-37.951,27.145,2.000,-47.458,26.944,4.075,0.428,0.594,0.354
408.912,-31.988,25.299,2.000,-48.257,29.709,6.286,0.732,0.610,0.178
408.919,-31.988,25.299,2.000,-46.966,25.477,7.398,0.674,0.625,0.232
408.925,-21.884,23.546,2.000,-44.401,23.159,6.064,1.013,0.648,0.415
408.932,-20.000,22.871,1.000,-43.371,20.627,5.438,1.052,0.672,0.418
408.939,-20.000,22.871,1.000,-41.452,25.312,2.583,0.965,0.695,0.535
408.945,-13.777,20.927,1.000,-41.922,25.319,4.423,1.266,0.718,0.345
408.952,-13.777,20.927,1.000,-36.693,25.344,4.687,1.031,0.740,0.660
408.959,-13.777,20.927,1.000,-32.753,22.190,3.246,0.854,0.762,0.901
408.966,-13.777,20.927,1.000,-31.260,19.619,2.587,0.787,0.780,0.813
408.972,-11.276,20.927,2.000,-25.983,23.699,0.526,0.662,0.797,1.117
408.979,-11.276,20.927,2.000,-24.290,25.220,3.678,0.586,0.811,1.012
408.985,-9.023,21.561,2.000,-20.730,25.523,6.209,0.527,0.821,1.044
408.992,-7.698,21.884,1.000,-16.735,24.427,6.371,0.407,0.831,1.164
408.999,-7.698,21.884,1.000,-12.303,24.116,6.038,0.207,0.837,1.287
409.005,-7.698,21.884,1.000,-8.207,25.370,4.080,0.023,0.840,1.405
409.012,-7.698,21.884,1.000,-7.934,27.810,3.356,0.011,0.840,1.082
409.018,-4.114,22.538,2.000,-5.132,27.614,3.394,0.046,0.841,1.040
409.025,-4.114,22.538,2.000,0.196,28.348,4.156,-0.194,0.838,1.264
409.032,-4.114,22.538,2.000,2.721,25.825,4.302,-0.308,0.833,1.200
409.038,-0.595,25.299,2.000,3.813,26.327,2.682,-0.198,0.827,1.028
409.044,-0.446,25.299,2.000,6.719,24.162,2.547,-0.322,0.822,1.081
409.051,-0.446,25.299,2.000,9.609,21.719,2.405,-0.452,0.812,1.078
409.057,-0.446,25.299,2.000,12.213,21.098,2.566,-0.570,0.800,1.034
409.063,0.000,25.299,2.000,12.513,19.544,3.232,-0.563,0.789,0.778
409.069,0.000,25.299,2.000,15.160,17.603,3.275,-0.682,0.776,0.858
409.074,0.000,25.299,2.000,15.532,13.903,2.024,-0.699,0.763,0.653
409.080,0.000,25.299,2.000,15.725,16.466,0.877,-0.708,0.749,0.498
409.086,0.000,27.911,2.000,16.733,17.288,1.357,-0.753,0.735,0.472
409.091,0.000,27.911,2.000,17.414,17.340,1.233,-0.784,0.720,0.429
409.097,0.000,27.911,2.000,18.391,17.171,0.395,-0.828,0.705,0.433
409.103,0.000,27.911,2.000,19.834,18.463,2.727,-0.893,0.689,0.533
409.108,0.000,30.720,2.000,16.613,18.889,1.718,-0.748,0.675,0.075
409.114,0.000,30.720,2.000,15.015,20.772,1.904,-0.676,0.662,-0.087
409.119,0.000,30.720,2.000,14.599,24.235,1.443,-0.657,0.650,-0.071
409.125,0.000,30.306,2.000,15.567,25.601,1.631,-0.701,0.638,0.082
409.131,0.149,30.306,2.000,15.897,27.303,1.953,-0.709,0.626,0.145
409.136,0.149,30.306,2.000,16.909,29.666,1.269,-0.754,0.613,0.258
409.142,0.149,30.306,2.000,18.521,31.598,1.494,-0.827,0.598,0.411
409.148,0.149,30.306,2.000,21.929,32.244,3.896,-0.980,0.581,0.694
409.153,0.595,29.491,2.000,24.324,31.676,5.220,-1.068,0.562,0.801
409.159,0.595,29.491,2.000,24.764,30.908,4.611,-1.088,0.539,0.638
409.165,0.595,29.897,2.000,25.744,29.476,4.849,-1.132,0.517,0.584
409.171,0.595,29.897,2.000,27.504,26.220,3.605,-1.211,0.494,0.589
409.177,2.860,25.660,1.000,27.771,25.687,2.895,-1.121,0.470,0.435
409.183,2.860,25.660,1.000,27.005,28.718,2.134,-1.087,0.446,0.251
409.190,2.860,25.660,1.000,24.915,26.933,5.426,-0.992,0.422,-0.053
409.197,5.255,24.236,2.000,26.914,24.677,6.252,-0.975,0.400,0.137
409.203,6.974,23.546,1.000,26.684,22.334,4.915,-0.887,0.383,0.151
409.210,8.069,22.209,1.000,24.428,25.058,1.580,-0.736,0.365,-0.106
409.217,8.069,22.209,1.000,24.232,25.513,-0.458,-0.727,0.349,-0.112
409.223,11.276,19.697,1.000,24.461,24.320,0.266,-0.593,0.334,-0.070
409.230,12.836,19.102,2.000,24.126,23.872,-0.047,-0.508,0.322,-0.097
409.237,12.836,19.102,2.000,24.558,24.033,1.239,-0.527,0.310,-0.043
409.243,12.836,19.102,2.000,26.117,22.354,3.664,-0.598,0.296,0.093
409.250,22.538,16.839,2.000,27.773,21.700,1.964,-0.236,0.292,0.236
409.257,26.026,13.302,1.000,30.170,23.373,-1.004,-0.186,0.290,0.425
409.263,26.026,13.302,1.000,30.056,23.186,0.178,-0.181,0.286,0.323
409.270,26.026,13.302,1.000,32.034,22.120,3.589,-0.270,0.279,0.364
409.277,33.739,9.219,2.000,36.979,20.805,5.399,-0.146,0.272,0.724
409.283,33.739,9.219,2.000,40.782,20.855,4.002,-0.317,0.267,0.939
409.290,33.739,9.219,2.000,41.046,19.450,2.226,-0.329,0.260,0.760
409.297,48.185,5.589,2.000,40.122,17.217,2.297,0.363,0.268,0.481
409.303,55.692,4.114,2.000,41.775,17.945,0.867,0.626,0.281,0.444
409.310,61.907,3.796,2.000,44.940,16.549,0.077,0.763,0.298,0.600
409.317,61.907,3.796,2.000,49.367,14.678,1.774,0.564,0.312,0.871
409.323,98.596,0.893,2.000,51.938,11.521,1.539,2.100,0.348,0.951
409.330,98.596,0.893,2.000,54.331,9.168,0.531,1.992,0.392,0.938
409.336,98.596,0.893,2.000,58.913,11.360,-0.740,1.786,0.432,1.145
409.342,127.534,0.000,2.000,61.750,11.758,-1.696,2.960,0.493,1.186
409.348,127.534,0.000,2.000,66.600,12.552,-2.691,2.742,0.546,1.451
409.354,127.534,0.000,2.000,73.418,11.877,-0.323,2.435,0.593,1.855
409.359,127.534,0.000,2.000,79.787,11.526,2.058,2.149,0.635,2.100
409.365,146.466,-0.446,2.000,84.549,9.586,1.794,2.786,0.694,2.049
409.372,146.466,-0.446,2.000,92.356,8.294,1.039,2.435,0.748,2.285
409.378,146.466,-0.446,2.000,98.615,7.263,0.687,2.153,0.797,2.334
409.385,149.344,-0.446,2.000,108.582,4.527,0.266,1.834,0.837,2.726
409.391,149.344,-0.446,2.000,115.812,3.022,-0.529,1.509,0.874,2.771
409.398,149.344,-0.446,2.000,122.887,3.639,0.123,1.191,0.901,2.762
409.404,149.344,-0.446,2.000,130.120,4.574,1.094,0.865,0.922,2.749
409.410,153.744,-0.446,2.000,138.443,5.177,2.010,0.689,0.939,2.883
409.417,155.234,-0.446,2.000,147.615,1.287,1.574,0.343,0.949,3.049
409.423,155.234,-0.446,2.000,154.136,-1.534,0.995,0.049,0.953,2.947
409.430,159.772,-0.446,2.000,159.281,-3.477,0.967,0.022,0.953,2.731
409.436,159.772,-0.446,2.000,165.559,-1.254,0.162,-0.260,0.949,2.637
409.443,158.247,-0.446,2.000,172.076,-2.095,0.105,-0.622,0.937,2.597
409.449,158.247,-0.446,2.000,177.543,-5.300,2.330,-0.868,0.919,2.439
409.456,158.247,-0.446,2.000,183.780,-10.107,3.345,-1.149,0.897,2.457
409.462,158.247,-0.446,2.000,188.317,-13.387,2.477,-1.353,0.870,2.311
409.469,158.247,-0.446,2.000,191.958,-12.293,-1.053,-1.517,0.839,2.101
409.475,158.247,-0.446,2.000,193.321,-12.466,-1.738,-1.578,0.806,1.737
409.482,158.247,-0.446,2.000,195.089,-14.383,-0.376,-1.658,0.770,1.443
409.488,156.735,-0.446,2.000,197.026,-13.983,1.434,-1.813,0.729,1.184
409.495,156.735,-0.446,2.000,199.566,-13.890,2.111,-1.927,0.689,1.127
409.501,155.234,-0.595,2.000,202.895,-17.129,4.365,-2.145,0.646,1.249
409.507,155.234,-0.595,2.000,202.755,-19.151,5.909,-2.138,0.603,0.964
409.513,155.234,-0.595,2.000,201.977,-19.050,2.703,-2.103,0.560,0.639
409.519,155.234,-0.595,2.000,201.903,-16.381,0.490,-2.100,0.516,0.467
409.526,155.234,-0.595,2.000,201.700,-13.142,-1.666,-2.091,0.473,0.324
409.532,142.233,-0.595,2.000,200.867,-14.566,-0.369,-2.639,0.422,0.173
409.538,134.057,-0.595,2.000,201.440,-12.341,1.532,-3.032,0.366,0.172
409.544,134.057,-0.595,2.000,198.913,-9.563,2.422,-2.918,0.305,-0.164
409.550,126.260,-0.595,2.000,200.572,-6.973,3.256,-3.344,0.236,0.020
409.556,126.260,-0.595,2.000,201.078,-7.596,3.834,-3.367,0.168,0.085
409.562,126.260,-0.595,2.000,200.628,-8.016,4.533,-3.347,0.101,0.044
409.569,124.997,-0.595,2.000,199.605,-7.534,5.707,-3.357,0.033,-0.045
409.575,124.997,-0.595,2.000,197.310,-5.161,2.443,-3.254,-0.036,-0.264
409.581,124.997,-0.595,2.000,196.773,-6.146,0.194,-3.230,-0.103,-0.256
409.587,124.997,-0.595,2.000,194.195,-6.055,0.537,-3.114,-0.167,-0.462
409.593,138.097,-0.893,2.000,190.249,-5.884,0.920,-2.347,-0.222,-0.735
409.600,138.097,-0.893,2.000,187.499,-5.251,1.617,-2.223,-0.271,-0.832
409.606,153.744,-1.043,2.000,185.069,-5.718,4.946,-1.410,-0.313,-0.883
409.613,153.744,-1.043,2.000,186.326,-8.901,6.264,-1.466,-0.344,-0.511
409.619,153.744,-1.043,2.000,182.989,-9.127,2.056,-1.316,-0.374,-0.690
409.626,153.744,-1.043,2.000,181.668,-8.905,3.019,-1.257,-0.402,-0.633
409.633,159.772,-1.642,2.000,181.827,-5.398,0.701,-0.992,-0.426,-0.449
409.639,159.772,-1.642,2.000,180.280,-2.347,-0.717,-0.923,-0.448,-0.525
409.646,159.772,-1.642,2.000,180.714,-7.520,2.574,-0.942,-0.469,-0.381
409.653,152.266,-1.944,2.000,182.842,-10.262,2.488,-1.376,-0.493,-0.047
409.659,152.266,-1.944,2.000,183.963,-8.480,0.356,-1.426,-0.524,0.080
409.666,145.044,-1.793,2.000,185.418,-10.061,3.656,-1.817,-0.563,0.190
409.672,145.044,-1.793,2.000,188.748,-11.940,4.886,-1.967,-0.605,0.423
409.679,122.500,-1.793,2.000,190.380,-16.022,5.808,-3.055,-0.663,0.491
409.685,112.905,-1.492,2.000,190.681,-20.141,7.171,-3.500,-0.736,0.391
409.692,96.529,-1.342,2.000,192.900,-20.804,5.170,-4.337,-0.820,0.491
409.699,61.907,-1.043,2.000,190.634,-21.294,3.582,-5.793,-0.925,0.180
409.705,61.907,-1.043,2.000,186.771,-21.901,4.602,-5.619,-1.051,-0.240
409.712,49.377,-0.893,2.000,187.811,-20.307,6.509,-6.229,-1.186,-0.102
409.718,49.377,-0.893,2.000,181.331,-21.226,5.049,-5.938,-1.319,-0.664
409.725,34.189,-0.744,2.000,174.822,-22.574,5.415,-6.328,-1.455,-1.103
409.731,26.768,-0.595,2.000,168.692,-23.033,5.716,-6.387,-1.591,-1.383
409.738,26.768,-0.595,2.000,160.007,-22.840,5.669,-5.996,-1.716,-1.929
409.744,26.768,-0.595,2.000,148.831,-25.053,6.421,-5.493,-1.833,-2.588
409.750,17.947,-0.446,2.000,134.666,-20.495,4.795,-5.252,-1.949,-3.326
409.757,15.518,-0.446,2.000,122.276,-14.873,2.607,-4.804,-2.058,-3.681
409.763,15.518,-0.446,2.000,108.192,-14.374,5.588,-4.170,-2.155,-4.107
409.770,6.974,-0.446,2.000,92.363,-12.611,6.743,-3.842,-2.241,-4.625
409.776,6.974,-0.446,2.000,80.084,-10.566,6.520,-3.290,-2.316,-4.675
409.783,6.974,-0.446,2.000,67.355,-13.497,11.970,-2.717,-2.379,-4.725
409.789,6.974,-0.446,2.000,53.957,-12.924,9.925,-2.114,-2.430,-4.863
409.796,6.974,-0.446,2.000,43.385,-12.220,5.686,-1.638,-2.468,-4.665
409.802,6.974,-0.446,2.000,30.194,-13.959,4.770,-1.045,-2.494,-4.753
409.808,0.000,-0.446,2.000,22.554,-10.646,4.036,-1.015,-2.515,-4.387
409.814,0.000,-0.446,2.000,15.475,-7.638,4.509,-0.696,-2.530,-4.060
409.819,0.000,-0.446,2.000,9.365,-4.551,4.605,-0.421,-2.538,-3.708
409.825,0.000,-0.446,2.000,2.798,-3.115,5.122,-0.126,-2.541,-3.495
409.830,0.000,-0.446,2.000,-0.018,-4.544,5.625,0.001,-2.542,-2.910
409.835,0.000,-0.446,2.000,-1.952,-4.656,5.884,0.088,-2.540,-2.378
409.841,0.000,-0.446,2.000,-3.686,-4.047,6.045,0.166,-2.537,-1.980
409.846,0.000,-0.446,2.000,-5.311,-2.551,6.304,0.239,-2.534,-1.663
409.852,0.000,-0.446,2.000,-4.638,-3.238,6.808,0.209,-2.529,-1.157
409.857,0.000,-0.446,2.000,-6.025,-3.496,5.985,0.271,-2.525,-1.029
409.863,0.000,-0.446,2.000,-6.554,-4.617,4.890,0.295,-2.519,-0.815
409.868,0.000,-0.446,2.000,-6.511,-4.315,4.619,0.293,-2.514,-0.592
409.873,0.000,-0.446,2.000,-5.947,-4.130,4.674,0.268,-2.508,-0.352
409.879,0.000,-0.446,2.000,-6.183,-3.655,4.781,0.278,-2.503,-0.261
409.884,-0.149,-0.446,2.000,-8.274,-4.580,4.528,0.366,-2.496,-0.415
409.890,-0.149,-0.446,2.000,-10.291,-3.746,3.888,0.456,-2.488,-0.496
409.895,-0.149,-0.446,2.000,-10.836,-1.100,4.434,0.481,-2.479,-0.406
409.900,-0.149,-0.446,2.000,-12.206,1.490,2.058,0.543,-2.469,-0.454
409.906,-0.149,-0.446,2.000,-12.266,3.380,0.814,0.545,-2.459,-0.359
409.911,-0.149,-0.446,2.000,-13.614,2.657,3.059,0.606,-2.449,-0.438
409.917,-0.149,-0.446,2.000,-17.108,2.591,4.545,0.763,-2.437,-0.753
409.922,-0.149,-0.446,2.000,-19.671,2.960,4.408,0.878,-2.422,-0.871
409.928,-0.149,-0.446,2.000,-23.050,3.797,3.925,1.031,-2.405,-1.060
409.934,-3.325,-0.446,2.000,-26.616,3.442,3.645,1.048,-2.384,-1.168
409.940,-3.796,-0.446,2.000,-28.011,0.406,5.026,1.090,-2.361,-1.022
409.947,-4.924,-0.446,2.000,-30.479,2.899,8.098,1.150,-2.337,-0.981
409.952,-5.421,-0.446,2.000,-33.431,5.238,6.547,1.260,-2.312,-1.023
409.959,-5.421,-0.446,2.000,-36.765,4.376,4.074,1.410,-2.284,-1.129
409.965,-6.974,-0.446,2.000,-36.736,0.742,5.943,1.339,-2.255,-0.847
409.972,-6.974,-0.446,2.000,-41.553,3.714,3.877,1.556,-2.223,-1.095
409.978,-9.416,-0.446,2.000,-43.091,4.819,2.092,1.515,-2.190,-0.962
409.985,-10.019,-0.446,2.000,-44.907,3.143,2.270,1.570,-2.156,-0.918
409.991,-10.019,-0.446,2.000,-48.145,1.570,2.333,1.716,-2.121,-1.005
409.998,-10.019,-0.446,2.000,-49.448,2.764,1.551,1.774,-2.083,-0.901
410.004,-14.018,-0.446,2.000,-50.398,4.512,1.541,1.637,-2.048,-0.756
410.010,-14.018,-0.446,2.000,-53.517,2.538,0.653,1.777,-2.011,-0.866
410.017,-19.102,-0.446,2.000,-54.034,1.336,0.783,1.572,-1.976,-0.712
410.023,-20.927,-0.446,2.000,-54.413,1.463,1.601,1.507,-1.943,-0.583
410.030,-20.927,-0.446,2.000,-56.102,3.305,-1.140,1.583,-1.909,-0.585
410.036,-20.927,-0.446,2.000,-56.960,2.609,-3.449,1.621,-1.874,-0.521
410.043,-23.546,-0.446,2.000,-58.910,2.849,-0.071,1.591,-1.841,-0.591
410.049,-23.546,-0.446,2.000,-59.641,8.037,-1.406,1.624,-1.806,-0.520
410.056,-23.546,-0.446,2.000,-60.519,6.917,-2.996,1.664,-1.771,-0.485
410.062,-24.587,-0.446,2.000,-62.378,6.072,1.364,1.701,-1.734,-0.524
410.069,-24.587,-0.446,2.000,-62.684,12.033,1.005,1.714,-1.698,-0.430
410.075,-24.587,-0.446,2.000,-66.432,10.210,-5.799,1.883,-1.659,-0.704
410.082,-24.941,-0.446,2.000,-65.884,3.999,-0.746,1.842,-1.618,-0.482
410.088,-24.941,-0.446,2.000,-66.125,9.029,-2.103,1.853,-1.578,-0.372
410.094,-28.300,-0.446,2.000,-71.111,7.132,-3.965,1.927,-1.538,-0.781
410.101,-28.300,-0.446,2.000,-70.963,5.154,-1.362,1.920,-1.497,-0.578
410.107,-33.739,-0.446,2.000,-69.602,6.648,-2.713,1.614,-1.458,-0.289
410.114,-33.739,-0.446,2.000,-73.132,2.513,-4.533,1.773,-1.420,-0.548
410.120,-33.739,-0.446,2.000,-74.571,-0.107,-4.342,1.837,-1.382,-0.569
410.127,-33.739,-0.446,2.000,-73.879,0.335,-7.939,1.806,-1.342,-0.360
410.133,-33.739,-0.446,2.000,-76.017,-3.508,-8.201,1.902,-1.302,-0.489
410.140,-42.028,-0.446,2.000,-76.982,-2.313,-5.798,1.573,-1.266,-0.470
410.146,-42.028,-0.446,2.000,-77.996,-2.916,-4.628,1.619,-1.231,-0.421
410.153,-45.304,-0.446,2.000,-78.996,-9.184,-4.249,1.516,-1.196,-0.395
410.159,-45.304,-0.446,2.000,-81.909,-5.325,-3.040,1.647,-1.162,-0.610
410.165,-47.598,-0.446,2.000,-85.154,-5.936,-3.028,1.690,-1.127,-0.769
410.172,-47.598,-0.446,2.000,-82.783,-9.491,-3.156,1.583,-1.090,-0.313
410.179,-54.380,-0.446,2.000,-81.534,-8.035,-3.670,1.222,-1.061,-0.112
410.185,-57.028,-0.446,2.000,-83.176,-11.836,-8.736,1.177,-1.035,-0.277
410.191,-58.390,-0.446,2.000,-83.081,-12.576,-7.349,1.111,-1.011,-0.212
410.198,-58.390,-0.446,2.000,-79.715,-9.547,-7.248,0.960,-0.989,0.181
410.204,-65.590,-0.446,2.000,-80.708,-16.518,-9.896,0.680,-0.974,0.054
410.211,-69.445,-0.446,2.000,-83.719,-11.249,-4.279,0.642,-0.962,-0.276
410.217,-69.445,-0.446,2.000,-85.762,-13.442,-7.827,0.734,-0.947,-0.429
410.224,-80.316,-0.446,2.000,-86.428,-14.688,-5.901,0.275,-0.938,-0.386
410.230,-80.316,-0.446,2.000,-85.526,-9.940,-0.168,0.234,-0.932,-0.195
410.237,-80.316,-0.446,2.000,-91.296,-15.599,-6.981,0.494,-0.924,-0.711
410.243,-80.316,-0.446,2.000,-96.687,-10.771,-1.590,0.737,-0.910,-1.066
410.250,-80.316,-0.446,2.000,-99.905,-9.071,-3.144,0.882,-0.892,-1.109
410.256,-90.535,-0.446,2.000,-103.557,-12.910,-5.466,0.586,-0.877,-1.190
410.263,-90.535,-0.446,2.000,-107.948,-10.715,-1.368,0.784,-0.862,-1.317
410.269,-97.558,-0.446,2.000,-114.005,-14.901,-9.747,0.740,-0.843,-1.565
410.276,-97.558,-0.446,2.000,-118.276,-16.135,-8.764,0.932,-0.824,-1.585
410.282,-97.558,-0.446,2.000,-120.921,-13.320,-3.780,1.051,-0.802,-1.447
410.289,-97.558,-0.446,2.000,-124.899,-15.393,-6.390,1.230,-0.777,-1.463
410.295,-110.602,-0.446,2.000,-127.979,-13.716,-1.125,0.782,-0.761,-1.379
410.301,-110.602,-0.446,2.000,-129.282,-12.433,-0.439,0.841,-0.744,-1.173
410.308,-121.266,-0.446,2.000,-132.817,-14.139,-4.503,0.520,-0.726,-1.220
410.314,-121.266,-0.446,2.000,-132.167,-13.670,1.932,0.491,-0.715,-0.834
410.321,-121.266,-0.446,2.000,-132.407,-14.283,0.246,0.501,-0.704,-0.641
410.327,-121.266,-0.446,2.000,-139.088,-12.205,-4.453,0.802,-0.689,-1.134
410.334,-130.112,-0.446,2.000,-138.420,-10.821,3.096,0.374,-0.681,-0.796
410.340,-128.818,-0.446,2.000,-140.294,-13.235,-3.751,0.516,-0.670,-0.754
410.347,-130.112,-0.446,2.000,-145.039,-13.254,-3.451,0.672,-0.656,-0.994
410.353,-130.112,-0.446,2.000,-145.629,-12.837,-0.074,0.698,-0.641,-0.816
410.360,-130.112,-0.446,2.000,-147.653,-14.984,-1.372,0.789,-0.626,-0.840
410.366,-130.112,-0.446,2.000,-151.519,-13.427,0.139,0.963,-0.605,-0.967
410.372,-130.112,-0.446,2.000,-154.215,-10.915,3.444,1.085,-0.583,-0.968
410.379,-128.818,-0.446,2.000,-158.213,-12.327,0.967,1.323,-0.557,-1.145
410.385,-127.534,-0.446,2.000,-159.932,-10.880,0.013,1.458,-0.526,-1.023
410.392,-127.534,-0.446,2.000,-163.561,-8.509,1.456,1.621,-0.492,-1.098
410.398,-127.534,-0.446,2.000,-167.318,-10.821,-0.560,1.790,-0.454,-1.177
410.405,-127.534,-0.446,2.000,-170.849,-8.523,0.139,1.949,-0.413,-1.238
410.411,-128.818,-0.446,2.000,-171.480,-4.643,1.959,1.920,-0.372,-0.980
410.418,-128.818,-0.446,2.000,-175.094,-10.534,1.359,2.082,-0.328,-1.082
410.424,-127.534,-0.446,2.000,-181.828,-4.792,3.776,2.443,-0.279,-1.466
410.431,-127.534,-0.446,2.000,-180.522,-0.867,2.351,2.384,-0.227,-0.976
410.437,-127.534,-0.446,2.000,-179.565,-6.188,-0.013,2.341,-0.177,-0.659
410.443,-127.534,-0.446,2.000,-180.679,-6.706,4.136,2.392,-0.125,-0.567
410.450,-127.534,-0.446,2.000,-180.585,-4.846,2.907,2.387,-0.073,-0.420
410.456,-127.534,-0.446,2.000,-179.550,-8.276,-1.868,2.341,-0.023,-0.240
410.463,-127.534,-0.446,2.000,-176.742,-7.839,0.607,2.214,0.025,0.078
410.469,-127.534,-0.446,2.000,-174.579,-7.461,4.268,2.117,0.071,0.282
410.476,-127.534,-0.446,2.000,-172.669,-11.133,-1.053,2.031,0.116,0.399
410.482,-127.534,-0.446,2.000,-170.102,-8.206,2.748,1.916,0.157,0.521
410.489,-127.534,-0.446,2.000,-168.431,-11.109,0.979,1.840,0.197,0.540
410.495,-127.534,-0.446,2.000,-167.620,-11.769,0.698,1.804,0.238,0.526
410.502,-127.534,-0.446,2.000,-166.070,-7.019,1.870,1.734,0.275,0.548
410.508,-127.534,-0.446,2.000,-167.252,-11.079,-1.236,1.787,0.313,0.290
410.515,-127.534,-0.446,2.000,-165.376,-10.675,2.627,1.703,0.351,0.409
410.521,-127.534,-0.446,2.000,-163.410,-7.828,4.402,1.614,0.386,0.507
410.527,-127.534,-0.446,2.000,-166.204,-9.526,0.126,1.740,0.423,0.113
410.534,-127.534,-0.446,2.000,-167.906,-7.401,3.302,1.817,0.461,-0.080
410.540,-127.534,-0.446,2.000,-168.262,-3.702,2.275,1.833,0.501,-0.112
410.547,-127.534,-0.446,2.000,-168.096,-6.649,-1.159,1.825,0.540,-0.050
410.553,-127.534,-0.446,2.000,-169.844,-5.259,3.321,1.904,0.581,-0.191
410.560,-127.534,-0.446,2.000,-172.227,-2.079,5.614,2.011,0.623,-0.375
410.566,-126.260,-0.446,2.000,-171.145,-5.706,-0.688,2.020,0.666,-0.179
410.573,-126.260,-0.446,2.000,-170.419,-3.498,1.789,1.987,0.709,-0.068
410.579,-123.743,-0.446,2.000,-170.027,-3.511,4.411,2.083,0.754,0.010
410.585,-121.266,-0.297,2.000,-169.891,-5.724,0.086,2.188,0.800,0.006
410.592,-120.042,-0.297,2.000,-169.221,-0.326,2.860,2.213,0.844,0.038
410.598,-120.042,-0.297,2.000,-166.790,0.316,3.540,2.104,0.889,0.300
410.604,-120.042,-0.297,2.000,-166.947,-2.057,0.238,2.111,0.932,0.217
410.610,-102.835,-0.446,2.000,-165.938,0.404,3.247,2.840,0.987,0.308
410.617,-102.835,-0.446,2.000,-161.589,2.961,1.505,2.644,1.044,0.617
410.623,-77.695,-0.446,2.000,-160.013,-3.440,-3.619,3.704,1.107,0.595
410.630,-63.360,-0.446,2.000,-157.224,-3.030,2.119,4.224,1.191,0.709
410.636,-63.360,-0.446,2.000,-153.174,-4.844,4.393,4.042,1.280,0.939
410.643,-58.390,-0.446,2.000,-147.644,-7.377,0.437,4.016,1.368,1.277
410.649,-58.390,-0.446,2.000,-145.469,-5.080,0.674,3.919,1.453,1.146
410.655,-32.419,-0.446,2.000,-137.814,-6.154,4.766,4.743,1.549,1.600
410.662,-23.890,-0.446,2.000,-129.380,-9.824,0.610,4.747,1.649,2.027
410.668,-23.890,-0.446,2.000,-122.501,-5.942,2.532,4.437,1.747,2.203
410.675,-23.890,-0.446,2.000,-115.431,-8.148,1.940,4.119,1.838,2.360
410.681,-13.777,-0.446,2.000,-107.334,-8.696,0.517,4.210,1.933,2.535
410.688,-11.276,-0.446,2.000,-96.680,-7.671,5.085,3.843,2.018,2.902
410.694,-11.276,-0.446,2.000,-85.226,-7.233,-1.153,3.328,2.092,3.297
410.701,-9.023,-0.446,2.000,-79.069,-0.831,-3.316,3.152,2.162,3.091
410.707,-8.069,-0.446,2.000,-70.191,0.840,4.474,2.796,2.225,3.170
410.714,-8.069,-0.446,2.000,-60.079,-3.644,-0.851,2.340,2.278,3.341
410.720,-8.069,-0.446,2.000,-53.799,4.657,1.575,2.058,2.324,3.097
410.727,-8.069,-0.446,2.000,-47.233,9.255,-1.369,1.762,2.365,2.950
410.733,-8.069,-0.446,2.000,-38.090,6.323,-1.896,1.351,2.398,3.106
410.740,-8.069,-0.446,2.000,-32.978,10.801,5.080,1.121,2.424,2.823
410.746,-7.698,-0.446,2.000,-26.973,14.252,2.009,0.867,2.444,2.698
410.753,-7.698,-0.446,2.000,-20.972,13.054,1.869,0.597,2.459,2.615
410.759,-7.333,-0.446,2.000,-15.597,15.006,4.935,0.372,2.468,2.471
410.765,-7.333,-0.446,2.000,-11.698,15.940,2.553,0.196,2.474,2.265
410.772,-7.333,-0.446,2.000,-10.465,12.747,-0.156,0.141,2.478,1.852
410.779,-4.275,-0.446,2.000,-9.371,13.007,1.351,0.229,2.482,1.451
410.785,-4.275,-0.446,2.000,-6.546,13.575,0.169,0.102,2.484,1.347
410.791,-4.275,-0.446,2.000,-5.696,12.981,-1.700,0.064,2.487,1.122
410.798,-4.275,-0.446,2.000,-6.024,10.205,0.321,0.079,2.488,0.815
410.804,-0.595,-0.446,2.000,-5.094,11.619,0.453,0.202,2.492,0.674
410.810,-0.595,-0.446,2.000,-5.646,11.494,-0.301,0.227,2.497,0.458
410.816,-0.595,-0.446,2.000,-5.742,14.482,-0.925,0.232,2.502,0.344
410.822,-0.595,-0.446,2.000,-5.586,12.699,0.790,0.225,2.505,0.250
410.828,-0.595,-0.446,2.000,-3.093,11.875,2.486,0.112,2.508,0.419
410.834,0.000,-0.446,2.000,-0.754,12.798,3.328,0.034,2.510,0.598
410.839,0.000,-0.446,2.000,3.859,11.439,4.359,-0.174,2.509,0.991
410.844,0.000,-0.446,2.000,8.609,11.403,4.423,-0.387,2.504,1.334
410.850,0.000,-0.446,2.000,10.593,13.489,2.936,-0.477,2.497,1.309
410.855,0.000,-0.446,2.000,12.046,11.949,1.480,-0.542,2.489,1.211
410.861,0.149,-0.595,2.000,14.355,9.645,-0.222,-0.639,2.478,1.189
410.866,0.149,-0.595,2.000,18.316,11.845,-1.957,-0.818,2.465,1.379
410.871,0.149,-0.595,2.000,22.471,11.456,-2.664,-1.005,2.448,1.501
410.876,0.446,-0.595,2.000,25.908,7.484,-1.558,-1.146,2.429,1.502
410.882,0.446,-0.595,2.000,29.903,7.957,-1.611,-1.326,2.403,1.520
410.888,1.642,-0.893,2.000,33.283,3.499,0.874,-1.424,2.376,1.508
410.895,1.642,-0.893,2.000,35.652,5.924,3.367,-1.530,2.343,1.347
410.901,6.272,-1.043,2.000,36.581,9.400,2.159,-1.364,2.312,1.100
410.908,7.698,-1.043,2.000,39.499,3.846,4.218,-1.431,2.280,1.073
410.915,7.698,-1.043,2.000,39.725,2.894,4.859,-1.441,2.249,0.841
410.921,7.698,-1.043,2.000,41.941,5.454,2.721,-1.541,2.217,0.875
410.927,11.062,-1.043,2.000,40.780,3.058,1.851,-1.337,2.187,0.527
410.934,11.932,-1.043,2.000,43.897,-0.739,4.600,-1.438,2.156,0.692
410.941,11.932,-1.043,2.000,44.165,1.490,1.252,-1.450,2.125,0.557
410.947,11.932,-1.043,2.000,44.483,3.160,-0.154,-1.465,2.093,0.458
410.954,21.243,-1.944,2.000,40.928,-0.385,1.476,-0.886,2.066,0.004
410.960,21.243,-1.944,2.000,42.102,-2.379,2.955,-0.939,2.045,0.083
410.967,21.243,-1.944,2.000,45.236,-0.861,3.248,-1.080,2.021,0.335
410.974,28.693,-2.553,2.000,44.914,-0.510,5.042,-0.730,2.006,0.242
410.980,29.491,-2.706,2.000,46.166,-0.851,6.026,-0.750,1.989,0.273
410.987,29.491,-2.706,2.000,47.631,-0.291,6.481,-0.816,1.971,0.315
410.994,37.464,-3.325,2.000,51.794,-1.410,6.166,-0.645,1.956,0.644
411.000,41.500,-3.325,2.000,50.311,0.099,3.944,-0.396,1.944,0.364
411.007,41.500,-3.325,2.000,50.130,2.460,4.261,-0.388,1.935,0.232
411.013,41.500,-3.325,2.000,54.175,1.992,4.461,-0.570,1.923,0.531
411.020,51.831,-3.955,2.000,59.101,-0.999,3.503,-0.327,1.919,0.904
411.027,57.706,-4.598,2.000,60.726,0.299,3.510,-0.136,1.916,0.828
411.033,57.706,-4.598,2.000,62.490,0.258,3.699,-0.215,1.911,0.760
411.040,57.706,-4.598,2.000,67.468,-1.135,2.400,-0.439,1.903,1.031
411.046,89.565,-6.100,2.000,69.268,-2.146,1.403,0.913,1.903,0.959
411.053,89.565,-6.100,2.000,73.047,-0.994,1.163,0.743,1.921,1.077
411.060,89.565,-6.100,2.000,75.919,1.338,1.708,0.614,1.935,1.064
411.066,114.070,-6.621,2.000,79.186,-0.487,1.780,1.570,1.970,1.103
411.073,114.070,-6.621,2.000,84.306,-2.964,2.757,1.339,2.002,1.306
411.080,123.743,-6.621,2.000,89.496,-2.500,4.208,1.541,2.035,1.494
411.086,123.743,-6.621,2.000,93.068,-3.371,2.186,1.380,2.066,1.454
411.093,132.732,-6.621,2.000,100.253,-5.150,0.907,1.462,2.094,1.748
411.100,135.393,-6.621,2.000,106.948,-5.837,1.752,1.280,2.123,1.928
411.106,135.393,-6.621,2.000,113.497,-5.262,1.503,0.985,2.147,2.080
411.113,135.393,-6.621,2.000,118.947,-5.037,3.520,0.740,2.165,2.071
411.119,135.393,-6.621,2.000,128.451,-8.284,3.968,0.312,2.175,2.414
411.126,135.393,-6.621,2.000,135.351,-9.895,3.703,0.002,2.178,2.467
411.133,135.393,-6.621,2.000,142.399,-9.823,2.471,-0.315,2.173,2.525
411.139,159.772,-6.446,2.000,150.970,-9.697,2.327,0.396,2.168,2.672
411.146,159.772,-6.446,2.000,159.446,-12.100,3.075,0.015,2.171,2.818
411.153,159.772,-6.446,2.000,165.330,-14.473,0.688,-0.250,2.168,2.686
411.159,159.772,-6.446,2.000,170.077,-15.062,2.876,-0.464,2.159,2.453
411.166,184.069,-6.446,2.000,176.380,-13.921,2.300,0.346,2.168,2.408
411.173,184.069,-6.446,2.000,182.601,-14.819,2.389,0.066,2.172,2.385
411.179,184.069,-6.446,2.000,185.155,-16.742,3.227,-0.049,2.172,2.051
411.186,184.069,-6.446,2.000,189.439,-14.838,1.883,-0.242,2.168,1.934
411.193,201.837,-6.100,2.000,195.755,-11.777,2.059,0.274,2.164,2.029
411.199,201.837,-6.100,2.000,200.837,-12.081,2.062,0.045,2.166,1.991
411.206,201.837,-6.100,2.000,206.981,-14.255,4.103,-0.231,2.164,2.106
411.212,201.837,-6.100,2.000,209.415,-12.678,2.435,-0.341,2.158,1.820
411.219,201.837,-6.100,2.000,215.265,-6.080,1.843,-0.604,2.146,1.895
411.226,201.837,-6.100,2.000,218.795,-1.413,0.590,-0.763,2.130,1.758
411.232,215.067,-4.114,2.000,223.415,-2.373,1.497,-0.376,2.119,1.771
411.239,215.067,-3.482,2.000,224.387,-1.879,2.109,-0.419,2.110,1.413
411.246,215.067,-3.482,2.000,231.072,2.955,0.870,-0.720,2.096,1.666
411.252,215.067,-3.482,2.000,233.635,6.760,-2.005,-0.836,2.078,1.491
411.259,215.067,-3.482,2.000,238.435,4.257,0.086,-1.052,2.055,1.540
411.266,213.136,-3.014,2.000,242.825,-3.364,2.552,-1.336,2.028,1.594
411.272,213.136,-3.014,2.000,246.745,-1.722,0.753,-1.512,1.996,1.591
411.279,213.136,-3.014,2.000,249.725,-5.015,1.385,-1.647,1.961,1.483
411.286,211.219,-2.096,2.000,254.551,-9.405,3.597,-1.950,1.920,1.533
411.292,211.219,-2.096,2.000,259.179,-13.122,3.632,-2.158,1.874,1.591
411.299,211.219,-2.096,2.000,262.702,-13.736,1.383,-2.317,1.824,1.530
411.305,211.219,-2.096,2.000,264.502,-15.991,1.861,-2.398,1.772,1.326
411.312,209.315,-1.642,2.000,267.330,-16.990,1.568,-2.611,1.715,1.248
411.319,209.315,-1.642,2.000,269.957,-20.617,1.896,-2.729,1.654,1.186
411.325,205.549,-1.492,2.000,271.046,-22.909,1.347,-2.947,1.591,0.999
411.332,201.837,-1.192,2.000,271.555,-27.978,0.740,-3.137,1.524,0.784
411.338,189.263,-1.192,2.000,272.665,-25.108,-0.654,-3.753,1.454,0.690
411.344,189.263,-1.192,2.000,273.173,-23.088,-1.380,-3.776,1.377,0.591
411.351,165.985,-1.043,2.000,271.188,-21.062,-1.420,-4.734,1.274,0.248
411.358,165.985,-1.043,2.000,270.344,-24.042,2.573,-4.696,1.169,0.093
411.364,165.985,-1.043,2.000,269.246,-20.840,0.308,-4.647,1.062,-0.063
411.371,131.417,-0.893,2.000,269.638,-16.626,-2.165,-6.220,0.942,0.028
411.377,126.260,-0.893,2.000,267.435,-15.509,-1.375,-6.353,0.819,-0.166
411.383,126.260,-0.893,2.000,262.826,-15.922,0.328,-6.145,0.686,-0.565
411.390,126.260,-0.893,2.000,256.745,-12.772,1.280,-5.872,0.557,-1.058
411.396,98.596,-0.744,2.000,251.483,-13.689,0.723,-6.880,0.404,-1.302
411.403,98.596,-0.744,2.000,246.340,-17.390,3.068,-6.648,0.255,-1.425
411.410,98.596,-0.744,2.000,233.876,-11.225,-0.551,-6.088,0.112,-2.205
411.416,73.478,-0.744,2.000,225.734,-7.279,-1.896,-6.852,-0.026,-2.417
411.423,73.478,-0.744,2.000,212.992,-7.002,0.937,-6.278,-0.170,-3.012
411.430,73.478,-0.744,2.000,199.089,-3.721,-0.458,-5.652,-0.300,-3.564
411.437,52.459,-0.744,2.000,190.037,-3.934,1.149,-6.191,-0.443,-3.563
411.443,48.185,-0.744,2.000,177.456,-5.144,1.911,-5.817,-0.577,-3.835
411.450,48.185,-0.744,2.000,164.549,-6.513,-1.762,-5.236,-0.697,-4.056
411.457,32.419,-0.744,2.000,152.442,-9.586,-1.502,-5.401,-0.818,-4.146
411.463,29.491,-0.595,2.000,143.331,-6.280,-0.732,-5.123,-0.931,-3.992
411.469,29.491,-0.595,2.000,133.528,-5.520,-0.658,-4.682,-1.030,-3.956
411.476,29.491,-0.595,2.000,122.423,-7.068,-0.478,-4.182,-1.119,-4.082
411.482,29.491,-0.595,2.000,109.406,-8.547,1.124,-3.596,-1.197,-4.397
411.488,9.416,-0.446,2.000,101.338,-4.890,0.088,-4.136,-1.281,-4.157
411.494,9.416,-0.446,2.000,94.337,-3.346,0.423,-3.821,-1.367,-3.855
411.501,9.416,-0.446,2.000,88.091,-7.012,3.427,-3.540,-1.444,-3.460
411.508,0.149,-0.446,2.000,79.826,-11.728,5.286,-3.585,-1.519,-3.341
411.513,0.149,-0.446,2.000,72.672,-9.353,5.077,-3.264,-1.579,-3.273
411.518,0.149,-0.446,2.000,66.574,-6.981,1.650,-2.989,-1.634,-3.112
411.524,0.000,-0.446,2.000,61.994,-4.322,0.821,-2.790,-1.686,-2.834
411.529,0.000,-0.446,2.000,56.597,-0.476,0.287,-2.547,-1.732,-2.715
411.535,0.000,-0.446,2.000,50.799,2.305,-0.873,-2.286,-1.774,-2.692
411.540,0.000,-0.446,2.000,44.693,4.080,-0.461,-2.011,-1.812,-2.721
411.546,0.000,-0.446,2.000,38.003,4.696,-0.688,-1.710,-1.846,-2.819
411.551,0.000,-0.446,2.000,32.064,4.341,-0.447,-1.443,-1.874,-2.809
411.557,0.000,-0.446,2.000,27.020,4.153,0.198,-1.216,-1.898,-2.715
411.562,0.000,-0.446,2.000,21.735,2.363,1.728,-0.978,-1.918,-2.672
411.568,0.000,-0.446,2.000,16.851,2.154,1.773,-0.758,-1.934,-2.602
411.573,-0.297,-0.446,2.000,12.487,-0.263,3.173,-0.575,-1.947,-2.444
411.579,-0.446,-0.446,2.000,9.960,-0.425,2.125,-0.468,-1.957,-2.108
411.586,-0.446,-0.446,2.000,5.080,-1.660,0.934,-0.249,-1.963,-2.048
411.592,-0.446,-0.446,2.000,1.224,-3.171,-1.820,-0.075,-1.965,-1.868
411.598,-0.446,-0.446,2.000,-2.532,-2.767,-3.481,0.094,-1.964,-1.765
411.605,-5.589,-0.446,2.000,-5.618,-2.259,-3.588,0.001,-1.966,-1.647
411.611,-5.589,-0.446,2.000,-8.605,-2.668,-2.524,0.136,-1.965,-1.570
411.618,-9.416,-0.446,2.000,-8.291,-6.492,-0.240,-0.051,-1.964,-1.138
411.624,-11.932,-0.446,2.000,-12.255,-6.933,0.443,0.015,-1.963,-1.201
411.631,-11.932,-0.446,2.000,-11.024,-3.539,-0.707,-0.041,-1.962,-0.763
411.637,-11.932,-0.446,2.000,-15.210,-1.229,-1.173,0.148,-1.960,-0.941
411.644,-17.112,-0.446,2.000,-19.292,-4.919,-1.118,0.098,-1.962,-1.193
411.650,-19.697,-0.446,2.000,-18.977,-4.965,-1.196,-0.032,-1.962,-0.867
411.657,-19.697,-0.446,2.000,-21.517,-5.210,-2.771,0.082,-1.961,-0.878
411.663,-22.538,-0.446,2.000,-24.537,-2.703,-2.768,0.090,-1.957,-0.907
411.670,-23.890,-0.446,2.000,-29.045,-1.706,-2.338,0.232,-1.953,-1.134
411.676,-23.890,-0.446,2.000,-32.635,-1.787,-1.897,0.394,-1.946,-1.221
411.683,-23.890,-0.446,2.000,-38.447,-3.357,-2.665,0.655,-1.934,-1.484
411.689,-29.090,-0.446,2.000,-41.101,-3.830,-2.352,0.540,-1.923,-1.366
411.695,-30.306,-0.446,2.000,-46.253,0.459,-5.538,0.718,-1.909,-1.532
411.702,-30.306,-0.446,2.000,-49.913,-1.278,-8.176,0.882,-1.891,-1.489
411.708,-30.306,-0.446,2.000,-54.360,-3.055,-4.146,1.082,-1.869,-1.548
411.715,-30.306,-0.446,2.000,-57.500,-3.263,-2.199,1.224,-1.845,-1.485
411.721,-39.949,-0.446,2.000,-61.896,-5.854,-4.137,0.988,-1.824,-1.523
411.728,-39.949,-0.446,2.000,-63.281,-11.138,-4.284,1.050,-1.802,-1.292
411.734,-47.016,-0.446,2.000,-65.420,-9.412,-4.007,0.828,-1.783,-1.186
411.741,-49.982,-0.446,2.000,-70.865,-14.012,-8.690,0.940,-1.762,-1.386
411.747,-49.982,-0.446,2.000,-70.897,-18.881,-5.046,0.941,-1.742,-1.042
411.754,-55.692,-0.446,2.000,-70.370,-14.826,-6.509,0.660,-1.724,-0.761
411.760,-55.692,-0.446,2.000,-74.625,-19.386,-10.258,0.852,-1.707,-0.976
411.767,-57.028,-0.446,2.000,-76.137,-21.925,-9.810,0.860,-1.689,-0.885
411.773,-57.028,-0.446,2.000,-74.624,-21.418,-6.533,0.792,-1.671,-0.500
411.780,-59.777,-0.446,2.000,-78.554,-28.398,-9.111,0.845,-1.653,-0.743
411.787,-61.190,-0.446,2.000,-82.093,-24.715,-1.544,0.941,-1.634,-0.915
411.793,-61.190,-0.446,2.000,-81.980,-22.759,-7.278,0.936,-1.613,-0.666
411.799,-61.190,-0.446,2.000,-82.870,-25.788,-12.152,0.976,-1.592,-0.586
411.806,-66.347,-0.446,2.000,-83.629,-24.332,-4.893,0.778,-1.575,-0.488
411.812,-66.347,-0.446,2.000,-86.576,-24.773,-7.650,0.910,-1.556,-0.631
411.818,-66.347,-0.446,2.000,-89.826,-26.790,-10.514,1.057,-1.535,-0.778
411.825,-73.478,-0.446,2.000,-91.639,-26.384,-3.459,0.817,-1.514,-0.786
411.831,-73.478,-0.446,2.000,-93.867,-26.858,-8.212,0.918,-1.495,-0.802
411.838,-73.478,-0.446,2.000,-95.828,-23.694,-5.204,1.006,-1.474,-0.800
411.844,-73.478,-0.446,2.000,-99.368,-22.796,-0.703,1.165,-1.449,-0.928
411.851,-73.478,-0.446,2.000,-102.151,-23.698,-4.839,1.290,-1.422,-0.965
411.857,-89.565,-0.446,2.000,-102.495,-24.006,-0.085,0.582,-1.404,-0.758
411.864,-89.565,-0.446,2.000,-106.150,-26.008,-4.257,0.746,-1.390,-0.918
411.870,-89.565,-0.446,2.000,-109.015,-24.219,-2.580,0.875,-1.371,-0.941
411.877,-89.565,-0.446,2.000,-109.960,-22.402,-0.491,0.918,-1.351,-0.794
411.883,-97.558,-0.446,2.000,-113.024,-24.702,-2.817,0.696,-1.338,-0.933
411.890,-99.643,-0.446,2.000,-116.625,-22.152,-0.627,0.764,-1.322,-1.037
411.896,-99.643,-0.446,2.000,-118.214,-21.436,-1.567,0.836,-1.304,-0.882
411.903,-107.218,-0.446,2.000,-121.368,-23.928,-1.516,0.637,-1.289,-0.981
411.909,-107.218,-0.446,2.000,-125.163,-19.955,0.998,0.808,-1.274,-1.156
411.916,-116.430,-0.446,2.000,-128.818,-18.936,-0.059,0.557,-1.256,-1.185
411.922,-116.430,-0.446,2.000,-130.743,-22.974,2.037,0.644,-1.242,-1.045
411.929,-118.828,-0.446,2.000,-135.416,-18.495,2.901,0.746,-1.228,-1.255
411.935,-118.828,-0.446,2.000,-139.427,-13.936,2.243,0.927,-1.209,-1.311
411.942,-124.997,-0.446,2.000,-142.076,-15.166,1.147,0.769,-1.190,-1.215
411.948,-127.534,-0.446,2.000,-147.610,-10.391,3.361,0.903,-1.171,-1.446
411.955,-127.534,-0.446,2.000,-151.652,-5.525,1.624,1.085,-1.149,-1.487
411.961,-127.534,-0.446,2.000,-153.731,-6.638,0.313,1.179,-1.125,-1.334
411.968,-130.112,-0.446,2.000,-157.911,-4.206,3.893,1.251,-1.099,-1.398
411.974,-130.112,-0.446,2.000,-161.126,-0.371,4.184,1.396,-1.070,-1.366
411.980,-134.057,-0.446,2.000,-165.225,-0.776,-0.087,1.403,-1.041,-1.434
411.987,-134.057,-0.446,2.000,-167.201,-0.686,3.345,1.491,-1.009,-1.266
411.993,-134.057,-0.446,2.000,-169.057,1.199,6.240,1.575,-0.975,-1.109
412.000,-134.057,-0.446,2.000,-172.592,0.907,4.505,1.734,-0.939,-1.154
412.006,-138.097,-0.446,2.000,-176.185,1.515,4.745,1.714,-0.902,-1.203
412.013,-138.097,-0.446,2.000,-177.345,3.407,6.798,1.766,-0.865,-1.027
412.019,-138.097,-0.446,2.000,-181.125,2.761,5.312,1.936,-0.824,-1.115
412.026,-139.465,-0.446,2.000,-184.168,0.992,2.961,2.012,-0.780,-1.109
412.032,-139.465,-0.446,2.000,-187.783,2.538,2.192,2.174,-0.736,-1.221
412.039,-140.843,-0.446,2.000,-189.651,-0.070,3.662,2.196,-0.688,-1.096
412.045,-140.843,-0.446,2.000,-191.476,-4.039,3.688,2.278,-0.639,-0.983
412.052,-140.843,-0.446,2.000,-196.868,-2.855,5.084,2.521,-0.586,-1.263
412.058,-140.843,-0.446,2.000,-197.834,-2.683,5.415,2.565,-0.531,-1.026
412.065,-140.843,-0.446,2.000,-200.539,-4.760,5.328,2.686,-0.474,-1.058
412.071,-140.843,-0.446,2.000,-202.470,-6.292,5.891,2.773,-0.414,-0.961
412.078,-142.233,-0.446,2.000,-203.176,-4.771,3.481,2.742,-0.354,-0.783
412.084,-142.233,-0.446,2.000,-206.294,-6.462,0.998,2.883,-0.294,-0.910
412.091,-142.233,-0.446,2.000,-204.702,-8.881,2.808,2.811,-0.232,-0.547
412.097,-142.233,-0.446,2.000,-203.571,-6.018,6.557,2.760,-0.170,-0.260
412.104,-142.233,-0.446,2.000,-204.287,-6.578,4.665,2.792,-0.110,-0.247
412.110,-142.233,-0.446,2.000,-202.326,-4.830,6.538,2.704,-0.053,-0.025
412.117,-142.233,-0.446,2.000,-202.299,-3.437,4.681,2.703,0.006,-0.009
412.123,-142.233,-0.446,2.000,-200.856,-6.440,2.405,2.638,0.063,0.101
412.129,-142.233,-0.446,2.000,-200.447,-5.795,4.755,2.620,0.120,0.137
412.136,-143.633,-0.446,2.000,-197.532,0.926,2.805,2.425,0.173,0.362
412.142,-143.633,-0.446,2.000,-198.274,-1.503,-2.245,2.459,0.225,0.185
412.149,-142.233,-0.446,2.000,-195.086,-2.128,1.800,2.378,0.277,0.424
412.155,-142.233,-0.446,2.000,-194.252,0.192,6.028,2.341,0.328,0.427
412.162,-143.633,-0.446,2.000,-194.193,-2.934,2.078,2.275,0.379,0.333
412.168,-143.633,-0.446,2.000,-193.048,1.032,3.640,2.224,0.426,0.336
412.175,-145.044,-0.446,2.000,-193.793,-0.705,2.540,2.194,0.474,0.187
412.181,-143.633,-0.446,2.000,-188.875,-3.515,3.922,2.036,0.519,0.610
412.188,-143.633,-0.446,2.000,-190.439,2.333,3.081,2.106,0.564,0.318
412.194,-143.633,-0.446,2.000,-193.579,2.018,-0.077,2.248,0.613,-0.047
412.201,-143.633,-0.446,2.000,-187.891,-2.151,2.554,1.992,0.657,0.493
412.207,-143.633,-0.446,2.000,-186.200,-1.224,4.418,1.916,0.698,0.543
412.214,-143.633,-0.446,2.000,-185.290,0.164,1.748,1.875,0.739,0.517
412.220,-143.633,-0.446,2.000,-183.304,-2.243,0.760,1.785,0.778,0.587
412.226,-143.633,-0.446,2.000,-180.814,-0.414,4.040,1.673,0.815,0.674
412.233,-131.417,-0.446,2.000,-180.248,0.744,2.671,2.197,0.854,0.544
412.239,-122.500,-0.446,2.000,-177.314,0.142,1.294,2.467,0.899,0.696
412.246,-122.500,-0.446,2.000,-175.718,1.356,2.306,2.395,0.952,0.694
412.252,-122.500,-0.446,2.000,-177.000,0.639,0.617,2.453,1.005,0.420
412.258,-94.497,-0.446,2.000,-175.351,-5.450,0.822,3.638,1.084,0.456
412.265,-89.565,-0.446,2.000,-173.810,-0.499,2.915,3.791,1.164,0.458
412.271,-62.630,-0.446,2.000,-171.980,-0.105,0.353,4.921,1.254,0.545
412.278,-51.831,-0.446,2.000,-168.591,-4.455,0.536,5.254,1.361,0.749
412.284,-51.831,-0.446,2.000,-164.096,-4.315,7.810,5.052,1.472,0.997
412.291,-46.440,-0.446,2.000,-159.480,-3.742,1.397,5.087,1.585,1.175
412.297,-46.440,-0.446,2.000,-151.258,-3.295,2.784,4.717,1.689,1.643
412.304,-20.000,-0.446,2.000,-143.928,-2.729,1.847,5.577,1.804,1.966
412.310,-20.000,-0.446,2.000,-133.657,-5.859,2.097,5.115,1.919,2.482
412.317,-11.062,-0.446,2.000,-124.229,-4.326,5.028,5.093,2.026,2.754
412.323,-11.062,-0.446,2.000,-113.230,-1.274,-0.391,4.598,2.128,3.135
412.330,-11.062,-0.446,2.000,-102.787,1.294,-1.928,4.128,2.220,3.350
412.336,-5.928,-0.446,2.000,-91.938,1.536,0.825,3.870,2.310,3.564
412.343,-5.589,-0.446,2.000,-78.855,-1.313,1.352,3.297,2.386,3.940
412.349,-5.089,-0.446,2.000,-67.927,-0.997,6.670,2.828,2.450,4.000
412.356,-5.089,-0.446,2.000,-56.571,3.077,2.987,2.317,2.503,4.104
412.362,-4.924,-0.446,2.000,-49.940,4.868,-1.371,2.026,2.548,3.690
412.368,-4.924,-0.446,2.000,-38.445,3.782,3.873,1.508,2.582,3.955
412.374,-4.924,-0.446,2.000,-30.432,3.691,2.547,1.148,2.607,3.800
412.380,-4.924,-0.446,2.000,-22.774,2.256,1.376,0.803,2.625,3.659
412.386,-4.924,-0.446,2.000,-16.696,1.103,4.462,0.530,2.639,3.393
412.392,-4.924,-0.446,2.000,-11.145,3.624,4.513,0.280,2.646,3.128
412.398,-4.924,-0.446,2.000,-7.058,3.816,2.225,0.096,2.650,2.815
412.405,-4.760,-0.446,2.000,-5.452,-0.323,2.787,0.031,2.651,2.250
412.411,-4.760,-0.446,2.000,-0.744,-1.611,4.942,-0.181,2.648,2.128
412.418,-4.760,-0.446,2.000,3.836,1.009,2.742,-0.387,2.641,2.043
412.424,-4.760,-0.446,2.000,3.974,0.227,2.521,-0.393,2.634,1.577
412.430,-4.760,-0.446,2.000,3.926,-1.795,3.336,-0.391,2.624,1.137
412.437,-4.760,-0.446,2.000,8.362,1.051,4.058,-0.591,2.612,1.230
412.444,-4.760,-0.446,2.000,9.712,2.487,2.433,-0.651,2.600,1.108
412.450,-4.760,-0.446,2.000,9.495,0.604,1.216,-0.641,2.586,0.817
412.456,-4.760,-0.446,2.000,11.216,-0.245,3.873,-0.719,2.570,0.749
412.463,-2.553,-0.446,2.000,14.332,2.727,2.826,-0.760,2.554,0.880
412.469,-2.553,-0.446,2.000,14.406,2.953,2.129,-0.763,2.538,0.673
412.476,-2.553,-0.446,2.000,15.524,0.687,2.904,-0.813,2.520,0.590
412.482,-2.096,-0.446,2.000,21.503,1.525,3.762,-1.062,2.498,0.980
412.489,-2.096,-0.446,2.000,23.771,3.034,2.233,-1.164,2.474,0.969
412.495,-2.096,-0.446,2.000,28.273,0.901,1.220,-1.367,2.447,1.174
412.502,-2.096,-0.446,2.000,31.568,-0.186,4.734,-1.515,2.415,1.205
412.508,-2.096,-0.446,2.000,35.831,2.970,1.291,-1.707,2.380,1.310
412.515,-2.096,-0.446,2.000,40.095,0.241,-0.838,-1.899,2.340,1.388
412.521,-2.096,-0.446,2.000,45.001,0.057,0.859,-2.119,2.297,1.535
412.527,-2.096,-0.446,2.000,47.351,1.876,1.799,-2.225,2.250,1.399
412.534,-2.096,-0.446,2.000,49.026,2.796,0.096,-2.300,2.200,1.187
412.540,-2.096,-0.446,2.000,51.787,0.762,1.830,-2.425,2.148,1.126
412.547,-2.096,-0.446,2.000,54.423,-0.550,5.031,-2.543,2.095,1.124
412.553,-2.096,-0.446,2.000,53.773,3.321,2.780,-2.514,2.042,0.796
412.560,-2.096,-0.446,2.000,52.886,-0.091,-1.475,-2.474,1.988,0.493
412.566,-2.096,-0.446,2.000,54.812,-1.160,3.734,-2.561,1.933,0.540
412.573,-1.793,-0.446,2.000,53.376,1.919,1.074,-2.483,1.880,0.291
412.579,-1.492,-0.446,2.000,50.282,2.227,-0.269,-2.330,1.830,-0.098
412.586,-1.492,-0.446,2.000,48.922,-2.184,1.008,-2.269,1.779,-0.225
412.592,-1.492,-0.446,2.000,48.572,-0.910,0.961,-2.253,1.730,-0.203
412.598,-1.492,-0.446,2.000,46.564,-0.471,-1.056,-2.163,1.684,-0.322
412.605,-1.043,-0.446,2.000,46.167,-3.827,0.746,-2.124,1.637,-0.294
412.611,-1.043,-0.446,2.000,46.605,-3.654,2.161,-2.144,1.592,-0.169
412.618,-1.043,-0.446,2.000,49.082,0.013,1.076,-2.256,1.545,0.122
412.624,-1.043,-0.446,2.000,46.833,-0.688,0.156,-2.154,1.497,-0.133
412.631,-1.043,-0.446,2.000,49.551,-4.115,-0.141,-2.277,1.449,0.165
412.637,-1.043,-0.446,2.000,50.041,-1.634,-1.031,-2.299,1.399,0.179
412.644,-0.744,-0.446,2.000,50.100,-2.308,-1.022,-2.288,1.350,0.147
412.650,-0.744,-0.446,2.000,52.350,-4.214,-2.719,-2.389,1.299,0.315
412.656,-0.595,-0.446,2.000,52.735,-3.811,-2.126,-2.400,1.249,0.308
412.662,-0.595,-0.446,2.000,51.533,-3.288,-0.913,-2.346,1.203,0.144
412.668,-0.595,-0.446,2.000,50.236,-0.570,0.090,-2.287,1.158,-0.014
412.674,-0.595,-0.446,2.000,48.332,0.093,-4.362,-2.202,1.113,-0.242
412.680,-0.297,-0.446,2.000,49.338,-1.389,-4.352,-2.234,1.067,-0.110
412.686,-0.297,-0.446,2.000,49.716,1.091,-1.823,-2.251,1.023,-0.030
412.692,-0.297,-0.446,2.000,48.785,5.153,-0.669,-2.209,0.979,-0.081
412.698,-0.297,-0.446,2.000,47.387,4.152,-5.301,-2.146,0.937,-0.182
412.704,0.000,-0.446,2.000,45.244,1.729,-4.147,-2.036,0.896,-0.401
412.710,0.000,-0.446,2.000,45.096,4.478,-1.681,-2.029,0.858,-0.387
412.715,0.000,-0.446,2.000,43.278,7.743,-0.913,-1.947,0.821,-0.539
412.721,0.000,-0.446,2.000,44.240,9.753,-1.790,-1.991,0.784,-0.327
412.726,0.000,-0.446,2.000,43.635,9.734,-5.333,-1.964,0.749,-0.304
412.731,0.000,-0.446,2.000,43.235,11.720,-7.099,-1.946,0.714,-0.259
412.737,0.000,-0.446,2.000,42.067,11.598,-7.625,-1.893,0.679,-0.325
412.742,0.000,-0.446,2.000,41.557,11.249,-6.480,-1.870,0.645,-0.332
412.748,0.000,-0.595,2.000,41.253,8.504,-5.637,-1.856,0.611,-0.313
412.753,0.000,-0.595,2.000,39.680,8.932,-4.806,-1.786,0.580,-0.439
412.758,0.000,-0.595,2.000,40.544,6.503,-5.315,-1.824,0.548,-0.260
412.763,0.000,-0.595,2.000,41.490,4.884,-9.614,-1.867,0.515,-0.119
412.768,0.000,-0.595,2.000,41.643,4.037,-10.277,-1.874,0.483,-0.107
412.773,0.000,-0.595,2.000,42.730,3.829,-6.413,-1.923,0.450,0.025
412.779,0.000,-0.595,2.000,43.069,4.907,-3.304,-1.938,0.416,0.006
412.784,0.000,-0.595,2.000,43.064,3.391,-4.471,-1.938,0.382,-0.049
412.789,0.297,-0.595,2.000,43.965,5.324,-4.270,-1.965,0.346,0.058
412.795,0.595,-0.744,2.000,45.945,8.797,-6.479,-2.041,0.308,0.274
412.801,0.595,-0.744,2.000,44.240,7.717,-6.792,-1.964,0.267,0.043
412.807,0.595,-0.744,2.000,43.275,5.192,-4.575,-1.921,0.226,-0.068
412.814,5.758,-1.043,2.000,43.335,8.823,-4.914,-1.691,0.189,-0.054
412.820,5.758,-1.043,2.000,38.941,11.028,-3.020,-1.493,0.155,-0.445
412.827,8.829,-1.043,2.000,37.632,10.835,-5.244,-1.296,0.125,-0.453
412.834,10.019,-1.043,2.000,36.537,11.577,-1.529,-1.193,0.098,-0.447
412.840,10.019,-1.043,2.000,34.203,14.904,-5.852,-1.088,0.073,-0.558
412.847,14.757,-1.043,2.000,33.591,11.393,-9.339,-0.848,0.051,-0.476
412.854,14.757,-1.043,2.000,31.727,17.811,-4.285,-0.764,0.033,-0.529
412.860,16.302,-1.043,2.000,26.404,19.580,-6.754,-0.455,0.021,-0.906
412.867,16.302,-1.043,2.000,26.291,17.463,-0.788,-0.449,0.010,-0.725
412.874,29.491,-1.043,2.000,27.626,19.591,-1.705,0.084,0.008,-0.405
412.880,30.720,-1.043,2.000,26.422,16.731,-0.468,0.193,0.012,-0.408
412.887,30.720,-1.043,2.000,27.375,15.979,-0.780,0.151,0.016,-0.221
412.894,44.745,-1.043,2.000,29.446,14.884,0.612,0.688,0.022,0.017
412.900,44.745,-1.043,2.000,31.956,16.107,-1.877,0.575,0.035,0.249
412.907,44.745,-1.043,2.000,35.004,14.898,-3.775,0.438,0.046,0.472
412.914,68.660,-1.043,2.000,39.036,15.192,-2.013,1.333,0.078,0.744
412.920,75.142,-1.043,2.000,42.377,12.641,-6.709,1.474,0.109,0.872
412.927,75.142,-1.043,2.000,48.830,12.603,-1.069,1.184,0.137,1.243
412.934,109.465,-1.043,2.000,57.343,16.384,1.877,2.345,0.169,1.749
412.940,109.465,-1.043,2.000,61.305,15.229,-2.254,2.167,0.219,1.704
412.947,131.417,-1.043,2.000,66.068,17.877,1.325,2.941,0.270,1.705
412.953,131.417,-1.043,2.000,74.144,22.286,-2.192,2.577,0.326,2.067
412.960,138.097,-1.043,2.000,79.944,23.463,-6.876,2.617,0.385,2.120
412.966,138.097,-1.043,2.000,87.162,18.994,-3.650,2.292,0.439,2.312
412.973,138.097,-1.043,2.000,93.773,23.843,-5.224,1.995,0.485,2.333
412.979,164.414,-1.043,2.000,98.389,21.177,-4.070,2.971,0.534,2.181
412.986,164.414,-1.043,2.000,108.318,18.001,-1.306,2.524,0.594,2.591
412.993,164.414,-1.043,2.000,116.564,17.514,0.407,2.153,0.644,2.717
412.999,177.320,-0.893,2.000,124.121,12.496,-0.246,2.394,0.698,2.761
413.006,184.069,-0.893,2.000,134.513,9.626,0.563,2.230,0.751,3.061
413.012,184.069,-0.893,2.000,143.969,11.045,1.485,1.804,0.793,3.184
413.019,200.001,-0.893,2.000,153.482,9.104,-0.202,2.093,0.835,3.315
413.025,200.001,-0.893,2.000,162.850,3.538,0.028,1.672,0.875,3.403
413.032,218.971,-0.893,2.000,169.676,1.203,0.209,2.218,0.914,3.255
413.038,218.971,-0.893,2.000,176.955,2.734,-0.823,1.891,0.956,3.134
413.045,218.971,-0.893,2.000,182.762,4.690,-2.140,1.629,0.993,2.897
413.051,218.971,-0.893,2.000,191.256,1.586,-2.754,1.247,1.022,2.936
413.058,235.155,-0.893,2.000,198.763,-1.755,-0.694,1.638,1.056,2.966
413.064,235.155,-0.893,2.000,206.375,0.827,-0.853,1.295,1.086,2.973
413.071,239.346,-0.744,2.000,211.584,2.471,-2.101,1.249,1.111,2.700
413.077,239.346,-0.744,2.000,220.257,-0.144,3.303,0.859,1.133,2.827
413.084,241.464,-0.893,2.000,226.567,2.638,4.060,0.670,1.150,2.728
413.091,241.464,-0.893,2.000,231.132,6.389,-0.024,0.465,1.162,2.517
413.097,241.464,-0.893,2.000,235.473,5.822,-1.271,0.270,1.169,2.294
413.104,252.278,-0.744,2.000,242.806,1.673,1.212,0.426,1.177,2.391
413.110,252.278,-0.744,2.000,249.739,5.157,-1.872,0.114,1.183,2.462
413.117,252.278,-0.744,2.000,253.994,4.156,-1.139,-0.077,1.183,2.282
413.124,252.278,-0.744,2.000,258.825,2.109,1.133,-0.295,1.177,2.129
413.130,252.278,-0.744,2.000,266.421,2.846,-0.558,-0.636,1.165,2.285
413.137,250.085,-0.744,2.000,273.812,4.196,-1.044,-1.068,1.144,2.424
413.143,250.085,-0.744,2.000,277.527,4.328,0.175,-1.235,1.119,2.184
413.150,250.085,-0.744,2.000,282.834,3.573,-0.000,-1.474,1.087,2.119
413.157,250.085,-0.744,2.000,287.265,3.067,-0.919,-1.673,1.051,1.989
413.163,247.907,-0.744,2.000,293.222,4.407,0.102,-2.039,1.009,2.052
413.170,247.907,-0.744,2.000,297.275,6.623,-1.176,-2.222,0.963,1.969
413.177,245.744,-0.744,2.000,299.144,1.589,2.310,-2.403,0.910,1.643
413.183,245.744,-0.744,2.000,303.093,-0.720,1.909,-2.581,0.854,1.593
413.190,239.346,-0.744,2.000,306.270,0.644,-0.036,-3.012,0.788,1.505
413.197,239.346,-0.744,2.000,306.179,0.280,1.097,-3.007,0.723,1.161
413.204,239.346,-0.744,2.000,305.631,2.517,2.605,-2.983,0.654,0.800
413.210,239.346,-0.744,2.000,304.571,-0.484,1.657,-2.935,0.588,0.486
413.217,239.346,-0.744,2.000,304.375,-4.055,1.262,-2.926,0.523,0.360
413.224,239.346,-0.744,2.000,301.572,-4.328,-2.075,-2.800,0.461,0.028
413.230,239.346,-0.744,2.000,302.569,-6.285,1.465,-2.845,0.397,0.120
413.237,211.219,-0.595,2.000,301.444,-6.710,1.835,-4.060,0.310,-0.058
413.243,198.179,-0.595,2.000,300.370,-5.762,3.827,-4.599,0.219,-0.164
413.249,198.179,-0.595,2.000,297.036,-6.477,2.139,-4.449,0.125,-0.456
413.255,162.855,-0.446,2.000,294.223,-10.974,3.880,-5.912,0.024,-0.627
413.262,162.855,-0.446,2.000,291.411,-8.069,-0.041,-5.785,-0.102,-0.745
413.268,155.234,-0.595,2.000,287.224,-6.986,-2.077,-5.940,-0.227,-0.926
413.274,138.097,-0.446,2.000,280.539,-5.297,-1.268,-6.410,-0.357,-1.336
413.281,100.698,-0.446,2.000,275.553,-1.465,0.918,-7.868,-0.517,-1.500
413.287,64.839,-0.446,2.000,269.498,-0.758,1.645,-9.210,-0.630,-1.722
413.294,52.459,-0.446,2.000,262.830,-3.321,4.975,-9.467,-0.630,-1.933
413.300,52.459,-0.446,2.000,253.009,-4.966,6.518,-9.025,-0.630,-2.383
413.307,29.491,-0.446,2.000,243.138,-4.817,1.909,-9.614,-0.630,-2.719
413.313,22.209,-0.446,2.000,229.359,-6.248,1.685,-9.322,-0.630,-3.331
413.320,22.209,-0.446,2.000,214.399,-5.833,-3.352,-8.649,-0.754,-3.934
413.326,22.209,-0.446,2.000,198.431,-8.558,-5.350,-7.930,-0.931,-4.481
413.333,5.589,-0.446,2.000,177.429,-10.878,-2.214,-7.733,-1.095,-5.375
413.339,5.589,-0.446,2.000,157.624,-8.600,-2.826,-6.842,-1.250,-5.972
413.346,4.924,-0.446,2.000,139.674,-7.135,3.317,-6.064,-1.384,-6.306
413.352,2.553,-0.446,2.000,118.715,-5.558,4.048,-5.227,-1.501,-6.816
413.358,0.595,-0.446,2.000,99.032,-5.971,1.443,-4.430,-1.602,-7.125
413.364,0.595,-0.446,2.000,81.947,-7.142,4.084,-3.661,-1.682,-7.193
413.370,0.000,-0.446,2.000,68.214,-6.186,4.333,-3.070,-1.748,-6.870
413.376,0.000,-0.446,2.000,55.347,-6.479,3.282,-2.491,-1.797,-6.658
413.381,0.000,-0.446,2.000,43.751,-6.484,3.467,-1.969,-1.836,-6.340
413.387,0.000,-0.446,2.000,35.739,-5.163,2.392,-1.608,-1.869,-5.687
413.392,0.000,-0.446,2.000,28.684,-3.850,2.640,-1.291,-1.895,-5.096
413.398,0.000,-0.446,2.000,22.509,-2.892,2.368,-1.013,-1.916,-4.560
413.403,0.000,-0.446,2.000,18.315,-1.263,1.811,-0.824,-1.933,-3.962
413.408,0.000,-0.446,2.000,14.616,4.324,-0.766,-0.658,-1.946,-3.412
413.414,0.000,-0.446,2.000,11.794,9.720,0.032,-0.531,-1.956,-2.903
413.419,0.000,-0.446,2.000,10.242,14.681,-0.916,-0.461,-1.966,-2.399
413.425,-1.043,-0.446,2.000,10.580,13.959,0.785,-0.523,-1.976,-1.840
413.431,-1.043,-0.446,2.000,11.033,8.920,2.669,-0.543,-1.989,-1.375
413.438,-1.043,-0.446,2.000,11.090,8.024,4.257,-0.546,-1.999,-0.999
413.444,-11.276,-0.446,2.000,12.688,12.239,3.562,-1.078,-2.021,-0.571
413.451,-14.757,-0.446,2.000,8.334,15.640,2.887,-1.039,-2.044,-0.829
413.457,-14.757,-0.446,2.000,6.117,10.391,4.270,-0.939,-2.066,-0.885
413.464,-25.660,-0.446,2.000,4.640,3.560,5.542,-1.364,-2.088,-0.801
413.470,-25.660,-0.446,2.000,1.289,1.447,2.856,-1.213,-2.116,-0.924
413.477,-29.090,-0.446,2.000,-1.465,-0.112,2.458,-1.243,-2.143,-0.924
413.483,-29.090,-0.446,2.000,-8.232,-0.436,2.486,-0.939,-2.166,-1.356
413.490,-43.099,-0.446,2.000,-16.570,0.935,2.239,-1.194,-2.190,-1.847
413.496,-48.185,-0.446,2.000,-23.622,-2.284,4.329,-1.105,-2.216,-2.095
413.503,-48.185,-0.446,2.000,-30.080,-8.756,6.634,-0.815,-2.235,-2.178
413.509,-56.357,-0.446,2.000,-38.217,-8.961,4.240,-0.816,-2.250,-2.408
413.516,-56.357,-0.446,2.000,-47.401,-5.717,3.177,-0.403,-2.262,-2.669
413.522,-59.080,-0.446,2.000,-58.831,-4.971,3.202,-0.011,-2.266,-3.108
413.529,-64.839,-0.446,2.000,-66.059,-4.904,3.840,0.055,-2.267,-3.022
413.535,-64.839,-0.446,2.000,-75.245,-3.753,3.943,0.468,-2.260,-3.137
413.542,-70.237,-0.446,2.000,-81.887,-4.045,5.337,0.524,-2.249,-3.013
413.548,-70.237,-0.446,2.000,-88.965,-0.177,4.431,0.843,-2.233,-2.929
413.555,-70.237,-0.446,2.000,-94.862,3.366,4.723,1.108,-2.210,-2.755
413.561,-82.102,-0.446,2.000,-101.439,5.949,4.346,0.870,-2.194,-2.701
413.567,-85.769,-0.446,2.000,-106.953,6.524,4.622,0.953,-2.176,-2.579
413.574,-94.497,-0.446,2.000,-110.152,9.191,5.025,0.704,-2.158,-2.244
413.581,-99.643,-0.446,2.000,-114.723,12.872,3.480,0.679,-2.142,-2.093
413.587,-100.698,-0.446,2.000,-120.376,15.426,2.314,0.886,-2.124,-2.101
413.593,-100.698,-0.446,2.000,-123.726,13.097,3.045,1.036,-2.104,-1.943
413.600,-100.698,-0.446,2.000,-126.806,12.554,5.267,1.175,-2.080,-1.787
413.606,-107.218,-0.446,2.000,-130.728,15.484,4.649,1.058,-2.057,-1.674
413.613,-107.218,-0.446,2.000,-137.156,15.831,2.684,1.347,-2.030,-1.869
413.619,-107.218,-0.446,2.000,-140.565,11.022,5.827,1.501,-1.998,-1.716
413.626,-109.465,-0.446,2.000,-144.311,12.477,6.538,1.568,-1.965,-1.672
413.632,-111.749,-0.446,2.000,-149.719,13.031,6.149,1.709,-1.928,-1.768
413.639,-111.749,-0.446,2.000,-151.052,6.889,4.953,1.769,-1.890,-1.459
413.645,-111.749,-0.446,2.000,-158.263,4.213,7.097,2.093,-1.848,-1.801
413.652,-111.749,-0.446,2.000,-158.454,8.535,5.652,2.102,-1.803,-1.381
413.658,-111.749,-0.446,2.000,-162.732,3.147,5.641,2.294,-1.755,-1.448
413.665,-118.828,-0.446,2.000,-166.856,1.485,9.010,2.161,-1.704,-1.452
413.671,-117.624,-0.446,2.000,-167.824,4.498,8.388,2.259,-1.656,-1.186
413.678,-117.624,-0.446,2.000,-170.360,4.705,3.979,2.373,-1.606,-1.142
413.684,-118.828,-0.446,2.000,-172.875,1.088,6.715,2.432,-1.555,-1.098
413.691,-117.624,-0.446,2.000,-175.940,2.383,9.596,2.624,-1.499,-1.121
413.697,-117.624,-0.446,2.000,-177.784,4.331,8.312,2.707,-1.442,-1.020
413.704,-117.624,-0.446,2.000,-179.193,3.746,7.107,2.771,-1.383,-0.925
413.710,-116.430,-0.446,2.000,-179.533,2.344,9.860,2.840,-1.321,-0.719
413.717,-116.430,-0.446,2.000,-181.924,5.646,8.280,2.947,-1.258,-0.766
413.723,-116.430,-0.446,2.000,-183.224,4.647,6.811,3.006,-1.195,-0.735
413.729,-116.430,-0.446,2.000,-183.229,3.386,6.403,3.006,-1.130,-0.528
413.736,-116.430,-0.446,2.000,-185.302,5.885,9.373,3.099,-1.064,-0.573
413.742,-116.430,-0.446,2.000,-189.064,4.754,10.260,3.269,-0.995,-0.789
413.749,-116.430,-0.446,2.000,-186.374,1.523,8.469,3.147,-0.926,-0.322
413.755,-116.430,-0.446,2.000,-186.805,6.638,9.216,3.167,-0.857,-0.283
413.762,-116.430,-0.446,2.000,-189.114,6.069,7.001,3.271,-0.786,-0.422
413.768,-116.430,-0.446,2.000,-187.427,4.136,8.413,3.195,-0.718,-0.197
413.775,-116.430,-0.446,2.000,-187.836,5.020,10.025,3.213,-0.649,-0.197
413.781,-116.430,-0.446,2.000,-188.258,9.592,9.216,3.232,-0.579,-0.166
413.788,-116.430,-0.446,2.000,-188.692,4.147,9.026,3.252,-0.510,-0.189
413.794,-115.245,-0.446,2.000,-188.978,7.555,11.927,3.318,-0.440,-0.182
413.801,-115.245,-0.446,2.000,-188.433,10.374,10.506,3.293,-0.368,-0.054
413.807,-115.245,-0.446,2.000,-190.091,7.619,4.846,3.368,-0.294,-0.187
413.814,-115.245,-0.446,2.000,-191.722,10.104,5.719,3.441,-0.222,-0.328
413.820,-115.245,-0.446,2.000,-188.724,8.189,8.684,3.307,-0.149,0.056
413.826,-115.245,-0.446,2.000,-189.761,9.071,5.866,3.353,-0.077,-0.031
413.833,-116.430,-0.446,2.000,-190.306,7.777,7.690,3.324,-0.006,-0.107
413.839,-116.430,-0.446,2.000,-188.709,9.164,7.305,3.253,0.066,0.100
413.846,-118.828,-0.446,2.000,-189.034,4.623,5.818,3.159,0.134,0.034
413.853,-118.828,-0.446,2.000,-192.458,10.889,7.336,3.313,0.206,-0.310
413.859,-122.500,-0.446,2.000,-188.794,11.128,7.318,2.983,0.272,0.118
413.865,-124.997,-0.446,2.000,-187.841,5.720,4.475,2.828,0.334,0.165
413.872,-124.997,-0.446,2.000,-188.606,6.105,8.605,2.862,0.395,0.054
413.878,-124.997,-0.446,2.000,-187.982,4.063,9.589,2.834,0.457,0.101
413.885,-126.260,-0.446,2.000,-186.487,0.448,5.412,2.710,0.515,0.225
413.891,-126.260,-0.446,2.000,-183.393,-2.122,8.438,2.571,0.571,0.455
413.898,-126.260,-0.446,2.000,-185.158,-2.453,4.699,2.650,0.629,0.183
413.904,-127.534,-0.446,2.000,-184.815,-3.778,3.371,2.578,0.684,0.144
413.911,-127.534,-0.446,2.000,-180.918,-2.894,5.068,2.402,0.738,0.491
413.917,-127.534,-0.446,2.000,-180.729,-6.391,4.881,2.394,0.789,0.378
413.924,-127.534,-0.446,2.000,-182.261,-8.708,8.231,2.463,0.842,0.147
413.930,-128.818,-0.446,2.000,-178.816,-1.891,9.821,2.250,0.891,0.424
413.937,-128.818,-0.446,2.000,-175.816,-7.411,6.977,2.115,0.938,0.620
413.943,-128.818,-0.446,2.000,-177.142,-1.448,12.507,2.175,0.984,0.344
413.950,-127.534,-0.446,2.000,-176.882,-2.246,10.240,2.221,1.032,0.269
413.956,-128.818,-0.446,2.000,-178.889,4.181,7.962,2.253,1.080,0.006
413.963,-128.818,-0.446,2.000,-175.767,1.273,10.471,2.113,1.127,0.308
413.969,-128.818,-0.446,2.000,-175.414,2.241,1.662,2.097,1.171,0.238
413.975,-127.534,-0.446,2.000,-173.988,8.154,2.139,2.090,1.217,0.310
413.982,-127.534,-0.446,2.000,-171.555,9.693,1.794,1.981,1.261,0.509
413.988,-127.534,-0.446,2.000,-168.192,8.084,1.403,1.830,1.300,0.683
413.995,-127.534,-0.446,2.000,-163.576,8.931,5.889,1.622,1.337,0.938
414.001,-127.534,-0.446,2.000,-161.691,7.184,2.693,1.537,1.372,0.907
414.008,-124.997,-0.446,2.000,-161.289,7.756,8.319,1.633,1.406,0.717
414.014,-124.997,-0.446,2.000,-160.257,10.266,12.662,1.587,1.440,0.625
414.021,-124.997,-0.446,2.000,-158.507,7.494,5.792,1.508,1.473,0.641
414.027,-111.749,-0.446,2.000,-159.340,6.197,11.285,2.142,1.515,0.427
414.033,-109.465,-0.446,2.000,-156.579,2.497,5.102,2.120,1.560,0.565
414.040,-109.465,-0.446,2.000,-156.014,7.688,-0.445,2.095,1.606,0.463
414.047,-109.465,-0.446,2.000,-155.788,2.998,4.496,2.085,1.651,0.380
414.053,-109.465,-0.446,2.000,-151.875,6.402,2.386,1.908,1.693,0.652
414.060,-72.656,-0.446,2.000,-145.272,1.250,5.385,3.268,1.754,1.115
414.066,-72.656,-0.446,2.000,-145.469,-2.684,2.527,3.277,1.825,0.842
414.072,-55.692,-0.446,2.000,-144.064,1.322,8.480,3.977,1.900,0.749
414.079,-55.692,-0.446,2.000,-141.711,0.837,3.903,3.871,1.984,0.806
414.085,-55.692,-0.446,2.000,-138.877,5.117,6.245,3.743,2.066,0.902
414.092,-55.692,-0.446,2.000,-134.488,7.514,3.303,3.546,2.146,1.088
414.099,-56.357,-0.446,2.000,-128.282,13.252,2.025,3.237,2.219,1.420
414.105,-56.357,-0.446,2.000,-123.831,10.569,6.800,3.036,2.287,1.501
414.112,-56.357,-0.446,2.000,-117.613,11.925,2.764,2.757,2.349,1.735
414.118,-57.028,-0.446,2.000,-106.592,11.034,3.367,2.230,2.401,2.350
414.125,-57.028,-0.446,2.000,-95.518,6.923,-1.094,1.732,2.442,2.846
414.131,-57.028,-0.446,2.000,-91.073,5.840,4.806,1.532,2.477,2.575
414.138,-59.080,-0.446,2.000,-85.798,0.730,-3.618,1.202,2.505,2.424
414.144,-59.777,-0.446,2.000,-77.065,-0.139,0.054,0.778,2.525,2.659
414.151,-59.777,-0.446,2.000,-72.266,-0.924,-4.477,0.562,2.539,2.466
414.157,-61.190,-0.446,2.000,-69.661,4.975,2.056,0.381,2.549,2.100
414.163,-61.190,-0.446,2.000,-67.724,6.138,4.516,0.294,2.555,1.752
414.170,-61.190,-0.446,2.000,-64.792,13.242,5.595,0.162,2.560,1.600
414.176,-61.190,-0.446,2.000,-66.194,14.136,6.099,0.225,2.564,1.064
414.183,-62.630,-0.446,2.000,-65.444,17.092,2.488,0.127,2.567,0.862
414.189,-62.630,-0.446,2.000,-60.355,16.864,3.624,-0.102,2.567,1.132
414.196,-62.630,-0.446,2.000,-59.788,11.348,1.573,-0.128,2.565,0.906
414.202,-63.360,-0.446,2.000,-58.976,12.574,0.002,-0.197,2.560,0.737
414.209,-63.360,-0.446,2.000,-62.033,9.863,-4.021,-0.060,2.559,0.272
414.215,-64.839,-0.446,2.000,-61.320,10.856,-1.233,-0.158,2.556,0.288
414.222,-64.839,-0.446,2.000,-56.979,10.458,-0.338,-0.354,2.549,0.625
414.228,-64.839,-0.446,2.000,-57.820,7.075,-2.150,-0.316,2.541,0.351
414.235,-64.839,-0.446,2.000,-60.160,9.892,-0.740,-0.211,2.536,0.059
414.241,-64.839,-0.446,2.000,-62.453,7.613,-2.621,-0.107,2.533,-0.172
414.248,-64.839,-0.446,2.000,-60.085,12.590,0.753,-0.214,2.529,0.093
414.254,-64.096,-0.446,2.000,-55.896,11.581,-1.157,-0.369,2.523,0.478
414.261,-61.907,-0.446,2.000,-53.268,7.095,-2.297,-0.389,2.515,0.614
414.267,-61.907,-0.446,2.000,-52.838,9.173,-1.459,-0.408,2.506,0.488
414.274,-53.734,-0.446,2.000,-53.073,8.052,-5.456,-0.030,2.502,0.328
414.280,-49.377,-0.446,2.000,-50.215,11.880,-0.903,0.038,2.501,0.512
414.287,-49.377,-0.446,2.000,-50.114,11.392,-5.013,0.033,2.502,0.391
414.293,-49.377,-0.446,2.000,-48.955,13.031,-1.287,-0.019,2.501,0.391
414.300,-49.377,-0.446,2.000,-43.232,13.183,0.312,-0.277,2.497,0.833
414.306,-22.209,-0.595,2.000,-41.603,11.186,-5.533,0.873,2.516,0.813
414.312,-17.947,-0.595,2.000,-39.695,15.565,-4.679,0.979,2.536,0.829
414.318,-10.019,-0.744,2.000,-37.099,17.946,-1.485,1.219,2.557,0.899
414.325,-3.955,-0.744,2.000,-34.828,11.195,-9.797,1.389,2.585,0.897
414.332,-3.955,-0.744,2.000,-31.064,15.952,-0.433,1.220,2.614,1.007
414.339,-3.955,-0.744,2.000,-26.045,12.826,-4.685,0.994,2.638,1.237
414.344,0.000,-1.043,2.000,-22.668,17.851,0.999,1.020,2.660,1.347
414.350,0.000,-1.043,2.000,-17.515,19.630,4.014,0.788,2.676,1.587
414.356,0.000,-0.893,2.000,-11.776,21.164,6.207,0.530,2.688,1.826
414.361,0.000,-0.893,2.000,-5.923,19.598,1.307,0.267,2.694,2.069
414.367,0.000,-0.893,2.000,-1.478,17.579,-4.099,0.067,2.697,2.085
414.372,0.000,-0.893,2.000,2.335,14.563,-8.496,-0.105,2.697,2.072
414.378,0.000,-0.893,2.000,5.752,12.075,-6.496,-0.259,2.694,1.971
414.383,0.000,-0.893,2.000,9.440,11.553,-1.805,-0.425,2.687,1.886
414.388,0.149,-0.893,2.000,11.820,11.259,0.041,-0.525,2.678,1.681
414.394,0.149,-0.893,2.000,13.895,8.927,-1.603,-0.619,2.667,1.505
414.399,0.149,-0.893,2.000,13.987,4.954,-4.856,-0.623,2.655,1.107
414.405,0.446,-0.893,2.000,15.887,2.259,-2.003,-0.695,2.643,1.067
414.411,0.446,-0.893,2.000,16.866,4.113,5.677,-0.739,2.627,0.889
414.418,0.446,-0.893,2.000,16.639,4.646,1.256,-0.729,2.612,0.647
414.424,0.446,-0.893,2.000,18.969,3.478,1.317,-0.834,2.595,0.705
414.430,2.400,-0.893,2.000,18.730,5.588,0.066,-0.735,2.580,0.532
414.436,2.400,-0.893,2.000,19.812,7.079,-1.851,-0.784,2.566,0.569
414.442,7.698,-1.043,2.000,17.842,6.060,-4.659,-0.456,2.553,0.217
414.449,7.698,-1.043,2.000,19.525,3.444,0.036,-0.532,2.542,0.298
414.455,7.698,-1.043,2.000,23.528,5.505,1.199,-0.712,2.529,0.649
414.462,7.698,-1.043,2.000,24.538,2.179,-0.121,-0.758,2.513,0.594
414.468,20.615,-3.796,2.000,27.135,4.461,5.291,-0.293,2.507,0.665
414.475,24.587,-4.275,2.000,30.736,7.635,1.028,-0.277,2.500,0.828
414.481,27.911,-4.924,2.000,35.730,3.853,-0.376,-0.352,2.493,1.099
414.488,27.911,-4.924,2.000,39.621,2.239,2.331,-0.527,2.483,1.219
414.494,27.911,-4.924,2.000,45.450,4.941,1.832,-0.789,2.470,1.544
414.500,27.911,-4.924,2.000,49.234,3.593,-1.896,-0.960,2.451,1.509
414.506,42.028,-6.446,2.000,54.500,2.243,1.157,-0.561,2.435,1.631
414.513,42.028,-6.446,2.000,61.844,7.352,0.392,-0.892,2.419,1.928
414.520,42.028,-6.446,2.000,65.641,6.445,-3.720,-1.063,2.396,1.815
414.526,82.102,-7.153,2.000,70.100,8.408,2.616,0.540,2.382,1.749
414.533,82.102,-7.153,2.000,75.127,11.591,-0.504,0.314,2.391,1.791
414.540,82.102,-7.153,2.000,79.310,8.125,1.637,0.126,2.395,1.740
414.546,115.245,-6.974,2.000,83.508,12.194,3.936,1.428,2.428,1.684
414.552,131.417,-6.974,2.000,87.420,15.201,2.517,1.980,2.471,1.664
414.559,131.417,-6.974,2.000,92.462,13.526,5.056,1.753,2.507,1.719
414.565,153.744,-6.974,2.000,97.101,15.055,6.126,2.549,2.548,1.784
414.572,153.744,-6.974,2.000,103.558,18.691,3.341,2.258,2.602,1.955
414.578,153.744,-6.974,2.000,110.696,13.768,4.952,1.937,2.647,2.129
414.585,153.744,-6.974,2.000,119.831,14.589,4.521,1.526,2.684,2.467
414.592,192.790,-6.974,2.000,127.813,17.006,1.869,2.924,2.752,2.606
414.598,200.001,-6.974,2.000,134.515,14.746,0.554,2.947,2.816,2.558
414.605,200.001,-6.974,2.000,142.642,16.454,1.796,2.581,2.876,2.674
414.612,233.081,-6.797,2.000,156.590,17.664,0.136,3.442,2.935,3.306
414.618,237.243,-6.797,2.000,163.711,13.354,0.356,3.309,3.010,3.134
414.625,237.243,-6.797,2.000,172.859,11.553,2.156,2.897,3.077,3.200
414.632,237.243,-6.797,2.000,185.743,9.203,1.917,2.318,3.134,3.643
414.638,237.243,-6.797,2.000,198.907,4.268,1.446,1.725,3.177,3.944
414.645,261.203,-6.621,2.000,209.909,4.660,2.643,2.308,3.232,3.972
414.652,268.062,-6.446,2.000,221.615,2.428,1.057,2.090,3.280,4.066
414.659,268.062,-6.446,2.000,237.181,-5.044,2.176,1.390,3.316,4.494
414.665,268.062,-6.446,2.000,248.757,-0.903,0.923,0.869,3.340,4.467
414.672,287.054,-5.928,2.000,257.673,-1.017,-1.664,1.322,3.360,4.202
414.679,287.054,-5.928,2.000,272.926,-6.578,1.008,0.636,3.380,4.586
414.685,287.054,-5.928,2.000,284.024,-1.731,-1.053,0.136,3.386,4.462
414.692,301.991,-5.089,2.000,290.942,-1.282,-1.700,0.497,3.400,4.018
414.699,307.105,-5.089,2.000,302.293,-7.331,1.888,0.217,3.407,4.100
414.705,312.288,-5.089,2.000,308.081,-3.790,-0.737,0.189,3.411,3.599
414.712,312.288,-5.089,2.000,313.510,-3.346,-3.803,-0.055,3.411,3.206
414.719,312.288,-5.089,2.000,324.031,-11.832,1.948,-0.528,3.403,3.352
414.725,312.288,-5.089,2.000,329.057,-11.165,2.982,-0.755,3.388,3.002
414.732,312.288,-5.089,2.000,333.886,-11.814,1.964,-0.972,3.369,2.732
414.739,312.288,-4.760,2.000,340.173,-16.066,3.662,-1.255,3.342,2.591
414.745,312.288,-4.760,2.000,345.016,-17.621,3.277,-1.473,3.311,2.406
414.752,312.288,-4.760,2.000,350.460,-16.191,-0.479,-1.718,3.276,2.362
414.759,312.288,-4.760,2.000,352.283,-15.684,-0.685,-1.800,3.236,1.930
414.765,270.379,-4.598,2.000,357.789,-16.698,-0.926,-3.933,3.179,1.946
414.772,270.379,-4.598,2.000,360.967,-17.256,-2.063,-4.076,3.088,1.779
414.779,270.379,-4.598,2.000,364.172,-15.794,-1.485,-4.221,2.998,1.679
414.785,270.379,-4.598,2.000,364.390,-14.090,0.682,-4.230,2.904,1.266
414.792,226.948,-4.275,2.000,365.670,-12.466,1.096,-6.242,2.767,1.052
414.798,226.948,-4.275,2.000,367.387,-13.041,1.207,-6.320,2.628,0.964
414.805,226.948,-4.275,2.000,365.158,-10.072,0.958,-6.219,2.491,0.535
414.812,127.534,-3.955,2.000,360.489,-8.235,-1.586,-10.483,2.400,-0.046
414.818,106.109,-4.114,2.000,354.537,-7.642,-1.363,-11.179,2.400,-0.621
414.825,106.109,-4.114,2.000,349.554,-6.639,-3.138,-10.955,2.400,-0.930
414.832,106.109,-4.114,2.000,338.993,-6.625,-4.943,-10.480,2.400,-1.677
414.838,29.897,-4.114,2.000,329.664,-7.857,-2.211,-13.490,2.400,-2.236
414.844,20.615,-3.482,2.000,317.191,-6.794,-0.577,-13.346,2.400,-2.930
414.851,20.615,-3.482,2.000,299.510,-8.879,0.974,-12.550,2.400,-3.882
414.858,5.421,-1.192,2.000,281.462,-7.100,4.741,-12.422,2.400,-4.619
414.864,0.000,-0.893,2.000,262.922,-9.584,0.079,-11.831,2.400,-5.289
414.870,0.000,-0.893,2.000,242.896,-10.423,2.121,-10.930,2.400,-6.267
414.875,0.000,-0.893,2.000,222.524,-11.040,4.493,-10.014,2.400,-7.036
414.880,-0.446,-0.744,2.000,203.622,-15.414,3.922,-9.183,2.400,-7.471
414.887,-0.595,-0.893,2.000,183.125,-14.663,-0.939,-8.267,2.214,-7.580
414.893,-0.595,-0.893,2.000,164.296,-13.119,-1.870,-7.420,2.059,-7.679
414.899,-0.595,-0.893,2.000,148.008,-11.314,-2.778,-6.687,1.919,-7.488
414.905,-3.169,-0.893,2.000,135.546,-7.133,-1.314,-6.242,1.785,-6.871
414.912,-4.436,-0.893,2.000,125.422,-8.489,0.862,-5.844,1.658,-6.098
414.918,-4.436,-0.893,2.000,116.595,-13.702,3.206,-5.446,1.538,-5.419
414.925,-4.436,-0.893,2.000,111.427,-10.829,2.847,-5.214,1.423,-4.551
414.931,-14.018,-0.893,2.000,106.951,-4.670,-1.914,-5.444,1.305,-3.816
414.938,-17.387,-0.893,2.000,102.667,-3.231,-2.987,-5.402,1.186,-3.285
414.944,-28.300,-0.893,2.000,103.393,-10.627,0.522,-5.926,1.063,-2.400
414.951,-35.564,-0.893,2.000,98.597,-12.414,2.044,-6.037,0.933,-2.254
414.957,-35.564,-0.893,2.000,99.208,-4.608,-2.638,-6.065,0.800,-1.650
414.964,-35.564,-0.893,2.000,94.703,-1.449,-2.779,-5.862,0.672,-1.689
414.970,-47.598,-0.893,2.000,91.526,-3.626,0.002,-6.261,0.534,-1.628
414.977,-49.377,-0.893,2.000,88.638,-7.823,1.855,-6.211,0.400,-1.467
414.983,-49.377,-0.893,2.000,79.590,-8.063,-0.258,-5.804,0.271,-1.969
414.990,-59.777,-0.893,2.000,70.503,-6.347,-0.032,-5.863,0.145,-2.373
414.996,-61.907,-0.893,2.000,60.757,-1.854,-1.530,-5.520,0.023,-2.737
415.003,-61.907,-0.893,2.000,49.522,-4.061,0.197,-5.014,-0.093,-3.155
415.009,-61.907,-0.893,2.000,36.727,-6.187,2.066,-4.438,-0.192,-3.570
415.016,-74.306,-0.893,2.000,23.866,-6.607,1.333,-4.418,-0.291,-3.898
415.022,-74.306,-0.893,2.000,10.959,-6.006,-0.085,-3.837,-0.378,-4.170
415.029,-74.306,-0.893,2.000,-3.690,-5.752,2.137,-3.178,-0.451,-4.536
415.035,-84.840,-0.893,2.000,-19.527,-1.383,2.700,-2.939,-0.513,-4.933
415.042,-87.651,-0.893,2.000,-33.966,-1.328,2.186,-2.416,-0.569,-5.129
415.048,-87.651,-0.893,2.000,-44.444,-3.660,3.656,-1.944,-0.615,-4.821
415.055,-87.651,-0.893,2.000,-57.092,-6.029,3.985,-1.375,-0.649,-4.790
415.061,-100.698,-0.893,2.000,-65.795,-3.011,4.071,-1.571,-0.685,-4.397
415.068,-107.218,-0.893,2.000,-77.250,-1.858,3.375,-1.349,-0.715,-4.408
415.074,-107.218,-0.893,2.000,-85.127,-2.833,2.370,-0.994,-0.741,-4.141
415.081,-122.500,-0.893,2.000,-86.926,-3.287,2.095,-1.601,-0.766,-3.275
415.087,-122.500,-0.893,2.000,-91.487,-0.721,1.752,-1.396,-0.796,-2.836
415.094,-122.500,-0.893,2.000,-96.792,2.806,1.501,-1.157,-0.823,-2.591
415.100,-122.500,-0.893,2.000,-98.939,3.523,2.540,-1.060,-0.847,-2.199
415.107,-128.818,-0.893,2.000,-98.886,1.575,5.880,-1.347,-0.877,-1.666
415.113,-128.818,-0.893,2.000,-101.377,2.653,5.789,-1.235,-0.904,-1.487
415.120,-128.818,-0.893,2.000,-101.026,7.471,4.739,-1.251,-0.930,-1.070
415.126,-132.732,-0.893,2.000,-104.127,9.546,5.471,-1.287,-0.956,-1.065
415.133,-132.732,-0.893,2.000,-108.034,8.076,5.662,-1.111,-0.982,-1.218
415.139,-132.732,-0.893,2.000,-109.453,5.843,7.814,-1.048,-1.004,-1.037
415.146,-132.732,-0.893,2.000,-111.008,9.036,5.392,-0.978,-1.027,-0.946
415.152,-132.732,-0.893,2.000,-112.705,10.389,2.038,-0.901,-1.046,-0.856
415.159,-153.744,-0.893,2.000,-120.026,11.463,1.731,-1.517,-1.074,-1.361
415.165,-162.855,-0.893,2.000,-125.875,13.576,3.054,-1.664,-1.107,-1.628
415.171,-162.855,-0.893,2.000,-130.357,13.657,2.560,-1.462,-1.140,-1.693
415.178,-162.855,-0.893,2.000,-134.826,10.266,3.494,-1.261,-1.168,-1.682
415.184,-194.573,-0.744,2.000,-144.479,17.306,1.376,-2.254,-1.221,-2.155
415.191,-203.686,-0.893,2.000,-153.719,20.166,1.761,-2.249,-1.272,-2.516
415.198,-203.686,-0.893,2.000,-159.229,15.570,5.885,-2.001,-1.318,-2.468
415.204,-217.012,-0.744,2.000,-165.765,11.020,8.478,-2.306,-1.360,-2.452
415.211,-218.971,-0.744,2.000,-173.419,13.687,4.414,-2.050,-1.407,-2.543
415.217,-218.971,-0.744,2.000,-184.259,11.542,6.682,-1.562,-1.446,-2.932
415.224,-218.971,-0.744,2.000,-190.383,10.605,5.049,-1.286,-1.476,-2.792
415.231,-218.971,-0.744,2.000,-200.048,8.729,4.573,-0.852,-1.498,-3.003
415.237,-218.971,-0.744,2.000,-210.741,10.503,2.643,-0.370,-1.511,-3.245
415.244,-218.971,-0.744,2.000,-218.960,15.784,0.802,-0.000,-1.514,-3.214
415.251,-218.971,-0.744,2.000,-229.394,15.638,1.178,0.469,-1.507,-3.411
415.257,-218.971,-0.744,2.000,-234.424,9.992,4.505,0.695,-1.493,-3.022
415.264,-218.971,-0.744,2.000,-243.076,15.842,4.525,1.085,-1.473,-3.097
415.271,-220.944,-0.893,2.000,-248.477,16.218,5.156,1.239,-1.447,-2.809
415.277,-220.944,-0.893,2.000,-252.931,10.418,7.561,1.439,-1.417,-2.560
415.284,-220.944,-0.893,2.000,-258.917,9.657,7.505,1.709,-1.381,-2.474
415.290,-220.944,-0.893,2.000,-259.676,12.373,6.173,1.743,-1.344,-1.941
415.297,-220.944,-0.893,2.000,-261.778,9.511,6.854,1.838,-1.306,-1.688
415.303,-220.944,-0.893,2.000,-260.960,6.961,7.593,1.801,-1.266,-1.159
415.310,-220.944,-0.893,2.000,-262.147,8.457,6.171,1.854,-1.226,-0.981
415.316,-220.944,-0.893,2.000,-261.549,8.311,2.609,1.827,-1.186,-0.667
415.323,-220.944,-0.893,2.000,-265.153,6.550,4.612,1.989,-1.144,-0.858
415.329,-220.944,-0.744,2.000,-263.523,3.647,5.243,1.916,-1.100,-0.460
415.336,-218.971,-0.744,2.000,-265.916,8.499,2.791,2.113,-1.054,-0.551
415.343,-218.971,-0.744,2.000,-268.965,2.141,3.905,2.250,-1.006,-0.708
415.349,-218.971,-0.744,2.000,-266.875,-3.722,7.877,2.156,-0.959,-0.368
415.356,-218.971,-0.744,2.000,-268.725,2.271,6.025,2.239,-0.909,-0.435
415.362,-218.971,-0.744,2.000,-272.897,-2.190,5.098,2.427,-0.856,-0.710
415.369,-218.971,-0.744,2.000,-274.695,-6.909,6.591,2.508,-0.802,-0.714
415.376,-213.136,-0.595,2.000,-273.938,-3.149,5.425,2.736,-0.744,-0.503
415.382,-205.549,-0.595,2.000,-277.232,-2.940,3.589,3.226,-0.680,-0.669
415.388,-205.549,-0.595,2.000,-278.339,-5.173,2.988,3.276,-0.613,-0.597
415.394,-205.549,-0.595,2.000,-280.506,-4.625,5.720,3.373,-0.545,-0.691
415.400,-205.549,-0.595,2.000,-279.571,-2.633,5.447,3.331,-0.476,-0.421
415.407,-159.772,-0.744,2.000,-279.537,-3.165,2.037,5.389,-0.376,-0.291
415.413,-159.772,-0.744,2.000,-280.033,-4.195,6.488,5.412,-0.255,-0.251
415.420,-159.772,-0.744,2.000,-279.167,-2.680,5.361,5.373,-0.134,-0.118
415.427,-103.917,-0.595,2.000,-276.608,-5.451,3.064,7.771,0.000,0.162
415.433,-103.917,-0.595,2.000,-271.851,-6.173,6.561,7.557,0.157,0.629
415.439,-103.917,-0.595,2.000,-267.700,-6.542,6.143,7.370,0.311,0.930
415.445,-103.917,-0.595,2.000,-258.484,-10.722,0.914,6.955,0.457,1.618
415.452,-53.094,-0.744,2.000,-250.924,-7.678,3.945,8.902,0.631,1.916
415.458,-53.094,-0.744,2.000,-240.758,-12.279,-2.214,8.445,0.822,2.410
415.465,-32.855,-0.744,2.000,-229.782,-7.044,4.479,8.862,1.010,2.852
415.472,-32.855,-0.744,2.000,-215.301,-9.034,3.706,8.210,1.199,3.441
415.478,-24.941,-0.744,2.000,-199.415,-3.782,5.851,7.851,1.378,4.058
415.485,-24.941,-0.744,2.000,-186.187,-7.620,1.728,7.256,1.543,4.311
415.492,-24.941,-0.744,2.000,-168.041,-5.093,5.024,6.439,1.692,4.944
415.498,-17.947,-0.744,2.000,-149.477,-4.445,-4.265,5.919,1.827,5.451
415.505,-17.947,-0.744,2.000,-129.858,-3.784,-1.532,5.036,1.944,5.888
415.512,-17.947,-0.744,2.000,-114.164,-7.289,-4.240,4.330,2.046,5.898
415.518,-17.947,-0.744,2.000,-101.951,-5.509,2.280,3.780,2.136,5.542
415.525,-17.947,-0.744,2.000,-91.704,-3.493,-2.531,3.319,2.213,5.109
415.532,-17.947,-0.744,2.000,-81.971,-1.650,6.094,2.881,2.280,4.718
415.538,-17.947,-0.595,2.000,-74.956,-1.870,-0.997,2.565,2.336,4.236
415.544,-17.947,-0.744,2.000,-66.105,-3.211,3.826,2.167,2.385,4.045
415.551,-17.947,-0.744,2.000,-62.259,-8.745,-0.936,1.994,2.430,3.384
415.558,-17.947,-0.744,2.000,-58.445,-5.650,1.195,1.822,2.470,2.837
415.565,-15.261,-0.744,2.000,-57.810,-10.320,0.167,1.915,2.512,2.193
415.571,-15.261,-0.744,2.000,-59.579,-2.810,2.971,1.994,2.556,1.472
415.578,-14.262,-0.744,2.000,-59.558,-4.634,1.387,2.038,2.601,1.099
415.585,-14.262,-0.744,2.000,-58.802,0.312,4.318,2.004,2.646,0.907
415.591,-8.829,-0.744,2.000,-57.797,-2.084,1.928,2.204,2.693,0.777
415.598,-7.883,-0.744,2.000,-55.795,1.369,0.345,2.156,2.742,0.766
415.605,-6.100,-0.744,2.000,-51.651,3.550,6.420,2.050,2.788,0.980
415.611,-3.796,-0.744,2.000,-48.846,4.480,2.666,2.027,2.833,1.020
415.618,-3.796,-0.744,2.000,-42.162,3.861,10.579,1.726,2.874,1.370
415.625,-3.796,-0.744,2.000,-39.183,0.846,0.967,1.592,2.911,1.316
415.631,-3.796,-0.744,2.000,-33.204,-4.041,6.407,1.323,2.942,1.543
415.638,-3.796,-0.744,2.000,-22.590,-10.920,-2.571,0.846,2.964,2.145
415.644,-0.595,-0.744,2.000,-15.366,-8.540,-0.271,0.665,2.979,2.287
415.651,-0.595,-0.744,2.000,-9.337,-10.691,3.665,0.393,2.989,2.325
415.657,-0.149,-0.893,2.000,-0.850,-8.870,-1.662,0.032,2.992,2.584
415.662,-0.149,-0.893,2.000,6.372,-8.078,1.043,-0.293,2.987,2.661
415.668,0.000,-0.893,2.000,13.937,-7.078,2.812,-0.627,2.978,2.848
415.673,0.000,-0.893,2.000,19.637,-8.659,1.682,-0.884,2.965,2.876
415.679,0.000,-0.893,2.000,24.331,-12.039,-2.612,-1.095,2.947,2.728
415.684,0.000,-1.043,2.000,26.792,-5.594,-0.793,-1.206,2.926,2.349
415.690,0.000,-1.043,2.000,27.823,-3.685,1.532,-1.252,2.902,1.841
415.696,0.000,-1.043,2.000,28.735,0.210,5.472,-1.293,2.877,1.457
415.701,0.000,-1.043,2.000,29.824,-2.946,-0.150,-1.342,2.853,1.210
415.707,0.000,-1.043,2.000,29.731,-2.624,-1.186,-1.338,2.827,0.918
415.712,0.000,-1.043,2.000,29.339,-0.322,-2.176,-1.320,2.803,0.650
415.718,0.000,-1.043,2.000,29.703,1.527,3.800,-1.337,2.778,0.523
415.724,0.000,-1.043,2.000,28.032,2.735,5.518,-1.261,2.754,0.222
415.729,0.000,-1.043,2.000,26.460,0.147,1.489,-1.191,2.731,-0.020
415.735,0.000,-1.043,2.000,23.982,-2.778,-2.824,-1.079,2.710,-0.292
415.741,0.000,-1.043,2.000,21.302,-0.104,0.294,-0.959,2.691,-0.528
415.746,0.000,-1.043,2.000,21.964,2.920,4.008,-0.988,2.672,-0.355
415.752,0.000,-1.043,2.000,21.801,5.212,4.822,-0.981,2.653,-0.284
415.758,0.000,-1.043,2.000,21.996,4.018,2.505,-0.990,2.636,-0.150
415.763,0.000,-1.043,2.000,21.739,1.862,3.239,-0.978,2.618,-0.096
415.769,0.000,-1.043,2.000,22.605,0.786,3.851,-1.017,2.600,0.044
415.774,0.000,-1.043,2.000,23.395,0.974,3.675,-1.053,2.579,0.093
415.780,0.000,-1.192,2.000,25.092,1.041,3.585,-1.129,2.558,0.219
415.785,0.000,-1.192,2.000,26.254,-0.913,3.214,-1.181,2.538,0.269
415.790,0.000,-1.192,2.000,28.148,-3.844,1.433,-1.267,2.517,0.438
415.795,0.000,-1.192,2.000,30.600,-5.353,1.292,-1.377,2.493,0.601
415.801,0.000,-1.192,2.000,31.369,-7.843,0.177,-1.412,2.469,0.522
415.806,0.000,-1.192,2.000,33.322,-9.590,-1.426,-1.499,2.443,0.608
415.811,0.000,-2.553,2.000,34.037,-10.694,-2.165,-1.532,2.417,0.521
415.816,0.000,-2.553,2.000,34.682,-14.060,-2.672,-1.561,2.387,0.438
415.822,0.000,-2.553,2.000,36.035,-10.368,2.537,-1.622,2.357,0.448
415.828,0.297,-4.275,2.000,38.582,-6.411,4.834,-1.723,2.324,0.583
415.834,1.192,-6.272,2.000,41.124,-3.621,5.053,-1.797,2.288,0.739
415.840,1.192,-6.272,2.000,41.869,-8.154,3.888,-1.830,2.251,0.659
415.847,2.860,-7.153,2.000,40.254,-4.137,7.977,-1.683,2.214,0.332
415.853,9.816,-10.849,2.000,42.704,-0.188,4.611,-1.480,2.180,0.498
415.859,14.508,-11.932,2.000,40.387,-0.479,1.062,-1.165,2.154,0.147
415.866,14.508,-11.932,2.000,38.947,-4.128,2.701,-1.100,2.129,-0.008
415.873,28.300,-14.508,2.000,42.607,-2.121,0.783,-0.644,2.106,0.321
415.879,28.300,-14.508,2.000,41.208,-1.069,-0.799,-0.581,2.094,0.153
415.886,29.491,-15.008,2.000,38.888,-4.212,2.086,-0.423,2.083,-0.121
415.893,29.491,-15.008,2.000,39.763,-7.173,5.035,-0.462,2.073,-0.007
415.899,29.491,-15.008,2.000,41.022,-6.754,4.871,-0.519,2.063,0.130
415.906,52.459,-15.518,2.000,39.559,-9.503,5.169,0.580,2.068,-0.029
415.913,52.459,-15.518,2.000,43.484,-13.367,5.897,0.404,2.078,0.335
415.919,52.459,-15.518,2.000,44.317,-15.324,4.709,0.366,2.086,0.341
415.926,52.459,-15.518,2.000,48.676,-12.996,2.316,0.170,2.092,0.678
415.933,52.459,-15.518,2.000,51.212,-13.456,1.295,0.056,2.094,0.749
415.940,97.558,-15.518,2.000,56.468,-17.133,2.039,1.849,2.139,1.069
415.946,114.070,-15.777,2.000,58.972,-17.009,2.963,2.479,2.195,1.030
415.953,114.070,-15.777,2.000,65.071,-17.007,3.361,2.205,2.246,1.347
415.960,142.233,-15.777,2.000,71.903,-21.257,5.959,3.165,2.309,1.638
415.966,153.744,-15.777,2.000,79.952,-26.053,7.185,3.321,2.378,1.981
415.973,175.665,-15.777,2.000,89.989,-20.601,4.308,3.855,2.453,2.418
415.980,175.665,-15.777,2.000,97.597,-17.355,2.743,3.513,2.533,2.536
415.986,184.069,-15.777,2.000,109.470,-18.199,2.570,3.357,2.614,2.971
415.993,187.519,-15.777,2.000,121.564,-21.652,3.331,2.968,2.685,3.385
416.000,187.519,-15.777,2.000,130.872,-19.494,1.978,2.549,2.745,3.451
416.006,215.067,-15.777,2.000,142.394,-17.149,3.966,3.270,2.812,3.654
416.013,224.932,-15.777,2.000,152.848,-17.044,6.637,3.244,2.883,3.686
416.020,233.081,-15.518,2.000,167.239,-17.000,5.348,2.963,2.948,4.125
416.027,237.243,-15.518,2.000,176.403,-13.398,2.710,2.738,3.010,3.958
416.033,237.243,-15.518,2.000,187.960,-12.618,3.734,2.218,3.064,4.036
416.040,237.243,-15.518,2.000,200.197,-16.630,4.943,1.667,3.107,4.183
416.047,237.243,-15.518,2.000,209.908,-19.690,4.926,1.230,3.138,4.066
416.053,237.243,-15.777,2.000,221.994,-12.569,4.480,0.686,3.158,4.202
416.060,237.243,-15.777,2.000,227.573,-9.607,3.311,0.435,3.169,3.665
416.067,237.243,-15.777,2.000,238.109,-12.222,2.756,-0.039,3.171,3.699
416.073,233.081,-15.777,2.000,245.583,-15.800,0.618,-0.563,3.165,3.501
416.080,233.081,-15.777,2.000,252.631,-15.809,0.008,-0.880,3.147,3.288
416.087,233.081,-15.777,2.000,259.870,-15.333,1.803,-1.205,3.123,3.170
416.094,203.686,-15.777,2.000,263.927,-15.542,3.388,-2.711,3.063,2.697
416.100,192.790,-14.508,2.000,271.616,-20.276,5.381,-3.547,2.986,2.730
416.107,192.790,-14.508,2.000,274.299,-24.267,5.457,-3.668,2.906,2.323
416.114,165.985,-13.539,2.000,274.435,-20.897,3.048,-4.880,2.806,1.766
416.120,165.985,-13.539,2.000,274.497,-20.568,3.470,-4.883,2.699,1.340
416.127,138.097,-12.155,2.000,271.780,-23.208,4.463,-6.016,2.584,0.737
416.134,124.997,-11.932,2.000,270.457,-21.727,6.006,-6.546,2.443,0.398
416.140,124.997,-11.932,2.000,266.429,-18.009,6.374,-6.364,2.300,-0.072
416.147,124.997,-11.932,2.000,260.516,-19.488,4.931,-6.098,2.163,-0.616
416.154,89.565,-11.932,2.000,254.636,-24.259,4.717,-7.428,1.997,-0.980
416.161,64.096,-12.155,2.000,246.077,-27.316,4.143,-8.189,1.821,-1.498
416.167,64.096,-12.155,2.000,237.501,-25.918,3.355,-7.803,1.645,-1.927
416.174,30.720,-12.155,2.000,229.220,-26.689,5.310,-8.932,1.465,-2.208
416.181,24.236,-11.493,2.000,219.210,-28.768,5.836,-8.774,1.267,-2.591
416.187,24.236,-11.493,2.000,207.955,-26.522,6.765,-8.267,1.079,-3.021
416.194,24.236,-11.493,2.000,193.899,-26.331,4.769,-7.635,0.904,-3.627
416.201,7.333,-8.829,2.000,182.346,-28.663,6.613,-7.876,0.726,-3.811
416.207,4.275,-7.515,2.000,167.999,-27.815,5.148,-7.368,0.557,-4.184
416.214,4.275,-7.515,2.000,154.272,-26.698,3.432,-6.750,0.402,-4.435
416.221,4.275,-7.515,2.000,139.218,-26.918,3.820,-6.072,0.263,-4.749
416.227,0.000,-5.421,2.000,126.524,-27.436,6.293,-5.694,0.132,-4.735
416.233,0.000,-5.421,2.000,113.434,-29.469,7.966,-5.105,0.032,-5.031
416.238,0.000,-4.924,2.000,100.449,-29.414,6.732,-4.520,-0.052,-5.340
416.243,0.000,-4.924,2.000,90.696,-29.963,4.729,-4.081,-0.125,-5.178
416.249,0.000,-4.924,2.000,85.176,-24.432,5.710,-3.833,-0.192,-4.542
416.254,0.000,-4.924,2.000,77.384,-23.085,6.311,-3.482,-0.253,-4.316
416.259,0.000,-4.924,2.000,70.157,-20.559,7.147,-3.157,-0.309,-4.110
416.264,0.000,-4.924,2.000,65.803,-21.657,4.743,-2.961,-0.361,-3.630
416.269,0.000,-4.924,2.000,61.913,-21.871,3.265,-2.786,-0.413,-3.221
416.275,0.000,-4.924,2.000,58.216,-22.065,1.277,-2.620,-0.459,-2.882
416.280,0.000,-4.924,2.000,57.455,-20.924,3.064,-2.585,-0.502,-2.201
416.285,-0.149,-4.924,2.000,56.888,-17.558,4.287,-2.567,-0.545,-1.658
416.290,-0.149,-4.924,2.000,55.227,-16.535,5.270,-2.492,-0.587,-1.407
416.295,-0.149,-4.924,2.000,52.435,-17.337,6.285,-2.366,-0.628,-1.344
416.300,-0.149,-4.924,2.000,50.997,-17.639,6.198,-2.302,-0.668,-1.180
416.306,-0.446,-4.760,2.000,51.536,-17.560,6.714,-2.339,-0.712,-0.850
416.312,-0.446,-4.760,2.000,48.761,-14.552,6.036,-2.214,-0.762,-0.910
416.319,-0.446,-4.760,2.000,49.485,-15.247,5.571,-2.247,-0.810,-0.621
416.325,-0.446,-4.760,2.000,45.994,-14.859,4.314,-2.090,-0.856,-0.806
416.332,-1.043,-4.598,2.000,44.979,-16.887,3.205,-2.071,-0.901,-0.684
416.339,-1.043,-4.598,2.000,39.741,-18.407,2.414,-1.835,-0.943,-0.973
416.345,-1.944,-4.760,2.000,35.374,-18.200,0.460,-1.679,-0.981,-1.137
416.352,-1.944,-4.760,2.000,31.900,-16.114,2.618,-1.523,-1.017,-1.164
416.359,-1.944,-4.760,2.000,25.297,-13.188,3.987,-1.226,-1.048,-1.538
416.365,-2.096,-4.598,2.000,22.521,-13.680,5.674,-1.108,-1.074,-1.451
416.372,-2.096,-4.598,2.000,17.918,-13.972,5.640,-0.901,-1.095,-1.521
416.379,-2.096,-4.598,2.000,12.496,-11.091,5.215,-0.657,-1.111,-1.640
416.385,-2.096,-4.598,2.000,7.930,-8.304,5.108,-0.451,-1.124,-1.686
416.392,-2.860,-4.760,2.000,3.027,-8.616,4.269,-0.265,-1.130,-1.700
416.399,-3.169,-4.760,2.000,-2.021,-9.811,3.248,-0.052,-1.132,-1.727
416.405,-4.924,-4.598,2.000,-5.134,-10.680,2.838,0.009,-1.133,-1.595
416.411,-6.621,-4.760,2.000,-8.384,-11.045,2.752,0.079,-1.131,-1.527
416.418,-6.621,-4.760,2.000,-12.182,-8.639,4.394,0.250,-1.127,-1.498
416.425,-6.621,-4.760,2.000,-14.891,-6.853,4.327,0.372,-1.120,-1.400
416.431,-6.621,-4.760,2.000,-16.203,-5.895,4.030,0.431,-1.111,-1.182
416.438,-10.639,-4.598,2.000,-17.454,-4.938,5.037,0.307,-1.103,-0.999
416.445,-10.639,-4.598,2.000,-19.514,-4.539,6.273,0.399,-1.095,-0.940
416.451,-13.302,-4.598,2.000,-19.222,-3.827,6.235,0.266,-1.087,-0.649
416.458,-14.018,-4.598,2.000,-21.304,-3.558,3.193,0.328,-1.079,-0.669
416.465,-14.018,-4.598,2.000,-23.836,-4.180,0.960,0.442,-1.070,-0.741
416.471,-14.018,-4.598,2.000,-22.914,-3.299,1.157,0.400,-1.061,-0.462
416.478,-19.102,-4.436,2.000,-24.717,-1.448,3.080,0.253,-1.056,-0.517
416.485,-21.243,-4.436,2.000,-26.587,2.858,4.695,0.241,-1.052,-0.604
416.491,-21.243,-4.436,2.000,-25.111,0.580,4.077,0.174,-1.048,-0.317
416.498,-21.243,-4.436,2.000,-26.433,-1.039,4.135,0.234,-1.041,-0.304
416.505,-28.693,-4.114,2.000,-27.847,-1.924,4.782,-0.038,-1.037,-0.335
416.512,-28.693,-4.114,2.000,-28.998,0.494,4.007,0.014,-1.037,-0.337
416.518,-28.693,-4.114,2.000,-32.708,0.594,1.951,0.181,-1.035,-0.631
416.525,-42.028,-3.169,2.000,-30.209,0.041,4.396,-0.532,-1.046,-0.263
416.532,-42.028,-3.169,2.000,-31.686,-0.493,5.294,-0.465,-1.057,-0.346
416.538,-54.380,-2.860,2.000,-33.905,-0.078,6.195,-0.921,-1.078,-0.437
416.545,-58.390,-2.860,2.000,-37.923,-2.219,3.628,-0.921,-1.098,-0.681
416.552,-58.390,-2.860,2.000,-41.410,-5.560,1.877,-0.764,-1.116,-0.829
416.558,-69.445,-2.400,2.000,-45.128,-4.581,2.655,-1.094,-1.135,-0.981
416.565,-69.445,-2.400,2.000,-47.594,-4.015,3.065,-0.983,-1.156,-0.976
416.571,-69.445,-2.400,2.000,-51.802,-2.935,2.373,-0.794,-1.173,-1.150
416.577,-69.445,-2.400,2.000,-57.396,-3.649,1.087,-0.542,-1.186,-1.434
416.583,-90.535,-1.043,2.000,-61.852,-4.142,2.705,-1.291,-1.209,-1.532
416.590,-98.596,-1.043,2.000,-66.996,-3.495,3.984,-1.422,-1.240,-1.654
416.597,-98.596,-1.043,2.000,-72.785,0.118,5.396,-1.161,-1.269,-1.787
416.603,-116.430,-0.893,2.000,-77.291,-2.033,5.990,-1.761,-1.297,-1.757
416.610,-116.430,-0.893,2.000,-83.867,-5.088,5.236,-1.465,-1.330,-1.902
416.616,-116.430,-0.893,2.000,-89.867,-5.478,3.554,-1.195,-1.357,-1.975
416.623,-116.430,-0.893,2.000,-96.028,-5.172,1.640,-0.918,-1.379,-2.087
416.629,-135.393,-0.893,2.000,-101.137,-5.364,2.809,-1.542,-1.408,-2.077
416.636,-135.393,-0.893,2.000,-105.407,-1.186,2.516,-1.349,-1.439,-1.983
416.643,-142.233,-0.893,2.000,-111.595,-1.292,3.998,-1.379,-1.467,-2.084
416.649,-142.233,-0.893,2.000,-118.063,-1.852,3.760,-1.088,-1.495,-2.259
416.655,-142.233,-0.893,2.000,-123.012,0.868,4.242,-0.865,-1.515,-2.178
416.662,-152.266,-0.893,2.000,-129.048,3.725,4.306,-1.045,-1.540,-2.228
416.668,-155.234,-0.893,2.000,-133.243,5.542,3.446,-0.990,-1.562,-2.078
416.675,-155.234,-0.893,2.000,-138.103,5.061,3.742,-0.771,-1.579,-2.013
416.681,-159.772,-0.744,2.000,-143.507,3.521,3.961,-0.732,-1.593,-2.000
416.688,-161.307,-0.744,2.000,-150.365,-1.997,4.446,-0.492,-1.606,-2.117
416.695,-161.307,-0.744,2.000,-156.111,4.827,3.336,-0.234,-1.614,-2.146
416.702,-161.307,-0.744,2.000,-160.938,6.730,2.914,-0.017,-1.616,-2.070
416.708,-167.568,-0.744,2.000,-167.246,6.805,3.444,-0.015,-1.620,-2.202
416.715,-167.568,-0.744,2.000,-168.373,5.228,4.778,0.036,-1.620,-1.769
416.721,-177.320,-0.595,2.000,-172.602,1.495,7.691,-0.212,-1.621,-1.677
416.728,-187.519,-0.595,2.000,-178.032,-1.095,7.424,-0.427,-1.624,-1.772
416.734,-187.519,-0.595,2.000,-182.957,1.581,6.538,-0.205,-1.630,-1.802
416.740,-187.519,-0.595,2.000,-186.666,2.574,5.931,-0.038,-1.631,-1.723
416.746,-198.179,-0.446,2.000,-191.190,0.768,5.914,-0.315,-1.639,-1.713
416.753,-198.179,-0.446,2.000,-194.381,-2.594,5.242,-0.171,-1.643,-1.587
416.759,-198.179,-0.446,2.000,-201.245,-2.014,4.112,0.138,-1.643,-1.847
416.766,-200.001,-0.446,2.000,-204.133,1.283,3.779,0.186,-1.639,-1.676
416.772,-200.001,-0.446,2.000,-208.537,4.629,4.616,0.384,-1.632,-1.664
416.779,-200.001,-0.446,2.000,-215.113,7.520,5.639,0.680,-1.620,-1.910
416.785,-200.001,-0.446,2.000,-216.671,7.821,9.063,0.750,-1.605,-1.627
416.792,-200.001,-0.446,2.000,-220.175,3.748,11.272,0.908,-1.587,-1.570
416.798,-200.001,-0.446,2.000,-223.795,0.339,8.458,1.071,-1.565,-1.522
416.805,-200.001,-0.446,2.000,-226.955,-0.683,6.968,1.213,-1.539,-1.428
416.811,-196.369,-0.446,2.000,-230.589,-2.610,6.487,1.540,-1.508,-1.390
416.818,-196.369,-0.446,2.000,-235.341,-3.444,6.907,1.754,-1.472,-1.488
416.824,-192.790,-0.446,2.000,-238.837,-4.018,5.708,2.072,-1.428,-1.435
416.831,-192.790,-0.446,2.000,-241.627,-1.580,6.885,2.198,-1.381,-1.373
416.837,-192.790,-0.446,2.000,-241.851,-0.179,6.912,2.208,-1.334,-1.080
416.844,-177.320,-0.446,2.000,-241.045,-1.576,10.066,2.868,-1.282,-0.728
416.850,-177.320,-0.446,2.000,-244.264,-3.527,10.041,3.012,-1.217,-0.825
416.857,-177.320,-0.446,2.000,-245.459,-0.925,8.307,3.066,-1.151,-0.742
416.863,-177.320,-0.446,2.000,-243.621,3.361,7.416,2.984,-1.086,-0.364
416.870,-177.320,-0.446,2.000,-244.169,3.127,9.915,3.008,-1.021,-0.327
416.876,-178.989,-0.446,2.000,-240.739,0.291,9.843,2.779,-0.958,0.072
416.883,-178.989,-0.446,2.000,-241.739,0.243,10.178,2.824,-0.896,-0.021
416.889,-174.021,-0.446,2.000,-237.552,7.437,7.538,2.859,-0.838,0.352
416.896,-174.021,-0.446,2.000,-235.573,8.151,7.335,2.770,-0.776,0.483
416.902,-174.021,-0.446,2.000,-233.357,5.008,9.515,2.670,-0.718,0.579
416.909,-174.021,-0.446,2.000,-230.419,6.820,9.180,2.538,-0.663,0.712
416.915,-146.466,-0.446,2.000,-227.303,12.012,6.659,3.638,-0.593,0.834
416.922,-146.466,-0.446,2.000,-227.361,8.063,6.841,3.640,-0.513,0.649
416.928,-114.070,-0.446,2.000,-224.874,6.653,8.723,4.986,-0.425,0.714
416.935,-93.494,-0.446,2.000,-222.336,10.902,9.601,5.798,-0.314,0.749
416.941,-93.494,-0.446,2.000,-217.767,12.941,8.670,5.592,-0.192,1.044
416.948,-93.494,-0.446,2.000,-215.935,14.157,6.820,5.510,-0.072,0.959
416.954,-55.692,-0.446,2.000,-211.553,13.210,7.794,7.014,0.079,1.106
416.961,-43.642,-0.446,2.000,-204.721,15.732,6.458,7.249,0.234,1.505
416.967,-37.951,-0.446,2.000,-198.441,16.087,5.423,7.222,0.392,1.735
416.973,-22.538,-0.446,2.000,-189.722,15.126,6.109,7.523,0.546,2.143
416.980,-22.538,-0.446,2.000,-177.506,16.006,7.510,6.974,0.700,2.796
416.986,-14.757,-0.446,2.000,-165.319,12.285,4.415,6.775,0.852,3.289
416.993,-12.607,-0.446,2.000,-155.428,15.725,6.571,6.427,0.995,3.435
416.999,-6.974,-0.446,2.000,-141.606,13.910,6.929,6.058,1.128,3.938
417.006,-4.598,-0.446,2.000,-130.056,10.576,1.584,5.646,1.253,4.056
417.012,-3.639,-0.446,2.000,-114.048,8.945,6.848,4.968,1.365,4.573
417.019,-3.639,-0.446,2.000,-98.920,12.769,5.197,4.288,1.462,4.931
417.025,-3.639,-0.446,2.000,-85.011,9.501,1.226,3.662,1.543,5.094
417.031,-0.595,-0.446,2.000,-71.988,13.087,5.414,3.213,1.612,5.146
417.037,-0.595,-0.446,2.000,-60.245,13.091,7.625,2.684,1.669,5.065
417.043,-0.595,-0.446,2.000,-49.718,12.262,7.349,2.210,1.715,4.854
417.049,-0.595,-0.446,2.000,-41.204,9.584,6.697,1.827,1.754,4.549
417.055,-0.149,-0.446,2.000,-34.320,9.859,6.713,1.538,1.786,4.240
417.060,-0.149,-0.446,2.000,-27.991,10.616,4.680,1.253,1.811,3.892
417.066,-0.149,-0.446,2.000,-23.536,10.449,2.358,1.052,1.832,3.445
417.071,-0.149,-0.446,2.000,-20.863,9.825,2.432,0.932,1.850,2.944
417.077,0.000,-0.446,2.000,-18.266,8.456,0.828,0.822,1.866,2.553
417.082,0.000,-0.446,2.000,-17.657,9.533,3.518,0.795,1.881,2.013
417.087,0.000,-0.446,2.000,-16.542,12.254,5.008,0.744,1.894,1.623
417.093,0.000,-0.446,2.000,-15.532,13.529,4.604,0.699,1.907,1.302
417.098,0.000,-0.446,2.000,-15.524,15.285,5.918,0.699,1.918,0.926
417.104,0.000,-0.446,2.000,-14.903,15.445,4.798,0.671,1.930,0.718
417.109,0.000,-0.446,2.000,-14.768,16.057,4.239,0.665,1.942,0.540
417.115,0.000,-0.446,2.000,-13.638,17.642,4.094,0.614,1.954,0.562
417.120,0.000,-0.446,2.000,-11.594,18.641,1.499,0.522,1.964,0.686
417.126,0.000,-0.446,2.000,-10.885,19.795,1.160,0.490,1.974,0.643
417.131,0.000,-0.446,2.000,-10.193,20.093,3.083,0.459,1.983,0.581
417.136,0.000,-0.446,2.000,-7.986,20.474,4.510,0.359,1.990,0.691
417.142,0.000,-0.446,2.000,-4.871,22.028,4.823,0.219,1.995,0.881
417.147,0.000,-0.446,2.000,-2.050,23.124,6.708,0.092,1.998,0.986
417.153,0.000,-0.446,2.000,0.298,24.383,5.686,-0.013,1.999,1.036
417.158,0.000,-0.446,2.000,5.070,25.544,5.663,-0.228,1.996,1.344
417.164,0.000,-0.446,2.000,11.111,23.340,5.897,-0.500,1.989,1.691
417.169,0.000,-0.446,2.000,13.637,25.238,4.418,-0.614,1.978,1.550
417.174,0.000,-0.446,2.000,18.699,24.087,3.926,-0.841,1.963,1.693
417.180,0.000,-0.446,2.000,22.711,21.212,4.139,-1.022,1.945,1.702
417.186,0.446,-0.446,2.000,26.970,17.925,6.344,-1.194,1.922,1.703
417.192,0.893,-0.446,2.000,32.332,16.495,6.448,-1.415,1.894,1.813
417.199,0.893,-0.446,2.000,37.022,16.516,4.809,-1.626,1.862,1.870
417.205,5.928,-0.595,2.000,39.748,16.751,5.264,-1.522,1.828,1.695
417.211,5.928,-0.595,2.000,42.755,17.196,6.888,-1.657,1.794,1.534
417.218,8.256,-0.744,2.000,47.315,15.997,5.534,-1.758,1.758,1.588
417.224,8.256,-0.744,2.000,46.601,13.963,6.193,-1.726,1.719,1.148
417.231,13.777,-0.893,2.000,48.068,14.422,6.613,-1.543,1.683,0.979
417.237,16.302,-0.893,2.000,47.968,19.185,3.223,-1.425,1.652,0.738
417.244,16.302,-0.893,2.000,46.100,18.542,5.233,-1.341,1.621,0.337
417.250,23.207,-0.893,2.000,48.047,14.513,6.660,-1.118,1.592,0.417
417.257,23.207,-0.893,2.000,48.952,15.990,5.032,-1.159,1.568,0.414
417.263,27.526,-0.893,2.000,49.990,16.247,5.703,-1.011,1.547,0.424
417.270,27.526,-0.893,2.000,48.321,15.672,6.415,-0.936,1.527,0.167
417.276,41.500,-1.043,2.000,51.975,13.022,6.365,-0.471,1.512,0.452
417.283,46.440,-1.043,2.000,55.663,8.816,8.188,-0.415,1.503,0.694
417.290,46.440,-1.043,2.000,56.578,11.422,5.354,-0.456,1.493,0.608
417.296,67.111,-1.642,2.000,58.354,14.855,2.581,0.394,1.488,0.622
417.303,67.111,-1.642,2.000,62.077,8.917,5.603,0.226,1.493,0.767
417.310,76.836,-1.642,2.000,66.616,6.170,4.813,0.460,1.505,1.004
417.316,76.836,-1.642,2.000,72.727,8.380,3.826,0.185,1.511,1.304
417.323,76.836,-1.642,2.000,78.155,5.617,4.574,-0.059,1.512,1.522
417.330,76.836,-1.642,2.000,83.017,3.214,4.893,-0.278,1.507,1.570
417.336,123.743,-3.169,2.000,89.298,2.237,4.732,1.550,1.512,1.761
417.343,131.417,-3.325,2.000,93.937,3.831,4.950,1.687,1.547,1.778
417.349,131.417,-3.325,2.000,97.515,4.665,5.444,1.526,1.579,1.717
417.355,131.417,-3.325,2.000,100.114,5.506,4.001,1.409,1.608,1.529
417.361,131.417,-3.325,2.000,106.102,5.373,3.145,1.139,1.633,1.718
417.368,153.744,-4.924,2.000,112.989,4.425,2.840,1.834,1.666,2.007
417.374,153.744,-4.924,2.000,118.504,3.708,4.352,1.586,1.700,2.079
417.380,153.744,-4.924,2.000,122.812,4.800,4.690,1.392,1.731,2.016
417.386,153.744,-4.924,2.000,129.557,6.635,2.024,1.088,1.756,2.219
417.392,180.670,-5.928,2.000,136.298,7.728,0.857,1.997,1.791,2.323
417.399,180.670,-5.928,2.000,147.501,2.756,4.033,1.493,1.828,2.789
417.406,180.670,-5.928,2.000,155.572,0.189,5.972,1.129,1.856,2.865
417.412,189.263,-6.100,2.000,163.300,2.823,3.147,1.168,1.880,2.912
417.419,189.263,-6.100,2.000,170.351,2.443,1.079,0.851,1.899,2.789
417.426,189.263,-6.100,2.000,181.203,-2.177,1.575,0.363,1.911,3.117
417.432,189.263,-6.100,2.000,188.287,0.188,0.168,0.044,1.915,3.019
417.439,189.263,-6.100,2.000,196.691,-0.001,-1.359,-0.334,1.910,3.037
417.446,189.263,-6.100,2.000,203.434,-2.288,-0.164,-0.638,1.898,2.885
417.452,189.263,-6.100,2.000,213.217,-2.987,-0.197,-1.078,1.878,3.121
417.459,189.263,-6.100,2.000,219.236,1.419,-0.272,-1.349,1.850,2.912
417.466,185.788,-6.100,2.000,223.623,1.224,-0.237,-1.703,1.817,2.609
417.472,185.788,-6.100,2.000,230.787,0.156,-0.155,-2.025,1.774,2.623
417.479,180.670,-6.100,2.000,235.238,-0.269,-1.143,-2.456,1.722,2.411
417.485,180.670,-6.100,2.000,238.792,1.439,-0.675,-2.615,1.666,2.153
417.492,149.344,-5.928,2.000,239.776,4.474,-3.717,-4.069,1.585,1.698
417.499,143.633,-5.758,2.000,242.736,-0.037,0.465,-4.460,1.490,1.555
417.505,135.393,-5.758,2.000,245.389,0.920,-0.398,-4.950,1.386,1.427
417.512,135.393,-5.758,2.000,246.941,2.433,-3.415,-5.020,1.275,1.205
417.519,135.393,-5.758,2.000,246.548,1.491,-1.020,-5.002,1.164,0.841
417.525,135.393,-5.758,2.000,244.693,0.679,-1.946,-4.918,1.055,0.449
417.532,95.509,-5.421,2.000,240.922,-4.358,1.525,-6.544,0.908,-0.019
417.539,64.839,-5.089,2.000,238.901,-5.166,-1.320,-7.833,0.742,-0.194
417.545,53.094,-5.255,2.000,231.650,-6.936,2.314,-8.035,0.566,-0.796
417.552,47.598,-4.924,2.000,224.804,-2.033,2.438,-7.974,0.391,-1.245
417.558,47.598,-4.924,2.000,219.858,-3.514,-0.117,-7.752,0.228,-1.474
417.564,47.598,-4.924,2.000,211.804,-5.720,2.345,-7.389,0.072,-1.914
417.571,47.598,-4.924,2.000,200.715,-6.673,-0.018,-6.890,-0.072,-2.522
417.577,27.145,-2.553,2.000,192.536,-10.185,-3.176,-7.443,-0.227,-2.678
417.584,25.299,-1.642,2.000,182.405,-10.083,-2.798,-7.070,-0.391,-2.921
417.590,25.299,-1.642,2.000,170.961,-12.762,-4.030,-6.555,-0.540,-3.275
417.597,14.508,-1.043,2.000,160.713,-10.947,1.085,-6.579,-0.683,-3.445
417.604,14.508,-1.043,2.000,148.455,-11.215,2.015,-6.028,-0.822,-3.753
417.610,14.508,-1.043,2.000,135.519,-8.170,8.194,-5.445,-0.948,-4.062
417.617,14.508,-1.043,2.000,128.010,-7.394,6.107,-5.108,-1.063,-3.750
417.624,6.272,-1.043,2.000,116.936,-7.416,5.455,-4.980,-1.175,-3.791
417.630,4.598,-1.043,2.000,108.329,-4.618,0.259,-4.668,-1.282,-3.660
417.637,4.598,-1.043,2.000,101.772,-2.756,-0.452,-4.373,-1.382,-3.324
417.644,4.436,-1.043,2.000,93.259,-0.940,3.671,-3.997,-1.473,-3.297
417.650,4.436,-1.043,2.000,89.043,4.110,2.828,-3.807,-1.559,-2.892
417.657,4.436,-1.043,2.000,81.924,1.982,4.749,-3.487,-1.638,-2.799
417.664,4.436,-1.043,2.000,76.567,2.495,3.625,-3.246,-1.712,-2.630
417.670,4.436,-1.043,2.000,74.009,2.383,-0.215,-3.131,-1.782,-2.211
417.677,4.436,-1.043,2.000,67.612,-1.341,0.565,-2.843,-1.847,-2.253
417.684,4.436,-1.043,2.000,64.590,4.133,0.767,-2.707,-1.910,-2.001
417.691,3.955,-1.043,2.000,60.904,6.501,1.287,-2.563,-1.968,-1.853
417.697,3.639,-1.043,2.000,56.806,2.116,3.007,-2.393,-2.022,-1.760
417.704,3.639,-1.043,2.000,54.239,1.327,2.957,-2.277,-2.072,-1.556
417.710,3.639,-1.043,2.000,53.336,-1.722,4.381,-2.236,-2.119,-1.226
417.717,2.706,-0.893,2.000,49.756,-4.349,5.969,-2.117,-2.166,-1.242
417.723,2.706,-0.893,2.000,46.712,-2.695,3.320,-1.980,-2.210,-1.221
417.730,2.706,-0.893,2.000,42.886,-5.702,2.726,-1.808,-2.250,-1.304
417.736,2.706,-0.893,2.000,39.426,-5.444,3.033,-1.652,-2.288,-1.306
417.743,2.706,-0.893,2.000,34.419,-4.751,1.516,-1.427,-2.320,-1.471
417.749,2.706,-0.893,2.000,30.222,-6.997,3.805,-1.238,-2.348,-1.505
417.756,2.706,-0.893,2.000,26.823,-7.744,4.773,-1.085,-2.372,-1.416
417.762,0.297,-0.893,2.000,19.164,-6.648,4.115,-0.849,-2.392,-1.839
417.768,0.297,-0.893,2.000,14.980,-7.847,3.216,-0.661,-2.406,-1.816
417.774,0.297,-0.893,2.000,12.072,-8.229,1.633,-0.530,-2.417,-1.639
417.780,0.297,-0.893,2.000,9.057,-6.379,2.290,-0.394,-2.426,-1.512
417.786,0.297,-0.893,2.000,6.232,-3.989,1.369,-0.267,-2.432,-1.428
417.792,0.297,-0.893,2.000,2.736,-0.930,-0.078,-0.110,-2.436,-1.448
417.798,0.297,-0.893,2.000,-0.171,-1.598,1.390,0.021,-2.437,-1.415
417.804,0.297,-0.893,2.000,-0.750,-1.805,4.150,0.047,-2.436,-1.147
417.810,0.297,-0.893,2.000,-2.115,-0.397,6.715,0.109,-2.435,-1.023
417.816,0.297,-0.893,2.000,-3.793,-0.219,7.625,0.184,-2.432,-0.945
417.822,0.297,-0.893,2.000,-7.094,1.417,4.818,0.333,-2.427,-1.083
417.828,0.446,-0.893,2.000,-7.598,0.887,4.555,0.362,-2.420,-0.893
417.834,0.446,-0.893,2.000,-6.462,-3.306,5.881,0.311,-2.413,-0.550
417.841,1.642,-0.893,2.000,-9.532,-2.119,3.363,0.503,-2.403,-0.692
417.847,1.642,-0.893,2.000,-11.263,4.983,1.059,0.581,-2.391,-0.680
417.854,1.642,-0.893,2.000,-12.298,5.862,1.920,0.627,-2.378,-0.618
417.860,1.642,-0.893,2.000,-11.155,5.017,5.270,0.576,-2.366,-0.394
417.867,1.642,-0.893,2.000,-12.052,5.256,6.124,0.616,-2.353,-0.378
417.873,1.642,-0.893,2.000,-14.073,4.206,4.877,0.707,-2.338,-0.471
417.880,3.796,-0.893,2.000,-13.953,2.721,4.606,0.799,-2.320,-0.334
417.886,3.796,-0.893,2.000,-14.164,5.810,1.153,0.808,-2.302,-0.252
417.893,3.796,-0.893,2.000,-15.288,6.292,2.319,0.859,-2.284,-0.296
417.899,3.796,-0.893,2.000,-16.877,3.938,5.472,0.930,-2.265,-0.409
417.906,4.598,-0.893,2.000,-15.498,1.298,6.514,0.904,-2.246,-0.195
417.912,4.598,-0.893,2.000,-16.878,0.787,5.640,0.966,-2.225,-0.232
417.919,4.598,-0.893,2.000,-19.911,0.454,5.171,1.103,-2.202,-0.462
417.925,4.598,-0.893,2.000,-20.031,2.340,3.961,1.108,-2.178,-0.371
417.932,4.598,-0.893,2.000,-21.360,3.507,1.681,1.168,-2.153,-0.395
417.938,29.090,-1.342,2.000,-24.650,2.831,2.841,2.418,-2.109,-0.592
417.945,33.739,-1.642,2.000,-23.888,1.208,3.837,2.593,-2.054,-0.400
417.952,35.564,-1.642,2.000,-22.441,-0.351,5.537,2.610,-1.996,-0.140
417.958,35.564,-1.642,2.000,-24.549,1.894,2.994,2.705,-1.936,-0.286
417.965,35.564,-1.642,2.000,-24.416,4.652,3.734,2.699,-1.877,-0.209
417.972,46.440,-1.492,2.000,-22.747,8.211,3.816,3.113,-1.809,-0.034
417.978,48.185,-1.342,2.000,-19.297,5.108,2.341,3.037,-1.739,0.296
417.985,53.734,-1.043,2.000,-18.593,2.450,2.003,3.255,-1.669,0.281
417.992,57.028,-0.893,2.000,-14.663,4.525,2.804,3.226,-1.598,0.582
417.998,57.028,-0.893,2.000,-11.084,7.473,2.354,3.065,-1.530,0.786
418.005,57.028,-0.893,2.000,-9.326,7.178,2.072,2.986,-1.465,0.748
418.011,57.028,-0.893,2.000,-4.219,3.479,2.227,2.756,-1.404,1.058
418.017,57.028,-0.893,2.000,-0.780,0.055,2.233,2.601,-1.347,1.100
418.024,57.028,-0.893,2.000,5.044,3.361,-0.947,2.339,-1.293,1.407
418.030,74.306,-0.595,2.000,7.187,3.938,-0.314,3.020,-1.234,1.261
418.037,74.306,-0.595,2.000,10.720,2.600,2.004,2.861,-1.176,1.238
418.043,73.478,-0.446,2.000,18.426,-3.340,5.616,2.477,-1.122,1.710
418.049,73.478,-0.446,2.000,18.920,1.040,2.897,2.455,-1.069,1.328
418.056,73.478,-0.446,2.000,25.113,6.214,1.082,2.176,-1.020,1.588
418.062,73.478,-0.446,2.000,27.237,3.195,3.114,2.081,-0.974,1.416
418.069,73.478,-0.446,2.000,31.775,2.156,4.158,1.877,-0.932,1.484
418.075,49.377,-0.446,2.000,31.629,4.334,2.804,0.799,-0.898,1.105
418.082,49.377,-0.446,2.000,35.420,9.276,0.103,0.628,-0.884,1.176
418.088,49.377,-0.446,2.000,38.563,9.444,1.439,0.487,-0.872,1.195
418.095,30.306,-0.446,2.000,41.963,10.703,1.421,-0.525,-0.882,1.256
418.101,27.526,-0.446,2.000,42.420,9.801,2.214,-0.670,-0.896,0.982
418.107,27.526,-0.446,2.000,43.401,8.194,4.708,-0.714,-0.912,0.805
418.114,9.023,-0.446,2.000,45.099,4.981,5.641,-1.623,-0.935,0.751
418.120,6.272,-0.446,2.000,47.190,7.359,2.250,-1.841,-0.972,0.780
418.127,6.272,-0.446,2.000,44.952,6.241,1.254,-1.741,-1.011,0.361
418.133,6.272,-0.446,2.000,43.715,5.951,2.183,-1.685,-1.050,0.084
418.139,0.000,-0.446,2.000,40.224,4.402,2.109,-1.810,-1.086,-0.333
418.145,-0.149,-0.297,2.000,36.572,6.258,1.792,-1.652,-1.117,-0.704
418.150,-0.149,-0.297,2.000,32.915,3.925,0.256,-1.488,-1.144,-1.013
418.155,-0.149,-0.297,2.000,27.521,1.984,-0.443,-1.245,-1.167,-1.450
418.160,0.000,-0.446,2.000,22.460,-2.810,0.886,-1.011,-1.187,-1.709
418.166,0.000,-0.446,2.000,18.047,-2.302,-0.933,-0.812,-1.203,-1.783
418.171,0.000,-0.446,2.000,13.231,-5.337,1.490,-0.595,-1.215,-1.852
418.177,-0.446,-0.446,2.000,6.601,-5.483,2.852,-0.317,-1.222,-2.102
418.183,-0.446,-0.446,2.000,0.994,-2.897,3.282,-0.065,-1.225,-2.135
418.190,-3.482,-0.446,2.000,-1.906,-0.107,2.565,-0.071,-1.227,-1.920
418.196,-3.482,-0.446,2.000,-3.783,-2.899,4.138,0.014,-1.228,-1.653
418.202,-3.482,-0.446,2.000,-3.043,-5.522,5.381,-0.020,-1.227,-1.121
418.209,-13.539,-0.446,2.000,-8.136,-5.827,3.596,-0.243,-1.233,-1.300
418.216,-16.302,-0.446,2.000,-7.885,-2.716,1.979,-0.379,-1.240,-0.945
418.222,-16.302,-0.446,2.000,-9.025,-1.118,2.155,-0.327,-1.248,-0.843
418.229,-31.138,-0.446,2.000,-9.239,-3.831,4.554,-0.985,-1.261,-0.686
418.235,-31.138,-0.446,2.000,-10.859,-3.491,4.151,-0.913,-1.280,-0.642
418.242,-34.189,-0.446,2.000,-12.656,-0.531,4.077,-0.969,-1.302,-0.672
418.248,-44.745,-0.446,2.000,-14.468,0.165,3.362,-1.362,-1.332,-0.685
418.254,-44.745,-0.446,2.000,-16.926,2.391,2.399,-1.252,-1.359,-0.748
418.261,-55.692,-0.446,2.000,-21.857,3.583,1.330,-1.523,-1.391,-1.043
418.267,-55.692,-0.446,2.000,-24.320,5.090,2.851,-1.412,-1.423,-1.050
418.274,-103.917,-0.446,2.000,-27.509,3.821,4.744,-3.438,-1.467,-1.079
418.281,-103.917,-0.446,2.000,-32.537,8.244,3.385,-3.212,-1.537,-1.258
418.287,-115.245,-0.446,2.000,-40.305,8.182,2.270,-3.372,-1.611,-1.666
418.293,-115.245,-0.446,2.000,-47.343,9.934,3.329,-3.056,-1.682,-2.006
418.300,-156.735,-0.446,2.000,-52.176,10.091,2.616,-4.705,-1.772,-1.994
418.306,-156.735,-0.446,2.000,-61.548,9.196,2.282,-4.283,-1.866,-2.341
418.313,-156.735,-0.446,2.000,-71.164,7.684,4.353,-3.851,-1.954,-2.627
418.320,-156.735,-0.446,2.000,-81.493,6.564,1.045,-3.386,-2.032,-2.996
418.326,-156.735,-0.446,2.000,-91.548,6.962,1.173,-2.933,-2.098,-3.205
418.332,-218.971,-0.446,2.000,-102.127,4.724,2.859,-5.258,-2.215,-3.428
418.339,-226.948,-0.446,2.000,-115.458,4.842,1.989,-5.017,-2.327,-3.893
418.345,-226.948,-0.446,2.000,-129.216,6.062,2.727,-4.398,-2.428,-4.283
418.352,-226.948,-0.446,2.000,-140.870,4.708,5.306,-3.874,-2.516,-4.351
418.359,-220.944,-0.446,2.000,-154.595,0.353,3.227,-2.986,-2.590,-4.532
418.365,-220.944,-0.446,2.000,-168.611,-2.708,3.449,-2.355,-2.645,-4.732
418.372,-215.067,-0.446,2.000,-183.300,-2.526,4.080,-1.429,-2.681,-4.969
418.378,-215.067,-0.446,2.000,-197.296,2.845,2.432,-0.800,-2.703,-5.064
418.385,-215.067,-0.446,2.000,-210.607,2.030,4.485,-0.201,-2.711,-5.068
418.391,-155.234,-0.446,2.000,-219.812,1.106,7.463,2.906,-2.690,-4.698
418.398,-155.234,-0.446,2.000,-227.836,2.504,6.765,3.267,-2.623,-4.318
418.404,-155.234,-0.446,2.000,-235.496,1.604,6.904,3.612,-2.546,-3.975
418.411,-155.234,-0.446,2.000,-239.272,-1.561,5.212,3.782,-2.465,-3.346
418.417,-93.494,-0.446,2.000,-242.253,-2.514,2.810,6.694,-2.320,-2.780
418.424,-93.494,-0.446,2.000,-241.854,1.458,1.062,6.676,-2.175,-2.050
418.430,-93.494,-0.446,2.000,-239.869,3.241,2.272,6.587,-2.033,-1.333
418.437,-54.380,-0.446,2.000,-236.614,1.914,4.242,8.200,-1.881,-0.710
418.443,-50.592,-0.446,2.000,-229.056,2.029,6.484,8.031,-1.707,0.185
418.450,-50.592,-0.446,2.000,-217.044,1.494,7.609,7.490,-1.538,1.305
418.456,-33.295,-0.446,2.000,-207.654,1.970,5.997,7.846,-1.365,1.904
418.463,-26.768,-0.446,2.000,-194.932,-3.603,5.889,7.567,-1.199,2.648
418.469,-16.839,-0.446,2.000,-182.471,1.366,3.942,7.453,-1.037,3.180
418.476,-16.839,-0.446,2.000,-168.756,1.208,2.306,6.836,-0.885,3.699
418.482,-0.149,-0.595,2.000,-154.739,-4.888,1.730,6.957,-0.740,4.107
418.487,-0.149,-0.595,2.000,-142.824,-4.463,0.982,6.420,-0.627,4.485
418.493,0.000,-0.744,2.000,-132.417,-3.147,2.261,5.959,-0.514,4.508
418.499,0.000,-0.744,2.000,-122.922,-3.897,3.724,5.531,-0.407,4.421
418.504,0.000,-0.744,2.000,-113.829,-1.085,3.457,5.122,-0.309,4.291
418.510,0.000,-0.744,2.000,-104.733,0.440,3.139,4.713,-0.219,4.200
418.515,0.000,-0.744,2.000,-96.180,1.878,3.383,4.328,-0.135,4.107
418.521,0.297,-0.446,2.000,-89.215,2.160,2.919,4.028,-0.057,3.866
418.527,0.297,-0.446,2.000,-83.395,1.483,5.247,3.766,0.019,3.489
418.533,0.446,-0.446,2.000,-77.504,0.609,6.529,3.508,0.092,3.193
418.540,0.446,-0.446,2.000,-72.829,-1.383,7.787,3.297,0.165,2.853
418.546,2.553,-0.446,2.000,-70.342,6.499,4.069,3.280,0.235,2.386
418.552,4.598,-0.446,2.000,-69.442,8.255,1.294,3.332,0.306,1.916
418.559,4.598,-0.446,2.000,-67.347,8.600,1.694,3.238,0.376,1.610
418.565,4.598,-0.446,2.000,-66.482,4.449,3.467,3.199,0.444,1.267
418.572,11.062,-0.446,2.000,-67.736,2.825,5.754,3.546,0.521,0.843
418.578,16.038,-0.595,2.000,-65.839,6.243,5.697,3.684,0.598,0.804
418.584,16.038,-0.595,2.000,-62.198,6.593,6.558,3.521,0.671,0.991
418.591,16.038,-0.595,2.000,-62.485,6.866,7.024,3.534,0.746,0.736
418.597,16.038,-0.595,2.000,-60.254,6.948,5.663,3.433,0.817,0.733
418.603,16.038,-0.595,2.000,-55.587,4.032,5.525,3.223,0.884,1.012
418.609,49.982,-0.893,2.000,-52.317,1.402,5.566,4.603,0.984,1.101
418.616,49.982,-0.893,2.000,-47.452,7.185,5.210,4.385,1.080,1.271
418.622,90.535,-1.043,2.000,-41.974,5.823,4.583,5.963,1.198,1.508
418.629,90.535,-1.043,2.000,-34.990,2.472,6.167,5.649,1.325,1.749
418.636,155.234,-1.342,2.000,-25.198,0.831,6.135,8.119,1.465,2.258
418.642,155.234,-1.342,2.000,-16.857,3.080,6.125,7.744,1.642,2.455
418.649,155.234,-1.342,2.000,-7.938,4.337,5.613,7.343,1.807,2.698
418.656,155.234,-1.342,2.000,4.849,2.838,6.026,6.767,1.959,3.199
418.662,155.234,-1.342,2.000,18.828,7.587,7.022,6.138,2.099,3.731
418.669,299.459,-3.482,2.000,33.215,8.959,5.351,11.981,2.145,4.163
418.676,320.193,-3.482,2.000,49.307,7.954,7.144,12.190,2.145,4.643
418.682,320.193,-3.482,2.000,63.114,9.797,7.825,11.569,2.145,4.748
418.689,320.193,-3.482,2.000,82.928,13.629,4.666,10.677,2.145,5.419
418.696,330.982,-3.325,2.000,102.007,13.695,4.045,10.304,2.145,5.859
418.703,333.723,-3.169,2.000,124.460,17.635,4.634,9.417,2.145,6.474
418.709,333.723,-3.169,2.000,146.520,21.391,2.719,8.424,2.271,6.953
418.716,333.723,-3.169,2.000,172.300,16.696,0.693,7.264,2.441,7.610
418.723,333.723,-3.169,2.000,194.151,15.388,4.226,6.281,2.588,7.771
418.729,333.723,-3.169,2.000,217.289,13.100,2.693,5.240,2.712,8.004
418.736,138.097,-1.342,2.000,237.245,9.450,3.268,-4.462,2.782,7.849
418.743,138.097,-1.342,2.000,259.772,8.115,2.543,-5.475,2.742,7.929
418.749,102.835,-1.043,2.000,274.449,8.409,-0.521,-7.723,2.686,7.315
418.756,102.835,-1.043,2.000,284.026,5.680,0.361,-8.154,2.507,6.323
418.763,31.138,-0.893,2.000,288.284,1.025,1.928,-11.572,2.444,5.162
418.769,21.561,-0.744,2.000,282.071,-1.276,0.064,-11.723,2.444,3.306
418.776,21.561,-0.744,2.000,267.964,-4.783,3.681,-11.088,2.444,1.197
418.782,21.561,-0.744,2.000,249.602,-4.266,1.808,-10.262,2.444,-0.835
418.789,21.561,-0.744,2.000,225.947,-7.245,3.969,-9.197,2.444,-2.787
418.795,0.000,-0.297,2.000,199.780,-4.193,3.447,-8.990,2.393,-4.949
418.800,-0.149,-0.297,2.000,171.854,-4.416,3.776,-7.740,2.253,-7.074
418.805,-0.149,-0.297,2.000,143.939,-6.031,5.842,-6.484,2.132,-8.707
418.811,-0.149,-0.297,2.000,119.290,-4.838,2.897,-5.375,2.032,-9.552
418.816,-3.482,-0.446,2.000,97.951,-1.058,0.191,-4.564,1.941,-9.555
418.823,-3.482,-0.446,2.000,79.415,-1.145,3.745,-3.730,1.854,-8.952
418.829,-10.224,-0.446,2.000,64.142,-4.157,3.818,-3.346,1.782,-8.170
418.836,-15.261,-0.446,2.000,51.940,0.368,3.670,-3.024,1.715,-7.275
418.842,-15.261,-0.446,2.000,45.159,4.935,4.721,-2.719,1.654,-6.126
418.849,-22.871,-0.446,2.000,42.000,4.446,4.467,-2.919,1.589,-4.915
418.855,-22.871,-0.446,2.000,42.667,5.032,4.168,-2.949,1.525,-3.633
418.862,-42.560,-0.297,2.000,44.646,2.170,4.235,-3.924,1.450,-2.498
418.868,-49.982,-0.446,2.000,49.258,0.776,4.354,-4.466,1.364,-1.410
418.874,-49.982,-0.446,2.000,54.606,1.651,3.884,-4.706,1.264,-0.545
418.881,-49.982,-0.446,2.000,59.770,6.199,3.500,-4.939,1.157,0.094
418.887,-67.882,-0.446,2.000,63.364,5.646,4.213,-5.906,1.029,0.377
418.894,-82.102,-0.446,2.000,69.094,1.314,4.209,-6.804,0.882,0.802
418.900,-82.102,-0.446,2.000,70.270,0.039,4.568,-6.857,0.736,0.765
418.907,-82.102,-0.446,2.000,66.735,2.552,0.151,-6.698,0.590,0.238
418.913,-135.393,-0.446,2.000,62.370,1.765,0.219,-8.899,0.431,-0.254
418.920,-135.393,-0.446,2.000,55.707,-3.150,3.832,-8.600,0.241,-0.848
418.926,-135.393,-0.446,2.000,46.887,-2.351,4.477,-8.203,0.060,-1.507
418.933,-159.772,-0.446,2.000,31.699,-1.685,4.571,-8.616,-0.064,-2.552
418.939,-177.320,-0.446,2.000,13.703,-4.171,5.458,-8.596,-0.251,-3.651
418.946,-185.788,-0.446,2.000,-4.536,-0.765,6.929,-8.156,-0.432,-4.550
418.952,-205.549,-0.446,2.000,-20.701,-0.702,6.527,-8.318,-0.604,-4.969
418.959,-205.549,-0.446,2.000,-41.703,-2.551,8.383,-7.373,-0.771,-5.772
418.965,-205.549,-0.446,2.000,-61.452,0.408,8.629,-6.484,-0.919,-6.268
418.972,-228.978,-0.446,2.000,-78.792,-1.265,8.486,-6.758,-1.071,-6.367
418.979,-245.744,-0.446,2.000,-100.948,-1.749,9.924,-6.516,-1.224,-6.824
418.985,-263.474,-0.446,2.000,-119.915,-2.913,10.095,-6.460,-1.366,-6.959
418.992,-270.379,-0.446,2.000,-138.460,-1.027,8.755,-5.936,-1.497,-7.003
418.998,-270.379,-0.446,2.000,-156.673,-0.830,8.475,-5.117,-1.615,-7.008
419.005,-270.379,-0.446,2.000,-170.727,-2.476,10.769,-4.484,-1.719,-6.637
419.011,-270.379,-0.446,2.000,-185.928,-2.917,10.246,-3.800,-1.806,-6.445
419.018,-268.062,-0.446,2.000,-200.858,0.246,8.281,-3.024,-1.877,-6.247
419.024,-268.062,-0.446,2.000,-213.513,1.602,7.919,-2.455,-1.937,-5.911
419.031,-235.155,-0.446,2.000,-222.099,-0.929,9.179,-0.588,-1.964,-5.273
419.037,-235.155,-0.446,2.000,-229.498,-3.869,10.504,-0.255,-1.972,-4.685
419.044,-235.155,-0.446,2.000,-237.721,-3.340,11.446,0.115,-1.972,-4.290
419.050,-235.155,-0.446,2.000,-243.021,-0.504,12.912,0.354,-1.967,-3.744
419.057,-139.465,-0.446,2.000,-244.202,-1.269,13.011,4.713,-1.864,-2.893
419.063,-120.042,-0.446,2.000,-248.207,-0.853,10.393,5.767,-1.740,-2.525
419.070,-120.042,-0.446,2.000,-247.267,0.368,8.190,5.725,-1.612,-1.782
419.077,-120.042,-0.446,2.000,-242.863,-0.281,6.792,5.527,-1.491,-0.890
419.083,-25.299,-0.595,2.000,-233.408,-0.484,5.365,9.365,-1.412,0.276
419.089,-25.299,-0.595,2.000,-223.228,-0.751,5.233,8.907,-1.353,1.249
419.095,-25.299,-0.595,2.000,-211.395,-1.815,6.345,8.374,-1.176,2.176
419.101,-25.299,-0.595,2.000,-200.724,-0.546,7.237,7.894,-1.012,2.728
419.108,-7.883,-0.446,2.000,-187.970,-1.482,9.486,8.104,-0.845,3.292
419.114,-7.883,-0.446,2.000,-171.671,-6.417,9.509,7.370,-0.677,4.023
419.121,-6.621,-0.446,2.000,-158.110,-7.418,8.295,6.817,-0.526,4.343
419.127,-6.621,-0.446,2.000,-139.921,-3.679,5.245,5.999,-0.390,5.008
419.134,-6.621,-0.446,2.000,-123.696,-1.697,4.176,5.268,-0.271,5.318
419.140,-6.621,-0.446,2.000,-109.567,0.759,5.622,4.633,-0.168,5.324
419.147,-1.944,-0.446,2.000,-93.262,0.435,8.050,4.109,-0.075,5.542
419.153,-0.149,-0.446,2.000,-79.658,0.139,9.911,3.578,0.003,5.602
419.158,-0.149,-0.446,2.000,-67.620,1.334,9.946,3.036,0.062,5.613
419.164,-0.149,-0.446,2.000,-58.954,4.441,9.091,2.646,0.114,5.192
419.169,-0.149,-0.446,2.000,-50.645,7.493,5.483,2.272,0.157,4.862
419.175,4.436,-0.595,2.000,-46.444,11.706,3.442,2.290,0.198,4.131
419.181,4.436,-0.595,2.000,-42.825,15.369,2.943,2.127,0.243,3.477
419.187,4.436,-0.595,2.000,-43.207,13.169,2.907,2.144,0.287,2.591
419.193,11.711,-0.595,2.000,-42.250,11.425,2.377,2.428,0.336,2.071
419.199,11.711,-0.595,2.000,-41.062,9.304,2.707,2.375,0.385,1.673
419.206,11.711,-0.595,2.000,-40.173,6.571,2.782,2.335,0.433,1.342
419.212,11.711,-0.595,2.000,-39.828,4.642,2.504,2.319,0.482,1.043
419.218,11.711,-0.595,2.000,-36.116,4.779,2.462,2.152,0.528,1.198
419.224,11.711,-0.595,2.000,-34.053,5.521,2.998,2.059,0.572,1.123
419.231,11.711,-0.595,2.000,-36.669,5.185,2.899,2.177,0.616,0.593
419.237,11.711,-0.595,2.000,-33.527,2.167,3.020,2.036,0.657,0.682
419.243,11.711,-0.595,2.000,-30.795,0.934,2.366,1.913,0.695,0.719
419.249,36.982,-0.595,2.000,-26.139,0.148,3.414,2.840,0.754,0.985
419.255,36.982,-0.595,2.000,-22.725,-4.212,3.908,2.687,0.812,1.089
419.261,36.982,-0.595,2.000,-18.583,-4.250,3.377,2.500,0.864,1.252
419.268,36.982,-0.595,2.000,-11.138,-4.109,3.364,2.165,0.912,1.722
419.274,36.982,-0.595,2.000,-6.171,-7.822,3.505,1.942,0.954,1.822
419.280,36.982,-0.595,2.000,-0.467,-6.694,3.168,1.685,0.991,1.976
419.286,36.982,-0.595,2.000,5.611,-5.244,2.398,1.412,1.021,2.091
419.292,222.931,-0.893,2.000,9.249,-5.716,1.577,9.616,1.031,1.913
419.299,222.931,-0.893,2.000,14.872,-0.593,0.817,9.363,1.031,1.971
419.305,222.931,-0.893,2.000,22.765,-4.475,2.505,9.007,1.031,2.229
419.312,222.931,-0.893,2.000,29.691,-5.771,2.015,8.696,1.221,2.351
419.318,272.713,-1.043,2.000,38.741,-4.828,0.644,10.529,1.221,2.608
419.325,272.713,-1.043,2.000,53.101,-1.643,-0.266,9.883,1.221,3.322
419.332,272.713,-1.043,2.000,68.572,-4.758,0.697,9.186,1.221,3.972
419.338,277.428,-1.043,2.000,89.324,-6.071,1.914,8.465,1.414,4.922
419.345,277.428,-1.043,2.000,110.675,-6.733,0.685,7.504,1.588,5.711
419.352,254.486,-1.043,2.000,132.335,-3.334,-2.345,5.497,1.733,6.333
419.359,254.486,-1.043,2.000,152.828,-1.082,-3.632,4.575,1.845,6.673
419.365,239.346,-0.893,2.000,173.173,-1.226,-2.344,2.978,1.917,6.935
419.372,231.022,-0.893,2.000,192.005,-0.521,-3.022,1.756,1.961,7.013
419.378,185.788,-0.893,2.000,206.947,-0.037,-2.933,-0.952,1.961,6.715
419.385,185.788,-0.893,2.000,225.008,-0.022,-2.828,-1.765,1.929,6.794
419.391,185.788,-0.893,2.000,235.612,-2.479,-2.813,-2.242,1.883,6.104
419.397,185.788,-0.893,2.000,239.983,-4.551,-2.510,-2.439,1.831,4.989
419.404,185.788,-0.893,2.000,245.813,-5.808,-4.194,-2.701,1.773,4.265
419.410,44.745,-0.595,2.000,244.548,-9.003,-3.009,-8.991,1.712,3.067
419.417,44.745,-0.595,2.000,241.061,-11.721,0.003,-8.834,1.528,1.945
419.423,44.745,-0.595,2.000,231.431,-13.614,1.093,-8.401,1.350,0.461
419.429,0.595,-0.446,2.000,220.652,-14.761,0.037,-9.903,1.235,-0.765
419.435,0.595,-0.446,2.000,209.252,-13.995,-1.991,-9.390,1.235,-1.757
419.441,0.000,-0.446,2.000,192.810,-14.574,-2.974,-8.676,1.131,-3.098
419.446,0.000,-0.446,2.000,176.386,-18.149,-0.680,-7.937,0.978,-4.126
419.452,-0.297,-0.446,2.000,158.613,-18.294,-1.520,-7.151,0.844,-5.119
419.458,-0.297,-0.446,2.000,143.957,-16.643,-2.994,-6.491,0.709,-5.352
419.464,-0.297,-0.446,2.000,125.756,-17.265,-2.728,-5.672,0.591,-5.883
419.470,-0.297,-0.446,2.000,109.335,-18.985,-1.177,-4.933,0.488,-6.103
419.476,-0.149,-0.446,2.000,92.532,-16.866,-0.635,-4.171,0.400,-6.326
419.481,-0.149,-0.446,2.000,80.880,-12.426,-2.539,-3.646,0.330,-6.071
419.487,-0.149,-0.446,2.000,66.797,-13.432,0.323,-3.013,0.273,-6.128
419.493,-0.744,-0.446,2.000,56.900,-14.856,1.741,-2.594,0.219,-5.658
419.499,-1.793,-0.446,2.000,47.033,-12.102,-0.196,-2.197,0.168,-5.206
419.506,-1.793,-0.446,2.000,42.153,-12.663,-0.564,-1.978,0.123,-4.417
419.512,-1.793,-0.446,2.000,39.420,-11.878,-1.665,-1.855,0.083,-3.610
419.518,-11.493,-0.446,2.000,36.905,-10.021,-2.248,-2.178,0.034,-2.983
419.525,-11.493,-0.446,2.000,36.188,-7.994,-1.878,-2.146,-0.014,-2.347
419.531,-11.493,-0.446,2.000,35.976,-6.968,-2.143,-2.136,-0.061,-1.819
419.538,-28.693,-0.446,2.000,36.693,-6.363,-1.461,-2.942,-0.115,-1.315
419.545,-33.739,-0.446,2.000,39.668,-6.284,0.780,-3.303,-0.183,-0.723
419.551,-33.739,-0.446,2.000,44.194,-7.653,1.371,-3.507,-0.257,-0.124
419.558,-33.739,-0.446,2.000,47.011,-7.847,1.137,-3.634,-0.336,0.165
419.564,-42.028,-0.446,2.000,47.178,-7.852,0.203,-4.014,-0.422,0.135
419.571,-45.869,-0.446,2.000,46.332,-7.261,-1.499,-4.149,-0.510,0.042
419.577,-51.209,-0.446,2.000,44.054,-7.235,-2.079,-4.287,-0.602,-0.165
419.584,-57.706,-0.297,2.000,41.896,-9.422,-3.038,-4.482,-0.696,-0.283
419.590,-57.706,-0.297,2.000,38.296,-11.744,-1.294,-4.320,-0.786,-0.534
419.596,-64.839,-0.297,2.000,31.440,-13.274,0.284,-4.333,-0.877,-1.050
419.602,-64.839,-0.297,2.000,23.628,-13.428,0.821,-3.981,-0.962,-1.567
419.609,-90.535,-0.297,2.000,15.295,-12.418,-0.231,-4.762,-1.055,-2.020
419.615,-105.009,0.000,2.000,9.339,-14.496,-1.999,-5.146,-1.155,-2.139
419.620,-105.009,0.000,2.000,2.765,-13.983,-4.480,-4.850,-1.248,-2.312
419.626,-105.009,0.000,2.000,-5.140,-14.664,-2.417,-4.494,-1.337,-2.568
419.632,-142.233,0.149,2.000,-13.932,-17.985,1.095,-5.774,-1.437,-2.887
419.637,-155.234,0.744,2.000,-25.674,-19.276,1.596,-5.830,-1.542,-3.482
419.644,-161.307,1.192,2.000,-36.529,-14.410,1.977,-5.615,-1.668,-3.642
419.650,-161.307,1.192,2.000,-46.704,-9.253,2.087,-5.157,-1.779,-3.805
419.657,-189.263,1.043,2.000,-58.181,-6.183,0.673,-5.899,-1.911,-3.967
419.663,-194.573,1.192,2.000,-69.645,-2.590,-0.623,-5.622,-2.034,-4.069
419.670,-198.179,1.192,2.000,-80.982,-2.464,-2.087,-5.274,-2.146,-4.196
419.676,-198.179,1.192,2.000,-94.245,-1.182,-0.938,-4.677,-2.248,-4.409
419.682,-198.179,1.192,2.000,-105.527,-3.027,-0.022,-4.169,-2.338,-4.450
419.688,-196.369,1.192,2.000,-119.324,-5.202,2.652,-3.467,-2.414,-4.750
419.695,-196.369,1.192,2.000,-132.861,-2.441,3.136,-2.858,-2.478,-4.923
419.701,-196.369,1.192,2.000,-141.969,-2.781,3.659,-2.448,-2.532,-4.628
419.707,-196.369,1.192,2.000,-152.920,-2.278,3.132,-1.955,-2.575,-4.563
419.713,-196.369,1.192,2.000,-162.734,0.988,0.027,-1.514,-2.608,-4.366
419.720,-177.320,1.192,2.000,-169.378,0.925,0.323,-0.357,-2.617,-3.893
419.726,-177.320,1.192,2.000,-178.129,1.943,0.521,0.036,-2.618,-3.780
419.732,-149.344,0.893,2.000,-186.093,1.504,1.083,1.654,-2.594,-3.605
419.739,-149.344,0.893,2.000,-191.133,-0.674,0.449,1.880,-2.554,-3.156
419.745,-120.042,0.446,2.000,-195.788,-0.157,1.540,3.409,-2.501,-2.823
419.752,-120.042,0.446,2.000,-199.822,-0.032,1.769,3.590,-2.425,-2.514
419.757,-68.660,0.000,2.000,-204.638,-1.231,1.893,6.119,-2.306,-2.389
419.764,-42.560,-0.297,2.000,-208.015,-0.688,1.528,7.445,-2.154,-2.148
419.770,-17.112,-0.446,2.000,-206.185,3.846,0.797,8.508,-1.982,-1.429
419.777,-17.112,-0.446,2.000,-199.839,5.337,-0.039,8.223,-1.801,-0.472
419.783,0.149,-0.446,2.000,-194.758,6.794,1.301,8.771,-1.620,0.144
419.788,0.149,-0.446,2.000,-185.612,1.925,-0.510,8.359,-1.465,1.134
419.794,0.595,-0.297,2.000,-175.466,1.880,-1.809,7.923,-1.314,1.914
419.800,0.595,-0.297,2.000,-161.318,0.410,-3.854,7.286,-1.172,2.968
419.806,0.595,-0.297,2.000,-144.520,-2.680,-3.421,6.530,-1.039,4.059
419.811,0.595,-0.297,2.000,-129.594,-3.755,-1.602,5.858,-0.922,4.698
419.818,6.797,-0.297,2.000,-116.942,-1.675,0.348,5.568,-0.806,4.842
419.824,6.797,-0.297,2.000,-102.217,-1.756,0.198,4.906,-0.700,5.142
419.830,6.797,-0.297,2.000,-86.459,-2.760,0.169,4.196,-0.609,5.448
419.836,6.797,-0.297,2.000,-73.789,-6.412,-0.076,3.626,-0.530,5.339
419.842,27.145,-0.297,2.000,-62.693,-9.091,-0.682,4.043,-0.444,5.118
419.848,28.693,-0.297,2.000,-54.066,-7.041,-1.069,3.724,-0.364,4.692
419.855,28.693,-0.297,2.000,-46.292,-7.699,-2.125,3.374,-0.290,4.267
419.861,35.101,-0.297,2.000,-38.555,-6.234,-0.788,3.315,-0.223,3.972
419.867,37.951,-0.297,2.000,-32.905,-3.799,-0.309,3.189,-0.157,3.550
419.873,37.951,-0.297,2.000,-29.033,2.454,1.134,3.014,-0.094,3.037
419.880,40.461,-0.297,2.000,-26.301,4.788,1.059,3.004,-0.031,2.534
419.886,40.461,-0.297,2.000,-25.867,5.956,-0.343,2.985,0.029,1.901
419.892,54.380,-0.446,2.000,-21.238,5.398,0.166,3.403,0.092,1.880
419.899,54.380,-0.446,2.000,-18.675,3.916,1.120,3.288,0.166,1.628
419.905,54.380,-0.446,2.000,-20.092,5.057,0.863,3.351,0.238,1.075
419.912,54.380,-0.446,2.000,-18.227,5.802,-0.318,3.267,0.309,0.972
419.918,110.602,-0.446,2.000,-12.197,3.053,-1.199,5.526,0.429,1.276
419.925,110.602,-0.446,2.000,-8.093,0.870,-0.718,5.341,0.545,1.331
419.931,110.602,-0.446,2.000,-7.135,0.111,-0.454,5.298,0.659,1.076
419.938,203.686,-0.893,2.000,-1.229,0.368,-0.842,9.221,0.734,1.379
419.944,203.686,-0.893,2.000,7.666,0.573,-0.077,8.821,0.859,1.901
419.951,203.686,-0.893,2.000,19.105,-4.307,-1.578,8.306,1.047,2.512
419.957,258.949,-1.043,2.000,26.981,-3.493,-1.556,10.439,1.047,2.631
419.964,277.428,-1.342,2.000,39.187,-0.475,-0.668,10.721,1.047,3.098
419.971,277.428,-1.342,2.000,53.657,2.303,-1.747,10.070,1.047,3.674
419.977,347.706,-2.706,2.000,71.767,-0.056,-2.011,12.417,1.047,4.440
419.984,359.227,-2.706,2.000,94.619,-2.402,-2.963,11.907,1.047,5.490
419.991,359.227,-2.706,2.000,118.381,-2.577,-3.944,10.838,1.047,6.400
419.997,359.227,-2.706,2.000,138.791,-1.740,-4.591,9.920,1.047,6.741
420.004,359.227,-2.706,2.000,164.564,-4.483,-2.638,8.760,1.110,7.441
420.011,408.399,-2.096,2.000,190.107,-2.702,-3.357,9.823,1.110,8.032
420.017,408.399,-2.096,2.000,217.338,-1.948,-3.823,8.598,1.234,8.687
420.024,408.399,-2.096,2.000,240.066,-3.630,-5.005,7.575,1.403,8.686
420.030,408.399,-2.096,2.000,263.099,-1.340,-4.455,6.538,1.552,8.743
420.036,408.399,-2.096,2.000,287.099,0.143,-4.979,5.458,1.679,8.883
420.043,336.483,-1.043,2.000,303.837,-1.512,-3.843,1.469,1.716,8.209
420.050,304.539,-1.043,2.000,326.802,-5.067,-2.698,-1.002,1.700,8.258
420.057,304.539,-1.043,2.000,338.859,-5.983,-3.964,-1.544,1.671,7.366
420.063,235.155,-1.043,2.000,349.069,-5.441,-5.480,-5.126,1.584,6.458
420.070,218.971,-1.043,2.000,354.101,-5.743,-5.442,-6.081,1.455,5.282
420.077,132.732,-1.043,2.000,358.885,-10.543,-2.992,-10.177,1.361,4.379
420.083,132.732,-1.043,2.000,355.389,-14.133,-1.437,-10.020,1.361,2.966
420.090,132.732,-1.043,2.000,345.409,-12.058,-3.172,-9.570,1.361,1.340
420.097,132.732,-1.043,2.000,328.678,-16.221,-1.373,-8.818,1.297,-0.487
420.103,30.306,-0.893,2.000,311.581,-14.905,-2.688,-12.657,1.297,-2.043
420.110,18.808,-0.595,2.000,293.979,-16.197,-2.854,-12.383,1.297,-3.262
420.116,18.808,-0.595,2.000,273.014,-13.920,-1.277,-11.439,1.297,-4.605
420.122,0.595,-0.446,2.000,250.231,-12.060,-2.296,-11.234,1.297,-5.768
420.128,0.595,-0.446,2.000,226.093,-11.653,-2.698,-10.147,1.297,-6.821
420.134,0.595,-0.446,2.000,202.710,-12.116,0.812,-9.095,1.297,-7.589
420.140,0.595,-0.446,2.000,179.236,-10.450,2.242,-8.039,1.124,-8.129
420.146,-0.446,-0.446,2.000,158.481,-10.212,1.833,-7.152,0.974,-8.242
420.152,-0.446,-0.446,2.000,138.833,-11.064,1.783,-6.268,0.836,-8.122
420.159,-0.446,-0.446,2.000,121.967,-9.966,1.441,-5.509,0.714,-7.786
420.165,-0.446,-0.446,2.000,108.023,-7.264,1.828,-4.881,0.605,-7.264
420.171,-2.553,-0.446,2.000,94.930,-2.004,1.026,-4.387,0.508,-6.735
420.178,-4.598,-0.446,2.000,87.716,2.466,0.692,-4.154,0.417,-5.753
420.184,-4.598,-0.446,2.000,79.324,5.514,0.647,-3.776,0.332,-5.131
420.191,-4.598,-0.446,2.000,75.828,4.864,1.409,-3.619,0.251,-4.185
420.197,-4.598,-0.446,2.000,73.778,5.110,2.503,-3.527,0.175,-3.341
420.204,-4.598,-0.446,2.000,74.287,6.050,0.283,-3.550,0.099,-2.439
420.210,-4.598,-0.446,2.000,72.806,4.878,-1.024,-3.483,0.025,-1.939
420.217,-4.598,-0.446,2.000,73.401,6.303,-1.393,-3.510,-0.051,-1.404
420.223,-15.777,-0.446,2.000,72.289,5.106,-0.166,-3.963,-0.130,-1.167
420.230,-15.777,-0.446,2.000,72.956,5.024,0.760,-3.993,-0.217,-0.842
420.236,-15.777,-0.446,2.000,73.787,5.569,-1.049,-4.030,-0.306,-0.572
420.243,-24.941,-0.446,2.000,73.745,2.625,-0.291,-4.441,-0.402,-0.438
420.249,-29.491,-0.446,2.000,70.489,1.510,0.706,-4.499,-0.499,-0.614
420.256,-29.491,-0.446,2.000,68.128,-1.096,1.399,-4.393,-0.594,-0.655
420.262,-42.560,-0.297,2.000,61.713,-1.704,-1.857,-4.692,-0.691,-1.119
420.268,-44.745,-0.297,2.000,52.799,-3.105,-2.966,-4.389,-0.783,-1.728
420.275,-44.745,-0.297,2.000,45.499,-5.352,-0.205,-4.061,-0.870,-2.041
420.281,-44.745,-0.297,2.000,39.066,-6.987,0.207,-3.771,-0.951,-2.233
420.287,-62.630,-0.297,2.000,29.527,-5.231,0.322,-4.147,-1.037,-2.633
420.293,-66.347,-0.297,2.000,18.155,-2.529,0.491,-3.803,-1.117,-3.130
420.299,-66.347,-0.297,2.000,8.025,-1.484,1.541,-3.347,-1.187,-3.408
420.305,-66.347,-0.297,2.000,-2.106,-0.017,1.849,-2.891,-1.248,-3.625
420.311,-66.347,-0.297,2.000,-8.059,-0.153,0.765,-2.623,-1.303,-3.368
420.317,-66.347,-0.297,2.000,-12.839,1.263,-0.263,-2.408,-1.353,-3.056
420.323,-155.234,0.297,2.000,-20.228,2.268,-0.260,-6.075,-1.425,-3.095
420.330,-175.665,1.043,2.000,-28.238,-0.205,1.541,-6.634,-1.555,-3.135
420.336,-175.665,1.043,2.000,-34.140,0.511,3.750,-6.369,-1.698,-2.945
420.343,-175.665,1.043,2.000,-41.589,3.490,1.608,-6.033,-1.833,-2.883
420.349,-175.665,1.043,2.000,-51.559,-0.180,1.291,-5.585,-1.961,-3.106
420.356,-175.665,1.043,2.000,-59.108,-4.216,2.023,-5.245,-2.080,-3.034
420.363,-175.665,1.043,2.000,-70.832,-1.406,1.345,-4.717,-2.188,-3.358
420.369,-175.665,1.043,2.000,-82.057,0.779,4.658,-4.212,-2.285,-3.558
420.376,-175.665,1.043,2.000,-93.293,1.679,4.995,-3.707,-2.375,-3.773
420.383,-175.665,1.043,2.000,-102.656,3.479,4.530,-3.285,-2.452,-3.729
420.390,-175.665,1.043,2.000,-112.333,1.984,6.009,-2.850,-2.517,-3.665
420.396,-245.744,0.893,2.000,-126.544,4.288,3.078,-5.364,-2.640,-4.094
420.403,-252.278,0.744,2.000,-137.649,7.930,1.536,-5.158,-2.753,-4.128
420.409,-270.379,0.595,2.000,-150.424,7.515,0.902,-5.398,-2.868,-4.294
420.415,-270.379,0.595,2.000,-164.484,8.312,0.914,-4.765,-2.972,-4.667
420.422,-270.379,0.595,2.000,-174.321,12.483,1.506,-4.323,-3.067,-4.466
420.428,-270.379,0.595,2.000,-185.514,13.588,2.044,-3.819,-3.149,-4.483
420.434,-287.054,0.297,2.000,-199.460,14.020,4.874,-3.942,-3.235,-4.737
420.440,-287.054,0.297,2.000,-211.909,16.954,3.749,-3.382,-3.310,-4.845
420.447,-287.054,0.297,2.000,-227.364,18.602,3.136,-2.686,-3.371,-5.214
420.453,-258.949,0.744,2.000,-240.524,17.123,5.659,-0.829,-3.411,-5.285
420.460,-258.949,0.744,2.000,-251.507,19.133,9.190,-0.335,-3.422,-4.992
420.466,-247.907,0.446,2.000,-266.902,19.525,8.052,0.855,-3.407,-5.179
420.473,-247.907,0.446,2.000,-279.584,18.473,8.432,1.425,-3.380,-5.080
420.479,-118.828,-0.297,2.000,-290.826,17.967,5.834,7.740,-3.316,-4.907
420.485,-118.828,-0.297,2.000,-300.717,18.216,3.210,8.185,-3.150,-4.662
420.492,-25.299,-0.446,2.000,-307.629,17.808,2.995,12.705,-3.034,-4.167
420.498,-25.299,-0.446,2.000,-310.029,16.560,4.917,12.813,-3.034,-3.366
420.504,-14.757,-0.446,2.000,-307.234,15.590,3.415,13.161,-3.034,-2.257
420.511,-14.757,-0.446,2.000,-295.968,11.718,4.263,12.655,-3.034,-0.620
420.517,0.149,-0.446,2.000,-280.649,6.597,3.282,12.636,-3.034,1.113
420.523,0.149,-0.446,2.000,-263.052,0.911,3.715,11.844,-3.034,2.855
420.528,0.149,-0.446,2.000,-242.347,0.403,5.607,10.912,-3.034,4.553
420.534,0.149,-0.446,2.000,-220.300,-1.864,8.196,9.920,-3.034,6.054
420.539,0.149,-0.297,2.000,-197.953,-7.282,6.007,8.915,-2.984,7.220
420.544,0.149,-0.297,2.000,-179.536,-8.623,2.806,8.086,-2.841,7.673
420.549,0.149,-0.297,2.000,-159.471,-11.746,1.883,7.183,-2.713,8.214
420.555,0.595,-0.297,2.000,-143.553,-13.773,0.457,6.487,-2.591,7.965
420.560,1.642,-0.297,2.000,-129.168,-16.500,-1.508,5.886,-2.476,7.549
420.566,1.642,-0.297,2.000,-112.991,-16.057,0.300,5.158,-2.365,7.294
420.573,1.642,-0.297,2.000,-103.442,-14.642,1.703,4.729,-2.264,6.444
420.579,7.333,-0.297,2.000,-98.075,-14.570,2.750,4.743,-2.167,5.359
420.585,7.333,-0.297,2.000,-96.544,-15.044,5.076,4.674,-2.072,4.131
420.591,7.333,-0.297,2.000,-94.972,-15.075,7.046,4.604,-1.977,3.250
420.597,7.333,-0.297,2.000,-98.184,-11.163,5.715,4.748,-1.882,2.089
420.604,7.333,-0.297,2.000,-99.462,-5.420,2.547,4.806,-1.781,1.448
420.610,15.518,-0.446,2.000,-102.154,-0.461,1.581,5.295,-1.673,0.861
420.616,15.518,-0.446,2.000,-108.983,-0.964,4.233,5.603,-1.555,-0.015
420.623,15.518,-0.446,2.000,-108.347,0.876,4.574,5.574,-1.434,0.032
420.629,15.518,-0.446,2.000,-110.571,3.934,2.506,5.674,-1.313,-0.181
420.636,24.941,-0.446,2.000,-110.766,11.260,0.906,6.107,-1.181,-0.157
420.642,24.941,-0.446,2.000,-108.093,11.911,1.545,5.987,-1.051,0.177
420.649,31.138,-0.446,2.000,-105.330,13.160,2.941,6.141,-0.917,0.373
420.655,31.138,-0.446,2.000,-99.739,13.406,2.771,5.889,-0.790,0.799
420.662,31.138,-0.446,2.000,-90.797,16.263,3.060,5.487,-0.668,1.459
420.668,40.461,-0.446,2.000,-83.440,16.953,2.276,5.576,-0.550,1.862
420.675,40.461,-0.446,2.000,-75.309,16.353,0.924,5.210,-0.437,2.119
420.681,40.461,-0.446,2.000,-62.854,12.553,1.727,4.649,-0.332,2.811
420.688,40.461,-0.446,2.000,-53.667,15.641,0.519,4.236,-0.238,2.974
420.694,87.651,-0.446,2.000,-44.713,14.846,-0.689,5.956,-0.121,3.126
420.701,87.651,-0.446,2.000,-31.028,7.188,3.455,5.341,0.001,3.608
420.707,147.899,-0.595,2.000,-21.832,9.667,4.042,7.638,0.132,3.593
420.713,147.899,-0.595,2.000,-10.270,11.932,1.037,7.118,0.281,3.882
420.720,172.390,-0.595,2.000,-2.492,9.499,-1.827,7.870,0.446,3.751
420.726,172.390,-0.595,2.000,10.105,4.709,-2.272,7.303,0.600,4.070
420.732,226.948,-0.595,2.000,20.710,2.435,-1.867,9.281,0.651,4.150
420.738,239.346,-0.595,2.000,30.321,2.873,-0.535,9.406,0.711,4.064
420.744,239.346,-0.595,2.000,43.665,1.957,-0.787,8.806,0.771,4.368
420.751,239.346,-0.595,2.000,57.774,-0.364,-2.804,8.171,0.944,4.730
420.757,265.760,-0.744,2.000,68.381,0.756,-3.473,8.882,1.008,4.560
420.764,265.760,-0.744,2.000,86.684,-2.309,-2.033,8.058,1.196,5.137
420.770,265.760,-0.744,2.000,104.173,-7.006,-3.510,7.271,1.364,5.524
420.777,275.063,-0.744,2.000,122.545,-1.857,-0.574,6.863,1.516,5.834
420.784,277.428,-0.744,2.000,132.779,-2.995,-4.610,6.509,1.663,5.362
420.790,277.428,-0.744,2.000,150.792,-1.846,-3.186,5.699,1.796,5.731
420.797,277.428,-0.744,2.000,169.725,1.555,-2.283,4.847,1.912,6.004
420.804,277.428,-0.744,2.000,187.132,1.291,-7.492,4.063,2.009,6.159
420.811,277.428,-0.744,2.000,203.188,5.855,-3.065,3.341,2.088,6.094
420.817,277.428,-0.744,2.000,216.304,6.087,-4.071,2.751,2.153,5.785
420.824,184.069,-0.595,2.000,230.632,5.377,-3.225,-2.095,2.174,5.683
420.830,184.069,-0.595,2.000,243.018,9.579,-1.515,-2.653,2.124,5.527
420.836,184.069,-0.595,2.000,250.416,9.826,-2.456,-2.986,2.066,4.935
420.843,98.596,-0.595,2.000,256.968,8.996,-2.065,-7.127,1.916,4.297
420.849,52.459,-0.595,2.000,262.937,7.296,-2.188,-9.471,1.864,3.820
420.855,52.459,-0.595,2.000,263.463,4.812,-3.578,-9.495,1.864,2.960
420.861,15.261,-0.595,2.000,257.211,0.345,-1.893,-10.888,1.864,1.639
420.867,15.261,-0.595,2.000,245.578,-2.753,-1.619,-10.364,1.864,0.045
420.873,4.924,-0.595,2.000,233.551,-6.802,-3.340,-10.288,1.864,-1.298
420.879,4.924,-0.595,2.000,217.214,-10.479,0.181,-9.553,1.864,-2.778
420.885,4.924,-0.595,2.000,198.580,-11.618,0.765,-8.715,1.753,-4.111
420.890,4.924,-0.595,2.000,178.134,-10.466,-0.154,-7.794,1.597,-5.251
420.897,-5.421,-0.446,2.000,157.103,-16.192,-3.136,-7.314,1.438,-6.017
420.903,-5.421,-0.446,2.000,136.168,-14.255,-3.129,-6.372,1.293,-6.539
420.910,-9.219,-0.446,2.000,115.750,-14.794,-3.018,-5.624,1.166,-6.887
420.916,-11.276,-0.446,2.000,91.949,-11.856,3.675,-4.645,1.060,-7.434
420.923,-11.276,-0.446,2.000,75.988,-5.835,1.526,-3.927,0.969,-7.123
420.929,-11.276,-0.446,2.000,62.261,-5.704,0.412,-3.309,0.892,-6.720
420.936,-16.302,-0.446,2.000,55.530,-6.428,1.754,-3.232,0.818,-5.675
420.942,-18.808,-0.446,2.000,47.446,-7.270,-0.650,-2.981,0.753,-4.992
420.949,-18.808,-0.446,2.000,40.170,-3.334,-2.291,-2.654,0.695,-4.492
420.955,-31.138,-0.446,2.000,42.462,2.078,-2.395,-3.312,0.629,-3.144
420.961,-31.138,-0.446,2.000,42.278,3.283,-2.633,-3.304,0.559,-2.366
420.968,-31.138,-0.446,2.000,45.286,2.245,-1.827,-3.439,0.486,-1.469
420.974,-47.598,-0.446,2.000,45.372,3.589,-1.745,-4.184,0.396,-1.076
420.981,-58.390,-0.446,2.000,49.300,7.704,-2.889,-4.846,0.290,-0.451
420.987,-58.390,-0.446,2.000,49.633,8.051,-1.816,-4.861,0.184,-0.338
420.994,-82.102,-0.446,2.000,53.748,7.048,-0.903,-6.113,0.061,0.147
421.000,-87.651,-0.297,2.000,51.221,8.968,-1.512,-6.249,-0.071,-0.110
421.007,-87.651,-0.297,2.000,47.029,10.866,-2.051,-6.061,-0.198,-0.500
421.013,-87.651,-0.297,2.000,39.209,10.711,-0.621,-5.709,-0.318,-1.168
421.019,-93.494,-0.297,2.000,32.598,10.892,-2.089,-5.674,-0.438,-1.567
421.025,-95.509,-0.297,2.000,22.097,11.024,-2.001,-5.292,-0.551,-2.277
421.032,-105.009,-0.297,2.000,12.520,7.256,1.278,-5.289,-0.660,-2.666
421.038,-115.245,-0.297,2.000,0.396,7.453,0.687,-5.204,-0.764,-3.214
421.044,-115.245,-0.297,2.000,-14.650,4.729,-0.529,-4.527,-0.861,-3.921
421.050,-120.042,-0.297,2.000,-29.745,1.666,2.788,-4.063,-0.950,-4.446
421.056,-120.042,-0.297,2.000,-43.218,5.256,1.648,-3.457,-1.025,-4.711
421.062,-120.042,-0.297,2.000,-56.241,4.317,0.958,-2.871,-1.087,-4.828
421.069,-120.042,-0.297,2.000,-71.136,2.897,2.718,-2.201,-1.136,-5.070
421.075,-120.042,-0.297,2.000,-84.379,3.064,2.906,-1.605,-1.173,-5.074
421.081,-159.772,-0.297,2.000,-94.820,5.820,0.943,-2.923,-1.238,-4.892
421.087,-159.772,-0.297,2.000,-103.996,6.196,0.907,-2.510,-1.292,-4.621
421.093,-167.568,-0.297,2.000,-112.483,7.718,0.028,-2.479,-1.344,-4.349
421.100,-167.568,-0.297,2.000,-118.120,6.906,2.429,-2.225,-1.392,-3.841
421.106,-167.568,-0.297,2.000,-122.841,6.250,4.371,-2.013,-1.434,-3.328
421.112,-167.568,-0.297,2.000,-127.511,8.428,4.624,-1.803,-1.472,-2.958
421.118,-165.985,-0.297,2.000,-132.575,8.840,4.577,-1.503,-1.506,-2.744
421.124,-165.985,-0.297,2.000,-137.020,10.371,5.524,-1.303,-1.534,-2.514
421.131,-164.414,-0.297,2.000,-140.620,11.116,6.711,-1.071,-1.557,-2.227
421.137,-164.414,-0.297,2.000,-145.987,14.813,5.104,-0.829,-1.576,-2.205
421.143,-162.855,-0.149,2.000,-149.142,16.059,4.149,-0.617,-1.588,-1.956
421.148,-161.307,0.000,2.000,-154.016,17.539,3.726,-0.328,-1.596,-2.023
421.154,-156.735,0.000,2.000,-155.847,16.836,3.201,-0.040,-1.601,-1.776
421.160,-156.735,0.000,2.000,-157.290,16.624,5.002,0.025,-1.603,-1.559
421.165,-152.266,0.149,2.000,-158.188,15.242,5.360,0.266,-1.599,-1.342
421.171,-152.266,0.149,2.000,-160.254,16.797,4.931,0.359,-1.595,-1.316
421.176,-150.799,0.893,2.000,-162.435,16.663,5.316,0.524,-1.588,-1.296
421.183,-150.799,0.893,2.000,-163.445,16.592,6.880,0.569,-1.576,-1.090
421.190,-150.799,1.043,2.000,-164.687,12.141,6.838,0.625,-1.562,-0.911
421.196,-150.799,1.342,2.000,-168.426,6.735,8.796,0.793,-1.546,-1.035
421.203,-150.799,1.492,2.000,-165.318,10.576,7.595,0.653,-1.530,-0.518
421.210,-149.344,2.096,2.000,-166.814,11.428,5.564,0.786,-1.514,-0.518
421.216,-149.344,2.096,2.000,-166.051,10.817,7.137,0.752,-1.497,-0.333
421.223,-118.828,2.096,2.000,-162.603,7.107,8.551,1.970,-1.472,0.068
421.230,-118.828,2.096,2.000,-162.995,2.936,8.193,1.987,-1.427,0.054
421.236,-118.828,2.096,2.000,-164.508,5.042,6.467,2.056,-1.381,-0.071
421.242,-39.949,0.000,2.000,-164.938,5.250,6.513,5.625,-1.271,-0.139
421.248,-11.276,-0.297,2.000,-164.500,4.350,6.057,6.895,-1.146,-0.062
421.254,-11.276,-0.297,2.000,-163.006,4.197,5.922,6.828,-1.003,0.065
421.261,-11.276,-0.297,2.000,-159.720,5.766,6.128,6.680,-0.864,0.392
421.267,2.860,-0.297,2.000,-154.873,7.255,7.034,7.098,-0.717,0.780
421.273,6.100,-0.297,2.000,-146.113,3.663,7.144,6.850,-0.574,1.476
421.279,6.100,-0.297,2.000,-138.444,3.662,7.847,6.504,-0.438,1.881
421.285,6.100,-0.297,2.000,-127.000,5.623,7.627,5.989,-0.312,2.582
421.291,6.100,-0.297,2.000,-113.103,4.905,6.807,5.364,-0.198,3.374
421.298,11.276,-0.297,2.000,-102.258,7.650,5.296,5.109,-0.086,3.615
421.304,11.276,-0.297,2.000,-88.618,8.115,4.819,4.495,0.011,4.095
421.310,29.491,-0.297,2.000,-76.405,6.061,3.212,4.765,0.107,4.304
421.316,29.491,-0.297,2.000,-64.266,7.697,3.182,4.219,0.198,4.477
421.322,29.491,-0.297,2.000,-52.453,14.378,3.207,3.687,0.278,4.569
421.328,29.491,-0.297,2.000,-42.233,15.731,2.456,3.228,0.347,4.468
421.335,75.985,-0.297,2.000,-30.780,17.273,3.979,4.804,0.448,4.442
421.341,75.985,-0.297,2.000,-23.887,15.848,4.094,4.494,0.542,3.969
421.347,128.818,-0.297,2.000,-14.935,17.854,5.192,6.469,0.648,3.860
421.353,139.465,-0.297,2.000,-7.408,20.496,2.549,6.609,0.781,3.686
421.359,139.465,-0.297,2.000,0.213,21.893,1.763,6.266,0.912,3.575
421.366,139.465,-0.297,2.000,4.350,23.101,1.132,6.080,1.038,3.154
421.372,180.670,-0.297,2.000,9.339,23.361,2.321,7.710,1.184,2.861
421.378,196.369,-0.297,2.000,17.362,19.179,2.405,8.055,1.340,2.917
421.384,196.369,-0.297,2.000,25.981,16.204,3.566,7.667,1.500,3.078
421.390,196.369,-0.297,2.000,35.297,15.215,2.957,7.248,1.652,3.263
421.397,226.948,-0.297,2.000,46.373,16.520,1.821,8.126,1.827,3.552
421.403,231.022,-0.297,2.000,59.344,13.129,1.215,7.726,1.990,4.027
421.409,231.022,-0.297,2.000,69.689,11.607,-0.225,7.260,2.143,4.062
421.415,254.486,-0.446,2.000,85.975,6.345,0.426,7.583,2.291,4.696
421.422,254.486,-0.446,2.000,101.522,6.247,0.155,6.883,2.445,4.996
421.428,254.486,-0.446,2.000,117.965,6.604,-0.213,6.143,2.584,5.382
421.435,268.062,-0.446,2.000,134.385,4.520,-2.451,6.015,2.718,5.558
421.441,282.209,-0.446,2.000,150.719,3.961,-1.777,5.917,2.850,5.730
421.448,284.623,-0.446,2.000,171.020,6.270,-2.479,5.112,2.966,6.257
421.454,309.688,-0.446,2.000,188.054,4.574,-4.713,5.474,3.073,6.358
421.461,309.688,-0.446,2.000,204.220,4.830,-3.109,4.746,3.181,6.322
421.467,317.541,-0.446,2.000,222.120,5.178,-3.403,4.294,3.280,6.485
421.473,317.541,-0.297,2.000,238.219,3.814,-4.558,3.569,3.360,6.457
421.480,314.906,-0.297,2.000,253.567,1.346,-3.741,2.760,3.423,6.420
421.486,314.906,-0.297,2.000,265.100,4.327,-4.382,2.241,3.473,6.005
421.492,314.906,-0.297,2.000,278.549,5.938,-6.427,1.636,3.513,5.891
421.498,314.906,-0.297,2.000,287.953,4.683,-5.385,1.213,3.540,5.363
421.504,314.906,-0.297,2.000,300.533,1.599,-1.993,0.647,3.558,5.298
421.511,314.906,-0.297,2.000,308.486,3.648,-2.900,0.289,3.566,4.782
421.517,314.906,-0.297,2.000,317.276,4.680,-4.220,-0.107,3.568,4.519
421.523,139.465,0.000,2.000,320.894,5.257,-5.130,-8.164,3.565,3.778
421.528,139.465,0.000,2.000,325.251,5.337,-6.457,-8.360,3.514,3.307
421.535,106.109,0.893,2.000,330.247,2.203,-4.739,-10.086,3.514,2.952
421.541,39.949,3.955,2.000,331.965,2.160,-4.899,-13.141,3.514,2.370
421.548,25.299,7.515,2.000,327.661,1.258,-4.081,-13.606,3.514,1.381
421.555,25.299,7.515,2.000,318.631,1.258,-1.258,-13.200,3.514,0.144
421.561,25.299,7.515,2.000,306.399,0.719,-2.469,-12.649,3.514,-1.076
421.568,25.299,7.515,2.000,288.267,-5.081,1.226,-11.834,3.514,-2.520
421.575,25.299,7.515,2.000,267.307,-6.060,-1.046,-10.890,3.514,-3.823
421.581,25.299,7.515,2.000,242.926,-7.374,1.389,-9.793,3.514,-5.150
421.588,-0.297,33.295,2.000,219.351,-6.829,1.307,-9.884,3.514,-6.132
421.594,-0.446,34.189,2.000,198.771,-5.213,0.361,-8.965,3.450,-6.662
421.601,-0.446,34.189,2.000,177.237,-5.370,1.824,-7.996,3.270,-7.071
421.607,-2.248,38.443,2.000,157.502,-2.332,-0.892,-7.189,3.108,-7.232
421.614,-2.248,38.443,2.000,141.624,0.819,-0.059,-6.474,2.959,-6.928
421.621,-3.169,40.461,2.000,125.007,2.524,-0.701,-5.768,2.824,-6.761
421.627,-3.169,40.461,2.000,113.459,3.197,1.759,-5.248,2.704,-6.158
421.634,-8.069,49.377,2.000,106.270,5.324,2.465,-5.145,2.588,-5.246
421.641,-9.219,50.592,2.000,99.185,6.438,2.009,-4.878,2.477,-4.622
421.647,-9.219,50.592,2.000,97.076,9.490,-0.171,-4.783,2.372,-3.617
421.654,-9.219,50.592,2.000,99.700,8.887,0.385,-4.901,2.264,-2.451
421.661,-9.219,50.592,2.000,96.953,14.771,-0.140,-4.778,2.158,-2.062
421.667,-13.302,55.692,2.000,102.041,17.318,-0.424,-5.190,2.045,-1.082
421.674,-13.302,55.692,2.000,103.831,19.845,-3.276,-5.271,1.927,-0.657
421.681,-17.947,53.734,2.000,108.614,22.758,-2.221,-5.695,1.802,-0.038
421.688,-20.000,53.094,2.000,112.099,24.704,-2.467,-5.944,1.669,0.297
421.694,-27.911,49.377,2.000,116.094,28.470,-2.436,-6.480,1.527,0.591
421.701,-31.561,48.778,2.000,114.748,34.996,-2.631,-6.584,1.383,0.320
421.708,-31.561,48.778,2.000,116.535,34.540,-1.243,-6.664,1.234,0.372
421.714,-31.561,48.778,2.000,115.103,34.831,1.221,-6.600,1.086,0.110
421.721,-51.831,39.949,2.000,107.804,38.502,-0.183,-7.184,0.925,-0.586
421.728,-51.831,39.949,2.000,100.988,40.053,-1.766,-6.877,0.769,-1.071
421.735,-51.831,39.949,2.000,95.509,38.315,-2.488,-6.630,0.617,-1.269
421.741,-64.096,23.890,2.000,87.665,36.628,-3.490,-6.829,0.467,-1.668
421.748,-64.096,19.102,2.000,75.774,36.350,-4.908,-6.294,0.323,-2.353
421.755,-64.096,19.102,2.000,60.309,34.732,-2.504,-5.598,0.193,-3.197
421.761,-64.096,12.155,2.000,47.158,35.493,-2.082,-5.006,0.078,-3.624
421.768,-64.096,12.155,2.000,34.158,36.552,-4.060,-4.421,-0.024,-3.920
421.775,-64.096,5.928,2.000,19.625,31.628,-0.613,-3.767,-0.113,-4.280
421.782,-64.096,5.928,2.000,4.824,27.985,1.899,-3.101,-0.190,-4.607
421.788,-64.839,0.000,2.000,-9.134,26.153,1.422,-2.507,-0.248,-4.875
421.794,-65.590,-0.297,2.000,-18.814,26.017,-0.115,-2.105,-0.290,-4.730
421.800,-65.590,-0.297,2.000,-27.863,24.145,-0.805,-1.698,-0.329,-4.480
421.806,-65.590,-0.297,2.000,-36.032,22.664,-1.342,-1.330,-0.359,-4.207
421.812,-90.535,-0.446,2.000,-38.895,17.057,-0.070,-2.324,-0.409,-3.426
421.819,-110.602,-0.446,2.000,-42.875,15.264,-0.100,-3.048,-0.470,-2.952
421.825,-110.602,-0.446,2.000,-44.377,15.112,0.588,-2.980,-0.535,-2.336
421.832,-149.344,-0.297,2.000,-45.713,14.230,1.826,-4.663,-0.611,-1.900
421.838,-158.247,-0.297,2.000,-46.014,12.264,1.778,-5.050,-0.710,-1.493
421.844,-158.247,-0.297,2.000,-46.355,8.696,2.911,-5.035,-0.815,-1.196
421.850,-158.247,-0.297,2.000,-46.175,6.560,2.384,-5.043,-0.920,-0.911
421.857,-170.770,-0.297,2.000,-49.489,2.973,2.432,-5.458,-1.030,-1.053
421.863,-172.390,-0.297,2.000,-53.102,2.769,1.244,-5.368,-1.140,-1.150
421.869,-172.390,-0.297,2.000,-59.747,1.462,0.030,-5.069,-1.250,-1.540
421.875,-172.390,-0.297,2.000,-65.690,0.061,0.865,-4.801,-1.352,-1.792
421.881,-198.179,-0.297,2.000,-73.431,-1.884,2.856,-5.614,-1.471,-2.180
421.888,-200.001,-0.297,2.000,-79.977,-2.434,4.712,-5.401,-1.585,-2.307
421.894,-200.001,-0.297,2.000,-90.167,-1.457,5.890,-4.943,-1.690,-2.760
421.900,-200.001,-0.297,2.000,-102.196,1.384,4.147,-4.401,-1.785,-3.260
421.906,-200.001,-0.297,2.000,-116.899,2.638,3.679,-3.740,-1.867,-3.908
421.912,-233.081,-0.149,2.000,-128.694,2.435,4.774,-4.697,-1.963,-4.217
421.918,-233.081,-0.149,2.000,-142.179,2.790,3.374,-4.091,-2.047,-4.664
421.924,-233.081,-0.149,2.000,-155.359,5.155,0.716,-3.498,-2.118,-4.982
421.929,-233.081,-0.149,2.000,-166.444,11.297,-0.271,-2.999,-2.178,-5.002
421.935,-233.081,-0.149,2.000,-179.840,13.464,2.463,-2.396,-2.228,-5.239
421.941,-233.081,-0.149,2.000,-190.696,11.980,4.726,-1.907,-2.267,-5.151
421.946,-333.723,2.096,2.000,-199.923,8.952,6.264,-6.021,-2.326,-4.883
421.953,-333.723,2.096,2.000,-208.851,8.392,6.103,-5.619,-2.454,-4.515
421.960,-333.723,2.096,2.000,-214.521,8.219,5.605,-5.364,-2.578,-3.904
421.966,-336.483,2.096,2.000,-224.024,5.495,4.970,-5.061,-2.693,-3.789
421.973,-336.483,2.096,2.000,-230.657,1.599,3.542,-4.762,-2.801,-3.457
421.980,-336.483,2.096,2.000,-239.096,3.444,1.544,-4.382,-2.902,-3.397
421.986,-336.483,2.096,2.000,-245.832,-0.662,2.676,-4.079,-2.995,-3.170
421.993,-328.258,2.096,2.000,-254.816,-4.695,4.817,-3.305,-3.078,-3.236
422.000,-328.258,2.096,2.000,-264.499,-8.187,4.796,-2.869,-3.145,-3.324
422.007,-328.258,2.096,2.000,-276.646,-9.226,4.265,-2.323,-3.203,-3.648
422.013,-299.459,2.096,2.000,-285.917,-10.607,3.743,-0.609,-3.219,-3.604
422.020,-287.054,2.096,2.000,-296.777,-12.199,2.980,0.438,-3.212,-3.703
422.027,-287.054,2.096,2.000,-309.442,-10.955,1.843,1.007,-3.194,-3.945
422.033,-241.464,1.492,2.000,-316.001,-10.759,2.600,3.354,-3.137,-3.561
422.040,-241.464,1.492,2.000,-325.976,-10.862,4.948,3.803,-3.055,-3.604
422.047,-180.670,1.342,2.000,-329.155,-12.280,4.898,6.682,-2.948,-2.979
422.054,-180.670,1.342,2.000,-335.138,-12.434,5.470,6.951,-2.790,-2.737
422.060,-180.670,1.342,2.000,-336.981,-14.383,2.068,7.034,-2.635,-2.217
422.067,-180.670,1.342,2.000,-336.114,-11.748,1.066,6.995,-2.480,-1.588
422.073,-180.670,1.342,2.000,-332.907,-7.956,2.135,6.851,-2.328,-0.909
422.080,-180.670,1.342,2.000,-323.947,-4.907,3.869,6.447,-2.181,0.143
422.087,-180.670,1.342,2.000,-312.254,-5.834,3.011,5.921,-2.045,1.225
422.093,-75.985,-0.149,2.000,-302.983,-6.632,1.212,10.215,-1.959,1.828
422.099,-75.985,-0.149,2.000,-290.980,-6.077,-0.125,9.675,-1.959,2.722
422.105,-77.695,-0.149,2.000,-278.916,-7.660,-0.757,9.055,-1.959,3.415
422.110,-87.651,0.000,2.000,-268.269,-5.742,-0.369,8.128,-1.799,3.755
422.116,-87.651,0.000,2.000,-256.459,-5.124,-0.763,7.596,-1.653,4.124
422.122,-87.651,0.000,2.000,-242.068,-6.159,-0.399,6.949,-1.517,4.689
422.127,-87.651,0.000,2.000,-226.897,-5.780,-1.239,6.266,-1.394,5.195
422.133,-86.706,0.000,2.000,-214.119,-7.065,-1.998,5.734,-1.281,5.329
422.139,-86.706,0.000,2.000,-203.733,-6.233,-3.446,5.266,-1.176,5.154
422.145,-86.706,0.000,2.000,-192.679,-6.864,-4.593,4.769,-1.083,5.111
422.150,-86.706,0.000,2.000,-183.608,-6.556,-5.567,4.361,-0.999,4.841
422.156,-86.706,0.000,2.000,-175.349,-4.956,-6.964,3.989,-0.923,4.522
422.161,-86.706,0.000,2.000,-168.615,-5.370,-5.424,3.686,-0.853,4.106
422.167,-86.706,0.000,2.000,-162.378,-6.245,-3.940,3.405,-0.788,3.733
422.173,-59.777,0.000,2.000,-156.693,-6.062,-3.910,4.361,-0.705,3.402
422.178,-59.777,0.000,2.000,-152.225,-6.469,-3.050,4.160,-0.626,3.028
422.184,-59.777,0.000,2.000,-147.907,-8.038,-3.553,3.966,-0.548,2.747
422.190,-59.777,0.000,2.000,-143.354,-8.295,-4.517,3.761,-0.477,2.552
422.195,-39.442,0.000,2.000,-140.230,-6.423,-6.437,4.535,-0.398,2.222
422.201,-39.442,0.000,2.000,-140.064,-5.360,-7.844,4.528,-0.314,1.675
422.206,-39.442,0.000,2.000,-137.281,-6.360,-6.486,4.403,-0.231,1.560
422.212,-22.538,0.000,2.000,-131.715,-8.404,-5.871,4.913,-0.137,1.771
422.218,-21.243,0.000,2.000,-126.738,-9.984,-5.233,4.747,-0.047,1.854
422.224,-21.243,0.000,2.000,-118.804,-10.374,-6.190,4.390,0.039,2.240
422.229,-21.243,0.000,2.000,-114.032,-8.634,-7.512,4.176,0.118,2.205
422.235,-16.302,1.043,2.000,-108.220,-8.928,-7.501,4.136,0.208,2.241
422.242,-16.302,1.492,2.000,-101.831,-8.266,-7.760,3.849,0.296,2.289
422.249,-16.302,1.492,2.000,-96.117,-8.431,-8.573,3.592,0.378,2.254
422.255,-16.302,1.492,2.000,-86.002,-10.712,-8.926,3.136,0.451,2.637
422.262,-16.302,1.492,2.000,-75.819,-10.083,-8.385,2.678,0.515,2.941
422.269,-16.302,1.492,2.000,-67.970,-10.309,-8.709,2.325,0.570,2.947
422.276,-16.302,1.492,2.000,-58.125,-13.745,-8.871,1.882,0.615,3.122
422.282,-16.302,1.492,2.000,-52.493,-6.976,-10.795,1.629,0.654,2.904
422.289,-16.302,1.492,2.000,-43.982,-6.137,-11.764,1.246,0.686,3.023
422.296,-16.302,1.492,2.000,-35.906,-7.196,-10.561,0.882,0.708,2.992
422.302,-16.302,1.492,2.000,-28.687,-5.805,-9.433,0.557,0.723,2.941
422.309,-16.302,1.492,2.000,-21.911,-1.010,-12.419,0.252,0.731,2.849
422.316,-23.546,29.897,2.000,-16.526,-2.309,-13.072,-0.316,0.731,2.638
422.322,-23.546,29.897,2.000,-9.543,-3.775,-11.469,-0.630,0.718,2.597
422.328,-23.546,29.897,2.000,-2.511,-2.541,-11.034,-0.947,0.701,2.664
422.335,-26.026,57.028,2.000,2.967,-2.389,-11.146,-1.305,0.676,2.545
422.341,-26.395,61.907,2.000,4.632,0.625,-10.033,-1.396,0.647,2.088
422.348,-26.768,72.656,2.000,4.520,4.583,-10.700,-1.408,0.616,1.545
422.354,-26.768,78.561,2.000,5.523,3.285,-9.671,-1.453,0.583,1.235
422.361,-26.768,78.561,2.000,5.839,1.350,-8.078,-1.467,0.551,0.967
422.368,-26.395,97.558,2.000,5.251,11.618,-12.975,-1.424,0.519,0.690
422.375,-26.026,102.835,2.000,1.028,18.074,-13.468,-1.217,0.490,0.117
422.381,-24.587,102.835,2.000,-0.402,20.715,-11.592,-1.088,0.464,-0.110
422.388,-21.884,101.762,2.000,-2.011,31.720,-14.214,-0.894,0.442,-0.230
422.394,-21.884,101.762,2.000,-2.419,40.280,-12.965,-0.876,0.422,-0.222
422.401,-21.884,101.762,2.000,-5.468,42.609,-8.558,-0.739,0.403,-0.523
422.408,-14.508,75.142,2.000,-5.537,49.385,-6.562,-0.404,0.390,-0.386
422.414,-14.508,75.142,2.000,-4.114,58.223,-6.806,-0.468,0.380,-0.150
422.421,-14.508,75.142,2.000,-7.914,62.000,-6.592,-0.297,0.372,-0.459
422.428,-7.698,68.660,2.000,-6.035,63.027,-6.375,-0.075,0.371,-0.168
422.434,-5.589,66.347,2.000,-5.667,69.310,-7.390,0.003,0.370,-0.092
422.441,-5.589,66.347,2.000,-7.963,72.459,-7.771,0.107,0.372,-0.290
422.447,-0.595,54.380,2.000,-3.183,73.718,-9.115,0.116,0.373,0.248
422.453,-0.595,54.380,2.000,0.657,74.162,-8.258,-0.056,0.373,0.575
422.460,-0.595,54.380,2.000,3.346,74.487,-5.910,-0.177,0.370,0.704
422.466,0.000,39.949,2.000,7.378,75.014,-3.290,-0.332,0.365,0.964
422.471,0.000,39.442,2.000,12.255,77.848,-6.180,-0.551,0.356,1.281
422.477,0.000,38.940,2.000,16.970,76.721,-8.649,-0.764,0.344,1.504
422.482,0.000,38.940,2.000,21.934,77.578,-9.915,-0.987,0.326,1.668
422.488,0.000,38.940,2.000,26.147,75.764,-9.130,-1.177,0.304,1.666
422.494,0.000,31.561,2.000,30.980,71.769,-6.395,-1.394,0.279,1.761
422.499,0.000,31.561,2.000,36.760,68.118,-6.742,-1.654,0.249,1.941
422.505,0.000,31.561,2.000,40.554,66.034,-6.805,-1.825,0.216,1.861
422.511,0.000,31.988,2.000,43.108,63.453,-8.297,-1.940,0.179,1.648
422.516,0.000,31.138,2.000,45.251,59.541,-5.140,-2.036,0.142,1.470
422.522,0.000,31.138,2.000,47.443,56.913,-3.105,-2.135,0.103,1.355
422.527,0.000,30.720,2.000,49.394,56.125,-5.487,-2.223,0.062,1.251
422.533,0.000,28.693,2.000,50.551,54.151,-8.656,-2.275,0.021,1.109
422.539,0.000,27.911,2.000,50.451,51.251,-4.781,-2.270,-0.021,0.838
422.544,0.000,27.911,2.000,51.151,49.329,-1.843,-2.302,-0.064,0.706
422.550,0.149,24.587,2.000,50.347,49.801,-1.792,-2.259,-0.108,0.439
422.555,0.446,23.207,2.000,47.679,47.260,-4.740,-2.125,-0.149,-0.014
422.562,0.446,23.207,2.000,49.515,42.073,-0.441,-2.208,-0.197,0.151
422.568,0.446,23.207,2.000,49.974,44.327,-4.859,-2.229,-0.244,0.177
422.575,1.342,19.398,2.000,48.042,42.840,-4.255,-2.101,-0.290,-0.028
422.582,2.248,18.518,2.000,47.090,39.410,-7.718,-2.018,-0.336,-0.143
422.588,2.248,18.518,2.000,48.242,34.467,-6.495,-2.070,-0.382,-0.007
422.595,2.248,16.569,2.000,48.632,38.115,-5.793,-2.087,-0.427,0.060
422.602,2.248,15.777,2.000,43.731,37.620,-5.877,-1.867,-0.472,-0.447
422.608,2.248,15.777,2.000,46.039,34.583,0.168,-1.971,-0.515,-0.144
422.615,2.248,15.777,2.000,46.292,33.117,2.290,-1.982,-0.558,-0.049
422.622,1.793,12.607,2.000,45.268,35.031,2.038,-1.956,-0.600,-0.092
422.628,1.793,12.607,2.000,44.128,30.496,-2.079,-1.905,-0.643,-0.228
422.634,1.793,12.607,2.000,46.604,28.301,1.326,-2.016,-0.685,0.069
422.641,0.446,12.155,2.000,45.586,29.430,-3.235,-2.031,-0.727,0.012
422.648,0.446,12.155,2.000,44.828,28.354,-0.576,-1.997,-0.772,-0.072
422.654,0.446,12.155,2.000,45.576,27.544,-2.002,-2.031,-0.816,-0.013
422.660,0.446,12.155,2.000,46.239,23.113,0.535,-2.061,-0.859,0.069
422.667,0.446,12.155,2.000,46.687,24.747,0.646,-2.081,-0.904,0.104
422.673,0.446,12.155,2.000,44.620,25.200,-3.811,-1.988,-0.947,-0.106
422.680,3.482,5.421,2.000,45.391,19.338,1.809,-1.886,-0.989,-0.031
422.686,3.482,5.421,2.000,44.684,16.815,-0.038,-1.854,-1.031,-0.110
422.693,6.446,3.639,2.000,44.814,15.429,3.822,-1.727,-1.071,-0.051
422.700,6.446,3.639,2.000,41.659,16.470,1.013,-1.585,-1.106,-0.320
422.706,7.153,3.169,2.000,40.115,10.683,1.026,-1.483,-1.140,-0.404
422.713,7.153,3.169,2.000,39.676,8.345,2.624,-1.463,-1.172,-0.331
422.720,9.219,2.860,2.000,37.411,6.022,3.956,-1.269,-1.201,-0.441
422.726,9.219,2.860,2.000,35.335,7.391,4.978,-1.175,-1.229,-0.551
422.733,9.219,2.860,2.000,38.054,2.246,1.538,-1.298,-1.257,-0.188
422.739,15.008,1.342,2.000,37.147,-2.691,4.053,-0.996,-1.282,-0.209
422.746,15.008,1.342,2.000,41.696,-1.032,-0.289,-1.201,-1.307,0.280
422.753,16.302,0.744,2.000,40.968,-3.912,1.717,-1.110,-1.333,0.128
422.759,26.395,0.000,2.000,38.364,-7.054,2.848,-0.539,-1.346,-0.233
422.765,32.419,-0.446,2.000,39.987,-9.708,2.163,-0.341,-1.354,-0.031
422.771,44.745,-0.446,2.000,40.595,-12.284,3.025,0.187,-1.357,0.045
422.777,44.745,-0.446,2.000,39.591,-9.336,6.011,0.232,-1.352,-0.051
422.784,44.745,-0.446,2.000,40.127,-11.391,3.171,0.208,-1.348,-0.007
422.790,44.745,-0.446,2.000,45.041,-17.427,8.467,-0.013,-1.347,0.447
422.797,85.769,-0.446,2.000,43.329,-16.354,9.772,1.910,-1.306,0.163
422.804,85.769,-0.446,2.000,48.178,-10.046,4.057,1.692,-1.268,0.603
422.810,145.044,-0.446,2.000,50.213,-9.632,3.220,4.267,-1.194,0.655
422.817,145.044,-0.446,2.000,51.671,-9.173,4.625,4.202,-1.103,0.632
422.823,145.044,-0.446,2.000,59.323,-7.543,4.956,3.857,-1.018,1.202
422.829,145.044,-0.446,2.000,65.218,-4.203,4.159,3.592,-0.938,1.492
422.836,252.278,-0.446,2.000,68.908,-3.800,4.668,8.252,-0.759,1.504
422.842,263.474,-0.446,2.000,77.159,-2.765,2.988,8.384,-0.581,1.897
422.849,263.474,-0.446,2.000,90.770,-5.616,4.396,7.772,-0.404,2.704
422.855,270.379,-0.446,2.000,102.337,-6.129,5.686,7.562,-0.240,3.157
422.862,270.379,-0.446,2.000,114.605,-6.318,3.689,7.010,-0.083,3.573
422.868,270.379,-0.446,2.000,130.887,-9.079,3.291,6.277,0.057,4.229
422.875,270.379,-0.446,2.000,150.223,-9.573,4.741,5.407,0.180,5.034
422.881,252.278,-0.446,2.000,167.990,-10.346,4.890,3.793,0.269,5.504
422.888,245.744,-0.446,2.000,184.412,-15.009,4.843,2.760,0.335,5.686
422.895,245.744,-0.446,2.000,202.286,-21.761,7.561,1.956,0.386,5.984
422.901,194.573,-0.446,2.000,220.363,-17.187,4.368,-1.161,0.399,6.177
422.908,194.573,-0.446,2.000,233.776,-16.077,1.576,-1.764,0.366,5.971
422.914,194.573,-0.446,2.000,248.163,-17.011,4.245,-2.412,0.318,5.824
422.920,115.245,-0.446,2.000,259.423,-20.981,7.277,-6.488,0.182,5.493
422.927,115.245,-0.446,2.000,262.785,-16.841,3.116,-6.639,0.039,4.419
422.933,115.245,-0.446,2.000,264.358,-15.492,2.895,-6.710,-0.105,3.465
422.940,115.245,-0.446,2.000,260.885,-11.650,3.770,-6.554,-0.251,2.248
422.947,115.245,-0.446,2.000,253.182,-8.724,1.703,-6.207,-0.389,0.902
422.953,115.245,-0.446,2.000,241.906,-7.791,5.958,-5.700,-0.517,-0.441
422.960,115.245,-0.446,2.000,228.379,-4.324,5.953,-5.091,-0.632,-1.621
422.966,7.698,-0.297,2.000,216.097,-4.441,5.704,-9.378,-0.632,-2.489
422.972,4.924,-0.297,2.000,202.765,-4.252,8.075,-8.903,-0.687,-3.288
422.977,3.955,-0.297,2.000,187.735,-2.991,7.510,-8.270,-0.848,-4.092
422.984,3.955,-0.297,2.000,172.479,-4.275,4.740,-7.584,-1.011,-4.625
422.990,0.595,-0.297,2.000,160.590,-8.549,6.050,-7.200,-1.160,-4.791
422.995,0.446,-0.297,2.000,149.454,-10.803,7.043,-6.705,-1.293,-4.785
423.001,0.446,-0.297,2.000,137.018,-11.675,4.155,-6.146,-1.419,-4.882
423.007,0.446,-0.297,2.000,128.953,-13.417,4.244,-5.783,-1.538,-4.503
423.013,0.446,-0.297,2.000,122.268,-15.748,7.184,-5.482,-1.649,-4.082
423.019,0.446,-0.297,2.000,112.370,-14.894,6.580,-5.037,-1.753,-4.062
423.025,0.446,-0.297,2.000,100.251,-13.364,4.021,-4.491,-1.846,-4.304
423.032,0.446,-0.297,2.000,92.156,-14.947,4.087,-4.127,-1.934,-4.051
423.038,0.446,-0.297,2.000,88.488,-16.859,5.052,-3.962,-2.014,-3.411
423.043,0.000,-0.446,2.000,84.606,-18.324,5.377,-3.807,-2.086,-2.955
423.049,0.000,-0.446,2.000,83.054,-15.571,8.836,-3.737,-2.154,-2.340
423.054,0.000,-0.446,2.000,80.414,-10.422,8.542,-3.619,-2.221,-2.048
423.060,0.000,-0.446,2.000,75.208,-6.159,4.966,-3.384,-2.285,-2.158
423.065,0.000,-0.446,2.000,73.755,-5.182,2.798,-3.319,-2.347,-1.841
423.071,0.000,-0.446,2.000,73.531,-7.335,4.255,-3.309,-2.410,-1.460
423.076,0.000,-0.446,2.000,72.152,-10.294,4.317,-3.247,-2.470,-1.303
423.082,0.000,-0.446,2.000,71.500,-12.942,5.024,-3.218,-2.529,-1.063
423.087,0.000,-0.446,2.000,67.958,-15.053,5.235,-3.058,-2.586,-1.210
423.093,0.000,-0.446,2.000,65.541,-16.124,3.689,-2.949,-2.641,-1.222
423.098,0.000,-0.446,2.000,63.807,-14.118,4.222,-2.871,-2.695,-1.165
423.104,0.000,-0.446,2.000,61.051,-11.112,4.766,-2.747,-2.746,-1.223
423.109,0.000,-0.297,2.000,57.494,-7.910,7.173,-2.587,-2.794,-1.339
423.114,0.000,-0.297,2.000,53.753,-6.759,8.806,-2.419,-2.838,-1.425
423.120,0.000,-0.297,2.000,50.030,-3.987,10.559,-2.251,-2.877,-1.501
423.125,0.595,-0.297,2.000,46.096,-5.502,8.857,-2.048,-2.913,-1.549
423.130,0.595,-0.297,2.000,41.971,-5.347,7.772,-1.862,-2.949,-1.611
423.136,0.595,-0.297,2.000,38.804,-5.995,4.579,-1.719,-2.984,-1.603
423.142,8.069,-0.446,2.000,37.763,-5.607,3.909,-1.336,-3.014,-1.334
423.149,10.224,-0.446,2.000,33.843,-4.387,5.614,-1.063,-3.040,-1.386
423.155,10.224,-0.446,2.000,30.750,-7.489,8.455,-0.924,-3.061,-1.334
423.162,10.224,-0.446,2.000,27.515,-8.493,8.809,-0.778,-3.079,-1.312
423.168,14.757,-0.446,2.000,26.759,-10.895,9.626,-0.540,-3.090,-1.026
423.175,16.839,-0.446,2.000,24.376,-11.803,8.624,-0.339,-3.098,-0.988
423.181,17.666,-0.446,2.000,25.882,-13.608,6.703,-0.370,-3.106,-0.611
423.188,20.927,-0.446,2.000,25.068,-15.669,5.371,-0.186,-3.110,-0.507
423.194,22.871,-0.446,2.000,23.588,-18.567,5.613,-0.032,-3.112,-0.492
423.201,23.207,-0.446,2.000,24.012,-19.242,5.916,-0.036,-3.114,-0.346
423.207,23.207,-0.446,2.000,24.594,-19.675,7.222,-0.062,-3.115,-0.198
423.214,23.890,-0.446,2.000,23.193,-20.990,6.675,0.031,-3.116,-0.326
423.220,23.546,-0.446,2.000,25.401,-19.892,5.568,-0.083,-3.118,-0.074
423.227,23.546,-0.446,2.000,24.327,-22.142,6.211,-0.035,-3.119,-0.144
423.233,23.546,-0.446,2.000,23.319,-23.248,5.915,0.010,-3.118,-0.186
423.240,22.871,-0.446,2.000,24.649,-21.191,6.976,-0.080,-3.119,-0.009
423.246,22.871,-0.446,2.000,24.703,-22.845,7.160,-0.082,-3.120,0.036
423.253,22.871,-0.446,2.000,24.132,-23.528,6.882,-0.057,-3.121,-0.016
423.259,22.871,-0.446,2.000,23.563,-23.032,8.088,-0.031,-3.122,-0.064
423.266,16.302,-0.446,2.000,22.660,-17.865,5.381,-0.286,-3.126,-0.134
423.272,16.302,-0.446,2.000,20.309,-14.886,4.677,-0.180,-3.132,-0.351
423.279,16.302,-0.446,2.000,20.652,-15.875,6.471,-0.196,-3.137,-0.261
423.285,16.839,-0.446,2.000,22.241,-16.446,8.831,-0.243,-3.141,-0.017
423.292,16.839,-0.446,2.000,21.325,-19.576,6.134,-0.202,-3.145,-0.075
423.299,17.112,-0.446,2.000,19.838,-24.518,4.660,-0.123,-3.148,-0.178
423.305,17.112,-0.446,2.000,16.679,-24.080,5.570,0.019,-3.149,-0.448
423.312,16.839,-0.446,2.000,17.586,-25.559,3.923,-0.034,-3.150,-0.267
423.318,16.839,-0.446,2.000,17.127,-26.020,3.867,-0.013,-3.150,-0.228
423.325,16.839,-0.446,2.000,11.712,-26.298,6.413,0.231,-3.147,-0.691
423.331,16.839,-0.446,2.000,10.519,-22.540,5.386,0.284,-3.142,-0.663
423.338,16.302,-0.446,2.000,10.271,-22.158,5.713,0.271,-3.136,-0.526
423.344,15.777,-0.446,2.000,5.918,-27.143,6.862,0.444,-3.127,-0.793
423.351,15.777,-0.446,2.000,5.341,-27.599,5.887,0.470,-3.117,-0.659
423.357,12.155,-0.446,2.000,3.030,-27.382,3.560,0.411,-3.107,-0.690
423.364,9.219,-0.446,2.000,0.048,-27.726,4.070,0.413,-3.098,-0.811
423.370,9.219,-0.446,2.000,-1.047,-25.808,5.274,0.462,-3.090,-0.785
423.376,9.219,-0.446,2.000,0.811,-22.646,5.523,0.378,-3.082,-0.428
423.383,4.924,-0.446,2.000,-0.791,-23.146,6.065,0.257,-3.076,-0.456
423.389,1.944,-0.446,2.000,-0.618,-27.202,6.475,0.115,-3.072,-0.306
423.396,1.944,-0.446,2.000,-1.276,-28.347,6.961,0.145,-3.069,-0.291
423.402,-0.149,-0.446,2.000,0.406,-24.212,1.725,-0.025,-3.068,-0.055
423.408,-0.149,-0.446,2.000,0.015,-24.022,2.698,-0.007,-3.068,-0.068
423.414,-0.446,-0.446,2.000,-1.774,-23.656,1.928,0.060,-3.068,-0.248
423.420,-0.446,-0.446,2.000,-1.243,-21.716,2.835,0.036,-3.067,-0.159
423.426,-0.446,-0.446,2.000,-2.011,-20.698,3.749,0.070,-3.066,-0.199
423.432,-11.711,-0.446,2.000,-3.421,-17.949,2.891,-0.373,-3.068,-0.312
423.439,-11.711,-0.446,2.000,-2.060,-20.424,5.444,-0.434,-3.077,-0.108
423.446,-11.711,-0.446,2.000,-2.739,-19.883,5.833,-0.404,-3.086,-0.126
423.452,-55.033,-0.297,2.000,-4.898,-17.691,3.028,-2.256,-3.134,-0.306
423.458,-55.033,-0.297,2.000,-5.762,-18.720,2.487,-2.217,-3.181,-0.338
423.464,-55.033,-0.297,2.000,-5.414,-18.328,2.601,-2.233,-3.226,-0.208
423.470,-182.363,-0.297,2.000,-8.570,-16.892,3.107,-7.821,-3.256,-0.480
423.477,-182.363,-0.297,2.000,-15.551,-13.604,2.042,-7.507,-3.413,-1.081
423.483,-182.363,-0.297,2.000,-21.092,-13.965,3.479,-7.257,-3.565,-1.394
423.489,-182.363,-0.297,2.000,-25.977,-15.021,6.464,-7.037,-3.716,-1.571
423.495,-359.227,-0.297,2.000,-37.106,-12.316,3.698,-14.495,-3.765,-2.273
423.502,-401.974,-0.297,2.000,-50.734,-12.821,1.942,-15.806,-3.765,-3.051
423.508,-401.974,-0.297,2.000,-63.894,-12.940,4.205,-15.214,-3.765,-3.600
423.514,-401.974,-0.297,2.000,-86.209,-11.498,1.456,-14.209,-3.765,-4.918
423.520,-503.491,-0.149,2.000,-110.478,-16.570,0.130,-17.686,-3.765,-6.316
423.525,-503.491,-0.149,2.000,-138.126,-17.863,4.361,-16.441,-3.765,-7.774
423.531,-503.491,-0.149,2.000,-168.624,-17.301,8.196,-15.069,-3.765,-9.122
423.537,-515.067,-0.297,2.000,-201.508,-18.140,4.982,-14.110,-3.765,-10.235
423.543,-515.067,-0.297,2.000,-235.055,-13.267,4.593,-12.601,-3.765,-11.066
423.550,-511.185,-0.297,2.000,-274.674,-10.095,-1.245,-10.643,-3.765,-12.299
423.556,-477.291,-0.297,2.000,-309.242,-7.741,1.400,-7.562,-3.816,-12.727
423.562,-477.291,-0.297,2.000,-343.599,-6.014,2.161,-6.016,-3.950,-13.000
423.568,-462.818,-0.297,2.000,-373.608,-5.408,1.181,-4.014,-4.043,-12.826
423.575,-414.906,-0.297,2.000,-398.921,-3.985,3.236,-0.719,-4.066,-12.117
423.581,-414.906,-0.297,2.000,-421.652,-0.031,0.384,0.304,-4.067,-11.360
423.587,-252.278,-0.297,2.000,-435.361,0.024,2.949,8.239,-4.059,-9.932
423.593,-231.022,-0.446,2.000,-443.273,-1.215,5.501,9.551,-4.059,-8.303
423.600,-231.022,-0.446,2.000,-444.110,-3.021,5.078,9.589,-4.059,-6.291
423.606,-231.022,-0.446,2.000,-438.806,-2.809,3.370,9.350,-4.059,-4.203
423.613,-97.558,-0.446,2.000,-422.328,-1.706,4.002,14.615,-4.059,-1.575
423.619,-97.558,-0.446,2.000,-404.817,-4.093,2.027,13.827,-4.059,0.508
423.626,-43.642,-0.446,2.000,-379.393,-2.544,3.004,15.109,-4.059,2.844
423.632,-17.387,-0.446,2.000,-349.692,-1.669,0.253,14.954,-4.059,4.977
423.639,-17.387,-0.446,2.000,-320.817,-0.399,-2.983,13.654,-4.059,6.529
423.645,-17.387,-0.446,2.000,-287.393,0.936,1.598,12.150,-4.059,8.126
423.652,-17.387,-0.446,2.000,-254.229,3.335,2.072,10.658,-4.059,9.324
423.658,0.000,-0.446,2.000,-226.599,1.885,-0.804,10.197,-4.059,9.790
423.663,0.000,-0.446,2.000,-197.796,3.159,1.833,8.901,-4.006,10.566
423.669,0.000,-0.446,2.000,-172.822,5.739,2.599,7.777,-3.857,10.762
423.674,0.000,-0.446,2.000,-153.039,7.396,2.207,6.887,-3.726,10.343
423.680,0.000,-0.446,2.000,-137.769,6.652,2.380,6.200,-3.609,9.527
423.685,0.000,-0.446,2.000,-127.332,4.512,2.140,5.730,-3.502,8.377
423.691,0.000,-0.446,2.000,-121.082,3.486,1.102,5.449,-3.400,7.033
423.696,2.400,-0.446,2.000,-116.288,3.774,1.084,5.341,-3.298,5.833
423.702,5.589,-0.446,2.000,-115.877,3.316,0.661,5.466,-3.190,4.460
423.709,5.589,-0.446,2.000,-121.003,0.308,2.231,5.697,-3.066,2.873
423.715,5.589,-0.446,2.000,-124.643,2.407,4.530,5.860,-2.943,1.737
423.722,5.589,-0.446,2.000,-127.614,2.041,4.583,5.994,-2.816,0.998
423.728,5.589,-0.446,2.000,-130.481,-4.141,7.770,6.123,-2.683,0.497
423.735,5.589,-0.446,2.000,-139.099,-10.547,6.931,6.511,-2.545,-0.422
423.741,30.720,-0.446,2.000,-141.954,-6.546,1.816,7.770,-2.393,-0.602
423.748,34.642,-0.446,2.000,-140.815,-4.445,-0.645,7.896,-2.224,-0.324
423.754,34.642,-0.446,2.000,-139.778,-4.931,1.542,7.849,-2.050,-0.139
423.761,34.642,-0.446,2.000,-136.474,-4.028,4.037,7.700,-1.883,0.209
423.767,68.660,-0.446,2.000,-130.216,-4.657,4.581,8.949,-1.820,0.748
423.774,95.509,-0.446,2.000,-118.964,-0.616,4.379,9.651,-1.754,1.640
423.780,138.097,-0.446,2.000,-110.124,1.996,4.465,11.170,-1.754,2.136
423.787,233.081,-0.446,2.000,-92.577,1.673,5.930,14.655,-1.754,3.244
423.793,287.054,-0.595,2.000,-75.513,3.539,4.876,16.316,-1.754,4.087
423.800,287.054,-0.595,2.000,-54.124,6.755,4.151,15.353,-1.754,5.208
423.806,344.873,-0.744,2.000,-35.693,5.697,1.677,17.125,-1.754,5.674
423.813,495.890,-0.893,2.000,-13.622,4.541,2.401,22.928,-1.754,6.319
423.819,546.985,-0.893,2.000,15.764,12.932,1.619,23.905,-1.754,7.581
423.826,546.985,-0.893,2.000,43.053,10.243,-1.061,22.677,-1.754,8.354
423.832,638.395,-1.043,2.000,77.538,13.243,2.675,25.239,-1.754,9.593
423.839,638.395,-1.043,2.000,116.451,11.922,7.399,23.487,-1.754,10.879
423.845,647.704,-1.043,2.000,156.798,13.955,3.343,22.091,-1.754,12.004
423.852,647.704,-1.043,2.000,202.545,10.520,7.325,20.032,-1.754,13.218
423.859,647.704,-1.944,2.000,245.869,12.111,1.247,18.083,-1.754,14.001
423.865,647.704,-1.793,2.000,295.290,3.364,-0.586,15.859,-1.754,15.221
423.872,647.704,-1.793,2.000,339.726,-0.299,-6.878,13.859,-1.754,15.742
423.878,542.911,-4.760,2.000,379.765,-0.639,-1.658,7.342,-1.702,15.707
423.885,542.911,-4.760,2.000,412.931,-0.709,-6.164,5.849,-1.561,14.907
423.892,515.067,-5.421,2.000,440.010,-2.807,-2.018,3.378,-1.476,13.725
423.898,515.067,-5.421,2.000,465.147,-1.280,-0.437,2.246,-1.417,12.605
423.905,287.054,-7.515,2.000,475.805,0.328,3.395,-8.494,-1.402,10.435
423.912,222.931,-7.698,2.000,481.571,-0.998,1.012,-11.639,-1.402,8.401
423.918,222.931,-7.698,2.000,474.586,-2.446,1.729,-11.324,-1.402,5.658
423.925,222.931,-7.698,2.000,461.231,-0.294,-2.637,-10.723,-1.402,2.940
423.931,222.931,-7.698,2.000,436.466,0.430,-2.052,-9.609,-1.402,-0.192
423.938,35.564,-5.589,2.000,406.247,0.839,-3.509,-16.681,-1.402,-3.030
423.944,35.564,-5.589,2.000,371.584,2.462,0.771,-15.121,-1.402,-5.505
423.951,8.829,-1.043,2.000,332.311,-1.648,-0.164,-14.557,-1.402,-7.828
423.957,4.114,-0.595,2.000,291.493,0.275,2.447,-12.932,-1.402,-9.845
423.964,4.114,-0.595,2.000,250.690,-5.799,3.703,-11.096,-1.402,-11.523
423.970,4.114,-0.595,2.000,212.398,-5.852,7.221,-9.373,-1.402,-12.514
423.975,-0.149,-0.446,2.000,173.811,-4.411,4.120,-7.828,-1.563,-13.644
423.981,-0.149,-0.446,2.000,144.293,-0.976,2.399,-6.500,-1.690,-13.652
423.986,-0.149,-0.446,2.000,118.318,-0.298,4.015,-5.331,-1.796,-13.144
423.992,-0.149,-0.446,2.000,98.588,-1.877,4.851,-4.443,-1.882,-12.086
423.998,-0.297,-0.446,2.000,82.597,-1.485,4.233,-3.730,-1.960,-10.773
424.004,-0.297,-0.446,2.000,69.992,-0.409,3.035,-3.163,-2.027,-9.393
424.010,-0.297,-0.446,2.000,63.984,0.845,2.818,-2.893,-2.087,-7.676
424.016,-0.297,-0.446,2.000,63.495,0.504,3.062,-2.871,-2.145,-5.851
424.022,-0.297,-0.446,2.000,65.940,0.129,3.184,-2.981,-2.205,-4.180
424.028,-0.297,-0.446,2.000,71.076,0.831,4.243,-3.212,-2.268,-2.616
424.034,-0.297,-0.446,2.000,78.747,-0.999,5.227,-3.557,-2.338,-1.152
424.040,-9.416,-0.446,2.000,84.708,0.817,4.378,-4.236,-2.414,-0.202
424.047,-9.416,-0.446,2.000,90.409,3.607,2.291,-4.492,-2.509,0.398
424.053,-10.019,-0.446,2.000,94.336,1.969,1.400,-4.696,-2.609,0.675
424.060,-10.430,-0.446,2.000,99.881,4.194,2.277,-4.964,-2.716,0.975
424.066,-10.224,-0.446,2.000,101.292,3.295,1.653,-5.018,-2.824,0.876
424.072,-10.224,-0.446,2.000,97.226,2.963,3.341,-4.835,-2.930,0.274
424.079,-10.224,-0.446,2.000,93.348,1.482,2.046,-4.661,-3.035,-0.165
424.086,-10.019,-0.446,2.000,84.492,0.218,0.806,-4.253,-3.129,-0.962
424.092,-10.019,-0.446,2.000,75.894,-5.683,3.099,-3.866,-3.216,-1.576
424.099,-10.019,-0.446,2.000,67.640,-7.238,3.683,-3.495,-3.295,-1.991
424.105,-10.019,-0.446,2.000,51.939,-6.648,3.942,-2.788,-3.361,-3.005
424.111,-10.019,-0.446,2.000,39.913,-8.905,5.888,-2.247,-3.415,-3.484
424.118,-10.019,-0.446,2.000,28.176,-8.405,4.597,-1.719,-3.456,-3.758
424.124,-10.849,-0.446,2.000,13.169,-13.010,5.100,-1.081,-3.484,-4.246
424.131,-10.849,-0.446,2.000,2.013,-11.959,5.211,-0.579,-3.500,-4.357
424.137,-10.849,-0.446,2.000,-8.948,-8.859,4.993,-0.086,-3.505,-4.414
424.143,-16.038,-0.446,2.000,-18.566,-7.146,3.203,0.114,-3.503,-4.262
424.149,-19.398,-0.446,2.000,-27.414,-6.749,4.349,0.361,-3.498,-4.093
424.156,-19.398,-0.446,2.000,-31.526,-7.040,5.538,0.546,-3.487,-3.454
424.162,-23.207,-0.297,2.000,-35.573,-4.985,4.309,0.556,-3.473,-2.947
424.169,-23.207,-0.297,2.000,-39.399,-4.814,2.743,0.729,-3.458,-2.556
424.175,-23.890,-0.297,2.000,-41.390,-3.339,2.683,0.787,-3.443,-2.117
424.181,-24.587,-0.297,2.000,-42.281,-1.576,2.898,0.796,-3.427,-1.688
424.187,-24.236,-0.297,2.000,-41.294,1.112,2.948,0.768,-3.411,-1.185
424.193,-24.236,-0.297,2.000,-39.472,1.782,2.757,0.686,-3.397,-0.726
424.199,-24.236,-0.297,2.000,-38.668,-0.264,1.936,0.649,-3.384,-0.488
424.206,-24.236,-0.297,2.000,-34.880,-3.240,2.201,0.479,-3.373,0.015
424.212,-18.808,-0.297,2.000,-34.096,-4.453,3.246,0.688,-3.360,0.113
424.218,-18.808,-0.297,2.000,-33.717,-2.789,2.636,0.671,-3.346,0.148
424.224,-18.808,-0.297,2.000,-33.109,0.065,0.978,0.644,-3.332,0.192
424.230,-9.615,-0.446,2.000,-36.090,-0.165,-0.688,1.191,-3.308,-0.144
424.237,-5.089,-0.446,2.000,-36.701,-0.090,3.161,1.423,-3.279,-0.221
424.243,-5.089,-0.446,2.000,-35.055,-5.191,4.191,1.348,-3.249,-0.003
424.249,0.446,-0.595,2.000,-37.744,-6.433,3.729,1.719,-3.214,-0.206
424.255,0.446,-0.595,2.000,-40.466,-8.323,3.584,1.841,-3.179,-0.449
424.261,0.446,-0.595,2.000,-41.505,-7.309,1.854,1.888,-3.142,-0.464
424.267,0.446,-0.595,2.000,-41.631,-6.531,-0.127,1.893,-3.103,-0.351
424.274,4.598,-0.446,2.000,-43.874,-5.400,-1.904,2.181,-3.059,-0.463
424.280,4.598,-0.446,2.000,-46.787,-10.223,0.133,2.312,-3.011,-0.650
424.286,4.598,-0.446,2.000,-44.136,-12.380,1.031,2.193,-2.963,-0.229
424.293,4.598,-0.446,2.000,-44.063,-13.438,0.678,2.190,-2.916,-0.180
424.299,18.518,-0.446,2.000,-40.997,-9.222,-0.405,2.678,-2.857,0.172
424.306,29.491,-0.446,2.000,-42.673,-9.911,0.706,3.247,-2.788,-0.009
424.312,29.491,-0.446,2.000,-41.468,-9.305,0.852,3.193,-2.719,0.062
424.319,131.417,-0.446,2.000,-38.661,-8.443,0.417,7.654,-2.592,0.322
424.325,153.744,-0.446,2.000,-34.526,-6.664,1.255,8.472,-2.435,0.676
424.331,153.744,-0.446,2.000,-30.236,-2.384,2.016,8.279,-2.256,0.936
424.337,222.931,-0.446,2.000,-25.725,-1.984,0.635,11.190,-2.256,1.135
424.344,320.193,-0.446,2.000,-17.058,-1.953,1.197,15.176,-2.256,1.691
424.350,320.193,-0.446,2.000,-8.372,1.529,1.786,14.785,-2.256,2.102
424.357,320.193,-0.446,2.000,3.723,0.839,-1.218,14.241,-2.256,2.763
424.364,452.195,-0.446,2.000,27.542,-4.700,-1.163,19.109,-2.256,4.302
424.370,452.195,-0.446,2.000,46.070,-1.434,1.339,18.276,-2.256,5.015
424.376,452.195,-0.446,2.000,70.990,1.032,1.410,17.154,-2.256,6.167
424.383,462.818,-0.446,2.000,99.247,-1.868,-0.112,16.361,-2.256,7.317
424.389,455.714,-0.446,2.000,131.472,0.310,4.056,14.591,-2.256,8.579
424.396,455.714,-0.446,2.000,163.139,-5.236,0.445,13.166,-2.256,9.486
424.402,455.714,-0.446,2.000,197.857,-6.515,3.001,11.604,-2.256,10.449
424.409,350.558,-0.446,2.000,229.805,-6.496,3.515,5.434,-2.218,10.828
424.415,350.558,-0.446,2.000,260.553,-13.268,-2.023,4.050,-2.121,11.070
424.422,350.558,-0.446,2.000,284.443,-19.874,1.503,2.975,-2.048,10.643
424.428,350.558,-0.446,2.000,305.579,-20.741,-0.136,2.024,-1.997,10.026
424.435,233.081,-0.297,2.000,318.818,-21.415,1.864,-3.858,-2.010,8.802
424.441,233.081,-0.297,2.000,327.715,-22.369,1.691,-4.258,-2.096,7.465
424.447,145.044,-0.297,2.000,330.756,-23.969,0.480,-8.357,-2.157,5.855
424.453,145.044,-0.297,2.000,324.858,-24.829,2.130,-8.092,-2.267,3.826
424.460,145.044,-0.297,2.000,313.585,-23.174,2.361,-7.584,-2.426,1.765
424.466,73.478,-0.297,2.000,296.433,-21.608,-0.549,-10.033,-2.478,-0.398
424.472,45.304,-0.297,2.000,272.041,-18.862,1.346,-10.203,-2.478,-2.709
424.478,45.304,-0.297,2.000,240.383,-14.138,1.395,-8.779,-2.538,-5.198
424.484,45.304,-0.297,2.000,211.687,-11.499,-0.278,-7.487,-2.701,-6.797
424.491,45.304,-0.297,2.000,179.002,-10.223,3.521,-6.016,-2.835,-8.376
424.497,45.304,-0.297,2.000,146.080,-6.523,2.784,-4.535,-2.943,-9.519
424.503,45.304,-0.297,2.000,116.972,-6.075,4.530,-3.225,-3.019,-10.057
424.509,0.000,-0.297,2.000,87.329,-2.098,4.365,-3.930,-3.081,-10.542
424.515,0.000,-0.297,2.000,65.518,-2.881,2.353,-2.948,-3.138,-10.575
424.520,-0.149,-0.297,2.000,47.202,-0.373,0.296,-2.131,-3.180,-10.165
424.525,-0.149,-0.297,2.000,33.320,0.669,0.141,-1.506,-3.209,-9.303
424.530,-0.149,-0.297,2.000,21.989,-0.405,3.809,-0.996,-3.228,-8.341
424.536,-0.297,-0.446,2.000,15.381,0.237,4.292,-0.706,-3.243,-6.972
424.542,-0.446,-0.446,2.000,13.311,-2.324,4.303,-0.619,-3.257,-5.446
424.548,-0.446,-0.446,2.000,11.831,-4.152,3.211,-0.552,-3.268,-4.216
424.555,-8.446,-0.446,2.000,14.355,-11.174,2.224,-1.026,-3.283,-2.882
424.561,-8.446,-0.446,2.000,19.107,-11.862,1.651,-1.240,-3.308,-1.689
424.568,-8.446,-0.446,2.000,22.784,-9.088,0.277,-1.405,-3.337,-0.908
424.574,-8.446,-0.446,2.000,25.317,-9.002,-0.058,-1.519,-3.370,-0.477
424.581,-8.446,-0.446,2.000,32.750,-15.597,3.037,-1.854,-3.409,0.324
424.587,-8.446,-0.446,2.000,36.093,-19.607,4.900,-2.004,-3.451,0.572
424.594,-8.446,-0.446,2.000,39.100,-19.258,4.628,-2.140,-3.496,0.741
424.600,-8.446,-0.446,2.000,37.346,-19.810,3.489,-2.061,-3.541,0.417
424.607,-46.440,-0.297,2.000,34.741,-21.710,3.095,-3.653,-3.621,-0.027
424.613,-46.440,-0.297,2.000,32.344,-21.252,2.591,-3.545,-3.697,-0.363
424.619,-98.596,-0.297,2.000,28.406,-18.531,2.155,-5.715,-3.801,-0.680
424.625,-127.534,-0.297,2.000,17.468,-18.686,1.341,-6.525,-3.920,-1.599
424.632,-127.534,-0.297,2.000,5.670,-18.888,1.772,-5.994,-4.047,-2.397
424.638,-127.534,-0.297,2.000,-5.946,-19.516,4.396,-5.471,-4.167,-2.919
424.644,-272.713,-0.297,2.000,-22.938,-19.795,4.725,-11.240,-4.167,-3.872
424.650,-350.558,-0.297,2.000,-39.869,-20.252,4.972,-13.981,-4.167,-4.601
424.657,-350.558,-0.297,2.000,-59.435,-20.064,5.934,-13.101,-4.167,-5.418
424.663,-546.985,0.000,2.000,-85.601,-16.355,1.604,-20.762,-4.167,-6.646
424.669,-546.985,0.000,2.000,-111.991,-12.393,-0.079,-19.575,-4.167,-7.957
424.674,-597.825,0.000,2.000,-140.336,-14.329,0.575,-20.587,-4.167,-9.030
424.680,-597.825,0.000,2.000,-172.848,-15.581,3.762,-19.124,-4.167,-10.347
424.686,-597.825,0.000,2.000,-208.634,-15.491,6.325,-17.514,-4.167,-11.745
424.691,-643.036,0.000,2.000,-245.770,-12.767,2.582,-17.877,-4.167,-12.989
424.697,-647.704,0.000,2.000,-280.546,-10.742,3.934,-16.522,-4.167,-13.631
424.702,-647.704,0.000,2.000,-320.451,-12.599,5.271,-14.726,-4.167,-14.620
424.708,-647.704,0.000,2.000,-358.260,-15.917,7.220,-13.025,-4.167,-15.235
424.714,-629.193,-0.149,2.000,-393.391,-15.783,3.813,-10.611,-4.167,-15.243
424.720,-551.084,-0.297,2.000,-428.997,-14.756,4.896,-5.494,-4.241,-15.196
424.726,-551.084,-0.297,2.000,-464.185,-11.221,4.930,-3.910,-4.333,-14.934
424.732,-418.190,-0.297,2.000,-491.449,-11.800,3.657,3.297,-4.378,-13.924
424.738,-418.190,-0.297,2.000,-512.123,-12.109,5.154,4.227,-4.350,-12.463
424.744,-418.190,-0.297,2.000,-528.236,-13.690,5.314,4.952,-4.252,-10.962
424.751,-224.932,-0.446,2.000,-539.454,-13.647,5.775,14.153,-4.215,-9.332
424.757,-149.344,-0.446,2.000,-537.924,-16.441,5.949,17.486,-4.215,-6.830
424.764,-149.344,-0.446,2.000,-526.512,-15.446,4.119,16.973,-4.215,-3.991
424.770,-149.344,-0.446,2.000,-509.963,-16.526,1.401,16.228,-4.215,-1.366
424.777,-149.344,-0.446,2.000,-482.866,-20.352,1.026,15.009,-4.215,1.588
424.783,-32.855,-0.446,2.000,-446.663,-19.772,8.381,18.621,-4.215,4.670
424.790,-23.546,-0.446,2.000,-408.218,-23.757,0.457,17.310,-4.215,7.239
424.796,-23.546,-0.446,2.000,-366.636,-21.029,8.514,15.439,-4.215,9.472
424.803,-23.546,-0.446,2.000,-323.136,-26.392,4.935,13.482,-4.215,11.258
424.809,-23.546,-0.446,2.000,-283.988,-20.285,4.100,11.720,-4.215,12.257
424.816,-23.546,-0.446,2.000,-244.590,-20.890,4.663,9.947,-4.215,13.026
424.822,-23.546,-0.446,2.000,-212.143,-21.472,2.589,8.487,-4.092,12.878
424.828,0.000,-0.446,2.000,-189.081,-21.622,5.026,8.509,-3.989,12.137
424.833,0.000,-0.446,2.000,-170.445,-20.886,7.393,7.670,-3.845,11.195
424.839,0.000,-0.446,2.000,-159.285,-19.426,8.466,7.168,-3.713,9.632
424.844,0.000,-0.446,2.000,-151.116,-18.445,8.013,6.800,-3.584,8.098
424.850,0.000,-0.446,2.000,-147.560,-15.375,9.056,6.640,-3.462,6.497
424.855,0.000,-0.446,2.000,-149.381,-10.051,9.053,6.722,-3.340,4.696
424.861,0.000,-0.446,2.000,-151.648,-6.954,8.560,6.824,-3.214,3.343
424.866,0.000,-0.446,2.000,-156.550,-4.805,8.344,7.045,-3.087,2.043
424.872,0.000,-0.446,2.000,-163.077,-2.539,7.539,7.338,-2.954,0.829
424.877,0.000,-0.446,2.000,-170.765,-1.846,5.482,7.684,-2.816,-0.237
424.883,0.000,-0.446,2.000,-176.925,-2.947,3.838,7.962,-2.674,-0.905
424.888,0.149,-0.446,2.000,-182.369,-4.478,4.926,8.213,-2.523,-1.348
424.894,0.149,-0.446,2.000,-184.858,-4.530,5.588,8.325,-2.373,-1.338
424.899,0.149,-0.446,2.000,-184.503,-5.035,7.768,8.309,-2.222,-1.005
424.905,0.297,-0.446,2.000,-181.612,-4.206,6.463,8.186,-2.067,-0.446
424.911,0.297,-0.446,2.000,-178.008,-2.913,5.186,8.024,-1.905,0.046
424.917,0.297,-0.446,2.000,-169.496,-4.554,4.512,7.641,-1.750,0.924
424.923,0.297,-0.446,2.000,-160.840,-5.055,4.331,7.251,-1.603,1.553
424.929,3.014,-0.446,2.000,-150.356,-5.631,4.217,6.902,-1.452,2.132
424.936,4.275,-0.446,2.000,-137.201,-6.254,6.424,6.366,-1.311,2.864
424.942,4.275,-0.446,2.000,-125.950,-4.039,5.041,5.860,-1.179,3.226
424.949,8.446,-0.446,2.000,-111.702,-3.215,5.245,5.407,-1.061,3.800
424.955,11.062,-0.446,2.000,-97.147,-4.428,6.466,4.869,-0.954,4.208
424.962,11.062,-0.446,2.000,-84.981,-3.044,7.161,4.322,-0.856,4.363
424.968,11.062,-0.446,2.000,-71.575,-0.771,7.102,3.719,-0.771,4.592
424.975,28.300,-0.744,2.000,-60.879,0.139,6.003,4.013,-0.686,4.476
424.981,45.304,-0.893,2.000,-51.195,-2.916,6.168,4.342,-0.591,4.263
424.988,45.304,-0.893,2.000,-43.271,-1.876,4.656,3.986,-0.503,3.921
424.994,45.304,-0.893,2.000,-32.286,0.250,2.978,3.492,-0.424,4.006
425.001,45.304,-0.893,2.000,-25.128,-2.101,4.787,3.169,-0.352,3.746
425.007,45.304,-0.893,2.000,-20.030,-1.581,6.482,2.940,-0.287,3.296
425.014,389.366,-1.192,2.000,-16.183,-1.713,7.313,18.250,-0.287,2.824
425.020,389.366,-1.192,2.000,-10.634,-2.473,7.190,18.000,-0.287,2.676
425.026,389.366,-1.192,2.000,-1.132,-5.890,7.374,17.572,-0.287,2.976
425.032,389.366,-1.192,2.000,11.636,-8.241,6.747,16.998,-0.287,3.532
425.038,389.366,-1.192,2.000,32.505,-7.623,7.003,16.059,-0.287,4.769
425.045,671.457,-0.893,2.000,56.059,-12.449,3.909,27.693,-0.287,5.891
425.051,690.960,-0.893,2.000,85.312,-9.598,6.790,27.254,-0.287,7.217
425.058,690.960,-0.893,2.000,120.624,-12.964,8.324,25.665,-0.287,8.827
425.064,700.882,-0.893,2.000,161.303,-13.154,2.580,24.281,-0.287,10.563
425.071,695.907,-0.893,2.000,210.698,-16.915,7.942,21.834,-0.287,12.737
425.077,695.907,-0.893,2.000,257.819,-18.176,0.621,19.714,-0.287,14.051
425.084,695.907,-0.893,2.000,308.796,-22.247,3.565,17.420,-0.287,15.455
425.090,602.228,-1.192,2.000,357.725,-22.603,-2.406,11.003,-0.287,16.513
425.096,542.911,-2.553,2.000,406.648,-16.123,6.707,6.132,-0.196,17.203
425.103,542.911,-2.553,2.000,446.697,-9.984,3.550,4.330,-0.086,16.669
425.110,359.227,-6.100,2.000,479.071,-5.455,5.692,-5.393,-0.034,15.534
425.116,359.227,-6.100,2.000,505.553,0.902,5.116,-6.585,-0.034,14.154
425.123,261.203,-6.797,2.000,518.647,8.634,4.459,-11.585,-0.034,11.814
425.130,261.203,-6.797,2.000,517.136,12.175,5.239,-11.517,-0.034,8.710
425.136,201.837,-6.621,2.000,504.709,14.666,4.434,-13.629,-0.034,5.377
425.143,85.769,-4.924,2.000,477.374,16.288,0.806,-17.622,-0.034,1.376
425.149,85.769,-4.924,2.000,443.143,16.765,6.442,-16.082,-0.034,-2.456
425.155,85.769,-4.924,2.000,402.124,16.527,4.891,-14.236,-0.034,-5.997
425.161,85.769,-4.924,2.000,355.531,18.040,8.150,-12.139,-0.034,-9.232
425.168,14.508,-0.595,2.000,309.236,16.111,2.942,-13.263,-0.034,-11.533
425.174,14.508,-0.595,2.000,261.171,12.661,7.083,-11.100,-0.034,-13.513
425.180,14.508,-0.595,2.000,216.677,9.924,2.983,-9.098,-0.034,-14.630
425.186,0.744,-0.297,2.000,173.011,6.794,7.145,-7.752,-0.199,-15.331
425.193,0.744,-0.297,2.000,138.246,6.526,5.446,-6.188,-0.338,-15.011
425.199,0.744,-0.297,2.000,110.300,4.663,3.287,-4.930,-0.447,-14.073
425.205,0.744,-0.297,2.000,87.539,2.556,4.829,-3.906,-0.533,-12.844
425.211,0.000,-0.446,2.000,73.351,1.105,5.989,-3.301,-0.605,-11.064
425.216,0.000,-0.446,2.000,67.528,-0.553,5.275,-3.039,-0.661,-8.972
425.222,0.000,-0.446,2.000,65.599,-1.068,4.398,-2.952,-0.715,-6.981
425.227,0.000,-0.446,2.000,70.935,-0.018,1.749,-3.192,-0.772,-4.637
425.233,0.000,-0.446,2.000,78.732,1.058,1.773,-3.543,-0.834,-2.594
425.238,0.000,-0.446,2.000,85.737,3.676,1.331,-3.858,-0.903,-1.171
425.244,-0.446,-0.446,2.000,94.828,4.670,2.819,-4.287,-0.987,0.034
425.250,-0.446,-0.446,2.000,103.742,3.540,4.712,-4.688,-1.083,0.883
425.257,-2.860,-0.446,2.000,111.501,4.243,5.102,-5.146,-1.189,1.408
425.263,-2.860,-0.446,2.000,117.963,5.530,2.401,-5.437,-1.304,1.686
425.270,-2.860,-0.446,2.000,119.967,6.654,1.012,-5.527,-1.421,1.469
425.276,-8.446,-0.446,2.000,118.930,9.251,0.466,-5.732,-1.546,1.014
425.283,-9.615,-0.446,2.000,115.962,10.487,-0.065,-5.651,-1.669,0.448
425.289,-9.615,-0.446,2.000,109.815,11.822,2.599,-5.374,-1.788,-0.293
425.296,-13.777,-0.446,2.000,104.407,13.534,2.314,-5.318,-1.901,-0.710
425.302,-13.777,-0.446,2.000,91.869,14.047,2.503,-4.754,-2.011,-1.688
425.309,-13.777,-0.446,2.000,78.365,13.938,6.193,-4.146,-2.105,-2.555
425.315,-13.777,-0.446,2.000,65.157,16.413,3.773,-3.552,-2.187,-3.195
425.322,-40.978,-0.446,2.000,50.363,14.839,5.346,-4.110,-2.281,-3.815
425.328,-40.978,-0.446,2.000,33.201,14.224,4.686,-3.338,-2.359,-4.515
425.335,-85.769,-0.297,2.000,20.841,15.519,2.224,-4.797,-2.451,-4.590
425.341,-121.266,-0.297,2.000,6.973,15.133,1.793,-5.771,-2.552,-4.805
425.347,-121.266,-0.297,2.000,-8.087,16.189,2.906,-5.093,-2.661,-5.130
425.354,-140.843,-0.297,2.000,-20.474,19.661,0.952,-5.417,-2.780,-5.126
425.359,-226.948,0.000,2.000,-31.864,21.114,1.384,-8.779,-2.889,-5.099
425.365,-291.966,0.893,2.000,-44.308,18.863,4.764,-11.145,-2.945,-5.147
425.372,-389.366,3.482,2.000,-58.219,19.933,6.647,-14.902,-2.945,-5.198
425.378,-389.366,3.482,2.000,-70.173,21.852,3.895,-14.364,-2.945,-5.022
425.385,-389.366,3.482,2.000,-85.132,19.157,2.228,-13.691,-2.945,-5.183
425.392,-589.098,5.928,2.000,-106.963,22.590,0.013,-21.696,-2.945,-5.969
425.399,-629.193,5.089,2.000,-131.955,20.322,0.580,-22.376,-2.945,-6.783
425.405,-629.193,5.089,2.000,-165.976,20.892,2.637,-20.845,-2.945,-8.277
425.412,-624.633,2.400,2.000,-199.658,14.992,6.920,-19.124,-2.945,-9.514
425.418,-611.111,0.297,2.000,-238.248,17.033,10.758,-16.779,-2.945,-11.038
425.424,-611.111,0.297,2.000,-283.065,14.425,7.592,-14.762,-2.945,-12.807
425.430,-611.111,0.297,2.000,-324.045,13.666,9.160,-12.918,-2.945,-13.753
425.436,-611.111,0.297,2.000,-370.967,9.917,6.968,-10.806,-2.945,-15.059
425.443,-589.098,0.000,2.000,-411.451,6.517,7.673,-7.994,-3.051,-15.485
425.448,-589.098,0.000,2.000,-447.720,6.538,6.234,-6.362,-3.180,-15.592
425.454,-589.098,0.000,2.000,-482.003,7.256,3.965,-4.819,-3.280,-15.471
425.459,-589.098,0.000,2.000,-507.377,3.493,6.647,-3.677,-3.356,-14.461
425.465,-445.223,-0.297,2.000,-525.654,1.450,7.471,3.619,-3.379,-12.815
425.471,-445.223,-0.297,2.000,-540.815,1.188,7.776,4.302,-3.295,-11.156
425.478,-445.223,-0.297,2.000,-547.980,2.227,6.760,4.624,-3.202,-9.093
425.484,-445.223,-0.297,2.000,-546.446,5.680,6.107,4.555,-3.106,-6.704
425.490,-226.948,-0.297,2.000,-536.627,3.590,5.195,13.936,-3.075,-4.074
425.497,-203.686,-0.446,2.000,-522.516,1.120,3.580,14.347,-3.075,-1.653
425.503,-203.686,-0.446,2.000,-505.221,5.080,1.423,13.569,-3.075,0.439
425.509,-69.445,-0.446,2.000,-479.969,5.476,0.300,18.474,-3.075,2.835
425.516,-69.445,-0.446,2.000,-450.767,6.952,0.400,17.159,-3.075,4.978
425.522,-53.094,-0.446,2.000,-416.170,10.644,3.668,16.338,-3.075,7.072
425.529,-53.094,-0.446,2.000,-381.352,12.108,-0.461,14.772,-3.075,8.656
425.536,-53.094,-0.446,2.000,-345.273,17.110,0.675,13.148,-3.075,9.992
425.542,0.000,-0.446,2.000,-305.015,18.852,0.280,13.726,-3.075,11.405
425.548,0.000,-0.446,2.000,-269.906,19.331,-3.456,12.146,-3.075,12.583
425.553,0.000,-0.446,2.000,-236.136,19.085,-3.772,10.626,-3.075,13.356
425.558,0.000,-0.446,2.000,-205.953,17.136,-2.575,9.268,-3.075,13.445
425.564,0.000,-0.446,2.000,-181.515,17.001,-0.443,8.168,-2.921,12.873
425.569,0.000,-0.446,2.000,-161.197,17.505,-2.314,7.254,-2.781,11.912
425.575,0.000,-0.446,2.000,-146.756,17.530,-4.988,6.604,-2.657,10.576
425.580,0.000,-0.297,2.000,-136.417,14.339,-6.272,6.139,-2.543,9.121
425.585,0.000,-0.297,2.000,-129.589,13.314,-4.081,5.831,-2.442,7.695
425.591,0.000,-0.297,2.000,-127.722,15.219,-2.960,5.747,-2.343,6.006
425.596,0.000,-0.297,2.000,-127.074,18.541,-1.894,5.718,-2.245,4.608
425.601,0.000,-0.297,2.000,-130.599,18.008,-0.212,5.877,-2.144,3.052
425.606,0.149,-0.297,2.000,-135.590,19.491,1.136,6.108,-2.041,1.679
425.611,0.149,-0.297,2.000,-139.738,19.768,-0.357,6.295,-1.930,0.744
425.616,0.149,-0.297,2.000,-142.687,18.484,-3.091,6.428,-1.823,0.140
425.622,0.149,-0.297,2.000,-145.896,16.759,-6.296,6.572,-1.712,-0.348
425.627,0.149,-0.297,2.000,-147.599,16.535,-4.819,6.649,-1.597,-0.468
425.632,0.149,-0.297,2.000,-146.617,17.208,-3.205,6.604,-1.484,-0.200
425.637,0.595,-0.297,2.000,-141.726,20.478,-3.175,6.404,-1.364,0.410
425.643,0.744,-0.297,2.000,-137.761,20.145,-2.650,6.233,-1.242,0.785
425.650,1.043,-0.297,2.000,-136.185,18.121,-3.475,6.175,-1.110,0.791
425.656,1.043,-0.297,2.000,-127.935,14.062,-3.551,5.804,-0.989,1.378
425.662,1.043,-0.297,2.000,-119.845,11.474,-2.133,5.440,-0.874,1.912
425.668,3.482,-0.297,2.000,-112.451,14.431,-2.337,5.217,-0.766,2.189
425.674,4.275,-0.297,2.000,-102.832,14.940,-3.966,4.820,-0.663,2.636
425.680,4.275,-0.297,2.000,-95.508,13.572,-4.184,4.490,-0.569,2.733
425.686,4.275,-0.297,2.000,-85.071,10.252,-2.976,4.021,-0.484,3.085
425.693,5.255,-0.297,2.000,-73.944,7.649,-1.968,3.564,-0.407,3.458
425.699,5.421,-0.297,2.000,-65.722,8.274,-3.519,3.201,-0.335,3.442
425.705,5.421,-0.297,2.000,-58.647,8.623,-5.628,2.883,-0.274,3.317
425.711,7.515,-0.297,2.000,-50.683,9.796,-7.502,2.619,-0.219,3.257
425.717,11.062,-0.297,2.000,-41.016,8.300,-7.225,2.343,-0.170,3.416
425.724,11.062,-0.297,2.000,-32.615,10.354,-7.265,1.965,-0.127,3.434
425.730,11.062,-0.297,2.000,-26.961,12.240,-5.100,1.711,-0.090,3.154
425.736,31.988,-0.297,2.000,-21.530,12.518,-4.218,2.408,-0.046,2.913
425.742,31.988,-0.297,2.000,-16.488,12.809,-3.581,2.181,0.001,2.678
425.748,100.698,0.297,2.000,-13.976,15.587,-4.452,5.160,0.065,2.267
425.755,100.698,0.297,2.000,-11.316,18.461,-4.449,5.041,0.170,1.969
425.761,192.790,3.955,2.000,-9.229,23.661,-3.494,9.091,0.170,1.684
425.768,192.790,3.955,2.000,-5.661,22.361,-3.094,8.930,0.234,1.604
425.774,252.278,10.849,2.000,-0.859,20.124,-2.338,11.391,0.302,1.691
425.780,252.278,10.849,2.000,6.200,23.296,-2.684,11.073,0.302,1.977
425.787,252.278,10.849,2.000,17.077,24.912,-4.564,10.584,0.302,2.619
425.793,296.944,19.398,2.000,29.853,22.445,-6.480,12.019,0.302,3.164
425.800,330.982,25.299,2.000,46.006,23.638,-4.176,12.824,0.302,3.909
425.807,330.982,25.299,2.000,64.949,24.570,-3.807,11.971,0.302,4.724
425.813,374.054,32.419,2.000,91.265,21.445,-4.334,12.725,0.302,6.040
425.820,401.974,37.951,2.000,114.871,24.592,-3.255,12.920,0.302,6.724
425.826,401.974,37.951,2.000,138.010,23.618,-9.291,11.878,0.302,7.242
425.833,418.190,41.500,2.000,166.945,23.680,-6.543,11.306,0.302,8.137
425.840,418.190,41.500,2.000,194.264,25.687,-8.633,10.077,0.302,8.643
425.847,421.496,41.500,2.000,221.333,25.551,-6.742,9.007,0.302,9.080
425.853,421.496,44.191,2.000,249.561,27.158,-5.705,7.737,0.483,9.498
425.860,424.822,53.094,2.000,273.743,25.338,-10.369,6.799,0.642,9.392
425.867,421.496,59.777,2.000,297.775,27.773,-5.987,5.567,0.774,9.264
425.873,421.496,59.777,2.000,316.351,26.712,-9.077,4.732,0.886,8.655
425.880,421.496,59.777,2.000,332.265,30.258,-3.884,4.015,0.982,8.023
425.887,421.496,59.777,2.000,348.365,36.237,-7.571,3.291,1.062,7.537
425.893,421.496,59.777,2.000,359.975,36.317,-6.339,2.768,1.127,6.714
425.900,421.496,59.777,2.000,368.554,44.379,-5.709,2.382,1.182,5.811
425.907,421.496,59.777,2.000,374.567,48.454,-7.985,2.112,1.231,4.935
425.913,226.948,67.111,2.000,380.486,48.922,-4.904,-6.909,1.246,4.227
425.920,226.948,67.111,2.000,383.354,52.646,-4.327,-7.038,1.195,3.438
425.927,226.948,67.111,2.000,385.853,58.866,-8.416,-7.151,1.037,2.823
425.933,124.997,62.630,2.000,380.089,58.829,-5.358,-11.479,0.932,1.576
425.940,124.997,62.630,2.000,376.081,60.182,-6.759,-11.299,0.932,0.791
425.947,124.997,62.630,2.000,369.511,56.963,-4.126,-11.003,0.932,-0.023
425.954,45.304,27.526,2.000,359.848,58.861,-3.260,-14.154,0.932,-0.904
425.960,45.304,27.526,2.000,344.141,55.643,0.231,-13.448,0.932,-2.135
425.967,26.768,19.697,2.000,323.238,55.805,1.105,-13.341,0.932,-3.583
425.973,26.768,19.697,2.000,304.101,51.208,-1.395,-12.480,0.932,-4.532
425.980,11.493,17.947,2.000,282.070,51.060,-3.766,-12.176,0.932,-5.475
425.987,8.069,17.666,2.000,256.833,46.428,-2.781,-11.194,0.932,-6.458
425.994,8.069,17.666,2.000,233.657,44.886,-5.644,-10.151,0.932,-7.023
426.000,4.924,17.666,2.000,209.654,40.796,-1.154,-9.213,0.932,-7.660
426.007,3.639,17.387,2.000,190.202,40.281,0.417,-8.395,0.810,-7.659
426.013,3.639,17.387,2.000,172.464,36.173,2.013,-7.597,0.637,-7.453
426.020,3.639,17.387,2.000,154.260,33.840,4.579,-6.778,0.484,-7.323
426.026,3.639,17.387,2.000,141.511,31.838,-0.395,-6.204,0.345,-6.734
426.033,3.639,17.387,2.000,130.546,28.341,-1.899,-5.711,0.215,-6.117
426.039,0.297,11.711,2.000,124.421,27.768,-1.690,-5.586,0.095,-5.174
426.045,0.297,11.711,2.000,119.843,27.088,-2.706,-5.380,-0.016,-4.341
426.051,0.149,2.860,2.000,117.417,29.217,-2.089,-5.277,-0.123,-3.508
426.057,0.149,1.944,2.000,116.128,28.092,-3.255,-5.219,-0.222,-2.796
426.062,0.149,1.944,2.000,116.102,29.693,-1.952,-5.218,-0.320,-2.106
426.068,0.149,1.944,2.000,116.881,30.155,-1.078,-5.253,-0.419,-1.515
426.073,0.000,-0.149,2.000,120.669,28.690,1.091,-5.430,-0.514,-0.784
426.080,0.000,-0.297,2.000,124.296,30.889,0.919,-5.593,-0.631,-0.126
426.085,0.000,-0.297,2.000,124.687,28.942,2.328,-5.611,-0.728,-0.089
426.090,0.000,-0.297,2.000,125.508,31.262,0.802,-5.648,-0.825,-0.012
426.095,0.000,-0.297,2.000,127.598,32.999,1.465,-5.742,-0.923,0.233
426.100,0.000,-0.297,2.000,126.681,35.850,0.369,-5.701,-1.021,0.075
426.105,0.000,-0.297,2.000,123.789,37.395,0.012,-5.570,-1.117,-0.309
426.111,0.000,-0.297,2.000,121.044,33.673,-1.838,-5.447,-1.213,-0.627
426.116,0.000,-0.297,2.000,118.643,30.235,-3.995,-5.339,-1.309,-0.861
426.121,0.000,-0.297,2.000,114.483,28.101,-2.012,-5.152,-1.400,-1.223
426.126,0.000,-0.297,2.000,112.169,27.958,0.226,-5.048,-1.488,-1.237
426.131,0.000,-0.297,2.000,107.742,28.981,2.143,-4.848,-1.572,-1.491
426.136,0.000,-0.297,2.000,102.420,29.225,3.477,-4.609,-1.653,-1.771
426.142,0.000,-0.297,2.000,97.309,25.970,1.631,-4.379,-1.730,-1.982
426.147,0.000,-0.297,2.000,90.854,23.520,1.845,-4.088,-1.802,-2.298
426.152,0.000,-0.446,2.000,84.083,21.915,-0.755,-3.784,-1.872,-2.533
426.158,0.000,-0.446,2.000,78.417,20.605,-0.227,-3.529,-1.939,-2.526
426.163,0.000,-0.446,2.000,73.382,21.002,2.875,-3.302,-2.001,-2.455
426.169,0.000,-0.446,2.000,67.759,20.385,3.472,-3.049,-2.057,-2.446
426.174,0.000,-0.446,2.000,62.229,21.025,3.720,-2.800,-2.109,-2.422
426.180,0.000,-0.446,2.000,56.447,20.716,3.454,-2.540,-2.156,-2.448
426.185,0.000,-0.446,2.000,50.162,18.980,1.050,-2.257,-2.199,-2.538
426.191,0.000,-0.446,2.000,45.853,16.842,0.255,-2.063,-2.238,-2.406
426.196,0.000,-0.446,2.000,43.341,14.761,0.817,-1.950,-2.275,-2.114
426.202,0.000,-0.446,2.000,40.230,13.346,0.096,-1.810,-2.310,-1.996
426.207,0.000,-0.446,2.000,38.297,12.419,0.317,-1.723,-2.343,-1.767
426.213,0.000,-0.446,2.000,39.116,11.064,1.024,-1.760,-2.376,-1.278
426.218,0.000,-0.446,2.000,39.547,10.916,0.428,-1.780,-2.408,-0.925
426.223,0.000,-0.446,2.000,37.549,12.417,3.462,-1.690,-2.439,-0.940
426.229,0.000,-0.446,2.000,35.338,15.252,5.028,-1.590,-2.469,-0.949
426.234,0.000,-0.446,2.000,35.925,16.819,5.612,-1.617,-2.497,-0.609
426.240,0.000,-0.446,2.000,34.464,16.459,5.115,-1.551,-2.526,-0.577
426.245,0.000,-0.446,2.000,33.961,16.876,4.767,-1.528,-2.553,-0.458
426.251,0.000,-0.446,2.000,31.182,16.412,3.970,-1.403,-2.579,-0.657
426.256,0.000,-0.446,2.000,27.395,12.546,1.693,-1.233,-2.603,-0.926
426.262,0.000,-0.446,2.000,24.640,9.150,1.108,-1.109,-2.624,-1.025
426.267,0.000,-0.446,2.000,22.084,8.377,0.724,-0.994,-2.644,-1.126
426.273,0.000,-0.446,2.000,15.802,9.009,-0.561,-0.711,-2.660,-1.596
426.278,0.000,-0.446,2.000,10.696,8.001,-0.304,-0.481,-2.671,-1.810
426.284,0.000,-0.446,2.000,4.049,8.284,0.757,-0.182,-2.677,-2.149
426.289,0.000,-0.446,2.000,-1.935,7.604,2.552,0.087,-2.677,-2.318
426.295,0.000,-0.446,2.000,-7.046,8.861,3.419,0.317,-2.673,-2.326
426.300,0.000,-0.446,2.000,-10.339,10.589,3.635,0.465,-2.666,-2.126
426.305,0.000,-0.446,2.000,-13.113,8.492,3.611,0.590,-2.655,-1.891
426.311,0.000,-0.446,2.000,-15.633,5.850,3.670,0.703,-2.642,-1.682
426.316,0.000,-0.446,2.000,-18.591,6.546,5.651,0.837,-2.628,-1.593
426.322,0.000,-0.446,2.000,-22.232,6.549,5.233,1.000,-2.610,-1.609
426.327,0.000,-0.446,2.000,-25.197,7.411,4.442,1.134,-2.591,-1.550
426.333,0.000,-0.446,2.000,-27.832,8.857,3.408,1.252,-2.568,-1.456
426.338,0.000,-0.446,2.000,-29.530,10.039,2.478,1.329,-2.544,-1.272
426.344,0.000,-0.446,2.000,-29.618,8.798,0.351,1.333,-2.520,-0.959
426.349,1.793,-0.446,2.000,-30.361,6.533,0.219,1.447,-2.495,-0.806
426.355,1.793,-0.446,2.000,-27.343,4.794,0.448,1.311,-2.467,-0.330
426.362,7.698,-0.446,2.000,-26.233,2.325,-0.104,1.527,-2.435,-0.157
426.368,7.698,-0.446,2.000,-24.850,1.386,1.646,1.465,-2.403,0.018
426.375,31.988,-0.744,2.000,-21.452,2.562,0.874,2.405,-2.357,0.367
426.381,49.982,-0.744,2.000,-22.774,2.178,2.142,3.274,-2.296,0.184
426.388,49.982,-0.744,2.000,-21.054,-0.303,3.693,3.197,-2.226,0.252
426.395,49.982,-0.744,2.000,-22.261,-1.025,3.459,3.251,-2.154,0.075
426.401,49.982,-0.744,2.000,-20.208,2.757,1.453,3.159,-2.084,0.252
426.408,49.982,-0.744,2.000,-22.885,6.632,1.191,3.279,-2.012,-0.041
426.415,49.982,-0.744,2.000,-23.476,12.512,2.099,3.306,-1.939,-0.121
426.421,192.790,-1.043,2.000,-22.069,16.681,1.060,9.669,-1.914,0.031
426.428,192.790,-1.043,2.000,-21.140,21.381,1.433,9.627,-1.914,0.121
426.434,192.790,-1.043,2.000,-21.615,26.188,3.639,9.648,-1.914,0.064
426.441,411.642,-3.796,2.000,-17.944,32.699,4.428,19.331,-1.914,0.370
426.448,411.642,-3.796,2.000,-7.185,32.361,2.264,18.847,-1.914,1.303
426.454,431.537,-3.955,2.000,3.800,37.128,0.591,19.248,-1.914,2.009
426.461,477.291,-5.089,2.000,23.916,35.504,-1.434,20.402,-1.914,3.431
426.468,477.291,-5.421,2.000,49.259,33.515,-1.635,19.261,-1.914,4.960
426.474,477.291,-5.421,2.000,80.095,36.046,0.025,17.874,-1.914,6.616
426.481,477.291,-5.421,2.000,116.347,32.601,-1.075,16.242,-1.914,8.399
426.488,466.402,-6.797,2.000,152.211,30.939,0.749,14.139,-1.914,9.648
426.494,466.402,-6.797,2.000,192.562,23.816,1.314,12.323,-1.914,11.025
426.501,466.402,-6.797,2.000,231.783,15.986,-3.447,10.558,-1.914,11.970
426.508,466.402,-6.797,2.000,269.973,10.876,-0.022,8.839,-1.851,12.510
426.514,268.062,-7.883,2.000,302.572,1.419,-4.244,-1.553,-1.783,12.361
426.521,268.062,-7.883,2.000,325.152,-4.694,-1.380,-2.569,-1.818,11.410
426.528,268.062,-7.883,2.000,345.515,-6.029,-4.096,-3.485,-1.888,10.481
426.534,268.062,-7.883,2.000,352.848,-7.440,-4.046,-3.815,-1.971,8.539
426.541,30.306,-8.829,2.000,354.107,-12.849,1.369,-14.571,-2.030,6.493
426.548,30.306,-8.829,2.000,341.184,-21.835,-0.664,-13.989,-2.030,3.680
426.554,18.518,-7.333,2.000,320.763,-22.554,2.200,-13.601,-2.030,0.841
426.561,18.518,-7.333,2.000,287.117,-23.405,2.299,-12.087,-2.030,-2.459
426.568,1.642,-2.553,2.000,248.319,-21.092,1.589,-11.100,-2.030,-5.483
426.575,1.642,-2.553,2.000,200.605,-18.973,-1.552,-8.953,-2.095,-8.591
426.581,1.642,-2.553,2.000,151.997,-15.035,-4.732,-6.766,-2.261,-11.028
426.588,-0.149,-0.595,2.000,99.991,-11.981,-0.335,-4.506,-2.376,-13.166
426.593,-0.149,-0.595,2.000,52.052,-12.199,5.846,-2.349,-2.429,-15.759
426.598,-0.149,-0.595,2.000,9.396,-8.116,4.408,-0.430,-2.448,-17.066
426.603,-0.149,-0.595,2.000,-22.491,-0.609,3.084,1.005,-2.439,-16.582
426.609,-0.149,-0.595,2.000,-49.069,3.940,3.637,2.201,-2.408,-15.675
426.614,-0.149,-0.595,2.000,-67.161,2.557,2.709,3.016,-2.361,-13.945
426.619,-0.149,-0.595,2.000,-75.731,1.815,1.640,3.401,-2.305,-11.514
426.624,-0.149,-0.595,2.000,-76.974,2.995,0.781,3.457,-2.247,-8.844
426.630,-0.446,-0.744,2.000,-72.403,0.760,-0.666,3.238,-2.180,-6.167
426.636,-1.342,-0.893,2.000,-59.167,0.866,0.595,2.602,-2.120,-3.364
426.643,-1.342,-0.893,2.000,-37.720,-4.447,1.922,1.637,-2.077,-0.423
426.649,-3.482,-0.893,2.000,-19.373,-9.690,-0.108,0.715,-2.054,1.410
426.656,-3.482,-0.893,2.000,-0.600,-7.158,1.289,-0.130,-2.051,2.828
426.662,-3.482,-0.893,2.000,19.547,-10.937,-0.428,-1.036,-2.067,4.072
426.669,-4.760,-0.893,2.000,34.659,-13.885,-0.250,-1.774,-2.100,4.502
426.675,-5.255,-0.893,2.000,45.928,-18.920,1.553,-2.303,-2.146,4.467
426.682,-5.255,-0.893,2.000,52.782,-19.475,0.079,-2.612,-2.201,3.998
426.688,-5.758,-0.893,2.000,55.761,-17.667,-2.756,-2.768,-2.260,3.264
426.695,-5.758,-0.893,2.000,48.604,-14.672,-3.331,-2.446,-2.317,1.767
426.701,-5.758,-0.893,2.000,37.555,-12.796,-0.606,-1.949,-2.363,0.250
426.708,-5.758,-0.893,2.000,26.410,-14.147,0.886,-1.448,-2.399,-0.890
426.714,-7.333,-0.893,2.000,11.178,-12.387,-0.569,-0.833,-2.421,-2.126
426.721,-7.333,-0.893,2.000,-4.966,-14.454,0.038,-0.107,-2.428,-3.137
426.727,-9.219,-0.893,2.000,-25.529,-12.007,-1.405,0.734,-2.417,-4.298
426.734,-9.219,-0.893,2.000,-43.947,-7.199,-2.339,1.563,-2.389,-4.987
426.740,-9.219,-0.893,2.000,-64.616,-7.285,-1.453,2.493,-2.341,-5.715
426.747,-9.219,-0.893,2.000,-78.240,-3.391,-2.953,3.106,-2.280,-5.654
426.753,-23.546,-0.893,2.000,-92.034,-2.110,-3.942,3.082,-2.218,-5.559
426.760,-23.546,-0.893,2.000,-102.400,-4.176,-2.138,3.548,-2.144,-5.146
426.766,-54.380,-0.744,2.000,-108.716,-3.877,-0.674,2.445,-2.082,-4.459
426.773,-54.380,-0.744,2.000,-110.543,-3.003,-2.123,2.527,-2.026,-3.501
426.780,-54.380,-0.744,2.000,-109.965,-5.956,-1.507,2.501,-1.971,-2.585
426.786,-54.380,-0.744,2.000,-105.221,-6.584,-0.442,2.288,-1.918,-1.479
426.793,-175.665,-0.595,2.000,-103.712,-6.381,-3.695,-3.238,-1.986,-0.939
426.799,-237.243,-0.595,2.000,-97.524,-9.778,-4.758,-6.287,-2.070,-0.072
426.805,-237.243,-0.595,2.000,-96.954,-9.914,-6.207,-6.313,-2.200,0.003
426.811,-362.154,-0.595,2.000,-96.045,-11.904,-5.228,-11.975,-2.288,0.093
426.817,-362.154,-0.595,2.000,-100.420,-15.263,-4.860,-11.778,-2.288,-0.396
426.824,-386.264,-0.595,2.000,-112.293,-12.670,-4.963,-12.329,-2.288,-1.554
426.830,-386.264,-0.595,2.000,-127.934,-14.511,-4.796,-11.625,-2.288,-2.746
426.836,-418.190,-0.744,2.000,-149.284,-18.809,-2.088,-12.101,-2.288,-4.144
426.843,-418.190,-0.744,2.000,-176.155,-16.121,-5.356,-10.892,-2.288,-5.626
426.850,-359.227,-0.893,2.000,-207.431,-14.098,-0.921,-6.831,-2.339,-7.104
426.856,-359.227,-0.893,2.000,-245.172,-12.589,-5.274,-5.132,-2.462,-8.935
426.863,-359.227,-0.893,2.000,-279.585,-12.987,-2.187,-3.584,-2.551,-10.041
426.869,-359.227,-0.893,2.000,-312.547,-10.554,-4.244,-2.101,-2.607,-10.688
426.876,-228.978,-1.192,2.000,-344.936,-8.287,-5.882,5.218,-2.551,-11.123
426.882,-172.390,-2.096,2.000,-372.045,-3.704,-1.828,8.984,-2.510,-11.000
426.889,-89.565,-2.860,2.000,-391.732,-0.035,-1.836,13.597,-2.510,-10.120
426.895,-54.380,-2.860,2.000,-401.645,-1.220,-1.582,15.627,-2.510,-8.522
426.902,-54.380,-2.860,2.000,-402.673,2.333,-2.296,15.673,-2.510,-6.451
426.909,-44.191,-3.014,2.000,-393.201,0.387,-7.839,15.705,-2.510,-3.935
426.915,-44.191,-3.014,2.000,-369.904,2.553,-3.958,14.657,-2.510,-0.750
426.922,-10.849,-2.706,2.000,-340.845,-0.807,-3.682,14.850,-2.510,2.245
426.928,-10.849,-2.706,2.000,-305.082,-0.354,1.423,13.240,-2.510,5.297
426.934,-10.849,-2.706,2.000,-267.854,-2.526,3.576,11.565,-2.510,7.789
426.941,-10.849,-2.706,2.000,-229.356,-2.380,-0.408,9.833,-2.510,9.762
426.946,-0.149,-0.893,2.000,-190.877,-13.066,-1.232,8.583,-2.459,11.545
426.952,-0.149,-0.893,2.000,-159.887,-16.381,-7.072,7.188,-2.320,12.291
426.957,0.000,-0.595,2.000,-132.603,-22.622,-6.435,5.967,-2.207,12.353
426.962,0.000,-0.595,2.000,-109.176,-29.180,-4.573,4.913,-2.114,11.968
426.967,0.000,-0.595,2.000,-90.495,-33.515,0.168,4.072,-2.039,11.256
426.973,0.000,-0.595,2.000,-78.931,-35.728,0.482,3.552,-1.975,9.866
426.978,0.000,-0.595,2.000,-75.752,-37.983,2.066,3.409,-1.915,7.821
426.983,0.000,-0.446,2.000,-76.694,-35.222,2.045,3.451,-1.856,5.741
426.988,0.000,-0.446,2.000,-81.475,-34.295,1.989,3.666,-1.791,3.754
426.994,0.000,-0.446,2.000,-94.325,-31.300,1.432,4.245,-1.718,1.319
426.999,0.000,-0.446,2.000,-106.214,-31.239,-0.364,4.780,-1.636,-0.413
427.005,0.000,-0.446,2.000,-117.848,-29.567,-1.341,5.303,-1.541,-1.638
427.010,0.000,-0.446,2.000,-127.691,-29.694,-1.220,5.746,-1.440,-2.394
427.016,0.000,-0.446,2.000,-141.333,-27.428,-1.317,6.360,-1.329,-3.389
427.021,0.000,-0.446,2.000,-154.085,-24.883,-0.568,6.934,-1.207,-4.019
427.027,0.000,-0.595,2.000,-161.470,-23.306,0.758,7.266,-1.077,-3.881
427.032,0.000,-0.595,2.000,-163.065,-23.049,0.978,7.338,-0.952,-3.145
427.037,0.000,-0.595,2.000,-162.735,-20.517,0.378,7.323,-0.829,-2.354
427.042,0.000,-0.595,2.000,-160.248,-18.889,0.021,7.211,-0.702,-1.518
427.047,0.000,-0.595,2.000,-156.179,-21.164,-0.447,7.028,-0.581,-0.656
427.052,0.000,-0.595,2.000,-147.887,-20.958,-0.173,6.655,-0.464,0.504
427.058,0.000,-0.595,2.000,-138.403,-18.176,0.670,6.228,-0.355,1.508
427.063,0.000,-0.595,2.000,-125.054,-18.143,1.471,5.627,-0.256,2.769
427.068,0.000,-0.595,2.000,-114.216,-17.125,3.439,5.140,-0.166,3.407
427.073,0.000,-0.595,2.000,-102.193,-20.882,2.016,4.599,-0.083,4.015
427.078,0.000,-0.595,2.000,-88.680,-25.430,2.033,3.991,-0.010,4.606
427.083,0.000,-0.595,2.000,-77.543,-26.491,3.571,3.489,0.053,4.784
427.088,0.000,-0.595,2.000,-65.927,-29.991,3.930,2.967,0.106,5.007
427.093,0.000,-0.595,2.000,-54.145,-31.824,4.460,2.437,0.150,5.215
427.099,0.000,-0.595,2.000,-45.583,-32.846,2.359,2.051,0.187,4.972
427.104,0.000,-0.595,2.000,-39.357,-33.511,0.470,1.771,0.220,4.528
427.109,0.000,-0.595,2.000,-34.511,-35.689,1.218,1.553,0.248,3.999
427.114,0.000,-0.595,2.000,-30.223,-37.320,2.176,1.360,0.272,3.502
427.119,0.000,-0.595,2.000,-27.771,-37.443,0.186,1.250,0.294,2.855
427.124,0.000,-0.595,2.000,-26.986,-39.640,-1.649,1.214,0.314,2.156
427.130,0.000,-0.595,2.000,-28.559,-39.799,-1.551,1.285,0.334,1.337
427.135,0.000,-0.595,2.000,-31.089,-36.994,-0.845,1.399,0.356,0.627
427.140,0.000,-0.595,2.000,-31.749,-35.522,-0.875,1.429,0.379,0.311
427.145,0.000,-0.595,2.000,-32.730,-37.636,-0.135,1.473,0.403,0.048
427.150,0.000,-0.595,2.000,-33.461,-39.709,1.336,1.506,0.427,-0.117
427.155,0.000,-0.595,2.000,-36.483,-37.938,0.922,1.642,0.454,-0.492
427.161,0.000,-0.446,2.000,-38.622,-38.127,0.371,1.738,0.484,-0.681
427.166,0.000,-0.446,2.000,-40.035,-37.870,0.220,1.802,0.515,-0.718
427.172,0.000,-0.446,2.000,-42.401,-36.322,-1.072,1.908,0.548,-0.857
427.177,0.000,-0.446,2.000,-43.969,-36.912,-2.261,1.979,0.582,-0.865
427.182,0.000,-0.446,2.000,-43.995,-36.799,-2.187,1.980,0.618,-0.688
427.188,0.000,-0.446,2.000,-42.086,-35.454,-1.226,1.894,0.652,-0.310
427.193,0.000,-0.446,2.000,-41.672,-32.333,1.118,1.875,0.687,-0.165
427.199,0.000,-0.446,2.000,-38.061,-30.109,2.612,1.713,0.721,0.330
427.204,0.000,-0.446,2.000,-35.328,-29.160,1.388,1.590,0.751,0.581
427.210,0.000,-0.446,2.000,-31.191,-30.093,-1.259,1.404,0.776,0.851
427.215,0.000,-0.446,2.000,-27.887,-30.880,1.121,1.255,0.800,0.991
427.221,0.000,-0.446,2.000,-22.239,-32.257,1.290,1.001,0.819,1.370
427.226,0.000,-0.446,2.000,-18.839,-30.763,1.487,0.848,0.834,1.380
427.231,0.000,-0.446,2.000,-16.974,-31.822,-0.087,0.764,0.848,1.205
427.237,0.000,-0.446,2.000,-14.717,-32.585,-1.427,0.662,0.859,1.118
427.242,0.000,-0.446,2.000,-11.146,-30.924,-1.103,0.502,0.870,1.230
427.248,0.000,-0.446,2.000,-8.703,-29.248,0.430,0.392,0.877,1.197
427.253,0.000,-0.446,2.000,-4.817,-29.065,0.333,0.217,0.882,1.327
427.259,0.000,-0.446,2.000,-2.059,-30.010,-0.817,0.093,0.883,1.247
427.264,0.000,-0.446,2.000,1.877,-31.702,-0.608,-0.084,0.882,1.313
427.270,0.000,-0.446,2.000,5.444,-33.082,-0.101,-0.245,0.877,1.337
427.275,0.000,-0.446,2.000,5.093,-33.118,-0.869,-0.229,0.873,0.949
427.281,0.000,-0.446,2.000,5.588,-30.846,-1.307,-0.251,0.868,0.742
427.286,0.000,-0.446,2.000,6.757,-27.821,-1.375,-0.304,0.863,0.682
427.291,0.149,-0.446,2.000,7.510,-26.051,-0.962,-0.331,0.858,0.644
427.297,0.149,-0.446,2.000,6.432,-26.444,-1.105,-0.283,0.854,0.428
427.302,0.149,-0.446,2.000,1.804,-23.065,-3.177,-0.074,0.852,-0.177
427.308,0.149,-0.446,2.000,-1.057,-19.920,-6.262,0.054,0.852,-0.447
427.313,0.149,-0.446,2.000,-3.051,-18.000,-7.696,0.144,0.854,-0.574
427.319,0.595,-0.446,2.000,-1.700,-18.538,-6.979,0.103,0.856,-0.306
427.325,0.595,-0.446,2.000,-2.206,-19.979,-4.005,0.126,0.858,-0.268
427.331,0.595,-0.446,2.000,-3.026,-18.190,-2.005,0.163,0.861,-0.302
427.337,2.553,-0.446,2.000,-4.325,-19.345,-4.331,0.310,0.868,-0.331
427.343,2.860,-0.446,2.000,-3.295,-23.151,-3.285,0.277,0.873,-0.160
427.350,2.860,-0.446,2.000,-5.021,-22.560,0.553,0.355,0.880,-0.307
427.356,2.860,-0.446,2.000,-1.530,-21.757,0.447,0.198,0.885,0.112
427.363,6.797,-0.446,2.000,-1.962,-24.191,-5.139,0.394,0.894,0.032
427.369,9.219,-0.446,2.000,1.051,-24.812,-3.463,0.368,0.902,0.298
427.376,9.219,-0.446,2.000,2.706,-23.491,-5.487,0.293,0.910,0.405
427.382,36.032,-0.595,2.000,4.729,-26.136,-8.079,1.409,0.931,0.513
427.388,67.111,-0.595,2.000,5.361,-26.239,-7.156,2.779,0.969,0.461
427.394,67.111,-0.595,2.000,8.501,-26.079,-6.501,2.637,1.024,0.644
427.400,67.111,-0.595,2.000,7.153,-25.043,-7.685,2.698,1.078,0.321
427.407,67.111,-0.595,2.000,10.282,-26.740,-8.668,2.557,1.131,0.537
427.413,189.263,-0.595,2.000,16.533,-22.055,-6.745,7.773,1.201,1.038
427.419,189.263,-0.595,2.000,19.293,-20.318,-8.263,7.649,1.363,1.108
427.425,189.263,-0.595,2.000,28.006,-25.122,-12.011,7.257,1.517,1.719
427.431,189.263,-0.595,2.000,37.025,-22.103,-6.637,6.851,1.659,2.227
427.438,239.346,-0.595,2.000,45.411,-20.514,-5.881,8.727,1.825,2.530
427.444,239.346,-0.595,2.000,59.213,-22.253,-11.876,8.106,1.997,3.305
427.450,243.596,-0.446,2.000,77.589,-21.895,-8.150,7.470,2.153,4.292
427.456,243.596,-0.446,2.000,89.497,-24.659,-11.771,6.934,2.306,4.379
427.463,243.596,-0.446,2.000,110.535,-20.939,-5.026,5.988,2.442,5.325
427.470,231.022,-0.446,2.000,129.041,-24.048,-7.273,4.589,2.550,5.732
427.476,231.022,-0.446,2.000,149.713,-19.352,-7.631,3.659,2.635,6.255
427.482,158.247,-0.595,2.000,163.578,-20.159,-7.049,-0.240,2.659,6.035
427.489,142.233,-0.595,2.000,184.531,-20.910,-10.533,-1.903,2.635,6.611
427.495,142.233,-0.595,2.000,201.939,-23.300,-8.257,-2.687,2.586,6.738
427.501,142.233,-0.595,2.000,213.259,-26.952,-13.350,-3.196,2.524,6.205
427.507,77.695,-0.595,2.000,220.001,-25.261,-13.243,-6.404,2.415,5.360
427.513,77.695,-0.595,2.000,222.930,-25.845,-6.492,-6.536,2.277,4.295
427.519,77.695,-0.595,2.000,219.977,-23.777,-7.544,-6.403,2.145,2.913
427.526,77.695,-0.595,2.000,213.281,-27.576,-8.922,-6.101,2.018,1.491
427.532,77.695,-0.595,2.000,201.640,-24.617,-4.632,-5.578,1.897,-0.094
427.538,77.695,-0.595,2.000,189.714,-21.214,-7.503,-5.041,1.790,-1.281
427.544,77.695,-0.595,2.000,175.055,-20.778,-9.356,-4.381,1.695,-2.452
427.550,6.621,-0.446,2.000,161.003,-22.624,-7.089,-6.947,1.592,-3.257
427.557,6.621,-0.446,2.000,145.177,-22.505,-9.525,-6.235,1.449,-3.941
427.563,6.621,-0.446,2.000,129.901,-18.703,-6.245,-5.548,1.325,-4.440
427.570,4.436,-0.446,2.000,112.051,-17.895,-10.960,-4.843,1.215,-5.089
427.576,3.796,-0.446,2.000,100.938,-19.984,-6.533,-4.371,1.117,-4.900
427.583,3.014,-0.446,2.000,88.730,-13.994,-7.605,-3.857,1.030,-4.845
427.589,3.014,-0.446,2.000,75.164,-16.827,-11.174,-3.247,0.955,-4.952
427.596,0.595,-0.446,2.000,67.071,-18.211,-5.186,-2.991,0.890,-4.500
427.602,0.595,-0.446,2.000,60.070,-13.785,-6.502,-2.676,0.833,-4.092
427.608,0.446,-0.446,2.000,55.023,-11.886,-10.469,-2.456,0.782,-3.547
427.614,0.446,-0.446,2.000,51.668,-14.792,-9.646,-2.305,0.732,-2.978
427.620,0.000,-0.446,2.000,48.563,-8.594,-8.261,-2.185,0.688,-2.547
427.626,0.000,-0.446,2.000,49.313,-6.426,-8.487,-2.219,0.648,-1.809
427.631,0.000,-0.446,2.000,50.530,-4.818,-9.169,-2.274,0.608,-1.167
427.637,0.000,-0.446,2.000,51.003,-5.920,-10.061,-2.295,0.567,-0.813
427.642,0.000,-0.446,2.000,53.775,-6.856,-12.122,-2.420,0.524,-0.299
427.648,0.000,-0.446,2.000,56.754,-3.151,-8.751,-2.554,0.477,0.117
427.653,0.000,-0.446,2.000,57.960,2.487,-7.049,-2.608,0.430,0.215
427.659,0.000,-0.446,2.000,58.259,4.727,-5.089,-2.622,0.383,0.198
427.664,0.000,-0.446,2.000,60.521,9.085,-4.898,-2.723,0.335,0.445
427.669,0.000,-0.446,2.000,59.073,10.956,-6.530,-2.658,0.287,0.206
427.675,0.000,-0.446,2.000,58.935,9.375,-8.667,-2.652,0.238,0.136
427.680,0.297,-0.446,2.000,57.634,6.293,-7.747,-2.580,0.191,-0.063
427.686,0.297,-0.446,2.000,56.220,4.774,-9.976,-2.516,0.139,-0.175
427.692,0.297,-0.446,2.000,53.033,2.886,-11.162,-2.373,0.091,-0.464
427.698,5.589,-0.446,2.000,48.326,2.219,-10.072,-1.923,0.049,-0.823
427.705,5.589,-0.446,2.000,43.920,0.531,-8.876,-1.725,0.011,-1.036
427.711,5.589,-0.446,2.000,38.923,-4.294,-9.988,-1.500,-0.023,-1.271
427.718,5.589,-0.446,2.000,31.513,-4.990,-6.324,-1.167,-0.051,-1.672
427.724,61.190,-0.446,2.000,26.786,-7.230,-8.712,1.548,-0.019,-1.686
427.731,61.190,-0.446,2.000,23.747,-11.858,-7.106,1.685,0.016,-1.597
427.738,61.190,-0.446,2.000,21.025,-8.103,-7.154,1.807,0.055,-1.445
427.744,149.344,-0.446,2.000,16.444,-13.292,-9.196,5.980,0.154,-1.522
427.750,169.163,-0.446,2.000,14.879,-16.179,-8.310,6.943,0.290,-1.265
427.757,169.163,-0.446,2.000,18.160,-14.148,-6.365,6.795,0.438,-0.660
427.763,169.163,-0.446,2.000,22.124,-13.950,-9.908,6.617,0.581,-0.103
427.770,169.163,-0.446,2.000,32.115,-10.765,-6.967,6.167,0.716,0.850
427.776,169.163,-0.446,2.000,43.279,-8.228,-5.631,5.665,0.843,1.766
427.783,169.163,-0.446,2.000,55.398,-4.493,-7.915,5.119,0.962,2.496
427.789,120.042,-0.446,2.000,73.663,-4.472,-4.749,2.087,1.046,3.660
427.796,107.218,-0.446,2.000,90.821,-1.379,-10.546,0.738,1.075,4.364
427.802,107.218,-0.446,2.000,107.580,-0.362,-6.666,-0.016,1.080,4.871
427.809,107.218,-0.446,2.000,123.073,-3.189,-14.773,-0.713,1.070,5.160
427.815,107.218,-0.446,2.000,138.935,-1.572,-8.665,-1.427,1.043,5.385
427.822,107.218,-0.446,2.000,144.966,-0.467,-6.966,-1.699,1.008,4.599
427.828,107.218,-0.446,2.000,150.429,2.080,-6.216,-1.944,0.968,3.980
427.835,1.192,-0.595,2.000,153.578,0.915,-5.465,-6.857,0.889,3.278
427.840,1.192,-0.595,2.000,155.340,-0.845,-6.183,-6.937,0.759,2.653
427.846,0.149,-0.446,2.000,151.045,-2.252,-7.758,-6.790,0.632,1.478
427.852,-0.595,-0.446,2.000,143.584,-3.316,-11.444,-6.488,0.508,0.264
427.858,-1.642,-0.446,2.000,132.975,-5.323,-9.984,-6.058,0.384,-0.917
427.864,-1.642,-0.446,2.000,121.947,-1.918,-8.438,-5.562,0.261,-1.757
427.871,-1.642,-0.446,2.000,109.381,0.312,-11.128,-4.996,0.148,-2.491
427.877,-1.642,-0.446,2.000,94.631,3.710,-8.522,-4.332,0.047,-3.282
427.884,-2.096,-0.446,2.000,78.931,0.351,-9.057,-3.646,-0.038,-4.008
427.890,-2.096,-0.446,2.000,63.261,2.651,-5.450,-2.941,-0.106,-4.536
427.897,-2.096,-0.446,2.000,49.659,6.673,-10.831,-2.329,-0.161,-4.716
427.903,-2.096,-0.446,2.000,32.172,9.941,-7.069,-1.542,-0.200,-5.244
427.910,-2.553,-0.446,2.000,17.950,10.384,-9.253,-0.923,-0.225,-5.325
427.916,-2.553,-0.446,2.000,8.619,13.841,-4.084,-0.503,-0.240,-4.921
427.922,-2.553,-0.446,2.000,2.637,16.410,-6.931,-0.234,-0.246,-4.270
427.929,-2.706,-0.446,2.000,-2.336,16.423,-14.851,-0.017,-0.249,-3.693
427.936,-2.706,-0.446,2.000,-4.968,20.367,-6.613,0.102,-0.246,-2.998
427.942,-3.169,-0.446,2.000,-4.557,23.268,-11.169,0.062,-0.244,-2.208
427.948,-3.169,-0.446,2.000,-1.733,20.792,-11.920,-0.065,-0.245,-1.393
427.955,-3.796,-0.446,2.000,2.601,24.907,-5.059,-0.288,-0.250,-0.646
427.961,-4.436,-0.446,2.000,5.589,25.628,-8.889,-0.451,-0.259,-0.192
427.968,-4.436,-0.446,2.000,10.441,24.053,-6.828,-0.669,-0.271,0.337
427.975,-9.219,-0.446,2.000,18.797,28.789,-7.702,-1.261,-0.293,1.019
427.981,-13.777,-0.446,2.000,22.370,24.970,-12.884,-1.627,-0.324,1.100
427.987,-13.777,-0.446,2.000,26.271,27.068,-7.684,-1.802,-0.363,1.186
427.994,-13.777,-0.446,2.000,29.249,26.831,-9.607,-1.936,-0.402,1.205
428.000,-44.745,-0.446,2.000,31.343,21.086,-7.926,-3.424,-0.476,1.085
428.007,-60.480,-0.297,2.000,30.422,20.100,-7.428,-4.091,-0.558,0.760
428.013,-60.480,-0.297,2.000,28.829,18.195,-8.809,-4.019,-0.641,0.408
428.019,-123.743,-0.297,2.000,24.845,18.155,-8.977,-6.686,-0.742,-0.074
428.025,-123.743,-0.297,2.000,17.856,15.096,-11.325,-6.372,-0.875,-0.779
428.032,-123.743,-0.297,2.000,12.322,10.009,-8.145,-6.123,-1.002,-1.138
428.038,-222.931,0.000,2.000,4.739,10.767,-9.610,-10.245,-1.044,-1.618
428.043,-261.203,1.043,2.000,-5.091,8.470,-11.248,-11.525,-1.044,-2.234
428.050,-277.428,1.192,2.000,-19.858,10.403,-7.937,-11.591,-1.044,-3.051
428.056,-277.428,1.192,2.000,-34.246,8.288,-8.089,-10.943,-1.044,-3.762
428.063,-356.318,2.706,2.000,-48.866,7.855,-4.089,-13.835,-1.044,-4.204
428.069,-418.190,3.169,2.000,-67.665,8.599,-10.519,-15.774,-1.044,-4.922
428.076,-434.927,3.014,2.000,-91.749,12.779,-10.700,-15.443,-1.044,-5.932
428.083,-434.927,3.014,2.000,-117.290,10.573,-9.247,-14.294,-1.044,-6.864
428.089,-445.223,2.096,2.000,-141.305,12.954,-6.943,-13.676,-1.044,-7.410
428.096,-445.223,1.192,2.000,-174.777,13.589,-7.180,-12.170,-1.044,-8.635
428.102,-445.223,1.192,2.000,-211.222,15.672,-11.860,-10.530,-1.044,-10.142
428.108,-445.223,1.192,2.000,-242.762,19.277,-8.588,-9.111,-1.044,-10.763
428.114,-441.770,0.149,2.000,-275.959,23.038,-10.189,-7.461,-1.206,-11.538
428.120,-441.770,0.149,2.000,-305.572,25.065,-7.678,-6.129,-1.331,-11.916
428.126,-441.770,0.149,2.000,-330.515,29.826,-5.493,-5.006,-1.433,-11.752
428.131,-389.366,0.000,2.000,-352.490,32.525,-7.453,-1.659,-1.471,-11.278
428.137,-353.429,0.000,2.000,-374.110,31.128,-9.272,0.931,-1.471,-10.888
428.143,-353.429,0.000,2.000,-387.187,31.279,-6.709,1.519,-1.446,-9.634
428.148,-353.429,0.000,2.000,-395.811,28.755,-6.706,1.907,-1.412,-8.183
428.154,-268.062,-0.149,2.000,-402.342,32.681,-7.244,6.043,-1.300,-6.894
428.160,-224.932,-0.297,2.000,-401.401,31.550,-6.486,7.941,-1.160,-5.096
428.166,-127.534,-0.446,2.000,-396.740,26.681,-8.269,12.114,-1.052,-3.365
428.173,-127.534,-0.446,2.000,-381.871,26.708,-5.508,11.445,-1.052,-1.081
428.179,-81.205,-0.446,2.000,-367.005,23.942,-5.024,12.861,-1.052,0.660
428.185,-81.205,-0.446,2.000,-346.754,21.316,-11.697,11.950,-1.052,2.459
428.192,-81.205,-0.446,2.000,-317.379,13.136,-5.887,10.628,-1.052,4.593
428.198,-4.275,-0.595,2.000,-294.070,9.749,-13.221,13.041,-1.052,5.754
428.205,-0.595,-0.595,2.000,-264.242,8.371,-5.681,11.864,-1.052,7.349
428.210,-0.595,-0.595,2.000,-239.277,10.142,-10.559,10.741,-1.052,8.277
428.216,0.149,-0.446,2.000,-213.062,15.198,-10.733,9.594,-1.052,9.181
428.221,0.149,-0.446,2.000,-190.166,16.462,-6.341,8.564,-1.001,9.537
428.227,0.149,-0.446,2.000,-171.698,18.312,-7.604,7.733,-0.854,9.334
428.232,0.149,-0.446,2.000,-153.221,16.817,-11.192,6.902,-0.720,9.114
428.238,0.000,-0.446,2.000,-138.625,20.374,-12.100,6.238,-0.601,8.475
428.243,0.000,-0.446,2.000,-124.121,19.743,-8.566,5.585,-0.495,8.027
428.249,0.000,-0.446,2.000,-115.035,18.229,-8.887,5.177,-0.398,7.100
428.254,0.000,-0.446,2.000,-111.763,17.956,-11.675,5.029,-0.305,5.715
428.260,0.000,-0.446,2.000,-107.868,18.848,-11.569,4.854,-0.216,4.709
428.265,0.000,-0.446,2.000,-106.137,19.313,-10.512,4.776,-0.129,3.758
428.270,0.000,-0.446,2.000,-107.291,20.257,-9.462,4.828,-0.041,2.692
428.276,0.000,-0.446,2.000,-107.557,18.369,-8.301,4.840,0.048,1.973
428.282,0.000,-0.446,2.000,-107.602,16.518,-7.075,4.842,0.136,1.489
428.287,0.000,-0.446,2.000,-107.374,12.488,-3.343,4.832,0.225,1.168
428.292,0.000,-0.446,2.000,-110.641,12.440,-2.791,4.979,0.313,0.495
428.298,0.000,-0.446,2.000,-112.864,11.802,-6.190,5.079,0.405,0.142
428.303,0.000,-0.446,2.000,-114.612,10.337,-10.096,5.158,0.497,-0.097
428.309,0.000,-0.446,2.000,-112.208,10.795,-8.800,5.049,0.590,0.215
428.314,0.000,-0.446,2.000,-110.424,10.504,-6.969,4.969,0.683,0.334
428.320,0.000,-0.297,2.000,-105.918,10.300,-8.320,4.766,0.771,0.759
428.325,0.000,-0.297,2.000,-101.202,10.878,-9.421,4.554,0.851,1.172
428.330,0.000,-0.297,2.000,-95.350,8.569,-10.464,4.291,0.927,1.661
428.335,0.000,-0.297,2.000,-89.540,9.045,-9.242,4.029,0.998,1.993
428.340,0.000,-0.297,2.000,-83.112,9.830,-6.767,3.740,1.064,2.283
428.345,0.000,-0.297,2.000,-74.927,8.924,-5.636,3.372,1.122,2.656
428.350,0.000,-0.297,2.000,-65.354,7.365,-6.183,2.941,1.174,3.110
428.356,0.000,-0.297,2.000,-56.991,7.753,-10.646,2.565,1.221,3.300
428.361,-1.043,-0.297,2.000,-49.209,7.826,-8.617,2.167,1.262,3.344
428.367,-2.248,-0.297,2.000,-42.748,7.690,-6.105,1.822,1.302,3.156
428.374,-2.248,-0.297,2.000,-35.686,5.019,-8.913,1.505,1.335,3.097
428.380,-2.248,-0.297,2.000,-32.378,6.252,-6.728,1.356,1.364,2.679
428.386,-8.636,-0.297,2.000,-30.125,8.011,-4.973,0.967,1.385,2.242
428.392,-10.019,-0.297,2.000,-26.098,4.849,-5.361,0.724,1.401,2.085
428.398,-21.561,-0.297,2.000,-22.210,4.871,-5.022,0.029,1.407,1.955
428.404,-26.026,-0.297,2.000,-17.048,8.563,-4.317,-0.404,1.402,1.945
428.411,-26.026,-0.297,2.000,-13.399,9.867,-4.686,-0.568,1.393,1.887
428.417,-26.026,-0.297,2.000,-12.172,7.708,-5.787,-0.623,1.380,1.509
428.423,-71.843,-0.297,2.000,-11.658,10.780,-5.123,-2.708,1.339,1.193
428.429,-71.843,-0.297,2.000,-10.044,14.255,-5.675,-2.781,1.282,1.059
428.435,-71.843,-0.297,2.000,-12.816,13.385,-3.644,-2.656,1.227,0.531
428.442,-71.843,-0.297,2.000,-11.614,14.216,-3.772,-2.710,1.172,0.512
428.448,-152.266,-0.297,2.000,-12.959,16.368,-4.518,-6.269,1.039,0.262
428.454,-177.320,-0.297,2.000,-16.094,18.189,-1.618,-7.255,0.889,-0.126
428.460,-177.320,-0.297,2.000,-21.340,21.215,-2.285,-7.019,0.745,-0.630
428.466,-222.931,-0.297,2.000,-27.271,23.104,-5.283,-8.805,0.591,-1.075
428.472,-222.931,-0.297,2.000,-33.859,20.017,-2.114,-8.508,0.414,-1.499
428.479,-237.243,-0.297,2.000,-43.973,19.508,0.016,-8.697,0.297,-2.153
428.485,-237.243,-0.297,2.000,-58.098,18.706,-2.842,-8.062,0.126,-3.057
428.491,-263.474,-0.446,2.000,-71.126,17.245,-0.179,-8.656,-0.056,-3.574
428.498,-263.474,-0.446,2.000,-85.181,18.196,-2.140,-8.023,-0.234,-4.041
428.504,-261.203,-0.446,2.000,-99.554,14.985,-1.460,-7.274,-0.400,-4.436
428.511,-261.203,-0.446,2.000,-118.653,15.916,0.174,-6.415,-0.544,-5.177
428.517,-239.346,-0.446,2.000,-135.899,11.487,-1.452,-4.655,-0.651,-5.541
428.524,-226.948,-0.446,2.000,-152.092,9.879,2.937,-3.368,-0.729,-5.705
428.530,-226.948,-0.446,2.000,-166.824,10.104,-1.309,-2.706,-0.791,-5.639
428.537,-167.568,-0.446,2.000,-181.986,11.121,4.105,0.649,-0.803,-5.626
428.543,-134.057,-0.446,2.000,-192.352,13.337,1.825,2.623,-0.773,-5.265
428.550,-134.057,-0.446,2.000,-198.983,12.009,0.996,2.922,-0.712,-4.616
428.556,-134.057,-0.446,2.000,-202.469,12.912,1.553,3.079,-0.647,-3.770
428.563,-63.360,-0.595,2.000,-205.442,17.656,0.480,6.394,-0.513,-3.128
428.569,-43.642,-0.595,2.000,-201.570,22.634,-0.247,7.107,-0.372,-1.941
428.575,-43.642,-0.595,2.000,-194.980,22.638,1.135,6.810,-0.231,-0.802
428.581,-12.607,-0.446,2.000,-184.357,23.590,0.568,7.729,-0.085,0.421
428.588,-12.607,-0.446,2.000,-172.516,28.175,2.364,7.196,0.074,1.444
428.594,-12.607,-0.446,2.000,-157.059,30.369,1.998,6.500,0.218,2.579
428.601,-12.607,-0.446,2.000,-139.426,28.240,0.864,5.707,0.348,3.658
428.607,-12.607,-0.446,2.000,-119.821,33.043,1.776,4.825,0.459,4.603
428.614,0.297,-0.446,2.000,-102.470,32.711,-0.027,4.625,0.556,5.153
428.620,0.297,-0.446,2.000,-81.048,27.945,0.053,3.661,0.635,6.053
428.626,0.297,-0.446,2.000,-62.462,24.698,0.604,2.824,0.697,6.491
428.632,0.297,-0.446,2.000,-48.198,24.868,0.884,2.182,0.745,6.280
428.638,4.436,-0.446,2.000,-30.911,25.457,-1.518,1.591,0.782,6.470
428.644,4.436,-0.446,2.000,-18.635,22.167,-1.604,1.038,0.807,6.028
428.651,28.693,-0.595,2.000,-8.073,15.942,3.251,1.654,0.831,5.570
428.657,28.693,-0.595,2.000,-3.145,15.219,4.095,1.433,0.861,4.653
428.663,28.693,-0.595,2.000,2.257,15.803,2.220,1.190,0.887,4.052
428.669,123.743,-0.893,2.000,4.198,13.527,2.247,5.380,0.970,3.250
428.676,203.686,-0.893,2.000,3.729,10.140,4.429,8.998,1.012,2.357
428.682,203.686,-0.893,2.000,7.478,5.816,2.808,8.829,1.204,2.137
428.689,374.054,-1.043,2.000,7.995,4.416,1.646,16.473,1.333,1.692
428.696,374.054,-1.043,2.000,12.151,6.338,1.855,16.286,1.333,1.679
428.702,459.255,-1.043,2.000,21.671,5.256,0.956,19.691,1.333,2.165
428.709,459.255,-1.043,2.000,39.644,6.635,0.942,18.882,1.333,3.316
428.715,542.911,-1.043,2.000,69.366,4.959,1.035,21.310,1.333,5.297
428.722,563.530,-1.043,2.000,101.910,7.955,-2.398,20.773,1.333,7.055
428.729,563.530,-1.043,2.000,137.237,10.852,2.995,19.183,1.333,8.618
428.735,563.530,-1.043,2.000,180.862,16.526,5.744,17.220,1.333,10.594
428.742,563.530,-1.043,2.000,224.055,16.179,4.643,15.276,1.333,12.009
428.749,563.530,-1.342,2.000,276.330,14.644,4.496,12.924,1.333,13.916
428.755,526.856,-1.342,2.000,321.125,10.570,-6.924,9.258,1.333,14.701
428.762,526.856,-1.342,2.000,371.068,8.415,-0.268,7.010,1.505,15.729
428.769,526.856,-1.342,2.000,412.139,3.401,-1.639,5.162,1.633,15.713
428.775,526.856,-1.342,2.000,447.035,2.622,3.076,3.592,1.724,15.058
428.782,333.723,-0.893,2.000,475.277,2.552,2.752,-6.370,1.770,13.948
428.788,333.723,-0.893,2.000,495.099,-2.450,1.371,-7.262,1.770,12.363
428.795,333.723,-0.893,2.000,505.632,-9.555,5.008,-7.736,1.606,10.292
428.801,231.022,-0.595,2.000,508.763,-10.850,1.011,-12.498,1.606,8.077
428.807,231.022,-0.595,2.000,495.874,-13.961,0.696,-11.918,1.606,4.776
428.814,231.022,-0.595,2.000,480.607,-13.803,0.771,-11.231,1.606,2.042
428.820,121.266,-0.446,2.000,458.589,-15.535,-1.598,-15.180,1.606,-0.680
428.826,121.266,-0.446,2.000,427.782,-13.362,3.977,-13.793,1.606,-3.429
428.833,121.266,-0.446,2.000,395.669,-13.948,2.994,-12.348,1.606,-5.702
428.839,121.266,-0.446,2.000,356.339,-11.215,6.539,-10.578,1.606,-8.062
428.846,36.504,-0.446,2.000,322.367,-11.803,4.415,-12.864,1.606,-9.333
428.852,25.660,-0.446,2.000,285.356,-9.226,6.274,-11.686,1.606,-10.550
428.859,25.660,-0.446,2.000,255.746,-9.659,4.632,-10.354,1.606,-10.779
428.865,25.660,-0.446,2.000,226.685,-7.263,5.712,-9.046,1.606,-10.841
428.872,8.636,-0.446,2.000,203.875,-3.863,3.065,-8.786,1.545,-10.286
428.878,4.114,-0.446,2.000,186.480,-2.852,4.807,-8.206,1.361,-9.377
428.885,-0.149,-0.446,2.000,173.046,-4.964,6.319,-7.794,1.200,-8.363
428.890,-0.297,-0.446,2.000,164.004,-4.578,7.122,-7.394,1.063,-7.300
428.896,-0.297,-0.446,2.000,157.515,-3.947,7.311,-7.102,0.920,-6.138
428.902,-0.595,-0.446,2.000,155.584,-2.768,6.208,-7.028,0.779,-4.816
428.908,-0.595,-0.446,2.000,153.962,-1.569,5.070,-6.955,0.640,-3.761
428.914,-0.595,-0.446,2.000,154.399,-4.256,6.334,-6.975,0.498,-2.749
428.920,-0.595,-0.446,2.000,154.940,-2.419,7.570,-6.999,0.359,-1.972
428.926,-0.595,-0.446,2.000,157.194,-0.457,5.993,-7.101,0.217,-1.231
428.932,-0.595,-0.446,2.000,159.898,1.124,4.677,-7.222,0.074,-0.641
428.938,-0.595,-0.446,2.000,160.477,2.384,2.235,-7.248,-0.071,-0.462
428.944,-0.595,-0.446,2.000,161.350,-0.194,3.001,-7.288,-0.219,-0.287
428.950,-0.595,-0.446,2.000,163.818,-1.378,5.849,-7.399,-0.368,-0.032
428.956,-0.297,-0.446,2.000,164.165,-1.033,9.039,-7.401,-0.516,-0.004
428.962,-0.297,-0.446,2.000,158.359,-0.743,8.273,-7.140,-0.666,-0.633
428.968,-0.297,-0.446,2.000,152.158,-1.787,10.093,-6.860,-0.807,-1.160
428.974,0.000,-0.446,2.000,144.645,-0.387,10.513,-6.509,-0.940,-1.675
428.980,0.000,-0.446,2.000,134.945,-1.070,7.329,-6.073,-1.052,-2.323
428.985,0.000,-0.446,2.000,127.206,-4.589,6.500,-5.724,-1.158,-2.597
428.991,0.000,-0.446,2.000,118.731,-8.988,5.871,-5.343,-1.259,-2.961
428.996,0.000,-0.446,2.000,110.051,-13.184,8.082,-4.952,-1.352,-3.285
429.002,0.000,-0.446,2.000,100.656,-13.653,8.258,-4.529,-1.441,-3.598
429.007,0.000,-0.446,2.000,91.853,-11.658,9.765,-4.133,-1.519,-3.736
429.013,0.000,-0.595,2.000,82.442,-11.766,8.763,-3.710,-1.588,-3.842
429.018,0.000,-0.595,2.000,74.754,-13.312,10.901,-3.364,-1.647,-3.763
429.023,0.000,-0.595,2.000,66.036,-17.549,13.461,-2.972,-1.699,-3.828
429.028,0.000,-0.595,2.000,57.548,-19.641,11.382,-2.590,-1.746,-3.870
429.033,0.000,-0.595,2.000,50.088,-21.813,9.019,-2.254,-1.786,-3.780
429.039,0.000,-0.446,2.000,45.103,-22.533,6.246,-2.030,-1.824,-3.423
429.045,0.000,-0.446,2.000,40.392,-24.003,5.648,-1.818,-1.860,-3.108
429.050,0.000,-0.446,2.000,37.194,-24.172,6.765,-1.674,-1.891,-2.709
429.055,0.000,-0.446,2.000,33.838,-20.925,5.813,-1.523,-1.920,-2.416
429.061,0.000,-0.446,2.000,33.987,-19.331,6.896,-1.529,-1.947,-1.763
429.066,0.000,-0.446,2.000,32.473,-17.569,8.065,-1.461,-1.973,-1.453
429.072,0.000,-0.446,2.000,32.388,-18.200,8.739,-1.457,-1.999,-1.058
429.077,0.000,-0.446,2.000,31.342,-18.361,9.082,-1.410,-2.024,-0.870
429.083,0.000,-0.446,2.000,31.866,-15.533,9.837,-1.434,-2.050,-0.579
429.088,0.000,-0.446,2.000,32.977,-13.238,9.500,-1.484,-2.078,-0.324
429.094,0.000,-0.446,2.000,32.006,-11.993,10.215,-1.440,-2.104,-0.376
429.099,0.000,-0.446,2.000,31.712,-12.167,9.543,-1.427,-2.130,-0.322
429.105,0.000,-0.446,2.000,33.950,-10.215,8.591,-1.528,-2.157,0.024
429.110,0.000,-0.446,2.000,35.730,-9.960,9.141,-1.608,-2.185,0.250
429.115,0.000,-0.446,2.000,36.621,-10.195,8.186,-1.648,-2.214,0.322
429.121,0.000,-0.446,2.000,36.220,-9.451,8.162,-1.630,-2.244,0.247
429.127,0.000,-0.446,2.000,34.482,-10.092,9.563,-1.552,-2.272,0.051
429.132,0.000,-0.446,2.000,30.577,-11.145,10.201,-1.376,-2.297,-0.366
429.137,0.000,-0.446,2.000,27.308,-11.676,11.154,-1.229,-2.321,-0.646
429.143,0.000,-0.446,2.000,24.825,-11.893,11.208,-1.117,-2.342,-0.793
429.148,0.000,-0.446,2.000,20.623,-11.909,10.801,-0.928,-2.361,-1.129
429.154,0.000,-0.446,2.000,15.056,-11.057,9.817,-0.678,-2.376,-1.519
429.159,0.000,-0.446,2.000,11.991,-9.137,7.639,-0.540,-2.387,-1.500
429.165,0.000,-0.446,2.000,11.539,-8.068,7.681,-0.519,-2.397,-1.197
429.170,0.000,-0.446,2.000,7.677,-9.698,7.091,-0.345,-2.405,-1.361
429.176,0.000,-0.446,2.000,2.882,-11.944,5.310,-0.130,-2.408,-1.567
429.181,0.000,-0.446,2.000,-2.680,-13.299,4.400,0.121,-2.408,-1.846
429.187,0.297,-0.446,2.000,-8.021,-14.949,7.320,0.374,-2.404,-1.996
429.193,4.436,-0.446,2.000,-10.851,-15.481,8.322,0.688,-2.392,-1.817
429.200,4.436,-0.446,2.000,-13.224,-15.313,8.711,0.795,-2.376,-1.594
429.206,4.436,-0.446,2.000,-16.594,-19.189,8.958,0.946,-2.355,-1.484
429.213,96.529,-0.893,2.000,-18.129,-20.885,10.841,5.160,-2.305,-1.270
429.219,96.529,-0.893,2.000,-18.728,-18.883,10.314,5.187,-2.192,-0.991
429.226,96.529,-0.893,2.000,-20.812,-18.759,9.959,5.280,-2.079,-0.920
429.232,96.529,-0.893,2.000,-18.809,-18.047,8.123,5.190,-1.967,-0.519
429.239,377.077,-1.192,2.000,-17.035,-18.331,6.195,17.735,-1.928,-0.211
429.245,377.077,-1.192,2.000,-10.016,-17.483,7.067,17.419,-1.928,0.591
429.251,495.890,-1.043,2.000,-0.169,-16.063,6.704,22.323,-1.928,1.451
429.258,495.890,-1.043,2.000,11.135,-14.253,5.801,21.814,-1.928,2.202
429.265,495.890,-1.043,2.000,31.903,-8.540,7.700,20.879,-1.928,3.614
429.271,495.890,-1.043,2.000,62.800,-9.425,9.555,19.489,-1.928,5.634
429.278,507.326,-2.096,2.000,100.525,-7.367,1.713,18.306,-1.928,7.765
429.284,507.326,-2.096,2.000,144.239,-10.735,4.233,16.339,-1.928,9.942
429.291,507.326,-2.096,2.000,190.110,-11.298,0.390,14.275,-1.928,11.801
429.298,428.169,-5.589,2.000,238.571,-14.672,7.547,8.532,-1.866,13.445
429.304,398.791,-5.928,2.000,279.911,-10.570,5.019,5.350,-1.710,13.883
429.311,398.791,-5.928,2.000,317.104,-11.969,9.800,3.676,-1.615,13.890
429.318,304.539,-7.153,2.000,345.565,-14.262,-0.885,-1.846,-1.647,13.082
429.324,254.486,-7.153,2.000,364.316,-12.327,-1.654,-4.942,-1.751,11.556
429.331,254.486,-7.153,2.000,369.907,-12.677,-4.509,-5.194,-1.866,9.169
429.338,254.486,-7.153,2.000,366.067,-12.704,-1.852,-5.021,-1.982,6.469
429.345,131.417,-7.153,2.000,354.812,-14.584,3.915,-10.053,-2.054,3.782
429.351,131.417,-7.153,2.000,331.277,-17.894,2.451,-8.994,-2.115,0.540
429.357,131.417,-7.153,2.000,304.792,-22.934,3.853,-7.802,-2.286,-2.251
429.363,131.417,-7.153,2.000,272.385,-26.563,1.377,-6.344,-2.427,-4.889
429.370,29.897,-1.642,2.000,236.518,-29.379,2.802,-9.298,-2.468,-7.240
429.376,27.145,-1.043,2.000,201.598,-28.774,0.295,-7.850,-2.645,-8.850
429.383,27.145,-1.043,2.000,165.236,-30.412,2.188,-6.214,-2.794,-10.034
429.389,27.145,-1.043,2.000,130.796,-28.476,0.542,-4.664,-2.910,-10.738
429.396,27.145,-1.043,2.000,98.639,-28.582,3.338,-3.217,-2.993,-10.975
429.403,8.069,-0.595,2.000,67.618,-22.796,1.588,-2.680,-3.060,-11.291
429.409,8.069,-0.595,2.000,44.456,-16.108,-0.109,-1.637,-3.101,-10.808
429.415,4.114,-0.595,2.000,23.474,-13.336,1.402,-0.871,-3.124,-10.181
429.421,0.595,-0.595,2.000,9.979,-8.075,2.053,-0.422,-3.134,-9.008
429.427,0.595,-0.595,2.000,1.841,-4.988,2.286,-0.056,-3.138,-7.667
429.433,0.595,-0.595,2.000,-1.881,-5.272,3.116,0.111,-3.137,-6.182
429.438,-0.149,-0.595,2.000,-2.660,-2.007,2.779,0.113,-3.135,-4.748
429.443,-0.149,-0.744,2.000,-0.992,-0.419,2.522,0.038,-3.133,-3.349
429.449,-0.149,-0.744,2.000,-1.004,2.600,2.983,0.038,-3.133,-2.510
429.455,-0.297,-0.744,2.000,1.554,7.290,2.270,-0.083,-3.134,-1.634
429.461,-0.297,-0.744,2.000,4.699,7.292,0.966,-0.225,-3.137,-0.892
429.467,-0.297,-0.744,2.000,7.114,2.385,2.563,-0.334,-3.144,-0.466
429.474,-0.297,-0.744,2.000,11.409,-0.286,3.353,-0.527,-3.153,0.104
429.480,-0.446,-0.744,2.000,11.359,4.050,-0.825,-0.531,-3.165,0.070
429.487,-0.446,-0.744,2.000,15.082,7.014,-2.940,-0.699,-3.178,0.423
429.493,-0.446,-0.744,2.000,9.163,5.721,-2.089,-0.432,-3.190,-0.269
429.499,-0.446,-0.744,2.000,12.209,-0.545,2.649,-0.569,-3.202,0.071
429.506,-0.446,-0.595,2.000,6.967,-3.554,2.343,-0.334,-3.210,-0.432
429.512,-0.446,-0.595,2.000,0.250,-3.577,3.569,-0.031,-3.213,-1.028
429.518,-0.446,-0.595,2.000,-5.745,-4.188,4.020,0.238,-3.210,-1.393
429.524,-0.446,-0.595,2.000,-11.720,-3.074,2.240,0.507,-3.202,-1.670
429.530,-0.446,-0.595,2.000,-20.745,-3.106,2.088,0.913,-3.187,-2.220
429.536,-0.446,-0.595,2.000,-30.680,-4.473,3.323,1.361,-3.163,-2.732
429.542,-0.446,-0.595,2.000,-39.165,-5.328,4.559,1.742,-3.131,-2.912
429.548,-9.416,-0.893,2.000,-46.967,-3.728,2.472,1.690,-3.097,-2.945
429.555,-9.416,-0.893,2.000,-55.531,1.965,1.124,2.075,-3.056,-3.056
429.561,-9.416,-0.893,2.000,-63.569,1.441,2.122,2.437,-3.006,-3.057
429.568,-49.377,-0.744,2.000,-70.801,2.232,4.811,0.964,-2.962,-3.018
429.575,-103.917,-0.595,2.000,-76.120,2.056,3.973,-1.251,-2.954,-2.758
429.581,-103.917,-0.595,2.000,-77.796,4.361,4.094,-1.175,-2.980,-2.230
429.587,-103.917,-0.595,2.000,-83.671,4.689,4.212,-0.911,-3.000,-2.279
429.593,-198.179,-0.446,2.000,-85.866,5.895,4.352,-5.054,-3.077,-1.954
429.600,-296.944,-0.446,2.000,-89.640,5.289,5.400,-9.329,-3.114,-1.819
429.606,-296.944,-0.446,2.000,-95.926,4.805,5.197,-9.046,-3.114,-1.952
429.613,-462.818,-0.446,2.000,-104.103,5.273,4.235,-16.142,-3.243,-2.246
429.619,-462.818,-0.446,2.000,-115.382,6.786,2.899,-15.635,-3.243,-2.836
429.626,-495.890,-0.297,2.000,-134.680,5.829,2.344,-16.254,-3.243,-4.034
429.632,-495.890,-0.297,2.000,-156.715,3.348,6.658,-15.263,-3.243,-5.284
429.638,-503.491,-0.446,2.000,-187.250,4.083,5.299,-14.231,-3.243,-7.008
429.645,-488.382,-0.446,2.000,-219.805,1.505,8.860,-12.086,-3.243,-8.400
429.651,-488.382,-0.446,2.000,-260.561,3.691,9.885,-10.252,-3.243,-10.222
429.658,-488.382,-0.446,2.000,-301.794,1.751,12.481,-8.396,-3.366,-11.656
429.664,-441.770,-0.446,2.000,-345.989,4.578,11.582,-4.310,-3.475,-13.000
429.671,-441.770,-0.446,2.000,-382.809,4.964,8.961,-2.653,-3.547,-13.252
429.677,-441.770,-0.446,2.000,-419.309,5.845,8.016,-1.011,-3.581,-13.442
429.684,-441.770,-0.446,2.000,-446.921,8.406,4.812,0.232,-3.584,-12.709
429.690,-233.081,-0.595,2.000,-468.509,7.382,5.845,10.594,-3.574,-11.636
429.697,-233.081,-0.595,2.000,-484.174,6.561,7.590,11.299,-3.574,-10.326
429.703,-233.081,-0.595,2.000,-490.185,3.550,8.614,11.570,-3.574,-8.374
429.709,-233.081,-0.595,2.000,-488.259,-2.980,8.140,11.483,-3.574,-6.081
429.715,-102.835,-0.595,2.000,-477.781,-3.254,7.964,16.873,-3.574,-3.488
429.721,-102.835,-0.595,2.000,-458.307,-6.890,7.509,15.996,-3.574,-0.651
429.727,-102.835,-0.595,2.000,-434.552,-9.739,2.387,14.927,-3.574,1.915
429.734,-30.306,-0.595,2.000,-407.326,-9.348,4.493,16.966,-3.574,4.193
429.740,-30.306,-0.595,2.000,-375.215,-13.796,4.053,15.521,-3.574,6.414
429.746,-30.306,-0.595,2.000,-340.739,-18.495,-0.251,13.969,-3.574,8.326
429.752,-0.595,-0.595,2.000,-304.827,-20.106,5.723,13.690,-3.574,9.852
429.758,-0.595,-0.595,2.000,-269.539,-18.070,9.637,12.102,-3.574,11.234
429.764,-0.297,-0.446,2.000,-240.059,-17.100,5.676,10.789,-3.574,11.501
429.770,0.000,-0.446,2.000,-212.293,-17.419,3.177,9.553,-3.574,11.574
429.775,0.000,-0.446,2.000,-191.925,-15.675,4.199,8.637,-3.470,11.004
429.781,0.000,-0.446,2.000,-174.904,-13.322,2.260,7.871,-3.321,10.240
429.786,0.000,-0.446,2.000,-164.574,-11.917,2.685,7.406,-3.185,8.878
429.791,0.000,-0.446,2.000,-158.256,-10.459,4.239,7.122,-3.054,7.398
429.797,0.000,-0.446,2.000,-157.287,-8.250,6.867,7.078,-2.925,5.665
429.802,0.149,-0.446,2.000,-159.917,-6.293,6.116,7.203,-2.793,3.954
429.808,0.149,-0.446,2.000,-163.518,-4.006,5.108,7.365,-2.660,2.553
429.813,0.595,-0.446,2.000,-167.212,-4.132,5.252,7.551,-2.525,1.478
429.819,0.595,-0.446,2.000,-173.318,-2.787,5.651,7.826,-2.371,0.489
429.826,1.342,-0.446,2.000,-179.424,-4.344,5.434,8.134,-2.202,-0.224
429.832,1.342,-0.446,2.000,-184.446,-2.724,4.699,8.360,-2.025,-0.648
429.838,2.706,-0.446,2.000,-191.052,-1.642,4.850,8.719,-1.841,-1.125
429.845,2.860,-0.446,2.000,-192.614,-3.579,5.183,8.796,-1.649,-1.006
429.852,2.860,-0.446,2.000,-191.080,-5.171,6.576,8.727,-1.459,-0.602
429.858,2.860,-0.446,2.000,-185.075,-2.031,6.764,8.457,-1.275,0.135
429.864,2.706,-0.446,2.000,-183.094,-3.924,4.422,8.361,-1.094,0.291
429.871,2.706,-0.446,2.000,-171.445,-6.476,5.941,7.837,-0.921,1.355
429.877,2.706,-0.446,2.000,-161.086,-4.278,4.770,7.371,-0.759,2.052
429.884,2.553,-0.446,2.000,-150.685,-5.129,2.293,6.896,-0.607,2.577
429.890,2.400,-0.446,2.000,-136.402,-9.296,1.249,6.246,-0.467,3.320
429.896,2.400,-0.446,2.000,-121.834,-8.576,3.714,5.591,-0.348,3.970
429.902,2.400,-0.446,2.000,-108.441,-8.371,3.185,4.988,-0.246,4.398
429.908,0.595,-0.446,2.000,-96.246,-9.893,1.878,4.358,-0.156,4.532
429.914,0.595,-0.446,2.000,-84.440,-9.112,3.035,3.827,-0.077,4.595
429.920,0.595,-0.446,2.000,-70.925,-8.360,4.251,3.218,-0.009,4.844
429.926,0.446,-0.446,2.000,-62.802,-4.008,4.580,2.846,0.052,4.465
429.933,0.446,-0.446,2.000,-55.246,-4.172,5.798,2.506,0.106,4.061
429.939,0.446,-0.446,2.000,-47.712,-5.094,8.980,2.167,0.155,3.752
429.945,0.446,-0.446,2.000,-40.819,-3.114,7.875,1.857,0.196,3.501
429.952,0.595,-0.446,2.000,-37.577,0.425,6.335,1.718,0.233,2.962
429.958,0.595,-0.446,2.000,-36.057,1.555,5.967,1.649,0.267,2.409
429.964,0.595,-0.446,2.000,-34.340,0.405,5.928,1.572,0.299,2.003
429.970,0.595,-0.297,2.000,-35.186,1.521,6.832,1.610,0.330,1.415
429.975,0.595,-0.446,2.000,-34.015,2.451,8.659,1.557,0.360,1.198
429.981,0.595,-0.446,2.000,-35.204,1.748,8.283,1.611,0.392,0.766
429.987,0.595,-0.446,2.000,-35.671,3.903,9.224,1.632,0.425,0.528
429.993,0.595,-0.446,2.000,-35.448,5.354,8.995,1.622,0.457,0.422
429.999,0.744,-0.446,2.000,-35.999,4.841,8.261,1.653,0.491,0.287
430.006,0.744,-0.446,2.000,-38.236,6.481,7.422,1.754,0.528,0.014
430.012,0.744,-0.446,2.000,-37.825,3.511,8.086,1.736,0.565,0.004
430.019,0.744,-0.446,2.000,-33.968,0.282,10.287,1.562,0.601,0.416
430.025,1.642,-0.446,2.000,-33.129,2.645,10.227,1.565,0.634,0.374
430.032,1.642,-0.446,2.000,-30.121,4.258,8.704,1.429,0.667,0.601
430.038,4.275,-0.446,2.000,-28.639,0.668,10.199,1.481,0.698,0.567
430.045,5.089,-0.446,2.000,-25.553,0.081,11.249,1.379,0.729,0.737
430.051,5.089,-0.446,2.000,-24.077,2.205,12.044,1.312,0.757,0.675
430.058,5.089,-0.446,2.000,-18.420,3.373,12.148,1.058,0.782,1.077
430.064,12.836,-0.446,2.000,-14.338,7.419,12.426,1.223,0.810,1.219
430.071,18.518,-0.446,2.000,-12.587,8.389,12.467,1.400,0.838,1.067
430.077,18.518,-0.446,2.000,-10.798,7.565,13.271,1.319,0.867,0.937
430.083,29.897,-0.446,2.000,-5.856,8.050,12.227,1.609,0.896,1.188
430.090,29.897,-0.446,2.000,-3.842,9.869,12.225,1.518,0.928,1.125
430.096,35.101,-0.446,2.000,-3.057,13.350,12.580,1.717,0.965,0.916
430.102,35.101,-0.446,2.000,-1.854,14.990,13.849,1.663,1.000,0.781
430.109,35.101,-0.446,2.000,0.813,15.014,14.585,1.543,1.034,0.845
430.115,122.500,-0.446,2.000,4.232,14.452,13.447,5.322,1.120,0.974
430.122,196.369,-0.446,2.000,6.909,13.673,12.007,8.526,1.257,1.023
430.128,196.369,-0.446,2.000,5.961,16.132,11.616,8.568,1.442,0.680
430.135,196.369,-0.446,2.000,11.244,13.937,13.646,8.331,1.626,0.973
430.141,499.679,-0.446,2.000,17.823,10.681,13.132,21.684,1.626,1.379
430.148,526.856,-0.446,2.000,27.896,11.767,12.596,22.453,1.626,2.011
430.154,526.856,-0.446,2.000,46.478,11.464,10.383,21.617,1.626,3.290
430.161,700.882,-0.446,2.000,69.563,7.810,8.059,28.409,1.626,4.718
430.167,726.189,-0.446,2.000,104.951,9.430,9.953,27.956,1.626,6.972
430.173,726.189,-0.446,2.000,150.078,5.134,9.779,25.925,1.626,9.623
430.180,726.189,-0.446,2.000,197.673,11.227,4.280,23.783,1.626,11.854
430.187,768.210,-0.446,2.000,254.234,8.074,7.220,23.129,1.626,14.244
430.193,762.853,-0.446,2.000,316.859,10.154,10.671,20.070,1.626,16.733
430.199,762.853,-0.446,2.000,376.624,4.880,7.985,17.380,1.626,18.397
430.206,681.152,-0.744,2.000,439.366,4.505,6.631,10.880,1.626,19.862
430.213,681.152,-0.744,2.000,496.071,-2.546,-1.135,8.329,1.685,20.232
430.219,681.152,-0.744,2.000,549.170,-2.638,4.733,5.939,1.835,20.140
430.226,681.152,-0.744,2.000,589.413,0.533,1.282,4.128,1.939,18.873
430.233,681.152,-0.744,2.000,619.352,3.402,6.971,2.781,2.012,16.891
430.239,681.152,-0.744,2.000,642.084,6.549,7.127,1.758,2.058,14.802
430.246,263.474,-7.153,2.000,652.162,10.332,10.238,-17.491,2.080,12.027
430.253,194.573,-6.974,2.000,650.551,14.920,8.703,-20.519,2.080,8.882
430.259,194.573,-6.974,2.000,641.486,12.669,9.534,-20.111,2.080,5.790
430.266,194.573,-6.974,2.000,617.382,16.037,4.171,-19.026,2.080,2.073
430.273,64.096,-4.598,2.000,583.769,14.884,8.571,-23.385,2.080,-1.617
430.279,36.504,-1.642,2.000,537.986,11.306,8.048,-22.567,2.080,-5.494
430.286,29.090,-1.043,2.000,487.956,16.513,10.475,-20.649,2.080,-8.791
430.293,29.090,-1.043,2.000,429.449,15.043,11.226,-18.016,2.080,-12.091
430.299,5.928,-0.446,2.000,365.181,14.151,9.313,-16.166,2.080,-15.126
430.306,4.760,-0.446,2.000,310.132,18.800,12.032,-13.742,2.080,-16.692
430.312,4.760,-0.446,2.000,252.484,19.837,8.331,-11.148,2.080,-18.102
430.319,4.760,-0.446,2.000,205.321,18.985,11.949,-9.025,2.080,-18.123
430.325,0.000,-0.446,2.000,164.408,15.916,10.178,-7.398,1.917,-17.799
430.330,0.000,-0.446,2.000,135.693,10.493,13.840,-6.106,1.795,-16.578
430.336,0.000,-0.446,2.000,116.816,6.963,14.345,-5.257,1.694,-14.601
430.341,0.000,-0.446,2.000,104.099,2.126,13.869,-4.684,1.606,-12.387
430.347,0.000,-0.595,2.000,98.480,-2.740,13.498,-4.432,1.526,-9.962
430.352,0.000,-0.595,2.000,101.015,-5.249,11.784,-4.546,1.448,-7.172
430.357,0.000,-0.595,2.000,107.520,-4.358,12.664,-4.838,1.368,-4.573
430.362,0.000,-0.595,2.000,115.895,-1.638,13.062,-5.215,1.280,-2.444
430.367,-0.149,-0.595,2.000,127.596,-2.404,11.876,-5.748,1.183,-0.389
430.373,-0.149,-0.595,2.000,138.504,-4.185,11.107,-6.239,1.079,0.993
430.378,-0.149,-0.595,2.000,149.102,-3.252,8.306,-6.716,0.966,2.038
430.383,-0.595,-0.595,2.000,157.775,-2.389,9.765,-7.127,0.845,2.553
430.389,-0.595,-0.595,2.000,163.596,-0.404,13.339,-7.389,0.706,2.545
430.394,-1.192,-0.595,2.000,165.783,1.127,15.665,-7.514,0.564,2.146
430.400,-2.096,-0.595,2.000,168.313,4.029,16.519,-7.668,0.413,1.827
430.406,-2.096,-0.595,2.000,163.360,8.301,15.495,-7.445,0.259,0.891
430.413,-2.096,-0.595,2.000,153.615,9.324,13.734,-7.007,0.110,-0.209
430.419,-12.155,-0.744,2.000,139.037,12.466,11.716,-6.804,-0.043,-1.536
430.426,-17.112,-0.893,2.000,121.704,13.992,10.502,-6.247,-0.187,-2.809
430.432,-17.112,-0.893,2.000,102.699,17.178,8.722,-5.391,-0.310,-3.937
430.439,-17.112,-0.893,2.000,82.318,17.678,11.223,-4.474,-0.414,-4.908
430.445,-17.112,-0.893,2.000,59.275,15.023,15.713,-3.437,-0.495,-5.866
430.452,-241.464,-0.297,2.000,39.626,16.490,14.663,-12.649,-0.539,-6.278
430.458,-241.464,-0.297,2.000,20.536,20.806,13.868,-11.790,-0.539,-6.599
430.464,-294.447,-0.297,2.000,1.205,21.601,14.674,-13.304,-0.539,-6.873
430.471,-294.447,-0.297,2.000,-17.968,22.032,13.877,-12.442,-0.539,-7.121
430.477,-294.447,-0.297,2.000,-34.070,20.365,15.408,-11.717,-0.539,-6.959
430.483,-294.447,-0.297,2.000,-53.470,18.509,14.780,-10.844,-0.539,-7.150
430.489,-294.447,-0.297,2.000,-71.486,19.289,13.060,-10.033,-0.539,-7.204
430.495,-294.447,-0.297,2.000,-90.717,16.911,14.669,-9.168,-0.539,-7.339
430.502,-477.291,-0.446,2.000,-110.179,13.399,16.659,-16.520,-0.606,-7.383
430.508,-488.382,-0.446,2.000,-130.425,15.044,14.663,-16.108,-0.606,-7.524
430.515,-488.382,-0.446,2.000,-149.364,14.936,13.199,-15.256,-0.606,-7.475
430.521,-522.903,-0.446,2.000,-174.320,12.233,13.058,-15.686,-0.606,-8.008
430.528,-522.903,-0.446,2.000,-197.355,10.150,14.334,-14.650,-0.606,-8.247
430.534,-522.903,-0.446,2.000,-224.889,8.038,12.935,-13.411,-0.606,-8.851
430.541,-522.903,-0.446,2.000,-251.523,4.459,14.262,-12.212,-0.606,-9.249
430.548,-511.185,-0.446,2.000,-281.783,4.944,14.399,-10.323,-0.606,-9.796
430.554,-511.185,-0.446,2.000,-310.940,2.521,13.226,-9.011,-0.606,-10.182
430.561,-414.906,-0.446,2.000,-336.916,0.741,13.196,-3.510,-0.754,-10.117
430.567,-414.906,-0.446,2.000,-365.505,2.023,11.729,-2.223,-0.812,-10.372
430.574,-350.558,-0.446,2.000,-388.574,1.237,11.258,1.711,-0.783,-10.024
430.580,-350.558,-0.446,2.000,-408.502,0.960,13.526,2.607,-0.732,-9.425
430.587,-224.932,-0.446,2.000,-423.257,3.492,12.343,8.925,-0.711,-8.498
430.593,-172.390,-0.446,2.000,-428.897,3.432,12.619,11.543,-0.711,-6.945
430.600,-172.390,-0.446,2.000,-426.997,0.377,12.271,11.457,-0.711,-5.023
430.606,-172.390,-0.446,2.000,-418.934,2.461,13.583,11.095,-0.711,-2.982
430.613,-172.390,-0.446,2.000,-402.026,0.542,11.941,10.334,-0.711,-0.612
430.619,-58.390,-0.446,2.000,-379.085,-4.225,8.424,14.431,-0.711,1.752
430.625,-58.390,-0.446,2.000,-352.549,-4.598,9.045,13.237,-0.711,3.833
430.632,-58.390,-0.446,2.000,-320.800,-10.764,6.148,11.808,-0.711,5.949
430.639,-14.757,-0.446,2.000,-289.820,-9.044,7.470,12.378,-0.711,7.381
430.645,-14.757,-0.446,2.000,-256.705,-13.723,10.426,10.888,-0.711,8.758
430.652,-14.757,-0.446,2.000,-229.475,-14.789,4.806,9.662,-0.711,9.185
430.658,-5.421,-0.446,2.000,-197.112,-19.178,8.694,8.626,-0.649,10.005
430.664,-3.639,-0.446,2.000,-173.417,-22.742,-0.235,7.640,-0.479,9.854
430.671,-3.639,-0.446,2.000,-147.466,-19.973,6.509,6.472,-0.336,9.945
430.677,-1.793,-0.446,2.000,-129.353,-16.344,10.241,5.740,-0.211,9.294
430.684,-1.492,-0.446,2.000,-116.047,-12.267,7.810,5.155,-0.094,8.298
430.690,-1.492,-0.446,2.000,-107.661,-6.716,8.393,4.778,0.011,7.007
430.696,-1.342,-0.446,2.000,-103.850,-3.392,3.308,4.613,0.110,5.579
430.703,-1.342,-0.446,2.000,-100.440,0.208,7.055,4.459,0.207,4.536
430.709,-0.744,-0.446,2.000,-101.024,8.883,7.847,4.513,0.304,3.330
430.716,-0.744,-0.446,2.000,-104.748,14.580,5.361,4.680,0.404,2.154
430.722,-0.744,-0.446,2.000,-110.188,14.779,6.426,4.925,0.509,1.115
430.729,-0.744,-0.446,2.000,-115.137,19.705,7.455,5.148,0.618,0.339
430.735,-0.149,-0.446,2.000,-118.754,22.112,6.354,5.337,0.724,-0.111
430.740,-0.149,-0.446,2.000,-122.289,23.758,5.554,5.496,0.823,-0.459
430.746,-0.149,-0.446,2.000,-125.858,22.132,6.398,5.657,0.924,-0.759
430.751,-0.149,-0.446,2.000,-129.350,20.662,4.629,5.814,1.027,-0.988
430.756,0.000,-0.297,2.000,-129.023,20.604,2.998,5.806,1.128,-0.752
430.761,0.000,-0.446,2.000,-126.340,18.185,3.613,5.685,1.224,-0.299
430.767,0.000,-0.446,2.000,-122.385,12.396,5.079,5.507,1.324,0.213
430.772,0.000,-0.297,2.000,-116.665,9.965,6.900,5.250,1.420,0.789
430.777,0.000,-0.297,2.000,-110.455,8.540,6.452,4.970,1.506,1.301
430.783,0.000,-0.297,2.000,-101.689,6.331,4.817,4.576,1.585,1.979
430.788,0.000,-0.297,2.000,-90.828,3.312,6.912,4.087,1.658,2.762
430.793,0.000,-0.297,2.000,-81.072,3.411,9.999,3.648,1.723,3.250
430.798,0.000,-0.297,2.000,-70.533,2.588,9.356,3.174,1.781,3.750
430.803,0.000,-0.297,2.000,-60.667,-1.176,6.520,2.730,1.831,4.029
430.808,0.000,-0.297,2.000,-49.799,-3.774,2.985,2.241,1.872,4.360
430.814,0.000,-0.297,2.000,-40.574,-4.708,3.725,1.826,1.906,4.403
430.819,0.000,-0.297,2.000,-34.635,-3.070,7.177,1.559,1.935,4.030
430.824,0.000,-0.297,2.000,-28.928,-2.242,4.564,1.302,1.958,3.701
430.829,0.000,-0.297,2.000,-23.065,-2.331,4.045,1.038,1.977,3.462
430.834,0.000,-0.297,2.000,-19.520,-2.216,5.067,0.878,1.992,3.016
430.839,0.000,-0.297,2.000,-17.326,-1.000,6.803,0.780,2.006,2.527
430.844,0.000,-0.297,2.000,-17.530,0.969,5.615,0.789,2.019,1.892
430.849,0.000,-0.297,2.000,-17.673,6.084,7.393,0.795,2.033,1.431
430.855,0.000,-0.297,2.000,-16.916,7.448,8.947,0.761,2.048,1.235
430.860,0.000,-0.297,2.000,-18.485,10.418,8.332,0.832,2.062,0.777
430.865,0.000,-0.297,2.000,-19.584,12.354,6.001,0.881,2.078,0.484
430.870,0.000,-0.297,2.000,-20.399,14.416,6.871,0.918,2.093,0.260
430.875,0.000,-0.297,2.000,-23.547,15.695,7.123,1.060,2.110,-0.224
430.880,0.000,-0.297,2.000,-26.149,17.653,5.981,1.177,2.128,-0.537
430.886,0.000,-0.297,2.000,-26.854,19.960,5.950,1.208,2.148,-0.575
430.891,0.000,-0.297,2.000,-26.782,17.306,6.660,1.205,2.167,-0.522
430.896,0.000,-0.297,2.000,-27.465,13.984,7.206,1.236,2.188,-0.516
430.901,0.000,-0.297,2.000,-24.610,14.703,9.242,1.107,2.207,-0.072
430.906,0.000,-0.297,2.000,-21.959,12.655,10.248,0.988,2.225,0.246
430.911,0.000,-0.297,2.000,-21.212,11.750,9.169,0.955,2.241,0.251
430.917,0.000,-0.297,2.000,-19.689,10.842,7.812,0.886,2.255,0.314
430.922,0.000,-0.297,2.000,-16.788,15.352,7.049,0.755,2.268,0.526
430.927,0.000,-0.297,2.000,-12.070,17.011,6.820,0.543,2.277,0.892
430.932,0.000,-0.297,2.000,-6.766,17.762,6.073,0.304,2.283,1.256
430.937,0.000,-0.297,2.000,-0.855,16.578,7.411,0.038,2.285,1.633
430.942,0.000,-0.297,2.000,3.165,17.481,10.364,-0.142,2.283,1.693
430.948,0.000,-0.297,2.000,7.365,16.817,11.223,-0.331,2.279,1.784
430.953,0.000,-0.297,2.000,11.898,17.073,10.737,-0.535,2.271,1.903
430.958,0.000,-0.297,2.000,15.942,18.890,8.279,-0.717,2.260,1.927
430.964,0.000,0.000,2.000,20.656,20.930,4.123,-0.930,2.242,1.894
430.970,0.000,0.893,2.000,27.738,18.469,5.773,-1.248,2.218,2.172
430.976,0.000,1.043,2.000,30.335,17.945,6.761,-1.365,2.194,1.964
430.982,0.000,1.043,2.000,32.359,19.015,7.663,-1.456,2.167,1.692
430.987,0.000,3.796,2.000,34.166,22.927,7.362,-1.537,2.139,1.461
430.993,0.000,7.333,2.000,35.112,24.129,7.059,-1.580,2.109,1.173
430.998,0.000,7.333,2.000,33.270,27.131,6.185,-1.497,2.080,0.659
431.004,0.000,10.639,2.000,32.394,29.726,4.561,-1.458,2.052,0.401
431.010,0.000,10.639,2.000,31.050,27.230,5.510,-1.397,2.026,0.156
431.015,0.000,15.518,2.000,31.660,28.310,6.440,-1.425,2.000,0.192
431.021,0.000,15.518,2.000,31.363,25.925,9.409,-1.411,1.973,0.110
431.027,0.000,15.518,2.000,30.297,29.480,7.339,-1.363,1.947,-0.035
431.032,0.000,20.000,2.000,30.528,31.855,6.227,-1.374,1.921,0.015
431.038,0.000,20.000,2.000,29.885,33.554,5.873,-1.345,1.897,-0.033
431.044,0.000,20.000,2.000,29.059,36.488,4.999,-1.308,1.872,-0.112
431.049,0.000,20.000,2.000,29.325,36.770,6.422,-1.320,1.847,-0.054
431.055,0.000,50.592,2.000,30.046,35.946,6.548,-1.352,1.822,0.043
431.061,0.000,67.882,2.000,33.378,37.305,8.572,-1.502,1.795,0.434
431.066,0.000,67.882,2.000,32.852,38.556,8.060,-1.478,1.767,0.280
431.072,0.000,67.882,2.000,32.784,41.063,9.144,-1.475,1.738,0.152
431.077,0.000,67.882,2.000,33.257,42.294,8.587,-1.497,1.710,0.124
431.083,0.000,67.882,2.000,34.407,43.878,10.006,-1.548,1.680,0.189
431.089,0.000,111.749,2.000,35.401,49.569,9.197,-1.593,1.652,0.277
431.094,0.000,111.749,2.000,34.321,52.547,7.996,-1.544,1.623,0.135
431.100,0.000,135.393,2.000,34.251,55.898,8.713,-1.541,1.595,0.115
431.106,0.000,135.393,2.000,32.961,57.907,6.244,-1.483,1.565,-0.109
431.111,0.149,138.097,2.000,33.759,60.559,4.520,-1.512,1.536,-0.023
431.117,0.149,138.097,2.000,35.180,64.990,6.051,-1.576,1.508,0.152
431.122,0.893,128.818,2.000,34.310,68.289,5.283,-1.504,1.480,0.056
431.129,0.893,128.818,2.000,34.468,74.276,7.740,-1.511,1.446,0.045
431.135,0.893,128.818,2.000,34.499,81.392,7.725,-1.512,1.414,0.037
431.142,0.893,128.818,2.000,34.995,87.117,8.666,-1.535,1.382,0.112
431.148,2.706,101.762,2.000,34.431,93.372,11.387,-1.428,1.350,0.023
431.155,2.706,97.558,2.000,37.395,102.555,8.928,-1.561,1.316,0.305
431.162,2.706,97.558,2.000,37.803,106.882,8.566,-1.579,1.282,0.272
431.168,0.893,48.778,2.000,39.108,107.726,11.264,-1.720,1.245,0.326
431.175,0.893,48.778,2.000,42.057,113.575,8.718,-1.852,1.207,0.549
431.181,0.446,32.419,2.000,41.375,117.425,8.029,-1.842,1.167,0.367
431.188,0.446,32.419,2.000,43.288,115.413,9.833,-1.928,1.126,0.444
431.194,0.000,18.231,2.000,46.504,111.995,11.956,-2.093,1.084,0.652
431.200,0.000,16.839,2.000,47.962,110.388,10.209,-2.158,1.043,0.680
431.205,0.000,16.839,2.000,48.595,108.197,8.834,-2.187,1.003,0.610
431.211,0.000,16.839,2.000,46.859,103.489,8.301,-2.109,0.964,0.311
431.217,0.000,6.797,2.000,43.321,95.789,8.472,-1.949,0.927,-0.142
431.222,0.000,6.797,2.000,42.250,90.232,10.292,-1.901,0.890,-0.235
431.228,0.000,6.797,2.000,40.473,82.981,10.988,-1.821,0.855,-0.405
431.233,0.149,3.482,2.000,37.542,76.330,12.126,-1.683,0.823,-0.606
431.239,0.297,2.400,2.000,35.640,67.434,9.891,-1.590,0.794,-0.622
431.245,0.744,0.000,2.000,32.156,60.900,7.614,-1.414,0.766,-0.753
431.251,0.744,0.000,2.000,28.197,51.503,8.975,-1.235,0.742,-0.974
431.256,1.944,-0.149,2.000,27.940,45.299,7.529,-1.170,0.720,-0.762
431.262,1.944,-0.149,2.000,26.751,40.540,7.506,-1.116,0.698,-0.737
431.267,1.944,-0.149,2.000,23.256,34.901,9.187,-0.959,0.680,-0.926
431.273,1.944,-0.149,2.000,22.546,30.300,8.505,-0.927,0.663,-0.746
431.279,2.400,-0.446,2.000,20.700,25.142,6.766,-0.824,0.647,-0.741
431.285,2.400,-0.446,2.000,20.846,18.194,7.305,-0.830,0.631,-0.522
431.291,2.400,-0.446,2.000,19.050,16.922,7.175,-0.749,0.615,-0.567
431.297,4.436,-0.595,2.000,20.655,17.247,7.061,-0.730,0.601,-0.273
431.303,6.621,-1.043,2.000,21.183,16.843,6.051,-0.655,0.587,-0.149
431.310,8.256,-1.043,2.000,23.685,13.109,7.409,-0.694,0.572,0.133
431.317,8.256,-1.043,2.000,24.540,15.647,8.729,-0.733,0.555,0.154
431.323,25.660,-6.446,2.000,27.082,18.010,7.044,-0.064,0.544,0.398
431.330,25.660,-6.446,2.000,28.799,17.651,5.516,-0.141,0.541,0.451
431.337,25.660,-6.446,2.000,32.393,17.424,8.702,-0.303,0.535,0.655
431.343,71.843,-8.256,2.000,35.635,20.731,5.390,1.629,0.574,0.836
431.350,97.558,-8.636,2.000,35.602,19.774,7.086,2.788,0.635,0.606
431.357,138.097,-8.446,2.000,40.869,16.285,10.267,4.375,0.720,0.945
431.363,138.097,-8.446,2.000,45.354,20.565,8.784,4.173,0.814,1.140
431.370,275.063,-10.224,2.000,48.980,23.149,8.519,10.174,0.876,1.228
431.377,307.105,-10.639,2.000,56.706,19.202,8.929,11.268,0.876,1.628
431.383,307.105,-10.639,2.000,62.250,19.392,9.966,11.018,0.876,1.760
431.390,307.105,-10.639,2.000,76.295,20.771,7.346,10.386,0.876,2.638
431.397,408.399,-10.019,2.000,91.866,19.650,6.530,14.244,0.876,3.463
431.403,418.190,-10.019,2.000,112.158,15.967,8.295,13.771,0.876,4.570
431.410,418.190,-10.019,2.000,134.575,14.468,7.793,12.763,0.876,5.537
431.416,424.822,-10.224,2.000,161.912,8.040,4.642,11.831,0.876,6.729
431.423,421.496,-11.493,2.000,189.218,8.285,7.011,10.452,0.876,7.598
431.430,421.496,-11.493,2.000,220.279,7.023,3.837,9.055,0.876,8.649
431.436,421.496,-11.493,2.000,250.129,1.967,3.891,7.711,1.059,9.264
431.443,350.558,-12.380,2.000,280.159,-0.849,6.285,3.168,1.139,9.767
431.450,309.688,-12.380,2.000,308.166,-8.671,3.930,0.068,1.150,9.955
431.456,309.688,-12.380,2.000,329.250,-7.558,8.015,-0.880,1.136,9.412
431.463,218.971,-14.757,2.000,347.528,-9.002,4.326,-5.785,1.045,8.763
431.470,192.790,-15.008,2.000,359.481,-13.473,7.101,-7.501,0.898,7.641
431.476,192.790,-15.008,2.000,365.179,-14.101,6.842,-7.757,0.729,6.308
431.483,192.790,-15.008,2.000,360.303,-13.241,5.286,-7.538,0.558,4.253
431.490,91.513,-15.008,2.000,349.323,-14.680,6.177,-11.601,0.558,2.163
431.497,51.831,-11.932,2.000,326.444,-14.433,3.814,-12.358,0.558,-0.551
431.503,51.831,-11.932,2.000,302.082,-15.759,8.384,-11.261,0.558,-2.734
431.510,51.831,-11.932,2.000,269.803,-12.381,5.204,-9.809,0.558,-5.096
431.517,9.615,-7.883,2.000,237.743,-12.316,10.152,-10.266,0.494,-6.812
431.523,9.615,-7.883,2.000,201.434,-9.909,9.869,-8.632,0.431,-8.504
431.530,9.615,-7.883,2.000,169.358,-8.755,9.422,-7.188,0.262,-9.383
431.537,9.615,-7.883,2.000,134.479,-8.614,8.165,-5.619,0.122,-10.198
431.543,-0.446,-6.621,2.000,106.913,-7.331,6.175,-4.831,0.007,-10.254
431.550,-3.169,-6.621,2.000,81.835,-10.431,6.283,-3.825,-0.086,-10.025
431.557,-3.169,-6.621,2.000,62.854,-12.891,6.312,-2.971,-0.158,-9.269
431.564,-10.224,-6.621,2.000,48.198,-12.801,6.919,-2.629,-0.219,-8.297
431.570,-11.062,-6.446,2.000,37.909,-16.363,8.182,-2.204,-0.270,-7.189
431.577,-11.062,-6.446,2.000,34.178,-16.102,8.305,-2.036,-0.316,-5.737
431.584,-11.062,-6.446,2.000,31.950,-18.063,9.426,-1.936,-0.361,-4.512
431.590,-15.261,-6.621,2.000,34.207,-16.460,10.692,-2.226,-0.409,-3.173
431.597,-15.777,-6.446,2.000,40.490,-22.632,10.591,-2.532,-0.463,-1.785
431.604,-15.777,-6.446,2.000,43.020,-22.246,7.944,-2.646,-0.521,-1.113
431.610,-15.777,-6.446,2.000,50.844,-21.450,6.708,-2.998,-0.585,-0.113
431.617,-25.299,-6.621,2.000,55.191,-22.144,7.891,-3.622,-0.661,0.335
431.624,-25.299,-6.621,2.000,60.493,-23.571,10.373,-3.861,-0.745,0.749
431.630,-43.642,-6.621,2.000,63.434,-23.655,8.834,-4.818,-0.841,0.830
431.637,-43.642,-6.621,2.000,65.482,-24.335,6.597,-4.911,-0.950,0.787
431.644,-63.360,-6.446,2.000,61.938,-23.739,5.813,-5.638,-1.077,0.278
431.651,-63.360,-6.446,2.000,56.844,-20.334,7.742,-5.409,-1.201,-0.296
431.657,-134.057,-4.760,2.000,49.218,-19.413,9.610,-8.247,-1.364,-0.969
431.664,-170.770,-2.706,2.000,39.885,-19.880,9.958,-9.479,-1.426,-1.584
431.670,-194.573,-1.944,2.000,25.598,-18.204,8.960,-9.908,-1.426,-2.533
431.677,-194.573,-1.944,2.000,11.141,-16.771,10.441,-9.257,-1.426,-3.270
431.684,-194.573,-1.944,2.000,-9.244,-13.230,5.836,-8.340,-1.623,-4.295
431.691,-194.573,-1.944,2.000,-27.846,-11.568,2.530,-7.503,-1.796,-4.938
431.697,-194.573,-1.944,2.000,-51.266,-11.743,6.188,-6.449,-1.946,-5.897
431.704,-377.077,-0.893,2.000,-71.224,-10.725,7.215,-13.763,-1.946,-6.323
431.710,-377.077,-0.893,2.000,-93.450,-11.714,11.021,-12.763,-1.946,-6.892
431.717,-377.077,-0.893,2.000,-119.190,-12.265,10.721,-11.605,-1.946,-7.635
431.724,-466.402,-0.893,2.000,-143.268,-9.784,7.595,-14.541,-1.946,-7.999
431.730,-466.402,-0.893,2.000,-165.954,-10.588,5.454,-13.520,-1.946,-8.178
431.736,-466.402,-0.893,2.000,-194.153,-12.667,5.688,-12.251,-1.946,-8.860
431.743,-495.890,-0.893,2.000,-220.044,-13.428,7.132,-12.413,-1.946,-9.155
431.750,-495.890,-0.893,2.000,-245.516,-17.073,10.208,-11.267,-1.946,-9.301
431.756,-495.890,-0.893,2.000,-274.715,-21.033,12.476,-9.953,-1.946,-9.786
431.763,-495.890,-0.893,2.000,-298.909,-22.675,12.007,-8.864,-2.010,-9.639
431.769,-480.965,-0.893,2.000,-325.762,-22.804,10.864,-6.984,-2.185,-9.767
431.776,-480.965,-0.893,2.000,-349.945,-22.140,9.005,-5.896,-2.322,-9.655
431.782,-473.639,-0.893,2.000,-372.332,-20.288,6.748,-4.559,-2.429,-9.424
431.789,-473.639,-0.893,2.000,-391.020,-18.672,7.791,-3.718,-2.516,-8.844
431.795,-383.182,-0.893,2.000,-408.158,-20.446,10.013,1.124,-2.527,-8.285
431.802,-383.182,-0.893,2.000,-423.803,-20.577,9.425,1.828,-2.493,-7.722
431.808,-320.193,-0.893,2.000,-435.841,-17.401,9.826,5.204,-2.425,-6.954
431.815,-263.474,-0.893,2.000,-441.166,-18.252,10.648,7.996,-2.288,-5.717
431.821,-263.474,-0.893,2.000,-443.864,-21.319,9.166,8.118,-2.112,-4.513
431.828,-263.474,-0.893,2.000,-442.343,-21.477,7.745,8.049,-1.938,-3.234
431.834,-169.163,-0.893,2.000,-433.390,-21.919,6.071,11.890,-1.938,-1.558
431.841,-169.163,-0.893,2.000,-421.779,-21.956,6.987,11.368,-1.938,-0.006
431.847,-90.535,-0.893,2.000,-408.442,-21.416,6.085,14.306,-1.938,1.308
431.854,-70.237,-0.893,2.000,-388.264,-24.978,6.429,14.311,-1.938,2.914
431.861,-70.237,-0.893,2.000,-364.418,-23.034,6.799,13.238,-1.938,4.443
431.867,-70.237,-0.893,2.000,-340.873,-24.260,5.301,12.179,-1.938,5.592
431.873,-47.016,-0.893,2.000,-315.393,-24.324,6.411,12.077,-1.938,6.631
431.880,-37.951,-0.893,2.000,-287.875,-22.930,7.143,11.247,-1.938,7.589
431.886,-37.951,-0.893,2.000,-262.864,-22.701,3.881,10.121,-1.938,8.106
431.893,-16.038,-0.893,2.000,-240.204,-21.839,4.721,10.087,-1.938,8.248
431.899,-11.711,-0.893,2.000,-215.047,-20.083,6.230,9.150,-1.938,8.587
431.906,-11.711,-0.893,2.000,-195.738,-17.314,5.252,8.281,-1.750,8.275
431.912,-11.711,-0.893,2.000,-180.057,-17.041,6.024,7.576,-1.582,7.712
431.918,0.000,-1.043,2.000,-165.612,-14.306,6.050,7.453,-1.431,7.215
431.924,0.000,-1.043,2.000,-153.145,-14.478,7.313,6.892,-1.299,6.755
431.930,0.000,-1.043,2.000,-142.937,-11.350,6.334,6.432,-1.176,6.174
431.935,0.000,-1.043,2.000,-136.990,-10.223,5.904,6.165,-1.059,5.302
431.941,0.000,-1.043,2.000,-133.184,-7.924,4.683,5.993,-0.946,4.405
431.947,0.000,-1.043,2.000,-129.036,-10.058,5.602,5.807,-0.837,3.765
431.952,0.000,-1.043,2.000,-126.016,-6.568,4.586,5.671,-0.727,3.119
431.958,0.000,-1.043,2.000,-125.682,-8.159,3.539,5.656,-0.621,2.370
431.964,0.000,-1.043,2.000,-124.530,-9.507,3.921,5.604,-0.516,1.872
431.969,0.000,-1.043,2.000,-122.725,-7.538,3.848,5.523,-0.412,1.611
431.975,0.000,-1.043,2.000,-122.135,-8.706,5.287,5.496,-0.308,1.312
431.980,0.000,-1.043,2.000,-120.987,-8.598,3.695,5.444,-0.204,1.158
431.986,0.000,-1.043,2.000,-120.369,-9.087,2.739,5.417,-0.101,0.975
431.992,0.000,-0.893,2.000,-117.691,-10.460,4.600,5.296,0.002,1.068
431.997,0.000,-0.893,2.000,-113.853,-8.322,4.044,5.123,0.097,1.236
432.003,0.000,-0.893,2.000,-111.672,-6.918,3.287,5.025,0.188,1.146
432.008,0.000,-0.893,2.000,-107.971,-9.775,3.921,4.859,0.277,1.253
432.014,0.000,-0.893,2.000,-101.939,-12.966,5.187,4.587,0.362,1.584
432.019,0.000,-0.893,2.000,-95.459,-15.852,7.738,4.296,0.441,1.887
432.025,0.000,-0.893,2.000,-87.055,-16.120,6.749,3.917,0.514,2.347
432.030,0.000,-0.893,2.000,-80.445,-14.980,4.837,3.620,0.583,2.526
432.036,0.000,-0.893,2.000,-73.747,-14.698,4.542,3.319,0.648,2.706
432.041,-0.149,-0.893,2.000,-67.135,-14.032,4.647,3.014,0.706,2.846
432.047,-0.149,-0.893,2.000,-59.320,-15.610,5.195,2.663,0.758,3.074
432.052,-0.149,-0.893,2.000,-53.411,-16.483,5.590,2.397,0.804,3.021
432.058,-4.924,-0.893,2.000,-45.976,-16.635,5.888,1.847,0.842,3.070
432.064,-4.924,-0.893,2.000,-41.028,-15.753,6.245,1.625,0.877,2.855
432.070,-35.564,-0.893,2.000,-35.041,-16.146,5.064,-0.024,0.897,2.795
432.077,-55.692,-0.893,2.000,-31.783,-16.635,4.503,-1.076,0.887,2.385
432.083,-55.692,-0.893,2.000,-28.305,-16.933,4.828,-1.232,0.861,2.103
432.090,-68.660,-0.893,2.000,-23.066,-18.467,4.924,-2.052,0.818,2.054
432.096,-138.097,-0.595,2.000,-21.268,-18.950,5.158,-5.257,0.710,1.754
432.102,-175.665,-0.446,2.000,-23.901,-17.884,4.596,-6.829,0.579,1.069
432.109,-201.837,-0.446,2.000,-27.795,-16.352,4.292,-7.832,0.426,0.419
432.115,-258.949,-0.446,2.000,-30.661,-15.240,5.301,-10.273,0.312,-0.024
432.121,-258.949,-0.446,2.000,-37.610,-15.882,5.051,-9.960,0.312,-0.677
432.128,-279.810,-0.446,2.000,-49.765,-19.390,5.207,-10.352,0.312,-1.603
432.135,-279.810,-0.446,2.000,-65.450,-20.317,4.124,-9.646,0.312,-2.712
432.141,-325.552,-0.446,2.000,-81.193,-19.242,4.188,-10.996,0.312,-3.547
432.148,-325.552,-0.595,2.000,-98.837,-20.520,5.147,-10.202,0.312,-4.334
432.154,-322.864,-0.595,2.000,-119.726,-21.835,6.087,-9.141,0.312,-5.382
432.160,-322.864,-0.595,2.000,-138.569,-21.492,5.641,-8.293,0.134,-5.961
432.167,-275.063,-0.744,2.000,-163.334,-21.788,6.179,-5.028,0.017,-6.832
432.173,-237.243,-1.043,2.000,-183.443,-22.868,4.278,-2.421,-0.047,-7.030
432.180,-224.932,-1.043,2.000,-206.146,-19.988,2.251,-0.845,-0.078,-7.415
432.187,-153.744,-2.553,2.000,-220.980,-19.684,3.701,3.026,-0.040,-6.948
432.193,-110.602,-3.014,2.000,-235.565,-18.864,4.166,5.623,0.050,-6.591
432.200,-92.499,-3.169,2.000,-242.861,-20.062,3.266,6.766,0.186,-5.653
432.207,-92.499,-3.169,2.000,-241.671,-23.951,2.798,6.713,0.336,-4.089
432.213,-92.499,-3.169,2.000,-237.130,-24.928,2.938,6.508,0.482,-2.625
432.220,-92.499,-3.169,2.000,-225.040,-22.042,1.950,5.964,0.622,-0.817
432.227,-5.928,-5.758,2.000,-212.375,-21.729,0.811,9.290,0.666,0.575
432.233,-5.928,-5.758,2.000,-192.603,-20.647,4.222,8.400,0.860,2.295
432.240,0.744,-6.621,2.000,-172.395,-21.493,1.739,7.791,1.035,3.626
432.247,2.248,-5.589,2.000,-144.478,-21.335,5.606,6.603,1.190,5.313
432.253,2.248,-5.589,2.000,-118.082,-18.861,4.007,5.415,1.320,6.496
432.260,2.248,-5.589,2.000,-92.025,-20.187,4.335,4.242,1.423,7.308
432.267,3.955,-1.043,2.000,-67.155,-17.437,5.104,3.200,1.504,7.811
432.273,4.436,-1.043,2.000,-46.377,-16.103,1.533,2.287,1.562,7.837
432.280,4.436,-1.043,2.000,-23.719,-18.018,2.920,1.267,1.598,7.994
432.287,13.302,-0.893,2.000,-9.141,-17.099,2.393,1.010,1.621,7.355
432.293,13.302,-0.893,2.000,3.348,-13.555,-0.109,0.448,1.635,6.720
432.300,31.138,-1.043,2.000,7.822,-7.780,-0.607,1.049,1.648,5.492
432.306,31.138,-1.043,2.000,14.040,-7.091,0.211,0.769,1.665,4.667
432.313,35.564,-1.043,2.000,18.291,-9.839,2.603,0.777,1.685,3.934
432.320,35.564,-1.043,2.000,15.317,-14.455,3.093,0.911,1.705,2.685
432.326,124.997,-1.192,2.000,16.751,-9.639,-0.168,4.871,1.779,2.125
432.332,124.997,-1.192,2.000,15.102,-12.060,1.235,4.945,1.881,1.441
432.339,215.067,-1.342,2.000,12.328,-14.298,2.051,9.123,1.950,0.779
432.345,215.067,-1.342,2.000,12.775,-15.898,4.457,9.103,1.950,0.586
432.352,256.710,-1.492,2.000,14.383,-20.446,3.832,10.905,1.950,0.613
432.359,272.713,-1.642,2.000,19.829,-17.155,2.050,11.380,1.950,0.954
432.365,359.227,-2.553,2.000,31.633,-16.284,1.154,14.742,1.950,1.852
432.372,411.642,-2.553,2.000,48.173,-22.083,2.132,16.356,1.950,2.933
432.379,411.642,-2.553,2.000,68.247,-21.376,5.686,15.453,1.950,4.129
432.385,459.255,-2.553,2.000,93.110,-25.612,3.278,16.477,1.950,5.458
432.392,459.255,-2.553,2.000,125.810,-26.401,4.620,15.005,1.950,7.198
432.398,459.255,-2.553,2.000,163.919,-33.397,5.485,13.290,1.950,8.965
432.405,495.890,-2.553,2.000,203.472,-34.825,1.469,13.159,1.950,10.445
432.412,495.890,-2.553,2.000,244.563,-36.982,7.161,11.310,1.950,11.656
432.419,530.834,-2.553,2.000,282.136,-38.762,0.260,11.191,1.950,12.207
432.425,530.834,-2.553,2.000,316.839,-34.103,6.459,9.630,1.950,12.378
432.432,530.834,-2.553,2.000,350.264,-31.561,0.759,8.126,2.071,12.445
432.439,546.985,-2.553,2.000,377.108,-20.232,7.283,7.644,2.239,11.804
432.445,546.985,-2.553,2.000,404.297,-9.311,6.106,6.421,2.390,11.414
432.452,546.985,-2.553,2.000,430.909,-5.333,6.113,5.223,2.514,11.041
432.458,534.835,-2.553,2.000,448.287,1.273,3.600,3.895,2.606,9.937
432.465,499.679,-2.553,2.000,461.475,7.999,0.634,1.719,2.662,8.684
432.472,499.679,-2.553,2.000,471.853,10.879,2.195,1.252,2.692,7.477
432.479,499.679,-2.553,2.000,478.441,13.416,3.695,0.956,2.716,6.237
432.485,350.558,-4.436,2.000,482.478,16.390,3.396,-5.936,2.729,5.062
432.492,350.558,-4.436,2.000,482.239,15.146,3.751,-5.926,2.643,3.793
432.499,350.558,-4.436,2.000,480.117,10.461,4.689,-5.830,2.512,2.656
432.505,224.932,-6.100,2.000,477.302,7.534,3.681,-11.357,2.512,1.699
432.512,224.932,-6.100,2.000,471.965,4.574,2.543,-11.116,2.512,0.755
432.519,224.932,-6.100,2.000,462.840,-0.091,4.129,-10.706,2.512,-0.303
432.525,61.190,-6.272,2.000,450.150,-2.923,3.295,-17.503,2.512,-1.447
432.532,61.190,-6.272,2.000,434.332,-7.709,6.308,-16.791,2.512,-2.573
432.539,61.190,-6.272,2.000,415.547,-10.635,8.925,-15.946,2.512,-3.689
432.545,61.190,-6.272,2.000,394.953,-12.053,6.168,-15.019,2.512,-4.699
432.552,4.924,-1.043,2.000,368.941,-13.274,8.017,-16.381,2.512,-6.113
432.558,4.924,-1.043,2.000,339.080,-11.889,4.918,-15.037,2.512,-7.625
432.564,-0.149,-0.595,2.000,314.033,-11.802,2.759,-14.138,2.512,-8.386
432.569,-0.149,-0.595,2.000,289.087,-9.490,2.049,-13.016,2.512,-9.310
432.574,-0.149,-0.595,2.000,264.563,-11.900,3.110,-11.912,2.512,-9.910
432.579,-0.149,-0.595,2.000,242.075,-12.508,4.079,-10.900,2.512,-10.156
432.585,0.000,-0.595,2.000,222.798,-11.308,5.310,-10.026,2.512,-9.921
432.590,0.000,-0.595,2.000,206.075,-10.658,7.989,-9.273,2.512,-9.437
432.595,0.000,-0.595,2.000,190.570,-11.619,6.896,-8.576,2.361,-8.932
432.600,0.000,-0.595,2.000,177.518,-14.673,7.457,-7.988,2.215,-8.244
432.605,0.000,-0.595,2.000,167.620,-13.950,4.662,-7.543,2.083,-7.410
432.611,0.000,-0.595,2.000,161.114,-15.452,4.372,-7.250,1.956,-6.355
432.616,0.000,-0.595,2.000,157.332,-12.812,4.581,-7.080,1.833,-5.220
432.621,0.000,-0.595,2.000,154.700,-11.716,6.416,-6.962,1.714,-4.208
432.626,0.000,-0.595,2.000,153.016,-11.679,6.707,-6.886,1.596,-3.319
432.631,0.000,-0.595,2.000,150.649,-12.538,8.217,-6.779,1.480,-2.775
432.636,0.000,-0.595,2.000,150.034,-14.190,6.298,-6.752,1.364,-2.231
432.642,0.000,-0.595,2.000,150.685,-15.957,6.331,-6.781,1.242,-1.697
432.647,0.000,-0.595,2.000,152.574,-20.215,3.738,-6.866,1.124,-1.136
432.652,0.000,-0.595,2.000,152.596,-22.803,5.134,-6.867,1.005,-0.919
432.657,0.000,-0.595,2.000,153.306,-22.987,7.487,-6.899,0.887,-0.642
432.662,0.000,-0.595,2.000,152.360,-22.734,6.735,-6.856,0.768,-0.624
432.667,0.000,-0.595,2.000,149.061,-20.473,7.177,-6.708,0.652,-0.903
432.673,0.000,-0.595,2.000,146.036,-22.844,6.255,-6.572,0.537,-1.061
432.678,0.000,-0.595,2.000,139.771,-22.869,4.163,-6.290,0.424,-1.604
432.683,0.000,-0.595,2.000,134.568,-25.551,4.417,-6.056,0.318,-1.869
432.688,0.000,-0.595,2.000,129.436,-27.192,5.078,-5.825,0.217,-2.043
432.693,0.000,-0.595,2.000,123.655,-30.741,3.325,-5.564,0.121,-2.227
432.698,0.000,-0.595,2.000,118.326,-29.504,5.848,-5.325,0.030,-2.269
432.703,0.000,-0.595,2.000,109.406,-27.659,7.610,-4.923,-0.057,-2.727
432.709,0.000,-0.595,2.000,101.327,-25.101,9.127,-4.560,-0.136,-2.957
432.714,0.000,-0.595,2.000,94.556,-22.502,8.443,-4.255,-0.212,-2.974
432.719,0.000,-0.595,2.000,88.021,-23.678,6.628,-3.961,-0.282,-3.039
432.724,0.000,-0.595,2.000,79.212,-23.339,3.696,-3.565,-0.346,-3.397
432.729,0.000,-0.595,2.000,72.918,-24.486,1.140,-3.281,-0.405,-3.373
432.734,0.000,-0.595,2.000,65.863,-25.716,2.607,-2.964,-0.458,-3.413
432.740,0.000,-0.446,2.000,62.348,-27.348,3.469,-2.806,-0.508,-3.032
432.745,0.000,-0.446,2.000,59.042,-26.183,5.857,-2.657,-0.556,-2.640
432.750,0.000,-0.446,2.000,54.731,-26.470,6.392,-2.463,-0.601,-2.414
432.756,0.000,-0.446,2.000,51.280,-27.485,6.753,-2.308,-0.644,-2.134
432.762,0.000,-0.446,2.000,44.770,-28.997,6.879,-2.015,-0.681,-2.270
432.767,0.000,-0.446,2.000,40.725,-30.829,5.312,-1.833,-0.715,-2.117
432.773,0.000,-0.446,2.000,37.787,-32.502,4.707,-1.700,-0.746,-1.888
432.778,-0.149,-0.446,2.000,33.814,-35.783,5.507,-1.528,-0.773,-1.820
432.783,-0.149,-0.446,2.000,32.487,-38.865,6.383,-1.469,-0.800,-1.507
432.789,-0.297,-0.446,2.000,31.499,-42.092,6.057,-1.431,-0.828,-1.219
432.795,-0.297,-0.446,2.000,29.781,-39.855,5.677,-1.353,-0.855,-1.043
432.801,-0.297,-0.446,2.000,27.586,-42.161,4.967,-1.255,-0.879,-0.962
432.807,-0.297,-0.446,2.000,23.917,-39.481,2.587,-1.090,-0.902,-1.099
432.814,-0.893,-0.446,2.000,19.816,-39.286,1.033,-0.932,-0.924,-1.264
432.820,-0.893,-0.446,2.000,21.304,-39.050,3.619,-0.999,-0.944,-0.821
432.826,-7.698,-0.446,2.000,17.501,-39.744,3.534,-1.134,-0.966,-0.938
432.832,-10.224,-0.446,2.000,15.467,-33.502,1.845,-1.156,-0.990,-0.914
432.839,-10.224,-0.446,2.000,12.148,-31.726,3.542,-1.007,-1.012,-0.982
432.845,-10.224,-0.446,2.000,9.683,-32.180,3.667,-0.896,-1.033,-0.994
432.852,-22.538,-0.446,2.000,9.270,-30.130,4.282,-1.431,-1.064,-0.783
432.858,-31.561,-0.446,2.000,6.149,-24.610,2.924,-1.697,-1.101,-0.877
432.865,-31.561,-0.446,2.000,2.831,-22.356,1.840,-1.548,-1.135,-0.963
432.871,-39.949,-0.446,2.000,-0.812,-20.967,1.637,-1.761,-1.170,-1.133
432.878,-43.099,-0.446,2.000,-3.101,-20.037,2.873,-1.800,-1.206,-1.047
432.884,-43.099,-0.446,2.000,-9.115,-18.565,2.403,-1.529,-1.240,-1.338
432.891,-55.692,-0.446,2.000,-13.843,-18.087,3.745,-1.883,-1.284,-1.471
432.897,-59.777,-0.446,2.000,-18.923,-16.498,4.088,-1.838,-1.326,-1.624
432.904,-86.706,-0.446,2.000,-23.633,-17.237,3.526,-2.838,-1.380,-1.682
432.910,-86.706,-0.446,2.000,-28.852,-19.317,4.311,-2.603,-1.437,-1.768
432.917,-147.899,-0.595,2.000,-34.424,-16.933,3.562,-5.106,-1.509,-1.830
432.923,-147.899,-0.595,2.000,-40.807,-15.676,2.987,-4.819,-1.609,-1.992
432.929,-161.307,-0.595,2.000,-48.310,-15.185,2.149,-5.085,-1.717,-2.317
432.935,-161.307,-0.595,2.000,-54.483,-17.293,3.728,-4.807,-1.821,-2.413
432.941,-287.054,-0.595,2.000,-60.691,-16.294,2.164,-10.186,-1.854,-2.378
432.948,-287.054,-0.595,2.000,-73.671,-17.076,2.530,-9.602,-1.854,-3.088
432.954,-287.054,-0.595,2.000,-82.431,-15.625,3.662,-9.208,-1.854,-3.235
432.960,-287.054,-0.595,2.000,-96.108,-14.644,6.126,-8.593,-2.033,-3.795
432.966,-287.054,-0.595,2.000,-113.472,-13.171,5.913,-7.811,-2.200,-4.625
432.972,-287.054,-0.595,2.000,-130.563,-12.079,3.425,-7.042,-2.352,-5.222
432.979,-462.818,-0.595,2.000,-148.862,-12.155,4.647,-14.128,-2.449,-5.768
432.985,-462.818,-0.595,2.000,-170.402,-12.025,5.449,-13.159,-2.449,-6.527
432.991,-459.255,-0.595,2.000,-192.380,-10.155,5.009,-12.009,-2.449,-7.123
432.997,-459.255,-0.595,2.000,-215.887,-10.554,6.073,-10.952,-2.449,-7.707
433.003,-459.255,-0.595,2.000,-242.179,-12.539,8.474,-9.768,-2.449,-8.416
433.010,-356.318,-0.744,2.000,-265.331,-10.699,5.428,-4.094,-2.537,-8.649
433.016,-356.318,-0.744,2.000,-295.603,-10.245,4.537,-2.732,-2.608,-9.268
433.023,-356.318,-0.744,2.000,-318.865,-10.709,1.225,-1.685,-2.654,-9.062
433.030,-245.744,-0.744,2.000,-344.244,-11.535,1.721,4.432,-2.563,-9.147
433.037,-245.744,-0.744,2.000,-361.277,-8.246,3.954,5.199,-2.454,-8.467
433.043,-245.744,-0.744,2.000,-373.474,-5.505,4.684,5.748,-2.330,-7.497
433.050,-102.835,-1.043,2.000,-379.201,-6.901,4.090,12.436,-2.285,-6.158
433.057,-84.840,-1.043,2.000,-376.976,-5.487,4.838,13.146,-2.285,-4.406
433.063,-84.840,-1.043,2.000,-368.302,-3.150,4.591,12.756,-2.285,-2.449
433.070,-33.739,-1.043,2.000,-350.780,-7.262,-0.046,14.267,-2.285,-0.198
433.077,-33.739,-1.043,2.000,-325.627,-4.020,5.536,13.135,-2.285,2.269
433.083,-33.739,-1.043,2.000,-297.454,-7.488,1.690,11.867,-2.285,4.369
433.090,-10.019,-0.893,2.000,-266.748,-2.726,5.697,11.553,-2.285,6.206
433.096,-6.621,-0.744,2.000,-237.030,-4.987,0.033,10.368,-2.285,7.480
433.103,-6.621,-0.744,2.000,-203.724,-0.066,8.151,8.870,-2.219,8.722
433.110,-3.482,-0.595,2.000,-170.196,-0.830,11.288,7.502,-2.044,9.692
433.116,-2.553,-0.595,2.000,-144.709,-1.854,8.133,6.397,-1.900,9.788
433.122,-2.553,-0.595,2.000,-122.697,-2.165,6.166,5.406,-1.784,9.552
433.128,-2.553,-0.595,2.000,-105.027,-1.651,0.017,4.611,-1.684,8.955
433.134,-2.553,-0.595,2.000,-93.168,-0.759,-0.305,4.078,-1.598,7.894
433.141,-0.446,-0.446,2.000,-85.324,-0.648,2.272,3.819,-1.518,6.710
433.147,0.000,-0.595,2.000,-83.216,-2.078,4.679,3.745,-1.440,5.215
433.152,0.000,-0.595,2.000,-83.488,-1.914,4.851,3.757,-1.376,3.851
433.157,0.000,-0.595,2.000,-88.320,-2.337,5.315,3.974,-1.308,2.248
433.163,0.000,-0.595,2.000,-94.094,2.388,5.487,4.234,-1.239,0.908
433.168,0.000,-0.595,2.000,-102.055,5.968,2.869,4.592,-1.163,-0.325
433.173,0.000,-0.595,2.000,-106.609,4.790,3.396,4.797,-1.082,-0.847
433.178,0.000,-0.595,2.000,-114.369,8.349,1.553,5.147,-0.996,-1.595
433.183,0.000,-0.595,2.000,-118.818,7.048,2.557,5.347,-0.907,-1.755
433.188,0.000,-0.595,2.000,-121.644,5.367,5.572,5.474,-0.814,-1.679
433.193,0.000,-0.595,2.000,-122.759,6.111,6.183,5.524,-0.720,-1.409
433.199,0.000,-0.595,2.000,-122.674,5.457,7.108,5.520,-0.622,-1.039
433.204,0.000,-0.446,2.000,-119.759,5.148,6.113,5.389,-0.525,-0.426
433.210,0.000,-0.446,2.000,-115.931,3.960,5.357,5.217,-0.428,0.154
433.215,0.000,-0.446,2.000,-109.251,2.510,5.162,4.916,-0.336,0.928
433.220,0.000,-0.446,2.000,-101.116,1.568,4.059,4.550,-0.250,1.682
433.226,0.000,-0.446,2.000,-91.111,0.231,4.658,4.100,-0.172,2.437
433.231,0.000,-0.446,2.000,-83.141,1.985,4.073,3.741,-0.102,2.784
433.237,0.000,-0.446,2.000,-74.553,2.645,3.458,3.355,-0.040,3.062
433.242,0.000,-0.446,2.000,-64.495,1.340,2.421,2.902,0.016,3.341
433.248,0.000,-0.446,2.000,-51.530,-0.997,2.272,2.319,0.060,3.940
433.253,0.000,-0.446,2.000,-41.625,-2.840,3.126,1.873,0.097,4.098
433.258,0.000,-0.446,2.000,-32.443,-2.795,4.127,1.460,0.126,4.155
433.264,0.000,-0.446,2.000,-25.590,-3.253,7.149,1.152,0.149,3.931
433.269,0.000,-0.446,2.000,-19.681,-4.850,7.075,0.886,0.166,3.638
433.275,0.000,-0.446,2.000,-15.313,-5.508,6.077,0.689,0.181,3.270
433.280,0.000,-0.446,2.000,-12.062,-6.002,6.386,0.543,0.192,2.853
433.286,0.000,-0.446,2.000,-9.535,-4.941,7.394,0.429,0.201,2.453
433.291,0.000,-0.446,2.000,-9.450,-4.965,6.166,0.425,0.209,1.866
433.297,0.000,-0.446,2.000,-12.258,-3.017,4.947,0.552,0.218,1.080
433.302,0.000,-0.446,2.000,-15.654,0.694,3.802,0.704,0.230,0.437
433.307,0.000,-0.446,2.000,-16.001,2.831,4.978,0.720,0.243,0.293
433.313,0.000,-0.446,2.000,-16.893,4.611,4.378,0.760,0.256,0.129
433.318,0.000,-0.446,2.000,-17.654,5.850,5.032,0.794,0.271,0.030
433.324,0.000,-0.446,2.000,-17.208,7.047,6.155,0.774,0.286,0.126
433.329,0.000,-0.446,2.000,-17.572,6.258,6.837,0.791,0.302,0.122
433.335,0.000,-0.446,2.000,-18.934,6.114,7.334,0.852,0.318,-0.001
433.340,0.000,-0.446,2.000,-22.714,8.485,7.355,1.022,0.337,-0.370
433.345,0.000,-0.446,2.000,-25.930,12.417,7.510,1.167,0.357,-0.624
433.351,0.000,-0.446,2.000,-26.787,15.465,6.805,1.205,0.378,-0.567
433.356,0.000,-0.446,2.000,-25.694,18.441,5.800,1.156,0.399,-0.332
433.362,0.000,-0.446,2.000,-24.447,18.967,5.463,1.100,0.419,-0.128
433.367,0.000,-0.446,2.000,-20.154,19.173,6.965,0.907,0.437,0.361
433.373,0.000,-0.446,2.000,-17.187,17.323,8.759,0.773,0.451,0.592
433.378,0.000,-0.446,2.000,-12.705,17.582,9.144,0.572,0.462,0.953
433.384,0.000,-0.446,2.000,-8.304,17.680,9.018,0.374,0.470,1.217
433.389,0.000,-0.446,2.000,-5.594,18.388,8.445,0.252,0.476,1.237
433.394,0.000,-0.446,2.000,-2.503,20.601,8.074,0.113,0.479,1.307
433.400,0.000,-0.446,2.000,-0.374,21.991,7.864,0.017,0.480,1.261
433.405,0.000,-0.446,2.000,0.755,23.605,7.773,-0.034,0.481,1.118
433.411,0.000,-0.446,2.000,1.852,22.627,9.628,-0.083,0.480,1.015
433.416,0.000,-0.446,2.000,3.290,23.016,10.052,-0.148,0.479,0.964
433.422,0.000,-0.446,2.000,4.500,22.584,9.734,-0.202,0.476,0.904
433.427,0.000,-0.446,2.000,4.823,22.636,7.397,-0.217,0.472,0.727
433.433,0.000,-0.446,2.000,6.379,20.741,6.028,-0.287,0.467,0.719
433.438,0.000,-0.446,2.000,8.817,19.562,6.866,-0.397,0.461,0.816
433.444,0.000,-0.446,2.000,11.713,19.490,8.293,-0.527,0.452,0.953
433.449,0.000,-0.446,2.000,13.387,17.746,10.570,-0.602,0.442,0.920
433.455,0.000,-0.446,2.000,14.403,17.161,12.245,-0.648,0.431,0.855
433.460,0.000,-0.446,2.000,13.543,16.290,13.265,-0.609,0.421,0.596
433.466,0.000,-0.446,2.000,13.558,12.751,13.492,-0.610,0.411,0.507
433.471,0.000,-0.446,2.000,11.956,10.283,12.180,-0.538,0.401,0.227
433.476,0.000,-0.446,2.000,10.397,8.600,9.935,-0.468,0.392,-0.039
433.482,0.000,-0.446,2.000,10.717,7.261,8.362,-0.482,0.381,-0.070
433.487,0.000,-0.446,2.000,10.261,4.486,6.656,-0.462,0.371,-0.187
433.493,0.000,-0.446,2.000,11.346,3.807,4.384,-0.511,0.361,-0.129
433.498,0.000,-0.446,2.000,10.467,1.043,4.129,-0.471,0.351,-0.220
433.504,0.000,-0.446,2.000,10.490,-1.064,7.137,-0.472,0.343,-0.146
433.509,0.000,-0.446,2.000,9.113,-1.624,9.289,-0.410,0.335,-0.255
433.515,0.000,-0.446,2.000,7.710,-1.359,9.876,-0.347,0.329,-0.345
433.520,0.000,-0.446,2.000,7.603,-0.648,10.395,-0.342,0.322,-0.301
433.526,0.000,-0.446,2.000,7.208,1.068,9.994,-0.324,0.315,-0.291
433.531,0.000,-0.446,2.000,6.525,0.014,9.864,-0.294,0.309,-0.340
433.537,0.000,-0.446,2.000,6.780,2.214,11.107,-0.305,0.303,-0.240
433.542,0.000,-0.446,2.000,5.704,3.588,10.144,-0.257,0.298,-0.287
433.548,0.000,-0.446,2.000,3.871,2.728,8.913,-0.174,0.295,-0.410
433.553,0.000,-0.446,2.000,3.255,0.362,9.107,-0.146,0.292,-0.362
433.559,0.000,-0.446,2.000,3.366,-3.196,11.667,-0.151,0.290,-0.238
433.564,0.000,-0.446,2.000,3.411,-5.252,11.946,-0.153,0.288,-0.131
433.569,0.000,-0.446,2.000,5.206,-6.778,12.033,-0.234,0.285,0.134
433.575,0.000,-0.446,2.000,6.783,-7.361,12.363,-0.305,0.280,0.309
433.581,0.446,-0.595,2.000,7.070,-9.394,11.494,-0.298,0.275,0.264
433.587,0.446,-0.595,2.000,3.177,-9.896,9.351,-0.123,0.272,-0.191
433.593,0.446,-0.595,2.000,2.653,-9.460,5.624,-0.099,0.270,-0.198
433.599,9.615,-1.043,2.000,2.914,-8.498,3.922,0.302,0.276,-0.122
433.606,21.884,-3.169,2.000,-1.182,-5.873,3.832,1.038,0.298,-0.469
433.613,21.884,-3.169,2.000,0.959,-12.665,5.847,0.942,0.319,-0.193
433.619,94.497,-7.333,2.000,-0.107,-19.312,8.858,4.257,0.390,-0.189
433.626,153.744,-7.698,2.000,-2.129,-15.647,7.611,7.014,0.504,-0.353
433.633,153.744,-7.698,2.000,-2.282,-16.993,9.050,7.021,0.659,-0.231
433.639,153.744,-7.698,2.000,-1.219,-17.780,7.702,6.973,0.809,-0.115
433.646,380.120,-12.836,2.000,5.364,-20.968,5.694,16.864,0.809,0.564
433.652,445.223,-13.302,2.000,15.147,-17.926,3.282,19.353,0.809,1.337
433.659,445.223,-13.302,2.000,24.643,-16.462,-0.272,18.926,0.809,1.922
433.665,495.890,-14.757,2.000,46.341,-14.510,4.456,20.230,0.809,3.496
433.672,499.679,-14.757,2.000,74.298,-15.638,4.837,19.142,0.809,5.242
433.679,499.679,-14.757,2.000,111.888,-12.197,8.475,17.451,0.809,7.393
433.686,499.679,-14.262,2.000,153.023,-14.492,3.443,15.600,0.809,9.419
433.692,499.679,-14.262,2.000,201.801,-14.311,6.584,13.404,0.809,11.662
433.699,495.890,-15.008,2.000,249.639,-17.847,2.247,11.081,0.809,13.245
433.706,488.382,-15.777,2.000,295.728,-16.764,7.553,8.669,0.872,14.298
433.712,488.382,-15.777,2.000,337.378,-20.424,1.025,6.795,1.037,14.663
433.719,356.318,-16.302,2.000,371.810,-13.379,3.351,-0.697,1.079,14.210
433.726,328.258,-16.569,2.000,399.461,-9.038,1.620,-3.204,1.035,13.168
433.733,258.949,-16.569,2.000,420.409,-9.804,8.351,-7.266,0.981,11.866
433.739,258.949,-16.569,2.000,430.223,-2.536,5.191,-7.707,0.812,9.794
433.746,226.948,-15.261,2.000,427.063,-0.414,4.499,-9.005,0.812,7.018
433.753,226.948,-15.261,2.000,413.165,4.276,4.384,-8.380,0.617,3.922
433.759,226.948,-15.261,2.000,391.460,7.511,0.030,-7.403,0.444,0.878
433.766,62.630,-6.974,2.000,359.370,11.146,0.920,-13.353,0.392,-2.318
433.773,49.982,-6.621,2.000,328.573,8.479,-0.677,-12.537,0.392,-4.568
433.779,49.982,-6.621,2.000,289.305,9.398,1.964,-10.770,0.392,-7.079
433.786,49.982,-6.621,2.000,250.940,2.389,0.949,-9.043,0.392,-8.914
433.793,49.982,-6.621,2.000,210.262,2.225,3.669,-7.213,0.219,-10.493
433.800,49.982,-6.621,2.000,173.962,-0.685,3.555,-5.579,0.082,-11.250
433.806,49.982,-6.621,2.000,141.191,-4.313,4.082,-4.104,-0.021,-11.505
433.813,7.333,-0.744,2.000,113.218,-5.289,0.978,-4.765,-0.137,-11.221
433.819,5.255,-0.595,2.000,92.181,-6.540,-0.039,-3.912,-0.229,-10.441
433.826,5.255,-0.595,2.000,76.779,-8.286,-2.379,-3.219,-0.301,-9.350
433.832,5.255,-0.595,2.000,65.205,-9.727,-2.903,-2.698,-0.360,-8.171
433.838,5.255,-0.595,2.000,59.829,-12.533,-2.151,-2.456,-0.413,-6.705
433.844,5.255,-0.595,2.000,60.562,-14.917,-0.849,-2.489,-0.464,-4.999
433.850,0.000,-0.595,2.000,63.742,-16.569,1.680,-2.868,-0.516,-3.354
433.855,0.000,-0.595,2.000,67.144,-17.430,0.824,-3.021,-0.567,-2.102
433.860,0.000,-0.595,2.000,71.646,-17.145,-0.991,-3.224,-0.620,-1.022
433.866,0.000,-0.595,2.000,77.924,-17.857,-1.155,-3.507,-0.680,-0.013
433.871,0.000,-0.595,2.000,84.850,-17.755,-2.159,-3.818,-0.743,0.864
433.876,0.000,-0.595,2.000,90.180,-19.397,-3.332,-4.058,-0.811,1.322
433.881,0.000,-0.595,2.000,94.352,-20.474,-2.530,-4.246,-0.882,1.538
433.886,0.000,-0.595,2.000,97.546,-17.807,-2.348,-4.390,-0.955,1.611
433.891,0.000,-0.595,2.000,97.575,-16.587,-1.431,-4.391,-1.029,1.246
433.896,-0.149,-0.595,2.000,96.364,-16.098,-1.174,-4.343,-1.103,0.831
433.902,-0.149,-0.595,2.000,92.210,-13.257,-4.928,-4.156,-1.176,0.193
433.907,-0.149,-0.595,2.000,88.941,-15.058,-5.473,-4.009,-1.246,-0.234
433.912,-0.149,-0.595,2.000,80.027,-15.434,-4.771,-3.608,-1.309,-1.231
433.917,-4.275,-0.595,2.000,71.195,-15.264,-2.926,-3.396,-1.367,-1.941
433.923,-4.275,-0.595,2.000,58.081,-14.667,-3.324,-2.806,-1.429,-2.798
433.929,-6.621,-0.595,2.000,46.669,-11.134,-4.415,-2.398,-1.482,-3.268
433.936,-6.621,-0.595,2.000,36.340,-13.075,-5.638,-1.933,-1.525,-3.506
433.942,-41.500,-0.595,2.000,27.509,-16.713,-2.992,-3.105,-1.581,-3.533
433.948,-50.592,-0.595,2.000,15.929,-16.227,-1.427,-2.993,-1.642,-3.812
433.954,-50.592,-0.595,2.000,6.418,-13.267,-3.902,-2.565,-1.697,-3.796
433.960,-50.592,-0.595,2.000,0.121,-13.720,-3.427,-2.282,-1.746,-3.456
433.967,-155.234,-0.595,2.000,-10.502,-13.514,-1.566,-6.513,-1.883,-3.675
433.973,-155.234,-0.595,2.000,-20.217,-14.082,-3.270,-6.076,-2.010,-3.778
433.979,-287.054,-0.446,2.000,-27.972,-14.370,-3.331,-11.659,-2.092,-3.654
433.985,-287.054,-0.446,2.000,-35.616,-14.858,-2.634,-11.315,-2.092,-3.483
433.992,-356.318,-0.446,2.000,-47.153,-10.828,-5.967,-13.912,-2.092,-3.692
433.998,-383.182,-0.446,2.000,-58.800,-11.945,-7.101,-14.597,-2.092,-3.939
434.005,-383.182,-0.446,2.000,-75.175,-13.440,-0.752,-13.860,-2.092,-4.547
434.011,-452.195,-0.446,2.000,-98.966,-10.681,-3.316,-15.895,-2.092,-5.665
434.018,-452.195,-0.446,2.000,-122.911,-11.983,-0.781,-14.818,-2.092,-6.578
434.024,-452.195,-0.446,2.000,-153.974,-9.830,-3.453,-13.420,-2.092,-7.931
434.031,-452.195,-0.446,2.000,-184.442,-10.326,-2.513,-12.049,-2.092,-8.960
434.037,-452.195,-0.446,2.000,-215.139,-5.878,-2.333,-10.668,-2.092,-9.648
434.044,-452.195,-0.446,2.000,-251.382,-5.832,-1.895,-9.037,-2.092,-10.754
434.050,-339.262,-0.893,2.000,-281.987,-0.892,-3.254,-2.577,-2.195,-11.034
434.057,-296.944,-1.043,2.000,-314.917,-1.681,-1.830,0.809,-2.217,-11.440
434.064,-296.944,-1.043,2.000,-338.891,0.658,0.661,1.888,-2.183,-10.827
434.070,-296.944,-1.043,2.000,-358.986,-1.098,-0.114,2.792,-2.126,-9.979
434.077,-231.022,-1.342,2.000,-372.430,-1.898,-0.276,6.363,-1.986,-8.679
434.084,-201.837,-1.793,2.000,-376.229,-1.692,-3.396,7.848,-1.816,-6.861
434.090,-201.837,-1.793,2.000,-373.944,-4.332,-6.095,7.745,-1.650,-4.966
434.097,-146.466,-2.096,2.000,-363.408,-2.231,-4.156,9.762,-1.593,-2.707
434.103,-107.218,-2.248,2.000,-348.487,-4.441,-3.584,10.857,-1.593,-0.626
434.110,-107.218,-2.248,2.000,-327.964,-2.781,-1.222,9.934,-1.593,1.457
434.116,-61.907,-2.248,2.000,-303.653,-3.352,4.344,10.879,-1.593,3.384
434.123,-61.907,-2.248,2.000,-277.104,-1.683,4.597,9.684,-1.593,4.991
434.130,-51.209,-2.248,2.000,-250.045,-4.946,1.739,8.948,-1.528,6.298
434.136,-51.209,-2.248,2.000,-221.835,-9.353,-4.012,7.678,-1.348,7.369
434.143,-24.941,-2.248,2.000,-196.227,-7.741,-2.707,7.708,-1.179,7.914
434.150,-19.697,-2.248,2.000,-172.403,-11.522,-6.409,6.872,-1.022,8.186
434.156,-19.697,-2.248,2.000,-151.056,-10.220,0.078,5.911,-0.884,8.114
434.163,-19.697,-2.248,2.000,-136.168,-7.264,-0.807,5.241,-0.762,7.495
434.170,-19.697,-2.248,2.000,-119.652,-7.505,2.834,4.498,-0.657,7.164
434.176,-0.149,-2.553,2.000,-108.851,-4.863,2.089,4.892,-0.553,6.507
434.182,-0.149,-2.553,2.000,-101.252,-3.825,-0.708,4.550,-0.464,5.793
434.187,-0.149,-2.553,2.000,-97.508,-1.480,-2.132,4.381,-0.379,4.856
434.193,-0.149,-2.553,2.000,-97.531,-0.199,-1.151,4.382,-0.297,3.679
434.198,0.000,-1.043,2.000,-98.124,0.169,-0.650,4.416,-0.214,2.723
434.204,0.000,-1.043,2.000,-98.926,0.358,1.658,4.452,-0.132,1.918
434.210,0.000,-1.043,2.000,-100.850,2.005,2.691,4.538,-0.050,1.178
434.215,0.000,-1.043,2.000,-101.520,0.297,3.626,4.568,0.037,0.759
434.221,0.000,-1.043,2.000,-101.560,2.573,2.440,4.570,0.121,0.522
434.226,0.000,-1.043,2.000,-99.656,6.162,2.497,4.484,0.204,0.553
434.232,0.000,-1.043,2.000,-100.995,5.744,2.830,4.545,0.288,0.234
434.238,0.000,-1.043,2.000,-100.257,5.622,2.937,4.512,0.372,0.236
434.243,0.000,-1.043,2.000,-96.814,7.585,1.922,4.357,0.455,0.595
434.249,0.297,-0.893,2.000,-92.318,7.318,1.381,4.168,0.536,1.011
434.255,0.297,-0.893,2.000,-87.017,8.738,0.269,3.929,0.617,1.384
434.261,0.297,-0.893,2.000,-83.700,8.183,0.209,3.780,0.695,1.350
434.267,0.297,-0.893,2.000,-75.365,4.233,4.086,3.405,0.765,1.865
434.273,11.062,-1.043,2.000,-66.639,4.022,6.573,3.497,0.836,2.257
434.280,11.062,-1.043,2.000,-58.922,5.606,4.727,3.149,0.908,2.433
434.286,11.062,-1.043,2.000,-49.574,2.216,5.100,2.729,0.971,2.684
434.293,11.062,-1.043,2.000,-39.871,0.055,5.302,2.292,1.025,2.956
434.300,132.732,-3.482,2.000,-31.469,1.067,3.161,7.389,1.193,3.027
434.306,132.732,-3.482,2.000,-22.086,-3.895,3.742,6.967,1.349,3.101
434.313,132.732,-3.482,2.000,-11.169,-5.899,4.220,6.476,1.501,3.374
434.320,132.732,-3.482,2.000,0.184,-1.119,2.264,5.965,1.636,3.611
434.326,132.732,-3.482,2.000,10.543,-2.288,0.849,5.498,1.762,3.706
434.333,132.732,-3.482,2.000,21.949,-5.130,3.599,4.985,1.874,3.820
434.340,132.732,-3.482,2.000,38.228,-4.152,5.381,4.253,1.973,4.406
434.346,132.732,-3.482,2.000,48.879,-7.900,5.275,3.773,2.061,4.303
434.353,534.835,-6.272,2.000,62.384,-11.006,7.709,21.260,2.061,4.507
434.360,555.208,-6.272,2.000,81.475,-9.494,5.963,21.318,2.061,5.136
434.367,555.208,-6.272,2.000,103.087,-10.672,4.838,20.345,2.061,5.900
434.373,555.208,-6.100,2.000,132.523,-13.881,7.126,19.021,2.061,7.195
434.380,546.985,-6.272,2.000,166.139,-17.710,3.810,17.138,2.061,8.579
434.386,530.834,-6.100,2.000,204.757,-17.821,2.072,14.673,2.061,10.056
434.393,530.834,-6.100,2.000,246.177,-19.750,6.400,12.810,2.061,11.436
434.400,448.698,-6.272,2.000,289.875,-12.826,7.929,7.147,2.236,12.654
434.407,421.496,-6.100,2.000,336.701,-15.239,12.751,3.816,2.336,13.847
434.413,421.496,-6.100,2.000,372.637,-8.849,7.594,2.199,2.398,13.701
434.420,279.810,-6.272,2.000,408.605,-8.804,7.503,-5.796,2.410,13.573
434.427,178.989,-6.100,2.000,435.518,-8.002,0.649,-11.544,2.362,12.698
434.433,178.989,-6.100,2.000,446.130,-7.600,-1.671,-12.021,2.362,10.504
434.440,178.989,-6.100,2.000,450.626,-9.991,0.466,-12.224,2.362,8.272
434.447,178.989,-6.100,2.000,436.499,-8.141,2.506,-11.588,2.362,4.876
434.453,31.561,-1.793,2.000,416.994,-10.898,4.324,-17.344,2.362,1.758
434.460,31.561,-1.793,2.000,383.497,-11.071,3.640,-15.837,2.362,-1.879
434.466,8.446,-0.744,2.000,347.813,-9.698,2.729,-15.272,2.362,-4.862
434.473,8.446,-0.744,2.000,301.998,-8.385,1.059,-13.210,2.362,-7.927
434.480,1.342,-0.595,2.000,259.252,-7.073,2.424,-11.606,2.362,-9.960
434.486,1.342,-0.595,2.000,214.310,-13.469,1.125,-9.584,2.362,-12.023
434.491,0.000,-0.446,2.000,171.990,-16.931,4.332,-7.740,2.267,-13.745
434.497,0.000,-0.446,2.000,133.675,-18.294,3.971,-6.015,2.147,-14.670
434.502,0.000,-0.446,2.000,101.097,-19.692,3.344,-4.549,2.053,-14.633
434.508,0.000,-0.446,2.000,78.649,-18.675,3.262,-3.539,1.982,-13.567
434.513,0.000,-0.446,2.000,62.934,-17.317,3.701,-2.832,1.926,-11.991
434.519,0.000,-0.446,2.000,56.134,-16.680,2.258,-2.526,1.879,-9.777
434.524,0.000,-0.446,2.000,57.112,-16.480,1.178,-2.570,1.832,-7.258
434.529,0.000,-0.595,2.000,61.498,-14.135,0.942,-2.767,1.784,-4.998
434.534,0.000,-0.595,2.000,71.400,-13.405,0.619,-3.213,1.732,-2.567
434.540,0.000,-0.595,2.000,84.209,-9.597,-1.088,-3.789,1.671,-0.353
434.545,0.000,-0.595,2.000,98.177,-5.535,1.255,-4.418,1.598,1.449
434.550,-0.446,-1.043,2.000,113.678,-4.738,0.458,-5.136,1.507,2.807
434.557,-1.192,-1.043,2.000,127.386,-4.614,-1.127,-5.786,1.388,3.441
434.563,-8.256,-2.553,2.000,139.947,-1.231,0.522,-6.669,1.260,3.845
434.570,-8.256,-2.553,2.000,149.358,1.530,-3.700,-7.093,1.107,3.793
434.576,-14.508,-2.553,2.000,153.013,2.904,-3.571,-7.538,0.941,3.175
434.583,-14.508,-2.553,2.000,151.584,-0.499,-0.508,-7.474,0.776,2.248
434.590,-14.508,-2.553,2.000,145.932,-0.397,-1.191,-7.220,0.609,1.127
434.596,-58.390,-2.400,2.000,134.979,2.011,-5.064,-8.702,0.432,-0.189
434.602,-58.390,-2.400,2.000,119.417,1.468,-3.961,-8.001,0.262,-1.718
434.609,-58.390,-2.400,2.000,100.923,4.468,-3.337,-7.169,0.108,-3.223
434.615,-58.390,-2.400,2.000,79.839,3.205,-4.292,-6.220,-0.029,-4.563
434.621,-58.390,-2.400,2.000,56.199,1.431,-0.140,-5.156,-0.143,-5.815
434.627,-58.390,-2.400,2.000,34.768,6.117,-1.509,-4.192,-0.238,-6.567
434.633,-58.390,-2.400,2.000,16.515,5.537,-0.879,-3.371,-0.314,-6.802
434.640,-58.390,-2.400,2.000,-0.717,0.025,2.441,-2.595,-0.374,-6.760
434.646,-58.390,-2.400,2.000,-17.976,-1.237,-0.104,-1.819,-0.416,-6.763
434.652,-235.155,-1.192,2.000,-32.453,-2.400,-0.732,-9.122,-0.416,-6.543
434.658,-270.379,-1.043,2.000,-41.514,-2.463,0.188,-10.299,-0.479,-5.811
434.665,-270.379,-1.043,2.000,-52.383,-0.436,-0.707,-9.810,-0.479,-5.375
434.672,-383.182,-0.744,2.000,-60.028,-1.949,-2.979,-14.542,-0.479,-4.753
434.678,-383.182,-0.744,2.000,-71.038,-4.726,-2.054,-14.046,-0.479,-4.604
434.685,-414.906,-0.744,2.000,-78.606,-0.800,-3.761,-15.133,-0.479,-4.158
434.692,-448.698,-0.744,2.000,-94.792,0.909,-2.917,-15.926,-0.479,-4.629
434.699,-452.195,-0.744,2.000,-112.358,-0.644,0.368,-15.293,-0.479,-5.169
434.705,-452.195,-0.744,2.000,-134.458,0.783,-0.579,-14.298,-0.479,-5.940
434.712,-452.195,-0.744,2.000,-160.884,1.410,1.386,-13.109,-0.479,-6.885
434.719,-431.537,-0.893,2.000,-186.319,0.008,-2.653,-11.035,-0.479,-7.554
434.725,-359.227,-1.043,2.000,-217.257,-2.445,0.336,-6.389,-0.524,-8.654
434.732,-359.227,-1.043,2.000,-244.899,2.928,-1.911,-5.145,-0.650,-9.026
434.739,-359.227,-1.043,2.000,-274.067,3.111,1.980,-3.832,-0.745,-9.506
434.745,-359.227,-1.043,2.000,-299.149,7.784,2.309,-2.703,-0.814,-9.495
434.752,-209.315,-1.043,2.000,-320.994,7.399,-0.168,5.026,-0.833,-9.179
434.759,-180.670,-1.043,2.000,-336.233,5.686,-0.543,7.000,-0.741,-8.284
434.765,-180.670,-1.043,2.000,-345.453,7.448,-4.179,7.415,-0.578,-7.055
434.772,-71.843,-1.043,2.000,-345.704,9.927,-3.488,12.324,-0.467,-5.279
434.779,-57.028,-1.043,2.000,-334.234,7.382,-3.728,12.474,-0.467,-2.932
434.785,-57.028,-1.043,2.000,-315.440,8.647,2.611,11.629,-0.467,-0.409
434.792,-25.299,-1.043,2.000,-290.081,5.984,-0.503,11.915,-0.467,2.088
434.799,-19.398,-1.043,2.000,-255.544,5.861,4.714,10.627,-0.467,4.844
434.805,-8.069,-1.043,2.000,-221.449,0.229,-3.259,9.602,-0.467,6.850
434.812,-3.482,-1.043,2.000,-180.792,0.650,1.521,7.979,-0.279,8.975
434.819,-3.482,-1.043,2.000,-146.656,-2.967,-6.710,6.443,-0.125,9.956
434.825,-0.446,-0.893,2.000,-112.191,-2.005,-0.556,5.029,-0.002,10.670
434.832,-0.446,-0.893,2.000,-83.388,-2.547,-4.030,3.732,0.085,10.822
434.838,-0.446,-0.893,2.000,-58.568,-2.178,-1.229,2.615,0.147,10.566
434.844,-0.446,-0.893,2.000,-37.345,0.527,1.776,1.660,0.188,9.992
434.851,-0.297,-0.893,2.000,-25.752,3.417,-0.911,1.145,0.215,8.637
434.857,-0.297,-0.744,2.000,-19.211,2.742,1.822,0.851,0.233,7.131
434.863,-0.297,-0.744,2.000,-14.809,3.350,2.614,0.653,0.247,5.771
434.869,-0.297,-0.744,2.000,-11.506,4.379,0.328,0.504,0.260,4.715
434.875,-0.297,-0.744,2.000,-18.435,3.439,0.649,0.816,0.275,2.894
434.881,-0.297,-0.744,2.000,-27.821,2.552,-0.137,1.239,0.298,1.232
434.888,-0.297,-0.744,2.000,-32.623,6.326,-3.172,1.455,0.326,0.416
434.894,-0.297,-0.744,2.000,-41.763,7.797,-3.404,1.866,0.362,-0.596
434.900,-0.297,-0.744,2.000,-50.887,6.746,-0.732,2.277,0.406,-1.380
434.906,-0.446,-0.595,2.000,-57.920,6.800,1.154,2.586,0.454,-1.811
434.912,-0.446,-0.595,2.000,-63.704,6.734,1.924,2.847,0.508,-2.009
434.918,-0.446,-0.595,2.000,-65.908,4.867,1.394,2.946,0.567,-1.745
434.924,-0.446,-0.595,2.000,-68.622,3.050,2.159,3.068,0.627,-1.591
434.930,-0.446,-0.595,2.000,-66.711,1.935,1.579,2.982,0.688,-0.990
434.936,-0.446,-0.595,2.000,-63.049,1.104,1.438,2.817,0.745,-0.339
434.942,-0.446,-0.595,2.000,-59.199,1.275,2.231,2.644,0.800,0.192
434.948,-0.446,-0.595,2.000,-54.462,0.953,0.337,2.431,0.851,0.657
434.954,-0.446,-0.595,2.000,-44.971,-0.721,0.336,2.004,0.893,1.488
434.960,-0.446,-0.595,2.000,-37.753,-1.713,0.653,1.679,0.928,1.838
434.966,-0.446,-0.595,2.000,-29.163,-0.299,1.443,1.292,0.957,2.204
434.972,-0.446,-0.595,2.000,-16.329,2.247,2.654,0.715,0.975,2.984
434.978,-0.446,-0.595,2.000,-5.469,2.879,1.642,0.226,0.984,3.416
434.984,-0.446,-0.595,2.000,-0.406,2.096,1.877,-0.002,0.986,3.108
434.990,-0.446,-0.446,2.000,7.742,1.460,1.724,-0.368,0.980,3.140
434.996,-0.446,-0.446,2.000,15.954,-0.127,3.226,-0.738,0.967,3.180
435.003,-0.595,-0.595,2.000,19.842,-1.180,2.611,-0.920,0.949,2.770
435.008,-0.595,-0.595,2.000,22.735,1.000,2.087,-1.050,0.930,2.385
435.014,-0.595,-0.595,2.000,26.043,-1.165,2.495,-1.199,0.908,2.149
435.020,-9.023,-0.744,2.000,27.274,0.497,2.771,-1.633,0.877,1.738
435.027,-9.023,-0.744,2.000,25.260,2.508,2.939,-1.543,0.842,1.121
435.034,-9.023,-0.744,2.000,23.406,3.968,4.218,-1.459,0.807,0.635
435.040,-9.023,-0.744,2.000,22.252,1.113,5.351,-1.407,0.777,0.413
435.047,-9.023,-0.744,2.000,17.086,-1.132,5.171,-1.175,0.749,-0.175
435.054,-9.023,-0.744,2.000,16.286,-0.577,5.090,-1.139,0.724,-0.193
435.060,-106.109,-0.297,2.000,10.348,1.127,3.192,-5.241,0.608,-0.681
435.066,-135.393,-0.297,2.000,5.546,-0.092,2.805,-6.342,0.483,-1.065
435.073,-135.393,-0.297,2.000,-0.540,-0.952,2.378,-6.068,0.355,-1.469
435.079,-215.067,0.000,2.000,-4.241,-0.077,4.673,-9.487,0.272,-1.499
435.084,-215.067,0.000,2.000,-10.113,-1.994,5.455,-9.223,0.272,-1.778
435.090,-235.155,0.000,2.000,-19.025,-2.519,5.304,-9.726,0.272,-2.330
435.096,-235.155,0.000,2.000,-28.970,-3.739,3.811,-9.278,0.272,-2.844
435.101,-235.155,0.000,2.000,-43.060,-2.776,3.072,-8.644,0.163,-3.707
435.108,-389.366,1.192,2.000,-59.099,-0.079,1.768,-14.862,0.163,-4.426
435.114,-414.906,1.192,2.000,-71.773,0.462,0.784,-15.441,0.163,-4.637
435.120,-414.906,1.192,2.000,-88.724,0.626,2.630,-14.678,0.163,-5.205
435.126,-445.223,0.149,2.000,-108.141,-0.565,6.386,-15.169,0.163,-5.880
435.132,-445.223,0.149,2.000,-128.921,-3.168,8.411,-14.234,0.163,-6.685
435.137,-445.223,0.000,2.000,-150.694,-4.990,9.552,-13.254,0.163,-7.469
435.143,-445.223,0.000,2.000,-173.932,-4.221,8.284,-12.208,0.163,-8.216
435.149,-445.223,-0.297,2.000,-196.783,-0.172,4.861,-11.180,0.163,-8.620
435.155,-445.223,-0.297,2.000,-221.160,0.391,4.908,-10.083,0.163,-8.906
435.161,-438.337,-0.297,2.000,-245.259,-2.443,5.413,-8.689,0.105,-9.080
435.168,-438.337,-0.297,2.000,-267.872,-4.582,6.472,-7.671,-0.061,-9.137
435.174,-362.154,-0.446,2.000,-287.368,-5.080,6.071,-3.365,-0.163,-8.803
435.180,-322.864,-0.446,2.000,-306.415,-4.982,5.166,-0.740,-0.212,-8.461
435.187,-322.864,-0.446,2.000,-323.328,-3.592,3.927,0.021,-0.217,-7.972
435.194,-322.864,-0.446,2.000,-333.784,-4.825,4.963,0.491,-0.210,-6.972
435.200,-213.136,-0.446,2.000,-341.799,-5.446,4.585,5.790,-0.129,-5.979
435.207,-156.735,-0.446,2.000,-342.590,-6.092,5.192,8.363,-0.070,-4.540
435.213,-132.732,-0.446,2.000,-340.770,-4.466,4.429,9.362,-0.007,-3.208
435.219,-76.836,-0.595,2.000,-330.264,-3.812,5.552,11.404,-0.007,-1.395
435.226,-56.357,-0.744,2.000,-316.497,-4.392,3.635,11.706,-0.007,0.320
435.232,-56.357,-0.744,2.000,-294.949,-10.548,3.709,10.737,-0.007,2.278
435.239,-51.209,-0.744,2.000,-274.331,-10.558,3.492,10.040,-0.007,3.591
435.246,-51.209,-0.744,2.000,-247.484,-11.533,2.534,8.832,0.057,5.212
435.252,-39.442,-0.595,2.000,-218.037,-14.071,1.911,8.037,0.238,6.707
435.259,-37.464,-0.446,2.000,-186.821,-15.461,3.209,6.721,0.388,8.135
435.265,-37.464,-0.446,2.000,-155.415,-12.987,3.135,5.308,0.512,9.144
435.272,-22.209,-0.446,2.000,-130.076,-10.932,0.580,4.854,0.617,9.338
435.278,-22.209,-0.446,2.000,-106.523,-10.992,1.478,3.794,0.706,9.276
435.285,-22.209,-0.446,2.000,-84.934,-10.018,2.303,2.823,0.777,9.003
435.291,-22.209,-0.446,2.000,-69.325,-9.046,1.744,2.120,0.828,8.249
435.298,-22.209,-0.446,2.000,-56.336,-6.246,2.159,1.536,0.865,7.445
435.304,-0.893,-0.744,2.000,-50.060,-4.434,3.201,2.212,0.907,6.181
435.311,-0.446,-0.744,2.000,-42.736,-3.461,2.446,1.903,0.950,5.315
435.317,-0.446,-0.744,2.000,-39.055,-2.858,3.178,1.737,0.988,4.291
435.323,0.000,-0.744,2.000,-39.371,-1.529,2.592,1.772,1.022,3.149
435.329,0.000,-0.595,2.000,-40.005,-0.860,1.921,1.800,1.053,2.227
435.334,0.000,-0.595,2.000,-41.660,-1.838,-0.303,1.875,1.085,1.433
435.339,0.000,-0.595,2.000,-41.847,-0.912,-1.509,1.883,1.117,1.042
435.344,0.000,-0.595,2.000,-45.863,1.919,0.480,2.064,1.152,0.325
435.349,0.149,-0.595,2.000,-46.000,-0.893,3.370,2.077,1.188,0.292
435.354,0.149,-0.595,2.000,-47.523,-1.920,2.080,2.145,1.225,0.041
435.360,0.446,-0.595,2.000,-49.044,-1.561,2.048,2.227,1.268,-0.117
435.366,11.062,-0.893,2.000,-47.639,-1.418,1.096,2.642,1.319,0.050
435.373,29.491,-1.043,2.000,-46.425,-1.266,1.061,3.416,1.382,0.157
435.380,29.491,-1.043,2.000,-44.086,0.138,1.459,3.311,1.457,0.328
435.386,29.491,-1.043,2.000,-37.450,-1.277,1.103,3.012,1.527,0.901
435.393,29.491,-1.043,2.000,-32.047,-3.181,-1.066,2.769,1.590,1.176
435.399,211.219,-2.860,2.000,-24.641,-0.851,-2.928,10.614,1.590,1.595
435.406,211.219,-2.860,2.000,-15.642,-0.290,-3.337,10.209,1.590,2.053
435.413,211.219,-2.860,2.000,-4.366,-3.536,-1.131,9.701,1.590,2.594
435.419,462.818,-3.796,2.000,11.609,-7.944,-0.049,20.304,1.590,3.467
435.426,488.382,-4.114,2.000,28.532,-4.359,-0.333,20.693,1.590,4.183
435.433,488.382,-4.114,2.000,50.149,-6.714,1.180,19.720,1.590,5.213
435.440,488.382,-4.114,2.000,78.923,-10.910,-0.496,18.426,1.590,6.600
435.446,567.728,-4.275,2.000,113.353,-8.613,-1.490,20.447,1.590,8.146
435.453,580.474,-3.955,2.000,148.116,-9.668,-4.922,19.456,1.590,9.406
435.460,580.474,-3.955,2.000,188.505,-8.209,-2.991,17.639,1.590,10.854
435.466,580.474,-3.955,2.000,233.573,-10.429,-4.242,15.611,1.590,12.374
435.473,597.825,-4.114,2.000,278.334,-10.903,-6.253,14.377,1.590,13.409
435.480,597.825,-4.114,2.000,323.389,-8.971,-1.539,12.350,1.590,14.238
435.486,597.825,-4.114,2.000,367.115,-10.659,-4.662,10.382,1.590,14.753
435.493,526.856,-3.796,2.000,406.478,-7.614,2.261,5.417,1.722,14.744
435.500,492.125,-2.860,2.000,440.637,-5.332,-1.618,2.317,1.783,14.227
435.506,492.125,-2.860,2.000,473.557,-5.322,0.902,0.836,1.813,13.734
435.513,383.182,-1.492,2.000,495.795,-3.114,-2.831,-5.068,1.745,12.376
435.520,265.760,-1.043,2.000,506.345,-0.095,-1.945,-10.826,1.664,10.250
435.527,265.760,-1.043,2.000,509.866,1.175,-1.133,-10.985,1.664,7.969
435.533,265.760,-1.043,2.000,505.946,2.969,0.185,-10.808,1.664,5.571
435.540,265.760,-1.043,2.000,492.046,1.157,2.335,-10.183,1.664,2.853
435.547,120.042,-0.893,2.000,472.764,2.279,1.234,-15.872,1.664,0.321
435.553,120.042,-0.893,2.000,445.965,2.111,0.925,-14.667,1.664,-2.350
435.559,29.897,-0.595,2.000,415.392,4.368,-0.351,-17.347,1.664,-4.931
435.565,29.897,-0.595,2.000,385.945,5.118,0.072,-16.022,1.664,-6.939
435.571,29.897,-0.595,2.000,352.396,4.617,-0.061,-14.512,1.664,-8.801
435.576,29.897,-0.595,2.000,318.702,5.007,-0.387,-12.996,1.664,-10.234
435.582,2.860,-0.595,2.000,285.905,3.007,2.875,-12.737,1.664,-11.164
435.588,0.744,-0.595,2.000,256.235,3.816,2.282,-11.497,1.664,-11.399
435.595,0.744,-0.595,2.000,229.347,4.792,0.753,-10.287,1.664,-11.263
435.601,0.744,-0.595,2.000,201.722,7.162,-1.539,-9.044,1.664,-11.206
435.607,1.043,-0.595,2.000,180.168,4.633,-1.758,-8.061,1.491,-10.627
435.613,1.192,-0.595,2.000,163.229,-0.306,-0.221,-7.292,1.336,-9.717
435.619,1.192,-0.595,2.000,150.903,-1.259,-0.577,-6.737,1.204,-8.629
435.625,1.192,-0.595,2.000,143.402,-1.470,-0.854,-6.399,1.081,-7.298
435.631,0.595,-0.744,2.000,136.554,-1.257,-0.219,-6.118,0.957,-6.180
435.637,0.595,-0.744,2.000,131.982,0.364,-0.239,-5.912,0.833,-5.076
435.643,0.595,-0.744,2.000,130.718,0.981,-1.581,-5.856,0.713,-3.911
435.649,0.595,-0.744,2.000,133.059,1.134,-1.007,-5.961,0.593,-2.646
435.655,0.595,-0.744,2.000,138.260,-1.337,-0.936,-6.195,0.467,-1.439
435.661,0.149,-0.744,2.000,142.192,-3.244,0.932,-6.392,0.340,-0.678
435.667,0.149,-0.744,2.000,146.070,-3.270,2.553,-6.566,0.219,-0.049
435.673,0.000,-0.595,2.000,146.323,-3.014,2.646,-6.585,0.095,0.030
435.678,0.000,-0.595,2.000,147.271,-2.938,2.123,-6.627,-0.018,0.176
435.683,0.000,-0.595,2.000,147.188,-1.937,0.986,-6.623,-0.132,0.128
435.688,0.000,-0.595,2.000,144.575,-6.140,-1.707,-6.506,-0.245,-0.282
435.693,0.000,-0.595,2.000,141.915,-9.161,-2.491,-6.386,-0.356,-0.587
435.699,0.000,-0.595,2.000,138.619,-9.415,-3.700,-6.238,-0.468,-0.857
435.704,0.000,-0.595,2.000,132.642,-6.494,-2.093,-5.969,-0.573,-1.333
435.709,0.000,-0.595,2.000,125.217,-5.881,1.469,-5.635,-0.672,-1.889
435.715,-0.297,-0.744,2.000,116.623,-3.710,1.119,-5.261,-0.778,-2.320
435.721,-4.114,-0.595,2.000,108.175,-2.741,1.933,-5.053,-0.884,-2.603
435.727,-9.023,-0.595,2.000,99.205,-1.642,1.529,-4.870,-0.985,-2.874
435.733,-9.023,-0.595,2.000,89.913,-2.667,1.007,-4.452,-1.081,-3.116
435.740,-9.023,-0.595,2.000,79.865,-2.711,-0.044,-4.000,-1.167,-3.368
435.746,-30.306,-0.446,2.000,71.598,1.882,-1.250,-4.586,-1.270,-3.327
435.753,-41.500,-0.446,2.000,63.012,3.892,-0.642,-4.703,-1.371,-3.328
435.759,-69.445,-0.297,2.000,52.394,3.473,-0.838,-5.483,-1.482,-3.541
435.765,-69.445,-0.297,2.000,42.312,1.557,0.599,-5.029,-1.590,-3.693
435.771,-69.445,-0.297,2.000,34.281,1.013,0.545,-4.668,-1.690,-3.590
435.778,-146.466,-0.297,2.000,25.930,1.556,0.882,-7.758,-1.853,-3.547
435.783,-196.369,0.000,2.000,16.035,-0.268,0.075,-9.558,-1.853,-3.734
435.789,-196.369,0.000,2.000,8.440,0.520,-1.561,-9.216,-1.853,-3.662
435.795,-325.552,0.893,2.000,-1.504,1.162,-1.635,-14.582,-1.908,-3.845
435.801,-325.552,0.893,2.000,-12.451,1.138,-2.483,-14.090,-1.908,-3.953
435.808,-380.120,0.893,2.000,-25.189,1.066,-1.636,-15.972,-1.908,-4.183
435.815,-414.906,0.744,2.000,-42.401,4.025,-1.306,-16.763,-1.908,-4.762
435.821,-431.537,0.149,2.000,-63.301,5.487,-1.730,-16.571,-1.908,-5.697
435.827,-424.822,0.000,2.000,-85.697,6.644,0.238,-15.261,-1.908,-6.805
435.832,-424.822,0.000,2.000,-109.043,5.487,2.788,-14.210,-1.908,-7.657
435.838,-424.822,0.000,2.000,-134.977,4.668,4.690,-13.043,-1.908,-8.606
435.844,-395.630,0.000,2.000,-162.012,6.625,2.135,-10.513,-1.908,-9.457
435.849,-395.630,0.000,2.000,-188.426,10.102,-0.688,-9.324,-1.908,-10.024
435.855,-395.630,0.000,2.000,-214.391,8.985,1.299,-8.156,-2.068,-10.386
435.860,-395.630,0.000,2.000,-241.902,6.944,3.047,-6.918,-2.206,-10.900
435.866,-328.258,-0.446,2.000,-264.044,10.003,0.708,-2.890,-2.290,-10.531
435.873,-299.459,-0.446,2.000,-285.435,14.469,-1.962,-0.631,-2.330,-9.918
435.879,-299.459,-0.446,2.000,-304.020,14.673,-2.953,0.205,-2.331,-9.204
435.886,-299.459,-0.446,2.000,-316.425,12.646,1.028,0.763,-2.318,-8.080
435.893,-299.459,-0.446,2.000,-324.208,11.244,1.388,1.114,-2.296,-6.779
435.899,-220.944,-0.297,2.000,-325.906,10.301,0.532,4.723,-2.220,-5.220
435.905,-220.944,-0.297,2.000,-325.295,12.122,0.229,4.696,-2.122,-3.822
435.911,-220.944,-0.297,2.000,-321.700,11.748,-0.685,4.534,-2.027,-2.470
435.918,-220.944,-0.297,2.000,-317.422,11.778,-1.821,4.342,-1.934,-1.426
435.924,-109.465,-0.446,2.000,-308.069,17.957,-2.628,8.937,-1.871,-0.140
435.931,-90.535,-0.446,2.000,-297.598,21.202,-2.990,9.318,-1.871,0.931
435.937,-90.535,-0.446,2.000,-281.352,21.120,-0.556,8.587,-1.747,2.259
435.944,-90.535,-0.446,2.000,-259.216,16.425,3.172,7.591,-1.573,3.808
435.950,-90.535,-0.446,2.000,-239.134,13.414,3.648,6.687,-1.422,4.803
435.957,-5.758,-0.446,2.000,-218.662,17.629,-0.692,9.581,-1.330,5.576
435.963,-5.758,-0.446,2.000,-202.150,19.859,-3.917,8.838,-1.268,5.788
435.970,-2.096,-0.446,2.000,-182.340,19.565,-4.009,8.111,-1.081,6.180
435.976,-2.096,-0.446,2.000,-162.182,15.002,-4.723,7.204,-0.919,6.603
435.983,-2.096,-0.446,2.000,-144.417,12.448,-3.296,6.404,-0.774,6.678
435.989,-2.096,-0.446,2.000,-131.850,13.511,-1.642,5.839,-0.644,6.233
435.996,0.000,-0.446,2.000,-115.033,14.781,-2.254,5.176,-0.528,6.287
436.001,0.000,-0.446,2.000,-103.264,13.738,-0.737,4.647,-0.441,6.042
436.007,0.000,-0.446,2.000,-88.663,11.906,-0.244,3.990,-0.365,6.187
436.012,0.000,-0.297,2.000,-78.051,10.703,-3.208,3.512,-0.297,5.812
436.017,0.000,-0.297,2.000,-71.005,7.041,-3.731,3.195,-0.240,5.232
436.023,0.000,-0.297,2.000,-67.080,8.146,-3.242,3.019,-0.186,4.459
436.028,0.149,-0.297,2.000,-60.942,6.252,-0.261,2.749,-0.136,4.157
436.033,0.149,-0.297,2.000,-60.356,12.123,2.659,2.723,-0.089,3.199
436.038,0.297,-0.297,2.000,-55.444,11.238,1.894,2.508,-0.041,2.973
436.044,0.297,-0.297,2.000,-53.269,10.880,2.252,2.410,0.006,2.469
436.050,2.248,-0.446,2.000,-54.907,11.777,1.713,2.572,0.053,1.665
436.057,3.796,-0.446,2.000,-52.473,8.459,-0.216,2.532,0.111,1.566
436.063,3.796,-0.446,2.000,-51.930,7.332,-2.833,2.508,0.166,1.256
436.069,3.796,-0.446,2.000,-52.522,11.114,-4.997,2.534,0.221,0.882
436.076,3.796,-0.446,2.000,-49.419,13.315,-4.917,2.395,0.274,0.983
436.082,9.416,-0.446,2.000,-46.835,14.755,-4.172,2.531,0.328,1.017
436.089,9.416,-0.446,2.000,-42.941,14.682,-1.100,2.356,0.379,1.116
436.095,9.416,-0.446,2.000,-39.130,14.143,-1.941,2.185,0.427,1.200
436.102,9.416,-0.446,2.000,-32.055,12.796,-0.671,1.866,0.470,1.545
436.108,48.185,-0.893,2.000,-28.923,10.441,-1.566,3.470,0.546,1.470
436.115,71.036,-0.893,2.000,-21.687,9.950,-5.130,4.173,0.639,1.822
436.121,71.036,-0.893,2.000,-14.127,8.439,-5.921,3.832,0.725,2.113
436.128,270.379,-3.325,2.000,-5.590,9.822,-5.231,12.419,0.778,2.420
436.135,309.688,-3.482,2.000,2.511,9.855,-2.171,13.823,0.778,2.550
436.141,309.688,-3.482,2.000,12.980,11.411,-0.240,13.352,0.778,2.880
436.148,309.688,-3.482,2.000,26.252,6.960,-1.099,12.755,0.778,3.394
436.155,309.688,-3.482,2.000,43.986,9.477,-0.019,11.957,0.778,4.139
436.161,374.054,-3.169,2.000,67.578,7.647,-2.018,13.791,0.778,5.335
436.168,374.054,-3.169,2.000,96.142,2.794,-1.989,12.506,0.778,6.662
436.175,374.054,-3.169,2.000,125.276,0.568,-0.344,11.195,0.778,7.730
436.181,374.054,-3.169,2.000,156.806,0.763,-3.324,9.776,0.778,8.740
436.188,304.539,-5.421,2.000,188.008,-1.558,-4.789,5.244,0.881,9.450
436.195,304.539,-5.421,2.000,214.559,3.576,-4.382,4.049,0.980,9.587
436.202,304.539,-5.421,2.000,240.117,7.003,-5.788,2.899,1.055,9.574
436.208,304.539,-5.421,2.000,269.465,3.090,-1.633,1.578,1.100,9.899
436.215,211.219,-7.333,2.000,287.082,6.367,-3.023,-3.414,1.030,9.074
436.222,158.247,-7.515,2.000,301.897,9.364,-3.721,-6.464,0.908,8.166
436.228,158.247,-7.515,2.000,310.332,8.797,-1.181,-6.844,0.757,6.868
436.235,158.247,-7.515,2.000,313.485,5.133,-1.161,-6.986,0.602,5.419
436.242,28.693,-7.153,2.000,307.391,6.255,-3.925,-12.541,0.500,3.508
436.248,28.693,-7.153,2.000,296.292,5.356,-3.909,-12.042,0.500,1.637
436.255,28.693,-7.153,2.000,277.807,4.281,-2.412,-11.210,0.500,-0.429
436.262,6.100,-4.598,2.000,255.494,3.578,-6.254,-11.223,0.500,-2.452
436.268,0.744,-1.793,2.000,231.201,3.407,-3.067,-10.371,0.500,-4.125
436.275,0.744,-1.793,2.000,199.018,1.236,-3.978,-8.922,0.438,-6.176
436.281,-0.297,-0.893,2.000,167.075,-3.188,1.832,-7.532,0.266,-7.723
436.287,-0.297,-0.893,2.000,138.390,-4.115,1.523,-6.241,0.131,-8.804
436.293,-0.297,-0.893,2.000,111.028,-3.650,-0.474,-5.010,0.021,-9.427
436.299,-0.297,-0.893,2.000,87.762,-2.025,0.496,-3.963,-0.067,-9.428
436.305,-0.297,-0.893,2.000,66.899,-0.770,-0.486,-3.024,-0.134,-9.229
436.311,-0.297,-0.893,2.000,50.906,1.976,-1.833,-2.304,-0.185,-8.592
436.317,-0.297,-0.893,2.000,40.769,2.304,-2.739,-1.848,-0.225,-7.489
436.323,-0.297,-0.893,2.000,32.235,5.752,-2.371,-1.464,-0.256,-6.487
436.330,-0.297,-1.043,2.000,28.362,10.509,-2.204,-1.290,-0.282,-5.225
436.336,-0.297,-1.043,2.000,30.965,9.001,-0.733,-1.407,-0.310,-3.633
436.342,-0.446,-1.043,2.000,33.010,9.610,0.300,-1.506,-0.340,-2.503
436.348,-0.446,-1.043,2.000,40.270,12.417,1.084,-1.832,-0.377,-1.184
436.355,-0.446,-1.043,2.000,45.306,10.877,2.346,-2.059,-0.421,-0.425
436.361,-0.446,-1.043,2.000,49.376,12.831,0.943,-2.242,-0.468,0.059
436.368,-0.446,-1.043,2.000,57.198,11.112,1.630,-2.594,-0.521,0.792
436.374,-0.446,-1.043,2.000,64.961,11.110,2.200,-2.943,-0.582,1.345
436.381,-1.043,-1.043,2.000,69.375,9.258,0.228,-3.169,-0.648,1.428
436.387,-1.043,-1.043,2.000,72.009,9.225,-1.470,-3.287,-0.720,1.337
436.394,-1.043,-1.043,2.000,71.287,9.231,-2.541,-3.255,-0.794,0.922
436.401,-1.043,-1.043,2.000,72.786,11.196,-0.496,-3.322,-0.868,0.820
436.407,-1.192,-0.893,2.000,69.696,11.137,0.185,-3.190,-0.935,0.290
436.413,-1.342,-0.893,2.000,65.517,10.289,2.314,-3.009,-0.999,-0.210
436.420,-2.860,-0.893,2.000,63.113,6.858,4.366,-2.969,-1.064,-0.418
436.426,-3.325,-0.893,2.000,58.934,5.731,2.635,-2.802,-1.126,-0.727
436.433,-3.325,-0.893,2.000,52.742,6.905,1.091,-2.523,-1.181,-1.106
436.439,-3.325,-0.893,2.000,43.127,2.863,0.546,-2.090,-1.229,-1.726
436.446,-7.883,-0.893,2.000,32.887,-2.215,0.577,-1.835,-1.273,-2.239
436.452,-7.883,-0.893,2.000,25.992,-0.263,-2.748,-1.524,-1.309,-2.348
436.459,-11.932,-0.595,2.000,18.343,1.079,-2.995,-1.362,-1.339,-2.502
436.465,-13.777,-0.446,2.000,8.757,2.979,-0.358,-1.014,-1.361,-2.850
436.471,-13.777,-0.446,2.000,-0.062,6.534,0.952,-0.617,-1.378,-3.017
436.478,-13.777,-0.446,2.000,-6.739,8.779,1.030,-0.317,-1.388,-2.948
436.484,-15.518,-0.446,2.000,-8.715,2.689,3.925,-0.306,-1.395,-2.392
436.491,-15.518,-0.446,2.000,-14.828,4.567,3.566,-0.031,-1.397,-2.364
436.497,-15.518,-0.446,2.000,-15.820,9.269,0.426,0.014,-1.397,-1.867
436.504,-15.518,-0.446,2.000,-20.345,9.845,0.282,0.217,-1.395,-1.856
436.510,-15.518,-0.446,2.000,-17.549,4.767,2.455,0.091,-1.392,-1.125
436.517,-15.008,-0.446,2.000,-23.045,6.574,0.584,0.362,-1.385,-1.356
436.523,-15.008,-0.446,2.000,-20.437,12.899,-2.522,0.244,-1.380,-0.797
436.530,-12.155,-0.446,2.000,-23.769,12.754,-0.995,0.523,-1.370,-0.910
436.536,-12.155,-0.446,2.000,-20.728,10.784,0.339,0.386,-1.360,-0.355
436.543,-9.615,-0.446,2.000,-19.355,14.709,0.791,0.438,-1.353,-0.165
436.549,-8.446,-0.446,2.000,-17.914,15.288,0.880,0.426,-1.343,0.028
436.556,-8.446,-0.446,2.000,-14.711,14.253,2.322,0.282,-1.337,0.307
436.562,-8.446,-0.446,2.000,-15.106,14.085,3.216,0.300,-1.330,0.217
436.569,-8.446,-0.446,2.000,-14.198,14.693,4.494,0.259,-1.325,0.218
436.575,-5.758,-0.446,2.000,-13.267,16.697,3.113,0.338,-1.319,0.242
436.582,-5.421,-0.446,2.000,-9.454,13.218,1.847,0.181,-1.314,0.549
436.588,-5.421,-0.446,2.000,-10.624,8.270,2.432,0.234,-1.309,0.306
436.595,-5.421,-0.446,2.000,-8.800,9.480,1.563,0.152,-1.305,0.414
436.601,-5.421,-0.446,2.000,-7.356,11.074,-0.854,0.087,-1.302,0.473
436.608,-5.589,-0.446,2.000,-8.822,5.645,2.668,0.145,-1.299,0.226
436.614,-5.589,-0.446,2.000,-8.310,4.920,2.758,0.122,-1.297,0.212
436.620,-5.589,-0.446,2.000,-5.955,5.942,0.461,0.016,-1.295,0.401
436.627,-5.589,-0.446,2.000,-7.508,4.319,1.432,0.086,-1.292,0.201
436.633,-5.589,-0.446,2.000,-9.966,2.854,3.163,0.197,-1.290,-0.114
436.640,-5.758,-0.446,2.000,-10.488,1.572,2.304,0.213,-1.287,-0.197
436.646,-5.758,-0.446,2.000,-10.192,0.334,2.131,0.200,-1.281,-0.087
436.653,-5.758,-0.446,2.000,-14.154,2.072,0.996,0.378,-1.274,-0.430
436.659,-5.758,-0.446,2.000,-16.271,2.452,-1.434,0.473,-1.266,-0.563
436.666,-6.974,-0.446,2.000,-16.106,0.912,0.820,0.411,-1.255,-0.400
436.672,-6.974,-0.446,2.000,-20.352,4.084,2.601,0.602,-1.244,-0.699
436.679,-6.974,-0.446,2.000,-21.926,5.998,1.663,0.673,-1.229,-0.669
436.685,-22.871,-0.595,2.000,-22.525,3.433,2.883,-0.016,-1.231,-0.635
436.691,-42.028,-0.595,2.000,-24.416,0.639,4.953,-0.793,-1.242,-0.663
436.697,-42.028,-0.595,2.000,-26.630,3.327,4.002,-0.693,-1.257,-0.722
436.704,-42.028,-0.595,2.000,-28.828,6.653,2.612,-0.594,-1.269,-0.741
436.710,-42.028,-0.595,2.000,-33.591,7.866,2.271,-0.380,-1.278,-1.037
436.716,-138.097,-0.446,2.000,-35.784,6.891,3.375,-4.604,-1.378,-1.023
436.722,-138.097,-0.446,2.000,-37.707,1.979,5.752,-4.518,-1.475,-0.938
436.729,-247.907,-0.297,2.000,-42.313,4.006,1.527,-9.252,-1.510,-1.144
436.735,-247.907,-0.297,2.000,-45.133,3.438,0.347,-9.125,-1.510,-1.135
436.741,-247.907,-0.297,2.000,-55.506,2.970,-0.633,-8.658,-1.689,-1.908
436.747,-247.907,-0.297,2.000,-68.481,2.998,-1.400,-8.074,-1.860,-2.776
436.753,-473.639,-0.149,2.000,-82.445,2.561,-1.594,-17.604,-1.860,-3.667
436.759,-492.125,-0.149,2.000,-97.971,0.750,1.084,-17.737,-1.860,-4.505
436.765,-511.185,-0.297,2.000,-116.845,-2.133,5.865,-17.745,-1.860,-5.527
436.771,-511.185,-0.297,2.000,-143.785,0.625,5.513,-16.533,-1.860,-6.829
436.777,-511.185,-0.297,2.000,-175.971,0.416,3.955,-15.085,-1.860,-8.380
436.784,-499.679,-0.446,2.000,-209.619,2.509,5.903,-13.053,-1.860,-9.615
436.790,-499.679,-0.446,2.000,-248.952,3.143,4.075,-11.283,-1.860,-10.979
436.797,-466.402,-0.446,2.000,-285.047,3.065,6.725,-8.161,-1.918,-11.714
436.803,-466.402,-0.446,2.000,-322.710,4.964,4.903,-6.466,-2.071,-12.445
436.810,-466.402,-0.446,2.000,-357.718,6.340,3.842,-4.891,-2.188,-12.687
436.816,-466.402,-0.446,2.000,-393.080,7.880,5.227,-3.299,-2.273,-12.860
436.823,-339.262,-0.446,2.000,-418.911,7.642,4.280,3.584,-2.204,-12.123
436.829,-317.541,-0.446,2.000,-440.139,5.435,5.636,5.517,-2.097,-11.096
436.836,-252.278,-0.446,2.000,-454.386,5.290,5.747,9.095,-2.012,-9.684
436.842,-207.425,-0.595,2.000,-456.552,4.293,5.465,11.211,-2.012,-7.480
436.848,-207.425,-0.595,2.000,-448.561,-0.442,3.864,10.851,-2.012,-4.822
436.855,-207.425,-0.595,2.000,-434.270,-3.541,2.317,10.208,-2.012,-2.207
436.861,-207.425,-0.595,2.000,-412.833,-5.247,4.691,9.243,-2.012,0.522
436.867,-94.497,-0.446,2.000,-385.204,-6.261,4.528,13.082,-1.945,3.143
436.874,-94.497,-0.446,2.000,-352.317,-11.360,3.287,11.602,-1.945,5.558
436.880,-94.497,-0.446,2.000,-319.163,-9.421,5.882,10.110,-1.945,7.427
436.886,-94.497,-0.446,2.000,-286.093,-9.800,2.394,8.622,-1.886,8.804
436.893,-94.497,-0.446,2.000,-253.872,-7.847,3.830,7.172,-1.721,9.756
436.899,-94.497,-0.446,2.000,-222.728,-3.787,4.522,5.770,-1.587,10.348
436.906,-6.974,-0.744,2.000,-196.772,-3.256,1.106,8.541,-1.421,10.235
436.913,-4.436,-0.744,2.000,-171.988,-3.544,3.450,7.540,-1.243,9.954
436.919,-4.436,-0.744,2.000,-154.688,3.041,3.064,6.761,-1.086,9.078
436.926,-4.436,-0.744,2.000,-140.640,9.121,3.083,6.129,-0.947,8.126
436.932,0.000,-0.595,2.000,-129.058,10.922,2.075,5.808,-0.834,7.341
436.937,0.000,-0.595,2.000,-119.330,11.612,2.438,5.370,-0.739,6.675
436.942,0.000,-0.446,2.000,-113.915,11.518,1.073,5.126,-0.650,5.664
436.947,0.000,-0.446,2.000,-108.628,12.123,2.915,4.888,-0.560,4.859
436.953,0.000,-0.446,2.000,-105.686,13.588,4.483,4.756,-0.470,3.982
436.959,0.000,-0.446,2.000,-105.237,16.738,5.624,4.736,-0.383,3.057
436.964,0.000,-0.446,2.000,-104.264,17.337,6.505,4.692,-0.297,2.425
436.969,0.000,-0.446,2.000,-105.215,17.718,5.394,4.735,-0.211,1.741
436.975,0.000,-0.446,2.000,-105.440,16.402,5.752,4.745,-0.125,1.301
436.980,0.000,-0.446,2.000,-106.292,15.129,4.695,4.783,-0.038,0.902
436.986,0.000,-0.446,2.000,-103.309,14.075,5.374,4.649,0.046,1.014
436.991,0.000,-0.446,2.000,-100.627,12.021,6.520,4.528,0.129,1.090
436.997,0.000,-0.446,2.000,-97.171,10.788,7.467,4.373,0.212,1.234
437.002,0.000,-0.446,2.000,-93.421,9.677,8.473,4.204,0.289,1.369
437.007,0.000,-0.446,2.000,-88.939,8.273,8.598,4.002,0.362,1.528
437.013,0.000,-0.446,2.000,-85.023,7.096,6.898,3.826,0.431,1.567
437.018,0.000,-0.446,2.000,-79.754,5.053,5.301,3.589,0.496,1.752
437.024,0.000,-0.446,2.000,-73.691,1.361,4.930,3.316,0.556,1.959
437.029,0.000,-0.446,2.000,-66.670,-1.831,4.797,3.000,0.611,2.234
437.034,0.000,-0.446,2.000,-58.962,-3.435,4.510,2.653,0.660,2.532
437.040,0.000,-0.446,2.000,-50.320,-6.378,4.464,2.264,0.705,2.858
437.045,0.000,-0.446,2.000,-42.609,-6.417,6.672,1.917,0.742,3.036
437.051,0.000,-0.446,2.000,-35.932,-5.252,6.953,1.617,0.773,3.042
437.056,0.000,-0.446,2.000,-29.356,-3.020,4.739,1.321,0.800,3.066
437.062,0.000,-0.446,2.000,-22.675,-2.236,2.563,1.020,0.821,3.079
437.067,0.000,-0.446,2.000,-16.646,-3.166,2.795,0.749,0.836,3.005
437.073,0.000,-0.446,2.000,-10.686,-3.496,2.209,0.481,0.846,2.922
437.078,0.000,-0.446,2.000,-4.810,-2.726,3.023,0.216,0.852,2.837
437.084,0.000,-0.446,2.000,1.500,-2.393,3.884,-0.067,0.852,2.830
437.089,0.000,-0.446,2.000,5.774,-3.775,3.754,-0.260,0.848,2.591
437.095,0.000,-0.446,2.000,10.616,-4.295,3.715,-0.478,0.841,2.487
437.100,0.000,-0.446,2.000,15.034,-2.978,3.845,-0.677,0.829,2.347
437.106,0.000,-0.446,2.000,18.377,-5.675,3.604,-0.827,0.815,2.139
437.111,0.000,-0.446,2.000,21.198,-4.327,4.480,-0.954,0.799,1.939
437.117,0.000,-0.446,2.000,24.386,-5.430,4.980,-1.097,0.780,1.831
437.123,15.518,-0.744,2.000,23.715,-6.496,4.401,-0.369,0.773,1.344
437.130,15.518,-0.744,2.000,21.074,-3.403,2.267,-0.250,0.767,0.766
437.136,56.357,-1.944,2.000,17.369,-2.563,1.029,1.754,0.791,0.229
437.143,196.369,-5.758,2.000,16.450,-2.228,2.432,8.096,0.816,0.048
437.150,196.369,-5.758,2.000,18.017,-2.819,1.786,8.026,0.933,0.170
437.156,196.369,-5.758,2.000,20.243,-4.797,0.941,7.926,1.109,0.370
437.163,484.662,-8.256,2.000,24.973,-5.477,0.831,20.686,1.109,0.749
437.169,484.662,-8.256,2.000,34.096,-2.041,0.819,20.275,1.109,1.447
437.176,484.662,-8.256,2.000,51.513,-4.516,-0.960,19.492,1.109,2.696
437.183,686.042,-10.430,2.000,78.022,-1.064,0.864,27.361,1.109,4.552
437.190,700.882,-10.430,2.000,111.353,-4.663,0.727,26.529,1.109,6.536
437.196,700.882,-10.430,2.000,152.461,-1.893,-2.831,24.679,1.109,8.802
437.203,700.882,-10.430,2.000,202.721,-5.165,5.013,22.417,1.109,11.361
437.210,731.338,-11.711,2.000,255.171,3.289,2.515,21.428,1.109,13.485
437.216,731.338,-11.711,2.000,310.741,0.440,-0.799,18.927,1.109,15.363
437.223,731.338,-11.711,2.000,372.720,3.141,-0.385,16.138,1.109,17.282
437.229,681.152,-13.777,2.000,432.885,-2.698,-4.434,11.172,1.109,18.656
437.236,681.152,-13.777,2.000,489.098,0.543,3.016,8.642,1.172,19.253
437.243,681.152,-13.777,2.000,539.684,-2.815,3.280,6.366,1.328,19.223
437.249,480.965,-16.302,2.000,579.750,-5.260,4.156,-4.445,1.409,18.165
437.256,480.965,-16.302,2.000,613.485,-3.936,-1.605,-5.963,1.409,16.784
437.263,405.176,-16.839,2.000,630.135,-3.045,-3.696,-10.123,1.409,14.132
437.269,405.176,-16.839,2.000,637.265,-5.768,-1.828,-10.444,1.409,11.244
437.276,211.219,-17.112,2.000,629.111,-8.744,-2.446,-18.805,1.409,7.678
437.283,135.393,-16.038,2.000,615.228,-9.166,3.245,-21.593,1.409,4.446
437.289,135.393,-16.038,2.000,581.962,-17.251,4.747,-20.096,1.409,0.183
437.296,30.720,-10.849,2.000,545.882,-17.825,3.310,-23.182,1.409,-3.271
437.302,30.720,-10.849,2.000,498.602,-19.293,2.376,-21.055,1.409,-7.256
437.309,17.387,-8.069,2.000,450.317,-17.174,-1.183,-19.482,1.409,-10.115
437.316,17.387,-8.069,2.000,400.399,-13.809,-0.953,-17.235,1.409,-12.165
437.322,0.446,-4.436,2.000,342.599,-14.292,2.002,-15.397,1.409,-14.617
437.328,0.000,-2.096,2.000,296.575,-9.753,4.628,-13.346,1.409,-15.655
437.334,0.000,-2.096,2.000,248.660,-7.437,3.264,-11.190,1.409,-17.014
437.340,0.000,-2.096,2.000,209.143,-6.422,5.584,-9.411,1.409,-17.153
437.345,-0.149,-2.553,2.000,178.609,-4.732,3.993,-8.044,1.250,-16.279
437.351,-0.149,-2.553,2.000,156.053,1.059,1.959,-7.029,1.113,-14.721
437.356,-0.149,-2.553,2.000,141.186,7.215,1.467,-6.360,0.991,-12.645
437.362,-0.149,-2.553,2.000,135.172,8.331,3.904,-6.089,0.873,-10.064
437.368,0.000,-2.706,2.000,136.782,9.186,6.315,-6.155,0.759,-7.322
437.373,0.000,-2.706,2.000,139.786,9.247,6.072,-6.290,0.643,-5.131
437.379,0.000,-2.706,2.000,148.313,8.652,4.241,-6.674,0.523,-2.872
437.384,-0.149,-2.553,2.000,158.748,9.550,3.066,-7.150,0.393,-1.000
437.390,-0.149,-2.553,2.000,170.747,8.806,1.841,-7.690,0.252,0.578
437.396,-0.149,-2.553,2.000,180.647,7.663,3.154,-8.136,0.102,1.522
437.401,-0.149,-2.553,2.000,188.123,4.677,3.842,-8.472,-0.058,1.949
437.408,-0.446,-1.492,2.000,194.660,2.404,4.056,-8.780,-0.237,2.132
437.414,-0.446,-1.492,2.000,195.281,-3.687,4.271,-8.808,-0.429,1.652
437.421,-0.446,-1.492,2.000,191.992,-4.003,1.020,-8.660,-0.618,0.908
437.427,-2.553,-1.043,2.000,188.121,-7.450,2.201,-8.580,-0.805,0.321
437.434,-2.553,-1.043,2.000,175.466,-6.861,2.935,-8.011,-0.988,-0.975
437.440,-2.553,-1.043,2.000,161.214,-7.398,2.099,-7.369,-1.156,-2.098
437.447,-5.255,-0.893,2.000,144.900,-10.640,3.397,-6.757,-1.311,-3.137
437.454,-6.446,-0.893,2.000,127.687,-10.245,3.010,-6.036,-1.451,-4.016
437.460,-6.446,-0.893,2.000,109.386,-11.145,5.500,-5.212,-1.571,-4.790
437.467,-7.153,-0.893,2.000,90.308,-11.549,7.292,-4.386,-1.673,-5.404
437.473,-7.153,-0.893,2.000,74.370,-9.693,5.222,-3.669,-1.759,-5.597
437.480,-7.153,-0.893,2.000,56.790,-8.476,6.264,-2.877,-1.827,-5.894
437.486,-7.333,-0.893,2.000,39.717,-6.852,6.749,-2.117,-1.879,-6.042
437.493,-7.515,-0.893,2.000,28.031,-3.577,6.744,-1.600,-1.918,-5.686
437.500,-7.515,-0.893,2.000,18.339,-0.698,6.295,-1.163,-1.947,-5.161
437.506,-7.883,-0.893,2.000,7.746,2.857,5.583,-0.703,-1.966,-4.914
437.513,-8.256,-0.893,2.000,2.274,5.653,5.827,-0.474,-1.979,-4.258
437.519,-8.256,-0.893,2.000,-2.169,8.902,7.435,-0.274,-1.986,-3.599
437.526,-8.256,-0.893,2.000,-4.744,11.739,8.056,-0.158,-1.989,-2.930
437.532,-9.416,-0.744,2.000,-5.050,12.191,7.019,-0.196,-1.994,-2.227
437.539,-9.416,-0.744,2.000,-3.615,11.965,8.668,-0.261,-1.999,-1.530
437.545,-10.849,-0.744,2.000,-0.684,9.165,7.941,-0.457,-2.006,-0.820
437.552,-13.777,-0.744,2.000,-0.101,11.496,5.939,-0.615,-2.019,-0.558
437.559,-13.777,-0.744,2.000,5.189,15.908,5.246,-0.853,-2.036,0.059
437.565,-38.443,-0.744,2.000,7.224,15.459,7.518,-2.055,-2.065,0.222
437.572,-38.443,-0.744,2.000,10.296,17.065,9.991,-2.193,-2.114,0.425
437.579,-38.443,-0.744,2.000,10.335,19.349,9.300,-2.195,-2.163,0.302
437.585,-118.828,-0.744,2.000,13.092,17.552,6.810,-5.936,-2.294,0.493
437.592,-118.828,-0.744,2.000,12.674,16.820,6.370,-5.918,-2.425,0.366
437.599,-118.828,-0.744,2.000,7.433,16.134,6.600,-5.682,-2.557,-0.210
437.605,-462.818,-0.297,2.000,3.173,16.783,6.174,-20.970,-2.600,-0.580
437.612,-462.818,-0.297,2.000,-7.705,19.701,4.926,-20.480,-2.600,-1.506
437.618,-462.818,-0.297,2.000,-25.272,18.406,5.970,-19.690,-2.600,-2.912
437.624,-462.818,-0.297,2.000,-46.218,16.250,10.077,-18.747,-2.600,-4.337
437.630,-906.202,-0.149,2.000,-74.114,15.437,9.155,-37.444,-2.600,-6.176
437.636,-906.202,-0.149,2.000,-109.744,11.679,7.280,-35.841,-2.600,-8.658
437.641,-906.202,-0.149,2.000,-150.034,11.223,8.978,-34.028,-2.600,-10.974
437.648,-982.349,-0.446,2.000,-204.544,7.586,5.036,-35.001,-2.600,-13.766
437.654,-982.349,-0.446,2.000,-263.675,8.405,9.122,-32.340,-2.600,-16.109
437.660,-982.349,-0.446,2.000,-330.714,0.686,10.866,-29.324,-2.600,-18.576
437.667,-982.349,-0.744,2.000,-401.246,-2.466,12.644,-26.150,-2.600,-20.760
437.673,-982.349,-0.893,2.000,-476.669,-2.826,16.843,-22.756,-2.600,-22.764
437.680,-982.349,-0.893,2.000,-547.068,-3.533,12.700,-19.588,-2.600,-23.970
437.686,-982.349,-0.893,2.000,-613.827,-6.719,17.413,-16.583,-2.600,-24.302
437.693,-982.349,-0.893,2.000,-678.554,-8.399,13.808,-13.671,-2.600,-24.514
437.699,-795.455,-1.492,2.000,-727.833,-13.421,15.972,-3.043,-2.600,-23.104
437.706,-795.455,-1.492,2.000,-770.662,-17.506,15.704,-1.116,-2.638,-21.311
437.713,-538.861,-3.014,2.000,-801.021,-20.171,13.821,11.797,-2.645,-18.838
437.719,-386.264,-5.589,2.000,-813.845,-28.841,15.370,19.241,-2.645,-15.321
437.726,-386.264,-5.589,2.000,-813.270,-37.408,11.013,19.215,-2.645,-11.386
437.733,-386.264,-5.589,2.000,-796.210,-38.388,6.568,18.448,-2.645,-6.944
437.739,-226.948,-6.621,2.000,-764.007,-45.029,4.963,24.168,-2.645,-2.126
437.746,-170.770,-6.797,2.000,-720.466,-43.068,5.771,24.736,-2.645,2.490
437.753,-170.770,-6.797,2.000,-668.031,-44.846,3.730,22.377,-2.645,6.806
437.759,-53.734,-6.797,2.000,-600.718,-47.078,7.530,24.614,-2.645,11.477
437.766,-53.734,-6.797,2.000,-534.297,-44.638,6.141,21.625,-2.645,14.909
437.773,-53.734,-6.797,2.000,-468.205,-43.404,7.592,18.651,-2.645,17.361
437.780,-53.734,-6.797,2.000,-398.254,-35.058,10.467,15.503,-2.645,19.466
437.786,-53.734,-6.797,2.000,-335.642,-32.974,4.819,12.686,-2.645,20.419
437.793,-2.553,-6.621,2.000,-281.494,-23.515,11.453,12.552,-2.645,20.384
437.800,-2.553,-6.621,2.000,-240.606,-16.367,10.671,10.712,-2.645,19.109
437.806,0.000,-5.421,2.000,-210.127,-12.548,13.128,9.456,-2.645,17.429
437.812,0.000,-4.760,2.000,-190.104,-5.930,9.051,8.555,-2.538,15.318
437.817,0.000,-4.760,2.000,-178.362,0.838,7.817,8.026,-2.384,12.802
437.823,0.000,-4.760,2.000,-172.765,4.548,6.827,7.774,-2.234,10.210
437.829,0.000,-1.492,2.000,-172.660,4.585,7.360,7.770,-2.087,7.690
437.834,0.000,-1.492,2.000,-175.027,3.519,7.772,7.876,-1.939,5.525
437.840,0.000,-1.492,2.000,-182.578,0.787,8.406,8.216,-1.784,3.347
437.846,0.000,-1.492,2.000,-191.970,-2.195,7.978,8.639,-1.625,1.483
437.851,0.297,-1.043,2.000,-201.019,-1.767,7.858,9.059,-1.514,0.081
437.857,0.297,-1.043,2.000,-209.603,-0.369,6.827,9.445,-1.514,-0.838
437.864,0.595,-1.043,2.000,-214.829,-1.746,5.014,9.694,-1.514,-1.131
437.870,0.595,-1.043,2.000,-216.127,-2.830,4.650,9.753,-1.514,-0.947
437.876,10.849,-1.043,2.000,-212.835,-6.897,4.717,10.066,-1.514,-0.324
437.882,10.849,-1.043,2.000,-207.693,-6.425,5.012,9.834,-1.514,0.283
437.888,38.940,-1.342,2.000,-197.324,-6.860,5.195,10.632,-1.514,1.262
437.895,38.940,-1.342,2.000,-185.130,-9.102,4.491,10.083,-1.514,2.100
437.902,126.260,-2.553,2.000,-168.074,-9.911,5.719,13.245,-1.514,3.162
437.908,126.260,-2.553,2.000,-147.261,-11.332,4.231,12.308,-1.514,4.348
437.915,239.346,-3.169,2.000,-128.056,-10.564,2.918,16.533,-1.514,5.042
437.922,275.063,-3.325,2.000,-105.157,-9.933,6.229,17.110,-1.514,5.898
437.928,275.063,-3.325,2.000,-76.324,-7.378,5.178,15.812,-1.514,7.141
437.935,275.063,-3.325,2.000,-46.583,-8.452,2.424,14.474,-1.514,8.135
437.942,275.063,-3.325,2.000,-14.029,-9.986,5.653,13.009,-1.514,9.122
437.949,383.182,-3.482,2.000,18.164,-12.113,-1.647,16.426,-1.514,9.908
437.955,383.182,-3.482,2.000,48.427,-9.500,1.676,15.064,-1.514,10.283
437.962,383.182,-3.482,2.000,80.302,-15.195,-5.357,13.630,-1.514,10.656
437.969,383.182,-3.482,2.000,107.908,-5.255,-0.583,12.387,-1.514,10.584
437.975,383.182,-3.482,2.000,132.443,-6.777,-5.574,11.283,-1.514,10.260
437.982,291.966,-1.043,2.000,155.389,0.832,-0.895,6.146,-1.469,9.850
437.989,279.810,-1.043,2.000,178.700,3.231,4.128,4.550,-1.352,9.562
437.995,279.810,-1.043,2.000,197.518,12.948,6.341,3.703,-1.264,8.934
438.002,272.713,-0.893,2.000,213.497,12.597,3.230,2.665,-1.201,8.232
438.009,275.063,-0.744,2.000,226.607,9.108,2.061,2.181,-1.148,7.385
438.015,277.428,-0.744,2.000,233.762,14.490,-4.545,1.965,-1.103,6.181
438.022,277.428,-0.744,2.000,234.546,15.816,-2.770,1.930,-1.060,4.710
438.029,304.539,-0.744,2.000,230.715,18.703,-3.303,3.322,-1.007,3.168
438.035,304.539,-0.744,2.000,226.468,16.383,-0.333,3.513,-0.931,1.968
438.042,304.539,-0.744,2.000,220.131,16.144,-4.043,3.798,-0.848,0.902
438.048,312.288,-0.893,2.000,216.318,13.481,-2.034,4.319,-0.755,0.308
438.055,309.688,-1.043,2.000,214.037,13.797,-0.367,4.304,-0.659,0.030
438.062,309.688,-1.043,2.000,212.505,9.049,2.629,4.373,-0.563,-0.130
438.068,309.688,-1.043,2.000,214.258,6.774,5.900,4.294,-0.468,0.054
438.075,250.085,-2.553,2.000,218.982,6.393,0.537,1.400,-0.394,0.532
438.082,250.085,-2.553,2.000,224.474,0.776,2.359,1.152,-0.366,0.921
438.088,250.085,-2.553,2.000,232.524,2.233,-0.073,0.790,-0.347,1.425
438.095,250.085,-2.553,2.000,244.323,4.645,-1.785,0.259,-0.336,2.210
438.102,150.799,-2.706,2.000,254.554,3.693,-1.775,-4.669,-0.437,2.601
438.108,124.997,-1.642,2.000,263.410,7.758,0.087,-6.229,-0.575,2.759
438.115,124.997,-1.642,2.000,276.539,6.551,0.030,-6.819,-0.721,3.339
438.122,124.997,-1.642,2.000,284.226,4.336,2.184,-7.165,-0.878,3.211
438.128,40.461,-0.744,2.000,287.600,-0.286,0.534,-11.121,-0.985,2.736
438.135,40.461,-0.744,2.000,286.273,2.117,1.067,-11.062,-0.985,1.930
438.142,40.461,-0.744,2.000,280.020,-1.854,2.308,-10.780,-0.985,0.847
438.148,22.209,-0.446,2.000,266.262,-0.538,5.494,-10.982,-0.985,-0.721
438.155,22.209,-0.446,2.000,250.952,-5.344,6.281,-10.293,-0.985,-1.998
438.161,22.209,-0.446,2.000,225.558,-5.708,3.617,-9.151,-0.985,-3.917
438.168,12.607,-0.446,2.000,205.241,-10.544,3.326,-8.669,-1.175,-4.867
438.174,12.607,-0.446,2.000,177.307,-10.837,-0.071,-7.412,-1.344,-6.325
438.181,12.607,-0.446,2.000,155.230,-12.374,0.507,-6.418,-1.490,-6.886
438.187,12.607,-0.446,2.000,133.143,-13.382,0.348,-5.424,-1.613,-7.304
438.194,12.607,-0.446,2.000,110.921,-8.122,5.637,-4.424,-1.716,-7.616
438.200,10.019,-0.446,2.000,93.605,-3.521,3.752,-3.761,-1.803,-7.353
438.207,10.019,-0.446,2.000,78.215,-0.209,6.278,-3.069,-1.875,-7.048
438.213,10.019,-0.446,2.000,72.868,-1.441,3.482,-2.828,-1.937,-5.816
438.220,7.515,-0.446,2.000,65.402,-3.785,2.615,-2.605,-1.993,-5.062
438.226,7.515,-0.446,2.000,62.368,-2.284,5.215,-2.468,-2.048,-4.115
438.233,7.515,-0.446,2.000,64.297,1.352,2.520,-2.555,-2.102,-2.891
438.239,6.974,-0.446,2.000,64.892,0.219,4.368,-2.606,-2.158,-2.126
438.245,6.974,-0.446,2.000,69.353,1.658,5.784,-2.807,-2.218,-1.182
438.252,6.974,-0.446,2.000,74.352,3.435,3.959,-3.032,-2.282,-0.383
438.259,9.615,-0.446,2.000,80.026,4.316,5.036,-3.168,-2.350,0.254
438.265,9.615,-0.446,2.000,83.691,3.801,3.924,-3.333,-2.421,0.541
438.271,9.615,-0.446,2.000,88.254,0.894,7.061,-3.539,-2.496,0.832
438.278,15.008,-0.446,2.000,92.239,6.571,4.681,-3.475,-2.569,1.029
438.284,17.666,-0.446,2.000,94.514,3.170,3.000,-3.458,-2.645,0.944
438.291,17.666,-0.446,2.000,94.026,4.242,5.107,-3.436,-2.718,0.685
438.297,17.666,-0.446,2.000,91.722,3.880,6.427,-3.333,-2.792,0.273
438.304,17.666,-0.446,2.000,86.499,7.311,7.922,-3.097,-2.861,-0.278
438.310,23.890,-0.446,2.000,83.263,4.684,6.339,-2.672,-2.920,-0.541
438.317,24.587,-0.446,2.000,75.183,6.290,7.018,-2.277,-2.972,-1.200
438.323,24.587,-0.446,2.000,73.194,3.761,4.976,-2.187,-3.020,-1.119
438.330,26.768,-0.446,2.000,65.589,8.888,6.339,-1.747,-3.060,-1.552
438.336,26.768,-0.446,2.000,55.024,7.712,5.711,-1.272,-3.092,-2.228
438.342,26.768,-0.446,2.000,49.734,4.712,8.072,-1.033,-3.116,-2.204
438.349,26.768,-0.446,2.000,37.985,7.060,8.022,-0.505,-3.131,-2.744
438.355,29.897,-0.446,2.000,36.358,7.669,10.315,-0.291,-3.137,-2.233
438.361,31.138,-0.446,2.000,31.587,6.140,5.502,-0.020,-3.139,-2.136
438.368,31.138,-0.446,2.000,27.908,3.106,8.574,0.145,-3.137,-1.979
438.374,31.988,-0.446,2.000,24.756,0.311,5.730,0.325,-3.131,-1.776
438.381,31.988,-0.446,2.000,25.299,-1.889,9.390,0.301,-3.124,-1.263
438.387,32.419,-0.446,2.000,25.095,-1.794,5.446,0.330,-3.118,-0.989
438.394,32.419,-0.446,2.000,30.740,-7.861,8.458,0.076,-3.114,-0.198
438.400,35.564,-0.446,2.000,33.016,-3.669,10.702,0.115,-3.112,0.054
438.407,35.564,-0.446,2.000,33.428,-8.629,6.738,0.096,-3.110,0.094
438.413,35.564,-0.446,2.000,31.863,-8.502,5.416,0.167,-3.107,-0.090
438.420,45.869,-0.446,2.000,35.980,-11.636,5.940,0.445,-3.103,0.317
438.426,45.869,-0.446,2.000,35.002,-7.340,5.168,0.489,-3.092,0.156
438.433,45.869,-0.446,2.000,39.755,-10.245,2.575,0.275,-3.085,0.572
438.439,45.869,-0.446,2.000,37.756,-8.579,6.963,0.365,-3.078,0.238
438.446,52.459,-0.446,2.000,43.090,-6.080,4.885,0.422,-3.069,0.666
438.452,51.831,-0.446,2.000,44.546,-11.261,6.515,0.328,-3.061,0.659
438.458,51.831,-0.446,2.000,48.229,-7.214,8.671,0.162,-3.056,0.857
438.465,51.831,-0.446,2.000,47.869,-8.063,7.821,0.178,-3.052,0.607
438.471,51.831,-0.446,2.000,50.374,-5.984,5.846,0.066,-3.051,0.672
438.478,51.831,-0.446,2.000,46.747,-4.197,5.816,0.229,-3.048,0.132
438.484,51.831,-0.446,2.000,47.471,0.805,7.143,0.196,-3.043,0.169
438.491,51.831,-0.446,2.000,43.637,-1.143,2.365,0.369,-3.037,-0.256
438.497,51.831,-0.446,2.000,39.817,3.048,7.325,0.541,-3.026,-0.559
438.504,51.831,-0.446,2.000,39.451,5.479,2.353,0.557,-3.014,-0.448
438.510,59.777,-0.446,2.000,35.908,6.737,4.572,1.074,-2.993,-0.682
438.517,66.347,-0.446,2.000,36.645,6.884,2.443,1.337,-2.964,-0.458
438.523,66.347,-0.446,2.000,36.284,10.175,4.277,1.353,-2.936,-0.359
438.529,97.558,-0.446,2.000,36.887,11.090,2.772,2.730,-2.898,-0.206
438.536,97.558,-0.446,2.000,37.608,9.424,1.995,2.698,-2.840,-0.084
438.542,97.558,-0.446,2.000,40.272,12.746,8.304,2.578,-2.783,0.203
438.549,114.070,-0.446,2.000,42.969,10.062,1.335,3.200,-2.712,0.386
438.555,114.070,-0.446,2.000,43.058,11.585,4.847,3.196,-2.643,0.307
438.562,114.070,-0.446,2.000,51.407,8.770,2.784,2.820,-2.580,1.028
438.568,112.905,-0.446,2.000,54.222,8.547,1.625,2.641,-2.521,1.052
438.574,112.905,-0.446,2.000,63.392,6.194,3.432,2.228,-2.470,1.671
438.581,112.905,-0.446,2.000,71.194,5.647,5.577,1.877,-2.426,2.046
438.587,112.905,-0.446,2.000,77.505,1.667,0.640,1.593,-2.390,2.141
438.594,116.430,-0.446,2.000,84.410,0.127,1.809,1.441,-2.356,2.267
438.600,123.743,-0.446,2.000,89.595,2.218,5.618,1.537,-2.324,2.195
438.607,123.743,-0.446,2.000,96.629,-3.963,-0.173,1.220,-2.296,2.316
438.613,145.044,-0.595,2.000,97.007,-1.811,2.975,2.162,-2.264,1.758
438.619,145.044,-0.595,2.000,101.411,-1.320,1.995,1.963,-2.224,1.727
438.626,172.390,-0.744,2.000,104.700,-4.418,3.278,3.046,-2.157,1.618
438.633,217.012,-1.043,2.000,107.063,-4.061,1.450,4.948,-2.046,1.458
438.639,231.022,-1.043,2.000,114.248,-4.665,5.288,5.255,-1.932,1.774
438.646,231.022,-1.043,2.000,117.192,-7.975,0.558,5.122,-1.815,1.611
438.653,231.022,-1.043,2.000,121.123,-6.785,5.242,4.945,-1.704,1.555
438.659,317.541,-2.706,2.000,127.093,-3.565,7.853,8.570,-1.570,1.740
438.666,317.541,-2.706,2.000,134.717,-5.408,2.008,8.227,-1.385,2.047
438.673,317.541,-2.706,2.000,141.581,-3.414,4.635,7.918,-1.208,2.193
438.679,353.429,-3.169,1.000,153.733,-1.014,-4.020,8.986,-1.143,2.804
438.686,362.154,-3.482,1.000,169.083,-2.050,-4.007,8.688,-1.016,3.572
438.692,365.100,-3.482,1.000,186.341,-1.978,-1.340,8.044,-0.830,4.272
438.699,365.100,-3.639,1.000,207.946,-3.427,-2.777,7.072,-0.669,5.252
438.705,365.100,-3.796,1.000,228.575,-4.168,4.886,6.144,-0.528,5.941
438.712,362.154,-3.796,1.000,247.267,-8.372,6.534,5.170,-0.406,6.216
438.719,362.154,-3.796,1.000,267.346,-8.271,6.793,4.266,-0.306,6.536
438.725,362.154,-3.796,1.000,288.248,-12.055,2.705,3.326,-0.224,6.870
438.732,362.154,-3.796,1.000,307.429,-18.557,0.057,2.463,-0.164,6.970
438.739,362.154,-3.796,1.000,322.545,-16.794,-1.274,1.782,-0.119,6.591
438.745,239.346,-3.796,1.000,333.297,-20.880,-0.693,-4.228,-0.166,5.970
438.752,239.346,-3.796,1.000,343.446,-24.347,-0.164,-4.684,-0.267,5.425
438.759,198.179,-3.014,1.000,351.365,-22.107,0.067,-6.893,-0.389,4.822
438.765,198.179,-3.014,1.000,351.530,-19.069,1.545,-6.901,-0.541,3.640
438.772,153.744,-1.492,2.000,351.313,-20.279,0.364,-8.891,-0.669,2.663
438.779,130.112,-1.043,1.000,340.182,-21.211,4.944,-9.453,-0.669,0.981
438.785,121.266,-1.043,2.000,329.500,-16.173,0.327,-9.371,-0.669,-0.281
438.792,96.529,-0.893,2.000,312.433,-9.181,3.823,-9.716,-0.741,-1.758
438.798,77.695,-0.893,2.000,290.305,-3.104,0.144,-9.567,-0.741,-3.501
438.805,77.695,-0.893,2.000,269.747,0.002,4.857,-8.642,-0.866,-4.611
438.811,77.695,-0.893,2.000,245.553,3.905,1.724,-7.554,-1.036,-5.803
438.818,62.630,-0.893,1.000,223.944,5.281,5.948,-7.259,-1.200,-6.392
438.825,49.377,-0.744,2.000,196.915,3.843,0.601,-6.639,-1.355,-7.306
438.831,49.377,-0.744,2.000,177.180,3.026,2.355,-5.751,-1.488,-7.334
438.838,49.377,-0.744,2.000,155.280,6.106,1.848,-4.766,-1.604,-7.495
438.845,27.145,-0.595,2.000,139.786,9.100,6.009,-5.069,-1.706,-7.074
438.851,27.145,-0.595,2.000,123.543,8.699,2.811,-4.338,-1.799,-6.968
438.857,27.145,-0.595,2.000,109.846,5.392,4.484,-3.722,-1.880,-6.645
438.863,10.019,-0.446,2.000,103.614,4.518,4.399,-4.212,-1.971,-5.601
438.870,10.019,-0.446,2.000,95.611,-0.152,3.074,-3.852,-2.055,-4.954
438.876,10.019,-0.446,2.000,91.417,-3.494,5.327,-3.663,-2.135,-4.126
438.883,0.000,-0.446,2.000,88.688,-1.451,4.643,-3.991,-2.216,-3.348
438.888,0.000,-0.446,2.000,85.229,-6.716,3.739,-3.835,-2.286,-2.914
438.893,0.000,-0.446,2.000,83.072,-11.247,3.542,-3.738,-2.355,-2.461
438.899,0.000,-0.446,2.000,82.194,-12.266,1.072,-3.699,-2.422,-1.948
438.904,0.000,-0.446,2.000,80.248,-14.712,2.031,-3.611,-2.488,-1.710
438.910,0.000,-0.446,2.000,79.353,-14.551,2.417,-3.571,-2.553,-1.405
438.915,0.000,-0.446,2.000,77.807,-15.292,3.081,-3.501,-2.616,-1.218
438.920,0.000,-0.446,2.000,72.948,-15.754,3.777,-3.283,-2.677,-1.473
438.926,0.000,-0.446,2.000,68.947,-14.815,5.049,-3.103,-2.736,-1.625
438.931,-0.149,-0.595,2.000,63.818,-12.855,5.232,-2.878,-2.789,-1.951
438.936,-0.149,-0.595,2.000,58.415,-11.597,3.941,-2.635,-2.837,-2.201
438.941,-0.149,-0.595,2.000,53.164,-11.578,4.710,-2.399,-2.880,-2.355
438.947,-2.553,-0.595,2.000,45.951,-10.542,6.664,-2.183,-2.925,-2.553
438.953,-5.089,-0.446,2.000,39.420,-11.271,3.505,-2.003,-2.969,-2.599
438.960,-5.089,-0.446,2.000,33.304,-11.985,1.767,-1.728,-3.007,-2.564
438.966,-10.019,-0.446,2.000,19.954,-11.513,3.981,-1.349,-3.038,-3.159
438.973,-10.019,-0.446,2.000,13.033,-8.053,4.190,-1.037,-3.063,-3.067
438.979,-13.539,-0.446,2.000,4.621,-7.028,3.929,-0.817,-3.083,-3.110
438.986,-13.539,-0.446,2.000,-4.581,-9.505,6.997,-0.403,-3.095,-3.252
438.992,-13.539,-0.446,2.000,-11.160,-10.691,6.474,-0.107,-3.099,-3.034
438.999,-24.236,-0.446,2.000,-20.303,-8.035,4.221,-0.177,-3.098,-3.129
439.005,-24.236,-0.446,2.000,-28.535,-6.892,4.652,0.193,-3.096,-3.149
439.011,-24.236,-0.446,2.000,-32.973,-5.364,4.482,0.393,-3.089,-2.798
439.018,-41.500,-0.446,2.000,-40.122,-7.467,5.349,-0.062,-3.093,-2.788
439.024,-48.185,-0.446,2.000,-41.403,-8.638,7.297,-0.305,-3.100,-2.237
439.031,-62.630,-0.446,2.000,-44.015,-6.183,4.842,-0.838,-3.114,-1.929
439.037,-71.036,-0.446,2.000,-51.641,-5.186,2.707,-0.873,-3.130,-2.192
439.044,-71.036,-0.446,2.000,-54.730,-8.227,4.210,-0.734,-3.149,-2.003
439.050,-71.036,-0.446,2.000,-54.053,-11.492,5.340,-0.764,-3.164,-1.400
439.057,-116.430,-0.446,2.000,-59.002,-9.462,3.741,-2.584,-3.221,-1.520
439.063,-134.057,-0.446,2.000,-63.061,-9.176,3.803,-3.195,-3.291,-1.485
439.070,-134.057,-0.446,2.000,-69.649,-9.632,6.288,-2.898,-3.356,-1.758
439.076,-155.234,-0.446,2.000,-76.290,-10.982,6.317,-3.552,-3.427,-1.970
439.082,-158.247,-0.446,2.000,-84.290,-10.293,3.094,-3.328,-3.498,-2.262
439.089,-158.247,-0.446,2.000,-94.715,-8.770,3.232,-2.859,-3.564,-2.703
439.095,-158.247,-0.446,2.000,-103.264,-5.389,2.275,-2.474,-3.620,-2.864
439.102,-158.247,-0.446,2.000,-114.936,-7.818,4.598,-1.949,-3.666,-3.291
439.108,-170.770,-0.446,2.000,-130.483,-11.382,7.114,-1.813,-3.707,-3.950
439.115,-170.770,-0.446,2.000,-140.463,-10.376,4.179,-1.364,-3.739,-3.926
439.121,-170.770,-0.446,2.000,-155.752,-9.886,3.289,-0.676,-3.758,-4.407
439.128,-170.770,-0.446,2.000,-168.363,-8.115,4.300,-0.108,-3.764,-4.527
439.134,-189.263,-0.446,2.000,-180.304,-5.583,3.836,-0.403,-3.778,-4.589
439.140,-198.179,-0.446,2.000,-192.994,-7.095,3.785,-0.233,-3.787,-4.694
439.147,-201.837,-0.446,2.000,-201.460,-10.713,3.713,-0.017,-3.789,-4.341
439.154,-201.837,-0.446,2.000,-213.151,-7.036,3.629,0.509,-3.781,-4.331
439.160,-201.837,-0.446,2.000,-223.435,-5.048,3.172,0.972,-3.763,-4.243
439.166,-201.837,-0.446,2.000,-232.236,-5.698,4.863,1.368,-3.738,-4.106
439.173,-201.837,-0.446,2.000,-239.306,-8.453,5.961,1.686,-3.703,-3.705
439.179,-201.837,-0.446,2.000,-248.541,-2.652,3.294,2.102,-3.661,-3.680
439.186,-207.425,-0.446,2.000,-253.750,-0.373,1.939,2.085,-3.615,-3.239
439.192,-207.425,-0.446,2.000,-257.297,-4.084,3.961,2.244,-3.568,-2.794
439.199,-207.425,-0.446,2.000,-266.059,-5.813,5.698,2.639,-3.513,-2.925
439.205,-194.573,-0.446,2.000,-263.537,-0.471,2.183,3.103,-3.454,-1.967
439.212,-194.573,-0.446,2.000,-269.111,0.465,1.217,3.354,-3.384,-1.998
439.218,-189.263,-0.446,2.000,-271.327,-3.185,4.749,3.693,-3.305,-1.714
439.225,-172.390,-0.446,2.000,-272.936,0.852,3.432,4.525,-3.208,-1.455
439.231,-152.266,-0.446,2.000,-274.067,2.842,2.260,5.481,-3.097,-1.158
439.237,-152.266,-0.446,2.000,-276.612,1.313,2.027,5.596,-2.978,-1.125
439.244,-124.997,-0.446,2.000,-275.964,-2.169,4.931,6.794,-2.847,-0.768
439.251,-124.997,-0.446,2.000,-273.181,0.663,5.732,6.668,-2.703,-0.323
439.257,-103.917,-0.446,2.000,-273.770,-0.674,3.719,7.643,-2.539,-0.290
439.263,-83.007,-0.446,2.000,-270.251,-2.837,4.682,8.426,-2.355,0.148
439.270,-55.033,-0.446,2.000,-266.786,-0.916,5.521,9.529,-2.293,0.428
439.276,-55.033,-0.446,2.000,-260.781,-2.194,3.405,9.259,-2.293,0.892
439.283,-55.033,-0.446,2.000,-252.099,-5.452,1.446,8.868,-2.230,1.514
439.289,-55.033,-0.446,2.000,-242.743,-1.365,2.588,8.447,-2.040,2.017
439.296,-55.033,-0.446,2.000,-235.005,-3.782,1.405,8.099,-1.864,2.269
439.302,-55.033,-0.446,2.000,-225.752,-1.867,2.705,7.682,-1.697,2.573
439.309,-55.033,-0.446,2.000,-211.023,-3.001,9.520,7.020,-1.540,3.346
439.315,-55.033,-0.446,2.000,-199.410,-6.234,2.685,6.497,-1.396,3.670
439.322,-55.033,-0.446,2.000,-192.602,-0.768,6.121,6.191,-1.260,3.401
439.328,-45.304,-0.446,2.000,-179.729,-0.360,4.077,6.049,-1.131,3.797
439.335,-45.304,-0.446,2.000,-170.690,-1.808,1.753,5.642,-1.005,3.683
439.341,-45.304,-0.446,2.000,-160.843,-3.195,6.020,5.199,-0.889,3.734
439.348,-45.304,-0.446,2.000,-154.057,0.496,5.667,4.894,-0.781,3.473
439.354,-45.304,-0.446,1.000,-149.085,-0.099,3.464,4.670,-0.679,3.082
439.360,-45.304,-0.446,2.000,-142.751,-0.715,5.764,4.385,-0.583,2.918
439.367,-42.560,-0.446,2.000,-139.972,1.752,5.358,4.384,-0.489,2.475
439.373,-42.560,-0.446,2.000,-138.830,1.251,4.807,4.332,-0.396,1.959
439.380,-36.982,-0.446,1.000,-135.304,-0.499,5.537,4.425,-0.300,1.805
439.386,-32.855,-0.446,1.000,-134.511,5.525,6.051,4.575,-0.198,1.446
439.393,-32.855,-0.446,1.000,-134.952,4.951,3.966,4.594,-0.099,1.073
439.399,-32.855,-0.446,1.000,-134.556,3.015,4.869,4.577,-0.001,0.805
439.406,-9.219,-0.595,2.000,-133.671,3.608,5.405,5.600,0.105,0.687
439.412,-9.219,-0.595,2.000,-131.113,6.167,5.057,5.485,0.219,0.797
439.418,-9.219,-0.595,2.000,-132.029,8.864,5.082,5.526,0.332,0.545
439.424,-2.248,-0.595,2.000,-129.452,6.753,5.545,5.724,0.448,0.638
439.431,-0.893,-0.595,2.000,-125.409,5.300,6.574,5.603,0.566,0.900
439.436,-0.149,-0.595,2.000,-120.448,8.341,8.156,5.413,0.675,1.194
439.442,-0.149,-0.595,2.000,-115.304,8.495,8.485,5.182,0.764,1.533
439.447,0.000,-0.595,2.000,-110.490,10.503,9.950,4.972,0.849,1.736
439.452,0.000,-0.595,2.000,-104.082,11.732,10.041,4.684,0.931,2.095
439.457,0.000,-0.595,2.000,-97.710,11.521,9.267,4.397,1.008,2.384
439.462,0.000,-0.446,2.000,-89.577,10.983,6.859,4.031,1.081,2.781
439.468,0.000,-0.446,2.000,-82.312,11.065,4.887,3.704,1.151,2.973
439.473,0.000,-0.446,2.000,-76.475,9.687,4.982,3.441,1.217,2.906
439.479,0.000,-0.446,2.000,-68.783,10.252,5.003,3.095,1.275,3.052
439.484,0.000,-0.446,2.000,-61.685,9.060,5.930,2.776,1.327,3.106
439.489,0.000,-0.446,2.000,-54.816,6.886,5.591,2.467,1.373,3.138
439.495,0.000,-0.446,2.000,-50.699,6.443,5.525,2.281,1.416,2.847
439.500,0.000,-0.446,2.000,-47.043,7.923,7.169,2.117,1.455,2.575
439.506,0.000,-0.446,2.000,-42.900,9.570,6.045,1.931,1.490,2.379
439.511,0.000,-0.446,2.000,-37.584,9.815,7.586,1.691,1.522,2.386
439.517,0.000,-0.446,2.000,-33.220,12.526,7.620,1.495,1.551,2.280
439.522,0.297,-0.446,2.000,-29.382,16.442,6.539,1.336,1.576,2.137
439.528,0.297,-0.446,2.000,-25.329,19.258,7.401,1.153,1.600,2.040
439.534,0.297,-0.446,2.000,-22.817,18.758,7.222,1.040,1.621,1.770
439.540,0.297,-0.446,2.000,-20.222,20.360,6.117,0.923,1.640,1.596
439.546,3.482,-0.446,1.000,-19.029,22.035,5.701,1.013,1.661,1.341
439.553,3.482,-0.446,1.000,-17.632,24.040,4.730,0.950,1.682,1.134
439.559,7.153,-0.446,1.000,-12.409,28.936,4.410,0.880,1.701,1.382
439.566,7.153,-0.446,1.000,-14.357,29.185,5.704,0.968,1.721,0.852
439.572,9.416,-0.446,1.000,-10.397,22.186,8.072,0.892,1.741,1.001
439.579,10.639,-0.446,1.000,-8.778,26.150,6.171,0.874,1.760,0.895
439.585,10.639,-0.446,1.000,-4.086,25.207,3.946,0.663,1.777,1.148
439.591,22.209,-0.446,1.000,-5.371,22.498,3.744,1.241,1.795,0.737
439.598,22.209,-0.446,1.000,-2.270,19.822,2.910,1.102,1.819,0.813
439.604,22.209,-0.446,1.000,0.862,17.354,1.394,0.961,1.840,0.892
439.611,27.526,-0.446,2.000,4.552,18.533,1.272,1.034,1.865,1.066
439.617,28.300,-0.446,2.000,5.094,15.549,1.314,1.044,1.888,0.865
439.624,28.300,-0.446,2.000,9.854,10.018,1.089,0.830,1.907,1.093
439.630,28.300,-0.446,2.000,10.629,10.127,0.019,0.795,1.924,0.881
439.637,28.300,-0.446,2.000,14.868,7.601,-0.859,0.604,1.939,1.118
439.643,28.300,-0.446,2.000,17.483,3.199,-0.023,0.487,1.951,1.086
439.650,28.300,-0.446,2.000,20.172,0.223,1.007,0.366,1.959,1.066
439.656,28.300,-0.446,2.000,25.133,0.878,1.339,0.142,1.963,1.256
439.663,28.300,-0.446,2.000,26.078,-0.157,0.922,0.100,1.967,1.066
439.669,28.300,-0.446,2.000,29.822,-4.893,0.335,-0.068,1.966,1.164
439.676,28.300,-0.446,1.000,32.128,-3.099,0.540,-0.172,1.963,1.067
439.682,28.300,-0.446,1.000,35.403,0.489,-3.344,-0.320,1.957,1.135
439.688,28.300,-0.446,1.000,35.178,-3.827,-2.385,-0.309,1.950,0.810
439.695,28.300,-0.446,1.000,37.886,-7.121,-1.473,-0.431,1.942,0.872
439.701,23.890,-0.446,1.000,39.796,-5.251,-0.136,-0.716,1.929,0.841
439.708,22.209,-0.446,2.000,39.507,-3.169,-2.793,-0.778,1.913,0.618
439.714,20.927,-0.446,1.000,41.911,-4.067,-3.150,-0.944,1.893,0.656
439.721,16.839,-0.446,1.000,45.350,-3.893,-0.713,-1.283,1.869,0.800
439.727,16.839,-0.446,1.000,46.342,-1.903,-1.879,-1.328,1.842,0.744
439.734,16.839,-0.446,1.000,45.860,-2.650,-3.015,-1.306,1.813,0.500
439.740,16.839,-0.446,1.000,48.072,-1.969,-3.703,-1.405,1.782,0.546
439.747,12.607,-0.446,2.000,49.669,-0.699,-3.161,-1.668,1.749,0.574
439.753,9.816,-0.297,2.000,50.226,0.044,-4.853,-1.818,1.712,0.493
439.759,9.219,-0.446,2.000,50.594,-2.197,-4.263,-1.862,1.674,0.433
439.766,9.219,-0.446,2.000,49.196,-1.065,-4.278,-1.799,1.634,0.175
439.772,6.446,-0.297,2.000,48.553,0.069,-3.288,-1.895,1.595,0.059
439.778,4.598,-0.297,1.000,48.924,0.613,-3.343,-1.995,1.554,0.064
439.784,3.796,-0.297,1.000,49.449,1.181,-3.104,-2.054,1.512,0.085
439.790,0.297,-0.297,2.000,49.269,-0.315,-3.062,-2.204,1.470,0.069
439.796,0.297,-0.297,2.000,48.804,-0.476,-1.312,-2.183,1.429,0.037
439.801,0.000,-0.297,2.000,49.180,0.246,-2.934,-2.213,1.392,0.151
439.807,0.000,-0.297,2.000,47.243,-1.324,-1.791,-2.126,1.355,-0.057
439.812,0.000,-0.297,2.000,47.223,-1.956,-3.206,-2.125,1.320,0.019
439.817,0.000,-0.297,2.000,47.363,-1.429,-4.673,-2.131,1.285,0.097
439.822,0.000,-0.446,2.000,45.376,0.112,-4.857,-2.042,1.250,-0.144
439.827,0.000,-0.446,2.000,43.792,-1.390,-3.921,-1.971,1.215,-0.230
439.833,-0.149,-0.446,2.000,42.761,0.955,-4.387,-1.931,1.181,-0.227
439.838,-0.297,-0.446,2.000,41.165,2.825,-4.756,-1.866,1.147,-0.331
439.844,-1.192,-0.446,2.000,41.459,6.014,-2.571,-1.919,1.111,-0.181
439.850,-1.192,-0.446,2.000,40.464,5.282,-1.432,-1.875,1.073,-0.176
439.856,-1.192,-0.446,2.000,40.136,6.589,-4.340,-1.860,1.036,-0.187
439.862,-1.192,-0.446,2.000,39.564,3.950,-2.555,-1.834,0.997,-0.267
439.868,-14.262,-0.446,2.000,41.422,2.222,-1.865,-2.506,0.955,-0.056
439.875,-19.398,-0.446,2.000,40.421,2.665,-2.663,-2.692,0.900,-0.132
439.881,-19.398,-0.446,2.000,40.468,4.585,-4.245,-2.694,0.843,-0.064
439.888,-19.398,-0.446,2.000,37.044,4.386,-4.797,-2.540,0.788,-0.361
439.894,-59.080,-0.446,2.000,36.831,1.995,-3.193,-4.316,0.692,-0.334
439.901,-72.656,-0.446,2.000,36.698,1.330,-3.393,-4.921,0.592,-0.259
439.907,-72.656,-0.446,2.000,35.531,-0.534,-2.326,-4.868,0.488,-0.298
439.913,-153.744,-0.297,2.000,32.196,1.889,-1.334,-8.367,0.361,-0.546
439.920,-153.744,-0.297,2.000,28.793,2.083,-2.123,-8.214,0.192,-0.748
439.926,-153.744,-0.297,2.000,23.882,2.488,-2.759,-7.993,0.027,-1.056
439.932,-153.744,-0.297,2.000,14.633,-0.662,-1.379,-7.577,-0.132,-1.740
439.938,-153.744,-0.297,2.000,4.454,-0.813,-1.760,-7.119,-0.282,-2.351
439.944,-153.744,-0.297,2.000,-5.409,-0.173,-3.029,-6.675,-0.424,-2.761
439.950,-153.744,-0.297,2.000,-16.382,-0.489,-3.481,-6.181,-0.554,-3.138
439.957,-322.864,1.043,2.000,-32.641,-2.892,-3.017,-13.060,-0.554,-3.897
439.963,-336.483,0.893,2.000,-48.712,-2.795,-4.956,-12.950,-0.554,-4.492
439.970,-336.483,0.893,2.000,-64.184,-3.620,-3.401,-12.253,-0.554,-4.893
439.976,-353.429,0.446,2.000,-81.215,-3.604,-0.429,-12.250,-0.554,-5.339
439.983,-353.429,0.297,2.000,-100.879,-1.158,-2.871,-11.365,-0.554,-5.921
439.989,-353.429,0.297,2.000,-123.328,-3.648,-2.582,-10.355,-0.554,-6.723
439.995,-377.077,0.149,2.000,-146.358,-4.763,-1.318,-10.382,-0.554,-7.579
440.001,-421.496,0.149,2.000,-168.821,-6.014,0.097,-11.370,-0.554,-8.198
440.006,-421.496,0.149,2.000,-190.916,-4.093,-3.840,-10.376,-0.554,-8.621
440.012,-421.496,0.149,2.000,-213.007,-6.126,-3.257,-9.382,-0.554,-8.925
440.017,-421.496,0.149,2.000,-231.867,-6.201,-1.359,-8.533,-0.660,-8.811
440.023,-473.639,0.149,2.000,-249.326,-6.719,0.119,-10.094,-0.713,-8.574
440.029,-480.965,0.149,1.000,-265.932,-5.157,-0.684,-9.677,-0.713,-8.213
440.035,-480.965,0.149,1.000,-281.572,-1.210,-1.335,-8.973,-0.768,-7.869
440.040,-480.965,0.149,1.000,-295.821,0.280,0.007,-8.331,-0.926,-7.419
440.046,-477.291,0.149,2.000,-309.149,1.425,1.433,-7.566,-1.071,-6.969
440.051,-477.291,0.149,2.000,-321.027,-1.687,-0.170,-7.032,-1.205,-6.486
440.057,-477.291,0.149,2.000,-333.242,-1.119,-0.700,-6.482,-1.330,-6.165
440.063,-477.291,0.149,2.000,-344.063,-0.631,-0.370,-5.995,-1.445,-5.819
440.068,-254.486,-0.446,1.000,-354.452,-0.313,1.024,4.498,-1.521,-5.523
440.075,-226.948,-0.446,2.000,-362.283,-0.121,0.731,6.090,-1.521,-4.895
440.081,-226.948,-0.446,2.000,-369.758,0.078,-2.380,6.426,-1.521,-4.359
440.088,-226.948,-0.446,2.000,-376.445,0.247,-3.976,6.727,-1.427,-3.879
440.094,-71.843,-0.446,2.000,-376.236,1.067,-2.814,13.698,-1.376,-2.874
440.101,-54.380,-0.446,2.000,-371.872,1.091,-2.587,14.287,-1.376,-1.727
440.107,-18.808,-0.595,2.000,-361.429,-1.294,-2.677,15.418,-1.376,-0.303
440.113,-13.068,-0.595,2.000,-344.220,-2.978,-0.312,14.902,-1.376,1.515
440.119,-13.068,-0.595,2.000,-323.021,-2.047,1.565,13.948,-1.376,3.322
440.126,-13.068,-0.595,2.000,-300.385,-1.932,-0.105,12.929,-1.376,4.824
440.132,-13.068,-0.595,2.000,-272.436,-4.136,-1.077,11.672,-1.376,6.444
440.138,-13.068,-0.595,2.000,-244.348,-0.824,1.934,10.408,-1.376,7.690
440.144,-3.014,-0.595,2.000,-217.176,1.199,1.259,9.637,-1.376,8.555
440.150,-3.014,-0.595,2.000,-188.842,-2.451,1.244,8.362,-1.260,9.264
440.156,-3.014,-0.595,2.000,-163.339,-0.724,3.743,7.215,-1.100,9.513
440.163,-5.758,-0.446,2.000,-140.328,3.223,-0.292,6.056,-0.966,9.445
440.169,-5.758,-0.446,2.000,-120.395,3.852,-0.931,5.159,-0.850,8.997
440.176,-5.758,-0.446,2.000,-102.736,3.840,0.529,4.364,-0.750,8.458
440.182,-5.758,-0.446,2.000,-92.157,2.588,1.953,3.888,-0.662,7.393
440.188,-1.642,-0.446,2.000,-84.338,6.464,0.952,3.721,-0.581,6.264
440.194,0.000,-0.595,2.000,-78.778,3.483,5.007,3.545,-0.514,5.333
440.199,0.000,-0.595,2.000,-74.794,3.058,5.258,3.366,-0.455,4.422
440.205,0.000,-0.595,2.000,-74.089,2.487,5.837,3.334,-0.398,3.362
440.211,2.553,-0.744,2.000,-75.672,4.528,2.936,3.520,-0.327,2.345
440.217,2.553,-0.744,2.000,-79.686,5.495,3.661,3.701,-0.247,1.373
440.224,2.553,-0.744,2.000,-83.385,5.813,4.150,3.867,-0.164,0.670
440.231,19.398,-0.893,1.000,-89.726,6.727,2.370,4.911,-0.069,-0.094
440.237,19.398,-0.893,1.000,-93.680,10.157,1.985,5.089,0.039,-0.493
440.243,19.398,-0.893,1.000,-97.526,12.076,4.251,5.262,0.150,-0.765
440.250,19.398,-0.893,1.000,-96.724,7.110,6.506,5.225,0.268,-0.475
440.257,67.111,-1.043,2.000,-96.713,6.158,4.606,7.372,0.432,-0.322
440.264,67.111,-1.043,2.000,-94.120,4.548,3.476,7.255,0.595,0.009
440.270,67.111,-1.043,2.000,-87.038,6.766,5.085,6.937,0.752,0.673
440.277,217.012,-1.043,2.000,-80.977,7.241,7.854,13.409,0.854,1.060
440.284,217.012,-1.043,2.000,-66.636,1.731,9.413,12.764,0.854,2.127
440.290,217.012,-1.043,2.000,-52.818,0.872,6.309,12.142,0.854,2.923
440.297,322.864,-1.043,2.000,-32.938,-1.062,4.433,16.011,0.854,4.077
440.304,398.791,-1.043,2.000,-9.343,-7.388,5.359,18.366,0.854,5.252
440.310,452.195,-1.043,2.000,17.273,-12.310,6.447,19.572,0.854,6.474
440.317,452.195,-1.043,2.000,50.453,-16.984,4.180,18.078,0.854,8.024
440.324,518.973,-1.043,2.000,84.183,-23.186,3.615,19.566,0.854,9.212
440.330,576.200,-1.043,2.000,119.609,-21.829,5.088,20.547,0.854,10.254
440.337,576.200,-1.043,2.000,158.400,-26.901,2.249,18.801,0.854,11.398
440.343,576.200,-1.043,2.000,195.721,-26.019,2.491,17.122,0.854,12.093
440.350,629.193,-0.893,1.000,236.976,-25.812,4.641,17.650,0.854,13.001
440.357,629.193,-0.893,1.000,279.400,-24.850,2.898,15.741,0.854,13.863
440.363,629.193,-0.893,1.000,319.415,-18.844,7.656,13.940,0.854,14.281
440.369,671.457,-0.595,2.000,356.117,-16.622,3.382,14.190,0.854,14.335
440.376,671.457,-0.595,2.000,390.716,-12.095,3.031,12.633,0.854,14.322
440.382,671.457,-0.595,2.000,423.362,-5.802,3.493,11.164,0.854,14.036
440.388,671.457,-0.595,2.000,448.258,0.377,1.411,10.044,0.854,13.056
440.394,657.123,-0.595,2.000,472.322,2.522,2.724,8.316,0.969,12.157
440.400,633.781,-0.595,2.000,493.768,5.073,4.105,6.301,1.112,11.300
440.407,615.592,-0.595,1.000,510.374,8.566,3.031,4.735,1.226,10.135
440.413,615.592,-0.595,1.000,525.524,11.422,1.334,4.053,1.314,9.133
440.419,615.592,-0.595,1.000,534.451,12.888,1.114,3.651,1.392,7.761
440.425,538.861,-0.595,2.000,542.977,12.708,1.154,-0.185,1.416,6.689
440.431,538.861,-0.595,2.000,549.465,10.596,1.653,-0.477,1.406,5.627
440.437,538.861,-0.595,2.000,553.053,9.749,1.573,-0.639,1.394,4.562
440.444,538.861,-0.595,2.000,555.180,10.464,2.846,-0.734,1.379,3.623
440.450,434.927,-0.595,1.000,557.618,10.342,2.782,-5.521,1.266,2.989
440.456,434.927,-0.595,1.000,556.865,6.767,4.161,-5.487,1.154,2.208
440.462,434.927,-0.595,1.000,553.991,2.406,4.519,-5.358,1.043,1.406
440.469,434.927,-0.595,1.000,550.181,2.717,3.197,-5.186,0.935,0.684
440.475,434.927,-0.595,1.000,546.221,2.606,0.685,-5.008,0.831,0.111
440.481,434.927,-0.595,1.000,541.045,1.536,-0.481,-4.775,0.732,-0.423
440.487,434.927,-0.595,1.000,532.956,-2.685,-1.308,-4.411,0.636,-1.088
440.493,106.109,-0.595,1.000,526.814,-4.186,0.544,-18.932,0.606,-1.425
440.500,106.109,-0.595,1.000,519.581,-5.077,0.114,-18.606,0.606,-1.796
440.506,106.109,-0.595,1.000,508.454,-5.153,-0.008,-18.106,0.606,-2.440
440.512,23.890,-0.595,1.000,490.707,-4.475,1.707,-21.007,0.606,-3.601
440.518,17.387,-0.595,1.000,469.331,-0.626,-0.531,-20.337,0.606,-4.907
440.524,17.387,-0.595,1.000,448.407,-0.410,-1.986,-19.396,0.606,-5.841
440.530,3.796,-0.446,2.000,419.856,-0.943,-0.037,-18.723,0.606,-7.288
440.537,3.014,-0.446,2.000,392.608,0.841,0.113,-17.532,0.606,-8.081
440.544,3.014,-0.446,2.000,357.118,1.232,3.981,-15.935,0.606,-9.500
440.550,3.014,-0.446,2.000,325.177,4.787,1.317,-14.497,0.606,-10.240
440.556,3.955,-0.595,2.000,293.272,4.823,1.916,-13.019,0.606,-10.797
440.562,3.955,-0.595,2.000,261.433,8.213,1.787,-11.587,0.606,-11.347
440.569,4.275,-0.595,2.000,234.146,7.427,1.629,-10.344,0.606,-11.283
440.575,4.275,-0.595,2.000,207.284,4.647,4.709,-9.135,0.606,-11.167
440.581,4.114,-0.595,2.000,182.904,4.116,3.215,-8.046,0.428,-10.820
440.587,3.955,-0.595,2.000,166.239,4.253,0.773,-7.303,0.273,-9.831
440.593,3.955,-0.595,2.000,152.400,3.411,-0.285,-6.680,0.131,-8.743
440.600,0.595,-0.595,2.000,142.036,2.556,0.351,-6.365,-0.000,-7.609
440.605,0.595,-0.595,2.000,134.567,2.086,1.409,-6.029,-0.116,-6.541
440.611,0.297,-0.595,2.000,131.530,1.876,2.148,-5.905,-0.230,-5.248
440.617,0.297,-0.595,2.000,129.549,2.336,2.067,-5.816,-0.340,-4.159
440.622,0.000,-0.595,2.000,127.501,2.202,1.044,-5.738,-0.451,-3.348
440.627,0.000,-0.595,2.000,125.459,3.245,1.971,-5.646,-0.548,-2.780
440.633,0.000,-0.595,2.000,124.355,2.700,2.087,-5.596,-0.646,-2.268
440.638,0.000,-0.595,2.000,124.218,0.732,1.501,-5.590,-0.744,-1.793
440.643,0.000,-0.595,2.000,123.720,-0.716,1.161,-5.567,-0.839,-1.474
440.648,0.000,-0.595,2.000,124.179,-7.643,0.975,-5.588,-0.936,-1.120
440.653,0.000,-0.595,2.000,122.623,-10.982,2.611,-5.518,-1.032,-1.064
440.658,0.000,-0.595,2.000,118.755,-10.595,3.168,-5.344,-1.125,-1.315
440.664,-0.149,-0.595,2.000,115.276,-12.142,5.561,-5.194,-1.218,-1.444
440.669,-0.149,-0.595,2.000,111.070,-11.391,3.352,-5.005,-1.305,-1.616
440.674,-0.149,-0.595,2.000,106.129,-10.562,0.335,-4.783,-1.387,-1.787
440.679,-0.149,-0.595,2.000,98.671,-7.217,-0.307,-4.447,-1.465,-2.235
440.684,-12.380,-0.595,2.000,88.233,-6.564,-1.787,-4.528,-1.538,-2.902
440.690,-12.380,-0.595,2.000,77.897,-7.339,1.432,-4.062,-1.625,-3.237
440.696,-12.380,-0.595,2.000,65.468,-7.925,3.653,-3.503,-1.702,-3.745
440.703,-44.745,-0.595,1.000,56.162,-10.021,1.765,-4.541,-1.800,-3.726
440.709,-60.480,-0.446,1.000,44.259,-11.726,4.489,-4.713,-1.896,-3.957
440.716,-60.480,-0.446,1.000,31.452,-11.304,4.239,-4.137,-1.989,-4.212
440.722,-134.057,-0.446,1.000,21.893,-7.891,1.063,-7.018,-2.095,-4.057
440.728,-134.057,-0.446,1.000,4.526,-6.661,1.528,-6.236,-2.234,-4.733
440.735,-155.234,-0.446,1.000,-2.904,-7.862,2.619,-6.855,-2.385,-4.307
440.741,-155.234,-0.446,1.000,-14.426,-9.453,2.605,-6.336,-2.523,-4.348
440.748,-191.020,-0.446,1.000,-30.387,-8.074,3.068,-7.228,-2.675,-4.749
440.754,-194.573,-0.446,1.000,-41.987,-3.221,1.719,-6.866,-2.823,-4.683
440.761,-194.573,-0.446,1.000,-57.189,-3.348,1.481,-6.182,-2.961,-5.016
440.767,-194.573,-0.446,1.000,-70.479,-8.617,4.723,-5.584,-3.087,-5.099
440.773,-205.549,-0.446,1.000,-85.320,-9.415,3.927,-5.410,-3.206,-5.215
440.780,-207.425,-0.446,1.000,-101.724,-10.570,3.065,-4.757,-3.314,-5.520
440.786,-207.425,-0.446,1.000,-115.998,-9.231,4.708,-4.114,-3.406,-5.510
440.793,-220.944,-0.446,1.000,-134.438,-7.009,2.103,-3.893,-3.489,-5.911
440.799,-222.931,-0.446,1.000,-152.017,-9.120,5.139,-3.191,-3.563,-6.185
440.806,-222.931,-0.446,1.000,-168.325,-9.645,7.743,-2.457,-3.621,-6.216
440.812,-222.931,-0.446,1.000,-181.415,-8.715,4.845,-1.868,-3.665,-5.940
440.819,-239.346,-0.446,1.000,-193.679,-7.937,6.525,-2.055,-3.711,-5.604
440.825,-256.710,-0.446,1.000,-207.939,-4.706,5.389,-2.195,-3.758,-5.600
440.831,-256.710,-0.446,1.000,-217.541,-3.858,5.074,-1.763,-3.799,-5.144
440.838,-256.710,-0.446,1.000,-228.340,-6.015,6.695,-1.277,-3.829,-4.858
440.845,-256.710,-0.446,1.000,-235.098,-1.629,4.746,-0.972,-3.853,-4.295
440.851,-270.379,-0.446,1.000,-242.337,-0.219,4.650,-1.262,-3.882,-3.889
440.857,-270.379,-0.446,1.000,-251.350,-0.393,5.057,-0.856,-3.903,-3.780
440.864,-270.379,-0.446,1.000,-257.474,-2.012,6.463,-0.581,-3.918,-3.456
440.870,-270.379,-0.446,1.000,-266.820,-2.959,6.522,-0.160,-3.924,-3.492
440.877,-268.062,-0.446,1.000,-271.296,-2.184,6.380,0.146,-3.925,-3.068
440.883,-261.203,-0.446,1.000,-278.926,-2.390,8.509,0.797,-3.914,-3.017
440.890,-261.203,-0.446,1.000,-287.773,-4.179,8.014,1.196,-3.891,-3.144
440.896,-261.203,-0.446,1.000,-293.236,-5.393,8.033,1.441,-3.862,-2.886
440.903,-261.203,-0.446,1.000,-299.878,-6.458,7.770,1.740,-3.827,-2.799
440.909,-233.081,-0.446,1.000,-305.366,-6.218,6.966,3.253,-3.768,-2.632
440.916,-233.081,-0.446,1.000,-311.019,-2.091,6.944,3.507,-3.695,-2.540
440.922,-233.081,-0.446,1.000,-314.595,-7.341,8.803,3.668,-3.618,-2.266
440.928,-233.081,-0.446,1.000,-316.196,-9.394,9.704,3.740,-3.539,-1.854
440.935,-152.266,-0.446,1.000,-320.401,-6.603,8.966,7.566,-3.373,-1.769
440.942,-139.465,-0.446,1.000,-322.519,-6.179,6.141,8.237,-3.197,-1.522
440.948,-93.494,-0.446,1.000,-320.889,-7.615,7.555,10.233,-3.136,-0.998
440.954,-69.445,-0.446,1.000,-317.344,-10.491,10.262,11.155,-3.136,-0.392
440.961,-60.480,-0.446,1.000,-312.198,-8.044,9.388,11.327,-3.136,0.185
440.967,-60.480,-0.446,1.000,-304.743,-8.045,8.937,10.992,-3.136,0.883
440.974,-53.094,-0.446,1.000,-291.032,-11.416,11.723,10.707,-3.136,2.001
440.980,-53.094,-0.446,1.000,-279.659,-8.655,11.607,10.195,-3.136,2.532
440.987,-55.692,-0.446,1.000,-262.977,-8.970,8.909,9.328,-3.136,3.514
440.993,-55.692,-0.446,1.000,-246.069,-11.837,10.499,8.567,-3.014,4.295
441.000,-67.111,-0.446,1.000,-232.804,-9.085,10.550,7.456,-2.842,4.506
441.006,-67.111,-0.446,1.000,-216.852,-8.555,10.018,6.738,-2.693,4.926
441.013,-67.111,-0.446,1.000,-198.979,-13.855,9.611,5.934,-2.559,5.429
441.019,-67.111,-0.446,1.000,-189.575,-11.306,12.567,5.511,-2.436,5.002
441.026,-71.036,-0.446,1.000,-175.487,-10.578,12.281,4.700,-2.327,5.080
441.032,-71.036,-0.446,1.000,-165.716,-7.520,12.646,4.261,-2.232,4.752
441.039,-71.036,-0.446,1.000,-159.043,-11.772,13.600,3.960,-2.145,4.215
441.045,-65.590,-0.446,1.000,-152.122,-11.192,12.331,3.894,-2.063,3.840
441.051,-65.590,-0.446,1.000,-148.885,-12.523,12.202,3.748,-1.981,3.205
441.058,-65.590,-0.446,1.000,-149.856,-13.072,11.699,3.792,-1.901,2.296
441.064,-49.982,-0.446,1.000,-149.562,-12.531,11.929,4.481,-1.810,1.755
441.071,-49.982,-0.446,1.000,-151.802,-14.559,11.429,4.582,-1.710,1.107
441.077,-49.982,-0.446,1.000,-153.615,-16.602,11.526,4.663,-1.610,0.684
441.084,-49.982,-0.446,1.000,-156.344,-20.028,12.244,4.786,-1.507,0.270
441.090,-49.982,-0.446,1.000,-155.925,-21.860,11.596,4.767,-1.405,0.241
441.097,-15.777,-0.595,1.000,-156.070,-22.710,13.803,6.313,-1.273,0.184
441.103,-15.777,-0.595,1.000,-156.118,-24.222,14.714,6.315,-1.146,0.094
441.109,-14.018,-0.595,1.000,-154.146,-25.723,13.643,6.306,-1.017,0.221
441.115,-14.262,-0.595,1.000,-150.487,-24.171,13.430,6.130,-0.888,0.533
441.121,-14.262,-0.595,1.000,-147.139,-25.712,13.377,5.979,-0.764,0.738
441.127,-14.262,-0.595,1.000,-139.290,-25.550,12.910,5.626,-0.646,1.311
441.134,-16.569,-0.595,1.000,-130.484,-22.862,13.920,5.126,-0.537,1.896
441.140,-17.112,-0.595,1.000,-123.174,-23.418,14.380,4.773,-0.436,2.182
441.146,-17.112,-0.595,1.000,-113.408,-22.478,12.800,4.333,-0.345,2.599
441.152,-17.112,-0.595,1.000,-100.906,-23.697,14.523,3.771,-0.264,3.209
441.158,-18.231,-0.595,1.000,-85.889,-27.275,15.338,3.045,-0.195,3.922
441.165,-18.231,-0.446,1.000,-75.597,-25.307,11.811,2.581,-0.137,3.938
441.171,-18.231,-0.446,1.000,-64.386,-25.018,12.428,2.077,-0.089,4.026
441.178,-17.947,-0.446,1.000,-56.251,-24.692,12.625,1.724,-0.049,3.810
441.184,-17.947,-0.446,1.000,-48.569,-24.914,12.321,1.378,-0.018,3.551
441.191,-17.947,-0.446,1.000,-38.365,-25.642,13.793,0.919,0.005,3.636
441.197,-17.947,-0.446,1.000,-30.680,-30.353,12.564,0.573,0.021,3.498
441.204,-17.666,-0.446,1.000,-28.542,-33.280,10.813,0.489,0.032,2.836
441.210,-17.666,-0.446,1.000,-27.446,-32.611,8.187,0.440,0.042,2.250
441.217,-17.666,-0.446,1.000,-28.076,-33.801,8.004,0.468,0.052,1.637
441.223,-17.387,-0.446,1.000,-26.471,-34.994,8.904,0.409,0.061,1.374
441.230,-17.112,-0.446,1.000,-30.768,-33.328,7.982,0.615,0.072,0.591
441.236,-17.112,-0.446,1.000,-34.442,-29.801,8.085,0.780,0.087,0.080
441.242,-17.112,-0.446,1.000,-33.688,-28.155,9.602,0.746,0.104,0.119
441.249,-16.302,-0.446,1.000,-36.495,-26.827,10.723,0.909,0.122,-0.200
441.256,-15.518,-0.446,1.000,-38.193,-26.833,10.908,1.020,0.143,-0.313
441.262,-15.518,-0.446,1.000,-37.561,-27.527,10.084,0.992,0.166,-0.146
441.268,-11.493,-0.446,1.000,-40.630,-27.501,7.758,1.311,0.191,-0.372
441.275,-11.493,-0.446,1.000,-41.951,-25.288,5.653,1.371,0.221,-0.397
441.281,-9.416,-0.446,1.000,-40.834,-24.589,2.471,1.414,0.252,-0.170
441.288,-9.416,-0.446,1.000,-41.318,-22.203,1.046,1.436,0.282,-0.173
441.294,-4.924,-0.446,1.000,-40.781,-19.287,-0.203,1.614,0.314,-0.117
441.300,-2.400,-0.446,1.000,-39.298,-16.943,0.705,1.660,0.346,0.033
441.306,-2.400,-0.446,1.000,-35.790,-17.586,2.485,1.503,0.378,0.413
441.312,-2.400,-0.446,1.000,-32.523,-17.859,5.365,1.356,0.407,0.691
441.318,-2.400,-0.446,1.000,-29.376,-17.460,5.878,1.214,0.433,0.889
441.324,0.000,-0.595,1.000,-24.984,-16.762,5.118,1.124,0.456,1.185
441.329,0.000,-0.595,1.000,-19.233,-13.932,4.058,0.865,0.473,1.653
441.334,0.000,-0.595,1.000,-12.439,-12.773,2.669,0.560,0.485,2.112
441.339,0.000,-0.595,1.000,-10.583,-10.703,2.625,0.476,0.494,1.816
441.345,0.000,-0.595,1.000,-7.491,-12.374,1.807,0.337,0.501,1.746
441.350,0.000,-0.595,1.000,-3.704,-11.984,0.596,0.167,0.504,1.746
441.355,0.297,-0.446,2.000,-0.328,-13.065,-0.540,0.028,0.505,1.651
441.361,1.944,-0.446,1.000,2.940,-12.252,-0.074,-0.045,0.504,1.561
441.368,1.944,-0.446,1.000,5.902,-13.539,1.511,-0.178,0.500,1.433
441.374,1.944,-0.446,1.000,6.022,-14.838,-0.775,-0.183,0.498,1.140
441.381,15.518,-1.043,2.000,5.981,-15.851,-1.431,0.429,0.507,0.843
441.388,29.090,-1.793,2.000,8.891,-14.704,-0.846,0.909,0.523,0.907
441.394,35.564,-2.706,2.000,8.044,-11.443,0.021,1.238,0.547,0.584
441.401,35.564,-2.706,2.000,10.870,-11.702,1.199,1.111,0.572,0.683
441.407,175.665,-3.639,1.000,12.096,-12.636,1.427,7.361,0.588,0.622
441.414,175.665,-3.639,1.000,15.247,-13.715,0.035,7.219,0.745,0.793
441.420,175.665,-3.639,1.000,16.590,-10.668,-0.973,7.158,0.899,0.733
441.427,175.665,-3.639,1.000,19.915,-6.159,-0.579,7.009,1.051,0.900
441.433,175.665,-3.639,1.000,28.106,-2.799,-1.999,6.640,1.195,1.420
441.440,175.665,-3.639,1.000,40.805,-7.232,1.182,6.069,1.332,2.226
441.446,175.665,-3.639,1.000,50.655,-4.647,-1.611,5.625,1.457,2.628
441.453,175.665,-3.639,1.000,63.395,-0.119,-2.148,5.052,1.570,3.235
441.459,480.965,-2.248,1.000,76.962,-0.345,-1.087,18.180,1.570,3.754
441.466,480.965,-2.248,1.000,96.814,-3.819,0.301,17.287,1.570,4.681
441.472,480.965,-2.248,1.000,119.876,-4.402,1.553,16.249,1.570,5.737
441.479,480.965,-2.248,1.000,147.208,-3.911,1.167,15.019,1.570,6.935
441.486,492.125,-1.043,1.000,181.580,-6.946,-0.401,13.974,1.570,8.421
441.492,492.125,-1.043,1.000,212.385,-3.835,1.374,12.588,1.570,9.189
441.499,418.190,-0.893,1.000,245.553,-4.046,-1.329,7.769,1.626,10.066
441.505,418.190,-0.893,1.000,281.999,-5.120,-1.701,6.129,1.770,11.110
441.512,377.077,-0.893,1.000,317.127,-3.008,-1.673,2.698,1.839,11.697
441.518,377.077,-0.893,1.000,347.157,-1.837,-4.905,1.346,1.878,11.712
441.525,291.966,-0.744,1.000,374.716,-2.756,-1.205,-3.724,1.834,11.397
441.532,241.464,-0.446,1.000,390.278,2.245,-2.163,-6.697,1.724,10.004
441.538,220.944,-0.446,1.000,400.190,3.805,-3.458,-8.066,1.562,8.421
441.545,220.944,-0.446,1.000,401.117,3.094,-2.164,-8.108,1.388,6.394
441.551,220.944,-0.446,1.000,396.499,3.301,0.784,-7.900,1.216,4.308
441.557,118.828,-0.297,1.000,383.793,3.850,0.078,-11.923,1.216,1.922
441.563,118.828,-0.297,1.000,366.390,2.841,-1.590,-11.140,1.216,-0.350
441.570,41.500,-0.297,1.000,345.165,1.819,-0.593,-13.665,1.216,-2.403
441.576,41.500,-0.297,1.000,318.374,3.931,-4.024,-12.459,1.216,-4.516
441.582,30.720,-0.297,1.000,290.193,3.341,-5.016,-11.676,1.216,-6.243
441.588,30.720,-0.297,1.000,260.106,-1.001,-1.294,-10.322,1.216,-7.762
441.594,5.589,-0.446,1.000,229.741,-1.853,-0.123,-10.087,1.216,-8.858
441.601,0.297,-0.446,1.000,198.891,-2.158,-1.872,-8.937,1.153,-9.677
441.607,0.297,-0.446,1.000,171.803,-1.231,-1.590,-7.718,0.989,-10.080
441.613,0.297,-0.446,1.000,148.293,0.134,-1.626,-6.660,0.849,-9.987
441.619,-4.114,-0.446,1.000,125.940,1.471,-5.235,-5.852,0.719,-9.705
441.626,-6.446,-0.446,2.000,108.448,2.684,-4.768,-5.170,0.603,-8.961
441.632,-10.430,-0.446,1.000,96.530,4.300,-2.998,-4.813,0.494,-7.867
441.639,-11.932,-0.446,2.000,87.644,9.546,-2.331,-4.481,0.395,-6.753
441.645,-11.932,-0.446,2.000,80.580,10.752,-1.272,-4.163,0.302,-5.780
441.652,-11.932,-0.446,2.000,78.317,8.905,1.048,-4.061,0.214,-4.565
441.658,-11.932,-0.446,2.000,78.797,11.888,2.656,-4.083,0.127,-3.387
441.664,-29.897,-0.446,2.000,83.204,15.670,1.568,-5.090,0.029,-2.044
441.670,-29.897,-0.446,2.000,84.319,16.361,0.006,-5.140,-0.071,-1.350
441.676,-29.897,-0.446,2.000,85.625,17.263,-1.072,-5.198,-0.177,-0.893
441.682,-29.897,-0.446,2.000,87.633,15.073,-1.839,-5.289,-0.284,-0.524
441.688,-29.897,-0.446,2.000,90.716,14.664,-0.968,-5.428,-0.392,-0.134
441.694,-29.897,-0.446,2.000,92.865,11.483,-1.135,-5.524,-0.500,0.169
441.700,-81.205,-0.149,2.000,93.296,10.393,-0.518,-7.853,-0.624,0.210
441.706,-81.205,-0.149,2.000,93.041,6.345,1.101,-7.841,-0.769,0.175
441.711,-94.497,0.149,2.000,88.915,3.514,2.595,-8.254,-0.924,-0.338
441.717,-100.698,0.149,2.000,83.942,0.095,1.577,-8.309,-1.083,-0.836
441.723,-123.743,1.192,2.000,75.383,-0.547,-1.962,-8.961,-1.240,-1.579
441.729,-123.743,1.192,2.000,63.905,-1.953,-2.741,-8.444,-1.419,-2.353
441.735,-123.743,1.192,2.000,49.637,-3.958,-0.419,-7.802,-1.585,-3.255
441.741,-123.743,1.192,2.000,36.865,-3.016,-0.379,-7.227,-1.739,-3.774
441.748,-203.686,9.416,2.000,18.902,-7.052,1.503,-10.016,-1.789,-4.567
441.754,-203.686,9.416,2.000,1.883,-9.307,3.959,-9.251,-1.789,-5.037
441.761,-203.686,9.416,2.000,-21.793,-11.431,2.452,-8.185,-1.978,-5.998
441.768,-203.686,9.416,2.000,-41.012,-10.934,2.765,-7.320,-2.150,-6.287
441.774,-330.982,26.395,2.000,-62.635,-9.038,0.670,-12.076,-2.150,-6.747
441.781,-359.227,36.504,2.000,-79.987,-8.745,4.179,-12.566,-2.150,-6.726
441.788,-359.227,36.504,2.000,-98.423,-5.814,3.926,-11.736,-2.150,-6.786
441.794,-434.927,48.185,2.000,-123.196,-7.438,3.417,-14.028,-2.150,-7.387
441.801,-438.337,53.094,2.000,-150.247,1.951,-0.974,-12.964,-2.150,-8.072
441.808,-438.337,53.094,2.000,-173.230,7.414,-4.624,-11.930,-2.150,-8.201
441.814,-438.337,53.094,2.000,-201.222,14.303,0.025,-10.670,-2.150,-8.771
441.821,-445.223,68.660,2.000,-221.548,19.385,0.853,-10.065,-2.150,-8.513
441.828,-445.223,68.660,2.000,-245.731,21.834,6.852,-8.977,-2.215,-8.640
441.834,-445.223,68.660,2.000,-265.586,28.523,4.225,-8.084,-2.400,-8.349
441.841,-445.223,68.660,2.000,-289.860,36.784,4.070,-6.991,-2.565,-8.497
441.848,-445.223,68.660,2.000,-307.731,45.414,3.411,-6.187,-2.707,-8.040
441.854,-270.379,85.769,2.000,-327.074,51.455,2.568,2.551,-2.793,-7.873
441.861,-226.948,74.306,2.000,-340.082,49.743,6.508,5.091,-2.770,-7.097
441.868,-226.948,74.306,2.000,-357.355,57.273,0.882,5.868,-2.686,-6.908
441.875,-226.948,74.306,2.000,-361.197,62.940,-0.837,6.041,-2.553,-5.543
441.881,-115.245,67.111,2.000,-365.152,64.939,-0.823,11.246,-2.553,-4.519
441.888,-73.478,59.777,2.000,-357.582,65.353,1.111,12.785,-2.553,-2.676
441.894,-73.478,59.777,2.000,-345.373,70.043,3.008,12.235,-2.553,-0.861
441.901,-23.890,34.642,2.000,-329.086,70.265,2.339,13.734,-2.553,0.898
441.908,-13.777,29.491,2.000,-304.206,70.581,6.737,13.069,-2.553,2.979
441.914,-13.777,29.491,2.000,-273.724,67.910,3.685,11.698,-2.553,5.106
441.921,-13.777,29.491,2.000,-240.652,59.945,0.450,10.209,-2.553,6.949
441.928,-3.639,22.871,0.000,-207.306,59.924,3.040,9.165,-2.553,8.383
441.934,-0.744,20.000,0.000,-175.359,54.412,-0.651,7.858,-2.374,9.351
441.941,-0.744,20.000,0.000,-147.006,55.388,3.197,6.582,-2.219,9.649
441.947,0.000,19.102,-1.000,-116.518,53.195,0.520,5.243,-2.093,10.088
441.953,0.000,19.102,-1.000,-93.252,52.629,-1.022,4.196,-2.005,10.112
441.959,0.000,19.102,-1.000,-76.122,49.367,0.661,3.425,-1.937,9.434
441.964,0.000,19.102,-1.000,-65.357,46.945,1.544,2.941,-1.880,8.214
441.970,0.000,20.000,-2.000,-56.456,43.797,1.680,2.541,-1.832,7.046
441.976,0.000,20.000,-2.000,-51.071,43.229,2.115,2.298,-1.790,5.782
441.981,0.000,20.000,-2.000,-46.752,41.870,3.928,2.104,-1.750,4.783
441.987,0.000,20.000,-2.000,-49.778,40.523,2.159,2.240,-1.708,3.279
441.993,0.297,20.000,-5.000,-54.281,40.823,1.591,2.456,-1.662,1.977
441.999,0.297,20.000,-5.000,-60.459,39.945,1.422,2.734,-1.608,0.845
442.005,0.297,20.000,-5.000,-65.714,36.530,2.372,2.971,-1.549,0.094
442.012,4.275,20.000,-14.000,-70.919,34.879,3.364,3.384,-1.477,-0.416
442.018,5.758,20.000,-11.000,-79.971,35.634,-0.612,3.858,-1.395,-1.157
442.025,5.758,20.000,-11.000,-81.687,35.337,-4.395,3.935,-1.308,-1.012
442.032,11.932,20.306,-12.000,-84.211,31.968,-6.179,4.326,-1.216,-0.972
442.038,11.932,20.306,-12.000,-86.059,29.693,-7.100,4.410,-1.118,-0.889
442.045,11.932,20.306,-12.000,-84.029,25.454,-8.197,4.318,-1.020,-0.495
442.052,11.932,20.306,-12.000,-81.565,23.221,-7.581,4.207,-0.925,-0.131
442.058,21.561,24.236,-15.000,-76.027,22.213,-6.582,4.391,-0.825,0.417
442.065,21.561,24.236,-15.000,-64.983,19.758,-6.887,3.894,-0.736,1.316
442.072,21.561,24.236,-15.000,-52.343,13.301,-8.400,3.326,-0.658,2.170
442.078,29.090,35.101,-30.000,-41.971,9.404,-9.486,3.198,-0.586,2.615
442.085,30.720,38.443,-33.000,-30.877,6.802,-11.759,2.772,-0.522,3.006
442.092,31.138,40.461,-32.000,-18.888,11.339,-14.960,2.251,-0.467,3.367
442.099,31.138,40.461,-32.000,-11.198,12.692,-19.343,1.905,-0.423,3.214
442.105,31.138,40.461,-32.000,-1.848,13.972,-22.174,1.484,-0.388,3.245
442.112,32.855,50.592,-37.000,7.021,15.792,-23.050,1.163,-0.360,3.253
442.119,33.739,58.390,-40.000,12.068,19.913,-21.541,0.975,-0.337,2.894
442.125,33.739,58.390,-40.000,17.612,25.001,-22.477,0.726,-0.319,2.703
442.132,42.028,65.590,-48.000,22.788,30.593,-22.726,0.866,-0.303,2.529
442.139,48.185,64.839,-51.000,26.562,34.626,-24.020,0.973,-0.283,2.262
442.145,48.185,64.839,-51.000,29.440,39.277,-28.237,0.844,-0.264,1.970
442.152,48.185,64.839,-51.000,30.754,42.666,-32.956,0.784,-0.246,1.608
442.159,68.660,62.630,-57.000,30.376,47.387,-36.866,1.723,-0.207,1.189
442.165,83.919,58.390,-66.000,31.061,52.192,-38.826,2.379,-0.153,0.968
442.172,83.919,58.390,-66.000,30.473,56.992,-41.611,2.405,-0.100,0.679
442.179,91.513,46.440,-73.000,31.915,58.730,-43.246,2.682,-0.042,0.659
442.186,91.513,40.978,-72.000,33.451,61.027,-46.029,2.613,0.018,0.643
442.192,91.513,40.978,-72.000,33.634,60.099,-48.312,2.605,0.076,0.510
442.199,91.513,40.978,-72.000,35.965,59.193,-49.857,2.500,0.132,0.607
442.205,91.513,40.978,-72.000,40.243,55.312,-50.426,2.307,0.184,0.842
442.212,89.565,23.546,-72.000,42.529,55.545,-51.146,2.117,0.231,0.813
442.219,89.565,23.546,-72.000,48.490,54.322,-54.104,1.848,0.273,1.151
442.225,65.590,17.947,-66.000,55.289,52.716,-56.812,0.464,0.293,1.494
442.232,56.357,13.302,-54.000,61.670,50.882,-57.701,-0.239,0.296,1.718
442.239,56.357,13.302,-54.000,66.997,45.733,-57.916,-0.479,0.288,1.802
442.245,56.357,13.302,-54.000,74.719,39.962,-54.019,-0.826,0.273,2.086
442.252,45.304,9.615,-44.000,79.852,35.373,-50.025,-1.555,0.240,2.062
442.259,39.442,6.974,-36.000,83.343,33.686,-49.492,-1.976,0.198,1.880
442.265,36.982,5.758,-32.000,85.826,30.563,-48.478,-2.198,0.150,1.651
442.272,36.982,5.758,-32.000,87.955,29.870,-46.025,-2.294,0.101,1.448
442.279,29.090,3.169,-21.000,88.270,28.054,-44.579,-2.663,0.044,1.115
442.286,26.395,1.192,-18.000,87.679,27.382,-41.508,-2.758,-0.017,0.786
442.292,26.395,1.192,-18.000,86.498,24.537,-39.361,-2.705,-0.073,0.467
442.298,26.395,1.192,-18.000,86.426,24.799,-37.550,-2.701,-0.128,0.349
442.304,22.871,0.000,-13.000,85.761,22.059,-35.372,-2.830,-0.183,0.217
442.309,22.871,0.000,-13.000,82.335,19.436,-30.526,-2.676,-0.234,-0.218
442.315,20.000,0.000,-13.000,78.306,17.831,-29.355,-2.624,-0.283,-0.607
442.321,20.000,0.000,-13.000,74.240,18.282,-29.492,-2.441,-0.330,-0.923
442.326,17.387,0.000,-1.000,70.399,19.189,-29.141,-2.385,-0.378,-1.139
442.332,16.839,0.000,-1.000,68.006,19.955,-27.201,-2.303,-0.421,-1.105
442.338,16.839,0.000,-1.000,64.434,21.928,-26.367,-2.142,-0.462,-1.201
442.343,16.839,0.000,-1.000,60.082,23.184,-24.727,-1.946,-0.500,-1.356
442.349,16.569,0.000,-1.000,57.294,21.831,-21.497,-1.833,-0.534,-1.288
442.355,16.839,0.000,-1.000,54.757,19.165,-18.439,-1.706,-0.566,-1.211
442.360,16.839,0.000,-1.000,53.622,20.641,-16.974,-1.655,-0.597,-1.023
442.366,16.839,0.000,-1.000,50.520,20.490,-17.279,-1.516,-0.627,-1.094
442.372,16.839,0.000,-1.000,47.631,21.836,-17.726,-1.386,-0.654,-1.128
442.377,16.839,0.000,-1.000,47.771,20.984,-18.554,-1.392,-0.680,-0.840
442.383,16.839,0.000,-1.000,47.156,19.076,-18.965,-1.364,-0.706,-0.699
442.389,16.839,0.000,-1.000,46.496,16.827,-20.624,-1.335,-0.731,-0.590
442.394,26.026,-0.149,0.000,45.857,15.037,-19.670,-0.892,-0.750,-0.475
442.400,27.526,-0.149,0.000,46.045,14.513,-18.233,-0.833,-0.766,-0.297
442.405,27.526,-0.149,0.000,45.663,15.230,-14.784,-0.816,-0.780,-0.219
442.411,27.526,-0.149,0.000,46.970,13.806,-13.236,-0.875,-0.796,0.016
442.417,27.526,-0.149,0.000,47.006,10.836,-11.758,-0.877,-0.812,0.052
442.422,27.526,-0.149,0.000,47.967,10.081,-9.737,-0.920,-0.827,0.208
442.428,53.094,-0.149,0.000,48.953,9.842,-9.688,0.186,-0.823,0.299
442.434,53.094,-0.149,0.000,49.577,10.180,-9.192,0.158,-0.819,0.320
442.439,53.094,-0.149,0.000,50.195,7.068,-8.401,0.130,-0.815,0.341
442.445,53.094,-0.149,0.000,51.258,6.126,-8.701,0.083,-0.812,0.439
442.451,78.561,-0.297,0.000,52.015,3.668,-10.352,1.195,-0.786,0.456
442.457,78.561,-0.297,0.000,52.475,2.034,-11.474,1.174,-0.761,0.418
442.463,88.604,-0.149,0.000,53.944,2.934,-9.929,1.560,-0.732,0.493
442.469,88.604,-0.149,0.000,57.220,0.455,-9.001,1.412,-0.705,0.746
442.474,89.565,-0.149,0.000,62.077,0.615,-8.820,1.237,-0.679,1.130
442.480,89.565,-0.149,0.000,66.588,-0.385,-8.438,1.034,-0.658,1.372
442.486,89.565,-0.149,0.000,71.187,-2.344,-9.365,0.827,-0.641,1.542
442.491,89.565,-0.149,0.000,72.588,-0.750,-9.879,0.764,-0.626,1.328
442.497,89.565,-0.149,0.000,74.902,-0.337,-9.776,0.660,-0.612,1.280
442.503,89.565,-0.149,0.000,79.026,1.568,-10.383,0.474,-0.601,1.443
442.508,67.111,-0.149,0.000,85.052,1.465,-10.510,-0.807,-0.601,1.804
442.514,67.111,-0.149,0.000,90.824,2.049,-7.234,-1.067,-0.618,2.034
442.520,67.111,-0.149,0.000,96.609,0.770,-3.156,-1.327,-0.640,2.244
442.525,53.734,0.000,0.000,98.141,1.580,-3.987,-1.998,-0.672,1.914
442.531,50.592,0.000,0.000,99.367,2.635,-5.240,-2.195,-0.710,1.609
442.537,50.592,0.000,0.000,99.625,5.037,-6.806,-2.206,-0.752,1.267
442.542,48.778,0.000,0.000,100.851,4.177,-7.254,-2.343,-0.795,1.117
442.548,45.869,0.000,0.000,103.979,2.083,-6.407,-2.615,-0.842,1.219
442.554,45.869,0.000,0.000,104.980,3.414,-6.327,-2.660,-0.891,1.024
442.559,43.642,0.000,0.000,103.430,3.803,-7.112,-2.690,-0.942,0.595
442.565,43.642,0.000,0.000,100.396,2.794,-8.785,-2.554,-0.991,0.086
442.571,43.642,0.000,0.000,97.512,-1.170,-10.778,-2.424,-1.038,-0.274
442.576,43.642,0.000,0.000,95.007,-2.266,-9.968,-2.311,-1.083,-0.556
442.582,35.564,0.000,0.000,93.631,-4.449,-9.068,-2.613,-1.135,-0.600
442.588,35.564,0.000,0.000,89.841,-4.181,-8.105,-2.442,-1.182,-0.909
442.593,28.300,0.000,0.000,87.438,-6.258,-7.499,-2.661,-1.228,-0.929
442.599,28.300,0.000,0.000,87.614,-7.551,-6.581,-2.669,-1.278,-0.682
442.604,26.768,0.000,0.000,83.122,-6.030,-6.984,-2.536,-1.326,-1.000
442.610,26.768,0.000,0.000,79.673,-6.039,-6.609,-2.381,-1.371,-1.139
442.615,25.660,0.000,0.000,79.135,-6.981,-6.782,-2.406,-1.415,-0.904
442.621,25.660,0.000,0.000,77.583,-5.613,-6.248,-2.337,-1.460,-0.841
442.627,25.660,0.000,0.000,73.870,-1.214,-6.593,-2.169,-1.503,-1.072
442.632,25.660,0.000,0.000,69.844,2.920,-8.180,-1.988,-1.542,-1.304
442.638,25.660,0.000,0.000,66.781,6.748,-10.729,-1.850,-1.578,-1.354
442.644,25.660,0.000,0.000,66.073,7.622,-10.259,-1.819,-1.613,-1.119
442.649,26.026,0.000,0.000,65.324,10.010,-7.177,-1.768,-1.646,-0.934
442.655,26.026,0.000,0.000,65.977,11.606,-4.408,-1.798,-1.681,-0.670
442.661,26.026,0.000,0.000,64.871,15.352,-5.970,-1.748,-1.715,-0.676
442.666,26.026,0.000,0.000,61.474,18.812,-4.510,-1.595,-1.747,-0.903
442.672,26.026,0.000,0.000,59.635,19.128,-4.797,-1.512,-1.776,-0.905
442.678,26.026,0.000,0.000,57.125,22.035,-6.975,-1.399,-1.803,-0.961
442.683,26.026,0.000,0.000,55.280,22.558,-8.584,-1.316,-1.827,-0.906
442.689,26.026,0.000,0.000,53.810,21.382,-5.746,-1.250,-1.851,-0.846
442.694,26.026,0.000,0.000,52.183,20.723,-3.334,-1.177,-1.875,-0.845
442.700,26.026,0.000,0.000,52.785,17.740,-0.582,-1.204,-1.898,-0.619
442.706,25.660,0.000,0.000,51.508,13.809,0.840,-1.163,-1.922,-0.656
442.711,24.941,0.149,0.000,51.569,13.369,-2.124,-1.198,-1.944,-0.503
442.717,24.587,0.149,0.000,53.942,9.645,-1.830,-1.321,-1.968,-0.123
442.723,24.587,0.149,0.000,52.399,7.150,-5.161,-1.252,-1.992,-0.274
442.729,23.207,0.297,0.000,53.627,2.228,-4.482,-1.369,-2.019,-0.069
442.735,22.538,0.595,0.000,52.990,-1.052,-5.274,-1.370,-2.047,-0.104
442.741,21.243,0.744,0.000,52.271,-2.261,-4.132,-1.396,-2.076,-0.154
442.748,19.102,1.043,0.000,52.869,-7.813,0.511,-1.520,-2.109,-0.066
442.754,15.008,1.342,0.000,53.659,-12.667,3.242,-1.739,-2.144,0.036
442.761,15.008,1.342,0.000,51.005,-12.123,0.707,-1.620,-2.181,-0.211
442.768,14.262,1.342,0.000,49.707,-12.142,-0.090,-1.595,-2.217,-0.295
442.774,10.639,3.325,0.000,46.355,-9.793,-1.419,-1.607,-2.253,-0.519
442.781,9.816,3.639,0.000,42.234,-5.966,-1.538,-1.459,-2.286,-0.789
442.787,8.636,4.114,0.000,41.598,-3.367,-2.317,-1.483,-2.319,-0.663
442.794,6.797,6.100,0.000,40.186,-5.088,-1.557,-1.503,-2.350,-0.600
442.801,6.100,7.153,0.000,35.909,-3.888,-4.090,-1.341,-2.382,-0.841
442.807,6.100,7.153,0.000,32.728,-3.718,-3.953,-1.198,-2.409,-0.921
442.814,6.100,7.153,0.000,29.063,-3.380,-2.543,-1.033,-2.432,-1.007
442.821,6.100,7.153,0.000,27.450,-1.239,-2.006,-0.961,-2.455,-0.957
442.827,4.436,9.416,0.000,25.827,-0.635,-0.904,-0.963,-2.477,-0.882
442.834,4.275,9.219,0.000,24.066,-4.690,0.540,-0.891,-2.496,-0.790
442.841,3.639,9.416,0.000,19.666,-1.084,-2.152,-0.721,-2.513,-1.006
442.847,2.400,9.615,0.000,17.839,0.037,-5.884,-0.695,-2.528,-0.932
442.854,2.400,9.615,0.000,13.461,-1.011,-5.689,-0.498,-2.539,-1.116
442.860,2.400,9.615,0.000,9.067,-0.388,-4.273,-0.300,-2.547,-1.289
442.866,0.446,9.816,0.000,7.989,-1.959,-2.602,-0.339,-2.556,-1.109
442.872,0.446,9.816,0.000,7.303,-2.862,-2.334,-0.309,-2.562,-0.905
442.879,0.446,9.816,0.000,6.122,-7.339,-0.128,-0.255,-2.568,-0.790
442.885,0.000,10.224,0.000,2.851,-12.464,0.010,-0.128,-2.571,-0.883
442.891,0.000,10.224,0.000,0.828,-12.989,0.323,-0.037,-2.573,-0.911
442.897,0.000,10.430,0.000,-0.144,-9.089,-1.350,0.006,-2.573,-0.813
442.902,0.000,10.430,0.000,0.707,-6.366,-1.728,-0.032,-2.573,-0.499
442.908,0.000,10.224,0.000,-0.428,-4.624,-2.949,0.019,-2.573,-0.468
442.913,0.000,10.224,0.000,-0.570,-2.613,-3.237,0.026,-2.571,-0.314
442.919,0.000,10.224,0.000,0.344,-0.612,-2.244,-0.015,-2.570,-0.078
442.925,0.000,10.224,0.000,2.217,0.916,-2.152,-0.100,-2.571,0.201
442.930,0.000,10.224,0.000,1.615,1.196,-1.989,-0.073,-2.572,0.117
442.936,0.000,8.256,0.000,0.354,3.426,-2.106,-0.016,-2.572,-0.045
442.942,0.000,7.883,0.000,-1.860,5.100,-2.809,0.084,-2.572,-0.295
442.947,0.000,7.883,0.000,-1.599,5.698,-1.502,0.072,-2.571,-0.215
442.953,0.000,7.883,0.000,-2.282,3.264,-0.368,0.103,-2.569,-0.242
442.959,0.000,5.089,0.000,-2.568,2.034,1.099,0.116,-2.567,-0.199
442.964,0.000,5.089,0.000,-3.668,1.982,-2.554,0.165,-2.564,-0.248
442.970,0.000,5.089,0.000,-5.209,0.945,-2.673,0.234,-2.559,-0.327
442.975,0.000,5.089,0.000,-7.359,-0.263,-0.887,0.331,-2.552,-0.408
442.981,0.000,5.089,0.000,-9.660,0.063,-1.043,0.435,-2.542,-0.454
442.987,0.000,2.553,0.000,-11.568,-2.960,-1.730,0.521,-2.532,-0.496
442.992,0.000,2.553,0.000,-13.907,-5.467,-2.916,0.626,-2.520,-0.602
442.998,0.000,2.096,0.000,-15.500,-6.174,-2.447,0.697,-2.508,-0.626
443.003,0.000,2.096,0.000,-18.561,-5.945,-2.257,0.835,-2.494,-0.837
443.009,0.000,1.342,0.000,-20.597,-4.531,-0.765,0.927,-2.478,-0.893
443.015,0.000,1.342,0.000,-20.097,-5.435,0.553,0.904,-2.462,-0.650
443.020,0.000,1.192,0.000,-20.109,-5.639,0.885,0.905,-2.446,-0.548
443.025,0.000,0.744,0.000,-17.858,-4.008,-0.971,0.804,-2.432,-0.196
443.031,0.000,0.744,0.000,-17.714,-3.340,-3.675,0.797,-2.417,-0.137
443.037,0.000,0.744,0.000,-18.475,-2.506,-3.054,0.831,-2.402,-0.198
443.042,0.000,0.744,0.000,-18.156,-1.648,-3.273,0.817,-2.386,-0.108
443.048,-0.149,0.297,0.000,-17.820,0.153,-4.025,0.795,-2.371,-0.028
443.053,-0.149,0.297,0.000,-18.657,0.108,-4.457,0.833,-2.356,-0.113
443.058,-0.149,0.297,0.000,-19.565,-0.536,-3.897,0.874,-2.341,-0.184
443.063,-0.149,0.297,0.000,-20.482,-0.397,-4.885,0.915,-2.325,-0.239
443.069,-0.149,0.297,0.000,-20.652,-2.619,-5.224,0.923,-2.309,-0.188
443.074,-0.149,0.297,0.000,-18.988,-2.838,-4.240,0.848,-2.294,0.086
443.079,-0.149,1.492,0.000,-19.950,-2.464,-5.415,0.891,-2.278,-0.042
443.085,-0.149,1.492,0.000,-19.134,-3.776,-6.520,0.854,-2.262,0.070
443.090,-0.149,1.492,0.000,-19.710,-1.891,-6.771,0.880,-2.245,0.001
443.096,-0.149,2.706,0.000,-19.616,-0.895,-7.183,0.876,-2.228,0.027
443.101,-0.149,2.706,0.000,-19.435,-1.300,-6.464,0.868,-2.212,0.089
443.107,-0.149,2.706,0.000,-20.596,-1.328,-6.866,0.920,-2.193,0.014
443.113,-0.149,3.639,0.000,-20.260,-1.043,-5.912,0.905,-2.176,0.114
443.118,-0.149,4.275,0.000,-19.661,-1.212,-5.782,0.878,-2.159,0.208
443.124,-0.149,4.275,0.000,-18.229,-2.374,-5.505,0.814,-2.142,0.377
443.129,-0.149,4.275,0.000,-19.760,-0.983,-4.726,0.882,-2.125,0.156
443.135,-0.149,6.797,0.000,-21.056,0.379,-2.450,0.941,-2.107,-0.003
443.141,-0.149,9.023,0.000,-22.484,-0.749,-1.675,1.005,-2.088,-0.119
443.146,-0.149,9.023,0.000,-25.184,2.431,-1.252,1.127,-2.067,-0.357
443.152,-0.149,12.607,0.000,-26.525,1.539,-1.361,1.187,-2.044,-0.395
443.158,-0.149,12.607,0.000,-26.306,0.754,-2.212,1.177,-2.021,-0.225
443.163,-0.149,12.607,0.000,-27.997,1.450,-3.149,1.253,-1.998,-0.318
443.169,-0.149,12.607,0.000,-27.882,4.280,-2.539,1.248,-1.973,-0.178
443.174,-0.149,22.871,0.000,-24.591,3.865,0.472,1.100,-1.950,0.286
443.180,-0.149,25.299,0.000,-25.800,3.667,-0.296,1.154,-1.928,0.111
443.186,-0.149,37.464,0.000,-24.945,3.752,-0.936,1.116,-1.906,0.226
443.191,-0.149,37.464,0.000,-23.241,6.461,0.261,1.039,-1.884,0.418
443.197,-0.149,40.461,0.000,-22.633,8.752,-0.004,1.012,-1.864,0.443
443.203,-0.149,40.461,0.000,-23.993,10.482,-0.773,1.073,-1.844,0.201
443.208,-0.149,47.598,0.000,-24.115,14.493,-3.201,1.078,-1.823,0.164
443.214,-0.149,47.598,0.000,-23.868,16.730,-3.497,1.067,-1.803,0.167
443.219,-0.149,50.592,0.000,-24.431,20.423,-2.023,1.093,-1.783,0.061
443.225,-0.149,50.592,0.000,-24.324,22.732,-2.786,1.088,-1.762,0.061
443.231,-0.149,50.592,0.000,-24.822,26.079,-2.101,1.110,-1.741,-0.052
443.237,-0.149,60.480,0.000,-26.710,32.152,-1.582,1.195,-1.720,-0.273
443.242,-0.149,60.480,0.000,-26.900,34.159,-0.242,1.204,-1.698,-0.255
443.248,-0.149,64.839,0.000,-27.846,34.794,-1.277,1.246,-1.676,-0.327
443.253,-0.149,64.839,0.000,-28.818,38.483,-1.913,1.290,-1.652,-0.383
443.259,-0.149,67.882,0.000,-28.021,38.996,-1.308,1.254,-1.629,-0.234
443.265,-0.149,67.882,0.000,-28.957,40.036,-0.325,1.296,-1.605,-0.308
443.270,-0.149,67.882,0.000,-29.751,38.331,-0.525,1.332,-1.582,-0.369
443.276,-0.149,67.882,0.000,-30.797,40.862,-0.386,1.379,-1.556,-0.423
443.282,-0.149,67.882,0.000,-32.125,39.817,-0.228,1.439,-1.530,-0.496
443.287,-0.149,67.882,0.000,-32.587,41.872,-1.068,1.460,-1.503,-0.464
443.293,-0.297,73.478,0.000,-34.165,43.481,-0.593,1.524,-1.475,-0.550
443.299,-0.297,73.478,0.000,-33.202,43.725,0.742,1.481,-1.445,-0.338
443.305,-0.297,72.656,0.000,-32.028,43.011,0.781,1.428,-1.415,-0.144
443.312,-0.297,72.656,0.000,-30.359,40.894,-2.020,1.353,-1.386,0.101
443.318,-0.297,71.843,0.000,-30.856,41.730,-0.308,1.375,-1.356,0.074
443.324,-0.297,71.843,0.000,-29.359,44.053,-0.593,1.308,-1.328,0.233
443.330,-0.297,71.843,0.000,-26.836,44.163,1.160,1.194,-1.302,0.447
443.336,-0.297,69.445,0.000,-24.247,45.255,-0.094,1.078,-1.279,0.616
443.343,-0.297,69.445,0.000,-23.066,47.452,-0.324,1.025,-1.257,0.612
443.349,-0.297,69.445,0.000,-23.804,49.764,-0.656,1.058,-1.235,0.404
443.355,-0.297,69.445,0.000,-24.273,53.202,-2.125,1.079,-1.212,0.268
443.361,-0.297,69.445,0.000,-19.697,53.941,-2.104,0.873,-1.194,0.601
443.367,-0.595,53.734,0.000,-18.144,55.344,-0.090,0.790,-1.179,0.547
443.374,-0.595,53.734,0.000,-16.897,56.899,1.972,0.734,-1.164,0.492
443.380,-2.553,42.560,0.000,-16.121,56.375,3.485,0.611,-1.150,0.430
443.387,-2.553,42.560,0.000,-13.741,55.819,2.307,0.503,-1.137,0.575
443.393,-2.553,42.560,0.000,-15.463,56.182,1.030,0.581,-1.124,0.300
443.400,-2.553,42.560,0.000,-15.007,56.502,1.751,0.560,-1.112,0.277
443.406,-2.553,42.560,0.000,-14.999,60.951,3.299,0.560,-1.100,0.199
443.413,-11.276,25.299,0.000,-14.872,61.680,3.824,0.162,-1.096,0.136
443.420,-11.276,25.299,0.000,-17.968,62.726,2.119,0.301,-1.091,-0.178
443.427,-14.262,22.209,0.000,-19.960,62.017,1.060,0.256,-1.086,-0.352
443.433,-14.262,22.209,0.000,-21.509,61.089,2.419,0.326,-1.080,-0.438
443.440,-14.262,22.209,0.000,-21.767,54.761,2.721,0.338,-1.071,-0.311
443.447,-14.262,22.209,0.000,-26.893,49.652,1.680,0.568,-1.059,-0.681
443.453,-17.112,19.697,0.000,-28.814,47.165,0.239,0.527,-1.048,-0.700
443.460,-17.112,19.697,0.000,-30.009,43.331,3.095,0.580,-1.036,-0.656
443.467,-17.112,19.697,0.000,-30.330,38.632,5.798,0.595,-1.023,-0.527
443.473,-17.947,18.231,0.000,-31.765,34.993,4.831,0.622,-1.009,-0.518
443.480,-18.518,18.231,0.000,-32.406,28.565,3.973,0.625,-0.995,-0.458
443.487,-18.808,17.947,0.000,-30.498,19.853,4.613,0.526,-0.982,-0.146
443.493,-18.808,17.666,0.000,-31.206,14.944,2.421,0.558,-0.970,-0.167
443.500,-18.808,17.666,0.000,-33.681,15.463,1.177,0.669,-0.957,-0.377
443.506,-18.808,17.666,0.000,-35.252,15.269,0.658,0.740,-0.941,-0.431
443.513,-18.518,16.839,0.000,-33.082,7.907,3.842,0.655,-0.926,-0.130
443.519,-18.518,16.839,0.000,-36.082,2.481,3.875,0.790,-0.909,-0.365
443.526,-18.518,16.839,0.000,-33.266,4.051,3.275,0.664,-0.893,-0.024
443.533,-18.518,16.839,0.000,-35.406,4.298,3.344,0.760,-0.876,-0.188
443.539,-18.518,16.839,0.000,-34.522,0.494,4.534,0.720,-0.861,-0.087
443.546,-18.518,16.839,0.000,-32.689,-1.538,4.687,0.638,-0.847,0.078
443.553,-18.518,12.155,0.000,-33.705,0.744,3.192,0.683,-0.831,-0.005
443.559,-18.518,11.276,0.000,-35.325,1.693,1.850,0.756,-0.815,-0.161
443.566,-18.518,11.276,0.000,-32.963,0.817,3.249,0.650,-0.800,0.088
443.573,-18.518,10.430,0.000,-34.700,3.064,3.872,0.728,-0.784,-0.079
443.579,-18.231,10.019,0.000,-35.523,7.906,2.210,0.778,-0.768,-0.139
443.586,-18.231,10.019,0.000,-33.981,7.444,2.619,0.709,-0.752,0.038
443.592,-18.231,10.019,0.000,-35.622,6.938,1.756,0.783,-0.735,-0.129
443.599,-17.666,9.219,0.000,-33.479,9.717,1.491,0.712,-0.719,0.108
443.606,-16.569,8.446,0.000,-33.706,11.654,0.937,0.771,-0.702,0.051
443.612,-16.569,8.446,0.000,-33.430,9.890,1.704,0.759,-0.685,0.045
443.619,-13.539,6.100,0.000,-29.499,10.975,1.285,0.718,-0.669,0.414
443.626,-11.711,4.924,0.000,-30.080,11.638,1.467,0.827,-0.651,0.282
443.632,-11.711,4.924,0.000,-31.539,10.203,2.469,0.892,-0.634,0.039
443.638,-11.711,4.924,0.000,-28.533,8.393,3.239,0.757,-0.618,0.314
443.644,-7.698,2.248,0.000,-27.979,6.645,2.378,0.913,-0.598,0.317
443.651,-7.698,2.248,0.000,-28.438,11.588,0.032,0.933,-0.578,0.192
443.657,-7.698,2.248,0.000,-30.237,11.392,-0.313,1.014,-0.557,-0.011
443.664,-5.589,0.000,0.000,-28.065,9.733,0.800,1.011,-0.536,0.178
443.669,-5.589,0.000,0.000,-26.169,7.193,0.933,0.926,-0.519,0.337
443.675,-5.589,0.000,0.000,-25.315,7.824,-0.193,0.888,-0.501,0.392
443.681,-5.758,-0.297,0.000,-24.853,6.724,0.463,0.859,-0.484,0.353
443.687,-5.758,-0.297,0.000,-25.176,5.152,0.544,0.874,-0.466,0.251
443.693,-5.758,-0.297,0.000,-24.335,5.162,-0.018,0.836,-0.449,0.269
443.699,-5.758,-0.297,0.000,-23.873,4.820,1.537,0.815,-0.432,0.257
443.705,-5.928,-0.297,0.000,-23.690,4.414,3.451,0.799,-0.415,0.221
443.711,-6.100,-0.297,0.000,-23.170,2.337,2.022,0.768,-0.399,0.218
443.717,-6.100,-0.297,0.000,-22.548,0.192,0.652,0.740,-0.384,0.220
443.723,-6.100,-0.297,0.000,-21.096,-2.527,0.048,0.675,-0.370,0.310
443.730,-6.100,-0.297,0.000,-19.595,-2.795,-1.373,0.607,-0.357,0.386
443.736,-6.100,-0.297,0.000,-17.729,-3.533,-0.239,0.523,-0.346,0.503
443.742,-6.100,-0.297,0.000,-16.877,-2.556,-0.656,0.485,-0.335,0.477
443.748,-4.924,-0.446,0.000,-16.688,-3.527,-0.435,0.529,-0.326,0.348
443.754,-4.924,-0.446,0.000,-15.639,-4.043,0.580,0.482,-0.316,0.354
443.760,-4.114,-0.446,0.000,-13.477,-5.657,-0.630,0.421,-0.307,0.467
443.767,-4.114,-0.446,0.000,-11.799,-3.813,-1.750,0.346,-0.298,0.557
443.773,-4.114,-0.446,0.000,-14.074,-2.387,-1.226,0.448,-0.289,0.220
443.779,-4.114,-0.446,0.000,-13.653,-3.365,-0.808,0.429,-0.280,0.175
443.786,-4.114,-0.446,0.000,-10.341,-4.096,-2.330,0.280,-0.273,0.440
443.792,-4.114,-0.446,0.000,-9.229,-4.153,-1.349,0.230,-0.267,0.454
443.799,-4.114,-0.446,0.000,-11.504,-1.551,-2.907,0.333,-0.261,0.145
443.805,-4.114,-0.446,0.000,-13.133,0.687,-3.153,0.406,-0.253,-0.056
443.811,0.000,-0.595,0.000,-14.610,2.331,-3.911,0.657,-0.242,-0.254
443.816,0.000,-0.595,0.000,-16.358,4.728,-2.793,0.736,-0.232,-0.484
443.822,0.000,-0.595,0.000,-16.722,4.504,-3.335,0.752,-0.220,-0.489
443.827,0.149,-0.446,0.000,-15.986,2.820,-2.889,0.726,-0.209,-0.343
443.832,0.149,-0.446,0.000,-15.059,2.316,-3.114,0.684,-0.198,-0.228
443.838,0.149,-0.446,0.000,-12.264,2.075,-3.225,0.559,-0.187,0.092
443.843,0.149,-0.446,0.000,-11.059,2.983,-3.024,0.504,-0.178,0.163
443.848,0.149,-0.446,0.000,-8.894,1.782,-2.037,0.407,-0.171,0.316
443.854,0.149,-0.446,0.000,-5.960,-0.526,-0.530,0.275,-0.166,0.541
443.860,12.155,-0.595,0.000,-3.145,-3.140,0.029,0.689,-0.152,0.710
443.866,15.518,-0.595,0.000,-1.106,-7.130,-1.050,0.748,-0.137,0.760
443.872,15.518,-0.595,0.000,0.977,-8.699,-2.180,0.654,-0.122,0.821
443.878,15.518,-0.595,0.000,1.033,-10.341,-3.019,0.652,-0.108,0.632
443.884,15.518,-0.595,0.000,-0.527,-9.447,-1.969,0.722,-0.094,0.300
443.891,23.207,-0.595,0.000,0.385,-6.687,-2.873,1.027,-0.073,0.307
443.897,23.207,-0.595,0.000,1.678,-6.391,-1.868,0.969,-0.054,0.312
443.903,25.660,-0.595,0.000,1.043,-4.789,-0.939,1.108,-0.033,0.124
443.909,26.395,-0.595,0.000,3.258,-2.674,-0.322,1.041,-0.012,0.318
443.915,26.395,-0.595,0.000,6.379,-5.226,0.258,0.901,0.009,0.604
443.921,27.145,-0.595,0.000,6.915,-6.609,-0.312,0.910,0.029,0.564
443.928,28.693,-0.744,0.000,6.885,-6.414,-3.325,0.981,0.051,0.451
443.934,29.897,-0.744,0.000,7.099,-3.814,-5.264,1.026,0.072,0.312
443.940,29.897,-0.744,0.000,7.956,-1.723,-5.267,0.987,0.092,0.303
443.947,29.897,-0.744,0.000,11.611,0.304,-3.328,0.823,0.109,0.572
443.953,34.189,-0.893,0.000,14.046,0.432,-1.843,0.906,0.129,0.652
443.959,36.982,-0.893,0.000,18.949,1.489,-1.464,0.811,0.148,0.981
443.966,37.951,-1.043,0.000,22.318,-0.918,0.711,0.703,0.164,1.063
443.972,39.949,-1.043,0.000,25.938,0.780,0.246,0.630,0.179,1.158
443.979,40.461,-1.192,0.000,27.271,1.915,-0.275,0.594,0.193,0.992
443.985,40.461,-1.192,0.000,28.161,4.344,-3.065,0.553,0.204,0.814
443.992,40.978,-1.642,0.000,31.841,7.453,-4.094,0.411,0.213,0.957
443.998,40.978,-1.642,0.000,33.282,6.483,-4.641,0.346,0.221,0.851
444.005,40.461,-3.169,0.000,36.587,2.448,-4.135,0.174,0.227,0.961
444.012,40.461,-3.482,0.000,37.322,-1.265,-4.493,0.141,0.231,0.804
444.018,40.461,-3.482,0.000,39.961,-6.124,-4.565,0.022,0.233,0.889
444.025,40.461,-5.589,0.000,40.423,-8.053,-4.719,0.002,0.233,0.710
444.032,40.461,-5.589,0.000,44.538,-6.959,-4.561,-0.183,0.231,0.925
444.038,40.461,-5.589,0.000,43.292,-5.519,-2.858,-0.127,0.227,0.556
444.045,40.461,-5.589,0.000,45.723,-7.927,-2.375,-0.237,0.222,0.622
444.052,40.461,-7.153,0.000,48.762,-10.909,0.430,-0.374,0.215,0.775
444.058,40.461,-7.153,0.000,47.691,-15.960,0.332,-0.325,0.209,0.525
444.065,40.461,-7.153,0.000,45.622,-11.485,-1.341,-0.232,0.203,0.211
444.072,40.461,-7.515,0.000,48.151,-7.934,-1.072,-0.346,0.197,0.397
444.078,40.461,-7.515,0.000,44.865,-4.127,-3.333,-0.198,0.191,-0.007
444.085,40.461,-7.515,0.000,46.273,-4.901,-3.038,-0.262,0.185,0.078
444.092,40.461,-7.515,0.000,47.331,-4.635,-2.532,-0.309,0.178,0.169
444.098,40.461,-7.883,0.000,48.850,-5.017,-1.160,-0.377,0.172,0.327
444.105,40.461,-10.019,0.000,45.829,-7.923,-2.131,-0.242,0.165,-0.052
444.112,40.461,-9.816,0.000,46.569,-9.570,-2.249,-0.275,0.159,0.010
444.118,40.461,-9.816,0.000,46.372,-9.071,-2.488,-0.266,0.153,-0.009
444.125,38.940,-11.276,0.000,45.574,-11.120,-1.791,-0.299,0.147,-0.081
444.132,38.940,-11.276,0.000,43.982,-6.353,-1.170,-0.227,0.141,-0.239
444.138,37.951,-12.380,0.000,45.887,-8.883,0.532,-0.357,0.133,-0.014
444.145,37.951,-12.380,0.000,43.928,-13.385,-1.254,-0.269,0.128,-0.152
444.152,29.491,-12.380,0.000,44.293,-15.208,0.950,-0.666,0.114,-0.045
444.158,29.491,-12.380,0.000,44.152,-16.804,0.725,-0.660,0.100,-0.051
444.165,29.491,-12.380,0.000,44.518,-16.797,-1.153,-0.676,0.085,0.011
444.171,25.660,-12.155,0.000,46.160,-16.409,-0.623,-0.922,0.068,0.168
444.178,25.299,-12.155,0.000,45.894,-15.188,-2.281,-0.927,0.046,0.076
444.185,25.299,-12.155,0.000,48.307,-15.509,-3.743,-1.035,0.024,0.257
444.191,24.236,-10.849,0.000,50.415,-17.493,-3.353,-1.178,-0.001,0.385
444.198,22.871,-10.430,0.000,50.589,-15.956,-0.987,-1.247,-0.028,0.297
444.204,22.871,-10.430,0.000,50.031,-12.238,-0.145,-1.222,-0.055,0.168
444.211,22.871,-10.430,0.000,49.560,-13.234,-0.643,-1.201,-0.082,0.069
444.218,18.231,-8.069,0.000,48.084,-12.538,-0.903,-1.343,-0.109,-0.088
444.224,15.518,-7.515,0.000,46.030,-10.501,-0.946,-1.373,-0.138,-0.244
444.231,15.518,-7.515,0.000,44.710,-10.580,-0.722,-1.314,-0.168,-0.282
444.238,15.518,-7.515,0.000,42.389,-11.544,-2.634,-1.209,-0.196,-0.434
444.244,15.518,-7.515,0.000,38.414,-10.132,-2.679,-1.030,-0.220,-0.705
444.251,15.518,-7.515,0.000,37.521,-8.444,-0.796,-0.990,-0.243,-0.611
444.258,15.518,-7.515,0.000,35.360,-7.153,0.976,-0.893,-0.265,-0.708
444.264,4.275,-5.589,0.000,33.291,-7.005,0.273,-1.306,-0.287,-0.743
444.271,4.275,-5.589,0.000,32.578,-8.072,0.435,-1.274,-0.316,-0.639
444.278,4.275,-5.589,0.000,29.260,-8.458,0.939,-1.124,-0.341,-0.755
444.284,4.275,-5.589,0.000,27.546,-10.768,-0.437,-1.047,-0.364,-0.697
444.290,0.149,-2.096,0.000,25.320,-10.143,0.987,-1.133,-0.386,-0.681
444.296,0.149,-2.096,0.000,21.902,-11.188,0.145,-0.979,-0.405,-0.863
444.302,0.000,-1.043,0.000,20.591,-11.274,-0.128,-0.927,-0.422,-0.745
444.307,0.000,-1.043,0.000,20.327,-13.589,0.929,-0.915,-0.438,-0.549
444.313,0.000,-1.043,0.000,19.985,-14.061,2.054,-0.899,-0.454,-0.416
444.318,0.000,-1.192,0.000,19.776,-16.081,1.246,-0.890,-0.471,-0.388
444.323,0.000,-1.192,0.000,17.114,-14.643,-1.420,-0.770,-0.486,-0.655
444.329,0.000,-1.192,0.000,17.903,-16.079,-3.344,-0.806,-0.499,-0.398
444.334,0.000,-1.192,0.000,17.225,-14.798,-4.323,-0.775,-0.513,-0.389
444.339,0.000,-1.192,0.000,15.763,-16.605,-1.639,-0.709,-0.525,-0.445
444.344,0.000,-1.192,0.000,15.774,-19.179,-0.698,-0.710,-0.537,-0.339
444.349,0.000,-1.192,0.000,12.788,-19.180,0.819,-0.575,-0.548,-0.644
444.354,0.000,-1.192,0.000,13.097,-19.670,0.353,-0.589,-0.559,-0.463
444.360,0.000,-3.014,0.000,13.680,-19.308,-0.037,-0.616,-0.571,-0.299
444.366,0.000,-3.169,0.000,14.011,-17.440,-0.755,-0.630,-0.583,-0.211
444.371,0.000,-3.169,0.000,15.030,-16.964,0.106,-0.676,-0.596,-0.067
444.377,0.000,-3.169,0.000,13.888,-17.239,1.120,-0.625,-0.608,-0.174
444.383,0.000,-4.760,0.000,11.612,-14.452,0.041,-0.523,-0.618,-0.353
444.388,0.000,-5.589,0.000,10.923,-11.978,0.089,-0.492,-0.626,-0.302
444.394,0.000,-5.758,0.000,9.744,-10.094,0.341,-0.438,-0.634,-0.312
444.400,0.000,-5.758,0.000,9.139,-10.362,0.607,-0.411,-0.641,-0.245
444.405,0.000,-7.153,0.000,6.862,-10.469,-0.266,-0.309,-0.647,-0.419
444.411,-0.149,-7.153,0.000,4.367,-10.296,-0.306,-0.203,-0.652,-0.589
444.417,-0.149,-7.153,0.000,0.594,-11.897,-0.030,-0.033,-0.654,-0.885
444.422,-0.149,-7.153,0.000,-2.039,-12.803,0.435,0.085,-0.654,-0.983
444.428,-0.297,-8.256,0.000,-4.457,-12.802,0.002,0.187,-0.652,-1.027
444.434,-0.446,-9.615,0.000,-4.422,-9.394,-0.739,0.179,-0.648,-0.790
444.441,-0.446,-9.615,0.000,-3.842,-5.471,-1.075,0.153,-0.645,-0.552
444.447,-0.595,-11.276,0.000,-2.141,-3.472,-0.945,0.070,-0.643,-0.245
444.454,-0.595,-11.276,0.000,-2.714,-4.066,-0.677,0.095,-0.641,-0.230
444.460,-0.595,-11.276,0.000,-2.584,-5.777,-0.050,0.089,-0.638,-0.122
444.466,-0.595,-14.018,0.000,-2.086,-8.655,0.869,0.067,-0.635,0.018
444.472,-0.595,-16.839,0.000,-1.218,-10.945,-0.407,0.028,-0.633,0.145
444.478,-0.595,-20.000,0.000,-0.346,-11.227,0.065,-0.011,-0.632,0.242
444.484,-0.595,-20.000,0.000,0.852,-12.409,-0.064,-0.065,-0.632,0.345
444.491,-0.595,-20.000,0.000,1.550,-15.372,0.922,-0.097,-0.634,0.320
444.497,-0.595,-27.145,0.000,1.995,-17.757,1.220,-0.117,-0.636,0.276
444.503,-0.595,-33.739,0.000,2.908,-18.752,1.177,-0.158,-0.639,0.294
444.509,-0.595,-33.739,0.000,2.024,-18.677,0.419,-0.118,-0.642,0.130
444.515,-0.595,-33.739,0.000,1.636,-19.698,-1.744,-0.100,-0.645,0.051
444.522,-0.893,-44.191,0.000,1.568,-21.252,-4.317,-0.111,-0.646,0.054
444.528,-1.192,-45.304,0.000,1.247,-25.147,-6.064,-0.110,-0.648,0.036
444.535,-1.192,-45.304,0.000,0.392,-28.451,-5.727,-0.071,-0.649,-0.047
444.541,-4.114,-46.440,0.000,-0.994,-30.123,-3.552,-0.140,-0.651,-0.187
444.548,-4.114,-46.440,0.000,-1.996,-34.339,-2.654,-0.095,-0.655,-0.258
444.554,-4.114,-46.440,0.000,-4.750,-33.056,0.567,0.029,-0.655,-0.463
444.561,-4.114,-46.440,0.000,-5.427,-35.475,0.946,0.059,-0.654,-0.415
444.568,-8.256,-45.304,0.000,-8.096,-35.056,0.549,-0.007,-0.656,-0.565
444.574,-8.256,-45.304,0.000,-6.918,-34.518,1.501,-0.060,-0.657,-0.327
444.581,-8.256,-46.440,0.000,-8.009,-35.871,1.186,-0.011,-0.657,-0.317
444.588,-8.446,-47.016,0.000,-7.732,-40.919,-0.271,-0.032,-0.656,-0.186
444.595,-8.446,-48.778,0.000,-8.766,-40.380,0.180,0.014,-0.656,-0.221
444.601,-8.446,-48.778,0.000,-9.623,-42.510,-0.246,0.053,-0.655,-0.254
444.608,-8.636,-51.209,0.000,-9.555,-44.940,-1.940,0.041,-0.655,-0.196
444.615,-8.636,-51.209,0.000,-10.636,-42.814,-1.802,0.090,-0.653,-0.242
444.621,-8.636,-51.209,0.000,-11.067,-43.018,-1.622,0.109,-0.651,-0.231
444.628,-9.416,-51.209,0.000,-11.826,-42.434,-0.735,0.108,-0.648,-0.241
444.635,-9.416,-51.209,0.000,-11.716,-40.835,-0.334,0.103,-0.646,-0.179
444.642,-9.816,-51.209,0.000,-14.248,-40.805,0.139,0.199,-0.641,-0.339
444.648,-9.816,-51.209,0.000,-13.517,-43.303,1.490,0.167,-0.638,-0.191
444.655,-9.816,-51.209,0.000,-16.329,-40.376,1.978,0.293,-0.632,-0.394
444.662,-9.816,-51.209,0.000,-13.703,-44.153,0.401,0.175,-0.626,-0.028
444.668,-9.816,-49.982,0.000,-15.902,-46.374,0.716,0.274,-0.621,-0.229
444.675,-9.816,-49.982,0.000,-15.402,-47.043,1.200,0.251,-0.615,-0.130
444.682,-9.615,-48.185,0.000,-16.226,-46.791,1.309,0.297,-0.609,-0.188
444.689,-9.615,-47.016,0.000,-16.957,-49.316,0.749,0.330,-0.602,-0.206
444.695,-9.615,-47.016,0.000,-16.784,-49.915,1.448,0.323,-0.595,-0.141
444.702,-9.615,-46.440,0.000,-18.306,-46.622,3.654,0.391,-0.588,-0.287
444.709,-9.615,-46.440,0.000,-20.389,-46.413,3.851,0.485,-0.578,-0.423
444.715,-9.816,-46.440,0.000,-17.721,-47.514,4.895,0.356,-0.569,-0.063
444.722,-9.816,-46.440,0.000,-18.403,-48.677,5.824,0.386,-0.560,-0.069
444.729,-9.615,-46.440,0.000,-18.471,-50.557,5.150,0.399,-0.549,-0.008
444.736,-9.615,-46.440,0.000,-17.888,-54.081,4.662,0.372,-0.541,0.051
444.742,-9.615,-46.440,0.000,-19.628,-54.707,3.275,0.451,-0.532,-0.139
444.749,-9.816,-45.869,0.000,-20.139,-56.222,2.960,0.464,-0.522,-0.178
444.756,-9.816,-45.869,0.000,-20.891,-56.401,3.054,0.498,-0.512,-0.205
444.762,-9.816,-45.869,0.000,-24.758,-57.623,4.549,0.672,-0.499,-0.537
444.769,-10.430,-45.304,0.000,-25.899,-59.341,5.494,0.696,-0.484,-0.538
444.776,-10.430,-45.304,0.000,-29.993,-60.608,6.865,0.880,-0.466,-0.806
444.782,-10.430,-45.304,0.000,-31.333,-63.018,5.814,0.941,-0.447,-0.765
444.789,-11.932,-41.500,0.000,-31.352,-61.642,5.438,0.874,-0.427,-0.578
444.796,-11.932,-41.500,0.000,-29.453,-60.773,7.020,0.788,-0.408,-0.252
444.802,-11.932,-41.500,0.000,-30.043,-62.517,7.897,0.815,-0.390,-0.235
444.809,-12.836,-29.090,0.000,-30.725,-63.249,6.114,0.805,-0.371,-0.213
444.816,-12.836,-29.090,0.000,-30.393,-60.988,5.842,0.790,-0.353,-0.113
444.823,-12.836,-28.693,0.000,-32.843,-60.312,6.893,0.900,-0.332,-0.266
444.829,-13.539,-29.897,0.000,-34.819,-63.505,5.277,0.958,-0.311,-0.352
444.835,-13.777,-30.306,0.000,-35.729,-64.033,5.460,0.988,-0.290,-0.326
444.842,-13.777,-30.306,0.000,-35.668,-61.479,4.872,0.985,-0.269,-0.255
444.849,-17.666,-32.855,0.000,-34.756,-57.181,6.040,0.769,-0.250,-0.136
444.855,-19.102,-35.101,0.000,-31.834,-55.309,8.091,0.573,-0.235,0.168
444.862,-19.102,-35.101,0.000,-33.014,-54.949,8.504,0.626,-0.221,0.045
444.869,-19.102,-35.101,0.000,-34.607,-50.912,8.122,0.698,-0.206,-0.113
444.875,-20.306,-35.564,0.000,-34.215,-45.278,7.986,0.626,-0.192,-0.062
444.882,-20.306,-35.564,0.000,-34.560,-41.835,8.532,0.641,-0.178,-0.077
444.889,-20.000,-35.564,0.000,-35.089,-44.388,8.774,0.679,-0.161,-0.041
444.896,-20.000,-35.101,0.000,-37.572,-44.745,6.323,0.791,-0.143,-0.241
444.902,-20.000,-35.101,0.000,-38.132,-42.523,4.877,0.816,-0.126,-0.237
444.909,-20.000,-35.101,0.000,-41.659,-41.300,5.672,0.975,-0.104,-0.475
444.916,-20.000,-35.101,0.000,-43.375,-41.012,5.833,1.052,-0.080,-0.473
444.922,-19.697,-35.101,0.000,-44.323,-41.513,5.188,1.108,-0.055,-0.432
444.929,-19.697,-35.101,0.000,-41.456,-44.873,4.777,0.979,-0.032,-0.060
444.936,-19.697,-35.101,0.000,-39.199,-47.496,5.427,0.878,-0.012,0.162
444.942,-19.697,-35.101,0.000,-36.682,-48.890,7.881,0.764,0.006,0.349
444.949,-19.697,-38.443,0.000,-38.787,-48.592,9.009,0.859,0.024,0.051
444.956,-19.697,-40.978,0.000,-39.987,-49.409,9.137,0.913,0.043,-0.103
444.962,-19.697,-40.978,0.000,-41.623,-52.347,8.086,0.987,0.064,-0.235
444.969,-19.697,-40.978,0.000,-40.837,-50.391,7.429,0.951,0.085,-0.124
444.976,-19.697,-40.978,0.000,-41.590,-45.974,7.467,0.985,0.106,-0.179
444.983,-19.697,-40.978,0.000,-42.803,-42.864,7.884,1.040,0.129,-0.250
444.989,-19.697,-40.978,0.000,-43.595,-45.387,7.005,1.075,0.153,-0.263
444.996,-19.697,-40.978,0.000,-42.483,-46.457,7.228,1.025,0.175,-0.111
445.003,-19.697,-39.949,0.000,-40.598,-46.282,6.136,0.941,0.197,0.094
445.009,-19.697,-39.949,0.000,-38.630,-50.437,7.994,0.852,0.217,0.263
445.016,-19.697,-39.949,0.000,-39.337,-51.749,6.564,0.884,0.237,0.130
445.023,-19.697,-39.949,0.000,-36.658,-47.455,6.845,0.763,0.254,0.341
445.030,-19.697,-36.504,0.000,-34.889,-49.795,8.424,0.684,0.270,0.410
445.036,-19.697,-36.504,0.000,-32.259,-50.107,8.301,0.565,0.284,0.572
445.043,-19.697,-36.504,0.000,-28.970,-53.671,9.472,0.417,0.293,0.698
445.050,-19.697,-36.504,0.000,-24.914,-56.987,10.698,0.235,0.301,0.942
445.056,-19.697,-36.504,0.000,-20.340,-59.679,10.865,0.029,0.305,1.195
445.063,-18.518,-24.941,0.000,-22.884,-59.148,6.651,0.196,0.307,0.652
445.070,-18.518,-24.941,0.000,-19.553,-59.990,4.832,0.047,0.310,0.806
445.076,-17.947,-21.561,0.000,-20.736,-55.914,7.347,0.126,0.311,0.478
445.083,-17.112,-19.398,0.000,-19.187,-53.694,7.738,0.093,0.313,0.487
445.090,-16.302,-17.947,0.000,-19.367,-55.560,5.190,0.138,0.317,0.373
445.097,-16.302,-17.947,0.000,-20.556,-53.142,4.392,0.191,0.321,0.195
445.103,-13.777,-12.836,0.000,-21.855,-51.955,4.594,0.363,0.328,0.033
445.110,-12.607,-11.711,0.000,-22.524,-50.126,5.747,0.446,0.336,-0.049
445.117,-12.607,-11.711,0.000,-22.605,-48.168,5.342,0.450,0.346,-0.043
445.123,-12.607,-11.711,0.000,-23.658,-46.497,6.477,0.497,0.358,-0.096
445.130,-9.816,-8.636,0.000,-24.976,-42.096,5.906,0.682,0.372,-0.211
445.136,-9.219,-8.069,0.000,-21.192,-41.587,8.063,0.539,0.385,0.202
445.143,-8.069,-7.153,0.000,-22.094,-39.378,7.104,0.631,0.398,0.064
445.150,-6.974,-6.974,0.000,-20.530,-35.669,5.557,0.610,0.412,0.197
445.156,-6.974,-6.974,0.000,-21.009,-37.093,6.611,0.632,0.425,0.073
445.163,-4.598,-5.589,0.000,-21.583,-33.696,6.945,0.764,0.441,0.037
445.170,-4.598,-5.589,0.000,-15.553,-26.150,3.438,0.493,0.454,0.603
445.176,-3.325,-4.760,0.000,-16.081,-23.340,2.168,0.574,0.467,0.401
445.183,-2.706,-4.114,0.000,-12.266,-22.154,2.365,0.430,0.477,0.630
445.190,-2.706,-4.114,0.000,-7.762,-16.854,3.137,0.227,0.484,0.902
445.196,-0.446,-1.492,0.000,-7.153,-14.434,1.436,0.302,0.490,0.745
445.203,-0.446,-1.492,0.000,-2.094,-15.128,3.744,0.074,0.493,1.031
445.209,-0.446,-1.492,0.000,2.053,-12.992,6.202,-0.112,0.492,1.176
445.215,0.000,-0.893,0.000,4.582,-9.166,5.266,-0.206,0.489,1.179
445.221,0.000,-0.893,0.000,7.152,-6.169,5.681,-0.322,0.483,1.160
445.226,0.000,-0.595,0.000,10.566,-2.761,4.943,-0.475,0.475,1.217
445.231,0.000,-0.595,0.000,13.597,-2.526,4.873,-0.612,0.464,1.208
445.236,0.000,-0.446,0.000,17.310,-1.277,4.253,-0.779,0.451,1.322
445.242,0.000,-0.446,0.000,20.057,-2.852,2.234,-0.903,0.435,1.315
445.247,0.000,-0.446,0.000,20.544,-2.120,1.582,-0.924,0.420,1.079
445.253,0.000,-0.297,0.000,21.200,-1.661,2.344,-0.954,0.404,0.967
445.258,0.000,-0.297,0.000,19.884,-1.328,1.032,-0.895,0.389,0.604
445.263,0.000,-0.297,0.000,20.241,-0.528,1.930,-0.911,0.374,0.537
445.268,0.000,-0.297,0.000,19.764,0.806,2.821,-0.889,0.359,0.371
445.273,0.000,-0.297,0.000,20.305,0.241,3.059,-0.914,0.343,0.318
445.278,0.000,-0.297,0.000,20.192,0.039,2.507,-0.909,0.327,0.218
445.284,0.595,-0.297,0.000,17.548,2.278,0.686,-0.763,0.312,-0.140
445.289,0.595,-0.297,0.000,16.598,2.030,-0.407,-0.720,0.298,-0.226
445.295,4.114,-0.297,0.000,16.600,0.424,0.725,-0.562,0.284,-0.218
445.301,4.114,-0.297,0.000,17.610,-3.791,0.551,-0.607,0.272,-0.053
445.308,4.436,-0.297,0.000,16.515,-4.500,2.208,-0.544,0.262,-0.119
445.314,4.436,-0.297,0.000,18.918,1.502,0.299,-0.652,0.249,0.133
445.320,5.255,-0.297,0.000,19.349,1.299,-1.296,-0.634,0.237,0.187
445.326,5.255,-0.297,0.000,18.841,0.190,-1.272,-0.611,0.225,0.147
445.332,5.255,-0.297,0.000,17.342,-2.017,1.184,-0.544,0.213,-0.067
445.338,5.089,-0.149,0.000,20.758,-1.470,1.402,-0.705,0.199,0.234
445.344,5.089,-0.149,0.000,21.585,-1.866,0.798,-0.742,0.185,0.258
445.349,5.089,-0.149,0.000,24.135,-0.328,0.953,-0.857,0.170,0.483
445.355,5.089,-0.149,0.000,24.494,-0.934,0.980,-0.873,0.154,0.442
445.360,4.924,0.149,0.000,24.097,-2.767,-0.097,-0.863,0.140,0.365
445.365,4.924,0.149,0.000,27.472,-4.516,-1.133,-1.015,0.125,0.740
445.370,4.924,0.149,0.000,28.975,-4.281,-0.502,-1.082,0.107,0.791
445.376,4.924,0.149,0.000,28.655,-3.757,0.469,-1.068,0.090,0.624
445.381,4.924,1.342,0.000,28.748,-1.912,-0.308,-1.072,0.071,0.513
445.387,4.924,1.342,0.000,27.863,-0.466,-2.072,-1.032,0.048,0.278
445.393,4.924,1.342,0.000,28.875,-0.426,-2.359,-1.078,0.026,0.292
445.400,4.924,1.342,0.000,28.863,0.407,-2.670,-1.077,0.004,0.208
445.406,7.333,2.096,0.000,29.058,0.531,-2.067,-0.978,-0.017,0.179
445.412,8.446,2.248,0.000,30.169,1.834,1.014,-0.978,-0.038,0.233
445.419,8.446,2.248,0.000,27.534,5.371,-0.650,-0.859,-0.058,-0.070
445.426,13.302,2.553,0.000,27.268,3.347,-0.953,-0.628,-0.076,-0.109
445.432,13.302,2.553,0.000,27.772,0.416,0.339,-0.651,-0.090,-0.023
445.439,14.508,2.553,0.000,27.959,4.461,-2.560,-0.605,-0.103,0.017
445.446,14.508,2.553,0.000,25.325,5.925,-2.417,-0.487,-0.115,-0.236
445.452,17.112,3.325,0.000,27.878,5.922,-1.060,-0.484,-0.126,0.037
445.459,18.518,3.325,0.000,26.137,7.357,-4.597,-0.343,-0.133,-0.095
445.466,18.231,5.089,0.000,26.461,15.460,-7.522,-0.370,-0.141,-0.042
445.472,18.231,5.758,0.000,25.412,18.372,-7.169,-0.323,-0.148,-0.114
445.479,18.231,5.758,0.000,29.094,14.637,-3.340,-0.489,-0.159,0.199
445.486,18.231,5.758,0.000,31.835,10.422,0.137,-0.612,-0.171,0.431
445.493,18.231,7.333,0.000,37.075,14.522,-2.860,-0.848,-0.189,0.808
445.499,18.231,8.829,0.000,38.604,12.645,-1.399,-0.917,-0.208,0.763
445.506,18.231,8.829,0.000,44.871,11.015,-1.933,-1.199,-0.234,1.106
445.513,17.947,9.615,0.000,46.607,8.841,-3.072,-1.290,-0.261,1.039
445.519,17.947,10.224,0.000,44.890,10.042,-5.280,-1.212,-0.288,0.635
445.526,17.666,10.430,0.000,44.643,10.438,-4.441,-1.214,-0.315,0.434
445.533,17.666,10.430,0.000,43.445,11.955,-3.299,-1.160,-0.342,0.212
445.539,17.666,10.430,0.000,40.737,12.766,-1.603,-1.038,-0.367,-0.126
445.546,17.666,10.430,0.000,39.720,12.577,-1.473,-0.992,-0.389,-0.168
445.553,17.387,10.430,0.000,35.516,15.053,-6.030,-0.816,-0.409,-0.548
445.559,17.387,10.224,0.000,36.984,19.124,-7.448,-0.882,-0.428,-0.245
445.566,14.757,8.829,0.000,32.904,18.367,-5.890,-0.817,-0.446,-0.562
445.573,14.757,8.829,0.000,32.252,18.363,-3.348,-0.787,-0.466,-0.544
445.579,14.757,8.829,0.000,31.575,19.186,-0.700,-0.757,-0.483,-0.469
445.586,14.757,8.829,0.000,27.774,20.681,-2.742,-0.586,-0.497,-0.678
445.593,13.539,6.797,0.000,26.000,23.847,-4.398,-0.561,-0.510,-0.678
445.600,13.539,6.797,0.000,25.021,26.222,-4.457,-0.517,-0.523,-0.625
445.606,13.539,6.797,0.000,25.250,31.787,-4.326,-0.527,-0.535,-0.482
445.613,13.539,6.797,0.000,25.308,34.946,-2.445,-0.530,-0.547,-0.362
445.619,13.539,6.797,0.000,23.923,36.802,-1.769,-0.467,-0.556,-0.344
445.626,10.430,3.639,0.000,19.511,36.004,-4.335,-0.409,-0.565,-0.663
445.633,10.430,3.325,0.000,20.247,40.607,-5.478,-0.442,-0.575,-0.444
445.639,10.430,3.325,0.000,20.246,41.056,-3.554,-0.442,-0.585,-0.339
445.646,10.430,3.325,0.000,22.383,40.611,-0.851,-0.538,-0.597,-0.091
445.652,10.639,1.192,0.000,22.373,38.284,-0.464,-0.528,-0.609,-0.099
445.659,10.430,0.893,0.000,24.930,36.717,0.629,-0.652,-0.620,0.220
445.665,10.430,0.893,0.000,24.629,35.117,-1.560,-0.639,-0.633,0.169
445.672,9.816,0.000,0.000,23.002,33.823,-2.944,-0.593,-0.646,-0.028
445.677,9.816,0.000,0.000,24.046,34.479,-2.234,-0.640,-0.658,0.087
445.683,9.816,0.000,0.000,23.655,35.142,-0.477,-0.623,-0.670,0.028
445.689,9.219,-0.149,0.000,23.313,32.340,-0.207,-0.634,-0.682,-0.011
445.694,9.219,-0.149,0.000,21.460,30.976,0.100,-0.551,-0.692,-0.209
445.700,9.023,-0.297,0.000,19.753,27.488,-1.021,-0.483,-0.702,-0.326
445.707,9.023,-0.297,0.000,21.009,25.394,-1.240,-0.539,-0.713,-0.100
445.713,9.023,-0.297,0.000,17.761,26.000,-3.098,-0.393,-0.721,-0.373
445.719,7.515,-0.446,0.000,16.517,24.084,-3.421,-0.405,-0.728,-0.363
445.726,7.515,-0.446,0.000,15.097,20.820,-2.179,-0.341,-0.735,-0.377
445.732,7.515,-0.446,0.000,12.923,15.446,-1.600,-0.243,-0.741,-0.479
445.739,5.928,-0.446,0.000,10.877,12.578,-1.613,-0.223,-0.747,-0.576
445.745,5.928,-0.446,0.000,8.508,11.401,-1.903,-0.116,-0.751,-0.678
445.752,5.928,-0.446,0.000,8.234,14.434,-3.924,-0.104,-0.753,-0.536
445.758,5.928,-0.446,0.000,3.931,14.655,-4.159,0.090,-0.753,-0.833
445.764,5.928,-0.446,0.000,3.401,15.594,-4.296,0.114,-0.752,-0.733
445.771,5.928,-0.446,0.000,2.914,13.006,-1.348,0.136,-0.750,-0.628
445.778,6.272,-0.446,0.000,3.047,13.640,0.733,0.145,-0.746,-0.437
445.784,6.272,-0.446,0.000,3.224,12.622,1.765,0.137,-0.743,-0.303
445.791,6.272,-0.446,0.000,3.614,16.660,1.403,0.120,-0.740,-0.175
445.797,6.272,-0.446,0.000,5.649,15.437,0.887,0.028,-0.738,0.090
445.804,6.446,-0.446,0.000,3.661,16.379,-2.759,0.125,-0.736,-0.138
445.810,6.446,-0.446,0.000,6.221,13.911,-4.104,0.010,-0.736,0.118
445.817,6.446,-0.446,0.000,5.608,15.337,-4.164,0.038,-0.736,0.011
445.823,6.446,-0.446,0.000,7.452,15.396,-4.330,-0.045,-0.736,0.182
445.830,6.446,-0.446,0.000,7.139,19.012,-3.505,-0.031,-0.738,0.087
445.836,6.446,-0.446,0.000,8.675,24.197,-2.392,-0.100,-0.740,0.200
445.843,5.089,-0.595,0.000,10.258,21.470,0.050,-0.233,-0.744,0.275
445.849,5.089,-0.595,0.000,9.902,22.232,0.681,-0.217,-0.749,0.172
445.855,5.089,-0.595,0.000,11.340,16.740,-0.807,-0.281,-0.753,0.302
445.862,2.860,-0.744,0.000,11.353,12.122,-1.612,-0.382,-0.760,0.274
445.868,2.860,-0.744,0.000,10.155,10.904,-3.443,-0.328,-0.768,0.087
445.875,2.860,-0.744,0.000,10.534,11.864,-3.861,-0.345,-0.775,0.106
445.881,0.595,-0.893,0.000,12.658,9.854,-3.816,-0.543,-0.785,0.299
445.887,0.446,-0.893,0.000,11.455,9.643,-3.311,-0.495,-0.795,0.107
445.894,0.446,-0.893,0.000,9.841,11.311,-4.700,-0.423,-0.805,-0.090
445.900,0.446,-0.893,0.000,9.193,13.127,-4.616,-0.394,-0.814,-0.165
445.906,0.446,-0.893,0.000,7.685,14.527,-3.311,-0.326,-0.822,-0.303
445.913,0.297,-1.043,0.000,9.524,15.466,-3.263,-0.415,-0.831,-0.061
445.919,0.297,-1.192,0.000,8.993,14.848,-3.576,-0.391,-0.839,-0.113
445.925,0.297,-1.192,0.000,7.973,14.998,-4.594,-0.345,-0.847,-0.207
445.930,0.297,-1.192,0.000,6.207,15.889,-5.688,-0.266,-0.853,-0.380
445.936,0.149,-3.014,0.000,4.240,15.950,-7.514,-0.184,-0.857,-0.514
445.942,0.149,-3.014,0.000,2.525,18.777,-6.475,-0.107,-0.860,-0.582
445.947,0.149,-3.014,0.000,2.811,18.055,-3.674,-0.120,-0.862,-0.400
445.953,0.000,-4.275,0.000,2.941,17.026,-3.859,-0.132,-0.864,-0.269
445.958,0.000,-5.589,0.000,4.336,17.282,-2.112,-0.195,-0.867,-0.034
445.964,0.000,-7.153,0.000,5.582,17.372,-1.076,-0.251,-0.871,0.140
445.970,0.000,-7.153,0.000,5.941,17.289,0.208,-0.267,-0.876,0.166
445.975,0.000,-7.153,0.000,3.997,18.373,-1.684,-0.180,-0.879,-0.048
445.981,0.000,-7.153,0.000,3.720,16.496,-3.337,-0.167,-0.881,-0.041
445.987,0.000,-7.153,0.000,0.860,15.165,-3.739,-0.039,-0.883,-0.325
445.992,0.000,-10.639,0.000,-1.343,17.429,-2.901,0.060,-0.882,-0.496
445.998,0.000,-10.639,0.000,-2.742,17.872,-2.861,0.123,-0.881,-0.550
446.004,0.000,-10.430,0.000,-4.575,15.108,-3.519,0.206,-0.877,-0.619
446.010,0.000,-10.430,0.000,-6.581,15.251,-4.589,0.296,-0.873,-0.707
446.015,0.000,-11.493,0.000,-8.040,14.580,-4.894,0.362,-0.866,-0.715
446.021,0.000,-11.493,0.000,-8.614,14.255,-3.122,0.388,-0.860,-0.622
446.026,0.000,-12.380,0.000,-8.656,14.827,-2.744,0.390,-0.853,-0.489
446.032,0.000,-12.380,0.000,-8.589,15.574,-2.779,0.387,-0.845,-0.358
446.038,0.000,-12.380,0.000,-9.064,14.828,-3.067,0.408,-0.838,-0.339
446.043,0.000,-12.380,0.000,-8.433,14.925,-2.395,0.379,-0.831,-0.177
446.049,0.000,-12.836,0.000,-7.147,11.509,-2.875,0.322,-0.825,-0.005
446.055,0.000,-12.836,0.000,-5.073,12.697,-3.669,0.228,-0.819,0.238
446.060,0.000,-13.068,0.000,-3.118,15.278,-2.871,0.140,-0.816,0.399
446.066,0.000,-12.836,0.000,-2.786,16.084,-2.588,0.125,-0.813,0.355
446.072,0.000,-12.836,0.000,-2.291,14.396,-2.482,0.103,-0.811,0.344
446.077,0.000,-12.836,0.000,-0.422,16.807,-2.436,0.019,-0.809,0.515
446.083,0.000,-12.836,0.000,-0.671,16.045,-3.423,0.030,-0.807,0.404
446.088,0.000,-14.262,0.000,-1.054,15.486,-2.296,0.047,-0.806,0.302
446.094,0.000,-14.262,0.000,-1.045,13.152,-2.990,0.047,-0.804,0.288
446.100,0.000,-14.757,0.000,-1.154,13.413,-2.840,0.052,-0.802,0.233
446.106,0.000,-14.757,0.000,-1.644,12.690,-2.649,0.074,-0.801,0.126
446.111,0.000,-14.757,0.000,0.350,11.039,-1.507,-0.016,-0.800,0.321
446.117,0.000,-14.757,0.000,0.674,8.869,-2.554,-0.030,-0.801,0.262
446.122,0.000,-16.302,0.000,0.883,7.526,-4.738,-0.040,-0.802,0.210
446.128,0.000,-16.302,0.000,0.265,5.267,-5.985,-0.012,-0.803,0.062
446.134,0.000,-16.839,0.000,0.556,4.203,-6.709,-0.025,-0.804,0.072
446.139,0.000,-16.839,0.000,1.461,6.496,-5.740,-0.066,-0.805,0.146
446.145,0.000,-16.569,0.000,0.649,6.885,-5.771,-0.029,-0.805,0.024
446.151,0.000,-16.569,0.000,0.270,7.625,-3.502,-0.012,-0.805,-0.002
446.156,0.000,-16.569,0.000,-0.984,9.466,-5.751,0.044,-0.805,-0.139
446.162,0.000,-16.839,0.000,-1.775,10.026,-4.619,0.080,-0.804,-0.190
446.168,0.000,-16.839,0.000,-2.159,11.897,-3.560,0.097,-0.802,-0.169
446.173,0.000,-17.112,0.000,-4.122,13.791,-3.370,0.185,-0.798,-0.320
446.179,0.000,-17.112,0.000,-6.387,13.370,-2.726,0.287,-0.793,-0.468
446.185,0.000,-16.839,0.000,-7.831,12.901,-3.481,0.352,-0.787,-0.502
446.190,0.000,-16.839,0.000,-9.881,16.099,-4.927,0.445,-0.779,-0.631
446.196,0.000,-16.839,0.000,-11.253,17.383,-4.587,0.506,-0.770,-0.634
446.202,0.000,-16.839,0.000,-12.101,15.861,-3.890,0.545,-0.761,-0.623
446.207,0.000,-16.839,0.000,-11.836,14.413,-4.469,0.533,-0.752,-0.501
446.213,0.000,-20.615,0.000,-12.335,11.624,-2.006,0.555,-0.743,-0.502
446.219,0.000,-20.615,0.000,-13.341,8.734,-2.766,0.600,-0.733,-0.563
446.224,0.000,-20.615,0.000,-13.235,5.875,-5.282,0.596,-0.724,-0.495
446.230,0.000,-21.243,0.000,-14.061,5.340,-5.435,0.633,-0.714,-0.536
446.236,0.000,-21.243,0.000,-14.633,2.762,-3.171,0.658,-0.703,-0.522
446.241,0.000,-21.243,0.000,-14.569,1.316,-4.420,0.656,-0.691,-0.405
446.247,0.000,-21.243,0.000,-11.979,0.446,-3.549,0.539,-0.680,-0.050
446.253,0.000,-21.561,0.000,-10.355,-0.354,-3.139,0.466,-0.671,0.133
446.258,0.000,-21.561,0.000,-5.913,-1.973,-3.184,0.266,-0.665,0.594
446.264,0.000,-21.561,0.000,-3.942,-2.089,-3.949,0.177,-0.661,0.682
446.270,0.000,-21.243,0.000,-3.265,0.788,-3.837,0.147,-0.657,0.638
446.275,0.000,-21.243,0.000,-2.488,1.177,-2.751,0.112,-0.653,0.625
446.281,0.000,-21.243,0.000,-2.340,1.857,-3.520,0.105,-0.651,0.509
446.287,0.000,-21.243,0.000,-2.698,1.852,-4.694,0.121,-0.648,0.372
446.292,0.000,-21.243,0.000,-3.593,0.875,-3.084,0.162,-0.644,0.220
446.298,0.000,-21.561,0.000,-4.028,2.300,-1.339,0.181,-0.640,0.167
446.304,0.000,-21.561,0.000,-4.548,2.159,-2.633,0.205,-0.636,0.080
446.309,0.000,-21.561,0.000,-6.360,4.341,-3.088,0.286,-0.631,-0.115
446.315,0.000,-23.890,0.000,-8.605,7.057,-2.787,0.387,-0.624,-0.337
446.321,0.000,-25.299,0.000,-10.472,7.163,-2.286,0.471,-0.616,-0.467
446.326,0.000,-27.911,0.000,-13.552,6.067,-3.498,0.610,-0.606,-0.706
446.332,0.000,-27.911,0.000,-15.187,6.107,-2.738,0.683,-0.594,-0.754
446.337,0.000,-28.300,0.000,-15.307,8.682,-3.586,0.689,-0.582,-0.630
446.343,0.000,-28.300,0.000,-14.957,8.344,-2.232,0.673,-0.570,-0.497
446.349,0.000,-28.300,0.000,-18.588,8.961,-1.918,0.836,-0.556,-0.783
446.355,0.000,-28.300,0.000,-18.434,7.846,-1.216,0.830,-0.540,-0.559
446.360,0.000,-28.300,0.000,-17.078,7.719,-0.088,0.768,-0.524,-0.247
446.366,0.000,-28.300,0.000,-15.789,10.477,-1.521,0.710,-0.510,-0.028
446.371,0.000,-28.300,0.000,-16.611,10.556,-1.000,0.747,-0.497,-0.106
446.377,0.000,-27.911,0.000,-16.649,12.325,-1.056,0.749,-0.483,-0.083
446.383,0.000,-27.911,0.000,-16.020,10.543,-1.741,0.721,-0.469,0.007
446.388,0.000,-26.768,0.000,-15.393,8.604,-1.419,0.693,-0.456,0.063
446.394,0.000,-26.768,0.000,-14.411,7.224,-2.849,0.648,-0.443,0.157
446.399,0.000,-26.768,0.000,-14.038,5.068,-2.871,0.632,-0.431,0.170
446.405,0.000,-26.768,0.000,-12.214,0.934,-2.272,0.550,-0.419,0.369
446.411,0.000,-25.299,0.000,-10.054,-0.444,-3.298,0.452,-0.409,0.558
446.416,0.000,-25.299,0.000,-7.992,-3.979,0.561,0.360,-0.401,0.703
446.422,0.000,-25.299,0.000,-8.857,-7.646,0.353,0.399,-0.393,0.466
446.428,0.000,-25.299,0.000,-9.741,-9.053,-1.112,0.438,-0.384,0.267
446.433,0.000,-25.299,0.000,-10.336,-12.366,-0.789,0.465,-0.375,0.150
446.439,0.000,-23.890,0.000,-10.199,-11.034,-4.747,0.459,-0.367,0.131
446.445,0.000,-23.890,0.000,-11.169,-11.314,-6.396,0.503,-0.358,-0.015
446.450,0.000,-20.306,0.000,-11.966,-11.939,-5.195,0.538,-0.348,-0.095
446.456,0.000,-20.306,0.000,-10.907,-12.335,-3.655,0.491,-0.338,0.048
446.461,0.000,-20.000,0.000,-11.964,-12.177,-1.122,0.538,-0.328,-0.079
446.467,0.000,-20.000,0.000,-11.927,-12.227,0.123,0.537,-0.318,-0.038
446.473,0.000,-16.302,0.000,-12.787,-12.230,0.500,0.575,-0.307,-0.124
446.478,0.000,-16.302,0.000,-13.431,-13.662,-0.287,0.604,-0.296,-0.147
446.484,0.000,-15.261,0.000,-14.697,-15.865,-2.066,0.661,-0.283,-0.239
446.490,0.000,-15.261,0.000,-14.764,-15.350,-3.919,0.664,-0.270,-0.161
446.495,0.000,-15.261,0.000,-15.464,-16.371,-2.689,0.696,-0.257,-0.162
446.501,0.000,-15.261,0.000,-16.347,-16.178,-3.293,0.736,-0.242,-0.189
446.507,0.000,-13.302,0.000,-16.331,-15.393,-3.555,0.735,-0.228,-0.102
446.512,0.000,-12.155,0.000,-15.296,-13.704,-3.236,0.688,-0.213,0.067
446.518,0.000,-12.155,0.000,-15.270,-13.476,-2.990,0.687,-0.200,0.081
446.524,0.000,-11.493,0.000,-15.548,-11.782,-1.446,0.700,-0.186,0.071
446.529,0.000,-11.493,0.000,-12.921,-14.445,1.847,0.581,-0.174,0.378
446.535,0.000,-10.430,0.000,-14.479,-11.578,0.234,0.652,-0.162,0.105
446.541,0.000,-10.430,0.000,-15.225,-8.443,0.034,0.685,-0.149,0.019
446.546,0.000,-10.430,0.000,-12.873,-9.180,0.566,0.579,-0.137,0.291
446.552,0.000,-9.416,0.000,-13.667,-5.562,-2.760,0.615,-0.125,0.135
446.558,0.000,-9.416,0.000,-13.200,-2.817,-1.961,0.594,-0.114,0.173
446.563,0.000,-9.416,0.000,-9.575,-1.603,-1.511,0.431,-0.104,0.539
446.569,0.000,-9.416,0.000,-9.129,-0.299,-2.823,0.411,-0.096,0.465
446.575,0.000,-9.416,0.000,-7.668,0.763,-3.972,0.345,-0.089,0.546
446.580,0.000,-9.416,0.000,-6.809,2.363,-1.839,0.306,-0.082,0.531
446.586,0.000,-9.416,0.000,-4.518,4.200,1.561,0.203,-0.077,0.696
446.591,0.000,-10.224,0.000,-4.210,3.899,1.513,0.189,-0.072,0.600
446.597,0.000,-10.849,0.000,-4.920,4.018,0.545,0.221,-0.067,0.426
446.602,0.000,-10.849,0.000,-8.037,5.624,0.440,0.362,-0.061,-0.036
446.607,0.000,-10.849,0.000,-10.095,2.451,-1.626,0.454,-0.054,-0.298
446.613,0.000,-11.276,0.000,-8.498,-1.784,-2.645,0.382,-0.048,-0.083
446.618,0.000,-11.276,0.000,-9.483,-6.146,-4.126,0.427,-0.042,-0.240
446.624,0.000,-11.493,0.000,-11.458,-9.344,-4.043,0.516,-0.034,-0.452
446.630,0.000,-11.493,0.000,-13.379,-11.843,-1.909,0.602,-0.024,-0.598
446.635,0.000,-15.008,0.000,-15.838,-14.311,-2.667,0.713,-0.012,-0.754
446.641,0.000,-15.008,0.000,-16.356,-14.722,-2.466,0.736,0.001,-0.669
446.647,0.000,-15.008,0.000,-15.974,-15.849,-2.046,0.719,0.014,-0.477
446.652,0.000,-17.947,0.000,-16.345,-15.982,-2.730,0.736,0.028,-0.410
446.658,0.000,-17.947,0.000,-17.051,-15.701,-2.704,0.767,0.042,-0.382
446.664,0.000,-17.947,0.000,-15.238,-16.216,-1.205,0.686,0.056,-0.053
446.669,0.000,-19.697,0.000,-13.338,-16.963,-1.402,0.600,0.068,0.195
446.675,0.000,-19.697,0.000,-12.349,-18.216,-2.567,0.556,0.080,0.283
446.681,0.000,-19.697,0.000,-10.091,-16.903,-2.285,0.454,0.090,0.495
446.686,0.000,-19.697,0.000,-6.572,-17.305,-0.449,0.296,0.097,0.801
446.692,0.000,-19.697,0.000,-5.388,-17.619,-0.433,0.242,0.103,0.772
446.698,0.000,-19.697,0.000,-3.493,-15.979,0.265,0.157,0.107,0.837
446.703,0.000,-19.398,0.000,-2.212,-15.961,-0.760,0.100,0.110,0.820
446.709,0.000,-19.398,0.000,-0.358,-16.747,-1.698,0.016,0.112,0.860
446.715,0.000,-19.102,0.000,-0.137,-14.492,-2.991,0.006,0.113,0.716
446.720,0.000,-19.102,0.000,-0.749,-14.738,-3.140,0.034,0.115,0.550
446.726,0.000,-19.102,0.000,-2.684,-11.950,-3.848,0.121,0.117,0.239
446.732,0.000,-19.102,0.000,-4.217,-10.673,-3.513,0.190,0.121,0.056
446.737,0.000,-19.102,0.000,-5.776,-11.165,-4.714,0.260,0.126,-0.105
446.743,0.000,-19.102,0.000,-6.098,-10.261,-4.765,0.274,0.132,-0.083
446.749,0.000,-19.102,0.000,-5.878,-8.562,-4.070,0.265,0.138,0.015
446.754,0.000,-19.102,0.000,-4.168,-8.987,-1.656,0.188,0.143,0.259
446.760,0.000,-19.102,0.000,-4.418,-8.836,-3.078,0.199,0.148,0.216
446.766,0.000,-24.941,0.000,-1.384,-9.974,-2.607,0.062,0.151,0.537
446.771,0.000,-24.941,0.000,1.480,-10.667,-2.734,-0.067,0.151,0.767
446.777,0.000,-24.941,0.000,2.107,-11.474,-3.695,-0.095,0.150,0.678
446.782,0.000,-26.395,0.000,3.922,-11.356,-3.205,-0.176,0.148,0.738
446.788,0.000,-26.395,0.000,6.873,-14.321,-2.042,-0.309,0.144,0.924
446.794,0.000,-26.395,0.000,6.878,-14.722,-3.265,-0.309,0.138,0.711
446.799,0.000,-26.395,0.000,6.830,-14.607,-4.593,-0.307,0.133,0.551
446.805,0.000,-23.890,0.000,7.781,-13.099,-4.346,-0.350,0.128,0.558
446.811,0.000,-23.890,0.000,9.155,-10.811,-3.084,-0.412,0.121,0.591
446.816,0.000,-23.890,0.000,9.108,-7.088,-4.264,-0.410,0.113,0.445
446.822,0.000,-21.561,0.000,8.152,-4.181,-3.465,-0.367,0.106,0.253
446.828,0.000,-21.561,0.000,8.203,-3.326,-2.154,-0.369,0.100,0.221
446.833,0.000,-21.561,0.000,6.934,-2.140,-1.631,-0.312,0.095,0.064
446.839,0.000,-21.561,0.000,4.378,-3.889,-2.377,-0.197,0.091,-0.221
446.844,0.000,-19.398,0.000,1.470,-5.026,-4.152,-0.066,0.089,-0.472
446.850,0.000,-19.398,0.000,-2.118,-1.742,-5.232,0.095,0.089,-0.755
446.856,0.000,-19.398,0.000,-4.245,-2.310,-5.426,0.191,0.092,-0.828
446.862,0.000,-17.112,0.000,-5.615,-2.993,-6.230,0.253,0.096,-0.801
446.867,0.000,-14.262,0.000,-5.992,-3.334,-4.180,0.270,0.100,-0.684
446.873,0.000,-14.262,0.000,-7.502,-6.433,-1.644,0.338,0.104,-0.741
446.878,0.000,-14.262,0.000,-8.161,-9.079,-1.315,0.367,0.110,-0.677
446.884,0.000,-14.262,0.000,-10.596,-9.813,-3.606,0.477,0.118,-0.822
446.890,0.000,-8.636,0.000,-11.298,-11.489,-3.985,0.508,0.126,-0.762
446.895,0.000,-8.636,0.000,-14.293,-11.543,-4.295,0.643,0.136,-0.938
446.901,0.000,-7.333,0.000,-18.067,-14.126,-5.783,0.813,0.150,-1.157
446.907,0.000,-7.333,0.000,-21.248,-17.758,-5.814,0.956,0.166,-1.239
446.912,0.000,-7.333,0.000,-23.052,-20.485,-7.095,1.037,0.185,-1.142
446.918,0.000,-7.333,0.000,-23.707,-22.213,-7.158,1.067,0.205,-0.930
446.923,0.000,-5.255,0.000,-25.512,-23.114,-6.975,1.148,0.226,-0.900
446.929,0.000,-5.255,0.000,-25.725,-25.484,-5.766,1.158,0.247,-0.717
446.935,0.000,-1.342,0.000,-26.421,-26.564,-4.764,1.189,0.269,-0.630
446.940,0.000,-1.342,0.000,-26.284,-26.865,-4.737,1.183,0.291,-0.473
446.946,0.000,-1.342,0.000,-24.799,-27.231,-4.169,1.116,0.311,-0.209
446.951,0.000,-0.893,0.000,-22.173,-27.371,-3.146,0.998,0.330,0.098
446.957,0.000,-0.893,0.000,-19.002,-26.062,-4.280,0.855,0.346,0.421
446.962,0.000,-0.893,0.000,-16.197,-25.944,-5.300,0.729,0.360,0.629
446.968,0.000,-0.893,0.000,-11.935,-24.962,-6.571,0.537,0.371,0.963
446.973,0.000,-0.595,0.000,-6.776,-25.915,-6.117,0.305,0.378,1.319
446.979,0.000,-0.595,0.000,-6.551,-21.571,-4.470,0.295,0.383,0.998
446.984,0.000,-0.595,0.000,-7.135,-16.062,-4.542,0.321,0.388,0.665
446.989,0.000,-0.595,0.000,-4.936,-14.185,-4.132,0.222,0.392,0.697
446.994,0.000,-0.595,0.000,-4.581,-10.726,-5.154,0.206,0.393,0.450
446.999,0.000,-0.446,0.000,-6.247,-7.936,-7.388,0.281,0.396,0.048
447.005,0.000,-0.446,0.000,-7.863,-7.372,-7.516,0.354,0.401,-0.199
447.010,0.000,-0.446,0.000,-5.880,-5.398,-7.608,0.265,0.405,0.019
447.016,0.000,-0.446,0.000,-6.108,-1.259,-8.520,0.275,0.409,-0.072
447.021,0.000,-0.446,0.000,-6.927,0.117,-8.207,0.312,0.414,-0.164
447.027,0.000,-0.446,0.000,-8.239,2.884,-8.125,0.371,0.420,-0.297
447.032,0.000,-0.446,0.000,-9.928,5.411,-6.777,0.447,0.427,-0.454
447.038,0.000,-0.446,0.000,-10.957,5.958,-5.288,0.493,0.434,-0.515
447.043,0.000,-0.446,0.000,-10.846,6.804,-5.869,0.488,0.443,-0.377
447.049,0.000,-0.446,0.000,-9.815,4.553,-5.657,0.442,0.452,-0.141
447.054,0.000,-0.446,0.000,-8.852,4.086,-7.465,0.398,0.460,0.015
447.060,0.000,-0.446,0.000,-6.648,3.858,-9.582,0.299,0.466,0.274
447.065,0.000,-0.446,0.000,-7.151,4.645,-8.197,0.322,0.473,0.198
447.071,0.000,-0.446,0.000,-7.482,4.674,-5.178,0.337,0.481,0.203
447.076,0.000,-0.446,0.000,-7.879,6.730,-3.938,0.355,0.488,0.166
447.081,0.000,-0.446,0.000,-9.360,7.438,-3.279,0.421,0.495,-0.038
447.087,0.000,-0.446,0.000,-12.084,5.757,-4.425,0.544,0.504,-0.389
447.092,0.000,-0.446,0.000,-12.025,3.843,-5.556,0.541,0.513,-0.340
447.098,0.000,-0.446,0.000,-12.055,1.120,-5.760,0.542,0.522,-0.294
447.104,0.000,-0.446,0.000,-10.973,-2.968,-7.740,0.494,0.530,-0.183
447.109,0.000,-0.446,0.000,-10.455,-3.215,-10.279,0.470,0.538,-0.146
447.115,0.000,-0.446,0.000,-7.710,-1.705,-10.616,0.347,0.545,0.211
447.120,0.000,-0.446,0.000,-5.762,-0.921,-6.949,0.259,0.551,0.441
447.125,0.000,-0.446,0.000,-6.284,5.060,-5.316,0.283,0.557,0.306
447.131,0.000,-0.446,0.000,-7.420,10.968,-2.719,0.334,0.563,0.135
447.136,0.000,-0.446,0.000,-5.639,8.289,-2.770,0.254,0.568,0.307
447.142,0.000,-0.446,0.000,-4.941,7.886,-4.008,0.222,0.572,0.289
447.147,0.000,-0.446,0.000,-6.223,6.134,-4.633,0.280,0.577,0.059
447.153,0.000,-0.446,0.000,-5.371,2.832,-5.191,0.242,0.580,0.085
447.158,0.000,-0.446,0.000,-3.343,6.223,-4.822,0.150,0.583,0.267
447.164,0.000,-0.446,0.000,0.304,9.327,-6.660,-0.014,0.584,0.616
447.169,0.000,-0.446,0.000,1.469,10.082,-4.006,-0.066,0.584,0.646
447.175,0.000,-0.446,0.000,1.391,7.867,-2.516,-0.063,0.583,0.456
447.180,0.000,-0.446,0.000,2.978,3.873,-3.172,-0.134,0.580,0.520
447.186,0.000,-0.446,0.000,3.250,2.966,-4.641,-0.146,0.578,0.430
447.191,0.000,-0.446,0.000,3.205,5.905,-7.783,-0.144,0.575,0.293
447.197,0.000,-0.446,0.000,3.372,4.480,-5.052,-0.152,0.572,0.234
447.202,0.000,-0.446,0.000,3.739,2.007,-3.582,-0.168,0.569,0.227
447.208,0.000,-0.446,0.000,3.823,4.343,-4.254,-0.172,0.566,0.186
447.213,0.000,-0.446,0.000,2.485,4.154,-5.484,-0.112,0.564,-0.015
447.218,0.000,-0.446,0.000,2.319,3.511,-3.704,-0.104,0.562,-0.011
447.224,0.000,-0.446,0.000,0.119,4.992,-5.922,-0.005,0.562,-0.246
447.230,0.000,-0.446,0.000,-1.397,6.196,-3.746,0.063,0.562,-0.368
447.235,0.000,-0.446,0.000,-1.000,5.614,-3.913,0.045,0.563,-0.244
447.240,0.000,-0.446,0.000,0.882,4.350,-4.115,-0.040,0.563,0.034
447.246,0.000,-0.446,0.000,1.545,4.761,-3.008,-0.070,0.562,0.112
447.251,0.000,-0.446,0.000,2.204,2.688,-3.285,-0.099,0.561,0.166
447.257,0.000,-0.446,0.000,2.228,0.852,-4.458,-0.100,0.559,0.128
447.262,0.000,-0.446,0.000,3.800,0.364,-4.306,-0.171,0.556,0.274
447.268,0.000,-0.446,0.000,3.817,-0.916,-4.376,-0.172,0.553,0.195
447.273,0.000,-0.446,0.000,4.963,-2.224,-3.579,-0.223,0.549,0.290
447.279,0.000,-0.446,0.000,6.721,-3.250,-1.952,-0.302,0.544,0.398
447.284,0.000,-0.446,0.000,7.264,-5.221,-1.509,-0.327,0.538,0.375
447.290,0.000,-0.446,0.000,9.121,-6.373,-2.255,-0.410,0.531,0.491
447.295,0.000,-0.446,0.000,9.849,-5.703,-4.355,-0.443,0.523,0.450
447.301,0.000,-0.446,0.000,9.849,-5.703,-4.355,-0.443,0.523,0.450
447.306,0.000,-0.446,0.000,9.849,-5.703,-4.355,-0.443,0.523,0.450
447.312,0.000,-0.446,0.000,9.849,-5.703,-4.355,-0.443,0.523,0.450
447.317,0.000,-0.446,0.000,9.849,-5.703,-4.355,-0.443,0.523,0.450
447.322,0.000,-0.446,0.000,9.849,-5.703,-4.355,-0.443,0.523,0.450
447.327,0.000,-0.446,0.000,9.849,-5.703,-4.355,-0.443,0.523,0.450
447.332,0.000,-0.446,0.000,9.849,-5.703,-4.355,-0.443,0.523,0.450
447.337,0.000,-0.446,0.000,9.849,-5.703,-4.355,-0.443,0.523,0.450
447.343,0.000,-0.446,0.000,9.849,-5.703,-4.355,-0.443,0.523,0.450
447.348,0.000,-0.446,0.000,9.849,-5.703,-4.355,-0.443,0.523,0.450
447.353,0.000,-0.446,0.000,9.849,-5.703,-4.355,-0.443,0.523,0.450
447.358,0.000,-0.446,0.000,9.849,-5.703,-4.355,-0.443,0.523,0.450
447.363,0.000,-0.446,0.000,9.849,-5.703,-4.355,-0.443,0.523,0.450
447.368,0.000,-0.446,0.000,9.849,-5.703,-4.355,-0.443,0.523,0.450
447.373,0.000,-0.446,0.000,9.849,-5.703,-4.355,-0.443,0.523,0.450
447.378,0.000,-0.446,0.000,9.849,-5.703,-4.355,-0.443,0.523,0.450
447.383,0.000,-0.446,0.000,9.849,-5.703,-4.355,-0.443,0.523,0.450
447.389,0.000,-0.446,0.000,9.849,-5.703,-4.355,-0.443,0.523,0.450
447.394,0.000,-0.446,0.000,9.849,-5.703,-4.355,-0.443,0.523,0.450
447.399,0.000,-0.446,0.000,9.849,-5.703,-4.355,-0.443,0.523,0.450
447.404,0.000,-0.446,0.000,9.849,-5.703,-4.355,-0.443,0.523,0.450
447.410,0.000,-0.446,0.000,9.849,-5.703,-4.355,-0.443,0.523,0.450
447.415,0.000,-0.446,0.000,9.849,-5.703,-4.355,-0.443,0.523,0.450
447.421,0.000,-0.446,0.000,9.849,-5.703,-4.355,-0.443,0.523,0.450
447.427,0.000,-0.446,0.000,9.849,-5.703,-4.355,-0.443,0.523,0.450
447.433,0.000,-0.446,0.000,9.849,-5.703,-4.355,-0.443,0.523,0.450
447.439,0.000,-0.446,0.000,9.849,-5.703,-4.355,-0.443,0.523,0.450
447.445,0.000,-0.446,0.000,9.849,-5.703,-4.355,-0.443,0.523,0.450
447.451,0.000,-0.446,0.000,9.849,-5.703,-4.355,-0.443,0.523,0.450
447.457,0.000,-0.446,0.000,9.849,-5.703,-4.355,-0.443,0.523,0.450
447.463,0.000,-0.446,0.000,9.849,-5.703,-4.355,-0.443,0.523,0.450
447.469,0.000,-0.446,0.000,9.849,-5.703,-4.355,-0.443,0.523,0.450
447.475,0.000,-0.446,0.000,9.849,-5.703,-4.355,-0.443,0.523,0.450
447.482,0.000,-0.446,0.000,9.849,-5.703,-4.355,-0.443,0.523,0.450
447.487,0.000,-0.446,0.000,9.849,-5.703,-4.355,-0.443,0.523,0.450
447.493,0.000,-0.446,0.000,9.849,-5.703,-4.355,-0.443,0.523,0.450
447.499,0.000,-0.446,0.000,9.849,-5.703,-4.355,-0.443,0.523,0.450
447.504,0.000,-0.446,0.000,9.849,-5.703,-4.355,-0.443,0.523,0.450
447.509,0.000,-0.446,0.000,9.849,-5.703,-4.355,-0.443,0.523,0.450
447.515,0.000,-0.446,0.000,9.849,-5.703,-4.355,-0.443,0.523,0.450
447.521,0.000,-0.446,0.000,9.849,-5.703,-4.355,-0.443,0.523,0.450
447.526,0.000,-0.446,0.000,9.849,-5.703,-4.355,-0.443,0.523,0.450
447.532,0.000,-0.446,0.000,9.849,-5.703,-4.355,-0.443,0.523,0.450
447.539,0.000,-0.446,0.000,9.849,-5.703,-4.355,-0.443,0.523,0.450
447.545,0.000,-0.446,0.000,9.849,-5.703,-4.355,-0.443,0.523,0.450
447.551,0.000,-0.446,0.000,9.849,-5.703,-4.355,-0.443,0.523,0.450
447.557,0.000,-0.446,0.000,9.849,-5.703,-4.355,-0.443,0.523,0.450
447.563,0.000,-0.446,0.000,9.849,-5.703,-4.355,-0.443,0.523,0.450
447.569,0.000,-0.446,0.000,9.849,-5.703,-4.355,-0.443,0.523,0.450
447.574,0.000,-0.446,0.000,9.849,-5.703,-4.355,-0.443,0.523,0.450
447.580,0.000,-0.446,0.000,9.849,-5.703,-4.355,-0.443,0.523,0.450
447.587,0.000,-0.446,0.000,9.849,-5.703,-4.355,-0.443,0.523,0.450
447.593,0.000,-0.446,0.000,9.849,-5.703,-4.355,-0.443,0.523,0.450
447.599,0.000,-0.446,0.000,9.849,-5.703,-4.355,-0.443,0.523,0.450
447.605,0.000,-0.446,0.000,9.849,-5.703,-4.355,-0.443,0.523,0.450
447.611,0.000,-0.446,0.000,9.849,-5.703,-4.355,-0.443,0.523,0.450
447.617,0.000,-0.446,0.000,9.849,-5.703,-4.355,-0.443,0.523,0.450
447.622,0.000,-0.446,0.000,9.849,-5.703,-4.355,-0.443,0.523,0.450
447.628,0.000,-0.446,0.000,9.849,-5.703,-4.355,-0.443,0.523,0.450
447.634,0.000,-0.446,0.000,9.849,-5.703,-4.355,-0.443,0.523,0.450
447.640,0.000,-0.446,0.000,9.849,-5.703,-4.355,-0.443,0.523,0.450
447.646,0.000,-0.446,0.000,9.849,-5.703,-4.355,-0.443,0.523,0.450
447.652,0.000,-0.446,0.000,9.849,-5.703,-4.355,-0.443,0.523,0.450
447.658,0.000,-0.446,0.000,9.849,-5.703,-4.355,-0.443,0.523,0.450
447.664,0.000,-0.446,0.000,9.849,-5.703,-4.355,-0.443,0.523,0.450
447.669,0.000,-0.446,0.000,9.849,-5.703,-4.355,-0.443,0.523,0.450
447.675,0.000,-0.446,0.000,9.849,-5.703,-4.355,-0.443,0.523,0.450
447.681,0.000,-0.446,0.000,9.849,-5.703,-4.355,-0.443,0.523,0.450
447.688,0.000,-0.446,0.000,9.849,-5.703,-4.355,-0.443,0.523,0.450
447.694,0.000,-0.446,0.000,9.849,-5.703,-4.355,-0.443,0.523,0.450
447.700,0.000,-0.446,0.000,9.849,-5.703,-4.355,-0.443,0.523,0.450
447.706,0.000,-0.446,0.000,9.849,-5.703,-4.355,-0.443,0.523,0.450
447.711,0.000,-0.446,0.000,9.849,-5.703,-4.355,-0.443,0.523,0.450
447.717,0.000,-0.446,0.000,9.849,-5.703,-4.355,-0.443,0.523,0.450
447.723,0.000,-0.446,0.000,9.849,-5.703,-4.355,-0.443,0.523,0.450
447.729,0.000,-0.446,0.000,9.849,-5.703,-4.355,-0.443,0.523,0.450
447.735,0.000,-0.446,0.000,9.849,-5.703,-4.355,-0.443,0.523,0.450
447.741,0.000,-0.446,0.000,9.849,-5.703,-4.355,-0.443,0.523,0.450
447.747,0.000,-0.446,0.000,9.849,-5.703,-4.355,-0.443,0.523,0.450
447.753,0.000,-0.446,0.000,9.849,-5.703,-4.355,-0.443,0.523,0.450
447.758,0.000,-0.446,0.000,9.849,-5.703,-4.355,-0.443,0.523,0.450
447.764,0.000,-0.446,0.000,9.849,-5.703,-4.355,-0.443,0.523,0.450
447.770,0.000,-0.446,0.000,9.849,-5.703,-4.355,-0.443,0.523,0.450
447.776,0.000,-0.446,0.000,9.849,-5.703,-4.355,-0.443,0.523,0.450
447.782,0.000,-0.446,0.000,9.849,-5.703,-4.355,-0.443,0.523,0.450
447.788,0.000,-0.446,0.000,9.849,-5.703,-4.355,-0.443,0.523,0.450
447.794,0.000,-0.446,0.000,9.849,-5.703,-4.355,-0.443,0.523,0.450
447.800,0.000,-0.446,0.000,9.849,