R
Px,Ix,Dx,Py,Iy,Dy,Pz,Iz,FFrx,FFry,FFdrx,FFdry,satI,satPID,DTermC,GparamC,AparamC,KFQAng,KFQbias,KFRmeas,CPx,CIx,CPy,CIy,CsatI,CsatPID,CFFdrx,CFFdry,CFalpha,FFDTermC,IRelaxR,IRelaxE,DmaxR,DmaxE,DMx,DMy
45,15,25,45,5,25,350,10,0,0,0,0,35,200,10,10.0,64.0,0.000100,0.003000,50,30,0,30,0,75,300,0,0,0.995,10.000,3000,300,5000,400,30,25
sysTime,PIDRefX,PIDRefY,PIDRefZ,PIDSensX,PIDSensY,PIDSensZ,PIDPoutX,PIDIoutX,PIDDoutX
354.210,0.000,-0.446,0.000,-0.203,0.855,-0.055,0.009,-0.033,-0.050
354.216,0.000,-0.446,0.000,-0.203,0.855,-0.055,0.009,-0.033,-0.050
354.221,0.000,-0.446,0.000,-0.203,0.855,-0.055,0.009,-0.033,-0.050
354.227,0.000,-0.446,0.000,-0.203,0.855,-0.055,0.009,-0.033,-0.050
354.234,0.000,-0.446,0.000,-0.203,0.855,-0.055,0.009,-0.033,-0.050
354.240,0.000,-0.446,0.000,-0.203,0.855,-0.055,0.009,-0.033,-0.050
354.246,0.000,-0.446,0.000,-0.203,0.855,-0.055,0.009,-0.033,-0.050
354.252,0.000,-0.446,0.000,-0.203,0.855,-0.055,0.009,-0.033,-0.050
354.258,0.000,-0.446,0.000,-0.203,0.855,-0.055,0.009,-0.033,-0.050
354.264,0.000,-0.446,0.000,-0.203,0.855,-0.055,0.009,-0.033,-0.050
354.269,0.000,-0.446,0.000,-0.203,0.855,-0.055,0.009,-0.033,-0.050
354.275,0.000,-0.446,0.000,-0.203,0.855,-0.055,0.009,-0.033,-0.050
354.282,0.000,-0.446,0.000,-0.203,0.855,-0.055,0.009,-0.033,-0.050
354.288,0.000,-0.446,0.000,-0.203,0.855,-0.055,0.009,-0.033,-0.050
354.294,0.000,-0.446,0.000,-0.203,0.855,-0.055,0.009,-0.033,-0.050
354.300,0.000,-0.446,0.000,-0.203,0.855,-0.055,0.009,-0.033,-0.050
354.306,0.000,-0.446,0.000,-0.203,0.855,-0.055,0.009,-0.033,-0.050
354.311,0.000,-0.446,0.000,-0.203,0.855,-0.055,0.009,-0.033,-0.050
354.317,0.000,-0.446,0.000,-0.203,0.855,-0.055,0.009,-0.033,-0.050
354.324,0.000,-0.446,0.000,-0.203,0.855,-0.055,0.009,-0.033,-0.050
354.330,0.000,-0.446,0.000,-0.203,0.855,-0.055,0.009,-0.033,-0.050
354.336,0.000,-0.446,0.000,-0.203,0.855,-0.055,0.009,-0.033,-0.050
354.342,0.000,-0.446,0.000,-0.203,0.855,-0.055,0.009,-0.033,-0.050
354.348,0.000,-0.446,0.000,-0.203,0.855,-0.055,0.009,-0.033,-0.050
354.354,0.000,-0.446,0.000,-0.203,0.855,-0.055,0.009,-0.033,-0.050
354.359,0.000,-0.446,0.000,-0.203,0.855,-0.055,0.009,-0.033,-0.050
354.365,0.000,-0.446,0.000,-0.203,0.855,-0.055,0.009,-0.033,-0.050
354.372,0.000,-0.446,0.000,-0.203,0.855,-0.055,0.009,-0.033,-0.050
354.378,0.000,-0.446,0.000,-0.203,0.855,-0.055,0.009,-0.033,-0.050
354.384,0.000,-0.446,0.000,-0.203,0.855,-0.055,0.009,-0.033,-0.050
354.390,0.000,-0.446,0.000,-0.203,0.855,-0.055,0.009,-0.033,-0.050
354.396,0.000,-0.446,0.000,-0.203,0.855,-0.055,0.009,-0.033,-0.050
354.401,0.000,-0.446,0.000,-0.203,0.855,-0.055,0.009,-0.033,-0.050
354.407,0.000,-0.446,0.000,-0.203,0.855,-0.055,0.009,-0.033,-0.050
354.413,0.000,-0.446,0.000,-0.203,0.855,-0.055,0.009,-0.033,-0.050
354.420,0.000,-0.446,0.000,-0.203,0.855,-0.055,0.009,-0.033,-0.050
354.426,0.000,-0.446,0.000,-0.203,0.855,-0.055,0.009,-0.033,-0.050
354.432,0.000,-0.446,0.000,-0.203,0.855,-0.055,0.009,-0.033,-0.050
354.438,0.000,-0.446,0.000,-0.203,0.855,-0.055,0.009,-0.033,-0.050
354.444,0.000,-0.446,0.000,-0.203,0.855,-0.055,0.009,-0.033,-0.050
354.449,0.000,-0.446,0.000,-0.203,0.855,-0.055,0.009,-0.033,-0.050
354.455,0.000,-0.446,0.000,-0.203,0.855,-0.055,0.009,-0.033,-0.050
354.461,0.000,-0.446,0.000,-0.203,0.855,-0.055,0.009,-0.033,-0.050
354.468,0.000,-0.446,0.000,-0.203,0.855,-0.055,0.009,-0.033,-0.050
354.474,0.000,-0.446,0.000,-0.203,0.855,-0.055,0.009,-0.033,-0.050
354.480,0.000,-0.446,0.000,-0.203,0.855,-0.055,0.009,-0.033,-0.050
354.486,0.000,-0.446,0.000,-0.203,0.855,-0.055,0.009,-0.033,-0.050
354.492,0.000,-0.446,0.000,-0.203,0.855,-0.055,0.009,-0.033,-0.050
354.497,0.000,-0.446,0.000,-0.203,0.855,-0.055,0.009,-0.033,-0.050
354.503,0.000,-0.446,0.000,-0.203,0.855,-0.055,0.009,-0.033,-0.050
354.510,0.000,-0.446,0.000,-0.203,0.855,-0.055,0.009,-0.033,-0.050
354.516,0.000,-0.446,0.000,-0.203,0.855,-0.055,0.009,-0.033,-0.050
354.522,0.000,-0.446,0.000,-0.203,0.855,-0.055,0.009,-0.033,-0.050
354.528,0.000,-0.446,0.000,-0.203,0.855,-0.055,0.009,-0.033,-0.050
354.534,0.000,-0.446,0.000,-0.203,0.855,-0.055,0.009,-0.033,-0.050
354.539,0.000,-0.446,0.000,-0.203,0.855,-0.055,0.009,-0.033,-0.050
354.545,0.000,-0.446,0.000,-0.203,0.855,-0.055,0.009,-0.033,-0.050
354.551,0.000,-0.446,0.000,-0.203,0.855,-0.055,0.009,-0.033,-0.050
354.557,0.000,-0.446,0.000,-0.203,0.855,-0.055,0.009,-0.033,-0.050
354.564,0.000,-0.446,0.000,-0.203,0.855,-0.055,0.009,-0.033,-0.050
354.570,0.000,-0.446,0.000,-0.203,0.855,-0.055,0.009,-0.033,-0.050
354.576,0.000,-0.446,0.000,-0.203,0.855,-0.055,0.009,-0.033,-0.050
354.582,0.000,-0.446,0.000,-0.203,0.855,-0.055,0.009,-0.033,-0.050
354.587,0.000,-0.446,0.000,-0.203,0.855,-0.055,0.009,-0.033,-0.050
354.593,0.000,-0.446,0.000,-0.203,0.855,-0.055,0.009,-0.033,-0.050
354.599,0.000,-0.446,0.000,-0.203,0.855,-0.055,0.009,-0.033,-0.050
354.605,0.000,-0.446,0.000,-0.203,0.855,-0.055,0.009,-0.033,-0.050
354.612,0.000,-0.446,0.000,-0.203,0.855,-0.055,0.009,-0.033,-0.050
354.618,0.000,-0.446,0.000,-0.203,0.855,-0.055,0.009,-0.033,-0.050
354.624,0.000,-0.446,0.000,-0.203,0.855,-0.055,0.009,-0.033,-0.050
354.630,0.000,-0.446,0.000,-0.203,0.855,-0.055,0.009,-0.033,-0.050
354.635,0.000,-0.446,0.000,-0.203,0.855,-0.055,0.009,-0.033,-0.050
354.641,0.000,-0.446,0.000,-0.203,0.855,-0.055,0.009,-0.033,-0.050
354.647,0.000,-0.446,0.000,-0.203,0.855,-0.055,0.009,-0.033,-0.050
354.653,0.000,-0.446,0.000,-0.203,0.855,-0.055,0.009,-0.033,-0.050
354.660,0.000,-0.446,0.000,-0.203,0.855,-0.055,0.009,-0.033,-0.050
354.666,0.000,-0.446,0.000,-0.203,0.855,-0.055,0.009,-0.033,-0.050
354.672,0.000,-0.446,0.000,-0.203,0.855,-0.055,0.009,-0.033,-0.050
354.677,0.000,-0.446,0.000,-0.203,0.855,-0.055,0.009,-0.033,-0.050
354.683,0.000,-0.446,0.000,-0.203,0.855,-0.055,0.009,-0.033,-0.050
354.689,0.000,-0.446,0.000,-0.203,0.855,-0.055,0.009,-0.033,-0.050
354.695,0.000,-0.446,0.000,-0.203,0.855,-0.055,0.009,-0.033,-0.050
354.702,0.000,-0.446,0.000,-0.203,0.855,-0.055,0.009,-0.033,-0.050
354.708,0.000,-0.446,0.000,-0.203,0.855,-0.055,0.009,-0.033,-0.050
354.714,0.000,-0.446,0.000,-0.203,0.855,-0.055,0.009,-0.033,-0.050
354.720,0.000,-0.446,0.000,-0.203,0.855,-0.055,0.009,-0.033,-0.050
354.725,0.000,-0.446,0.000,-0.203,0.855,-0.055,0.009,-0.033,-0.050
354.731,0.000,-0.446,0.000,-0.203,0.855,-0.055,0.009,-0.033,-0.050
354.737,0.000,-0.446,0.000,-0.203,0.855,-0.055,0.009,-0.033,-0.050
354.743,0.000,-0.446,0.000,-0.203,0.855,-0.055,0.009,-0.033,-0.050
354.750,0.000,-0.446,0.000,-0.203,0.855,-0.055,0.009,-0.033,-0.050
354.756,0.000,-0.446,0.000,-0.203,0.855,-0.055,0.009,-0.033,-0.050
354.762,0.000,-0.446,0.000,-0.203,0.855,-0.055,0.009,-0.033,-0.050
354.768,0.000,-0.446,0.000,-0.203,0.855,-0.055,0.009,-0.033,-0.050
354.773,0.000,-0.446,0.000,-0.203,0.855,-0.055,0.009,-0.033,-0.050
354.779,0.000,-0.446,0.000,-0.203,0.855,-0.055,0.009,-0.033,-0.050
354.785,0.000,-0.446,0.000,-0.203,0.855,-0.055,0.009,-0.033,-0.050
354.791,0.000,-0.446,0.000,-0.203,0.855,-0.055,0.009,-0.033,-0.050
354.798,0.000,-0.446,0.000,-0.203,0.855,-0.055,0.009,-0.033,-0.050
354.804,0.000,-0.446,0.000,-0.203,0.855,-0.055,0.009,-0.033,-0.050
354.810,0.000,-0.446,0.000,-0.203,0.855,-0.055,0.009,-0.033,-0.050
354.815,0.000,-0.446,0.000,-0.203,0.855,-0.055,0.009,-0.033,-0.050
354.821,0.000,-0.446,0.000,-0.203,0.855,-0.055,0.009,-0.033,-0.050
354.827,0.000,-0.446,0.000,-0.203,0.855,-0.055,0.009,-0.033,-0.050
354.833,0.000,-0.446,0.000,-0.203,0.855,-0.055,0.009,-0.033,-0.050
354.840,0.000,-0.446,0.000,-0.203,0.855,-0.055,0.009,-0.033,-0.050
354.846,0.000,-0.446,0.000,-0.203,0.855,-0.055,0.009,-0.033,-0.050
354.852,0.000,-0.446,0.000,-0.203,0.855,-0.055,0.009,-0.033,-0.050
354.858,0.000,-0.446,0.000,-0.203,0.855,-0.055,0.009,-0.033,-0.050
354.863,0.000,-0.446,0.000,-0.203,0.855,-0.055,0.009,-0.033,-0.050
354.869,0.000,-0.446,0.000,-0.203,0.855,-0.055,0.009,-0.033,-0.050
354.875,0.000,-0.446,0.000,-0.203,0.855,-0.055,0.009,-0.033,-0.050
354.881,0.000,-0.446,0.000,-0.203,0.855,-0.055,0.009,-0.033,-0.050
354.888,0.000,-0.446,0.000,-0.203,0.855,-0.055,0.009,-0.033,-0.050
354.894,0.000,-0.446,0.000,-0.203,0.855,-0.055,0.009,-0.033,-0.050
354.900,0.000,-0.446,0.000,-0.203,0.855,-0.055,0.009,-0.033,-0.050
354.906,0.000,-0.446,0.000,-0.203,0.855,-0.055,0.009,-0.033,-0.050
354.911,0.000,-0.446,0.000,-0.203,0.855,-0.055,0.009,-0.033,-0.050
354.917,0.000,-0.446,0.000,-0.203,0.855,-0.055,0.009,-0.033,-0.050
354.923,0.000,-0.446,0.000,-0.203,0.855,-0.055,0.009,-0.033,-0.050
354.929,0.000,-0.446,0.000,-0.203,0.855,-0.055,0.009,-0.033,-0.050
354.936,0.000,-0.446,0.000,-0.203,0.855,-0.055,0.009,-0.033,-0.050
354.942,0.000,-0.446,0.000,-0.203,0.855,-0.055,0.009,-0.033,-0.050
354.948,0.000,-0.446,0.000,-0.203,0.855,-0.055,0.009,-0.033,-0.050
354.953,0.000,-0.446,0.000,-0.203,0.855,-0.055,0.009,-0.033,-0.050
354.959,0.000,-0.446,0.000,-0.203,0.855,-0.055,0.009,-0.033,-0.050
354.965,0.000,-0.446,0.000,-0.203,0.855,-0.055,0.009,-0.033,-0.050
354.971,0.000,-0.297,0.000,-0.214,-0.762,-0.070,0.010,0.000,-0.033
354.976,0.000,-0.297,0.000,-0.211,0.285,-0.325,0.010,0.000,-0.021
354.981,0.000,-0.297,0.000,-0.256,0.300,-0.530,0.011,0.001,-0.013
354.986,0.000,-0.297,0.000,-0.551,0.275,-0.084,0.025,0.001,-0.039
354.991,0.000,-0.297,0.000,0.383,0.076,0.141,-0.017,0.001,0.093
354.996,0.000,-0.297,0.000,-0.017,-0.054,-0.396,0.001,0.001,0.026
355.001,0.000,-0.297,0.000,-0.397,0.453,-1.232,0.018,0.001,-0.015
355.006,0.000,-0.297,0.000,-0.750,0.142,-0.407,0.034,0.002,-0.056
355.012,0.000,-0.297,0.000,-1.322,-0.282,-0.269,0.059,0.003,-0.098
355.017,0.000,-0.297,0.000,-1.359,-0.610,-0.448,0.061,0.004,-0.090
355.022,0.000,-0.297,0.000,0.129,-0.661,-0.363,-0.006,0.004,0.119
355.027,0.000,-0.297,0.000,0.327,0.002,-0.982,-0.015,0.004,0.097
355.032,0.000,-0.297,0.000,0.010,-0.260,-0.312,-0.000,0.004,0.039
355.037,0.000,-0.297,0.000,-0.209,-0.436,-0.750,0.009,0.004,-0.002
355.042,0.000,-0.297,0.000,0.311,-0.429,-1.488,-0.014,0.004,0.078
355.048,0.000,-0.297,0.000,-0.218,-0.761,-0.304,0.010,0.004,-0.004
355.053,0.000,-0.297,0.000,0.739,-0.893,-0.106,-0.033,0.004,0.122
355.058,0.000,-0.297,0.000,0.751,-0.749,-0.036,-0.034,0.003,0.090
355.063,0.000,-0.297,0.000,0.238,-1.575,0.323,-0.011,0.003,0.016
355.068,0.000,-0.297,0.000,-0.277,0.028,-0.033,0.012,0.003,-0.055
355.073,0.000,-0.297,0.000,0.793,0.736,-0.306,-0.036,0.003,0.088
355.079,0.000,-0.297,0.000,1.185,0.370,-0.224,-0.053,0.002,0.119
355.084,0.000,-0.297,0.000,1.143,0.372,-0.738,-0.051,0.001,0.080
355.089,0.000,-0.297,0.000,0.815,0.457,0.256,-0.037,0.000,0.014
355.094,0.000,-0.297,0.000,0.437,0.122,-0.931,-0.020,-0.000,-0.029
355.099,0.000,-0.297,0.000,-0.340,0.172,-0.574,0.015,-0.000,-0.117
355.104,0.000,-0.297,0.000,0.379,0.308,0.348,-0.017,-0.000,0.006
355.109,0.000,-0.297,0.000,-0.762,1.029,0.605,0.034,0.000,-0.124
355.115,0.000,-0.297,0.000,-0.512,0.806,-2.029,0.023,0.001,-0.063
355.120,0.000,-0.297,0.000,-0.752,0.503,-2.991,0.034,0.001,-0.074
355.125,0.000,-0.297,0.000,-0.443,0.001,0.968,0.020,0.002,-0.007
355.130,0.000,-0.297,0.000,-0.870,-0.600,5.036,0.039,0.003,-0.053
355.135,0.000,-0.297,0.000,-1.750,-0.818,0.837,0.079,0.004,-0.154
355.140,0.000,-0.297,0.000,0.240,-1.443,-0.419,-0.011,0.004,0.125
355.145,0.000,-0.297,0.000,0.865,-1.796,-0.189,-0.039,0.004,0.179
355.151,0.000,-0.297,0.000,-0.389,-0.862,2.353,0.017,0.003,-0.020
355.156,0.000,-0.297,0.000,-2.356,-0.372,0.731,0.106,0.005,-0.252
355.161,0.000,-0.297,0.000,-1.486,-0.289,-2.544,0.067,0.006,-0.090
355.166,0.000,-0.297,0.000,-1.350,-0.298,-1.898,0.061,0.007,-0.054
355.171,0.000,-0.297,0.000,-1.405,-1.430,1.434,0.063,0.008,-0.043
355.176,0.000,-0.297,0.000,-1.410,-1.387,0.481,0.063,0.009,-0.029
355.182,0.000,-0.297,0.000,-0.071,-1.197,-1.702,0.003,0.010,0.131
355.187,0.000,-0.297,0.000,1.358,-1.499,-0.670,-0.061,0.009,0.278
355.192,0.000,-0.297,0.000,0.838,-2.730,0.215,-0.038,0.008,0.148
355.197,0.000,-0.297,0.000,0.526,-2.053,-0.401,-0.024,0.008,0.093
355.202,0.000,-0.297,0.000,0.681,-2.004,-0.419,-0.031,0.008,0.093
355.207,0.000,-0.297,0.000,0.820,-2.539,0.642,-0.037,0.007,0.079
355.212,0.000,-0.297,0.000,1.385,-2.921,1.707,-0.062,0.006,0.123
355.218,0.000,-0.297,0.000,2.011,-2.824,1.489,-0.090,0.004,0.168
355.223,0.000,-0.297,0.000,1.593,-2.184,1.654,-0.072,0.003,0.090
355.228,0.000,-0.297,0.000,0.801,-1.223,2.067,-0.036,0.002,-0.037
355.233,0.000,-0.297,0.000,0.667,-0.958,1.980,-0.030,0.002,-0.056
355.238,0.000,-0.297,0.000,1.091,-0.874,1.586,-0.049,0.001,0.021
355.243,0.000,-0.297,0.000,-0.687,-0.624,1.604,0.031,0.002,-0.178
355.249,0.000,-0.297,0.000,-0.626,-0.495,1.988,0.028,0.002,-0.114
355.254,0.000,-0.297,0.000,-0.996,-1.112,1.722,0.045,0.003,-0.117
355.259,0.000,-0.297,0.000,0.397,-1.200,2.366,-0.018,0.003,0.091
355.264,0.000,-0.297,0.000,-0.290,-0.603,1.868,0.013,0.003,-0.014
355.269,0.000,-0.297,0.000,-0.777,0.584,0.792,0.035,0.004,-0.075
355.274,0.000,-0.297,0.000,-0.326,-0.292,0.477,0.015,0.004,0.010
355.280,0.000,-0.297,0.000,-0.063,-0.652,0.763,0.003,0.005,0.046
355.285,0.000,-0.297,0.000,0.677,-0.305,0.899,-0.030,0.004,0.122
355.290,0.000,-0.297,0.000,0.575,0.953,-0.524,-0.026,0.004,0.066
355.295,0.000,-0.297,0.000,0.384,0.696,-0.099,-0.017,0.003,0.039
355.300,0.000,-0.297,0.000,0.022,0.974,-1.168,-0.001,0.003,-0.012
355.305,0.000,-0.297,0.000,-0.122,-0.357,-0.909,0.005,0.003,-0.026
355.310,0.000,-0.297,0.000,-0.838,-0.573,-0.179,0.038,0.004,-0.115
355.316,0.000,-0.297,0.000,0.825,0.344,-1.415,-0.037,0.004,0.114
355.321,0.000,-0.297,0.000,-0.059,1.056,-1.178,0.003,0.004,-0.019
355.326,0.000,-0.297,0.000,-0.277,0.557,-1.252,0.012,0.003,-0.061
355.331,0.000,-0.297,0.000,1.175,2.214,-1.587,-0.053,0.003,0.125
355.336,0.000,-0.297,0.000,0.186,2.452,-2.128,-0.008,0.002,-0.019
355.341,0.000,-0.297,0.000,-0.010,0.719,-2.032,0.000,0.002,-0.036
355.346,0.000,-0.297,0.000,0.705,-0.671,-0.707,-0.032,0.002,0.059
355.352,0.000,-0.297,0.000,-0.763,-0.234,-1.132,0.034,0.002,-0.135
355.357,0.000,-0.297,0.000,-0.438,0.056,-0.893,0.020,0.003,-0.057
355.362,0.000,-0.297,0.000,-1.440,0.740,-1.363,0.065,0.004,-0.160
355.367,0.000,-0.297,0.000,-0.003,0.205,0.087,0.000,0.004,0.050
355.372,0.000,-0.297,0.000,-0.522,1.267,0.141,0.023,0.004,-0.016
355.377,0.000,-0.297,0.000,-1.221,0.858,-1.197,0.055,0.005,-0.098
355.383,0.000,-0.297,0.000,-1.459,1.795,-1.526,0.066,0.006,-0.106
355.388,0.000,-0.297,0.000,-1.691,1.550,-1.672,0.076,0.007,-0.116
355.393,0.000,-0.297,0.000,-0.761,0.957,-0.714,0.034,0.008,0.024
355.398,0.000,-0.297,0.000,-1.250,0.795,-0.125,0.056,0.009,-0.037
355.403,0.000,-0.297,0.000,-1.137,0.318,-2.209,0.051,0.010,-0.013
355.408,0.000,-0.297,0.000,-0.812,2.717,-2.418,0.037,0.010,0.023
355.414,0.000,-0.297,0.000,-0.493,1.290,-2.496,0.022,0.011,0.058
355.419,0.000,-0.297,0.000,-0.805,1.777,-1.390,0.036,0.011,-0.000
355.424,0.000,-0.297,0.000,-1.475,0.928,-1.992,0.066,0.012,-0.073
355.429,0.000,-0.297,0.000,-0.309,1.044,-2.437,0.014,0.013,0.076
355.434,0.000,-0.297,0.000,0.944,-0.832,-1.631,-0.042,0.012,0.204
355.439,0.000,-0.297,0.000,0.302,0.739,-0.034,-0.014,0.012,0.079
355.445,0.000,-0.297,0.000,0.230,0.958,-0.817,-0.010,0.012,0.068
355.450,0.000,-0.297,0.000,0.370,0.063,0.898,-0.017,0.012,0.075
355.455,0.000,-0.297,0.000,0.133,0.480,0.244,-0.006,0.012,0.023
355.460,0.000,-0.297,0.000,0.606,0.487,-0.179,-0.027,0.011,0.077
355.465,0.000,-0.297,0.000,0.604,-0.051,-0.036,-0.027,0.011,0.053
355.470,0.000,-0.297,0.000,-0.386,0.215,0.707,0.017,0.011,-0.083
355.476,0.000,-0.297,0.000,-0.500,-0.754,1.117,0.023,0.011,-0.062
355.481,0.000,-0.297,0.000,-0.120,0.296,1.787,0.005,0.012,0.002
355.486,0.000,-0.297,0.000,-0.321,0.178,1.634,0.014,0.012,-0.043
355.491,0.000,-0.297,0.000,-0.693,-0.089,1.910,0.031,0.012,-0.064
355.496,0.000,-0.297,0.000,-1.236,0.067,1.791,0.056,0.013,-0.103
355.501,0.000,-0.297,0.000,-1.844,-0.420,3.345,0.083,0.014,-0.163
355.507,0.000,-0.297,0.000,-1.388,-0.286,0.488,0.062,0.016,-0.063
355.512,0.000,-0.297,0.000,-1.952,0.182,1.553,0.088,0.017,-0.113
355.517,0.000,-0.297,0.000,-0.596,0.796,1.965,0.027,0.018,0.098
355.522,0.000,-0.297,0.000,-1.264,-0.842,1.371,0.057,0.019,-0.012
355.527,0.000,-0.297,0.000,-0.567,-0.681,1.608,0.025,0.019,0.071
355.532,0.000,-0.297,0.000,0.682,-1.528,0.299,-0.031,0.019,0.207
355.537,0.000,-0.297,0.000,0.641,-0.475,2.113,-0.029,0.019,0.146
355.543,0.000,-0.297,0.000,0.757,-2.269,1.382,-0.034,0.018,0.133
355.548,0.000,-0.297,0.000,0.903,-0.327,2.167,-0.041,0.018,0.119
355.553,0.000,-0.297,0.000,1.830,-1.744,0.280,-0.082,0.016,0.179
355.558,0.000,-0.297,0.000,1.026,-0.739,-0.073,-0.046,0.015,0.032
355.563,0.000,-0.297,0.000,0.428,-0.553,-0.122,-0.019,0.015,-0.047
355.569,0.000,-0.297,0.000,-0.794,-0.200,-1.496,0.036,0.015,-0.188
355.574,0.000,-0.297,0.000,-0.580,0.275,-1.506,0.026,0.015,-0.107
355.579,0.000,-0.297,0.000,0.202,0.102,-2.334,-0.009,0.016,0.027
355.584,0.000,-0.297,0.000,0.662,-0.084,-2.053,-0.030,0.015,0.075
355.589,0.000,-0.297,0.000,0.016,-1.431,-1.324,-0.001,0.015,-0.009
355.594,0.000,-0.297,0.000,-0.441,-1.053,-0.491,0.020,0.015,-0.077
355.600,0.000,-0.297,0.000,0.863,-2.568,-1.714,-0.039,0.015,0.106
355.605,0.000,-0.297,0.000,0.052,-2.708,-0.757,-0.002,0.015,-0.023
355.610,0.000,-0.297,0.000,0.650,-2.185,-1.992,-0.029,0.014,0.039
355.615,0.000,-0.297,0.000,0.981,-1.410,-1.060,-0.044,0.013,0.077
355.620,0.000,-0.297,0.000,0.052,-1.241,-0.501,-0.002,0.013,-0.049
355.626,0.000,-0.297,0.000,0.780,1.011,-1.680,-0.035,0.013,0.054
355.631,0.000,-0.297,0.000,0.040,-0.296,1.146,-0.002,0.013,-0.042
355.636,0.000,-0.297,0.000,-0.160,-1.010,0.716,0.007,0.012,-0.083
355.641,0.000,-0.297,0.000,1.205,1.828,0.174,-0.054,0.012,0.112
355.647,0.000,-0.297,0.000,0.018,-0.374,0.512,-0.001,0.012,-0.034
355.652,0.000,-0.297,0.000,-1.266,0.830,-0.491,0.057,0.012,-0.197
355.657,0.000,-0.297,0.000,0.044,1.560,-1.539,-0.002,0.013,0.024
355.662,0.000,-0.297,0.000,-0.872,0.007,1.164,0.039,0.014,-0.061
355.667,0.000,-0.297,0.000,-0.776,-0.888,2.571,0.035,0.014,-0.038
355.673,0.000,-0.297,0.000,-0.269,1.496,2.416,0.012,0.015,0.027
355.678,0.000,-0.297,0.000,0.720,2.786,-0.001,-0.032,0.015,0.159
355.683,0.000,-0.297,0.000,0.723,-0.659,0.150,-0.033,0.014,0.146
355.688,0.000,-0.446,0.000,0.618,0.246,0.204,-0.028,0.013,0.078
355.694,0.000,-0.446,0.000,1.735,2.628,-0.100,-0.078,0.013,0.211
355.700,0.000,-0.446,0.000,1.622,2.162,0.116,-0.073,0.012,0.148
355.705,0.000,-0.446,0.000,2.142,0.784,0.025,-0.096,0.010,0.193
355.711,0.000,-0.446,0.000,1.002,-2.926,1.010,-0.045,0.009,0.016
355.716,0.000,-0.446,0.000,0.693,-0.245,2.160,-0.031,0.008,-0.043
355.722,0.000,-0.446,0.000,-0.671,0.492,3.058,0.030,0.008,-0.197
355.727,0.000,-0.446,0.000,0.135,3.432,2.810,-0.006,0.008,-0.078
355.733,0.000,-0.446,0.000,-1.363,5.341,0.617,0.061,0.009,-0.206
355.738,0.000,-0.446,0.000,0.652,4.713,-0.788,-0.029,0.009,0.081
355.744,0.000,-0.297,0.000,-0.495,1.288,-1.721,0.022,0.009,-0.069
355.749,0.000,-0.297,0.000,0.296,1.131,0.618,-0.013,0.009,0.025
355.754,0.000,-0.446,0.000,1.699,3.163,3.337,-0.076,0.009,0.211
355.760,0.000,-0.446,0.000,1.867,7.502,4.851,-0.084,0.007,0.184
355.765,0.000,-0.446,0.000,1.626,10.392,3.773,-0.073,0.006,0.127
355.771,0.000,-0.446,0.000,0.872,10.110,1.102,-0.039,0.005,0.008
355.776,0.000,-0.446,0.000,0.837,9.716,-0.749,-0.038,0.004,-0.010
355.782,0.000,-0.446,0.000,-0.611,6.966,-3.193,0.027,0.004,-0.201
355.787,0.000,-0.297,0.000,-1.500,3.533,-2.167,0.067,0.004,-0.281
355.792,0.000,-0.297,0.000,-0.122,5.295,-1.056,0.005,0.005,-0.037
355.798,0.000,-0.297,0.000,-1.316,7.537,2.642,0.059,0.006,-0.132
355.803,0.000,-0.446,0.000,-2.173,10.913,4.209,0.098,0.009,-0.143
355.809,0.000,-0.446,0.000,-3.349,14.002,5.692,0.151,0.012,-0.204
355.814,0.000,-0.446,0.000,-3.669,17.560,6.140,0.165,0.015,-0.201
355.820,0.000,-0.446,0.000,-3.460,18.181,4.235,0.156,0.017,-0.163
355.825,0.000,-0.446,0.000,-7.723,19.241,0.599,0.348,0.022,-0.650
355.831,0.000,-0.446,0.000,-10.761,18.634,-3.762,0.484,0.028,-0.886
355.836,0.000,-0.446,0.000,-9.729,15.912,-7.204,0.438,0.036,-0.600
355.842,0.000,-0.297,0.000,-6.928,12.686,-7.721,0.312,0.041,-0.182
355.847,0.000,-0.446,0.000,-5.282,11.278,-7.226,0.238,0.045,0.042
355.853,0.000,-0.446,0.000,-3.961,11.554,-3.995,0.178,0.050,0.223
355.858,0.000,-0.446,0.000,-1.082,14.853,0.859,0.049,0.052,0.536
355.864,0.000,-0.446,0.000,-1.480,16.205,5.545,0.067,0.054,0.375
355.869,0.000,-0.446,0.000,-3.407,18.602,4.079,0.153,0.057,0.090
355.875,0.000,-0.446,0.000,-3.866,21.475,1.972,0.174,0.060,0.032
355.880,0.000,-0.446,0.000,-5.660,22.687,0.475,0.255,0.064,-0.166
355.886,0.000,-0.446,0.000,-7.728,23.302,-3.255,0.348,0.070,-0.357
355.891,0.000,-0.446,0.000,-7.887,24.559,-2.277,0.355,0.077,-0.253
355.897,0.000,-0.446,0.000,-8.078,23.337,-0.684,0.364,0.084,-0.189
355.903,0.000,-0.446,0.000,-9.927,21.596,0.472,0.447,0.092,-0.343
355.908,0.000,-0.446,0.000,-11.095,21.155,-0.130,0.499,0.100,-0.387
355.914,0.000,-0.446,0.000,-12.059,21.900,-0.752,0.543,0.110,-0.390
355.919,0.000,-0.446,0.000,-11.755,21.873,0.027,0.529,0.119,-0.282
355.925,0.000,-0.446,0.000,-11.820,22.641,1.285,0.532,0.128,-0.234
355.930,0.000,-0.446,0.000,-11.706,22.735,0.826,0.527,0.137,-0.155
355.936,0.000,-0.446,0.000,-12.668,21.225,1.158,0.570,0.147,-0.228
355.941,0.000,-0.446,0.000,-16.270,20.483,0.348,0.732,0.159,-0.572
355.947,0.000,-0.446,0.000,-19.411,20.115,-1.326,0.873,0.174,-0.774
355.952,0.000,-0.446,0.000,-20.468,21.224,-3.474,0.921,0.190,-0.664
355.958,0.000,-0.446,0.000,-16.604,22.309,-5.192,0.747,0.205,-0.036
355.963,0.000,-0.446,0.000,-14.772,22.369,-5.353,0.665,0.218,0.223
355.969,0.000,-0.446,0.000,-12.347,22.219,-4.624,0.556,0.229,0.511
355.974,0.000,-0.446,0.000,-9.712,21.035,-3.455,0.437,0.238,0.728
355.980,0.000,-0.446,0.000,-7.637,18.131,0.470,0.344,0.245,0.799
355.986,0.000,-0.446,0.000,-3.588,17.287,2.692,0.161,0.249,1.019
355.991,0.000,-0.446,0.000,-2.089,16.523,1.715,0.094,0.250,0.868
355.997,0.000,-0.446,0.000,-2.422,14.458,1.464,0.109,0.250,0.533
356.002,0.000,-0.446,0.000,0.099,12.964,1.271,-0.004,0.250,0.670
356.008,0.000,-0.446,0.000,3.240,13.322,0.173,-0.146,0.249,0.889
356.013,0.000,-0.446,0.000,4.023,16.142,-1.630,-0.181,0.247,0.807
356.019,0.000,-0.446,0.000,4.756,19.264,-1.443,-0.214,0.245,0.784
356.025,0.000,-0.446,0.000,2.409,17.852,-0.549,-0.108,0.243,0.395
356.030,0.000,-0.446,0.000,0.611,14.258,-1.493,-0.028,0.242,0.083
356.036,0.000,-0.446,0.000,0.276,14.619,-1.648,-0.012,0.240,-0.050
356.041,0.000,-0.446,0.000,-3.634,13.586,0.340,0.164,0.240,-0.590
356.047,0.000,-0.446,0.000,-5.046,14.663,1.326,0.227,0.242,-0.673
356.052,0.000,-0.446,0.000,-6.518,17.042,0.883,0.293,0.247,-0.670
356.058,0.000,-0.446,0.000,-8.331,20.130,1.124,0.375,0.255,-0.607
356.063,0.000,-0.446,0.000,-14.131,16.110,0.928,0.636,0.266,-1.007
356.069,0.000,-0.446,0.000,-18.488,13.454,0.803,0.832,0.280,-1.218
356.075,0.000,-0.446,0.000,-22.861,13.394,-0.743,1.029,0.295,-1.465
356.080,0.000,-0.446,0.000,-25.276,16.064,-1.654,1.137,0.312,-1.477
356.086,0.000,-0.446,0.000,-25.597,16.575,-1.034,1.152,0.330,-1.228
356.091,0.000,-0.446,0.000,-26.544,16.739,-0.127,1.194,0.350,-1.029
356.097,0.000,-0.446,0.000,-24.978,15.292,1.288,1.124,0.370,-0.540
356.102,0.000,-0.446,0.000,-25.897,11.559,0.604,1.165,0.390,-0.467
356.108,0.000,-0.446,0.000,-27.096,7.307,-0.378,1.219,0.412,-0.451
356.113,0.297,-0.297,0.000,-26.944,6.272,-0.011,1.226,0.432,-0.339
356.119,0.297,-0.297,0.000,-23.973,3.183,1.512,1.092,0.452,0.051
356.125,0.297,-0.297,0.000,-21.758,0.235,2.979,0.993,0.470,0.309
356.131,0.297,-0.297,0.000,-21.565,-3.953,-0.653,0.984,0.488,0.277
356.136,0.297,-0.297,0.000,-20.526,-4.974,-2.792,0.937,0.505,0.300
356.142,0.297,-0.297,0.000,-17.668,-6.569,-2.971,0.808,0.519,0.497
356.148,0.297,-0.297,0.000,-16.253,-11.968,1.468,0.745,0.533,0.519
356.154,0.297,-0.297,0.000,-13.669,-17.610,4.202,0.628,0.545,0.650
356.160,0.297,-0.297,0.000,-13.200,-15.441,3.018,0.607,0.557,0.555
356.166,5.589,-2.248,-20.000,-9.157,-16.150,1.991,0.664,0.569,0.832
356.172,5.589,-2.248,-20.000,-10.085,-22.739,-2.691,0.705,0.583,0.521
356.179,5.589,-2.248,-20.000,-10.769,-23.675,-3.880,0.736,0.598,0.315
356.186,5.758,-2.096,-22.000,-9.731,-16.905,-5.344,0.697,0.612,0.331
356.192,5.758,-2.096,-22.000,-7.332,-12.756,-10.343,0.589,0.626,0.486
356.199,5.928,-2.248,-26.000,-11.477,-15.422,-11.667,0.783,0.641,-0.011
356.206,5.928,-2.248,-26.000,-10.352,-15.123,-12.894,0.733,0.656,0.075
356.212,5.928,-2.096,-47.000,-12.318,-9.519,-14.769,0.821,0.673,-0.126
356.219,5.928,-2.096,-53.000,-12.270,-4.182,-16.888,0.819,0.690,-0.084
356.226,5.928,-2.096,-53.000,-14.078,-3.622,-18.713,0.900,0.708,-0.235
356.232,6.272,-2.400,-74.000,-9.615,0.892,-25.118,0.715,0.724,0.218
356.238,6.272,-2.400,-74.000,-11.221,3.669,-29.735,0.787,0.740,0.043
356.245,6.621,-2.248,-79.000,-14.709,-2.270,-34.349,0.960,0.759,-0.289
356.252,6.621,-2.248,-79.000,-15.144,0.362,-41.648,0.979,0.779,-0.280
356.259,7.333,-2.248,-85.000,-16.982,0.350,-43.523,1.094,0.800,-0.382
356.265,7.883,-2.248,-87.000,-16.655,2.739,-47.707,1.104,0.823,-0.259
356.272,7.883,-2.248,-87.000,-19.563,0.530,-52.269,1.235,0.847,-0.457
356.278,7.883,-2.248,-87.000,-19.477,4.475,-57.399,1.231,0.872,-0.344
356.285,10.019,-2.248,-101.000,-19.442,-2.157,-55.335,1.326,0.898,-0.246
356.292,10.019,-2.248,-101.000,-21.699,-3.611,-57.984,1.427,0.926,-0.401
356.299,10.019,-2.248,-101.000,-20.356,-2.048,-60.685,1.367,0.954,-0.176
356.305,10.019,-2.248,-101.000,-21.796,1.414,-64.386,1.432,0.982,-0.270
356.312,13.777,-2.400,-116.000,-13.644,-1.679,-65.220,1.234,1.008,0.604
356.318,13.777,-2.400,-116.000,-11.887,-2.300,-70.694,1.155,1.030,0.658
356.324,15.777,-3.014,-126.000,-4.282,-2.702,-74.670,0.903,1.048,1.236
356.331,15.777,-3.014,-126.000,-0.480,0.729,-79.101,0.732,1.065,1.295
356.338,16.569,-2.860,-129.000,4.659,-3.324,-81.246,0.536,1.078,1.457
356.344,16.569,-2.860,-129.000,9.452,-3.016,-83.603,0.320,1.087,1.544
356.351,16.569,-2.706,-129.000,11.067,-0.992,-90.517,0.248,1.093,1.303
356.358,16.569,-2.553,-130.000,13.370,6.704,-94.325,0.144,1.097,1.187
356.364,16.569,-2.553,-130.000,12.971,5.654,-95.885,0.162,1.099,0.811
356.371,16.569,-2.553,-130.000,14.965,5.222,-95.321,0.072,1.101,0.770
356.378,16.569,-2.553,-130.000,13.766,-0.469,-97.118,0.126,1.103,0.480
356.385,16.569,-2.553,-130.000,15.367,4.103,-99.375,0.054,1.105,0.511
356.391,16.569,-2.553,-130.000,11.568,6.800,-102.225,0.225,1.109,0.048
356.398,16.569,-2.553,-130.000,13.240,6.899,-100.129,0.150,1.112,0.166
356.405,19.697,-2.553,-137.000,9.919,6.433,-101.665,0.440,1.120,-0.182
356.412,19.697,-2.553,-137.000,14.955,7.853,-102.765,0.213,1.127,0.345
356.418,22.209,-2.706,-138.000,8.298,15.131,-109.584,0.626,1.137,-0.352
356.425,22.209,-2.706,-138.000,11.719,18.932,-110.947,0.472,1.149,0.064
356.432,22.209,-2.706,-138.000,9.005,20.821,-113.714,0.594,1.160,-0.193
356.439,22.209,-2.706,-138.000,14.539,18.080,-113.948,0.345,1.169,0.342
356.445,22.209,-2.400,-138.000,14.624,18.080,-115.049,0.341,1.177,0.329
356.451,22.209,-2.400,-137.000,15.685,12.414,-116.723,0.294,1.184,0.357
356.457,22.209,-2.400,-137.000,19.281,15.522,-117.810,0.132,1.188,0.651
356.464,21.243,-2.248,-137.000,21.138,16.312,-116.820,0.005,1.190,0.683
356.470,21.243,-2.248,-137.000,22.763,17.142,-115.767,-0.068,1.189,0.658
356.477,21.243,-2.248,-137.000,26.392,14.310,-115.084,-0.232,1.184,0.817
356.484,21.243,-2.248,-137.000,23.890,5.322,-119.606,-0.119,1.180,0.383
356.490,19.697,-2.248,-137.000,29.601,6.587,-122.434,-0.446,1.172,0.810
356.497,19.697,-2.248,-137.000,27.398,10.102,-122.345,-0.347,1.164,0.424
356.504,19.697,-2.248,-137.000,28.362,13.146,-119.131,-0.390,1.156,0.409
356.510,18.808,-1.793,-137.000,30.382,9.794,-120.812,-0.521,1.147,0.524
356.517,18.808,-1.793,-137.000,27.454,7.971,-122.984,-0.389,1.137,0.096
356.523,18.808,-1.793,-137.000,31.062,5.861,-124.966,-0.551,1.128,0.438
356.530,18.808,-1.793,-137.000,28.711,6.679,-125.243,-0.446,1.118,0.123
356.536,17.387,-1.642,-137.000,28.162,10.130,-124.024,-0.485,1.107,0.027
356.543,17.387,-1.642,-137.000,28.534,6.071,-123.679,-0.502,1.096,0.041
356.550,15.518,-1.642,-113.000,28.000,5.539,-124.695,-0.562,1.084,-0.003
356.556,14.757,-1.192,-101.000,28.303,3.219,-124.979,-0.610,1.072,0.043
356.563,14.757,-1.192,-101.000,28.958,3.198,-122.608,-0.639,1.061,0.135
356.569,14.757,-1.192,-101.000,28.114,4.281,-118.476,-0.601,1.049,0.040
356.575,14.757,-1.192,-101.000,27.736,6.161,-113.088,-0.584,1.037,0.012
356.582,10.430,-1.192,-50.000,26.622,5.429,-110.751,-0.729,1.022,-0.121
356.588,9.219,-1.043,-21.000,26.939,4.001,-104.134,-0.797,1.006,-0.083
356.595,9.219,-1.043,-21.000,27.888,3.647,-93.835,-0.840,0.989,0.016
356.601,6.621,-0.893,-1.000,31.439,7.718,-79.487,-1.117,0.969,0.365
356.608,6.621,-0.893,-1.000,28.247,4.743,-70.883,-0.973,0.948,-0.043
356.614,6.621,-0.893,-1.000,26.841,3.236,-61.270,-0.910,0.929,-0.198
356.621,5.089,-0.744,0.000,25.953,3.016,-55.525,-0.939,0.910,-0.206
356.628,4.598,-0.595,0.000,22.466,-0.444,-53.051,-0.804,0.893,-0.454
356.634,4.598,-0.595,0.000,20.852,-3.078,-49.983,-0.731,0.878,-0.506
356.640,3.482,-0.446,0.000,19.755,-4.550,-48.146,-0.732,0.863,-0.524
356.647,3.482,-0.446,0.000,18.430,-1.154,-48.284,-0.673,0.848,-0.544
356.653,3.014,-0.446,0.000,16.085,0.926,-43.737,-0.588,0.835,-0.640
356.660,1.043,-0.446,0.000,15.836,-0.873,-41.496,-0.666,0.821,-0.515
356.666,0.595,-0.446,0.000,16.344,-3.063,-37.950,-0.709,0.808,-0.297
356.672,0.595,-0.446,0.000,16.433,-3.472,-34.403,-0.713,0.794,-0.183
356.678,0.149,-0.446,0.000,17.814,-5.552,-31.786,-0.795,0.780,0.036
356.684,0.149,-0.446,0.000,18.615,-5.922,-32.299,-0.831,0.767,0.167
356.689,0.000,-0.446,0.000,18.802,-7.527,-33.799,-0.846,0.754,0.219
356.695,0.000,-0.446,0.000,17.442,-7.622,-32.242,-0.785,0.740,0.041
356.700,0.000,-0.446,0.000,17.182,-10.501,-30.798,-0.773,0.728,0.047
356.706,0.000,-0.446,0.000,16.545,-9.360,-26.700,-0.745,0.717,0.081
356.711,0.000,-0.446,0.000,14.332,-9.897,-26.230,-0.645,0.706,-0.113
356.717,0.000,-0.446,0.000,13.546,-10.382,-25.654,-0.610,0.696,-0.132
356.723,0.000,-0.446,0.000,13.517,-8.624,-22.801,-0.608,0.687,0.013
356.728,0.000,-0.446,0.000,10.814,-5.419,-21.004,-0.487,0.679,-0.213
356.734,0.000,-0.446,0.000,9.322,-2.508,-19.543,-0.419,0.672,-0.305
356.739,0.000,-0.446,0.000,9.305,-1.758,-17.341,-0.419,0.665,-0.192
356.744,0.000,-0.446,0.000,9.590,-2.169,-17.893,-0.432,0.659,-0.079
356.750,0.000,-0.446,0.000,8.261,-1.654,-16.573,-0.372,0.651,-0.225
356.756,0.149,-0.446,0.000,7.062,-4.568,-19.445,-0.311,0.645,-0.324
356.761,0.149,-0.446,0.000,5.082,-7.325,-20.083,-0.222,0.641,-0.460
356.767,0.149,-0.446,0.000,1.167,-7.286,-20.520,-0.046,0.639,-0.834
356.772,0.297,-0.446,0.000,0.707,-6.827,-19.020,-0.018,0.637,-0.709
356.778,0.297,-0.446,0.000,0.280,-7.508,-15.561,0.001,0.636,-0.617
356.784,0.297,-0.446,0.000,-1.677,-6.901,-16.198,0.089,0.637,-0.678
356.790,0.595,-0.446,0.000,-4.305,-7.304,-14.621,0.220,0.640,-0.806
356.796,0.893,-0.446,0.000,-3.093,-9.277,-12.490,0.179,0.644,-0.504
356.803,0.893,-0.446,0.000,-1.636,-9.062,-13.000,0.114,0.647,-0.216
356.809,5.758,-0.744,0.000,0.239,-7.257,-12.285,0.248,0.651,0.076
356.816,5.758,-0.744,0.000,-0.344,-8.660,-13.825,0.275,0.658,0.050
356.823,8.069,-0.744,0.000,-0.289,-6.563,-14.285,0.376,0.666,0.068
356.829,8.069,-0.744,0.000,-1.958,-3.375,-12.354,0.451,0.674,-0.125
356.836,11.493,-0.744,0.000,-1.941,0.205,-10.689,0.605,0.686,-0.133
356.843,11.493,-0.744,0.000,-1.898,3.336,-8.210,0.603,0.697,-0.133
356.850,14.018,-0.744,0.000,2.836,2.140,-7.024,0.503,0.709,0.345
356.856,14.757,-0.744,0.000,2.693,1.014,-9.823,0.543,0.721,0.296
356.863,15.008,-0.744,0.000,-0.057,0.051,-11.724,0.678,0.736,0.011
356.870,15.008,-0.744,0.000,-1.485,0.764,-10.866,0.742,0.751,-0.133
356.877,15.008,-0.744,0.000,-1.233,0.798,-11.522,0.731,0.765,-0.138
356.883,15.008,-0.744,0.000,1.256,0.090,-8.752,0.619,0.778,0.080
356.890,15.008,-0.744,0.000,2.061,0.436,-7.094,0.583,0.789,0.087
356.897,15.008,-0.744,0.000,2.989,-2.592,-6.516,0.541,0.801,0.126
356.904,15.008,-0.744,0.000,6.581,-3.545,-4.296,0.379,0.810,0.410
356.911,15.008,-0.744,0.000,7.508,-4.908,-5.413,0.337,0.818,0.417
356.917,19.398,-0.744,0.000,6.775,-8.448,-6.796,0.568,0.828,0.297
356.924,20.000,-0.893,0.000,7.178,-7.216,-8.759,0.577,0.840,0.272
356.930,20.000,-0.893,0.000,7.446,-5.514,-7.361,0.565,0.852,0.227
356.937,23.207,-0.893,0.000,8.895,-4.856,-5.980,0.644,0.865,0.308
356.944,24.587,-0.893,0.000,9.057,-2.320,-4.988,0.699,0.878,0.211
356.950,24.587,-0.893,0.000,11.109,-3.523,-4.118,0.607,0.891,0.350
356.957,26.395,-0.893,0.000,15.390,-3.614,-4.296,0.495,0.903,0.692
356.963,27.145,-0.744,0.000,15.067,-4.600,-5.424,0.544,0.915,0.539
356.970,27.145,-0.744,0.000,14.447,-1.919,-6.154,0.571,0.927,0.350
356.977,27.145,-0.744,0.000,13.757,0.833,-5.484,0.602,0.939,0.185
356.983,29.491,-0.744,0.000,17.084,3.605,-3.639,0.558,0.951,0.402
356.990,30.306,-0.744,0.000,17.351,4.823,-0.466,0.583,0.962,0.283
356.997,35.101,-0.744,0.000,20.198,1.294,-3.012,0.671,0.975,0.487
357.004,37.951,-0.744,0.000,19.839,-1.349,-5.006,0.815,0.991,0.356
357.011,43.099,-0.744,0.000,19.894,2.734,-4.557,1.044,1.010,0.297
357.017,43.099,-0.744,0.000,22.092,0.958,-6.187,0.945,1.030,0.444
357.024,43.099,-0.744,0.000,23.288,1.680,-6.101,0.891,1.048,0.441
357.030,59.080,-0.595,0.000,21.931,0.440,-4.665,1.672,1.074,0.197
357.036,59.080,-0.595,0.000,24.775,0.148,-1.403,1.544,1.100,0.455
357.043,75.142,-0.595,0.000,24.446,0.760,-1.675,2.281,1.130,0.342
357.049,78.561,-0.595,0.000,26.217,1.265,-2.826,2.355,1.163,0.478
357.055,78.561,-0.595,0.000,30.664,-0.277,-2.280,2.155,1.199,0.836
357.062,78.561,-0.595,0.000,34.812,0.176,-2.821,1.969,1.232,1.042
357.068,94.497,-0.595,0.000,37.223,-0.551,-3.076,2.577,1.267,1.042
357.074,95.509,-0.595,0.000,39.872,0.893,-1.276,2.504,1.304,1.010
357.080,95.509,-0.595,0.000,43.046,1.924,-1.252,2.361,1.342,1.014
357.086,95.509,-0.446,0.000,47.531,-0.060,-1.737,2.159,1.380,1.178
357.093,95.509,-0.446,0.000,54.723,-1.248,-2.293,1.835,1.416,1.571
357.099,95.509,-0.446,0.000,58.673,-3.022,-4.697,1.658,1.449,1.570
357.106,95.509,-0.446,0.000,62.393,-1.330,-5.399,1.490,1.479,1.541
357.113,77.695,-0.595,0.000,67.281,1.007,-5.247,0.469,1.495,1.677
357.119,74.306,-0.595,0.000,75.179,0.993,-3.135,-0.039,1.497,2.071
357.125,55.033,-0.595,0.000,79.044,-0.201,-0.448,-1.080,1.491,1.996
357.131,55.033,-0.595,0.000,83.550,-4.043,-0.376,-1.283,1.475,1.957
357.138,55.033,-0.595,0.000,87.870,-5.786,-3.246,-1.478,1.454,1.907
357.144,55.033,-0.595,0.000,87.972,-6.654,-4.293,-1.482,1.430,1.497
357.150,28.300,-0.446,0.000,87.673,-8.881,-8.145,-2.672,1.404,1.182
357.157,26.026,-0.446,0.000,87.880,-6.476,-8.094,-2.783,1.370,0.953
357.163,17.666,-0.446,0.000,86.105,-8.153,-7.398,-3.080,1.331,0.544
357.170,17.666,-0.446,0.000,82.486,-8.362,-6.536,-2.917,1.288,0.035
357.176,14.757,-0.297,0.000,78.745,-8.281,-5.183,-2.879,1.245,-0.382
357.182,14.757,-0.297,0.000,70.854,-4.279,-2.300,-2.524,1.202,-1.121
357.189,8.256,-0.297,0.000,62.645,-4.353,-2.223,-2.447,1.162,-1.694
357.195,6.621,-0.297,0.000,57.093,-4.461,-2.683,-2.271,1.124,-1.848
357.201,6.621,-0.297,0.000,51.076,-3.260,-3.483,-2.000,1.087,-1.950
357.208,6.621,-0.297,0.000,44.680,-5.719,-4.748,-1.713,1.056,-2.064
357.214,3.014,-0.297,0.000,37.578,-8.142,-7.113,-1.555,1.027,-2.216
357.220,3.014,-0.297,0.000,31.713,-6.265,-7.599,-1.291,1.002,-2.238
357.226,0.297,-0.446,0.000,27.227,-5.505,-7.219,-1.212,0.979,-2.127
357.232,0.297,-0.446,0.000,20.976,-4.103,-5.173,-0.931,0.961,-2.210
357.238,0.297,-0.446,0.000,18.048,-4.198,-4.353,-0.799,0.945,-1.987
357.244,0.000,-0.446,0.000,15.817,-5.784,-4.034,-0.712,0.930,-1.843
357.250,0.000,-0.446,0.000,12.779,-6.037,-3.976,-0.575,0.917,-1.795
357.255,0.000,-0.446,0.000,10.577,-6.795,-3.978,-0.476,0.907,-1.649
357.261,0.000,-0.446,0.000,9.419,-7.613,-3.064,-0.424,0.899,-1.382
357.266,0.000,-0.446,0.000,9.638,-8.317,-3.655,-0.434,0.892,-1.001
357.272,0.000,-0.446,0.000,11.690,-6.890,-2.255,-0.526,0.883,-0.485
357.277,0.000,-0.446,0.000,11.703,-6.145,-2.174,-0.527,0.874,-0.363
357.283,0.000,-0.446,0.000,10.250,-5.465,-2.902,-0.461,0.865,-0.444
357.288,0.000,-0.446,0.000,11.190,-4.924,-3.511,-0.504,0.857,-0.213
357.294,0.000,-0.446,0.000,10.655,-3.477,-4.011,-0.479,0.848,-0.240
357.299,0.000,-0.446,0.000,9.035,-2.174,-4.692,-0.407,0.840,-0.365
357.305,0.000,-0.446,0.000,9.326,-1.385,-4.615,-0.420,0.832,-0.272
357.310,0.000,-0.446,0.000,8.091,-3.950,-4.641,-0.364,0.824,-0.396
357.316,0.000,-0.446,0.000,6.387,-6.173,-3.421,-0.287,0.817,-0.565
357.321,0.000,-0.446,0.000,7.540,-5.885,-4.312,-0.339,0.810,-0.348
357.327,0.000,-0.446,0.000,7.395,-6.114,-4.992,-0.333,0.804,-0.312
357.332,0.000,-0.446,0.000,5.892,-7.395,-3.872,-0.265,0.797,-0.471
357.338,0.000,-0.446,0.000,5.398,-7.303,-3.857,-0.243,0.792,-0.441
357.343,0.000,-0.446,0.000,5.044,-5.323,-4.564,-0.227,0.788,-0.370
357.349,0.000,-0.446,0.000,3.135,-3.391,-4.323,-0.141,0.786,-0.461
357.354,0.000,-0.446,0.000,2.039,-2.762,-3.376,-0.092,0.785,-0.439
357.359,0.000,-0.595,0.000,2.106,-5.120,-4.706,-0.095,0.783,-0.309
357.365,-0.149,-0.595,0.000,1.806,-4.690,-5.014,-0.088,0.782,-0.255
357.370,-0.149,-0.595,0.000,0.808,-5.169,-4.925,-0.043,0.781,-0.309
357.375,-0.149,-0.595,0.000,-1.805,-4.054,-5.319,0.075,0.782,-0.528
357.380,-0.149,-0.744,0.000,-3.960,-5.008,-6.772,0.172,0.784,-0.640
357.386,-0.297,-0.595,0.000,-3.984,-2.959,-5.956,0.166,0.788,-0.462
357.392,-0.297,-0.595,0.000,-3.557,-1.447,-5.977,0.147,0.792,-0.264
357.397,-0.297,-0.595,0.000,-3.904,0.607,-6.126,0.162,0.795,-0.212
357.403,-0.744,-0.595,0.000,-7.512,-0.108,-4.950,0.305,0.801,-0.498
357.410,-1.342,-0.595,0.000,-10.977,-2.529,-4.212,0.434,0.808,-0.752
357.416,-1.342,-0.595,0.000,-11.042,-1.145,-3.202,0.436,0.817,-0.595
357.422,-2.706,-0.595,0.000,-10.830,1.085,-5.211,0.366,0.825,-0.396
357.428,-3.169,-0.595,0.000,-12.787,-0.782,-3.806,0.433,0.833,-0.484
357.435,-3.482,-0.595,0.000,-14.612,-4.863,-3.703,0.501,0.842,-0.559
357.441,-4.924,-0.595,0.000,-13.165,-5.953,-2.864,0.371,0.851,-0.283
357.446,-4.924,-0.595,0.000,-15.705,-5.519,-2.564,0.485,0.859,-0.506
357.452,-4.924,-0.595,0.000,-16.464,-5.883,-2.394,0.519,0.869,-0.441
357.458,-4.924,-0.595,0.000,-14.009,-8.359,-0.839,0.409,0.877,-0.043
357.464,-7.698,-0.595,0.000,-13.266,-11.613,-2.609,0.251,0.884,0.055
357.470,-7.698,-0.595,0.000,-13.198,-8.371,-4.805,0.247,0.889,0.062
357.476,-8.829,-0.595,0.000,-12.467,-8.028,-6.026,0.164,0.893,0.128
357.482,-11.062,-0.744,0.000,-14.812,-10.150,-5.249,0.169,0.896,-0.121
357.489,-12.155,-0.744,0.000,-14.967,-13.541,-4.181,0.127,0.898,-0.138
357.496,-12.155,-0.744,0.000,-13.485,-8.614,-2.729,0.060,0.900,0.031
357.503,-16.302,-0.744,0.000,-15.970,-9.997,-1.617,-0.015,0.901,-0.197
357.509,-17.387,-0.744,0.000,-18.416,-10.479,-1.969,0.046,0.902,-0.400
357.516,-17.387,-0.744,0.000,-16.539,-7.149,-2.185,-0.038,0.902,-0.119
357.523,-17.387,-0.744,0.000,-17.679,-8.248,-3.243,0.013,0.902,-0.183
357.529,-20.615,-0.744,0.000,-19.581,-6.302,-3.516,-0.047,0.901,-0.310
357.536,-20.927,-0.744,0.000,-19.847,-6.428,-3.058,-0.049,0.900,-0.255
357.543,-22.871,-0.744,0.000,-20.011,-5.879,-5.223,-0.129,0.897,-0.218
357.550,-24.941,-0.744,0.000,-19.767,-1.609,-4.470,-0.233,0.893,-0.133
357.556,-24.941,-0.744,0.000,-23.775,-1.101,-1.458,-0.052,0.891,-0.458
357.563,-24.941,-0.744,0.000,-25.610,-2.098,-0.482,0.030,0.891,-0.529
357.570,-24.941,-0.744,0.000,-26.442,6.281,-2.844,0.068,0.892,-0.483
357.576,-34.642,-0.744,0.000,-29.271,9.514,-4.626,-0.242,0.887,-0.604
357.583,-34.642,-0.744,0.000,-29.707,6.891,-2.792,-0.222,0.883,-0.494
357.590,-44.191,-0.744,0.000,-29.708,6.116,-2.359,-0.652,0.873,-0.378
357.597,-45.869,-0.744,0.000,-32.828,4.923,-3.790,-0.587,0.862,-0.576
357.603,-45.869,-0.744,0.000,-35.346,3.240,-5.500,-0.474,0.852,-0.679
357.610,-51.209,-0.744,0.000,-34.208,3.222,-2.036,-0.765,0.840,-0.411
357.617,-52.459,-0.744,0.000,-36.136,2.629,2.163,-0.735,0.827,-0.469
357.623,-52.459,-0.744,0.000,-39.666,0.852,-0.212,-0.576,0.815,-0.679
357.630,-55.692,-0.744,0.000,-39.375,-0.215,-1.461,-0.734,0.800,-0.509
357.637,-57.706,-0.744,0.000,-40.446,-0.275,-1.088,-0.777,0.784,-0.474
357.644,-57.706,-0.744,0.000,-43.408,-0.477,-3.309,-0.643,0.771,-0.606
357.650,-57.706,-0.744,0.000,-46.358,1.021,-3.583,-0.511,0.760,-0.727
357.657,-57.706,-0.744,0.000,-47.381,-3.995,-0.520,-0.465,0.749,-0.661
357.664,-57.706,-0.744,0.000,-47.338,-7.430,-1.847,-0.467,0.738,-0.499
357.671,-75.142,-0.595,0.000,-49.856,-2.703,-4.243,-1.138,0.727,-0.610
357.677,-75.142,-0.595,0.000,-51.422,-2.279,-2.045,-1.067,0.709,-0.588
357.683,-75.142,-0.595,0.000,-55.057,-4.867,-1.743,-0.904,0.692,-0.835
357.689,-85.769,-0.595,0.000,-54.970,-6.812,-2.070,-1.386,0.673,-0.638
357.695,-87.651,-0.595,0.000,-56.492,-7.552,-1.908,-1.402,0.651,-0.630
357.702,-87.651,-0.595,0.000,-57.766,-3.548,-1.874,-1.345,0.628,-0.561
357.708,-87.651,-0.595,0.000,-65.036,-3.602,-2.397,-1.018,0.608,-1.156
357.715,-94.497,-0.446,0.000,-64.918,-5.496,-0.653,-1.331,0.583,-0.897
357.721,-96.529,-0.446,0.000,-67.167,-0.572,-1.036,-1.321,0.559,-0.886
357.728,-96.529,-0.446,0.000,-72.375,0.021,0.652,-1.087,0.538,-1.141
357.734,-100.698,-0.446,0.000,-77.014,-3.459,-0.347,-1.066,0.518,-1.306
357.741,-100.698,-0.446,0.000,-78.732,-2.203,-2.819,-0.988,0.498,-1.178
357.747,-100.698,-0.446,0.000,-78.275,1.327,-4.922,-1.009,0.478,-0.845
357.754,-100.698,-0.446,0.000,-84.016,2.316,-3.756,-0.751,0.462,-1.138
357.760,-106.109,-0.446,0.000,-89.723,-0.890,-2.865,-0.737,0.446,-1.417
357.767,-106.109,-0.446,0.000,-93.026,-0.154,-1.893,-0.589,0.432,-1.421
357.773,-111.749,-0.446,0.000,-95.543,3.612,-1.446,-0.729,0.420,-1.307
357.780,-111.749,-0.297,0.000,-99.956,3.676,-0.862,-0.531,0.408,-1.403
357.786,-111.749,-0.297,0.000,-103.760,1.575,-0.034,-0.359,0.400,-1.419
357.793,-111.749,-0.297,0.000,-107.354,0.366,0.386,-0.198,0.395,-1.445
357.799,-111.749,-0.297,0.000,-109.892,2.092,0.186,-0.084,0.393,-1.329
357.805,-111.749,-0.297,0.000,-114.136,2.681,0.567,0.107,0.393,-1.446
357.811,-116.430,-0.446,0.000,-118.934,1.623,-0.859,0.113,0.397,-1.577
357.818,-120.042,-0.446,0.000,-121.805,-1.336,-2.882,0.079,0.400,-1.482
357.824,-120.042,-0.446,0.000,-122.664,-1.473,-4.704,0.118,0.402,-1.189
357.831,-120.042,-0.446,0.000,-126.011,-3.792,-3.096,0.269,0.407,-1.191
357.837,-121.266,-0.446,0.000,-126.946,-3.029,-3.027,0.256,0.412,-0.977
357.844,-121.266,-0.446,0.000,-129.802,0.138,-2.992,0.384,0.418,-1.022
357.850,-121.266,-0.446,0.000,-131.722,-4.287,-1.090,0.471,0.428,-0.942
357.857,-121.266,-0.446,0.000,-133.165,-6.830,-1.623,0.535,0.438,-0.859
357.863,-120.042,-0.446,0.000,-135.221,0.108,-1.018,0.683,0.451,-0.861
357.870,-120.042,-0.446,0.000,-137.486,3.662,0.068,0.785,0.466,-0.850
357.876,-120.042,-0.297,0.000,-141.483,1.160,-0.179,0.965,0.484,-1.043
357.882,-120.042,-0.297,0.000,-141.580,-2.424,0.570,0.969,0.502,-0.823
357.889,-111.749,-0.297,0.000,-142.304,-3.177,-0.272,1.375,0.525,-0.723
357.895,-111.749,-0.297,0.000,-143.378,-0.457,-1.225,1.423,0.551,-0.632
357.901,-111.749,-0.297,0.000,-141.738,-2.132,-0.576,1.350,0.577,-0.311
357.907,-111.749,-0.297,0.000,-141.821,-1.237,-0.916,1.353,0.602,-0.233
357.913,-111.749,-0.297,0.000,-142.877,-1.597,-0.981,1.401,0.627,-0.292
357.920,-70.237,-0.446,0.000,-143.142,-4.659,1.848,3.281,0.654,-0.226
357.926,-70.237,-0.446,0.000,-142.510,-6.380,3.389,3.252,0.690,-0.127
357.933,-70.237,-0.446,0.000,-141.483,-6.026,0.854,3.206,0.735,0.011
357.939,-70.237,-0.446,0.000,-136.949,-0.919,-0.010,3.002,0.784,0.461
357.946,-46.440,-0.446,0.000,-134.828,-0.237,-0.089,3.977,0.827,0.540
357.952,-46.440,-0.446,0.000,-132.090,3.046,-0.410,3.854,0.880,0.638
357.959,-31.561,-0.446,0.000,-126.580,4.349,1.259,4.276,0.931,1.042
357.965,-24.587,-0.446,0.000,-124.076,4.383,2.783,4.477,0.986,1.034
357.972,-24.587,-0.446,0.000,-119.042,7.784,2.048,4.250,1.046,1.278
357.979,-15.008,-0.446,0.000,-112.447,10.240,1.354,4.385,1.110,1.615
357.985,-15.008,-0.446,0.000,-108.229,9.051,-0.457,4.195,1.173,1.627
357.992,-11.932,-0.446,0.000,-101.250,13.483,-0.866,4.019,1.234,1.913
357.998,-11.932,-0.446,0.000,-92.134,9.563,1.495,3.609,1.293,2.323
358.005,-7.883,-0.446,0.000,-85.865,9.514,3.495,3.509,1.350,2.366
358.011,-6.446,-0.446,0.000,-79.780,13.678,4.074,3.300,1.404,2.369
358.018,-6.446,-0.446,0.000,-71.975,13.885,3.671,2.949,1.456,2.560
358.024,-6.446,-0.446,0.000,-66.296,12.380,1.499,2.693,1.505,2.468
358.031,-3.955,-0.446,0.000,-58.628,13.852,1.368,2.460,1.550,2.542
358.037,-3.955,-0.446,0.000,-52.327,13.295,2.330,2.177,1.592,2.552
358.044,-3.955,-0.446,0.000,-45.535,11.869,4.544,1.871,1.628,2.602
358.050,-0.446,-0.446,0.000,-40.152,11.390,4.464,1.787,1.662,2.477
358.057,-0.446,-0.446,0.000,-35.792,12.234,2.371,1.591,1.692,2.258
358.063,-0.446,-0.446,0.000,-31.391,11.565,2.185,1.392,1.720,2.143
358.069,0.000,-0.446,0.000,-28.108,10.376,2.931,1.265,1.742,1.950
358.074,0.000,-0.446,0.000,-25.562,8.972,2.055,1.150,1.762,1.708
358.080,0.000,-0.446,0.000,-22.759,9.385,2.762,1.024,1.779,1.561
358.085,0.000,-0.446,0.000,-21.472,8.560,4.802,0.966,1.795,1.274
358.091,0.000,-0.446,0.000,-21.053,7.197,5.125,0.947,1.811,0.970
358.096,0.000,-0.446,0.000,-21.013,5.094,6.148,0.946,1.827,0.739
358.102,0.000,-0.446,0.000,-20.561,1.931,5.960,0.925,1.844,0.644
358.107,0.000,-0.446,0.000,-18.458,1.030,4.117,0.831,1.859,0.765
358.113,0.000,-0.446,0.000,-16.906,2.657,3.041,0.761,1.873,0.762
358.118,0.000,-0.446,0.000,-17.017,5.533,1.889,0.766,1.887,0.575
358.124,0.000,-0.446,0.000,-14.709,7.455,1.456,0.662,1.899,0.712
358.129,0.000,-0.446,0.000,-12.181,9.189,1.747,0.548,1.910,0.836
358.135,0.297,-0.446,0.000,-10.033,11.375,4.450,0.465,1.919,0.884
358.141,0.297,-0.446,0.000,-9.761,11.635,5.204,0.453,1.929,0.712
358.147,0.297,-0.446,0.000,-9.107,13.967,4.784,0.423,1.937,0.596
358.153,0.297,-0.446,0.000,-6.882,15.538,3.018,0.323,1.943,0.657
358.159,1.642,-0.446,0.000,-5.384,17.212,2.212,0.316,1.949,0.630
358.166,1.642,-0.446,0.000,-4.088,17.297,3.928,0.258,1.955,0.592
358.172,4.760,-0.446,0.000,-0.539,19.109,4.243,0.238,1.959,0.776
358.179,4.760,-0.446,0.000,1.145,19.920,3.545,0.163,1.963,0.742
358.185,4.760,-0.446,0.000,4.260,18.401,2.567,0.022,1.965,0.868
358.192,8.446,-0.446,0.000,5.059,18.257,5.677,0.152,1.968,0.735
358.198,9.615,-0.446,0.000,9.149,15.617,5.496,0.021,1.969,0.918
358.205,9.615,-0.446,0.000,11.210,15.637,3.118,-0.072,1.969,0.896
358.211,15.008,-0.446,0.000,14.822,18.323,2.731,0.008,1.967,1.042
358.218,17.666,-0.446,0.000,14.828,10.593,5.201,0.128,1.967,0.774
358.225,17.666,-0.446,0.000,19.113,9.414,4.053,-0.065,1.968,1.002
358.231,17.666,-0.446,0.000,21.712,17.264,2.730,-0.182,1.964,0.978
358.238,24.236,-0.446,0.000,25.680,15.729,4.316,-0.065,1.964,1.128
358.244,24.236,-0.446,0.000,26.887,11.485,4.736,-0.119,1.962,0.960
358.251,24.236,-0.446,0.000,28.672,10.533,4.437,-0.200,1.959,0.895
358.257,28.300,-0.446,0.000,32.894,13.106,3.348,-0.207,1.953,1.059
358.264,28.693,-0.446,0.000,33.906,17.071,3.226,-0.235,1.949,0.908
358.270,28.693,-0.446,0.000,35.730,13.731,3.307,-0.317,1.942,0.839
358.277,28.693,-0.446,0.000,37.939,10.337,3.991,-0.416,1.934,0.830
358.283,28.693,-0.446,0.000,39.690,10.948,4.320,-0.495,1.925,0.809
358.290,28.693,-0.446,0.000,39.145,13.188,4.673,-0.470,1.915,0.558
358.296,28.693,-0.446,0.000,42.078,10.234,5.534,-0.602,1.903,0.684
358.303,38.940,-0.446,0.000,42.589,8.256,5.143,-0.164,1.894,0.582
358.309,38.940,-0.446,0.000,43.936,11.443,4.423,-0.225,1.890,0.558
358.316,38.940,-0.446,0.000,44.537,13.557,4.208,-0.252,1.885,0.490
358.322,48.185,-0.446,0.000,45.453,12.020,3.948,0.123,1.888,0.468
358.329,51.831,-0.446,0.000,45.507,11.615,4.482,0.285,1.892,0.348
358.335,51.831,-0.446,0.000,49.297,14.389,4.141,0.114,1.894,0.601
358.342,55.033,-0.446,0.000,51.246,16.062,5.131,0.170,1.897,0.664
358.348,55.033,-0.446,0.000,52.560,12.580,5.669,0.111,1.900,0.634
358.355,55.033,-0.446,0.000,53.886,15.877,4.228,0.052,1.900,0.585
358.362,55.033,-0.446,0.000,58.621,19.894,4.462,-0.161,1.899,0.900
358.368,58.390,-0.446,0.000,58.838,22.643,4.762,-0.020,1.899,0.720
358.375,58.390,-0.446,0.000,62.301,18.054,6.337,-0.176,1.896,0.875
358.381,62.630,-0.446,0.000,63.863,14.237,5.235,-0.056,1.894,0.799
358.388,67.111,-0.446,0.000,67.827,18.477,6.036,-0.032,1.892,0.981
358.394,67.111,-0.446,0.000,70.236,21.514,7.940,-0.141,1.890,0.989
358.401,67.111,-0.446,0.000,75.296,15.697,7.900,-0.368,1.885,1.240
358.407,75.985,-0.446,0.000,76.327,12.670,7.045,-0.015,1.884,1.034
358.414,81.205,-0.446,0.000,80.547,14.735,5.820,0.030,1.884,1.157
358.420,81.205,-0.446,0.000,82.664,16.155,4.010,-0.066,1.884,1.111
358.427,81.205,-0.446,0.000,84.491,13.647,5.472,-0.148,1.882,1.019
358.433,81.205,-0.446,0.000,87.032,11.537,5.562,-0.262,1.877,1.001
358.440,81.205,-0.446,0.000,89.635,12.548,4.143,-0.379,1.870,0.992
358.446,105.009,-0.446,0.000,94.000,13.432,6.701,0.495,1.879,1.249
358.453,105.009,-0.446,0.000,95.585,12.322,7.651,0.424,1.886,1.102
358.459,105.009,-0.446,0.000,97.218,10.328,7.556,0.351,1.893,0.972
358.466,122.500,-0.446,0.000,102.418,12.621,6.991,0.904,1.903,1.237
358.473,126.260,-0.446,0.000,105.220,12.155,8.442,0.947,1.916,1.220
358.479,126.260,-0.446,0.000,106.427,11.937,9.739,0.892,1.931,1.032
358.485,126.260,-0.446,0.000,109.639,10.239,7.670,0.748,1.944,1.067
358.492,139.465,-0.446,0.000,116.126,8.973,4.980,1.050,1.961,1.459
358.498,139.465,-0.446,0.000,119.809,7.848,4.156,0.884,1.977,1.470
358.505,139.465,-0.446,0.000,123.842,10.183,4.128,0.703,1.990,1.487
358.511,150.799,-0.446,0.000,128.722,10.497,3.584,0.993,2.002,1.600
358.518,150.799,-0.446,0.000,132.236,10.268,2.059,0.835,2.017,1.537
358.525,150.799,-0.446,0.000,135.625,10.079,4.887,0.683,2.030,1.479
358.531,150.799,-0.446,0.000,139.968,7.801,6.831,0.487,2.041,1.528
358.537,155.234,-0.446,0.000,146.710,6.116,5.720,0.384,2.049,1.796
358.544,156.735,-0.446,0.000,148.909,6.811,3.354,0.352,2.057,1.582
358.551,158.247,-0.446,0.000,150.341,5.637,5.054,0.356,2.063,1.332
358.557,158.247,-0.446,0.000,154.368,1.453,6.655,0.175,2.067,1.367
358.563,158.247,-0.446,0.000,161.459,-0.853,5.796,-0.145,2.066,1.690
358.570,158.247,-0.446,0.000,165.991,-2.945,1.745,-0.348,2.062,1.751
358.577,158.247,-0.446,0.000,167.919,-1.667,-0.385,-0.435,2.054,1.520
358.583,158.247,-0.446,0.000,168.336,-5.270,1.617,-0.454,2.043,1.144
358.590,158.247,-0.446,0.000,174.744,-8.669,3.750,-0.742,2.030,1.466
358.596,158.247,-0.446,0.000,178.521,-8.756,0.595,-0.912,2.013,1.504
358.603,149.344,-0.446,0.000,176.795,-5.489,-0.369,-1.235,1.994,0.994
358.609,149.344,-0.446,0.000,175.903,-10.285,1.604,-1.195,1.969,0.626
358.616,149.344,-0.446,0.000,181.058,-11.387,3.102,-1.427,1.943,0.963
358.622,134.057,-0.446,0.000,182.602,-9.300,2.531,-2.185,1.908,0.944
358.629,122.500,-0.446,0.000,179.889,-10.800,2.328,-2.583,1.870,0.432
358.635,122.500,-0.446,0.000,181.820,-14.955,1.669,-2.669,1.827,0.457
358.642,105.009,-0.446,0.000,182.969,-13.557,1.173,-3.508,1.781,0.477
358.648,69.445,-0.446,0.000,182.462,-10.464,0.734,-5.086,1.744,0.396
358.655,69.445,-0.446,0.000,179.452,-14.466,-0.916,-4.950,1.710,-0.033
358.662,61.190,-0.446,0.000,177.629,-13.505,-0.881,-5.240,1.664,-0.247
358.668,61.190,-0.446,0.000,175.821,-8.732,-1.988,-5.158,1.603,-0.359
358.675,38.443,-0.446,0.000,168.773,-7.511,-3.276,-5.865,1.549,-1.007
358.681,38.443,-0.446,0.000,162.841,-13.175,-2.597,-5.598,1.487,-1.354
358.688,26.026,-0.446,0.000,158.186,-9.387,-3.389,-5.947,1.419,-1.509
358.694,26.026,-0.446,0.000,149.491,-1.714,-5.026,-5.556,1.350,-2.010
358.701,25.299,-0.446,0.000,141.941,-6.620,-1.757,-5.249,1.279,-2.298
358.707,23.890,-0.446,0.000,134.313,-7.650,0.203,-4.969,1.210,-2.480
358.714,23.890,-0.446,0.000,123.422,-5.993,-2.203,-4.479,1.143,-2.910
358.720,23.890,-0.446,0.000,110.793,-5.785,-0.956,-3.911,1.081,-3.454
358.727,23.890,-0.446,0.000,103.515,-3.987,-1.630,-3.583,1.023,-3.331
358.733,16.569,-0.446,0.000,93.823,-4.049,-4.831,-3.476,0.968,-3.408
358.740,16.569,-0.446,0.000,84.983,-4.817,-3.709,-3.079,0.915,-3.433
358.746,16.302,-0.446,0.000,78.581,-2.381,-2.316,-2.803,0.866,-3.212
358.753,16.302,-0.446,0.000,72.645,-4.812,-4.428,-2.535,0.821,-2.945
358.760,11.711,-0.446,0.000,68.765,-4.453,-2.862,-2.567,0.775,-2.606
358.766,9.816,-0.446,0.000,64.916,-2.556,-2.365,-2.479,0.732,-2.308
358.773,9.023,-0.446,0.000,61.449,-5.627,-5.896,-2.359,0.690,-2.038
358.779,9.023,-0.446,0.000,58.849,-5.237,-2.882,-2.242,0.648,-1.795
358.785,6.974,-0.595,0.000,56.231,-2.753,-1.744,-2.217,0.609,-1.598
358.792,6.100,-0.595,0.000,53.966,-4.210,-2.435,-2.154,0.571,-1.451
358.798,6.100,-0.595,0.000,50.340,-4.728,-3.489,-1.991,0.536,-1.459
358.804,0.595,-0.595,0.000,49.673,-4.202,-4.225,-2.209,0.499,-1.185
358.810,0.595,-0.595,0.000,48.915,-1.085,-3.848,-2.174,0.464,-0.961
358.815,0.149,-0.595,0.000,46.041,-1.854,-4.589,-2.065,0.432,-1.066
358.820,0.149,-0.595,0.000,44.213,-1.655,-4.312,-1.983,0.403,-1.018
358.825,0.149,-0.595,0.000,40.133,-1.125,-4.249,-1.799,0.376,-1.280
358.831,0.000,-0.446,0.000,39.098,-1.037,-3.001,-1.759,0.348,-1.092
358.836,0.000,-0.446,0.000,37.746,-1.011,-4.215,-1.699,0.320,-0.956
358.842,0.000,-0.446,0.000,34.609,-2.205,-4.519,-1.557,0.295,-1.054
358.847,0.000,-0.446,0.000,32.248,-2.095,-4.274,-1.451,0.270,-1.060
358.853,0.000,-0.446,0.000,29.157,-4.167,-6.039,-1.312,0.248,-1.179
358.858,0.000,-0.446,0.000,25.282,-4.034,-4.946,-1.138,0.228,-1.347
358.864,0.000,-0.446,0.000,22.663,-3.290,-5.562,-1.020,0.210,-1.312
358.869,0.000,-0.446,0.000,20.715,-2.574,-5.361,-0.932,0.194,-1.178
358.875,0.000,-0.446,0.000,17.982,-3.346,-3.961,-0.809,0.180,-1.171
358.880,0.000,-0.595,0.000,15.266,-4.016,-3.080,-0.687,0.168,-1.193
358.885,0.000,-0.595,0.000,14.481,-3.216,-2.986,-0.652,0.157,-0.970
358.891,0.000,-0.595,0.000,12.184,-4.789,-1.477,-0.548,0.147,-1.004
358.896,0.000,-0.595,0.000,11.178,-3.777,-2.481,-0.503,0.139,-0.879
358.901,0.000,-0.595,0.000,8.801,-3.753,-0.941,-0.396,0.132,-0.940
358.906,0.000,-0.595,0.000,5.360,-5.097,-0.261,-0.241,0.127,-1.115
358.911,0.000,-0.744,0.000,3.100,-5.766,-1.976,-0.139,0.124,-1.122
358.917,0.000,-0.744,0.000,0.423,-3.333,-3.388,-0.019,0.122,-1.148
358.922,0.000,-0.744,0.000,0.277,-2.148,-5.968,-0.012,0.122,-0.890
358.928,0.000,-0.744,0.000,0.636,-2.734,-3.982,-0.029,0.121,-0.633
358.934,0.000,-0.744,0.000,-0.290,-1.139,-5.193,0.013,0.122,-0.568
358.940,0.000,-0.744,0.000,0.880,-2.416,-2.576,-0.040,0.122,-0.270
358.945,0.000,-0.744,0.000,1.612,-2.664,-1.908,-0.073,0.121,-0.100
358.951,0.000,-0.893,0.000,1.234,-3.117,0.065,-0.056,0.121,-0.075
358.956,0.000,-1.043,0.000,-0.011,-0.657,-1.814,0.000,0.121,-0.161
358.962,0.000,-1.043,0.000,0.702,1.051,-2.608,-0.032,0.121,-0.017
358.968,0.000,-1.043,0.000,2.192,2.152,-2.418,-0.099,0.120,0.184
358.974,0.000,-1.043,0.000,0.076,0.670,-1.729,-0.003,0.119,-0.118
358.979,0.000,-1.043,0.000,-2.482,-0.263,-0.628,0.112,0.118,-0.463
358.985,0.000,-1.043,0.000,-0.818,-0.542,0.940,0.037,0.119,-0.212
358.991,0.000,-1.043,0.000,-0.306,0.231,-1.069,0.014,0.119,-0.120
358.996,0.000,-1.043,0.000,0.988,1.809,-0.234,-0.044,0.119,0.053
359.002,0.000,-1.043,0.000,1.327,3.263,-3.085,-0.060,0.117,0.074
359.008,-2.096,-1.342,0.000,-0.581,3.729,-3.510,-0.068,0.117,-0.120
359.015,-2.096,-1.342,0.000,-2.375,-2.020,0.069,0.013,0.116,-0.262
359.022,-5.089,-1.342,0.000,-4.560,4.251,-1.558,-0.024,0.116,-0.389
359.029,-5.089,-1.342,0.000,-8.149,4.628,-2.557,0.138,0.117,-0.642
359.035,-5.089,-1.342,0.000,-9.540,2.906,-0.746,0.200,0.120,-0.645
359.042,-10.019,-1.342,0.000,-10.286,8.050,-1.683,0.012,0.123,-0.568
359.049,-10.224,-1.342,0.000,-13.800,7.022,-1.370,0.161,0.125,-0.768
359.056,-10.224,-1.342,0.000,-11.938,5.486,0.006,0.077,0.127,-0.431
359.062,-10.224,-1.342,0.000,-11.837,11.106,-1.324,0.073,0.128,-0.312
359.069,-13.068,-1.342,0.000,-17.161,4.750,0.868,0.184,0.131,-0.701
359.076,-13.068,-1.342,0.000,-18.515,-2.146,1.350,0.245,0.135,-0.659
359.082,-16.839,-1.192,0.000,-18.930,3.685,-0.659,0.094,0.138,-0.559
359.089,-19.697,-1.192,0.000,-20.418,5.946,-1.045,0.032,0.141,-0.510
359.095,-19.697,-1.192,0.000,-24.034,3.245,-2.557,0.195,0.144,-0.738
359.101,-20.927,-1.192,0.000,-25.855,0.315,-0.882,0.222,0.147,-0.745
359.107,-20.927,-1.192,0.000,-29.307,4.574,-1.867,0.377,0.153,-0.933
359.114,-28.693,-1.192,0.000,-30.238,7.930,-2.741,0.069,0.157,-0.780
359.120,-30.306,-1.192,0.000,-35.003,3.621,-2.964,0.211,0.161,-1.062
359.126,-35.564,-1.043,0.000,-37.231,0.823,-3.081,0.075,0.164,-1.025
359.133,-35.564,-1.043,0.000,-37.876,7.852,-2.018,0.104,0.166,-0.829
359.140,-35.564,-1.043,0.000,-41.006,9.025,-1.654,0.245,0.170,-0.901
359.146,-35.564,-1.043,0.000,-42.707,6.402,-0.081,0.321,0.176,-0.838
359.153,-47.016,-1.043,0.000,-41.154,9.623,0.148,-0.264,0.175,-0.490
359.160,-48.185,-1.043,0.000,-45.328,12.321,1.589,-0.129,0.172,-0.762
359.166,-48.185,-1.043,0.000,-48.516,8.140,-0.032,0.015,0.172,-0.866
359.173,-55.033,-0.893,0.000,-49.892,10.237,-1.805,-0.231,0.170,-0.810
359.180,-55.033,-0.893,0.000,-51.955,8.874,-0.609,-0.139,0.167,-0.802
359.186,-55.033,-0.893,0.000,-52.583,5.056,-1.741,-0.110,0.166,-0.626
359.193,-67.111,-0.893,0.000,-55.983,4.153,-3.044,-0.501,0.156,-0.826
359.199,-70.237,-0.893,0.000,-57.216,6.117,-1.434,-0.586,0.146,-0.736
359.206,-76.836,-0.744,0.000,-59.162,3.695,-2.420,-0.795,0.133,-0.747
359.213,-81.205,-0.744,0.000,-61.401,2.437,-0.549,-0.891,0.118,-0.759
359.220,-81.205,-0.744,0.000,-65.139,4.120,3.092,-0.723,0.104,-0.924
359.226,-89.565,-0.744,0.000,-67.873,3.094,0.631,-0.976,0.090,-0.992
359.233,-89.565,-0.744,0.000,-73.099,2.907,-3.956,-0.741,0.075,-1.246
359.240,-89.565,-0.744,0.000,-74.966,2.552,-3.639,-0.657,0.062,-1.098
359.246,-100.698,-0.744,0.000,-79.937,0.397,-2.703,-0.934,0.045,-1.317
359.253,-100.698,-0.744,0.000,-84.686,-1.747,-2.631,-0.721,0.031,-1.412
359.260,-109.465,-0.744,0.000,-87.535,-2.162,-1.146,-0.987,0.015,-1.336
359.267,-112.905,-0.744,0.000,-91.239,-4.135,-0.123,-0.975,-0.002,-1.353
359.273,-112.905,-0.744,0.000,-96.226,-4.646,-0.119,-0.751,-0.017,-1.483
359.280,-122.500,-0.744,0.000,-101.558,-6.415,-0.697,-0.942,-0.031,-1.656
359.287,-122.500,-0.744,0.000,-104.423,-6.486,-1.607,-0.813,-0.046,-1.515
359.293,-126.260,-0.744,0.000,-109.673,-5.175,-4.420,-0.746,-0.060,-1.606
359.300,-126.260,-0.744,0.000,-115.233,-2.954,-4.118,-0.496,-0.071,-1.703
359.307,-132.732,-0.744,0.000,-120.865,-5.151,-0.979,-0.534,-0.080,-1.805
359.314,-135.393,-0.744,0.000,-125.428,-1.645,-2.642,-0.448,-0.089,-1.777
359.320,-135.393,-0.744,0.000,-129.116,-3.698,1.232,-0.282,-0.095,-1.665
359.327,-143.633,-0.744,0.000,-133.394,-6.720,3.456,-0.461,-0.100,-1.672
359.334,-142.233,-0.744,0.000,-137.381,-1.279,-0.466,-0.218,-0.106,-1.624
359.341,-142.233,-0.744,0.000,-141.690,4.070,-3.474,-0.024,-0.108,-1.611
359.347,-142.233,-0.744,0.000,-144.007,-0.259,-2.982,0.080,-0.108,-1.447
359.354,-142.233,-0.744,0.000,-150.356,4.832,-4.882,0.366,-0.101,-1.651
359.361,-142.233,-0.744,0.000,-151.685,8.697,-4.303,0.425,-0.093,-1.365
359.368,-142.233,-0.744,0.000,-156.274,5.490,-2.879,0.632,-0.082,-1.489
359.374,-143.633,-0.595,0.000,-156.673,6.727,-1.881,0.587,-0.069,-1.146
359.380,-143.633,-0.595,0.000,-159.129,8.291,-1.217,0.697,-0.054,-1.037
359.387,-143.633,-0.595,0.000,-162.261,8.353,-1.207,0.838,-0.039,-1.071
359.393,-145.044,-0.595,0.000,-165.024,3.034,-0.056,0.899,-0.022,-1.089
359.399,-146.466,-0.595,0.000,-168.049,1.510,-0.107,0.971,-0.005,-1.170
359.406,-146.466,-0.595,0.000,-168.963,2.018,-0.103,1.012,0.014,-0.980
359.412,-149.344,-0.744,0.000,-171.307,1.185,-0.876,0.988,0.035,-0.951
359.419,-149.344,-0.744,0.000,-173.430,-0.219,-2.724,1.084,0.057,-0.913
359.425,-149.344,-0.744,0.000,-174.073,-1.898,-2.341,1.113,0.079,-0.751
359.432,-150.799,-0.595,0.000,-176.674,-5.267,-0.653,1.164,0.101,-0.817
359.438,-149.344,-0.595,0.000,-176.500,-6.296,-0.040,1.222,0.124,-0.613
359.444,-149.344,-0.595,0.000,-177.808,-1.754,-1.432,1.281,0.147,-0.608
359.450,-149.344,-0.595,0.000,-179.480,-2.327,-1.164,1.356,0.173,-0.597
359.457,-149.344,-0.595,0.000,-181.168,-4.785,-0.874,1.432,0.199,-0.631
359.463,-149.344,-0.595,0.000,-180.105,-5.478,-1.785,1.384,0.225,-0.375
359.469,-149.344,-0.595,0.000,-180.208,-2.071,-1.789,1.389,0.252,-0.273
359.475,-149.344,-0.595,0.000,-184.237,-0.600,-1.741,1.570,0.280,-0.583
359.482,-147.899,-0.446,0.000,-184.634,-2.805,-1.596,1.653,0.309,-0.491
359.488,-147.899,-0.446,0.000,-187.070,-1.273,-2.170,1.763,0.341,-0.634
359.495,-147.899,-0.446,0.000,-185.830,0.057,0.117,1.707,0.375,-0.368
359.501,-134.057,-0.446,0.000,-187.532,-1.296,0.281,2.406,0.417,-0.435
359.508,-134.057,-0.446,0.000,-187.360,0.578,0.031,2.399,0.460,-0.273
359.514,-134.057,-0.446,0.000,-187.773,0.507,-0.549,2.417,0.503,-0.227
359.521,-134.057,-0.446,0.000,-186.150,-0.749,-0.235,2.344,0.545,-0.041
359.527,-76.836,-0.446,0.000,-185.347,2.013,-3.411,4.883,0.578,0.050
359.534,-76.836,-0.446,0.000,-186.829,6.118,-3.213,4.950,0.609,-0.081
359.541,-76.836,-0.446,0.000,-186.014,3.096,-3.455,4.913,0.660,0.022
359.547,-55.692,-0.446,0.000,-181.893,-0.175,-1.534,5.679,0.702,0.407
359.554,-55.692,-0.446,0.000,-177.262,0.062,2.050,5.471,0.763,0.796
359.560,-53.094,-0.446,0.000,-169.182,0.988,1.464,5.224,0.833,1.424
359.567,-51.209,-0.446,0.000,-160.916,-1.459,1.691,4.937,0.902,1.916
359.573,-51.209,-0.446,0.000,-155.085,-3.149,-1.895,4.674,0.969,2.031
359.580,-51.209,-0.446,0.000,-144.963,-1.153,-0.556,4.219,1.034,2.517
359.586,-46.440,-0.446,0.000,-136.572,-2.674,1.362,4.056,1.098,2.739
359.593,-46.440,-0.446,0.000,-129.230,1.398,-0.100,3.726,1.158,2.768
359.600,-46.440,-0.446,0.000,-119.934,0.308,-0.219,3.307,1.213,2.971
359.606,-31.138,-0.446,0.000,-113.403,-2.048,-3.156,3.702,1.270,2.875
359.613,-23.546,-0.446,0.000,-107.315,-0.558,-3.111,3.770,1.327,2.760
359.619,-13.539,-0.446,0.000,-98.905,0.339,-2.468,3.841,1.383,2.955
359.626,-13.539,-0.446,0.000,-93.350,-1.830,-3.082,3.591,1.438,2.759
359.632,-9.219,-0.446,0.000,-89.430,-1.472,-0.012,3.610,1.495,2.465
359.639,-7.333,-0.446,0.000,-83.673,-4.002,3.643,3.435,1.552,2.364
359.646,-7.333,-0.446,0.000,-77.349,-6.012,-0.553,3.151,1.606,2.417
359.652,-7.333,-0.446,0.000,-72.121,1.766,-5.612,2.915,1.658,2.346
359.659,-0.744,-0.446,0.000,-71.570,-0.131,-4.478,3.187,1.709,1.834
359.665,-0.744,-0.446,0.000,-66.279,-2.412,-4.343,2.949,1.760,1.889
359.672,-0.744,-0.446,0.000,-59.801,0.596,-2.901,2.658,1.808,2.028
359.678,-0.297,-0.595,0.000,-56.459,1.960,-1.219,2.527,1.849,1.904
359.684,-0.297,-0.595,0.000,-52.662,1.670,0.665,2.356,1.888,1.825
359.689,0.000,-0.446,0.000,-48.716,3.219,-0.227,2.192,1.924,1.813
359.695,0.000,-0.446,0.000,-44.225,1.727,-1.338,1.990,1.956,1.884
359.700,0.000,-0.446,0.000,-39.255,1.983,0.146,1.766,1.985,1.994
359.706,0.000,-0.446,0.000,-36.103,1.377,1.037,1.625,2.012,1.866
359.711,0.000,-0.595,0.000,-33.264,-0.445,1.129,1.497,2.036,1.692
359.717,0.000,-0.595,0.000,-28.215,-1.715,0.892,1.270,2.056,1.820
359.722,0.000,-0.595,0.000,-24.214,3.323,-1.688,1.090,2.073,1.769
359.727,0.000,-0.595,0.000,-20.724,2.450,-1.847,0.933,2.088,1.679
359.732,0.000,-0.595,0.000,-16.292,3.045,-1.810,0.733,2.101,1.727
359.738,0.000,-0.446,0.000,-13.341,2.563,-4.214,0.600,2.110,1.575
359.743,0.000,-0.446,0.000,-9.835,1.405,-2.269,0.443,2.118,1.523
359.749,0.000,-0.446,0.000,-7.608,0.845,-2.846,0.342,2.125,1.367
359.754,0.149,-0.446,0.000,-4.575,1.631,-1.311,0.213,2.129,1.367
359.760,0.149,-0.446,0.000,-0.842,2.671,1.087,0.045,2.132,1.485
359.765,0.149,-0.446,0.000,1.820,0.042,2.335,-0.075,2.132,1.458
359.771,0.149,-0.446,0.000,2.054,-0.112,2.569,-0.086,2.131,1.147
359.777,0.595,-0.446,0.000,2.982,-0.070,0.957,-0.107,2.129,0.982
359.783,1.492,-0.446,0.000,2.078,2.896,-1.063,-0.026,2.128,0.640
359.789,4.114,-0.595,0.000,4.453,-0.573,-0.579,-0.015,2.126,0.710
359.796,5.255,-0.595,0.000,5.803,-1.604,0.917,-0.025,2.125,0.636
359.802,5.255,-0.595,0.000,9.003,-0.682,-1.593,-0.169,2.123,0.823
359.808,6.797,-0.595,0.000,9.351,3.155,-2.083,-0.115,2.122,0.707
359.814,6.797,-0.595,0.000,6.946,0.920,-2.169,-0.007,2.121,0.299
359.821,11.062,-0.595,0.000,8.247,-2.112,-0.744,0.127,2.122,0.308
359.827,11.062,-0.595,0.000,10.284,1.738,-0.808,0.035,2.122,0.398
359.833,11.062,-0.595,0.000,15.287,3.646,-0.539,-0.190,2.121,0.828
359.839,14.508,-0.595,0.000,17.244,-0.304,-0.485,-0.123,2.119,0.827
359.846,16.569,-0.595,0.000,18.808,-2.610,1.995,-0.101,2.117,0.787
359.852,16.569,-0.595,0.000,23.400,0.025,2.209,-0.307,2.112,1.041
359.858,24.587,-0.595,0.000,24.624,2.664,1.493,-0.002,2.108,0.920
359.864,24.587,-0.595,0.000,28.947,-0.638,-0.833,-0.196,2.105,1.105
359.871,26.768,-0.595,0.000,30.893,-2.804,-0.996,-0.186,2.102,1.009
359.877,26.768,-0.595,0.000,34.677,-0.178,-1.522,-0.356,2.097,1.178
359.883,29.491,-0.595,0.000,35.687,-0.205,-0.871,-0.279,2.092,0.994
359.889,30.720,-0.595,0.000,38.731,0.438,-2.029,-0.360,2.085,1.052
359.895,30.720,-0.595,0.000,41.721,-0.862,-0.930,-0.495,2.076,1.057
359.902,30.720,-0.595,0.000,45.151,0.584,0.549,-0.649,2.065,1.168
359.908,33.739,-0.595,0.000,47.846,0.330,-0.838,-0.635,2.054,1.158
359.914,35.564,-0.595,0.000,47.145,2.400,-0.364,-0.521,2.043,0.827
359.920,36.982,-0.595,0.000,49.408,1.195,1.967,-0.559,2.032,0.824
359.926,36.982,-0.595,0.000,51.076,2.143,1.091,-0.634,2.020,0.754
359.933,36.982,-0.595,0.000,54.875,6.150,-2.225,-0.805,2.005,0.951
359.939,46.440,-0.595,0.000,56.421,6.368,-2.857,-0.449,1.998,0.901
359.945,46.440,-0.595,0.000,56.692,2.173,-1.273,-0.461,1.990,0.727
359.951,46.440,-0.595,0.000,58.790,2.120,0.181,-0.556,1.980,0.749
359.958,54.380,-0.595,0.000,59.972,5.937,-2.006,-0.252,1.970,0.657
359.964,54.380,-0.595,0.000,61.017,2.008,-0.206,-0.299,1.966,0.629
359.970,54.380,-0.595,0.000,63.167,-0.932,1.419,-0.395,1.959,0.680
359.976,58.390,-0.595,0.000,62.369,2.717,-1.228,-0.179,1.954,0.437
359.983,59.777,-0.595,0.000,64.599,5.006,-2.522,-0.217,1.950,0.535
359.989,61.190,-0.595,0.000,64.760,-1.068,-0.583,-0.161,1.946,0.397
359.995,61.190,-0.595,0.000,70.147,-3.077,1.200,-0.403,1.940,0.834
360.002,62.630,-0.595,0.000,70.031,0.325,-0.173,-0.333,1.934,0.642
360.008,62.630,-0.595,0.000,69.847,-2.603,0.580,-0.325,1.928,0.474
360.014,71.036,-0.595,0.000,73.522,-5.585,0.148,-0.112,1.923,0.648
360.021,77.695,-0.595,0.000,78.105,-2.288,0.197,-0.018,1.921,0.981
360.027,77.695,-0.595,0.000,80.707,-1.898,-1.009,-0.136,1.920,1.059
360.033,77.695,-0.595,0.000,83.816,-6.827,-0.146,-0.275,1.915,1.075
360.039,88.604,-0.595,0.000,87.181,-6.093,1.441,0.064,1.916,1.134
360.046,88.604,-0.595,0.000,92.782,-3.082,-0.144,-0.188,1.915,1.430
360.052,88.604,-0.595,0.000,94.765,-5.102,-0.868,-0.277,1.911,1.281
360.058,99.643,-0.595,0.000,98.298,-6.744,0.253,0.060,1.907,1.351
360.064,99.643,-0.595,0.000,103.272,-7.291,-0.395,-0.163,1.904,1.461
360.071,103.917,-0.595,0.000,108.020,-3.789,-0.657,-0.185,1.903,1.609
360.077,103.917,-0.595,0.000,110.550,-5.879,-2.132,-0.298,1.898,1.444
360.083,103.917,-0.595,0.000,112.230,-5.653,-1.578,-0.374,1.892,1.286
360.089,120.042,-0.595,0.000,116.649,-8.181,0.954,0.153,1.886,1.421
360.095,120.042,-0.595,0.000,120.152,-5.699,0.877,-0.005,1.887,1.431
360.102,120.042,-0.595,0.000,124.688,-3.776,-1.493,-0.209,1.884,1.496
360.108,130.112,-0.595,0.000,128.503,-2.627,-1.552,0.072,1.887,1.543
360.114,130.112,-0.595,0.000,132.699,-4.679,1.608,-0.116,1.886,1.601
360.120,136.740,-0.595,0.000,136.652,-3.805,0.695,0.004,1.884,1.614
360.127,136.740,-0.595,0.000,142.044,-1.367,-0.789,-0.239,1.881,1.732
360.133,139.465,-0.446,0.000,145.827,-4.797,2.475,-0.286,1.877,1.679
360.139,139.465,-0.446,0.000,149.667,-4.681,0.709,-0.459,1.869,1.627
360.146,145.044,-0.446,0.000,152.920,0.801,-2.223,-0.354,1.862,1.532
360.153,149.344,-0.595,0.000,157.346,-3.442,0.495,-0.360,1.855,1.592
360.159,149.344,-0.595,0.000,162.110,-4.127,1.199,-0.574,1.846,1.653
360.165,149.344,-0.595,0.000,163.689,-1.370,-0.710,-0.646,1.835,1.403
360.171,149.344,-0.595,0.000,169.531,-1.108,-0.326,-0.908,1.819,1.635
360.178,153.744,-0.595,0.000,170.759,-2.954,2.536,-0.766,1.805,1.345
360.184,153.744,-0.595,0.000,174.986,-2.568,4.208,-0.956,1.789,1.447
360.190,155.234,-0.595,0.000,176.891,0.733,-0.634,-0.975,1.769,1.277
360.196,153.744,-0.595,0.000,181.147,1.301,2.188,-1.233,1.748,1.410
360.203,153.744,-0.595,0.000,182.741,1.873,4.411,-1.305,1.723,1.188
360.209,153.744,-0.595,0.000,188.456,2.710,3.456,-1.562,1.697,1.504
360.215,152.266,-0.595,0.000,189.998,4.452,-0.055,-1.698,1.667,1.291
360.221,152.266,-0.595,0.000,193.519,4.161,0.482,-1.856,1.634,1.338
360.227,152.266,-0.595,0.000,196.195,4.379,1.192,-1.977,1.600,1.253
360.233,152.266,-0.595,0.000,200.264,3.915,-0.388,-2.160,1.563,1.364
360.240,149.344,-0.595,0.000,199.753,2.268,-0.671,-2.268,1.524,0.993
360.246,146.466,-0.595,0.000,205.020,3.511,1.268,-2.635,1.481,1.259
360.252,132.732,-0.595,0.000,205.294,5.757,2.627,-3.265,1.434,1.017
360.258,122.500,-0.595,0.000,207.506,1.840,1.506,-3.825,1.381,1.033
360.265,122.500,-0.595,0.000,205.744,-1.720,3.946,-3.746,1.325,0.575
360.271,115.245,-0.595,0.000,208.972,4.108,1.775,-4.218,1.266,0.780
360.277,115.245,-0.595,0.000,208.777,6.262,1.685,-4.209,1.206,0.590
360.283,79.434,-0.446,0.000,206.010,1.713,3.410,-5.696,1.159,0.174
360.290,79.434,-0.446,0.000,205.250,2.415,1.760,-5.662,1.100,0.003
360.297,69.445,-0.446,0.000,204.096,1.953,0.489,-6.059,1.032,-0.045
360.303,69.445,-0.446,0.000,199.686,0.837,2.182,-5.861,0.961,-0.492
360.310,67.111,-0.446,0.000,195.705,1.507,2.003,-5.787,0.889,-0.825
360.316,62.630,-0.446,0.000,190.804,-4.689,3.436,-5.768,0.816,-1.097
360.323,61.190,-0.446,0.000,183.867,1.168,-1.956,-5.520,0.744,-1.515
360.329,61.190,-0.446,0.000,178.770,4.457,-3.711,-5.291,0.674,-1.638
360.336,54.380,-0.446,0.000,168.849,0.542,3.167,-5.151,0.604,-2.224
360.343,51.831,-0.446,0.000,163.254,-0.338,0.891,-5.014,0.534,-2.273
360.349,51.831,-0.446,0.000,156.440,-2.825,3.817,-4.707,0.467,-2.338
360.356,51.831,-0.446,0.000,148.282,0.437,0.599,-4.340,0.402,-2.542
360.362,37.464,-0.446,0.000,141.679,-6.093,3.140,-4.690,0.335,-2.601
360.369,35.101,-0.446,0.000,138.032,-6.310,2.320,-4.632,0.268,-2.329
360.375,35.101,-0.446,0.000,129.744,-3.195,-3.325,-4.259,0.203,-2.575
360.382,25.660,-0.446,0.000,125.133,-2.628,2.520,-4.476,0.140,-2.393
360.388,20.927,-0.446,0.000,118.678,0.739,4.405,-4.399,0.075,-2.435
360.395,20.927,-0.446,0.000,111.847,-1.857,2.004,-4.091,0.011,-2.536
360.402,20.927,-0.446,0.000,109.952,-0.560,1.316,-4.006,-0.050,-2.079
360.408,8.829,-0.446,0.000,103.402,1.881,-2.586,-4.256,-0.114,-2.181
360.415,8.829,-0.446,0.000,99.149,-2.362,1.572,-4.064,-0.178,-2.094
360.421,8.829,-0.446,0.000,98.788,-0.380,-1.285,-4.048,-0.239,-1.599
360.428,8.829,-0.446,0.000,91.438,-0.688,-4.307,-3.717,-0.299,-1.908
360.434,8.829,-0.446,0.000,89.521,0.402,2.124,-3.631,-0.356,-1.615
360.441,8.829,-0.446,0.000,87.280,-0.436,1.308,-3.530,-0.415,-1.461
360.447,2.860,-0.446,0.000,78.238,-4.536,-0.140,-3.392,-0.471,-1.998
360.454,2.860,-0.446,0.000,79.186,0.344,-1.294,-3.435,-0.527,-1.415
360.460,2.860,-0.446,0.000,73.556,-2.412,-1.803,-3.181,-0.580,-1.566
360.467,1.043,-0.446,0.000,64.637,-7.891,3.335,-2.862,-0.630,-2.051
360.473,0.595,-0.446,0.000,62.969,-3.218,-1.430,-2.807,-0.679,-1.717
360.480,0.595,-0.446,0.000,57.872,-2.134,-1.826,-2.577,-0.721,-1.769
360.486,0.297,-0.446,0.000,51.959,-3.101,-1.745,-2.325,-0.762,-1.922
360.492,0.000,-0.446,0.000,47.624,-2.306,-1.390,-2.143,-0.799,-1.969
360.497,0.000,-0.446,0.000,42.618,-0.550,-2.823,-1.918,-0.830,-2.118
360.503,0.000,-0.446,0.000,38.641,-1.112,-4.724,-1.739,-0.859,-2.068
360.508,0.000,-0.446,0.000,33.110,-3.094,-2.814,-1.490,-0.885,-2.203
360.514,0.000,-0.446,0.000,32.163,0.746,-0.495,-1.447,-0.909,-1.783
360.519,0.000,-0.446,0.000,28.517,5.624,-1.736,-1.283,-0.931,-1.743
360.525,0.000,-0.446,0.000,26.217,8.711,-2.680,-1.180,-0.951,-1.531
360.530,0.000,-0.446,0.000,21.998,6.883,-1.228,-0.990,-0.969,-1.579
360.536,0.000,-0.446,0.000,18.172,3.465,-0.989,-0.818,-0.985,-1.663
360.541,0.000,-0.446,0.000,17.464,2.591,-1.156,-0.786,-1.000,-1.415
360.547,0.000,-0.446,0.000,15.577,4.005,-2.336,-0.701,-1.014,-1.350
360.552,0.000,-0.446,0.000,12.844,5.505,-2.140,-0.578,-1.026,-1.359
360.558,0.000,-0.446,0.000,10.190,8.855,-3.815,-0.459,-1.034,-1.291
360.563,0.000,-0.446,0.000,8.212,9.348,-5.537,-0.370,-1.041,-1.171
360.569,-0.149,-0.446,0.000,5.121,8.089,-5.747,-0.237,-1.045,-1.166
360.575,-0.149,-0.446,0.000,3.854,7.611,-3.684,-0.180,-1.048,-0.968
360.580,-0.149,-0.446,0.000,-0.194,7.523,-1.633,0.002,-1.047,-1.114
360.585,-0.149,-0.446,0.000,-2.714,8.407,-0.888,0.115,-1.046,-1.106
360.591,-0.149,-0.446,0.000,-5.390,8.278,-2.971,0.236,-1.042,-1.113
360.596,-0.149,-0.446,0.000,-6.893,6.473,-4.536,0.303,-1.037,-0.997
360.602,-0.149,-0.446,0.000,-9.787,3.836,-3.826,0.434,-1.030,-1.118
360.608,-0.297,-0.446,0.000,-10.726,4.699,-2.349,0.469,-1.023,-0.975
360.614,-0.297,-0.446,0.000,-10.738,8.117,-2.407,0.470,-1.013,-0.714
360.620,-1.342,-0.446,0.000,-11.760,4.611,-6.677,0.469,-1.003,-0.635
360.626,-1.342,-0.446,0.000,-13.772,3.361,-4.178,0.559,-0.992,-0.655
360.633,-1.342,-0.446,0.000,-13.626,7.035,-3.553,0.553,-0.980,-0.455
360.640,-1.342,-0.446,0.000,-16.124,1.716,-4.102,0.665,-0.967,-0.583
360.646,-3.014,-0.446,0.000,-13.158,7.238,-3.994,0.456,-0.956,-0.183
360.653,-3.482,-0.446,0.000,-13.535,8.373,-5.848,0.452,-0.946,-0.128
360.659,-3.482,-0.446,0.000,-16.368,1.258,-1.670,0.580,-0.934,-0.360
360.666,-4.760,-0.446,0.000,-13.775,3.415,-2.580,0.406,-0.924,-0.030
360.672,-4.760,-0.446,0.000,-16.578,0.213,-3.394,0.532,-0.913,-0.259
360.679,-4.760,-0.446,0.000,-19.208,2.736,-2.856,0.650,-0.900,-0.461
360.686,-4.760,-0.446,0.000,-19.514,5.036,-4.342,0.664,-0.886,-0.354
360.692,-7.698,-0.446,0.000,-22.356,-1.195,-4.136,0.660,-0.873,-0.564
360.699,-8.446,-0.446,0.000,-23.018,2.895,-3.458,0.656,-0.860,-0.525
360.705,-8.446,-0.446,0.000,-25.819,4.734,-4.452,0.782,-0.844,-0.622
360.712,-10.224,-0.446,0.000,-29.177,-2.192,-0.967,0.853,-0.826,-0.784
360.718,-10.224,-0.446,0.000,-28.747,2.894,-3.476,0.834,-0.810,-0.564
360.725,-11.493,-0.446,0.000,-33.371,1.266,-3.757,0.984,-0.790,-0.841
360.731,-11.493,-0.446,0.000,-35.692,1.884,-0.047,1.089,-0.769,-0.860
360.738,-16.569,-0.446,0.000,-35.344,3.828,-0.386,0.845,-0.750,-0.585
360.745,-16.569,-0.446,0.000,-39.025,-2.134,-0.843,1.010,-0.731,-0.812
360.751,-21.243,-0.446,0.000,-37.678,4.800,-0.968,0.740,-0.714,-0.513
360.758,-21.243,-0.446,0.000,-39.714,7.215,-1.255,0.831,-0.697,-0.537
360.764,-22.538,-0.595,0.000,-44.646,-1.582,-0.238,0.995,-0.679,-0.875
360.770,-22.871,-0.595,0.000,-45.323,3.425,1.484,1.010,-0.661,-0.793
360.777,-22.871,-0.595,0.000,-45.406,5.462,1.360,1.014,-0.640,-0.548
360.783,-26.026,-0.744,0.000,-47.928,1.398,1.252,0.986,-0.620,-0.653
360.790,-26.026,-0.744,0.000,-52.154,4.650,3.220,1.176,-0.598,-0.905
360.796,-31.561,-0.744,0.000,-52.329,7.848,2.425,0.935,-0.575,-0.686
360.803,-31.561,-0.744,0.000,-52.849,-1.751,1.806,0.958,-0.555,-0.536
360.810,-32.419,-0.893,0.000,-53.810,-0.451,2.062,0.963,-0.537,-0.520
360.816,-32.419,-0.893,0.000,-55.747,0.423,1.948,1.050,-0.516,-0.546
360.823,-32.419,-0.893,0.000,-57.148,-3.308,2.317,1.113,-0.494,-0.551
360.829,-32.419,-0.893,0.000,-60.074,-2.009,4.236,1.244,-0.471,-0.717
360.836,-32.419,-0.893,0.000,-64.548,-0.634,2.711,1.446,-0.443,-0.947
360.843,-43.642,-2.096,0.000,-65.595,-5.455,0.997,0.988,-0.418,-0.830
360.849,-43.642,-2.096,0.000,-66.861,-5.448,3.133,1.045,-0.399,-0.761
360.856,-46.440,-2.553,0.000,-71.116,-3.095,2.702,1.110,-0.378,-0.946
360.863,-48.778,-3.014,0.000,-74.836,-1.073,1.005,1.173,-0.357,-1.070
360.870,-49.982,-3.014,0.000,-74.995,-4.510,5.430,1.126,-0.334,-0.820
360.876,-49.982,-3.014,0.000,-77.037,-3.760,7.836,1.217,-0.310,-0.807
360.883,-59.777,-3.014,0.000,-79.682,0.484,6.890,0.896,-0.287,-0.869
360.890,-61.907,-2.860,0.000,-81.209,-3.685,6.761,0.869,-0.270,-0.803
360.896,-61.907,-2.860,0.000,-85.462,-1.918,6.630,1.060,-0.252,-1.014
360.903,-61.907,-2.860,0.000,-87.614,1.407,3.117,1.157,-0.229,-0.987
360.910,-71.843,-2.860,0.000,-92.883,-1.722,4.208,0.947,-0.214,-1.246
360.917,-71.843,-2.860,0.000,-95.447,-4.580,6.392,1.062,-0.195,-1.204
360.923,-71.843,-2.860,0.000,-96.426,0.782,1.962,1.106,-0.173,-0.991
360.930,-71.843,-2.860,0.000,-99.692,-0.836,3.723,1.253,-0.148,-1.025
360.937,-71.843,-2.860,0.000,-102.285,-5.336,3.886,1.370,-0.122,-1.051
360.944,-88.604,-2.860,0.000,-102.164,3.958,2.729,0.610,-0.101,-0.825
360.950,-90.535,-2.860,0.000,-107.593,-2.428,3.894,0.768,-0.087,-1.099
360.957,-90.535,-2.860,0.000,-110.406,-6.422,5.859,0.894,-0.073,-1.094
360.964,-90.535,-2.860,0.000,-106.770,-3.468,6.216,0.731,-0.058,-0.502
360.971,-95.509,-2.860,0.000,-107.672,-7.378,4.807,0.547,-0.048,-0.461
360.977,-96.529,-2.860,0.000,-111.614,-6.364,4.034,0.679,-0.036,-0.713
360.984,-99.643,-2.860,0.000,-108.852,-5.623,5.118,0.414,-0.026,-0.274
360.991,-100.698,-3.014,0.000,-108.921,-6.266,4.498,0.370,-0.018,-0.204
360.998,-99.643,-3.014,0.000,-111.983,-6.172,4.414,0.555,-0.008,-0.429
361.004,-99.643,-3.014,0.000,-113.594,-8.798,4.524,0.628,0.004,-0.485
361.011,-99.643,-3.014,0.000,-111.304,-8.002,4.617,0.525,0.017,-0.144
361.018,-105.009,-3.169,0.000,-113.141,-7.884,2.420,0.366,0.024,-0.273
361.024,-106.109,-3.169,0.000,-118.112,-10.083,6.246,0.540,0.032,-0.700
361.031,-111.749,-3.014,0.000,-117.491,-11.995,7.992,0.258,0.040,-0.446
361.038,-112.905,-3.014,0.000,-118.654,-10.166,5.500,0.259,0.046,-0.398
361.045,-112.905,-3.014,0.000,-123.578,-14.685,6.919,0.480,0.054,-0.781
361.052,-118.828,-2.860,0.000,-126.458,-13.203,2.998,0.343,0.064,-0.846
361.058,-120.042,-2.860,0.000,-129.340,-6.098,0.906,0.418,0.073,-0.879
361.065,-120.042,-2.860,0.000,-131.920,-10.098,-0.376,0.534,0.082,-0.926
361.072,-120.042,-2.860,0.000,-136.859,-13.488,0.422,0.757,0.096,-1.151
361.078,-120.042,-2.860,0.000,-139.314,-8.573,3.579,0.867,0.114,-1.078
361.085,-121.266,-2.400,0.000,-138.862,-11.473,4.125,0.792,0.131,-0.770
361.091,-121.266,-2.400,0.000,-143.683,-11.917,3.928,1.009,0.148,-1.079
361.097,-120.042,-1.944,0.000,-145.337,-7.667,5.167,1.138,0.169,-0.976
361.104,-120.042,-1.944,0.000,-144.944,-6.767,3.522,1.121,0.192,-0.717
361.111,-120.042,-1.342,0.000,-147.622,-1.952,-0.116,1.241,0.217,-0.779
361.117,-120.042,-1.342,0.000,-149.907,-1.752,2.069,1.344,0.243,-0.812
361.124,-114.070,-1.043,0.000,-149.849,1.442,3.324,1.610,0.274,-0.624
361.131,-111.749,-1.043,0.000,-148.233,7.094,2.740,1.642,0.307,-0.282
361.138,-107.218,-0.893,0.000,-151.741,4.996,4.516,2.003,0.342,-0.555
361.144,-105.009,-0.893,0.000,-153.667,8.524,5.440,2.190,0.382,-0.610
361.151,-105.009,-0.893,0.000,-149.136,11.523,4.432,1.986,0.420,0.025
361.157,-105.009,-0.893,0.000,-150.441,9.491,2.585,2.044,0.458,-0.086
361.164,-95.509,-0.893,0.000,-151.018,11.214,2.451,2.498,0.502,-0.168
361.170,-91.513,-0.893,0.000,-147.131,11.484,3.215,2.503,0.547,0.270
361.177,-91.513,-0.893,0.000,-146.090,9.372,-0.240,2.456,0.591,0.308
361.183,-76.836,-0.893,0.000,-145.499,7.889,1.915,3.090,0.637,0.287
361.190,-75.142,-0.893,0.000,-143.314,4.167,4.135,3.068,0.688,0.426
361.197,-75.142,-0.893,0.000,-142.121,4.545,3.642,3.014,0.739,0.421
361.203,-75.142,-0.893,0.000,-137.579,4.412,1.733,2.810,0.788,0.761
361.210,-58.390,-0.893,0.000,-136.350,0.286,2.450,3.508,0.842,0.720
361.216,-58.390,-0.893,0.000,-131.389,-2.522,5.324,3.285,0.896,1.005
361.223,-48.778,-0.744,0.000,-129.054,1.005,0.658,3.612,0.952,0.979
361.230,-48.778,-0.744,0.000,-129.188,-2.156,0.042,3.618,1.012,0.741
361.236,-32.855,-0.744,0.000,-125.148,-5.781,0.922,4.153,1.070,0.955
361.243,-32.855,-0.744,0.000,-118.896,-3.675,2.647,3.872,1.133,1.334
361.250,-32.855,-0.744,0.000,-112.533,-6.709,2.479,3.586,1.193,1.619
361.257,-32.855,-0.744,0.000,-106.534,-8.004,2.109,3.316,1.250,1.808
361.263,-11.711,-0.893,0.000,-103.095,-14.023,4.336,4.112,1.306,1.685
361.270,-10.639,-0.893,0.000,-98.087,-12.373,2.544,3.935,1.367,1.754
361.276,-10.639,-0.893,0.000,-89.994,-11.438,3.461,3.571,1.425,2.149
361.283,-5.255,-0.893,0.000,-81.768,-15.980,3.767,3.443,1.481,2.430
361.290,-5.255,-0.893,0.000,-77.700,-16.356,4.766,3.260,1.537,2.209
361.296,-5.255,-0.893,0.000,-73.304,-15.967,7.081,3.062,1.588,2.088
361.303,-2.706,-0.893,0.000,-65.899,-13.418,4.913,2.844,1.639,2.294
361.309,-0.595,-0.893,0.000,-58.261,-9.113,3.871,2.595,1.684,2.531
361.315,0.000,-1.192,0.000,-53.374,-6.549,4.121,2.402,1.724,2.518
361.320,0.000,-1.192,0.000,-47.875,-3.697,3.210,2.154,1.756,2.599
361.325,0.149,-1.043,0.000,-43.090,-2.799,3.338,1.946,1.788,2.519
361.331,0.149,-1.043,0.000,-41.686,-1.853,1.785,1.883,1.819,2.085
361.337,0.149,-1.043,0.000,-38.979,0.489,3.453,1.761,1.848,1.815
361.342,0.149,-1.043,0.000,-36.687,2.691,2.831,1.658,1.876,1.574
361.348,0.149,-1.043,0.000,-33.843,3.505,3.985,1.530,1.902,1.466
361.354,0.149,-1.043,0.000,-33.789,5.204,2.262,1.527,1.927,1.076
361.359,0.149,-1.043,0.000,-30.789,1.555,4.400,1.392,1.951,1.104
361.365,0.149,-1.043,0.000,-29.174,-0.499,4.916,1.320,1.974,0.990
361.371,0.595,-1.043,0.000,-28.092,1.298,5.806,1.291,1.998,0.870
361.377,0.595,-1.043,0.000,-24.412,1.495,6.168,1.125,2.021,1.062
361.384,0.595,-1.043,0.000,-25.410,4.155,4.069,1.170,2.044,0.716
361.390,0.595,-1.043,0.000,-23.085,2.560,3.274,1.066,2.064,0.739
361.396,0.595,-1.043,0.000,-19.083,0.848,2.976,0.885,2.082,0.952
361.403,0.744,-1.043,0.000,-17.790,3.815,3.820,0.834,2.100,0.844
361.409,0.744,-1.043,0.000,-17.623,1.198,4.380,0.827,2.117,0.660
361.416,1.642,-1.043,0.000,-13.424,-1.268,2.940,0.678,2.132,0.894
361.423,1.642,-1.043,0.000,-10.657,-1.428,3.615,0.553,2.145,0.947
361.429,3.014,-1.192,0.000,-8.507,-5.443,5.430,0.518,2.156,0.916
361.436,3.325,-1.192,0.000,-8.361,-3.881,2.963,0.526,2.167,0.690
361.442,3.325,-1.192,0.000,-4.215,-1.247,2.914,0.339,2.175,0.940
361.448,3.325,-1.192,0.000,-3.422,-4.915,3.841,0.304,2.183,0.818
361.455,3.325,-1.192,0.000,-3.417,-9.108,4.460,0.303,2.188,0.597
361.461,3.325,-1.642,0.000,-2.273,-5.402,3.852,0.252,2.193,0.531
361.468,3.482,-1.642,0.000,1.666,-4.377,3.286,0.082,2.197,0.801
361.474,3.639,-1.642,0.000,1.910,-10.169,2.029,0.078,2.200,0.656
361.481,3.639,-1.642,0.000,4.057,-8.400,2.871,-0.019,2.198,0.612
361.488,3.639,-1.642,0.000,8.364,-6.508,4.730,-0.213,2.195,0.893
361.494,4.760,-1.642,0.000,10.428,-6.793,3.969,-0.255,2.191,0.871
361.501,4.760,-1.642,0.000,11.858,-5.106,2.513,-0.319,2.184,0.796
361.508,4.760,-1.642,0.000,13.582,-4.568,2.628,-0.397,2.176,0.749
361.514,8.636,-1.642,0.000,17.293,-2.706,3.243,-0.390,2.166,0.895
361.521,10.019,-1.642,0.000,18.794,-0.309,3.660,-0.395,2.158,0.827
361.528,10.019,-1.642,0.000,18.808,-2.020,5.285,-0.395,2.149,0.625
361.535,10.019,-1.642,0.000,19.158,-3.892,7.162,-0.411,2.139,0.455
361.541,11.932,-1.642,0.000,20.532,0.168,2.624,-0.387,2.132,0.482
361.548,11.932,-1.642,0.000,19.802,2.708,1.982,-0.354,2.125,0.320
361.555,15.261,-1.642,0.000,19.486,0.635,3.087,-0.190,2.118,0.153
361.561,16.839,-1.793,0.000,22.442,-2.586,1.756,-0.252,2.113,0.413
361.568,17.666,-1.642,0.000,22.667,2.992,1.852,-0.225,2.109,0.352
361.575,17.666,-1.642,0.000,21.572,-0.319,2.403,-0.176,2.104,0.141
361.581,17.666,-1.642,0.000,22.289,-5.783,1.983,-0.208,2.100,0.158
361.588,24.941,-2.096,0.000,22.811,-1.475,3.425,0.096,2.102,0.188
361.595,24.941,-2.096,0.000,21.771,-1.966,4.520,0.143,2.105,0.045
361.602,29.491,-2.553,0.000,23.633,-1.629,3.021,0.264,2.110,0.188
361.608,29.491,-2.553,0.000,29.442,-1.115,4.567,0.002,2.112,0.707
361.615,29.491,-2.553,0.000,30.609,-2.546,6.536,-0.050,2.112,0.666
361.622,40.461,-2.553,0.000,32.491,-6.627,3.047,0.359,2.113,0.705
361.628,47.016,-2.400,0.000,37.154,-6.661,1.816,0.444,2.119,0.953
361.635,47.016,-2.400,0.000,39.984,-9.704,0.806,0.316,2.125,1.015
361.641,47.016,-2.400,0.000,43.214,-12.296,0.815,0.171,2.129,1.102
361.648,58.390,-2.706,0.000,45.137,-11.236,0.655,0.596,2.139,1.020
361.654,62.630,-2.706,0.000,50.371,-14.435,0.573,0.552,2.149,1.259
361.661,74.306,-2.553,0.000,52.266,-19.792,1.992,0.992,2.162,1.131
361.668,79.434,-2.553,0.000,54.195,-16.931,0.280,1.136,2.178,1.042
361.674,79.434,-2.553,0.000,59.347,-15.163,0.456,0.904,2.195,1.274
361.681,79.434,-2.553,0.000,63.987,-19.043,-0.011,0.695,2.208,1.368
361.688,79.434,-2.553,0.000,69.729,-17.391,-0.125,0.437,2.218,1.535
361.695,91.513,-2.553,0.000,69.828,-15.776,-0.134,0.976,2.235,1.194
361.701,95.509,-2.553,0.000,73.507,-15.814,-3.049,0.990,2.252,1.252
361.708,95.509,-2.553,0.000,80.175,-13.289,-2.637,0.690,2.266,1.525
361.715,108.337,-2.400,0.000,85.309,-13.130,0.000,1.036,2.281,1.694
361.721,111.749,-2.400,0.000,91.930,-13.215,-0.410,0.892,2.295,1.987
361.727,111.749,-2.400,0.000,95.215,-8.626,-0.979,0.744,2.309,1.845
361.733,124.997,-2.400,0.000,100.521,-7.078,-0.140,1.101,2.325,1.955
361.740,124.997,-2.400,0.000,102.385,-9.995,-1.433,1.018,2.341,1.602
361.746,124.997,-2.400,0.000,110.703,-10.116,-1.988,0.643,2.354,2.041
361.752,143.633,-2.400,0.000,117.761,-5.622,-4.546,1.164,2.365,2.349
361.758,143.633,-2.400,0.000,119.849,-3.223,-2.950,1.070,2.381,2.009
361.765,143.633,-2.400,0.000,122.267,-4.384,-1.000,0.961,2.396,1.728
361.771,143.633,-2.400,0.000,125.772,-5.812,-0.601,0.804,2.410,1.607
361.777,152.266,-2.400,0.000,130.943,-6.402,-0.382,0.960,2.424,1.732
361.783,153.744,-2.553,0.000,134.787,-4.242,-2.080,0.853,2.439,1.721
361.790,153.744,-2.553,0.000,140.066,-4.976,-2.815,0.616,2.452,1.791
361.797,153.744,-2.553,0.000,145.695,-6.174,-1.675,0.362,2.460,1.853
361.803,153.744,-2.553,0.000,151.163,-9.057,0.066,0.116,2.464,1.910
361.810,153.744,-2.553,0.000,155.475,-10.974,-2.388,-0.078,2.464,1.827
361.817,156.735,-2.553,0.000,159.837,-8.341,-3.195,-0.140,2.461,1.770
361.823,155.234,-2.400,0.000,164.616,-10.341,-2.313,-0.422,2.454,1.796
361.830,155.234,-2.400,0.000,166.971,-12.848,-1.699,-0.528,2.444,1.565
361.836,155.234,-2.400,0.000,171.283,-13.359,-2.763,-0.722,2.431,1.629
361.842,155.234,-2.400,0.000,174.941,-9.329,-4.511,-0.887,2.415,1.606
361.849,155.234,-2.553,0.000,176.438,-10.752,-3.552,-0.954,2.396,1.355
361.856,155.234,-2.553,0.000,178.338,-13.111,-2.913,-1.040,2.375,1.164
361.862,150.799,-2.553,0.000,182.462,-8.397,-2.244,-1.425,2.349,1.274
361.869,149.344,-2.553,0.000,184.539,-2.706,-2.370,-1.584,2.319,1.185
361.876,149.344,-2.553,0.000,183.636,-7.019,-3.040,-1.543,2.287,0.784
361.883,132.732,-2.553,0.000,186.786,-9.426,-3.651,-2.432,2.252,0.875
361.889,132.732,-2.553,0.000,186.218,-5.117,-4.626,-2.407,2.210,0.609
361.896,132.732,-2.553,0.000,186.333,-0.392,-3.772,-2.412,2.166,0.489
361.902,111.749,-2.400,0.000,185.854,-2.485,-2.590,-3.335,2.120,0.252
361.909,86.706,-2.400,0.000,186.412,-8.417,-1.205,-4.487,2.080,0.222
361.915,86.706,-2.400,0.000,185.945,-10.165,0.617,-4.466,2.033,0.105
361.921,51.209,-2.248,0.000,182.970,-11.515,-0.005,-5.929,1.990,-0.219
361.928,51.209,-2.248,0.000,182.372,-10.175,-1.863,-5.902,1.952,-0.193
361.935,51.209,-2.248,0.000,174.890,-11.262,-1.189,-5.566,1.893,-0.863
361.941,51.209,-2.248,0.000,167.963,-11.890,-3.306,-5.254,1.823,-1.353
361.948,51.209,-2.248,0.000,160.893,-10.709,-3.343,-4.936,1.752,-1.737
361.955,51.209,-2.248,0.000,150.269,-10.857,-1.811,-4.458,1.685,-2.321
361.961,24.236,-1.043,0.000,140.794,-10.824,-1.498,-5.245,1.624,-2.677
361.968,24.587,-1.043,0.000,132.418,-17.543,-2.821,-4.852,1.558,-2.801
361.975,24.587,-1.043,0.000,124.068,-21.562,-3.461,-4.477,1.489,-2.900
361.982,24.587,-1.043,0.000,112.401,-13.764,-3.236,-3.952,1.425,-3.300
361.988,25.660,-1.642,0.000,106.439,-13.748,-5.431,-3.635,1.365,-3.018
361.995,26.026,-1.793,0.000,100.741,-13.357,-3.465,-3.362,1.308,-2.856
362.002,26.026,-1.793,0.000,95.773,-17.429,-1.921,-3.139,1.254,-2.624
362.008,25.660,-2.706,0.000,89.141,-15.919,-2.160,-2.857,1.204,-2.590
362.015,25.660,-2.553,0.000,84.029,-17.890,-1.216,-2.627,1.157,-2.378
362.022,25.660,-2.553,0.000,81.219,-12.963,-1.003,-2.500,1.111,-2.031
362.028,25.660,-2.553,0.000,78.837,-11.415,-1.934,-2.393,1.066,-1.751
362.035,25.660,-2.553,0.000,76.955,-10.475,-3.397,-2.308,1.022,-1.540
362.042,25.299,-3.014,0.000,74.892,-12.778,-3.736,-2.232,0.979,-1.362
362.049,23.207,-3.482,0.000,71.718,-13.130,-4.648,-2.183,0.937,-1.323
362.055,22.209,-3.482,0.000,70.646,-16.530,-3.833,-2.180,0.897,-1.082
362.062,22.209,-3.482,0.000,70.834,-14.620,-3.483,-2.188,0.855,-0.810
362.069,13.777,-3.639,0.000,64.875,-11.024,-1.361,-2.299,0.813,-1.199
362.075,12.380,-3.639,0.000,63.935,-8.520,-1.029,-2.320,0.769,-1.047
362.082,12.380,-3.639,0.000,59.895,-7.538,0.131,-2.138,0.729,-1.215
362.088,12.380,-3.639,0.000,58.187,-11.627,-0.988,-2.061,0.691,-1.072
362.095,12.380,-3.639,0.000,55.728,-12.727,-2.424,-1.951,0.654,-1.013
362.102,12.380,-3.639,0.000,48.934,-10.943,-3.302,-1.645,0.622,-1.372
362.108,12.380,-3.639,0.000,43.088,-11.394,-3.233,-1.382,0.594,-1.548
362.115,0.446,-2.553,0.000,41.593,-11.024,-5.489,-1.852,0.566,-1.285
362.121,0.149,-2.553,0.000,39.265,-13.416,-4.714,-1.760,0.533,-1.174
362.127,0.149,-2.553,0.000,36.843,-15.672,-3.203,-1.651,0.505,-1.135
362.132,-0.149,-2.400,0.000,34.863,-19.239,-0.273,-1.576,0.481,-1.031
362.138,-0.149,-3.169,0.000,33.163,-19.028,-0.198,-1.499,0.457,-0.952
362.143,-0.149,-3.169,0.000,31.358,-21.471,-1.113,-1.418,0.432,-0.905
362.149,-0.149,-3.169,0.000,29.643,-23.507,-3.108,-1.341,0.409,-0.846
362.155,-0.297,-5.089,0.000,28.804,-26.526,-3.856,-1.310,0.386,-0.694
362.161,-0.297,-5.421,0.000,28.590,-28.051,-4.257,-1.300,0.362,-0.546
362.168,-0.446,-5.589,0.000,25.072,-25.051,-3.625,-1.148,0.337,-0.796
362.174,-0.595,-5.589,0.000,17.700,-25.271,-2.023,-0.823,0.317,-1.345
362.181,-0.595,-5.589,0.000,14.378,-22.843,-0.890,-0.674,0.302,-1.387
362.187,-1.793,-5.589,0.000,14.394,-19.499,-1.047,-0.728,0.285,-1.101
362.194,-1.793,-5.589,0.000,11.248,-19.794,-1.062,-0.587,0.271,-1.188
362.200,-1.793,-5.589,0.000,8.251,-17.812,-1.366,-0.452,0.261,-1.161
362.207,-9.219,-5.589,0.000,5.815,-17.105,-1.901,-0.676,0.251,-1.108
362.214,-10.430,-5.589,0.000,0.443,-18.407,-5.135,-0.489,0.241,-1.294
362.220,-10.430,-5.589,0.000,-3.579,-15.577,-7.515,-0.308,0.233,-1.342
362.227,-10.430,-5.589,0.000,-8.124,-9.129,-5.625,-0.104,0.230,-1.409
362.234,-10.430,-5.589,0.000,-8.191,-4.816,-4.139,-0.101,0.229,-1.043
362.240,-22.871,-5.589,0.000,-10.753,-7.114,-3.783,-0.545,0.218,-1.028
362.247,-22.871,-5.589,0.000,-8.470,-6.630,-1.452,-0.648,0.207,-0.520
362.254,-29.491,-5.589,0.000,-11.398,-9.745,-0.564,-0.814,0.195,-0.593
362.261,-30.720,-5.589,0.000,-13.766,-8.283,-5.616,-0.763,0.182,-0.598
362.268,-30.720,-5.589,0.000,-18.881,-8.039,-4.675,-0.533,0.170,-0.901
362.274,-30.720,-5.589,0.000,-20.527,-8.642,-6.926,-0.459,0.160,-0.833
362.281,-36.504,-5.589,0.000,-23.741,-10.339,-6.380,-0.574,0.148,-0.938
362.288,-36.504,-5.589,0.000,-27.895,-15.106,-3.054,-0.387,0.139,-1.087
362.294,-43.642,-5.589,0.000,-30.274,-15.660,-1.893,-0.602,0.128,-1.008
362.301,-44.745,-5.589,0.000,-36.718,-18.399,-2.177,-0.361,0.121,-1.314
362.308,-44.745,-5.589,0.000,-38.704,-17.567,-1.251,-0.272,0.114,-1.196
362.315,-49.982,-5.421,0.000,-43.753,-17.065,-4.356,-0.280,0.109,-1.402
362.321,-52.459,-5.421,0.000,-46.667,-16.066,-6.387,-0.261,0.104,-1.352
362.328,-52.459,-5.421,0.000,-47.073,-19.180,-4.206,-0.242,0.098,-1.093
362.335,-52.459,-5.421,0.000,-49.159,-18.732,-5.695,-0.149,0.095,-0.995
362.342,-55.692,-5.589,0.000,-51.434,-18.759,-5.465,-0.192,0.091,-0.958
362.348,-55.692,-5.589,0.000,-52.674,-18.695,-6.803,-0.136,0.088,-0.806
362.355,-55.692,-5.589,0.000,-55.826,-14.007,-5.238,0.006,0.087,-0.889
362.362,-60.480,-5.589,0.000,-60.503,-15.589,-2.823,0.001,0.086,-1.145
362.369,-60.480,-5.589,0.000,-64.246,-14.921,-1.649,0.169,0.089,-1.210
362.376,-60.480,-5.589,0.000,-66.980,-12.550,-4.069,0.292,0.095,-1.135
362.382,-61.190,-5.421,0.000,-69.466,-9.267,-6.279,0.372,0.103,-1.072
362.389,-61.190,-5.421,0.000,-70.084,-8.590,-5.944,0.400,0.110,-0.896
362.396,-62.630,-5.421,0.000,-74.478,-9.251,-3.793,0.533,0.119,-1.104
362.402,-62.630,-5.589,0.000,-78.619,-13.008,-3.741,0.719,0.133,-1.232
362.409,-62.630,-5.589,0.000,-81.188,-13.809,-6.983,0.835,0.151,-1.153
362.416,-66.347,-5.421,0.000,-84.624,-10.570,-4.855,0.822,0.169,-1.147
362.423,-69.445,-5.421,0.000,-86.184,-10.499,-5.592,0.753,0.186,-0.974
362.429,-69.445,-5.421,0.000,-87.872,-13.646,-7.347,0.829,0.204,-0.868
362.436,-69.445,-5.421,0.000,-91.867,-9.967,-8.090,1.009,0.224,-1.012
362.443,-69.445,-5.421,0.000,-95.705,-11.792,-8.189,1.182,0.247,-1.115
362.449,-76.836,-5.421,0.000,-96.883,-14.737,-7.034,0.902,0.264,-0.954
362.456,-76.836,-5.421,0.000,-97.417,-13.241,-7.678,0.926,0.284,-0.747
362.463,-76.836,-5.421,0.000,-99.613,-12.463,-6.751,1.025,0.304,-0.780
362.470,-86.706,-5.255,0.000,-100.942,-16.660,-5.394,0.641,0.318,-0.768
362.477,-87.651,-5.255,0.000,-102.570,-13.710,-6.854,0.671,0.331,-0.731
362.483,-87.651,-5.255,0.000,-101.830,-11.595,-4.421,0.638,0.344,-0.460
362.490,-92.499,-5.089,0.000,-102.279,-15.855,-5.599,0.440,0.356,-0.393
362.497,-92.499,-5.089,0.000,-103.428,-17.071,-5.358,0.492,0.365,-0.439
362.503,-93.494,-4.924,0.000,-107.241,-17.692,-3.933,0.619,0.376,-0.666
362.510,-93.494,-4.924,0.000,-107.883,-18.631,-5.006,0.648,0.389,-0.548
362.516,-99.643,-5.089,0.000,-109.381,-13.411,-6.137,0.438,0.399,-0.552
362.523,-102.835,-4.924,0.000,-111.862,-13.359,-6.619,0.406,0.408,-0.654
362.529,-102.835,-4.924,0.000,-114.822,-17.329,-6.005,0.539,0.417,-0.787
362.535,-102.835,-4.924,0.000,-114.380,-19.585,-4.421,0.519,0.426,-0.563
362.541,-108.337,-4.924,0.000,-116.487,-15.933,-5.180,0.367,0.433,-0.626
362.548,-108.337,-4.924,0.000,-121.119,-14.702,-4.762,0.575,0.443,-0.885
362.554,-120.042,-4.760,0.000,-124.619,-16.985,-4.936,0.206,0.449,-1.023
362.561,-122.500,-4.598,0.000,-123.882,-17.649,-2.385,0.062,0.451,-0.720
362.568,-122.500,-4.598,0.000,-127.320,-18.315,-0.493,0.217,0.454,-0.873
362.574,-122.500,-4.598,0.000,-130.709,-16.265,-2.560,0.369,0.461,-0.960
362.581,-127.534,-4.275,0.000,-132.431,-15.880,-1.334,0.220,0.464,-0.877
362.587,-131.417,-3.955,0.000,-133.971,-16.529,-2.756,0.115,0.465,-0.839
362.594,-131.417,-3.955,0.000,-136.610,-14.055,-5.586,0.234,0.469,-0.891
362.600,-143.633,-3.482,0.000,-138.657,-11.924,-5.740,-0.224,0.469,-0.849
362.607,-150.799,-3.169,0.000,-141.611,-14.304,-7.187,-0.413,0.464,-0.952
362.614,-159.772,-2.553,0.000,-145.358,-11.674,-7.802,-0.649,0.457,-1.109
362.621,-159.772,-2.553,0.000,-152.067,-8.364,-6.366,-0.347,0.451,-1.424
362.627,-170.770,-2.096,0.000,-154.008,-8.004,-6.142,-0.754,0.439,-1.260
362.634,-170.770,-2.096,0.000,-155.917,-8.644,-1.946,-0.668,0.427,-1.139
362.641,-170.770,-2.096,0.000,-160.043,-8.194,-1.232,-0.483,0.417,-1.259
362.647,-187.519,-1.192,0.000,-166.678,-6.722,-0.843,-0.938,0.406,-1.602
362.653,-187.519,-1.192,0.000,-168.316,-9.180,-0.245,-0.864,0.392,-1.372
362.660,-191.020,-1.043,0.000,-173.122,-9.472,-2.158,-0.805,0.380,-1.531
362.666,-191.020,-1.043,0.000,-178.561,-3.191,-3.624,-0.561,0.368,-1.653
362.673,-191.020,-0.893,0.000,-183.558,-5.860,-4.804,-0.336,0.361,-1.710
362.680,-191.020,-0.893,0.000,-188.476,-10.260,-4.755,-0.114,0.356,-1.788
362.686,-191.020,-0.893,0.000,-192.226,-2.704,-6.707,0.054,0.356,-1.696
362.693,-191.020,-0.893,0.000,-195.471,-3.595,-5.756,0.200,0.360,-1.532
362.699,-191.020,-0.893,0.000,-197.548,-5.881,-3.283,0.294,0.365,-1.365
362.706,-187.519,-0.595,0.000,-199.291,-0.515,-3.618,0.530,0.373,-1.214
362.712,-187.519,-0.595,0.000,-202.691,0.888,-3.808,0.683,0.386,-1.227
362.718,-187.519,-0.595,0.000,-206.739,-1.794,-3.611,0.865,0.402,-1.350
362.725,-187.519,-0.595,0.000,-207.015,-0.958,-2.448,0.877,0.418,-1.077
362.731,-187.519,-0.595,0.000,-205.809,1.547,-0.588,0.823,0.435,-0.656
362.737,-187.519,-0.595,0.000,-207.083,0.060,-2.523,0.880,0.452,-0.613
362.743,-187.519,-0.595,0.000,-207.773,1.860,-2.542,0.911,0.470,-0.525
362.750,-187.519,-0.595,0.000,-207.373,-0.112,-1.071,0.893,0.486,-0.385
362.756,-184.069,-0.446,0.000,-206.555,0.452,-0.956,1.012,0.505,-0.216
362.762,-180.670,-0.446,0.000,-204.411,1.386,-2.034,1.068,0.527,0.075
362.769,-177.320,-0.446,0.000,-203.875,3.220,-3.349,1.195,0.549,0.110
362.775,-177.320,-0.446,0.000,-204.667,-0.948,0.012,1.231,0.573,-0.001
362.782,-177.320,-0.446,0.000,-201.491,-1.206,1.711,1.088,0.596,0.316
362.789,-140.843,-0.446,0.000,-197.919,1.755,-0.070,2.568,0.625,0.609
362.795,-140.843,-0.446,0.000,-196.596,-2.167,1.489,2.509,0.659,0.534
362.802,-140.843,-0.446,0.000,-192.151,-0.605,0.726,2.309,0.697,0.832
362.808,-76.836,-0.446,0.000,-186.468,1.685,-0.390,4.933,0.710,1.361
362.815,-76.836,-0.446,0.000,-185.001,-4.078,1.449,4.867,0.727,1.131
362.821,-38.940,-0.446,0.000,-178.879,-2.229,3.367,6.297,0.750,1.506
362.828,-38.940,-0.446,0.000,-170.654,-0.036,2.305,5.927,0.761,1.949
362.835,-38.940,-0.446,0.000,-165.738,-0.243,0.976,5.706,0.800,1.947
362.841,-38.940,-0.446,0.000,-158.833,1.908,2.163,5.395,0.858,2.145
362.847,-9.219,-0.595,0.000,-149.760,0.575,4.851,6.324,0.901,2.609
362.854,-9.219,-0.595,0.000,-141.834,0.838,3.351,5.968,0.950,2.729
362.860,-9.219,-0.595,0.000,-131.640,7.171,2.960,5.509,1.013,3.105
362.866,-9.219,-0.595,0.000,-119.387,8.707,2.481,4.958,1.079,3.645
362.872,0.149,-0.446,0.000,-110.947,9.134,2.842,4.999,1.141,3.832
362.877,0.149,-0.446,0.000,-102.494,9.867,2.628,4.619,1.197,3.894
362.883,0.149,-0.446,0.000,-91.565,9.798,2.664,4.127,1.251,4.223
362.888,0.149,-0.446,0.000,-81.821,11.210,2.431,3.689,1.301,4.329
362.894,0.149,-0.446,0.000,-72.965,12.943,2.463,3.290,1.349,4.303
362.899,0.149,-0.446,0.000,-64.857,14.872,2.620,2.925,1.393,4.234
362.905,0.149,-0.446,0.000,-57.189,16.574,3.945,2.580,1.433,4.159
362.911,3.482,-0.446,0.000,-52.661,20.351,5.319,2.526,1.476,3.582
362.918,4.760,-0.446,0.000,-44.202,17.171,6.205,2.203,1.518,3.444
362.924,7.333,-0.446,0.000,-37.886,14.988,4.668,2.035,1.556,3.154
362.931,11.062,-0.446,0.000,-30.072,17.062,4.668,1.851,1.591,3.163
362.937,11.062,-0.446,0.000,-25.336,15.669,5.673,1.638,1.624,2.859
362.944,11.062,-0.446,0.000,-21.436,10.108,5.010,1.462,1.653,2.527
362.950,11.062,-0.446,0.000,-17.985,10.817,4.203,1.307,1.679,2.172
362.957,11.062,-0.446,0.000,-11.541,10.042,5.137,1.017,1.701,2.265
362.963,19.398,-0.446,0.000,-7.857,8.455,5.937,1.226,1.724,2.096
362.970,20.927,-0.446,0.000,-5.899,4.477,5.083,1.207,1.747,1.767
362.976,20.927,-0.446,0.000,-0.254,5.568,2.813,0.953,1.767,1.841
362.983,20.927,-0.446,0.000,4.212,6.649,3.982,0.752,1.784,1.837
362.989,20.927,-0.446,0.000,5.574,4.881,3.725,0.691,1.799,1.515
362.996,25.299,-0.446,0.000,6.978,2.467,3.680,0.824,1.815,1.257
363.002,25.299,-0.446,0.000,12.606,2.691,3.946,0.571,1.828,1.489
363.009,28.300,-0.595,0.000,14.160,3.109,5.458,0.636,1.841,1.315
363.015,28.300,-0.595,0.000,17.724,2.667,4.319,0.476,1.851,1.338
363.021,28.300,-0.595,0.000,22.540,2.699,3.284,0.259,1.858,1.460
363.028,28.300,-0.595,0.000,27.839,2.627,3.558,0.021,1.859,1.604
363.034,33.739,-0.595,0.000,31.625,3.307,7.065,0.095,1.862,1.608
363.040,35.564,-0.595,0.000,35.301,1.687,4.271,0.012,1.863,1.594
363.046,35.564,-0.595,0.000,39.034,4.313,0.486,-0.156,1.861,1.559
363.053,45.304,-0.595,0.000,43.484,6.344,0.959,0.082,1.857,1.620
363.059,45.304,-0.595,0.000,47.995,4.369,5.392,-0.121,1.857,1.670
363.065,45.304,-0.595,0.000,52.296,3.895,5.771,-0.315,1.852,1.697
363.072,54.380,-0.446,0.000,54.994,8.364,1.950,-0.028,1.850,1.571
363.078,54.380,-0.446,0.000,61.129,7.360,2.721,-0.304,1.846,1.774
363.085,59.080,-0.446,0.000,65.534,5.165,3.900,-0.290,1.839,1.763
363.091,59.080,-0.446,0.000,68.636,9.407,0.745,-0.430,1.832,1.586
363.098,59.080,-0.446,0.000,75.338,8.108,2.955,-0.732,1.820,1.857
363.104,73.478,-0.446,0.000,78.594,8.050,3.159,-0.230,1.817,1.741
363.111,73.478,-0.446,0.000,81.645,13.530,0.116,-0.368,1.811,1.590
363.118,95.509,-0.446,0.000,87.521,8.339,3.773,0.359,1.812,1.829
363.124,105.009,-0.595,0.000,91.599,7.671,3.976,0.603,1.819,1.807
363.130,110.602,-0.595,0.000,94.194,13.232,0.591,0.738,1.826,1.617
363.137,110.602,-0.595,0.000,102.385,9.172,2.542,0.370,1.833,2.037
363.143,110.602,-0.595,0.000,106.520,8.429,4.824,0.184,1.837,1.966
363.149,110.602,-0.595,0.000,110.259,9.876,1.535,0.015,1.838,1.863
363.155,110.602,-0.595,0.000,113.829,12.020,-0.267,-0.145,1.836,1.719
363.162,134.057,-0.595,0.000,122.537,9.039,2.129,0.518,1.835,2.293
363.168,135.393,-0.595,0.000,124.963,11.077,-0.727,0.469,1.841,1.956
363.174,135.393,-0.595,0.000,127.327,13.823,-2.262,0.363,1.846,1.693
363.180,135.393,-0.595,0.000,134.629,10.740,-0.177,0.034,1.848,1.963
363.187,136.740,-0.446,0.000,138.701,12.997,1.235,-0.088,1.848,1.901
363.193,136.740,-0.446,0.000,144.290,16.811,-1.355,-0.340,1.843,1.970
363.200,138.097,-0.446,0.000,153.425,14.386,1.306,-0.690,1.831,2.345
363.206,138.097,-0.446,0.000,157.469,14.956,1.922,-0.872,1.816,2.168
363.213,138.097,-0.446,0.000,161.974,17.607,0.578,-1.074,1.796,2.090
363.219,149.344,-0.446,0.000,171.051,20.929,2.033,-0.977,1.781,2.428
363.226,152.266,-0.446,0.000,175.814,17.000,-0.275,-1.060,1.763,2.283
363.232,152.266,-0.446,0.000,178.064,15.906,1.928,-1.161,1.741,1.900
363.239,172.390,-0.446,0.000,182.842,21.179,3.163,-0.470,1.722,1.958
363.245,170.770,-0.446,0.000,188.675,16.941,2.802,-0.806,1.712,2.035
363.252,170.770,-0.446,0.000,192.670,19.327,3.305,-0.985,1.696,1.875
363.258,170.770,-0.446,0.000,195.867,19.329,1.253,-1.129,1.677,1.730
363.265,180.670,-0.446,0.000,199.802,20.978,3.938,-0.861,1.663,1.703
363.271,187.519,-0.446,0.000,205.242,22.273,-0.306,-0.798,1.649,1.804
363.278,187.519,-0.446,0.000,207.369,17.859,3.462,-0.893,1.634,1.545
363.284,187.519,-0.446,0.000,209.195,19.256,3.934,-0.975,1.617,1.346
363.291,187.519,-0.446,0.000,212.664,19.341,0.355,-1.132,1.596,1.322
363.298,187.519,-0.446,0.000,215.794,21.058,3.249,-1.272,1.572,1.320
363.304,187.519,-0.446,0.000,219.280,21.896,-0.464,-1.429,1.546,1.350
363.311,189.263,-0.446,0.000,224.682,20.188,2.574,-1.594,1.515,1.462
363.317,189.263,-0.446,0.000,227.499,20.966,2.737,-1.721,1.484,1.429
363.324,189.263,-0.446,0.000,228.174,19.550,3.404,-1.751,1.451,1.129
363.330,185.788,-0.446,0.000,238.224,21.531,4.328,-2.360,1.412,1.818
363.337,185.788,-0.446,0.000,239.639,20.424,2.959,-2.423,1.370,1.554
363.343,185.788,-0.446,0.000,243.659,26.008,3.582,-2.604,1.325,1.544
363.350,185.788,-0.446,0.000,249.084,23.244,0.535,-2.848,1.277,1.701
363.356,185.788,-0.446,0.000,248.180,19.150,6.247,-2.808,1.228,1.198
363.363,185.788,-0.446,0.000,252.150,20.493,5.429,-2.986,1.177,1.272
363.369,185.788,-0.446,0.000,250.875,17.663,5.311,-2.929,1.127,0.847
363.376,185.788,-0.446,0.000,251.601,23.603,3.338,-2.962,1.078,0.728
363.382,185.788,-0.446,0.000,255.000,18.222,5.117,-3.115,1.026,0.878
363.389,164.414,-0.446,0.000,252.319,15.573,3.828,-3.956,0.965,0.389
363.396,164.414,-0.446,0.000,253.837,18.177,-0.316,-4.024,0.904,0.461
363.402,145.044,-0.446,0.000,251.679,15.487,2.716,-4.799,0.842,0.150
363.409,134.057,-0.446,0.000,254.187,10.758,0.113,-5.406,0.775,0.365
363.415,110.602,-0.595,0.000,248.336,13.416,4.068,-6.198,0.713,-0.331
363.421,110.602,-0.595,0.000,245.681,15.009,3.509,-6.079,0.656,-0.545
363.428,92.499,-0.595,0.000,241.441,14.048,3.872,-6.702,0.606,-0.878
363.434,92.499,-0.595,0.000,237.521,11.468,4.736,-6.526,0.537,-1.057
363.440,47.598,-0.744,0.000,232.112,11.256,2.264,-8.303,0.509,-1.423
363.447,33.739,-0.595,0.000,226.131,14.019,5.834,-8.658,0.490,-1.706
363.453,33.739,-0.595,0.000,215.225,15.400,1.630,-8.167,0.443,-2.478
363.459,33.739,-0.595,0.000,207.176,14.144,3.617,-7.805,0.373,-2.750
363.466,18.518,-0.446,0.000,195.012,12.466,2.462,-7.942,0.307,-3.356
363.472,14.757,-0.446,0.000,185.999,10.001,0.850,-7.706,0.236,-3.450
363.479,14.757,-0.446,0.000,172.714,15.750,0.990,-7.108,0.163,-3.938
363.485,5.928,-0.446,0.000,160.435,12.899,2.664,-6.953,0.090,-4.226
363.492,5.255,-0.446,0.000,147.026,12.425,4.808,-6.380,0.017,-4.520
363.498,3.639,-0.446,0.000,133.754,7.805,2.757,-5.855,-0.056,-4.766
363.505,3.639,-0.446,0.000,123.134,10.179,3.086,-5.377,-0.127,-4.581
363.512,2.248,-0.446,0.000,108.302,8.461,1.509,-4.772,-0.195,-4.898
363.518,2.248,-0.446,0.000,97.840,11.691,5.312,-4.302,-0.260,-4.740
363.524,0.446,-0.446,0.000,86.416,9.755,0.488,-3.869,-0.320,-4.695
363.531,0.446,-0.446,0.000,80.475,5.168,2.457,-3.601,-0.377,-4.131
363.537,0.000,-0.446,0.000,73.700,9.766,0.099,-3.317,-0.430,-3.741
363.543,0.000,-0.446,0.000,67.792,12.092,-1.875,-3.051,-0.474,-3.416
363.548,0.000,-0.446,0.000,58.006,7.810,1.014,-2.610,-0.514,-3.671
363.554,0.000,-0.446,0.000,56.114,6.997,2.847,-2.525,-0.555,-3.085
363.559,0.000,-0.446,0.000,53.864,7.644,2.982,-2.424,-0.592,-2.622
363.565,0.000,-0.446,0.000,53.445,8.115,1.742,-2.405,-0.628,-2.000
363.570,0.000,-0.446,0.000,49.657,6.745,1.534,-2.235,-0.661,-1.848
363.576,0.000,-0.446,0.000,45.716,6.642,2.430,-2.057,-0.694,-1.803
363.581,0.000,-0.446,0.000,41.323,5.304,3.559,-1.860,-0.724,-1.877
363.587,0.000,-0.595,0.000,41.516,3.484,2.398,-1.868,-0.753,-1.416
363.592,0.000,-0.595,0.000,39.199,4.735,2.854,-1.764,-0.781,-1.366
363.597,0.000,-0.595,0.000,36.441,3.802,0.948,-1.640,-0.806,-1.391
363.602,-0.149,-0.893,0.000,36.039,4.507,1.412,-1.628,-0.832,-1.081
363.608,-0.297,-1.043,0.000,34.553,2.447,0.724,-1.568,-0.858,-1.031
363.614,-4.436,-1.043,0.000,34.925,-2.154,1.894,-1.771,-0.887,-0.709
363.621,-4.436,-1.043,0.000,33.676,4.933,-0.342,-1.715,-0.921,-0.668
363.627,-8.636,-1.192,0.000,29.551,4.743,2.073,-1.718,-0.954,-0.896
363.634,-8.636,-1.192,0.000,26.954,0.320,4.107,-1.602,-0.984,-0.920
363.640,-20.927,-1.043,0.000,24.252,5.640,0.384,-2.033,-1.018,-1.005
363.647,-22.538,-1.043,0.000,20.083,8.286,-0.104,-1.918,-1.053,-1.125
363.653,-33.739,-1.043,0.000,13.905,4.829,3.755,-2.144,-1.087,-1.453
363.660,-33.739,-1.043,0.000,12.985,6.458,1.742,-2.103,-1.123,-1.169
363.667,-38.940,-1.192,0.000,6.572,4.744,3.857,-2.048,-1.157,-1.483
363.673,-38.940,-1.192,0.000,-0.567,6.086,2.464,-1.727,-1.188,-1.842
363.679,-38.940,-1.192,0.000,-3.303,4.689,0.470,-1.604,-1.217,-1.656
363.686,-46.440,-1.642,0.000,-11.024,5.560,-0.013,-1.594,-1.246,-1.967
363.692,-49.982,-2.400,0.000,-17.157,6.106,-1.263,-1.477,-1.273,-2.072
363.699,-49.982,-2.400,0.000,-21.128,2.102,0.892,-1.298,-1.297,-1.950
363.705,-49.982,-2.400,0.000,-30.019,4.156,0.823,-0.898,-1.315,-2.347
363.711,-49.982,-2.400,0.000,-33.492,9.080,-1.818,-0.742,-1.330,-2.101
363.717,-52.459,-3.169,0.000,-38.429,4.229,1.551,-0.631,-1.343,-2.064
363.724,-53.094,-3.325,0.000,-45.306,9.299,-1.362,-0.350,-1.352,-2.168
363.731,-53.094,-3.325,0.000,-49.816,10.306,-3.367,-0.148,-1.356,-2.026
363.738,-53.094,-3.325,0.000,-52.318,10.950,-3.144,-0.035,-1.358,-1.764
363.744,-53.094,-3.325,0.000,-58.856,11.687,-5.386,0.259,-1.354,-1.930
363.751,-53.094,-3.325,0.000,-62.306,9.375,-0.727,0.415,-1.347,-1.778
363.758,-53.094,-3.325,0.000,-61.671,8.393,-3.846,0.386,-1.338,-1.256
363.765,-55.033,-5.255,0.000,-63.044,4.891,1.272,0.360,-1.330,-1.085
363.771,-55.033,-5.255,0.000,-65.366,1.856,-0.371,0.465,-1.322,-1.090
363.778,-55.033,-5.255,0.000,-69.268,-3.766,1.526,0.641,-1.309,-1.166
363.785,-57.028,-4.924,0.000,-71.202,0.416,-0.679,0.638,-1.295,-1.045
363.791,-57.028,-4.924,0.000,-67.976,-0.936,-2.148,0.493,-1.285,-0.504
363.797,-57.028,-4.924,0.000,-68.839,-7.597,0.099,0.531,-1.273,-0.430
363.804,-58.390,-5.089,0.000,-71.342,-4.094,-2.368,0.583,-1.261,-0.534
363.810,-58.390,-5.089,0.000,-67.454,-4.567,0.081,0.408,-1.252,-0.065
363.817,-59.777,-5.089,0.000,-66.576,-5.948,2.682,0.306,-1.244,0.043
363.824,-59.777,-5.089,0.000,-74.507,-11.189,-1.396,0.663,-1.233,-0.734
363.831,-59.777,-5.089,0.000,-73.295,-15.172,1.454,0.608,-1.220,-0.458
363.837,-59.777,-5.089,0.000,-82.192,-13.968,-4.698,1.009,-1.201,-1.157
363.844,-61.907,-5.255,0.000,-84.332,-12.060,-1.222,1.009,-1.181,-1.085
363.851,-62.630,-5.255,0.000,-86.982,-8.876,-1.620,1.096,-1.159,-1.035
363.857,-62.630,-5.255,0.000,-93.856,-11.181,-6.413,1.405,-1.132,-1.431
363.864,-67.882,-5.089,0.000,-90.891,-10.472,-2.497,1.035,-1.110,-0.839
363.871,-67.882,-5.089,0.000,-98.277,-12.801,-5.579,1.368,-1.084,-1.325
363.878,-67.882,-5.089,0.000,-101.012,-11.420,-0.388,1.491,-1.056,-1.307
363.884,-75.142,-5.089,0.000,-103.797,-8.763,-0.205,1.289,-1.027,-1.228
363.891,-75.142,-5.089,0.000,-100.814,-5.523,0.483,1.155,-1.003,-0.626
363.898,-75.142,-5.089,0.000,-96.739,2.135,1.883,0.972,-0.982,-0.083
363.904,-75.142,-5.089,0.000,-94.874,1.917,1.472,0.888,-0.964,0.080
363.911,-75.142,-5.089,0.000,-100.881,-9.851,5.911,1.158,-0.941,-0.480
363.918,-75.142,-5.089,0.000,-102.360,-8.851,2.132,1.225,-0.917,-0.502
363.924,-92.499,-4.924,0.000,-101.066,-9.719,0.525,0.386,-0.904,-0.239
363.931,-92.499,-4.924,0.000,-106.846,-13.536,1.042,0.646,-0.894,-0.741
363.937,-92.499,-4.924,0.000,-109.400,-12.348,1.773,0.761,-0.883,-0.879
363.943,-92.499,-4.924,0.000,-109.574,-10.997,2.212,0.768,-0.868,-0.661
363.950,-108.337,-4.436,0.000,-113.587,-15.251,2.252,0.236,-0.865,-0.898
363.956,-108.337,-4.436,0.000,-114.041,-11.893,3.555,0.257,-0.861,-0.737
363.963,-121.266,-4.275,0.000,-116.093,-8.850,1.356,-0.233,-0.862,-0.754
363.970,-126.260,-4.275,0.000,-121.196,-11.789,5.611,-0.228,-0.864,-1.039
363.976,-126.260,-4.275,0.000,-119.944,-9.436,5.908,-0.284,-0.868,-0.643
363.983,-126.260,-4.275,0.000,-124.846,-10.055,4.693,-0.064,-0.870,-0.885
363.990,-147.899,-3.796,0.000,-128.051,-11.246,7.172,-0.893,-0.883,-1.014
363.997,-147.899,-3.796,0.000,-132.443,-8.469,4.595,-0.696,-0.894,-1.135
364.003,-165.985,-3.169,0.000,-140.513,-8.667,6.172,-1.146,-0.907,-1.639
364.010,-177.320,-3.014,0.000,-141.806,-11.174,8.582,-1.598,-0.924,-1.372
364.017,-177.320,-3.014,0.000,-150.797,-3.534,4.336,-1.194,-0.943,-1.887
364.024,-200.001,-2.096,0.000,-158.124,-5.166,6.410,-1.884,-0.960,-2.199
364.030,-200.001,-2.096,0.000,-167.075,-5.174,4.486,-1.482,-0.979,-2.482
364.037,-200.001,-2.096,0.000,-171.490,-1.463,3.135,-1.283,-0.999,-2.291
364.044,-200.001,-2.096,0.000,-179.450,-6.715,6.160,-0.925,-1.015,-2.453
364.050,-218.971,-1.342,0.000,-186.101,-4.374,6.348,-1.479,-1.036,-2.548
364.057,-218.971,-1.342,0.000,-191.792,-1.025,4.232,-1.223,-1.055,-2.406
364.064,-217.012,-1.043,0.000,-201.318,-2.241,6.311,-0.706,-1.070,-2.653
364.071,-215.067,-0.893,0.000,-205.669,0.372,7.067,-0.423,-1.080,-2.416
364.077,-215.067,-0.893,0.000,-214.949,0.132,6.672,-0.005,-1.082,-2.657
364.084,-215.067,-0.893,0.000,-220.146,-0.170,7.832,0.229,-1.079,-2.509
364.090,-205.549,-0.893,0.000,-223.480,0.207,8.988,0.807,-1.065,-2.235
364.097,-205.549,-0.893,0.000,-231.377,0.933,5.700,1.162,-1.044,-2.443
364.103,-146.466,-0.744,0.000,-232.424,-1.956,9.990,3.868,-1.026,-2.103
364.110,-135.393,-0.744,0.000,-236.752,-3.451,8.075,4.561,-1.002,-1.972
364.117,-110.602,-0.744,0.000,-237.545,0.773,6.656,5.712,-0.982,-1.613
364.123,-97.558,-0.744,0.000,-236.818,-2.947,7.618,6.267,-0.953,-1.131
364.130,-97.558,-0.744,0.000,-234.476,0.637,8.017,6.161,-0.909,-0.575
364.137,-97.558,-0.744,0.000,-226.702,3.622,5.968,5.811,-0.845,0.343
364.144,-88.604,-0.744,0.000,-224.069,-0.354,5.763,6.096,-0.775,0.530
364.150,-84.840,-0.595,0.000,-217.793,0.155,5.623,5.983,-0.704,0.996
364.156,-84.840,-0.595,0.000,-206.470,2.680,8.009,5.473,-0.636,1.979
364.163,-72.656,-0.446,0.000,-197.365,0.031,8.146,5.612,-0.565,2.447
364.169,-69.445,-0.446,0.000,-187.901,5.943,6.940,5.331,-0.494,2.766
364.176,-69.445,-0.446,0.000,-178.576,4.912,7.582,4.911,-0.425,3.016
364.183,-69.445,-0.446,0.000,-164.829,8.702,8.882,4.292,-0.360,3.604
364.189,-49.377,-0.595,0.000,-153.223,7.153,8.973,4.673,-0.297,3.905
364.195,-49.377,-0.595,0.000,-148.229,13.876,6.393,4.448,-0.234,3.498
364.201,-49.377,-0.595,0.000,-139.441,12.682,6.137,4.053,-0.175,3.506
364.208,-49.377,-0.595,0.000,-135.181,13.278,3.069,3.861,-0.115,3.123
364.214,-49.377,-0.595,0.000,-129.243,14.640,4.315,3.594,-0.061,2.931
364.220,-49.377,-0.595,0.000,-123.319,14.564,4.762,3.327,-0.008,2.788
364.226,-6.272,-0.595,0.000,-116.994,15.671,5.008,4.982,0.032,2.836
364.233,-6.272,-0.595,0.000,-112.994,17.753,5.745,4.802,0.086,2.551
364.239,-6.272,-0.595,0.000,-110.407,13.474,7.822,4.686,0.147,2.155
364.245,-6.272,-0.595,0.000,-109.617,17.573,6.883,4.650,0.210,1.667
364.251,0.000,-0.744,0.000,-105.413,17.459,5.347,4.744,0.271,1.651
364.257,0.000,-0.744,0.000,-98.916,17.245,5.078,4.451,0.330,2.013
364.262,0.000,-0.744,0.000,-96.124,16.242,3.774,4.326,0.386,1.905
364.268,0.000,-0.744,0.000,-93.113,18.625,3.593,4.190,0.441,1.786
364.274,0.000,-0.744,0.000,-88.708,14.615,5.068,3.992,0.495,1.823
364.279,0.000,-0.744,0.000,-84.828,13.120,5.951,3.817,0.547,1.765
364.285,0.000,-0.595,0.000,-79.710,12.570,5.913,3.587,0.597,1.853
364.290,0.000,-0.595,0.000,-76.745,13.542,6.517,3.454,0.641,1.728
364.296,0.149,-0.744,0.000,-69.921,17.048,5.646,3.153,0.688,2.092
364.302,0.297,-0.744,0.000,-65.979,15.231,5.208,2.982,0.736,2.013
364.308,0.297,-0.744,0.000,-65.023,16.571,3.610,2.939,0.784,1.647
364.314,0.297,-0.744,0.000,-59.427,13.498,5.757,2.688,0.829,1.756
364.321,0.297,-0.744,0.000,-52.182,13.650,4.436,2.362,0.871,2.061
364.327,5.421,-0.744,0.000,-45.408,19.932,3.166,2.287,0.915,2.224
364.334,5.421,-0.744,0.000,-41.794,13.886,2.937,2.125,0.955,1.986
364.341,11.276,-0.893,0.000,-34.183,16.258,4.592,2.046,0.994,2.212
364.347,11.276,-0.893,0.000,-29.955,15.877,5.311,1.855,1.031,2.124
364.354,23.207,-1.043,0.000,-26.999,13.995,4.612,2.259,1.066,1.875
364.361,23.207,-1.043,0.000,-16.088,13.270,5.986,1.768,1.101,2.400
364.367,25.299,-1.043,0.000,-14.703,16.852,3.960,1.800,1.135,1.955
364.374,25.299,-1.043,0.000,-11.428,14.598,3.738,1.653,1.167,1.742
364.380,30.720,-1.192,0.000,-6.183,13.558,4.811,1.661,1.199,1.837
364.387,35.101,-1.492,0.000,-4.947,17.407,4.275,1.802,1.231,1.548
364.394,35.101,-1.492,0.000,-4.043,14.447,3.795,1.761,1.264,1.228
364.400,53.734,-2.248,0.000,1.030,17.588,3.766,2.372,1.298,1.411
364.407,53.734,-2.248,0.000,0.474,15.950,2.728,2.397,1.336,1.004
364.414,53.734,-2.248,0.000,1.204,15.231,2.686,2.364,1.378,0.807
364.420,53.734,-2.248,0.000,7.097,17.824,4.533,2.099,1.419,1.189
364.427,98.596,-3.169,0.000,8.138,18.200,2.414,4.071,1.450,1.035
364.434,98.596,-3.169,0.000,10.824,21.937,4.888,3.950,1.494,0.964
364.441,98.596,-3.169,0.000,16.128,25.448,5.217,3.711,1.547,1.242
364.447,98.596,-3.169,0.000,19.881,24.352,3.556,3.542,1.605,1.298
364.454,98.596,-3.169,0.000,26.383,20.772,5.389,3.250,1.662,1.546
364.461,98.596,-3.169,0.000,32.269,24.099,5.767,2.985,1.715,1.749
364.467,174.021,-5.589,0.000,39.937,20.276,4.257,6.034,1.718,2.253
364.474,182.363,-5.589,0.000,50.514,20.237,5.849,5.933,1.737,2.728
364.481,187.519,-5.758,0.000,59.848,16.418,7.170,5.745,1.775,2.958
364.488,201.837,-5.758,0.000,67.929,18.402,5.834,6.026,1.821,3.059
364.494,207.425,-5.928,0.000,78.383,10.071,5.809,5.807,1.874,3.318
364.501,207.425,-5.928,0.000,94.487,10.658,6.947,5.082,1.938,4.009
364.508,217.012,-5.758,0.000,108.764,7.666,5.985,4.871,2.003,4.429
364.515,217.012,-5.758,0.000,116.500,3.383,6.952,4.523,2.067,4.048
364.521,222.931,-5.758,0.000,128.327,1.588,7.038,4.257,2.131,4.192
364.528,222.931,-5.758,0.000,140.212,1.203,8.438,3.722,2.193,4.343
364.535,222.931,-5.758,0.000,149.376,3.416,6.571,3.310,2.251,4.145
364.541,235.155,-5.589,0.000,164.756,2.561,6.172,3.168,2.302,4.549
364.548,235.155,-5.589,0.000,174.298,1.797,6.015,2.739,2.351,4.324
364.555,243.596,-5.255,0.000,182.362,7.287,5.943,2.756,2.398,4.023
364.562,245.744,-5.421,0.000,189.125,4.268,6.825,2.548,2.442,3.656
364.568,245.744,-5.421,0.000,200.953,-1.980,10.700,2.016,2.481,3.842
364.575,247.907,-5.255,0.000,211.284,3.199,5.497,1.648,2.514,3.835
364.582,247.907,-5.255,0.000,217.302,2.421,6.711,1.377,2.543,3.461
364.588,263.474,-5.255,0.000,221.548,-2.879,4.846,1.887,2.574,3.050
364.595,263.474,-5.255,0.000,233.145,1.758,5.323,1.365,2.602,3.382
364.602,263.474,-5.255,0.000,237.044,-3.619,4.371,1.189,2.626,2.921
364.609,279.810,-5.255,0.000,239.244,-5.650,2.919,1.825,2.649,2.414
364.615,282.209,-5.255,0.000,247.974,-6.510,3.327,1.541,2.675,2.679
364.622,282.209,-5.255,0.000,251.770,-8.787,2.635,1.370,2.700,2.364
364.629,282.209,-5.255,0.000,257.221,-13.149,2.754,1.124,2.721,2.258
364.635,282.209,-5.255,0.000,262.742,-12.428,4.117,0.876,2.740,2.231
364.642,279.810,-5.089,0.000,268.680,-9.719,3.695,0.501,2.753,2.219
364.649,279.810,-5.089,0.000,277.106,-13.999,2.786,0.122,2.757,2.421
364.656,279.810,-5.089,0.000,282.977,-16.736,7.467,-0.142,2.756,2.353
364.662,256.710,-4.760,0.000,286.542,-16.670,4.120,-1.342,2.746,2.144
364.669,256.710,-4.760,0.000,288.391,-18.035,4.547,-1.426,2.722,1.774
364.676,256.710,-4.760,0.000,298.145,-20.801,6.157,-1.865,2.691,2.254
364.683,228.978,-3.639,0.000,306.712,-17.952,2.750,-3.498,2.651,2.581
364.689,228.978,-3.639,0.000,306.818,-21.298,5.278,-3.503,2.601,1.907
364.696,228.978,-3.639,0.000,307.865,-22.550,3.963,-3.550,2.544,1.538
364.702,142.233,-2.096,0.000,312.486,-16.535,2.403,-7.661,2.523,1.791
364.709,142.233,-2.096,0.000,311.952,-21.986,0.860,-7.637,2.521,1.232
364.716,73.478,-1.043,0.000,310.297,-18.693,0.498,-10.657,2.503,0.803
364.722,73.478,-1.043,0.000,307.211,-14.303,-1.748,-10.518,2.503,0.281
364.729,55.033,-1.043,0.000,298.584,-16.225,2.690,-10.960,2.503,-0.711
364.736,55.033,-1.043,0.000,293.220,-12.615,-0.091,-10.718,2.488,-1.093
364.742,40.461,-0.893,0.000,279.527,-6.711,0.366,-10.758,2.461,-2.276
364.749,36.032,-0.893,0.000,262.086,0.510,-2.230,-10.172,2.409,-3.551
364.756,36.032,-0.893,0.000,239.832,-4.675,-0.662,-9.171,2.346,-4.925
364.762,34.642,-1.043,0.000,223.069,-3.457,-3.385,-8.479,2.279,-5.428
364.769,34.642,-1.043,0.000,200.326,-3.730,-2.749,-7.456,2.206,-6.309
364.775,34.642,-0.893,0.000,185.026,0.354,-5.350,-6.767,2.132,-6.266
364.782,34.642,-0.893,0.000,167.593,-5.200,-2.905,-5.983,2.059,-6.436
364.788,30.306,-1.043,0.000,153.806,-1.622,-8.465,-5.557,1.986,-6.190
364.795,29.090,-1.043,0.000,144.446,-2.125,-6.783,-5.191,1.915,-5.535
364.802,29.090,-1.043,0.000,131.201,-3.997,-8.028,-4.595,1.845,-5.407
364.809,20.000,-1.793,0.000,122.826,-6.514,-5.332,-4.627,1.778,-4.912
364.815,16.839,-1.944,0.000,117.695,-6.161,-3.013,-4.538,1.713,-4.133
364.822,16.839,-1.944,0.000,114.355,-7.560,0.107,-4.388,1.646,-3.416
364.829,16.839,-1.944,0.000,115.955,-8.762,1.987,-4.460,1.579,-2.413
364.835,16.839,-1.944,0.000,113.746,-16.214,-2.702,-4.361,1.512,-2.026
364.842,16.839,-1.944,0.000,113.714,-15.655,-2.263,-4.359,1.446,-1.533
364.849,0.149,-1.043,0.000,110.655,-17.013,-6.573,-4.973,1.379,-1.514
364.854,0.149,-1.043,0.000,108.650,-19.830,-6.991,-4.883,1.320,-1.386
364.860,0.149,-1.043,0.000,105.652,-18.336,-5.846,-4.748,1.261,-1.433
364.866,-0.297,-1.043,0.000,108.288,-14.912,-6.551,-4.886,1.198,-0.769
364.872,-0.297,-1.043,0.000,102.350,-16.918,-8.023,-4.619,1.135,-1.187
364.879,-0.446,-1.043,0.000,97.596,-14.295,-3.488,-4.412,1.072,-1.419
364.885,-1.043,-1.043,0.000,95.802,-9.756,-5.278,-4.358,1.008,-1.241
364.892,-1.043,-1.043,0.000,89.122,-12.121,-2.657,-4.057,0.944,-1.574
364.899,-2.706,-1.043,0.000,84.205,-6.164,-5.003,-3.911,0.879,-1.652
364.905,-2.706,-1.043,0.000,75.868,-10.866,-3.786,-3.536,0.820,-2.050
364.912,-6.974,-1.043,0.000,70.702,-6.692,-2.935,-3.495,0.761,-2.023
364.919,-6.974,-1.043,0.000,64.283,-6.799,-4.814,-3.207,0.705,-2.117
364.926,-11.276,-1.043,0.000,60.239,-7.450,-3.897,-3.218,0.650,-1.996
364.932,-11.276,-1.043,0.000,51.020,-7.681,-7.697,-2.803,0.599,-2.347
364.939,-11.276,-1.043,0.000,42.874,-3.434,-5.868,-2.437,0.553,-2.537
364.946,-11.276,-1.043,0.000,41.796,1.154,-7.786,-2.388,0.508,-2.033
364.953,-22.871,-1.043,0.000,35.685,-4.911,-4.370,-2.635,0.460,-2.102
364.959,-22.871,-1.043,0.000,25.950,-6.062,-8.593,-2.197,0.416,-2.523
364.966,-32.855,-1.043,0.000,25.649,-13.385,-3.790,-2.633,0.370,-1.950
364.973,-35.564,-1.043,0.000,17.286,-15.826,-4.796,-2.378,0.326,-2.244
364.979,-35.564,-1.043,0.000,12.282,-15.167,-2.941,-2.153,0.283,-2.197
364.986,-47.598,-0.893,0.000,8.273,-13.228,-4.219,-2.514,0.244,-2.030
364.993,-49.982,-0.893,0.000,8.695,-12.655,-6.754,-2.640,0.201,-1.467
364.999,-49.982,-0.893,0.000,8.929,-9.762,-3.853,-2.651,0.154,-1.109
365.006,-49.982,-0.893,0.000,3.223,-15.276,-6.976,-2.394,0.109,-1.422
365.012,-62.630,-0.893,0.000,3.542,-19.884,-3.530,-2.978,0.063,-1.005
365.019,-64.839,-0.893,0.000,0.348,-14.231,-5.444,-2.933,0.013,-1.034
365.025,-64.839,-0.893,0.000,2.137,-9.203,-2.903,-3.014,-0.038,-0.635
365.032,-87.651,-0.893,0.000,-2.533,-9.671,-0.417,-3.830,-0.087,-0.952
365.038,-87.651,-0.893,0.000,-9.718,-11.374,-6.348,-3.507,-0.137,-1.410
365.045,-87.651,-0.893,0.000,-12.375,-13.983,-4.101,-3.387,-0.193,-1.339
365.052,-105.009,-0.893,0.000,-19.956,-12.664,-5.243,-3.827,-0.242,-1.758
365.058,-105.009,-0.893,0.000,-26.790,-12.342,-3.502,-3.520,-0.297,-2.013
365.065,-105.009,-0.893,0.000,-29.751,-8.057,-3.281,-3.387,-0.353,-1.787
365.071,-131.417,-0.893,0.000,-40.394,-10.983,-3.208,-4.096,-0.398,-2.491
365.077,-135.393,-0.893,0.000,-49.948,-10.130,1.428,-3.845,-0.443,-2.920
365.084,-135.393,-0.893,0.000,-54.029,-6.016,-2.606,-3.661,-0.496,-2.561
365.090,-135.393,-0.893,0.000,-64.077,-11.562,-2.442,-3.209,-0.549,-2.875
365.097,-152.266,-0.893,0.000,-76.592,-3.830,-2.056,-3.405,-0.596,-3.440
365.103,-152.266,-0.893,0.000,-82.490,-0.716,-4.153,-3.140,-0.644,-3.133
365.110,-159.772,-0.893,0.000,-92.944,-8.391,0.921,-3.007,-0.691,-3.390
365.117,-170.770,-0.893,0.000,-102.963,-2.576,-3.259,-3.051,-0.735,-3.602
365.123,-184.069,-0.893,0.000,-110.207,-2.690,-0.941,-3.324,-0.776,-3.436
365.130,-184.069,-0.893,0.000,-119.990,0.731,-4.690,-2.884,-0.816,-3.495
365.136,-192.790,-0.893,0.000,-127.987,2.511,-4.498,-2.916,-0.856,-3.442
365.143,-192.790,-0.893,0.000,-135.658,4.170,-0.349,-2.571,-0.897,-3.313
365.149,-192.790,-0.893,0.000,-144.067,2.869,-5.042,-2.193,-0.935,-3.285
365.156,-217.012,-0.744,0.000,-152.459,2.227,-5.754,-2.905,-0.970,-3.399
365.163,-217.012,-0.744,0.000,-160.054,5.463,-4.971,-2.563,-1.006,-3.219
365.169,-233.081,-0.744,0.000,-166.241,1.525,-4.838,-3.008,-1.043,-3.043
365.176,-233.081,-0.744,0.000,-169.135,8.939,-5.897,-2.878,-1.084,-2.537
365.183,-233.081,-0.744,0.000,-178.937,5.124,-5.988,-2.436,-1.125,-2.833
365.190,-233.081,-0.744,0.000,-186.474,5.159,-4.088,-2.097,-1.163,-2.838
365.197,-245.744,-0.744,0.000,-196.179,3.704,-6.585,-2.230,-1.199,-3.079
365.203,-245.744,-0.595,0.000,-202.807,1.048,-2.552,-1.932,-1.233,-2.969
365.209,-245.744,-0.595,0.000,-208.209,1.092,-6.099,-1.689,-1.264,-2.758
365.216,-250.085,-0.744,0.000,-219.928,-1.328,-6.034,-1.357,-1.288,-3.270
365.223,-250.085,-0.744,0.000,-228.119,3.236,-1.236,-0.988,-1.309,-3.184
365.229,-250.085,-0.744,0.000,-236.294,-4.520,-2.538,-0.621,-1.324,-3.138
365.236,-250.085,-0.744,0.000,-243.684,-6.648,-3.733,-0.288,-1.332,-3.064
365.243,-252.278,-0.744,0.000,-249.764,-5.786,-4.250,-0.113,-1.336,-2.872
365.250,-254.486,-0.744,0.000,-260.855,-11.303,-1.379,0.287,-1.333,-3.180
365.256,-254.486,-0.744,0.000,-266.629,-3.057,-5.833,0.546,-1.323,-2.928
365.263,-261.203,-0.595,0.000,-272.033,-5.914,-3.800,0.487,-1.310,-2.708
365.269,-263.474,-0.595,0.000,-277.107,-2.200,-3.153,0.613,-1.300,-2.568
365.276,-263.474,-0.595,0.000,-280.119,2.344,-4.662,0.749,-1.287,-2.238
365.282,-263.474,-0.595,0.000,-286.246,1.697,-1.453,1.025,-1.269,-2.287
365.288,-268.062,-0.595,0.000,-286.664,4.340,0.062,0.837,-1.252,-1.756
365.295,-265.760,-0.595,0.000,-288.595,9.576,-2.284,1.028,-1.233,-1.487
365.301,-265.760,-0.595,0.000,-297.047,9.477,-2.730,1.408,-1.209,-2.006
365.307,-265.760,-0.595,0.000,-296.567,8.819,-1.898,1.386,-1.184,-1.495
365.314,-265.760,-0.446,0.000,-299.009,12.998,-3.000,1.496,-1.155,-1.330
365.320,-265.760,-0.446,0.000,-305.039,8.165,-4.612,1.768,-1.123,-1.586
365.327,-265.760,-0.446,0.000,-303.650,4.464,-2.405,1.705,-1.090,-1.083
365.333,-233.081,-0.446,0.000,-308.632,9.004,-5.407,3.400,-1.051,-1.313
365.340,-233.081,-0.446,0.000,-309.690,9.410,-4.934,3.447,-1.001,-1.085
365.347,-180.670,-0.446,0.000,-309.759,6.861,-1.845,5.809,-0.963,-0.913
365.353,-180.670,-0.446,0.000,-317.733,2.213,-5.497,6.168,-0.936,-1.466
365.360,-153.744,-0.446,0.000,-314.115,0.550,-3.258,7.217,-0.924,-0.744
365.366,-153.744,-0.446,0.000,-313.303,4.391,-2.099,7.180,-0.876,-0.394
365.373,-83.919,-0.446,0.000,-311.959,8.757,-2.825,10.262,-0.853,-0.182
365.379,-58.390,-0.446,0.000,-306.535,-4.149,-1.159,11.167,-0.853,0.436
365.386,-58.390,-0.446,0.000,-296.937,3.468,-2.933,10.735,-0.853,1.362
365.392,-58.390,-0.446,0.000,-288.177,-5.137,-3.898,10.340,-0.819,1.965
365.399,-30.306,-0.595,0.000,-285.416,-0.687,-6.396,11.480,-0.810,1.780
365.405,-30.306,-0.595,0.000,-268.808,-5.133,-3.528,10.733,-0.767,3.122
365.411,-5.421,-0.595,0.000,-255.814,-6.605,-1.381,11.268,-0.730,3.762
365.418,-5.421,-0.595,0.000,-241.139,-1.332,-0.917,10.607,-0.686,4.443
365.424,-0.595,-0.595,0.000,-230.186,-0.783,-1.075,10.332,-0.637,4.620
365.429,-0.595,-0.595,0.000,-214.170,4.931,-1.842,9.611,-0.586,5.355
365.435,-0.595,-0.595,0.000,-196.659,6.805,-2.195,8.823,-0.529,6.110
365.441,-0.149,-0.446,0.000,-185.156,9.468,-3.657,8.325,-0.469,5.891
365.446,-0.149,-0.446,0.000,-172.143,15.132,-4.293,7.740,-0.409,5.895
365.452,-0.149,-0.446,0.000,-159.284,18.671,-6.060,7.161,-0.345,5.831
365.458,-0.149,-0.446,0.000,-145.318,16.530,-5.821,6.533,-0.283,6.038
365.463,0.000,-0.446,0.000,-135.785,12.917,-4.869,6.110,-0.221,5.582
365.469,0.000,-0.446,0.000,-127.220,11.121,-5.214,5.725,-0.161,5.119
365.474,0.000,-0.446,0.000,-119.072,11.801,-3.111,5.358,-0.101,4.781
365.480,0.149,-0.595,0.000,-111.052,12.058,-0.520,5.004,-0.043,4.624
365.485,0.149,-0.595,0.000,-107.239,12.141,-0.988,4.832,0.011,4.051
365.491,0.446,-0.744,0.000,-107.668,7.392,-6.657,4.865,0.075,2.958
365.498,5.589,-1.342,0.000,-103.425,4.619,-4.123,4.906,0.144,2.639
365.504,8.636,-2.706,0.000,-107.563,10.383,-5.666,5.229,0.215,1.616
365.511,8.636,-2.706,0.000,-108.908,16.391,-6.357,5.289,0.286,1.059
365.518,28.693,-6.974,0.000,-102.083,11.394,-3.441,5.885,0.358,1.526
365.524,35.101,-7.515,0.000,-96.047,13.615,-4.179,5.902,0.432,1.757
365.531,35.101,-7.515,0.000,-87.142,-2.039,-0.158,5.501,0.506,2.160
365.538,35.101,-7.515,0.000,-84.257,6.918,-5.453,5.371,0.578,1.903
365.545,35.101,-7.515,0.000,-74.358,-2.714,-5.137,4.926,0.650,2.354
365.551,35.101,-7.515,0.000,-66.219,1.074,-4.576,4.559,0.719,2.559
365.558,35.101,-7.515,0.000,-58.598,-5.937,-4.196,4.216,0.784,2.665
365.565,67.111,-7.698,0.000,-54.254,-7.322,-5.983,5.461,0.847,2.397
365.571,75.985,-7.698,0.000,-40.648,-13.965,-3.414,5.248,0.912,3.122
365.578,75.985,-7.698,0.000,-41.035,-14.529,-8.596,5.266,0.981,2.320
365.584,75.985,-7.698,0.000,-35.697,-20.379,-0.772,5.026,1.050,2.278
365.591,96.529,-7.515,0.000,-32.774,-15.066,-2.789,5.819,1.118,2.042
365.598,114.070,-7.698,0.000,-24.489,-14.594,-5.246,6.235,1.182,2.329
365.604,122.500,-7.698,0.000,-15.324,-12.441,-4.156,6.202,1.251,2.674
365.611,138.097,-7.698,0.000,-3.012,-15.016,-4.344,6.350,1.315,3.269
365.617,150.799,-7.698,0.000,-0.511,-15.635,-7.610,6.809,1.380,2.701
365.624,158.247,-7.698,0.000,13.626,-15.226,-4.548,6.508,1.445,3.426
365.630,158.247,-7.698,0.000,23.689,-18.581,-1.933,6.055,1.517,3.612
365.637,158.247,-7.698,0.000,38.158,-9.150,-4.215,5.404,1.588,4.178
365.644,158.247,-7.698,0.000,49.070,-11.633,-3.117,4.913,1.659,4.180
365.650,158.247,-7.698,0.000,66.578,-12.979,-0.710,4.125,1.724,4.836
365.657,215.067,-7.698,0.000,73.757,-9.128,-5.793,6.359,1.754,4.587
365.663,231.022,-7.515,0.000,89.345,-15.964,-1.641,6.375,1.783,5.069
365.670,241.464,-7.515,0.000,100.574,-19.090,3.559,6.340,1.816,4.909
365.677,241.464,-7.515,0.000,111.816,-23.039,-2.214,5.834,1.862,4.715
365.684,241.464,-7.515,0.000,119.738,-22.442,-5.706,5.478,1.926,4.278
365.690,265.760,-7.698,0.000,141.771,-25.578,-1.654,5.580,1.973,5.425
365.697,270.379,-7.698,0.000,146.843,-24.918,-5.491,5.559,2.031,4.561
365.703,270.379,-7.698,0.000,155.787,-16.222,-4.101,5.157,2.097,4.251
365.710,301.991,-7.698,0.000,167.721,-21.999,0.469,6.042,2.155,4.531
365.716,320.193,-7.698,0.000,179.934,-13.691,-1.209,6.312,2.195,4.753
365.723,320.193,-7.698,0.000,189.017,-15.585,-1.619,5.903,2.238,4.433
365.730,320.193,-7.698,0.000,203.087,-10.837,-2.153,5.270,2.297,4.662
365.736,328.258,-7.698,0.000,217.432,-9.115,-2.154,4.987,2.357,5.015
365.743,330.982,-7.698,0.000,226.935,1.213,-4.877,4.682,2.423,4.694
365.749,330.982,-7.698,0.000,242.188,-10.238,-1.045,3.996,2.486,5.002
365.756,336.483,-7.698,0.000,256.346,-4.478,-2.748,3.606,2.543,5.138
365.762,344.873,-7.698,0.000,273.543,-10.985,-3.500,3.210,2.595,5.598
365.769,344.873,-7.698,0.000,286.843,-10.229,-3.459,2.611,2.639,5.452
365.776,347.706,-7.698,0.000,303.205,-13.926,-4.510,2.003,2.677,5.652
365.782,347.706,-7.698,0.000,305.407,-15.490,-10.108,1.903,2.712,4.426
365.789,380.120,-7.698,0.000,315.175,-12.768,-5.394,2.922,2.742,4.406
365.795,383.182,-7.698,0.000,325.123,-11.035,-1.368,2.613,2.773,4.289
365.802,383.182,-7.698,0.000,331.490,-3.555,-0.744,2.326,2.806,3.770
365.808,389.366,-7.698,0.000,343.847,-5.741,1.440,2.048,2.838,4.085
365.815,389.366,-7.698,0.000,351.008,-2.269,-3.328,1.726,2.866,3.732
365.821,386.264,-7.698,0.000,359.902,-9.404,-1.025,1.186,2.890,3.634
365.828,386.264,-7.698,0.000,363.380,-7.889,-2.338,1.030,2.910,3.047
365.835,386.264,-7.698,0.000,369.402,-2.528,-5.791,0.759,2.927,2.839
365.841,392.488,-7.333,0.000,376.416,-7.277,-1.320,0.723,2.941,2.820
365.848,392.488,-7.333,0.000,381.154,0.240,-2.857,0.510,2.953,2.556
365.855,389.366,-7.333,0.000,394.740,-11.470,-0.011,-0.242,2.954,3.149
365.861,389.366,-7.333,0.000,398.253,-6.074,-1.559,-0.400,2.947,2.721
365.868,389.366,-7.333,0.000,401.479,-12.004,-1.457,-0.545,2.936,2.335
365.875,389.366,-7.333,0.000,403.757,-15.494,-1.843,-0.648,2.923,1.975
365.882,368.065,-7.153,0.000,408.421,-6.310,-3.218,-1.816,2.898,1.950
365.889,317.541,-6.974,0.000,408.685,-7.736,-1.344,-4.101,2.878,1.606
365.895,317.541,-6.974,0.000,408.418,2.121,-1.867,-4.089,2.848,1.161
365.902,317.541,-6.974,0.000,413.002,-2.733,2.356,-4.296,2.802,1.314
365.909,218.971,-6.100,0.000,414.463,-1.055,0.894,-8.797,2.762,1.275
365.915,218.971,-6.100,0.000,415.747,-0.362,0.149,-8.855,2.762,1.037
365.922,218.971,-6.100,0.000,411.750,0.997,-0.779,-8.675,2.760,0.342
365.929,126.260,-5.589,0.000,405.357,-2.138,-5.103,-12.559,2.760,-0.429
365.936,126.260,-5.589,0.000,400.375,3.982,-4.367,-12.335,2.760,-0.862
365.942,126.260,-5.589,0.000,386.033,4.357,-4.493,-11.690,2.758,-2.167
365.949,26.395,-2.400,0.000,373.145,3.527,-0.918,-15.604,2.748,-3.251
365.955,21.884,-1.192,0.000,355.464,-0.619,-3.166,-15.011,2.748,-4.498
365.961,21.884,-1.192,0.000,336.208,2.332,0.163,-14.145,2.748,-5.557
365.968,21.884,-1.192,0.000,315.709,1.193,0.938,-13.222,2.746,-6.492
365.974,2.860,-0.595,0.000,292.790,3.456,3.952,-13.047,2.739,-7.517
365.980,0.595,-0.446,0.000,269.451,-0.579,2.279,-12.098,2.719,-8.248
365.986,0.000,-0.446,0.000,250.178,0.331,5.660,-11.258,2.685,-8.398
365.992,0.000,-0.446,0.000,225.693,2.028,3.068,-10.156,2.642,-9.247
365.997,0.000,-0.446,0.000,204.109,-0.578,0.223,-9.185,2.590,-9.537
366.003,0.000,-0.446,0.000,184.926,-1.500,0.229,-8.322,2.533,-9.493
366.008,0.000,-0.446,0.000,169.554,-0.545,0.757,-7.630,2.473,-8.961
366.014,-0.149,-0.446,0.000,156.693,1.010,-0.226,-7.058,2.411,-8.174
366.019,-0.149,-0.446,0.000,143.634,2.719,-2.028,-6.470,2.349,-7.608
366.025,-0.595,-0.446,0.000,134.040,2.936,-3.211,-6.059,2.286,-6.759
366.031,-0.595,-0.446,0.000,127.794,-1.674,-0.966,-5.778,2.218,-5.754
366.037,-0.595,-0.446,0.000,122.454,-4.693,-0.598,-5.537,2.152,-4.898
366.043,-10.019,-0.446,0.000,122.456,-4.452,-2.228,-5.961,2.082,-3.699
366.050,-10.019,-0.446,0.000,122.043,-6.245,1.946,-5.943,2.010,-2.815
366.056,-20.306,-0.446,0.000,119.981,-8.124,3.126,-6.313,1.937,-2.313
366.063,-20.306,-0.446,0.000,118.896,-4.734,1.444,-6.264,1.864,-1.875
366.070,-20.306,-0.446,0.000,122.686,-9.109,3.683,-6.435,1.789,-1.035
366.076,-20.306,-0.446,0.000,121.285,-11.378,0.706,-6.372,1.716,-0.914
366.083,-20.306,-0.446,0.000,117.158,-7.775,-4.337,-6.186,1.642,-1.125
366.089,-35.101,-0.446,0.000,114.781,-8.272,-1.783,-6.745,1.569,-1.088
366.096,-35.101,-0.446,0.000,109.112,-8.816,-6.439,-6.490,1.495,-1.427
366.102,-42.560,-0.446,0.000,103.387,-7.976,-2.235,-6.568,1.422,-1.695
366.109,-47.598,-0.446,0.000,96.653,-4.725,-1.097,-6.491,1.349,-1.928
366.115,-47.598,-0.446,0.000,85.974,-10.300,0.077,-6.011,1.275,-2.529
366.122,-47.598,-0.446,0.000,78.278,-5.180,2.269,-5.664,1.200,-2.657
366.129,-60.480,-0.446,0.000,63.834,-4.989,-0.043,-5.594,1.129,-3.436
366.135,-60.480,-0.446,0.000,51.221,-6.011,3.168,-5.027,1.059,-3.866
366.142,-60.480,-0.446,0.000,40.901,-0.114,-3.243,-4.562,0.993,-3.924
366.148,-83.007,-0.446,0.000,30.657,-3.227,-2.372,-5.115,0.929,-4.002
366.155,-88.604,-0.446,0.000,17.190,2.379,-4.613,-4.761,0.863,-4.388
366.161,-88.604,-0.446,0.000,5.481,5.900,-4.411,-4.234,0.800,-4.437
366.168,-105.009,-0.595,0.000,2.412,2.523,-3.537,-4.834,0.741,-3.669
366.174,-115.245,-0.595,0.000,-10.591,2.041,-7.917,-4.709,0.686,-4.155
366.180,-115.245,-0.595,0.000,-19.817,0.234,-6.372,-4.294,0.626,-4.080
366.186,-115.245,-0.595,0.000,-24.077,1.244,-5.059,-4.103,0.566,-3.515
366.193,-115.245,-0.595,0.000,-32.016,-0.426,-4.087,-3.745,0.509,-3.431
366.199,-140.843,-0.595,0.000,-38.733,-3.874,-3.167,-4.595,0.458,-3.291
366.205,-149.344,-0.595,0.000,-44.092,-0.111,-4.354,-4.736,0.403,-3.082
366.212,-156.735,-0.595,0.000,-54.180,-3.656,-6.491,-4.615,0.346,-3.318
366.218,-167.568,-0.595,0.000,-59.843,-7.512,-4.393,-4.848,0.288,-3.099
366.224,-174.021,-0.595,0.000,-66.748,-5.558,-9.711,-4.827,0.231,-3.060
366.230,-174.021,-0.595,0.000,-75.494,-9.837,-7.458,-4.434,0.172,-3.180
366.236,-174.021,-0.595,0.000,-80.719,-11.365,-3.438,-4.199,0.111,-2.934
366.243,-174.021,-0.595,0.000,-91.250,-9.672,-5.625,-3.725,0.054,-3.295
366.249,-174.021,-0.595,0.000,-101.106,-16.675,-3.961,-3.281,0.001,-3.455
366.255,-228.978,-0.595,0.000,-107.576,-18.350,-4.243,-5.463,-0.037,-3.504
366.262,-228.978,-0.595,0.000,-115.044,-19.037,-6.103,-5.127,-0.062,-3.383
366.268,-235.155,-0.595,0.000,-128.127,-23.476,-2.460,-4.816,-0.097,-3.890
366.274,-239.346,-0.595,0.000,-135.850,-19.709,-3.689,-4.657,-0.142,-3.707
366.280,-239.346,-0.595,0.000,-144.606,-23.320,-5.113,-4.263,-0.196,-3.688
366.287,-250.085,-0.595,0.000,-153.504,-26.126,-2.777,-4.346,-0.249,-3.641
366.293,-250.085,-0.595,0.000,-161.698,-19.328,-7.234,-3.977,-0.303,-3.560
366.299,-256.710,-0.595,0.000,-171.939,-18.472,-7.958,-3.815,-0.359,-3.750
366.306,-256.710,-0.595,0.000,-183.821,-18.057,-6.859,-3.280,-0.411,-4.008
366.312,-258.949,-0.595,0.000,-191.964,-12.804,-6.970,-3.014,-0.461,-3.842
366.318,-261.203,-0.595,0.000,-201.609,-14.631,-6.316,-2.682,-0.507,-3.882
366.324,-261.203,-0.595,0.000,-214.727,-14.613,-4.350,-2.091,-0.546,-4.207
366.330,-261.203,-0.595,0.000,-222.594,-5.206,-5.401,-1.737,-0.579,-3.949
366.337,-261.203,-0.595,0.000,-229.657,-7.748,-3.634,-1.420,-0.607,-3.665
366.343,-261.203,-0.595,0.000,-241.226,-7.585,-2.714,-0.899,-0.629,-3.903
366.349,-261.203,-0.595,0.000,-250.933,-1.850,-5.101,-0.462,-0.642,-3.913
366.356,-261.203,-0.595,0.000,-259.232,-4.722,-4.362,-0.089,-0.645,-3.731
366.362,-261.203,-0.595,0.000,-265.560,-2.503,-2.779,0.196,-0.643,-3.423
366.368,-261.203,-0.595,0.000,-272.820,1.703,-5.536,0.523,-0.634,-3.285
366.374,-263.474,-0.595,0.000,-284.684,0.782,-6.211,0.954,-0.619,-3.659
366.381,-263.474,-0.595,0.000,-287.493,1.129,-3.956,1.081,-0.600,-3.091
366.387,-263.474,-0.595,0.000,-287.602,-0.296,-3.492,1.086,-0.578,-2.316
366.393,-265.760,-0.446,0.000,-297.847,-2.549,-7.101,1.444,-0.552,-2.774
366.400,-265.760,-0.446,0.000,-299.784,2.993,-3.181,1.531,-0.523,-2.294
366.406,-265.760,-0.446,0.000,-299.619,6.463,-1.057,1.524,-0.494,-1.715
366.413,-265.760,-0.446,0.000,-303.729,11.804,-7.240,1.709,-0.463,-1.703
366.419,-263.474,-0.446,0.000,-300.872,4.123,-0.311,1.683,-0.430,-0.986
366.426,-250.085,-0.446,0.000,-305.794,6.162,-3.479,2.507,-0.393,-1.207
366.433,-250.085,-0.446,0.000,-308.233,2.281,-2.523,2.617,-0.347,-1.204
366.439,-250.085,-0.446,0.000,-312.043,6.610,-4.656,2.788,-0.300,-1.280
366.446,-250.085,-0.446,0.000,-315.811,3.689,-6.348,2.958,-0.249,-1.310
366.452,-182.363,-0.446,0.000,-325.535,-1.223,-6.004,6.443,-0.237,-2.081
366.459,-182.363,-0.446,0.000,-324.166,1.769,-3.612,6.381,-0.192,-1.386
366.465,-116.430,-0.595,0.000,-325.790,2.657,-5.010,9.421,-0.171,-1.314
366.472,-116.430,-0.595,0.000,-325.809,10.553,-4.985,9.422,-0.170,-1.037
366.478,-116.430,-0.595,0.000,-315.177,-2.032,-1.221,8.944,-0.135,0.375
366.484,-116.430,-0.595,0.000,-313.282,2.636,-3.246,8.858,-0.073,0.558
366.491,-53.094,-0.893,0.000,-301.432,-2.556,0.036,11.175,-0.073,1.731
366.497,-49.982,-0.893,0.000,-297.672,1.917,-1.960,11.146,-0.065,1.656
366.504,-49.982,-0.893,0.000,-284.826,-5.738,-0.091,10.568,-0.019,2.576
366.510,-46.440,-0.893,0.000,-272.445,3.236,-5.375,10.170,0.035,3.286
366.517,-46.440,-0.893,0.000,-262.381,0.186,-3.498,9.717,0.093,3.505
366.524,-46.440,-0.893,0.000,-248.832,4.416,-5.034,9.108,0.158,3.952
366.530,-47.016,-0.744,0.000,-234.965,2.206,-2.863,8.458,0.227,4.350
366.537,-47.016,-0.595,0.000,-216.567,3.924,-4.206,7.630,0.298,5.172
366.543,-47.016,-0.595,0.000,-207.363,3.663,-1.928,7.216,0.367,4.908
366.549,-47.016,-0.595,0.000,-193.519,9.164,-2.482,6.593,0.437,5.175
366.555,-47.016,-0.595,0.000,-187.453,7.912,-1.004,6.320,0.507,4.509
366.562,-47.016,-0.595,0.000,-175.931,14.601,0.143,5.801,0.576,4.515
366.568,-47.016,-0.595,0.000,-164.189,6.779,3.106,5.273,0.644,4.691
366.574,-46.440,-0.446,0.000,-162.583,17.164,-1.314,5.226,0.714,3.712
366.581,-45.869,-0.446,0.000,-151.696,6.720,-2.871,4.762,0.782,3.867
366.587,-45.869,-0.446,0.000,-148.770,5.965,0.121,4.631,0.848,3.188
366.594,-40.461,-0.446,0.000,-143.030,-0.933,-1.408,4.616,0.914,2.996
366.601,-40.461,-0.446,0.000,-149.378,-2.286,-6.046,4.901,0.981,1.583
366.607,-39.442,-0.446,0.000,-147.224,-6.774,-2.964,4.850,1.048,1.339
366.614,-39.442,-0.446,0.000,-155.277,-1.397,-5.183,5.213,1.117,0.274
366.620,-36.982,-0.446,0.000,-155.344,-3.831,-0.705,5.326,1.189,0.192
366.627,-36.504,-0.446,0.000,-157.023,-1.173,1.643,5.423,1.259,-0.024
366.633,-36.504,-0.446,0.000,-157.730,7.231,-1.445,5.455,1.330,-0.086
366.640,-36.504,-0.446,0.000,-161.636,8.128,-2.893,5.631,1.401,-0.439
366.646,-36.504,-0.446,0.000,-155.202,2.730,1.499,5.341,1.472,0.322
366.653,-36.504,-0.446,0.000,-157.398,10.367,-4.581,5.440,1.542,0.026
366.659,-36.504,-0.446,0.000,-143.540,9.446,-2.850,4.817,1.611,1.430
366.666,-36.982,-0.446,0.000,-135.654,7.717,-0.443,4.440,1.678,1.835
366.673,-37.464,-0.446,0.000,-127.148,2.661,3.098,4.036,1.741,2.248
366.679,-37.464,-0.446,0.000,-122.338,6.760,-0.076,3.819,1.800,2.159
366.686,-37.464,-0.446,0.000,-114.070,-0.506,2.962,3.447,1.857,2.405
366.692,-42.560,-0.446,0.000,-105.083,3.952,-0.950,2.814,1.907,2.699
366.699,-42.560,-0.446,0.000,-98.744,-1.790,-1.059,2.528,1.954,2.699
366.705,-42.560,-0.446,0.000,-92.662,0.619,-1.907,2.255,1.995,2.553
366.712,-48.778,-0.446,0.000,-85.309,0.020,0.429,1.644,2.030,2.658
366.718,-49.982,-0.446,0.000,-80.993,4.889,-4.027,1.395,2.059,2.425
366.725,-49.982,-0.446,0.000,-79.677,-4.255,1.912,1.336,2.085,1.915
366.731,-49.982,-0.446,0.000,-76.698,2.838,-1.096,1.202,2.110,1.739
366.738,-49.982,-0.446,0.000,-76.158,-2.888,2.145,1.178,2.134,1.357
366.744,-49.982,-0.446,0.000,-75.437,0.128,3.510,1.145,2.157,1.094
366.751,-49.982,-0.446,0.000,-71.427,2.669,3.385,0.965,2.178,1.221
366.758,-49.982,-0.446,0.000,-77.274,0.279,-0.401,1.228,2.201,0.343
366.764,-72.656,-0.446,0.000,-74.811,-8.289,1.667,0.097,2.217,0.453
366.771,-85.769,-0.446,0.000,-81.073,-6.252,-2.196,-0.211,2.219,-0.276
366.777,-85.769,-0.446,0.000,-77.280,-11.011,1.130,-0.382,2.214,0.141
366.784,-89.565,-0.446,0.000,-83.578,-3.923,-0.221,-0.269,2.209,-0.510
366.790,-89.565,-0.446,0.000,-84.460,0.967,-5.084,-0.230,2.205,-0.477
366.797,-89.565,-0.446,0.000,-86.239,-2.304,-2.407,-0.150,2.201,-0.562
366.803,-89.565,-0.446,0.000,-84.764,7.676,0.625,-0.216,2.197,-0.283
366.810,-101.762,-0.446,0.000,-85.683,5.538,-0.199,-0.724,2.190,-0.323
366.816,-101.762,-0.446,0.000,-83.280,10.535,2.811,-0.832,2.176,-0.057
366.823,-101.762,-0.446,0.000,-79.273,8.150,3.614,-1.012,2.161,0.453
366.830,-99.643,-0.446,0.000,-81.091,12.718,1.372,-0.835,2.143,0.138
366.836,-99.643,-0.446,0.000,-70.443,-1.318,2.587,-1.314,2.119,1.049
366.843,-99.643,-0.446,0.000,-78.205,-1.278,-2.662,-0.965,2.099,0.069
366.849,-99.643,-0.446,0.000,-79.231,0.425,-0.917,-0.919,2.078,-0.113
366.856,-99.643,-0.446,0.000,-78.710,2.292,0.207,-0.942,2.061,0.035
366.862,-99.643,-0.446,0.000,-77.215,8.269,1.115,-1.009,2.041,0.192
366.869,-99.643,-0.446,0.000,-77.074,-7.562,4.869,-1.016,2.021,0.134
366.875,-87.651,-0.446,0.000,-82.347,2.412,0.784,-0.239,2.014,-0.420
366.882,-83.007,-0.446,0.000,-81.066,-8.011,4.612,-0.087,2.012,-0.195
366.888,-65.590,-0.446,0.000,-84.199,-11.327,4.871,0.837,2.019,-0.457
366.895,-59.080,-0.446,0.000,-86.738,-0.755,-0.203,1.245,2.034,-0.609
366.901,-59.080,-0.446,0.000,-92.315,-5.932,1.480,1.496,2.056,-0.995
366.908,-59.080,-0.446,0.000,-90.581,-0.268,1.806,1.418,2.082,-0.569
366.914,-21.243,-0.595,0.000,-86.821,-3.392,1.754,2.951,2.107,0.044
366.921,-8.446,-0.893,0.000,-88.146,-2.515,4.293,3.587,2.136,-0.095
366.927,-4.436,-1.043,0.000,-74.218,-7.373,3.496,3.140,2.170,1.301
366.934,0.297,-2.096,0.000,-78.454,-8.486,-1.895,3.544,2.213,0.568
366.940,0.595,-1.043,0.000,-69.448,-10.705,2.084,3.152,2.255,1.333
366.946,0.595,-1.043,0.000,-64.145,-11.981,4.461,2.913,2.301,1.579
366.953,0.595,-1.043,0.000,-57.411,1.442,2.561,2.610,2.345,1.888
366.959,1.043,-0.744,0.000,-48.918,-4.399,4.236,2.248,2.388,2.243
366.966,1.342,-0.744,0.000,-39.079,2.369,5.270,1.819,2.424,2.553
366.973,1.342,-0.744,0.000,-27.372,5.006,4.391,1.292,2.454,3.021
366.979,1.342,-0.744,0.000,-20.607,17.376,2.269,0.988,2.477,2.928
366.986,7.883,-0.744,0.000,-9.144,2.834,5.005,0.766,2.491,3.281
366.993,7.883,-0.744,0.000,-2.061,12.050,2.380,0.447,2.502,3.127
366.999,7.883,-0.744,0.000,6.695,5.183,3.528,0.053,2.506,3.156
367.006,17.112,-1.043,0.000,16.262,6.651,2.917,0.038,2.509,3.282
367.013,26.395,-1.793,0.000,23.811,4.496,0.425,0.116,2.510,3.202
367.019,26.395,-1.793,0.000,23.262,-1.238,1.421,0.141,2.512,2.312
367.026,34.189,-2.400,0.000,26.693,1.519,-2.737,0.337,2.515,2.087
367.032,39.442,-2.706,0.000,29.190,-1.281,-2.360,0.461,2.521,1.877
367.039,39.442,-2.706,0.000,29.148,-6.538,2.790,0.463,2.529,1.363
367.046,39.442,-2.706,0.000,32.207,-4.337,-0.794,0.326,2.536,1.303
367.052,48.185,-3.169,0.000,29.729,-10.956,0.726,0.831,2.549,0.762
367.059,55.692,-3.014,0.000,35.527,-9.673,-1.019,0.907,2.565,1.123
367.066,55.692,-3.014,0.000,35.792,-12.767,3.146,0.896,2.581,0.866
367.073,84.840,-3.482,0.000,44.653,-12.716,2.281,1.808,2.598,1.529
367.079,90.535,-3.482,0.000,41.260,-12.225,0.207,2.217,2.623,0.835
367.086,90.535,-3.482,0.000,46.031,-6.665,4.161,2.003,2.652,1.072
367.093,90.535,-3.482,0.000,48.300,0.487,3.720,1.901,2.683,1.017
367.099,123.743,-3.955,0.000,60.529,3.863,6.433,2.845,2.709,1.988
367.106,134.057,-4.598,0.000,63.501,3.528,6.067,3.175,2.738,1.798
367.113,134.057,-4.598,0.000,69.268,13.413,2.789,2.916,2.776,1.849
367.120,158.247,-5.421,0.000,78.747,5.387,5.671,3.578,2.809,2.353
367.126,185.788,-5.758,0.000,90.268,10.622,5.481,4.298,2.838,3.010
367.133,185.788,-5.758,0.000,104.071,7.063,2.703,3.677,2.864,3.597
367.140,185.788,-5.758,0.000,115.987,4.627,4.600,3.141,2.900,3.827
367.146,213.136,-5.758,0.000,129.535,4.751,1.836,3.762,2.925,4.323
367.153,213.136,-5.758,0.000,138.297,-1.588,-1.551,3.368,2.961,4.060
367.160,213.136,-5.758,0.000,153.764,-2.092,1.947,2.672,3.000,4.492
367.167,213.136,-5.758,0.000,163.489,-9.046,0.407,2.234,3.037,4.266
367.173,231.022,-5.421,0.000,176.449,-7.369,1.845,2.456,3.068,4.460
367.180,231.022,-5.421,0.000,184.726,-4.755,1.894,2.083,3.100,4.118
367.187,231.022,-5.758,0.000,191.253,3.535,0.823,1.790,3.131,3.695
367.193,231.022,-5.758,0.000,206.483,-2.589,4.159,1.104,3.155,4.178
367.200,231.022,-5.421,0.000,220.060,3.863,2.752,0.493,3.168,4.411
367.207,231.022,-5.421,0.000,230.230,-5.489,5.300,0.036,3.171,4.236
367.213,237.243,-4.924,0.000,244.352,-5.550,6.192,-0.320,3.169,4.594
367.220,243.596,-4.924,0.000,252.880,-5.270,4.414,-0.418,3.162,4.318
367.226,245.744,-4.924,0.000,259.421,-11.142,4.010,-0.615,3.151,3.864
367.232,256.710,-4.760,0.000,270.048,-10.080,3.387,-0.600,3.138,4.027
367.239,256.710,-4.760,0.000,279.314,-13.216,2.442,-1.017,3.123,3.884
367.246,258.949,-4.760,0.000,281.716,-18.009,4.411,-1.024,3.106,3.122
367.252,258.949,-4.760,0.000,282.272,-7.503,-0.976,-1.050,3.086,2.390
367.259,270.379,-4.760,0.000,283.128,-13.023,0.156,-0.574,3.073,1.910
367.266,272.713,-4.760,0.000,288.869,-2.180,2.542,-0.727,3.061,1.969
367.273,272.713,-4.760,0.000,294.965,-5.882,5.360,-1.001,3.045,2.052
367.279,272.713,-4.760,0.000,299.411,3.495,5.642,-1.201,3.022,1.944
367.286,272.713,-4.760,0.000,301.173,10.676,3.630,-1.281,2.997,1.617
367.293,272.713,-4.760,0.000,305.166,11.077,4.828,-1.460,2.968,1.585
367.299,275.063,-4.760,0.000,309.338,20.733,4.132,-1.542,2.939,1.591
367.306,275.063,-4.760,0.000,320.481,10.081,6.812,-2.044,2.903,2.256
367.313,272.713,-4.760,0.000,327.110,9.959,3.451,-2.448,2.860,2.327
367.320,272.713,-4.760,0.000,330.059,4.700,5.607,-2.581,2.813,1.981
367.326,272.713,-4.760,0.000,326.042,11.571,4.363,-2.400,2.769,1.118
367.333,272.713,-4.924,0.000,326.581,14.539,6.172,-2.424,2.725,0.908
367.339,272.713,-4.924,0.000,342.529,4.862,7.847,-3.142,2.677,2.305
367.346,272.713,-4.760,0.000,341.246,1.277,6.495,-3.084,2.625,1.608
367.352,272.713,-4.760,0.000,340.817,-6.324,9.874,-3.065,2.572,1.154
367.359,268.062,-4.436,0.000,345.873,-0.480,2.154,-3.501,2.516,1.374
367.366,256.710,-3.955,0.000,346.278,-6.341,2.675,-4.031,2.452,1.067
367.373,256.710,-3.955,0.000,348.947,1.217,-1.037,-4.151,2.388,1.058
367.380,237.243,-3.169,0.000,347.030,1.934,0.121,-4.940,2.322,0.616
367.386,220.944,-2.860,0.000,343.522,4.083,-0.325,-5.516,2.255,0.119
367.393,220.944,-2.860,0.000,337.005,8.321,3.332,-5.223,2.186,-0.563
367.400,165.985,-2.096,0.000,338.946,6.303,4.239,-7.783,2.178,-0.231
367.406,165.985,-2.096,0.000,335.856,-1.710,4.971,-7.644,2.131,-0.463
367.413,165.985,-2.096,0.000,338.891,-3.045,-0.048,-7.781,2.057,-0.104
367.420,165.985,-2.096,0.000,332.665,-6.925,1.701,-7.501,1.983,-0.713
367.427,32.419,-1.043,0.000,323.793,-8.976,0.972,-13.112,1.958,-1.619
367.433,21.884,-0.893,0.000,314.972,-7.598,3.715,-13.189,1.958,-2.204
367.440,8.446,-0.744,0.000,303.983,-9.686,1.296,-13.299,1.958,-2.830
367.447,8.446,-0.744,0.000,291.369,-12.014,1.945,-12.732,1.958,-3.412
367.453,8.446,-0.744,0.000,279.795,-13.313,-2.283,-12.211,1.938,-3.811
367.460,8.446,-0.744,0.000,259.557,-7.747,-1.034,-11.300,1.902,-4.961
367.467,0.000,-0.446,0.000,239.953,-14.905,-1.245,-10.798,1.858,-5.879
367.472,0.000,-0.446,0.000,221.343,-12.722,0.610,-9.960,1.813,-6.728
367.478,0.000,-0.446,0.000,197.976,-10.714,-0.854,-8.909,1.759,-7.882
367.483,-0.149,-0.446,0.000,177.697,-14.099,-3.543,-8.003,1.701,-8.434
367.489,-0.297,-0.446,0.000,162.421,-7.932,-4.245,-7.322,1.638,-8.107
367.495,-0.297,-0.446,0.000,143.738,-3.904,-7.927,-6.482,1.570,-8.077
367.501,-0.297,-0.446,0.000,128.835,-5.651,-5.313,-5.811,1.502,-7.637
367.507,-3.169,-0.446,0.000,119.117,-3.533,-2.388,-5.503,1.431,-6.736
367.514,-3.169,-0.446,0.000,109.873,-2.179,-3.386,-5.087,1.361,-5.934
367.521,-3.169,-0.446,0.000,99.215,0.001,-4.332,-4.607,1.295,-5.481
367.527,-3.169,-0.446,0.000,92.459,9.897,-6.336,-4.303,1.230,-4.797
367.533,-3.169,-0.446,0.000,94.391,2.405,-2.894,-4.390,1.167,-3.338
367.540,-46.440,-0.446,0.000,91.687,7.934,-5.586,-6.216,1.108,-2.858
367.547,-46.440,-0.446,0.000,99.830,-0.025,-2.672,-6.582,1.042,-1.380
367.553,-48.185,-0.446,0.000,92.507,-0.860,-9.458,-6.331,0.967,-1.744
367.560,-48.185,-0.446,0.000,91.958,-3.134,-5.132,-6.306,0.893,-1.399
367.566,-63.360,-0.446,0.000,83.756,-7.995,-9.568,-6.620,0.820,-1.898
367.573,-63.360,-0.446,0.000,78.473,-3.548,-5.054,-6.382,0.746,-1.943
367.579,-63.360,-0.446,0.000,71.178,-6.012,-3.958,-6.054,0.674,-2.195
367.586,-63.360,-0.446,0.000,62.828,-3.680,-3.241,-5.678,0.602,-2.504
367.592,-83.007,-0.446,0.000,57.998,-7.730,-3.830,-6.345,0.529,-2.393
367.599,-83.007,-0.446,0.000,43.384,-7.550,-5.479,-5.688,0.456,-3.259
367.606,-83.007,-0.446,0.000,31.038,-5.080,-6.920,-5.132,0.385,-3.723
367.612,-106.109,-0.446,0.000,18.746,-7.052,-4.617,-5.618,0.319,-4.010
367.619,-106.109,-0.446,0.000,3.801,-5.316,-6.232,-4.946,0.250,-4.477
367.625,-131.417,-0.446,0.000,-3.609,-4.804,-5.798,-5.751,0.188,-4.172
367.631,-131.417,-0.446,0.000,-18.860,-8.030,-10.257,-5.065,0.134,-4.748
367.638,-131.417,-0.446,0.000,-32.460,-4.127,-5.588,-4.453,0.075,-5.028
367.644,-153.744,-0.446,0.000,-37.218,-7.829,-7.572,-5.244,0.025,-4.375
367.650,-153.744,-0.446,0.000,-49.708,-10.959,-7.163,-4.682,-0.032,-4.470
367.657,-153.744,-0.446,0.000,-64.021,-1.994,-10.560,-4.038,-0.093,-4.788
367.664,-201.837,-0.446,0.000,-73.118,-7.322,-8.837,-5.792,-0.136,-4.774
367.670,-201.837,-0.446,0.000,-84.174,1.943,-8.659,-5.295,-0.163,-4.608
367.677,-213.136,-0.446,0.000,-90.468,-3.530,-4.131,-5.520,-0.198,-4.081
367.683,-213.136,-0.446,0.000,-99.011,3.007,-5.723,-5.136,-0.251,-3.900
367.690,-231.022,-0.446,0.000,-104.289,-2.592,-2.002,-5.703,-0.303,-3.466
367.696,-235.155,-0.446,0.000,-116.354,3.225,-6.475,-5.346,-0.360,-3.767
367.703,-235.155,-0.446,0.000,-121.021,-2.909,-3.841,-5.136,-0.426,-3.329
367.709,-235.155,-0.446,0.000,-139.673,-0.889,-7.969,-4.297,-0.492,-4.317
367.716,-235.155,-0.446,0.000,-149.919,4.036,-7.620,-3.836,-0.553,-4.227
367.723,-256.710,-0.446,0.000,-153.190,3.902,-4.241,-4.658,-0.611,-3.525
367.729,-256.710,-0.446,0.000,-167.401,1.020,-4.942,-4.019,-0.673,-4.038
367.736,-282.209,-0.446,0.000,-176.832,-3.393,-6.268,-4.742,-0.723,-4.080
367.742,-294.447,-0.446,0.000,-191.638,-10.244,-6.366,-4.626,-0.771,-4.537
367.749,-333.723,-0.446,0.000,-204.726,-10.042,-5.471,-5.805,-0.802,-4.953
367.756,-333.723,-0.446,0.000,-219.302,-13.143,-6.836,-5.149,-0.822,-5.129
367.762,-344.873,-0.446,0.000,-227.582,-7.297,-3.192,-5.278,-0.851,-4.688
367.769,-350.558,-0.446,0.000,-236.085,-16.342,-2.853,-5.151,-0.892,-4.341
367.775,-362.154,-0.446,0.000,-247.508,-14.652,-3.362,-5.159,-0.939,-4.441
367.782,-365.100,-0.446,0.000,-256.797,-15.471,-3.771,-4.874,-0.993,-4.252
367.788,-365.100,-0.446,0.000,-270.321,-17.344,-1.325,-4.265,-1.054,-4.493
367.795,-365.100,-0.446,0.000,-283.513,-10.774,-6.249,-3.671,-1.113,-4.649
367.802,-365.100,-0.446,0.000,-298.305,-13.374,-2.611,-3.006,-1.166,-4.935
367.808,-365.100,-0.446,0.000,-313.358,-6.868,-6.460,-2.328,-1.211,-5.161
367.815,-365.100,-0.446,0.000,-319.461,-11.715,-3.018,-2.054,-1.250,-4.465
367.821,-330.982,-0.446,0.000,-334.829,-9.809,-6.071,0.173,-1.262,-4.954
367.828,-291.966,-0.446,0.000,-342.213,-10.877,-3.365,2.261,-1.256,-4.774
367.834,-291.966,-0.446,0.000,-363.436,-2.291,-6.693,3.216,-1.232,-5.663
367.841,-291.966,-0.446,0.000,-371.676,4.395,-3.262,3.587,-1.193,-5.007
367.847,-291.966,-0.446,0.000,-372.800,1.830,-1.876,3.638,-1.143,-3.856
367.854,-220.944,-0.595,0.000,-376.403,8.618,-6.648,6.996,-1.143,-3.523
367.860,-220.944,-0.595,0.000,-375.230,-3.532,-0.955,6.943,-1.122,-2.426
367.866,-175.665,-0.744,0.000,-372.185,4.620,-2.107,8.843,-1.107,-1.526
367.873,-170.770,-0.744,0.000,-363.871,-0.094,-0.116,8.690,-1.104,-0.284
367.880,-170.770,-0.744,0.000,-352.265,0.458,1.935,8.167,-1.066,0.934
367.887,-142.233,-0.744,0.000,-345.023,-3.245,3.104,9.126,-1.017,1.489
367.893,-142.233,-0.744,0.000,-335.353,-5.646,0.683,8.690,-0.974,2.081
367.900,-120.042,-0.744,0.000,-324.291,-5.486,-0.549,9.191,-0.944,2.715
367.907,-120.042,-0.744,0.000,-308.878,-4.162,0.411,8.498,-0.879,3.619
367.913,-64.096,-0.744,0.000,-297.134,-0.839,-1.042,10.487,-0.854,4.082
367.920,-53.094,-0.893,0.000,-283.506,-9.422,2.274,10.369,-0.853,4.389
367.927,-21.884,-1.192,0.000,-269.839,-1.119,-3.927,11.158,-0.832,4.822
367.933,-10.019,-1.944,0.000,-258.207,-5.476,-2.445,11.168,-0.830,4.920
367.940,-10.019,-1.944,0.000,-241.732,-6.883,2.220,10.427,-0.803,5.335
367.946,-6.100,-2.553,0.000,-231.410,-6.211,5.723,10.139,-0.749,5.103
367.953,-0.297,-2.860,0.000,-216.503,-5.757,5.063,9.729,-0.693,5.401
367.959,-0.297,-2.860,0.000,-209.127,-2.850,3.700,9.397,-0.635,4.824
367.965,-0.297,-2.860,0.000,-193.753,-1.666,2.045,8.706,-0.571,5.254
367.972,0.000,-1.043,0.000,-188.239,0.131,0.000,8.471,-0.505,4.609
367.977,0.000,-1.043,0.000,-180.599,8.439,-3.837,8.127,-0.444,4.376
367.983,0.000,-1.043,0.000,-170.396,7.537,-4.007,7.668,-0.382,4.428
367.989,0.000,-0.893,0.000,-162.457,1.215,-2.011,7.311,-0.319,4.242
367.994,0.000,-0.893,0.000,-155.528,3.922,0.038,6.999,-0.257,3.975
368.000,0.000,-0.893,0.000,-146.635,8.024,1.381,6.599,-0.194,4.009
368.005,0.000,-0.893,0.000,-137.877,7.558,4.516,6.204,-0.132,4.082
368.011,0.000,-0.893,0.000,-134.421,8.165,2.247,6.049,-0.071,3.555
368.016,0.000,-0.893,0.000,-131.269,8.712,0.702,5.907,-0.009,3.046
368.022,0.000,-0.744,0.000,-127.557,9.381,-0.314,5.740,0.053,2.650
368.028,0.000,-0.744,0.000,-118.917,-1.434,3.617,5.351,0.115,2.910
368.034,0.000,-0.595,0.000,-118.639,-0.048,0.225,5.339,0.176,2.245
368.039,0.000,-0.595,0.000,-117.576,-3.985,0.334,5.291,0.232,1.812
368.044,0.000,-0.595,0.000,-117.741,0.709,-2.058,5.298,0.288,1.375
368.049,0.000,-0.595,0.000,-114.178,3.907,-0.727,5.138,0.343,1.455
368.055,0.000,-0.595,0.000,-109.095,-0.051,0.372,4.909,0.399,1.790
368.060,0.000,-0.595,0.000,-105.078,-3.788,2.573,4.729,0.454,2.004
368.065,0.000,-0.595,0.000,-106.848,-5.089,2.134,4.808,0.508,1.301
368.070,0.000,-0.595,0.000,-106.031,-5.763,0.007,4.771,0.561,1.025
368.075,0.000,-0.595,0.000,-102.287,-5.024,2.226,4.603,0.614,1.203
368.081,0.000,-0.595,0.000,-100.059,-6.183,1.865,4.503,0.666,1.137
368.086,0.000,-0.595,0.000,-95.730,-6.702,0.272,4.308,0.717,1.468
368.091,0.000,-0.595,0.000,-95.140,-7.614,0.364,4.281,0.768,1.225
368.096,0.000,-0.595,0.000,-91.727,-13.005,4.716,4.128,0.819,1.359
368.101,0.000,-0.595,0.000,-88.700,-6.519,2.774,3.991,0.869,1.450
368.107,0.000,-0.595,0.000,-83.349,-5.349,3.934,3.751,0.917,1.744
368.112,0.000,-0.595,0.000,-79.264,-7.300,3.516,3.567,0.963,1.893
368.117,0.000,-0.595,0.000,-76.944,-7.159,4.286,3.462,1.008,1.760
368.122,0.000,-0.595,0.000,-75.390,-5.208,3.267,3.393,1.052,1.490
368.127,0.000,-0.595,0.000,-71.999,0.834,0.560,3.240,1.094,1.464
368.133,0.000,-0.595,0.000,-71.050,8.398,-4.097,3.197,1.136,1.134
368.138,0.000,-0.595,0.000,-64.500,7.426,-3.562,2.902,1.177,1.575
368.143,0.000,-0.595,0.000,-58.445,6.276,-1.898,2.630,1.215,1.960
368.148,0.000,-0.595,0.000,-57.833,5.628,0.429,2.602,1.251,1.504
368.154,0.000,-0.595,0.000,-55.072,2.400,2.359,2.478,1.286,1.416
368.159,0.000,-0.595,0.000,-49.671,5.518,3.970,2.235,1.319,1.696
368.164,0.000,-0.595,0.000,-43.882,6.734,5.920,1.975,1.350,1.950
368.169,0.000,-0.595,0.000,-42.147,4.160,5.065,1.897,1.379,1.769
368.175,0.000,-0.595,0.000,-35.556,0.379,6.744,1.600,1.408,2.321
368.180,0.000,-0.595,0.000,-32.875,0.446,7.432,1.479,1.433,2.199
368.185,0.000,-0.595,0.000,-33.822,-0.413,3.618,1.522,1.456,1.598
368.190,0.000,-0.595,0.000,-34.430,3.237,-0.491,1.549,1.480,1.135
368.195,0.000,-0.595,0.000,-32.772,3.560,-0.347,1.475,1.501,0.953
368.201,0.000,-0.595,0.000,-30.230,-0.358,1.918,1.360,1.520,0.831
368.206,0.000,-0.595,0.000,-25.246,-4.890,2.745,1.136,1.538,1.095
368.211,0.000,-0.595,0.000,-21.257,-10.535,4.608,0.957,1.555,1.337
368.216,0.000,-0.595,0.000,-22.761,-15.997,4.237,1.024,1.572,0.882
368.221,0.000,-0.595,0.000,-18.903,-8.667,6.697,0.851,1.586,1.097
368.227,0.000,-0.595,0.000,-17.857,-6.084,8.188,0.804,1.599,0.932
368.232,0.000,-0.595,0.000,-16.791,-5.183,8.106,0.756,1.612,0.851
368.237,0.000,-0.595,0.000,-14.811,-5.860,6.789,0.666,1.625,0.920
368.242,0.000,-0.595,0.000,-13.302,-3.859,5.405,0.599,1.637,1.044
368.248,0.000,-0.595,0.000,-16.050,-2.718,5.290,0.722,1.650,0.576
368.253,0.000,-0.595,0.000,-16.314,-2.429,3.756,0.734,1.663,0.440
368.258,0.000,-0.595,0.000,-14.992,-2.495,2.816,0.675,1.673,0.440
368.263,0.000,-0.595,0.000,-17.022,2.382,2.318,0.766,1.684,-0.014
368.269,0.446,-0.595,0.000,-10.285,0.029,4.858,0.483,1.693,0.705
368.275,2.860,-0.595,0.000,-4.504,0.913,7.733,0.331,1.702,1.185
368.281,2.860,-0.595,0.000,-4.160,-0.071,5.983,0.316,1.709,0.934
368.287,18.518,-0.744,0.000,-0.009,1.050,5.276,0.834,1.714,1.062
368.294,18.518,-0.744,0.000,6.709,-2.538,10.716,0.531,1.726,1.438
368.301,28.300,-0.893,0.000,7.237,2.877,6.661,0.948,1.741,1.151
368.308,28.300,-0.893,0.000,17.097,-5.763,10.679,0.504,1.752,1.755
368.314,57.028,-1.043,0.000,19.091,-6.340,9.357,1.707,1.767,1.578
368.321,79.434,-1.043,0.000,21.274,-4.239,5.274,2.617,1.785,1.373
368.328,79.434,-1.043,0.000,19.979,-6.254,4.638,2.675,1.811,0.890
368.334,209.315,-1.192,0.000,25.594,-0.851,4.678,8.267,1.833,1.388
368.341,209.315,-1.192,0.000,30.486,-4.361,3.930,8.047,1.833,1.694
368.347,241.464,-1.192,0.000,34.254,-5.533,4.520,9.324,1.833,1.692
368.353,241.464,-1.192,0.000,50.844,-8.288,5.479,8.578,1.833,3.080
368.359,392.488,-2.096,0.000,53.483,-2.014,4.835,15.255,1.833,2.787
368.366,421.496,-2.248,0.000,66.599,4.244,4.661,15.970,1.833,3.569
368.373,477.291,-2.096,0.000,84.092,-2.173,5.329,17.694,1.833,4.703
368.380,477.291,-2.096,0.000,111.745,-1.473,3.488,16.450,1.833,6.627
368.386,477.291,-2.096,0.000,135.203,-3.260,7.639,15.394,1.833,7.573
368.393,477.291,-2.096,0.000,172.428,-15.371,10.553,13.719,1.833,9.487
368.400,495.890,-1.944,0.000,206.513,-16.050,8.292,13.022,1.833,10.742
368.407,495.890,-1.944,0.000,243.518,-23.498,8.581,11.357,1.860,11.680
368.413,495.890,-1.944,0.000,281.816,-17.679,4.784,9.633,1.914,12.581
368.420,428.169,-2.096,0.000,310.944,-16.049,4.984,5.275,1.980,11.901
368.427,380.120,-2.096,0.000,338.728,-10.660,3.001,1.863,2.020,12.349
368.434,380.120,-2.096,0.000,366.961,-10.552,1.568,0.592,2.023,11.832
368.440,380.120,-2.096,0.000,391.051,-14.756,7.570,-0.492,2.022,11.085
368.447,247.907,-2.096,0.000,400.856,-13.944,4.801,-6.883,2.022,10.453
368.454,235.155,-1.944,0.000,404.470,-8.787,9.083,-7.619,2.022,8.078
368.461,235.155,-1.944,0.000,404.520,-8.673,5.139,-7.621,2.022,5.830
368.467,84.840,-0.893,0.000,390.037,-10.667,5.194,-13.734,2.022,2.952
368.474,61.190,-0.893,0.000,371.507,-5.670,3.120,-13.964,2.022,0.068
368.480,61.190,-0.893,0.000,344.339,-4.071,6.737,-12.742,2.022,-3.006
368.487,61.190,-0.893,0.000,314.973,0.122,1.431,-11.420,2.022,-5.418
368.493,17.666,-0.446,0.000,284.657,6.959,3.998,-12.015,2.022,-7.572
368.500,17.666,-0.446,0.000,243.249,9.136,4.915,-10.151,2.022,-9.949
368.507,17.666,-0.446,0.000,207.770,15.430,5.976,-8.555,2.007,-10.926
368.513,0.595,-0.446,0.000,177.655,11.739,4.640,-7.968,1.980,-11.410
368.519,0.595,-0.446,0.000,149.432,13.688,3.995,-6.698,1.938,-11.494
368.525,0.595,-0.446,0.000,126.800,9.141,-1.001,-5.679,1.882,-10.964
368.531,0.000,-0.446,0.000,108.230,4.712,0.657,-4.870,1.824,-10.375
368.536,0.000,-0.446,0.000,97.377,4.822,3.678,-4.382,1.769,-9.072
368.542,0.000,-0.446,0.000,90.658,7.884,4.969,-4.080,1.716,-7.586
368.547,0.000,-0.446,0.000,92.605,2.102,4.544,-4.167,1.662,-5.410
368.553,0.000,-0.446,0.000,91.836,-0.541,4.164,-4.133,1.609,-4.099
368.559,0.000,-0.446,0.000,94.887,-2.956,3.204,-4.270,1.556,-2.713
368.564,0.000,-0.446,0.000,102.308,-1.991,4.308,-4.604,1.500,-1.242
368.570,0.000,-0.446,0.000,111.179,-4.044,2.192,-5.003,1.442,-0.036
368.575,0.000,-0.446,0.000,121.178,-8.930,0.401,-5.453,1.384,1.213
368.581,0.000,-0.446,0.000,127.270,-6.899,1.145,-5.727,1.325,1.831
368.586,0.000,-0.446,0.000,128.200,-5.026,2.138,-5.769,1.264,1.522
368.592,0.000,-0.446,0.000,133.739,-8.585,4.214,-6.018,1.202,1.762
368.597,0.000,-0.446,0.000,136.741,-7.052,4.614,-6.153,1.141,1.616
368.603,0.000,-0.446,0.000,137.143,-5.406,3.644,-6.171,1.079,1.149
368.608,0.000,-0.446,0.000,132.633,-4.124,1.117,-5.968,1.018,0.273
368.614,0.000,-0.446,0.000,127.682,-3.079,-1.367,-5.746,0.958,-0.349
368.619,0.000,-0.446,0.000,118.827,-1.083,-1.197,-5.347,0.899,-1.297
368.625,0.000,-0.446,0.000,107.517,1.367,2.911,-4.838,0.841,-2.263
368.630,0.000,-0.446,0.000,95.262,3.546,4.007,-4.287,0.785,-3.092
368.636,0.000,-0.446,0.000,83.036,6.755,2.803,-3.737,0.734,-3.788
368.641,0.000,-0.446,0.000,72.442,8.776,1.271,-3.260,0.687,-4.158
368.647,0.000,-0.446,0.000,63.030,7.491,1.648,-2.836,0.644,-4.220
368.652,0.000,-0.446,0.000,55.085,9.308,3.127,-2.479,0.606,-4.095
368.658,0.000,-0.446,0.000,47.215,12.227,2.273,-2.125,0.572,-3.972
368.663,0.000,-0.446,0.000,40.618,13.551,1.432,-1.828,0.541,-3.762
368.669,0.000,-0.446,0.000,37.447,11.553,1.316,-1.685,0.513,-3.190
368.674,0.000,-0.446,0.000,33.671,10.967,0.374,-1.515,0.489,-2.690
368.680,0.000,-0.446,0.000,33.425,7.600,2.352,-1.504,0.466,-1.981
368.685,0.000,-0.446,0.000,31.758,6.502,4.883,-1.429,0.443,-1.632
368.691,-0.149,-0.446,0.000,31.459,3.808,2.991,-1.422,0.419,-1.241
368.696,-0.149,-0.446,0.000,27.869,5.352,1.803,-1.261,0.397,-1.382
368.702,-0.149,-0.446,0.000,27.626,2.392,2.059,-1.250,0.374,-1.204
368.707,-0.149,-0.446,0.000,31.992,-0.494,3.234,-1.446,0.350,-0.495
368.713,-3.955,-0.446,0.000,36.786,0.994,4.588,-1.833,0.323,0.136
368.720,-4.924,-0.446,0.000,36.586,-5.533,-0.036,-1.868,0.288,0.112
368.726,-4.924,-0.446,0.000,34.699,-2.863,2.506,-1.783,0.254,-0.214
368.732,-4.924,-0.446,0.000,42.961,-0.149,6.451,-2.155,0.220,0.728
368.738,-13.777,-0.446,0.000,41.155,-6.915,2.760,-2.472,0.177,0.377
368.745,-13.777,-0.446,0.000,37.914,-5.591,3.648,-2.326,0.133,-0.137
368.751,-23.207,-0.446,0.000,37.392,-3.398,3.507,-2.727,0.091,-0.100
368.758,-43.642,-0.446,0.000,32.542,-8.770,0.904,-3.428,0.046,-0.526
368.765,-43.642,-0.446,0.000,34.968,-6.766,1.841,-3.537,-0.003,-0.177
368.771,-48.778,-0.446,0.000,29.877,-5.129,0.097,-3.539,-0.055,-0.642
368.778,-69.445,-0.446,0.000,24.269,-9.524,3.529,-4.217,-0.101,-1.065
368.784,-81.205,-0.446,0.000,18.836,-3.096,-0.262,-4.502,-0.151,-1.376
368.791,-81.205,-0.446,0.000,11.021,-6.952,1.104,-4.150,-0.206,-1.778
368.797,-150.799,-0.446,0.000,4.330,-5.290,2.718,-6.981,-0.246,-2.218
368.804,-178.989,-0.446,0.000,-8.729,-3.344,-0.237,-7.662,-0.246,-3.181
368.810,-178.989,-0.446,0.000,-15.718,-5.086,3.214,-7.347,-0.246,-2.981
368.817,-178.989,-0.446,0.000,-25.879,-5.945,-0.935,-6.890,-0.270,-3.183
368.824,-241.464,-0.446,0.000,-29.384,-7.603,1.109,-9.544,-0.270,-2.976
368.830,-247.907,-0.446,0.000,-41.920,-4.687,-0.410,-9.269,-0.270,-3.530
368.837,-247.907,-0.446,0.000,-55.732,-10.621,2.047,-8.648,-0.298,-4.026
368.843,-258.949,-0.446,0.000,-71.094,-4.538,-0.654,-8.453,-0.354,-4.618
368.850,-258.949,-0.446,0.000,-82.699,-7.738,2.537,-7.931,-0.420,-4.649
368.856,-258.949,-0.446,0.000,-99.003,-4.603,0.138,-7.198,-0.493,-5.168
368.863,-258.949,-0.446,0.000,-116.166,-0.467,3.964,-6.425,-0.568,-5.586
368.869,-205.549,-0.446,0.000,-129.736,5.100,4.790,-3.412,-0.615,-5.446
368.876,-205.549,-0.446,0.000,-150.224,-0.239,2.336,-2.490,-0.658,-6.045
368.883,-205.549,-0.446,0.000,-165.680,7.450,0.508,-1.794,-0.691,-6.001
368.889,-205.549,-0.446,0.000,-180.824,7.817,0.599,-1.113,-0.716,-5.968
368.896,-65.590,-0.744,0.000,-192.584,7.919,2.651,5.715,-0.726,-6.579
368.902,-65.590,-0.744,0.000,-201.077,11.279,0.117,6.097,-0.726,-5.810
368.909,-65.590,-0.744,0.000,-193.515,-0.938,4.235,5.757,-0.726,-3.448
368.916,-42.028,-1.043,0.000,-196.640,4.114,0.529,6.958,-0.726,-2.870
368.923,-29.090,-1.043,0.000,-187.683,-7.915,2.918,7.137,-0.726,-1.206
368.929,-29.090,-1.043,0.000,-180.270,-9.320,3.384,6.803,-0.703,-0.112
368.936,-27.911,-0.893,0.000,-161.872,-14.486,2.333,6.028,-0.653,1.744
368.943,-27.911,-0.893,0.000,-153.275,-7.678,0.878,5.641,-0.590,2.174
368.949,-27.911,-0.893,0.000,-129.999,-15.988,2.180,4.594,-0.523,3.901
368.956,-27.911,-0.893,0.000,-110.760,-10.838,2.375,3.728,-0.460,4.777
368.962,-24.236,-0.595,0.000,-88.230,-11.958,1.269,2.880,-0.409,5.846
368.968,-24.236,-0.595,0.000,-78.520,-9.412,0.879,2.443,-0.366,5.371
368.975,-14.508,-0.595,0.000,-65.671,-1.402,0.225,2.302,-0.330,5.278
368.981,-8.069,-0.595,0.000,-44.989,-8.370,2.703,1.661,-0.302,6.112
368.987,-8.069,-0.595,0.000,-40.492,-2.317,-1.465,1.459,-0.279,5.013
368.993,-8.069,-0.595,0.000,-37.668,6.523,-0.078,1.332,-0.256,3.988
369.000,0.297,-0.893,0.000,-31.493,0.709,2.722,1.431,-0.233,3.685
369.006,0.297,-0.893,0.000,-34.818,5.056,-1.014,1.580,-0.209,2.372
369.012,2.248,-0.744,0.000,-37.716,10.744,-1.078,1.798,-0.180,1.490
369.018,2.248,-0.744,0.000,-36.799,3.675,1.491,1.757,-0.146,1.184
369.025,3.796,-0.744,0.000,-46.319,0.445,-2.473,2.255,-0.107,-0.028
369.032,4.760,-0.744,0.000,-53.773,1.970,1.326,2.634,-0.061,-0.738
369.038,4.760,-0.744,0.000,-58.012,5.708,-1.284,2.825,-0.012,-0.921
369.045,23.890,-0.893,0.000,-61.051,10.314,2.236,3.822,0.043,-0.989
369.052,27.911,-0.893,0.000,-58.252,8.358,4.261,3.877,0.104,-0.483
369.058,27.911,-0.893,0.000,-64.013,2.563,-2.251,4.137,0.166,-0.964
369.065,27.911,-0.893,0.000,-62.429,-0.606,0.703,4.065,0.228,-0.625
369.071,152.266,-2.860,0.000,-64.366,-1.884,-2.840,9.748,0.228,-0.693
369.078,194.573,-3.169,0.000,-58.944,1.844,1.266,11.408,0.228,0.082
369.085,194.573,-3.169,0.000,-47.838,-7.718,4.381,10.909,0.228,1.271
369.091,411.642,-4.114,0.000,-38.492,-5.576,-0.693,20.256,0.228,2.087
369.098,477.291,-4.275,0.000,-24.183,-1.542,-3.749,22.566,0.228,3.156
369.105,477.291,-4.275,0.000,2.254,-10.963,0.212,21.377,0.228,5.335
369.112,518.973,-4.114,0.000,33.358,-4.165,-3.972,21.853,0.228,7.531
369.118,518.973,-4.114,0.000,66.888,-0.842,-0.251,20.344,0.228,9.377
369.125,518.973,-3.955,0.000,112.647,-10.583,1.638,18.285,0.228,12.120
369.132,518.973,-3.955,0.000,160.823,-12.281,-0.923,16.117,0.228,14.188
369.139,515.067,-3.482,0.000,200.679,-9.618,-1.569,14.147,0.228,14.756
369.145,448.698,-2.860,0.000,241.197,-10.523,-0.734,9.338,0.268,14.744
369.152,448.698,-2.860,0.000,284.411,-10.976,-0.916,7.393,0.342,15.121
369.159,294.447,-1.642,0.000,318.057,-4.409,-2.629,-1.062,0.392,16.415
369.166,245.744,-1.043,0.000,348.554,-6.936,-3.012,-4.626,0.392,15.688
369.173,245.744,-1.043,0.000,365.522,-9.775,-2.314,-5.390,0.392,13.638
369.179,245.744,-1.043,0.000,366.568,-6.241,-2.871,-5.437,0.392,9.970
369.186,147.899,-0.893,0.000,356.725,-6.397,-2.707,-9.397,0.392,6.621
369.192,107.218,-0.744,0.000,337.706,-6.691,-2.047,-10.372,0.392,2.761
369.199,38.940,-0.595,0.000,311.632,-7.595,2.547,-12.271,0.392,-0.857
369.205,38.940,-0.595,0.000,272.464,-4.101,-0.881,-10.509,0.392,-5.436
369.212,38.940,-0.595,0.000,237.109,-6.188,2.365,-8.918,0.392,-8.066
369.218,38.940,-0.595,0.000,193.654,-1.432,-0.062,-6.962,0.392,-10.749
369.224,38.940,-0.595,0.000,158.152,-5.013,1.523,-5.365,0.373,-11.699
369.230,0.595,-0.446,0.000,122.353,-1.705,0.164,-5.479,0.363,-13.130
369.236,0.595,-0.446,0.000,91.915,-2.158,-2.988,-4.109,0.354,-12.978
369.243,0.000,-0.446,0.000,70.694,-5.911,-1.424,-3.181,0.331,-11.838
369.248,0.000,-0.446,0.000,53.948,-7.482,2.221,-2.428,0.308,-10.731
369.254,0.000,-0.446,0.000,41.669,-8.157,3.072,-1.875,0.285,-9.381
369.259,0.000,-0.446,0.000,35.063,-8.231,1.054,-1.578,0.263,-7.704
369.265,0.000,-0.446,0.000,34.167,-7.151,-2.433,-1.538,0.242,-5.790
369.270,0.000,-0.446,0.000,37.014,-3.941,-5.007,-1.666,0.218,-3.955
369.276,0.000,-0.446,0.000,44.841,-3.376,-4.802,-2.018,0.189,-2.020
369.281,0.000,-0.446,0.000,54.281,-5.548,-5.075,-2.443,0.156,-0.271
369.287,0.000,-0.446,0.000,59.370,-6.410,-1.678,-2.672,0.117,0.422
369.292,-0.149,-0.446,0.000,68.873,-5.333,0.478,-3.106,0.074,1.461
369.298,-0.149,-0.446,0.000,78.273,-3.162,1.503,-3.529,0.028,2.212
369.303,-0.149,-0.446,0.000,84.756,-1.687,1.110,-3.821,-0.021,2.460
369.310,-1.642,-0.446,0.000,90.786,-0.374,0.043,-4.159,-0.080,2.485
369.316,-1.642,-0.446,0.000,91.279,-0.252,0.370,-4.181,-0.143,1.874
369.323,-1.642,-0.446,0.000,91.279,-3.352,1.419,-4.181,-0.206,1.372
369.329,-1.642,-0.446,0.000,88.269,0.794,-1.593,-4.046,-0.270,0.755
369.336,-22.209,-0.446,0.000,77.394,2.193,-0.941,-4.482,-0.331,-0.504
369.342,-22.209,-0.446,0.000,67.153,2.972,1.953,-4.021,-0.394,-1.438
369.349,-22.209,-0.446,0.000,56.593,5.827,2.264,-3.546,-0.453,-2.134
369.355,-38.443,-0.446,0.000,42.502,1.308,1.704,-3.643,-0.508,-2.974
369.362,-38.443,-0.446,0.000,31.675,-0.619,1.927,-3.155,-0.561,-3.254
369.369,-38.443,-0.446,0.000,15.482,3.291,-0.886,-2.427,-0.607,-4.009
369.375,-152.266,-0.446,0.000,-1.099,2.460,-1.353,-6.803,-0.621,-5.409
369.382,-152.266,-0.446,0.000,-10.593,2.011,0.277,-6.375,-0.621,-4.950
369.388,-256.710,-0.446,0.000,-24.203,0.185,-0.792,-10.463,-0.621,-5.473
369.395,-256.710,-0.446,0.000,-39.724,-3.712,0.720,-9.764,-0.621,-5.837
369.401,-314.906,-0.446,0.000,-53.394,1.396,1.171,-11.768,-0.621,-5.992
369.408,-342.058,-0.446,0.000,-66.989,4.103,0.540,-12.378,-0.621,-6.027
369.414,-414.906,-0.446,0.000,-84.243,-0.744,3.542,-14.880,-0.621,-6.536
369.421,-445.223,-0.446,0.000,-97.148,-2.342,3.205,-15.663,-0.621,-6.359
369.428,-445.223,-0.446,0.000,-114.839,-2.130,2.877,-14.867,-0.621,-6.682
369.434,-445.223,-0.446,0.000,-140.361,0.918,5.325,-13.719,-0.621,-7.639
369.441,-477.291,-0.446,0.000,-163.765,4.448,3.427,-14.109,-0.621,-8.319
369.447,-477.291,-0.446,0.000,-195.899,3.939,5.512,-12.663,-0.625,-9.709
369.454,-477.291,-0.446,0.000,-212.984,-0.942,5.672,-11.894,-0.649,-9.204
369.460,-466.402,-0.446,0.000,-243.961,4.417,1.636,-10.010,-0.697,-10.077
369.467,-455.714,-0.446,0.000,-268.305,-1.893,3.226,-8.433,-0.761,-10.013
369.474,-356.318,-0.446,0.000,-298.509,1.322,-2.084,-2.601,-0.811,-11.193
369.480,-356.318,-0.446,0.000,-325.699,-3.093,-1.091,-1.378,-0.811,-10.956
369.487,-284.623,-0.446,0.000,-344.157,-6.301,0.346,2.679,-0.811,-10.741
369.493,-284.623,-0.446,0.000,-360.961,1.486,-1.729,3.435,-0.811,-9.532
369.500,-162.855,-0.446,0.000,-372.372,0.323,2.881,9.428,-0.811,-8.830
369.506,-162.855,-0.446,0.000,-374.940,-2.793,3.915,9.544,-0.811,-6.940
369.513,-162.855,-0.446,0.000,-368.665,1.807,1.228,9.261,-0.811,-4.332
369.520,-54.380,-0.595,0.000,-356.608,-0.842,-0.577,13.600,-0.811,-1.901
369.526,-54.380,-0.595,0.000,-335.636,1.802,-1.221,12.656,-0.811,1.090
369.532,-54.380,-0.595,0.000,-309.118,-1.045,2.422,11.463,-0.811,3.942
369.538,-13.302,-0.595,0.000,-286.395,2.625,-0.917,12.289,-0.811,5.742
369.545,-8.256,-0.595,0.000,-252.905,3.634,2.852,11.009,-0.811,8.006
369.551,-8.256,-0.595,0.000,-225.544,0.361,0.890,9.778,-0.810,8.939
369.557,-8.256,-0.595,0.000,-195.201,4.042,-1.483,8.413,-0.775,9.892
369.563,-0.595,-0.595,0.000,-167.204,1.186,-0.155,7.497,-0.728,10.554
369.569,-0.446,-0.446,0.000,-146.484,-4.176,0.185,6.572,-0.663,10.193
369.575,-0.446,-0.446,0.000,-125.329,1.472,2.969,5.620,-0.593,9.774
369.582,-0.297,-0.446,0.000,-104.669,2.162,4.279,4.697,-0.526,9.370
369.588,-0.297,-0.446,0.000,-98.225,2.571,1.434,4.407,-0.465,7.722
369.594,-0.297,-0.446,0.000,-91.657,0.033,0.931,4.111,-0.407,6.465
369.600,-0.149,-0.446,0.000,-91.293,-1.185,-0.159,4.101,-0.351,4.891
369.605,-0.149,-0.446,0.000,-91.733,0.079,-1.162,4.121,-0.298,3.593
369.611,-0.149,-0.446,0.000,-94.292,-0.068,-0.476,4.236,-0.244,2.397
369.617,-0.149,-0.446,0.000,-98.836,0.164,0.766,4.441,-0.190,1.243
369.622,-0.149,-0.446,0.000,-105.794,1.453,-0.362,4.754,-0.134,0.109
369.628,0.000,-0.446,0.000,-113.304,2.790,0.903,5.099,-0.076,-0.806
369.633,0.000,-0.446,0.000,-118.748,4.558,1.388,5.344,-0.017,-1.249
369.639,0.000,-0.446,0.000,-121.987,6.139,1.336,5.489,0.043,-1.273
369.644,0.000,-0.446,0.000,-124.305,8.317,-0.684,5.594,0.104,-1.173
369.650,0.000,-0.446,0.000,-124.806,9.154,0.901,5.616,0.166,-0.915
369.655,0.000,-0.446,0.000,-123.995,11.048,0.133,5.580,0.226,-0.612
369.661,0.000,-0.446,0.000,-120.683,12.096,0.952,5.431,0.286,-0.128
369.666,0.000,-0.446,0.000,-115.030,12.979,0.651,5.176,0.344,0.548
369.672,0.000,-0.446,0.000,-107.785,12.266,0.696,4.850,0.401,1.276
369.677,0.000,-0.446,0.000,-100.084,13.123,0.249,4.504,0.457,1.876
369.683,0.000,-0.446,0.000,-91.959,14.188,0.220,4.138,0.511,2.355
369.688,0.000,-0.446,0.000,-87.040,13.414,0.281,3.917,0.562,2.342
369.694,0.000,-0.446,0.000,-78.973,12.942,-0.817,3.554,0.612,2.697
369.700,0.000,-0.446,0.000,-70.310,10.414,-1.922,3.164,0.659,3.046
369.705,0.000,-0.446,0.000,-61.361,6.491,-3.214,2.761,0.701,3.361
369.711,0.000,-0.446,0.000,-57.496,5.140,-3.102,2.587,0.740,2.983
369.716,0.000,-0.446,0.000,-54.377,2.026,-2.440,2.447,0.777,2.579
369.722,0.000,-0.446,0.000,-52.178,-0.494,-2.531,2.348,0.812,2.150
369.727,0.000,-0.446,0.000,-51.044,-3.069,-1.774,2.297,0.847,1.741
369.733,0.000,-0.446,0.000,-46.830,-3.983,-0.257,2.107,0.882,1.789
369.738,0.000,-0.446,0.000,-41.705,-6.412,2.043,1.877,0.913,1.966
369.744,0.000,-0.446,0.000,-39.595,-5.102,2.996,1.782,0.941,1.711
369.749,0.000,-0.446,0.000,-40.953,-2.830,1.189,1.843,0.970,1.118
369.755,0.000,-0.446,0.000,-40.967,-0.039,-0.486,1.843,1.000,0.861
369.760,0.000,-0.446,0.000,-39.355,0.966,-0.963,1.771,1.030,0.921
369.766,0.000,-0.446,0.000,-37.140,0.507,-1.346,1.671,1.058,0.977
369.772,0.000,-0.446,0.000,-37.701,1.194,-0.412,1.697,1.086,0.693
369.777,0.000,-0.446,0.000,-39.585,0.902,0.043,1.781,1.115,0.309
369.783,0.000,-0.446,0.000,-39.117,0.801,-0.477,1.760,1.143,0.283
369.788,0.000,-0.446,0.000,-37.940,-1.330,-2.176,1.707,1.170,0.313
369.794,0.000,-0.446,0.000,-39.436,1.003,-2.729,1.775,1.198,0.006
369.799,0.000,-0.446,0.000,-38.360,-0.263,0.517,1.726,1.225,0.105
369.805,0.000,-0.446,0.000,-38.968,-2.438,2.039,1.754,1.253,-0.012
369.810,0.000,-0.446,0.000,-35.035,-1.414,2.751,1.577,1.279,0.407
369.816,0.000,-0.446,0.000,-34.814,0.426,1.592,1.567,1.304,0.323
369.822,0.000,-0.446,0.000,-33.748,-0.277,0.387,1.519,1.331,0.404
369.827,0.000,-0.446,0.000,-29.309,0.065,0.863,1.319,1.355,0.890
369.833,0.000,-0.446,0.000,-26.135,4.429,1.718,1.176,1.377,1.118
369.838,0.000,-0.446,0.000,-24.024,5.293,2.922,1.081,1.396,1.114
369.844,0.000,-0.446,0.000,-22.646,3.367,1.943,1.019,1.413,0.954
369.849,0.000,-0.446,0.000,-20.727,3.069,-0.771,0.933,1.430,0.919
369.855,0.000,-0.446,0.000,-16.920,4.145,-1.852,0.761,1.444,1.110
369.860,0.000,-0.297,0.000,-13.454,3.111,-1.221,0.605,1.455,1.226
369.866,0.000,-0.297,0.000,-11.654,2.752,1.563,0.524,1.464,1.075
369.871,0.000,-0.297,0.000,-6.926,1.899,3.837,0.312,1.470,1.335
369.876,0.000,-0.297,0.000,-3.055,2.690,3.256,0.137,1.473,1.466
369.881,0.000,-0.149,0.000,0.137,8.431,1.717,-0.006,1.475,1.545
369.888,0.000,-0.149,0.000,1.669,9.508,0.273,-0.075,1.475,1.353
369.894,0.000,-0.149,0.000,1.019,10.916,-0.229,-0.046,1.475,0.893
369.900,0.000,0.149,0.000,2.339,11.479,2.260,-0.105,1.473,0.783
369.907,0.000,1.492,0.000,4.153,8.196,1.600,-0.187,1.471,0.738
369.913,0.000,1.492,0.000,4.252,8.489,4.941,-0.191,1.467,0.532
369.918,0.000,1.492,0.000,4.766,8.760,5.575,-0.214,1.462,0.418
369.924,0.000,7.153,0.000,4.882,5.947,2.116,-0.220,1.457,0.278
369.930,0.000,11.276,0.000,4.720,4.799,-0.836,-0.212,1.452,0.157
369.935,0.000,25.660,0.000,4.098,0.306,-3.159,-0.184,1.448,0.034
369.941,0.000,25.660,0.000,6.955,-2.668,-4.067,-0.313,1.443,0.329
369.947,0.000,43.099,0.000,8.918,-0.337,-1.631,-0.401,1.436,0.483
369.953,0.000,43.099,0.000,10.331,0.809,0.163,-0.465,1.429,0.550
369.958,0.000,43.099,0.000,10.800,3.118,1.293,-0.486,1.421,0.511
369.964,0.000,43.099,0.000,10.871,3.752,0.514,-0.489,1.412,0.419
369.970,0.000,43.099,0.000,8.603,3.773,-0.133,-0.387,1.405,0.086
369.976,0.000,43.099,0.000,8.308,5.172,-0.678,-0.374,1.398,0.059
369.981,-3.482,120.042,0.000,5.337,4.381,0.414,-0.397,1.393,-0.258
369.988,-3.482,120.042,0.000,4.506,8.110,1.766,-0.359,1.386,-0.249
369.995,-3.482,120.042,0.000,3.273,8.381,0.215,-0.304,1.380,-0.263
370.002,-5.421,164.414,0.000,0.004,14.266,-1.156,-0.244,1.372,-0.520
370.008,-5.589,164.414,0.000,-0.736,20.455,-0.648,-0.218,1.368,-0.448
370.015,-5.589,164.414,0.000,0.056,21.305,-0.166,-0.254,1.362,-0.278
370.022,-5.255,161.307,0.000,-1.384,23.883,-2.776,-0.174,1.358,-0.343
370.028,-5.089,161.307,0.000,-0.447,35.280,-4.334,-0.209,1.353,-0.174
370.035,-5.089,161.307,0.000,-0.299,43.191,-0.972,-0.216,1.349,-0.113
370.042,-5.089,161.307,0.000,-1.630,50.221,1.041,-0.156,1.344,-0.216
370.049,-3.325,135.393,0.000,0.639,65.129,-3.115,-0.178,1.342,0.057
370.055,-3.325,135.393,0.000,6.473,75.400,-3.851,-0.441,1.334,0.581
370.062,-1.342,109.465,0.000,3.734,87.032,-2.008,-0.228,1.327,0.173
370.069,-0.595,98.596,0.000,4.559,96.192,-1.300,-0.232,1.322,0.212
370.075,-0.595,98.596,0.000,5.631,104.286,-2.562,-0.280,1.317,0.273
370.081,-0.595,98.596,0.000,5.162,112.181,-1.562,-0.259,1.311,0.132
370.088,-0.595,98.596,0.000,5.633,116.087,-1.438,-0.280,1.305,0.121
370.094,-0.446,48.185,0.000,7.800,116.988,-4.415,-0.371,1.299,0.329
370.101,-0.446,45.304,0.000,7.303,120.126,-6.753,-0.349,1.291,0.211
370.107,-0.446,45.304,0.000,6.606,120.476,-6.299,-0.317,1.285,0.121
370.114,-0.446,19.398,0.000,6.762,114.958,-3.305,-0.324,1.277,0.076
370.121,-0.446,19.398,0.000,9.070,106.478,-2.440,-0.428,1.268,0.253
370.127,-0.446,19.398,0.000,11.470,97.018,-3.588,-0.536,1.258,0.418
370.134,-0.297,7.883,0.000,7.421,94.800,-5.473,-0.347,1.251,-0.034
370.140,-0.149,5.421,0.000,11.162,85.134,-5.618,-0.509,1.243,0.458
370.145,-0.149,5.421,0.000,13.286,77.982,-7.049,-0.605,1.233,0.626
370.151,0.000,0.000,0.000,15.307,70.031,-6.721,-0.689,1.222,0.754
370.157,0.000,0.000,0.000,10.555,57.249,-7.409,-0.475,1.212,-0.073
370.163,0.000,0.000,0.000,9.187,48.739,-5.411,-0.413,1.203,-0.228
370.170,0.000,-0.297,0.000,6.462,48.776,-4.273,-0.291,1.196,-0.465
370.175,0.000,-0.297,0.000,5.045,44.520,-3.760,-0.227,1.193,-0.484
370.180,0.000,-0.297,0.000,5.850,40.459,-4.089,-0.263,1.188,-0.258
370.185,0.000,-0.297,0.000,5.051,32.901,-6.302,-0.227,1.184,-0.286
370.191,0.149,-0.446,0.000,3.966,29.476,-8.451,-0.172,1.181,-0.324
370.197,0.149,-0.446,0.000,4.879,28.656,-7.441,-0.213,1.178,-0.122
370.202,0.149,-0.446,0.000,6.220,25.501,-6.183,-0.273,1.173,0.055
370.208,0.149,-0.446,0.000,6.583,23.624,-3.561,-0.290,1.168,0.107
370.213,5.421,-1.342,0.000,7.491,21.594,-3.426,-0.093,1.164,0.219
370.220,8.256,-2.096,0.000,6.000,19.649,-2.790,0.102,1.164,0.033
370.227,8.256,-2.096,0.000,8.434,17.573,-4.645,-0.008,1.165,0.244
370.233,8.256,-2.096,0.000,10.510,20.077,-6.957,-0.101,1.164,0.396
370.240,45.304,-6.974,0.000,8.350,19.374,-5.295,1.663,1.184,0.119
370.247,61.907,-7.333,0.000,7.886,18.786,-3.908,2.431,1.207,0.015
370.254,61.907,-7.333,0.000,10.879,17.335,-4.398,2.296,1.237,0.299
370.260,261.203,-10.224,0.000,15.491,17.481,-3.486,11.057,1.259,0.800
370.267,299.459,-11.493,0.000,16.289,14.421,-4.508,12.743,1.259,0.718
370.274,299.459,-11.493,0.000,19.741,14.481,-6.320,12.587,1.259,0.932
370.280,299.459,-11.493,0.000,29.582,14.837,-6.812,12.144,1.259,1.807
370.287,507.326,-12.836,0.000,40.864,9.282,-5.086,20.991,1.259,2.652
370.294,515.067,-13.302,0.000,58.809,9.394,-4.853,20.532,1.259,4.020
370.301,515.067,-13.302,0.000,83.001,6.361,-4.784,19.443,1.259,5.776
370.307,571.951,-15.261,0.000,113.228,7.684,-4.489,20.643,1.259,7.665
370.314,571.951,-15.261,0.000,150.608,-0.018,-4.684,18.960,1.259,9.911
370.321,571.951,-15.261,0.000,189.280,1.919,-5.525,17.220,1.259,11.650
370.327,584.773,-15.518,0.000,231.680,-5.584,-4.102,15.889,1.259,13.318
370.334,584.773,-15.518,0.000,271.581,0.444,-4.463,14.094,1.259,14.060
370.341,584.773,-15.008,0.000,316.085,-7.814,-4.531,12.091,1.274,14.925
370.348,584.773,-15.008,0.000,356.319,-3.678,-3.618,10.280,1.322,15.102
370.355,555.208,-14.508,0.000,395.267,-9.664,-1.715,7.197,1.392,14.864
370.361,555.208,-14.508,0.000,429.570,-15.197,-6.343,5.654,1.467,14.356
370.368,477.291,-11.711,0.000,451.471,-16.278,-8.249,1.162,1.492,13.583
370.375,424.822,-10.430,0.000,468.312,-16.586,-7.821,-1.957,1.494,12.601
370.382,383.182,-10.019,0.000,477.068,-18.079,-5.393,-4.225,1.494,10.616
370.388,383.182,-10.019,0.000,481.548,-23.059,-6.254,-4.426,1.494,8.092
370.395,239.346,-6.974,0.000,474.803,-26.973,-4.325,-10.596,1.494,5.591
370.402,155.234,-4.598,0.000,460.687,-21.911,-5.024,-13.745,1.494,2.615
370.408,128.818,-2.400,0.000,435.559,-20.766,-4.730,-13.803,1.494,-0.992
370.415,41.500,-0.893,0.000,412.238,-20.520,-2.455,-16.683,1.494,-3.578
370.421,25.660,-0.744,0.000,387.528,-18.840,-5.683,-16.284,1.494,-5.510
370.428,25.660,-0.744,0.000,352.481,-19.601,-2.937,-14.707,1.494,-8.054
370.435,25.660,-0.744,0.000,317.788,-15.576,-7.146,-13.146,1.494,-9.582
370.442,25.660,-0.744,0.000,279.676,-14.996,-4.175,-11.431,1.494,-10.881
370.448,0.595,-0.446,0.000,243.371,-8.919,-7.111,-10.925,1.494,-12.260
370.454,0.446,-0.446,0.000,210.243,-5.908,-6.578,-9.441,1.470,-12.679
370.460,0.000,-0.446,0.000,179.331,-3.284,-4.444,-8.070,1.413,-12.707
370.466,0.000,-0.446,0.000,155.459,-4.580,-4.123,-6.996,1.352,-12.264
370.472,0.000,-0.446,0.000,131.543,-1.154,-4.897,-5.919,1.289,-11.937
370.477,0.000,-0.446,0.000,114.864,1.216,-5.193,-5.169,1.230,-10.850
370.483,0.000,-0.446,0.000,105.457,-2.896,-7.073,-4.746,1.171,-9.174
370.488,0.000,-0.446,0.000,99.229,-5.155,-7.807,-4.465,1.116,-7.616
370.494,0.000,-0.446,0.000,98.223,-7.456,-7.043,-4.420,1.062,-5.814
370.499,0.000,-0.595,0.000,96.091,-10.053,-6.450,-4.324,1.009,-4.634
370.504,0.000,-0.595,0.000,96.744,-9.578,-5.097,-4.353,0.958,-3.400
370.509,0.000,-0.595,0.000,97.587,-11.287,-5.754,-4.391,0.906,-2.468
370.515,0.000,-0.595,0.000,100.006,-12.681,-5.191,-4.500,0.854,-1.539
370.520,0.000,-0.595,0.000,102.799,-17.099,-5.969,-4.626,0.801,-0.732
370.525,0.000,-0.595,0.000,106.824,-17.985,-4.856,-4.807,0.748,0.018
370.530,0.000,-0.595,0.000,108.888,-18.394,-6.886,-4.900,0.695,0.305
370.536,0.000,-0.595,0.000,109.816,-19.200,-7.092,-4.942,0.641,0.372
370.541,0.000,-0.595,0.000,108.306,-19.026,-6.525,-4.874,0.587,0.099
370.546,0.000,-0.595,0.000,105.599,-19.642,-6.230,-4.752,0.533,-0.244
370.551,0.000,-0.595,0.000,101.934,-18.724,-4.719,-4.587,0.480,-0.599
370.557,0.000,-0.595,0.000,97.260,-17.111,-5.172,-4.377,0.427,-0.997
370.562,0.000,-0.744,0.000,92.491,-17.025,-4.775,-4.162,0.375,-1.342
370.568,-0.149,-0.744,0.000,83.188,-13.710,-6.198,-3.750,0.323,-2.065
370.573,-0.149,-0.744,0.000,74.491,-11.439,-6.279,-3.359,0.274,-2.516
370.579,-0.149,-0.744,0.000,66.022,-13.918,-6.189,-2.978,0.228,-2.873
370.585,-0.149,-0.744,0.000,54.608,-14.871,-5.996,-2.464,0.187,-3.457
370.590,-3.639,-1.944,0.000,44.166,-16.024,-6.496,-2.151,0.151,-3.773
370.597,-3.639,-1.944,0.000,36.700,-18.565,-6.937,-1.815,0.115,-3.552
370.604,-3.639,-1.944,0.000,28.351,-15.377,-7.542,-1.440,0.086,-3.345
370.610,-20.927,-1.793,0.000,19.422,-10.074,-8.740,-1.816,0.054,-3.338
370.617,-20.927,-1.793,0.000,11.356,-14.792,-5.302,-1.453,0.025,-3.290
370.623,-93.494,-0.893,0.000,7.893,-14.266,-4.090,-4.562,0.015,-3.152
370.630,-146.466,-0.595,0.000,1.723,-9.840,-6.483,-6.668,0.013,-3.125
370.636,-146.466,-0.595,0.000,-9.953,-4.595,-8.008,-6.143,0.013,-3.558
370.642,-146.466,-0.595,0.000,-15.298,-5.249,-7.009,-5.903,0.001,-3.230
370.649,-258.949,-0.446,0.000,-19.944,-9.594,-3.741,-10.755,0.001,-3.215
370.656,-336.483,-0.446,0.000,-25.456,-13.967,-1.666,-13.996,0.001,-3.028
370.662,-336.483,-0.446,0.000,-38.683,-8.005,-5.882,-13.401,0.001,-3.749
370.669,-488.382,-0.446,0.000,-55.440,-6.811,-8.512,-19.482,0.001,-4.723
370.675,-515.067,-0.446,0.000,-72.308,-4.638,-8.507,-19.924,0.001,-5.536
370.682,-515.067,-0.446,0.000,-96.906,-3.001,-9.889,-18.817,0.001,-6.974
370.688,-515.067,-0.446,0.000,-122.226,-6.795,-6.533,-17.678,0.001,-8.085
370.695,-629.193,-0.446,0.000,-153.961,-4.523,-7.017,-21.385,0.001,-9.587
370.702,-633.781,-0.446,0.000,-186.582,-4.342,-3.887,-20.124,0.001,-10.930
370.708,-633.781,-0.446,0.000,-222.399,-2.047,-3.244,-18.512,0.001,-12.236
370.715,-671.457,-0.446,0.000,-261.378,-4.924,-2.775,-18.454,0.001,-13.552
370.721,-671.457,-0.446,0.000,-300.099,-4.303,-5.348,-16.711,0.001,-14.359
370.728,-652.400,-0.446,0.000,-341.353,0.990,-10.171,-13.997,0.001,-15.038
370.735,-652.400,-0.446,0.000,-379.054,-0.042,-8.747,-12.301,-0.011,-15.183
370.741,-602.228,-0.446,0.000,-418.492,1.399,-10.444,-8.268,-0.079,-14.984
370.748,-551.084,-0.446,0.000,-448.292,-4.650,-5.783,-4.626,-0.103,-14.216
370.754,-383.182,-0.446,0.000,-474.087,-2.445,-5.559,4.091,-0.114,-14.695
370.761,-270.379,-0.595,0.000,-495.715,-4.545,-4.626,10.140,-0.114,-13.457
370.767,-270.379,-0.595,0.000,-507.114,-2.040,-7.290,10.653,-0.114,-11.432
370.773,-270.379,-0.595,0.000,-508.536,-0.119,-9.076,10.717,-0.114,-8.731
370.780,-114.070,-0.595,0.000,-504.048,0.484,-10.823,17.549,-0.114,-5.990
370.786,-61.907,-0.595,0.000,-487.745,7.120,-8.603,19.163,-0.114,-2.584
370.792,-61.907,-0.595,0.000,-462.240,5.172,-2.775,18.015,-0.114,1.166
370.799,-11.276,-0.744,0.000,-425.175,12.221,0.119,18.625,-0.114,5.368
370.805,-6.974,-0.744,0.000,-387.139,16.125,1.105,17.107,-0.114,8.283
370.812,-6.974,-0.744,0.000,-335.291,15.025,-1.759,14.774,-0.114,11.685
370.819,-6.974,-0.744,0.000,-288.503,20.641,-2.543,12.669,-0.114,13.518
370.825,0.000,-0.893,0.000,-241.277,19.847,-4.634,10.857,-0.105,15.522
370.830,0.000,-0.893,0.000,-195.790,10.110,-3.606,8.811,-0.059,16.933
370.836,0.000,-0.893,0.000,-162.764,6.942,-2.587,7.324,0.002,16.538
370.841,0.000,-0.893,0.000,-132.917,3.402,-0.948,5.981,0.063,15.791
370.847,0.000,-0.446,0.000,-108.592,-2.527,0.118,4.887,0.122,14.579
370.852,0.000,-0.446,0.000,-91.750,-5.802,-1.419,4.129,0.177,12.862
370.858,0.000,-0.446,0.000,-80.958,-8.446,-1.954,3.643,0.227,10.948
370.863,0.000,-0.595,0.000,-79.338,-12.606,-1.418,3.570,0.275,8.496
370.869,0.000,-0.446,0.000,-85.455,-14.702,0.961,3.845,0.324,5.689
370.874,0.000,-0.446,0.000,-89.583,-16.038,-1.164,4.031,0.377,3.821
370.880,0.000,-0.446,0.000,-99.547,-16.519,-2.972,4.480,0.431,1.716
370.885,0.149,-0.446,0.000,-109.773,-19.360,-3.651,4.946,0.488,0.047
370.891,0.297,-0.595,0.000,-122.313,-14.550,-4.341,5.517,0.547,-1.454
370.897,0.297,-0.595,0.000,-129.560,-13.474,-3.840,5.844,0.610,-1.907
370.902,0.297,-0.595,0.000,-136.239,-12.753,-5.557,6.144,0.674,-2.174
370.908,2.096,-0.744,0.000,-141.659,-13.869,-5.707,6.469,0.742,-2.196
370.915,5.089,-0.744,0.000,-141.040,-15.640,-4.023,6.576,0.820,-1.600
370.922,5.089,-0.744,0.000,-134.393,-19.309,-4.522,6.277,0.895,-0.547
370.929,10.224,-1.642,0.000,-127.439,-12.869,-2.820,6.195,0.970,0.262
370.936,10.224,-1.642,0.000,-121.146,-9.838,0.012,5.912,1.044,0.820
370.942,10.224,-1.642,0.000,-106.836,-8.424,-0.551,5.268,1.117,1.989
370.949,10.224,-1.642,0.000,-88.685,-7.245,0.143,4.451,1.186,3.225
370.956,10.224,-1.642,0.000,-75.834,-7.540,0.779,3.873,1.249,3.649
370.962,10.224,-1.642,0.000,-62.203,0.201,0.702,3.259,1.307,3.966
370.969,152.266,-10.849,0.000,-42.658,-1.006,0.609,8.772,1.326,5.725
370.975,231.022,-12.836,0.000,-25.341,-2.543,-0.796,11.536,1.326,6.345
370.982,231.022,-12.836,0.000,-9.842,-3.893,-3.279,10.839,1.326,6.443
370.989,231.022,-12.836,0.000,8.446,-3.654,-1.592,10.016,1.326,6.704
370.995,231.022,-12.836,0.000,24.305,-6.237,0.115,9.302,1.326,6.529
371.002,434.927,-17.387,0.000,40.042,-6.710,-0.336,17.770,1.326,6.966
371.009,434.927,-17.387,0.000,60.292,-5.309,-0.615,16.859,1.326,7.473
371.016,462.818,-17.387,0.000,77.527,-10.692,0.643,17.338,1.326,7.489
371.023,462.818,-17.387,0.000,100.644,-12.957,-0.090,16.298,1.326,8.062
371.029,462.818,-17.387,0.000,130.650,-17.154,-0.812,14.948,1.326,9.238
371.036,462.818,-17.387,0.000,157.116,-20.342,-1.136,13.757,1.326,9.666
371.043,462.818,-17.387,0.000,186.186,-21.323,-1.668,12.448,1.339,10.220
371.049,462.818,-17.387,0.000,212.412,-25.403,-0.486,11.268,1.374,10.339
371.056,462.818,-17.387,0.000,243.582,-26.493,-0.272,9.866,1.429,10.818
371.063,314.906,-18.518,0.000,272.088,-29.070,-0.027,1.927,1.452,11.733
371.070,272.713,-17.112,0.000,299.839,-32.644,-0.122,-1.221,1.452,11.983
371.077,272.713,-17.112,0.000,325.713,-30.837,-1.535,-2.385,1.452,11.332
371.083,222.931,-15.777,0.000,340.955,-27.075,-0.561,-5.311,1.452,10.540
371.090,153.744,-10.430,0.000,348.142,-29.030,-0.805,-8.748,1.452,8.738
371.097,153.744,-10.430,0.000,346.915,-25.015,-3.514,-8.693,1.452,6.394
371.103,153.744,-10.430,0.000,338.101,-26.596,-4.296,-8.296,1.452,3.710
371.110,65.590,-4.760,0.000,322.530,-24.429,-5.535,-11.562,1.452,1.233
371.117,40.978,-2.248,0.000,299.801,-24.472,-4.050,-11.647,1.452,-1.621
371.124,40.978,-2.248,0.000,275.177,-20.733,-4.626,-10.539,1.452,-3.782
371.130,19.398,-0.595,0.000,243.363,-19.478,-7.950,-10.078,1.452,-6.276
371.137,19.398,-0.595,0.000,214.705,-18.879,-3.796,-8.789,1.445,-7.682
371.143,19.398,-0.595,0.000,181.567,-13.751,-6.240,-7.298,1.404,-9.199
371.149,19.398,-0.595,0.000,148.085,-16.298,-3.766,-5.791,1.347,-10.304
371.156,6.100,-0.446,0.000,124.168,-20.176,-1.186,-5.313,1.295,-10.032
371.162,4.114,-0.595,0.000,97.590,-14.156,-6.272,-4.206,1.242,-10.136
371.168,4.114,-0.595,0.000,76.129,-11.961,-6.748,-3.241,1.194,-9.693
371.175,0.149,-0.446,0.000,59.646,-13.327,-8.948,-2.677,1.154,-8.895
371.180,0.149,-0.446,0.000,48.435,-12.182,-7.625,-2.173,1.122,-7.857
371.186,0.000,-0.595,0.000,44.944,-10.905,-7.381,-2.022,1.093,-6.185
371.191,0.000,-0.595,0.000,39.964,-10.552,-3.399,-1.798,1.066,-5.201
371.196,0.000,-0.595,0.000,42.008,-6.938,-2.384,-1.890,1.037,-3.735
371.201,0.000,-0.595,0.000,43.278,-5.294,-2.985,-1.948,1.008,-2.724
371.206,0.000,-0.744,0.000,46.715,-5.725,-4.396,-2.102,0.977,-1.653
371.212,0.000,-0.744,0.000,51.122,-3.958,-7.261,-2.300,0.942,-0.762
371.218,0.000,-0.744,0.000,57.761,-1.453,-8.081,-2.599,0.904,0.207
371.224,0.000,-0.744,0.000,65.376,-4.345,-8.655,-2.942,0.861,1.006
371.229,0.000,-0.595,0.000,71.513,-4.186,-6.829,-3.218,0.815,1.369
371.234,0.000,-0.595,0.000,77.895,-1.732,-5.694,-3.505,0.770,1.722
371.240,0.000,-0.595,0.000,83.024,-3.605,-6.682,-3.736,0.721,1.785
371.245,0.000,-0.595,0.000,85.927,-7.375,-5.446,-3.867,0.673,1.634
371.250,0.000,-0.595,0.000,86.942,-8.551,-4.481,-3.912,0.624,1.287
371.256,0.000,-0.595,0.000,85.096,-10.995,-1.334,-3.829,0.576,0.679
371.261,0.000,-0.595,0.000,80.566,-13.955,-0.633,-3.625,0.528,-0.120
371.266,0.000,-0.595,0.000,72.419,-15.234,-4.250,-3.259,0.483,-1.166
371.271,0.000,-0.595,0.000,64.482,-16.382,-4.721,-2.902,0.442,-1.956
371.277,0.000,-0.595,0.000,57.485,-16.497,-5.597,-2.587,0.402,-2.388
371.282,0.000,-0.595,0.000,51.579,-16.396,-5.651,-2.321,0.367,-2.563
371.287,0.000,-0.595,0.000,46.682,-16.114,-5.445,-2.101,0.335,-2.526
371.292,0.000,-0.595,0.000,40.933,-17.579,-7.984,-1.842,0.307,-2.564
371.298,0.000,-0.595,0.000,34.959,-17.887,-7.605,-1.573,0.282,-2.589
371.303,0.000,-0.595,0.000,25.778,-16.412,-7.079,-1.160,0.263,-2.991
371.308,-0.446,-0.744,0.000,21.410,-16.997,-6.188,-0.984,0.246,-2.717
371.315,-0.446,-0.744,0.000,13.278,-20.154,-5.631,-0.618,0.230,-2.826
371.322,-0.446,-0.744,0.000,8.578,-19.971,-6.225,-0.406,0.220,-2.566
371.328,-4.275,-0.595,0.000,6.223,-15.720,-6.995,-0.472,0.212,-2.141
371.334,-4.275,-0.595,0.000,3.029,-13.621,-6.110,-0.329,0.206,-1.874
371.341,-4.275,-0.595,0.000,-0.836,-14.290,-7.339,-0.155,0.201,-1.820
371.347,-4.275,-0.595,0.000,-3.913,-13.088,-8.098,-0.016,0.199,-1.708
371.353,-6.272,-0.595,0.000,-2.083,-12.591,-6.652,-0.188,0.196,-1.116
371.359,-6.100,-0.595,0.000,-3.990,-10.338,-4.090,-0.095,0.195,-0.995
371.366,-6.100,-0.595,0.000,-5.744,-8.194,-2.810,-0.016,0.194,-0.915
371.372,-7.153,-0.595,0.000,-9.935,-4.106,-4.261,0.125,0.194,-1.131
371.378,-7.698,-0.595,0.000,-7.098,-6.360,-5.458,-0.027,0.194,-0.599
371.384,-9.615,-0.595,0.000,-9.669,-7.910,-5.382,0.002,0.194,-0.700
371.390,-9.615,-0.595,0.000,-9.314,-7.451,-4.643,-0.014,0.194,-0.500
371.397,-9.615,-0.595,0.000,-11.103,-1.994,-5.398,0.067,0.195,-0.540
371.403,-12.380,-0.595,0.000,-11.780,-0.672,-7.662,-0.027,0.194,-0.470
371.409,-13.302,-0.595,0.000,-13.274,-4.013,-4.489,-0.001,0.194,-0.509
371.415,-13.302,-0.595,0.000,-10.412,-2.248,-3.331,-0.130,0.191,-0.159
371.422,-15.008,-0.595,0.000,-11.603,1.748,-6.871,-0.153,0.189,-0.213
371.428,-15.008,-0.595,0.000,-10.777,-4.904,-6.257,-0.190,0.186,-0.070
371.434,-14.757,-0.595,0.000,-11.985,-6.164,-4.476,-0.125,0.182,-0.206
371.440,-14.757,-0.595,0.000,-12.313,0.748,-7.927,-0.110,0.180,-0.185
371.447,-14.757,-0.595,0.000,-13.306,1.664,-8.200,-0.065,0.177,-0.287
371.453,-12.836,-0.744,0.000,-18.005,-0.159,-6.430,0.233,0.178,-0.704
371.460,-12.836,-0.744,0.000,-18.320,3.233,-9.540,0.247,0.184,-0.549
371.467,-12.836,-0.744,0.000,-20.803,-2.468,-7.374,0.358,0.192,-0.621
371.473,-11.493,-0.744,0.000,-18.783,-2.501,-2.838,0.328,0.199,-0.296
371.480,-11.276,-0.744,0.000,-20.885,-4.532,-6.247,0.432,0.207,-0.435
371.487,-11.276,-0.744,0.000,-25.737,-7.473,-6.100,0.651,0.219,-0.811
371.494,-11.276,-0.744,0.000,-27.807,-2.345,-7.742,0.744,0.235,-0.781
371.500,-11.276,-0.744,0.000,-31.919,-7.573,-6.176,0.929,0.253,-0.969
371.507,-10.849,-1.793,0.000,-30.593,-7.959,-3.839,0.888,0.272,-0.615
371.513,-10.849,-1.793,0.000,-31.875,-6.190,-7.057,0.946,0.289,-0.601
371.519,-10.849,-1.793,0.000,-34.497,-9.204,-7.385,1.064,0.309,-0.716
371.525,-10.849,-1.793,0.000,-32.996,-7.508,-5.758,0.997,0.327,-0.422
371.532,-10.639,-3.639,0.000,-29.850,-5.329,-7.133,0.864,0.345,-0.011
371.538,-10.639,-3.639,0.000,-33.629,-9.490,-7.779,1.035,0.365,-0.355
371.545,-7.883,-6.974,0.000,-31.142,-8.519,-3.732,1.047,0.384,-0.096
371.552,-7.515,-7.153,0.000,-32.991,-4.244,-5.605,1.146,0.407,-0.233
371.558,-7.515,-7.153,0.000,-30.965,-2.447,-4.666,1.055,0.430,0.007
371.565,-5.255,-14.018,0.000,-20.426,-8.213,-2.452,0.683,0.447,0.985
371.572,-5.089,-20.000,0.000,-26.968,-9.008,-6.184,0.985,0.466,0.157
371.578,-5.089,-23.207,0.000,-26.095,-7.584,-4.215,0.945,0.485,0.141
371.585,-5.089,-23.207,0.000,-25.880,-6.518,-4.042,0.936,0.505,0.134
371.592,-5.928,-45.869,0.000,-26.786,-2.961,-7.055,0.939,0.525,0.033
371.598,-5.928,-45.869,0.000,-22.490,-10.350,-1.906,0.745,0.541,0.417
371.605,-7.153,-75.985,0.000,-25.957,-9.494,-3.186,0.846,0.559,-0.024
371.612,-7.153,-75.985,0.000,-26.781,-11.363,-7.202,0.883,0.577,-0.117
371.619,-8.069,-86.706,0.000,-28.452,-11.726,-5.985,0.917,0.597,-0.195
371.625,-10.430,-98.596,0.000,-27.280,-9.856,-7.019,0.758,0.612,-0.044
371.632,-11.276,-98.596,0.000,-21.615,-20.331,-4.113,0.465,0.623,0.459
371.639,-11.276,-98.596,0.000,-24.115,-21.927,-3.773,0.578,0.635,0.107
371.645,-11.276,-98.596,0.000,-24.893,-22.849,-4.437,0.613,0.647,0.004
371.652,-15.261,-97.558,0.000,-21.553,-32.862,-2.530,0.283,0.659,0.393
371.659,-15.261,-97.558,0.000,-22.618,-41.392,-6.315,0.331,0.666,0.211
371.666,-15.261,-97.558,0.000,-21.465,-48.645,-5.083,0.279,0.671,0.214
371.672,-14.757,-97.558,0.000,-30.099,-56.470,-5.353,0.690,0.684,-0.626
371.679,-14.508,-95.509,0.000,-32.047,-67.048,-3.297,0.789,0.699,-0.669
371.686,-14.508,-95.509,0.000,-31.595,-69.813,-9.554,0.769,0.716,-0.463
371.693,-11.932,-72.656,0.000,-35.830,-76.185,-12.900,1.075,0.737,-0.726
371.700,-11.276,-65.590,0.000,-37.481,-77.413,-9.385,1.179,0.760,-0.704
371.706,-11.276,-65.590,0.000,-38.884,-81.195,-7.470,1.242,0.786,-0.620
371.713,-11.276,-65.590,0.000,-39.574,-82.791,-1.446,1.273,0.811,-0.562
371.720,-5.589,-48.185,0.000,-32.531,-85.954,0.572,1.212,0.838,0.279
371.726,-5.589,-48.185,0.000,-35.188,-88.657,-4.642,1.332,0.864,-0.058
371.733,-0.744,-44.191,0.000,-33.008,-90.733,-5.159,1.452,0.893,0.157
371.740,-0.744,-44.191,0.000,-38.068,-89.834,-9.324,1.680,0.926,-0.308
371.746,0.000,-31.561,0.000,-38.753,-81.831,-8.322,1.744,0.958,-0.313
371.752,0.000,-28.693,0.000,-32.617,-83.670,-6.880,1.468,0.984,0.420
371.758,0.000,-28.693,0.000,-30.627,-81.903,-6.441,1.378,1.008,0.506
371.763,0.000,-28.693,0.000,-27.118,-72.538,-5.109,1.220,1.029,0.721
371.769,0.000,-20.615,0.000,-22.628,-68.527,-4.129,1.018,1.047,0.964
371.775,0.000,-19.697,0.000,-17.726,-65.451,-0.639,0.798,1.064,1.357
371.780,0.000,-19.697,0.000,-23.223,-59.091,-2.592,1.045,1.082,0.455
371.786,0.000,-19.697,0.000,-20.309,-48.848,-4.132,0.914,1.098,0.668
371.792,0.000,-17.112,0.000,-17.664,-44.614,-4.591,0.795,1.112,0.721
371.798,0.000,-17.112,0.000,-14.694,-44.162,-5.479,0.661,1.125,0.877
371.803,0.000,-17.112,0.000,-14.383,-41.848,-7.345,0.647,1.136,0.638
371.809,0.000,-17.112,0.000,-13.265,-38.017,-7.290,0.597,1.146,0.531
371.815,-0.446,-8.446,0.000,-13.461,-35.013,-7.207,0.586,1.155,0.300
371.821,-0.446,-8.446,0.000,-15.176,-31.040,-7.908,0.663,1.170,0.108
371.828,-0.446,-8.446,0.000,-13.845,-33.150,-5.372,0.603,1.183,0.210
371.835,-1.342,-6.974,0.000,-10.785,-33.810,-2.037,0.425,1.193,0.405
371.841,-2.400,-6.100,0.000,-13.371,-32.186,-4.311,0.494,1.202,0.061
371.847,-2.400,-6.100,0.000,-10.503,-25.031,-5.690,0.365,1.209,0.294
371.853,-5.089,-3.482,0.000,-6.847,-29.910,-4.310,0.079,1.213,0.547
371.860,-5.928,-3.325,0.000,-13.042,-25.958,-6.656,0.320,1.219,-0.129
371.867,-5.928,-3.325,0.000,-14.165,-21.829,-3.903,0.371,1.226,-0.210
371.873,-5.928,-3.325,0.000,-8.974,-27.154,0.092,0.137,1.231,0.317
371.880,-11.932,-2.096,0.000,-8.897,-21.372,-2.453,-0.137,1.228,0.254
371.887,-11.932,-2.096,0.000,-8.558,-21.187,-6.186,-0.152,1.225,0.220
371.894,-11.932,-2.096,0.000,-9.483,-17.657,-5.261,-0.110,1.222,0.080
371.900,-11.932,-2.096,0.000,-12.379,-13.427,-7.178,0.020,1.223,-0.173
371.907,-26.026,-1.043,0.000,-16.195,-16.136,-7.121,-0.442,1.221,-0.507
371.914,-29.090,-1.043,0.000,-14.841,-9.486,-8.539,-0.641,1.212,-0.284
371.920,-29.090,-1.043,0.000,-16.687,-11.878,-8.074,-0.558,1.202,-0.314
371.927,-29.090,-1.043,0.000,-17.124,-12.886,-2.727,-0.538,1.192,-0.271
371.934,-37.464,-1.043,0.000,-19.446,-10.889,-7.012,-0.811,1.176,-0.429
371.941,-37.464,-1.043,0.000,-24.645,-13.213,-10.750,-0.577,1.163,-0.814
371.948,-77.695,-1.043,0.000,-21.653,-11.926,-7.720,-2.522,1.145,-0.328
371.954,-90.535,-0.893,0.000,-28.965,-12.821,-9.299,-2.771,1.123,-0.985
371.961,-170.770,-0.595,0.000,-33.533,-7.485,-2.833,-6.176,1.105,-1.350
371.967,-256.710,-0.446,0.000,-31.450,-5.863,-2.644,-10.137,1.105,-0.777
371.974,-256.710,-0.446,0.000,-38.142,-8.095,-6.603,-9.836,1.105,-1.368
371.980,-291.966,-0.446,0.000,-41.400,-11.319,-5.035,-11.275,1.105,-1.417
371.987,-291.966,-0.446,0.000,-51.618,-5.061,-8.479,-10.816,1.105,-2.117
371.993,-462.818,-0.446,0.000,-64.006,-10.895,-6.607,-17.947,1.105,-3.079
372.000,-462.818,-0.446,0.000,-75.893,-4.408,-9.043,-17.412,1.105,-3.746
372.007,-495.890,-0.446,0.000,-94.058,-5.515,-7.791,-18.082,1.105,-4.876
372.013,-495.890,-0.446,0.000,-120.211,-1.784,-5.999,-16.906,1.105,-6.680
372.020,-495.890,-0.446,0.000,-147.674,-4.219,-5.125,-15.670,1.105,-8.012
372.026,-418.190,-0.595,0.000,-179.158,-2.620,-6.818,-10.756,1.064,-9.139
372.033,-356.318,-0.893,0.000,-213.173,-4.522,-7.996,-6.442,1.024,-10.207
372.039,-356.318,-0.893,0.000,-247.298,-1.340,-10.991,-4.906,0.977,-10.979
372.046,-203.686,-1.793,0.000,-276.154,-3.287,-4.934,3.261,0.944,-12.576
372.052,-172.390,-2.096,0.000,-303.137,-4.044,-6.339,5.884,0.944,-12.560
372.059,-172.390,-2.096,0.000,-323.723,-0.550,-6.309,6.810,0.944,-11.730
372.066,-172.390,-2.096,0.000,-329.172,-0.944,-6.305,7.055,0.944,-8.984
372.072,-33.295,-4.924,0.000,-330.590,7.202,-7.484,13.378,0.944,-7.065
372.078,-21.243,-5.589,0.000,-314.779,1.916,-4.537,13.209,0.944,-3.442
372.085,-21.243,-5.589,0.000,-290.152,9.665,-11.284,12.101,0.944,0.226
372.092,0.000,-6.974,0.000,-263.882,11.809,-7.720,11.875,0.944,3.059
372.098,0.000,-6.974,0.000,-224.963,18.438,-8.312,10.123,0.944,7.122
372.103,0.000,-6.974,0.000,-190.469,21.378,-5.094,8.571,0.964,9.349
372.109,0.000,-2.860,0.000,-146.300,21.155,-3.191,6.583,1.009,11.953
372.115,0.000,-2.248,0.000,-110.963,15.532,-0.831,4.993,1.063,12.906
372.120,0.000,-2.248,0.000,-78.496,19.071,-0.227,3.532,1.109,13.227
372.126,0.000,-1.043,0.000,-51.661,21.582,-3.045,2.325,1.146,12.810
372.132,0.000,-1.043,0.000,-29.078,16.930,-4.880,1.308,1.169,12.020
372.137,0.000,-0.893,0.000,-13.174,12.263,-6.839,0.593,1.182,10.723
372.143,0.000,-0.893,0.000,-5.760,10.715,-5.577,0.259,1.187,8.792
372.148,0.000,-0.893,0.000,-0.215,7.242,-1.977,0.010,1.187,7.169
372.154,0.000,-0.893,0.000,-1.332,5.377,0.764,0.060,1.187,5.212
372.160,0.000,-0.893,0.000,-7.004,6.426,0.785,0.315,1.191,3.269
372.165,0.000,-0.893,0.000,-16.828,6.708,-2.118,0.757,1.202,1.326
372.171,3.325,-0.893,0.000,-26.176,0.774,-1.976,1.328,1.221,-0.010
372.178,8.256,-1.043,0.000,-37.160,0.773,-4.744,2.044,1.256,-1.051
372.184,11.493,-1.043,0.000,-48.750,-0.613,-2.661,2.711,1.301,-1.892
372.191,11.493,-1.043,0.000,-59.052,-4.910,0.775,3.174,1.353,-2.420
372.198,11.493,-1.043,0.000,-65.970,-4.334,-2.652,3.486,1.409,-2.508
372.204,26.395,-2.860,0.000,-69.527,-5.293,-3.510,4.316,1.474,-2.252
372.211,29.897,-3.325,0.000,-69.505,-9.068,-2.668,4.473,1.539,-1.630
372.217,29.897,-3.325,0.000,-65.340,-6.602,-1.715,4.286,1.601,-0.738
372.223,116.430,-7.153,0.000,-58.955,-1.367,-2.290,7.892,1.621,0.122
372.230,134.057,-7.333,0.000,-53.814,-2.977,-0.677,8.454,1.621,0.592
372.237,178.989,-7.515,0.000,-37.184,-4.068,-2.645,9.728,1.622,2.264
372.244,178.989,-7.515,0.000,-23.504,-5.539,-3.552,9.112,1.622,3.131
372.250,205.549,-8.069,0.000,-5.436,-2.379,-2.819,9.494,1.622,4.250
372.257,205.549,-8.069,0.000,9.477,-1.208,-3.000,8.823,1.636,4.600
372.264,275.063,-11.932,0.000,36.514,-4.161,0.083,10.735,1.650,6.649
372.271,339.262,-13.539,0.000,58.224,-10.166,0.535,12.647,1.650,7.498
372.277,339.262,-13.539,0.000,84.895,-7.895,1.280,11.446,1.650,8.445
372.284,339.262,-13.539,0.000,104.389,-8.071,2.236,10.569,1.650,8.132
372.291,477.291,-15.261,0.000,135.724,-13.232,3.618,15.371,1.657,9.907
372.297,477.291,-15.261,0.000,163.295,-14.322,3.179,14.130,1.657,10.523
372.304,484.662,-15.008,0.000,192.403,-14.142,0.588,13.152,1.657,11.012
372.311,484.662,-15.008,0.000,213.833,-12.797,-1.270,12.187,1.657,10.226
372.318,484.662,-15.008,0.000,242.710,-16.750,-3.875,10.888,1.665,10.463
372.325,484.662,-15.008,0.000,263.651,-17.457,-6.155,9.945,1.717,9.925
372.331,484.662,-15.008,0.000,294.438,-17.765,-2.940,8.560,1.784,10.460
372.338,484.662,-15.008,0.000,313.727,-14.529,-1.267,7.692,1.856,9.786
372.345,484.662,-15.008,0.000,336.329,-9.491,-0.688,6.675,1.931,9.487
372.352,484.662,-15.008,0.000,353.595,-12.603,-1.356,5.898,2.007,8.748
372.358,243.596,-15.008,0.000,375.297,-5.706,0.006,-5.927,2.007,9.746
372.365,140.843,-11.932,0.000,385.457,-5.072,-0.795,-11.008,2.007,8.461
372.372,71.036,-9.219,0.000,396.261,-4.423,2.483,-14.635,2.007,7.528
372.379,71.036,-9.219,0.000,394.186,-0.711,-2.364,-14.542,2.007,5.380
372.385,71.036,-9.219,0.000,381.458,1.014,2.239,-13.969,2.007,2.589
372.392,8.256,-1.043,0.000,356.849,2.663,-2.034,-15.687,2.007,-0.847
372.399,8.256,-1.043,0.000,323.195,5.789,-3.381,-14.172,2.007,-4.364
372.406,8.256,-1.043,0.000,291.834,0.695,-2.165,-12.761,2.007,-6.344
372.412,8.256,-1.043,0.000,251.250,1.309,-5.256,-10.935,1.999,-8.867
372.418,0.000,-0.446,0.000,216.005,1.279,-3.346,-9.720,1.971,-10.711
372.424,0.000,-0.446,0.000,177.922,-0.622,-3.824,-8.006,1.915,-12.598
372.429,0.000,-0.446,0.000,145.899,-3.868,-4.255,-6.565,1.853,-13.232
372.435,0.000,-0.446,0.000,119.206,-3.364,-4.586,-5.364,1.793,-13.038
372.440,0.000,-0.446,0.000,98.566,-3.768,-5.020,-4.435,1.736,-12.110
372.446,0.000,-0.446,0.000,82.648,-1.126,-6.970,-3.719,1.683,-10.817
372.451,0.000,-0.446,0.000,72.387,-0.114,-7.624,-3.257,1.637,-9.243
372.457,0.000,-0.446,0.000,65.141,0.488,-6.331,-2.931,1.594,-7.811
372.463,0.000,-0.446,0.000,62.407,4.109,-5.112,-2.808,1.551,-6.278
372.468,0.000,-0.446,0.000,71.780,3.651,-3.788,-3.230,1.506,-3.773
372.473,0.000,-0.446,0.000,79.906,5.552,-3.836,-3.596,1.459,-1.939
372.479,0.000,-0.446,0.000,87.983,3.310,-3.277,-3.959,1.409,-0.446
372.485,0.000,-0.446,0.000,97.655,1.977,-0.765,-4.394,1.355,0.797
372.490,0.000,-0.446,0.000,110.276,6.575,-1.773,-4.962,1.297,2.045
372.496,0.000,-0.446,0.000,120.258,5.688,-3.380,-5.412,1.238,2.773
372.501,0.000,-0.446,0.000,125.385,6.541,-6.338,-5.642,1.178,2.798
372.507,0.000,-0.446,0.000,126.895,5.383,-5.846,-5.710,1.118,2.338
372.512,0.000,-0.446,0.000,127.505,5.581,-4.731,-5.738,1.058,1.821
372.518,0.000,-0.446,0.000,125.909,6.277,-2.494,-5.666,0.997,1.126
372.523,0.000,-0.446,0.000,123.141,8.783,-1.514,-5.541,0.937,0.503
372.529,0.000,-0.446,0.000,115.160,8.490,-2.343,-5.182,0.876,-0.584
372.534,0.000,-0.446,0.000,107.154,7.282,-4.229,-4.822,0.819,-1.410
372.540,0.000,-0.446,0.000,97.920,4.074,-3.845,-4.406,0.764,-2.202
372.545,0.000,-0.446,0.000,88.154,2.574,-2.863,-3.967,0.711,-2.848
372.551,0.000,-0.446,0.000,76.098,7.208,-6.073,-3.424,0.662,-3.568
372.556,0.000,-0.446,0.000,63.367,9.455,-10.185,-2.851,0.619,-4.136
372.562,0.000,-0.446,0.000,52.113,9.726,-11.728,-2.345,0.582,-4.391
372.567,0.000,-0.446,0.000,43.212,6.185,-7.272,-1.945,0.550,-4.288
372.573,0.000,-0.446,0.000,35.321,6.945,-4.865,-1.589,0.523,-4.046
372.579,0.000,-0.446,0.000,29.668,7.188,-3.216,-1.335,0.501,-3.599
372.584,0.000,-0.446,0.000,23.531,7.136,-5.752,-1.059,0.481,-3.401
372.590,0.000,-0.446,0.000,18.864,7.455,-7.244,-0.849,0.465,-3.097
372.595,0.000,-0.595,0.000,13.898,8.489,-8.601,-0.625,0.453,-2.974
372.600,-0.149,-0.595,0.000,11.440,8.839,-9.077,-0.521,0.442,-2.658
372.605,-0.149,-0.595,0.000,11.153,13.139,-6.737,-0.509,0.431,-2.170
372.611,-0.149,-0.595,0.000,11.779,14.570,-4.893,-0.537,0.421,-1.664
372.616,-6.797,-0.744,0.000,16.673,14.478,-5.116,-1.056,0.406,-0.877
372.623,-10.430,-0.744,0.000,15.004,12.804,-8.169,-1.145,0.385,-0.800
372.630,-10.430,-0.744,0.000,19.601,12.058,-3.368,-1.351,0.359,-0.187
372.636,-10.430,-0.744,0.000,19.791,19.614,-3.642,-1.360,0.333,-0.084
372.643,-92.499,-0.446,0.000,20.688,24.891,-5.696,-5.093,0.331,-0.022
372.650,-92.499,-0.446,0.000,29.569,18.698,-5.923,-5.493,0.306,0.890
372.656,-270.379,-0.297,0.000,22.844,16.699,-8.499,-13.195,0.291,-0.076
372.662,-270.379,-0.297,0.000,17.764,14.566,-6.072,-12.966,0.291,-0.676
372.669,-270.379,-0.297,0.000,13.669,14.089,-5.695,-12.782,0.291,-0.980
372.675,-270.379,-0.297,0.000,-2.783,13.566,-6.893,-12.042,0.291,-2.578
372.681,-567.728,-0.297,0.000,-22.281,11.868,-4.534,-24.545,0.291,-4.387
372.688,-597.825,-0.446,0.000,-47.469,7.161,-8.329,-24.766,0.291,-6.182
372.694,-629.193,-0.446,0.000,-79.473,6.611,-10.027,-24.737,0.291,-8.294
372.701,-629.193,-0.446,0.000,-119.350,4.714,-10.112,-22.943,0.291,-10.768
372.707,-624.633,-0.446,0.000,-165.537,-1.069,-10.688,-20.659,0.291,-13.281
372.714,-589.098,-0.595,0.000,-211.259,2.083,-11.352,-17.003,0.291,-15.064
372.720,-589.098,-0.595,0.000,-263.441,1.057,-8.588,-14.655,0.291,-17.185
372.727,-534.835,-0.595,0.000,-308.771,-0.598,-10.772,-10.173,0.248,-17.427
372.733,-534.835,-0.595,0.000,-351.936,5.273,-11.274,-8.230,0.185,-17.519
372.739,-362.154,-0.744,0.000,-389.819,2.187,-9.392,1.245,0.161,-18.841
372.746,-322.864,-0.893,0.000,-417.535,5.909,-6.050,4.260,0.161,-17.248
372.753,-177.320,-1.043,0.000,-430.811,6.188,-7.199,11.407,0.161,-14.396
372.759,-177.320,-1.043,0.000,-438.997,12.076,-4.862,11.775,0.161,-11.701
372.766,-115.245,-1.492,0.000,-436.690,19.731,-8.570,14.465,0.161,-8.519
372.773,-115.245,-1.492,0.000,-408.757,26.230,-11.688,13.208,0.161,-3.239
372.780,-115.245,-1.492,0.000,-369.084,29.558,-15.687,11.423,0.161,2.074
372.786,-22.538,-1.492,0.000,-328.106,35.235,-16.174,13.751,0.161,6.199
372.793,-22.538,-1.492,0.000,-281.460,35.247,-13.203,11.651,0.161,9.862
372.800,-0.595,-1.342,0.000,-228.550,33.769,-8.920,10.258,0.161,13.081
372.806,-0.595,-1.342,0.000,-176.446,34.660,-5.409,7.913,0.161,15.467
372.812,-0.297,-1.043,0.000,-136.433,31.951,-8.251,6.126,0.164,15.796
372.818,-0.297,-1.043,0.000,-98.416,32.864,-12.705,4.415,0.187,15.646
372.824,0.000,-0.595,0.000,-72.223,21.371,-13.149,3.250,0.216,14.481
372.830,0.000,-0.446,0.000,-51.093,13.445,-11.846,2.299,0.241,13.267
372.835,0.000,-0.446,0.000,-40.701,8.531,-10.761,1.832,0.264,10.997
372.841,0.000,-0.446,0.000,-35.686,-1.208,-11.649,1.606,0.287,8.712
372.846,0.000,-0.446,0.000,-39.331,-8.644,-9.021,1.770,0.313,6.032
372.852,0.000,-0.446,0.000,-47.993,-12.141,-9.253,2.160,0.344,3.555
372.857,0.000,-0.446,0.000,-58.055,-17.753,-11.449,2.612,0.381,1.541
372.863,0.000,-0.446,0.000,-71.629,-20.168,-12.117,3.223,0.425,-0.387
372.868,0.000,-0.446,0.000,-86.391,-22.586,-12.332,3.888,0.474,-1.984
372.874,0.000,-0.446,0.000,-100.730,-21.441,-14.455,4.533,0.527,-3.217
372.879,0.000,-0.446,0.000,-112.654,-19.212,-13.755,5.069,0.584,-3.921
372.885,0.000,-0.446,0.000,-123.766,-12.980,-13.223,5.569,0.645,-4.411
372.890,0.000,-0.446,0.000,-121.141,-15.255,-9.260,5.451,0.704,-3.057
372.896,0.000,-0.446,0.000,-122.753,-16.201,-6.828,5.524,0.764,-2.376
372.901,0.149,-0.446,0.000,-124.682,-5.258,-6.745,5.617,0.824,-2.009
372.907,0.149,-0.446,0.000,-113.457,-0.038,-11.565,5.112,0.883,-0.148
372.912,0.149,-0.446,0.000,-105.537,-0.361,-14.985,4.756,0.940,0.867
372.918,0.149,-0.446,0.000,-100.150,11.869,-17.354,4.513,0.995,1.135
372.924,4.436,-0.744,0.000,-80.960,4.310,-14.674,3.843,1.047,2.967
372.930,10.430,-0.893,0.000,-63.956,8.655,-12.770,3.347,1.105,3.912
372.937,10.430,-0.893,0.000,-50.847,8.541,-16.145,2.757,1.155,4.161
372.943,10.430,-0.893,0.000,-29.707,10.278,-14.719,1.806,1.194,5.124
372.950,35.101,-3.639,0.000,-23.721,13.324,-16.325,2.647,1.231,4.536
372.956,56.357,-5.928,0.000,-5.979,7.296,-13.023,2.805,1.262,5.218
372.963,56.357,-5.928,0.000,3.449,14.120,-17.616,2.381,1.293,4.778
372.970,138.097,-7.698,0.000,13.323,2.909,-14.957,5.615,1.314,5.078
372.976,138.097,-7.698,0.000,20.120,8.959,-19.508,5.309,1.314,4.395
372.983,138.097,-7.698,0.000,25.271,4.394,-16.126,5.077,1.326,3.751
372.989,138.097,-7.698,0.000,32.850,-3.999,-17.077,4.736,1.360,3.510
372.996,237.243,-10.639,0.000,33.955,2.607,-16.246,9.148,1.360,3.051
373.003,272.713,-10.849,0.000,41.883,-3.191,-18.005,10.387,1.360,3.174
373.009,272.713,-10.849,0.000,47.316,2.329,-15.817,10.143,1.360,2.911
373.015,362.154,-12.380,0.000,55.552,-3.213,-18.145,13.797,1.360,3.255
373.022,377.077,-11.932,0.000,74.207,-3.256,-17.925,13.629,1.360,4.449
373.029,377.077,-11.932,0.000,80.278,1.212,-18.146,13.356,1.360,3.938
373.035,389.366,-11.932,0.000,98.763,1.195,-14.600,13.077,1.360,4.823
373.042,386.264,-11.932,0.000,124.162,1.698,-18.497,11.795,1.375,6.223
373.049,386.264,-12.155,0.000,150.011,4.684,-14.483,10.631,1.420,7.305
373.056,309.688,-13.068,0.000,168.835,12.659,-17.608,6.338,1.486,7.169
373.062,261.203,-12.836,0.000,190.137,6.785,-16.509,3.198,1.536,7.786
373.069,261.203,-12.836,0.000,217.653,5.916,-17.007,1.960,1.544,8.344
373.076,180.670,-12.380,0.000,241.643,5.255,-16.829,-2.744,1.550,9.491
373.083,180.670,-12.380,0.000,253.783,7.338,-18.531,-3.290,1.550,8.150
373.089,131.417,-11.711,0.000,269.643,3.425,-17.688,-6.220,1.550,8.019
373.095,131.417,-11.711,0.000,270.193,-1.184,-18.100,-6.245,1.550,5.805
373.102,29.090,-6.446,0.000,270.365,-4.760,-16.141,-10.857,1.550,4.546
373.108,29.090,-6.446,0.000,253.096,-14.910,-14.860,-10.080,1.550,1.481
373.115,29.090,-6.446,0.000,232.386,-15.151,-16.814,-9.148,1.550,-1.133
373.122,29.090,-6.446,0.000,206.794,-17.989,-16.466,-7.997,1.547,-3.449
373.128,1.642,-0.595,0.000,181.662,-22.315,-12.403,-8.101,1.547,-5.428
373.134,1.642,-0.595,0.000,154.212,-26.138,-15.431,-6.866,1.523,-6.954
373.140,0.000,-0.446,0.000,122.006,-23.374,-15.791,-5.490,1.481,-8.658
373.146,0.000,-0.446,0.000,94.392,-27.160,-16.222,-4.248,1.437,-9.667
373.151,0.000,-0.446,0.000,71.347,-19.990,-13.669,-3.211,1.396,-9.917
373.157,0.000,-0.446,0.000,51.894,-15.455,-14.899,-2.335,1.362,-9.613
373.163,0.000,-0.446,0.000,35.744,-15.799,-13.746,-1.608,1.336,-8.931
373.168,0.000,-0.446,0.000,21.714,-8.581,-14.450,-0.977,1.317,-8.304
373.174,0.000,-0.446,0.000,20.553,0.741,-14.191,-0.925,1.301,-6.371
373.179,0.000,-0.446,0.000,17.608,0.028,-13.021,-0.792,1.289,-5.035
373.185,0.000,-0.446,0.000,14.681,9.600,-15.525,-0.661,1.277,-4.061
373.190,0.000,-0.446,0.000,24.475,13.329,-18.264,-1.101,1.261,-1.955
373.196,0.000,-0.446,0.000,30.646,9.658,-14.941,-1.379,1.240,-0.735
373.201,0.000,-0.446,0.000,37.655,13.225,-13.726,-1.694,1.213,0.145
373.207,0.000,-0.446,0.000,48.736,17.716,-14.558,-2.193,1.181,1.391
373.212,0.000,-0.446,0.000,57.586,15.184,-15.945,-2.591,1.145,2.142
373.218,0.000,-0.446,0.000,59.598,19.390,-17.122,-2.682,1.106,1.796
373.223,0.000,-0.446,0.000,69.564,18.813,-13.837,-3.130,1.063,2.470
373.229,0.000,-0.446,0.000,72.401,17.055,-13.778,-3.258,1.019,2.243
373.234,0.000,-0.446,0.000,69.456,14.781,-13.697,-3.125,0.974,1.294
373.240,0.000,-0.446,0.000,69.513,17.099,-14.253,-3.128,0.929,0.909
373.245,0.000,-0.446,0.000,70.102,13.593,-12.799,-3.155,0.883,0.725
373.251,0.000,-0.446,0.000,62.343,5.669,-13.874,-2.805,0.841,-0.362
373.256,0.000,-0.446,0.000,56.224,2.907,-13.924,-2.530,0.801,-1.048
373.262,0.000,-0.446,0.000,49.413,10.266,-17.493,-2.224,0.766,-1.591
373.267,0.000,-0.446,0.000,45.834,1.438,-15.881,-2.063,0.733,-1.614
373.273,0.000,-0.446,0.000,38.772,-4.380,-12.732,-1.745,0.704,-1.981
373.278,0.000,-0.446,0.000,27.981,0.635,-12.662,-1.259,0.681,-2.739
373.284,-0.297,-0.595,0.000,25.484,0.416,-13.152,-1.160,0.660,-2.404
373.290,-0.297,-0.595,0.000,25.278,-1.329,-12.820,-1.151,0.640,-1.821
373.295,-0.595,-0.595,0.000,16.155,-0.420,-12.944,-0.754,0.625,-2.290
373.301,-6.621,-0.446,0.000,12.883,5.334,-16.539,-0.878,0.609,-2.077
373.308,-10.019,-0.446,0.000,13.784,-3.479,-9.212,-1.071,0.590,-1.471
373.315,-10.019,-0.446,0.000,10.642,5.626,-14.260,-0.930,0.571,-1.395
373.321,-10.019,-0.446,0.000,8.716,2.788,-9.613,-0.843,0.554,-1.224
373.328,-49.377,-0.297,0.000,6.955,12.014,-14.505,-2.535,0.527,-1.185
373.334,-57.028,-0.297,0.000,6.013,5.862,-11.424,-2.837,0.495,-1.030
373.340,-57.028,-0.297,0.000,7.146,13.915,-14.926,-2.888,0.457,-0.655
373.346,-153.744,1.192,0.000,8.244,7.920,-9.713,-7.289,0.428,-0.406
373.353,-153.744,1.192,0.000,10.260,12.996,-8.091,-7.380,0.428,-0.042
373.359,-203.686,2.553,0.000,8.246,14.965,-9.173,-9.537,0.428,-0.251
373.366,-203.686,2.553,0.000,0.215,18.057,-13.050,-9.176,0.428,-1.031
373.372,-328.258,6.974,0.000,-7.032,16.588,-12.105,-14.455,0.428,-1.658
373.379,-350.558,7.883,0.000,-21.040,15.659,-10.990,-14.828,0.428,-2.763
373.386,-350.558,7.883,0.000,-33.823,10.492,-4.233,-14.253,0.428,-3.472
373.393,-395.630,8.636,0.000,-53.492,10.232,-4.851,-15.396,0.428,-4.839
373.400,-395.630,7.883,0.000,-77.015,15.819,-5.697,-14.338,0.428,-6.052
373.406,-395.630,7.883,0.000,-100.563,10.696,-3.637,-13.278,0.428,-6.986
373.413,-395.630,7.883,0.000,-128.088,9.225,-5.996,-12.039,0.406,-8.033
373.420,-377.077,6.446,0.000,-160.499,12.628,-8.486,-9.746,0.350,-9.183
373.427,-377.077,6.446,0.000,-192.490,13.314,-8.412,-8.306,0.280,-9.917
373.434,-377.077,6.446,0.000,-225.663,16.104,-9.378,-6.814,0.204,-10.633
373.440,-377.077,6.446,0.000,-253.178,18.449,-5.009,-5.575,0.129,-10.593
373.447,-377.077,6.446,0.000,-276.600,18.396,-4.664,-4.521,0.060,-10.131
373.454,-175.665,1.192,0.000,-296.854,21.294,-2.197,5.453,0.018,-10.874
373.460,-175.665,1.192,0.000,-310.788,26.204,-4.326,6.081,0.018,-9.807
373.466,-126.260,0.149,0.000,-319.123,24.530,-4.556,8.679,0.018,-8.355
373.472,-126.260,0.149,0.000,-324.890,22.465,-4.977,8.938,0.018,-6.981
373.478,-42.028,-0.446,0.000,-320.176,27.354,-7.599,12.517,0.018,-4.807
373.484,-27.911,-0.446,0.000,-303.096,25.413,-7.671,12.383,0.018,-1.617
373.491,-27.911,-0.446,0.000,-285.633,28.694,-5.475,11.597,0.018,0.832
373.497,-27.911,-0.446,0.000,-256.469,24.922,-3.315,10.285,0.018,3.772
373.503,0.000,-0.595,0.000,-231.800,32.563,-4.005,10.431,0.018,6.174
373.508,0.000,-0.595,0.000,-199.512,36.363,-4.865,8.978,0.023,8.775
373.513,0.000,-0.595,0.000,-168.978,32.668,-3.303,7.604,0.058,10.267
373.519,0.000,-0.446,0.000,-137.547,26.286,-3.984,6.190,0.111,11.552
373.524,0.000,-0.297,0.000,-115.621,23.528,-3.338,5.203,0.169,11.330
373.529,0.000,-0.297,0.000,-91.457,24.560,-6.354,4.116,0.221,11.446
373.535,0.000,-0.297,0.000,-72.741,22.860,-7.467,3.273,0.266,10.891
373.540,0.000,-0.446,0.000,-61.967,22.144,-6.811,2.789,0.308,9.451
373.545,0.000,-0.446,0.000,-54.626,21.803,-7.828,2.458,0.346,7.944
373.551,0.000,-0.446,0.000,-50.925,19.898,-5.509,2.292,0.382,6.414
373.557,0.000,-0.446,0.000,-50.760,17.156,-4.150,2.284,0.417,4.777
373.562,0.000,-0.446,0.000,-52.162,16.271,-3.255,2.347,0.451,3.376
373.568,0.000,-0.446,0.000,-57.368,19.063,-6.001,2.582,0.488,1.914
373.573,0.000,-0.446,0.000,-64.585,19.641,-7.560,2.906,0.528,0.566
373.579,0.149,-0.446,0.000,-69.387,16.901,-7.263,3.129,0.572,-0.153
373.584,0.149,-0.446,0.000,-76.670,14.076,-7.428,3.457,0.618,-0.990
373.590,0.149,-0.446,0.000,-81.755,15.332,-5.011,3.686,0.667,-1.350
373.596,0.446,-0.446,0.000,-86.086,21.195,-7.954,3.894,0.723,-1.463
373.602,0.446,-0.446,0.000,-93.854,21.070,-8.019,4.244,0.785,-1.870
373.608,0.446,-0.446,0.000,-92.996,19.582,-4.308,4.205,0.846,-1.353
373.615,2.096,-0.446,0.000,-89.648,24.662,-4.990,4.128,0.907,-0.658
373.621,2.096,-0.446,0.000,-93.115,22.434,-6.315,4.284,0.970,-0.842
373.628,2.400,-0.446,0.000,-85.714,22.091,-3.630,3.965,1.028,0.072
373.634,4.275,-0.446,0.000,-75.118,23.417,-2.642,3.573,1.083,1.113
373.640,6.446,-0.595,0.000,-73.274,21.829,-6.344,3.587,1.140,0.990
373.647,6.446,-0.595,0.000,-65.361,25.827,-5.387,3.231,1.193,1.473
373.653,6.446,-0.595,0.000,-53.116,18.919,-2.064,2.680,1.241,2.413
373.659,6.446,-0.595,0.000,-46.239,18.729,-3.657,2.371,1.283,2.525
373.665,6.446,-0.595,0.000,-36.436,21.895,-3.739,1.930,1.319,2.860
373.672,47.016,-3.955,0.000,-28.572,13.191,-2.035,3.401,1.351,3.074
373.678,95.509,-5.758,0.000,-16.888,13.278,-1.262,5.058,1.363,3.615
373.685,131.417,-6.621,0.000,-7.929,12.126,-2.631,6.271,1.371,3.733
373.691,131.417,-6.621,0.000,-3.200,10.337,-5.213,6.058,1.373,3.196
373.698,131.417,-6.621,0.000,6.761,11.433,-5.257,5.610,1.400,3.365
373.704,333.723,-8.256,0.000,18.060,13.477,-5.617,14.205,1.400,4.103
373.711,383.182,-9.816,0.000,25.030,11.922,-0.877,16.117,1.400,3.839
373.718,492.125,-10.430,0.000,43.993,4.624,-0.157,20.166,1.400,4.973
373.725,511.185,-10.019,0.000,48.195,4.146,-2.216,20.835,1.400,4.268
373.731,511.185,-10.019,0.000,71.641,-0.409,-0.557,19.779,1.400,5.793
373.738,515.067,-7.515,0.000,92.551,2.770,-3.988,19.013,1.400,6.668
373.745,515.067,-7.515,0.000,126.390,-2.797,-4.374,17.490,1.400,8.618
373.752,511.185,-7.515,0.000,165.470,0.493,-8.942,15.557,1.400,10.631
373.758,511.185,-7.515,0.000,199.675,3.020,-6.715,14.018,1.400,11.517
373.765,434.927,-7.515,0.000,238.797,0.649,-3.231,8.826,1.444,12.203
373.772,434.927,-7.515,0.000,279.849,6.506,-0.624,6.978,1.517,13.162
373.778,434.927,-7.515,0.000,314.471,2.282,1.239,5.420,1.591,13.115
373.785,265.760,-7.153,0.000,344.456,3.782,-2.980,-3.541,1.637,14.386
373.792,265.760,-7.153,0.000,367.408,-1.413,-3.204,-4.574,1.637,13.326
373.799,265.760,-7.153,0.000,382.625,-2.514,-4.627,-5.259,1.637,11.395
373.805,265.760,-7.153,0.000,383.988,-6.622,-4.086,-5.320,1.637,8.335
373.812,110.602,-4.436,0.000,376.894,-7.798,-3.729,-11.983,1.637,5.829
373.819,110.602,-4.436,0.000,360.297,-11.669,-2.298,-11.236,1.637,2.493
373.826,31.988,-0.744,0.000,332.961,-15.589,-2.992,-13.544,1.637,-1.144
373.832,26.768,-0.595,0.000,307.296,-20.718,0.178,-12.624,1.637,-3.660
373.838,26.768,-0.595,0.000,272.096,-19.441,1.573,-11.040,1.637,-6.800
373.845,26.768,-0.595,0.000,233.111,-20.053,3.040,-9.285,1.637,-9.200
373.851,20.927,-0.446,0.000,196.073,-20.014,-1.359,-7.882,1.625,-10.679
373.858,18.808,-0.446,0.000,163.593,-22.559,-2.078,-6.515,1.585,-11.165
373.864,18.808,-0.446,0.000,130.206,-17.193,-3.848,-5.013,1.533,-11.621
373.871,16.302,-0.446,0.000,105.707,-12.692,-1.047,-4.023,1.481,-11.158
373.877,15.261,-0.446,0.000,88.207,-7.146,3.549,-3.283,1.430,-10.026
373.884,15.261,-0.446,0.000,71.154,-0.968,2.691,-2.515,1.387,-9.121
373.890,15.261,-0.446,0.000,62.116,6.536,3.286,-2.108,1.347,-7.689
373.897,9.023,-0.446,0.000,64.910,6.411,1.695,-2.515,1.305,-5.520
373.903,7.698,-0.446,0.000,67.821,10.654,0.766,-2.706,1.259,-3.889
373.910,7.698,-0.446,0.000,73.425,14.467,0.119,-2.958,1.212,-2.335
373.916,0.595,-0.446,0.000,85.886,16.672,-0.391,-3.838,1.159,-0.424
373.922,0.595,-0.446,0.000,89.526,17.969,-1.239,-4.002,1.102,0.058
373.928,0.595,-0.446,0.000,97.389,20.401,0.927,-4.356,1.043,0.864
373.934,0.000,-0.446,0.000,106.046,19.020,0.383,-4.772,0.983,1.509
373.939,0.000,-0.446,0.000,114.156,15.919,1.783,-5.137,0.926,2.045
373.945,0.000,-0.446,0.000,119.660,12.054,1.597,-5.385,0.867,2.151
373.951,0.000,-0.446,0.000,121.588,9.340,1.389,-5.471,0.807,1.847
373.956,0.000,-0.446,0.000,121.596,9.043,3.811,-5.472,0.747,1.417
373.962,0.000,-0.446,0.000,116.908,10.833,1.201,-5.261,0.687,0.508
373.967,0.000,-0.446,0.000,112.284,9.134,-0.038,-5.053,0.629,-0.191
373.973,0.000,-0.446,0.000,105.775,5.720,0.880,-4.760,0.571,-0.976
373.978,0.000,-0.446,0.000,97.581,3.204,1.870,-4.391,0.514,-1.782
373.984,0.000,-0.446,0.000,87.963,2.859,0.479,-3.958,0.462,-2.526
373.989,0.000,-0.446,0.000,78.777,3.711,0.468,-3.545,0.413,-2.993
373.995,0.000,-0.446,0.000,68.084,1.922,1.119,-3.064,0.367,-3.504
374.000,0.000,-0.446,0.000,56.951,0.073,1.733,-2.563,0.327,-3.942
374.006,0.000,-0.446,0.000,45.921,-0.021,2.076,-2.066,0.292,-4.276
374.011,0.000,-0.446,0.000,35.362,1.119,2.646,-1.591,0.264,-4.472
374.017,-0.149,-0.446,0.000,25.014,1.515,2.861,-1.132,0.242,-4.564
374.022,-0.149,-0.446,0.000,17.410,2.957,3.367,-0.790,0.225,-4.285
374.028,-0.149,-0.446,0.000,12.539,5.241,3.169,-0.571,0.214,-3.736
374.034,-1.342,-0.595,0.000,8.806,8.454,4.589,-0.457,0.206,-3.208
374.040,-3.169,-0.595,0.000,6.033,9.276,3.361,-0.414,0.198,-2.665
374.046,-3.169,-0.595,0.000,4.798,11.557,4.830,-0.359,0.191,-2.124
374.052,-3.169,-0.595,0.000,5.916,12.975,5.722,-0.409,0.183,-1.483
374.059,-24.587,-0.595,0.000,7.169,12.649,4.626,-1.429,0.162,-1.050
374.065,-24.587,-0.595,0.000,9.684,14.318,3.620,-1.542,0.137,-0.508
374.071,-88.604,-0.446,0.000,10.851,15.481,2.482,-4.475,0.128,-0.295
374.078,-112.905,-0.446,0.000,13.068,13.002,3.377,-5.669,0.121,0.028
374.084,-112.905,-0.446,0.000,13.725,14.159,2.944,-5.698,0.111,0.095
374.091,-112.905,-0.446,0.000,11.466,11.969,1.746,-5.597,0.075,-0.130
374.097,-218.971,-0.297,0.000,6.647,10.466,2.012,-10.153,0.075,-0.735
374.103,-218.971,-0.297,0.000,0.593,9.472,5.502,-9.880,0.075,-1.260
374.110,-218.971,-0.297,0.000,-9.341,11.798,3.346,-9.433,0.070,-2.041
374.116,-431.537,-0.297,0.000,-23.234,8.967,5.345,-18.374,0.044,-3.329
374.122,-431.537,-0.297,0.000,-38.892,8.083,6.948,-17.669,0.044,-4.382
374.129,-480.965,-0.446,0.000,-55.704,9.968,3.878,-19.137,0.044,-5.242
374.135,-546.985,-0.446,0.000,-76.853,7.905,5.591,-21.156,0.044,-6.303
374.142,-559.356,-0.446,0.000,-104.731,12.378,1.158,-20.458,0.044,-7.860
374.149,-559.356,-0.446,0.000,-138.085,12.254,1.838,-18.957,0.044,-9.679
374.155,-576.200,-0.446,0.000,-174.132,13.217,-0.691,-18.093,0.044,-11.352
374.162,-567.728,-0.446,0.000,-215.582,10.597,1.974,-15.847,0.044,-12.853
374.168,-567.728,-0.446,0.000,-255.588,13.251,2.386,-14.046,0.044,-13.870
374.175,-567.728,-0.446,0.000,-296.782,13.494,7.414,-12.193,0.030,-14.639
374.182,-470.010,-0.446,0.000,-334.845,13.503,3.852,-6.082,-0.013,-14.286
374.188,-445.223,-0.446,0.000,-366.401,9.749,6.398,-3.547,-0.040,-14.119
374.195,-299.459,-0.446,0.000,-394.932,8.197,1.341,4.296,-0.046,-14.811
374.201,-228.978,-0.446,0.000,-413.553,5.917,1.549,8.306,-0.046,-13.218
374.208,-198.179,-0.446,0.000,-421.253,12.571,2.711,10.038,-0.046,-10.760
374.215,-198.179,-0.446,0.000,-421.263,9.274,4.816,10.039,-0.046,-8.059
374.221,-198.179,-0.446,0.000,-409.569,14.719,5.845,9.513,-0.046,-4.576
374.228,-59.080,-0.744,0.000,-381.965,7.277,7.929,14.530,-0.046,-0.470
374.235,-36.982,-0.744,0.000,-351.031,14.303,2.653,14.132,-0.046,3.144
374.241,-36.982,-0.744,0.000,-312.726,2.606,3.833,12.408,-0.046,6.648
374.248,-8.829,-0.893,0.000,-274.545,12.252,-0.573,11.957,-0.046,9.309
374.255,-8.829,-0.893,0.000,-238.001,9.904,0.273,10.313,-0.046,10.669
374.261,-8.829,-0.893,0.000,-195.782,16.458,-0.293,8.413,-0.042,12.245
374.267,-0.595,-0.893,0.000,-157.816,10.236,4.344,7.075,-0.023,13.315
374.273,-0.149,-0.744,0.000,-127.484,15.315,2.222,5.730,0.017,13.243
374.279,-0.149,-0.744,0.000,-98.658,14.631,3.835,4.433,0.063,13.063
374.285,-0.149,-0.744,0.000,-77.748,10.472,3.427,3.492,0.107,12.038
374.290,-0.149,-0.744,0.000,-64.763,7.595,0.683,2.908,0.149,10.389
374.296,0.000,-0.595,0.000,-58.894,6.136,-1.509,2.650,0.186,8.372
374.301,0.000,-0.595,0.000,-58.695,2.916,1.315,2.641,0.223,6.173
374.306,0.000,-0.595,0.000,-61.504,0.810,3.134,2.768,0.260,4.183
374.311,0.000,-0.595,0.000,-63.909,0.806,2.993,2.876,0.298,2.746
374.317,0.000,-0.595,0.000,-69.953,0.233,1.105,3.148,0.337,1.224
374.322,0.000,-0.595,0.000,-81.436,-0.842,0.626,3.665,0.382,-0.549
374.327,0.000,-0.595,0.000,-90.590,-0.499,0.392,4.077,0.430,-1.576
374.332,0.000,-0.595,0.000,-99.686,-0.284,0.986,4.486,0.482,-2.324
374.338,0.000,-0.595,0.000,-107.107,0.372,2.675,4.820,0.536,-2.637
374.343,0.000,-0.595,0.000,-112.115,2.930,1.970,5.045,0.591,-2.593
374.348,0.000,-0.595,0.000,-117.414,5.069,1.682,5.284,0.646,-2.607
374.353,0.000,-0.595,0.000,-117.815,7.586,-0.042,5.302,0.702,-1.973
374.358,0.000,-0.595,0.000,-115.111,10.963,-2.071,5.180,0.757,-1.092
374.364,0.000,-0.595,0.000,-112.603,9.774,-0.646,5.067,0.813,-0.414
374.369,0.000,-0.595,0.000,-106.178,8.252,-0.706,4.778,0.867,0.593
374.374,0.000,-0.595,0.000,-98.712,7.380,0.954,4.442,0.920,1.412
374.379,0.000,-0.595,0.000,-89.445,5.420,0.555,4.025,0.971,2.245
374.385,0.000,-0.595,0.000,-80.994,6.876,3.099,3.645,1.018,2.712
374.390,0.000,-0.595,0.000,-70.524,8.708,3.195,3.174,1.061,3.350
374.395,0.000,-0.595,0.000,-58.138,6.000,3.363,2.616,1.099,4.021
374.400,0.000,-0.595,0.000,-46.756,7.355,2.979,2.104,1.132,4.418
374.405,0.000,-0.595,0.000,-35.886,3.268,1.998,1.615,1.159,4.620
374.411,0.000,-0.595,0.000,-27.589,3.173,1.897,1.241,1.180,4.474
374.416,0.000,-0.595,0.000,-17.890,3.740,1.925,0.805,1.196,4.531
374.421,0.000,-0.595,0.000,-15.580,4.772,2.295,0.701,1.209,3.739
374.426,0.000,-0.595,0.000,-9.222,4.490,4.019,0.415,1.219,3.627
374.432,0.000,-0.595,0.000,-5.762,4.233,2.708,0.259,1.225,3.195
374.437,0.000,-0.595,0.000,-4.720,7.689,0.580,0.212,1.230,2.592
374.442,0.000,-0.595,0.000,-0.855,7.941,-0.302,0.038,1.233,2.473
374.447,0.000,-0.595,0.000,-0.773,6.392,1.708,0.035,1.234,1.914
374.452,0.000,-0.595,0.000,-3.307,9.176,-1.301,0.149,1.236,1.166
374.458,0.000,-0.595,0.000,-5.501,6.790,0.335,0.248,1.239,0.595
374.463,0.000,-0.595,0.000,-5.318,8.324,-0.080,0.239,1.243,0.398
374.468,0.000,-0.595,0.000,-7.406,8.229,1.097,0.333,1.247,-0.003
374.473,0.000,-0.595,0.000,-8.413,8.633,1.443,0.379,1.251,-0.217
374.479,0.000,-0.595,0.000,-8.505,6.959,4.676,0.383,1.256,-0.268
374.484,0.000,-0.595,0.000,-11.330,6.012,5.664,0.510,1.262,-0.665
374.489,0.000,-0.595,0.000,-12.244,7.082,5.388,0.551,1.270,-0.675
374.494,0.000,-0.446,0.000,-12.736,3.952,8.777,0.573,1.279,-0.610
374.500,0.000,-0.446,0.000,-14.579,0.658,10.661,0.656,1.289,-0.698
374.505,0.000,-0.446,0.000,-14.193,4.404,7.107,0.639,1.302,-0.452
374.511,0.000,-0.446,0.000,-13.219,3.927,7.268,0.595,1.313,-0.173
374.516,0.000,-0.446,0.000,-12.713,6.932,4.130,0.572,1.324,-0.064
374.522,0.000,-0.446,0.000,-11.534,8.929,1.111,0.519,1.333,0.078
374.527,0.000,-0.446,0.000,-8.582,7.150,0.009,0.386,1.340,0.387
374.533,0.000,-0.446,0.000,-3.658,6.419,0.437,0.165,1.345,0.862
374.538,0.000,-0.446,0.000,-0.233,4.993,2.412,0.010,1.345,1.018
374.544,0.000,-0.446,0.000,2.345,3.881,2.845,-0.106,1.343,1.013
374.550,0.000,-0.446,0.000,6.456,4.562,5.524,-0.290,1.338,1.154
374.555,0.000,-0.446,0.000,11.280,3.917,5.509,-0.508,1.329,1.345
374.561,0.000,-0.446,0.000,15.512,4.810,4.084,-0.698,1.317,1.462
374.566,0.000,-0.446,0.000,19.514,5.191,3.905,-0.878,1.303,1.566
374.572,0.000,-0.446,0.000,21.325,6.016,5.702,-0.960,1.288,1.434
374.577,0.000,-0.446,0.000,21.209,7.323,6.571,-0.954,1.272,1.111
374.583,0.000,-0.446,0.000,21.693,7.835,5.030,-0.976,1.256,0.903
374.588,0.000,-0.446,0.000,21.518,9.083,2.091,-0.968,1.239,0.658
374.594,7.883,-0.595,0.000,20.845,7.531,2.035,-0.583,1.225,0.412
374.600,12.836,-0.744,0.000,18.817,3.122,3.679,-0.269,1.215,0.036
374.607,12.836,-0.744,0.000,20.740,2.834,2.451,-0.356,1.208,0.185
374.613,12.836,-0.744,0.000,18.386,3.593,-0.742,-0.250,1.203,-0.042
374.620,211.219,-3.796,0.000,16.783,2.845,2.046,8.750,1.203,-0.205
374.627,270.379,-5.255,0.000,14.723,3.305,2.795,11.505,1.203,-0.363
374.634,270.379,-5.255,0.000,17.412,3.184,2.321,11.383,1.203,0.008
374.640,555.208,-6.621,0.000,30.149,0.431,5.021,23.628,1.203,1.372
374.647,584.773,-6.446,0.000,39.294,-1.413,3.181,24.547,1.203,2.084
374.654,584.773,-6.446,0.000,62.910,0.606,4.498,23.484,1.203,4.184
374.661,584.773,-6.446,0.000,87.306,-2.485,3.903,22.386,1.203,5.851
374.667,584.773,-6.446,0.000,128.655,-5.609,4.910,20.525,1.203,9.011
374.674,643.036,-5.758,0.000,169.011,-5.925,4.111,21.331,1.203,11.334
374.681,643.036,-5.758,0.000,223.529,-13.562,5.935,18.878,1.203,14.614
374.687,629.193,-6.272,0.000,277.324,-6.616,1.757,15.834,1.203,16.699
374.694,629.193,-6.272,0.000,328.861,-5.596,2.269,13.515,1.203,17.657
374.701,477.291,-7.153,0.000,381.267,-2.356,1.145,4.321,1.220,19.381
374.708,434.927,-7.515,0.000,423.031,0.176,1.782,0.535,1.220,19.364
374.715,434.927,-7.515,0.000,461.435,0.057,1.622,-1.193,1.220,18.100
374.721,434.927,-7.515,0.000,486.706,-2.971,3.804,-2.330,1.220,15.692
374.728,434.927,-7.515,0.000,502.232,-8.250,5.207,-3.029,1.208,13.003
374.735,147.899,-6.974,0.000,504.440,-13.714,2.097,-16.044,1.200,10.993
374.742,147.899,-6.974,0.000,493.257,-14.079,5.070,-15.541,1.200,6.980
374.748,147.899,-6.974,0.000,477.305,-21.242,7.928,-14.823,1.200,3.363
374.755,40.461,-1.342,0.000,445.701,-16.969,3.636,-18.236,1.200,-1.033
374.762,40.461,-1.342,0.000,406.606,-15.225,4.283,-16.477,1.200,-5.160
374.769,40.461,-1.342,0.000,352.251,-15.144,1.285,-14.031,1.200,-9.974
374.775,9.615,-0.446,0.000,305.214,-10.599,1.956,-13.302,1.200,-12.885
374.782,7.698,-0.446,0.000,257.827,-9.782,5.168,-11.256,1.200,-14.650
374.788,7.698,-0.446,0.000,211.075,-5.802,5.020,-9.152,1.199,-15.659
374.794,1.944,-0.446,0.000,170.507,-8.882,6.485,-7.585,1.172,-15.838
374.801,1.944,-0.446,0.000,137.395,-5.759,4.207,-6.095,1.127,-14.963
374.808,1.944,-0.446,0.000,115.366,-9.238,3.098,-5.104,1.070,-13.242
374.814,1.944,-0.446,0.000,99.937,-11.256,4.882,-4.410,1.008,-11.354
374.820,0.149,-0.446,0.000,93.650,-11.762,5.562,-4.208,0.952,-9.067
374.826,0.000,-0.446,0.000,91.256,-11.643,7.331,-4.107,0.901,-6.992
374.831,0.000,-0.446,0.000,91.710,-10.871,7.074,-4.127,0.849,-5.120
374.837,0.000,-0.446,0.000,98.545,-11.012,6.997,-4.435,0.794,-2.977
374.842,0.000,-0.446,0.000,107.892,-11.563,6.630,-4.855,0.738,-1.073
374.848,0.000,-0.446,0.000,117.884,-12.711,5.719,-5.305,0.680,0.432
374.853,0.000,-0.446,0.000,126.302,-14.181,5.463,-5.684,0.620,1.333
374.859,0.000,-0.446,0.000,135.743,-16.213,5.663,-6.108,0.559,2.151
374.864,0.000,-0.446,0.000,142.855,-16.921,5.703,-6.428,0.497,2.515
374.870,0.000,-0.446,0.000,148.516,-16.139,5.749,-6.683,0.435,2.661
374.875,0.000,-0.446,0.000,149.972,-14.167,3.621,-6.749,0.372,2.262
374.881,0.000,-0.446,0.000,149.237,-13.569,2.687,-6.716,0.310,1.635
374.886,0.000,-0.446,0.000,143.872,-13.820,2.278,-6.474,0.248,0.625
374.892,0.000,-0.446,0.000,134.691,-14.666,2.996,-6.061,0.186,-0.621
374.897,0.000,-0.446,0.000,124.850,-10.788,5.197,-5.618,0.125,-1.653
374.903,0.000,-0.446,0.000,115.705,-5.368,6.082,-5.207,0.066,-2.311
374.908,0.000,-0.446,0.000,106.262,0.811,6.807,-4.782,0.009,-2.801
374.914,0.000,-0.446,0.000,94.374,4.770,5.428,-4.247,-0.045,-3.455
374.920,0.000,-0.446,0.000,82.385,8.141,4.789,-3.707,-0.097,-3.854
374.925,0.000,-0.446,0.000,68.462,6.372,5.749,-3.081,-0.142,-4.443
374.931,0.000,-0.446,0.000,58.932,5.107,9.407,-2.652,-0.183,-4.422
374.936,0.000,-0.446,0.000,51.426,1.258,9.810,-2.314,-0.219,-4.199
374.941,0.000,-0.446,0.000,40.935,1.096,9.514,-1.842,-0.250,-4.375
374.947,0.000,-0.446,0.000,31.143,-0.072,5.857,-1.401,-0.275,-4.419
374.952,0.000,-0.446,0.000,23.379,-1.943,2.372,-1.052,-0.295,-4.219
374.958,0.000,-0.446,0.000,16.525,-1.005,1.722,-0.744,-0.311,-3.961
374.964,0.000,-0.446,0.000,12.271,0.266,3.055,-0.552,-0.323,-3.510
374.969,0.000,-0.446,0.000,10.071,-0.190,4.608,-0.453,-0.332,-2.947
374.975,0.000,-0.446,0.000,10.816,-4.392,5.307,-0.487,-0.342,-2.197
374.980,0.000,-0.446,0.000,11.645,-7.681,5.988,-0.524,-0.351,-1.602
374.986,-0.149,-0.446,0.000,11.213,-10.186,5.955,-0.511,-0.361,-1.284
374.991,-0.149,-0.446,0.000,13.830,-9.064,4.248,-0.629,-0.371,-0.661
374.997,-0.149,-0.446,0.000,14.487,-6.362,1.861,-0.659,-0.382,-0.420
375.003,-6.974,-0.446,0.000,13.813,-1.308,0.812,-0.935,-0.396,-0.389
375.009,-10.430,-0.446,0.000,13.875,-5.665,4.898,-1.094,-0.415,-0.267
375.016,-10.430,-0.446,0.000,14.605,-10.778,6.439,-1.127,-0.438,-0.160
375.022,-10.430,-0.446,0.000,19.328,-9.135,4.647,-1.339,-0.462,0.355
375.029,-71.036,-0.446,0.000,20.444,-0.601,0.410,-4.117,-0.480,0.397
375.035,-131.417,-0.297,0.000,19.464,-1.019,2.858,-6.790,-0.480,0.222
375.041,-131.417,-0.297,0.000,14.649,1.420,3.126,-6.573,-0.483,-0.458
375.046,-277.428,-0.297,0.000,10.259,1.055,3.360,-12.946,-0.500,-1.019
375.053,-277.428,-0.297,0.000,6.828,0.727,2.952,-12.792,-0.500,-1.170
375.059,-320.193,-0.297,0.000,-5.298,-1.018,3.916,-14.170,-0.500,-2.324
375.065,-320.193,-0.297,0.000,-20.088,-3.264,7.008,-13.505,-0.500,-3.528
375.071,-551.084,-0.297,0.000,-40.408,0.704,4.844,-22.980,-0.500,-5.083
375.078,-563.530,-0.297,0.000,-67.124,0.024,2.346,-22.338,-0.500,-7.010
375.084,-563.530,-0.297,0.000,-91.112,-2.778,4.709,-21.259,-0.500,-8.206
375.090,-563.530,-0.297,0.000,-122.079,-4.434,-0.549,-19.865,-0.500,-9.754
375.097,-563.530,-0.297,0.000,-160.668,-9.538,3.696,-18.129,-0.500,-11.986
375.103,-563.530,-0.297,0.000,-198.044,-7.178,1.419,-16.447,-0.500,-13.308
375.109,-563.530,-0.297,0.000,-240.713,-9.126,4.196,-14.527,-0.500,-14.734
375.115,-563.530,-0.297,0.000,-276.695,-7.904,2.533,-12.908,-0.506,-14.955
375.122,-362.154,-0.446,0.000,-310.355,-8.047,2.322,-2.331,-0.506,-15.648
375.128,-330.982,-0.446,0.000,-344.225,-4.898,0.751,0.596,-0.506,-15.526
375.135,-330.982,-0.446,0.000,-373.083,-5.096,1.235,1.895,-0.506,-14.272
375.142,-170.770,-0.595,0.000,-390.266,-1.801,1.854,9.877,-0.506,-13.062
375.148,-170.770,-0.595,0.000,-398.941,2.930,1.128,10.268,-0.506,-10.788
375.154,-170.770,-0.595,0.000,-399.113,3.318,2.019,10.275,-0.506,-8.089
375.160,-70.237,-0.595,0.000,-384.490,9.236,1.589,14.141,-0.506,-4.331
375.166,-70.237,-0.595,0.000,-358.456,5.626,3.103,12.970,-0.506,-0.071
375.173,-70.237,-0.595,0.000,-327.914,11.724,2.410,11.595,-0.506,3.586
375.179,-3.955,-0.595,0.000,-290.921,6.984,4.681,12.913,-0.506,7.119
375.185,-2.248,-0.595,0.000,-251.275,10.802,4.524,11.206,-0.506,9.968
375.191,-2.248,-0.595,0.000,-212.462,11.057,3.540,9.460,-0.506,11.662
375.198,-2.248,-0.595,0.000,-176.441,11.735,1.972,7.839,-0.496,12.463
375.204,-0.297,-0.446,0.000,-142.112,10.398,0.116,6.382,-0.459,12.876
375.210,-0.149,-0.446,0.000,-110.569,5.501,0.775,4.969,-0.411,12.963
375.215,-0.149,-0.446,0.000,-88.510,-0.087,-1.317,3.976,-0.365,12.266
375.221,-0.149,-0.446,0.000,-72.224,-2.617,-1.789,3.243,-0.321,10.969
375.227,-0.149,-0.446,0.000,-59.547,-5.708,-0.614,2.673,-0.281,9.640
375.232,-0.149,-0.446,0.000,-57.769,-9.840,0.113,2.593,-0.242,7.439
375.238,-0.149,-0.446,0.000,-59.389,-11.887,1.126,2.666,-0.203,5.376
375.243,-0.149,-0.446,0.000,-67.319,-13.339,2.641,3.023,-0.161,3.120
375.249,0.000,-0.446,0.000,-75.390,-13.793,2.180,3.393,-0.115,1.422
375.254,0.000,-0.446,0.000,-85.966,-15.020,1.352,3.868,-0.065,-0.123
375.260,0.000,-0.446,0.000,-95.392,-16.001,-0.523,4.293,-0.012,-1.193
375.266,0.000,-0.446,0.000,-102.719,-16.511,-1.490,4.622,0.044,-1.687
375.271,0.000,-0.446,0.000,-109.739,-13.348,-3.187,4.938,0.101,-2.065
375.276,0.000,-0.446,0.000,-117.869,-10.833,-5.622,5.304,0.159,-2.540
375.282,0.000,-0.446,0.000,-122.520,-9.823,-6.433,5.513,0.219,-2.484
375.287,0.000,-0.446,0.000,-126.368,-9.495,-3.750,5.687,0.279,-2.336
375.293,0.000,-0.446,0.000,-126.248,-9.423,0.373,5.681,0.339,-1.717
375.298,0.000,-0.446,0.000,-124.735,-8.830,-0.656,5.613,0.399,-1.121
375.304,0.000,-0.446,0.000,-116.727,-8.415,0.574,5.253,0.460,0.027
375.310,0.000,-0.446,0.000,-106.015,-3.712,0.427,4.771,0.518,1.316
375.315,0.000,-0.446,0.000,-91.052,-5.843,0.582,4.097,0.572,2.764
375.321,0.000,-0.446,0.000,-79.803,-4.199,2.336,3.591,0.623,3.542
375.326,0.000,-0.446,0.000,-72.604,-3.906,0.099,3.267,0.670,3.546
375.332,0.000,-0.446,0.000,-58.824,-1.350,-1.237,2.647,0.712,4.288
375.337,0.000,-0.446,0.000,-48.333,0.142,-1.447,2.175,0.748,4.436
375.343,0.000,-0.446,0.000,-37.191,1.784,-2.079,1.674,0.777,4.628
375.348,0.000,-0.446,0.000,-29.858,-0.509,-3.311,1.344,0.804,4.494
375.354,0.000,-0.446,0.000,-23.723,0.155,-3.295,1.068,0.824,4.136
375.359,0.000,-0.446,0.000,-18.981,-1.037,-2.056,0.854,0.840,3.647
375.365,0.000,-0.446,0.000,-12.178,-4.459,-2.575,0.548,0.851,3.511
375.370,0.000,-0.446,0.000,-8.069,-3.923,-1.238,0.363,0.857,3.053
375.376,0.000,-0.446,0.000,-6.841,-5.334,-1.595,0.308,0.861,2.313
375.381,0.000,-0.446,0.000,-7.041,-8.904,-2.349,0.317,0.866,1.660
375.387,0.000,-0.446,0.000,-5.591,-10.942,-3.391,0.252,0.871,1.392
375.392,0.000,-0.446,0.000,-9.758,-10.827,-3.600,0.439,0.878,0.633
375.398,0.000,-0.446,0.000,-14.038,-9.276,-2.338,0.632,0.889,0.032
375.403,0.000,-0.446,0.000,-18.887,-9.385,-2.652,0.850,0.902,-0.539
375.409,0.000,-0.446,0.000,-24.299,-8.917,-2.990,1.093,0.918,-1.085
375.414,0.000,-0.446,0.000,-25.970,-10.632,-1.341,1.169,0.936,-1.090
375.420,0.000,-0.446,0.000,-27.614,-10.230,-0.602,1.243,0.954,-1.124
375.425,0.000,-0.446,0.000,-28.489,-11.090,-1.276,1.282,0.974,-1.051
375.431,0.000,-0.446,0.000,-27.542,-9.815,-0.965,1.239,0.996,-0.674
375.436,0.000,-0.446,0.000,-27.762,-10.171,-0.739,1.249,1.018,-0.443
375.442,0.000,-0.446,0.000,-28.467,-11.577,-1.756,1.281,1.039,-0.362
375.447,0.000,-0.446,0.000,-31.566,-10.087,-2.385,1.420,1.062,-0.618
375.453,0.000,-0.446,0.000,-31.649,-8.451,-2.978,1.424,1.085,-0.481
375.458,0.000,-0.446,0.000,-32.421,-5.165,-6.083,1.459,1.108,-0.510
375.464,0.000,-0.446,0.000,-26.968,-4.315,-5.951,1.214,1.129,0.165
375.469,0.000,-0.446,0.000,-21.988,-6.679,-5.153,0.989,1.147,0.708
375.475,0.000,-0.446,0.000,-23.350,-11.393,-4.228,1.051,1.164,0.332
375.481,0.000,-0.446,0.000,-16.873,-13.777,-2.909,0.759,1.177,0.908
375.486,0.000,-0.446,0.000,-9.551,-15.644,-0.497,0.430,1.186,1.450
375.492,0.000,-0.446,0.000,-6.362,-15.725,-0.117,0.286,1.192,1.435
375.497,0.000,-0.446,0.000,-3.111,-17.954,-1.871,0.140,1.198,1.574
375.503,0.000,-0.446,0.000,-1.922,-19.772,-3.121,0.086,1.202,1.434
375.508,0.000,-0.446,0.000,-1.550,-21.168,-3.542,0.070,1.203,1.126
375.514,0.000,-0.446,0.000,-0.240,-22.289,-2.185,0.011,1.204,0.975
375.519,0.000,-0.446,0.000,-0.151,-17.873,-1.142,0.007,1.202,0.680
375.525,0.000,-0.446,0.000,0.297,-19.644,-1.000,-0.013,1.200,0.454
375.530,0.000,-0.446,0.000,2.238,-22.295,-2.285,-0.101,1.198,0.497
375.536,0.000,-0.446,0.000,2.519,-24.087,-1.157,-0.113,1.197,0.464
375.541,0.000,-0.446,0.000,2.420,-25.340,-1.202,-0.109,1.196,0.384
375.547,0.000,-0.446,0.000,1.478,-23.501,-2.137,-0.067,1.194,0.151
375.552,0.000,-0.446,0.000,0.347,-24.253,-1.572,-0.016,1.194,-0.001
375.558,0.000,-0.446,0.000,2.870,-23.307,0.740,-0.129,1.193,0.314
375.563,0.000,-0.446,0.000,3.378,-22.526,1.087,-0.152,1.191,0.301
375.569,0.000,-0.446,0.000,2.531,-21.368,-0.310,-0.114,1.189,0.154
375.574,0.000,-0.446,0.000,1.470,-22.539,-1.261,-0.066,1.187,0.009
375.580,-2.096,-0.595,0.000,-0.637,-25.863,-1.923,-0.066,1.185,-0.211
375.586,-4.275,-0.595,0.000,-0.514,-20.138,-1.511,-0.169,1.183,-0.154
375.593,-4.275,-0.595,0.000,3.342,-18.650,-1.508,-0.343,1.178,0.307
375.599,-4.275,-0.595,0.000,-0.730,-17.906,-4.157,-0.160,1.175,-0.136
375.605,-42.028,-0.297,0.000,-2.533,-15.913,-3.423,-1.777,1.154,-0.339
375.612,-42.028,-0.297,0.000,2.029,-17.939,-1.447,-1.983,1.129,0.228
375.618,-42.028,-0.297,0.000,-0.180,-16.791,-0.190,-1.883,1.101,0.005
375.624,-150.799,1.793,0.000,-3.296,-15.732,0.148,-6.638,1.081,-0.388
375.630,-150.799,1.793,0.000,-5.508,-12.180,-1.287,-6.538,1.081,-0.612
375.637,-167.568,3.014,0.000,-7.090,-15.843,0.065,-7.221,1.081,-0.612
375.644,-241.464,4.598,0.000,-9.455,-17.352,-2.437,-10.440,1.081,-0.711
375.651,-261.203,3.955,0.000,-14.340,-21.082,-2.076,-11.109,1.081,-1.090
375.657,-263.474,3.639,0.000,-24.715,-17.298,-0.462,-10.744,1.081,-1.917
375.664,-241.464,0.149,0.000,-36.474,-22.145,-0.517,-9.225,1.058,-2.609
375.670,-241.464,0.149,0.000,-53.600,-20.498,0.681,-8.454,0.998,-3.913
375.675,-226.948,-0.149,0.000,-69.673,-23.322,3.147,-7.077,0.934,-4.693
375.681,-226.948,-0.149,0.000,-87.971,-21.823,2.243,-6.254,0.870,-5.577
375.687,-226.948,-0.149,0.000,-103.360,-18.845,-0.568,-5.561,0.807,-5.902
375.693,-226.948,-0.149,0.000,-121.298,-16.597,0.940,-4.754,0.746,-6.432
375.699,-177.320,-0.446,0.000,-135.572,-11.359,-0.664,-1.879,0.731,-6.411
375.706,-177.320,-0.446,0.000,-152.943,-7.895,-1.995,-1.097,0.716,-6.478
375.712,-177.320,-0.446,0.000,-166.800,-11.433,-0.864,-0.473,0.706,-6.202
375.719,-89.565,-0.446,0.000,-174.322,-9.550,-0.117,3.814,0.704,-6.053
375.725,-89.565,-0.446,0.000,-176.409,-3.116,-0.561,3.908,0.704,-4.574
375.732,-36.032,-0.446,0.000,-180.190,-5.127,0.016,6.487,0.710,-4.028
375.738,-36.032,-0.446,0.000,-173.848,-3.975,2.126,6.202,0.710,-2.260
375.745,-24.941,-0.446,0.000,-167.103,-6.969,3.472,6.397,0.710,-0.916
375.751,-24.941,-0.446,0.000,-152.971,-5.043,4.457,5.761,0.734,0.825
375.758,-2.248,-0.446,0.000,-135.217,-10.054,2.506,5.984,0.757,2.505
375.764,-0.595,-0.446,0.000,-124.281,-11.547,0.626,5.566,0.792,2.941
375.771,-0.595,-0.446,0.000,-105.280,-8.185,1.625,4.711,0.836,4.130
375.777,-0.595,-0.446,0.000,-80.994,-15.041,3.026,3.618,0.883,5.669
375.783,-0.595,-0.446,0.000,-65.308,-18.231,-0.427,2.912,0.928,5.823
375.789,-0.595,-0.446,0.000,-44.769,-17.453,-0.052,1.988,0.963,6.404
375.795,0.000,-0.297,0.000,-25.250,-19.370,0.438,1.136,0.987,6.857
375.800,0.000,-0.297,0.000,-13.004,-19.104,0.588,0.585,1.000,6.722
375.805,0.000,-0.297,0.000,-5.112,-16.623,0.320,0.230,1.005,6.006
375.810,0.000,-0.297,0.000,4.015,-17.014,0.567,-0.181,1.004,5.574
375.816,0.000,-0.297,0.000,8.017,-16.504,0.208,-0.361,0.999,4.607
375.821,0.000,-0.297,0.000,14.130,-16.212,2.823,-0.636,0.988,4.116
375.826,0.000,-0.297,0.000,16.443,-17.443,6.715,-0.740,0.976,3.314
375.831,0.000,-0.297,0.000,15.211,-14.548,5.473,-0.684,0.963,2.279
375.837,0.297,-0.297,0.000,12.308,-13.694,3.813,-0.540,0.953,1.382
375.843,0.446,-0.297,0.000,7.693,-12.057,4.250,-0.326,0.946,0.545
375.849,0.446,-0.297,0.000,2.823,-9.178,1.768,-0.107,0.942,-0.098
375.855,3.639,-0.446,0.000,-3.407,-9.365,1.904,0.317,0.945,-0.712
375.861,3.639,-0.446,0.000,-9.237,-6.709,1.814,0.579,0.955,-1.089
375.868,3.639,-0.446,0.000,-14.940,-4.001,1.091,0.836,0.970,-1.366
375.874,3.639,-0.446,0.000,-18.883,-3.184,0.148,1.013,0.989,-1.431
375.880,7.883,-0.446,0.000,-22.065,-0.882,-1.843,1.348,1.013,-1.417
375.887,8.829,-0.446,0.000,-18.935,1.749,0.796,1.249,1.038,-0.730
375.893,8.829,-0.446,0.000,-20.648,3.710,1.431,1.326,1.064,-0.707
375.900,8.829,-0.446,0.000,-24.154,8.152,5.268,1.484,1.091,-0.893
375.907,12.155,-0.446,0.000,-17.720,6.950,7.180,1.344,1.121,0.021
375.913,16.038,-0.446,0.000,-14.179,6.822,4.163,1.360,1.148,0.363
375.920,16.038,-0.446,0.000,-9.415,10.361,2.188,1.145,1.172,0.692
375.926,27.911,-0.595,0.000,-1.719,9.823,0.384,1.333,1.194,1.256
375.932,31.561,-0.595,0.000,1.687,8.062,1.371,1.344,1.216,1.307
375.939,31.561,-0.595,0.000,8.187,6.411,3.292,1.052,1.235,1.605
375.945,31.561,-0.595,0.000,14.298,8.836,3.949,0.777,1.251,1.850
375.951,51.831,-0.595,0.000,18.960,7.783,2.200,1.479,1.269,1.912
375.957,71.036,-0.446,0.000,22.754,3.633,4.469,2.173,1.289,1.859
375.964,71.036,-0.446,0.000,30.841,-0.417,7.249,1.809,1.313,2.166
375.971,175.665,-0.595,0.000,34.470,5.186,3.973,6.354,1.330,2.289
375.977,175.665,-0.595,0.000,41.308,4.513,3.904,6.046,1.330,2.484
375.984,233.081,-0.446,0.000,43.311,2.334,2.574,8.540,1.330,2.145
375.990,233.081,-0.446,0.000,53.410,4.336,4.426,8.085,1.330,2.646
375.997,339.262,-0.446,0.000,65.409,6.470,5.109,12.323,1.330,3.489
376.003,377.077,-0.446,0.000,73.593,5.469,4.737,13.657,1.330,3.565
376.010,395.630,-0.446,0.000,87.464,11.506,4.621,13.867,1.330,4.217
376.016,395.630,-0.446,0.000,108.370,7.091,2.916,12.927,1.330,5.440
376.023,418.190,-0.446,0.000,126.615,6.788,0.306,13.121,1.330,6.044
376.029,418.190,-0.446,0.000,149.316,9.813,3.085,12.099,1.330,6.863
376.036,414.906,-0.446,0.000,172.199,6.285,3.869,10.922,1.366,7.588
376.042,333.723,-0.446,0.000,201.228,13.353,4.474,5.962,1.424,8.390
376.049,272.713,-0.446,0.000,233.246,7.771,6.097,1.776,1.467,10.303
376.055,258.949,-0.446,0.000,259.615,6.223,-0.353,-0.030,1.467,10.491
376.062,258.949,-0.446,0.000,281.756,7.960,-1.644,-1.026,1.466,9.938
376.069,258.949,-0.446,0.000,298.544,8.303,1.542,-1.782,1.456,9.054
376.075,155.234,-0.446,0.000,308.237,7.451,4.867,-6.885,1.456,8.676
376.082,155.234,-0.446,0.000,311.644,4.160,4.982,-7.038,1.456,6.631
376.088,56.357,-0.297,0.000,308.557,5.945,5.781,-11.349,1.456,4.772
376.094,38.443,-0.297,0.000,301.014,10.073,-1.041,-11.816,1.456,2.676
376.101,38.443,-0.297,0.000,283.992,6.811,-1.370,-11.050,1.456,-0.038
376.107,38.443,-0.297,0.000,262.529,8.703,-1.440,-10.084,1.456,-2.494
376.113,38.443,-0.297,0.000,238.651,5.416,-0.403,-9.009,1.436,-4.503
376.119,13.302,-0.297,0.000,212.455,8.222,3.400,-8.962,1.415,-6.256
376.126,13.302,-0.297,0.000,183.288,6.317,1.704,-7.649,1.379,-7.787
376.132,6.974,-0.297,0.000,157.202,8.794,5.433,-6.760,1.323,-8.651
376.138,6.974,-0.297,0.000,131.424,12.300,1.361,-5.600,1.263,-9.113
376.145,5.089,-0.297,0.000,107.444,13.611,1.685,-4.606,1.202,-9.316
376.151,5.089,-0.297,0.000,89.531,17.666,1.157,-3.800,1.143,-8.838
376.157,0.595,-0.446,0.000,75.131,22.560,-1.043,-3.354,1.091,-8.108
376.163,0.149,-0.446,0.000,64.466,23.865,0.820,-2.894,1.042,-7.218
376.169,0.149,-0.446,0.000,58.862,22.252,3.594,-2.642,1.001,-6.121
376.174,0.149,-0.446,0.000,55.468,19.786,6.290,-2.489,0.963,-5.044
376.180,0.000,-0.297,0.000,58.840,16.805,6.942,-2.648,0.924,-3.440
376.185,0.000,-0.297,0.000,64.032,16.014,4.876,-2.881,0.885,-1.987
376.190,0.000,-0.297,0.000,71.269,15.550,3.648,-3.207,0.843,-0.634
376.195,0.000,-0.297,0.000,77.039,14.164,3.702,-3.467,0.799,0.237
376.201,0.000,-0.297,0.000,84.330,15.681,4.326,-3.795,0.753,1.065
376.206,0.000,-0.297,0.000,91.771,11.867,6.162,-4.130,0.702,1.650
376.211,0.000,-0.297,0.000,98.736,12.103,5.870,-4.443,0.650,2.081
376.216,0.000,-0.297,0.000,104.918,10.127,7.158,-4.721,0.597,2.306
376.222,0.000,-0.297,0.000,104.992,10.737,4.078,-4.725,0.544,1.720
376.227,-0.149,-0.297,0.000,104.487,9.807,2.219,-4.709,0.491,1.225
376.232,-0.149,-0.297,0.000,101.964,10.560,3.814,-4.595,0.438,0.622
376.237,-0.149,-0.297,0.000,98.081,10.168,1.558,-4.420,0.386,0.032
376.242,-0.149,1.192,0.000,93.740,13.970,0.115,-4.225,0.336,-0.481
376.248,-0.149,2.096,0.000,90.961,9.410,1.163,-4.100,0.284,-0.672
376.253,-0.149,2.096,0.000,83.769,5.929,1.425,-3.776,0.232,-1.362
376.260,-0.297,5.589,0.000,76.735,5.294,6.768,-3.466,0.179,-1.807
376.266,-1.342,20.615,0.000,64.884,8.722,5.406,-2.980,0.127,-2.553
376.273,-1.342,20.615,0.000,56.141,8.862,4.275,-2.587,0.078,-2.764
376.279,-1.342,20.615,0.000,48.735,6.451,4.906,-2.253,0.035,-2.727
376.286,-6.272,56.357,0.000,38.108,12.108,3.241,-1.997,-0.003,-3.029
376.293,-6.272,56.357,0.000,29.804,12.605,4.684,-1.623,-0.038,-3.080
376.300,-6.272,56.357,0.000,25.513,14.926,2.428,-1.430,-0.068,-2.697
376.306,-9.416,76.836,0.000,19.972,18.533,-0.916,-1.322,-0.095,-2.499
376.313,-10.019,86.706,0.000,17.514,21.963,3.238,-1.239,-0.121,-2.115
376.320,-10.019,86.706,0.000,16.340,26.201,6.984,-1.186,-0.145,-1.686
376.326,-14.508,109.465,0.000,13.974,30.637,6.904,-1.282,-0.170,-1.465
376.333,-17.666,114.070,0.000,17.122,33.574,6.025,-1.565,-0.198,-0.805
376.340,-17.666,114.070,0.000,13.669,40.145,5.645,-1.410,-0.227,-0.943
376.347,-17.666,114.070,0.000,14.856,48.987,3.973,-1.463,-0.256,-0.571
376.353,-26.395,118.828,0.000,15.280,55.279,1.896,-1.875,-0.292,-0.404
376.360,-29.491,118.828,0.000,15.625,60.865,2.870,-2.030,-0.330,-0.274
376.367,-29.491,118.828,0.000,18.889,67.369,3.658,-2.177,-0.369,0.146
376.373,-39.949,108.337,0.000,16.893,76.178,2.283,-2.558,-0.412,-0.076
376.380,-42.560,103.917,0.000,16.052,78.451,5.614,-2.638,-0.459,-0.154
376.387,-42.560,103.917,0.000,17.567,82.794,6.130,-2.706,-0.507,0.027
376.394,-47.598,66.347,0.000,11.829,91.361,3.677,-2.674,-0.555,-0.508
376.400,-47.598,66.347,0.000,9.593,98.435,4.508,-2.574,-0.602,-0.631
376.407,-47.598,66.347,0.000,7.477,103.271,6.085,-2.478,-0.646,-0.682
376.413,-47.598,66.347,0.000,0.983,104.755,3.180,-2.186,-0.687,-1.084
376.420,-43.099,26.026,0.000,-3.577,102.294,3.002,-1.778,-0.723,-1.231
376.427,-40.461,20.615,0.000,-9.857,112.429,0.098,-1.377,-0.753,-1.534
376.433,-38.940,17.666,0.000,-14.817,110.391,0.627,-1.086,-0.779,-1.642
376.440,-37.951,13.302,0.000,-14.162,99.765,7.791,-1.070,-0.803,-1.241
376.447,-37.951,13.302,0.000,-19.268,95.009,4.152,-0.841,-0.823,-1.421
376.454,-37.951,13.302,0.000,-26.918,84.343,3.098,-0.496,-0.835,-1.762
376.460,-32.855,8.636,0.000,-31.036,81.422,1.415,-0.082,-0.838,-1.704
376.467,-32.855,8.636,0.000,-38.825,71.099,6.018,0.269,-0.835,-1.993
376.474,-26.768,4.275,0.000,-43.378,65.927,7.791,0.747,-0.825,-1.994
376.481,-24.587,3.796,0.000,-45.546,53.957,2.856,0.943,-0.807,-1.712
376.487,-21.884,2.248,0.000,-49.892,42.879,2.474,1.260,-0.785,-1.685
376.494,-21.884,2.248,0.000,-52.171,43.292,1.874,1.363,-0.758,-1.472
376.501,-21.884,2.248,0.000,-50.980,31.512,5.576,1.309,-0.731,-1.017
376.507,-15.518,0.149,0.000,-49.205,24.412,7.181,1.516,-0.705,-0.643
376.513,-15.518,0.149,0.000,-46.389,22.385,5.869,1.389,-0.682,-0.234
376.518,-15.518,0.149,0.000,-44.004,17.865,4.991,1.282,-0.660,0.076
376.524,-15.518,0.149,0.000,-41.559,15.861,4.048,1.172,-0.638,0.369
376.530,-15.008,-0.149,0.000,-40.358,17.608,5.680,1.141,-0.617,0.451
376.536,-15.518,-0.297,0.000,-38.820,16.367,5.673,1.049,-0.597,0.516
376.542,-15.518,-0.297,0.000,-36.095,15.220,3.605,0.926,-0.578,0.670
376.549,-23.546,-0.297,0.000,-33.454,13.805,6.221,0.446,-0.564,0.746
376.555,-23.546,-0.297,0.000,-29.175,15.680,5.472,0.253,-0.557,1.020
376.561,-24.941,-0.297,0.000,-28.449,21.840,1.954,0.158,-0.554,0.851
376.567,-24.941,-0.297,0.000,-26.733,24.600,0.631,0.081,-0.552,0.820
376.574,-42.560,-0.297,0.000,-27.390,25.670,1.483,-0.683,-0.558,0.545
376.580,-44.745,-0.297,0.000,-23.887,25.299,3.027,-0.939,-0.572,0.698
376.586,-44.745,-0.297,0.000,-23.426,27.593,1.470,-0.959,-0.587,0.618
376.592,-44.745,-0.297,0.000,-23.135,31.493,1.283,-0.972,-0.603,0.531
376.599,-55.033,-0.297,0.000,-25.507,32.082,2.917,-1.329,-0.625,0.182
376.605,-55.692,-0.297,0.000,-27.195,31.572,5.317,-1.282,-0.647,-0.065
376.611,-55.692,-0.297,0.000,-29.765,31.745,5.891,-1.167,-0.669,-0.322
376.617,-81.205,-0.297,0.000,-33.348,30.661,3.759,-2.154,-0.690,-0.639
376.624,-81.205,-0.297,0.000,-38.578,25.240,4.893,-1.918,-0.716,-1.013
376.630,-81.205,-0.297,0.000,-42.740,27.132,4.275,-1.731,-0.743,-1.181
376.636,-136.740,-0.297,0.000,-52.248,27.427,1.094,-3.802,-0.749,-1.949
376.643,-136.740,-0.297,0.000,-60.016,22.446,1.983,-3.453,-0.771,-2.291
376.649,-136.740,-0.297,0.000,-64.219,19.967,6.633,-3.263,-0.804,-2.186
376.655,-136.740,-0.297,0.000,-72.700,17.776,6.557,-2.882,-0.842,-2.543
376.661,-220.944,-0.297,0.000,-77.045,14.703,5.269,-6.475,-0.842,-2.606
376.667,-220.944,-0.297,0.000,-86.326,8.032,5.656,-6.058,-0.845,-2.924
376.674,-241.464,-0.297,0.000,-93.283,4.682,4.761,-6.668,-0.853,-2.924
376.680,-243.596,-0.297,0.000,-105.191,4.996,2.415,-6.228,-0.877,-3.420
376.686,-247.907,-0.297,0.000,-116.820,1.737,2.143,-5.899,-0.920,-3.810
376.693,-247.907,-0.297,0.000,-124.830,3.003,5.563,-5.538,-0.975,-3.700
376.699,-247.907,-0.297,0.000,-136.130,2.705,5.909,-5.030,-1.040,-3.974
376.705,-261.203,-0.297,0.000,-147.806,0.997,6.736,-5.103,-1.100,-4.199
376.711,-261.203,-0.297,0.000,-156.451,-0.558,7.026,-4.714,-1.164,-4.079
376.718,-265.760,-0.297,0.000,-167.268,-0.907,5.944,-4.432,-1.227,-4.067
376.724,-265.760,-0.297,0.000,-177.921,0.846,1.477,-3.953,-1.286,-4.121
376.730,-268.062,-0.297,0.000,-193.366,-1.762,2.949,-3.361,-1.341,-4.703
376.736,-268.062,-0.297,0.000,-198.947,0.761,6.557,-3.110,-1.392,-4.134
376.743,-268.062,-0.297,0.000,-208.284,1.257,7.314,-2.690,-1.438,-4.054
376.749,-243.596,-0.297,0.000,-216.738,-2.423,6.401,-1.209,-1.473,-3.910
376.755,-243.596,-0.297,0.000,-226.128,-7.042,5.661,-0.786,-1.487,-3.853
376.762,-243.596,-0.297,0.000,-231.566,-5.677,6.617,-0.541,-1.498,-3.402
376.768,-226.948,-0.297,0.000,-239.492,0.949,4.498,0.564,-1.492,-3.422
376.774,-220.944,-0.297,0.000,-243.526,-0.144,4.317,1.016,-1.480,-2.992
376.780,-220.944,-0.297,0.000,-248.372,-3.363,6.071,1.234,-1.462,-2.746
376.786,-220.944,-0.297,0.000,-249.249,-6.488,6.480,1.274,-1.441,-2.159
376.793,-220.944,-0.297,0.000,-248.437,-8.795,6.851,1.237,-1.418,-1.477
376.799,-220.944,-0.297,0.000,-249.920,1.506,2.336,1.304,-1.394,-1.254
376.805,-185.788,-0.297,0.000,-247.896,0.018,2.227,2.795,-1.369,-0.785
376.812,-175.665,-0.297,0.000,-246.229,-6.148,4.585,3.175,-1.341,-0.453
376.818,-164.414,-0.297,0.000,-242.273,-10.349,5.974,3.504,-1.308,0.051
376.824,-164.414,-0.297,0.000,-240.680,-8.989,5.891,3.432,-1.270,0.238
376.830,-164.414,-0.297,0.000,-238.276,-4.253,5.636,3.324,-1.226,0.423
376.837,-126.260,-0.297,0.000,-236.268,-9.022,5.883,4.950,-1.200,0.552
376.843,-126.260,-0.297,0.000,-232.569,-12.570,5.138,4.784,-1.157,0.748
376.849,-126.260,-0.297,0.000,-224.811,-13.655,6.522,4.435,-1.101,1.365
376.855,-126.260,-0.297,0.000,-218.279,-10.495,8.704,4.141,-1.041,1.747
376.862,-71.036,-0.297,0.000,-215.062,-11.467,7.705,6.481,-1.033,1.767
376.868,-71.036,-0.297,0.000,-209.314,-15.245,6.646,6.223,-0.996,1.889
376.874,-71.036,-0.297,0.000,-200.945,-14.494,5.652,5.846,-0.939,2.272
376.880,-9.816,-0.446,0.000,-194.178,-13.086,5.177,8.296,-0.894,2.571
376.887,-6.797,-0.446,0.000,-186.509,-18.856,5.132,8.087,-0.893,2.687
376.894,-6.797,-0.446,0.000,-174.210,-23.434,7.681,7.534,-0.863,3.253
376.900,-0.595,-0.446,0.000,-163.261,-20.380,6.055,7.320,-0.815,3.655
376.906,-0.595,-0.446,0.000,-154.145,-21.195,5.302,6.910,-0.749,3.754
376.912,-0.595,-0.446,0.000,-145.239,-22.419,5.088,6.509,-0.681,3.759
376.918,0.000,-0.446,0.000,-135.268,-20.551,4.488,6.087,-0.614,3.872
376.923,0.000,-0.446,0.000,-126.486,-17.807,3.712,5.692,-0.553,3.922
376.929,0.000,-0.446,0.000,-115.567,-17.644,4.299,5.201,-0.494,4.171
376.934,0.000,-0.446,0.000,-105.541,-17.117,3.583,4.749,-0.436,4.299
376.940,0.000,-0.446,0.000,-95.173,-14.166,2.410,4.283,-0.380,4.375
376.946,0.000,-0.446,0.000,-87.568,-10.874,2.008,3.941,-0.329,4.117
376.951,0.000,-0.446,0.000,-81.152,-9.217,3.047,3.652,-0.280,3.751
376.957,0.000,-0.446,0.000,-75.178,-8.045,4.952,3.383,-0.233,3.408
376.962,0.000,-0.446,0.000,-69.655,-7.314,5.046,3.134,-0.189,3.104
376.968,0.149,-0.446,0.000,-61.838,-8.193,4.810,2.789,-0.148,3.125
376.973,0.149,-0.446,0.000,-55.602,-8.601,2.635,2.509,-0.111,2.984
376.979,0.149,-0.446,0.000,-50.300,-9.825,1.142,2.270,-0.075,2.807
376.984,0.149,-0.446,0.000,-47.756,-10.311,0.300,2.156,-0.041,2.430
376.990,1.342,-0.446,0.000,-43.856,-9.265,2.232,2.034,-0.006,2.242
376.997,1.342,-0.446,0.000,-44.599,-5.513,5.177,2.067,0.032,1.637
377.003,5.589,-0.446,0.000,-43.162,-8.148,5.916,2.194,0.070,1.344
377.010,5.589,-0.446,0.000,-41.303,-9.586,5.543,2.110,0.108,1.151
377.016,5.589,-0.446,0.000,-39.166,-7.074,5.099,2.014,0.147,1.122
377.023,5.589,-0.446,0.000,-41.598,-7.139,4.084,2.123,0.185,0.633
377.029,8.829,-0.446,0.000,-40.372,-10.198,3.631,2.214,0.226,0.555
377.036,10.019,-0.446,0.000,-36.075,-9.677,2.541,2.074,0.265,0.830
377.042,10.019,-0.446,0.000,-33.217,-10.431,3.302,1.946,0.302,0.932
377.049,10.019,-0.446,0.000,-30.377,-15.787,5.806,1.818,0.337,0.993
377.055,10.019,-0.446,0.000,-27.683,-17.897,6.972,1.697,0.370,0.995
377.062,15.518,-0.446,0.000,-20.010,-20.452,6.382,1.599,0.403,1.487
377.068,23.546,-0.446,0.000,-19.403,-18.659,7.290,1.933,0.438,1.192
377.075,23.546,-0.446,0.000,-14.228,-21.006,7.278,1.700,0.472,1.400
377.082,75.142,-0.446,0.000,-11.446,-20.713,5.461,3.896,0.495,1.388
377.088,114.070,-0.446,0.000,-7.158,-21.475,5.217,5.455,0.515,1.549
377.095,231.022,-0.446,0.000,-1.010,-22.421,5.890,10.441,0.518,1.934
377.101,231.022,-0.446,0.000,4.960,-22.969,5.581,10.173,0.518,2.181
377.107,282.209,-0.595,0.000,12.301,-22.925,4.242,12.146,0.518,2.522
377.114,282.209,-0.595,0.000,20.896,-22.108,4.698,11.759,0.518,2.913
377.120,282.209,-0.595,0.000,33.159,-22.753,7.077,11.207,0.518,3.441
377.126,421.496,-0.595,0.000,46.767,-20.041,4.079,16.863,0.524,4.335
377.133,428.169,-0.595,0.000,66.675,-24.623,3.888,16.267,0.524,5.678
377.139,428.169,-0.595,0.000,85.753,-26.861,-0.359,15.409,0.524,6.580
377.145,428.169,-0.595,0.000,105.590,-20.155,3.989,14.516,0.524,7.062
377.151,428.169,-0.595,0.000,136.060,-26.716,5.397,13.145,0.526,8.763
377.158,428.169,-0.595,0.000,160.002,-23.052,4.414,12.068,0.547,9.231
377.164,371.050,-2.248,0.000,186.782,-23.181,8.158,8.292,0.593,9.575
377.170,371.050,-2.248,0.000,208.060,-25.870,6.454,7.335,0.667,9.277
377.177,371.050,-2.248,0.000,236.462,-20.463,9.683,6.056,0.744,9.614
377.184,294.447,-3.014,0.000,264.163,-20.907,12.166,1.363,0.744,10.418
377.191,294.447,-3.014,0.000,285.317,-18.970,10.673,0.411,0.748,9.792
377.197,201.837,-2.400,0.000,299.227,-15.300,5.247,-4.383,0.748,9.652
377.204,201.837,-2.400,0.000,310.165,-12.449,2.490,-4.875,0.748,8.184
377.210,122.500,-0.893,0.000,312.430,-12.901,4.668,-8.547,0.748,6.651
377.216,122.500,-0.893,0.000,310.028,-12.070,7.275,-8.439,0.748,4.697
377.223,102.835,-0.595,0.000,300.329,-9.521,7.293,-8.887,0.748,2.358
377.229,58.390,-0.595,0.000,285.166,-9.327,10.185,-10.205,0.748,-0.009
377.236,31.561,-0.446,0.000,267.267,-8.959,9.152,-10.607,0.748,-2.041
377.242,25.660,-0.446,0.000,242.572,-8.301,6.895,-9.761,0.748,-4.174
377.249,22.538,-0.446,0.000,217.216,-7.948,6.813,-8.760,0.746,-5.701
377.255,22.538,-0.446,0.000,188.021,-6.554,2.504,-7.447,0.714,-7.170
377.262,12.607,-0.446,0.000,159.978,-5.948,5.830,-6.632,0.673,-8.216
377.269,9.023,-0.446,0.000,132.342,-2.179,2.122,-5.549,0.618,-8.820
377.275,9.023,-0.446,0.000,109.585,-6.136,5.830,-4.525,0.559,-8.807
377.282,9.023,-0.446,0.000,93.189,-7.455,4.748,-3.787,0.501,-8.133
377.288,4.436,-0.446,0.000,78.415,-12.400,2.246,-3.329,0.447,-7.511
377.295,3.014,-0.595,0.000,68.629,-15.768,0.311,-2.953,0.397,-6.568
377.301,3.014,-0.595,0.000,65.218,-14.781,2.534,-2.799,0.350,-5.284
377.307,3.014,-0.595,0.000,64.773,-15.750,4.816,-2.779,0.304,-3.971
377.314,0.893,-0.595,0.000,63.847,-19.581,6.640,-2.833,0.259,-3.068
377.320,0.595,-0.446,0.000,68.799,-23.417,7.880,-3.069,0.210,-1.859
377.326,0.595,-0.446,0.000,74.919,-23.863,8.251,-3.345,0.160,-0.747
377.332,0.595,-0.446,0.000,80.572,-21.811,6.637,-3.599,0.108,0.050
377.338,0.595,-0.446,0.000,87.867,-20.028,5.642,-3.927,0.053,0.840
377.344,0.595,-0.446,0.000,93.246,-19.082,3.316,-4.169,-0.004,1.250
377.350,0.595,-0.446,0.000,99.125,-20.538,3.856,-4.434,-0.064,1.570
377.356,0.297,-0.446,0.000,102.151,-21.285,3.565,-4.583,-0.124,1.497
377.362,0.297,-0.446,0.000,103.823,-22.423,3.812,-4.659,-0.187,1.311
377.368,0.297,-0.446,0.000,104.830,-17.945,5.382,-4.704,-0.249,1.092
377.374,0.149,-0.446,0.000,104.996,-16.395,4.698,-4.718,-0.309,0.854
377.380,0.000,-0.446,0.000,104.336,-14.351,4.406,-4.695,-0.365,0.585
377.385,0.000,-0.446,0.000,101.410,-11.533,2.137,-4.563,-0.420,0.155
377.391,0.000,-0.446,0.000,97.046,-9.444,0.082,-4.367,-0.474,-0.315
377.396,0.000,-0.446,0.000,91.035,-10.555,-0.548,-4.097,-0.527,-0.906
377.402,0.000,-0.446,0.000,83.179,-12.061,0.954,-3.743,-0.577,-1.584
377.407,0.000,-0.446,0.000,77.429,-8.818,4.163,-3.484,-0.627,-1.832
377.413,0.000,-0.446,0.000,69.052,-4.305,4.995,-3.107,-0.672,-2.317
377.418,0.000,-0.446,0.000,61.648,-1.410,4.136,-2.774,-0.714,-2.605
377.424,0.000,-0.446,0.000,56.375,-1.753,2.752,-2.537,-0.752,-2.545
377.429,0.000,-0.446,0.000,49.201,-1.555,2.686,-2.214,-0.787,-2.692
377.435,0.000,-0.446,0.000,42.521,0.701,1.502,-1.913,-0.818,-2.755
377.440,0.000,-0.446,0.000,38.548,2.326,2.958,-1.735,-0.846,-2.477
377.446,0.000,-0.446,0.000,36.015,0.445,4.871,-1.621,-0.872,-2.031
377.452,0.000,-0.446,0.000,34.770,-0.801,5.701,-1.565,-0.897,-1.599
377.457,0.000,-0.446,0.000,33.824,-0.540,4.250,-1.522,-0.920,-1.231
377.463,0.000,-0.446,0.000,32.916,-2.251,3.474,-1.481,-0.944,-0.977
377.468,0.000,-0.446,0.000,31.161,-3.828,1.685,-1.402,-0.967,-0.911
377.474,0.000,-0.446,0.000,28.224,-7.061,1.666,-1.270,-0.989,-1.045
377.479,0.000,-0.446,0.000,26.745,-9.784,2.699,-1.204,-1.010,-0.987
377.485,0.000,-0.446,0.000,28.146,-11.773,2.958,-1.267,-1.032,-0.621
377.490,0.000,-0.446,0.000,27.265,-9.092,2.692,-1.227,-1.053,-0.563
377.496,0.000,-0.446,0.000,27.380,-6.422,2.425,-1.232,-1.073,-0.361
377.501,0.000,-0.446,0.000,26.770,-7.064,1.843,-1.205,-1.092,-0.272
377.507,0.000,-0.446,0.000,26.884,-8.733,2.656,-1.210,-1.111,-0.129
377.512,0.000,-0.446,0.000,25.385,-10.587,3.408,-1.142,-1.130,-0.238
377.518,0.000,-0.446,0.000,26.658,-12.035,3.933,-1.200,-1.150,-0.024
377.523,0.000,-0.446,0.000,26.533,-12.420,6.017,-1.194,-1.170,-0.051
377.529,0.000,-0.446,0.000,25.935,-9.328,3.294,-1.167,-1.191,-0.131
377.534,0.000,-0.446,0.000,25.801,-8.439,1.752,-1.161,-1.210,-0.124
377.540,0.000,-0.446,0.000,26.947,-8.543,1.810,-1.213,-1.230,0.035
377.545,0.000,-0.446,0.000,25.686,-7.782,3.383,-1.156,-1.250,-0.137
377.551,0.000,-0.446,0.000,22.439,-4.963,3.909,-1.010,-1.269,-0.517
377.556,0.000,-0.446,0.000,20.482,-5.513,2.921,-0.922,-1.286,-0.637
377.562,0.000,-0.446,0.000,21.075,-4.878,4.583,-0.948,-1.302,-0.447
377.567,0.000,-0.446,0.000,19.624,-5.663,5.248,-0.883,-1.318,-0.541
377.573,0.000,-0.446,0.000,17.749,-6.532,6.422,-0.799,-1.334,-0.679
377.579,0.000,-0.446,0.000,16.240,-7.395,8.957,-0.731,-1.346,-0.665
377.584,0.000,-0.446,0.000,15.049,-9.454,9.429,-0.677,-1.358,-0.604
377.590,0.000,-0.446,0.000,14.314,-8.775,9.779,-0.644,-1.369,-0.484
377.595,0.000,-0.446,0.000,14.535,-8.568,6.185,-0.654,-1.379,-0.293
377.600,0.000,-0.446,0.000,11.769,-9.182,3.527,-0.530,-1.389,-0.505
377.606,0.000,-0.446,0.000,8.994,-8.815,3.571,-0.405,-1.397,-0.709
377.612,0.000,-0.446,0.000,6.719,-10.719,3.315,-0.302,-1.404,-0.827
377.617,0.000,-0.446,0.000,4.077,-12.604,2.268,-0.183,-1.409,-0.966
377.623,0.000,-0.446,0.000,5.060,-13.847,2.331,-0.228,-1.413,-0.625
377.628,0.000,-0.446,0.000,4.773,-12.472,2.994,-0.215,-1.416,-0.473
377.634,0.000,-0.446,0.000,4.282,-10.654,2.783,-0.193,-1.419,-0.369
377.639,0.000,-0.446,0.000,3.054,-8.909,1.595,-0.137,-1.421,-0.376
377.645,0.000,-0.446,0.000,0.609,-8.010,1.312,-0.027,-1.421,-0.509
377.650,0.000,-0.446,0.000,-1.088,-7.734,-0.643,0.049,-1.420,-0.529
377.656,0.000,-0.446,0.000,-1.587,-8.830,0.398,0.071,-1.419,-0.443
377.661,0.000,-0.446,0.000,-2.885,-11.236,2.464,0.130,-1.418,-0.525
377.667,0.000,-0.446,0.000,-3.539,-11.364,3.506,0.159,-1.416,-0.490
377.672,0.000,-0.446,0.000,-0.545,-11.356,3.535,0.025,-1.415,-0.051
377.678,0.000,-0.446,0.000,-0.633,-10.830,3.458,0.028,-1.414,-0.027
377.683,0.000,-0.446,0.000,-1.174,-8.614,2.830,0.053,-1.413,-0.066
377.689,0.000,-0.446,0.000,-4.081,-8.579,2.655,0.184,-1.410,-0.356
377.694,0.000,-0.446,0.000,-5.240,-10.638,3.352,0.236,-1.406,-0.388
377.700,0.000,-0.446,0.000,-6.000,-13.897,3.506,0.270,-1.401,-0.360
377.705,0.000,-0.446,0.000,-6.381,-15.833,4.136,0.287,-1.396,-0.337
377.711,0.000,-0.446,0.000,-7.658,-13.732,3.304,0.345,-1.391,-0.442
377.716,0.000,-0.446,0.000,-9.108,-14.111,3.901,0.410,-1.385,-0.561
377.722,0.000,-0.446,0.000,-9.459,-13.479,3.856,0.426,-1.378,-0.488
377.727,0.000,-0.446,0.000,-9.606,-16.187,5.363,0.432,-1.371,-0.395
377.733,0.000,-0.446,0.000,-10.221,-18.043,6.483,0.460,-1.362,-0.337
377.739,0.000,-0.446,0.000,-10.416,-14.519,4.204,0.469,-1.353,-0.221
377.744,0.000,-0.446,0.000,-11.575,-9.899,2.256,0.521,-1.343,-0.286
377.750,0.000,-0.446,0.000,-10.536,-9.164,0.654,0.474,-1.334,-0.069
377.755,0.000,-0.446,0.000,-10.007,-7.269,-0.874,0.450,-1.326,0.016
377.761,0.000,-0.446,0.000,-9.278,-6.742,-0.848,0.417,-1.318,0.123
377.766,0.000,-0.446,0.000,-9.981,-7.768,1.354,0.449,-1.310,0.041
377.772,0.000,-0.446,0.000,-12.227,-11.912,4.301,0.550,-1.301,-0.235
377.777,0.000,-0.446,0.000,-11.508,-15.305,6.617,0.518,-1.291,-0.071
377.783,0.000,-0.446,0.000,-9.785,-14.838,5.809,0.440,-1.282,0.136
377.788,0.000,-0.446,0.000,-8.760,-13.347,5.417,0.394,-1.275,0.226
377.794,0.000,-0.446,0.000,-9.646,-13.169,4.226,0.434,-1.267,0.075
377.799,0.000,-0.446,0.000,-11.623,-11.501,3.856,0.523,-1.258,-0.130
377.805,0.000,-0.446,0.000,-10.702,-12.256,4.400,0.482,-1.249,0.035
377.810,0.000,-0.446,0.000,-10.898,-13.361,2.960,0.490,-1.240,0.036
377.816,0.000,-0.446,0.000,-9.502,-13.865,0.927,0.428,-1.233,0.169
377.821,0.000,-0.446,0.000,-7.859,-14.636,1.782,0.354,-1.227,0.255
377.827,0.000,-0.446,0.000,-8.528,-16.138,2.067,0.384,-1.221,0.046
377.832,0.000,-0.446,0.000,-8.063,-16.782,1.817,0.363,-1.216,0.006
377.838,0.000,-0.446,0.000,-7.646,-15.768,0.466,0.344,-1.211,0.011
377.843,0.000,-0.446,0.000,-6.524,-15.831,0.279,0.294,-1.205,0.163
377.849,0.000,-0.446,0.000,-7.592,-14.677,-0.194,0.342,-1.198,0.041
377.854,0.000,-0.446,0.000,-6.659,-14.992,1.120,0.300,-1.191,0.198
377.860,0.000,-0.446,0.000,-6.601,-14.346,3.280,0.297,-1.185,0.205
377.866,0.000,-0.446,0.000,-6.132,-12.303,3.045,0.276,-1.179,0.226
377.871,0.000,-0.446,0.000,-5.952,-9.794,3.312,0.268,-1.175,0.191
377.877,0.000,-0.446,0.000,-6.461,-9.181,2.534,0.291,-1.170,0.050
377.882,0.000,-0.446,0.000,-5.868,-10.716,1.744,0.264,-1.166,0.076
377.888,0.000,-0.446,0.000,-5.092,-13.259,0.951,0.229,-1.162,0.111
377.893,0.000,-0.446,0.000,-3.911,-15.416,2.667,0.176,-1.159,0.188
377.899,0.000,-0.446,0.000,-4.023,-14.263,4.043,0.181,-1.155,0.154
377.904,0.000,-0.446,0.000,-4.576,-9.206,2.357,0.206,-1.151,0.088
377.910,0.000,-0.446,0.000,-4.627,-8.616,2.310,0.208,-1.146,0.105
377.915,0.000,-0.446,0.000,-4.861,-8.620,1.484,0.219,-1.142,0.082
377.921,0.000,-0.446,0.000,-7.173,-8.161,1.517,0.323,-1.137,-0.221
377.926,0.000,-0.446,0.000,-7.433,-8.232,1.221,0.334,-1.132,-0.236
377.932,0.000,-0.446,0.000,-7.616,-8.842,0.369,0.343,-1.127,-0.254
377.937,0.000,-0.446,0.000,-8.643,-7.078,0.338,0.389,-1.122,-0.371
377.943,0.000,-0.446,0.000,-9.557,-5.620,1.584,0.430,-1.115,-0.408
377.948,0.000,-0.446,0.000,-9.721,-5.194,2.156,0.437,-1.107,-0.325
377.954,0.595,-0.446,0.000,-9.783,-5.185,-0.017,0.467,-1.097,-0.229
377.960,0.595,-0.446,0.000,-10.566,-5.419,-0.666,0.502,-1.087,-0.238
377.966,0.595,-0.446,0.000,-10.909,-6.411,0.828,0.518,-1.078,-0.255
377.972,18.231,-0.595,0.000,-9.567,-8.501,4.174,1.251,-1.066,-0.049
377.979,18.231,-0.595,0.000,-10.329,-6.391,4.495,1.285,-1.046,-0.123
377.985,18.231,-0.595,0.000,-9.454,-9.909,2.208,1.246,-1.024,-0.003
377.991,18.231,-0.595,0.000,-9.645,-10.294,0.961,1.254,-1.002,-0.044
377.998,159.772,-2.248,0.000,-6.664,-10.102,2.194,7.490,-0.993,0.363
378.004,159.772,-2.248,0.000,-10.319,-9.915,-0.182,7.654,-0.993,-0.143
378.011,268.062,-3.325,0.000,-8.772,-11.187,-0.528,12.458,-0.993,0.041
378.018,268.062,-3.325,0.000,0.904,-14.238,1.532,12.022,-0.993,1.161
378.024,299.459,-3.325,0.000,1.648,-13.397,3.093,13.402,-0.993,0.974
378.031,317.541,-3.169,0.000,13.628,-10.651,2.747,13.676,-0.993,2.022
378.038,317.541,-3.169,0.000,32.916,-16.340,1.309,12.808,-0.993,3.525
378.045,336.483,-2.860,0.000,54.645,-11.483,3.580,12.683,-0.993,4.864
378.051,336.483,-2.860,0.000,81.167,-18.566,6.938,11.489,-0.973,6.396
378.058,336.483,-2.860,0.000,106.928,-9.919,8.286,10.330,-0.924,7.441
378.065,252.278,-3.014,0.000,140.481,-15.703,9.110,5.031,-0.870,8.740
378.072,252.278,-3.014,0.000,159.445,-13.685,5.324,4.177,-0.827,8.320
378.078,252.278,-3.014,0.000,185.326,-12.675,4.254,3.013,-0.784,8.660
378.085,252.278,-3.014,0.000,202.440,-12.288,2.744,2.243,-0.746,8.075
378.092,252.278,-3.014,0.000,215.543,-17.443,3.406,1.653,-0.714,7.213
378.099,93.494,-3.325,0.000,227.324,-11.053,4.994,-6.022,-0.705,7.626
378.106,93.494,-3.325,0.000,231.683,-7.904,6.166,-6.219,-0.705,6.177
378.112,93.494,-3.325,0.000,233.147,-12.490,5.645,-6.284,-0.705,4.564
378.119,22.209,-1.043,0.000,227.612,-12.954,4.485,-9.243,-0.705,2.991
378.126,22.209,-1.043,0.000,212.648,-12.401,0.043,-8.570,-0.705,0.620
378.132,22.209,-1.043,0.000,195.898,-13.855,1.683,-7.816,-0.705,-1.293
378.139,22.209,-1.043,0.000,173.822,-10.144,-4.495,-6.823,-0.723,-3.156
378.146,3.955,-0.446,0.000,149.452,-10.105,1.334,-6.547,-0.742,-4.907
378.152,3.955,-0.446,0.000,121.462,-4.982,-2.287,-5.288,-0.785,-6.429
378.159,1.043,-0.446,0.000,96.021,-6.393,0.395,-4.274,-0.835,-7.411
378.166,0.446,-0.446,0.000,70.423,-1.354,-0.047,-3.149,-0.880,-8.031
378.172,0.446,-0.446,0.000,47.877,-0.863,0.809,-2.134,-0.918,-8.295
378.178,0.297,-0.446,0.000,28.062,-2.294,4.576,-1.249,-0.943,-8.323
378.184,0.297,-0.446,0.000,12.471,0.262,4.316,-0.548,-0.957,-7.879
378.190,0.297,-0.446,0.000,2.782,0.097,3.362,-0.112,-0.961,-6.880
378.196,0.000,-0.446,0.000,-3.609,-3.044,3.262,0.162,-0.960,-5.826
378.202,0.000,-0.446,0.000,-6.226,-3.356,2.542,0.280,-0.955,-4.645
378.207,0.000,-0.446,0.000,-5.693,-3.440,0.418,0.256,-0.950,-3.400
378.213,0.000,-0.446,0.000,-4.328,-3.279,-1.084,0.195,-0.945,-2.341
378.218,0.000,-0.446,0.000,-1.388,-3.916,-1.426,0.062,-0.942,-1.351
378.224,0.000,-0.446,0.000,3.210,-3.950,0.586,-0.144,-0.941,-0.397
378.229,0.000,-0.446,0.000,9.085,-4.433,1.175,-0.409,-0.945,0.443
378.235,0.000,-0.446,0.000,16.532,-7.645,0.183,-0.744,-0.957,1.174
378.240,0.000,-0.446,0.000,23.789,-10.791,1.054,-1.070,-0.974,1.672
378.246,0.000,-0.446,0.000,31.507,-11.967,0.471,-1.418,-0.995,2.163
378.251,0.000,-0.446,0.000,36.063,-11.131,2.002,-1.623,-1.019,2.193
378.257,0.000,-0.446,0.000,39.689,-8.464,2.215,-1.786,-1.047,2.106
378.262,0.000,-0.446,0.000,42.697,-7.720,0.711,-1.921,-1.076,1.943
378.268,0.000,-0.446,0.000,42.426,-6.765,-2.137,-1.909,-1.106,1.455
378.274,0.000,-0.446,0.000,39.850,-5.771,-3.194,-1.793,-1.135,0.818
378.279,0.000,-0.446,0.000,36.272,-6.438,-3.288,-1.632,-1.162,0.217
378.285,0.000,-0.446,0.000,32.786,-7.934,-1.793,-1.475,-1.187,-0.242
378.290,0.000,-0.446,0.000,29.915,-7.137,-1.995,-1.346,-1.210,-0.530
378.296,0.000,-0.446,0.000,24.077,-6.454,-0.214,-1.083,-1.229,-1.039
378.301,0.000,-0.446,0.000,17.402,-3.676,2.027,-0.783,-1.244,-1.509
378.307,0.000,-0.446,0.000,8.549,-0.016,2.271,-0.385,-1.253,-2.138
378.312,0.000,-0.446,0.000,-1.181,1.362,-0.007,0.053,-1.255,-2.717
378.318,0.000,-0.446,0.000,-7.437,-0.878,0.503,0.335,-1.252,-2.835
378.323,0.000,-0.446,0.000,-12.909,-0.721,1.761,0.581,-1.245,-2.836
378.329,-0.297,-0.446,0.000,-18.362,-0.557,1.538,0.813,-1.233,-2.787
378.335,-0.893,-0.595,0.000,-24.489,-0.282,0.273,1.062,-1.214,-2.726
378.341,-0.893,-0.595,0.000,-26.992,3.378,-1.988,1.174,-1.193,-2.295
378.347,-0.893,-0.595,0.000,-29.504,2.212,-2.196,1.287,-1.170,-1.996
378.353,-0.893,-0.595,0.000,-29.756,-2.682,0.465,1.299,-1.146,-1.495
378.359,-24.587,-0.595,0.000,-31.000,-4.452,1.669,0.289,-1.135,-1.292
378.366,-37.951,-0.595,0.000,-30.235,-3.425,0.575,-0.347,-1.133,-0.879
378.372,-37.951,-0.595,0.000,-28.549,-4.306,-0.169,-0.423,-1.139,-0.518
378.378,-102.835,-0.446,0.000,-25.066,-9.672,-0.008,-3.500,-1.139,-0.026
378.385,-102.835,-0.446,0.000,-22.204,-7.387,0.218,-3.628,-1.152,0.291
378.391,-102.835,-0.446,0.000,-23.797,-5.634,-0.744,-3.557,-1.181,0.040
378.398,-356.318,-0.446,0.000,-24.759,-9.469,2.571,-14.920,-1.194,-0.081
378.404,-452.195,-0.446,0.000,-28.963,-7.328,-1.564,-19.045,-1.194,-0.588
378.411,-492.125,-0.446,0.000,-37.544,-9.902,-3.601,-20.456,-1.194,-1.411
378.418,-492.125,-0.446,0.000,-52.958,-10.445,-3.177,-19.762,-1.194,-2.821
378.424,-492.125,-0.446,0.000,-78.146,-11.961,-3.974,-18.629,-1.194,-5.003
378.431,-518.973,-0.446,0.000,-107.793,-7.749,-1.840,-18.503,-1.194,-7.227
378.437,-503.491,-0.595,0.000,-145.002,-8.754,-5.317,-16.132,-1.194,-9.619
378.444,-503.491,-0.595,0.000,-185.603,-4.119,-5.789,-14.305,-1.194,-11.749
378.450,-368.065,-0.893,0.000,-231.588,-4.185,-6.542,-6.141,-1.197,-14.062
378.457,-368.065,-0.893,0.000,-274.349,-2.332,-7.284,-4.217,-1.197,-14.703
378.463,-368.065,-0.893,0.000,-312.371,-2.788,-5.226,-2.506,-1.208,-14.671
378.470,-368.065,-0.893,0.000,-346.214,-1.144,-7.036,-0.983,-1.220,-14.223
378.476,-180.670,-2.096,0.000,-367.203,-3.721,-4.732,8.394,-1.223,-14.386
378.483,-180.670,-2.096,0.000,-380.530,4.689,-6.980,8.994,-1.223,-12.226
378.490,-180.670,-2.096,0.000,-388.324,6.400,-7.389,9.344,-1.223,-9.956
378.497,-52.459,-2.860,0.000,-373.137,7.378,-6.987,14.430,-1.223,-5.927
378.503,-52.459,-2.860,0.000,-355.710,8.759,-6.067,13.646,-1.223,-2.488
378.510,-52.459,-2.860,0.000,-325.220,5.112,1.601,12.274,-1.223,1.512
378.517,-52.459,-2.860,0.000,-288.716,14.172,1.190,10.632,-1.223,5.089
378.524,-9.023,-2.553,0.000,-253.720,15.563,0.553,11.011,-1.223,7.723
378.530,-6.446,-2.400,0.000,-209.828,11.736,-1.871,9.152,-1.223,10.322
378.536,-6.446,-2.400,0.000,-175.263,11.243,-0.469,7.597,-1.207,11.336
378.543,-0.446,-0.893,0.000,-137.069,11.170,-1.580,6.148,-1.166,12.355
378.549,-0.446,-0.893,0.000,-104.206,5.129,-2.087,4.669,-1.121,12.510
378.556,-0.446,-0.893,0.000,-81.053,2.419,-4.017,3.627,-1.074,11.600
378.561,-0.149,-0.595,0.000,-62.953,-1.578,-2.447,2.826,-1.036,10.616
378.566,0.000,-0.595,0.000,-53.040,-7.192,-1.368,2.387,-1.003,9.076
378.572,0.000,-0.595,0.000,-49.651,-10.198,-0.913,2.234,-0.972,7.158
378.577,0.000,-0.595,0.000,-50.311,-13.398,1.567,2.264,-0.939,5.320
378.582,0.000,-0.595,0.000,-55.324,-14.262,3.242,2.490,-0.904,3.499
378.587,0.000,-0.595,0.000,-59.686,-14.191,4.426,2.686,-0.865,2.177
378.593,0.000,-0.595,0.000,-68.933,-8.858,3.426,3.102,-0.825,0.562
378.598,0.000,-0.595,0.000,-78.235,-9.598,-0.840,3.521,-0.780,-0.693
378.603,0.000,-0.595,0.000,-86.165,-7.574,-5.175,3.877,-0.733,-1.507
378.608,0.000,-0.595,0.000,-96.316,-9.901,-7.604,4.334,-0.683,-2.428
378.613,0.000,-0.595,0.000,-105.493,-7.860,-7.112,4.747,-0.630,-2.964
378.619,0.000,-0.595,0.000,-108.996,-5.567,-6.039,4.905,-0.577,-2.681
378.624,0.000,-0.595,0.000,-113.330,-5.286,-3.363,5.100,-0.521,-2.584
378.629,0.149,-0.595,0.000,-114.132,-6.404,-1.311,5.143,-0.466,-2.156
378.634,0.149,-0.595,0.000,-113.736,-5.884,-0.696,5.125,-0.411,-1.642
378.640,0.149,-0.595,0.000,-109.079,-6.470,-1.391,4.915,-0.357,-0.786
378.645,0.149,-0.595,0.000,-104.816,-3.774,-0.630,4.723,-0.304,-0.155
378.650,9.615,-0.893,0.000,-96.766,-2.432,-0.100,4.787,-0.252,0.844
378.657,9.615,-0.893,0.000,-86.570,-5.180,1.281,4.328,-0.186,1.673
378.663,11.711,-1.043,0.000,-73.676,-5.390,0.062,3.842,-0.123,2.511
378.670,11.711,-1.043,0.000,-59.980,-3.554,-0.379,3.226,-0.065,3.177
378.677,88.604,-4.436,0.000,-53.050,-5.264,-0.369,6.374,-0.046,3.311
378.683,167.568,-5.758,0.000,-42.901,-3.362,0.780,9.471,-0.043,3.752
378.690,167.568,-5.758,0.000,-30.134,-9.589,0.889,8.897,-0.043,4.167
378.697,359.227,-7.153,0.000,-16.059,-7.905,0.193,16.888,-0.043,4.817
378.704,431.537,-7.333,0.000,-0.470,-9.010,-1.403,19.440,-0.043,5.375
378.710,431.537,-7.333,0.000,7.025,-11.338,0.232,19.103,-0.043,4.832
378.717,431.537,-7.333,0.000,24.813,-12.438,-0.073,18.303,-0.043,5.458
378.724,488.382,-7.333,0.000,39.971,-14.165,-0.138,20.178,-0.043,5.854
378.731,488.382,-7.333,0.000,67.741,-11.326,1.025,18.929,-0.043,7.475
378.737,488.382,-7.333,0.000,94.587,-11.842,1.328,17.721,-0.043,8.601
378.744,484.662,-7.515,0.000,129.354,-8.202,1.346,15.989,-0.043,10.168
378.751,470.010,-7.883,0.000,160.020,-4.288,3.956,13.950,-0.043,10.784
378.757,470.010,-7.883,0.000,202.893,-8.525,7.478,12.020,-0.027,12.450
378.764,470.010,-7.883,0.000,236.298,-4.829,6.376,10.517,0.019,12.613
378.771,470.010,-7.883,0.000,273.565,-13.363,5.792,8.840,0.083,13.112
378.778,350.558,-8.256,0.000,303.525,-15.749,2.034,2.116,0.083,13.288
378.785,350.558,-8.256,0.000,329.100,-20.327,-0.531,0.966,0.084,12.237
378.791,250.085,-7.333,0.000,343.406,-20.387,2.435,-4.199,0.086,11.610
378.798,215.067,-7.333,0.000,352.772,-22.890,3.415,-6.197,0.086,9.728
378.805,215.067,-7.333,0.000,348.229,-27.210,1.240,-5.992,0.086,6.643
378.811,215.067,-7.333,0.000,340.463,-26.537,2.234,-5.643,0.086,3.941
378.818,215.067,-7.333,0.000,318.872,-19.617,-3.801,-4.671,0.074,0.740
378.825,64.839,-4.598,0.000,304.122,-19.952,-1.651,-10.768,0.074,-1.184
378.832,64.839,-4.598,0.000,272.251,-11.530,-1.952,-9.334,0.074,-4.462
378.839,40.461,-3.955,0.000,249.894,-12.937,3.022,-9.424,0.074,-5.843
378.845,35.101,-3.955,0.000,214.170,-9.701,-0.873,-8.058,0.074,-8.032
378.852,35.101,-3.955,0.000,187.552,-10.344,3.114,-6.860,0.071,-8.501
378.859,29.897,-3.796,0.000,158.079,-9.354,-2.483,-5.768,0.043,-9.224
378.865,26.026,-3.482,0.000,125.666,-8.117,0.376,-4.484,0.008,-10.194
378.872,26.026,-3.482,0.000,98.021,1.128,-5.283,-3.240,-0.031,-10.241
378.879,22.538,-3.325,0.000,76.530,-2.781,0.882,-2.430,-0.066,-9.708
378.885,22.538,-3.325,0.000,64.996,-5.262,2.979,-1.911,-0.097,-8.317
378.892,12.155,-2.860,0.000,52.533,-1.776,-1.664,-1.817,-0.124,-7.473
378.899,12.155,-2.860,0.000,50.365,-5.905,-3.522,-1.719,-0.151,-5.768
378.905,12.155,-2.860,0.000,47.500,-7.366,-2.718,-1.591,-0.181,-4.621
378.912,4.436,-1.043,0.000,51.284,-3.814,-1.320,-2.108,-0.214,-3.130
378.919,4.436,-1.043,0.000,52.778,-10.510,0.741,-2.175,-0.252,-2.197
378.926,4.436,-1.043,0.000,60.699,-14.096,3.748,-2.532,-0.296,-0.920
378.933,1.492,-1.043,0.000,69.860,-14.979,0.289,-3.077,-0.348,0.186
378.939,1.192,-1.043,0.000,76.856,-16.410,-1.522,-3.405,-0.400,0.887
378.945,1.192,-1.043,0.000,78.756,-13.717,-2.365,-3.490,-0.454,0.852
378.951,0.744,-1.043,0.000,84.366,-15.387,-1.090,-3.763,-0.509,1.190
378.958,0.595,-1.043,0.000,85.451,-13.721,0.128,-3.818,-0.569,1.053
378.964,0.595,-1.043,0.000,82.774,-12.795,0.071,-3.698,-0.627,0.515
378.971,0.446,-0.893,0.000,76.756,-12.857,-1.546,-3.434,-0.681,-0.262
378.977,0.446,-0.893,0.000,69.658,-10.707,-1.444,-3.115,-0.734,-0.982
378.983,0.446,-0.893,0.000,64.370,-7.233,-0.606,-2.877,-0.782,-1.224
378.990,0.446,-0.893,0.000,53.135,-5.163,-0.255,-2.371,-0.826,-2.032
378.996,0.000,-0.893,0.000,44.715,-8.396,0.077,-2.012,-0.864,-2.355
379.002,0.000,-0.893,0.000,34.931,-7.467,0.063,-1.572,-0.891,-2.882
379.007,0.000,-0.893,0.000,24.534,-1.967,-1.582,-1.104,-0.912,-3.299
379.013,0.000,-0.893,0.000,12.574,1.875,-1.658,-0.566,-0.925,-3.795
379.018,0.000,-0.893,0.000,3.494,3.227,-1.958,-0.157,-0.929,-3.821
379.024,0.000,-0.893,0.000,-4.010,4.127,-1.489,0.180,-0.928,-3.696
379.029,-0.149,-1.043,0.000,-10.161,3.803,-1.244,0.451,-0.921,-3.484
379.035,-0.297,-1.043,0.000,-13.441,4.478,-3.006,0.591,-0.911,-2.978
379.041,-0.297,-1.043,0.000,-15.931,3.365,-3.089,0.704,-0.897,-2.434
379.047,-0.297,-1.043,0.000,-17.951,7.010,-1.998,0.794,-0.882,-2.032
379.054,-11.276,-1.944,0.000,-18.217,11.004,-3.297,0.312,-0.873,-1.576
379.061,-14.757,-2.096,0.000,-14.377,8.347,0.732,-0.017,-0.872,-0.844
379.067,-48.778,-1.944,0.000,-11.944,7.835,-1.107,-1.658,-0.878,-0.432
379.074,-95.509,-1.043,0.000,-10.502,10.691,-1.616,-3.825,-0.890,-0.200
379.081,-95.509,-1.043,0.000,-5.902,5.709,3.747,-4.032,-0.899,0.315
379.087,-123.743,-0.893,0.000,-4.284,5.090,6.006,-5.376,-0.902,0.392
379.094,-123.743,-0.893,0.000,-5.383,5.905,-0.628,-5.326,-0.930,0.181
379.100,-220.944,-0.595,0.000,-10.180,6.001,-2.449,-9.484,-0.930,-0.487
379.107,-265.760,-0.446,0.000,-12.997,8.226,-2.026,-11.374,-0.930,-0.704
379.113,-265.760,-0.446,0.000,-26.873,9.463,-0.853,-10.750,-0.930,-2.053
379.120,-277.428,-0.595,0.000,-40.399,3.926,3.942,-10.666,-0.930,-2.981
379.126,-277.428,-0.595,0.000,-59.015,7.126,3.456,-9.829,-0.941,-4.254
379.132,-277.428,-0.595,0.000,-82.459,3.185,2.891,-8.774,-0.994,-5.640
379.139,-277.428,-0.595,0.000,-109.580,4.049,2.363,-7.553,-1.063,-7.060
379.145,-275.063,-0.744,0.000,-132.295,5.058,-1.478,-6.425,-1.137,-7.533
379.152,-275.063,-0.744,0.000,-158.353,1.740,3.619,-5.252,-1.210,-8.181
379.159,-275.063,-0.744,0.000,-182.012,4.353,-0.520,-4.187,-1.279,-8.378
379.165,-263.474,-0.744,0.000,-203.941,1.572,3.824,-2.679,-1.335,-8.302
379.172,-263.474,-0.744,0.000,-224.609,5.694,-0.228,-1.749,-1.374,-8.112
379.179,-243.596,-0.744,0.000,-241.968,2.670,-3.461,-0.073,-1.379,-7.755
379.186,-243.596,-0.744,0.000,-255.118,4.868,1.785,0.518,-1.372,-7.008
379.192,-205.549,-0.744,0.000,-266.189,5.338,2.861,2.729,-1.352,-6.543
379.199,-205.549,-0.744,0.000,-271.754,5.396,2.806,2.979,-1.320,-5.401
379.206,-161.307,-0.744,0.000,-271.095,4.295,2.532,4.940,-1.291,-4.256
379.213,-161.307,-0.744,0.000,-273.519,5.700,3.394,5.049,-1.266,-3.337
379.219,-161.307,-0.744,0.000,-269.103,10.308,0.899,4.851,-1.221,-2.002
379.226,-161.307,-0.744,0.000,-258.094,5.497,2.673,4.355,-1.164,-0.427
379.233,-92.499,-0.744,0.000,-249.715,4.672,4.004,7.075,-1.164,0.518
379.240,-49.377,-0.893,0.000,-235.549,5.851,2.896,8.378,-1.164,1.887
379.246,-49.377,-0.893,0.000,-229.035,6.233,3.433,8.085,-1.160,2.128
379.253,-8.069,-2.553,0.000,-214.546,9.107,4.375,9.291,-1.150,3.228
379.259,-8.069,-2.553,0.000,-196.851,8.904,5.100,8.495,-1.144,4.181
379.266,-8.069,-2.553,0.000,-183.269,8.038,2.739,7.884,-1.100,4.425
379.273,-8.069,-2.553,0.000,-164.921,8.361,2.674,7.058,-1.031,5.082
379.279,0.000,-2.096,0.000,-150.843,7.400,1.677,6.788,-0.965,5.533
379.285,0.000,-1.043,0.000,-138.223,5.769,1.851,6.220,-0.902,5.635
379.290,0.000,-1.043,0.000,-123.593,3.525,1.853,5.562,-0.837,5.847
379.296,0.000,-1.043,0.000,-112.051,3.511,6.382,5.042,-0.776,5.717
379.302,0.000,-0.893,0.000,-101.363,3.005,5.567,4.561,-0.719,5.573
379.307,0.000,-0.893,0.000,-91.452,1.809,6.173,4.115,-0.665,5.381
379.313,0.000,-0.893,0.000,-83.864,1.534,4.843,3.774,-0.614,4.988
379.318,0.000,-0.893,0.000,-77.638,0.761,3.991,3.494,-0.565,4.561
379.324,0.000,-0.893,0.000,-75.442,-1.643,4.525,3.395,-0.517,3.783
379.329,0.000,-0.893,0.000,-73.012,-2.179,5.473,3.286,-0.469,3.197
379.335,0.000,-0.893,0.000,-70.760,-2.301,7.328,3.184,-0.424,2.703
379.340,0.000,-0.893,0.000,-69.372,-2.517,7.484,3.122,-0.380,2.229
379.346,0.000,-0.893,0.000,-69.387,-3.592,8.515,3.122,-0.336,1.672
379.351,0.595,-1.043,0.000,-71.663,-4.163,8.264,3.252,-0.291,1.000
379.358,0.595,-1.043,0.000,-75.964,-6.369,5.718,3.445,-0.239,0.306
379.364,8.446,-2.248,0.000,-74.759,-3.066,3.379,3.744,-0.180,0.319
379.371,8.446,-2.248,0.000,-73.886,-2.837,5.056,3.705,-0.120,0.346
379.378,36.982,-6.797,0.000,-75.158,-3.424,4.251,5.046,-0.057,0.142
379.384,83.007,-8.446,0.000,-76.894,0.583,3.226,7.196,-0.025,-0.094
379.391,83.007,-8.446,0.000,-70.578,-4.294,4.790,6.911,0.015,0.562
379.398,182.363,-15.518,0.000,-67.577,-6.846,7.995,11.247,0.059,0.832
379.404,254.486,-16.839,0.000,-59.364,-4.005,8.767,14.123,0.059,1.582
379.411,254.486,-16.839,0.000,-47.747,-5.027,6.290,13.600,0.059,2.484
379.418,254.486,-16.839,0.000,-36.250,-3.283,4.312,13.083,0.059,2.991
379.425,282.209,-17.112,0.000,-13.085,-5.317,2.651,13.288,0.059,4.674
379.432,287.054,-17.387,0.000,0.033,-3.766,3.334,12.916,0.059,4.884
379.438,287.054,-17.387,0.000,19.661,1.291,6.037,12.033,0.082,5.674
379.445,284.623,-17.112,0.000,39.797,0.226,5.607,11.017,0.122,6.315
379.452,270.379,-17.387,0.000,69.297,0.471,8.742,9.049,0.180,7.683
379.459,270.379,-17.387,0.000,102.349,-7.487,7.333,7.561,0.252,9.025
379.465,270.379,-17.387,0.000,129.471,-13.126,7.012,6.341,0.327,9.395
379.472,233.081,-15.777,0.000,156.436,-18.460,2.734,3.449,0.385,9.428
379.479,233.081,-15.777,0.000,174.147,-21.158,3.823,2.652,0.435,8.652
379.486,233.081,-15.777,0.000,192.927,-25.881,4.457,1.807,0.472,8.185
379.493,233.081,-15.777,0.000,203.357,-21.746,5.620,1.338,0.502,7.118
379.499,158.247,-9.615,0.000,207.615,-17.686,7.784,-2.222,0.510,6.329
379.506,158.247,-9.615,0.000,212.461,-14.825,4.988,-2.440,0.502,5.070
379.513,158.247,-9.615,0.000,210.691,-16.341,3.608,-2.360,0.483,3.563
379.519,158.247,-9.615,0.000,205.828,-15.740,4.103,-2.141,0.457,2.142
379.526,135.393,-7.698,0.000,194.260,-5.875,1.047,-2.649,0.433,0.509
379.533,132.732,-7.333,0.000,185.926,0.506,0.672,-2.394,0.405,-0.486
379.539,132.732,-7.333,0.000,172.564,-0.508,3.610,-1.792,0.376,-1.719
379.546,87.651,-7.153,0.000,158.878,6.910,2.959,-3.205,0.361,-2.741
379.553,87.651,-7.153,0.000,143.772,5.061,4.212,-2.525,0.342,-3.453
379.560,42.560,-6.797,0.000,132.462,8.131,7.471,-4.046,0.326,-3.909
379.566,29.090,-6.446,0.000,120.351,12.796,4.377,-4.107,0.322,-4.164
379.573,29.090,-6.446,0.000,112.123,5.169,6.889,-3.736,0.307,-3.927
379.580,29.090,-6.446,0.000,107.059,3.074,8.503,-3.509,0.277,-3.368
379.587,29.090,-6.446,0.000,96.444,0.170,4.159,-3.031,0.239,-3.496
379.593,29.090,-6.446,0.000,89.280,-0.564,2.163,-2.709,0.199,-3.270
379.600,29.090,-6.446,0.000,82.702,-2.645,5.792,-2.413,0.157,-3.055
379.607,29.090,-6.446,0.000,75.652,-3.061,7.074,-2.095,0.118,-2.953
379.613,0.000,-0.893,0.000,71.218,-9.890,4.184,-3.205,0.081,-2.746
379.619,0.000,-0.893,0.000,67.699,-11.824,2.972,-3.046,0.049,-2.472
379.625,0.000,-0.893,0.000,64.183,-13.103,3.266,-2.888,0.012,-2.263
379.630,0.000,-0.893,0.000,59.170,-15.661,3.180,-2.663,-0.027,-2.299
379.636,0.000,-0.893,0.000,54.472,-20.270,4.942,-2.451,-0.065,-2.314
379.641,0.000,-0.893,0.000,50.393,-23.759,3.389,-2.268,-0.101,-2.232
379.647,0.000,-0.893,0.000,48.257,-25.073,3.574,-2.172,-0.135,-1.952
379.652,0.000,-0.893,0.000,47.266,-26.949,4.978,-2.127,-0.169,-1.598
379.658,0.000,-0.893,0.000,48.490,-25.136,4.332,-2.182,-0.202,-1.036
379.663,0.000,-0.893,0.000,48.784,-23.414,3.223,-2.195,-0.235,-0.700
379.669,0.000,-0.893,0.000,45.792,-22.812,3.731,-2.061,-0.267,-0.805
379.674,0.000,-0.893,0.000,43.536,-21.936,3.881,-1.959,-0.298,-0.812
379.680,0.000,-0.893,0.000,40.532,-19.624,3.491,-1.824,-0.327,-0.902
379.686,0.000,-0.893,0.000,37.267,-17.186,3.525,-1.677,-0.354,-0.996
379.691,0.000,-0.893,0.000,34.661,-13.812,2.019,-1.560,-0.379,-1.016
379.697,0.000,-0.893,0.000,32.969,-9.791,2.538,-1.484,-0.404,-0.915
379.702,0.000,-0.893,0.000,31.373,-7.377,2.978,-1.412,-0.427,-0.858
379.708,0.000,-0.893,0.000,28.175,-2.926,1.676,-1.268,-0.450,-1.014
379.713,0.000,-0.893,0.000,23.390,1.089,0.346,-1.053,-0.469,-1.328
379.719,0.000,-0.893,0.000,20.005,4.503,-0.414,-0.900,-0.486,-1.416
379.724,0.000,-0.893,0.000,17.729,7.046,-0.313,-0.798,-0.501,-1.383
379.730,0.000,-0.893,0.000,17.302,3.760,2.526,-0.779,-0.516,-1.158
379.735,1.944,-2.248,0.000,16.591,-0.016,3.932,-0.659,-0.530,-1.019
379.742,1.944,-2.248,0.000,18.743,-4.313,4.908,-0.756,-0.544,-0.540
379.749,9.416,-5.589,0.000,15.206,-0.617,2.782,-0.261,-0.549,-0.706
379.756,14.018,-6.621,0.000,9.657,-3.958,1.022,0.196,-0.548,-1.052
379.762,44.191,-11.062,0.000,11.427,-4.370,-1.104,1.474,-0.535,-0.658
379.769,44.191,-11.062,0.000,8.043,-1.878,-2.908,1.627,-0.513,-0.790
379.776,44.191,-11.062,0.000,7.198,-6.912,1.220,1.665,-0.488,-0.681
379.782,131.417,-13.777,0.000,8.225,-8.386,4.977,5.544,-0.470,-0.496
379.789,131.417,-13.777,0.000,8.448,-8.312,2.730,5.534,-0.470,-0.321
379.795,145.044,-13.777,0.000,10.157,-9.285,2.252,6.070,-0.468,-0.038
379.802,177.320,-14.262,0.000,12.304,-12.148,3.421,7.426,-0.468,0.222
379.809,192.790,-15.518,0.000,21.541,-10.568,0.484,7.706,-0.465,1.122
379.816,203.686,-16.302,0.000,30.143,-7.676,-3.854,7.809,-0.446,1.709
379.822,222.931,-16.839,0.000,36.682,-9.333,-2.348,8.381,-0.423,1.967
379.829,220.944,-17.387,0.000,50.049,-7.759,-0.202,7.690,-0.374,2.787
379.836,220.944,-17.387,0.000,67.505,-10.623,-1.107,6.905,-0.301,3.836
379.842,220.944,-17.387,0.000,80.100,-9.027,1.392,6.338,-0.225,4.143
379.849,211.219,-17.112,0.000,97.247,-6.855,1.831,5.129,-0.151,4.739
379.856,200.001,-16.839,0.000,109.274,-8.343,1.733,4.083,-0.086,4.657
379.863,182.363,-16.839,0.000,126.644,-5.789,1.232,2.507,-0.036,5.091
379.870,165.985,-16.569,0.000,144.114,-9.121,1.100,0.984,-0.011,5.543
379.876,158.247,-16.839,0.000,154.452,-9.542,-0.247,0.171,-0.004,5.178
379.883,158.247,-16.839,0.000,160.120,-8.300,-0.813,-0.084,-0.004,4.398
379.890,124.997,-16.839,0.000,166.477,-11.611,-1.504,-1.867,-0.012,4.062
379.897,124.997,-16.839,0.000,169.467,-14.867,-0.213,-2.001,-0.033,3.294
379.903,124.997,-16.839,0.000,166.643,-18.289,-2.404,-1.874,-0.059,2.168
379.910,71.843,-16.569,0.000,161.940,-20.017,-2.146,-4.054,-0.065,1.236
379.917,61.190,-16.302,0.000,155.903,-18.579,-0.361,-4.262,-0.082,0.336
379.924,61.190,-16.302,0.000,142.959,-17.188,1.537,-3.680,-0.115,-1.052
379.930,27.911,-13.777,0.000,133.330,-19.771,3.484,-4.744,-0.137,-1.846
379.937,21.243,-13.302,0.000,120.959,-17.287,-1.170,-4.487,-0.164,-2.584
379.944,21.243,-13.302,0.000,106.087,-18.402,-2.514,-3.818,-0.200,-3.367
379.951,21.243,-13.302,0.000,92.347,-18.028,2.337,-3.200,-0.243,-3.832
379.957,8.829,-10.019,0.000,78.739,-19.682,1.554,-3.146,-0.282,-4.257
379.964,8.829,-10.019,0.000,66.091,-24.702,3.143,-2.577,-0.320,-4.351
379.971,8.829,-10.019,0.000,56.266,-23.368,2.572,-2.135,-0.356,-4.127
379.977,0.000,-5.589,0.000,43.535,-19.716,1.685,-1.959,-0.386,-4.417
379.983,0.000,-5.589,0.000,34.442,-15.353,-0.148,-1.550,-0.411,-4.361
379.988,0.000,-5.589,0.000,23.654,-14.705,0.514,-1.064,-0.431,-4.519
379.994,0.000,-5.589,0.000,16.999,-13.636,0.057,-0.765,-0.447,-4.210
380.000,0.000,-5.089,0.000,13.930,-16.878,1.707,-0.627,-0.459,-3.541
380.005,0.000,-5.089,0.000,13.231,-20.098,4.072,-0.595,-0.470,-2.788
380.011,0.000,-5.089,0.000,12.526,-17.830,4.273,-0.564,-0.480,-2.171
380.017,0.000,-5.089,0.000,12.492,-18.721,4.555,-0.562,-0.490,-1.610
380.022,0.000,-5.089,0.000,11.814,-16.885,4.400,-0.532,-0.498,-1.201
380.028,0.000,-4.760,0.000,14.234,-19.224,2.590,-0.641,-0.507,-0.557
380.034,0.000,-4.760,0.000,15.786,-19.154,2.399,-0.710,-0.518,-0.160
380.040,-0.149,-5.758,0.000,16.123,-16.274,3.100,-0.732,-0.530,-0.016
380.045,-0.149,-5.758,0.000,12.843,-15.753,3.779,-0.585,-0.541,-0.335
380.051,-5.255,-7.153,0.000,13.503,-16.560,5.013,-0.844,-0.554,-0.204
380.058,-5.255,-7.153,0.000,16.220,-17.766,4.527,-0.966,-0.574,0.054
380.064,-7.515,-7.333,0.000,18.422,-16.996,2.207,-1.167,-0.598,0.209
380.071,-26.768,-7.333,0.000,19.035,-13.816,5.438,-2.061,-0.629,0.270
380.078,-55.692,-6.974,0.000,14.768,-15.158,3.758,-3.171,-0.660,-0.236
380.085,-74.306,-6.974,0.000,12.354,-13.664,3.141,-3.900,-0.691,-0.467
380.091,-149.344,-5.928,0.000,9.287,-13.577,2.444,-7.138,-0.703,-0.708
380.098,-196.369,-5.089,0.000,2.662,-9.986,2.668,-8.956,-0.703,-1.266
380.105,-217.012,-5.089,0.000,-5.810,-14.190,2.671,-9.504,-0.703,-1.898
380.112,-217.012,-5.089,0.000,-14.980,-18.407,4.780,-9.091,-0.703,-2.351
380.118,-217.012,-5.089,0.000,-31.341,-12.835,1.164,-8.355,-0.712,-3.344
380.125,-254.486,-6.446,0.000,-49.707,-11.290,0.899,-9.215,-0.712,-4.500
380.132,-254.486,-6.974,0.000,-68.044,-8.745,6.228,-8.390,-0.733,-5.158
380.139,-254.486,-6.974,0.000,-89.010,-9.945,4.770,-7.446,-0.791,-5.932
380.146,-252.278,-7.333,0.000,-105.522,-12.244,7.745,-6.604,-0.866,-6.028
380.152,-247.907,-7.333,0.000,-135.107,-7.020,3.950,-5.076,-0.939,-7.321
380.159,-247.907,-7.333,0.000,-152.690,-7.736,-1.197,-4.285,-1.007,-7.121
380.166,-247.907,-7.333,0.000,-176.135,-4.131,0.542,-3.230,-1.066,-7.524
380.172,-218.971,-6.974,0.000,-193.145,1.362,3.009,-1.162,-1.091,-7.212
380.179,-218.971,-6.974,0.000,-210.422,-0.003,5.529,-0.385,-1.104,-7.000
380.186,-147.899,-5.589,0.000,-220.317,-4.298,10.303,3.259,-1.100,-6.756
380.193,-147.899,-5.589,0.000,-231.589,-0.179,7.125,3.766,-1.079,-6.040
380.199,-147.899,-5.589,0.000,-235.664,1.890,4.484,3.949,-1.040,-4.824
380.206,-59.777,-3.639,0.000,-236.527,0.755,4.363,7.954,-1.006,-4.157
380.213,-24.587,-3.014,0.000,-230.664,-2.441,3.585,9.273,-1.006,-2.502
380.219,-24.587,-3.014,0.000,-219.877,-7.085,2.488,8.788,-1.006,-0.629
380.226,-24.587,-3.014,0.000,-210.324,-10.893,6.202,8.358,-1.003,0.532
380.233,-0.595,-3.014,0.000,-196.914,-11.977,6.884,8.834,-1.001,1.857
380.239,-0.595,-3.014,0.000,-181.920,-10.094,5.965,8.160,-0.968,3.012
380.245,-0.595,-3.014,0.000,-164.285,-11.418,6.019,7.366,-0.906,4.191
380.251,0.000,-0.744,0.000,-147.981,-12.270,5.699,6.659,-0.836,4.889
380.257,0.000,-0.744,0.000,-126.656,-12.365,4.760,5.700,-0.772,6.119
380.263,0.000,-0.744,0.000,-109.371,-10.335,5.724,4.922,-0.711,6.555
380.269,0.000,-0.446,0.000,-90.043,-10.333,4.663,4.052,-0.654,7.078
380.274,0.000,-0.446,0.000,-76.658,-9.217,4.182,3.450,-0.605,6.889
380.280,0.000,-0.446,0.000,-67.289,-8.896,5.302,3.028,-0.561,6.240
380.285,0.000,-0.446,0.000,-60.476,-9.143,5.699,2.721,-0.520,5.443
380.291,0.000,-0.446,0.000,-55.469,-8.138,4.517,2.496,-0.482,4.620
380.296,0.000,-0.446,0.000,-53.077,-6.749,4.926,2.388,-0.446,3.682
380.302,0.000,-0.446,0.000,-52.207,-5.218,3.663,2.349,-0.411,2.802
380.307,0.000,-0.446,0.000,-51.746,-2.282,4.211,2.329,-0.377,2.076
380.313,0.000,-0.446,0.000,-53.185,-1.286,7.551,2.393,-0.341,1.294
380.318,0.000,-0.446,0.000,-57.012,-1.439,9.660,2.566,-0.305,0.447
380.324,0.000,-0.446,0.000,-59.333,-2.804,9.854,2.670,-0.267,-0.021
380.329,0.000,-0.446,0.000,-61.556,-4.811,8.922,2.770,-0.228,-0.347
380.335,0.000,-0.446,0.000,-65.540,-7.727,6.074,2.949,-0.187,-0.777
380.341,13.302,-2.860,0.000,-66.714,-5.332,1.458,3.601,-0.131,-0.675
380.348,13.302,-2.860,0.000,-68.335,-3.199,0.630,3.674,-0.071,-0.628
380.355,13.302,-2.860,0.000,-71.252,-4.734,1.941,3.805,-0.010,-0.736
380.362,61.907,-8.069,0.000,-71.184,-4.756,1.998,5.989,0.037,-0.640
380.368,143.633,-15.261,0.000,-65.665,-6.545,1.989,9.418,0.073,0.079
380.375,196.369,-16.302,0.000,-59.956,-7.667,3.072,11.535,0.073,0.835
380.382,196.369,-16.302,0.000,-58.139,-5.732,4.553,11.453,0.073,0.827
380.388,196.369,-16.302,0.000,-49.428,-3.340,3.579,11.061,0.073,1.505
380.395,196.369,-16.302,0.000,-35.824,-6.911,3.201,10.449,0.093,2.590
380.402,196.369,-16.302,0.000,-19.512,-6.389,1.634,9.715,0.151,3.615
380.409,507.326,-20.306,0.000,1.779,-14.055,4.214,22.750,0.174,5.309
380.415,576.200,-19.697,0.000,16.856,-13.644,5.244,25.170,0.174,5.662
380.422,597.825,-19.697,0.000,47.690,-23.874,3.568,24.756,0.174,7.675
380.429,597.825,-19.697,0.000,67.746,-23.251,3.180,23.854,0.174,7.988
380.436,597.825,-19.697,0.000,103.683,-26.737,1.899,22.236,0.174,9.935
380.442,597.825,-19.697,0.000,134.461,-16.489,2.189,20.851,0.174,10.907
380.449,597.825,-19.697,0.000,182.969,-27.317,5.005,18.669,0.174,13.563
380.456,597.825,-19.697,0.000,223.700,-14.856,3.266,16.836,0.174,14.492
380.463,484.662,-19.102,0.000,267.501,-22.269,3.609,9.772,0.196,14.656
380.469,484.662,-19.102,0.000,307.851,-16.860,1.413,7.957,0.259,14.843
380.476,484.662,-19.102,0.000,343.430,-20.532,3.851,6.355,0.334,14.466
380.483,279.810,-17.387,0.000,373.502,-18.329,3.770,-4.216,0.383,15.508
380.490,279.810,-17.387,0.000,393.870,-16.221,2.767,-5.133,0.383,13.892
380.496,279.810,-17.387,0.000,400.460,-15.524,3.401,-5.429,0.383,11.140
380.503,279.810,-17.387,0.000,400.525,-15.683,1.647,-5.432,0.383,8.057
380.510,55.692,-15.261,0.000,386.837,-17.421,2.302,-14.902,0.383,4.774
380.517,42.028,-13.068,0.000,361.939,-9.150,0.060,-14.396,0.383,0.790
380.523,42.028,-13.068,0.000,333.831,-9.912,1.840,-13.131,0.383,-2.525
380.530,42.028,-13.068,0.000,294.859,-8.446,-0.695,-11.377,0.383,-6.159
380.537,2.553,-2.248,0.000,250.496,-5.542,2.680,-11.157,0.383,-9.617
380.543,2.553,-2.248,0.000,206.829,-8.192,-0.160,-9.192,0.383,-11.545
380.550,2.553,-2.248,0.000,162.195,-10.066,1.849,-7.184,0.381,-12.948
380.556,0.000,-0.744,0.000,117.898,-12.739,0.918,-5.305,0.361,-14.365
380.562,0.000,-0.744,0.000,79.987,-12.565,2.140,-3.599,0.331,-15.004
380.568,0.000,-0.744,0.000,51.101,-15.392,1.342,-2.300,0.303,-14.412
380.573,0.000,-0.744,0.000,29.207,-14.914,2.840,-1.314,0.283,-13.193
380.579,0.000,-0.744,0.000,16.435,-17.875,3.727,-0.740,0.271,-11.237
380.585,0.000,-0.744,0.000,9.563,-18.264,2.760,-0.430,0.263,-9.157
380.590,0.000,-0.744,0.000,11.720,-16.096,4.288,-0.527,0.255,-6.606
380.596,0.000,-0.744,0.000,16.088,-12.801,1.491,-0.724,0.243,-4.504
380.602,0.000,-0.744,0.000,26.331,-14.245,1.534,-1.185,0.226,-2.218
380.608,0.000,-0.446,0.000,36.049,-13.769,0.645,-1.622,0.203,-0.461
380.613,0.000,-0.446,0.000,49.378,-10.384,0.370,-2.222,0.171,1.163
380.619,0.000,-0.446,0.000,61.918,-9.187,-0.706,-2.786,0.132,2.284
380.624,-0.149,-0.446,0.000,72.471,-6.739,-0.544,-3.268,0.088,2.902
380.630,-0.149,-0.446,0.000,80.944,-4.032,-0.524,-3.649,0.039,3.154
380.635,-0.149,-0.446,0.000,86.598,-0.967,-1.274,-3.904,-0.011,3.043
380.641,-0.595,-0.595,0.000,87.571,-0.744,-0.818,-3.967,-0.065,2.386
380.647,-0.595,-0.595,0.000,83.984,-0.583,0.790,-3.806,-0.118,1.356
380.653,-5.928,-0.595,0.000,81.151,-3.969,5.439,-3.919,-0.171,0.667
380.659,-5.928,-0.595,0.000,76.443,-4.239,7.299,-3.707,-0.227,0.028
380.665,-5.928,-0.595,0.000,64.386,-5.111,5.310,-3.164,-0.279,-1.239
380.671,-5.928,-0.595,0.000,49.861,-9.070,5.180,-2.511,-0.324,-2.413
380.678,-38.940,-0.446,0.000,39.472,-11.425,6.558,-3.529,-0.363,-2.897
380.684,-48.185,-0.297,0.000,19.123,-7.752,2.853,-3.029,-0.400,-4.197
380.691,-48.185,-0.297,0.000,4.889,-4.020,1.118,-2.388,-0.433,-4.581
380.697,-48.185,-0.297,0.000,-8.635,-5.167,3.679,-1.780,-0.463,-4.859
380.703,-98.596,0.446,0.000,-20.514,-7.855,8.841,-3.514,-0.472,-5.111
380.710,-107.218,1.043,0.000,-34.184,-6.441,6.484,-3.287,-0.490,-5.187
380.717,-107.218,1.043,0.000,-46.382,-4.006,5.326,-2.738,-0.518,-5.038
380.723,-153.744,7.153,0.000,-58.545,-3.867,4.753,-4.284,-0.529,-5.244
380.730,-161.307,9.615,0.000,-69.950,-3.808,3.725,-4.111,-0.544,-5.018
380.737,-161.307,9.615,0.000,-78.153,-6.276,2.568,-3.742,-0.570,-4.505
380.743,-161.307,9.615,0.000,-86.139,-3.039,3.018,-3.383,-0.607,-4.110
380.750,-191.020,11.932,0.000,-92.673,-0.917,4.847,-4.426,-0.633,-3.792
380.757,-191.020,11.932,0.000,-101.538,0.166,6.147,-4.027,-0.673,-3.679
380.763,-191.020,10.224,0.000,-110.179,-0.018,5.094,-3.638,-0.721,-3.543
380.770,-192.790,6.974,0.000,-119.303,2.235,4.642,-3.307,-0.773,-3.555
380.777,-192.790,6.974,0.000,-126.954,5.094,7.948,-2.963,-0.824,-3.409
380.784,-192.790,6.974,0.000,-134.570,4.522,7.656,-2.620,-0.874,-3.270
380.790,-192.790,6.974,0.000,-145.869,7.631,5.498,-2.111,-0.917,-3.521
380.797,-192.790,6.974,0.000,-152.523,11.250,2.763,-1.812,-0.954,-3.281
380.804,-192.790,6.974,0.000,-162.331,11.712,5.155,-1.371,-0.983,-3.338
380.810,-194.573,-0.149,0.000,-171.407,13.222,7.141,-1.042,-1.005,-3.439
380.816,-194.573,-0.149,0.000,-179.182,12.738,7.813,-0.693,-1.019,-3.438
380.821,-194.573,-0.149,0.000,-186.120,13.134,7.200,-0.380,-1.028,-3.358
380.827,-194.573,-0.149,0.000,-193.246,11.599,6.829,-0.060,-1.032,-3.318
380.833,-182.363,-0.297,0.000,-198.970,11.253,4.623,0.747,-1.020,-3.117
380.839,-162.855,-0.446,0.000,-204.068,9.839,5.535,1.855,-0.999,-2.928
380.846,-162.855,-0.446,0.000,-209.758,12.530,6.252,2.111,-0.968,-2.719
380.852,-162.855,-0.446,0.000,-214.038,10.418,7.113,2.303,-0.931,-2.446
380.859,-162.855,-0.446,0.000,-217.542,8.586,6.598,2.461,-0.888,-2.197
380.865,-87.651,-0.446,0.000,-219.233,9.934,3.992,5.921,-0.886,-1.978
380.872,-87.651,-0.446,0.000,-220.607,7.285,5.016,5.983,-0.857,-1.574
380.879,-37.951,-0.446,0.000,-221.432,3.631,5.662,8.257,-0.841,-1.343
380.885,-21.561,-0.446,0.000,-218.118,5.344,4.980,8.845,-0.841,-0.620
380.892,-21.561,-0.446,0.000,-210.635,5.983,3.743,8.508,-0.823,0.358
380.898,-7.153,-0.446,0.000,-207.995,7.307,5.853,9.038,-0.775,0.562
380.905,-7.153,-0.446,0.000,-199.494,9.251,7.466,8.655,-0.715,1.280
380.911,-3.014,-0.446,0.000,-182.154,6.456,4.566,8.061,-0.646,2.774
380.918,-3.014,-0.446,0.000,-173.057,7.938,2.210,7.652,-0.572,2.949
380.924,0.000,-0.297,0.000,-163.226,13.227,2.460,7.345,-0.504,3.355
380.929,0.000,-0.297,0.000,-149.819,11.138,8.148,6.742,-0.446,4.197
380.935,0.000,-0.297,0.000,-135.149,7.892,7.618,6.082,-0.388,5.023
380.940,0.000,-0.297,0.000,-123.642,9.089,7.637,5.564,-0.330,5.271
380.945,0.000,-0.297,0.000,-115.529,8.706,5.291,5.199,-0.274,5.027
380.950,0.000,-0.297,0.000,-105.705,7.032,3.727,4.757,-0.220,5.089
380.955,0.000,-0.297,0.000,-96.910,7.950,0.660,4.361,-0.169,4.971
380.961,0.000,-0.297,0.000,-92.440,6.554,2.771,4.160,-0.117,4.266
380.966,0.000,-0.297,0.000,-87.260,7.753,0.840,3.927,-0.069,3.813
380.971,0.000,-0.297,0.000,-83.828,6.230,3.759,3.772,-0.021,3.250
380.976,0.000,-0.297,0.000,-82.087,7.915,4.483,3.694,0.025,2.621
380.981,0.000,-0.297,0.000,-81.308,10.866,3.898,3.659,0.071,1.984
380.987,0.000,-0.446,0.000,-81.833,12.231,4.367,3.682,0.118,1.382
380.992,0.000,-0.446,0.000,-81.489,11.517,4.853,3.667,0.167,1.013
380.998,0.000,-0.446,0.000,-83.458,9.881,6.141,3.756,0.216,0.465
381.003,0.000,-0.446,0.000,-81.317,7.866,6.462,3.659,0.266,0.573
381.009,0.000,-0.446,0.000,-81.644,5.965,5.220,3.674,0.315,0.397
381.014,0.000,-0.446,0.000,-83.240,7.162,4.478,3.746,0.365,0.109
381.020,0.000,-0.446,0.000,-84.541,7.735,4.705,3.804,0.414,-0.088
381.025,0.000,-0.446,0.000,-83.929,6.915,4.699,3.777,0.464,0.006
381.031,0.000,-0.446,0.000,-85.910,10.136,4.425,3.866,0.514,-0.234
381.036,0.000,-0.446,0.000,-83.840,12.081,3.526,3.773,0.564,0.072
381.042,0.000,-0.446,0.000,-84.116,8.677,4.566,3.785,0.615,0.059
381.048,-0.297,-0.446,0.000,-83.271,4.436,6.354,3.734,0.668,0.145
381.054,-0.297,-0.446,0.000,-80.183,2.282,7.114,3.595,0.722,0.381
381.060,-8.829,-0.297,0.000,-76.606,4.425,6.867,3.050,0.773,0.669
381.066,-8.829,-0.297,0.000,-71.276,4.257,5.385,2.810,0.820,1.088
381.072,-8.829,-0.297,0.000,-68.939,4.979,4.411,2.705,0.866,1.101
381.079,-8.829,-0.297,0.000,-63.233,3.870,6.084,2.448,0.909,1.418
381.085,-50.592,11.711,0.000,-57.924,5.478,10.354,0.330,0.925,1.657
381.092,-61.907,17.387,0.000,-53.590,4.478,9.068,-0.374,0.926,1.676
381.099,-61.907,17.387,0.000,-48.814,0.251,9.008,-0.589,0.919,1.661
381.106,-156.735,59.777,0.000,-45.027,2.626,7.271,-5.027,0.913,1.841
381.112,-156.735,59.777,0.000,-42.826,6.323,7.995,-5.126,0.913,1.596
381.119,-180.670,67.882,0.000,-44.746,6.130,7.737,-6.117,0.913,0.967
381.126,-180.670,67.882,0.000,-47.313,4.568,6.003,-6.001,0.907,0.406
381.132,-268.062,100.698,0.000,-57.445,9.204,5.802,-9.478,0.898,-0.804
381.139,-268.062,100.698,0.000,-65.353,15.334,6.613,-9.122,0.898,-1.446
381.146,-268.062,100.698,0.000,-83.368,19.826,7.491,-8.311,0.897,-2.895
381.153,-272.713,71.843,0.000,-102.819,22.543,5.770,-7.645,0.870,-4.153
381.160,-272.713,69.445,0.000,-119.085,29.443,5.787,-6.913,0.817,-4.661
381.166,-272.713,69.445,0.000,-142.254,41.148,4.945,-5.871,0.748,-5.762
381.173,-272.713,69.445,0.000,-163.199,48.180,7.254,-4.928,0.675,-6.339
381.180,-209.315,55.033,0.000,-187.612,55.163,7.868,-0.977,0.659,-7.144
381.187,-165.985,44.191,0.000,-202.224,58.837,5.749,1.631,0.658,-7.103
381.193,-165.985,44.191,0.000,-217.571,69.293,4.081,2.321,0.672,-6.677
381.200,-92.499,28.300,0.000,-228.778,70.303,7.270,6.133,0.688,-6.695
381.207,-52.459,20.306,0.000,-234.329,68.635,8.051,8.184,0.688,-5.768
381.214,-52.459,20.306,0.000,-231.964,70.789,5.641,8.078,0.688,-3.923
381.220,-52.459,20.306,0.000,-223.758,67.862,5.608,7.708,0.692,-1.942
381.227,-4.924,2.706,0.000,-214.328,64.322,6.073,9.423,0.692,-0.399
381.232,-0.297,0.149,0.000,-196.221,57.273,6.557,8.817,0.693,1.903
381.238,-0.297,0.149,0.000,-175.650,50.429,4.483,7.891,0.720,3.967
381.243,-0.297,0.149,0.000,-152.936,44.046,4.743,6.869,0.769,5.841
381.249,0.149,-0.149,0.000,-124.698,41.640,6.907,5.618,0.839,7.705
381.256,0.149,-0.297,0.000,-94.663,26.280,4.237,4.267,0.906,9.022
381.261,0.149,-0.297,0.000,-75.885,26.843,4.726,3.422,0.952,9.056
381.266,0.149,-0.297,0.000,-60.722,27.280,7.141,2.739,0.992,8.551
381.271,0.149,-0.297,0.000,-46.567,27.842,7.486,2.102,1.025,8.064
381.277,0.149,-0.297,0.000,-33.012,22.824,7.843,1.492,1.050,7.615
381.282,0.149,-0.297,0.000,-26.028,24.821,7.547,1.178,1.070,6.534
381.288,1.492,-0.446,0.000,-23.007,22.926,6.144,1.102,1.091,5.210
381.294,4.114,-0.446,0.000,-23.420,23.677,3.485,1.239,1.114,3.871
381.301,4.114,-0.446,0.000,-25.616,30.871,4.420,1.338,1.139,2.661
381.308,17.666,-0.744,0.000,-26.058,34.795,6.056,1.968,1.168,1.994
381.314,32.855,-1.793,0.000,-32.626,39.072,8.067,2.947,1.206,0.894
381.321,32.855,-1.793,0.000,-36.881,40.827,7.876,3.138,1.252,0.227
381.327,32.855,-1.793,0.000,-40.944,38.445,6.901,3.321,1.306,-0.227
381.334,205.549,-7.515,0.000,-44.244,40.267,5.619,11.241,1.306,-0.542
381.341,289.502,-13.302,0.000,-47.470,45.815,7.111,15.164,1.306,-0.732
381.348,289.502,-13.302,0.000,-45.512,44.989,9.072,15.076,1.306,-0.347
381.354,480.965,-13.539,0.000,-32.400,42.520,5.955,23.101,1.306,1.173
381.361,507.326,-13.539,0.000,-12.625,38.235,6.039,23.398,1.306,3.123
381.368,507.326,-13.539,0.000,12.262,32.348,6.387,22.278,1.306,5.175
381.374,507.326,-13.539,0.000,51.409,27.901,5.518,20.516,1.306,8.230
381.381,542.911,-13.302,0.000,97.526,18.371,8.364,20.042,1.306,11.250
381.388,546.985,-13.302,0.000,143.057,21.456,9.545,18.177,1.306,13.504
381.395,546.985,-13.302,0.000,201.906,2.752,10.752,15.529,1.306,16.261
381.401,546.985,-13.302,0.000,252.188,3.210,8.343,13.266,1.308,17.328
381.408,546.985,-13.302,0.000,299.948,-2.739,9.241,11.117,1.340,17.713
381.415,546.985,-13.302,0.000,339.224,-3.420,4.787,9.349,1.399,17.059
381.422,503.491,-12.380,0.000,374.084,-0.957,4.863,5.823,1.471,15.763
381.428,503.491,-12.380,0.000,398.040,0.337,7.216,4.745,1.543,14.006
381.435,477.291,-11.276,0.000,417.950,-0.011,10.608,2.670,1.576,12.448
381.442,477.291,-11.276,0.000,430.631,4.473,8.241,2.100,1.608,10.412
381.449,395.630,-7.333,0.000,435.901,10.648,9.547,-1.812,1.618,9.204
381.455,371.050,-7.153,0.000,432.231,13.035,7.969,-2.753,1.618,6.504
381.462,371.050,-7.153,0.000,423.504,20.958,6.827,-2.360,1.617,3.806
381.469,231.022,-4.114,0.000,410.119,23.629,7.872,-8.059,1.612,1.483
381.476,172.390,-1.492,0.000,399.665,25.117,10.788,-10.227,1.612,-0.016
381.482,172.390,-1.492,0.000,376.938,30.505,7.642,-9.205,1.612,-2.567
381.489,172.390,-1.492,0.000,360.428,27.885,8.885,-8.462,1.612,-3.761
381.496,172.390,-1.492,0.000,336.688,32.349,5.419,-7.393,1.612,-5.238
381.502,45.869,-0.595,0.000,309.582,33.865,7.295,-11.867,1.612,-7.336
381.509,45.869,-0.595,0.000,290.816,29.554,11.995,-11.023,1.612,-7.801
381.515,45.869,-0.595,0.000,269.955,29.830,11.574,-10.084,1.612,-7.965
381.521,45.869,-0.595,0.000,245.715,30.935,10.805,-8.993,1.608,-8.478
381.528,4.436,-0.446,0.000,230.715,24.815,13.277,-10.183,1.608,-8.184
381.534,4.436,-0.446,0.000,214.357,23.352,12.750,-9.446,1.597,-7.720
381.541,0.000,-0.446,0.000,195.675,23.721,10.066,-8.805,1.553,-7.779
381.546,0.000,-0.446,0.000,177.706,21.029,7.347,-7.997,1.495,-7.948
381.552,0.000,-0.446,0.000,165.798,18.148,4.826,-7.461,1.434,-7.399
381.557,0.000,-0.446,0.000,155.543,14.278,5.889,-6.999,1.372,-6.723
381.563,0.000,-0.446,0.000,145.583,15.239,9.396,-6.551,1.310,-6.178
381.568,0.000,-0.446,0.000,137.030,13.998,11.324,-6.166,1.247,-5.568
381.574,0.000,-0.446,0.000,130.645,15.785,14.555,-5.879,1.185,-4.907
381.579,0.000,-0.446,0.000,125.791,16.113,16.407,-5.661,1.124,-4.276
381.585,0.000,-0.446,0.000,121.798,15.036,15.165,-5.481,1.064,-3.702
381.591,0.000,-0.446,0.000,118.049,13.322,12.594,-5.312,1.004,-3.269
381.596,0.000,-0.446,0.000,114.299,14.288,11.669,-5.143,0.945,-2.968
381.602,0.000,-0.446,0.000,112.667,17.185,12.060,-5.070,0.886,-2.494
381.607,0.000,-0.446,0.000,109.632,18.583,10.695,-4.933,0.828,-2.358
381.613,0.000,-0.446,0.000,105.784,17.537,9.055,-4.760,0.769,-2.386
381.618,0.000,-0.446,0.000,100.101,16.182,8.912,-4.505,0.712,-2.637
381.624,0.000,-0.595,0.000,99.281,10.672,9.267,-4.468,0.658,-2.230
381.629,0.000,-0.595,0.000,97.722,10.361,11.412,-4.398,0.606,-1.922
381.634,0.000,-0.595,0.000,93.810,9.001,11.048,-4.221,0.555,-1.967
381.639,0.000,-0.744,0.000,88.261,10.010,12.294,-3.972,0.504,-2.127
381.645,0.000,-0.744,0.000,83.842,12.386,14.469,-3.773,0.451,-2.096
381.651,0.000,-0.744,0.000,78.723,14.795,17.090,-3.543,0.400,-2.138
381.657,0.000,-0.893,0.000,69.784,16.288,17.868,-3.140,0.353,-2.701
381.662,0.000,-0.893,0.000,63.399,15.178,17.452,-2.853,0.309,-2.854
381.668,0.000,-0.893,0.000,63.994,7.679,16.757,-2.880,0.267,-2.142
381.673,0.000,-0.893,0.000,62.135,3.694,15.573,-2.796,0.225,-1.866
381.679,0.000,-0.893,0.000,59.025,2.045,16.155,-2.656,0.185,-1.791
381.684,0.000,-0.893,0.000,53.216,2.100,13.626,-2.395,0.147,-2.052
381.690,0.000,-0.893,0.000,47.222,2.516,11.991,-2.125,0.113,-2.265
381.695,0.000,-0.595,0.000,48.159,-0.472,11.244,-2.167,0.079,-1.701
381.701,0.000,-0.595,0.000,42.610,3.322,12.813,-1.917,0.049,-1.969
381.706,0.000,-0.595,0.000,39.785,4.408,13.827,-1.790,0.022,-1.773
381.711,0.000,-0.595,0.000,38.236,2.188,17.190,-1.721,-0.004,-1.483
381.716,0.000,-0.595,0.000,34.740,1.268,18.075,-1.563,-0.029,-1.539
381.721,-0.149,-0.446,0.000,31.821,4.259,17.588,-1.439,-0.052,-1.476
381.727,-0.149,-0.446,0.000,25.930,5.247,13.510,-1.174,-0.073,-1.771
381.733,-0.297,-0.446,0.000,19.945,9.205,12.868,-0.911,-0.092,-1.977
381.739,-0.297,-0.446,0.000,19.741,9.465,14.332,-0.902,-0.110,-1.546
381.745,-0.595,-0.297,0.000,18.349,8.147,16.186,-0.852,-0.125,-1.280
381.751,-0.595,-0.297,0.000,15.056,7.414,16.129,-0.704,-0.139,-1.309
381.757,-2.553,-0.297,0.000,12.564,6.451,14.333,-0.680,-0.154,-1.285
381.763,-2.553,-0.297,0.000,13.405,3.903,13.989,-0.718,-0.169,-0.957
381.769,-10.849,-0.297,0.000,13.319,9.030,16.835,-1.088,-0.186,-0.753
381.775,-10.849,-0.297,0.000,11.156,12.187,16.096,-0.990,-0.204,-0.873
381.781,-13.539,-0.297,0.000,9.443,12.145,16.250,-1.034,-0.226,-0.956
381.787,-13.539,-0.297,0.000,14.700,7.912,16.695,-1.271,-0.251,-0.285
381.794,-55.033,0.744,0.000,13.370,13.262,18.860,-3.078,-0.275,-0.395
381.801,-55.033,0.744,0.000,14.051,10.618,21.825,-3.109,-0.308,-0.213
381.807,-55.033,0.744,0.000,7.173,17.445,25.434,-2.799,-0.348,-0.802
381.814,-174.021,3.325,0.000,0.676,18.424,19.153,-7.861,-0.376,-1.413
381.821,-174.021,3.325,0.000,-5.982,20.020,17.012,-7.562,-0.376,-1.737
381.828,-174.021,3.325,0.000,-16.298,22.485,14.051,-7.098,-0.376,-2.268
381.835,-377.077,5.421,0.000,-26.350,26.735,17.069,-15.783,-0.376,-2.922
381.841,-462.818,5.089,0.000,-38.275,31.847,17.102,-19.104,-0.376,-3.503
381.848,-462.818,5.089,0.000,-54.543,31.751,18.019,-18.372,-0.376,-4.457
381.855,-551.084,3.325,0.000,-80.943,33.755,18.195,-21.156,-0.376,-6.288
381.862,-563.530,0.297,0.000,-108.479,35.257,22.205,-20.477,-0.376,-7.757
381.868,-563.530,0.297,0.000,-141.841,35.537,20.315,-18.976,-0.376,-9.761
381.874,-563.530,0.297,0.000,-174.568,33.901,20.791,-17.503,-0.376,-11.117
381.881,-542.911,-0.297,0.000,-211.078,32.570,23.323,-14.932,-0.376,-12.462
381.887,-534.835,-0.446,0.000,-247.938,37.310,21.433,-12.910,-0.380,-13.337
381.893,-534.835,-0.446,0.000,-288.031,34.673,22.087,-11.106,-0.414,-14.122
381.900,-492.125,-0.446,0.000,-325.005,35.546,20.098,-7.520,-0.473,-14.060
381.906,-466.402,-0.446,0.000,-355.151,33.036,18.609,-5.006,-0.536,-13.536
381.913,-466.402,-0.446,0.000,-383.041,32.497,18.274,-3.751,-0.579,-12.782
381.920,-466.402,-0.446,0.000,-403.630,25.820,20.371,-2.825,-0.622,-11.527
381.926,-287.054,-0.446,0.000,-420.828,23.058,20.610,6.020,-0.622,-11.907
381.933,-231.022,-0.446,0.000,-431.491,14.755,21.431,9.021,-0.622,-10.116
381.939,-231.022,-0.446,0.000,-433.678,9.413,19.024,9.119,-0.622,-7.813
381.946,-121.266,-0.446,0.000,-422.897,-0.382,19.188,13.573,-0.622,-4.611
381.953,-83.007,-0.446,0.000,-403.597,-2.326,20.176,14.427,-0.622,-1.238
381.959,-83.007,-0.446,0.000,-375.558,-11.607,18.830,13.165,-0.622,2.272
381.966,-83.007,-0.446,0.000,-344.524,-21.783,19.404,11.768,-0.622,5.081
381.972,-30.720,-0.595,0.000,-311.078,-24.195,20.154,12.616,-0.622,7.839
381.979,-22.871,-0.744,0.000,-273.612,-26.189,18.915,11.283,-0.622,9.976
381.985,-22.871,-0.744,0.000,-238.057,-29.727,20.537,9.683,-0.622,10.941
381.992,-22.871,-0.744,0.000,-202.809,-28.814,19.116,8.097,-0.599,11.570
381.999,-22.871,-0.744,0.000,-170.944,-24.120,14.876,6.663,-0.546,11.595
382.006,-22.871,-0.744,0.000,-146.386,-12.096,16.207,5.558,-0.479,11.026
382.012,-0.595,-0.744,0.000,-122.602,-7.990,16.974,5.490,-0.431,10.783
382.018,-0.297,-0.595,0.000,-105.993,4.392,18.248,4.756,-0.379,9.852
382.024,-0.297,-0.595,0.000,-94.196,13.174,19.365,4.225,-0.324,8.689
382.030,-0.297,-0.595,0.000,-88.417,22.552,18.605,3.965,-0.269,7.183
382.035,-0.297,-0.595,0.000,-86.863,27.845,18.884,3.895,-0.216,5.570
382.041,0.000,-0.595,0.000,-89.829,31.736,19.101,4.042,-0.165,3.883
382.046,0.000,-0.595,0.000,-92.961,33.308,16.522,4.183,-0.115,2.463
382.051,0.000,-0.595,0.000,-97.607,36.747,16.341,4.392,-0.063,1.185
382.057,0.000,-0.595,0.000,-99.556,40.496,17.158,4.480,-0.011,0.602
382.062,0.000,-0.595,0.000,-105.236,41.456,20.451,4.736,0.041,-0.307
382.067,0.000,-0.595,0.000,-109.594,38.580,20.973,4.932,0.096,-0.800
382.072,0.000,-0.595,0.000,-110.885,33.236,19.332,4.990,0.151,-0.736
382.078,0.000,-0.595,0.000,-109.166,31.041,16.006,4.912,0.206,-0.282
382.083,0.000,-0.595,0.000,-108.015,31.006,17.567,4.861,0.261,0.009
382.088,0.000,-0.595,0.000,-106.915,29.572,18.212,4.811,0.315,0.199
382.093,0.000,-0.595,0.000,-102.158,25.032,19.436,4.597,0.370,0.657
382.099,0.000,-0.595,0.000,-97.840,15.370,16.527,4.403,0.422,0.978
382.104,0.000,-0.595,0.000,-89.277,7.617,16.384,4.017,0.472,1.843
382.109,0.000,-0.595,0.000,-81.115,5.281,18.863,3.650,0.519,2.404
382.114,0.000,-0.595,0.000,-68.713,3.244,20.492,3.092,0.562,3.377
382.120,0.000,-0.595,0.000,-65.259,7.239,18.279,2.937,0.603,2.957
382.125,0.000,-0.595,0.000,-51.786,0.429,17.902,2.330,0.638,3.799
382.130,0.000,-0.595,0.000,-44.659,-2.872,16.626,2.010,0.669,3.603
382.135,0.000,-0.595,0.000,-39.937,-4.794,14.004,1.797,0.696,3.244
382.141,0.000,-0.595,0.000,-31.306,-8.713,14.294,1.409,0.719,3.416
382.146,0.000,-0.446,0.000,-23.206,-8.952,16.556,1.044,0.737,3.509
382.151,0.000,-0.446,0.000,-16.573,-7.038,18.327,0.746,0.752,3.396
382.157,0.000,-0.446,0.000,-9.348,-2.399,20.160,0.421,0.764,3.451
382.162,0.000,-0.446,0.000,-4.964,2.551,20.516,0.223,0.770,3.165
382.168,0.000,-0.446,0.000,-2.175,4.713,18.764,0.098,0.773,2.682
382.174,0.000,-0.446,0.000,-4.365,10.436,17.650,0.196,0.775,1.710
382.179,0.000,-0.446,0.000,-0.338,10.066,17.863,0.015,0.775,1.664
382.185,38.443,-0.744,0.000,4.754,9.389,17.526,1.516,0.776,1.898
382.191,38.443,-0.744,0.000,3.706,15.145,18.089,1.563,0.792,1.274
382.198,38.443,-0.744,0.000,10.445,9.965,17.538,1.260,0.810,1.553
382.205,38.443,-0.744,0.000,7.726,13.747,18.389,1.382,0.832,0.915
382.212,231.022,-1.342,0.000,10.126,10.696,17.426,9.940,0.832,1.126
382.218,256.710,-1.342,0.000,10.460,13.100,17.921,11.081,0.832,0.919
382.225,256.710,-1.342,0.000,15.712,9.064,17.716,10.845,0.832,1.287
382.232,307.105,-1.043,0.000,24.488,7.373,14.693,12.718,0.832,1.942
382.239,317.541,-0.893,0.000,38.581,5.235,12.522,12.553,0.832,2.976
382.245,336.483,-0.893,0.000,54.624,5.513,12.303,12.684,0.832,3.988
382.252,336.483,-0.893,0.000,78.662,1.814,12.092,11.602,0.832,5.460
382.258,336.483,-0.893,0.000,98.114,0.980,13.265,10.727,0.864,6.123
382.265,336.483,-0.893,0.000,124.587,-3.745,14.494,9.535,0.921,7.320
382.272,258.949,-0.893,0.000,152.260,-0.806,16.088,4.801,0.977,8.059
382.278,258.949,-0.893,0.000,187.456,-3.757,15.377,3.217,1.023,9.433
382.285,258.949,-0.893,0.000,214.178,-4.872,14.743,2.015,1.057,9.635
382.291,258.949,-0.893,0.000,236.306,-3.416,11.532,1.019,1.079,9.306
382.298,258.949,-0.893,0.000,254.924,-2.176,11.485,0.181,1.088,8.775
382.304,132.732,-0.893,0.000,265.437,4.226,10.915,-5.972,1.088,8.744
382.311,132.732,-0.893,0.000,272.822,13.314,11.604,-6.304,1.088,7.072
382.317,53.094,-0.595,0.000,270.990,20.556,10.727,-9.805,1.088,5.394
382.324,28.693,-0.595,0.000,266.195,23.749,9.357,-10.688,1.088,3.358
382.330,28.693,-0.595,0.000,252.333,26.882,10.534,-10.064,1.088,0.810
382.336,28.693,-0.595,0.000,234.242,29.749,11.243,-9.250,1.088,-1.442
382.343,14.018,-0.446,0.000,211.948,36.498,11.375,-8.907,1.083,-3.483
382.349,14.018,-0.446,0.000,181.526,34.878,14.610,-7.538,1.042,-5.742
382.356,14.018,-0.446,0.000,156.876,38.134,15.964,-6.429,0.980,-6.764
382.362,7.333,-0.595,0.000,126.380,38.083,12.615,-5.357,0.915,-8.046
382.369,7.333,-0.595,0.000,104.304,37.634,11.883,-4.364,0.856,-8.252
382.375,7.333,-0.595,0.000,82.451,37.285,10.519,-3.380,0.802,-8.366
382.381,7.333,-0.595,0.000,65.910,34.053,12.118,-2.636,0.757,-7.893
382.388,6.797,-0.595,0.000,53.802,27.942,11.814,-2.115,0.718,-7.119
382.394,6.797,-0.595,0.000,44.142,23.732,12.115,-1.681,0.684,-6.325
382.400,6.797,-0.595,0.000,40.401,14.503,14.823,-1.512,0.654,-5.201
382.406,6.797,-0.595,0.000,41.571,2.661,13.269,-1.565,0.624,-3.856
382.413,5.089,-0.595,0.000,41.457,3.272,11.426,-1.637,0.593,-2.916
382.419,4.598,-0.595,0.000,46.005,-1.554,12.130,-1.863,0.560,-1.777
382.425,4.598,-0.595,0.000,47.540,-2.750,11.877,-1.932,0.526,-1.186
382.432,1.043,-0.595,0.000,53.665,-2.696,11.325,-2.368,0.487,-0.288
382.438,0.149,-0.595,0.000,61.674,-4.533,10.053,-2.769,0.443,0.546
382.443,0.149,-0.595,0.000,68.152,-2.071,8.275,-3.060,0.402,1.172
382.448,0.149,-0.595,0.000,72.561,-3.764,8.393,-3.259,0.359,1.381
382.453,0.000,-0.595,0.000,79.546,-3.277,11.199,-3.580,0.314,1.886
382.459,0.000,-0.595,0.000,82.083,-1.890,11.670,-3.694,0.266,1.718
382.464,0.000,-0.595,0.000,80.388,1.843,13.316,-3.617,0.220,1.123
382.469,0.000,-0.595,0.000,79.720,6.623,16.132,-3.587,0.175,0.778
382.474,0.000,-0.595,0.000,73.254,9.716,16.832,-3.296,0.130,-0.242
382.480,0.000,-0.595,0.000,69.215,13.583,15.307,-3.115,0.088,-0.699
382.485,0.000,-0.595,0.000,63.900,10.017,9.489,-2.875,0.047,-1.282
382.490,0.000,-0.595,0.000,58.023,10.575,7.284,-2.611,0.009,-1.733
382.495,0.000,-0.595,0.000,53.389,12.001,7.362,-2.402,-0.025,-1.758
382.501,0.000,-0.595,0.000,49.716,11.263,11.489,-2.237,-0.058,-1.617
382.506,0.000,-0.595,0.000,41.650,11.588,12.538,-1.874,-0.087,-2.125
382.511,0.000,-0.595,0.000,34.462,10.336,12.298,-1.551,-0.112,-2.431
382.517,0.000,-0.595,0.000,26.415,12.949,10.390,-1.189,-0.133,-2.736
382.522,0.000,-0.595,0.000,21.665,14.737,10.480,-0.975,-0.148,-2.558
382.527,0.000,-0.595,0.000,16.902,15.108,10.540,-0.761,-0.162,-2.451
382.532,0.000,-0.595,0.000,8.798,14.043,9.713,-0.396,-0.171,-2.815
382.538,0.000,-0.595,0.000,4.028,11.639,9.294,-0.181,-0.177,-2.773
382.543,0.000,-0.595,0.000,3.416,5.986,8.471,-0.154,-0.182,-2.316
382.548,0.000,-0.595,0.000,5.105,0.360,8.304,-0.230,-0.187,-1.655
382.553,0.000,-0.595,0.000,2.575,3.017,11.080,-0.116,-0.191,-1.576
382.559,0.000,-0.595,0.000,1.811,3.658,11.539,-0.081,-0.192,-1.259
382.564,0.000,-0.595,0.000,3.195,-1.461,11.337,-0.144,-0.194,-0.773
382.569,0.000,-0.595,0.000,2.255,-5.530,11.485,-0.101,-0.196,-0.700
382.574,0.000,-0.595,0.000,2.280,-1.243,11.736,-0.103,-0.198,-0.535
382.580,0.000,-0.595,0.000,1.587,-0.269,10.959,-0.071,-0.200,-0.510
382.585,0.000,-0.595,0.000,2.489,-8.668,6.126,-0.112,-0.201,-0.258
382.590,0.000,-0.595,0.000,5.954,-10.268,7.640,-0.268,-0.204,0.269
382.595,0.000,-0.595,0.000,5.038,-10.395,7.209,-0.227,-0.208,0.144
382.601,0.000,-0.595,0.000,1.266,-7.492,9.689,-0.057,-0.208,-0.263
382.606,0.000,-0.595,0.000,2.778,-5.841,10.756,-0.125,-0.208,0.070
382.611,0.000,-0.595,0.000,2.380,-3.095,11.269,-0.107,-0.210,0.011
382.616,0.000,-0.595,0.000,-1.404,-0.917,10.218,0.063,-0.210,-0.451
382.622,0.000,-0.595,0.000,-3.934,0.364,10.034,0.177,-0.209,-0.713
382.627,0.000,-0.595,0.000,-4.382,0.871,6.501,0.197,-0.207,-0.635
382.632,0.000,-0.595,0.000,-4.953,-1.729,6.258,0.223,-0.204,-0.610
382.637,0.000,-0.595,0.000,-10.186,-2.302,7.223,0.458,-0.198,-1.110
382.642,0.000,-0.595,0.000,-10.737,-0.360,8.345,0.483,-0.190,-0.877
382.648,0.000,-0.595,0.000,-11.306,-3.039,9.489,0.509,-0.182,-0.738
382.653,0.000,-0.595,0.000,-12.652,-4.070,9.619,0.569,-0.172,-0.677
382.658,0.000,-0.595,0.000,-11.915,-4.825,12.856,0.536,-0.162,-0.335
382.663,0.000,-0.595,0.000,-10.347,-2.038,13.225,0.466,-0.152,0.012
382.669,0.000,-0.595,0.000,-9.578,-1.161,10.449,0.431,-0.144,0.145
382.674,0.000,-0.595,0.000,-11.674,-3.160,9.470,0.525,-0.135,-0.122
382.679,0.000,-0.595,0.000,-10.676,-3.596,8.250,0.480,-0.128,-0.006
382.684,0.000,-0.595,0.000,-10.490,-4.528,5.621,0.472,-0.120,-0.005
382.689,0.000,-0.595,0.000,-12.863,-5.745,4.683,0.579,-0.111,-0.311
382.695,0.000,-0.595,0.000,-11.049,-7.172,5.754,0.497,-0.103,-0.019
382.700,0.000,-0.595,0.000,-7.957,-9.669,8.868,0.358,-0.095,0.391
382.705,0.000,-0.595,0.000,-7.174,-12.594,10.684,0.323,-0.089,0.435
382.710,0.000,-0.595,0.000,-8.540,-12.499,10.592,0.384,-0.082,0.219
382.716,0.000,-0.744,0.000,-9.021,-13.479,12.190,0.406,-0.075,0.165
382.721,0.000,-0.744,0.000,-9.317,-12.973,12.116,0.419,-0.066,0.165
382.727,0.000,-0.744,0.000,-8.017,-13.049,10.231,0.361,-0.057,0.340
382.733,0.446,-1.043,0.000,-9.767,-7.577,8.921,0.460,-0.048,0.056
382.739,0.446,-1.043,0.000,-9.017,-7.609,7.919,0.426,-0.038,0.156
382.746,0.446,-1.043,0.000,-10.000,-4.605,5.507,0.470,-0.028,0.030
382.753,0.446,-1.043,0.000,-12.717,0.974,3.426,0.592,-0.017,-0.259
382.759,139.465,-13.068,0.000,-11.369,5.227,3.938,6.788,-0.017,-0.137
382.766,184.069,-14.018,0.000,-8.670,-0.121,6.580,8.673,-0.017,0.153
382.773,184.069,-14.018,0.000,-5.149,-1.052,9.606,8.515,-0.017,0.488
382.779,431.537,-15.518,0.000,-0.006,-4.252,9.886,19.419,-0.017,1.019
382.786,434.927,-14.018,0.000,6.003,-0.327,9.646,19.302,-0.017,1.444
382.793,434.927,-14.018,0.000,19.051,-5.892,7.082,18.714,-0.017,2.518
382.800,448.698,-10.849,0.000,40.065,-9.235,6.689,18.388,-0.017,4.245
382.806,448.698,-10.849,0.000,66.872,-17.057,4.198,17.182,-0.017,6.295
382.812,448.698,-10.849,0.000,98.802,-21.571,6.418,15.745,-0.017,8.385
382.818,448.698,-10.849,0.000,129.828,-25.214,6.696,14.349,-0.017,9.830
382.825,398.791,-10.430,0.000,167.854,-27.586,8.664,10.392,0.015,11.227
382.831,398.791,-10.430,0.000,208.171,-30.773,7.291,8.578,0.080,12.375
382.838,241.464,-10.639,0.000,241.403,-34.095,5.365,0.003,0.131,13.782
382.845,241.464,-10.639,0.000,268.593,-29.334,4.829,-1.221,0.131,13.318
382.852,241.464,-10.639,0.000,290.635,-29.209,3.995,-2.213,0.131,11.959
382.859,241.464,-10.639,0.000,302.882,-26.509,4.926,-2.764,0.129,9.916
382.865,75.142,-8.256,0.000,307.532,-24.636,5.512,-10.458,0.129,8.567
382.872,75.142,-8.256,0.000,304.147,-23.560,6.687,-10.305,0.129,6.096
382.879,24.941,-5.589,0.000,286.282,-19.247,6.872,-11.760,0.129,2.598
382.886,24.941,-5.589,0.000,264.083,-17.242,7.995,-10.761,0.129,-0.485
382.892,24.941,-5.589,0.000,226.540,-8.724,3.042,-9.072,0.129,-4.339
382.899,24.941,-5.589,0.000,188.352,-7.781,6.001,-7.353,0.119,-7.068
382.905,0.595,-0.595,0.000,146.745,-4.337,6.113,-6.577,0.115,-10.118
382.911,0.000,-0.446,0.000,106.210,-1.792,4.894,-4.779,0.092,-12.295
382.916,0.000,-0.446,0.000,72.247,1.990,2.719,-3.251,0.063,-13.128
382.922,0.000,-0.446,0.000,40.117,4.768,3.133,-1.805,0.039,-13.472
382.927,0.000,-0.446,0.000,13.399,0.157,5.762,-0.603,0.025,-13.204
382.933,0.000,-0.446,0.000,-6.184,-5.057,4.994,0.278,0.023,-12.171
382.939,0.000,-0.446,0.000,-19.559,-7.844,4.252,0.880,0.033,-10.679
382.944,0.000,-0.446,0.000,-25.614,-11.515,4.077,1.153,0.048,-8.754
382.949,-0.149,-0.595,0.000,-27.889,-13.996,5.787,1.248,0.068,-6.847
382.955,-0.149,-0.595,0.000,-20.497,-19.951,8.987,0.916,0.084,-4.218
382.960,-0.149,-0.595,0.000,-11.797,-21.562,9.762,0.524,0.095,-2.073
382.965,-0.149,-0.595,0.000,-0.613,-21.059,8.895,0.021,0.098,-0.225
382.971,-8.256,-0.893,0.000,11.841,-22.420,8.582,-0.904,0.088,1.165
382.977,-8.256,-0.893,0.000,24.897,-24.886,6.139,-1.492,0.064,2.138
382.984,-38.443,-1.192,0.000,40.851,-26.172,5.997,-3.568,0.028,3.271
382.990,-38.443,-1.192,0.000,53.083,-27.711,7.763,-4.119,-0.019,3.696
382.997,-48.778,-1.043,0.000,59.045,-21.361,9.146,-4.852,-0.077,3.369
383.004,-106.109,-1.043,0.000,58.763,-15.058,7.098,-7.419,-0.101,2.616
383.010,-131.417,-1.043,0.000,55.043,-9.991,7.915,-8.391,-0.105,1.586
383.016,-175.665,-0.893,0.000,45.150,-4.088,8.285,-9.937,-0.111,0.083
383.023,-252.278,-0.595,0.000,32.812,2.328,10.772,-12.829,-0.111,-1.325
383.029,-252.278,-0.595,0.000,15.180,8.441,9.618,-12.036,-0.111,-3.117
383.036,-284.623,-0.595,0.000,-8.855,10.006,10.634,-12.410,-0.111,-5.307
383.042,-284.623,-0.595,0.000,-29.795,10.649,12.333,-11.467,-0.111,-6.247
383.048,-339.262,-0.595,0.000,-57.850,14.771,12.008,-12.664,-0.111,-8.278
383.054,-342.058,-0.446,0.000,-88.017,23.908,10.805,-11.432,-0.111,-9.483
383.061,-342.058,-0.446,0.000,-120.344,30.102,7.933,-9.977,-0.114,-10.353
383.068,-342.058,-0.446,0.000,-142.689,25.992,11.894,-8.972,-0.155,-10.003
383.074,-342.058,-0.446,0.000,-174.302,29.482,11.551,-7.549,-0.225,-10.648
383.081,-342.058,-0.595,0.000,-201.837,26.993,13.436,-6.310,-0.296,-10.821
383.087,-342.058,-0.595,0.000,-226.035,22.804,12.972,-5.221,-0.365,-10.599
383.093,-333.723,-0.595,0.000,-248.747,18.230,10.753,-3.824,-0.426,-10.233
383.099,-333.723,-0.595,0.000,-264.667,15.509,10.237,-3.108,-0.479,-9.287
383.106,-309.688,-0.595,0.000,-277.587,10.919,10.558,-1.445,-0.506,-8.164
383.112,-258.949,-0.595,0.000,-288.335,8.473,11.455,1.322,-0.501,-7.621
383.118,-245.744,-0.595,0.000,-295.444,3.199,13.809,2.236,-0.491,-6.468
383.125,-205.549,-0.744,0.000,-300.656,1.642,12.334,4.280,-0.485,-5.617
383.132,-205.549,-0.744,0.000,-295.878,-5.256,10.743,4.065,-0.476,-3.567
383.138,-120.042,-0.893,0.000,-291.641,-2.767,12.108,7.722,-0.459,-2.461
383.145,-120.042,-0.893,0.000,-286.004,-4.988,12.205,7.468,-0.459,-1.122
383.152,-102.835,-0.893,0.000,-271.650,-8.347,13.120,7.597,-0.459,0.649
383.158,-102.835,-0.893,0.000,-256.855,-16.783,14.290,6.931,-0.453,2.055
383.165,-102.835,-0.893,0.000,-240.709,-13.472,11.705,6.204,-0.417,3.176
383.171,-102.835,-0.893,0.000,-224.004,-13.129,7.260,5.453,-0.361,4.027
383.178,-8.256,-2.706,0.000,-207.975,-6.612,6.973,8.987,-0.320,5.255
383.185,-2.860,-2.706,0.000,-189.797,-8.804,8.260,8.412,-0.320,5.779
383.191,-2.860,-2.706,0.000,-172.846,-6.048,8.850,7.649,-0.320,5.943
383.198,-0.744,-2.706,0.000,-156.276,-2.730,7.119,6.999,-0.299,6.036
383.204,0.000,-1.793,0.000,-143.445,0.232,6.210,6.455,-0.255,5.912
383.210,0.000,-1.043,0.000,-130.464,4.362,6.155,5.871,-0.199,5.961
383.215,0.000,-1.043,0.000,-118.462,6.000,7.636,5.331,-0.137,5.866
383.221,0.000,-1.043,0.000,-107.894,9.095,8.729,4.855,-0.078,5.630
383.227,0.000,-0.893,0.000,-100.010,11.739,8.259,4.500,-0.021,5.150
383.232,0.000,-0.893,0.000,-94.336,15.131,7.150,4.245,0.032,4.491
383.238,0.000,-0.893,0.000,-91.984,15.013,5.542,4.139,0.085,3.614
383.243,0.000,-0.893,0.000,-90.172,16.431,5.900,4.058,0.139,2.881
383.249,0.000,-0.744,0.000,-89.232,16.137,4.079,4.015,0.192,2.234
383.255,0.000,-0.744,0.000,-89.437,14.775,2.195,4.025,0.245,1.627
383.260,0.000,-0.744,0.000,-92.306,15.303,2.540,4.154,0.299,0.895
383.266,0.000,-0.744,0.000,-91.241,12.341,3.561,4.106,0.354,0.818
383.272,0.000,-0.744,0.000,-90.756,9.976,3.909,4.084,0.408,0.740
383.277,0.000,-0.744,0.000,-90.752,9.662,4.428,4.084,0.462,0.591
383.283,0.000,-0.744,0.000,-90.137,7.204,3.487,4.056,0.516,0.546
383.289,0.000,-0.744,0.000,-87.328,7.984,4.056,3.930,0.571,0.752
383.295,0.000,-0.744,0.000,-80.952,7.518,3.265,3.643,0.622,1.254
383.300,0.000,-0.744,0.000,-76.552,8.349,4.464,3.445,0.671,1.414
383.306,0.000,-0.744,0.000,-72.178,5.923,4.640,3.248,0.719,1.535
383.312,0.000,-0.744,0.000,-67.750,4.750,4.576,3.049,0.764,1.624
383.317,0.000,-0.744,0.000,-62.012,2.520,4.676,2.791,0.806,1.803
383.323,0.000,-0.744,0.000,-56.047,4.668,6.047,2.522,0.845,1.942
383.329,0.000,-0.744,0.000,-51.602,2.830,3.028,2.322,0.881,1.909
383.335,0.000,-0.744,0.000,-48.160,2.437,3.661,2.167,0.917,1.790
383.340,0.000,-0.744,0.000,-45.832,1.593,1.575,2.062,0.951,1.611
383.346,0.000,-0.744,0.000,-44.276,0.329,0.337,1.992,0.984,1.391
383.352,0.000,-0.744,0.000,-42.283,-0.871,0.441,1.903,1.015,1.273
383.357,0.000,-0.744,0.000,-39.633,-1.289,-0.644,1.783,1.045,1.265
383.363,0.000,-0.744,0.000,-39.191,-1.673,-0.129,1.764,1.075,1.032
383.369,0.000,-0.744,0.000,-38.429,-1.663,-2.345,1.729,1.104,0.878
383.374,0.000,-0.744,0.000,-37.340,-1.103,-3.619,1.680,1.132,0.780
383.380,0.000,-0.744,0.000,-35.162,-0.036,-3.643,1.582,1.159,0.747
383.386,0.000,-0.744,0.000,-34.717,-0.618,-3.742,1.562,1.184,0.552
383.392,0.000,-0.744,0.000,-34.965,-2.968,-3.035,1.573,1.210,0.340
383.397,0.000,-0.744,0.000,-33.571,-3.397,-2.056,1.511,1.235,0.353
383.403,0.000,-0.744,0.000,-32.538,-4.921,-2.281,1.464,1.259,0.311
383.409,0.000,-0.595,0.000,-31.879,-5.578,-4.502,1.435,1.283,0.283
383.414,0.000,-0.595,0.000,-32.041,-7.079,-3.564,1.442,1.305,0.148
383.420,0.000,-0.744,0.000,-28.718,-6.718,-5.154,1.292,1.327,0.455
383.425,0.000,-0.744,0.000,-27.251,-6.675,-5.436,1.226,1.349,0.498
383.431,0.000,-0.744,0.000,-24.567,-6.418,-7.085,1.105,1.369,0.702
383.437,0.000,-0.744,0.000,-22.905,-8.765,-6.300,1.031,1.389,0.782
383.442,0.000,-0.595,0.000,-23.288,-10.499,-4.800,1.048,1.408,0.686
383.447,0.000,-0.595,0.000,-23.141,-12.674,-3.204,1.041,1.426,0.644
383.453,0.000,-0.595,0.000,-21.573,-11.609,-4.240,0.971,1.443,0.739
383.458,0.000,-0.744,0.000,-18.474,-12.979,-5.414,0.831,1.459,0.934
383.464,0.000,-0.595,0.000,-18.756,-11.648,-6.031,0.844,1.474,0.666
383.469,0.000,-0.595,0.000,-16.984,-13.798,-5.951,0.764,1.486,0.687
383.474,-0.149,-0.595,0.000,-13.107,-14.308,-4.669,0.583,1.497,0.987
383.479,-0.149,-0.595,0.000,-11.136,-15.939,-3.694,0.494,1.505,0.937
383.485,-0.149,-0.595,0.000,-8.735,-13.821,-4.276,0.386,1.512,0.965
383.490,-0.149,-0.595,0.000,-8.226,-13.535,-5.337,0.363,1.518,0.726
383.495,-0.149,-0.595,0.000,-7.559,-11.530,-6.401,0.333,1.523,0.555
383.500,-0.149,-0.595,0.000,-8.142,-13.472,-5.869,0.360,1.527,0.233
383.506,-0.149,-0.595,0.000,-9.823,-13.533,-3.852,0.435,1.533,-0.131
383.511,-0.149,-0.595,0.000,-8.491,-13.099,-4.096,0.375,1.538,-0.046
383.516,-0.149,-0.595,0.000,-10.793,-11.605,-4.830,0.479,1.543,-0.412
383.521,-0.149,-0.595,0.000,-8.307,-12.173,-5.784,0.367,1.549,-0.093
383.526,-0.149,-0.595,0.000,-6.911,-11.837,-5.008,0.304,1.553,0.011
383.532,-0.149,-0.595,0.000,-6.659,-10.268,-4.020,0.293,1.557,-0.022
383.537,-0.149,-0.595,0.000,-4.241,-11.296,-3.432,0.184,1.560,0.247
383.543,-2.860,-2.706,0.000,-3.977,-14.101,-1.762,0.050,1.560,0.201
383.550,-2.860,-2.706,0.000,-0.187,-13.492,-3.129,-0.120,1.559,0.493
383.556,-2.860,-2.706,0.000,0.582,-9.192,-6.339,-0.155,1.556,0.439
383.563,-43.099,-4.114,0.000,-3.099,-14.538,-4.617,-1.800,1.549,0.001
383.570,-43.099,-4.114,0.000,-3.012,-20.776,-3.298,-1.804,1.526,-0.037
383.577,-43.099,-4.114,0.000,-0.918,-16.126,-5.823,-1.898,1.499,0.159
383.583,-128.818,-1.043,0.000,-0.030,-16.453,-6.548,-5.795,1.499,0.263
383.590,-180.670,-0.893,0.000,-1.446,-18.881,-5.423,-8.065,1.499,-0.021
383.596,-217.012,-0.595,0.000,-3.817,-20.739,-4.748,-9.594,1.499,-0.329
383.603,-299.459,-0.595,0.000,-6.705,-14.669,-6.822,-13.174,1.499,-0.653
383.609,-339.262,-0.595,0.000,-14.977,-12.568,-6.517,-14.593,1.499,-1.409
383.615,-339.262,-0.595,0.000,-30.758,-14.839,-3.629,-13.883,1.499,-2.970
383.621,-339.262,-0.595,0.000,-45.249,-17.411,-0.878,-13.231,1.499,-3.888
383.628,-333.723,-0.893,0.000,-62.602,-17.885,0.561,-12.200,1.488,-4.732
383.635,-307.105,-1.043,0.000,-84.761,-15.622,-1.746,-10.005,1.440,-5.700
383.641,-307.105,-1.043,0.000,-110.298,-19.475,-4.092,-8.856,1.374,-6.773
383.648,-307.105,-1.043,0.000,-137.295,-17.639,-8.998,-7.641,1.301,-7.749
383.655,-185.788,-3.482,0.000,-168.497,-15.231,-7.409,-0.778,1.251,-9.752
383.662,-185.788,-3.482,0.000,-189.692,-12.413,-8.615,0.176,1.251,-9.281
383.668,-185.788,-3.482,0.000,-213.133,-12.515,-5.689,1.231,1.253,-9.166
383.675,-185.788,-3.482,0.000,-222.088,-18.957,-1.183,1.633,1.262,-7.690
383.682,-67.882,-5.589,0.000,-227.753,-15.868,-3.479,7.194,1.262,-7.030
383.688,-67.882,-5.589,0.000,-228.293,-12.402,-5.864,7.219,1.262,-5.095
383.695,-67.882,-5.589,0.000,-224.294,-15.138,-6.169,7.039,1.264,-3.282
383.702,-9.816,-5.928,0.000,-212.882,-7.795,-4.094,9.138,1.280,-1.375
383.709,-3.955,-5.421,0.000,-192.010,-12.322,-4.899,8.462,1.280,1.245
383.715,-3.955,-5.421,0.000,-167.623,-4.279,-3.197,7.365,1.285,3.434
383.722,-3.955,-5.421,0.000,-134.057,-13.393,-1.253,5.855,1.318,5.890
383.728,0.000,-1.642,0.000,-106.482,-9.809,-2.978,4.792,1.357,7.334
383.734,0.149,-1.043,0.000,-80.675,-9.888,-4.109,3.637,1.396,8.254
383.739,0.446,-0.744,0.000,-49.771,-12.763,-6.046,2.260,1.428,9.561
383.746,0.446,-0.744,0.000,-33.206,-13.089,-7.069,1.514,1.456,8.722
383.753,2.248,-0.744,0.000,-12.003,-17.665,-2.590,0.641,1.472,8.530
383.760,5.928,-0.744,0.000,3.109,-16.415,-3.942,0.127,1.479,7.841
383.766,5.928,-0.744,0.000,11.643,-13.702,-4.785,-0.257,1.477,6.680
383.773,19.102,-0.744,0.000,15.928,-15.650,-3.069,0.143,1.476,5.470
383.780,19.102,-0.744,0.000,18.478,-19.781,-2.288,0.028,1.477,4.317
383.787,37.464,-0.893,0.000,13.672,-15.192,-3.881,1.071,1.484,2.871
383.793,37.464,-0.893,0.000,7.480,-12.365,-4.708,1.349,1.501,1.490
383.800,37.464,-0.893,0.000,2.755,-16.538,-0.155,1.562,1.525,0.624
383.806,120.042,-1.793,0.000,-2.456,-15.079,-2.136,5.512,1.525,-0.035
383.813,178.989,-3.169,0.000,-8.444,-14.804,-6.114,8.434,1.525,-0.644
383.820,178.989,-3.169,0.000,-12.735,-13.029,-6.241,8.628,1.525,-0.911
383.826,309.688,-5.421,0.000,-12.333,-12.054,-5.388,14.491,1.525,-0.654
383.833,309.688,-5.421,0.000,-4.048,-11.952,-4.502,14.118,1.525,0.452
383.840,371.050,-5.421,0.000,10.825,-10.320,-4.614,16.210,1.525,2.023
383.847,408.399,-4.924,0.000,29.423,-11.267,-3.493,17.054,1.525,3.600
383.853,408.399,-4.924,0.000,57.119,-8.066,-3.289,15.808,1.525,6.099
383.859,414.906,-4.598,0.000,86.829,-13.172,-1.581,14.763,1.525,7.782
383.866,414.906,-4.598,0.000,119.511,-5.329,-1.393,13.293,1.527,9.302
383.872,414.906,-4.598,0.000,154.931,-7.285,-1.834,11.699,1.552,10.605
383.879,411.642,-4.436,0.000,190.255,0.041,-4.281,9.962,1.604,11.436
383.886,411.642,-4.436,0.000,226.975,-3.632,-3.736,8.310,1.671,12.190
383.893,411.642,-4.436,0.000,256.250,1.319,-4.501,6.993,1.745,11.980
383.899,411.642,-4.436,0.000,290.199,-3.941,-3.486,5.465,1.820,12.187
383.906,395.630,-3.325,0.000,316.780,-11.844,-4.826,3.548,1.882,11.475
383.913,353.429,-2.860,0.000,337.018,-14.984,-5.040,0.738,1.894,10.722
383.920,350.558,-2.553,0.000,352.612,-12.116,-3.459,-0.092,1.896,9.498
383.926,350.558,-2.553,0.000,359.635,-18.829,-0.884,-0.408,1.890,7.667
383.933,289.502,-1.192,0.000,366.483,-26.943,-1.087,-3.464,1.886,6.909
383.939,261.203,-1.342,0.000,368.166,-29.829,-0.803,-4.813,1.879,5.512
383.946,261.203,-1.342,0.000,362.760,-24.265,-5.498,-4.570,1.873,3.484
383.953,261.203,-1.342,0.000,348.152,-21.762,-7.124,-3.913,1.847,1.092
383.960,191.020,-1.642,0.000,341.659,-16.415,-5.081,-6.779,1.847,0.160
383.966,191.020,-1.642,0.000,323.838,-8.745,-4.326,-5.977,1.844,-1.756
383.973,75.985,-1.043,0.000,312.447,-12.134,-0.252,-10.641,1.837,-2.683
383.980,75.985,-1.043,0.000,295.403,-8.404,-1.353,-9.874,1.837,-3.825
383.987,75.985,-1.043,0.000,273.648,-10.416,-3.970,-8.895,1.837,-5.000
383.993,75.985,-1.043,0.000,259.756,-10.748,-3.609,-8.270,1.830,-5.083
384.000,75.985,-1.043,0.000,237.739,-4.749,-4.734,-7.279,1.787,-5.871
384.006,0.297,-0.595,0.000,218.995,-6.126,-3.955,-9.841,1.787,-7.095
384.012,0.297,-0.595,0.000,203.874,-8.289,-6.033,-9.161,1.787,-7.142
384.018,0.297,-0.595,0.000,191.306,-5.642,-6.361,-8.595,1.758,-6.763
384.023,-2.706,-0.446,0.000,178.046,-0.736,-5.721,-8.134,1.699,-6.531
384.030,-2.706,-0.446,0.000,161.757,-3.105,-3.906,-7.401,1.627,-6.588
384.036,-2.706,-0.446,0.000,154.162,-11.362,1.346,-7.059,1.554,-5.744
384.043,-2.553,-0.446,0.000,144.267,-12.396,0.035,-6.607,1.482,-5.298
384.049,-2.553,-0.446,0.000,134.326,-11.140,-4.921,-6.160,1.409,-4.938
384.056,-2.553,-0.446,0.000,124.184,-10.163,-3.925,-5.703,1.337,-4.738
384.062,-2.400,-0.446,0.000,119.893,-8.688,-3.841,-5.503,1.266,-3.971
384.069,-2.400,-0.446,0.000,112.015,-8.732,-4.990,-5.149,1.200,-3.812
384.075,-2.400,-0.446,0.000,108.221,-12.183,-4.971,-4.978,1.136,-3.259
384.081,-2.400,-0.446,0.000,103.653,-11.469,-4.764,-4.772,1.074,-2.956
384.087,-0.595,-0.446,0.000,100.251,-13.218,-4.639,-4.538,1.012,-2.566
384.093,-0.595,-0.446,0.000,96.974,-8.985,-5.807,-4.391,0.951,-2.274
384.099,-0.595,-0.446,0.000,95.432,-7.545,-7.375,-4.321,0.892,-1.848
384.105,-0.297,-0.595,0.000,91.091,-8.533,-6.841,-4.112,0.836,-1.847
384.111,-0.149,-0.595,0.000,89.393,-9.529,-8.308,-4.029,0.782,-1.635
384.116,-0.149,-0.595,0.000,90.092,-9.047,-8.977,-4.061,0.732,-1.179
384.121,-0.149,-0.595,0.000,88.203,-12.218,-6.453,-3.976,0.683,-1.170
384.126,-0.149,-0.595,0.000,83.341,-11.435,-7.313,-3.757,0.636,-1.503
384.131,-0.149,-0.595,0.000,78.847,-12.584,-6.811,-3.555,0.589,-1.756
384.136,-0.149,-0.595,0.000,75.445,-13.022,-6.491,-3.402,0.545,-1.782
384.142,-0.149,-0.595,0.000,71.152,-12.348,-5.870,-3.209,0.502,-1.888
384.147,-0.149,-0.595,0.000,68.988,-13.883,-4.828,-3.111,0.460,-1.669
384.152,-0.149,-0.595,0.000,64.618,-14.376,-4.393,-2.914,0.419,-1.768
384.157,-0.149,-0.595,0.000,59.381,-14.788,-4.594,-2.679,0.382,-1.931
384.162,-0.149,-0.595,0.000,54.601,-12.935,-5.632,-2.464,0.347,-2.020
384.168,-0.149,-0.595,0.000,48.919,-12.708,-6.295,-2.208,0.314,-2.200
384.173,-0.149,-0.595,0.000,42.859,-12.355,-6.852,-1.935,0.284,-2.377
384.178,-0.149,-0.595,0.000,38.820,-11.051,-7.730,-1.754,0.257,-2.256
384.183,-0.149,-0.595,0.000,33.600,-12.895,-8.089,-1.519,0.233,-2.319
384.189,-0.149,-0.595,0.000,30.629,-12.063,-8.858,-1.385,0.210,-2.054
384.194,-0.149,-0.595,0.000,27.792,-15.008,-6.119,-1.257,0.189,-1.893
384.199,-0.149,-0.595,0.000,25.067,-13.942,-7.315,-1.135,0.171,-1.761
384.204,-0.149,-0.595,0.000,21.983,-14.630,-5.971,-0.996,0.153,-1.731
384.210,-0.446,-0.595,0.000,21.469,-14.267,-7.122,-0.986,0.137,-1.402
384.216,-0.446,-0.595,0.000,19.535,-17.980,-7.601,-0.899,0.118,-1.286
384.222,-0.446,-0.595,0.000,16.991,-17.185,-7.816,-0.785,0.102,-1.240
384.228,-0.446,-0.595,0.000,15.441,-14.671,-5.521,-0.715,0.089,-1.051
384.234,-2.553,-0.595,0.000,11.837,-13.022,-5.929,-0.648,0.077,-1.125
384.240,-3.482,-0.446,0.000,10.801,-14.637,-5.830,-0.643,0.064,-0.964
384.247,-3.482,-0.446,0.000,11.742,-13.393,-6.233,-0.685,0.049,-0.653
384.253,-3.482,-0.446,0.000,12.451,-10.528,-8.130,-0.717,0.036,-0.397
384.260,-5.421,-0.446,0.000,8.790,-13.064,-8.001,-0.640,0.021,-0.639
384.266,-5.589,-0.446,0.000,8.011,-12.430,-7.578,-0.612,0.008,-0.569
384.273,-5.589,-0.446,0.000,12.764,-14.238,-7.154,-0.826,-0.007,0.037
384.279,-8.829,-0.446,0.000,9.310,-10.752,-8.999,-0.816,-0.024,-0.288
384.286,-9.219,-0.446,0.000,8.083,-10.809,-8.772,-0.779,-0.040,-0.331
384.293,-9.219,-0.446,0.000,7.990,-12.348,-9.328,-0.774,-0.057,-0.296
384.299,-9.219,-0.446,0.000,4.734,-11.035,-8.227,-0.628,-0.070,-0.518
384.306,-12.380,-0.446,0.000,1.876,-12.875,-8.261,-0.642,-0.085,-0.684
384.312,-12.380,-0.446,0.000,-0.020,-13.144,-7.402,-0.556,-0.098,-0.747
384.319,-12.380,-0.446,0.000,-1.025,-12.464,-7.102,-0.511,-0.107,-0.575
384.325,-17.666,-0.446,0.000,-5.912,-12.971,-7.008,-0.529,-0.116,-0.895
384.332,-17.666,-0.446,0.000,-8.837,-12.048,-7.772,-0.397,-0.126,-0.984
384.338,-17.666,-0.446,0.000,-9.911,-11.209,-7.614,-0.349,-0.132,-0.813
384.345,-21.561,-0.446,0.000,-14.579,-9.342,-8.968,-0.314,-0.140,-1.059
384.351,-21.561,-0.446,0.000,-22.627,-4.699,-8.031,0.048,-0.142,-1.580
384.358,-21.561,-0.446,0.000,-17.679,-9.801,-6.505,-0.175,-0.144,-0.724
384.365,-23.546,-0.446,0.000,-21.077,-8.280,-6.545,-0.111,-0.146,-0.861
384.371,-23.890,-0.446,0.000,-24.870,-4.593,-8.862,0.044,-0.146,-1.002
384.378,-23.890,-0.446,0.000,-21.460,-5.783,-8.624,-0.109,-0.149,-0.468
384.384,-23.890,-0.446,0.000,-23.134,-5.058,-8.047,-0.034,-0.148,-0.463
384.391,-25.660,-0.446,0.000,-25.039,-3.022,-9.035,-0.028,-0.150,-0.527
384.397,-26.026,-0.446,0.000,-26.341,-1.008,-8.473,0.014,-0.151,-0.558
384.404,-26.026,-0.446,0.000,-24.270,-2.434,-4.771,-0.079,-0.151,-0.199
384.410,-36.032,-0.446,0.000,-25.355,-0.825,-5.479,-0.480,-0.155,-0.252
384.417,-36.032,-0.446,0.000,-28.007,1.667,-7.808,-0.361,-0.162,-0.429
384.423,-36.032,-0.446,0.000,-29.178,-0.200,-5.887,-0.308,-0.169,-0.453
384.430,-36.032,-0.446,0.000,-30.679,0.360,-4.344,-0.241,-0.175,-0.495
384.436,-64.096,-0.446,0.000,-30.347,3.394,-10.022,-1.519,-0.194,-0.350
384.443,-68.660,-0.446,0.000,-32.204,2.485,-8.575,-1.640,-0.217,-0.448
384.450,-83.919,-0.446,0.000,-35.190,0.614,-3.271,-2.193,-0.242,-0.608
384.456,-90.535,-0.446,0.000,-37.051,0.342,-3.729,-2.407,-0.271,-0.653
384.463,-91.513,-0.446,0.000,-40.708,2.380,-4.946,-2.286,-0.305,-0.879
384.469,-91.513,-0.446,0.000,-41.503,1.596,-4.202,-2.250,-0.340,-0.721
384.475,-93.494,-0.297,0.000,-48.604,3.307,-5.458,-2.020,-0.373,-1.202
384.482,-93.494,-0.446,0.000,-54.592,0.374,-5.496,-1.751,-0.406,-1.510
384.488,-93.494,-0.446,0.000,-61.190,-1.096,-6.836,-1.454,-0.436,-1.789
384.495,-93.494,-0.446,0.000,-63.410,2.865,-7.508,-1.354,-0.463,-1.560
384.501,-84.840,-0.297,0.000,-72.113,5.349,-5.336,-0.573,-0.482,-1.973
384.508,-84.840,-0.297,0.000,-76.515,3.611,-1.868,-0.375,-0.492,-1.951
384.514,-84.840,-0.297,0.000,-82.325,3.237,-1.467,-0.113,-0.497,-2.076
384.520,-84.840,-0.297,0.000,-86.561,9.030,-4.322,0.077,-0.496,-1.981
384.527,-72.656,-0.297,0.000,-91.463,12.924,-6.445,0.846,-0.485,-1.978
384.533,-72.656,-0.297,0.000,-96.702,12.191,-4.568,1.082,-0.467,-1.996
384.539,-72.656,-0.297,0.000,-100.155,9.102,-1.086,1.237,-0.446,-1.864
384.545,-64.839,-0.297,0.000,-101.869,8.452,-1.549,1.666,-0.418,-1.590
384.552,-65.590,-0.297,0.000,-102.116,11.171,-4.080,1.644,-0.388,-1.193
384.558,-65.590,-0.297,0.000,-100.476,13.052,-5.608,1.570,-0.358,-0.735
384.564,-72.656,-0.297,0.000,-99.936,13.293,-7.424,1.228,-0.331,-0.474
384.570,-73.478,-0.297,0.000,-100.211,12.309,-5.053,1.203,-0.308,-0.415
384.577,-73.478,-0.297,0.000,-97.651,11.604,-2.415,1.088,-0.288,-0.079
384.583,-73.478,-0.297,0.000,-95.383,11.497,-3.208,0.986,-0.267,0.221
384.589,-73.478,-0.297,0.000,-96.343,15.538,-7.347,1.029,-0.247,0.083
384.596,-73.478,-0.297,0.000,-94.746,14.061,-7.224,0.957,-0.228,0.214
384.602,-73.478,-0.297,0.000,-92.484,12.866,-4.569,0.855,-0.211,0.307
384.608,-73.478,-0.297,0.000,-86.904,10.246,-4.742,0.604,-0.198,0.793
384.614,-71.843,-0.297,0.000,-84.828,11.348,-6.386,0.584,-0.184,0.851
384.621,-70.237,-0.297,0.000,-85.545,12.532,-7.549,0.689,-0.170,0.612
384.627,-70.237,-0.297,0.000,-87.219,8.705,-4.643,0.764,-0.156,0.275
384.633,-70.237,-0.297,0.000,-86.752,4.650,-1.555,0.743,-0.143,0.185
384.639,-55.033,-0.149,0.000,-86.500,1.839,-4.230,1.416,-0.126,0.167
384.645,-55.033,-0.149,0.000,-85.771,2.830,-6.586,1.383,-0.103,0.257
384.651,-55.033,-0.149,0.000,-87.625,1.561,-6.217,1.467,-0.079,0.028
384.657,-47.016,-0.149,0.000,-88.015,0.092,-8.162,1.845,-0.053,-0.015
384.662,-44.745,-0.149,0.000,-86.202,-1.544,-7.147,1.866,-0.025,0.186
384.668,-44.745,-0.149,0.000,-85.510,-5.268,-6.581,1.834,0.004,0.198
384.674,-44.745,-0.149,0.000,-86.053,-7.583,-7.837,1.859,0.033,0.047
384.680,-40.978,0.000,0.000,-84.722,-7.861,-10.056,1.968,0.064,0.120
384.685,-40.978,0.000,0.000,-82.343,-8.349,-8.894,1.861,0.094,0.321
384.691,-38.940,0.149,0.000,-82.789,-8.720,-9.062,1.973,0.128,0.241
384.697,-38.443,0.297,0.000,-82.944,-3.202,-10.350,2.003,0.163,0.200
384.703,-36.032,0.893,0.000,-81.071,-3.223,-7.825,2.027,0.200,0.387
384.710,-36.032,0.893,0.000,-81.653,-6.611,-4.301,2.053,0.237,0.200
384.717,-36.032,0.893,0.000,-79.545,-3.850,-4.048,1.958,0.274,0.346
384.723,-36.032,0.893,0.000,-76.140,-1.451,-6.466,1.805,0.309,0.620
384.729,-30.306,0.595,0.000,-77.241,-1.565,-8.209,2.112,0.347,0.378
384.736,-29.090,0.744,0.000,-71.987,-2.348,-4.164,1.930,0.385,0.757
384.743,-29.090,0.744,0.000,-68.375,-0.664,-3.414,1.768,0.421,0.918
384.750,-26.395,0.744,0.000,-67.728,-0.222,-7.184,1.860,0.456,0.756
384.756,-24.587,0.595,0.000,-66.677,2.749,-9.913,1.894,0.491,0.648
384.763,-24.587,0.595,0.000,-61.319,0.451,-10.766,1.653,0.523,1.030
384.769,-24.587,0.595,0.000,-61.882,0.599,-8.599,1.678,0.554,0.762
384.775,-22.871,0.744,0.000,-58.275,0.772,-5.958,1.593,0.585,0.925
384.782,-22.871,0.744,0.000,-60.123,3.929,-7.876,1.676,0.618,0.524
384.789,-22.871,0.744,0.000,-60.559,-1.222,-6.081,1.696,0.652,0.352
384.796,-20.306,0.744,0.000,-57.975,3.775,-9.544,1.695,0.686,0.521
384.802,-20.306,0.744,0.000,-53.618,4.675,-11.603,1.499,0.716,0.806
384.809,-20.306,0.744,0.000,-51.989,-0.061,-6.585,1.426,0.745,0.730
384.816,-20.306,0.744,0.000,-49.464,0.656,-3.433,1.312,0.773,0.809
384.823,-18.808,0.744,0.000,-47.686,1.490,-5.215,1.299,0.800,0.801
384.829,-18.808,0.744,0.000,-45.074,-3.134,-6.454,1.182,0.824,0.818
384.836,-17.666,0.893,0.000,-43.021,-4.174,-6.372,1.141,0.848,0.837
384.843,-17.112,0.893,0.000,-40.651,-1.478,-7.047,1.059,0.871,0.932
384.849,-17.112,0.893,0.000,-42.333,-3.304,-6.998,1.135,0.892,0.514
384.856,-13.302,0.893,0.000,-41.456,-3.686,-5.407,1.267,0.914,0.399
384.862,-13.302,0.893,0.000,-36.909,-3.970,-4.549,1.062,0.938,0.779
384.869,-11.276,0.744,0.000,-37.520,-3.179,-6.876,1.181,0.962,0.528
384.876,-11.276,0.744,0.000,-40.587,2.834,-7.322,1.319,0.987,0.109
384.882,-11.276,0.744,0.000,-37.881,-0.794,-4.836,1.197,1.013,0.360
384.889,-10.019,0.744,0.000,-36.867,-1.796,-1.104,1.208,1.038,0.348
384.896,-10.224,0.595,0.000,-35.374,2.974,-4.708,1.132,1.061,0.381
384.902,-10.430,0.595,0.000,-30.045,2.341,-5.824,0.883,1.079,0.832
384.908,-10.430,0.595,0.000,-29.516,0.933,-7.919,0.859,1.096,0.677
384.914,-10.430,0.595,0.000,-25.830,2.186,-7.883,0.693,1.111,0.884
384.921,-10.430,0.595,0.000,-23.981,6.518,-8.793,0.610,1.125,0.910
384.927,-10.639,1.192,0.000,-22.491,6.772,-7.719,0.533,1.137,0.863
384.933,-10.639,1.192,0.000,-22.958,5.028,-4.812,0.554,1.147,0.578
384.939,-10.639,1.192,0.000,-16.935,4.859,-2.671,0.283,1.154,1.004
384.946,-10.849,3.796,0.000,-12.911,7.242,-3.330,0.093,1.157,1.158
384.952,-10.639,5.758,0.000,-12.275,10.472,-4.605,0.074,1.160,0.949
384.959,-10.639,5.758,0.000,-13.302,8.960,-5.889,0.120,1.163,0.630
384.966,-10.639,10.430,0.000,-10.532,9.381,-3.494,-0.005,1.164,0.740
384.972,-10.639,15.777,0.000,-9.235,14.046,-2.429,-0.063,1.164,0.688
384.979,-10.639,15.777,0.000,-6.361,10.556,-4.693,-0.192,1.160,0.764
384.986,-10.430,22.538,0.000,-5.668,7.972,-7.226,-0.214,1.155,0.632
384.993,-10.430,22.538,0.000,-5.079,9.837,-5.252,-0.241,1.151,0.567
384.999,-10.224,24.587,0.000,-7.679,10.937,-4.330,-0.115,1.147,0.162
385.006,-10.224,24.587,0.000,-7.962,10.008,-5.081,-0.102,1.144,0.067
385.013,-9.023,41.500,0.000,-2.529,8.264,-5.009,-0.292,1.139,0.561
385.020,-8.636,46.440,0.000,-4.562,10.918,-5.274,-0.183,1.135,0.263
385.026,-8.636,46.440,0.000,-7.142,10.297,-4.101,-0.067,1.133,-0.041
385.033,-8.069,57.706,0.000,-2.007,8.214,-6.496,-0.273,1.129,0.446
385.040,-7.153,59.777,0.000,-6.001,9.569,-7.271,-0.052,1.125,-0.050
385.047,-7.153,59.777,0.000,-8.592,12.559,-4.665,0.065,1.125,-0.281
385.053,-7.153,59.777,0.000,-7.642,10.436,-2.887,0.022,1.126,-0.149
385.060,-7.153,59.777,0.000,-7.226,10.024,-1.677,0.003,1.125,-0.082
385.067,-4.436,58.390,0.000,-9.161,18.609,-5.584,0.213,1.129,-0.221
385.074,-4.436,58.390,0.000,-11.208,17.222,-3.450,0.305,1.135,-0.347
385.080,-3.639,58.390,0.000,-10.017,13.324,-2.052,0.287,1.141,-0.179
385.087,-3.169,58.390,0.000,-11.267,22.681,-6.062,0.364,1.148,-0.265
385.094,-3.169,58.390,0.000,-9.731,21.828,-5.270,0.295,1.155,-0.025
385.100,-3.169,58.390,0.000,-12.461,27.770,-5.941,0.418,1.162,-0.318
385.107,-2.860,58.390,0.000,-5.427,30.675,-7.155,0.115,1.169,0.474
385.114,-2.706,58.390,0.000,-8.304,36.354,-6.938,0.252,1.174,0.093
385.120,-2.706,58.390,0.000,-8.775,43.757,-6.670,0.273,1.179,0.004
385.127,-2.860,57.706,0.000,-3.683,41.300,-3.158,0.037,1.180,0.443
385.134,-2.860,57.706,0.000,-1.546,41.118,-2.883,-0.059,1.179,0.511
385.141,-2.860,57.706,0.000,2.138,51.565,-6.784,-0.225,1.175,0.726
385.147,-2.706,48.778,0.000,1.316,52.498,-7.127,-0.181,1.171,0.459
385.154,-2.706,48.778,0.000,6.894,54.137,-4.262,-0.432,1.163,0.870
385.161,-2.706,47.016,0.000,8.275,63.877,-7.199,-0.494,1.153,0.798
385.168,-2.706,47.016,0.000,3.110,59.486,-2.978,-0.262,1.146,0.127
385.174,-2.248,32.855,0.000,7.703,53.523,0.019,-0.448,1.137,0.503
385.181,-2.248,32.855,0.000,4.885,60.663,-4.690,-0.321,1.130,0.123
385.188,-1.944,20.000,0.000,2.803,58.766,-5.201,-0.214,1.122,-0.169
385.195,-1.944,18.518,0.000,5.900,54.942,-4.185,-0.353,1.116,0.159
385.201,-1.944,18.518,0.000,3.839,56.219,-4.626,-0.260,1.110,-0.038
385.208,-1.944,18.518,0.000,-0.216,47.599,-3.587,-0.078,1.107,-0.419
385.215,-1.944,4.114,0.000,-0.697,41.669,-3.534,-0.056,1.105,-0.369
385.222,-1.793,2.553,0.000,-2.627,43.703,-4.968,0.037,1.106,-0.427
385.228,-1.793,2.553,0.000,-6.792,34.671,-2.001,0.225,1.109,-0.725
385.234,-1.342,0.297,0.000,-6.788,28.633,-0.037,0.245,1.112,-0.634
385.241,-1.043,0.149,0.000,-6.544,25.315,-2.480,0.248,1.118,-0.421
385.247,-1.043,0.149,0.000,-7.881,26.700,-4.661,0.308,1.124,-0.460
385.252,-0.595,0.000,0.000,-7.003,22.674,-4.502,0.288,1.130,-0.209
385.257,-0.446,-0.149,0.000,-8.454,21.581,-4.929,0.360,1.136,-0.306
385.263,-0.446,-0.149,0.000,-7.479,18.948,-3.973,0.316,1.142,-0.099
385.268,-0.446,-0.149,0.000,-3.803,13.620,-4.622,0.151,1.146,0.377
385.274,-0.446,-0.297,0.000,-3.760,12.909,-4.969,0.149,1.148,0.275
385.280,-0.446,-0.297,0.000,-2.285,10.189,-5.636,0.083,1.149,0.268
385.286,-0.446,-0.297,0.000,2.394,8.427,-4.992,-0.128,1.147,0.645
385.292,-0.446,-0.297,0.000,5.480,7.512,-4.969,-0.267,1.144,0.860
385.298,-0.446,-0.297,0.000,5.315,8.083,-4.939,-0.259,1.141,0.700
385.304,-0.446,-0.297,0.000,5.273,8.186,-3.157,-0.257,1.135,0.507
385.310,-0.446,-0.446,0.000,7.212,8.959,-3.434,-0.345,1.129,0.595
385.317,-0.446,-0.446,0.000,8.236,11.193,-6.175,-0.391,1.120,0.504
385.323,-0.446,-0.446,0.000,11.204,6.515,-3.349,-0.524,1.111,0.664
385.330,-0.446,-0.446,0.000,14.066,7.595,-2.436,-0.653,1.098,0.782
385.336,-0.446,-0.446,0.000,11.838,11.137,-3.866,-0.553,1.087,0.411
385.342,-1.944,-0.446,0.000,14.182,9.296,-3.790,-0.726,1.073,0.528
385.349,-1.944,-0.446,0.000,12.702,8.982,-3.067,-0.659,1.059,0.245
385.355,-1.944,-0.446,0.000,10.794,10.464,-3.936,-0.573,1.046,0.012
385.362,-1.944,-0.446,0.000,8.813,12.493,-6.110,-0.484,1.036,-0.157
385.368,-5.255,-0.446,0.000,7.651,7.015,-2.069,-0.581,1.023,-0.253
385.375,-7.153,-0.446,0.000,8.972,9.530,-2.913,-0.726,1.008,-0.086
385.382,-7.333,-0.446,0.000,7.919,15.492,-7.079,-0.686,0.993,-0.153
385.388,-6.621,-0.446,0.000,6.231,13.926,-7.684,-0.578,0.981,-0.261
385.395,-6.621,-0.446,0.000,5.189,10.107,-3.937,-0.531,0.970,-0.287
385.401,-6.621,-0.446,0.000,2.964,11.958,-4.633,-0.431,0.961,-0.406
385.407,-0.595,-0.446,0.000,2.118,13.488,-5.403,-0.122,0.957,-0.429
385.414,-0.595,-0.446,0.000,2.973,9.596,-4.186,-0.161,0.954,-0.232
385.420,-0.595,-0.446,0.000,0.690,7.379,-2.126,-0.058,0.953,-0.410
385.426,0.446,-0.446,0.000,1.398,6.246,-1.803,-0.043,0.951,-0.234
385.432,0.595,-0.446,0.000,-1.174,9.208,-3.512,0.080,0.953,-0.393
385.438,0.595,-0.446,0.000,-1.487,9.272,-4.376,0.094,0.954,-0.354
385.444,0.595,-0.446,0.000,-1.411,4.868,-2.827,0.090,0.955,-0.285
385.451,3.014,-0.446,0.000,-0.629,2.579,-1.604,0.164,0.958,-0.150
385.457,4.436,-0.446,0.000,1.199,3.917,-3.838,0.146,0.961,0.086
385.464,4.436,-0.446,0.000,-0.081,7.554,-5.598,0.203,0.965,-0.043
385.470,4.436,-0.446,0.000,-0.766,1.591,-2.387,0.234,0.969,-0.114
385.477,11.276,-0.446,0.000,1.663,-0.373,-1.799,0.433,0.979,0.136
385.483,21.884,-0.446,0.000,3.611,2.051,-3.582,0.822,0.994,0.305
385.490,21.884,-0.446,0.000,5.730,-0.057,-1.413,0.727,1.008,0.441
385.496,21.884,-0.446,0.000,8.885,-3.904,1.443,0.585,1.019,0.622
385.503,120.042,-0.446,0.000,9.526,1.888,-2.111,4.973,1.027,0.630
385.510,135.393,-0.446,0.000,10.921,3.268,-2.929,5.601,1.027,0.617
385.516,135.393,-0.446,0.000,12.939,-0.966,-2.336,5.510,1.028,0.659
385.523,135.393,-0.446,0.000,21.437,-6.797,0.869,5.128,1.049,1.356
385.529,196.369,-0.297,0.000,25.525,0.077,0.506,7.688,1.049,1.536
385.535,203.686,-0.297,0.000,32.234,0.053,-0.358,7.715,1.049,1.902
385.542,203.686,-0.297,0.000,39.285,-0.929,-2.041,7.398,1.074,2.170
385.548,203.686,-0.297,0.000,47.646,2.433,-4.006,7.022,1.129,2.490
385.554,215.067,-0.297,0.000,61.308,4.945,-5.079,6.919,1.185,3.322
385.560,215.067,-0.297,0.000,71.185,3.347,-3.978,6.475,1.255,3.514
385.566,215.067,-0.297,0.000,86.480,3.039,-0.796,5.786,1.324,4.198
385.573,207.425,-0.297,0.000,101.811,6.807,1.153,4.753,1.393,4.730
385.579,191.020,-0.297,0.000,114.118,3.848,1.947,3.461,1.452,4.788
385.585,191.020,-0.297,0.000,128.059,3.856,2.002,2.833,1.501,5.054
385.592,191.020,-0.297,0.000,141.674,9.116,-3.019,2.221,1.543,5.154
385.598,191.020,-0.297,0.000,153.127,9.128,-4.140,1.705,1.576,5.013
385.604,135.393,-0.149,0.000,162.693,9.412,-4.824,-1.228,1.583,5.088
385.610,126.260,-0.149,0.000,172.963,5.714,-3.192,-2.102,1.574,4.958
385.615,126.260,-0.149,0.000,178.501,5.600,-1.996,-2.351,1.557,4.276
385.621,126.260,-0.149,0.000,182.108,5.324,-0.865,-2.513,1.532,3.562
385.627,63.360,-0.297,0.000,184.476,6.045,-0.297,-5.450,1.521,3.220
385.633,42.028,-0.297,0.000,179.772,8.771,-2.289,-6.198,1.521,1.914
385.639,42.028,-0.297,0.000,175.683,11.144,-3.783,-6.014,1.519,0.939
385.646,42.028,-0.297,0.000,168.637,8.269,-1.165,-5.697,1.493,-0.159
385.652,9.023,-0.297,0.000,161.836,6.967,1.819,-6.877,1.478,-0.878
385.658,3.796,-0.297,0.000,151.572,9.160,0.672,-6.650,1.459,-1.756
385.664,3.796,-0.297,0.000,138.719,6.800,0.366,-6.071,1.415,-2.598
385.671,3.796,-0.297,0.000,126.569,5.469,1.789,-5.525,1.356,-3.223
385.677,3.796,-0.297,0.000,117.508,7.020,-1.089,-5.117,1.290,-3.319
385.683,-0.297,-0.446,0.000,105.944,8.169,-2.498,-4.781,1.226,-3.680
385.689,-0.297,-0.446,0.000,89.005,8.004,-2.503,-4.019,1.167,-4.586
385.695,-0.297,-0.446,0.000,78.225,9.756,-2.531,-3.533,1.113,-4.605
385.701,-0.297,-0.446,0.000,65.488,13.675,-4.407,-2.960,1.064,-4.753
385.707,-0.297,-0.446,0.000,61.179,10.285,-4.988,-2.766,1.019,-4.020
385.714,-0.297,-0.446,0.000,51.267,7.217,-3.016,-2.320,0.976,-4.100
385.719,-0.149,-0.446,0.000,47.309,3.423,0.414,-2.136,0.940,-3.540
385.725,-0.297,-0.446,0.000,41.470,3.962,2.041,-1.880,0.909,-3.354
385.731,-0.297,-0.446,0.000,40.163,4.966,-0.048,-1.821,0.877,-2.628
385.737,-0.297,-0.446,0.000,39.546,9.156,-2.644,-1.793,0.846,-2.009
385.743,-0.297,-0.446,0.000,37.235,12.074,-4.033,-1.689,0.816,-1.745
385.749,-0.446,-0.446,0.000,39.237,11.091,-2.691,-1.786,0.785,-1.119
385.756,-0.446,-0.446,0.000,40.571,8.948,0.019,-1.846,0.751,-0.697
385.762,-0.446,-0.446,0.000,43.244,5.863,0.894,-1.966,0.716,-0.262
385.768,-0.595,-0.446,0.000,45.025,8.649,-1.267,-2.053,0.681,0.012
385.774,-1.043,-0.446,0.000,44.115,11.581,-4.445,-2.032,0.644,-0.108
385.781,-1.342,-0.446,0.000,46.812,7.496,-2.576,-2.167,0.605,0.172
385.787,-1.342,-0.446,0.000,48.072,6.196,-1.469,-2.224,0.566,0.251
385.794,-1.342,-0.446,0.000,45.823,5.877,-2.902,-2.122,0.527,-0.011
385.800,-2.248,-0.446,0.000,43.015,7.366,-3.542,-2.037,0.488,-0.312
385.807,-2.706,-0.446,0.000,41.845,9.237,-2.226,-2.005,0.450,-0.343
385.813,-2.706,-0.446,0.000,39.464,11.095,-2.491,-1.898,0.414,-0.483
385.820,-3.325,-0.446,0.000,34.283,5.426,-3.749,-1.692,0.381,-0.864
385.826,-3.325,-0.446,0.000,30.875,4.836,-2.752,-1.539,0.350,-0.971
385.833,-8.256,-0.446,0.000,26.827,9.983,-4.770,-1.579,0.322,-1.107
385.840,-8.256,-0.446,0.000,20.514,6.131,-3.375,-1.295,0.294,-1.457
385.846,-10.430,-0.446,0.000,18.867,2.600,1.162,-1.318,0.268,-1.273
385.853,-10.430,-0.446,0.000,13.540,6.237,-2.019,-1.079,0.245,-1.459
385.859,-10.430,-0.446,0.000,7.720,6.355,-3.758,-0.817,0.227,-1.614
385.866,-86.706,-0.297,0.000,1.686,2.022,-2.556,-3.978,0.221,-2.040
385.872,-86.706,-0.297,0.000,-0.155,1.171,-2.040,-3.895,0.208,-1.683
385.878,-86.706,-0.297,0.000,-3.365,1.607,-4.000,-3.750,0.179,-1.521
385.884,-86.706,-0.297,0.000,-9.431,2.619,-4.593,-3.477,0.140,-1.770
385.890,-258.949,0.000,0.000,-13.259,0.895,-3.035,-11.056,0.140,-2.047
385.896,-258.949,0.000,0.000,-17.369,-1.798,-0.092,-10.871,0.140,-2.093
385.902,-499.679,2.860,0.000,-25.549,-0.461,-1.429,-21.336,0.140,-2.626
385.908,-499.679,2.860,0.000,-33.981,-1.158,-4.465,-20.956,0.140,-2.921
385.915,-499.679,2.860,0.000,-52.656,-0.504,-2.016,-20.116,0.140,-4.289
385.922,-499.679,2.860,0.000,-75.607,3.245,-5.191,-19.083,0.140,-5.806
385.929,-731.338,2.860,0.000,-109.561,-0.609,-3.377,-27.980,0.140,-8.274
385.935,-726.189,2.096,0.000,-144.390,3.341,-5.001,-26.181,0.140,-10.133
385.942,-726.189,2.096,0.000,-182.471,-2.071,-1.776,-24.467,0.140,-12.014
385.949,-726.189,2.096,0.000,-228.373,1.383,-3.943,-22.402,0.140,-14.069
385.956,-726.189,2.096,0.000,-275.214,0.273,-6.429,-20.294,0.140,-15.810
385.962,-726.189,2.096,0.000,-331.207,1.160,-5.156,-17.774,0.140,-18.097
385.969,-726.189,2.096,0.000,-380.496,2.055,-4.812,-15.556,0.140,-18.711
385.976,-233.081,-0.595,0.000,-429.200,3.395,-2.290,8.825,0.140,-20.049
385.982,-233.081,-0.595,0.000,-471.466,4.181,-5.914,10.727,0.140,-20.149
385.988,-96.529,-0.893,0.000,-498.032,5.932,-6.130,18.068,0.140,-18.301
385.995,-74.306,-1.043,0.000,-507.321,4.584,-5.375,19.486,0.140,-14.693
386.002,-74.306,-1.043,0.000,-506.426,8.643,2.150,19.445,0.140,-10.851
386.008,-74.306,-1.043,0.000,-476.226,0.130,3.265,18.086,0.140,-4.788
386.015,-10.224,-1.642,0.000,-428.456,3.143,-1.542,18.820,0.140,1.871
386.022,-10.224,-1.642,0.000,-371.570,3.213,0.261,16.261,0.140,7.847
386.028,-10.224,-1.642,0.000,-309.729,0.601,-0.438,13.478,0.140,12.431
386.035,0.000,-0.893,0.000,-237.669,-6.883,-3.698,10.695,0.140,17.430
386.040,0.000,-0.893,0.000,-176.066,-10.556,-2.919,7.923,0.152,20.275
386.046,0.000,-0.595,0.000,-119.556,-14.481,-3.606,5.380,0.185,21.912
386.051,0.000,-0.446,0.000,-73.235,-17.734,-2.046,3.296,0.219,21.831
386.056,0.000,-0.446,0.000,-37.390,-21.576,-2.646,1.683,0.243,20.419
386.062,0.000,-0.446,0.000,-11.792,-22.412,-4.177,0.531,0.254,18.112
386.067,0.000,-0.446,0.000,2.016,-23.744,-5.073,-0.091,0.254,15.012
386.073,0.000,-0.446,0.000,6.525,-22.907,-4.373,-0.294,0.251,11.706
386.078,0.000,-0.446,0.000,-2.291,-22.110,-3.816,0.103,0.251,7.758
386.084,0.000,-0.446,0.000,-18.641,-13.721,-4.271,0.839,0.261,3.998
386.090,0.000,-0.446,0.000,-39.539,-8.649,-3.906,1.779,0.284,0.590
386.095,0.000,-0.446,0.000,-59.318,-8.522,-4.860,2.669,0.318,-2.001
386.101,0.000,-0.446,0.000,-81.543,-6.874,-2.492,3.669,0.364,-4.174
386.106,0.000,-0.446,0.000,-104.250,-3.718,-4.758,4.691,0.418,-5.862
386.112,0.000,-0.446,0.000,-127.957,1.642,-7.350,5.758,0.478,-7.245
386.117,0.000,-0.446,0.000,-141.677,0.767,-6.033,6.375,0.539,-7.132
386.123,0.000,-0.446,0.000,-150.218,-0.333,-5.258,6.760,0.603,-6.383
386.129,3.955,-0.446,0.000,-151.831,-4.461,-3.891,7.010,0.668,-4.965
386.135,3.955,-0.446,0.000,-150.119,-7.677,-6.089,6.933,0.742,-3.541
386.142,3.955,-0.446,0.000,-138.771,-3.021,-7.255,6.423,0.815,-1.470
386.148,14.018,-0.595,0.000,-118.071,-10.690,-6.273,5.944,0.888,1.033
386.155,14.018,-0.595,0.000,-104.314,-10.886,-5.438,5.325,0.955,2.254
386.161,14.018,-0.595,0.000,-83.938,-10.090,-2.817,4.408,1.020,3.787
386.167,26.395,-0.595,0.000,-58.853,-15.462,-2.161,3.836,1.079,5.519
386.173,26.395,-0.595,0.000,-36.325,-13.327,-2.674,2.822,1.130,6.362
386.180,26.395,-0.595,0.000,-12.975,-12.135,-2.203,1.772,1.167,7.101
386.186,26.395,-0.595,0.000,3.667,-13.609,-2.359,1.023,1.192,7.028
386.192,140.843,-0.893,0.000,17.989,-14.246,-3.963,5.528,1.192,7.708
386.199,250.085,-1.043,0.000,30.260,-12.708,-6.743,9.892,1.192,7.281
386.206,250.085,-1.043,0.000,37.754,-15.457,-5.659,9.555,1.192,6.327
386.212,542.911,-2.400,0.000,49.282,-17.083,-5.361,22.213,1.192,6.067
386.219,597.825,-3.014,0.000,55.963,-11.512,-6.183,24.384,1.192,5.357
386.225,597.825,-3.014,0.000,63.840,-11.677,-4.978,24.029,1.192,4.937
386.232,597.825,-3.014,0.000,79.863,-5.164,-4.511,23.308,1.192,5.413
386.239,757.525,-2.860,0.000,109.096,-12.517,-6.111,29.179,1.192,7.317
386.246,773.598,-2.706,0.000,140.630,-4.643,-8.598,28.484,1.192,9.056
386.252,773.598,-2.706,0.000,175.845,-1.273,-7.798,26.899,1.192,10.768
386.259,773.598,-2.706,0.000,228.767,-5.551,-5.819,24.517,1.192,13.964
386.266,773.598,-2.706,0.000,278.690,2.129,-6.979,22.271,1.192,16.004
386.273,773.598,-2.706,0.000,331.722,1.250,-3.242,19.884,1.192,17.965
386.279,773.598,-2.706,0.000,394.578,-13.185,-1.318,17.056,1.192,20.281
386.286,773.598,-2.706,0.000,447.648,-8.581,-4.111,14.668,1.192,20.699
386.293,428.169,-3.639,0.000,503.273,-20.005,-2.924,-3.380,1.192,22.403
386.299,374.054,-3.639,0.000,545.866,-16.055,-5.385,-7.732,1.192,21.665
386.306,235.155,-2.553,0.000,574.276,-19.860,-6.133,-15.260,1.192,19.409
386.313,143.633,-1.043,0.000,586.200,-22.534,-5.300,-19.915,1.192,15.875
386.319,117.624,-0.893,0.000,574.183,-16.368,-5.803,-20.545,1.192,10.552
386.326,37.951,-0.446,0.000,544.403,-9.853,-0.970,-22.790,1.192,4.527
386.333,37.951,-0.446,0.000,495.895,-2.482,-2.377,-20.607,1.192,-2.167
386.339,25.660,-0.297,0.000,441.918,2.640,-4.811,-18.732,1.192,-8.040
386.345,25.660,-0.297,0.000,380.472,10.737,-7.807,-15.967,1.192,-13.444
386.351,25.660,-0.297,0.000,307.838,17.801,-8.622,-12.698,1.192,-18.079
386.358,4.760,-0.446,0.000,245.516,21.330,-7.481,-10.834,1.192,-20.769
386.364,4.760,-0.446,0.000,185.748,25.486,-8.290,-8.144,1.189,-21.302
386.371,4.760,-0.446,0.000,136.168,26.910,-7.694,-5.913,1.160,-20.728
386.377,0.297,-0.446,0.000,98.122,27.860,-5.760,-4.402,1.125,-19.429
386.383,0.000,-0.446,0.000,71.412,30.822,-6.716,-3.214,1.089,-17.267
386.388,0.000,-0.446,0.000,52.987,28.307,-7.173,-2.384,1.060,-14.903
386.394,0.000,-0.446,0.000,49.628,24.494,-5.846,-2.233,1.030,-11.418
386.399,0.000,-0.446,0.000,53.897,17.657,-5.367,-2.425,0.997,-7.953
386.405,0.000,-0.446,0.000,64.977,10.057,-6.096,-2.924,0.957,-4.623
386.411,0.000,-0.446,0.000,78.981,5.832,-4.734,-3.554,0.911,-1.852
386.416,0.000,-0.446,0.000,96.096,6.944,-3.431,-4.324,0.859,0.628
386.422,0.000,-0.446,0.000,118.940,4.314,-2.321,-5.352,0.801,3.168
386.427,0.000,-0.446,0.000,140.998,-0.938,-2.483,-6.345,0.740,5.086
386.433,0.000,-0.446,0.000,155.649,-4.397,-4.829,-7.004,0.678,5.714
386.438,0.000,-0.446,0.000,168.032,-6.976,-7.216,-7.561,0.617,5.947
386.444,0.000,-0.446,0.000,174.475,-5.583,-7.192,-7.851,0.557,5.281
386.449,0.000,-0.446,0.000,173.411,-6.006,-4.881,-7.803,0.494,3.819
386.455,0.000,-0.446,0.000,168.236,-5.523,-3.200,-7.571,0.433,2.243
386.460,0.000,-0.446,0.000,156.896,-2.484,-2.940,-7.060,0.372,0.286
386.466,0.000,-0.446,0.000,144.984,-1.063,-3.579,-6.524,0.309,-1.242
386.471,0.000,-0.446,0.000,125.932,0.518,-6.654,-5.667,0.249,-3.190
386.477,0.000,-0.446,0.000,104.252,0.651,-8.282,-4.691,0.191,-4.960
386.483,0.000,-0.446,0.000,85.359,0.764,-7.702,-3.841,0.137,-5.948
386.488,0.000,-0.446,0.000,68.595,-0.078,-5.846,-3.087,0.089,-6.504
386.494,0.000,-0.446,0.000,49.880,-1.168,-4.053,-2.245,0.050,-7.089
386.499,0.000,-0.446,0.000,33.909,0.460,-6.707,-1.526,0.022,-7.126
386.505,0.000,-0.446,0.000,19.284,0.462,-8.967,-0.868,0.004,-6.943
386.510,-0.149,-0.446,0.000,11.364,0.701,-9.163,-0.518,-0.007,-6.064
386.516,-0.149,-0.446,0.000,2.268,0.646,-7.148,-0.109,-0.012,-5.564
386.521,-0.149,-0.446,0.000,0.358,-0.568,-5.810,-0.023,-0.014,-4.447
386.527,-0.595,-0.446,0.000,-1.580,-3.300,-3.952,0.044,-0.014,-3.611
386.533,-0.595,-0.446,0.000,-3.178,-5.677,-4.497,0.116,-0.013,-2.923
386.539,-4.598,-0.446,0.000,1.275,-5.422,-4.466,-0.264,-0.016,-1.723
386.546,-7.698,-0.446,0.000,1.660,-2.413,-5.467,-0.421,-0.024,-1.261
386.552,-23.546,-0.446,0.000,3.870,-5.898,-6.107,-1.234,-0.040,-0.746
386.559,-41.500,-0.446,0.000,10.019,-9.423,-5.386,-2.318,-0.066,0.021
386.565,-41.500,-0.446,0.000,17.011,-8.008,-6.230,-2.633,-0.100,0.759
386.572,-138.097,-0.297,0.000,17.842,-4.202,-7.412,-7.017,-0.128,0.788
386.578,-138.097,-0.297,0.000,21.729,-5.468,-6.140,-7.192,-0.128,0.964
386.585,-198.179,-0.297,0.000,23.535,-8.282,-4.160,-9.977,-0.128,0.876
386.591,-233.081,-0.297,0.000,19.559,-7.373,-6.749,-11.369,-0.128,0.210
386.597,-233.081,-0.297,0.000,8.911,-4.675,-7.225,-10.890,-0.128,-1.083
386.603,-473.639,-0.297,0.000,-7.632,-5.485,-6.826,-20.970,-0.128,-2.896
386.610,-473.639,-0.297,0.000,-20.014,-7.965,-4.210,-20.413,-0.128,-3.727
386.616,-515.067,-0.297,0.000,-41.277,-6.591,-6.574,-21.321,-0.128,-5.347
386.622,-515.067,-0.297,0.000,-71.896,-13.442,-3.852,-19.943,-0.128,-7.549
386.629,-606.656,-0.446,0.000,-103.593,-13.017,-8.440,-22.638,-0.128,-9.371
386.635,-602.228,-0.446,0.000,-140.702,-11.974,-9.329,-20.769,-0.128,-11.232
386.642,-602.228,-0.446,0.000,-182.546,-16.030,-12.678,-18.886,-0.128,-13.191
386.648,-602.228,-0.446,0.000,-222.950,-14.647,-11.467,-17.067,-0.128,-14.397
386.655,-602.228,-0.446,0.000,-269.136,-16.045,-14.439,-14.989,-0.128,-15.664
386.661,-495.890,-0.446,0.000,-308.949,-14.099,-12.307,-8.412,-0.193,-15.169
386.668,-470.010,-0.595,0.000,-345.599,-15.813,-12.424,-5.598,-0.242,-14.993
386.674,-344.873,-0.595,0.000,-380.742,-11.440,-10.027,1.614,-0.256,-16.642
386.681,-270.379,-0.595,0.000,-406.725,-12.182,-9.182,6.136,-0.256,-15.588
386.687,-270.379,-0.595,0.000,-425.039,-14.815,-8.028,6.960,-0.256,-13.914
386.693,-239.346,-0.595,0.000,-427.857,-6.979,-9.448,8.483,-0.256,-10.787
386.699,-239.346,-0.595,0.000,-421.249,-8.343,-8.874,8.186,-0.256,-7.056
386.706,-100.698,-0.744,0.000,-412.475,-0.549,-7.871,14.030,-0.256,-4.315
386.713,-83.007,-0.744,0.000,-391.680,-2.028,-6.603,13.890,-0.256,-0.987
386.719,-83.007,-0.744,0.000,-359.916,5.802,-9.139,12.461,-0.256,2.856
386.726,-83.007,-0.744,0.000,-328.758,13.250,-7.460,11.059,-0.256,5.450
386.733,-83.007,-0.744,0.000,-283.027,6.777,-4.996,9.001,-0.256,8.676
386.740,-25.660,-1.043,0.000,-245.080,12.496,-5.112,9.874,-0.256,10.869
386.746,-25.660,-1.043,0.000,-204.875,1.566,-5.920,8.065,-0.256,12.057
386.753,-28.300,-0.893,0.000,-169.772,4.621,-11.182,6.366,-0.233,12.358
386.760,-33.739,-0.744,0.000,-138.789,-4.249,-7.878,4.727,-0.183,12.079
386.766,-35.101,-0.744,0.000,-112.364,-12.590,-6.795,3.477,-0.132,11.446
386.773,-35.101,-0.744,0.000,-96.705,-8.301,-8.195,2.772,-0.084,9.971
386.780,-35.564,-0.595,0.000,-89.324,-11.602,-6.874,2.419,-0.040,8.148
386.786,-35.564,-0.595,0.000,-86.490,-17.739,-4.749,2.292,-0.002,6.306
386.792,-35.564,-0.595,0.000,-88.755,-18.062,-6.020,2.394,0.039,4.562
386.798,-35.564,-0.595,0.000,-95.222,-14.931,-10.106,2.685,0.082,2.794
386.805,-11.062,-0.744,0.000,-101.822,-18.616,-8.390,4.084,0.132,1.422
386.812,-11.062,-0.744,0.000,-112.251,-20.256,-8.347,4.554,0.197,0.041
386.818,-11.062,-0.744,0.000,-124.878,-21.067,-8.330,5.122,0.266,-1.211
386.825,-11.062,-0.744,0.000,-130.083,-22.925,-6.774,5.356,0.338,-1.430
386.831,0.149,-1.043,0.000,-138.569,-21.476,-7.320,6.242,0.406,-1.968
386.837,0.149,-1.043,0.000,-146.229,-18.593,-8.628,6.587,0.469,-2.351
386.842,0.000,-0.744,0.000,-148.687,-19.556,-7.205,6.691,0.533,-2.069
386.848,0.000,-0.744,0.000,-145.259,-12.970,-7.687,6.537,0.598,-1.124
386.854,0.000,-0.744,0.000,-138.670,-11.699,-5.712,6.240,0.662,-0.127
386.860,0.000,-0.595,0.000,-128.848,-13.431,-4.580,5.798,0.724,1.172
386.865,0.000,-0.595,0.000,-119.655,-14.421,-5.759,5.384,0.781,2.067
386.870,0.000,-0.595,0.000,-112.020,-13.308,-5.790,5.041,0.836,2.509
386.875,0.000,-0.595,0.000,-98.675,-8.692,-8.539,4.440,0.889,3.520
386.880,0.000,-0.446,0.000,-86.751,-4.079,-10.907,3.904,0.938,4.087
386.886,0.000,-0.446,0.000,-68.410,-5.616,-9.144,3.078,0.984,5.159
386.892,0.149,-0.446,0.000,-53.925,-6.700,-8.095,2.433,1.025,5.625
386.897,0.149,-0.446,0.000,-42.092,-10.740,-8.409,1.901,1.059,5.745
386.903,0.149,-0.446,0.000,-33.659,-11.939,-6.871,1.521,1.087,5.299
386.908,0.595,-0.595,0.000,-24.303,-8.448,-6.052,1.120,1.109,5.024
386.914,4.924,-0.595,0.000,-16.195,-6.993,-4.122,0.950,1.127,4.670
386.920,4.924,-0.595,0.000,-13.402,-3.770,-6.703,0.825,1.142,3.824
386.926,4.924,-0.595,0.000,-11.004,-1.772,-8.385,0.717,1.156,3.135
386.932,20.000,-0.744,0.000,-8.050,-3.629,-6.806,1.262,1.178,2.664
386.939,30.306,-0.744,0.000,-2.869,-1.861,-7.341,1.493,1.203,2.535
386.946,36.982,-0.595,0.000,-4.296,-2.298,-6.879,1.857,1.231,1.801
386.952,112.905,-0.595,0.000,-4.033,-7.028,-5.437,5.262,1.241,1.481
386.958,169.163,-0.595,0.000,-3.393,-9.363,-2.824,7.765,1.241,1.193
386.964,169.163,-0.595,0.000,-5.646,-1.426,-9.206,7.866,1.241,0.604
386.970,169.163,-0.595,0.000,-2.047,-2.001,-9.153,7.704,1.241,0.858
386.977,304.539,-0.595,0.000,-1.061,-9.155,-6.417,13.752,1.241,0.818
386.983,411.642,-0.744,0.000,10.094,-7.886,-4.994,18.070,1.241,1.871
386.990,452.195,-0.744,0.000,25.392,-6.856,-4.116,19.206,1.241,3.155
386.997,452.195,-0.744,0.000,39.214,-0.187,-2.977,18.584,1.241,3.921
387.003,538.861,-0.744,0.000,68.443,-6.545,-0.913,21.169,1.241,6.217
387.010,538.861,-0.744,0.000,97.072,-1.061,-2.030,19.881,1.241,7.851
387.017,538.861,-0.744,0.000,134.029,-9.713,-1.674,18.217,1.241,9.979
387.023,538.861,-0.744,0.000,175.078,-5.832,-4.138,16.370,1.241,11.825
387.030,538.861,-0.744,0.000,213.049,-10.175,-3.845,14.662,1.241,12.742
387.037,538.861,-0.744,0.000,258.693,-10.368,-4.073,12.608,1.248,14.149
387.044,434.927,-1.793,0.000,294.538,-8.748,-4.327,6.317,1.274,13.863
387.050,359.227,-2.706,0.000,333.127,-5.457,-3.932,1.174,1.300,15.796
387.057,359.227,-2.706,0.000,362.441,-5.677,-5.234,-0.145,1.300,14.518
387.064,359.227,-2.706,0.000,386.244,-5.204,-0.479,-1.216,1.299,12.968
387.070,228.978,-3.639,0.000,404.590,-4.992,0.415,-7.903,1.299,12.620
387.077,169.163,-3.169,0.000,410.469,-7.968,-2.252,-10.859,1.299,10.088
387.084,169.163,-3.169,0.000,400.831,-12.073,-2.217,-10.425,1.299,6.508
387.090,75.985,-1.043,0.000,380.992,-3.761,-6.018,-13.725,1.299,2.594
387.097,59.080,-1.043,0.000,350.900,-3.341,-8.050,-13.132,1.299,-1.367
387.104,59.080,-1.043,0.000,320.352,-1.455,-9.001,-11.757,1.299,-4.399
387.111,21.561,-0.446,0.000,280.047,0.024,-5.600,-11.632,1.299,-7.820
387.117,21.561,-0.446,0.000,241.971,-1.493,-8.603,-9.918,1.299,-9.819
387.124,16.839,-0.446,0.000,201.500,-1.700,-6.721,-8.310,1.299,-11.459
387.130,16.839,-0.446,0.000,163.754,-2.012,-5.154,-6.611,1.272,-12.200
387.137,5.421,-0.446,0.000,131.400,-3.834,-5.529,-5.669,1.236,-12.422
387.144,2.860,-0.446,0.000,98.953,-3.369,-10.532,-4.324,1.196,-12.465
387.150,2.860,-0.446,0.000,79.356,-3.334,-7.339,-3.442,1.153,-11.162
387.157,2.860,-0.446,0.000,64.996,-3.613,-7.344,-2.796,1.111,-9.699
387.163,2.860,-0.446,0.000,57.874,-6.201,-7.423,-2.476,1.069,-7.941
387.169,0.000,-0.446,0.000,56.768,-8.442,-8.061,-2.555,1.030,-6.176
387.175,0.000,-0.446,0.000,57.426,-11.394,-6.571,-2.584,0.991,-4.607
387.180,0.000,-0.446,0.000,59.141,-13.109,-4.065,-2.661,0.952,-3.195
387.186,0.000,-0.446,0.000,63.714,-12.622,-3.963,-2.867,0.912,-1.852
387.191,0.000,-0.446,0.000,74.494,-12.699,-3.581,-3.352,0.867,-0.178
387.197,0.000,-0.446,0.000,83.579,-12.442,-3.758,-3.761,0.818,0.888
387.202,0.000,-0.446,0.000,90.588,-13.276,-3.773,-4.076,0.766,1.454
387.208,0.000,-0.446,0.000,97.755,-14.932,-3.722,-4.399,0.713,1.986
387.213,0.000,-0.446,0.000,101.055,-14.111,-3.242,-4.547,0.658,1.993
387.219,0.000,-0.446,0.000,102.965,-11.761,-3.264,-4.633,0.602,1.811
387.224,0.000,-0.446,0.000,102.383,-10.318,-5.427,-4.607,0.547,1.328
387.230,-0.149,-0.446,0.000,100.261,-9.213,-4.471,-4.518,0.491,0.746
387.235,-0.297,-0.446,0.000,96.822,-8.601,-6.149,-4.370,0.436,0.126
387.241,-0.297,-0.446,0.000,88.528,-11.920,-7.157,-3.997,0.378,-0.833
387.247,-0.297,-0.446,0.000,79.371,-9.615,-5.855,-3.585,0.323,-1.623
387.254,-2.248,-0.446,0.000,68.332,-1.141,-10.754,-3.176,0.270,-2.336
387.260,-5.589,-0.446,0.000,55.752,-5.050,-7.994,-2.760,0.219,-2.964
387.267,-5.589,-0.446,0.000,48.245,-8.466,-1.696,-2.423,0.174,-2.968
387.273,-18.808,-0.446,0.000,37.825,-6.812,-5.602,-2.549,0.133,-3.260
387.280,-37.951,-0.446,0.000,29.143,-7.345,-8.779,-3.019,0.094,-3.434
387.286,-37.951,-0.446,0.000,20.046,-4.756,-7.599,-2.610,0.057,-3.441
387.293,-47.016,-0.446,0.000,9.928,-5.070,-6.768,-2.562,0.021,-3.583
387.299,-47.016,-0.446,0.000,0.293,-8.264,-4.338,-2.129,-0.014,-3.649
387.306,-153.744,-0.446,0.000,-4.311,-5.915,-6.918,-6.724,-0.026,-3.617
387.313,-191.020,-0.446,0.000,-13.320,-6.912,-8.279,-7.997,-0.026,-3.757
387.319,-191.020,-0.446,0.000,-19.068,-9.049,-6.178,-7.738,-0.026,-3.378
387.326,-191.020,-0.446,0.000,-25.799,-3.110,-9.677,-7.435,-0.029,-3.154
387.332,-534.835,-0.297,0.000,-34.335,-2.380,-9.876,-22.522,-0.029,-3.561
387.338,-686.042,-0.297,0.000,-44.548,-4.616,-6.683,-28.867,-0.029,-3.975
387.345,-686.042,-0.297,0.000,-59.511,-2.676,-6.920,-28.194,-0.029,-4.838
387.351,-982.349,-0.297,0.000,-82.055,-5.167,-7.932,-40.513,-0.029,-6.317
387.357,-982.349,-0.446,0.000,-119.487,-0.968,-8.729,-38.829,-0.029,-9.254
387.364,-982.349,-0.446,0.000,-156.607,-9.084,-7.789,-37.158,-0.029,-11.348
387.370,-982.349,-0.446,0.000,-214.965,-9.528,-11.935,-34.532,-0.029,-15.149
387.377,-982.349,-0.446,0.000,-279.687,-5.292,-13.127,-31.620,-0.029,-18.823
387.383,-982.349,-0.446,0.000,-348.009,-8.137,-13.394,-28.545,-0.029,-21.877
387.390,-982.349,-0.446,0.000,-426.364,-5.409,-13.898,-25.019,-0.029,-25.407
387.397,-982.349,-0.446,0.000,-497.183,-12.708,-9.743,-21.832,-0.029,-27.140
387.403,-584.773,-0.446,0.000,-573.001,-15.525,-11.759,-0.530,-0.029,-29.036
387.410,-584.773,-0.446,0.000,-632.595,-11.334,-12.591,2.152,-0.029,-28.607
387.416,-584.773,-0.446,0.000,-680.520,-10.139,-9.661,4.309,-0.029,-26.832
387.423,-584.773,-0.446,0.000,-711.054,-7.876,-5.691,5.683,-0.029,-23.573
387.429,-217.012,-0.595,0.000,-721.640,5.417,-6.336,22.708,-0.029,-18.816
387.435,-217.012,-0.595,0.000,-713.576,7.670,-3.513,22.345,-0.029,-13.140
387.442,-70.237,-0.595,0.000,-676.486,6.658,-6.853,27.281,-0.029,-5.552
387.448,-70.237,-0.595,0.000,-631.762,16.185,-7.654,25.269,-0.029,1.314
387.455,-34.189,-0.744,0.000,-574.759,24.524,-5.881,24.326,-0.029,7.472
387.461,-22.538,-0.893,0.000,-502.470,22.022,-5.965,21.597,-0.029,13.805
387.468,-4.114,-1.043,0.000,-422.234,17.847,-6.144,18.815,-0.029,19.329
387.474,-0.446,-0.893,0.000,-334.703,14.496,-3.215,15.042,-0.029,24.330
387.481,-0.446,-0.893,0.000,-263.569,13.161,-1.868,11.841,-0.029,25.916
387.487,-0.446,-0.893,0.000,-189.050,0.700,-1.727,8.487,-0.029,26.750
387.493,0.000,-0.595,0.000,-135.201,-8.018,-3.244,6.084,-0.013,26.249
387.498,0.000,-0.595,0.000,-93.193,-11.658,-4.406,4.194,0.016,24.599
387.503,0.000,-0.595,0.000,-64.256,-15.156,-5.067,2.892,0.045,21.819
387.509,0.000,-0.595,0.000,-48.476,-18.366,-3.892,2.181,0.072,18.186
387.514,0.000,-0.595,0.000,-43.824,-18.200,-5.240,1.972,0.098,14.133
387.519,0.000,-0.595,0.000,-50.511,-17.375,-6.817,2.273,0.127,9.721
387.524,0.000,-0.595,0.000,-67.054,-20.020,-5.785,3.017,0.165,5.254
387.530,0.000,-0.595,0.000,-80.504,-27.472,-6.474,3.623,0.207,2.035
387.535,0.149,-0.446,0.000,-97.564,-29.247,-5.447,4.397,0.256,-0.709
387.540,0.149,-0.446,0.000,-117.209,-25.667,-4.531,5.281,0.314,-2.872
387.546,1.342,-0.595,0.000,-139.104,-21.247,-7.882,6.320,0.381,-4.585
387.553,1.342,-0.595,0.000,-161.543,-19.633,-8.784,7.330,0.451,-5.934
387.559,1.342,-0.595,0.000,-169.836,-17.289,-6.447,7.703,0.519,-5.366
387.565,10.849,-1.043,0.000,-175.048,-15.323,-6.905,8.365,0.586,-4.611
387.571,10.849,-1.043,0.000,-173.683,-6.870,-5.793,8.304,0.654,-3.296
387.578,10.849,-1.043,0.000,-161.214,-6.087,-2.306,7.743,0.722,-1.119
387.584,48.185,-3.169,0.000,-151.224,1.068,-2.828,8.973,0.789,0.256
387.591,106.109,-4.598,0.000,-127.804,-2.651,0.244,10.526,0.813,2.629
387.597,106.109,-4.598,0.000,-107.630,2.652,-0.457,9.618,0.826,4.001
387.604,106.109,-4.598,0.000,-74.594,0.679,-1.554,8.132,0.879,6.302
387.611,106.109,-4.598,0.000,-48.903,9.338,-2.105,6.976,0.953,7.265
387.618,438.337,-6.974,0.000,-11.486,1.644,-1.493,20.242,0.953,10.155
387.624,438.337,-6.974,0.000,9.102,8.376,-3.369,19.316,0.953,9.950
387.631,615.592,-7.153,0.000,41.406,6.051,-0.160,25.838,0.953,11.041
387.638,615.592,-7.153,0.000,63.768,6.672,-1.704,24.832,0.953,10.748
387.644,731.338,-6.974,0.000,101.411,4.704,-0.658,28.347,0.953,12.246
387.651,731.338,-6.974,0.000,133.009,1.403,-2.476,26.925,0.953,12.749
387.658,806.569,-6.446,0.000,182.703,-7.431,-0.410,28.074,0.953,15.077
387.665,806.569,-6.446,0.000,223.868,-2.801,0.168,26.222,0.953,15.856
387.671,800.996,-6.446,0.000,279.266,-12.814,3.961,23.478,0.953,18.075
387.678,800.996,-6.446,0.000,327.691,-9.571,1.793,21.299,0.953,18.987
387.685,726.189,-6.272,0.000,383.011,-25.808,0.909,15.443,0.953,19.968
387.692,666.651,-6.446,0.000,430.883,-20.950,-1.107,10.610,0.983,19.281
387.698,633.781,-6.446,0.000,474.485,-31.305,0.399,7.168,1.011,18.785
387.705,633.781,-6.446,0.000,510.447,-29.893,-3.073,5.550,1.046,17.334
387.712,633.781,-6.446,0.000,537.463,-27.848,0.209,4.334,1.093,15.392
387.719,633.781,-6.446,0.000,546.355,-22.782,3.043,3.934,1.147,12.247
387.725,633.781,-6.446,0.000,552.470,-22.053,2.897,3.659,1.205,9.732
387.732,633.781,-6.446,0.000,553.522,-13.951,2.252,3.612,1.264,7.374
387.739,153.744,-2.096,0.000,548.646,-3.570,1.575,-17.771,1.264,5.821
387.746,108.337,-1.043,0.000,538.944,-1.109,2.012,-19.377,1.264,3.244
387.752,108.337,-1.043,0.000,522.842,4.703,7.300,-18.653,1.264,0.582
387.759,108.337,-1.043,0.000,497.978,10.097,2.955,-17.534,1.264,-2.359
387.766,24.941,-0.595,0.000,464.049,18.662,1.824,-19.760,1.264,-5.482
387.772,24.941,-0.595,0.000,427.713,20.091,-2.076,-18.125,1.264,-8.486
387.778,24.941,-0.595,0.000,384.381,26.007,-0.443,-16.175,1.264,-11.625
387.785,24.941,-0.595,0.000,345.866,24.557,-1.326,-14.442,1.264,-12.960
387.791,24.941,-0.595,0.000,306.838,29.283,-0.966,-12.685,1.262,-14.008
387.797,24.941,-0.595,0.000,269.082,29.080,-3.064,-10.986,1.228,-14.544
387.803,24.941,-0.595,0.000,237.158,29.368,0.084,-9.550,1.174,-14.213
387.810,24.941,-0.595,0.000,203.462,29.755,-2.309,-8.033,1.107,-14.035
387.816,24.941,-0.595,0.000,179.840,24.575,0.646,-6.970,1.037,-12.965
387.822,24.941,-0.595,0.000,163.890,19.300,1.879,-6.253,0.967,-11.279
387.828,24.941,-0.595,0.000,152.258,16.578,1.185,-5.729,0.898,-9.662
387.835,0.000,-0.446,0.000,147.063,9.249,0.353,-6.618,0.830,-7.823
387.840,0.000,-0.446,0.000,147.150,3.087,0.175,-6.622,0.768,-5.838
387.846,0.000,-0.446,0.000,147.443,-2.792,1.389,-6.635,0.706,-4.352
387.851,0.000,-0.446,0.000,150.877,-7.971,-0.071,-6.789,0.643,-2.861
387.857,0.000,-0.446,0.000,156.321,-13.499,-0.726,-7.034,0.580,-1.510
387.863,0.000,-0.446,0.000,163.172,-15.737,-0.845,-7.343,0.518,-0.341
387.868,0.000,-0.446,0.000,170.101,-17.877,0.098,-7.655,0.458,0.553
387.873,0.000,-0.446,0.000,173.934,-19.276,0.665,-7.827,0.397,0.856
387.879,0.000,-0.446,0.000,173.931,-19.384,-0.411,-7.827,0.337,0.634
387.885,0.000,-0.446,0.000,171.787,-16.532,-0.676,-7.730,0.276,0.254
387.890,0.000,-0.446,0.000,170.077,-12.289,-1.149,-7.653,0.215,0.058
387.896,0.000,-0.446,0.000,163.687,-11.521,-1.638,-7.366,0.152,-0.688
387.901,0.000,-0.446,0.000,153.966,-10.242,-0.612,-6.928,0.090,-1.757
387.907,0.000,-0.446,0.000,144.598,-8.991,1.248,-6.507,0.029,-2.596
387.912,0.000,-0.446,0.000,133.727,-5.214,2.136,-6.018,-0.033,-3.333
387.918,0.000,-0.446,0.000,120.926,0.512,-0.144,-5.442,-0.093,-4.026
387.923,0.000,-0.446,0.000,106.368,5.307,-1.664,-4.787,-0.151,-4.702
387.929,0.000,-0.446,0.000,93.931,5.257,-1.884,-4.227,-0.205,-4.936
387.934,0.000,-0.446,0.000,81.612,3.979,-0.311,-3.673,-0.257,-5.112
387.940,0.000,-0.446,0.000,68.635,3.427,2.569,-3.089,-0.303,-5.395
387.945,0.000,-0.446,0.000,57.491,3.717,3.591,-2.587,-0.344,-5.370
387.951,0.000,-0.446,0.000,47.226,4.661,2.311,-2.125,-0.379,-5.224
387.956,0.000,-0.446,0.000,37.090,5.500,0.957,-1.669,-0.407,-5.068
387.962,0.000,-0.446,0.000,28.630,6.257,0.836,-1.288,-0.430,-4.729
387.967,0.000,-0.446,0.000,23.824,4.765,-0.412,-1.072,-0.449,-4.071
387.973,0.000,-0.446,0.000,18.506,2.704,-0.673,-0.833,-0.464,-3.631
387.978,0.000,-0.446,0.000,15.400,4.832,-2.795,-0.693,-0.477,-3.057
387.984,-0.149,-0.446,0.000,13.998,5.163,-2.164,-0.637,-0.489,-2.467
387.990,-0.149,-0.446,0.000,14.266,2.538,-0.868,-0.649,-0.501,-1.835
387.995,-0.149,-0.446,0.000,15.056,-2.534,1.103,-0.684,-0.513,-1.347
388.001,-0.149,-0.446,0.000,14.571,-7.700,4.039,-0.662,-0.526,-1.126
388.006,-0.149,-0.446,0.000,15.669,-10.399,7.084,-0.712,-0.539,-0.767
388.012,-0.149,-0.446,0.000,15.265,-13.676,7.262,-0.694,-0.551,-0.623
388.017,-0.149,-0.446,0.000,14.451,-12.959,4.209,-0.657,-0.562,-0.506
388.023,-0.446,-0.446,0.000,12.803,-6.934,-0.803,-0.596,-0.575,-0.566
388.030,-0.446,-0.446,0.000,13.208,-6.385,-2.170,-0.614,-0.587,-0.375
388.036,-0.744,-0.446,0.000,11.816,-11.561,-0.008,-0.565,-0.599,-0.429
388.043,-1.492,-0.446,0.000,12.748,-9.877,-1.461,-0.641,-0.610,-0.183
388.049,-1.492,-0.446,0.000,7.497,-0.234,-4.225,-0.405,-0.621,-0.659
388.056,-1.492,-0.446,0.000,0.462,-2.627,-2.046,-0.088,-0.625,-1.162
388.062,-1.492,-0.446,0.000,0.803,-7.852,4.587,-0.103,-0.628,-0.874
388.069,-2.553,-0.446,0.000,-3.076,-1.390,1.546,0.024,-0.628,-1.002
388.075,-3.955,-0.446,0.000,-8.998,-4.701,2.638,0.227,-0.624,-1.301
388.082,-5.589,-0.446,0.000,-9.389,-5.726,2.846,0.171,-0.620,-1.050
388.088,-5.589,-0.446,0.000,-14.833,1.659,-1.620,0.416,-0.613,-1.305
388.095,-5.589,-0.446,0.000,-18.201,6.157,-4.766,0.568,-0.603,-1.311
388.102,-9.219,-0.446,0.000,-23.533,3.591,-2.857,0.644,-0.592,-1.531
388.108,-9.219,-0.446,0.000,-21.618,1.369,0.421,0.558,-0.579,-0.954
388.115,-17.387,-0.446,0.000,-25.505,6.753,-2.024,0.365,-0.570,-1.051
388.121,-23.207,-0.446,0.000,-28.851,4.767,-2.802,0.254,-0.565,-1.138
388.128,-33.295,-0.446,0.000,-26.443,7.189,-2.427,-0.308,-0.564,-0.650
388.135,-46.440,-0.446,0.000,-27.099,8.999,-4.925,-0.870,-0.571,-0.531
388.141,-46.440,-0.446,0.000,-31.877,8.216,-3.774,-0.655,-0.581,-0.866
388.148,-46.440,-0.446,0.000,-32.353,1.919,0.069,-0.634,-0.592,-0.707
388.154,-102.835,-0.446,0.000,-33.733,6.271,-4.333,-3.110,-0.601,-0.702
388.161,-102.835,-0.446,0.000,-38.304,4.529,-4.949,-2.904,-0.623,-0.934
388.167,-156.735,-0.446,0.000,-39.056,0.728,-0.412,-5.296,-0.634,-0.833
388.174,-224.932,-0.446,0.000,-46.529,8.369,-5.208,-8.028,-0.636,-1.523
388.180,-272.713,-0.446,0.000,-50.959,3.026,-4.949,-9.979,-0.636,-1.646
388.187,-272.713,-0.446,0.000,-55.827,-3.152,-1.179,-9.760,-0.636,-1.793
388.194,-299.459,-0.446,0.000,-65.553,-3.040,-5.209,-10.526,-0.636,-2.405
388.200,-299.459,-0.446,0.000,-80.621,-7.163,-4.741,-9.848,-0.636,-3.383
388.207,-328.258,-0.446,0.000,-95.853,-2.334,-6.014,-10.458,-0.637,-4.242
388.213,-328.258,-0.595,0.000,-116.469,-6.157,-3.235,-9.530,-0.646,-5.195
388.220,-328.258,-0.595,0.000,-135.157,-5.701,-0.589,-8.690,-0.695,-5.933
388.226,-328.258,-0.595,0.000,-156.907,-5.138,-7.316,-7.711,-0.762,-6.779
388.232,-328.258,-0.595,0.000,-180.088,-7.599,-7.336,-6.668,-0.832,-7.474
388.238,-328.258,-0.595,0.000,-206.464,0.259,-8.896,-5.481,-0.901,-8.343
388.245,-328.258,-0.595,0.000,-232.491,2.065,-10.749,-4.310,-0.965,-8.888
388.251,-328.258,-0.595,0.000,-253.364,1.407,-6.066,-3.370,-1.021,-8.802
388.257,-328.258,-0.595,0.000,-274.023,3.809,-6.690,-2.441,-1.068,-8.658
388.264,-239.346,-0.446,0.000,-290.231,3.139,-5.293,2.290,-1.066,-8.783
388.270,-239.346,-0.446,0.000,-303.297,3.749,-5.831,2.878,-1.052,-7.728
388.277,-239.346,-0.446,0.000,-316.195,4.730,-9.317,3.458,-1.022,-7.028
388.283,-101.762,-0.595,0.000,-323.259,8.556,-6.295,9.967,-1.008,-6.884
388.289,-81.205,-0.595,0.000,-316.343,0.375,-3.327,10.581,-1.008,-4.341
388.296,-81.205,-0.595,0.000,-315.953,1.057,-5.974,10.564,-1.008,-3.078
388.302,-81.205,-0.595,0.000,-304.123,3.323,-7.343,10.031,-1.008,-0.868
388.309,-14.018,-1.043,0.000,-289.252,-1.104,-8.537,12.385,-1.008,0.974
388.315,-14.018,-1.043,0.000,-263.920,0.251,-11.377,11.246,-1.008,3.392
388.322,-2.860,-1.043,0.000,-245.334,-0.613,-9.104,10.911,-1.008,4.459
388.329,-2.860,-1.043,0.000,-218.524,-4.991,-5.138,9.705,-0.979,6.076
388.335,0.000,-0.893,0.000,-189.936,4.107,-1.109,8.547,-0.913,7.497
388.341,0.000,-0.893,0.000,-163.212,-2.296,1.209,7.345,-0.852,8.864
388.347,0.000,-0.893,0.000,-141.686,-4.480,-1.618,6.376,-0.789,9.350
388.352,0.000,-0.893,0.000,-117.833,-2.118,-5.725,5.302,-0.729,9.881
388.358,0.000,-0.595,0.000,-103.096,0.460,-8.956,4.639,-0.671,9.197
388.363,0.000,-0.595,0.000,-88.680,-0.015,-8.714,3.991,-0.620,8.705
388.368,0.000,-0.595,0.000,-78.252,0.041,-6.323,3.521,-0.573,7.855
388.373,0.000,-0.595,0.000,-72.834,-1.146,-5.278,3.278,-0.528,6.722
388.378,0.000,-0.595,0.000,-69.632,-2.687,-5.507,3.133,-0.485,5.531
388.384,0.000,-0.595,0.000,-71.074,-3.920,-5.080,3.198,-0.442,3.997
388.389,0.000,-0.595,0.000,-75.223,-3.880,-7.603,3.385,-0.398,2.475
388.394,0.000,-0.595,0.000,-80.013,-6.035,-6.535,3.601,-0.353,1.223
388.399,0.000,-0.595,0.000,-87.189,-8.178,-6.594,3.924,-0.306,-0.021
388.405,0.000,-0.595,0.000,-93.701,-7.664,-6.415,4.217,-0.257,-0.897
388.410,0.000,-0.595,0.000,-97.982,-3.368,-5.404,4.409,-0.205,-1.247
388.415,0.000,-0.595,0.000,-102.382,-1.302,-3.071,4.607,-0.153,-1.475
388.420,0.000,-0.595,0.000,-104.449,0.334,-5.654,4.700,-0.100,-1.376
388.426,0.000,-0.595,0.000,-105.185,3.190,-6.232,4.733,-0.046,-1.135
388.431,0.000,-0.595,0.000,-106.557,0.291,-5.012,4.795,0.008,-0.953
388.436,0.000,-0.595,0.000,-106.062,-0.729,-6.766,4.773,0.062,-0.612
388.441,0.000,-0.595,0.000,-104.971,0.203,-6.218,4.724,0.116,-0.351
388.446,0.000,-0.595,0.000,-103.668,4.562,-6.131,4.665,0.167,-0.198
388.452,0.000,-0.595,0.000,-97.781,6.031,-5.425,4.400,0.218,0.405
388.457,0.000,-0.595,0.000,-91.037,6.466,-3.197,4.097,0.266,0.976
388.462,0.000,-0.595,0.000,-83.587,8.649,-1.466,3.761,0.314,1.429
388.467,0.000,-0.595,0.000,-75.165,2.292,-0.891,3.382,0.359,2.095
388.472,0.000,-0.595,0.000,-70.870,-0.704,-1.576,3.189,0.402,2.096
388.478,0.000,-0.595,0.000,-65.752,1.044,-5.590,2.959,0.441,2.156
388.483,0.000,-0.595,0.000,-58.317,3.800,-7.177,2.624,0.479,2.453
388.488,0.000,-0.595,0.000,-52.918,4.075,-6.557,2.381,0.513,2.399
388.493,0.000,-0.595,0.000,-46.115,4.926,-4.807,2.075,0.545,2.638
388.498,0.000,-0.595,0.000,-37.018,4.353,-1.874,1.666,0.572,3.137
388.504,0.000,-0.595,0.000,-34.485,3.107,-1.945,1.552,0.601,2.899
388.509,0.000,-0.595,0.000,-28.925,0.546,-2.309,1.302,0.625,3.048
388.514,0.000,-0.595,0.000,-24.630,0.667,-0.471,1.108,0.645,2.999
388.519,0.000,-0.595,0.000,-28.881,2.481,-3.381,1.300,0.665,1.739
388.524,0.000,-0.595,0.000,-30.197,-1.150,-5.005,1.359,0.685,1.130
388.530,0.000,-0.595,0.000,-29.523,-3.269,-5.681,1.329,0.705,0.865
388.535,0.000,-0.595,0.000,-29.477,-2.574,-5.023,1.326,0.724,0.568
388.540,0.000,-0.595,0.000,-35.082,0.926,-5.000,1.579,0.745,-0.381
388.545,0.000,-0.595,0.000,-34.815,-2.724,-4.886,1.567,0.768,-0.448
388.550,0.000,-0.595,0.000,-34.615,-3.574,-5.200,1.558,0.789,-0.457
388.556,0.000,-0.595,0.000,-37.150,-3.155,-5.575,1.672,0.813,-0.716
388.561,0.000,-0.595,0.000,-34.976,-5.720,-3.975,1.574,0.839,-0.207
388.566,0.000,-0.595,0.000,-34.718,-10.238,-0.932,1.562,0.864,-0.028
388.571,0.000,-0.595,0.000,-33.733,-12.046,0.278,1.518,0.889,0.202
388.576,0.000,-0.446,0.000,-37.026,-7.380,0.684,1.666,0.914,-0.251
388.582,0.000,-0.446,0.000,-36.013,-3.192,1.176,1.621,0.941,-0.065
388.588,0.000,-0.446,0.000,-35.615,-1.297,-0.786,1.603,0.966,-0.035
388.593,0.000,-0.446,0.000,-31.290,-1.832,-2.888,1.408,0.990,0.438
388.599,0.000,-0.446,0.000,-29.648,-2.437,-3.603,1.334,1.013,0.547
388.604,0.149,-0.446,0.000,-29.290,-3.904,-5.316,1.325,1.034,0.396
388.610,0.149,-0.446,0.000,-25.798,-2.529,-2.190,1.168,1.054,0.645
388.616,0.744,-0.446,0.000,-19.432,0.150,-0.397,0.908,1.073,1.154
388.622,8.636,-0.595,0.000,-21.022,-0.233,-2.081,1.335,1.097,0.779
388.629,22.871,-0.744,0.000,-22.542,3.634,-2.846,2.044,1.124,0.440
388.635,22.871,-0.744,0.000,-10.428,-2.072,-0.292,1.498,1.153,1.436
388.642,22.871,-0.744,0.000,-9.795,-3.902,-5.193,1.470,1.180,1.138
388.649,132.732,-3.014,0.000,-8.229,-0.054,-4.008,6.343,1.180,1.139
388.656,132.732,-3.014,0.000,-3.595,-2.666,-2.369,6.135,1.181,1.364
388.662,132.732,-3.014,0.000,4.576,2.079,-5.326,5.767,1.205,1.837
388.669,289.502,-5.089,0.000,14.148,-3.968,-3.319,12.391,1.220,2.573
388.676,289.502,-5.089,0.000,27.269,-1.301,0.627,11.800,1.220,3.401
388.683,398.791,-3.639,0.000,38.908,-4.279,1.106,16.195,1.220,3.890
388.689,421.496,-3.482,0.000,49.227,0.226,0.467,16.752,1.220,4.035
388.696,421.496,-3.482,0.000,71.820,-15.825,0.453,15.735,1.220,5.515
388.702,421.496,-3.482,0.000,90.647,-11.699,-5.152,14.888,1.220,6.134
388.709,424.822,-3.482,0.000,121.651,-21.484,-2.265,13.643,1.220,7.817
388.716,418.190,-3.482,0.000,145.385,-11.517,-1.689,12.276,1.234,8.346
388.723,418.190,-3.482,0.000,179.284,-21.417,-1.174,10.751,1.275,9.727
388.729,263.474,-3.796,0.000,204.284,-8.970,-4.426,2.664,1.295,10.356
388.736,263.474,-3.796,0.000,228.785,-10.124,-4.747,1.561,1.295,10.058
388.743,158.247,-3.639,0.000,254.429,-6.790,-1.177,-4.328,1.296,10.802
388.749,158.247,-3.639,0.000,269.377,-8.071,-1.213,-5.001,1.296,9.877
388.756,158.247,-3.639,0.000,280.444,-7.054,-2.626,-5.499,1.296,8.336
388.762,158.247,-3.639,0.000,282.709,-10.246,-0.483,-5.601,1.295,6.222
388.769,37.464,-1.043,0.000,276.093,-12.635,-2.715,-10.738,1.290,4.221
388.776,37.464,-1.043,0.000,262.584,-19.514,-1.792,-10.130,1.290,1.694
388.783,17.947,-0.595,0.000,242.614,-15.510,-4.610,-10.110,1.290,-0.957
388.789,9.416,-0.446,0.000,218.491,-13.954,-1.798,-9.408,1.290,-3.463
388.795,9.416,-0.446,0.000,187.755,-13.404,-3.864,-8.025,1.288,-5.876
388.802,3.639,-0.446,0.000,161.732,-11.755,-1.117,-7.114,1.269,-7.122
388.808,0.446,-0.446,0.000,125.936,-7.625,-4.953,-5.647,1.230,-9.069
388.815,0.446,-0.446,0.000,100.213,-11.465,-4.618,-4.489,1.182,-9.324
388.821,0.000,-0.446,0.000,77.350,-10.587,-1.943,-3.481,1.134,-9.217
388.827,0.000,-0.446,0.000,56.590,-8.218,-2.287,-2.547,1.097,-9.154
388.832,0.000,-0.446,0.000,42.459,-7.192,-0.558,-1.911,1.066,-8.458
388.838,0.000,-0.446,0.000,32.384,-9.605,-1.372,-1.457,1.041,-7.514
388.843,0.000,-0.446,0.000,24.234,-10.121,-4.513,-1.091,1.023,-6.501
388.849,0.000,-0.446,0.000,20.129,-7.831,-5.296,-0.906,1.008,-5.272
388.854,0.000,-0.446,0.000,21.800,-4.982,-4.202,-0.981,0.991,-3.798
388.860,0.000,-0.595,0.000,28.855,-4.677,-4.662,-1.298,0.972,-2.054
388.865,0.000,-0.595,0.000,34.483,-6.031,-3.350,-1.552,0.948,-0.922
388.870,0.000,-0.595,0.000,44.273,-10.098,-1.786,-1.992,0.920,0.489
388.875,0.000,-0.595,0.000,50.784,-9.347,-1.059,-2.285,0.891,1.324
388.881,0.000,-0.595,0.000,58.455,-9.357,-4.213,-2.630,0.857,2.136
388.886,-0.149,-0.595,0.000,69.301,-13.352,-3.681,-3.125,0.819,3.129
388.891,-0.149,-0.595,0.000,74.582,-13.314,-4.073,-3.363,0.777,3.111
388.896,-0.149,-0.595,0.000,80.082,-10.192,-4.958,-3.610,0.732,3.065
388.901,-0.149,-0.595,0.000,84.725,-9.393,-4.731,-3.819,0.686,2.934
388.907,-0.149,-0.595,0.000,85.576,-7.887,-5.958,-3.858,0.637,2.319
388.912,-0.595,-0.595,0.000,83.866,-5.660,-6.866,-3.801,0.590,1.532
388.918,-0.595,-0.595,0.000,80.949,-7.759,-5.960,-3.669,0.538,0.823
388.923,-0.595,-0.595,0.000,76.135,-9.603,-5.083,-3.453,0.489,0.109
388.929,-0.595,-0.595,0.000,68.352,-10.896,-3.136,-3.103,0.442,-0.723
388.935,-0.595,-0.595,0.000,59.039,-9.379,-4.609,-2.684,0.400,-1.616
388.941,-1.043,-0.595,0.000,52.109,-11.965,-6.147,-2.392,0.358,-1.969
388.947,-1.043,-0.595,0.000,46.324,-13.242,-5.185,-2.131,0.318,-2.094
388.953,-1.043,-0.595,0.000,36.234,-11.865,-5.818,-1.677,0.286,-2.561
388.960,-3.639,-0.893,0.000,24.937,-14.915,-5.973,-1.286,0.260,-3.069
388.966,-9.023,-1.043,0.000,18.830,-14.067,-1.276,-1.253,0.237,-2.935
388.973,-9.023,-1.043,0.000,14.576,-12.058,-3.549,-1.062,0.215,-2.581
388.980,-9.023,-1.043,0.000,8.279,-15.968,-1.265,-0.779,0.196,-2.520
388.986,-9.023,-1.043,0.000,6.236,-11.018,-4.793,-0.687,0.180,-2.098
388.993,-72.656,-0.595,0.000,1.131,-13.508,-6.447,-3.320,0.163,-2.153
388.999,-103.917,-0.446,0.000,-0.093,-12.794,-3.207,-4.672,0.151,-1.850
389.006,-224.932,-0.297,0.000,1.095,-11.725,-5.148,-10.171,0.139,-1.272
389.012,-317.541,-0.297,0.000,-2.693,-14.497,-9.939,-14.168,0.139,-1.429
389.018,-317.541,-0.297,0.000,-5.311,-8.155,-7.153,-14.050,0.139,-1.479
389.025,-317.541,-0.297,0.000,-0.878,-12.750,-4.136,-14.250,0.139,-0.624
389.031,-563.530,0.000,0.000,-14.152,-11.983,-5.737,-24.722,0.139,-2.107
389.036,-563.530,0.000,0.000,-30.016,-11.890,-4.167,-24.008,0.139,-3.713
389.042,-563.530,0.000,0.000,-49.148,-8.190,-1.558,-23.147,0.139,-5.349
389.048,-721.069,0.000,0.000,-76.926,-5.970,-5.581,-28.986,0.139,-7.646
389.054,-715.979,-0.297,0.000,-110.519,-6.295,-3.776,-27.246,0.139,-9.945
389.060,-715.979,-0.297,0.000,-148.961,-8.890,-5.645,-25.516,0.139,-12.042
389.066,-657.123,-0.446,0.000,-194.673,-5.483,-7.013,-20.810,0.139,-14.415
389.073,-657.123,-0.446,0.000,-249.848,-3.456,-7.351,-18.327,0.139,-17.087
389.080,-615.592,-0.446,0.000,-300.504,-8.587,-9.019,-14.179,0.139,-17.762
389.086,-615.592,-0.446,0.000,-349.465,-8.015,-10.384,-11.976,0.122,-18.253
389.093,-401.974,-0.446,0.000,-396.355,-8.347,-6.839,-0.253,0.108,-19.810
389.099,-401.974,-0.446,0.000,-437.337,-4.670,-8.292,1.591,0.108,-19.487
389.106,-209.315,-0.595,0.000,-465.583,-6.734,-3.866,11.532,0.108,-17.861
389.112,-165.985,-0.744,0.000,-484.689,0.163,-5.860,14.342,0.108,-15.709
389.119,-165.985,-0.744,0.000,-481.485,4.662,-5.750,14.197,0.108,-11.392
389.126,-165.985,-0.744,0.000,-464.978,10.495,-10.748,13.455,0.108,-6.695
389.132,-37.951,-1.192,0.000,-438.149,14.602,-9.517,18.009,0.108,-1.781
389.138,-37.951,-1.192,0.000,-394.278,10.090,-7.179,16.035,0.108,3.987
389.145,-6.621,-1.642,0.000,-336.213,8.352,-5.173,14.832,0.108,9.957
389.151,-6.621,-1.642,0.000,-285.061,14.713,-4.129,12.530,0.108,13.171
389.158,-6.621,-1.642,0.000,-232.100,18.363,-4.502,10.147,0.108,15.106
389.165,-6.621,-1.642,0.000,-176.029,12.086,-3.684,7.623,0.112,16.724
389.170,0.000,-1.192,0.000,-124.325,13.587,-4.287,5.595,0.130,18.553
389.176,0.000,-0.893,0.000,-82.814,14.315,-3.939,3.727,0.159,18.669
389.181,0.000,-0.744,0.000,-50.739,8.908,-0.338,2.283,0.185,17.648
389.187,0.000,-0.744,0.000,-34.685,6.420,-2.286,1.561,0.207,14.946
389.193,0.000,-0.744,0.000,-25.746,3.712,-4.519,1.159,0.225,12.098
389.198,0.000,-0.595,0.000,-27.815,0.293,-4.705,1.252,0.242,8.705
389.204,0.000,-0.595,0.000,-31.673,-1.921,-2.270,1.425,0.261,5.966
389.209,0.000,-0.595,0.000,-42.645,-4.923,0.494,1.919,0.287,3.153
389.214,0.149,-0.595,0.000,-58.874,-8.271,-3.594,2.656,0.322,0.402
389.219,0.149,-0.595,0.000,-76.420,-6.635,-7.044,3.446,0.364,-1.872
389.225,0.297,-0.595,0.000,-96.075,-7.353,-5.807,4.337,0.417,-3.716
389.231,0.297,-0.595,0.000,-110.141,-9.920,-2.646,4.970,0.475,-4.467
389.236,3.955,-0.595,0.000,-122.511,-6.693,-3.592,5.691,0.536,-4.849
389.242,3.955,-0.595,0.000,-132.488,-0.093,-5.068,6.140,0.605,-4.725
389.249,5.589,-0.595,0.000,-129.036,-7.637,-0.054,6.058,0.675,-3.213
389.255,5.589,-0.595,0.000,-130.312,-5.619,-0.372,6.116,0.744,-2.494
389.261,5.589,-0.595,0.000,-121.519,-0.643,-1.431,5.720,0.815,-0.891
389.268,40.978,-3.169,0.000,-108.587,-3.625,0.090,6.730,0.881,0.723
389.274,84.840,-4.760,0.000,-93.498,4.344,-2.997,8.025,0.931,2.151
389.281,84.840,-4.760,0.000,-69.338,-4.814,-0.971,6.938,0.955,4.007
389.288,121.266,-5.255,0.000,-44.699,-2.998,-2.023,7.468,0.957,5.622
389.294,250.085,-6.621,0.000,-18.654,-4.938,-0.048,12.093,0.957,7.582
389.301,353.429,-7.153,0.000,1.061,6.973,-1.377,15.857,0.957,7.813
389.308,353.429,-7.153,0.000,23.558,1.180,-1.267,14.844,0.957,8.311
389.315,542.911,-8.256,0.000,48.720,8.831,-2.490,22.239,0.957,9.079
389.322,638.395,-8.256,0.000,69.754,11.873,-3.168,25.589,0.957,9.201
389.328,746.961,-8.636,0.000,99.020,11.830,-1.260,29.157,0.957,10.077
389.335,746.961,-8.636,0.000,123.087,13.454,-0.256,28.074,0.957,10.187
389.342,817.808,-8.446,0.000,165.220,3.916,3.700,29.366,0.957,12.313
389.349,840.666,-8.446,0.000,204.128,11.007,3.024,28.644,0.957,13.658
389.355,869.962,-8.446,0.000,255.313,-5.313,4.444,27.659,0.957,15.918
389.362,852.287,-8.636,0.000,310.359,-4.382,1.511,24.387,0.957,17.998
389.369,852.287,-8.636,0.000,359.856,-8.761,4.202,22.159,0.957,19.011
389.376,690.960,-8.636,0.000,415.162,-20.750,5.386,12.411,0.957,19.664
389.382,690.960,-8.636,0.000,466.326,-15.328,1.942,10.109,0.957,19.600
389.389,690.960,-8.636,0.000,511.198,-16.526,1.787,8.089,0.991,18.841
389.396,477.291,-7.333,0.000,553.415,-15.993,2.797,-3.426,0.991,20.262
389.402,418.190,-7.333,0.000,582.263,-13.204,3.802,-7.383,0.991,18.466
389.409,418.190,-7.333,0.000,598.137,-15.524,1.737,-8.098,0.991,15.541
389.416,145.044,-5.089,0.000,595.767,-7.263,1.435,-20.283,0.991,11.359
389.423,118.828,-3.014,0.000,580.715,-6.635,2.085,-20.785,0.991,6.801
389.429,34.189,-0.595,0.000,549.606,-7.592,3.013,-23.194,0.991,1.591
389.436,34.189,-0.595,0.000,502.109,1.344,1.071,-21.056,0.991,-4.628
389.442,34.189,-0.595,0.000,452.208,4.673,2.749,-18.811,0.991,-9.585
389.448,34.189,-0.595,0.000,393.412,6.888,0.056,-16.165,0.991,-14.217
389.455,34.189,-0.595,0.000,328.052,17.397,-3.959,-13.224,0.991,-17.727
389.461,4.436,-0.446,0.000,272.066,13.121,3.180,-12.043,0.991,-19.868
389.467,0.595,-0.297,0.000,213.246,16.000,0.940,-9.569,0.991,-20.805
389.473,0.595,-0.297,0.000,166.512,14.364,1.511,-7.466,0.980,-20.760
389.479,0.595,-0.297,0.000,130.764,16.105,0.638,-5.858,0.943,-19.321
389.485,0.595,-0.297,0.000,105.577,14.544,-2.559,-4.724,0.897,-17.083
389.490,0.595,-0.297,0.000,89.224,11.909,-1.423,-3.988,0.848,-14.509
389.496,0.595,-0.297,0.000,81.697,4.331,1.373,-3.650,0.796,-11.718
389.502,0.595,-0.297,0.000,82.228,2.631,4.450,-3.673,0.744,-8.824
389.508,0.000,-0.446,0.000,89.881,0.589,3.265,-4.045,0.691,-5.829
389.513,0.000,-0.446,0.000,105.490,-2.074,1.689,-4.747,0.636,-2.582
389.519,0.000,-0.446,0.000,120.246,-6.473,1.034,-5.411,0.578,-0.135
389.524,0.000,-0.446,0.000,135.722,-9.713,0.241,-6.107,0.517,1.697
389.530,-0.149,-0.446,0.000,149.061,-7.725,-1.540,-6.714,0.455,2.792
389.535,-0.149,-0.446,0.000,160.815,-7.896,-1.243,-7.243,0.394,3.398
389.541,-0.149,-0.446,0.000,172.551,-8.062,-0.153,-7.771,0.332,3.915
389.546,0.000,-0.446,0.000,177.327,-6.864,3.551,-7.980,0.271,3.614
389.552,0.000,-0.446,0.000,177.553,-5.489,5.464,-7.990,0.212,2.847
389.557,0.000,-0.446,0.000,172.026,-1.529,3.222,-7.741,0.151,1.477
389.563,-0.149,-0.446,0.000,160.142,-0.016,0.991,-7.213,0.089,-0.374
389.568,-0.149,-0.446,0.000,147.726,-0.275,1.070,-6.654,0.027,-1.826
389.574,-0.149,-0.446,0.000,131.957,3.758,1.458,-5.945,-0.034,-3.252
389.579,-0.149,-0.446,0.000,113.589,8.479,1.827,-5.118,-0.094,-4.623
389.585,-0.149,-0.446,0.000,91.548,9.875,1.046,-4.126,-0.151,-6.044
389.591,-0.149,-0.446,0.000,72.463,12.832,-0.802,-3.268,-0.200,-6.760
389.596,-0.149,-0.446,0.000,54.137,13.022,1.162,-2.443,-0.240,-7.186
389.602,0.000,-0.446,0.000,38.880,12.645,3.925,-1.750,-0.271,-7.116
389.607,-0.149,-0.446,0.000,25.607,12.715,4.814,-1.159,-0.293,-6.784
389.613,-0.149,-0.446,0.000,16.911,10.388,3.089,-0.768,-0.308,-6.047
389.618,-0.149,-0.446,0.000,10.753,7.388,0.805,-0.491,-0.318,-5.228
389.624,0.000,-0.446,0.000,6.528,3.646,0.069,-0.294,-0.326,-4.431
389.629,-0.149,-0.446,0.000,6.156,0.371,-0.368,-0.284,-0.332,-3.423
389.635,-0.149,-0.446,0.000,7.418,-1.877,0.972,-0.340,-0.339,-2.488
389.640,-0.149,-0.446,0.000,10.586,-2.600,1.763,-0.483,-0.347,-1.541
389.646,-0.149,-0.446,0.000,13.478,-4.573,1.694,-0.613,-0.356,-0.811
389.651,-0.149,-0.446,0.000,17.135,-7.270,2.527,-0.778,-0.366,-0.096
389.657,-0.149,-0.446,0.000,19.017,-7.788,3.113,-0.862,-0.379,0.234
389.662,-0.149,-0.446,0.000,21.651,-6.862,3.722,-0.981,-0.394,0.524
389.668,-0.149,-0.446,0.000,26.176,-7.039,0.622,-1.185,-0.413,0.918
389.674,-0.149,-0.446,0.000,30.397,-6.144,-0.361,-1.375,-0.435,1.192
389.680,-43.099,-0.446,0.000,30.988,-4.020,-0.069,-3.334,-0.461,0.995
389.686,-53.094,-0.446,0.000,39.415,-9.028,0.424,-4.163,-0.497,1.579
389.693,-53.094,-0.446,0.000,36.022,-3.360,1.462,-4.010,-0.546,0.824
389.699,-147.899,-0.297,0.000,34.953,-5.043,3.081,-8.228,-0.565,0.577
389.705,-147.899,-0.297,0.000,30.018,-6.065,2.896,-8.006,-0.565,-0.233
389.712,-147.899,-0.297,0.000,25.180,0.302,2.349,-7.789,-0.575,-0.704
389.718,-342.058,-0.297,0.000,12.244,5.113,0.217,-15.944,-0.575,-2.137
389.724,-342.058,-0.297,0.000,-3.746,2.207,2.767,-15.224,-0.575,-3.555
389.730,-342.058,-0.297,0.000,-16.244,2.438,3.619,-14.662,-0.575,-4.119
389.737,-657.123,-0.149,0.000,-40.479,6.138,-0.289,-27.749,-0.575,-6.024
389.742,-657.123,-0.149,0.000,-70.053,9.433,2.573,-26.418,-0.575,-8.329
389.748,-690.960,-0.149,0.000,-99.103,11.495,5.433,-26.634,-0.575,-9.976
389.754,-690.960,-0.149,0.000,-136.359,11.162,5.241,-24.957,-0.575,-12.265
389.760,-620.099,-0.446,0.000,-176.260,14.060,5.539,-19.973,-0.575,-14.439
389.766,-597.825,-0.446,0.000,-221.492,12.401,3.382,-16.935,-0.575,-15.821
389.773,-597.825,-0.446,0.000,-266.933,14.420,0.604,-14.890,-0.575,-16.661
389.779,-473.639,-0.446,0.000,-311.227,10.368,-1.172,-7.309,-0.575,-16.967
389.786,-438.337,-0.446,0.000,-354.354,8.023,-2.078,-3.779,-0.575,-17.608
389.793,-438.337,-0.446,0.000,-387.871,7.806,-1.207,-2.271,-0.576,-16.330
389.799,-250.085,-0.446,0.000,-413.375,6.731,4.963,7.348,-0.579,-16.083
389.806,-187.519,-0.446,0.000,-431.231,5.474,3.677,10.967,-0.579,-14.117
389.812,-187.519,-0.446,0.000,-433.891,9.310,1.814,11.087,-0.579,-10.919
389.819,-96.529,-0.595,0.000,-425.891,1.551,-1.152,14.821,-0.579,-7.234
389.825,-55.692,-0.595,0.000,-401.821,7.596,-1.417,15.576,-0.579,-2.571
389.831,-55.692,-0.595,0.000,-371.593,-1.243,-0.718,14.216,-0.579,1.714
389.837,-15.777,-0.744,0.000,-332.362,4.927,-0.640,14.246,-0.579,6.046
389.844,-8.829,-0.595,0.000,-289.894,-0.159,2.471,12.648,-0.579,9.153
389.850,-8.829,-0.595,0.000,-238.418,-7.041,4.477,10.331,-0.579,12.543
389.857,-8.829,-0.595,0.000,-194.155,-1.474,4.595,8.340,-0.575,14.017
389.863,-2.553,-0.446,0.000,-145.269,-8.324,3.976,6.422,-0.552,15.513
389.870,-2.248,-0.446,0.000,-111.204,-2.773,0.234,4.903,-0.511,14.848
389.876,-1.793,-0.446,0.000,-80.282,-6.754,-0.821,3.532,-0.468,14.090
389.882,-2.096,-0.446,0.000,-64.422,-7.910,-0.288,2.805,-0.427,12.081
389.889,-2.096,-0.446,0.000,-53.486,-7.934,2.575,2.313,-0.387,10.038
389.896,-2.096,-0.446,0.000,-57.913,-2.443,-0.618,2.512,-0.346,7.059
389.902,-2.096,-0.446,0.000,-60.696,-3.014,3.779,2.637,-0.301,5.013
389.909,-2.400,-0.446,0.000,-76.310,3.355,4.059,3.326,-0.251,2.130
389.915,-2.400,-0.446,0.000,-93.249,3.425,2.587,4.088,-0.196,-0.231
389.921,-2.400,-0.446,0.000,-100.380,-1.237,5.736,4.409,-0.136,-0.983
389.927,-2.400,-0.446,0.000,-114.961,2.427,5.388,5.065,-0.074,-2.324
389.933,-2.400,-0.446,0.000,-130.852,3.233,3.314,5.780,-0.008,-3.451
389.939,-1.043,-0.446,0.000,-143.716,7.578,1.791,6.420,0.063,-3.996
389.946,-0.595,-0.446,0.000,-148.051,6.882,0.145,6.636,0.135,-3.436
389.952,-0.595,-0.446,0.000,-151.606,6.193,0.652,6.795,0.203,-2.898
389.958,-0.595,-0.446,0.000,-151.485,6.827,2.205,6.790,0.271,-2.138
389.964,-0.297,-0.446,0.000,-144.118,7.468,3.942,6.472,0.339,-0.780
389.970,-0.297,-0.446,0.000,-133.166,4.992,4.828,5.979,0.407,0.654
389.976,0.000,-0.446,0.000,-126.313,2.833,4.461,5.684,0.473,1.226
389.981,0.000,-0.446,0.000,-111.555,6.429,5.614,5.020,0.532,2.475
389.987,0.000,-0.446,0.000,-98.563,8.560,6.373,4.435,0.588,3.317
389.992,0.000,-0.446,0.000,-77.629,4.202,4.081,3.493,0.638,4.948
389.998,0.000,-0.446,0.000,-63.078,3.681,2.693,2.839,0.682,5.449
390.003,0.000,-0.446,0.000,-55.353,1.807,0.591,2.491,0.720,4.951
390.009,0.000,-0.446,0.000,-42.333,0.145,0.693,1.905,0.752,5.144
390.014,0.000,-0.446,0.000,-30.161,2.350,2.638,1.357,0.777,5.197
390.020,0.000,-0.446,0.000,-25.221,5.874,3.244,1.135,0.796,4.430
390.026,0.000,-0.446,0.000,-16.297,5.337,2.686,0.733,0.811,4.278
390.031,0.000,-0.446,0.000,-12.128,6.914,2.251,0.546,0.821,3.657
390.036,0.000,-0.446,0.000,-10.778,5.456,2.091,0.485,0.829,2.846
390.042,0.000,-0.446,0.000,-13.148,4.332,1.971,0.592,0.837,1.796
390.047,0.000,-0.446,0.000,-14.204,5.155,1.333,0.639,0.847,1.171
390.053,0.000,-0.446,0.000,-15.129,6.661,1.003,0.681,0.858,0.736
390.058,0.000,-0.446,0.000,-16.912,8.497,1.037,0.761,0.870,0.334
390.064,0.000,-0.446,0.000,-21.701,10.973,2.894,0.977,0.885,-0.319
390.070,0.000,-0.446,0.000,-26.519,11.234,3.112,1.193,0.905,-0.793
390.075,0.000,-0.446,0.000,-30.347,12.804,1.555,1.366,0.926,-1.047
390.080,0.000,-0.446,0.000,-34.886,15.148,1.186,1.570,0.950,-1.340
390.086,0.000,-0.446,0.000,-38.373,14.900,2.126,1.727,0.976,-1.450
390.091,0.000,-0.446,0.000,-39.959,15.144,0.979,1.798,1.004,-1.302
390.097,0.000,-0.446,0.000,-38.986,15.740,0.259,1.754,1.032,-0.876
390.102,0.000,-0.446,0.000,-39.153,14.983,1.077,1.762,1.060,-0.656
390.108,0.446,-0.446,0.000,-38.684,14.340,0.832,1.761,1.091,-0.449
390.115,2.400,-0.446,0.000,-34.804,13.063,3.081,1.674,1.123,0.076
390.121,2.860,-0.446,0.000,-32.515,14.667,2.314,1.592,1.152,0.349
390.127,2.860,-0.446,0.000,-27.613,13.730,3.209,1.371,1.180,0.724
390.134,3.796,-0.446,0.000,-25.082,12.461,1.217,1.300,1.206,0.775
390.140,3.955,-0.446,0.000,-17.891,14.501,1.829,0.983,1.228,1.275
390.147,3.639,-0.446,0.000,-11.056,16.523,2.888,0.661,1.245,1.628
390.153,2.096,-0.446,0.000,-13.245,14.377,3.244,0.690,1.258,1.021
390.160,0.595,-0.446,0.000,-11.269,17.251,3.436,0.534,1.271,0.909
390.166,0.595,-0.446,0.000,-3.442,16.495,1.945,0.182,1.276,1.458
390.172,0.595,-0.446,0.000,-1.227,17.670,1.087,0.082,1.280,1.405
390.178,0.000,-0.446,0.000,4.269,17.925,0.946,-0.192,1.279,1.756
390.183,0.000,-0.446,0.000,7.335,18.088,0.498,-0.330,1.275,1.710
390.189,0.000,-0.446,0.000,8.444,18.360,0.683,-0.380,1.269,1.448
390.194,0.000,-0.446,0.000,6.906,20.756,0.434,-0.311,1.264,0.934
390.200,0.000,-0.446,0.000,4.681,24.464,1.428,-0.211,1.259,0.429
390.205,-0.149,-0.297,0.000,6.371,24.747,2.021,-0.293,1.253,0.420
390.211,-0.149,-0.297,0.000,6.810,23.920,1.342,-0.313,1.246,0.300
390.216,-0.446,-0.297,0.000,5.812,23.998,2.106,-0.282,1.241,0.081
390.222,-0.446,-0.297,0.000,5.057,25.359,3.270,-0.248,1.237,0.022
390.228,-15.008,-0.297,0.000,1.943,28.610,3.256,-0.763,1.231,-0.300
390.234,-15.008,-0.297,0.000,-1.053,29.073,0.757,-0.628,1.219,-0.535
390.241,-15.008,-0.297,0.000,-3.802,26.116,0.750,-0.504,1.209,-0.691
390.247,-67.111,3.014,0.000,-4.505,24.444,1.868,-2.817,1.200,-0.613
390.254,-117.624,7.333,0.000,-8.979,24.284,2.029,-4.889,1.194,-0.934
390.261,-117.624,7.333,0.000,-11.465,18.048,2.173,-4.777,1.191,-0.973
390.267,-239.346,19.398,0.000,-12.839,24.579,1.636,-10.193,1.177,-0.949
390.274,-239.346,19.398,0.000,-18.380,27.109,2.095,-9.943,1.177,-1.311
390.281,-239.346,19.398,0.000,-22.122,20.969,3.805,-9.775,1.177,-1.380
390.288,-377.077,25.660,0.000,-27.253,21.720,2.092,-15.742,1.177,-1.627
390.294,-418.190,25.660,0.000,-43.261,19.277,2.266,-16.872,1.177,-2.978
390.301,-418.190,25.660,0.000,-56.634,20.973,4.008,-16.270,1.177,-3.795
390.308,-408.399,19.102,0.000,-84.554,22.393,1.522,-14.573,1.177,-5.852
390.315,-408.399,19.102,0.000,-100.966,10.143,4.686,-13.834,1.177,-6.090
390.321,-408.399,19.102,0.000,-133.462,17.146,0.956,-12.372,1.164,-8.033
390.328,-408.399,19.102,0.000,-166.024,18.081,5.145,-10.907,1.124,-9.347
390.334,-226.948,3.639,0.000,-199.659,25.748,4.356,-1.228,1.124,-11.242
390.341,-226.948,3.639,0.000,-233.819,23.065,5.858,0.309,1.124,-11.725
390.347,-93.494,0.000,0.000,-251.320,21.162,4.815,7.102,1.124,-11.144
390.353,-93.494,0.000,0.000,-264.941,24.650,2.309,7.715,1.124,-10.054
390.359,-93.494,0.000,0.000,-271.820,26.352,2.932,8.025,1.124,-8.190
390.364,-93.494,0.000,0.000,-271.081,27.871,3.539,7.991,1.124,-5.760
390.370,-38.443,-0.297,0.000,-259.249,24.038,5.123,9.936,1.124,-3.044
390.376,-38.443,-0.297,0.000,-247.051,24.770,6.173,9.387,1.124,-0.812
390.383,-16.302,-0.297,0.000,-221.680,21.162,6.089,9.242,1.124,2.266
390.389,-16.302,-0.297,0.000,-193.792,14.403,8.716,7.987,1.127,4.696
390.395,-16.302,-0.297,0.000,-158.088,15.030,8.268,6.380,1.159,7.188
390.401,-16.302,-0.297,0.000,-121.455,7.795,7.810,4.732,1.204,9.157
390.408,-3.482,-0.446,0.000,-95.290,8.592,5.020,4.131,1.244,9.679
390.414,-3.482,-0.446,0.000,-65.960,5.308,2.932,2.812,1.282,10.074
390.421,0.595,-0.446,0.000,-44.049,2.558,3.135,2.009,1.312,9.696
390.427,0.595,-0.446,0.000,-25.231,0.391,2.956,1.162,1.331,9.172
390.433,0.595,-0.446,0.000,-13.523,0.343,3.944,0.635,1.343,8.035
390.439,7.333,-0.446,0.000,-2.539,1.951,4.340,0.444,1.350,7.094
390.446,9.615,-0.446,0.000,-2.906,6.664,7.276,0.563,1.359,5.305
390.452,9.615,-0.446,0.000,-7.036,6.434,5.343,0.749,1.372,3.571
390.459,27.145,-0.446,0.000,-11.770,4.569,4.309,1.751,1.390,2.251
390.466,27.145,-0.446,0.000,-19.905,9.755,2.873,2.117,1.420,0.884
390.472,27.145,-0.446,0.000,-30.202,11.022,2.318,2.581,1.461,-0.342
390.479,27.145,-0.446,0.000,-38.653,10.665,5.051,2.961,1.509,-1.108
390.485,117.624,-0.446,0.000,-48.430,12.302,7.436,7.472,1.527,-1.999
390.492,117.624,-0.446,0.000,-54.936,13.555,3.964,7.765,1.529,-2.086
390.498,117.624,-0.446,0.000,-57.282,16.707,2.792,7.871,1.563,-1.767
390.505,117.624,-0.446,0.000,-55.090,13.920,7.006,7.772,1.628,-1.095
390.511,226.948,-0.446,0.000,-45.712,8.639,9.738,12.270,1.628,0.166
390.518,226.948,-0.446,0.000,-33.144,12.529,7.375,11.704,1.628,1.556
390.524,226.948,-0.446,0.000,-14.362,9.040,6.584,10.859,1.634,3.182
390.531,499.679,-0.744,0.000,6.489,12.391,4.668,22.194,1.647,4.895
390.538,676.291,-1.043,0.000,40.371,4.450,4.249,28.616,1.647,7.361
390.545,741.724,-1.043,0.000,66.137,9.853,6.178,30.401,1.647,8.471
390.551,741.724,-1.043,0.000,106.987,0.833,7.964,28.563,1.647,10.917
390.558,741.724,-1.043,0.000,144.185,6.370,6.113,26.889,1.647,12.383
390.565,950.016,-1.043,0.000,194.190,-2.839,7.393,34.012,1.647,14.840
390.571,950.016,-1.043,0.000,245.263,6.082,1.670,31.714,1.647,16.935
390.578,956.412,-1.043,0.000,300.560,5.785,2.048,29.513,1.647,18.923
390.585,950.016,-1.043,0.000,361.135,-2.054,5.418,26.500,1.647,20.908
390.592,950.016,-1.043,0.000,427.305,3.957,4.534,23.522,1.647,23.027
390.598,950.016,-1.043,0.000,485.257,7.271,4.783,20.914,1.647,23.806
390.605,950.016,-1.043,0.000,551.402,1.901,7.309,17.938,1.647,25.303
390.612,710.918,-0.893,0.000,602.085,5.134,4.713,4.897,1.647,24.783
390.618,710.918,-0.893,0.000,652.603,-3.109,5.506,2.624,1.647,24.014
390.625,499.679,-0.595,0.000,684.047,-1.594,2.117,-8.297,1.647,21.890
390.631,499.679,-0.595,0.000,707.195,-3.427,1.070,-9.338,1.647,19.153
390.637,499.679,-0.595,0.000,711.485,-4.406,3.223,-9.531,1.647,14.878
390.643,499.679,-0.595,0.000,701.359,-3.204,2.110,-9.076,1.647,9.909
390.650,164.414,-0.446,0.000,675.589,-0.607,4.084,-23.003,1.647,4.450
390.656,164.414,-0.446,0.000,641.038,-0.020,3.175,-21.448,1.647,-0.686
390.663,51.831,-0.446,0.000,591.589,6.410,0.585,-24.289,1.647,-6.153
390.669,51.831,-0.446,0.000,535.702,9.227,-0.278,-21.774,1.647,-11.107
390.676,51.831,-0.446,0.000,478.289,6.498,3.818,-19.191,1.647,-14.904
390.683,11.932,-0.446,0.000,416.122,6.834,3.114,-18.189,1.647,-18.334
390.689,11.932,-0.446,0.000,352.797,10.087,0.305,-15.339,1.647,-20.791
390.696,9.023,-0.446,0.000,298.051,10.916,0.667,-13.006,1.647,-21.271
390.702,9.023,-0.446,0.000,251.057,9.320,1.453,-10.892,1.647,-20.331
390.709,0.595,-0.446,0.000,208.794,11.807,-0.501,-9.369,1.635,-19.535
390.715,0.595,-0.446,0.000,182.816,5.883,2.097,-8.200,1.591,-17.334
390.721,0.595,-0.446,0.000,167.207,1.853,4.189,-7.498,1.526,-14.644
390.727,0.595,-0.446,0.000,156.578,0.224,1.977,-7.019,1.458,-12.045
390.733,0.000,-0.446,0.000,157.373,-2.347,3.059,-7.082,1.392,-8.859
390.738,0.000,-0.446,0.000,162.054,-7.137,2.898,-7.292,1.330,-6.060
390.744,0.000,-0.446,0.000,169.965,-12.992,-0.589,-7.648,1.269,-3.508
390.749,0.000,-0.446,0.000,177.577,-14.964,-2.920,-7.991,1.209,-1.702
390.755,0.000,-0.446,0.000,189.089,-17.010,-4.027,-8.509,1.150,0.089
390.760,-0.297,-0.446,0.000,201.268,-18.350,-2.548,-9.070,1.095,1.557
390.766,-0.297,-0.446,0.000,208.466,-19.534,-0.666,-9.394,1.037,1.967
390.773,-0.297,-0.446,0.000,212.127,-23.410,2.228,-9.559,0.979,1.874
390.779,-1.642,-0.446,0.000,211.684,-20.584,0.974,-9.600,0.921,1.323
390.785,-4.275,-0.446,0.000,210.247,-19.553,-3.096,-9.653,0.861,0.849
390.792,-4.275,-0.446,0.000,196.188,-15.550,-3.856,-9.021,0.798,-0.853
390.798,-4.275,-0.446,0.000,178.541,-8.356,-8.096,-8.227,0.729,-2.464
390.805,-4.275,-0.446,0.000,159.930,-7.321,-6.436,-7.389,0.657,-3.793
390.812,-4.275,-0.446,0.000,141.104,-5.285,-4.822,-6.542,0.584,-4.767
390.818,-4.275,-0.446,0.000,122.104,-5.886,-5.057,-5.687,0.512,-5.473
390.825,-20.000,-0.446,0.000,99.154,1.064,-3.393,-5.362,0.439,-6.376
390.831,-23.207,-0.446,0.000,78.283,3.444,-5.731,-4.567,0.372,-6.836
390.838,-23.207,-0.446,0.000,62.078,-0.564,-0.616,-3.838,0.310,-6.701
390.844,-55.692,-0.446,0.000,44.670,0.162,-6.459,-4.516,0.259,-6.927
390.851,-55.692,-0.446,0.000,32.552,-1.893,-4.898,-3.971,0.212,-6.328
390.857,-55.692,-0.446,0.000,18.855,1.328,-7.552,-3.355,0.163,-5.996
390.864,-182.363,-0.446,0.000,9.845,-3.623,-7.364,-8.649,0.163,-6.225
390.871,-289.502,-0.446,0.000,6.854,-5.014,-5.365,-13.336,0.163,-4.994
390.877,-289.502,-0.446,0.000,-4.296,-5.462,-8.760,-12.834,0.163,-5.027
390.884,-731.338,-0.297,0.000,-11.668,-10.938,-6.246,-32.385,0.163,-4.639
390.890,-731.338,-0.297,0.000,-18.650,-9.458,-4.631,-32.071,0.163,-4.364
390.896,-982.349,-0.297,0.000,-34.426,-11.966,-6.119,-42.657,0.163,-5.165
390.902,-982.349,-0.297,0.000,-60.819,-14.926,-4.068,-41.469,0.163,-7.123
390.909,-982.349,-0.446,0.000,-95.486,-17.871,-3.166,-39.909,0.163,-9.457
390.915,-982.349,-0.446,0.000,-156.528,-15.979,-7.041,-37.162,0.163,-14.012
390.922,-982.349,-0.446,0.000,-225.393,-4.761,-10.234,-34.063,0.163,-18.386
390.928,-982.349,-0.446,0.000,-301.781,-1.100,-6.890,-30.626,0.163,-22.749
390.935,-982.349,-0.446,0.000,-376.681,-4.217,-3.591,-27.255,0.163,-25.686
390.941,-982.349,-0.446,0.000,-466.907,0.087,-7.617,-23.195,0.163,-29.638
390.948,-982.349,-0.446,0.000,-546.374,8.905,-9.163,-19.619,0.163,-31.272
390.954,-982.349,-0.446,0.000,-617.040,10.339,-6.343,-16.439,0.163,-31.215
390.961,-746.961,-0.446,0.000,-680.501,19.554,-8.898,-2.991,0.163,-30.853
390.968,-661.873,-0.446,0.000,-724.476,19.265,-4.287,2.817,0.163,-28.231
390.974,-661.873,-0.446,0.000,-757.272,22.129,-7.846,4.293,0.163,-24.972
390.981,-339.262,-0.595,0.000,-768.554,24.936,-5.885,19.318,0.163,-20.076
390.987,-339.262,-0.595,0.000,-765.579,25.095,-5.929,19.184,0.163,-14.633
390.993,-339.262,-0.595,0.000,-733.258,22.833,-3.614,17.730,0.163,-7.107
390.999,-70.237,-0.893,0.000,-690.881,26.247,-4.128,27.929,0.163,-0.175
391.006,-70.237,-0.893,0.000,-636.064,29.043,-6.087,25.462,0.163,6.099
391.012,-70.237,-0.893,0.000,-570.247,20.584,-4.823,22.500,0.163,12.175
391.019,-3.482,-1.944,0.000,-494.958,14.644,-2.455,22.116,0.163,17.598
391.026,-3.482,-1.944,0.000,-414.894,13.510,-4.800,18.514,0.163,22.225
391.032,-3.482,-1.944,0.000,-342.145,12.609,-6.003,15.240,0.163,24.855
391.039,0.149,-0.893,0.000,-274.976,2.986,-3.804,12.381,0.163,26.244
391.044,0.149,-0.893,0.000,-214.492,-1.734,-3.460,9.659,0.163,26.611
391.050,0.149,-0.893,0.000,-166.776,-5.489,-4.333,7.512,0.174,25.199
391.055,0.149,-0.893,0.000,-132.220,-13.944,-5.791,5.957,0.209,22.773
391.061,0.149,-0.893,0.000,-110.427,-20.266,-6.771,4.976,0.255,19.469
391.066,0.149,-0.893,0.000,-103.330,-20.599,-8.670,4.657,0.307,15.341
391.072,0.149,-0.893,0.000,-105.044,-23.748,-7.341,4.734,0.364,11.320
391.078,7.333,-0.446,0.000,-113.101,-27.264,-3.954,5.420,0.426,7.646
391.084,8.636,-0.446,0.000,-132.469,-24.595,-6.903,6.350,0.499,3.849
391.091,8.636,-0.446,0.000,-150.790,-21.187,-4.348,7.174,0.573,1.053
391.098,8.636,-0.446,0.000,-170.482,-16.113,-3.316,8.060,0.646,-1.158
391.104,15.518,-0.595,0.000,-192.078,-13.848,-6.251,9.342,0.710,-3.195
391.111,25.660,-0.893,0.000,-201.574,-11.841,-6.983,10.226,0.765,-3.457
391.117,25.660,-0.893,0.000,-211.737,-6.635,-10.356,10.683,0.814,-3.625
391.124,102.835,-3.796,0.000,-218.118,-7.898,-7.676,14.443,0.830,-3.505
391.130,102.835,-3.796,0.000,-209.366,-1.585,-5.250,14.049,0.830,-1.716
391.137,342.058,-6.797,0.000,-197.291,2.007,-6.358,24.271,0.830,0.039
391.144,342.058,-6.797,0.000,-173.584,-1.867,-0.720,23.204,0.830,2.668
391.151,499.679,-6.797,0.000,-139.099,3.196,-2.066,28.745,0.830,5.952
391.157,499.679,-6.797,0.000,-104.037,7.531,-0.680,27.167,0.830,8.420
391.164,499.679,-6.797,0.000,-49.198,-4.818,-3.331,24.699,0.830,12.349
391.171,956.412,-6.446,0.000,13.258,-8.071,-7.706,42.442,0.830,16.193
391.178,956.412,-6.446,0.000,74.172,-6.948,-6.172,39.701,0.830,19.049
391.184,956.412,-6.446,0.000,140.112,-17.179,-3.100,36.734,0.830,21.629
391.191,956.412,-6.446,0.000,211.801,-25.206,-3.514,33.507,0.830,23.941
391.198,956.412,-6.446,0.000,289.827,-31.079,-2.587,29.996,0.830,26.725
391.204,956.412,-6.446,0.000,369.477,-35.399,-1.857,26.412,0.830,29.011
391.211,956.412,-4.924,0.000,434.850,-31.297,-1.475,23.470,0.830,29.513
391.217,950.016,-5.758,0.000,497.121,-33.049,-0.221,20.380,0.830,29.466
391.224,950.016,-5.758,0.000,553.895,-29.138,-4.007,17.825,0.830,28.362
391.231,812.173,-6.974,0.000,597.523,-30.194,-5.502,9.659,0.830,25.441
391.238,812.173,-6.974,0.000,630.475,-23.102,-3.675,8.176,0.830,21.738
391.244,812.173,-6.974,0.000,655.673,-18.023,-2.242,7.042,0.852,18.441
391.251,812.173,-6.974,0.000,666.137,-20.069,-1.102,6.572,0.905,14.624
391.258,455.714,-6.621,0.000,668.590,-21.203,-0.422,-9.579,0.905,12.544
391.264,398.791,-6.272,0.000,661.046,-16.669,-2.556,-11.801,0.905,8.579
391.271,301.991,-5.589,0.000,638.106,-12.730,-3.035,-15.125,0.905,3.838
391.278,301.991,-5.589,0.000,609.318,-12.537,-4.063,-13.830,0.905,-0.304
391.285,103.917,-1.492,0.000,566.803,-8.030,-6.951,-20.830,0.905,-4.891
391.292,103.917,-1.492,0.000,521.198,-5.836,-6.879,-18.778,0.905,-8.733
391.298,31.138,-0.595,0.000,476.761,-11.173,-5.216,-20.053,0.905,-11.394
391.305,31.138,-0.595,0.000,422.813,-6.052,-7.794,-17.625,0.905,-15.005
391.311,28.300,-0.595,0.000,373.907,-8.933,-5.465,-15.552,0.905,-17.164
391.317,28.300,-0.595,0.000,324.575,-8.523,-5.514,-13.332,0.905,-18.842
391.323,23.207,-0.446,0.000,282.164,-12.373,-4.167,-11.653,0.905,-18.450
391.330,23.207,-0.446,0.000,242.606,-15.871,-6.365,-9.873,0.904,-17.461
391.337,23.207,-0.446,0.000,213.604,-17.642,-3.423,-8.568,0.870,-15.796
391.343,23.207,-0.446,0.000,187.133,-13.237,-8.152,-7.377,0.806,-14.386
391.350,17.387,-0.446,0.000,168.486,-18.245,-5.633,-6.799,0.735,-12.620
391.356,17.387,-0.446,0.000,163.604,-12.819,-6.697,-6.580,0.661,-9.951
391.363,17.387,-0.446,0.000,161.617,-16.400,-9.193,-6.490,0.588,-7.655
391.369,17.387,-0.446,0.000,157.100,-17.973,-12.217,-6.287,0.514,-6.183
391.376,17.387,-0.446,0.000,161.151,-15.553,-8.314,-6.469,0.441,-4.287
391.383,0.149,-0.446,0.000,162.632,-14.110,-6.686,-7.312,0.366,-3.030
391.388,0.149,-0.446,0.000,165.467,-10.559,-5.442,-7.439,0.305,-1.939
391.394,-0.149,-0.446,0.000,168.525,-2.535,-5.700,-7.590,0.244,-1.118
391.399,-0.446,-0.595,0.000,173.840,-3.787,-4.709,-7.843,0.183,-0.248
391.405,-0.446,-0.595,0.000,172.788,-8.126,-3.943,-7.796,0.117,-0.302
391.411,-0.446,-0.595,0.000,170.143,-8.104,-2.779,-7.676,0.050,-0.568
391.418,-6.100,-0.744,0.000,160.782,-6.533,-5.861,-7.510,-0.019,-1.423
391.424,-6.100,-0.744,0.000,152.199,-5.351,-6.326,-7.123,-0.095,-1.958
391.431,-13.302,-0.744,0.000,138.155,-4.334,-8.523,-6.816,-0.171,-2.852
391.438,-33.739,-0.446,0.000,122.743,-10.655,-5.802,-7.042,-0.247,-3.715
391.444,-33.739,-0.446,0.000,104.826,-4.252,-11.633,-6.235,-0.320,-4.585
391.451,-33.739,-0.446,0.000,88.790,-5.557,-12.800,-5.514,-0.391,-5.064
391.457,-101.762,-0.446,0.000,69.709,-6.544,-4.991,-7.716,-0.395,-6.016
391.464,-155.234,-0.297,0.000,50.051,-10.650,-6.311,-9.238,-0.395,-6.980
391.470,-155.234,-0.297,0.000,34.230,-11.703,-4.353,-8.526,-0.397,-6.829
391.476,-368.065,-0.297,0.000,16.367,-9.911,-8.834,-17.299,-0.414,-7.624
391.483,-368.065,-0.297,0.000,-5.866,-11.559,-8.722,-16.299,-0.414,-8.363
391.489,-480.965,0.000,0.000,-25.354,-8.913,-9.593,-20.502,-0.414,-8.815
391.495,-881.909,1.642,0.000,-43.462,-10.596,-12.613,-37.730,-0.414,-8.759
391.502,-982.349,2.706,0.000,-67.858,-11.099,-7.123,-41.152,-0.414,-9.353
391.508,-982.349,2.706,0.000,-105.891,-11.898,-3.395,-39.441,-0.414,-11.259
391.515,-982.349,0.595,0.000,-156.175,-11.409,-3.208,-37.178,-0.414,-14.019
391.521,-982.349,0.297,0.000,-218.766,-2.765,-9.423,-34.361,-0.414,-18.010
391.528,-982.349,0.297,0.000,-276.257,-7.278,-6.419,-31.774,-0.414,-20.348
391.534,-982.349,0.000,0.000,-351.685,-9.513,-9.771,-28.380,-0.414,-25.020
391.539,-982.349,-0.297,0.000,-422.648,-2.667,-9.583,-25.187,-0.414,-27.859
391.546,-982.349,-0.297,0.000,-497.065,-0.125,-11.651,-21.838,-0.414,-29.796
391.552,-982.349,-0.297,0.000,-561.397,6.206,-12.392,-18.943,-0.414,-30.063
391.558,-982.349,-0.297,0.000,-622.518,7.551,-11.481,-16.192,-0.414,-29.160
391.564,-982.349,-0.297,0.000,-670.733,16.107,-12.738,-14.023,-0.414,-27.053
391.571,-615.592,-0.297,0.000,-706.116,21.816,-8.320,4.074,-0.414,-25.338
391.577,-615.592,-0.297,0.000,-732.728,26.562,-6.239,5.271,-0.414,-22.152
391.583,-261.203,-0.446,0.000,-745.215,34.695,-7.274,21.781,-0.414,-18.114
391.590,-261.203,-0.446,0.000,-740.758,28.485,-4.303,21.580,-0.414,-13.130
391.596,-218.971,-0.446,0.000,-717.305,33.902,-10.363,22.425,-0.414,-7.119
391.603,-218.971,-0.446,0.000,-679.021,31.435,-5.837,20.702,-0.414,-0.925
391.609,-218.971,-0.446,0.000,-631.759,31.928,-2.210,18.575,-0.414,4.661
391.616,-19.697,-0.446,0.000,-561.155,25.174,-2.932,24.366,-0.414,11.643
391.622,-11.932,-0.446,0.000,-494.116,24.582,-5.139,21.698,-0.414,16.565
391.629,-11.932,-0.446,0.000,-430.053,21.782,-3.273,18.815,-0.414,19.892
391.635,-11.932,-0.446,0.000,-360.068,10.452,-4.407,15.666,-0.414,22.909
391.642,-11.932,-0.446,0.000,-294.244,3.286,-7.663,12.704,-0.414,24.177
391.648,0.000,-0.446,0.000,-246.923,-2.238,-7.095,11.112,-0.414,23.272
391.654,0.000,-0.446,0.000,-203.797,-4.120,-6.113,9.171,-0.413,22.330
391.659,0.000,-0.446,0.000,-174.672,-7.116,-7.160,7.860,-0.384,19.926
391.665,0.149,-0.446,0.000,-157.801,-10.291,-7.442,7.108,-0.332,16.872
391.670,0.149,-0.446,0.000,-151.243,-15.303,-9.478,6.813,-0.270,13.433
391.676,6.272,-0.446,0.000,-153.381,-20.862,-5.158,7.184,-0.208,9.833
391.682,6.272,-0.446,0.000,-160.102,-21.000,-0.958,7.487,-0.135,6.682
391.689,13.302,-0.446,0.000,-176.760,-21.880,-2.759,8.553,-0.064,3.387
391.695,13.302,-0.446,0.000,-192.244,-20.043,-1.130,9.250,0.001,0.911
391.702,13.302,-0.446,0.000,-206.133,-17.465,-5.123,9.875,0.061,-0.752
391.709,35.564,-0.744,0.000,-221.885,-18.257,-5.123,11.585,0.105,-2.251
391.715,35.564,-0.744,0.000,-229.427,-11.833,-7.694,11.925,0.137,-2.465
391.722,35.564,-0.744,0.000,-236.138,-6.981,-5.736,12.227,0.164,-2.516
391.729,35.564,-0.744,0.000,-235.230,1.717,-3.461,12.186,0.190,-1.781
391.735,36.982,-0.595,0.000,-229.732,3.841,-1.917,12.002,0.218,-0.758
391.741,36.982,-0.595,0.000,-211.215,11.744,-4.019,11.169,0.254,1.483
391.748,39.442,-0.595,0.000,-193.786,9.822,-2.989,10.495,0.300,3.069
391.754,39.442,-0.595,0.000,-168.467,17.431,-3.020,9.356,0.356,5.052
391.760,39.442,-0.595,0.000,-146.124,12.021,2.242,8.350,0.421,6.167
391.766,39.442,-0.595,0.000,-121.463,17.620,3.656,7.241,0.489,7.266
391.773,39.442,-0.595,0.000,-90.595,8.701,4.837,5.852,0.559,8.655
391.779,39.442,-0.595,0.000,-72.660,13.164,0.904,5.045,0.627,8.317
391.785,401.974,-2.400,0.000,-51.562,10.292,-0.429,20.409,0.649,9.505
391.791,499.679,-2.860,0.000,-31.571,2.463,-1.149,23.906,0.649,9.562
391.798,499.679,-2.860,0.000,-11.199,-2.555,0.715,22.990,0.649,9.410
391.805,499.679,-2.860,0.000,11.772,-9.342,1.604,21.956,0.649,9.646
391.812,593.449,-3.014,0.000,24.956,-7.893,2.543,25.582,0.649,8.750
391.818,602.228,-3.014,0.000,51.101,-9.133,2.785,24.801,0.649,9.481
391.825,597.825,-3.014,0.000,76.632,-6.887,3.264,23.454,0.649,9.938
391.832,597.825,-3.325,0.000,117.338,-13.207,5.490,21.622,0.649,11.906
391.839,555.208,-4.275,0.000,155.520,-8.908,5.463,17.986,0.649,13.251
391.845,555.208,-4.275,0.000,199.326,-17.910,6.286,16.015,0.649,14.595
391.852,555.208,-4.275,0.000,242.332,-12.276,4.259,14.079,0.649,15.388
391.859,438.337,-5.928,0.000,275.954,-15.404,3.453,7.307,0.649,14.784
391.865,350.558,-5.928,0.000,310.877,-11.970,3.033,1.786,0.649,15.636
391.872,350.558,-5.928,0.000,334.957,-11.979,2.260,0.702,0.649,13.866
391.879,218.971,-5.255,0.000,354.602,-8.385,8.033,-6.103,0.649,12.907
391.886,187.519,-4.598,0.000,363.892,0.335,7.200,-7.937,0.649,10.730
391.892,187.519,-4.598,0.000,360.487,4.021,7.162,-7.784,0.649,7.600
391.899,100.698,-1.043,0.000,352.555,4.259,6.224,-11.334,0.649,4.801
391.906,100.698,-1.043,0.000,327.592,11.718,1.953,-10.210,0.649,0.807
391.912,65.590,-0.893,0.000,295.520,14.625,3.313,-10.347,0.649,-2.985
391.919,65.590,-0.893,0.000,259.825,19.017,0.544,-8.741,0.649,-6.112
391.926,35.564,-0.446,0.000,226.612,16.812,5.360,-8.597,0.649,-8.174
391.932,35.564,-0.446,0.000,185.839,20.776,4.061,-6.762,0.649,-10.276
391.939,27.145,-0.446,0.000,152.843,17.787,7.584,-5.656,0.638,-11.082
391.945,27.145,-0.446,0.000,114.865,18.158,4.050,-3.947,0.614,-12.030
391.952,27.145,-0.446,0.000,87.416,13.552,7.250,-2.712,0.586,-11.610
391.958,18.808,-0.446,0.000,64.398,14.626,3.475,-2.052,0.562,-11.000
391.965,12.380,-0.446,0.000,49.649,10.635,2.315,-1.677,0.542,-9.664
391.971,12.380,-0.446,0.000,42.993,9.429,4.853,-1.378,0.521,-7.819
391.978,12.380,-0.446,0.000,41.007,4.046,6.753,-1.288,0.501,-5.970
391.985,12.380,-0.446,0.000,41.300,-0.445,5.308,-1.301,0.478,-4.424
391.991,12.380,-0.446,0.000,42.818,5.021,2.680,-1.370,0.453,-3.180
391.998,12.380,-0.446,0.000,57.897,-3.256,1.715,-2.048,0.418,-0.952
392.004,12.380,-0.446,0.000,68.590,-8.197,2.526,-2.529,0.375,0.306
392.010,0.000,-0.446,0.000,80.083,-8.725,4.342,-3.604,0.325,1.433
392.016,0.000,-0.446,0.000,88.022,-7.139,4.618,-3.961,0.275,2.077
392.021,0.000,-0.446,0.000,96.177,-5.816,4.533,-4.328,0.223,2.657
392.027,0.000,-0.446,0.000,103.353,-6.462,5.897,-4.651,0.168,3.033
392.032,0.000,-0.446,0.000,105.943,-3.687,5.908,-4.767,0.113,2.711
392.038,0.000,-0.446,0.000,104.507,-0.105,3.965,-4.703,0.057,1.923
392.043,0.000,-0.446,0.000,100.941,1.681,4.639,-4.542,0.001,1.019
392.049,0.000,-0.446,0.000,96.049,3.934,3.286,-4.322,-0.053,0.144
392.054,0.000,-0.446,0.000,87.887,5.412,2.621,-3.955,-0.106,-0.928
392.060,0.000,-0.446,0.000,79.653,6.743,3.105,-3.584,-0.156,-1.736
392.065,0.000,-0.446,0.000,68.273,9.529,3.536,-3.072,-0.203,-2.676
392.071,-0.149,-0.446,0.000,58.549,12.715,5.623,-2.641,-0.244,-3.160
392.076,-0.149,-0.446,0.000,46.409,14.537,8.281,-2.095,-0.278,-3.770
392.082,-0.149,-0.446,0.000,34.772,18.106,8.190,-1.571,-0.306,-4.168
392.087,-0.149,-0.446,0.000,23.618,21.206,5.881,-1.070,-0.327,-4.416
392.093,-1.492,-0.446,0.000,12.631,20.267,3.959,-0.636,-0.342,-4.479
392.100,-1.492,-0.446,0.000,7.299,14.513,5.331,-0.396,-0.352,-3.891
392.106,-1.492,-0.446,0.000,5.099,12.520,4.697,-0.297,-0.357,-3.056
392.113,-13.302,-0.446,0.000,-3.309,15.376,1.917,-0.450,-0.368,-3.101
392.119,-13.302,-0.446,0.000,-6.851,10.591,3.905,-0.290,-0.375,-2.674
392.126,-44.745,-0.446,0.000,-9.759,11.120,3.758,-1.574,-0.394,-2.388
392.133,-53.734,-0.446,0.000,-13.535,12.181,1.187,-1.809,-0.415,-2.158
392.139,-53.734,-0.446,0.000,-17.738,11.258,1.002,-1.620,-0.439,-2.025
392.146,-53.734,-0.446,0.000,-19.448,8.992,6.078,-1.543,-0.463,-1.661
392.152,-53.734,-0.446,0.000,-18.620,8.711,5.424,-1.580,-0.490,-1.154
392.159,-117.624,-0.297,0.000,-22.876,8.083,3.433,-4.264,-0.500,-1.323
392.165,-117.624,-0.297,0.000,-24.672,5.769,3.563,-4.183,-0.529,-1.208
392.171,-152.266,-0.297,0.000,-28.655,5.038,2.974,-5.563,-0.545,-1.411
392.177,-152.266,-0.297,0.000,-31.685,5.634,2.126,-5.426,-0.572,-1.392
392.183,-162.855,-0.446,0.000,-37.301,2.837,-1.214,-5.650,-0.614,-1.625
392.190,-162.855,-0.446,0.000,-46.331,5.291,2.625,-5.244,-0.665,-2.149
392.196,-167.568,-0.446,0.000,-55.197,11.446,1.224,-5.057,-0.724,-2.499
392.203,-167.568,-0.446,0.000,-66.279,9.102,1.818,-4.558,-0.791,-2.976
392.210,-169.163,-0.446,0.000,-79.688,4.769,2.995,-4.026,-0.854,-3.513
392.216,-169.163,-0.446,0.000,-93.514,10.893,0.266,-3.404,-0.911,-4.016
392.223,-169.163,-0.446,0.000,-105.286,11.434,2.097,-2.874,-0.963,-4.178
392.229,-169.163,-0.446,0.000,-119.714,9.583,4.344,-2.225,-1.006,-4.526
392.236,-175.665,-0.446,0.000,-130.551,7.917,0.903,-2.030,-1.046,-4.462
392.242,-175.665,-0.446,0.000,-141.011,8.665,0.379,-1.559,-1.079,-4.370
392.249,-228.978,-0.446,0.000,-151.576,15.029,-2.220,-3.483,-1.099,-4.562
392.255,-254.486,-0.446,0.000,-163.737,11.078,-1.616,-4.084,-1.110,-4.730
392.262,-254.486,-0.446,0.000,-171.492,7.078,0.873,-3.735,-1.132,-4.291
392.269,-289.502,-0.446,0.000,-181.956,11.948,-1.257,-4.840,-1.153,-4.459
392.275,-289.502,-0.446,0.000,-189.162,9.798,-2.514,-4.515,-1.170,-3.978
392.282,-289.502,-0.446,0.000,-196.172,5.255,0.573,-4.200,-1.206,-3.664
392.288,-291.966,-0.446,0.000,-205.017,7.418,-4.519,-3.913,-1.250,-3.571
392.295,-291.966,-0.446,0.000,-211.482,7.239,-5.083,-3.622,-1.303,-3.292
392.302,-272.713,-0.446,0.000,-218.486,2.798,-1.087,-2.440,-1.349,-3.096
392.308,-250.085,-0.446,0.000,-226.415,-0.955,-1.328,-1.065,-1.382,-3.131
392.315,-250.085,-0.446,0.000,-233.140,-5.199,0.770,-0.762,-1.396,-3.010
392.321,-250.085,-0.446,0.000,-242.473,-3.417,-1.453,-0.343,-1.405,-3.147
392.328,-250.085,-0.446,0.000,-249.366,-7.814,1.182,-0.032,-1.408,-3.030
392.334,-147.899,-0.446,0.000,-252.480,-10.741,1.251,4.706,-1.408,-2.947
392.341,-147.899,-0.446,0.000,-258.856,-5.284,-3.008,4.993,-1.405,-2.768
392.347,-52.459,-0.595,0.000,-264.088,-5.093,-4.034,9.523,-1.399,-2.875
392.354,-52.459,-0.595,0.000,-264.653,-1.369,-2.116,9.549,-1.399,-2.310
392.360,-52.459,-0.595,0.000,-259.258,-3.652,-0.337,9.306,-1.399,-0.914
392.366,-52.459,-0.595,0.000,-254.099,-2.755,-0.296,9.074,-1.380,-0.021
392.372,-12.836,-0.893,0.000,-246.997,6.725,0.684,10.537,-1.380,0.766
392.379,-5.421,-0.893,0.000,-229.636,1.752,0.334,10.090,-1.369,2.420
392.386,-3.639,-0.893,0.000,-212.357,5.810,-1.791,9.392,-1.319,3.541
392.392,-3.169,-0.744,0.000,-189.048,1.794,0.348,8.365,-1.253,5.100
392.399,-3.169,-0.744,0.000,-170.467,6.067,0.161,7.528,-1.179,5.694
392.405,-3.169,-0.744,0.000,-147.803,7.516,0.493,6.508,-1.103,6.477
392.412,-2.553,-0.595,0.000,-132.285,6.246,-3.598,5.838,-1.032,6.397
392.418,-2.553,-0.595,0.000,-111.876,3.378,-2.455,4.920,-0.966,6.826
392.424,-2.553,-0.595,0.000,-95.363,-2.175,-2.147,4.176,-0.904,6.845
392.430,-1.793,-0.446,0.000,-84.793,-4.889,-0.527,3.735,-0.847,6.274
392.437,-1.793,-0.446,0.000,-74.006,-5.567,-0.220,3.250,-0.791,5.786
392.443,-1.793,-0.446,0.000,-63.891,-10.644,-0.495,2.794,-0.743,5.319
392.450,-1.793,-0.446,0.000,-60.454,-12.240,-0.914,2.640,-0.697,4.331
392.456,-1.793,-0.446,0.000,-57.214,-12.486,-3.185,2.494,-0.654,3.562
392.462,-1.793,-0.446,0.000,-56.565,-9.946,-3.656,2.465,-0.611,2.730
392.469,0.000,-0.446,0.000,-57.524,-13.916,-0.845,2.589,-0.568,1.981
392.474,0.000,-0.446,0.000,-62.623,-13.520,-1.700,2.818,-0.527,0.964
392.480,0.000,-0.446,0.000,-65.468,-11.880,-2.070,2.946,-0.484,0.462
392.485,0.000,-0.446,0.000,-66.821,-11.041,0.086,3.007,-0.441,0.179
392.491,0.000,-0.446,0.000,-69.271,-10.734,-1.043,3.117,-0.398,-0.162
392.496,0.000,-0.446,0.000,-69.465,-9.300,-0.193,3.126,-0.355,-0.184
392.502,0.000,-0.446,0.000,-69.822,-8.248,-0.389,3.142,-0.311,-0.256
392.507,0.000,-0.446,0.000,-69.101,-8.237,-0.811,3.110,-0.268,-0.184
392.513,0.000,-0.446,0.000,-68.687,-8.289,-0.816,3.091,-0.225,-0.097
392.518,0.000,-0.446,0.000,-66.810,-5.839,-0.820,3.006,-0.182,0.181
392.524,0.000,-0.446,0.000,-62.163,-7.905,0.596,2.797,-0.139,0.649
392.529,0.000,-0.446,0.000,-58.949,-6.401,0.608,2.653,-0.101,0.821
392.535,0.000,-0.446,0.000,-57.017,-4.901,0.402,2.566,-0.062,0.843
392.540,0.000,-0.446,0.000,-53.209,-1.818,0.855,2.394,-0.025,1.093
392.546,0.000,-0.446,0.000,-48.595,-1.423,-0.004,2.187,0.010,1.339
392.551,0.000,-0.446,0.000,-44.662,-0.287,-2.170,2.010,0.043,1.511
392.557,0.000,-0.446,0.000,-40.933,1.047,-3.388,1.842,0.074,1.651
392.563,0.000,-0.446,0.000,-37.618,-2.348,-3.442,1.693,0.102,1.594
392.568,0.000,-0.446,0.000,-33.044,-5.802,-3.331,1.487,0.127,1.667
392.574,0.000,-0.446,0.000,-28.890,-6.368,-1.365,1.300,0.149,1.675
392.579,0.000,-0.446,0.000,-23.931,-4.968,-0.438,1.077,0.167,1.766
392.585,0.000,-0.446,0.000,-18.537,-5.531,0.391,0.834,0.183,1.935
392.590,0.000,-0.446,0.000,-12.451,-4.950,0.501,0.560,0.195,2.181
392.596,0.000,-0.446,0.000,-10.415,-5.731,0.748,0.469,0.206,1.973
392.601,0.149,-0.446,0.000,-10.876,-6.022,0.972,0.496,0.215,1.512
392.607,0.595,-0.595,0.000,-7.360,-8.204,0.424,0.358,0.223,1.562
392.613,0.595,-0.595,0.000,-6.195,-8.332,-1.031,0.306,0.228,1.274
392.618,0.595,-0.595,0.000,-5.046,-12.048,-0.199,0.254,0.232,1.028
392.624,31.561,-3.169,0.000,-2.170,-14.292,-0.238,1.518,0.245,1.093
392.631,54.380,-5.421,0.000,-3.911,-11.749,-0.590,2.623,0.265,0.675
392.638,54.380,-5.421,0.000,-5.693,-13.874,0.104,2.703,0.292,0.293
392.645,54.380,-5.421,0.000,1.533,-17.468,0.740,2.378,0.325,0.927
392.651,330.982,-12.836,0.000,-2.317,-14.801,-1.461,14.998,0.325,0.359
392.658,330.982,-12.836,0.000,0.191,-11.993,0.248,14.886,0.325,0.444
392.665,495.890,-12.836,0.000,18.428,-21.634,2.871,21.486,0.325,2.403
392.672,507.326,-12.836,0.000,30.782,-19.358,-0.085,21.444,0.325,3.230
392.678,534.835,-12.836,0.000,56.777,-29.080,-0.816,21.513,0.325,5.330
392.685,567.728,-13.302,0.000,89.821,-24.535,-1.388,21.506,0.325,7.722
392.692,571.951,-13.777,0.000,127.014,-32.061,0.887,20.022,0.325,9.942
392.698,571.951,-13.777,0.000,169.770,-22.224,-3.055,18.098,0.325,12.292
392.705,571.951,-13.777,0.000,210.824,-14.932,-2.259,16.251,0.325,13.516
392.712,515.067,-14.508,0.000,258.160,-16.879,0.146,11.561,0.349,14.664
392.719,477.291,-14.262,0.000,307.385,-15.355,-0.452,7.646,0.414,15.549
392.725,477.291,-14.262,0.000,346.111,-20.569,-1.264,5.903,0.489,15.268
392.732,380.120,-10.639,0.000,383.048,-20.635,0.468,-0.132,0.514,16.541
392.739,328.258,-8.446,0.000,406.692,-17.578,1.921,-3.530,0.514,15.424
392.746,328.258,-8.446,0.000,425.774,-18.657,1.883,-4.388,0.514,13.275
392.752,328.258,-8.446,0.000,431.545,-20.101,1.741,-4.648,0.514,10.110
392.759,272.713,-7.333,0.000,422.467,-14.454,0.247,-6.739,0.514,6.861
392.766,272.713,-7.333,0.000,407.169,-15.252,1.608,-6.051,0.514,3.275
392.773,272.713,-7.153,0.000,379.469,-11.688,-1.839,-4.804,0.497,-0.381
392.779,272.713,-7.153,0.000,357.746,-9.990,0.917,-3.826,0.463,-2.392
392.786,272.713,-7.153,0.000,324.537,-6.274,-0.261,-2.332,0.430,-4.956
392.793,272.713,-7.153,0.000,296.283,-5.641,0.720,-1.061,0.410,-6.313
392.800,272.713,-7.153,0.000,273.160,-8.468,-1.136,-0.020,0.405,-6.799
392.807,272.713,-7.153,0.000,246.737,1.105,-5.321,1.169,0.420,-7.505
392.813,261.203,-7.153,0.000,229.865,1.746,-4.985,1.410,0.439,-7.297
392.820,261.203,-7.153,0.000,221.371,1.887,-1.342,1.792,0.468,-6.235
392.827,261.203,-7.153,0.000,218.532,1.263,0.366,1.920,0.503,-4.955
392.834,198.179,-7.153,0.000,225.944,-5.663,2.267,-1.249,0.513,-3.288
392.840,198.179,-7.153,0.000,234.574,-9.530,1.833,-1.638,0.505,-1.489
392.847,121.266,-6.974,0.000,245.511,-7.480,0.546,-5.591,0.493,-0.035
392.854,79.434,-6.100,0.000,259.993,-15.084,1.453,-8.125,0.493,1.535
392.861,79.434,-6.100,0.000,279.868,-14.516,1.259,-9.020,0.493,3.242
392.867,79.434,-6.100,0.000,290.955,-11.465,-0.137,-9.518,0.493,3.492
392.874,29.491,-2.096,0.000,296.087,-14.427,0.180,-11.997,0.493,3.195
392.881,29.491,-2.096,0.000,300.623,-13.562,-0.941,-12.201,0.489,2.813
392.887,10.019,-0.893,0.000,291.108,-13.625,-5.075,-12.649,0.476,1.106
392.894,6.446,-0.595,0.000,281.884,-11.141,-1.990,-12.395,0.456,-0.214
392.900,5.421,-0.595,0.000,263.071,-10.302,-0.362,-11.594,0.426,-2.251
392.906,5.421,-0.595,0.000,244.176,-9.874,4.447,-10.744,0.386,-3.941
392.913,5.421,-0.595,0.000,216.981,-4.654,3.802,-9.520,0.332,-5.948
392.919,2.400,-0.595,0.000,189.914,0.325,4.657,-8.438,0.273,-7.679
392.925,2.400,-0.446,0.000,164.201,3.277,0.805,-7.281,0.208,-8.794
392.931,2.860,-0.446,0.000,140.325,3.965,1.547,-6.186,0.140,-9.203
392.937,2.860,-0.446,0.000,120.312,6.496,-0.097,-5.285,0.069,-8.912
392.944,2.860,-0.595,0.000,100.511,6.612,-1.724,-4.394,0.002,-8.653
392.950,2.860,-0.595,0.000,88.657,5.483,1.950,-3.861,-0.056,-7.661
392.956,2.860,-0.446,0.000,74.262,8.124,-4.414,-3.213,-0.109,-7.153
392.963,2.860,-0.446,0.000,64.237,7.654,-7.406,-2.762,-0.158,-6.292
392.969,2.860,-0.446,0.000,63.704,9.526,-4.420,-2.738,-0.206,-4.792
392.976,2.860,-0.446,0.000,59.348,8.135,-5.448,-2.542,-0.252,-4.010
392.982,2.706,-0.446,0.000,62.796,3.999,-0.026,-2.704,-0.298,-2.693
392.989,2.400,-0.446,0.000,67.514,5.237,-2.655,-2.930,-0.344,-1.499
392.995,2.400,-0.446,0.000,70.002,0.665,-3.443,-3.042,-0.392,-0.838
393.001,0.446,-0.446,0.000,73.404,-6.445,0.377,-3.283,-0.442,-0.330
393.007,0.446,-0.446,0.000,78.680,-6.939,-0.653,-3.521,-0.497,0.286
393.014,0.446,-0.446,0.000,82.024,-8.529,-4.469,-3.671,-0.553,0.543
393.020,0.446,-0.446,0.000,83.174,-14.233,-2.304,-3.723,-0.611,0.512
393.026,0.000,-0.446,0.000,87.679,-15.078,-2.543,-3.946,-0.666,0.911
393.031,0.000,-0.446,0.000,89.753,-15.701,-3.377,-4.039,-0.717,0.954
393.037,0.000,-0.446,0.000,88.487,-14.205,-4.524,-3.982,-0.769,0.585
393.043,0.000,-0.446,0.000,84.176,-15.191,-2.576,-3.788,-0.820,-0.060
393.048,0.000,-0.446,0.000,78.318,-14.347,-1.597,-3.524,-0.869,-0.753
393.054,0.000,-0.446,0.000,70.905,-12.129,-2.518,-3.191,-0.914,-1.386
393.059,0.000,-0.446,0.000,63.793,-9.931,-3.435,-2.871,-0.956,-1.834
393.065,0.000,-0.446,0.000,58.538,-9.132,-1.232,-2.634,-0.996,-1.971
393.070,0.000,-0.446,0.000,51.602,-10.181,-1.925,-2.322,-1.033,-2.273
393.075,0.000,-0.446,0.000,45.532,-9.971,-1.312,-2.049,-1.065,-2.416
393.081,0.000,-0.446,0.000,38.627,-7.756,-2.462,-1.738,-1.095,-2.547
393.087,0.000,-0.446,0.000,29.772,-4.263,-2.411,-1.340,-1.119,-2.922
393.092,0.000,-0.446,0.000,21.096,-5.602,-2.300,-0.949,-1.137,-3.156
393.098,0.000,-0.446,0.000,14.199,-6.349,-1.517,-0.639,-1.150,-3.171
393.103,0.000,-0.446,0.000,11.482,-6.414,1.585,-0.517,-1.161,-2.723
393.109,0.000,-0.446,0.000,5.968,-2.969,1.058,-0.269,-1.167,-2.665
393.114,0.000,-0.446,0.000,-2.164,-1.459,-0.915,0.097,-1.167,-2.907
393.120,0.000,-0.446,0.000,-6.461,-0.204,-1.662,0.291,-1.163,-2.672
393.125,0.000,-0.446,0.000,-10.475,1.036,-1.647,0.471,-1.156,-2.469
393.131,0.000,-0.446,0.000,-14.392,-1.825,-2.078,0.648,-1.146,-2.314
393.136,0.000,-0.446,0.000,-17.294,-4.757,-1.219,0.778,-1.134,-2.121
393.142,0.000,-0.446,0.000,-17.791,-5.642,1.850,0.801,-1.121,-1.717
393.147,0.000,-0.446,0.000,-16.133,-5.738,3.691,0.726,-1.109,-1.145
393.153,0.000,-0.446,0.000,-16.641,-7.502,3.555,0.749,-1.096,-0.941
393.158,0.000,-0.446,0.000,-15.258,-5.994,0.537,0.687,-1.083,-0.519
393.164,0.000,-0.446,0.000,-15.062,-7.948,-1.191,0.678,-1.070,-0.309
393.170,0.000,-0.446,0.000,-14.176,-10.588,-0.837,0.638,-1.058,-0.048
393.175,0.000,-0.446,0.000,-13.203,-12.672,0.884,0.594,-1.046,0.132
393.181,0.000,-0.446,0.000,-12.611,-15.017,1.419,0.567,-1.037,0.131
393.186,0.000,-0.446,0.000,-13.283,-14.558,0.915,0.598,-1.028,-0.047
393.192,0.000,-0.446,0.000,-11.057,-13.032,-0.774,0.498,-1.020,0.157
393.197,0.000,-0.446,0.000,-10.510,-15.347,0.785,0.473,-1.011,0.162
393.203,0.000,-0.446,0.000,-11.736,-15.960,1.857,0.528,-1.002,-0.034
393.208,0.000,-0.446,0.000,-11.418,-12.450,2.276,0.514,-0.993,0.001
393.214,0.000,-0.446,0.000,-11.915,-9.545,2.015,0.536,-0.984,-0.041
393.219,0.000,-0.446,0.000,-14.608,-8.883,-0.382,0.657,-0.973,-0.322
393.225,0.000,-0.446,0.000,-16.598,-12.648,-0.349,0.747,-0.960,-0.474
393.230,0.000,-0.446,0.000,-18.532,-18.907,-0.472,0.834,-0.947,-0.608
393.236,0.000,-0.446,0.000,-18.753,-21.827,0.386,0.844,-0.933,-0.505
393.241,0.000,-0.446,0.000,-19.252,-20.655,2.161,0.866,-0.918,-0.412
393.247,0.000,-0.446,0.000,-20.607,-19.552,0.405,0.927,-0.900,-0.365
393.253,0.000,-0.446,0.000,-23.451,-17.180,-0.787,1.055,-0.882,-0.532
393.258,0.000,-0.446,0.000,-29.140,-16.057,-0.710,1.311,-0.860,-0.993
393.264,-0.149,-0.595,0.000,-31.087,-15.084,-1.781,1.392,-0.838,-0.989
393.269,-0.149,-0.595,0.000,-31.863,-13.560,-1.477,1.427,-0.816,-0.846
393.274,-0.149,-0.595,0.000,-34.222,-13.469,-1.044,1.533,-0.794,-1.007
393.279,-3.796,-0.595,0.000,-35.254,-12.151,-2.192,1.416,-0.771,-0.830
393.286,-6.100,-0.595,0.000,-32.182,-9.295,-0.393,1.174,-0.747,-0.387
393.292,-16.302,-0.446,0.000,-30.291,-8.284,-0.010,0.629,-0.727,-0.008
393.299,-16.302,-0.446,0.000,-33.492,-9.392,-3.058,0.774,-0.713,-0.289
393.305,-22.209,-0.446,0.000,-33.739,-9.477,-0.703,0.519,-0.706,-0.346
393.312,-22.209,-0.446,0.000,-33.512,-8.481,0.107,0.509,-0.695,-0.187
393.318,-64.096,-0.446,0.000,-33.192,-8.758,-1.724,-1.391,-0.698,-0.094
393.325,-78.561,-0.446,0.000,-33.732,-10.209,-0.635,-2.017,-0.711,-0.166
393.331,-78.561,-0.446,0.000,-41.302,-6.200,-0.779,-1.677,-0.728,-0.853
393.338,-180.670,-0.297,0.000,-43.069,-5.924,-2.131,-6.192,-0.742,-0.941
393.344,-180.670,-0.297,0.000,-45.551,-9.404,-1.868,-6.080,-0.742,-1.031
393.350,-209.315,-0.297,0.000,-47.440,-12.880,1.855,-7.284,-0.742,-0.932
393.356,-268.062,-0.297,0.000,-56.553,-12.066,-0.840,-9.518,-0.742,-1.850
393.363,-268.062,-0.297,0.000,-65.726,-13.668,0.450,-9.105,-0.742,-2.429
393.369,-268.062,-0.297,0.000,-76.469,-12.288,1.151,-8.622,-0.742,-2.992
393.375,-268.062,-0.297,0.000,-90.675,-8.696,-3.379,-7.982,-0.768,-3.671
393.382,-268.062,-0.297,0.000,-108.041,-9.338,-2.051,-7.201,-0.825,-4.636
393.388,-268.062,-0.297,0.000,-125.363,-6.770,-2.819,-6.421,-0.895,-5.278
393.394,-314.906,-0.446,0.000,-144.842,-8.866,-7.846,-7.653,-0.921,-6.245
393.401,-314.906,-0.446,0.000,-162.068,-8.314,-3.216,-6.878,-0.953,-6.341
393.407,-317.541,-0.446,0.000,-179.819,-1.251,-5.036,-6.197,-1.008,-6.492
393.414,-317.541,-0.446,0.000,-200.916,-6.004,-0.993,-5.248,-1.071,-6.967
393.421,-325.552,-0.446,0.000,-220.734,-4.629,-2.654,-4.717,-1.132,-7.192
393.427,-328.258,-0.446,0.000,-237.179,-2.863,-0.877,-4.099,-1.192,-7.016
393.434,-328.258,-0.446,0.000,-256.891,-0.179,-0.712,-3.211,-1.247,-7.137
393.440,-333.723,-0.446,0.000,-273.549,-4.213,-4.366,-2.708,-1.294,-6.992
393.447,-333.723,-0.446,0.000,-285.603,-2.870,-2.769,-2.165,-1.334,-6.407
393.453,-333.723,-0.446,0.000,-292.676,1.097,-7.018,-1.847,-1.370,-5.464
393.460,-333.723,-0.446,0.000,-304.175,-3.285,-6.257,-1.330,-1.399,-5.188
393.467,-330.982,-0.446,0.000,-312.316,3.792,-7.386,-0.840,-1.419,-4.661
393.473,-330.982,-0.446,0.000,-316.301,-1.057,-6.812,-0.661,-1.434,-3.867
393.480,-294.447,-0.446,0.000,-319.693,-6.886,-1.218,1.136,-1.430,-3.394
393.486,-261.203,-0.446,0.000,-322.452,-2.876,-2.316,2.756,-1.416,-2.867
393.493,-261.203,-0.446,0.000,-326.083,-5.903,-1.229,2.920,-1.392,-2.460
393.500,-261.203,-0.446,0.000,-322.513,-3.858,0.979,2.759,-1.360,-1.506
393.506,-261.203,-0.446,0.000,-317.342,-4.953,0.187,2.526,-1.322,-0.559
393.513,-261.203,-0.446,0.000,-317.516,-6.833,-5.092,2.534,-1.281,-0.425
393.519,-261.203,-0.446,0.000,-309.154,-6.827,-4.341,2.158,-1.241,0.463
393.526,-61.907,-0.446,0.000,-308.431,-6.040,-6.049,11.094,-1.227,0.504
393.533,-61.907,-0.446,0.000,-304.446,-2.553,-6.707,10.914,-1.227,0.811
393.539,-12.836,-0.595,0.000,-295.419,-6.204,-1.977,12.716,-1.227,1.567
393.545,-12.836,-0.595,0.000,-292.014,-2.506,-2.596,12.563,-1.227,1.604
393.552,-10.019,-0.744,0.000,-282.471,3.723,-3.446,12.260,-1.227,2.233
393.559,-10.019,-0.744,0.000,-273.781,5.476,-0.367,11.869,-1.224,2.534
393.565,-7.333,-0.744,0.000,-252.759,6.281,0.581,11.044,-1.186,4.044
393.572,-7.333,-0.744,0.000,-237.396,4.328,0.530,10.353,-1.136,4.711
393.579,-7.333,-0.744,0.000,-218.001,12.380,-0.419,9.480,-1.076,5.505
393.586,-10.224,-0.595,0.000,-198.272,9.608,-3.525,8.462,-1.007,6.104
393.592,-10.224,-0.595,0.000,-177.936,13.815,-2.615,7.547,-0.939,6.700
393.598,-10.019,-0.595,0.000,-149.741,4.657,0.669,6.287,-0.870,7.978
393.604,-7.883,-0.446,0.000,-133.102,4.493,-0.484,5.635,-0.798,7.660
393.611,-7.883,-0.446,0.000,-115.150,2.920,1.644,4.827,-0.727,7.453
393.618,-3.325,-0.595,0.000,-104.247,-2.938,0.968,4.541,-0.662,6.653
393.624,-0.297,-0.744,0.000,-90.959,-7.768,3.057,4.080,-0.602,6.314
393.630,-0.297,-0.744,0.000,-83.659,-6.178,2.893,3.751,-0.544,5.491
393.637,0.446,-1.043,0.000,-79.818,-6.915,0.249,3.612,-0.487,4.488
393.643,4.924,-1.342,0.000,-78.987,-11.270,0.961,3.776,-0.429,3.449
393.649,10.019,-1.944,0.000,-74.572,-13.500,3.268,3.807,-0.371,3.027
393.656,10.019,-1.944,0.000,-76.528,-6.969,-1.146,3.895,-0.308,2.115
393.663,28.693,-2.553,0.000,-77.681,-10.035,0.170,4.787,-0.244,1.468
393.670,28.693,-2.553,0.000,-73.621,-10.588,1.761,4.604,-0.176,1.497
393.676,28.693,-2.553,0.000,-74.753,-6.577,-0.219,4.655,-0.108,1.031
393.683,51.209,-2.400,0.000,-75.805,-10.038,0.607,5.716,-0.040,0.681
393.689,57.028,-2.553,0.000,-76.241,-12.940,3.129,5.997,0.033,0.450
393.696,57.028,-2.553,0.000,-73.076,-8.183,2.786,5.855,0.108,0.670
393.703,57.028,-2.553,0.000,-70.804,-8.587,4.062,5.752,0.182,0.764
393.710,180.670,-4.436,0.000,-61.541,-6.448,3.287,10.899,0.208,1.613
393.716,180.670,-4.436,0.000,-48.921,-5.926,3.466,10.332,0.208,2.546
393.723,304.539,-6.621,0.000,-42.877,-4.658,4.393,15.634,0.208,2.718
393.730,304.539,-6.621,0.000,-30.801,-1.992,3.214,15.090,0.208,3.389
393.737,374.054,-6.974,0.000,-16.847,-4.275,4.829,17.591,0.208,4.068
393.743,374.054,-6.974,0.000,5.012,-1.895,3.948,16.607,0.208,5.473
393.750,507.326,-7.515,0.000,27.380,-5.727,3.284,21.598,0.208,6.665
393.757,507.326,-7.515,0.000,54.262,0.506,4.415,20.388,0.208,7.944
393.764,507.326,-7.515,0.000,85.673,-6.865,7.508,18.974,0.208,9.456
393.770,576.200,-8.256,0.000,122.020,-3.850,6.812,20.438,0.208,11.112
393.777,584.773,-8.256,0.000,155.741,-7.950,6.630,19.306,0.208,12.102
393.784,584.773,-8.256,0.000,192.248,-2.934,6.843,17.664,0.208,13.122
393.791,593.449,-9.615,0.000,225.020,-4.523,6.900,16.579,0.208,13.388
393.797,593.449,-9.615,0.000,261.492,-1.832,9.575,14.938,0.208,13.878
393.804,593.449,-9.615,0.000,294.400,-3.715,6.794,13.457,0.209,13.729
393.811,593.449,-10.019,0.000,329.342,-3.595,7.497,11.885,0.231,13.819
393.818,589.098,-10.019,0.000,356.460,-6.897,7.039,10.469,0.277,13.023
393.824,589.098,-10.019,0.000,385.230,-10.172,10.949,9.174,0.339,12.599
393.831,518.973,-10.019,0.000,415.910,-15.930,9.162,4.638,0.393,12.542
393.838,518.973,-10.019,0.000,439.586,-21.721,10.644,3.572,0.422,11.556
393.844,492.125,-9.416,0.000,457.280,-24.346,8.771,1.568,0.429,10.639
393.851,492.125,-9.416,0.000,461.725,-20.940,6.745,1.368,0.441,8.266
393.858,492.125,-9.416,0.000,469.756,-22.367,9.844,1.007,0.454,6.803
393.865,309.688,-7.333,0.000,470.219,-21.911,11.603,-7.224,0.459,5.920
393.871,309.688,-7.333,0.000,463.656,-15.680,10.147,-6.929,0.459,3.730
393.878,172.390,-6.974,0.000,452.117,-14.667,7.852,-12.588,0.459,1.545
393.885,172.390,-6.974,0.000,440.972,-10.295,6.854,-12.086,0.459,-0.105
393.892,172.390,-6.974,0.000,418.573,-2.705,3.716,-11.078,0.459,-2.514
393.898,172.390,-6.974,0.000,400.744,-3.017,8.265,-10.276,0.459,-3.876
393.905,28.693,-3.482,0.000,366.043,8.001,3.616,-15.181,0.459,-6.757
393.912,28.693,-3.482,0.000,338.980,11.970,7.438,-13.963,0.459,-8.108
393.919,28.693,-3.482,0.000,305.402,18.091,5.618,-12.452,0.459,-9.618
393.926,28.693,-3.482,0.000,276.067,17.774,7.841,-11.132,0.459,-10.044
393.932,28.693,-3.482,0.000,245.064,17.841,3.878,-9.737,0.434,-10.558
393.939,0.000,-0.446,0.000,218.595,15.647,5.462,-9.837,0.393,-10.753
393.945,0.000,-0.446,0.000,194.144,13.522,8.536,-8.736,0.366,-10.841
393.950,0.000,-0.446,0.000,169.150,12.033,5.705,-7.612,0.309,-11.016
393.956,0.000,-0.446,0.000,146.998,9.100,2.050,-6.615,0.247,-10.932
393.961,0.000,-0.446,0.000,131.108,4.457,3.068,-5.900,0.185,-10.115
393.967,0.000,-0.446,0.000,116.956,1.807,2.655,-5.263,0.125,-9.374
393.972,0.000,-0.446,0.000,106.261,-1.319,1.888,-4.782,0.067,-8.318
393.978,0.000,-0.446,0.000,99.325,-3.929,2.293,-4.470,0.012,-7.022
393.983,0.000,-0.446,0.000,96.562,-7.977,3.917,-4.345,-0.042,-5.511
393.989,0.000,-0.446,0.000,92.551,-9.285,3.995,-4.165,-0.094,-4.539
393.994,0.000,-0.446,0.000,89.944,-10.385,4.278,-4.047,-0.147,-3.671
394.000,0.000,-0.446,0.000,88.220,-11.039,4.665,-3.970,-0.198,-2.923
394.005,0.000,-0.446,0.000,89.424,-12.361,4.719,-4.024,-0.249,-2.039
394.011,0.000,-0.446,0.000,85.406,-9.084,4.605,-3.843,-0.301,-2.079
394.016,-4.436,-0.446,0.000,81.365,-9.737,5.615,-3.861,-0.351,-2.154
394.023,-4.436,-0.446,0.000,85.340,-15.144,6.221,-4.040,-0.412,-1.258
394.029,-6.272,-0.446,0.000,81.831,-12.189,6.013,-3.965,-0.474,-1.304
394.036,-10.430,-0.446,0.000,77.905,-10.878,3.975,-3.975,-0.536,-1.345
394.042,-21.243,-0.446,0.000,75.920,-13.093,4.804,-4.372,-0.600,-1.292
394.049,-21.243,-0.446,0.000,69.303,-7.984,4.571,-4.075,-0.663,-1.608
394.056,-39.949,-0.446,0.000,62.869,-10.906,3.065,-4.627,-0.725,-1.867
394.062,-43.642,-0.446,0.000,58.074,-11.187,4.788,-4.577,-0.790,-1.912
394.069,-43.642,-0.446,0.000,52.948,-7.714,3.828,-4.347,-0.855,-1.928
394.075,-65.590,-0.446,0.000,38.952,-3.498,2.462,-4.704,-0.910,-2.888
394.082,-65.590,-0.446,0.000,29.659,-6.883,4.793,-4.286,-0.974,-3.130
394.088,-127.534,-0.446,0.000,19.445,-6.810,4.097,-6.614,-0.996,-3.542
394.095,-153.744,-0.446,0.000,7.802,-5.572,0.908,-7.270,-0.998,-3.941
394.101,-153.744,-0.446,0.000,-5.123,-8.056,5.564,-6.688,-1.009,-4.245
394.108,-153.744,-0.446,0.000,-16.792,-8.838,0.627,-6.163,-1.051,-4.333
394.114,-153.744,-0.446,0.000,-28.442,-9.962,-0.232,-5.639,-1.111,-4.400
394.121,-211.219,-0.446,0.000,-43.003,-5.821,1.544,-7.570,-1.111,-5.018
394.127,-211.219,-0.446,0.000,-61.725,-3.406,-0.298,-6.727,-1.138,-5.608
394.134,-226.948,-0.446,0.000,-75.589,-7.427,3.722,-6.811,-1.175,-5.681
394.141,-226.948,-0.446,0.000,-94.256,-2.138,0.920,-5.971,-1.225,-6.055
394.147,-228.978,-0.446,0.000,-109.362,-4.300,3.578,-5.383,-1.286,-6.021
394.154,-228.978,-0.446,0.000,-126.107,-3.627,3.376,-4.629,-1.352,-6.170
394.160,-228.978,-0.446,0.000,-141.886,-3.191,0.008,-3.919,-1.415,-6.202
394.167,-228.978,-0.446,0.000,-151.053,-6.879,1.835,-3.507,-1.473,-5.537
394.173,-228.978,-0.446,0.000,-169.131,-2.718,-0.400,-2.693,-1.523,-5.889
394.180,-228.978,-0.446,0.000,-185.099,-2.583,0.262,-1.975,-1.565,-5.932
394.187,-228.978,-0.446,0.000,-190.017,-1.140,-0.580,-1.753,-1.599,-4.897
394.193,-272.713,-0.446,0.000,-200.503,-0.563,-2.022,-3.249,-1.626,-4.946
394.200,-272.713,-0.446,0.000,-205.570,1.381,3.519,-3.021,-1.655,-4.168
394.206,-284.623,-0.446,0.000,-209.873,3.104,-0.034,-3.364,-1.687,-3.542
394.213,-284.623,-0.446,0.000,-219.968,1.005,-0.642,-2.909,-1.725,-3.603
394.219,-325.552,-0.297,0.000,-225.395,1.431,4.091,-4.507,-1.748,-3.443
394.226,-325.552,-0.297,0.000,-225.806,3.748,-0.004,-4.489,-1.779,-2.593
394.232,-317.541,-0.297,0.000,-232.637,2.088,-0.431,-3.821,-1.824,-2.544
394.238,-317.541,-0.297,0.000,-238.444,-1.577,2.718,-3.559,-1.879,-2.528
394.245,-304.539,-0.446,0.000,-243.994,7.266,-1.342,-2.725,-1.927,-2.461
394.251,-304.539,-0.446,0.000,-249.377,1.857,-0.018,-2.482,-1.972,-2.341
394.258,-220.944,-0.446,0.000,-259.912,-1.555,2.423,1.754,-1.987,-3.064
394.264,-220.944,-0.446,0.000,-271.189,3.118,-2.177,2.261,-1.981,-3.425
394.271,-152.266,-0.446,0.000,-277.861,2.517,0.097,5.652,-1.969,-3.519
394.278,-152.266,-0.446,0.000,-284.861,0.394,-0.169,5.967,-1.969,-3.254
394.284,-152.266,-0.446,0.000,-290.838,3.381,-2.036,6.236,-1.963,-3.008
394.291,-152.266,-0.446,0.000,-289.999,1.120,1.020,6.198,-1.926,-2.136
394.297,-18.808,-0.893,0.000,-292.975,-0.170,0.668,12.337,-1.926,-2.055
394.303,-12.607,-0.893,0.000,-293.292,6.850,-2.494,12.631,-1.926,-1.528
394.310,-12.607,-0.893,0.000,-281.472,-0.214,0.705,12.099,-1.926,0.189
394.317,-0.446,-0.595,0.000,-267.940,3.515,0.707,12.037,-1.924,1.543
394.323,-0.446,-0.595,0.000,-251.164,1.650,4.697,11.282,-1.899,3.112
394.329,-0.446,-0.595,0.000,-236.960,2.408,2.322,10.643,-1.858,4.104
394.334,0.000,-0.595,0.000,-217.993,10.950,-3.012,9.810,-1.810,5.457
394.340,0.000,-0.595,0.000,-196.612,7.124,0.123,8.848,-1.759,6.941
394.345,0.000,-0.595,0.000,-176.761,1.692,2.604,7.954,-1.705,7.909
394.351,0.595,-0.446,0.000,-161.016,0.736,3.899,7.272,-1.640,7.710
394.357,2.096,-0.446,0.000,-143.732,3.802,0.804,6.562,-1.569,7.548
394.364,2.096,-0.446,0.000,-129.117,-2.591,0.323,5.905,-1.496,7.080
394.370,18.808,-0.446,0.000,-115.234,-3.611,0.062,6.032,-1.425,6.671
394.377,18.808,-0.446,0.000,-106.673,1.015,-2.145,5.647,-1.355,5.872
394.383,27.911,-0.446,0.000,-102.577,-1.298,-3.853,5.872,-1.283,4.839
394.389,27.911,-0.446,0.000,-96.968,-1.902,-0.262,5.620,-1.212,4.139
394.396,43.642,-0.595,0.000,-93.859,3.169,0.831,6.188,-1.140,3.546
394.402,43.642,-0.595,0.000,-97.648,1.542,-1.642,6.358,-1.070,2.243
394.408,43.642,-0.595,0.000,-99.467,5.285,0.619,6.440,-0.999,1.396
394.415,43.642,-0.595,0.000,-91.389,0.754,1.850,6.076,-0.929,1.926
394.421,120.042,-0.595,0.000,-98.291,3.513,-1.855,9.825,-0.929,0.739
394.427,132.732,-0.595,0.000,-98.692,9.719,-1.928,10.414,-0.918,0.456
394.433,132.732,-0.595,0.000,-89.090,1.069,-0.542,9.982,-0.873,1.364
394.439,180.670,-0.446,0.000,-87.755,2.783,-0.290,12.079,-0.838,1.342
394.446,180.670,-0.446,0.000,-82.217,10.221,-0.731,11.830,-0.833,1.611
394.453,180.670,-0.446,0.000,-70.838,0.790,-0.501,11.318,-0.794,2.364
394.459,201.837,-0.446,0.000,-57.759,8.261,-0.899,11.682,-0.765,3.162
394.466,201.837,-0.446,0.000,-34.604,1.060,-0.675,10.640,-0.721,4.848
394.472,201.837,-0.446,0.000,-23.630,8.685,-5.114,10.146,-0.669,4.831
394.479,218.971,-0.446,0.000,-3.882,2.594,-1.467,10.028,-0.610,5.670
394.485,218.971,-0.446,0.000,12.623,6.543,-2.376,9.286,-0.549,5.945
394.492,218.971,-0.446,0.000,32.055,2.971,0.031,8.411,-0.482,6.456
394.498,218.971,-0.446,0.000,47.040,6.512,-3.949,7.737,-0.411,6.390
394.505,215.067,-0.297,0.000,66.556,3.755,-1.778,6.683,-0.338,6.722
394.511,215.067,-0.297,0.000,80.314,4.222,-1.136,6.064,-0.268,6.461
394.517,192.790,0.000,0.000,97.926,3.190,-1.961,4.269,-0.202,6.581
394.523,192.790,0.000,0.000,113.383,-0.936,-3.585,3.573,-0.149,6.845
394.529,191.020,0.000,0.000,115.211,-1.270,-5.989,3.411,-0.101,5.404
394.534,191.020,0.000,0.000,123.876,-2.926,-6.207,3.021,-0.056,4.983
394.540,177.320,1.043,0.000,126.423,3.288,-7.067,2.290,-0.019,3.913
394.547,170.770,0.893,0.000,138.017,-4.101,-2.182,1.474,0.011,4.022
394.553,170.770,0.893,0.000,139.151,-0.849,-6.192,1.423,0.033,3.089
394.560,158.247,1.192,0.000,143.299,-6.783,-2.185,0.673,0.043,2.710
394.566,147.899,1.342,0.000,138.290,-7.540,-1.327,0.432,0.048,1.545
394.573,147.899,1.342,0.000,130.760,1.457,-4.948,0.771,0.058,0.423
394.580,127.534,2.553,0.000,134.089,-4.044,-3.978,-0.295,0.061,0.712
394.586,127.534,2.553,0.000,130.300,1.208,-6.801,-0.124,0.059,0.167
394.593,127.534,2.553,0.000,131.736,-6.076,-2.532,-0.189,0.056,0.244
394.600,127.534,2.553,0.000,120.165,-1.990,-6.835,0.332,0.059,-0.900
394.606,127.534,2.553,0.000,116.483,1.647,-6.123,0.497,0.067,-1.030
394.613,127.534,2.553,0.000,112.670,2.564,-5.188,0.669,0.080,-1.069
394.620,127.534,2.553,0.000,110.940,7.654,-4.334,0.747,0.094,-0.985
394.626,75.142,19.697,0.000,119.377,-1.602,-0.267,-1.991,0.091,0.059
394.633,75.142,19.697,0.000,112.949,-0.940,-4.520,-1.701,0.075,-0.581
394.640,72.656,25.660,0.000,117.466,-8.131,-2.593,-2.016,0.052,-0.054
394.647,73.478,27.145,0.000,108.241,-8.667,-9.324,-1.564,0.027,-0.883
394.653,73.478,27.145,0.000,105.415,-6.851,-6.181,-1.437,0.003,-0.938
394.660,73.478,27.145,0.000,96.372,-0.095,-10.381,-1.030,-0.018,-1.545
394.667,73.478,28.693,0.000,92.159,8.708,-9.909,-0.841,-0.035,-1.559
394.673,73.478,28.693,0.000,92.650,6.883,-6.496,-0.863,-0.050,-1.028
394.680,73.478,28.693,0.000,89.790,11.930,-7.253,-0.734,-0.066,-1.060
394.687,73.478,28.693,0.000,94.725,3.620,-0.741,-0.956,-0.085,-0.357
394.694,73.478,28.693,0.000,88.619,7.320,-4.371,-0.681,-0.101,-0.803
394.700,73.478,28.693,0.000,89.532,2.599,-2.248,-0.722,-0.117,-0.563
394.707,73.478,28.693,0.000,81.332,10.807,-7.685,-0.353,-0.127,-1.177
394.714,66.347,30.306,0.000,76.177,20.950,-9.624,-0.442,-0.137,-1.389
394.720,64.096,30.720,0.000,80.783,16.538,-4.735,-0.751,-0.151,-0.593
394.727,64.096,30.720,0.000,80.111,21.346,-5.124,-0.721,-0.166,-0.506
394.734,56.357,36.032,0.000,79.923,23.366,-5.168,-1.060,-0.184,-0.422
394.740,56.357,36.032,0.000,78.244,22.517,-4.639,-0.985,-0.203,-0.435
394.747,53.094,37.951,0.000,76.867,26.618,-7.374,-1.070,-0.222,-0.417
394.754,53.094,37.951,0.000,77.608,23.217,-2.650,-1.103,-0.244,-0.258
394.761,53.094,37.951,0.000,73.863,22.953,0.610,-0.935,-0.265,-0.559
394.767,53.094,37.951,0.000,69.209,24.620,-3.099,-0.725,-0.282,-0.873
394.774,49.377,36.504,0.000,68.458,23.252,-3.165,-0.859,-0.300,-0.736
394.781,49.377,36.504,0.000,65.266,24.015,-2.554,-0.715,-0.315,-0.834
394.788,47.598,32.419,0.000,63.256,21.932,-4.955,-0.705,-0.331,-0.820
394.795,46.440,32.855,0.000,57.778,22.498,-5.052,-0.510,-0.343,-1.150
394.801,46.440,32.855,0.000,55.053,26.530,-4.542,-0.388,-0.352,-1.115
394.808,46.440,32.855,0.000,51.461,25.849,-5.577,-0.226,-0.359,-1.183
394.815,43.642,32.855,0.000,50.424,24.214,-4.599,-0.305,-0.366,-1.003
394.821,42.560,33.295,0.000,49.109,26.903,-2.620,-0.295,-0.373,-0.876
394.828,42.560,33.295,0.000,45.206,26.411,-2.411,-0.119,-0.377,-1.028
394.835,39.949,36.032,0.000,43.049,24.491,-3.834,-0.139,-0.380,-0.985
394.842,36.982,38.443,0.000,41.672,27.990,-2.582,-0.211,-0.384,-0.893
394.848,36.982,38.443,0.000,42.330,31.688,-1.885,-0.241,-0.388,-0.573
394.855,31.138,40.978,0.000,39.613,29.400,-3.002,-0.381,-0.393,-0.706
394.862,31.138,40.978,0.000,39.385,27.317,-3.941,-0.371,-0.401,-0.540
394.869,30.720,40.978,0.000,39.865,31.071,-2.363,-0.411,-0.409,-0.353
394.875,30.720,40.978,0.000,35.909,33.676,-1.751,-0.233,-0.414,-0.607
394.882,30.720,40.978,0.000,35.178,33.857,-2.011,-0.201,-0.419,-0.532
394.889,29.491,41.500,0.000,33.993,36.709,-1.414,-0.203,-0.424,-0.537
394.896,29.491,41.500,0.000,32.505,38.752,-1.008,-0.136,-0.427,-0.512
394.902,29.491,41.500,0.000,30.564,41.823,0.194,-0.048,-0.428,-0.569
394.909,29.491,41.500,0.000,28.259,43.374,-2.407,0.055,-0.428,-0.623
394.916,29.491,41.500,0.000,25.642,44.075,-3.969,0.173,-0.424,-0.700
394.922,29.491,41.500,0.000,21.925,46.761,-7.614,0.340,-0.419,-0.890
394.929,29.491,41.500,0.000,21.754,45.502,-2.176,0.348,-0.411,-0.666
394.936,29.491,41.500,0.000,19.032,45.370,2.084,0.471,-0.401,-0.735
394.943,29.491,41.500,0.000,18.153,42.189,-0.941,0.510,-0.390,-0.656
394.949,27.145,42.028,0.000,19.481,40.134,-0.930,0.345,-0.381,-0.348
394.956,27.145,42.028,0.000,17.983,42.134,0.483,0.412,-0.372,-0.375
394.963,23.546,42.028,0.000,15.799,43.321,1.861,0.349,-0.362,-0.469
394.970,23.546,42.028,0.000,17.537,38.188,-0.558,0.270,-0.356,-0.192
394.976,23.546,42.028,0.000,17.308,33.346,-4.400,0.281,-0.349,-0.135
394.983,19.102,42.560,0.000,16.978,34.804,-4.991,0.096,-0.348,-0.165
394.990,17.112,40.461,0.000,16.779,36.482,-5.268,0.015,-0.348,-0.168
394.997,13.302,39.442,0.000,15.702,37.958,-1.104,-0.108,-0.350,-0.226
395.003,13.302,39.442,0.000,15.642,36.396,-4.427,-0.105,-0.353,-0.201
395.010,10.849,36.032,0.000,14.927,36.048,-6.569,-0.183,-0.355,-0.203
395.016,10.849,36.032,0.000,14.165,37.172,-6.219,-0.149,-0.357,-0.179
395.023,10.849,36.032,0.000,9.745,40.036,-3.328,0.050,-0.356,-0.554
395.029,10.849,36.032,0.000,7.331,42.216,-0.940,0.158,-0.353,-0.635
395.035,10.639,27.911,0.000,6.022,43.331,0.644,0.208,-0.349,-0.597
395.042,10.639,27.911,0.000,6.375,43.293,-0.216,0.192,-0.344,-0.385
395.049,9.416,22.209,0.000,5.633,41.557,-2.989,0.170,-0.338,-0.304
395.055,9.219,22.538,0.000,2.560,42.768,-3.280,0.300,-0.333,-0.515
395.062,9.219,22.538,0.000,-0.794,45.629,-5.204,0.451,-0.325,-0.719
395.069,9.219,22.538,0.000,0.054,44.723,-2.494,0.412,-0.316,-0.479
395.076,6.797,19.398,0.000,-2.296,45.818,1.293,0.409,-0.308,-0.556
395.083,6.797,19.398,0.000,-3.311,41.995,-2.659,0.455,-0.299,-0.553
395.089,4.436,18.231,0.000,-2.322,35.258,-5.724,0.304,-0.291,-0.300
395.096,3.482,17.387,0.000,-1.319,36.702,-5.084,0.216,-0.286,-0.143
395.103,3.482,17.387,0.000,-0.317,36.333,-1.448,0.171,-0.282,-0.015
395.110,1.043,15.261,0.000,-2.010,34.980,-1.242,0.137,-0.278,-0.185
395.116,0.595,14.262,0.000,0.198,30.472,-2.954,0.018,-0.277,0.061
395.123,0.595,14.262,0.000,-0.666,27.426,-5.178,0.057,-0.275,0.020
395.129,0.446,12.155,0.000,1.223,28.194,-5.595,-0.035,-0.274,0.219
395.136,0.297,11.493,0.000,2.987,27.572,-3.563,-0.121,-0.276,0.362
395.142,0.297,11.493,0.000,3.225,25.038,-2.700,-0.132,-0.279,0.264
395.148,0.000,10.224,0.000,0.768,22.611,-2.338,-0.035,-0.282,-0.103
395.154,0.000,10.224,0.000,-0.022,20.860,-3.639,0.001,-0.283,-0.203
395.160,0.000,10.224,0.000,-0.947,21.377,-2.567,0.043,-0.283,-0.309
395.165,0.000,9.023,0.000,-2.029,18.400,-0.555,0.091,-0.283,-0.408
395.171,0.000,9.023,0.000,-3.202,15.047,-2.317,0.144,-0.281,-0.457
395.177,0.000,9.023,0.000,-6.298,14.598,-2.297,0.283,-0.276,-0.659
395.182,0.000,9.023,0.000,-6.952,14.912,-2.975,0.313,-0.269,-0.511
395.188,0.000,9.219,0.000,-6.287,14.243,-3.937,0.283,-0.262,-0.217
395.194,0.000,8.829,0.000,-7.238,16.608,-4.976,0.326,-0.255,-0.206
395.200,0.000,8.829,0.000,-8.405,17.368,-5.589,0.378,-0.246,-0.194
395.205,0.000,8.829,0.000,-9.664,18.320,-5.878,0.435,-0.238,-0.237
395.211,0.000,8.829,0.000,-8.970,16.491,-5.614,0.404,-0.230,-0.108
395.217,0.000,8.829,0.000,-8.956,18.975,-5.964,0.403,-0.223,-0.083
395.222,0.000,8.829,0.000,-10.323,17.141,-5.170,0.465,-0.216,-0.240
395.228,0.000,8.829,0.000,-11.058,14.415,-3.576,0.498,-0.208,-0.347
395.234,0.000,7.333,0.000,-10.913,11.389,-1.554,0.491,-0.201,-0.331
395.240,0.000,5.928,0.000,-12.235,10.307,-1.774,0.551,-0.192,-0.471
395.245,0.000,5.928,0.000,-10.999,10.190,-2.915,0.495,-0.183,-0.227
395.251,0.000,5.928,0.000,-11.757,10.562,-5.661,0.529,-0.173,-0.219
395.257,0.000,5.928,0.000,-11.136,8.622,-6.780,0.501,-0.162,-0.040
395.262,0.000,5.089,0.000,-12.039,12.320,-7.022,0.542,-0.152,-0.095
395.268,0.000,5.089,0.000,-12.210,11.958,-7.741,0.549,-0.141,-0.035
395.274,0.000,4.760,0.000,-11.257,14.072,-7.103,0.507,-0.131,0.131
395.280,0.000,4.760,0.000,-8.574,10.771,-5.812,0.386,-0.122,0.445
395.285,0.000,4.760,0.000,-8.860,9.664,-8.447,0.399,-0.115,0.311
395.291,0.000,4.598,0.000,-9.025,6.133,-6.139,0.406,-0.108,0.202
395.297,0.000,4.598,0.000,-8.569,3.811,-5.867,0.386,-0.102,0.150
395.302,0.000,4.598,0.000,-5.988,0.095,-6.179,0.269,-0.097,0.368
395.308,0.000,4.598,0.000,-4.876,1.486,-4.406,0.219,-0.092,0.409
395.314,0.000,4.275,0.000,-5.603,0.761,-1.883,0.252,-0.086,0.268
395.320,0.000,3.325,0.000,-7.502,1.212,-2.279,0.338,-0.079,0.085
395.325,0.000,2.860,0.000,-8.716,2.077,-3.479,0.392,-0.070,-0.003
395.331,0.000,2.860,0.000,-11.487,6.613,-6.031,0.517,-0.061,-0.273
395.337,0.000,2.860,0.000,-12.281,8.341,-5.792,0.553,-0.051,-0.276
395.343,-0.297,1.492,0.000,-13.497,5.524,-6.098,0.594,-0.041,-0.332
395.349,-0.297,1.492,0.000,-13.653,3.688,-5.828,0.601,-0.030,-0.307
395.355,-0.297,1.492,0.000,-10.640,1.808,-6.666,0.465,-0.019,0.072
395.361,-0.297,1.492,0.000,-9.269,2.103,-6.698,0.404,-0.009,0.244
395.368,-2.706,1.192,0.000,-8.738,2.649,-6.370,0.271,-0.002,0.299
395.374,-3.169,1.192,0.000,-8.879,-0.641,-7.885,0.257,0.003,0.201
395.380,-5.089,1.192,0.000,-8.863,-2.230,-7.098,0.170,0.007,0.157
395.386,-5.928,0.893,0.000,-11.354,0.215,-5.690,0.244,0.012,-0.135
395.393,-5.928,0.893,0.000,-10.085,2.239,-6.175,0.187,0.018,0.070
395.400,-5.928,0.893,0.000,-12.714,0.488,-8.756,0.305,0.023,-0.208
395.406,-5.928,0.893,0.000,-13.188,-1.029,-8.853,0.327,0.028,-0.278
395.412,-8.829,0.149,0.000,-13.033,-0.930,-8.199,0.189,0.033,-0.164
395.418,-8.829,0.149,0.000,-13.841,-1.728,-7.382,0.226,0.038,-0.172
395.424,-8.829,0.149,0.000,-20.080,-1.914,-7.130,0.506,0.045,-0.798
395.429,-11.062,0.000,0.000,-23.128,-2.212,-8.753,0.543,0.054,-0.956
395.435,-11.711,0.000,0.000,-24.343,-2.703,-10.590,0.568,0.064,-0.861
395.441,-11.711,0.000,0.000,-25.794,-2.379,-7.376,0.634,0.074,-0.852
395.446,-11.711,0.000,0.000,-24.933,-5.563,-7.538,0.595,0.084,-0.595
395.452,-14.018,0.000,0.000,-22.578,-6.778,-9.708,0.385,0.092,-0.170
395.458,-14.018,0.000,0.000,-21.458,-10.658,-8.398,0.335,0.099,0.019
395.464,-14.018,0.000,0.000,-20.265,-15.916,-7.116,0.281,0.104,0.121
395.469,-14.018,0.000,0.000,-18.061,-15.204,-6.435,0.182,0.108,0.347
395.475,-15.518,-0.149,0.000,-15.000,-14.747,-6.832,-0.023,0.109,0.625
395.481,-15.518,-0.149,0.000,-14.876,-14.782,-7.357,-0.029,0.109,0.502
395.486,-15.518,-0.149,0.000,-13.611,-18.178,-6.294,-0.086,0.108,0.546
395.492,-15.518,-0.149,0.000,-16.330,-21.240,-7.909,0.037,0.107,0.096
395.498,-16.569,-0.297,0.000,-16.330,-22.264,-7.906,-0.011,0.106,0.050
395.505,-16.569,-0.297,0.000,-18.126,-14.602,-7.507,0.070,0.107,-0.134
395.511,-16.569,-0.297,0.000,-19.613,-12.423,-7.448,0.137,0.111,-0.192
395.517,-17.947,-0.297,0.000,-23.357,-14.579,-5.552,0.243,0.116,-0.508
395.524,-17.947,-0.297,0.000,-23.102,-12.489,-4.078,0.232,0.118,-0.481
395.530,-18.808,-0.297,0.000,-20.292,-11.790,-3.876,0.067,0.120,-0.098
395.536,-19.697,-0.297,0.000,-24.761,-9.889,-3.504,0.228,0.123,-0.517
395.542,-20.306,-0.297,0.000,-26.852,-7.768,-3.110,0.295,0.128,-0.608
395.548,-20.306,-0.297,0.000,-27.463,-4.946,-3.843,0.322,0.134,-0.566
395.555,-20.306,-0.297,0.000,-25.189,-8.841,-3.830,0.220,0.138,-0.224
395.561,-20.306,-0.297,0.000,-28.380,-7.406,-6.136,0.363,0.144,-0.516
395.567,-23.546,-0.297,0.000,-28.403,-3.421,-8.017,0.219,0.149,-0.351
395.573,-23.546,-0.297,0.000,-30.211,-2.236,-9.151,0.300,0.154,-0.451
395.580,-23.546,-0.297,0.000,-32.271,-3.489,-6.761,0.393,0.161,-0.560
395.586,-23.546,-0.297,0.000,-30.599,-4.534,-3.205,0.317,0.167,-0.311
395.592,-23.546,-0.297,0.000,-29.481,-2.827,-2.160,0.267,0.174,-0.104
395.598,-23.546,-0.297,0.000,-33.292,-1.761,-2.815,0.439,0.182,-0.443
395.605,-27.526,-0.297,0.000,-36.432,-4.140,-2.047,0.401,0.190,-0.656
395.611,-27.526,-0.297,0.000,-33.163,-6.913,-1.022,0.254,0.195,-0.202
395.617,-27.526,-0.297,0.000,-32.951,-4.881,-3.356,0.244,0.200,-0.130
395.623,-27.526,-0.297,0.000,-30.436,-3.371,-3.479,0.131,0.204,0.205
395.630,-28.300,-0.297,0.000,-31.970,-5.660,-4.578,0.165,0.207,-0.002
395.636,-28.300,-0.297,0.000,-29.421,-6.844,-3.602,0.050,0.208,0.217
395.642,-28.300,-0.297,0.000,-28.170,-4.757,-3.651,-0.006,0.210,0.324
395.648,-30.306,-0.446,0.000,-28.047,-2.824,-3.731,-0.102,0.211,0.349
395.655,-30.306,-0.446,0.000,-28.834,-4.269,-3.112,-0.066,0.210,0.186
395.662,-30.306,-0.446,0.000,-29.121,-2.174,-2.025,-0.053,0.207,0.055
395.668,-34.642,-0.297,0.000,-28.214,-2.300,0.057,-0.289,0.203,0.171
395.674,-35.101,-0.297,0.000,-30.991,0.156,-1.468,-0.185,0.199,-0.134
395.680,-36.982,-0.297,0.000,-32.746,0.282,-2.591,-0.191,0.195,-0.267
395.687,-37.464,-0.297,0.000,-32.483,2.257,-5.400,-0.224,0.191,-0.183
395.693,-37.464,-0.297,0.000,-32.070,3.212,-3.723,-0.243,0.187,-0.054
395.699,-37.464,-0.297,0.000,-36.952,5.422,-0.300,-0.023,0.186,-0.507
395.705,-37.464,-0.297,0.000,-37.272,5.043,0.549,-0.009,0.186,-0.403
395.712,-37.464,-0.297,0.000,-41.296,7.664,-1.223,0.172,0.187,-0.750
395.718,-37.464,-0.297,0.000,-39.475,4.164,-1.072,0.090,0.189,-0.424
395.724,-37.464,-0.297,0.000,-41.461,3.272,0.400,0.180,0.193,-0.477
395.730,-37.464,-0.297,0.000,-41.663,2.510,-1.588,0.189,0.197,-0.354
395.737,-37.951,-0.297,0.000,-45.380,5.390,-3.885,0.334,0.202,-0.644
395.743,-37.951,-0.297,0.000,-47.025,4.643,-2.445,0.408,0.209,-0.687
395.749,-38.443,-0.297,0.000,-48.445,2.220,-1.504,0.450,0.218,-0.653
395.755,-38.443,-0.297,0.000,-51.845,1.693,1.619,0.603,0.230,-0.808
395.762,-38.443,-0.297,0.000,-52.105,0.220,2.066,0.615,0.242,-0.621
395.768,-38.443,-0.297,0.000,-55.288,1.520,-0.966,0.758,0.257,-0.776
395.774,-38.443,-0.297,0.000,-57.112,0.366,-0.146,0.840,0.273,-0.775
395.780,-38.443,-0.297,0.000,-56.076,-0.413,1.048,0.793,0.288,-0.499
395.787,-37.951,-0.297,0.000,-53.877,-1.201,0.199,0.717,0.302,-0.161
395.793,-37.951,-0.297,0.000,-52.622,2.966,-1.635,0.660,0.316,0.011
395.799,-37.951,-0.297,0.000,-51.662,1.950,0.165,0.617,0.329,0.150
395.805,-37.951,-0.297,0.000,-51.877,0.175,-0.603,0.627,0.341,0.072
395.812,-35.564,-0.297,0.000,-50.908,-1.280,-0.141,0.690,0.353,0.087
395.818,-32.419,-0.297,0.000,-48.242,1.449,-0.292,0.712,0.366,0.321
395.824,-32.419,-0.297,0.000,-44.869,5.819,0.067,0.560,0.378,0.591
395.830,-27.911,-0.297,0.000,-43.145,6.205,1.709,0.685,0.392,0.647
395.837,-24.587,-0.297,0.000,-42.404,4.551,1.752,0.802,0.407,0.549
395.843,-24.587,-0.297,0.000,-41.698,4.613,0.702,0.770,0.422,0.496
395.849,-19.697,-0.297,0.000,-41.428,4.828,-2.319,0.978,0.437,0.375
395.855,-19.697,-0.297,0.000,-43.481,6.340,-3.503,1.070,0.456,0.057
395.862,-19.697,-0.297,0.000,-41.381,10.372,-2.504,0.976,0.475,0.264
395.868,-19.697,-0.297,0.000,-43.546,7.841,0.242,1.073,0.496,0.010
395.874,-11.932,-0.297,0.000,-44.289,9.400,2.141,1.456,0.519,-0.096
395.881,-11.276,-0.446,0.000,-42.751,5.736,1.231,1.416,0.545,0.051
395.887,-9.023,-0.297,0.000,-41.989,4.015,-0.653,1.483,0.573,0.104
395.893,-9.023,-0.297,0.000,-41.519,3.125,0.478,1.462,0.600,0.107
395.900,-8.256,-0.446,0.000,-40.266,5.941,1.061,1.440,0.627,0.194
395.906,-8.256,-0.446,0.000,-38.472,3.193,2.039,1.360,0.654,0.318
395.913,-4.114,-0.446,0.000,-35.971,3.007,1.433,1.434,0.681,0.455
395.920,-4.114,-0.446,0.000,-31.341,0.296,-1.728,1.225,0.708,0.788
395.926,-4.114,-0.446,0.000,-29.541,3.050,-3.460,1.144,0.731,0.752
395.933,-1.642,-0.446,0.000,-24.673,3.905,-3.505,1.036,0.751,1.031
395.939,-1.642,-0.446,0.000,-20.753,0.198,-0.594,0.860,0.769,1.109
395.946,-1.492,-0.446,0.000,-18.305,-3.663,1.828,0.757,0.785,1.070
395.952,-1.492,-0.446,0.000,-13.976,-7.949,3.780,0.562,0.800,1.285
395.959,-1.492,-0.446,0.000,-12.732,-5.234,3.627,0.506,0.812,1.107
395.966,-1.492,-0.446,0.000,-10.297,-3.611,0.773,0.396,0.822,1.120
395.972,-0.595,-0.446,0.000,-4.970,-4.452,-0.480,0.197,0.826,1.306
395.978,-0.446,-0.446,0.000,-5.363,-3.280,-1.719,0.221,0.830,0.921
395.985,-0.446,-0.446,0.000,-1.339,-5.586,-2.984,0.040,0.833,1.098
395.991,-0.446,-0.446,0.000,1.672,-10.914,-3.112,-0.095,0.832,1.123
395.997,-0.149,-0.446,0.000,1.903,-12.278,-2.878,-0.092,0.831,0.924
396.003,0.000,-0.446,0.000,0.457,-10.831,-3.698,-0.021,0.831,0.564
396.008,0.000,-0.446,0.000,-0.849,-9.742,-2.814,0.038,0.832,0.325
396.014,0.000,-0.446,0.000,0.958,-9.403,-2.053,-0.043,0.833,0.508
396.020,0.000,-0.446,0.000,2.072,-8.829,-5.006,-0.093,0.832,0.550
396.025,0.000,-0.446,0.000,2.927,-9.085,-3.393,-0.132,0.831,0.554
396.031,0.000,-0.446,0.000,5.028,-8.644,-3.860,-0.226,0.828,0.694
396.036,0.000,-0.446,0.000,2.864,-8.449,-1.982,-0.129,0.827,0.331
396.042,0.000,-0.446,0.000,-0.940,-6.707,0.099,0.042,0.828,-0.111
396.047,0.000,-0.446,0.000,-1.968,-5.934,0.335,0.089,0.830,-0.166
396.053,0.000,-0.446,0.000,-3.156,-5.665,0.953,0.142,0.833,-0.214
396.058,0.000,-0.446,0.000,-5.405,-5.905,0.262,0.243,0.838,-0.372
396.064,0.000,-0.446,0.000,-6.748,-5.166,0.139,0.304,0.843,-0.400
396.069,0.000,-0.446,0.000,-7.299,-5.562,0.135,0.328,0.850,-0.310
396.075,0.000,-0.446,0.000,-9.193,-5.694,-0.652,0.414,0.858,-0.401
396.080,0.000,-0.446,0.000,-10.688,-5.703,0.478,0.481,0.867,-0.409
396.086,0.000,-0.446,0.000,-10.584,-7.028,0.962,0.476,0.877,-0.216
396.091,0.000,-0.446,0.000,-10.337,-5.971,-0.616,0.465,0.886,-0.055
396.097,0.000,-0.446,0.000,-10.248,-5.691,-1.143,0.461,0.896,0.021
396.102,0.000,-0.446,0.000,-8.688,-4.871,-1.194,0.391,0.903,0.208
396.108,0.000,-0.446,0.000,-10.058,-6.158,-0.287,0.453,0.911,0.011
396.114,0.000,-0.446,0.000,-10.700,-7.538,0.981,0.481,0.920,-0.035
396.119,0.000,-0.446,0.000,-8.672,-4.442,0.683,0.390,0.928,0.240
396.125,0.000,-0.744,0.000,-6.075,-1.002,0.040,0.273,0.935,0.525
396.130,0.000,-0.744,0.000,-4.966,0.105,0.760,0.223,0.940,0.562
396.136,0.000,-0.744,0.000,-2.474,3.373,0.028,0.111,0.943,0.723
396.142,0.000,-0.893,0.000,-0.931,3.415,1.102,0.042,0.944,0.721
396.147,0.000,-0.893,0.000,-0.247,4.766,1.201,0.011,0.945,0.608
396.153,0.000,-0.893,0.000,-1.071,5.618,1.323,0.048,0.945,0.349
396.158,0.000,-1.043,0.000,-0.946,6.935,0.848,0.043,0.945,0.251
396.164,0.000,-1.192,0.000,0.313,5.195,1.264,-0.014,0.944,0.288
396.169,0.000,-1.192,0.000,3.220,6.834,2.253,-0.145,0.941,0.498
396.175,0.000,-1.192,0.000,5.609,7.151,4.123,-0.252,0.936,0.580
396.180,0.000,-1.642,0.000,6.495,7.262,5.060,-0.292,0.930,0.465
396.186,0.000,-1.642,0.000,7.562,4.657,4.092,-0.340,0.923,0.396
396.191,0.000,-1.642,0.000,7.847,3.547,3.531,-0.353,0.915,0.253
396.197,0.000,-3.482,0.000,5.744,-0.723,4.676,-0.258,0.908,-0.110
396.203,0.000,-3.482,0.000,8.478,-5.593,2.476,-0.382,0.902,0.205
396.208,0.000,-3.482,0.000,10.513,-5.307,1.612,-0.473,0.894,0.375
396.214,0.000,-5.421,0.000,10.139,-7.000,2.524,-0.456,0.885,0.247
396.220,0.000,-6.100,0.000,11.559,-6.100,1.397,-0.520,0.877,0.366
396.225,0.000,-6.100,0.000,11.580,-5.751,2.091,-0.521,0.868,0.320
396.231,0.000,-6.100,0.000,9.626,-4.162,1.628,-0.433,0.860,0.062
396.237,0.149,-6.974,0.000,6.350,-6.598,0.912,-0.279,0.855,-0.273
396.243,0.149,-6.974,0.000,5.379,-2.634,-0.309,-0.235,0.851,-0.280
396.248,0.297,-7.698,0.000,3.910,-3.660,0.265,-0.163,0.848,-0.338
396.254,0.297,-7.698,0.000,2.337,-4.696,0.044,-0.092,0.846,-0.415
396.261,0.446,-8.446,0.000,-0.216,-4.736,0.967,0.030,0.845,-0.587
396.267,0.446,-8.446,0.000,0.791,-7.409,0.924,-0.016,0.844,-0.361
396.274,2.400,-16.038,0.000,1.149,-4.164,2.731,0.056,0.846,-0.189
396.280,2.400,-16.038,0.000,-1.082,-1.504,2.068,0.157,0.849,-0.314
396.286,2.400,-16.038,0.000,0.095,-0.705,0.500,0.104,0.851,-0.138
396.293,2.400,-16.038,0.000,-0.892,1.334,-1.087,0.148,0.854,-0.219
396.299,6.797,-21.243,0.000,1.494,2.915,0.293,0.239,0.859,0.044
396.306,6.797,-21.243,0.000,1.385,2.399,0.951,0.243,0.866,0.078
396.313,9.416,-27.911,0.000,0.596,-0.007,0.835,0.397,0.872,-0.034
396.319,9.615,-28.693,0.000,-1.662,-0.183,-0.079,0.507,0.882,-0.240
396.326,9.615,-28.693,0.000,2.777,-1.861,0.870,0.308,0.890,0.230
396.333,10.019,-38.443,0.000,1.886,-1.489,0.865,0.366,0.899,0.132
396.340,10.019,-38.443,0.000,-0.143,-6.253,1.599,0.457,0.908,-0.081
396.346,10.019,-39.949,0.000,2.384,-9.407,1.601,0.344,0.916,0.146
396.353,10.019,-40.461,0.000,3.798,-11.915,1.287,0.280,0.923,0.256
396.360,10.019,-40.461,0.000,4.153,-15.094,-0.745,0.264,0.929,0.239
396.366,10.019,-40.461,0.000,6.164,-16.081,-0.336,0.173,0.933,0.354
396.373,10.019,-39.442,0.000,9.905,-17.214,3.369,0.005,0.935,0.609
396.380,9.816,-39.949,0.000,10.940,-22.419,3.863,-0.051,0.935,0.602
396.387,9.816,-39.949,0.000,13.159,-28.163,1.248,-0.150,0.932,0.652
396.393,9.816,-39.949,0.000,12.971,-31.616,-0.636,-0.142,0.928,0.446
396.400,10.019,-40.978,0.000,17.495,-32.778,0.821,-0.336,0.923,0.776
396.407,10.224,-40.978,0.000,16.458,-33.877,1.362,-0.281,0.917,0.499
396.414,10.224,-40.978,0.000,17.471,-38.878,0.795,-0.326,0.910,0.471
396.420,10.430,-40.978,0.000,17.812,-40.458,3.042,-0.332,0.903,0.370
396.427,10.639,-39.949,0.000,15.708,-40.367,5.988,-0.228,0.897,0.080
396.434,10.639,-39.949,0.000,13.722,-44.962,2.604,-0.139,0.892,-0.158
396.440,10.430,-39.949,0.000,14.207,-44.671,0.392,-0.170,0.889,-0.066
396.447,10.430,-39.949,0.000,13.676,-42.959,1.177,-0.146,0.886,-0.096
396.454,10.430,-39.949,0.000,11.106,-43.221,3.472,-0.030,0.885,-0.300
396.460,10.430,-39.949,0.000,11.861,-44.499,1.062,-0.064,0.883,-0.181
396.467,10.224,-38.940,0.000,12.041,-41.817,-3.560,-0.082,0.881,-0.119
396.474,10.224,-39.442,0.000,11.739,-41.019,-6.979,-0.068,0.879,-0.140
396.481,10.224,-39.442,0.000,12.036,-41.795,-2.930,-0.082,0.877,-0.070
396.487,10.430,-38.940,0.000,12.278,-40.719,0.513,-0.083,0.877,0.010
396.494,10.430,-38.940,0.000,14.118,-41.740,0.944,-0.166,0.873,0.166
396.501,10.430,-39.442,0.000,14.667,-44.706,3.237,-0.191,0.869,0.187
396.507,10.639,-39.949,0.000,16.807,-44.604,-0.596,-0.278,0.865,0.366
396.514,11.062,-43.642,0.000,16.839,-38.464,-3.928,-0.260,0.859,0.287
396.521,11.493,-44.745,0.000,17.114,-43.430,-2.831,-0.253,0.853,0.216
396.528,11.493,-44.745,0.000,21.457,-49.519,0.466,-0.448,0.845,0.581
396.535,14.018,-45.304,0.000,17.391,-41.702,-4.310,-0.152,0.839,0.075
396.541,14.508,-45.869,0.000,15.557,-41.966,-6.335,-0.047,0.836,-0.130
396.548,14.508,-45.869,0.000,18.058,-44.142,-3.319,-0.160,0.833,0.098
396.555,14.508,-45.869,0.000,20.286,-43.255,-3.160,-0.260,0.829,0.315
396.562,14.508,-45.869,0.000,18.898,-48.681,0.291,-0.198,0.824,0.111
396.568,14.508,-45.869,0.000,19.984,-50.315,2.071,-0.246,0.818,0.142
396.575,14.508,-45.869,0.000,19.392,-45.386,-5.323,-0.220,0.813,0.055
396.582,14.508,-45.869,0.000,17.543,-49.955,-3.637,-0.137,0.809,-0.108
396.589,14.508,-45.869,0.000,19.267,-55.768,-2.196,-0.214,0.804,0.047
396.596,13.777,-44.745,0.000,19.789,-49.132,-5.203,-0.271,0.799,0.091
396.602,13.777,-44.745,0.000,21.618,-50.844,-6.344,-0.353,0.792,0.251
396.609,13.777,-44.745,0.000,24.413,-52.320,-5.133,-0.479,0.782,0.401
396.616,13.068,-44.745,0.000,27.066,-49.393,-5.471,-0.630,0.769,0.562
396.622,13.068,-44.191,0.000,26.380,-50.095,-3.995,-0.599,0.757,0.384
396.629,13.068,-44.191,0.000,31.952,-53.732,-4.247,-0.850,0.739,0.733
396.636,12.836,-44.745,0.000,35.563,-46.954,-4.301,-1.023,0.719,0.886
396.643,12.836,-44.745,0.000,36.563,-47.755,-4.981,-1.068,0.698,0.783
396.650,12.836,-44.745,0.000,39.013,-48.588,-4.838,-1.178,0.673,0.786
396.656,12.836,-45.304,0.000,42.528,-45.745,-6.575,-1.336,0.647,0.920
396.663,12.836,-45.304,0.000,37.646,-45.539,-6.142,-1.116,0.623,0.232
396.670,12.607,-44.191,0.000,37.819,-50.261,-3.660,-1.135,0.600,0.181
396.677,12.155,-44.191,0.000,36.833,-41.330,-5.331,-1.111,0.576,0.041
396.683,12.155,-44.191,0.000,33.207,-41.748,-4.483,-0.947,0.555,-0.314
396.690,10.224,-42.560,0.000,32.211,-46.597,-3.405,-0.989,0.534,-0.369
396.697,9.219,-39.442,0.000,29.636,-38.289,-7.088,-0.919,0.514,-0.510
396.703,9.219,-39.442,0.000,27.087,-42.425,-5.208,-0.804,0.497,-0.597
396.710,7.153,-30.720,0.000,24.563,-43.881,0.279,-0.783,0.480,-0.716
396.717,7.153,-30.720,0.000,20.080,-37.729,-6.432,-0.582,0.467,-0.913
396.724,6.797,-26.395,0.000,19.238,-34.488,-7.308,-0.560,0.455,-0.768
396.730,6.797,-26.395,0.000,18.412,-34.358,-6.450,-0.523,0.443,-0.671
396.737,5.089,-24.236,0.000,18.117,-32.474,-6.836,-0.586,0.431,-0.509
396.744,5.089,-23.207,0.000,16.774,-35.846,-2.376,-0.526,0.419,-0.511
396.751,4.760,-21.561,0.000,16.630,-39.741,1.254,-0.534,0.407,-0.401
396.757,4.760,-21.561,0.000,17.109,-36.962,-1.195,-0.556,0.397,-0.204
396.764,4.760,-21.561,0.000,17.203,-36.325,-2.854,-0.560,0.385,-0.146
396.771,4.760,-21.561,0.000,18.076,-37.933,-0.472,-0.599,0.373,-0.021
396.778,4.114,-20.615,0.000,20.566,-36.508,-3.716,-0.740,0.358,0.245
396.784,4.114,-20.615,0.000,18.827,-34.221,-6.407,-0.662,0.344,0.038
396.791,1.642,-18.518,0.000,20.796,-35.879,-4.595,-0.862,0.327,0.210
396.797,0.595,-16.839,0.000,23.453,-32.484,-4.035,-1.029,0.308,0.421
396.804,0.595,-16.839,0.000,24.572,-27.918,-7.000,-1.079,0.288,0.455
396.810,0.149,-10.849,0.000,26.785,-24.092,-5.852,-1.199,0.265,0.545
396.815,0.149,-10.849,0.000,28.168,-19.971,-6.068,-1.261,0.245,0.561
396.821,0.149,-10.849,0.000,27.256,-17.701,-5.285,-1.220,0.225,0.264
396.826,0.000,-8.069,0.000,26.547,-16.283,-5.842,-1.195,0.206,0.127
396.831,0.000,-8.069,0.000,25.276,-17.047,-2.172,-1.137,0.186,-0.030
396.837,0.000,-8.069,0.000,26.144,-16.812,-1.239,-1.176,0.167,0.093
396.843,0.000,-7.153,0.000,21.520,-15.734,-0.710,-0.968,0.148,-0.461
396.848,0.000,-6.974,0.000,17.604,-15.161,-0.165,-0.792,0.133,-0.778
396.854,0.000,-6.974,0.000,16.728,-13.646,-2.169,-0.753,0.119,-0.694
396.860,0.000,-6.974,0.000,13.241,-14.330,-4.319,-0.596,0.108,-0.904
396.866,0.000,-6.446,0.000,10.096,-15.815,-5.032,-0.454,0.097,-1.057
396.871,0.000,-6.446,0.000,6.312,-15.841,-3.275,-0.284,0.090,-1.229
396.877,0.000,-6.446,0.000,3.729,-18.451,-1.316,-0.168,0.087,-1.207
396.883,0.000,-5.421,0.000,1.782,-15.879,-1.208,-0.080,0.085,-1.074
396.888,0.000,-5.089,0.000,-0.634,-16.078,-1.401,0.029,0.087,-1.008
396.894,0.000,-5.089,0.000,-5.202,-14.473,-1.387,0.234,0.091,-1.206
396.900,0.000,-3.955,0.000,-9.885,-16.616,-0.833,0.445,0.098,-1.394
396.906,0.000,-3.169,0.000,-11.572,-19.352,-1.359,0.521,0.106,-1.279
396.911,0.000,-3.169,0.000,-12.362,-22.588,-1.303,0.556,0.115,-1.106
396.917,0.000,-3.169,0.000,-13.145,-23.710,-1.982,0.592,0.124,-0.990
396.923,0.000,-1.043,0.000,-11.998,-23.837,-3.433,0.540,0.133,-0.684
396.928,0.000,-1.043,0.000,-9.220,-23.045,-4.377,0.415,0.141,-0.230
396.934,0.000,-0.893,0.000,-9.537,-22.307,-4.078,0.429,0.149,-0.183
396.939,0.000,-0.893,0.000,-8.696,-21.820,-3.832,0.391,0.158,0.025
396.945,0.000,-0.893,0.000,-6.255,-22.236,-3.553,0.281,0.165,0.355
396.951,0.000,-0.893,0.000,-7.235,-21.282,-2.425,0.326,0.170,0.141
396.956,0.000,-0.744,0.000,-3.061,-20.953,-0.787,0.138,0.174,0.574
396.962,0.000,-0.744,0.000,0.035,-18.656,-2.687,-0.002,0.175,0.815
396.968,0.000,-0.744,0.000,0.402,-15.163,-3.461,-0.018,0.176,0.702
396.973,0.000,-0.744,0.000,0.093,-8.983,-4.327,-0.004,0.176,0.512
396.979,0.000,-0.744,0.000,-0.966,-6.327,-5.447,0.043,0.178,0.314
396.985,0.000,-0.744,0.000,-2.058,-6.236,-5.799,0.093,0.180,0.150
396.990,0.000,-0.595,0.000,-5.374,-6.805,-5.608,0.242,0.182,-0.361
396.995,0.000,-0.595,0.000,-9.224,-5.431,-5.537,0.415,0.187,-0.788
397.001,0.000,-0.595,0.000,-12.260,-7.209,-4.973,0.552,0.194,-1.043
397.006,0.000,-0.595,0.000,-14.304,-10.244,-3.880,0.644,0.203,-1.060
397.011,0.000,-0.446,0.000,-15.377,-13.580,-2.326,0.692,0.214,-0.966
397.017,0.000,-0.446,0.000,-17.971,-13.522,-1.957,0.809,0.226,-1.063
397.022,0.000,-0.446,0.000,-20.447,-13.786,-1.071,0.920,0.241,-1.131
397.028,0.000,-0.446,0.000,-23.103,-13.487,-1.267,1.040,0.257,-1.223
397.033,0.000,-0.446,0.000,-22.165,-13.073,-1.282,0.997,0.274,-0.847
397.039,0.000,-0.446,0.000,-21.566,-11.354,-2.521,0.970,0.292,-0.506
397.044,0.000,-0.446,0.000,-21.783,-10.353,-3.127,0.980,0.309,-0.392
397.050,0.000,-0.446,0.000,-23.435,-9.856,-4.119,1.055,0.326,-0.503
397.055,0.000,-0.446,0.000,-22.189,-9.624,-2.959,0.998,0.342,-0.307
397.061,0.000,-0.446,0.000,-21.029,-6.395,-3.606,0.946,0.358,-0.142
397.066,0.000,-0.446,0.000,-22.026,-6.203,-3.357,0.991,0.375,-0.220
397.072,0.000,-0.446,0.000,-21.143,-2.645,-2.696,0.951,0.392,-0.059
397.078,0.000,-0.446,0.000,-19.951,-0.271,-2.270,0.898,0.408,0.125
397.083,0.000,-0.446,0.000,-17.559,-0.105,-2.860,0.790,0.424,0.496
397.089,0.000,-0.446,0.000,-16.558,-2.415,-3.531,0.745,0.440,0.642
397.094,0.000,-0.446,0.000,-14.600,-4.033,-2.913,0.657,0.453,0.747
397.100,0.000,-0.446,0.000,-12.616,-5.578,-1.076,0.568,0.463,0.782
397.105,0.000,-0.446,0.000,-12.890,-5.234,0.767,0.580,0.474,0.593
397.111,0.000,-0.446,0.000,-17.222,-4.238,1.022,0.775,0.487,-0.011
397.116,0.000,-0.446,0.000,-20.470,-2.672,-1.838,0.921,0.503,-0.331
397.122,0.000,-0.446,0.000,-20.470,-2.672,-1.838,0.921,0.503,-0.331
397.127,0.000,-0.446,0.000,-20.470,-2.672,-1.838,0.921,0.503,-0.331
397.132,0.000,-0.446,0.000,-20.470,-2.672,-1.838,0.921,0.503,-0.331
397.137,0.000,-0.446,0.000,-20.470,-2.672,-1.838,0.921,0.503,-0.331
397.142,0.000,-0.446,0.000,-20.470,-2.672,-1.838,0.921,0.503,-0.331
397.147,0.000,-0.446,0.000,-20.470,-2.672,-1.838,0.921,0.503,-0.331
397.152,0.000,-0.446,0.000,-20.470,-2.672,-1.838,0.921,0.503,-0.331
397.157,0.000,-0.446,0.000,-20.470,-2.672,-1.838,0.921,0.503,-0.331
397.162,0.000,-0.446,0.000,-20.470,-2.672,-1.838,0.921,0.503,-0.331
397.167,0.000,-0.446,0.000,-20.470,-2.672,-1.838,0.921,0.503,-0.331
397.172,0.000,-0.446,0.000,-20.470,-2.672,-1.838,0.921,0.503,-0.331
397.179,0.000,-0.446,0.000,-20.470,-2.672,-1.838,0.921,0.503,-0.331
397.184,0.000,-0.446,0.000,-20.470,-2.672,-1.838,0.921,0.503,-0.331
397.189,0.000,-0.446,0.000,-20.470,-2.672,-1.838,0.921,0.503,-0.331
397.194,0.000,-0.446,0.000,-20.470,-2.672,-1.838,0.921,0.503,-0.331
397.200,0.000,-0.446,0.000,-20.470,-2.672,-1.838,0.921,0.503,-0.331
397.205,0.000,-0.446,0.000,-20.470,-2.672,-1.838,0.921,0.503,-0.331
397.210,0.000,-0.446,0.000,-20.470,-2.672,-1.838,0.921,0.503,-0.331
397.215,0.000,-0.446,0.000,-20.470,-2.672,-1.838,0.921,0.503,-0.331
397.220,0.000,-0.446,0.000,-20.470,-2.672,-1.838,0.921,0.503,-0.331
397.225,0.000,-0.446,0.000,-20.470,-2.672,-1.838,0.921,0.503,-0.331
397.230,0.000,-0.446,0.000,-20.470,-2.672,-1.838,0.921,0.503,-0.331
397.236,0.000,-0.446,0.000,-20.470,-2.672,-1.838,0.921,0.503,-0.331
397.241,0.000,-0.446,0.000,-20.470,-2.672,-1.838,0.921,0.503,-0.331
397.246,0.000,-0.446,0.000,-20.470,-2.672,-1.838,0.921,0.503,-0.331
397.251,0.000,-0.446,0.000,-20.470,-2.672,-1.838,0.921,0.503,-0.331
397.256,0.000,-0.446,0.000,-20.470,-2.672,-1.838,0.921,0.503,-0.331
397.261,0.000,-0.446,0.000,-20.470,-2.672,-1.838,0.921,0.503,-0.331
397.266,0.000,-0.446,0.000,-20.470,-2.672,-1.838,0.921,0.503,-0.331
397.272,0.000,-0.446,0.000,-20.470,-2.672,-1.838,0.921,0.503,-0.331
397.277,0.000,-0.446,0.000,-20.470,-2.672,-1.838,0.921,0.503,-0.331
397.282,0.000,-0.446,0.000,-20.470,-2.672,-1.838,0.921,0.503,-0.331
397.287,0.000,-0.446,0.000,-20.470,-2.672,-1.838,0.921,0.503,-0.331
397.292,0.000,-0.446,0.000,-20.470,-2.672,-1.838,0.921,0.503,-0.331
397.297,0.000,-0.446,0.000,-20.470,-2.672,-1.838,0.921,0.503,-0.331
397.303,0.000,-0.446,0.000,-20.470,-2.672,-1.838,0.921,0.503,-0.331
397.309,0.000,-0.446,0.000,-20.470,-2.672,-1.838,0.921,0.503,-0.331
397.315,0.000,-0.446,0.000,-20.470,-2.672,-1.838,0.921,0.503,-0.331
397.321,0.000,-0.446,0.000,-20.470,-2.672,-1.838,0.921,0.503,-0.331
397.327,0.000,-0.446,0.000,-20.470,-2.672,-1.838,0.921,0.503,-0.331
397.333,0.000,-0.446,0.000,-20.470,-2.672,-1.838,0.921,0.503,-0.331
397.339,0.000,-0.446,0.000,-20.470,-2.672,-1.838,0.921,0.503,-0.331
397.345,0.000,-0.446,0.000,-20.470,-2.672,-1.838,0.921,0.503,-0.331
397.351,0.000,-0.446,0.000,-20.470,-2.672,-1.838,0.921,0.503,-0.331
397.356,0.000,-0.446,0.000,-20.470,-2.672,-1.838,0.921,0.503,-0.331
397.363,0.000,-0.446,0.000,-20.470,-2.672,-1.838,0.921,0.503,-0.331
397.369,0.000,-0.446,0.000,-20.470,-2.672,-1.838,0.921,0.503,-0.331
397.375,0.000,-0.446,0.000,-20.470,-2.672,-1.838,0.921,0.503,-0.331
397.381,0.000,-0.446,0.000,-20.470,-2.672,-1.838,0.921,0.503,-0.331
397.387,0.000,-0.446,0.000,-20.470,-2.672,-1.838,0.921,0.503,-0.331
397.393,0.000,-0.446,0.000,-20.470,-2.672,-1.838,0.921,0.503,-0.331
397.399,0.000,-0.446,0.000,-20.470,-2.672,-1.838,0.921,0.503,-0.331
397.404,0.000,-0.446,0.000,-20.470,-2.672,-1.838,0.921,0.503,-0.331
397.411,0.000,-0.446,0.000,-20.470,-2.672,-1.838,0.921,0.503,-0.331
397.417,0.000,-0.446,0.000,-20.470,-2.672,-1.838,0.921,0.503,-0.331
397.423,0.000,-0.446,0.000,-20.470,-2.672,-1.838,0.921,0.503,-0.331
397.429,0.000,-0.446,0.000,-20.470,-2.672,-1.838,0.921,0.503,-0.331
397.435,0.000,-0.446,0.000,-20.470,-2.672,-1.838,0.921,0.503,-0.331
397.441,0.000,-0.446,0.000,-20.470,-2.672,-1.838,0.921,0.503,-0.331
397.446,0.000,-0.446,0.000,-20.470,-2.672,-1.838,0.921,0.503,-0.331
397.453,0.000,-0.446,0.000,-20.470,-2.672,-1.838,0.921,0.503,-0.331
397.459,0.000,-0.446,0.000,-20.470,-2.672,-1.838,0.921,0.503,-0.331
397.465,0.000,-0.446,0.000,-20.470,-2.672,-1.838,0.921,0.503,-0.331
397.471,0.000,-0.446,0.000,-20.470,-2.672,-1.838,0.921,0.503,-0.331
397.477,0.000,-0.446,0.000,-20.470,-2.672,-1.838,0.921,0.503,-0.331
397.483,0.000,-0.446,0.000,-20.470,-2.672,-1.838,0.921,0.503,-0.331
397.489,0.000,-0.446,0.000,-20.470,-2.672,-1.838,0.921,0.503,-0.331
397.494,0.000,-0.446,0.000,-20.470,-2.672,-1.838,0.921,0.503,-0.331
397.500,0.000,-0.446,0.000,-20.470,-2.672,-1.838,0.921,0.503,-0.331
397.506,0.000,-0.446,0.000,-20.470,-2.672,-1.838,0.921,0.503,-0.331
397.512,0.000,-0.446,0.000,-20.470,-2.672,-1.838,0.921,0.503,-0.331
397.518,0.000,-0.446,0.000,-20.470,-2.672,-1.838,0.921,0.503,-0.331
397.524,0.000,-0.446,0.000,-20.470,-2.672,-1.838,0.921,0.503,-0.331
397.531,0.000,-0.446,0.000,-20.470,-2.672,-1.838,0.921,0.503,-0.331
397.536,0.000,-0.446,0.000,-20.470,-2.672,-1.838,0.921,0.503,-0.331
397.542,0.000,-0.446,0.000,-20.470,-2.672,-1.838,0.921,0.503,-0.331
397.548,0.000,-0.446,0.000,-20.470,-2.672,-1.838,0.921,0.503,-0.331
397.554,0.000,-0.446,0.000,-20.470,-2.672,-1.838,0.921,0.503,-0.331
397.560,0.000,-0.446,0.000,-20.470,-2.672,-1.838,0.921,0.503,-0.331
397.566,0.000,-0.446,0.000,-20.470,-2.672,-1.838,0.921,0.503,-0.331
397.572,0.000,-0.446,0.000,-20.470,-2.672,-1.838,0.921,0.503,-0.331
397.578,0.000,-0.446,0.000,-20.470,-2.672,-1.838,0.921,0.503,-0.331
397.583,0.000,-0.446,0.000,-20.470,-2.672,-1.838,0.921,0.503,-0.331
397.589,0.000,-0.446,0.000,-20.470,-2.672,-1.838,0.921,0.503,-0.331
397.595,0.000,-0.446,0.000,-20.470,-2.672,-1.838,0.921,0.503,-0.331
397.601,0.000,-0.446,0.000,-20.470,-2.672,-1.838,0.921,0.503,-0.331
397.607,0.000,-0.446,0.000,-20.470,-2.672,-1.838,0.921,0.503,-0.331
397.613,0.000,-0.446,0.000,-20.470,-2.672,-1.838,0.921,0.503,-0.331
397.619,0.000,-0.446,0.000,-20.470,-2.672,-1.838,0.921,0.503,-0.331
397.624,0.000,-0.446,0.000,-20.470,-2.672,-1.838,0.921,0.503,-0.331
397.630,0.000,-0.446,0.000,-20.470,-2.672,-1.838,0.921,0.503,-0.331
397.636,0.000,-0.446,0.000,-20.470,-2.672,-1.838,0.921,0.503,-0.331
397.642,0.000,-0.446,0.000,-20.470,-2.672,-1.838,0.921,0.503,-0.331
397.648,0.000,-0.446,0.000,-20.470,-2.672,-1.838,0.921,0.503,-0.331
397.655,0.000,-0.446,0.000,-20.470,-2.672,-1.838,0.921,0.503,-0.331
397.661,0.000,-0.446,0.000,-20.470,-2.672,-1.838,0.921,0.503,-0.331
397.667,0.000,-0.446,0.000,-20.470,-2.672,-1.838,0.921,0.503,-0.331
397.672,0.000,-0.446,0.000,-20.470,-2.672,-1.838,0.921,0.503,-0.331
397.678,0.000,-0.446,0.000,-20.470,-2.672,-1.838,0.921,0.503,-0.331
397.684,0.000,-0.446,0.000,-20.470,-2.672,-1.838,0.921,0.503,-0.331
397.690,0.000,-0.446,0.000,-20.470,-2.672,-1.838,0.921,0.503,-0.331
397.696,0.000,-0.446,0.000,-20.470,-2.672,-1.838,0.921,0.503,-0.331
397.702,0.000,-0.446,0.000,-20.470,-2.672,-1.838,0.921,0.503,-0.331
397.708,0.000,-0.446,0.000,-20.470,-2.672,-1.838,0.921,0.503,-0.33